character,tag,count,chapter,novel
Annabella,N,0,1,Belinda
Annabella,C,0,1,Belinda
Annabella,I,0,1,Belinda
Annabella,A,0,1,Belinda
Annabella,DC,0,1,Belinda
Annabella,DN,0,1,Belinda
Belinda,N,49,1,Belinda
Belinda,C,10,1,Belinda
Belinda,I,29,1,Belinda
Belinda,A,30,1,Belinda
Belinda,DC,6,1,Belinda
Belinda,DN,13,1,Belinda
Bobby,N,0,1,Belinda
Bobby,C,0,1,Belinda
Bobby,I,0,1,Belinda
Bobby,A,0,1,Belinda
Bobby,DC,0,1,Belinda
Bobby,DN,0,1,Belinda
Captain Sunderland,N,0,1,Belinda
Captain Sunderland,C,0,1,Belinda
Captain Sunderland,I,0,1,Belinda
Captain Sunderland,A,0,1,Belinda
Captain Sunderland,DC,0,1,Belinda
Captain Sunderland,DN,0,1,Belinda
Champfort,N,0,1,Belinda
Champfort,C,0,1,Belinda
Champfort,I,0,1,Belinda
Champfort,A,0,1,Belinda
Champfort,DC,0,1,Belinda
Champfort,DN,0,1,Belinda
Charles,N,0,1,Belinda
Charles,C,0,1,Belinda
Charles,I,0,1,Belinda
Charles,A,0,1,Belinda
Charles,DC,0,1,Belinda
Charles,DN,0,1,Belinda
Clarence,N,0,1,Belinda
Clarence,C,0,1,Belinda
Clarence,I,0,1,Belinda
Clarence,A,0,1,Belinda
Clarence,DC,0,1,Belinda
Clarence,DN,0,1,Belinda
Clarence Hervey,N,0,1,Belinda
Clarence Hervey,C,0,1,Belinda
Clarence Hervey,I,0,1,Belinda
Clarence Hervey,A,0,1,Belinda
Clarence Hervey,DC,0,1,Belinda
Clarence Hervey,DN,0,1,Belinda
Clary,N,0,1,Belinda
Clary,C,0,1,Belinda
Clary,I,0,1,Belinda
Clary,A,0,1,Belinda
Clary,DC,0,1,Belinda
Clary,DN,0,1,Belinda
Cupid,N,0,1,Belinda
Cupid,C,0,1,Belinda
Cupid,I,0,1,Belinda
Cupid,A,0,1,Belinda
Cupid,DC,0,1,Belinda
Cupid,DN,0,1,Belinda
Damme,N,0,1,Belinda
Damme,C,0,1,Belinda
Damme,I,0,1,Belinda
Damme,A,0,1,Belinda
Damme,DC,0,1,Belinda
Damme,DN,0,1,Belinda
Doctor X----,N,0,1,Belinda
Doctor X----,C,0,1,Belinda
Doctor X----,I,0,1,Belinda
Doctor X----,A,0,1,Belinda
Doctor X----,DC,0,1,Belinda
Doctor X----,DN,0,1,Belinda
Dr. X----,N,0,1,Belinda
Dr. X----,C,0,1,Belinda
Dr. X----,I,0,1,Belinda
Dr. X----,A,0,1,Belinda
Dr. X----,DC,0,1,Belinda
Dr. X----,DN,0,1,Belinda
Edward,N,0,1,Belinda
Edward,C,0,1,Belinda
Edward,I,0,1,Belinda
Edward,A,0,1,Belinda
Edward,DC,0,1,Belinda
Edward,DN,0,1,Belinda
Fawcett,N,0,1,Belinda
Fawcett,C,0,1,Belinda
Fawcett,I,0,1,Belinda
Fawcett,A,0,1,Belinda
Fawcett,DC,0,1,Belinda
Fawcett,DN,0,1,Belinda
God,N,0,1,Belinda
God,C,0,1,Belinda
God,I,0,1,Belinda
God,A,0,1,Belinda
God,DC,0,1,Belinda
God,DN,0,1,Belinda
Harriot,N,0,1,Belinda
Harriot,C,0,1,Belinda
Harriot,I,0,1,Belinda
Harriot,A,0,1,Belinda
Harriot,DC,0,1,Belinda
Harriot,DN,0,1,Belinda
Heaven,N,0,1,Belinda
Heaven,C,0,1,Belinda
Heaven,I,0,1,Belinda
Heaven,A,0,1,Belinda
Heaven,DC,0,1,Belinda
Heaven,DN,0,1,Belinda
Helena,N,0,1,Belinda
Helena,C,0,1,Belinda
Helena,I,0,1,Belinda
Helena,A,0,1,Belinda
Helena,DC,0,1,Belinda
Helena,DN,0,1,Belinda
James,N,0,1,Belinda
James,C,0,1,Belinda
James,I,0,1,Belinda
James,A,0,1,Belinda
James,DC,0,1,Belinda
James,DN,0,1,Belinda
Jenny Mason,N,0,1,Belinda
Jenny Mason,C,0,1,Belinda
Jenny Mason,I,0,1,Belinda
Jenny Mason,A,0,1,Belinda
Jenny Mason,DC,0,1,Belinda
Jenny Mason,DN,0,1,Belinda
Joddrell,N,0,1,Belinda
Joddrell,C,0,1,Belinda
Joddrell,I,0,1,Belinda
Joddrell,A,0,1,Belinda
Joddrell,DC,0,1,Belinda
Joddrell,DN,0,1,Belinda
Jove,N,0,1,Belinda
Jove,C,0,1,Belinda
Jove,I,0,1,Belinda
Jove,A,0,1,Belinda
Jove,DC,0,1,Belinda
Jove,DN,0,1,Belinda
Juba,N,0,1,Belinda
Juba,C,0,1,Belinda
Juba,I,0,1,Belinda
Juba,A,0,1,Belinda
Juba,DC,0,1,Belinda
Juba,DN,0,1,Belinda
Lady Almeria,N,0,1,Belinda
Lady Almeria,C,0,1,Belinda
Lady Almeria,I,0,1,Belinda
Lady Almeria,A,0,1,Belinda
Lady Almeria,DC,0,1,Belinda
Lady Almeria,DN,0,1,Belinda
Lady Anne,N,1,1,Belinda
Lady Anne,C,0,1,Belinda
Lady Anne,I,0,1,Belinda
Lady Anne,A,1,1,Belinda
Lady Anne,DC,1,1,Belinda
Lady Anne,DN,0,1,Belinda
Lady Boucher,N,0,1,Belinda
Lady Boucher,C,0,1,Belinda
Lady Boucher,I,0,1,Belinda
Lady Boucher,A,0,1,Belinda
Lady Boucher,DC,0,1,Belinda
Lady Boucher,DN,0,1,Belinda
Lady Delacour,N,29,1,Belinda
Lady Delacour,C,6,1,Belinda
Lady Delacour,I,4,1,Belinda
Lady Delacour,A,12,1,Belinda
Lady Delacour,DC,7,1,Belinda
Lady Delacour,DN,1,1,Belinda
Lady Singleton,N,0,1,Belinda
Lady Singleton,C,0,1,Belinda
Lady Singleton,I,0,1,Belinda
Lady Singleton,A,0,1,Belinda
Lady Singleton,DC,0,1,Belinda
Lady Singleton,DN,0,1,Belinda
Lawless,N,0,1,Belinda
Lawless,C,0,1,Belinda
Lawless,I,0,1,Belinda
Lawless,A,0,1,Belinda
Lawless,DC,0,1,Belinda
Lawless,DN,0,1,Belinda
Lord,N,0,1,Belinda
Lord,C,0,1,Belinda
Lord,I,0,1,Belinda
Lord,A,0,1,Belinda
Lord,DC,0,1,Belinda
Lord,DN,0,1,Belinda
Lord Delacour,N,10,1,Belinda
Lord Delacour,C,1,1,Belinda
Lord Delacour,I,0,1,Belinda
Lord Delacour,A,1,1,Belinda
Lord Delacour,DC,1,1,Belinda
Lord Delacour,DN,0,1,Belinda
Lord Studley,N,0,1,Belinda
Lord Studley,C,0,1,Belinda
Lord Studley,I,0,1,Belinda
Lord Studley,A,0,1,Belinda
Lord Studley,DC,0,1,Belinda
Lord Studley,DN,0,1,Belinda
Lucy,N,0,1,Belinda
Lucy,C,0,1,Belinda
Lucy,I,0,1,Belinda
Lucy,A,0,1,Belinda
Lucy,DC,0,1,Belinda
Lucy,DN,0,1,Belinda
M. de St. Pierre,N,0,1,Belinda
M. de St. Pierre,C,0,1,Belinda
M. de St. Pierre,I,0,1,Belinda
M. de St. Pierre,A,0,1,Belinda
M. de St. Pierre,DC,0,1,Belinda
M. de St. Pierre,DN,0,1,Belinda
Mad,N,0,1,Belinda
Mad,C,0,1,Belinda
Mad,I,0,1,Belinda
Mad,A,0,1,Belinda
Mad,DC,0,1,Belinda
Mad,DN,0,1,Belinda
Mamma,N,0,1,Belinda
Mamma,C,0,1,Belinda
Mamma,I,0,1,Belinda
Mamma,A,0,1,Belinda
Mamma,DC,0,1,Belinda
Mamma,DN,0,1,Belinda
Marraton,N,0,1,Belinda
Marraton,C,0,1,Belinda
Marraton,I,0,1,Belinda
Marraton,A,0,1,Belinda
Marraton,DC,0,1,Belinda
Marraton,DN,0,1,Belinda
Marriott,N,0,1,Belinda
Marriott,C,0,1,Belinda
Marriott,I,0,1,Belinda
Marriott,A,0,1,Belinda
Marriott,DC,0,1,Belinda
Marriott,DN,0,1,Belinda
Ma’am,N,0,1,Belinda
Ma’am,C,0,1,Belinda
Ma’am,I,0,1,Belinda
Ma’am,A,0,1,Belinda
Ma’am,DC,0,1,Belinda
Ma’am,DN,0,1,Belinda
Milord,N,0,1,Belinda
Milord,C,0,1,Belinda
Milord,I,0,1,Belinda
Milord,A,0,1,Belinda
Milord,DC,0,1,Belinda
Milord,DN,0,1,Belinda
Miss Delacour,N,0,1,Belinda
Miss Delacour,C,0,1,Belinda
Miss Delacour,I,0,1,Belinda
Miss Delacour,A,0,1,Belinda
Miss Delacour,DC,0,1,Belinda
Miss Delacour,DN,0,1,Belinda
Miss Hartley,N,0,1,Belinda
Miss Hartley,C,0,1,Belinda
Miss Hartley,I,0,1,Belinda
Miss Hartley,A,0,1,Belinda
Miss Hartley,DC,0,1,Belinda
Miss Hartley,DN,0,1,Belinda
Miss Honour O’Grady,N,0,1,Belinda
Miss Honour O’Grady,C,0,1,Belinda
Miss Honour O’Grady,I,0,1,Belinda
Miss Honour O’Grady,A,0,1,Belinda
Miss Honour O’Grady,DC,0,1,Belinda
Miss Honour O’Grady,DN,0,1,Belinda
Miss Moreton,N,0,1,Belinda
Miss Moreton,C,0,1,Belinda
Miss Moreton,I,0,1,Belinda
Miss Moreton,A,0,1,Belinda
Miss Moreton,DC,0,1,Belinda
Miss Moreton,DN,0,1,Belinda
Miss Portman----,N,0,1,Belinda
Miss Portman----,C,0,1,Belinda
Miss Portman----,I,0,1,Belinda
Miss Portman----,A,0,1,Belinda
Miss Portman----,DC,0,1,Belinda
Miss Portman----,DN,0,1,Belinda
Miss St. Pierre,N,0,1,Belinda
Miss St. Pierre,C,0,1,Belinda
Miss St. Pierre,I,0,1,Belinda
Miss St. Pierre,A,0,1,Belinda
Miss St. Pierre,DC,0,1,Belinda
Miss St. Pierre,DN,0,1,Belinda
Mr. Freke,N,0,1,Belinda
Mr. Freke,C,0,1,Belinda
Mr. Freke,I,0,1,Belinda
Mr. Freke,A,0,1,Belinda
Mr. Freke,DC,0,1,Belinda
Mr. Freke,DN,0,1,Belinda
Mr. Hartley,N,0,1,Belinda
Mr. Hartley,C,0,1,Belinda
Mr. Hartley,I,0,1,Belinda
Mr. Hartley,A,0,1,Belinda
Mr. Hartley,DC,0,1,Belinda
Mr. Hartley,DN,0,1,Belinda
Mr. Hervey,N,16,1,Belinda
Mr. Hervey,C,6,1,Belinda
Mr. Hervey,I,20,1,Belinda
Mr. Hervey,A,19,1,Belinda
Mr. Hervey,DC,3,1,Belinda
Mr. Hervey,DN,9,1,Belinda
Mr. Horton,N,0,1,Belinda
Mr. Horton,C,0,1,Belinda
Mr. Horton,I,0,1,Belinda
Mr. Horton,A,0,1,Belinda
Mr. Horton,DC,0,1,Belinda
Mr. Horton,DN,0,1,Belinda
Mr. Luttridge,N,0,1,Belinda
Mr. Luttridge,C,0,1,Belinda
Mr. Luttridge,I,0,1,Belinda
Mr. Luttridge,A,0,1,Belinda
Mr. Luttridge,DC,0,1,Belinda
Mr. Luttridge,DN,0,1,Belinda
Mr. Percival,N,0,1,Belinda
Mr. Percival,C,0,1,Belinda
Mr. Percival,I,0,1,Belinda
Mr. Percival,A,0,1,Belinda
Mr. Percival,DC,0,1,Belinda
Mr. Percival,DN,0,1,Belinda
Mr. St. George,N,0,1,Belinda
Mr. St. George,C,0,1,Belinda
Mr. St. George,I,0,1,Belinda
Mr. St. George,A,0,1,Belinda
Mr. St. George,DC,0,1,Belinda
Mr. St. George,DN,0,1,Belinda
Mr. V----,N,0,1,Belinda
Mr. V----,C,0,1,Belinda
Mr. V----,I,0,1,Belinda
Mr. V----,A,0,1,Belinda
Mr. V----,DC,0,1,Belinda
Mr. V----,DN,0,1,Belinda
Mr. Vincent,N,0,1,Belinda
Mr. Vincent,C,0,1,Belinda
Mr. Vincent,I,0,1,Belinda
Mr. Vincent,A,0,1,Belinda
Mr. Vincent,DC,0,1,Belinda
Mr. Vincent,DN,0,1,Belinda
Mrs. ----,N,0,1,Belinda
Mrs. ----,C,0,1,Belinda
Mrs. ----,I,0,1,Belinda
Mrs. ----,A,0,1,Belinda
Mrs. ----,DC,0,1,Belinda
Mrs. ----,DN,0,1,Belinda
Mrs. Delacour,N,0,1,Belinda
Mrs. Delacour,C,0,1,Belinda
Mrs. Delacour,I,0,1,Belinda
Mrs. Delacour,A,0,1,Belinda
Mrs. Delacour,DC,0,1,Belinda
Mrs. Delacour,DN,0,1,Belinda
Mrs. Dumont,N,0,1,Belinda
Mrs. Dumont,C,0,1,Belinda
Mrs. Dumont,I,0,1,Belinda
Mrs. Dumont,A,0,1,Belinda
Mrs. Dumont,DC,0,1,Belinda
Mrs. Dumont,DN,0,1,Belinda
Mrs. Franks,N,0,1,Belinda
Mrs. Franks,C,0,1,Belinda
Mrs. Franks,I,0,1,Belinda
Mrs. Franks,A,0,1,Belinda
Mrs. Franks,DC,0,1,Belinda
Mrs. Franks,DN,0,1,Belinda
Mrs. Freke,N,0,1,Belinda
Mrs. Freke,C,0,1,Belinda
Mrs. Freke,I,0,1,Belinda
Mrs. Freke,A,0,1,Belinda
Mrs. Freke,DC,0,1,Belinda
Mrs. Freke,DN,0,1,Belinda
Mrs. Luttridge,N,3,1,Belinda
Mrs. Luttridge,C,0,1,Belinda
Mrs. Luttridge,I,0,1,Belinda
Mrs. Luttridge,A,0,1,Belinda
Mrs. Luttridge,DC,2,1,Belinda
Mrs. Luttridge,DN,0,1,Belinda
Mrs. Ormond,N,0,1,Belinda
Mrs. Ormond,C,0,1,Belinda
Mrs. Ormond,I,0,1,Belinda
Mrs. Ormond,A,0,1,Belinda
Mrs. Ormond,DC,0,1,Belinda
Mrs. Ormond,DN,0,1,Belinda
Mrs. Smith,N,0,1,Belinda
Mrs. Smith,C,0,1,Belinda
Mrs. Smith,I,0,1,Belinda
Mrs. Smith,A,0,1,Belinda
Mrs. Smith,DC,0,1,Belinda
Mrs. Smith,DN,0,1,Belinda
Mrs. Stanhope,N,17,1,Belinda
Mrs. Stanhope,C,10,1,Belinda
Mrs. Stanhope,I,14,1,Belinda
Mrs. Stanhope,A,9,1,Belinda
Mrs. Stanhope,DC,3,1,Belinda
Mrs. Stanhope,DN,1,1,Belinda
Mrs. Stanhope:--,N,0,1,Belinda
Mrs. Stanhope:--,C,0,1,Belinda
Mrs. Stanhope:--,I,0,1,Belinda
Mrs. Stanhope:--,A,0,1,Belinda
Mrs. Stanhope:--,DC,0,1,Belinda
Mrs. Stanhope:--,DN,0,1,Belinda
NIECE,N,0,1,Belinda
NIECE,C,0,1,Belinda
NIECE,I,0,1,Belinda
NIECE,A,0,1,Belinda
NIECE,DC,0,1,Belinda
NIECE,DN,0,1,Belinda
Paul,N,0,1,Belinda
Paul,C,0,1,Belinda
Paul,I,0,1,Belinda
Paul,A,0,1,Belinda
Paul,DC,0,1,Belinda
Paul,DN,0,1,Belinda
Percival,N,0,1,Belinda
Percival,C,0,1,Belinda
Percival,I,0,1,Belinda
Percival,A,0,1,Belinda
Percival,DC,0,1,Belinda
Percival,DN,0,1,Belinda
Petrarch,N,0,1,Belinda
Petrarch,C,0,1,Belinda
Petrarch,I,0,1,Belinda
Petrarch,A,0,1,Belinda
Petrarch,DC,0,1,Belinda
Petrarch,DN,0,1,Belinda
Queen Elizabeth,N,0,1,Belinda
Queen Elizabeth,C,0,1,Belinda
Queen Elizabeth,I,0,1,Belinda
Queen Elizabeth,A,0,1,Belinda
Queen Elizabeth,DC,0,1,Belinda
Queen Elizabeth,DN,0,1,Belinda
Rachel,N,0,1,Belinda
Rachel,C,0,1,Belinda
Rachel,I,0,1,Belinda
Rachel,A,0,1,Belinda
Rachel,DC,0,1,Belinda
Rachel,DN,0,1,Belinda
Rochfort,N,0,1,Belinda
Rochfort,C,0,1,Belinda
Rochfort,I,0,1,Belinda
Rochfort,A,0,1,Belinda
Rochfort,DC,0,1,Belinda
Rochfort,DN,0,1,Belinda
Sir Philip,N,0,1,Belinda
Sir Philip,C,0,1,Belinda
Sir Philip,I,0,1,Belinda
Sir Philip,A,0,1,Belinda
Sir Philip,DC,0,1,Belinda
Sir Philip,DN,0,1,Belinda
Solomon,N,0,1,Belinda
Solomon,C,0,1,Belinda
Solomon,I,0,1,Belinda
Solomon,A,0,1,Belinda
Solomon,DC,0,1,Belinda
Solomon,DN,0,1,Belinda
Tollemache,N,0,1,Belinda
Tollemache,C,0,1,Belinda
Tollemache,I,0,1,Belinda
Tollemache,A,0,1,Belinda
Tollemache,DC,0,1,Belinda
Tollemache,DN,0,1,Belinda
Valleton,N,0,1,Belinda
Valleton,C,0,1,Belinda
Valleton,I,0,1,Belinda
Valleton,A,0,1,Belinda
Valleton,DC,0,1,Belinda
Valleton,DN,0,1,Belinda
Virginia,N,0,1,Belinda
Virginia,C,0,1,Belinda
Virginia,I,0,1,Belinda
Virginia,A,0,1,Belinda
Virginia,DC,0,1,Belinda
Virginia,DN,0,1,Belinda
Young Vincent,N,0,1,Belinda
Young Vincent,C,0,1,Belinda
Young Vincent,I,0,1,Belinda
Young Vincent,A,0,1,Belinda
Young Vincent,DC,0,1,Belinda
Young Vincent,DN,0,1,Belinda
de Grignan,N,0,1,Belinda
de Grignan,C,0,1,Belinda
de Grignan,I,0,1,Belinda
de Grignan,A,0,1,Belinda
de Grignan,DC,0,1,Belinda
de Grignan,DN,0,1,Belinda
de Pomenars,N,0,1,Belinda
de Pomenars,C,0,1,Belinda
de Pomenars,I,0,1,Belinda
de Pomenars,A,0,1,Belinda
de Pomenars,DC,0,1,Belinda
de Pomenars,DN,0,1,Belinda
poor Lawless,N,0,1,Belinda
poor Lawless,C,0,1,Belinda
poor Lawless,I,0,1,Belinda
poor Lawless,A,0,1,Belinda
poor Lawless,DC,0,1,Belinda
poor Lawless,DN,0,1,Belinda
the Luttridges,N,0,1,Belinda
the Luttridges,C,0,1,Belinda
the Luttridges,I,0,1,Belinda
the Luttridges,A,0,1,Belinda
the Luttridges,DC,0,1,Belinda
the Luttridges,DN,0,1,Belinda
the Percivals,N,0,1,Belinda
the Percivals,C,0,1,Belinda
the Percivals,I,0,1,Belinda
the Percivals,A,0,1,Belinda
the Percivals,DC,0,1,Belinda
the Percivals,DN,0,1,Belinda
the honourable Mrs. Levit,N,0,1,Belinda
the honourable Mrs. Levit,C,0,1,Belinda
the honourable Mrs. Levit,I,0,1,Belinda
the honourable Mrs. Levit,A,0,1,Belinda
the honourable Mrs. Levit,DC,0,1,Belinda
the honourable Mrs. Levit,DN,0,1,Belinda
Annabella,N,0,2,Belinda
Annabella,C,0,2,Belinda
Annabella,I,0,2,Belinda
Annabella,A,0,2,Belinda
Annabella,DC,0,2,Belinda
Annabella,DN,0,2,Belinda
Belinda,N,67,2,Belinda
Belinda,C,23,2,Belinda
Belinda,I,39,2,Belinda
Belinda,A,39,2,Belinda
Belinda,DC,20,2,Belinda
Belinda,DN,4,2,Belinda
Bobby,N,0,2,Belinda
Bobby,C,0,2,Belinda
Bobby,I,0,2,Belinda
Bobby,A,0,2,Belinda
Bobby,DC,0,2,Belinda
Bobby,DN,0,2,Belinda
Captain Sunderland,N,0,2,Belinda
Captain Sunderland,C,0,2,Belinda
Captain Sunderland,I,0,2,Belinda
Captain Sunderland,A,0,2,Belinda
Captain Sunderland,DC,0,2,Belinda
Captain Sunderland,DN,0,2,Belinda
Champfort,N,0,2,Belinda
Champfort,C,0,2,Belinda
Champfort,I,0,2,Belinda
Champfort,A,0,2,Belinda
Champfort,DC,0,2,Belinda
Champfort,DN,0,2,Belinda
Charles,N,0,2,Belinda
Charles,C,0,2,Belinda
Charles,I,0,2,Belinda
Charles,A,0,2,Belinda
Charles,DC,0,2,Belinda
Charles,DN,0,2,Belinda
Clarence,N,0,2,Belinda
Clarence,C,0,2,Belinda
Clarence,I,0,2,Belinda
Clarence,A,0,2,Belinda
Clarence,DC,0,2,Belinda
Clarence,DN,0,2,Belinda
Clarence Hervey,N,0,2,Belinda
Clarence Hervey,C,0,2,Belinda
Clarence Hervey,I,0,2,Belinda
Clarence Hervey,A,0,2,Belinda
Clarence Hervey,DC,0,2,Belinda
Clarence Hervey,DN,0,2,Belinda
Clary,N,0,2,Belinda
Clary,C,0,2,Belinda
Clary,I,0,2,Belinda
Clary,A,0,2,Belinda
Clary,DC,0,2,Belinda
Clary,DN,0,2,Belinda
Cupid,N,0,2,Belinda
Cupid,C,0,2,Belinda
Cupid,I,0,2,Belinda
Cupid,A,0,2,Belinda
Cupid,DC,0,2,Belinda
Cupid,DN,0,2,Belinda
Damme,N,0,2,Belinda
Damme,C,0,2,Belinda
Damme,I,0,2,Belinda
Damme,A,0,2,Belinda
Damme,DC,0,2,Belinda
Damme,DN,0,2,Belinda
Doctor X----,N,0,2,Belinda
Doctor X----,C,0,2,Belinda
Doctor X----,I,0,2,Belinda
Doctor X----,A,0,2,Belinda
Doctor X----,DC,0,2,Belinda
Doctor X----,DN,0,2,Belinda
Dr. X----,N,0,2,Belinda
Dr. X----,C,0,2,Belinda
Dr. X----,I,0,2,Belinda
Dr. X----,A,0,2,Belinda
Dr. X----,DC,0,2,Belinda
Dr. X----,DN,0,2,Belinda
Edward,N,0,2,Belinda
Edward,C,0,2,Belinda
Edward,I,0,2,Belinda
Edward,A,0,2,Belinda
Edward,DC,0,2,Belinda
Edward,DN,0,2,Belinda
Fawcett,N,0,2,Belinda
Fawcett,C,0,2,Belinda
Fawcett,I,0,2,Belinda
Fawcett,A,0,2,Belinda
Fawcett,DC,0,2,Belinda
Fawcett,DN,0,2,Belinda
God,N,0,2,Belinda
God,C,0,2,Belinda
God,I,0,2,Belinda
God,A,0,2,Belinda
God,DC,0,2,Belinda
God,DN,0,2,Belinda
Harriot,N,5,2,Belinda
Harriot,C,0,2,Belinda
Harriot,I,0,2,Belinda
Harriot,A,0,2,Belinda
Harriot,DC,3,2,Belinda
Harriot,DN,0,2,Belinda
Heaven,N,0,2,Belinda
Heaven,C,0,2,Belinda
Heaven,I,0,2,Belinda
Heaven,A,0,2,Belinda
Heaven,DC,0,2,Belinda
Heaven,DN,0,2,Belinda
Helena,N,0,2,Belinda
Helena,C,0,2,Belinda
Helena,I,0,2,Belinda
Helena,A,0,2,Belinda
Helena,DC,0,2,Belinda
Helena,DN,0,2,Belinda
James,N,0,2,Belinda
James,C,0,2,Belinda
James,I,0,2,Belinda
James,A,0,2,Belinda
James,DC,0,2,Belinda
James,DN,0,2,Belinda
Jenny Mason,N,1,2,Belinda
Jenny Mason,C,0,2,Belinda
Jenny Mason,I,2,2,Belinda
Jenny Mason,A,2,2,Belinda
Jenny Mason,DC,0,2,Belinda
Jenny Mason,DN,2,2,Belinda
Joddrell,N,1,2,Belinda
Joddrell,C,0,2,Belinda
Joddrell,I,0,2,Belinda
Joddrell,A,1,2,Belinda
Joddrell,DC,0,2,Belinda
Joddrell,DN,1,2,Belinda
Jove,N,0,2,Belinda
Jove,C,0,2,Belinda
Jove,I,0,2,Belinda
Jove,A,0,2,Belinda
Jove,DC,0,2,Belinda
Jove,DN,0,2,Belinda
Juba,N,0,2,Belinda
Juba,C,0,2,Belinda
Juba,I,0,2,Belinda
Juba,A,0,2,Belinda
Juba,DC,0,2,Belinda
Juba,DN,0,2,Belinda
Lady Almeria,N,0,2,Belinda
Lady Almeria,C,0,2,Belinda
Lady Almeria,I,0,2,Belinda
Lady Almeria,A,0,2,Belinda
Lady Almeria,DC,0,2,Belinda
Lady Almeria,DN,0,2,Belinda
Lady Anne,N,0,2,Belinda
Lady Anne,C,0,2,Belinda
Lady Anne,I,0,2,Belinda
Lady Anne,A,0,2,Belinda
Lady Anne,DC,0,2,Belinda
Lady Anne,DN,0,2,Belinda
Lady Boucher,N,0,2,Belinda
Lady Boucher,C,0,2,Belinda
Lady Boucher,I,0,2,Belinda
Lady Boucher,A,0,2,Belinda
Lady Boucher,DC,0,2,Belinda
Lady Boucher,DN,0,2,Belinda
Lady Delacour,N,57,2,Belinda
Lady Delacour,C,40,2,Belinda
Lady Delacour,I,26,2,Belinda
Lady Delacour,A,41,2,Belinda
Lady Delacour,DC,10,2,Belinda
Lady Delacour,DN,4,2,Belinda
Lady Singleton,N,6,2,Belinda
Lady Singleton,C,1,2,Belinda
Lady Singleton,I,0,2,Belinda
Lady Singleton,A,0,2,Belinda
Lady Singleton,DC,0,2,Belinda
Lady Singleton,DN,0,2,Belinda
Lawless,N,0,2,Belinda
Lawless,C,0,2,Belinda
Lawless,I,0,2,Belinda
Lawless,A,0,2,Belinda
Lawless,DC,0,2,Belinda
Lawless,DN,0,2,Belinda
Lord,N,0,2,Belinda
Lord,C,0,2,Belinda
Lord,I,0,2,Belinda
Lord,A,0,2,Belinda
Lord,DC,0,2,Belinda
Lord,DN,0,2,Belinda
Lord Delacour,N,0,2,Belinda
Lord Delacour,C,0,2,Belinda
Lord Delacour,I,0,2,Belinda
Lord Delacour,A,0,2,Belinda
Lord Delacour,DC,0,2,Belinda
Lord Delacour,DN,0,2,Belinda
Lord Studley,N,0,2,Belinda
Lord Studley,C,0,2,Belinda
Lord Studley,I,0,2,Belinda
Lord Studley,A,0,2,Belinda
Lord Studley,DC,0,2,Belinda
Lord Studley,DN,0,2,Belinda
Lucy,N,0,2,Belinda
Lucy,C,0,2,Belinda
Lucy,I,0,2,Belinda
Lucy,A,0,2,Belinda
Lucy,DC,0,2,Belinda
Lucy,DN,0,2,Belinda
M. de St. Pierre,N,0,2,Belinda
M. de St. Pierre,C,0,2,Belinda
M. de St. Pierre,I,0,2,Belinda
M. de St. Pierre,A,0,2,Belinda
M. de St. Pierre,DC,0,2,Belinda
M. de St. Pierre,DN,0,2,Belinda
Mad,N,0,2,Belinda
Mad,C,0,2,Belinda
Mad,I,0,2,Belinda
Mad,A,0,2,Belinda
Mad,DC,0,2,Belinda
Mad,DN,0,2,Belinda
Mamma,N,0,2,Belinda
Mamma,C,0,2,Belinda
Mamma,I,0,2,Belinda
Mamma,A,0,2,Belinda
Mamma,DC,0,2,Belinda
Mamma,DN,0,2,Belinda
Marraton,N,0,2,Belinda
Marraton,C,0,2,Belinda
Marraton,I,0,2,Belinda
Marraton,A,0,2,Belinda
Marraton,DC,0,2,Belinda
Marraton,DN,0,2,Belinda
Marriott,N,35,2,Belinda
Marriott,C,6,2,Belinda
Marriott,I,10,2,Belinda
Marriott,A,11,2,Belinda
Marriott,DC,16,2,Belinda
Marriott,DN,3,2,Belinda
Ma’am,N,0,2,Belinda
Ma’am,C,0,2,Belinda
Ma’am,I,0,2,Belinda
Ma’am,A,0,2,Belinda
Ma’am,DC,0,2,Belinda
Ma’am,DN,0,2,Belinda
Milord,N,0,2,Belinda
Milord,C,0,2,Belinda
Milord,I,0,2,Belinda
Milord,A,0,2,Belinda
Milord,DC,0,2,Belinda
Milord,DN,0,2,Belinda
Miss Delacour,N,0,2,Belinda
Miss Delacour,C,0,2,Belinda
Miss Delacour,I,0,2,Belinda
Miss Delacour,A,0,2,Belinda
Miss Delacour,DC,0,2,Belinda
Miss Delacour,DN,0,2,Belinda
Miss Hartley,N,0,2,Belinda
Miss Hartley,C,0,2,Belinda
Miss Hartley,I,0,2,Belinda
Miss Hartley,A,0,2,Belinda
Miss Hartley,DC,0,2,Belinda
Miss Hartley,DN,0,2,Belinda
Miss Honour O’Grady,N,0,2,Belinda
Miss Honour O’Grady,C,0,2,Belinda
Miss Honour O’Grady,I,0,2,Belinda
Miss Honour O’Grady,A,0,2,Belinda
Miss Honour O’Grady,DC,0,2,Belinda
Miss Honour O’Grady,DN,0,2,Belinda
Miss Moreton,N,0,2,Belinda
Miss Moreton,C,0,2,Belinda
Miss Moreton,I,0,2,Belinda
Miss Moreton,A,0,2,Belinda
Miss Moreton,DC,0,2,Belinda
Miss Moreton,DN,0,2,Belinda
Miss Portman----,N,0,2,Belinda
Miss Portman----,C,0,2,Belinda
Miss Portman----,I,0,2,Belinda
Miss Portman----,A,0,2,Belinda
Miss Portman----,DC,0,2,Belinda
Miss Portman----,DN,0,2,Belinda
Miss St. Pierre,N,0,2,Belinda
Miss St. Pierre,C,0,2,Belinda
Miss St. Pierre,I,0,2,Belinda
Miss St. Pierre,A,0,2,Belinda
Miss St. Pierre,DC,0,2,Belinda
Miss St. Pierre,DN,0,2,Belinda
Mr. Freke,N,0,2,Belinda
Mr. Freke,C,0,2,Belinda
Mr. Freke,I,0,2,Belinda
Mr. Freke,A,0,2,Belinda
Mr. Freke,DC,0,2,Belinda
Mr. Freke,DN,0,2,Belinda
Mr. Hartley,N,0,2,Belinda
Mr. Hartley,C,0,2,Belinda
Mr. Hartley,I,0,2,Belinda
Mr. Hartley,A,0,2,Belinda
Mr. Hartley,DC,0,2,Belinda
Mr. Hartley,DN,0,2,Belinda
Mr. Hervey,N,32,2,Belinda
Mr. Hervey,C,15,2,Belinda
Mr. Hervey,I,26,2,Belinda
Mr. Hervey,A,30,2,Belinda
Mr. Hervey,DC,12,2,Belinda
Mr. Hervey,DN,5,2,Belinda
Mr. Horton,N,0,2,Belinda
Mr. Horton,C,0,2,Belinda
Mr. Horton,I,0,2,Belinda
Mr. Horton,A,0,2,Belinda
Mr. Horton,DC,0,2,Belinda
Mr. Horton,DN,0,2,Belinda
Mr. Luttridge,N,0,2,Belinda
Mr. Luttridge,C,0,2,Belinda
Mr. Luttridge,I,0,2,Belinda
Mr. Luttridge,A,0,2,Belinda
Mr. Luttridge,DC,0,2,Belinda
Mr. Luttridge,DN,0,2,Belinda
Mr. Percival,N,0,2,Belinda
Mr. Percival,C,0,2,Belinda
Mr. Percival,I,0,2,Belinda
Mr. Percival,A,0,2,Belinda
Mr. Percival,DC,0,2,Belinda
Mr. Percival,DN,0,2,Belinda
Mr. St. George,N,0,2,Belinda
Mr. St. George,C,0,2,Belinda
Mr. St. George,I,0,2,Belinda
Mr. St. George,A,0,2,Belinda
Mr. St. George,DC,0,2,Belinda
Mr. St. George,DN,0,2,Belinda
Mr. V----,N,0,2,Belinda
Mr. V----,C,0,2,Belinda
Mr. V----,I,0,2,Belinda
Mr. V----,A,0,2,Belinda
Mr. V----,DC,0,2,Belinda
Mr. V----,DN,0,2,Belinda
Mr. Vincent,N,0,2,Belinda
Mr. Vincent,C,0,2,Belinda
Mr. Vincent,I,0,2,Belinda
Mr. Vincent,A,0,2,Belinda
Mr. Vincent,DC,0,2,Belinda
Mr. Vincent,DN,0,2,Belinda
Mrs. ----,N,0,2,Belinda
Mrs. ----,C,0,2,Belinda
Mrs. ----,I,0,2,Belinda
Mrs. ----,A,0,2,Belinda
Mrs. ----,DC,0,2,Belinda
Mrs. ----,DN,0,2,Belinda
Mrs. Delacour,N,0,2,Belinda
Mrs. Delacour,C,0,2,Belinda
Mrs. Delacour,I,0,2,Belinda
Mrs. Delacour,A,0,2,Belinda
Mrs. Delacour,DC,0,2,Belinda
Mrs. Delacour,DN,0,2,Belinda
Mrs. Dumont,N,0,2,Belinda
Mrs. Dumont,C,0,2,Belinda
Mrs. Dumont,I,0,2,Belinda
Mrs. Dumont,A,0,2,Belinda
Mrs. Dumont,DC,0,2,Belinda
Mrs. Dumont,DN,0,2,Belinda
Mrs. Franks,N,0,2,Belinda
Mrs. Franks,C,0,2,Belinda
Mrs. Franks,I,0,2,Belinda
Mrs. Franks,A,0,2,Belinda
Mrs. Franks,DC,0,2,Belinda
Mrs. Franks,DN,0,2,Belinda
Mrs. Freke,N,1,2,Belinda
Mrs. Freke,C,0,2,Belinda
Mrs. Freke,I,1,2,Belinda
Mrs. Freke,A,0,2,Belinda
Mrs. Freke,DC,0,2,Belinda
Mrs. Freke,DN,0,2,Belinda
Mrs. Luttridge,N,0,2,Belinda
Mrs. Luttridge,C,0,2,Belinda
Mrs. Luttridge,I,0,2,Belinda
Mrs. Luttridge,A,0,2,Belinda
Mrs. Luttridge,DC,0,2,Belinda
Mrs. Luttridge,DN,0,2,Belinda
Mrs. Ormond,N,0,2,Belinda
Mrs. Ormond,C,0,2,Belinda
Mrs. Ormond,I,0,2,Belinda
Mrs. Ormond,A,0,2,Belinda
Mrs. Ormond,DC,0,2,Belinda
Mrs. Ormond,DN,0,2,Belinda
Mrs. Smith,N,0,2,Belinda
Mrs. Smith,C,0,2,Belinda
Mrs. Smith,I,0,2,Belinda
Mrs. Smith,A,0,2,Belinda
Mrs. Smith,DC,0,2,Belinda
Mrs. Smith,DN,0,2,Belinda
Mrs. Stanhope,N,15,2,Belinda
Mrs. Stanhope,C,0,2,Belinda
Mrs. Stanhope,I,0,2,Belinda
Mrs. Stanhope,A,4,2,Belinda
Mrs. Stanhope,DC,4,2,Belinda
Mrs. Stanhope,DN,1,2,Belinda
Mrs. Stanhope:--,N,0,2,Belinda
Mrs. Stanhope:--,C,0,2,Belinda
Mrs. Stanhope:--,I,0,2,Belinda
Mrs. Stanhope:--,A,0,2,Belinda
Mrs. Stanhope:--,DC,0,2,Belinda
Mrs. Stanhope:--,DN,0,2,Belinda
NIECE,N,0,2,Belinda
NIECE,C,0,2,Belinda
NIECE,I,0,2,Belinda
NIECE,A,0,2,Belinda
NIECE,DC,0,2,Belinda
NIECE,DN,0,2,Belinda
Paul,N,0,2,Belinda
Paul,C,0,2,Belinda
Paul,I,0,2,Belinda
Paul,A,0,2,Belinda
Paul,DC,0,2,Belinda
Paul,DN,0,2,Belinda
Percival,N,0,2,Belinda
Percival,C,0,2,Belinda
Percival,I,0,2,Belinda
Percival,A,0,2,Belinda
Percival,DC,0,2,Belinda
Percival,DN,0,2,Belinda
Petrarch,N,0,2,Belinda
Petrarch,C,0,2,Belinda
Petrarch,I,0,2,Belinda
Petrarch,A,0,2,Belinda
Petrarch,DC,0,2,Belinda
Petrarch,DN,0,2,Belinda
Queen Elizabeth,N,0,2,Belinda
Queen Elizabeth,C,0,2,Belinda
Queen Elizabeth,I,0,2,Belinda
Queen Elizabeth,A,0,2,Belinda
Queen Elizabeth,DC,0,2,Belinda
Queen Elizabeth,DN,0,2,Belinda
Rachel,N,0,2,Belinda
Rachel,C,0,2,Belinda
Rachel,I,0,2,Belinda
Rachel,A,0,2,Belinda
Rachel,DC,0,2,Belinda
Rachel,DN,0,2,Belinda
Rochfort,N,1,2,Belinda
Rochfort,C,0,2,Belinda
Rochfort,I,0,2,Belinda
Rochfort,A,0,2,Belinda
Rochfort,DC,1,2,Belinda
Rochfort,DN,0,2,Belinda
Sir Philip,N,1,2,Belinda
Sir Philip,C,2,2,Belinda
Sir Philip,I,1,2,Belinda
Sir Philip,A,0,2,Belinda
Sir Philip,DC,0,2,Belinda
Sir Philip,DN,0,2,Belinda
Solomon,N,0,2,Belinda
Solomon,C,0,2,Belinda
Solomon,I,0,2,Belinda
Solomon,A,0,2,Belinda
Solomon,DC,0,2,Belinda
Solomon,DN,0,2,Belinda
Tollemache,N,3,2,Belinda
Tollemache,C,0,2,Belinda
Tollemache,I,0,2,Belinda
Tollemache,A,1,2,Belinda
Tollemache,DC,0,2,Belinda
Tollemache,DN,1,2,Belinda
Valleton,N,2,2,Belinda
Valleton,C,0,2,Belinda
Valleton,I,0,2,Belinda
Valleton,A,2,2,Belinda
Valleton,DC,1,2,Belinda
Valleton,DN,1,2,Belinda
Virginia,N,0,2,Belinda
Virginia,C,0,2,Belinda
Virginia,I,0,2,Belinda
Virginia,A,0,2,Belinda
Virginia,DC,0,2,Belinda
Virginia,DN,0,2,Belinda
Young Vincent,N,0,2,Belinda
Young Vincent,C,0,2,Belinda
Young Vincent,I,0,2,Belinda
Young Vincent,A,0,2,Belinda
Young Vincent,DC,0,2,Belinda
Young Vincent,DN,0,2,Belinda
de Grignan,N,0,2,Belinda
de Grignan,C,0,2,Belinda
de Grignan,I,0,2,Belinda
de Grignan,A,0,2,Belinda
de Grignan,DC,0,2,Belinda
de Grignan,DN,0,2,Belinda
de Pomenars,N,0,2,Belinda
de Pomenars,C,0,2,Belinda
de Pomenars,I,0,2,Belinda
de Pomenars,A,0,2,Belinda
de Pomenars,DC,0,2,Belinda
de Pomenars,DN,0,2,Belinda
poor Lawless,N,0,2,Belinda
poor Lawless,C,0,2,Belinda
poor Lawless,I,0,2,Belinda
poor Lawless,A,0,2,Belinda
poor Lawless,DC,0,2,Belinda
poor Lawless,DN,0,2,Belinda
the Luttridges,N,0,2,Belinda
the Luttridges,C,0,2,Belinda
the Luttridges,I,0,2,Belinda
the Luttridges,A,0,2,Belinda
the Luttridges,DC,0,2,Belinda
the Luttridges,DN,0,2,Belinda
the Percivals,N,0,2,Belinda
the Percivals,C,0,2,Belinda
the Percivals,I,0,2,Belinda
the Percivals,A,0,2,Belinda
the Percivals,DC,0,2,Belinda
the Percivals,DN,0,2,Belinda
the honourable Mrs. Levit,N,1,2,Belinda
the honourable Mrs. Levit,C,0,2,Belinda
the honourable Mrs. Levit,I,0,2,Belinda
the honourable Mrs. Levit,A,0,2,Belinda
the honourable Mrs. Levit,DC,0,2,Belinda
the honourable Mrs. Levit,DN,0,2,Belinda
Annabella,N,0,3,Belinda
Annabella,C,0,3,Belinda
Annabella,I,0,3,Belinda
Annabella,A,0,3,Belinda
Annabella,DC,0,3,Belinda
Annabella,DN,0,3,Belinda
Belinda,N,5,3,Belinda
Belinda,C,0,3,Belinda
Belinda,I,7,3,Belinda
Belinda,A,6,3,Belinda
Belinda,DC,8,3,Belinda
Belinda,DN,0,3,Belinda
Bobby,N,0,3,Belinda
Bobby,C,0,3,Belinda
Bobby,I,0,3,Belinda
Bobby,A,0,3,Belinda
Bobby,DC,0,3,Belinda
Bobby,DN,0,3,Belinda
Captain Sunderland,N,0,3,Belinda
Captain Sunderland,C,0,3,Belinda
Captain Sunderland,I,0,3,Belinda
Captain Sunderland,A,0,3,Belinda
Captain Sunderland,DC,0,3,Belinda
Captain Sunderland,DN,0,3,Belinda
Champfort,N,3,3,Belinda
Champfort,C,0,3,Belinda
Champfort,I,2,3,Belinda
Champfort,A,0,3,Belinda
Champfort,DC,0,3,Belinda
Champfort,DN,0,3,Belinda
Charles,N,0,3,Belinda
Charles,C,0,3,Belinda
Charles,I,0,3,Belinda
Charles,A,0,3,Belinda
Charles,DC,0,3,Belinda
Charles,DN,0,3,Belinda
Clarence,N,0,3,Belinda
Clarence,C,0,3,Belinda
Clarence,I,0,3,Belinda
Clarence,A,0,3,Belinda
Clarence,DC,0,3,Belinda
Clarence,DN,0,3,Belinda
Clarence Hervey,N,10,3,Belinda
Clarence Hervey,C,0,3,Belinda
Clarence Hervey,I,0,3,Belinda
Clarence Hervey,A,1,3,Belinda
Clarence Hervey,DC,4,3,Belinda
Clarence Hervey,DN,0,3,Belinda
Clary,N,0,3,Belinda
Clary,C,0,3,Belinda
Clary,I,0,3,Belinda
Clary,A,0,3,Belinda
Clary,DC,0,3,Belinda
Clary,DN,0,3,Belinda
Cupid,N,0,3,Belinda
Cupid,C,0,3,Belinda
Cupid,I,0,3,Belinda
Cupid,A,0,3,Belinda
Cupid,DC,0,3,Belinda
Cupid,DN,0,3,Belinda
Damme,N,0,3,Belinda
Damme,C,0,3,Belinda
Damme,I,0,3,Belinda
Damme,A,0,3,Belinda
Damme,DC,0,3,Belinda
Damme,DN,0,3,Belinda
Doctor X----,N,0,3,Belinda
Doctor X----,C,0,3,Belinda
Doctor X----,I,0,3,Belinda
Doctor X----,A,0,3,Belinda
Doctor X----,DC,0,3,Belinda
Doctor X----,DN,0,3,Belinda
Dr. X----,N,0,3,Belinda
Dr. X----,C,0,3,Belinda
Dr. X----,I,0,3,Belinda
Dr. X----,A,0,3,Belinda
Dr. X----,DC,0,3,Belinda
Dr. X----,DN,0,3,Belinda
Edward,N,0,3,Belinda
Edward,C,0,3,Belinda
Edward,I,0,3,Belinda
Edward,A,0,3,Belinda
Edward,DC,0,3,Belinda
Edward,DN,0,3,Belinda
Fawcett,N,0,3,Belinda
Fawcett,C,0,3,Belinda
Fawcett,I,0,3,Belinda
Fawcett,A,0,3,Belinda
Fawcett,DC,0,3,Belinda
Fawcett,DN,0,3,Belinda
God,N,1,3,Belinda
God,C,0,3,Belinda
God,I,0,3,Belinda
God,A,0,3,Belinda
God,DC,1,3,Belinda
God,DN,0,3,Belinda
Harriot,N,31,3,Belinda
Harriot,C,0,3,Belinda
Harriot,I,7,3,Belinda
Harriot,A,5,3,Belinda
Harriot,DC,41,3,Belinda
Harriot,DN,0,3,Belinda
Heaven,N,0,3,Belinda
Heaven,C,0,3,Belinda
Heaven,I,0,3,Belinda
Heaven,A,0,3,Belinda
Heaven,DC,0,3,Belinda
Heaven,DN,0,3,Belinda
Helena,N,0,3,Belinda
Helena,C,0,3,Belinda
Helena,I,0,3,Belinda
Helena,A,0,3,Belinda
Helena,DC,0,3,Belinda
Helena,DN,0,3,Belinda
James,N,0,3,Belinda
James,C,0,3,Belinda
James,I,0,3,Belinda
James,A,0,3,Belinda
James,DC,0,3,Belinda
James,DN,0,3,Belinda
Jenny Mason,N,0,3,Belinda
Jenny Mason,C,0,3,Belinda
Jenny Mason,I,0,3,Belinda
Jenny Mason,A,0,3,Belinda
Jenny Mason,DC,0,3,Belinda
Jenny Mason,DN,0,3,Belinda
Joddrell,N,0,3,Belinda
Joddrell,C,0,3,Belinda
Joddrell,I,0,3,Belinda
Joddrell,A,0,3,Belinda
Joddrell,DC,0,3,Belinda
Joddrell,DN,0,3,Belinda
Jove,N,0,3,Belinda
Jove,C,0,3,Belinda
Jove,I,0,3,Belinda
Jove,A,0,3,Belinda
Jove,DC,0,3,Belinda
Jove,DN,0,3,Belinda
Juba,N,0,3,Belinda
Juba,C,0,3,Belinda
Juba,I,0,3,Belinda
Juba,A,0,3,Belinda
Juba,DC,0,3,Belinda
Juba,DN,0,3,Belinda
Lady Almeria,N,0,3,Belinda
Lady Almeria,C,0,3,Belinda
Lady Almeria,I,0,3,Belinda
Lady Almeria,A,0,3,Belinda
Lady Almeria,DC,0,3,Belinda
Lady Almeria,DN,0,3,Belinda
Lady Anne,N,0,3,Belinda
Lady Anne,C,0,3,Belinda
Lady Anne,I,0,3,Belinda
Lady Anne,A,0,3,Belinda
Lady Anne,DC,0,3,Belinda
Lady Anne,DN,0,3,Belinda
Lady Boucher,N,0,3,Belinda
Lady Boucher,C,0,3,Belinda
Lady Boucher,I,0,3,Belinda
Lady Boucher,A,0,3,Belinda
Lady Boucher,DC,0,3,Belinda
Lady Boucher,DN,0,3,Belinda
Lady Delacour,N,21,3,Belinda
Lady Delacour,C,21,3,Belinda
Lady Delacour,I,83,3,Belinda
Lady Delacour,A,126,3,Belinda
Lady Delacour,DC,2,3,Belinda
Lady Delacour,DN,0,3,Belinda
Lady Singleton,N,1,3,Belinda
Lady Singleton,C,0,3,Belinda
Lady Singleton,I,0,3,Belinda
Lady Singleton,A,0,3,Belinda
Lady Singleton,DC,1,3,Belinda
Lady Singleton,DN,0,3,Belinda
Lawless,N,23,3,Belinda
Lawless,C,0,3,Belinda
Lawless,I,4,3,Belinda
Lawless,A,11,3,Belinda
Lawless,DC,31,3,Belinda
Lawless,DN,0,3,Belinda
Lord,N,0,3,Belinda
Lord,C,0,3,Belinda
Lord,I,0,3,Belinda
Lord,A,0,3,Belinda
Lord,DC,0,3,Belinda
Lord,DN,0,3,Belinda
Lord Delacour,N,17,3,Belinda
Lord Delacour,C,0,3,Belinda
Lord Delacour,I,2,3,Belinda
Lord Delacour,A,3,3,Belinda
Lord Delacour,DC,13,3,Belinda
Lord Delacour,DN,0,3,Belinda
Lord Studley,N,0,3,Belinda
Lord Studley,C,0,3,Belinda
Lord Studley,I,0,3,Belinda
Lord Studley,A,0,3,Belinda
Lord Studley,DC,0,3,Belinda
Lord Studley,DN,0,3,Belinda
Lucy,N,0,3,Belinda
Lucy,C,0,3,Belinda
Lucy,I,0,3,Belinda
Lucy,A,0,3,Belinda
Lucy,DC,0,3,Belinda
Lucy,DN,0,3,Belinda
M. de St. Pierre,N,0,3,Belinda
M. de St. Pierre,C,0,3,Belinda
M. de St. Pierre,I,0,3,Belinda
M. de St. Pierre,A,0,3,Belinda
M. de St. Pierre,DC,0,3,Belinda
M. de St. Pierre,DN,0,3,Belinda
Mad,N,0,3,Belinda
Mad,C,0,3,Belinda
Mad,I,0,3,Belinda
Mad,A,0,3,Belinda
Mad,DC,0,3,Belinda
Mad,DN,0,3,Belinda
Mamma,N,0,3,Belinda
Mamma,C,0,3,Belinda
Mamma,I,0,3,Belinda
Mamma,A,0,3,Belinda
Mamma,DC,0,3,Belinda
Mamma,DN,0,3,Belinda
Marraton,N,0,3,Belinda
Marraton,C,0,3,Belinda
Marraton,I,0,3,Belinda
Marraton,A,0,3,Belinda
Marraton,DC,0,3,Belinda
Marraton,DN,0,3,Belinda
Marriott,N,5,3,Belinda
Marriott,C,6,3,Belinda
Marriott,I,4,3,Belinda
Marriott,A,11,3,Belinda
Marriott,DC,0,3,Belinda
Marriott,DN,1,3,Belinda
Ma’am,N,0,3,Belinda
Ma’am,C,0,3,Belinda
Ma’am,I,0,3,Belinda
Ma’am,A,0,3,Belinda
Ma’am,DC,0,3,Belinda
Ma’am,DN,0,3,Belinda
Milord,N,0,3,Belinda
Milord,C,0,3,Belinda
Milord,I,0,3,Belinda
Milord,A,0,3,Belinda
Milord,DC,0,3,Belinda
Milord,DN,0,3,Belinda
Miss Delacour,N,0,3,Belinda
Miss Delacour,C,0,3,Belinda
Miss Delacour,I,0,3,Belinda
Miss Delacour,A,0,3,Belinda
Miss Delacour,DC,0,3,Belinda
Miss Delacour,DN,0,3,Belinda
Miss Hartley,N,0,3,Belinda
Miss Hartley,C,0,3,Belinda
Miss Hartley,I,0,3,Belinda
Miss Hartley,A,0,3,Belinda
Miss Hartley,DC,0,3,Belinda
Miss Hartley,DN,0,3,Belinda
Miss Honour O’Grady,N,0,3,Belinda
Miss Honour O’Grady,C,0,3,Belinda
Miss Honour O’Grady,I,0,3,Belinda
Miss Honour O’Grady,A,0,3,Belinda
Miss Honour O’Grady,DC,0,3,Belinda
Miss Honour O’Grady,DN,0,3,Belinda
Miss Moreton,N,0,3,Belinda
Miss Moreton,C,0,3,Belinda
Miss Moreton,I,0,3,Belinda
Miss Moreton,A,0,3,Belinda
Miss Moreton,DC,0,3,Belinda
Miss Moreton,DN,0,3,Belinda
Miss Portman----,N,0,3,Belinda
Miss Portman----,C,0,3,Belinda
Miss Portman----,I,0,3,Belinda
Miss Portman----,A,0,3,Belinda
Miss Portman----,DC,0,3,Belinda
Miss Portman----,DN,0,3,Belinda
Miss St. Pierre,N,0,3,Belinda
Miss St. Pierre,C,0,3,Belinda
Miss St. Pierre,I,0,3,Belinda
Miss St. Pierre,A,0,3,Belinda
Miss St. Pierre,DC,0,3,Belinda
Miss St. Pierre,DN,0,3,Belinda
Mr. Freke,N,0,3,Belinda
Mr. Freke,C,0,3,Belinda
Mr. Freke,I,0,3,Belinda
Mr. Freke,A,0,3,Belinda
Mr. Freke,DC,0,3,Belinda
Mr. Freke,DN,0,3,Belinda
Mr. Hartley,N,0,3,Belinda
Mr. Hartley,C,0,3,Belinda
Mr. Hartley,I,0,3,Belinda
Mr. Hartley,A,0,3,Belinda
Mr. Hartley,DC,0,3,Belinda
Mr. Hartley,DN,0,3,Belinda
Mr. Hervey,N,0,3,Belinda
Mr. Hervey,C,0,3,Belinda
Mr. Hervey,I,0,3,Belinda
Mr. Hervey,A,0,3,Belinda
Mr. Hervey,DC,0,3,Belinda
Mr. Hervey,DN,0,3,Belinda
Mr. Horton,N,0,3,Belinda
Mr. Horton,C,0,3,Belinda
Mr. Horton,I,0,3,Belinda
Mr. Horton,A,0,3,Belinda
Mr. Horton,DC,0,3,Belinda
Mr. Horton,DN,0,3,Belinda
Mr. Luttridge,N,0,3,Belinda
Mr. Luttridge,C,0,3,Belinda
Mr. Luttridge,I,0,3,Belinda
Mr. Luttridge,A,0,3,Belinda
Mr. Luttridge,DC,0,3,Belinda
Mr. Luttridge,DN,0,3,Belinda
Mr. Percival,N,0,3,Belinda
Mr. Percival,C,0,3,Belinda
Mr. Percival,I,0,3,Belinda
Mr. Percival,A,0,3,Belinda
Mr. Percival,DC,0,3,Belinda
Mr. Percival,DN,0,3,Belinda
Mr. St. George,N,0,3,Belinda
Mr. St. George,C,0,3,Belinda
Mr. St. George,I,0,3,Belinda
Mr. St. George,A,0,3,Belinda
Mr. St. George,DC,0,3,Belinda
Mr. St. George,DN,0,3,Belinda
Mr. V----,N,0,3,Belinda
Mr. V----,C,0,3,Belinda
Mr. V----,I,0,3,Belinda
Mr. V----,A,0,3,Belinda
Mr. V----,DC,0,3,Belinda
Mr. V----,DN,0,3,Belinda
Mr. Vincent,N,0,3,Belinda
Mr. Vincent,C,0,3,Belinda
Mr. Vincent,I,0,3,Belinda
Mr. Vincent,A,0,3,Belinda
Mr. Vincent,DC,0,3,Belinda
Mr. Vincent,DN,0,3,Belinda
Mrs. ----,N,0,3,Belinda
Mrs. ----,C,0,3,Belinda
Mrs. ----,I,0,3,Belinda
Mrs. ----,A,0,3,Belinda
Mrs. ----,DC,0,3,Belinda
Mrs. ----,DN,0,3,Belinda
Mrs. Delacour,N,0,3,Belinda
Mrs. Delacour,C,0,3,Belinda
Mrs. Delacour,I,0,3,Belinda
Mrs. Delacour,A,0,3,Belinda
Mrs. Delacour,DC,0,3,Belinda
Mrs. Delacour,DN,0,3,Belinda
Mrs. Dumont,N,0,3,Belinda
Mrs. Dumont,C,0,3,Belinda
Mrs. Dumont,I,0,3,Belinda
Mrs. Dumont,A,0,3,Belinda
Mrs. Dumont,DC,0,3,Belinda
Mrs. Dumont,DN,0,3,Belinda
Mrs. Franks,N,6,3,Belinda
Mrs. Franks,C,2,3,Belinda
Mrs. Franks,I,0,3,Belinda
Mrs. Franks,A,5,3,Belinda
Mrs. Franks,DC,2,3,Belinda
Mrs. Franks,DN,0,3,Belinda
Mrs. Freke,N,5,3,Belinda
Mrs. Freke,C,0,3,Belinda
Mrs. Freke,I,5,3,Belinda
Mrs. Freke,A,4,3,Belinda
Mrs. Freke,DC,11,3,Belinda
Mrs. Freke,DN,0,3,Belinda
Mrs. Luttridge,N,6,3,Belinda
Mrs. Luttridge,C,0,3,Belinda
Mrs. Luttridge,I,0,3,Belinda
Mrs. Luttridge,A,1,3,Belinda
Mrs. Luttridge,DC,5,3,Belinda
Mrs. Luttridge,DN,0,3,Belinda
Mrs. Ormond,N,0,3,Belinda
Mrs. Ormond,C,0,3,Belinda
Mrs. Ormond,I,0,3,Belinda
Mrs. Ormond,A,0,3,Belinda
Mrs. Ormond,DC,0,3,Belinda
Mrs. Ormond,DN,0,3,Belinda
Mrs. Smith,N,0,3,Belinda
Mrs. Smith,C,0,3,Belinda
Mrs. Smith,I,0,3,Belinda
Mrs. Smith,A,0,3,Belinda
Mrs. Smith,DC,0,3,Belinda
Mrs. Smith,DN,0,3,Belinda
Mrs. Stanhope,N,0,3,Belinda
Mrs. Stanhope,C,0,3,Belinda
Mrs. Stanhope,I,0,3,Belinda
Mrs. Stanhope,A,0,3,Belinda
Mrs. Stanhope,DC,0,3,Belinda
Mrs. Stanhope,DN,0,3,Belinda
Mrs. Stanhope:--,N,0,3,Belinda
Mrs. Stanhope:--,C,0,3,Belinda
Mrs. Stanhope:--,I,0,3,Belinda
Mrs. Stanhope:--,A,0,3,Belinda
Mrs. Stanhope:--,DC,0,3,Belinda
Mrs. Stanhope:--,DN,0,3,Belinda
NIECE,N,0,3,Belinda
NIECE,C,0,3,Belinda
NIECE,I,0,3,Belinda
NIECE,A,0,3,Belinda
NIECE,DC,0,3,Belinda
NIECE,DN,0,3,Belinda
Paul,N,0,3,Belinda
Paul,C,0,3,Belinda
Paul,I,0,3,Belinda
Paul,A,0,3,Belinda
Paul,DC,0,3,Belinda
Paul,DN,0,3,Belinda
Percival,N,4,3,Belinda
Percival,C,0,3,Belinda
Percival,I,0,3,Belinda
Percival,A,5,3,Belinda
Percival,DC,0,3,Belinda
Percival,DN,3,3,Belinda
Petrarch,N,0,3,Belinda
Petrarch,C,0,3,Belinda
Petrarch,I,0,3,Belinda
Petrarch,A,0,3,Belinda
Petrarch,DC,0,3,Belinda
Petrarch,DN,0,3,Belinda
Queen Elizabeth,N,0,3,Belinda
Queen Elizabeth,C,0,3,Belinda
Queen Elizabeth,I,0,3,Belinda
Queen Elizabeth,A,0,3,Belinda
Queen Elizabeth,DC,0,3,Belinda
Queen Elizabeth,DN,0,3,Belinda
Rachel,N,0,3,Belinda
Rachel,C,0,3,Belinda
Rachel,I,0,3,Belinda
Rachel,A,0,3,Belinda
Rachel,DC,0,3,Belinda
Rachel,DN,0,3,Belinda
Rochfort,N,0,3,Belinda
Rochfort,C,0,3,Belinda
Rochfort,I,0,3,Belinda
Rochfort,A,0,3,Belinda
Rochfort,DC,0,3,Belinda
Rochfort,DN,0,3,Belinda
Sir Philip,N,0,3,Belinda
Sir Philip,C,0,3,Belinda
Sir Philip,I,0,3,Belinda
Sir Philip,A,0,3,Belinda
Sir Philip,DC,0,3,Belinda
Sir Philip,DN,0,3,Belinda
Solomon,N,0,3,Belinda
Solomon,C,0,3,Belinda
Solomon,I,0,3,Belinda
Solomon,A,0,3,Belinda
Solomon,DC,0,3,Belinda
Solomon,DN,0,3,Belinda
Tollemache,N,0,3,Belinda
Tollemache,C,0,3,Belinda
Tollemache,I,0,3,Belinda
Tollemache,A,0,3,Belinda
Tollemache,DC,0,3,Belinda
Tollemache,DN,0,3,Belinda
Valleton,N,0,3,Belinda
Valleton,C,0,3,Belinda
Valleton,I,0,3,Belinda
Valleton,A,0,3,Belinda
Valleton,DC,0,3,Belinda
Valleton,DN,0,3,Belinda
Virginia,N,0,3,Belinda
Virginia,C,0,3,Belinda
Virginia,I,0,3,Belinda
Virginia,A,0,3,Belinda
Virginia,DC,0,3,Belinda
Virginia,DN,0,3,Belinda
Young Vincent,N,0,3,Belinda
Young Vincent,C,0,3,Belinda
Young Vincent,I,0,3,Belinda
Young Vincent,A,0,3,Belinda
Young Vincent,DC,0,3,Belinda
Young Vincent,DN,0,3,Belinda
de Grignan,N,0,3,Belinda
de Grignan,C,0,3,Belinda
de Grignan,I,0,3,Belinda
de Grignan,A,0,3,Belinda
de Grignan,DC,0,3,Belinda
de Grignan,DN,0,3,Belinda
de Pomenars,N,0,3,Belinda
de Pomenars,C,0,3,Belinda
de Pomenars,I,0,3,Belinda
de Pomenars,A,0,3,Belinda
de Pomenars,DC,0,3,Belinda
de Pomenars,DN,0,3,Belinda
poor Lawless,N,0,3,Belinda
poor Lawless,C,0,3,Belinda
poor Lawless,I,0,3,Belinda
poor Lawless,A,0,3,Belinda
poor Lawless,DC,0,3,Belinda
poor Lawless,DN,0,3,Belinda
the Luttridges,N,0,3,Belinda
the Luttridges,C,0,3,Belinda
the Luttridges,I,0,3,Belinda
the Luttridges,A,0,3,Belinda
the Luttridges,DC,0,3,Belinda
the Luttridges,DN,0,3,Belinda
the Percivals,N,0,3,Belinda
the Percivals,C,0,3,Belinda
the Percivals,I,0,3,Belinda
the Percivals,A,0,3,Belinda
the Percivals,DC,0,3,Belinda
the Percivals,DN,0,3,Belinda
the honourable Mrs. Levit,N,0,3,Belinda
the honourable Mrs. Levit,C,0,3,Belinda
the honourable Mrs. Levit,I,0,3,Belinda
the honourable Mrs. Levit,A,0,3,Belinda
the honourable Mrs. Levit,DC,0,3,Belinda
the honourable Mrs. Levit,DN,0,3,Belinda
Annabella,N,0,4,Belinda
Annabella,C,0,4,Belinda
Annabella,I,0,4,Belinda
Annabella,A,0,4,Belinda
Annabella,DC,0,4,Belinda
Annabella,DN,0,4,Belinda
Belinda,N,3,4,Belinda
Belinda,C,0,4,Belinda
Belinda,I,1,4,Belinda
Belinda,A,1,4,Belinda
Belinda,DC,3,4,Belinda
Belinda,DN,0,4,Belinda
Bobby,N,0,4,Belinda
Bobby,C,0,4,Belinda
Bobby,I,0,4,Belinda
Bobby,A,0,4,Belinda
Bobby,DC,0,4,Belinda
Bobby,DN,0,4,Belinda
Captain Sunderland,N,0,4,Belinda
Captain Sunderland,C,0,4,Belinda
Captain Sunderland,I,0,4,Belinda
Captain Sunderland,A,0,4,Belinda
Captain Sunderland,DC,0,4,Belinda
Captain Sunderland,DN,0,4,Belinda
Champfort,N,0,4,Belinda
Champfort,C,0,4,Belinda
Champfort,I,0,4,Belinda
Champfort,A,0,4,Belinda
Champfort,DC,0,4,Belinda
Champfort,DN,0,4,Belinda
Charles,N,0,4,Belinda
Charles,C,0,4,Belinda
Charles,I,0,4,Belinda
Charles,A,0,4,Belinda
Charles,DC,0,4,Belinda
Charles,DN,0,4,Belinda
Clarence,N,0,4,Belinda
Clarence,C,0,4,Belinda
Clarence,I,0,4,Belinda
Clarence,A,0,4,Belinda
Clarence,DC,0,4,Belinda
Clarence,DN,0,4,Belinda
Clarence Hervey,N,27,4,Belinda
Clarence Hervey,C,1,4,Belinda
Clarence Hervey,I,8,4,Belinda
Clarence Hervey,A,11,4,Belinda
Clarence Hervey,DC,35,4,Belinda
Clarence Hervey,DN,0,4,Belinda
Clary,N,0,4,Belinda
Clary,C,0,4,Belinda
Clary,I,0,4,Belinda
Clary,A,0,4,Belinda
Clary,DC,0,4,Belinda
Clary,DN,0,4,Belinda
Cupid,N,0,4,Belinda
Cupid,C,0,4,Belinda
Cupid,I,0,4,Belinda
Cupid,A,0,4,Belinda
Cupid,DC,0,4,Belinda
Cupid,DN,0,4,Belinda
Damme,N,0,4,Belinda
Damme,C,0,4,Belinda
Damme,I,0,4,Belinda
Damme,A,0,4,Belinda
Damme,DC,0,4,Belinda
Damme,DN,0,4,Belinda
Doctor X----,N,0,4,Belinda
Doctor X----,C,0,4,Belinda
Doctor X----,I,0,4,Belinda
Doctor X----,A,0,4,Belinda
Doctor X----,DC,0,4,Belinda
Doctor X----,DN,0,4,Belinda
Dr. X----,N,0,4,Belinda
Dr. X----,C,0,4,Belinda
Dr. X----,I,0,4,Belinda
Dr. X----,A,0,4,Belinda
Dr. X----,DC,0,4,Belinda
Dr. X----,DN,0,4,Belinda
Edward,N,0,4,Belinda
Edward,C,0,4,Belinda
Edward,I,0,4,Belinda
Edward,A,0,4,Belinda
Edward,DC,0,4,Belinda
Edward,DN,0,4,Belinda
Fawcett,N,0,4,Belinda
Fawcett,C,0,4,Belinda
Fawcett,I,0,4,Belinda
Fawcett,A,0,4,Belinda
Fawcett,DC,0,4,Belinda
Fawcett,DN,0,4,Belinda
God,N,0,4,Belinda
God,C,0,4,Belinda
God,I,0,4,Belinda
God,A,0,4,Belinda
God,DC,0,4,Belinda
God,DN,0,4,Belinda
Harriot,N,32,4,Belinda
Harriot,C,0,4,Belinda
Harriot,I,7,4,Belinda
Harriot,A,23,4,Belinda
Harriot,DC,49,4,Belinda
Harriot,DN,0,4,Belinda
Heaven,N,0,4,Belinda
Heaven,C,0,4,Belinda
Heaven,I,0,4,Belinda
Heaven,A,0,4,Belinda
Heaven,DC,0,4,Belinda
Heaven,DN,0,4,Belinda
Helena,N,0,4,Belinda
Helena,C,0,4,Belinda
Helena,I,0,4,Belinda
Helena,A,0,4,Belinda
Helena,DC,0,4,Belinda
Helena,DN,0,4,Belinda
James,N,0,4,Belinda
James,C,0,4,Belinda
James,I,0,4,Belinda
James,A,0,4,Belinda
James,DC,0,4,Belinda
James,DN,0,4,Belinda
Jenny Mason,N,0,4,Belinda
Jenny Mason,C,0,4,Belinda
Jenny Mason,I,0,4,Belinda
Jenny Mason,A,0,4,Belinda
Jenny Mason,DC,0,4,Belinda
Jenny Mason,DN,0,4,Belinda
Joddrell,N,0,4,Belinda
Joddrell,C,0,4,Belinda
Joddrell,I,0,4,Belinda
Joddrell,A,0,4,Belinda
Joddrell,DC,0,4,Belinda
Joddrell,DN,0,4,Belinda
Jove,N,0,4,Belinda
Jove,C,0,4,Belinda
Jove,I,0,4,Belinda
Jove,A,0,4,Belinda
Jove,DC,0,4,Belinda
Jove,DN,0,4,Belinda
Juba,N,0,4,Belinda
Juba,C,0,4,Belinda
Juba,I,0,4,Belinda
Juba,A,0,4,Belinda
Juba,DC,0,4,Belinda
Juba,DN,0,4,Belinda
Lady Almeria,N,0,4,Belinda
Lady Almeria,C,0,4,Belinda
Lady Almeria,I,0,4,Belinda
Lady Almeria,A,0,4,Belinda
Lady Almeria,DC,0,4,Belinda
Lady Almeria,DN,0,4,Belinda
Lady Anne,N,2,4,Belinda
Lady Anne,C,0,4,Belinda
Lady Anne,I,0,4,Belinda
Lady Anne,A,0,4,Belinda
Lady Anne,DC,1,4,Belinda
Lady Anne,DN,0,4,Belinda
Lady Boucher,N,0,4,Belinda
Lady Boucher,C,0,4,Belinda
Lady Boucher,I,0,4,Belinda
Lady Boucher,A,0,4,Belinda
Lady Boucher,DC,0,4,Belinda
Lady Boucher,DN,0,4,Belinda
Lady Delacour,N,18,4,Belinda
Lady Delacour,C,8,4,Belinda
Lady Delacour,I,38,4,Belinda
Lady Delacour,A,39,4,Belinda
Lady Delacour,DC,11,4,Belinda
Lady Delacour,DN,0,4,Belinda
Lady Singleton,N,0,4,Belinda
Lady Singleton,C,0,4,Belinda
Lady Singleton,I,0,4,Belinda
Lady Singleton,A,0,4,Belinda
Lady Singleton,DC,0,4,Belinda
Lady Singleton,DN,0,4,Belinda
Lawless,N,3,4,Belinda
Lawless,C,0,4,Belinda
Lawless,I,0,4,Belinda
Lawless,A,0,4,Belinda
Lawless,DC,5,4,Belinda
Lawless,DN,0,4,Belinda
Lord,N,0,4,Belinda
Lord,C,0,4,Belinda
Lord,I,0,4,Belinda
Lord,A,0,4,Belinda
Lord,DC,0,4,Belinda
Lord,DN,0,4,Belinda
Lord Delacour,N,8,4,Belinda
Lord Delacour,C,0,4,Belinda
Lord Delacour,I,0,4,Belinda
Lord Delacour,A,1,4,Belinda
Lord Delacour,DC,8,4,Belinda
Lord Delacour,DN,0,4,Belinda
Lord Studley,N,0,4,Belinda
Lord Studley,C,0,4,Belinda
Lord Studley,I,0,4,Belinda
Lord Studley,A,0,4,Belinda
Lord Studley,DC,0,4,Belinda
Lord Studley,DN,0,4,Belinda
Lucy,N,0,4,Belinda
Lucy,C,0,4,Belinda
Lucy,I,0,4,Belinda
Lucy,A,0,4,Belinda
Lucy,DC,0,4,Belinda
Lucy,DN,0,4,Belinda
M. de St. Pierre,N,0,4,Belinda
M. de St. Pierre,C,0,4,Belinda
M. de St. Pierre,I,0,4,Belinda
M. de St. Pierre,A,0,4,Belinda
M. de St. Pierre,DC,0,4,Belinda
M. de St. Pierre,DN,0,4,Belinda
Mad,N,0,4,Belinda
Mad,C,0,4,Belinda
Mad,I,0,4,Belinda
Mad,A,0,4,Belinda
Mad,DC,0,4,Belinda
Mad,DN,0,4,Belinda
Mamma,N,0,4,Belinda
Mamma,C,0,4,Belinda
Mamma,I,0,4,Belinda
Mamma,A,0,4,Belinda
Mamma,DC,0,4,Belinda
Mamma,DN,0,4,Belinda
Marraton,N,0,4,Belinda
Marraton,C,0,4,Belinda
Marraton,I,0,4,Belinda
Marraton,A,0,4,Belinda
Marraton,DC,0,4,Belinda
Marraton,DN,0,4,Belinda
Marriott,N,4,4,Belinda
Marriott,C,10,4,Belinda
Marriott,I,52,4,Belinda
Marriott,A,60,4,Belinda
Marriott,DC,2,4,Belinda
Marriott,DN,0,4,Belinda
Ma’am,N,0,4,Belinda
Ma’am,C,0,4,Belinda
Ma’am,I,0,4,Belinda
Ma’am,A,0,4,Belinda
Ma’am,DC,0,4,Belinda
Ma’am,DN,0,4,Belinda
Milord,N,0,4,Belinda
Milord,C,0,4,Belinda
Milord,I,0,4,Belinda
Milord,A,0,4,Belinda
Milord,DC,0,4,Belinda
Milord,DN,0,4,Belinda
Miss Delacour,N,0,4,Belinda
Miss Delacour,C,0,4,Belinda
Miss Delacour,I,0,4,Belinda
Miss Delacour,A,0,4,Belinda
Miss Delacour,DC,0,4,Belinda
Miss Delacour,DN,0,4,Belinda
Miss Hartley,N,0,4,Belinda
Miss Hartley,C,0,4,Belinda
Miss Hartley,I,0,4,Belinda
Miss Hartley,A,0,4,Belinda
Miss Hartley,DC,0,4,Belinda
Miss Hartley,DN,0,4,Belinda
Miss Honour O’Grady,N,8,4,Belinda
Miss Honour O’Grady,C,0,4,Belinda
Miss Honour O’Grady,I,0,4,Belinda
Miss Honour O’Grady,A,0,4,Belinda
Miss Honour O’Grady,DC,8,4,Belinda
Miss Honour O’Grady,DN,0,4,Belinda
Miss Moreton,N,0,4,Belinda
Miss Moreton,C,0,4,Belinda
Miss Moreton,I,0,4,Belinda
Miss Moreton,A,0,4,Belinda
Miss Moreton,DC,0,4,Belinda
Miss Moreton,DN,0,4,Belinda
Miss Portman----,N,0,4,Belinda
Miss Portman----,C,0,4,Belinda
Miss Portman----,I,0,4,Belinda
Miss Portman----,A,0,4,Belinda
Miss Portman----,DC,0,4,Belinda
Miss Portman----,DN,0,4,Belinda
Miss St. Pierre,N,0,4,Belinda
Miss St. Pierre,C,0,4,Belinda
Miss St. Pierre,I,0,4,Belinda
Miss St. Pierre,A,0,4,Belinda
Miss St. Pierre,DC,0,4,Belinda
Miss St. Pierre,DN,0,4,Belinda
Mr. Freke,N,1,4,Belinda
Mr. Freke,C,0,4,Belinda
Mr. Freke,I,1,4,Belinda
Mr. Freke,A,3,4,Belinda
Mr. Freke,DC,7,4,Belinda
Mr. Freke,DN,0,4,Belinda
Mr. Hartley,N,0,4,Belinda
Mr. Hartley,C,0,4,Belinda
Mr. Hartley,I,0,4,Belinda
Mr. Hartley,A,0,4,Belinda
Mr. Hartley,DC,0,4,Belinda
Mr. Hartley,DN,0,4,Belinda
Mr. Hervey,N,0,4,Belinda
Mr. Hervey,C,0,4,Belinda
Mr. Hervey,I,0,4,Belinda
Mr. Hervey,A,0,4,Belinda
Mr. Hervey,DC,0,4,Belinda
Mr. Hervey,DN,0,4,Belinda
Mr. Horton,N,0,4,Belinda
Mr. Horton,C,0,4,Belinda
Mr. Horton,I,0,4,Belinda
Mr. Horton,A,0,4,Belinda
Mr. Horton,DC,0,4,Belinda
Mr. Horton,DN,0,4,Belinda
Mr. Luttridge,N,3,4,Belinda
Mr. Luttridge,C,0,4,Belinda
Mr. Luttridge,I,0,4,Belinda
Mr. Luttridge,A,1,4,Belinda
Mr. Luttridge,DC,3,4,Belinda
Mr. Luttridge,DN,0,4,Belinda
Mr. Percival,N,0,4,Belinda
Mr. Percival,C,0,4,Belinda
Mr. Percival,I,0,4,Belinda
Mr. Percival,A,0,4,Belinda
Mr. Percival,DC,0,4,Belinda
Mr. Percival,DN,0,4,Belinda
Mr. St. George,N,0,4,Belinda
Mr. St. George,C,0,4,Belinda
Mr. St. George,I,0,4,Belinda
Mr. St. George,A,0,4,Belinda
Mr. St. George,DC,0,4,Belinda
Mr. St. George,DN,0,4,Belinda
Mr. V----,N,0,4,Belinda
Mr. V----,C,0,4,Belinda
Mr. V----,I,0,4,Belinda
Mr. V----,A,0,4,Belinda
Mr. V----,DC,0,4,Belinda
Mr. V----,DN,0,4,Belinda
Mr. Vincent,N,0,4,Belinda
Mr. Vincent,C,0,4,Belinda
Mr. Vincent,I,0,4,Belinda
Mr. Vincent,A,0,4,Belinda
Mr. Vincent,DC,0,4,Belinda
Mr. Vincent,DN,0,4,Belinda
Mrs. ----,N,0,4,Belinda
Mrs. ----,C,0,4,Belinda
Mrs. ----,I,0,4,Belinda
Mrs. ----,A,0,4,Belinda
Mrs. ----,DC,0,4,Belinda
Mrs. ----,DN,0,4,Belinda
Mrs. Delacour,N,0,4,Belinda
Mrs. Delacour,C,0,4,Belinda
Mrs. Delacour,I,0,4,Belinda
Mrs. Delacour,A,0,4,Belinda
Mrs. Delacour,DC,0,4,Belinda
Mrs. Delacour,DN,0,4,Belinda
Mrs. Dumont,N,0,4,Belinda
Mrs. Dumont,C,0,4,Belinda
Mrs. Dumont,I,0,4,Belinda
Mrs. Dumont,A,0,4,Belinda
Mrs. Dumont,DC,0,4,Belinda
Mrs. Dumont,DN,0,4,Belinda
Mrs. Franks,N,0,4,Belinda
Mrs. Franks,C,0,4,Belinda
Mrs. Franks,I,0,4,Belinda
Mrs. Franks,A,0,4,Belinda
Mrs. Franks,DC,0,4,Belinda
Mrs. Franks,DN,0,4,Belinda
Mrs. Freke,N,3,4,Belinda
Mrs. Freke,C,0,4,Belinda
Mrs. Freke,I,1,4,Belinda
Mrs. Freke,A,0,4,Belinda
Mrs. Freke,DC,4,4,Belinda
Mrs. Freke,DN,0,4,Belinda
Mrs. Luttridge,N,34,4,Belinda
Mrs. Luttridge,C,0,4,Belinda
Mrs. Luttridge,I,7,4,Belinda
Mrs. Luttridge,A,8,4,Belinda
Mrs. Luttridge,DC,42,4,Belinda
Mrs. Luttridge,DN,0,4,Belinda
Mrs. Ormond,N,0,4,Belinda
Mrs. Ormond,C,0,4,Belinda
Mrs. Ormond,I,0,4,Belinda
Mrs. Ormond,A,0,4,Belinda
Mrs. Ormond,DC,0,4,Belinda
Mrs. Ormond,DN,0,4,Belinda
Mrs. Smith,N,0,4,Belinda
Mrs. Smith,C,0,4,Belinda
Mrs. Smith,I,0,4,Belinda
Mrs. Smith,A,0,4,Belinda
Mrs. Smith,DC,0,4,Belinda
Mrs. Smith,DN,0,4,Belinda
Mrs. Stanhope,N,6,4,Belinda
Mrs. Stanhope,C,0,4,Belinda
Mrs. Stanhope,I,2,4,Belinda
Mrs. Stanhope,A,6,4,Belinda
Mrs. Stanhope,DC,9,4,Belinda
Mrs. Stanhope,DN,0,4,Belinda
Mrs. Stanhope:--,N,0,4,Belinda
Mrs. Stanhope:--,C,0,4,Belinda
Mrs. Stanhope:--,I,0,4,Belinda
Mrs. Stanhope:--,A,0,4,Belinda
Mrs. Stanhope:--,DC,0,4,Belinda
Mrs. Stanhope:--,DN,0,4,Belinda
NIECE,N,0,4,Belinda
NIECE,C,0,4,Belinda
NIECE,I,0,4,Belinda
NIECE,A,0,4,Belinda
NIECE,DC,0,4,Belinda
NIECE,DN,0,4,Belinda
Paul,N,0,4,Belinda
Paul,C,0,4,Belinda
Paul,I,0,4,Belinda
Paul,A,0,4,Belinda
Paul,DC,0,4,Belinda
Paul,DN,0,4,Belinda
Percival,N,0,4,Belinda
Percival,C,0,4,Belinda
Percival,I,0,4,Belinda
Percival,A,0,4,Belinda
Percival,DC,0,4,Belinda
Percival,DN,0,4,Belinda
Petrarch,N,0,4,Belinda
Petrarch,C,0,4,Belinda
Petrarch,I,0,4,Belinda
Petrarch,A,0,4,Belinda
Petrarch,DC,0,4,Belinda
Petrarch,DN,0,4,Belinda
Queen Elizabeth,N,0,4,Belinda
Queen Elizabeth,C,0,4,Belinda
Queen Elizabeth,I,0,4,Belinda
Queen Elizabeth,A,0,4,Belinda
Queen Elizabeth,DC,0,4,Belinda
Queen Elizabeth,DN,0,4,Belinda
Rachel,N,0,4,Belinda
Rachel,C,0,4,Belinda
Rachel,I,0,4,Belinda
Rachel,A,0,4,Belinda
Rachel,DC,0,4,Belinda
Rachel,DN,0,4,Belinda
Rochfort,N,0,4,Belinda
Rochfort,C,0,4,Belinda
Rochfort,I,0,4,Belinda
Rochfort,A,0,4,Belinda
Rochfort,DC,0,4,Belinda
Rochfort,DN,0,4,Belinda
Sir Philip,N,0,4,Belinda
Sir Philip,C,0,4,Belinda
Sir Philip,I,0,4,Belinda
Sir Philip,A,0,4,Belinda
Sir Philip,DC,0,4,Belinda
Sir Philip,DN,0,4,Belinda
Solomon,N,0,4,Belinda
Solomon,C,0,4,Belinda
Solomon,I,0,4,Belinda
Solomon,A,0,4,Belinda
Solomon,DC,0,4,Belinda
Solomon,DN,0,4,Belinda
Tollemache,N,0,4,Belinda
Tollemache,C,0,4,Belinda
Tollemache,I,0,4,Belinda
Tollemache,A,0,4,Belinda
Tollemache,DC,0,4,Belinda
Tollemache,DN,0,4,Belinda
Valleton,N,0,4,Belinda
Valleton,C,0,4,Belinda
Valleton,I,0,4,Belinda
Valleton,A,0,4,Belinda
Valleton,DC,0,4,Belinda
Valleton,DN,0,4,Belinda
Virginia,N,0,4,Belinda
Virginia,C,0,4,Belinda
Virginia,I,0,4,Belinda
Virginia,A,0,4,Belinda
Virginia,DC,0,4,Belinda
Virginia,DN,0,4,Belinda
Young Vincent,N,0,4,Belinda
Young Vincent,C,0,4,Belinda
Young Vincent,I,0,4,Belinda
Young Vincent,A,0,4,Belinda
Young Vincent,DC,0,4,Belinda
Young Vincent,DN,0,4,Belinda
de Grignan,N,0,4,Belinda
de Grignan,C,0,4,Belinda
de Grignan,I,0,4,Belinda
de Grignan,A,0,4,Belinda
de Grignan,DC,0,4,Belinda
de Grignan,DN,0,4,Belinda
de Pomenars,N,0,4,Belinda
de Pomenars,C,0,4,Belinda
de Pomenars,I,0,4,Belinda
de Pomenars,A,0,4,Belinda
de Pomenars,DC,0,4,Belinda
de Pomenars,DN,0,4,Belinda
poor Lawless,N,7,4,Belinda
poor Lawless,C,0,4,Belinda
poor Lawless,I,0,4,Belinda
poor Lawless,A,0,4,Belinda
poor Lawless,DC,6,4,Belinda
poor Lawless,DN,0,4,Belinda
the Luttridges,N,4,4,Belinda
the Luttridges,C,0,4,Belinda
the Luttridges,I,0,4,Belinda
the Luttridges,A,2,4,Belinda
the Luttridges,DC,4,4,Belinda
the Luttridges,DN,0,4,Belinda
the Percivals,N,0,4,Belinda
the Percivals,C,0,4,Belinda
the Percivals,I,0,4,Belinda
the Percivals,A,0,4,Belinda
the Percivals,DC,0,4,Belinda
the Percivals,DN,0,4,Belinda
the honourable Mrs. Levit,N,0,4,Belinda
the honourable Mrs. Levit,C,0,4,Belinda
the honourable Mrs. Levit,I,0,4,Belinda
the honourable Mrs. Levit,A,0,4,Belinda
the honourable Mrs. Levit,DC,0,4,Belinda
the honourable Mrs. Levit,DN,0,4,Belinda
Annabella,N,0,5,Belinda
Annabella,C,0,5,Belinda
Annabella,I,0,5,Belinda
Annabella,A,0,5,Belinda
Annabella,DC,0,5,Belinda
Annabella,DN,0,5,Belinda
Belinda,N,42,5,Belinda
Belinda,C,4,5,Belinda
Belinda,I,7,5,Belinda
Belinda,A,22,5,Belinda
Belinda,DC,32,5,Belinda
Belinda,DN,3,5,Belinda
Bobby,N,0,5,Belinda
Bobby,C,0,5,Belinda
Bobby,I,0,5,Belinda
Bobby,A,0,5,Belinda
Bobby,DC,0,5,Belinda
Bobby,DN,0,5,Belinda
Captain Sunderland,N,0,5,Belinda
Captain Sunderland,C,0,5,Belinda
Captain Sunderland,I,0,5,Belinda
Captain Sunderland,A,0,5,Belinda
Captain Sunderland,DC,0,5,Belinda
Captain Sunderland,DN,0,5,Belinda
Champfort,N,0,5,Belinda
Champfort,C,0,5,Belinda
Champfort,I,0,5,Belinda
Champfort,A,0,5,Belinda
Champfort,DC,0,5,Belinda
Champfort,DN,0,5,Belinda
Charles,N,0,5,Belinda
Charles,C,0,5,Belinda
Charles,I,0,5,Belinda
Charles,A,0,5,Belinda
Charles,DC,0,5,Belinda
Charles,DN,0,5,Belinda
Clarence,N,3,5,Belinda
Clarence,C,4,5,Belinda
Clarence,I,1,5,Belinda
Clarence,A,0,5,Belinda
Clarence,DC,0,5,Belinda
Clarence,DN,0,5,Belinda
Clarence Hervey,N,11,5,Belinda
Clarence Hervey,C,0,5,Belinda
Clarence Hervey,I,4,5,Belinda
Clarence Hervey,A,0,5,Belinda
Clarence Hervey,DC,1,5,Belinda
Clarence Hervey,DN,1,5,Belinda
Clary,N,0,5,Belinda
Clary,C,0,5,Belinda
Clary,I,0,5,Belinda
Clary,A,0,5,Belinda
Clary,DC,0,5,Belinda
Clary,DN,0,5,Belinda
Cupid,N,0,5,Belinda
Cupid,C,0,5,Belinda
Cupid,I,0,5,Belinda
Cupid,A,0,5,Belinda
Cupid,DC,0,5,Belinda
Cupid,DN,0,5,Belinda
Damme,N,0,5,Belinda
Damme,C,0,5,Belinda
Damme,I,0,5,Belinda
Damme,A,0,5,Belinda
Damme,DC,0,5,Belinda
Damme,DN,0,5,Belinda
Doctor X----,N,0,5,Belinda
Doctor X----,C,0,5,Belinda
Doctor X----,I,0,5,Belinda
Doctor X----,A,0,5,Belinda
Doctor X----,DC,0,5,Belinda
Doctor X----,DN,0,5,Belinda
Dr. X----,N,0,5,Belinda
Dr. X----,C,0,5,Belinda
Dr. X----,I,0,5,Belinda
Dr. X----,A,0,5,Belinda
Dr. X----,DC,0,5,Belinda
Dr. X----,DN,0,5,Belinda
Edward,N,0,5,Belinda
Edward,C,0,5,Belinda
Edward,I,0,5,Belinda
Edward,A,0,5,Belinda
Edward,DC,0,5,Belinda
Edward,DN,0,5,Belinda
Fawcett,N,0,5,Belinda
Fawcett,C,0,5,Belinda
Fawcett,I,0,5,Belinda
Fawcett,A,0,5,Belinda
Fawcett,DC,0,5,Belinda
Fawcett,DN,0,5,Belinda
God,N,0,5,Belinda
God,C,0,5,Belinda
God,I,0,5,Belinda
God,A,0,5,Belinda
God,DC,0,5,Belinda
God,DN,0,5,Belinda
Harriot,N,0,5,Belinda
Harriot,C,0,5,Belinda
Harriot,I,0,5,Belinda
Harriot,A,0,5,Belinda
Harriot,DC,0,5,Belinda
Harriot,DN,0,5,Belinda
Heaven,N,2,5,Belinda
Heaven,C,0,5,Belinda
Heaven,I,0,5,Belinda
Heaven,A,0,5,Belinda
Heaven,DC,2,5,Belinda
Heaven,DN,0,5,Belinda
Helena,N,0,5,Belinda
Helena,C,0,5,Belinda
Helena,I,0,5,Belinda
Helena,A,0,5,Belinda
Helena,DC,0,5,Belinda
Helena,DN,0,5,Belinda
James,N,0,5,Belinda
James,C,0,5,Belinda
James,I,0,5,Belinda
James,A,0,5,Belinda
James,DC,0,5,Belinda
James,DN,0,5,Belinda
Jenny Mason,N,0,5,Belinda
Jenny Mason,C,0,5,Belinda
Jenny Mason,I,0,5,Belinda
Jenny Mason,A,0,5,Belinda
Jenny Mason,DC,0,5,Belinda
Jenny Mason,DN,0,5,Belinda
Joddrell,N,0,5,Belinda
Joddrell,C,0,5,Belinda
Joddrell,I,0,5,Belinda
Joddrell,A,0,5,Belinda
Joddrell,DC,0,5,Belinda
Joddrell,DN,0,5,Belinda
Jove,N,0,5,Belinda
Jove,C,0,5,Belinda
Jove,I,0,5,Belinda
Jove,A,0,5,Belinda
Jove,DC,0,5,Belinda
Jove,DN,0,5,Belinda
Juba,N,0,5,Belinda
Juba,C,0,5,Belinda
Juba,I,0,5,Belinda
Juba,A,0,5,Belinda
Juba,DC,0,5,Belinda
Juba,DN,0,5,Belinda
Lady Almeria,N,0,5,Belinda
Lady Almeria,C,0,5,Belinda
Lady Almeria,I,0,5,Belinda
Lady Almeria,A,0,5,Belinda
Lady Almeria,DC,0,5,Belinda
Lady Almeria,DN,0,5,Belinda
Lady Anne,N,0,5,Belinda
Lady Anne,C,0,5,Belinda
Lady Anne,I,0,5,Belinda
Lady Anne,A,0,5,Belinda
Lady Anne,DC,0,5,Belinda
Lady Anne,DN,0,5,Belinda
Lady Boucher,N,2,5,Belinda
Lady Boucher,C,0,5,Belinda
Lady Boucher,I,1,5,Belinda
Lady Boucher,A,1,5,Belinda
Lady Boucher,DC,1,5,Belinda
Lady Boucher,DN,0,5,Belinda
Lady Delacour,N,54,5,Belinda
Lady Delacour,C,50,5,Belinda
Lady Delacour,I,35,5,Belinda
Lady Delacour,A,39,5,Belinda
Lady Delacour,DC,11,5,Belinda
Lady Delacour,DN,9,5,Belinda
Lady Singleton,N,2,5,Belinda
Lady Singleton,C,0,5,Belinda
Lady Singleton,I,0,5,Belinda
Lady Singleton,A,0,5,Belinda
Lady Singleton,DC,1,5,Belinda
Lady Singleton,DN,0,5,Belinda
Lawless,N,0,5,Belinda
Lawless,C,0,5,Belinda
Lawless,I,0,5,Belinda
Lawless,A,0,5,Belinda
Lawless,DC,0,5,Belinda
Lawless,DN,0,5,Belinda
Lord,N,0,5,Belinda
Lord,C,0,5,Belinda
Lord,I,0,5,Belinda
Lord,A,0,5,Belinda
Lord,DC,0,5,Belinda
Lord,DN,0,5,Belinda
Lord Delacour,N,1,5,Belinda
Lord Delacour,C,0,5,Belinda
Lord Delacour,I,0,5,Belinda
Lord Delacour,A,0,5,Belinda
Lord Delacour,DC,0,5,Belinda
Lord Delacour,DN,0,5,Belinda
Lord Studley,N,0,5,Belinda
Lord Studley,C,0,5,Belinda
Lord Studley,I,0,5,Belinda
Lord Studley,A,0,5,Belinda
Lord Studley,DC,0,5,Belinda
Lord Studley,DN,0,5,Belinda
Lucy,N,0,5,Belinda
Lucy,C,0,5,Belinda
Lucy,I,0,5,Belinda
Lucy,A,0,5,Belinda
Lucy,DC,0,5,Belinda
Lucy,DN,0,5,Belinda
M. de St. Pierre,N,0,5,Belinda
M. de St. Pierre,C,0,5,Belinda
M. de St. Pierre,I,0,5,Belinda
M. de St. Pierre,A,0,5,Belinda
M. de St. Pierre,DC,0,5,Belinda
M. de St. Pierre,DN,0,5,Belinda
Mad,N,8,5,Belinda
Mad,C,0,5,Belinda
Mad,I,0,5,Belinda
Mad,A,0,5,Belinda
Mad,DC,5,5,Belinda
Mad,DN,0,5,Belinda
Mamma,N,0,5,Belinda
Mamma,C,0,5,Belinda
Mamma,I,0,5,Belinda
Mamma,A,0,5,Belinda
Mamma,DC,0,5,Belinda
Mamma,DN,0,5,Belinda
Marraton,N,0,5,Belinda
Marraton,C,0,5,Belinda
Marraton,I,0,5,Belinda
Marraton,A,0,5,Belinda
Marraton,DC,0,5,Belinda
Marraton,DN,0,5,Belinda
Marriott,N,3,5,Belinda
Marriott,C,0,5,Belinda
Marriott,I,0,5,Belinda
Marriott,A,1,5,Belinda
Marriott,DC,1,5,Belinda
Marriott,DN,0,5,Belinda
Ma’am,N,0,5,Belinda
Ma’am,C,0,5,Belinda
Ma’am,I,0,5,Belinda
Ma’am,A,0,5,Belinda
Ma’am,DC,0,5,Belinda
Ma’am,DN,0,5,Belinda
Milord,N,0,5,Belinda
Milord,C,0,5,Belinda
Milord,I,0,5,Belinda
Milord,A,0,5,Belinda
Milord,DC,0,5,Belinda
Milord,DN,0,5,Belinda
Miss Delacour,N,0,5,Belinda
Miss Delacour,C,0,5,Belinda
Miss Delacour,I,0,5,Belinda
Miss Delacour,A,0,5,Belinda
Miss Delacour,DC,0,5,Belinda
Miss Delacour,DN,0,5,Belinda
Miss Hartley,N,0,5,Belinda
Miss Hartley,C,0,5,Belinda
Miss Hartley,I,0,5,Belinda
Miss Hartley,A,0,5,Belinda
Miss Hartley,DC,0,5,Belinda
Miss Hartley,DN,0,5,Belinda
Miss Honour O’Grady,N,0,5,Belinda
Miss Honour O’Grady,C,0,5,Belinda
Miss Honour O’Grady,I,0,5,Belinda
Miss Honour O’Grady,A,0,5,Belinda
Miss Honour O’Grady,DC,0,5,Belinda
Miss Honour O’Grady,DN,0,5,Belinda
Miss Moreton,N,0,5,Belinda
Miss Moreton,C,0,5,Belinda
Miss Moreton,I,0,5,Belinda
Miss Moreton,A,0,5,Belinda
Miss Moreton,DC,0,5,Belinda
Miss Moreton,DN,0,5,Belinda
Miss Portman----,N,0,5,Belinda
Miss Portman----,C,0,5,Belinda
Miss Portman----,I,0,5,Belinda
Miss Portman----,A,0,5,Belinda
Miss Portman----,DC,0,5,Belinda
Miss Portman----,DN,0,5,Belinda
Miss St. Pierre,N,0,5,Belinda
Miss St. Pierre,C,0,5,Belinda
Miss St. Pierre,I,0,5,Belinda
Miss St. Pierre,A,0,5,Belinda
Miss St. Pierre,DC,0,5,Belinda
Miss St. Pierre,DN,0,5,Belinda
Mr. Freke,N,0,5,Belinda
Mr. Freke,C,0,5,Belinda
Mr. Freke,I,0,5,Belinda
Mr. Freke,A,0,5,Belinda
Mr. Freke,DC,0,5,Belinda
Mr. Freke,DN,0,5,Belinda
Mr. Hartley,N,0,5,Belinda
Mr. Hartley,C,0,5,Belinda
Mr. Hartley,I,0,5,Belinda
Mr. Hartley,A,0,5,Belinda
Mr. Hartley,DC,0,5,Belinda
Mr. Hartley,DN,0,5,Belinda
Mr. Hervey,N,32,5,Belinda
Mr. Hervey,C,26,5,Belinda
Mr. Hervey,I,19,5,Belinda
Mr. Hervey,A,25,5,Belinda
Mr. Hervey,DC,18,5,Belinda
Mr. Hervey,DN,2,5,Belinda
Mr. Horton,N,0,5,Belinda
Mr. Horton,C,0,5,Belinda
Mr. Horton,I,0,5,Belinda
Mr. Horton,A,0,5,Belinda
Mr. Horton,DC,0,5,Belinda
Mr. Horton,DN,0,5,Belinda
Mr. Luttridge,N,0,5,Belinda
Mr. Luttridge,C,0,5,Belinda
Mr. Luttridge,I,0,5,Belinda
Mr. Luttridge,A,0,5,Belinda
Mr. Luttridge,DC,0,5,Belinda
Mr. Luttridge,DN,0,5,Belinda
Mr. Percival,N,0,5,Belinda
Mr. Percival,C,0,5,Belinda
Mr. Percival,I,0,5,Belinda
Mr. Percival,A,0,5,Belinda
Mr. Percival,DC,0,5,Belinda
Mr. Percival,DN,0,5,Belinda
Mr. St. George,N,0,5,Belinda
Mr. St. George,C,0,5,Belinda
Mr. St. George,I,0,5,Belinda
Mr. St. George,A,0,5,Belinda
Mr. St. George,DC,0,5,Belinda
Mr. St. George,DN,0,5,Belinda
Mr. V----,N,0,5,Belinda
Mr. V----,C,0,5,Belinda
Mr. V----,I,0,5,Belinda
Mr. V----,A,0,5,Belinda
Mr. V----,DC,0,5,Belinda
Mr. V----,DN,0,5,Belinda
Mr. Vincent,N,0,5,Belinda
Mr. Vincent,C,0,5,Belinda
Mr. Vincent,I,0,5,Belinda
Mr. Vincent,A,0,5,Belinda
Mr. Vincent,DC,0,5,Belinda
Mr. Vincent,DN,0,5,Belinda
Mrs. ----,N,0,5,Belinda
Mrs. ----,C,0,5,Belinda
Mrs. ----,I,0,5,Belinda
Mrs. ----,A,0,5,Belinda
Mrs. ----,DC,0,5,Belinda
Mrs. ----,DN,0,5,Belinda
Mrs. Delacour,N,0,5,Belinda
Mrs. Delacour,C,0,5,Belinda
Mrs. Delacour,I,0,5,Belinda
Mrs. Delacour,A,0,5,Belinda
Mrs. Delacour,DC,0,5,Belinda
Mrs. Delacour,DN,0,5,Belinda
Mrs. Dumont,N,0,5,Belinda
Mrs. Dumont,C,0,5,Belinda
Mrs. Dumont,I,0,5,Belinda
Mrs. Dumont,A,0,5,Belinda
Mrs. Dumont,DC,0,5,Belinda
Mrs. Dumont,DN,0,5,Belinda
Mrs. Franks,N,5,5,Belinda
Mrs. Franks,C,1,5,Belinda
Mrs. Franks,I,1,5,Belinda
Mrs. Franks,A,8,5,Belinda
Mrs. Franks,DC,6,5,Belinda
Mrs. Franks,DN,0,5,Belinda
Mrs. Freke,N,0,5,Belinda
Mrs. Freke,C,0,5,Belinda
Mrs. Freke,I,0,5,Belinda
Mrs. Freke,A,0,5,Belinda
Mrs. Freke,DC,0,5,Belinda
Mrs. Freke,DN,0,5,Belinda
Mrs. Luttridge,N,0,5,Belinda
Mrs. Luttridge,C,0,5,Belinda
Mrs. Luttridge,I,0,5,Belinda
Mrs. Luttridge,A,0,5,Belinda
Mrs. Luttridge,DC,0,5,Belinda
Mrs. Luttridge,DN,0,5,Belinda
Mrs. Ormond,N,0,5,Belinda
Mrs. Ormond,C,0,5,Belinda
Mrs. Ormond,I,0,5,Belinda
Mrs. Ormond,A,0,5,Belinda
Mrs. Ormond,DC,0,5,Belinda
Mrs. Ormond,DN,0,5,Belinda
Mrs. Smith,N,0,5,Belinda
Mrs. Smith,C,0,5,Belinda
Mrs. Smith,I,0,5,Belinda
Mrs. Smith,A,0,5,Belinda
Mrs. Smith,DC,0,5,Belinda
Mrs. Smith,DN,0,5,Belinda
Mrs. Stanhope,N,8,5,Belinda
Mrs. Stanhope,C,1,5,Belinda
Mrs. Stanhope,I,2,5,Belinda
Mrs. Stanhope,A,0,5,Belinda
Mrs. Stanhope,DC,1,5,Belinda
Mrs. Stanhope,DN,0,5,Belinda
Mrs. Stanhope:--,N,0,5,Belinda
Mrs. Stanhope:--,C,0,5,Belinda
Mrs. Stanhope:--,I,0,5,Belinda
Mrs. Stanhope:--,A,0,5,Belinda
Mrs. Stanhope:--,DC,0,5,Belinda
Mrs. Stanhope:--,DN,0,5,Belinda
NIECE,N,0,5,Belinda
NIECE,C,0,5,Belinda
NIECE,I,0,5,Belinda
NIECE,A,0,5,Belinda
NIECE,DC,0,5,Belinda
NIECE,DN,0,5,Belinda
Paul,N,0,5,Belinda
Paul,C,0,5,Belinda
Paul,I,0,5,Belinda
Paul,A,0,5,Belinda
Paul,DC,0,5,Belinda
Paul,DN,0,5,Belinda
Percival,N,0,5,Belinda
Percival,C,0,5,Belinda
Percival,I,0,5,Belinda
Percival,A,0,5,Belinda
Percival,DC,0,5,Belinda
Percival,DN,0,5,Belinda
Petrarch,N,0,5,Belinda
Petrarch,C,0,5,Belinda
Petrarch,I,0,5,Belinda
Petrarch,A,0,5,Belinda
Petrarch,DC,0,5,Belinda
Petrarch,DN,0,5,Belinda
Queen Elizabeth,N,0,5,Belinda
Queen Elizabeth,C,0,5,Belinda
Queen Elizabeth,I,0,5,Belinda
Queen Elizabeth,A,0,5,Belinda
Queen Elizabeth,DC,0,5,Belinda
Queen Elizabeth,DN,0,5,Belinda
Rachel,N,0,5,Belinda
Rachel,C,0,5,Belinda
Rachel,I,0,5,Belinda
Rachel,A,0,5,Belinda
Rachel,DC,0,5,Belinda
Rachel,DN,0,5,Belinda
Rochfort,N,0,5,Belinda
Rochfort,C,0,5,Belinda
Rochfort,I,0,5,Belinda
Rochfort,A,0,5,Belinda
Rochfort,DC,0,5,Belinda
Rochfort,DN,0,5,Belinda
Sir Philip,N,0,5,Belinda
Sir Philip,C,0,5,Belinda
Sir Philip,I,0,5,Belinda
Sir Philip,A,0,5,Belinda
Sir Philip,DC,0,5,Belinda
Sir Philip,DN,0,5,Belinda
Solomon,N,0,5,Belinda
Solomon,C,0,5,Belinda
Solomon,I,0,5,Belinda
Solomon,A,0,5,Belinda
Solomon,DC,0,5,Belinda
Solomon,DN,0,5,Belinda
Tollemache,N,0,5,Belinda
Tollemache,C,0,5,Belinda
Tollemache,I,0,5,Belinda
Tollemache,A,0,5,Belinda
Tollemache,DC,0,5,Belinda
Tollemache,DN,0,5,Belinda
Valleton,N,0,5,Belinda
Valleton,C,0,5,Belinda
Valleton,I,0,5,Belinda
Valleton,A,0,5,Belinda
Valleton,DC,0,5,Belinda
Valleton,DN,0,5,Belinda
Virginia,N,0,5,Belinda
Virginia,C,0,5,Belinda
Virginia,I,0,5,Belinda
Virginia,A,0,5,Belinda
Virginia,DC,0,5,Belinda
Virginia,DN,0,5,Belinda
Young Vincent,N,0,5,Belinda
Young Vincent,C,0,5,Belinda
Young Vincent,I,0,5,Belinda
Young Vincent,A,0,5,Belinda
Young Vincent,DC,0,5,Belinda
Young Vincent,DN,0,5,Belinda
de Grignan,N,5,5,Belinda
de Grignan,C,0,5,Belinda
de Grignan,I,0,5,Belinda
de Grignan,A,0,5,Belinda
de Grignan,DC,3,5,Belinda
de Grignan,DN,0,5,Belinda
de Pomenars,N,8,5,Belinda
de Pomenars,C,0,5,Belinda
de Pomenars,I,2,5,Belinda
de Pomenars,A,2,5,Belinda
de Pomenars,DC,4,5,Belinda
de Pomenars,DN,2,5,Belinda
poor Lawless,N,0,5,Belinda
poor Lawless,C,0,5,Belinda
poor Lawless,I,0,5,Belinda
poor Lawless,A,0,5,Belinda
poor Lawless,DC,0,5,Belinda
poor Lawless,DN,0,5,Belinda
the Luttridges,N,0,5,Belinda
the Luttridges,C,0,5,Belinda
the Luttridges,I,0,5,Belinda
the Luttridges,A,0,5,Belinda
the Luttridges,DC,0,5,Belinda
the Luttridges,DN,0,5,Belinda
the Percivals,N,0,5,Belinda
the Percivals,C,0,5,Belinda
the Percivals,I,0,5,Belinda
the Percivals,A,0,5,Belinda
the Percivals,DC,0,5,Belinda
the Percivals,DN,0,5,Belinda
the honourable Mrs. Levit,N,0,5,Belinda
the honourable Mrs. Levit,C,0,5,Belinda
the honourable Mrs. Levit,I,0,5,Belinda
the honourable Mrs. Levit,A,0,5,Belinda
the honourable Mrs. Levit,DC,0,5,Belinda
the honourable Mrs. Levit,DN,0,5,Belinda
Annabella,N,0,6,Belinda
Annabella,C,0,6,Belinda
Annabella,I,0,6,Belinda
Annabella,A,0,6,Belinda
Annabella,DC,0,6,Belinda
Annabella,DN,0,6,Belinda
Belinda,N,39,6,Belinda
Belinda,C,24,6,Belinda
Belinda,I,42,6,Belinda
Belinda,A,41,6,Belinda
Belinda,DC,10,6,Belinda
Belinda,DN,7,6,Belinda
Bobby,N,0,6,Belinda
Bobby,C,0,6,Belinda
Bobby,I,0,6,Belinda
Bobby,A,0,6,Belinda
Bobby,DC,0,6,Belinda
Bobby,DN,0,6,Belinda
Captain Sunderland,N,0,6,Belinda
Captain Sunderland,C,0,6,Belinda
Captain Sunderland,I,0,6,Belinda
Captain Sunderland,A,0,6,Belinda
Captain Sunderland,DC,0,6,Belinda
Captain Sunderland,DN,0,6,Belinda
Champfort,N,2,6,Belinda
Champfort,C,0,6,Belinda
Champfort,I,0,6,Belinda
Champfort,A,0,6,Belinda
Champfort,DC,1,6,Belinda
Champfort,DN,0,6,Belinda
Charles,N,0,6,Belinda
Charles,C,0,6,Belinda
Charles,I,0,6,Belinda
Charles,A,0,6,Belinda
Charles,DC,0,6,Belinda
Charles,DN,0,6,Belinda
Clarence,N,0,6,Belinda
Clarence,C,0,6,Belinda
Clarence,I,0,6,Belinda
Clarence,A,0,6,Belinda
Clarence,DC,0,6,Belinda
Clarence,DN,0,6,Belinda
Clarence Hervey,N,0,6,Belinda
Clarence Hervey,C,0,6,Belinda
Clarence Hervey,I,0,6,Belinda
Clarence Hervey,A,0,6,Belinda
Clarence Hervey,DC,0,6,Belinda
Clarence Hervey,DN,0,6,Belinda
Clary,N,0,6,Belinda
Clary,C,0,6,Belinda
Clary,I,0,6,Belinda
Clary,A,0,6,Belinda
Clary,DC,0,6,Belinda
Clary,DN,0,6,Belinda
Cupid,N,1,6,Belinda
Cupid,C,0,6,Belinda
Cupid,I,0,6,Belinda
Cupid,A,0,6,Belinda
Cupid,DC,1,6,Belinda
Cupid,DN,0,6,Belinda
Damme,N,0,6,Belinda
Damme,C,0,6,Belinda
Damme,I,0,6,Belinda
Damme,A,0,6,Belinda
Damme,DC,0,6,Belinda
Damme,DN,0,6,Belinda
Doctor X----,N,0,6,Belinda
Doctor X----,C,0,6,Belinda
Doctor X----,I,0,6,Belinda
Doctor X----,A,0,6,Belinda
Doctor X----,DC,0,6,Belinda
Doctor X----,DN,0,6,Belinda
Dr. X----,N,0,6,Belinda
Dr. X----,C,0,6,Belinda
Dr. X----,I,0,6,Belinda
Dr. X----,A,0,6,Belinda
Dr. X----,DC,0,6,Belinda
Dr. X----,DN,0,6,Belinda
Edward,N,0,6,Belinda
Edward,C,0,6,Belinda
Edward,I,0,6,Belinda
Edward,A,0,6,Belinda
Edward,DC,0,6,Belinda
Edward,DN,0,6,Belinda
Fawcett,N,0,6,Belinda
Fawcett,C,0,6,Belinda
Fawcett,I,0,6,Belinda
Fawcett,A,0,6,Belinda
Fawcett,DC,0,6,Belinda
Fawcett,DN,0,6,Belinda
God,N,0,6,Belinda
God,C,0,6,Belinda
God,I,0,6,Belinda
God,A,0,6,Belinda
God,DC,0,6,Belinda
God,DN,0,6,Belinda
Harriot,N,1,6,Belinda
Harriot,C,0,6,Belinda
Harriot,I,0,6,Belinda
Harriot,A,0,6,Belinda
Harriot,DC,0,6,Belinda
Harriot,DN,0,6,Belinda
Heaven,N,0,6,Belinda
Heaven,C,0,6,Belinda
Heaven,I,0,6,Belinda
Heaven,A,0,6,Belinda
Heaven,DC,0,6,Belinda
Heaven,DN,0,6,Belinda
Helena,N,0,6,Belinda
Helena,C,0,6,Belinda
Helena,I,0,6,Belinda
Helena,A,0,6,Belinda
Helena,DC,0,6,Belinda
Helena,DN,0,6,Belinda
James,N,0,6,Belinda
James,C,0,6,Belinda
James,I,0,6,Belinda
James,A,0,6,Belinda
James,DC,0,6,Belinda
James,DN,0,6,Belinda
Jenny Mason,N,0,6,Belinda
Jenny Mason,C,0,6,Belinda
Jenny Mason,I,0,6,Belinda
Jenny Mason,A,0,6,Belinda
Jenny Mason,DC,0,6,Belinda
Jenny Mason,DN,0,6,Belinda
Joddrell,N,0,6,Belinda
Joddrell,C,0,6,Belinda
Joddrell,I,0,6,Belinda
Joddrell,A,0,6,Belinda
Joddrell,DC,0,6,Belinda
Joddrell,DN,0,6,Belinda
Jove,N,0,6,Belinda
Jove,C,0,6,Belinda
Jove,I,0,6,Belinda
Jove,A,0,6,Belinda
Jove,DC,0,6,Belinda
Jove,DN,0,6,Belinda
Juba,N,0,6,Belinda
Juba,C,0,6,Belinda
Juba,I,0,6,Belinda
Juba,A,0,6,Belinda
Juba,DC,0,6,Belinda
Juba,DN,0,6,Belinda
Lady Almeria,N,0,6,Belinda
Lady Almeria,C,0,6,Belinda
Lady Almeria,I,0,6,Belinda
Lady Almeria,A,0,6,Belinda
Lady Almeria,DC,0,6,Belinda
Lady Almeria,DN,0,6,Belinda
Lady Anne,N,0,6,Belinda
Lady Anne,C,0,6,Belinda
Lady Anne,I,0,6,Belinda
Lady Anne,A,0,6,Belinda
Lady Anne,DC,0,6,Belinda
Lady Anne,DN,0,6,Belinda
Lady Boucher,N,0,6,Belinda
Lady Boucher,C,0,6,Belinda
Lady Boucher,I,0,6,Belinda
Lady Boucher,A,0,6,Belinda
Lady Boucher,DC,0,6,Belinda
Lady Boucher,DN,0,6,Belinda
Lady Delacour,N,22,6,Belinda
Lady Delacour,C,15,6,Belinda
Lady Delacour,I,16,6,Belinda
Lady Delacour,A,18,6,Belinda
Lady Delacour,DC,11,6,Belinda
Lady Delacour,DN,0,6,Belinda
Lady Singleton,N,1,6,Belinda
Lady Singleton,C,0,6,Belinda
Lady Singleton,I,0,6,Belinda
Lady Singleton,A,0,6,Belinda
Lady Singleton,DC,0,6,Belinda
Lady Singleton,DN,0,6,Belinda
Lawless,N,1,6,Belinda
Lawless,C,0,6,Belinda
Lawless,I,0,6,Belinda
Lawless,A,0,6,Belinda
Lawless,DC,0,6,Belinda
Lawless,DN,0,6,Belinda
Lord,N,0,6,Belinda
Lord,C,0,6,Belinda
Lord,I,0,6,Belinda
Lord,A,0,6,Belinda
Lord,DC,0,6,Belinda
Lord,DN,0,6,Belinda
Lord Delacour,N,5,6,Belinda
Lord Delacour,C,0,6,Belinda
Lord Delacour,I,0,6,Belinda
Lord Delacour,A,2,6,Belinda
Lord Delacour,DC,3,6,Belinda
Lord Delacour,DN,0,6,Belinda
Lord Studley,N,0,6,Belinda
Lord Studley,C,0,6,Belinda
Lord Studley,I,0,6,Belinda
Lord Studley,A,0,6,Belinda
Lord Studley,DC,0,6,Belinda
Lord Studley,DN,0,6,Belinda
Lucy,N,0,6,Belinda
Lucy,C,0,6,Belinda
Lucy,I,0,6,Belinda
Lucy,A,0,6,Belinda
Lucy,DC,0,6,Belinda
Lucy,DN,0,6,Belinda
M. de St. Pierre,N,0,6,Belinda
M. de St. Pierre,C,0,6,Belinda
M. de St. Pierre,I,0,6,Belinda
M. de St. Pierre,A,0,6,Belinda
M. de St. Pierre,DC,0,6,Belinda
M. de St. Pierre,DN,0,6,Belinda
Mad,N,0,6,Belinda
Mad,C,0,6,Belinda
Mad,I,0,6,Belinda
Mad,A,0,6,Belinda
Mad,DC,0,6,Belinda
Mad,DN,0,6,Belinda
Mamma,N,0,6,Belinda
Mamma,C,0,6,Belinda
Mamma,I,0,6,Belinda
Mamma,A,0,6,Belinda
Mamma,DC,0,6,Belinda
Mamma,DN,0,6,Belinda
Marraton,N,0,6,Belinda
Marraton,C,0,6,Belinda
Marraton,I,0,6,Belinda
Marraton,A,0,6,Belinda
Marraton,DC,0,6,Belinda
Marraton,DN,0,6,Belinda
Marriott,N,0,6,Belinda
Marriott,C,0,6,Belinda
Marriott,I,0,6,Belinda
Marriott,A,0,6,Belinda
Marriott,DC,0,6,Belinda
Marriott,DN,0,6,Belinda
Ma’am,N,0,6,Belinda
Ma’am,C,0,6,Belinda
Ma’am,I,0,6,Belinda
Ma’am,A,0,6,Belinda
Ma’am,DC,0,6,Belinda
Ma’am,DN,0,6,Belinda
Milord,N,0,6,Belinda
Milord,C,0,6,Belinda
Milord,I,0,6,Belinda
Milord,A,0,6,Belinda
Milord,DC,0,6,Belinda
Milord,DN,0,6,Belinda
Miss Delacour,N,0,6,Belinda
Miss Delacour,C,0,6,Belinda
Miss Delacour,I,0,6,Belinda
Miss Delacour,A,0,6,Belinda
Miss Delacour,DC,0,6,Belinda
Miss Delacour,DN,0,6,Belinda
Miss Hartley,N,0,6,Belinda
Miss Hartley,C,0,6,Belinda
Miss Hartley,I,0,6,Belinda
Miss Hartley,A,0,6,Belinda
Miss Hartley,DC,0,6,Belinda
Miss Hartley,DN,0,6,Belinda
Miss Honour O’Grady,N,0,6,Belinda
Miss Honour O’Grady,C,0,6,Belinda
Miss Honour O’Grady,I,0,6,Belinda
Miss Honour O’Grady,A,0,6,Belinda
Miss Honour O’Grady,DC,0,6,Belinda
Miss Honour O’Grady,DN,0,6,Belinda
Miss Moreton,N,0,6,Belinda
Miss Moreton,C,0,6,Belinda
Miss Moreton,I,0,6,Belinda
Miss Moreton,A,0,6,Belinda
Miss Moreton,DC,0,6,Belinda
Miss Moreton,DN,0,6,Belinda
Miss Portman----,N,0,6,Belinda
Miss Portman----,C,0,6,Belinda
Miss Portman----,I,0,6,Belinda
Miss Portman----,A,0,6,Belinda
Miss Portman----,DC,0,6,Belinda
Miss Portman----,DN,0,6,Belinda
Miss St. Pierre,N,0,6,Belinda
Miss St. Pierre,C,0,6,Belinda
Miss St. Pierre,I,0,6,Belinda
Miss St. Pierre,A,0,6,Belinda
Miss St. Pierre,DC,0,6,Belinda
Miss St. Pierre,DN,0,6,Belinda
Mr. Freke,N,0,6,Belinda
Mr. Freke,C,0,6,Belinda
Mr. Freke,I,0,6,Belinda
Mr. Freke,A,0,6,Belinda
Mr. Freke,DC,0,6,Belinda
Mr. Freke,DN,0,6,Belinda
Mr. Hartley,N,0,6,Belinda
Mr. Hartley,C,0,6,Belinda
Mr. Hartley,I,0,6,Belinda
Mr. Hartley,A,0,6,Belinda
Mr. Hartley,DC,0,6,Belinda
Mr. Hartley,DN,0,6,Belinda
Mr. Hervey,N,30,6,Belinda
Mr. Hervey,C,0,6,Belinda
Mr. Hervey,I,7,6,Belinda
Mr. Hervey,A,9,6,Belinda
Mr. Hervey,DC,21,6,Belinda
Mr. Hervey,DN,3,6,Belinda
Mr. Horton,N,0,6,Belinda
Mr. Horton,C,0,6,Belinda
Mr. Horton,I,0,6,Belinda
Mr. Horton,A,0,6,Belinda
Mr. Horton,DC,0,6,Belinda
Mr. Horton,DN,0,6,Belinda
Mr. Luttridge,N,0,6,Belinda
Mr. Luttridge,C,0,6,Belinda
Mr. Luttridge,I,0,6,Belinda
Mr. Luttridge,A,0,6,Belinda
Mr. Luttridge,DC,0,6,Belinda
Mr. Luttridge,DN,0,6,Belinda
Mr. Percival,N,0,6,Belinda
Mr. Percival,C,0,6,Belinda
Mr. Percival,I,0,6,Belinda
Mr. Percival,A,0,6,Belinda
Mr. Percival,DC,0,6,Belinda
Mr. Percival,DN,0,6,Belinda
Mr. St. George,N,0,6,Belinda
Mr. St. George,C,0,6,Belinda
Mr. St. George,I,0,6,Belinda
Mr. St. George,A,0,6,Belinda
Mr. St. George,DC,0,6,Belinda
Mr. St. George,DN,0,6,Belinda
Mr. V----,N,0,6,Belinda
Mr. V----,C,0,6,Belinda
Mr. V----,I,0,6,Belinda
Mr. V----,A,0,6,Belinda
Mr. V----,DC,0,6,Belinda
Mr. V----,DN,0,6,Belinda
Mr. Vincent,N,0,6,Belinda
Mr. Vincent,C,0,6,Belinda
Mr. Vincent,I,0,6,Belinda
Mr. Vincent,A,0,6,Belinda
Mr. Vincent,DC,0,6,Belinda
Mr. Vincent,DN,0,6,Belinda
Mrs. ----,N,0,6,Belinda
Mrs. ----,C,0,6,Belinda
Mrs. ----,I,0,6,Belinda
Mrs. ----,A,0,6,Belinda
Mrs. ----,DC,0,6,Belinda
Mrs. ----,DN,0,6,Belinda
Mrs. Delacour,N,0,6,Belinda
Mrs. Delacour,C,0,6,Belinda
Mrs. Delacour,I,0,6,Belinda
Mrs. Delacour,A,0,6,Belinda
Mrs. Delacour,DC,0,6,Belinda
Mrs. Delacour,DN,0,6,Belinda
Mrs. Dumont,N,0,6,Belinda
Mrs. Dumont,C,0,6,Belinda
Mrs. Dumont,I,0,6,Belinda
Mrs. Dumont,A,0,6,Belinda
Mrs. Dumont,DC,0,6,Belinda
Mrs. Dumont,DN,0,6,Belinda
Mrs. Franks,N,3,6,Belinda
Mrs. Franks,C,0,6,Belinda
Mrs. Franks,I,0,6,Belinda
Mrs. Franks,A,3,6,Belinda
Mrs. Franks,DC,3,6,Belinda
Mrs. Franks,DN,0,6,Belinda
Mrs. Freke,N,0,6,Belinda
Mrs. Freke,C,0,6,Belinda
Mrs. Freke,I,0,6,Belinda
Mrs. Freke,A,0,6,Belinda
Mrs. Freke,DC,0,6,Belinda
Mrs. Freke,DN,0,6,Belinda
Mrs. Luttridge,N,0,6,Belinda
Mrs. Luttridge,C,0,6,Belinda
Mrs. Luttridge,I,0,6,Belinda
Mrs. Luttridge,A,0,6,Belinda
Mrs. Luttridge,DC,0,6,Belinda
Mrs. Luttridge,DN,0,6,Belinda
Mrs. Ormond,N,0,6,Belinda
Mrs. Ormond,C,0,6,Belinda
Mrs. Ormond,I,0,6,Belinda
Mrs. Ormond,A,0,6,Belinda
Mrs. Ormond,DC,0,6,Belinda
Mrs. Ormond,DN,0,6,Belinda
Mrs. Smith,N,0,6,Belinda
Mrs. Smith,C,0,6,Belinda
Mrs. Smith,I,0,6,Belinda
Mrs. Smith,A,0,6,Belinda
Mrs. Smith,DC,0,6,Belinda
Mrs. Smith,DN,0,6,Belinda
Mrs. Stanhope,N,12,6,Belinda
Mrs. Stanhope,C,0,6,Belinda
Mrs. Stanhope,I,1,6,Belinda
Mrs. Stanhope,A,1,6,Belinda
Mrs. Stanhope,DC,4,6,Belinda
Mrs. Stanhope,DN,0,6,Belinda
Mrs. Stanhope:--,N,0,6,Belinda
Mrs. Stanhope:--,C,0,6,Belinda
Mrs. Stanhope:--,I,0,6,Belinda
Mrs. Stanhope:--,A,0,6,Belinda
Mrs. Stanhope:--,DC,0,6,Belinda
Mrs. Stanhope:--,DN,0,6,Belinda
NIECE,N,0,6,Belinda
NIECE,C,0,6,Belinda
NIECE,I,0,6,Belinda
NIECE,A,0,6,Belinda
NIECE,DC,0,6,Belinda
NIECE,DN,0,6,Belinda
Paul,N,0,6,Belinda
Paul,C,0,6,Belinda
Paul,I,0,6,Belinda
Paul,A,0,6,Belinda
Paul,DC,0,6,Belinda
Paul,DN,0,6,Belinda
Percival,N,0,6,Belinda
Percival,C,0,6,Belinda
Percival,I,0,6,Belinda
Percival,A,0,6,Belinda
Percival,DC,0,6,Belinda
Percival,DN,0,6,Belinda
Petrarch,N,0,6,Belinda
Petrarch,C,0,6,Belinda
Petrarch,I,0,6,Belinda
Petrarch,A,0,6,Belinda
Petrarch,DC,0,6,Belinda
Petrarch,DN,0,6,Belinda
Queen Elizabeth,N,0,6,Belinda
Queen Elizabeth,C,0,6,Belinda
Queen Elizabeth,I,0,6,Belinda
Queen Elizabeth,A,0,6,Belinda
Queen Elizabeth,DC,0,6,Belinda
Queen Elizabeth,DN,0,6,Belinda
Rachel,N,0,6,Belinda
Rachel,C,0,6,Belinda
Rachel,I,0,6,Belinda
Rachel,A,0,6,Belinda
Rachel,DC,0,6,Belinda
Rachel,DN,0,6,Belinda
Rochfort,N,1,6,Belinda
Rochfort,C,0,6,Belinda
Rochfort,I,0,6,Belinda
Rochfort,A,0,6,Belinda
Rochfort,DC,0,6,Belinda
Rochfort,DN,0,6,Belinda
Sir Philip,N,2,6,Belinda
Sir Philip,C,0,6,Belinda
Sir Philip,I,0,6,Belinda
Sir Philip,A,0,6,Belinda
Sir Philip,DC,0,6,Belinda
Sir Philip,DN,0,6,Belinda
Solomon,N,0,6,Belinda
Solomon,C,0,6,Belinda
Solomon,I,0,6,Belinda
Solomon,A,0,6,Belinda
Solomon,DC,0,6,Belinda
Solomon,DN,0,6,Belinda
Tollemache,N,0,6,Belinda
Tollemache,C,0,6,Belinda
Tollemache,I,0,6,Belinda
Tollemache,A,0,6,Belinda
Tollemache,DC,0,6,Belinda
Tollemache,DN,0,6,Belinda
Valleton,N,0,6,Belinda
Valleton,C,0,6,Belinda
Valleton,I,0,6,Belinda
Valleton,A,0,6,Belinda
Valleton,DC,0,6,Belinda
Valleton,DN,0,6,Belinda
Virginia,N,0,6,Belinda
Virginia,C,0,6,Belinda
Virginia,I,0,6,Belinda
Virginia,A,0,6,Belinda
Virginia,DC,0,6,Belinda
Virginia,DN,0,6,Belinda
Young Vincent,N,0,6,Belinda
Young Vincent,C,0,6,Belinda
Young Vincent,I,0,6,Belinda
Young Vincent,A,0,6,Belinda
Young Vincent,DC,0,6,Belinda
Young Vincent,DN,0,6,Belinda
de Grignan,N,0,6,Belinda
de Grignan,C,0,6,Belinda
de Grignan,I,0,6,Belinda
de Grignan,A,0,6,Belinda
de Grignan,DC,0,6,Belinda
de Grignan,DN,0,6,Belinda
de Pomenars,N,0,6,Belinda
de Pomenars,C,0,6,Belinda
de Pomenars,I,0,6,Belinda
de Pomenars,A,0,6,Belinda
de Pomenars,DC,0,6,Belinda
de Pomenars,DN,0,6,Belinda
poor Lawless,N,0,6,Belinda
poor Lawless,C,0,6,Belinda
poor Lawless,I,0,6,Belinda
poor Lawless,A,0,6,Belinda
poor Lawless,DC,0,6,Belinda
poor Lawless,DN,0,6,Belinda
the Luttridges,N,0,6,Belinda
the Luttridges,C,0,6,Belinda
the Luttridges,I,0,6,Belinda
the Luttridges,A,0,6,Belinda
the Luttridges,DC,0,6,Belinda
the Luttridges,DN,0,6,Belinda
the Percivals,N,0,6,Belinda
the Percivals,C,0,6,Belinda
the Percivals,I,0,6,Belinda
the Percivals,A,0,6,Belinda
the Percivals,DC,0,6,Belinda
the Percivals,DN,0,6,Belinda
the honourable Mrs. Levit,N,0,6,Belinda
the honourable Mrs. Levit,C,0,6,Belinda
the honourable Mrs. Levit,I,0,6,Belinda
the honourable Mrs. Levit,A,0,6,Belinda
the honourable Mrs. Levit,DC,0,6,Belinda
the honourable Mrs. Levit,DN,0,6,Belinda
Annabella,N,0,7,Belinda
Annabella,C,0,7,Belinda
Annabella,I,0,7,Belinda
Annabella,A,0,7,Belinda
Annabella,DC,0,7,Belinda
Annabella,DN,0,7,Belinda
Belinda,N,0,7,Belinda
Belinda,C,0,7,Belinda
Belinda,I,0,7,Belinda
Belinda,A,0,7,Belinda
Belinda,DC,0,7,Belinda
Belinda,DN,0,7,Belinda
Bobby,N,0,7,Belinda
Bobby,C,0,7,Belinda
Bobby,I,0,7,Belinda
Bobby,A,0,7,Belinda
Bobby,DC,0,7,Belinda
Bobby,DN,0,7,Belinda
Captain Sunderland,N,0,7,Belinda
Captain Sunderland,C,0,7,Belinda
Captain Sunderland,I,0,7,Belinda
Captain Sunderland,A,0,7,Belinda
Captain Sunderland,DC,0,7,Belinda
Captain Sunderland,DN,0,7,Belinda
Champfort,N,0,7,Belinda
Champfort,C,0,7,Belinda
Champfort,I,0,7,Belinda
Champfort,A,0,7,Belinda
Champfort,DC,0,7,Belinda
Champfort,DN,0,7,Belinda
Charles,N,0,7,Belinda
Charles,C,0,7,Belinda
Charles,I,0,7,Belinda
Charles,A,0,7,Belinda
Charles,DC,0,7,Belinda
Charles,DN,0,7,Belinda
Clarence,N,0,7,Belinda
Clarence,C,0,7,Belinda
Clarence,I,0,7,Belinda
Clarence,A,0,7,Belinda
Clarence,DC,0,7,Belinda
Clarence,DN,0,7,Belinda
Clarence Hervey,N,0,7,Belinda
Clarence Hervey,C,0,7,Belinda
Clarence Hervey,I,0,7,Belinda
Clarence Hervey,A,0,7,Belinda
Clarence Hervey,DC,0,7,Belinda
Clarence Hervey,DN,0,7,Belinda
Clary,N,6,7,Belinda
Clary,C,0,7,Belinda
Clary,I,1,7,Belinda
Clary,A,3,7,Belinda
Clary,DC,13,7,Belinda
Clary,DN,0,7,Belinda
Cupid,N,0,7,Belinda
Cupid,C,0,7,Belinda
Cupid,I,0,7,Belinda
Cupid,A,0,7,Belinda
Cupid,DC,0,7,Belinda
Cupid,DN,0,7,Belinda
Damme,N,1,7,Belinda
Damme,C,0,7,Belinda
Damme,I,0,7,Belinda
Damme,A,1,7,Belinda
Damme,DC,1,7,Belinda
Damme,DN,0,7,Belinda
Doctor X----,N,0,7,Belinda
Doctor X----,C,0,7,Belinda
Doctor X----,I,0,7,Belinda
Doctor X----,A,0,7,Belinda
Doctor X----,DC,0,7,Belinda
Doctor X----,DN,0,7,Belinda
Dr. X----,N,11,7,Belinda
Dr. X----,C,8,7,Belinda
Dr. X----,I,3,7,Belinda
Dr. X----,A,1,7,Belinda
Dr. X----,DC,5,7,Belinda
Dr. X----,DN,0,7,Belinda
Edward,N,0,7,Belinda
Edward,C,0,7,Belinda
Edward,I,0,7,Belinda
Edward,A,0,7,Belinda
Edward,DC,0,7,Belinda
Edward,DN,0,7,Belinda
Fawcett,N,0,7,Belinda
Fawcett,C,0,7,Belinda
Fawcett,I,0,7,Belinda
Fawcett,A,0,7,Belinda
Fawcett,DC,0,7,Belinda
Fawcett,DN,0,7,Belinda
God,N,1,7,Belinda
God,C,0,7,Belinda
God,I,0,7,Belinda
God,A,0,7,Belinda
God,DC,1,7,Belinda
God,DN,0,7,Belinda
Harriot,N,0,7,Belinda
Harriot,C,0,7,Belinda
Harriot,I,0,7,Belinda
Harriot,A,0,7,Belinda
Harriot,DC,0,7,Belinda
Harriot,DN,0,7,Belinda
Heaven,N,0,7,Belinda
Heaven,C,0,7,Belinda
Heaven,I,0,7,Belinda
Heaven,A,0,7,Belinda
Heaven,DC,0,7,Belinda
Heaven,DN,0,7,Belinda
Helena,N,0,7,Belinda
Helena,C,0,7,Belinda
Helena,I,0,7,Belinda
Helena,A,0,7,Belinda
Helena,DC,0,7,Belinda
Helena,DN,0,7,Belinda
James,N,0,7,Belinda
James,C,0,7,Belinda
James,I,0,7,Belinda
James,A,0,7,Belinda
James,DC,0,7,Belinda
James,DN,0,7,Belinda
Jenny Mason,N,0,7,Belinda
Jenny Mason,C,0,7,Belinda
Jenny Mason,I,0,7,Belinda
Jenny Mason,A,0,7,Belinda
Jenny Mason,DC,0,7,Belinda
Jenny Mason,DN,0,7,Belinda
Joddrell,N,0,7,Belinda
Joddrell,C,0,7,Belinda
Joddrell,I,0,7,Belinda
Joddrell,A,0,7,Belinda
Joddrell,DC,0,7,Belinda
Joddrell,DN,0,7,Belinda
Jove,N,5,7,Belinda
Jove,C,0,7,Belinda
Jove,I,0,7,Belinda
Jove,A,0,7,Belinda
Jove,DC,5,7,Belinda
Jove,DN,0,7,Belinda
Juba,N,0,7,Belinda
Juba,C,0,7,Belinda
Juba,I,0,7,Belinda
Juba,A,0,7,Belinda
Juba,DC,0,7,Belinda
Juba,DN,0,7,Belinda
Lady Almeria,N,0,7,Belinda
Lady Almeria,C,0,7,Belinda
Lady Almeria,I,0,7,Belinda
Lady Almeria,A,0,7,Belinda
Lady Almeria,DC,0,7,Belinda
Lady Almeria,DN,0,7,Belinda
Lady Anne,N,4,7,Belinda
Lady Anne,C,0,7,Belinda
Lady Anne,I,0,7,Belinda
Lady Anne,A,0,7,Belinda
Lady Anne,DC,4,7,Belinda
Lady Anne,DN,0,7,Belinda
Lady Boucher,N,0,7,Belinda
Lady Boucher,C,0,7,Belinda
Lady Boucher,I,0,7,Belinda
Lady Boucher,A,0,7,Belinda
Lady Boucher,DC,0,7,Belinda
Lady Boucher,DN,0,7,Belinda
Lady Delacour,N,5,7,Belinda
Lady Delacour,C,0,7,Belinda
Lady Delacour,I,0,7,Belinda
Lady Delacour,A,0,7,Belinda
Lady Delacour,DC,7,7,Belinda
Lady Delacour,DN,0,7,Belinda
Lady Singleton,N,0,7,Belinda
Lady Singleton,C,0,7,Belinda
Lady Singleton,I,0,7,Belinda
Lady Singleton,A,0,7,Belinda
Lady Singleton,DC,0,7,Belinda
Lady Singleton,DN,0,7,Belinda
Lawless,N,0,7,Belinda
Lawless,C,0,7,Belinda
Lawless,I,0,7,Belinda
Lawless,A,0,7,Belinda
Lawless,DC,0,7,Belinda
Lawless,DN,0,7,Belinda
Lord,N,0,7,Belinda
Lord,C,0,7,Belinda
Lord,I,0,7,Belinda
Lord,A,0,7,Belinda
Lord,DC,0,7,Belinda
Lord,DN,0,7,Belinda
Lord Delacour,N,0,7,Belinda
Lord Delacour,C,0,7,Belinda
Lord Delacour,I,0,7,Belinda
Lord Delacour,A,0,7,Belinda
Lord Delacour,DC,0,7,Belinda
Lord Delacour,DN,0,7,Belinda
Lord Studley,N,0,7,Belinda
Lord Studley,C,0,7,Belinda
Lord Studley,I,0,7,Belinda
Lord Studley,A,0,7,Belinda
Lord Studley,DC,0,7,Belinda
Lord Studley,DN,0,7,Belinda
Lucy,N,0,7,Belinda
Lucy,C,0,7,Belinda
Lucy,I,0,7,Belinda
Lucy,A,0,7,Belinda
Lucy,DC,0,7,Belinda
Lucy,DN,0,7,Belinda
M. de St. Pierre,N,0,7,Belinda
M. de St. Pierre,C,0,7,Belinda
M. de St. Pierre,I,0,7,Belinda
M. de St. Pierre,A,0,7,Belinda
M. de St. Pierre,DC,0,7,Belinda
M. de St. Pierre,DN,0,7,Belinda
Mad,N,0,7,Belinda
Mad,C,0,7,Belinda
Mad,I,0,7,Belinda
Mad,A,0,7,Belinda
Mad,DC,0,7,Belinda
Mad,DN,0,7,Belinda
Mamma,N,0,7,Belinda
Mamma,C,0,7,Belinda
Mamma,I,0,7,Belinda
Mamma,A,0,7,Belinda
Mamma,DC,0,7,Belinda
Mamma,DN,0,7,Belinda
Marraton,N,0,7,Belinda
Marraton,C,0,7,Belinda
Marraton,I,0,7,Belinda
Marraton,A,0,7,Belinda
Marraton,DC,0,7,Belinda
Marraton,DN,0,7,Belinda
Marriott,N,0,7,Belinda
Marriott,C,0,7,Belinda
Marriott,I,0,7,Belinda
Marriott,A,0,7,Belinda
Marriott,DC,0,7,Belinda
Marriott,DN,0,7,Belinda
Ma’am,N,0,7,Belinda
Ma’am,C,0,7,Belinda
Ma’am,I,0,7,Belinda
Ma’am,A,0,7,Belinda
Ma’am,DC,0,7,Belinda
Ma’am,DN,0,7,Belinda
Milord,N,0,7,Belinda
Milord,C,0,7,Belinda
Milord,I,0,7,Belinda
Milord,A,0,7,Belinda
Milord,DC,0,7,Belinda
Milord,DN,0,7,Belinda
Miss Delacour,N,0,7,Belinda
Miss Delacour,C,0,7,Belinda
Miss Delacour,I,0,7,Belinda
Miss Delacour,A,0,7,Belinda
Miss Delacour,DC,0,7,Belinda
Miss Delacour,DN,0,7,Belinda
Miss Hartley,N,0,7,Belinda
Miss Hartley,C,0,7,Belinda
Miss Hartley,I,0,7,Belinda
Miss Hartley,A,0,7,Belinda
Miss Hartley,DC,0,7,Belinda
Miss Hartley,DN,0,7,Belinda
Miss Honour O’Grady,N,0,7,Belinda
Miss Honour O’Grady,C,0,7,Belinda
Miss Honour O’Grady,I,0,7,Belinda
Miss Honour O’Grady,A,0,7,Belinda
Miss Honour O’Grady,DC,0,7,Belinda
Miss Honour O’Grady,DN,0,7,Belinda
Miss Moreton,N,0,7,Belinda
Miss Moreton,C,0,7,Belinda
Miss Moreton,I,0,7,Belinda
Miss Moreton,A,0,7,Belinda
Miss Moreton,DC,0,7,Belinda
Miss Moreton,DN,0,7,Belinda
Miss Portman----,N,0,7,Belinda
Miss Portman----,C,0,7,Belinda
Miss Portman----,I,0,7,Belinda
Miss Portman----,A,0,7,Belinda
Miss Portman----,DC,0,7,Belinda
Miss Portman----,DN,0,7,Belinda
Miss St. Pierre,N,0,7,Belinda
Miss St. Pierre,C,0,7,Belinda
Miss St. Pierre,I,0,7,Belinda
Miss St. Pierre,A,0,7,Belinda
Miss St. Pierre,DC,0,7,Belinda
Miss St. Pierre,DN,0,7,Belinda
Mr. Freke,N,0,7,Belinda
Mr. Freke,C,0,7,Belinda
Mr. Freke,I,0,7,Belinda
Mr. Freke,A,0,7,Belinda
Mr. Freke,DC,0,7,Belinda
Mr. Freke,DN,0,7,Belinda
Mr. Hartley,N,0,7,Belinda
Mr. Hartley,C,0,7,Belinda
Mr. Hartley,I,0,7,Belinda
Mr. Hartley,A,0,7,Belinda
Mr. Hartley,DC,0,7,Belinda
Mr. Hartley,DN,0,7,Belinda
Mr. Hervey,N,55,7,Belinda
Mr. Hervey,C,39,7,Belinda
Mr. Hervey,I,19,7,Belinda
Mr. Hervey,A,48,7,Belinda
Mr. Hervey,DC,23,7,Belinda
Mr. Hervey,DN,6,7,Belinda
Mr. Horton,N,0,7,Belinda
Mr. Horton,C,0,7,Belinda
Mr. Horton,I,0,7,Belinda
Mr. Horton,A,0,7,Belinda
Mr. Horton,DC,0,7,Belinda
Mr. Horton,DN,0,7,Belinda
Mr. Luttridge,N,0,7,Belinda
Mr. Luttridge,C,0,7,Belinda
Mr. Luttridge,I,0,7,Belinda
Mr. Luttridge,A,0,7,Belinda
Mr. Luttridge,DC,0,7,Belinda
Mr. Luttridge,DN,0,7,Belinda
Mr. Percival,N,14,7,Belinda
Mr. Percival,C,8,7,Belinda
Mr. Percival,I,2,7,Belinda
Mr. Percival,A,6,7,Belinda
Mr. Percival,DC,5,7,Belinda
Mr. Percival,DN,1,7,Belinda
Mr. St. George,N,13,7,Belinda
Mr. St. George,C,12,7,Belinda
Mr. St. George,I,4,7,Belinda
Mr. St. George,A,6,7,Belinda
Mr. St. George,DC,4,7,Belinda
Mr. St. George,DN,0,7,Belinda
Mr. V----,N,0,7,Belinda
Mr. V----,C,0,7,Belinda
Mr. V----,I,0,7,Belinda
Mr. V----,A,0,7,Belinda
Mr. V----,DC,0,7,Belinda
Mr. V----,DN,0,7,Belinda
Mr. Vincent,N,0,7,Belinda
Mr. Vincent,C,0,7,Belinda
Mr. Vincent,I,0,7,Belinda
Mr. Vincent,A,0,7,Belinda
Mr. Vincent,DC,0,7,Belinda
Mr. Vincent,DN,0,7,Belinda
Mrs. ----,N,0,7,Belinda
Mrs. ----,C,0,7,Belinda
Mrs. ----,I,0,7,Belinda
Mrs. ----,A,0,7,Belinda
Mrs. ----,DC,0,7,Belinda
Mrs. ----,DN,0,7,Belinda
Mrs. Delacour,N,0,7,Belinda
Mrs. Delacour,C,0,7,Belinda
Mrs. Delacour,I,0,7,Belinda
Mrs. Delacour,A,0,7,Belinda
Mrs. Delacour,DC,0,7,Belinda
Mrs. Delacour,DN,0,7,Belinda
Mrs. Dumont,N,0,7,Belinda
Mrs. Dumont,C,0,7,Belinda
Mrs. Dumont,I,0,7,Belinda
Mrs. Dumont,A,0,7,Belinda
Mrs. Dumont,DC,0,7,Belinda
Mrs. Dumont,DN,0,7,Belinda
Mrs. Franks,N,0,7,Belinda
Mrs. Franks,C,0,7,Belinda
Mrs. Franks,I,0,7,Belinda
Mrs. Franks,A,0,7,Belinda
Mrs. Franks,DC,0,7,Belinda
Mrs. Franks,DN,0,7,Belinda
Mrs. Freke,N,0,7,Belinda
Mrs. Freke,C,0,7,Belinda
Mrs. Freke,I,0,7,Belinda
Mrs. Freke,A,0,7,Belinda
Mrs. Freke,DC,0,7,Belinda
Mrs. Freke,DN,0,7,Belinda
Mrs. Luttridge,N,0,7,Belinda
Mrs. Luttridge,C,0,7,Belinda
Mrs. Luttridge,I,0,7,Belinda
Mrs. Luttridge,A,0,7,Belinda
Mrs. Luttridge,DC,0,7,Belinda
Mrs. Luttridge,DN,0,7,Belinda
Mrs. Ormond,N,0,7,Belinda
Mrs. Ormond,C,0,7,Belinda
Mrs. Ormond,I,0,7,Belinda
Mrs. Ormond,A,0,7,Belinda
Mrs. Ormond,DC,0,7,Belinda
Mrs. Ormond,DN,0,7,Belinda
Mrs. Smith,N,0,7,Belinda
Mrs. Smith,C,0,7,Belinda
Mrs. Smith,I,0,7,Belinda
Mrs. Smith,A,0,7,Belinda
Mrs. Smith,DC,0,7,Belinda
Mrs. Smith,DN,0,7,Belinda
Mrs. Stanhope,N,0,7,Belinda
Mrs. Stanhope,C,0,7,Belinda
Mrs. Stanhope,I,0,7,Belinda
Mrs. Stanhope,A,0,7,Belinda
Mrs. Stanhope,DC,0,7,Belinda
Mrs. Stanhope,DN,0,7,Belinda
Mrs. Stanhope:--,N,0,7,Belinda
Mrs. Stanhope:--,C,0,7,Belinda
Mrs. Stanhope:--,I,0,7,Belinda
Mrs. Stanhope:--,A,0,7,Belinda
Mrs. Stanhope:--,DC,0,7,Belinda
Mrs. Stanhope:--,DN,0,7,Belinda
NIECE,N,0,7,Belinda
NIECE,C,0,7,Belinda
NIECE,I,0,7,Belinda
NIECE,A,0,7,Belinda
NIECE,DC,0,7,Belinda
NIECE,DN,0,7,Belinda
Paul,N,0,7,Belinda
Paul,C,0,7,Belinda
Paul,I,0,7,Belinda
Paul,A,0,7,Belinda
Paul,DC,0,7,Belinda
Paul,DN,0,7,Belinda
Percival,N,0,7,Belinda
Percival,C,0,7,Belinda
Percival,I,0,7,Belinda
Percival,A,0,7,Belinda
Percival,DC,0,7,Belinda
Percival,DN,0,7,Belinda
Petrarch,N,0,7,Belinda
Petrarch,C,0,7,Belinda
Petrarch,I,0,7,Belinda
Petrarch,A,0,7,Belinda
Petrarch,DC,0,7,Belinda
Petrarch,DN,0,7,Belinda
Queen Elizabeth,N,0,7,Belinda
Queen Elizabeth,C,0,7,Belinda
Queen Elizabeth,I,0,7,Belinda
Queen Elizabeth,A,0,7,Belinda
Queen Elizabeth,DC,0,7,Belinda
Queen Elizabeth,DN,0,7,Belinda
Rachel,N,0,7,Belinda
Rachel,C,0,7,Belinda
Rachel,I,0,7,Belinda
Rachel,A,0,7,Belinda
Rachel,DC,0,7,Belinda
Rachel,DN,0,7,Belinda
Rochfort,N,18,7,Belinda
Rochfort,C,11,7,Belinda
Rochfort,I,4,7,Belinda
Rochfort,A,2,7,Belinda
Rochfort,DC,6,7,Belinda
Rochfort,DN,0,7,Belinda
Sir Philip,N,40,7,Belinda
Sir Philip,C,26,7,Belinda
Sir Philip,I,15,7,Belinda
Sir Philip,A,23,7,Belinda
Sir Philip,DC,11,7,Belinda
Sir Philip,DN,3,7,Belinda
Solomon,N,0,7,Belinda
Solomon,C,0,7,Belinda
Solomon,I,0,7,Belinda
Solomon,A,0,7,Belinda
Solomon,DC,0,7,Belinda
Solomon,DN,0,7,Belinda
Tollemache,N,0,7,Belinda
Tollemache,C,0,7,Belinda
Tollemache,I,0,7,Belinda
Tollemache,A,0,7,Belinda
Tollemache,DC,0,7,Belinda
Tollemache,DN,0,7,Belinda
Valleton,N,0,7,Belinda
Valleton,C,0,7,Belinda
Valleton,I,0,7,Belinda
Valleton,A,0,7,Belinda
Valleton,DC,0,7,Belinda
Valleton,DN,0,7,Belinda
Virginia,N,0,7,Belinda
Virginia,C,0,7,Belinda
Virginia,I,0,7,Belinda
Virginia,A,0,7,Belinda
Virginia,DC,0,7,Belinda
Virginia,DN,0,7,Belinda
Young Vincent,N,0,7,Belinda
Young Vincent,C,0,7,Belinda
Young Vincent,I,0,7,Belinda
Young Vincent,A,0,7,Belinda
Young Vincent,DC,0,7,Belinda
Young Vincent,DN,0,7,Belinda
de Grignan,N,0,7,Belinda
de Grignan,C,0,7,Belinda
de Grignan,I,0,7,Belinda
de Grignan,A,0,7,Belinda
de Grignan,DC,0,7,Belinda
de Grignan,DN,0,7,Belinda
de Pomenars,N,0,7,Belinda
de Pomenars,C,0,7,Belinda
de Pomenars,I,0,7,Belinda
de Pomenars,A,0,7,Belinda
de Pomenars,DC,0,7,Belinda
de Pomenars,DN,0,7,Belinda
poor Lawless,N,0,7,Belinda
poor Lawless,C,0,7,Belinda
poor Lawless,I,0,7,Belinda
poor Lawless,A,0,7,Belinda
poor Lawless,DC,0,7,Belinda
poor Lawless,DN,0,7,Belinda
the Luttridges,N,0,7,Belinda
the Luttridges,C,0,7,Belinda
the Luttridges,I,0,7,Belinda
the Luttridges,A,0,7,Belinda
the Luttridges,DC,0,7,Belinda
the Luttridges,DN,0,7,Belinda
the Percivals,N,0,7,Belinda
the Percivals,C,0,7,Belinda
the Percivals,I,0,7,Belinda
the Percivals,A,0,7,Belinda
the Percivals,DC,0,7,Belinda
the Percivals,DN,0,7,Belinda
the honourable Mrs. Levit,N,0,7,Belinda
the honourable Mrs. Levit,C,0,7,Belinda
the honourable Mrs. Levit,I,0,7,Belinda
the honourable Mrs. Levit,A,0,7,Belinda
the honourable Mrs. Levit,DC,0,7,Belinda
the honourable Mrs. Levit,DN,0,7,Belinda
Annabella,N,0,8,Belinda
Annabella,C,0,8,Belinda
Annabella,I,0,8,Belinda
Annabella,A,0,8,Belinda
Annabella,DC,0,8,Belinda
Annabella,DN,0,8,Belinda
Belinda,N,3,8,Belinda
Belinda,C,0,8,Belinda
Belinda,I,0,8,Belinda
Belinda,A,1,8,Belinda
Belinda,DC,1,8,Belinda
Belinda,DN,0,8,Belinda
Bobby,N,0,8,Belinda
Bobby,C,0,8,Belinda
Bobby,I,0,8,Belinda
Bobby,A,0,8,Belinda
Bobby,DC,0,8,Belinda
Bobby,DN,0,8,Belinda
Captain Sunderland,N,0,8,Belinda
Captain Sunderland,C,0,8,Belinda
Captain Sunderland,I,0,8,Belinda
Captain Sunderland,A,0,8,Belinda
Captain Sunderland,DC,0,8,Belinda
Captain Sunderland,DN,0,8,Belinda
Champfort,N,0,8,Belinda
Champfort,C,0,8,Belinda
Champfort,I,0,8,Belinda
Champfort,A,0,8,Belinda
Champfort,DC,0,8,Belinda
Champfort,DN,0,8,Belinda
Charles,N,2,8,Belinda
Charles,C,2,8,Belinda
Charles,I,1,8,Belinda
Charles,A,0,8,Belinda
Charles,DC,0,8,Belinda
Charles,DN,0,8,Belinda
Clarence,N,0,8,Belinda
Clarence,C,0,8,Belinda
Clarence,I,0,8,Belinda
Clarence,A,0,8,Belinda
Clarence,DC,0,8,Belinda
Clarence,DN,0,8,Belinda
Clarence Hervey,N,0,8,Belinda
Clarence Hervey,C,0,8,Belinda
Clarence Hervey,I,0,8,Belinda
Clarence Hervey,A,0,8,Belinda
Clarence Hervey,DC,0,8,Belinda
Clarence Hervey,DN,0,8,Belinda
Clary,N,0,8,Belinda
Clary,C,0,8,Belinda
Clary,I,0,8,Belinda
Clary,A,0,8,Belinda
Clary,DC,0,8,Belinda
Clary,DN,0,8,Belinda
Cupid,N,0,8,Belinda
Cupid,C,0,8,Belinda
Cupid,I,0,8,Belinda
Cupid,A,0,8,Belinda
Cupid,DC,0,8,Belinda
Cupid,DN,0,8,Belinda
Damme,N,0,8,Belinda
Damme,C,0,8,Belinda
Damme,I,0,8,Belinda
Damme,A,0,8,Belinda
Damme,DC,0,8,Belinda
Damme,DN,0,8,Belinda
Doctor X----,N,0,8,Belinda
Doctor X----,C,0,8,Belinda
Doctor X----,I,0,8,Belinda
Doctor X----,A,0,8,Belinda
Doctor X----,DC,0,8,Belinda
Doctor X----,DN,0,8,Belinda
Dr. X----,N,7,8,Belinda
Dr. X----,C,3,8,Belinda
Dr. X----,I,2,8,Belinda
Dr. X----,A,0,8,Belinda
Dr. X----,DC,0,8,Belinda
Dr. X----,DN,0,8,Belinda
Edward,N,0,8,Belinda
Edward,C,0,8,Belinda
Edward,I,0,8,Belinda
Edward,A,0,8,Belinda
Edward,DC,0,8,Belinda
Edward,DN,0,8,Belinda
Fawcett,N,0,8,Belinda
Fawcett,C,0,8,Belinda
Fawcett,I,0,8,Belinda
Fawcett,A,0,8,Belinda
Fawcett,DC,0,8,Belinda
Fawcett,DN,0,8,Belinda
God,N,0,8,Belinda
God,C,0,8,Belinda
God,I,0,8,Belinda
God,A,0,8,Belinda
God,DC,0,8,Belinda
God,DN,0,8,Belinda
Harriot,N,0,8,Belinda
Harriot,C,0,8,Belinda
Harriot,I,0,8,Belinda
Harriot,A,0,8,Belinda
Harriot,DC,0,8,Belinda
Harriot,DN,0,8,Belinda
Heaven,N,0,8,Belinda
Heaven,C,0,8,Belinda
Heaven,I,0,8,Belinda
Heaven,A,0,8,Belinda
Heaven,DC,0,8,Belinda
Heaven,DN,0,8,Belinda
Helena,N,12,8,Belinda
Helena,C,1,8,Belinda
Helena,I,0,8,Belinda
Helena,A,5,8,Belinda
Helena,DC,9,8,Belinda
Helena,DN,0,8,Belinda
James,N,0,8,Belinda
James,C,0,8,Belinda
James,I,0,8,Belinda
James,A,0,8,Belinda
James,DC,0,8,Belinda
James,DN,0,8,Belinda
Jenny Mason,N,0,8,Belinda
Jenny Mason,C,0,8,Belinda
Jenny Mason,I,0,8,Belinda
Jenny Mason,A,0,8,Belinda
Jenny Mason,DC,0,8,Belinda
Jenny Mason,DN,0,8,Belinda
Joddrell,N,0,8,Belinda
Joddrell,C,0,8,Belinda
Joddrell,I,0,8,Belinda
Joddrell,A,0,8,Belinda
Joddrell,DC,0,8,Belinda
Joddrell,DN,0,8,Belinda
Jove,N,0,8,Belinda
Jove,C,0,8,Belinda
Jove,I,0,8,Belinda
Jove,A,0,8,Belinda
Jove,DC,0,8,Belinda
Jove,DN,0,8,Belinda
Juba,N,0,8,Belinda
Juba,C,0,8,Belinda
Juba,I,0,8,Belinda
Juba,A,0,8,Belinda
Juba,DC,0,8,Belinda
Juba,DN,0,8,Belinda
Lady Almeria,N,0,8,Belinda
Lady Almeria,C,0,8,Belinda
Lady Almeria,I,0,8,Belinda
Lady Almeria,A,0,8,Belinda
Lady Almeria,DC,0,8,Belinda
Lady Almeria,DN,0,8,Belinda
Lady Anne,N,35,8,Belinda
Lady Anne,C,42,8,Belinda
Lady Anne,I,15,8,Belinda
Lady Anne,A,9,8,Belinda
Lady Anne,DC,6,8,Belinda
Lady Anne,DN,1,8,Belinda
Lady Boucher,N,0,8,Belinda
Lady Boucher,C,0,8,Belinda
Lady Boucher,I,0,8,Belinda
Lady Boucher,A,0,8,Belinda
Lady Boucher,DC,0,8,Belinda
Lady Boucher,DN,0,8,Belinda
Lady Delacour,N,21,8,Belinda
Lady Delacour,C,0,8,Belinda
Lady Delacour,I,7,8,Belinda
Lady Delacour,A,14,8,Belinda
Lady Delacour,DC,24,8,Belinda
Lady Delacour,DN,0,8,Belinda
Lady Singleton,N,0,8,Belinda
Lady Singleton,C,0,8,Belinda
Lady Singleton,I,0,8,Belinda
Lady Singleton,A,0,8,Belinda
Lady Singleton,DC,0,8,Belinda
Lady Singleton,DN,0,8,Belinda
Lawless,N,0,8,Belinda
Lawless,C,0,8,Belinda
Lawless,I,0,8,Belinda
Lawless,A,0,8,Belinda
Lawless,DC,0,8,Belinda
Lawless,DN,0,8,Belinda
Lord,N,0,8,Belinda
Lord,C,0,8,Belinda
Lord,I,0,8,Belinda
Lord,A,0,8,Belinda
Lord,DC,0,8,Belinda
Lord,DN,0,8,Belinda
Lord Delacour,N,1,8,Belinda
Lord Delacour,C,0,8,Belinda
Lord Delacour,I,0,8,Belinda
Lord Delacour,A,0,8,Belinda
Lord Delacour,DC,1,8,Belinda
Lord Delacour,DN,0,8,Belinda
Lord Studley,N,0,8,Belinda
Lord Studley,C,0,8,Belinda
Lord Studley,I,0,8,Belinda
Lord Studley,A,0,8,Belinda
Lord Studley,DC,0,8,Belinda
Lord Studley,DN,0,8,Belinda
Lucy,N,0,8,Belinda
Lucy,C,0,8,Belinda
Lucy,I,0,8,Belinda
Lucy,A,0,8,Belinda
Lucy,DC,0,8,Belinda
Lucy,DN,0,8,Belinda
M. de St. Pierre,N,0,8,Belinda
M. de St. Pierre,C,0,8,Belinda
M. de St. Pierre,I,0,8,Belinda
M. de St. Pierre,A,0,8,Belinda
M. de St. Pierre,DC,0,8,Belinda
M. de St. Pierre,DN,0,8,Belinda
Mad,N,0,8,Belinda
Mad,C,0,8,Belinda
Mad,I,0,8,Belinda
Mad,A,0,8,Belinda
Mad,DC,0,8,Belinda
Mad,DN,0,8,Belinda
Mamma,N,1,8,Belinda
Mamma,C,0,8,Belinda
Mamma,I,1,8,Belinda
Mamma,A,2,8,Belinda
Mamma,DC,2,8,Belinda
Mamma,DN,0,8,Belinda
Marraton,N,0,8,Belinda
Marraton,C,0,8,Belinda
Marraton,I,0,8,Belinda
Marraton,A,0,8,Belinda
Marraton,DC,0,8,Belinda
Marraton,DN,0,8,Belinda
Marriott,N,0,8,Belinda
Marriott,C,0,8,Belinda
Marriott,I,0,8,Belinda
Marriott,A,0,8,Belinda
Marriott,DC,0,8,Belinda
Marriott,DN,0,8,Belinda
Ma’am,N,0,8,Belinda
Ma’am,C,0,8,Belinda
Ma’am,I,0,8,Belinda
Ma’am,A,0,8,Belinda
Ma’am,DC,0,8,Belinda
Ma’am,DN,0,8,Belinda
Milord,N,0,8,Belinda
Milord,C,0,8,Belinda
Milord,I,0,8,Belinda
Milord,A,0,8,Belinda
Milord,DC,0,8,Belinda
Milord,DN,0,8,Belinda
Miss Delacour,N,4,8,Belinda
Miss Delacour,C,0,8,Belinda
Miss Delacour,I,0,8,Belinda
Miss Delacour,A,0,8,Belinda
Miss Delacour,DC,2,8,Belinda
Miss Delacour,DN,0,8,Belinda
Miss Hartley,N,0,8,Belinda
Miss Hartley,C,0,8,Belinda
Miss Hartley,I,0,8,Belinda
Miss Hartley,A,0,8,Belinda
Miss Hartley,DC,0,8,Belinda
Miss Hartley,DN,0,8,Belinda
Miss Honour O’Grady,N,0,8,Belinda
Miss Honour O’Grady,C,0,8,Belinda
Miss Honour O’Grady,I,0,8,Belinda
Miss Honour O’Grady,A,0,8,Belinda
Miss Honour O’Grady,DC,0,8,Belinda
Miss Honour O’Grady,DN,0,8,Belinda
Miss Moreton,N,0,8,Belinda
Miss Moreton,C,0,8,Belinda
Miss Moreton,I,0,8,Belinda
Miss Moreton,A,0,8,Belinda
Miss Moreton,DC,0,8,Belinda
Miss Moreton,DN,0,8,Belinda
Miss Portman----,N,0,8,Belinda
Miss Portman----,C,0,8,Belinda
Miss Portman----,I,0,8,Belinda
Miss Portman----,A,0,8,Belinda
Miss Portman----,DC,0,8,Belinda
Miss Portman----,DN,0,8,Belinda
Miss St. Pierre,N,0,8,Belinda
Miss St. Pierre,C,0,8,Belinda
Miss St. Pierre,I,0,8,Belinda
Miss St. Pierre,A,0,8,Belinda
Miss St. Pierre,DC,0,8,Belinda
Miss St. Pierre,DN,0,8,Belinda
Mr. Freke,N,0,8,Belinda
Mr. Freke,C,0,8,Belinda
Mr. Freke,I,0,8,Belinda
Mr. Freke,A,0,8,Belinda
Mr. Freke,DC,0,8,Belinda
Mr. Freke,DN,0,8,Belinda
Mr. Hartley,N,0,8,Belinda
Mr. Hartley,C,0,8,Belinda
Mr. Hartley,I,0,8,Belinda
Mr. Hartley,A,0,8,Belinda
Mr. Hartley,DC,0,8,Belinda
Mr. Hartley,DN,0,8,Belinda
Mr. Hervey,N,39,8,Belinda
Mr. Hervey,C,23,8,Belinda
Mr. Hervey,I,29,8,Belinda
Mr. Hervey,A,35,8,Belinda
Mr. Hervey,DC,8,8,Belinda
Mr. Hervey,DN,8,8,Belinda
Mr. Horton,N,0,8,Belinda
Mr. Horton,C,0,8,Belinda
Mr. Horton,I,0,8,Belinda
Mr. Horton,A,0,8,Belinda
Mr. Horton,DC,0,8,Belinda
Mr. Horton,DN,0,8,Belinda
Mr. Luttridge,N,0,8,Belinda
Mr. Luttridge,C,0,8,Belinda
Mr. Luttridge,I,0,8,Belinda
Mr. Luttridge,A,0,8,Belinda
Mr. Luttridge,DC,0,8,Belinda
Mr. Luttridge,DN,0,8,Belinda
Mr. Percival,N,7,8,Belinda
Mr. Percival,C,0,8,Belinda
Mr. Percival,I,0,8,Belinda
Mr. Percival,A,2,8,Belinda
Mr. Percival,DC,3,8,Belinda
Mr. Percival,DN,0,8,Belinda
Mr. St. George,N,0,8,Belinda
Mr. St. George,C,0,8,Belinda
Mr. St. George,I,0,8,Belinda
Mr. St. George,A,0,8,Belinda
Mr. St. George,DC,0,8,Belinda
Mr. St. George,DN,0,8,Belinda
Mr. V----,N,0,8,Belinda
Mr. V----,C,0,8,Belinda
Mr. V----,I,0,8,Belinda
Mr. V----,A,0,8,Belinda
Mr. V----,DC,0,8,Belinda
Mr. V----,DN,0,8,Belinda
Mr. Vincent,N,0,8,Belinda
Mr. Vincent,C,0,8,Belinda
Mr. Vincent,I,0,8,Belinda
Mr. Vincent,A,0,8,Belinda
Mr. Vincent,DC,0,8,Belinda
Mr. Vincent,DN,0,8,Belinda
Mrs. ----,N,0,8,Belinda
Mrs. ----,C,0,8,Belinda
Mrs. ----,I,0,8,Belinda
Mrs. ----,A,0,8,Belinda
Mrs. ----,DC,0,8,Belinda
Mrs. ----,DN,0,8,Belinda
Mrs. Delacour,N,24,8,Belinda
Mrs. Delacour,C,34,8,Belinda
Mrs. Delacour,I,10,8,Belinda
Mrs. Delacour,A,10,8,Belinda
Mrs. Delacour,DC,9,8,Belinda
Mrs. Delacour,DN,2,8,Belinda
Mrs. Dumont,N,0,8,Belinda
Mrs. Dumont,C,0,8,Belinda
Mrs. Dumont,I,0,8,Belinda
Mrs. Dumont,A,0,8,Belinda
Mrs. Dumont,DC,0,8,Belinda
Mrs. Dumont,DN,0,8,Belinda
Mrs. Franks,N,0,8,Belinda
Mrs. Franks,C,0,8,Belinda
Mrs. Franks,I,0,8,Belinda
Mrs. Franks,A,0,8,Belinda
Mrs. Franks,DC,0,8,Belinda
Mrs. Franks,DN,0,8,Belinda
Mrs. Freke,N,0,8,Belinda
Mrs. Freke,C,0,8,Belinda
Mrs. Freke,I,0,8,Belinda
Mrs. Freke,A,0,8,Belinda
Mrs. Freke,DC,0,8,Belinda
Mrs. Freke,DN,0,8,Belinda
Mrs. Luttridge,N,0,8,Belinda
Mrs. Luttridge,C,0,8,Belinda
Mrs. Luttridge,I,0,8,Belinda
Mrs. Luttridge,A,0,8,Belinda
Mrs. Luttridge,DC,0,8,Belinda
Mrs. Luttridge,DN,0,8,Belinda
Mrs. Ormond,N,0,8,Belinda
Mrs. Ormond,C,0,8,Belinda
Mrs. Ormond,I,0,8,Belinda
Mrs. Ormond,A,0,8,Belinda
Mrs. Ormond,DC,0,8,Belinda
Mrs. Ormond,DN,0,8,Belinda
Mrs. Smith,N,0,8,Belinda
Mrs. Smith,C,0,8,Belinda
Mrs. Smith,I,0,8,Belinda
Mrs. Smith,A,0,8,Belinda
Mrs. Smith,DC,0,8,Belinda
Mrs. Smith,DN,0,8,Belinda
Mrs. Stanhope,N,4,8,Belinda
Mrs. Stanhope,C,0,8,Belinda
Mrs. Stanhope,I,0,8,Belinda
Mrs. Stanhope,A,0,8,Belinda
Mrs. Stanhope,DC,4,8,Belinda
Mrs. Stanhope,DN,0,8,Belinda
Mrs. Stanhope:--,N,0,8,Belinda
Mrs. Stanhope:--,C,0,8,Belinda
Mrs. Stanhope:--,I,0,8,Belinda
Mrs. Stanhope:--,A,0,8,Belinda
Mrs. Stanhope:--,DC,0,8,Belinda
Mrs. Stanhope:--,DN,0,8,Belinda
NIECE,N,0,8,Belinda
NIECE,C,0,8,Belinda
NIECE,I,0,8,Belinda
NIECE,A,0,8,Belinda
NIECE,DC,0,8,Belinda
NIECE,DN,0,8,Belinda
Paul,N,0,8,Belinda
Paul,C,0,8,Belinda
Paul,I,0,8,Belinda
Paul,A,0,8,Belinda
Paul,DC,0,8,Belinda
Paul,DN,0,8,Belinda
Percival,N,0,8,Belinda
Percival,C,0,8,Belinda
Percival,I,0,8,Belinda
Percival,A,0,8,Belinda
Percival,DC,0,8,Belinda
Percival,DN,0,8,Belinda
Petrarch,N,2,8,Belinda
Petrarch,C,0,8,Belinda
Petrarch,I,0,8,Belinda
Petrarch,A,2,8,Belinda
Petrarch,DC,3,8,Belinda
Petrarch,DN,0,8,Belinda
Queen Elizabeth,N,0,8,Belinda
Queen Elizabeth,C,0,8,Belinda
Queen Elizabeth,I,0,8,Belinda
Queen Elizabeth,A,0,8,Belinda
Queen Elizabeth,DC,0,8,Belinda
Queen Elizabeth,DN,0,8,Belinda
Rachel,N,0,8,Belinda
Rachel,C,0,8,Belinda
Rachel,I,0,8,Belinda
Rachel,A,0,8,Belinda
Rachel,DC,0,8,Belinda
Rachel,DN,0,8,Belinda
Rochfort,N,0,8,Belinda
Rochfort,C,0,8,Belinda
Rochfort,I,0,8,Belinda
Rochfort,A,0,8,Belinda
Rochfort,DC,0,8,Belinda
Rochfort,DN,0,8,Belinda
Sir Philip,N,0,8,Belinda
Sir Philip,C,0,8,Belinda
Sir Philip,I,0,8,Belinda
Sir Philip,A,0,8,Belinda
Sir Philip,DC,0,8,Belinda
Sir Philip,DN,0,8,Belinda
Solomon,N,0,8,Belinda
Solomon,C,0,8,Belinda
Solomon,I,0,8,Belinda
Solomon,A,0,8,Belinda
Solomon,DC,0,8,Belinda
Solomon,DN,0,8,Belinda
Tollemache,N,0,8,Belinda
Tollemache,C,0,8,Belinda
Tollemache,I,0,8,Belinda
Tollemache,A,0,8,Belinda
Tollemache,DC,0,8,Belinda
Tollemache,DN,0,8,Belinda
Valleton,N,0,8,Belinda
Valleton,C,0,8,Belinda
Valleton,I,0,8,Belinda
Valleton,A,0,8,Belinda
Valleton,DC,0,8,Belinda
Valleton,DN,0,8,Belinda
Virginia,N,0,8,Belinda
Virginia,C,0,8,Belinda
Virginia,I,0,8,Belinda
Virginia,A,0,8,Belinda
Virginia,DC,0,8,Belinda
Virginia,DN,0,8,Belinda
Young Vincent,N,0,8,Belinda
Young Vincent,C,0,8,Belinda
Young Vincent,I,0,8,Belinda
Young Vincent,A,0,8,Belinda
Young Vincent,DC,0,8,Belinda
Young Vincent,DN,0,8,Belinda
de Grignan,N,0,8,Belinda
de Grignan,C,0,8,Belinda
de Grignan,I,0,8,Belinda
de Grignan,A,0,8,Belinda
de Grignan,DC,0,8,Belinda
de Grignan,DN,0,8,Belinda
de Pomenars,N,0,8,Belinda
de Pomenars,C,0,8,Belinda
de Pomenars,I,0,8,Belinda
de Pomenars,A,0,8,Belinda
de Pomenars,DC,0,8,Belinda
de Pomenars,DN,0,8,Belinda
poor Lawless,N,0,8,Belinda
poor Lawless,C,0,8,Belinda
poor Lawless,I,0,8,Belinda
poor Lawless,A,0,8,Belinda
poor Lawless,DC,0,8,Belinda
poor Lawless,DN,0,8,Belinda
the Luttridges,N,0,8,Belinda
the Luttridges,C,0,8,Belinda
the Luttridges,I,0,8,Belinda
the Luttridges,A,0,8,Belinda
the Luttridges,DC,0,8,Belinda
the Luttridges,DN,0,8,Belinda
the Percivals,N,0,8,Belinda
the Percivals,C,0,8,Belinda
the Percivals,I,0,8,Belinda
the Percivals,A,0,8,Belinda
the Percivals,DC,0,8,Belinda
the Percivals,DN,0,8,Belinda
the honourable Mrs. Levit,N,0,8,Belinda
the honourable Mrs. Levit,C,0,8,Belinda
the honourable Mrs. Levit,I,0,8,Belinda
the honourable Mrs. Levit,A,0,8,Belinda
the honourable Mrs. Levit,DC,0,8,Belinda
the honourable Mrs. Levit,DN,0,8,Belinda
Annabella,N,0,9,Belinda
Annabella,C,0,9,Belinda
Annabella,I,0,9,Belinda
Annabella,A,0,9,Belinda
Annabella,DC,0,9,Belinda
Annabella,DN,0,9,Belinda
Belinda,N,46,9,Belinda
Belinda,C,17,9,Belinda
Belinda,I,21,9,Belinda
Belinda,A,22,9,Belinda
Belinda,DC,20,9,Belinda
Belinda,DN,7,9,Belinda
Bobby,N,0,9,Belinda
Bobby,C,0,9,Belinda
Bobby,I,0,9,Belinda
Bobby,A,0,9,Belinda
Bobby,DC,0,9,Belinda
Bobby,DN,0,9,Belinda
Captain Sunderland,N,0,9,Belinda
Captain Sunderland,C,0,9,Belinda
Captain Sunderland,I,0,9,Belinda
Captain Sunderland,A,0,9,Belinda
Captain Sunderland,DC,0,9,Belinda
Captain Sunderland,DN,0,9,Belinda
Champfort,N,0,9,Belinda
Champfort,C,0,9,Belinda
Champfort,I,0,9,Belinda
Champfort,A,0,9,Belinda
Champfort,DC,0,9,Belinda
Champfort,DN,0,9,Belinda
Charles,N,0,9,Belinda
Charles,C,0,9,Belinda
Charles,I,0,9,Belinda
Charles,A,0,9,Belinda
Charles,DC,0,9,Belinda
Charles,DN,0,9,Belinda
Clarence,N,0,9,Belinda
Clarence,C,0,9,Belinda
Clarence,I,0,9,Belinda
Clarence,A,0,9,Belinda
Clarence,DC,0,9,Belinda
Clarence,DN,0,9,Belinda
Clarence Hervey,N,0,9,Belinda
Clarence Hervey,C,0,9,Belinda
Clarence Hervey,I,0,9,Belinda
Clarence Hervey,A,0,9,Belinda
Clarence Hervey,DC,0,9,Belinda
Clarence Hervey,DN,0,9,Belinda
Clary,N,8,9,Belinda
Clary,C,0,9,Belinda
Clary,I,0,9,Belinda
Clary,A,1,9,Belinda
Clary,DC,7,9,Belinda
Clary,DN,0,9,Belinda
Cupid,N,0,9,Belinda
Cupid,C,0,9,Belinda
Cupid,I,0,9,Belinda
Cupid,A,0,9,Belinda
Cupid,DC,0,9,Belinda
Cupid,DN,0,9,Belinda
Damme,N,2,9,Belinda
Damme,C,0,9,Belinda
Damme,I,6,9,Belinda
Damme,A,4,9,Belinda
Damme,DC,10,9,Belinda
Damme,DN,0,9,Belinda
Doctor X----,N,1,9,Belinda
Doctor X----,C,0,9,Belinda
Doctor X----,I,0,9,Belinda
Doctor X----,A,0,9,Belinda
Doctor X----,DC,0,9,Belinda
Doctor X----,DN,0,9,Belinda
Dr. X----,N,23,9,Belinda
Dr. X----,C,10,9,Belinda
Dr. X----,I,1,9,Belinda
Dr. X----,A,6,9,Belinda
Dr. X----,DC,0,9,Belinda
Dr. X----,DN,2,9,Belinda
Edward,N,0,9,Belinda
Edward,C,0,9,Belinda
Edward,I,0,9,Belinda
Edward,A,0,9,Belinda
Edward,DC,0,9,Belinda
Edward,DN,0,9,Belinda
Fawcett,N,0,9,Belinda
Fawcett,C,0,9,Belinda
Fawcett,I,0,9,Belinda
Fawcett,A,0,9,Belinda
Fawcett,DC,0,9,Belinda
Fawcett,DN,0,9,Belinda
God,N,0,9,Belinda
God,C,0,9,Belinda
God,I,0,9,Belinda
God,A,0,9,Belinda
God,DC,0,9,Belinda
God,DN,0,9,Belinda
Harriot,N,0,9,Belinda
Harriot,C,0,9,Belinda
Harriot,I,0,9,Belinda
Harriot,A,0,9,Belinda
Harriot,DC,0,9,Belinda
Harriot,DN,0,9,Belinda
Heaven,N,0,9,Belinda
Heaven,C,0,9,Belinda
Heaven,I,0,9,Belinda
Heaven,A,0,9,Belinda
Heaven,DC,0,9,Belinda
Heaven,DN,0,9,Belinda
Helena,N,10,9,Belinda
Helena,C,0,9,Belinda
Helena,I,2,9,Belinda
Helena,A,3,9,Belinda
Helena,DC,14,9,Belinda
Helena,DN,0,9,Belinda
James,N,0,9,Belinda
James,C,0,9,Belinda
James,I,0,9,Belinda
James,A,0,9,Belinda
James,DC,0,9,Belinda
James,DN,0,9,Belinda
Jenny Mason,N,0,9,Belinda
Jenny Mason,C,0,9,Belinda
Jenny Mason,I,0,9,Belinda
Jenny Mason,A,0,9,Belinda
Jenny Mason,DC,0,9,Belinda
Jenny Mason,DN,0,9,Belinda
Joddrell,N,0,9,Belinda
Joddrell,C,0,9,Belinda
Joddrell,I,0,9,Belinda
Joddrell,A,0,9,Belinda
Joddrell,DC,0,9,Belinda
Joddrell,DN,0,9,Belinda
Jove,N,0,9,Belinda
Jove,C,0,9,Belinda
Jove,I,0,9,Belinda
Jove,A,0,9,Belinda
Jove,DC,0,9,Belinda
Jove,DN,0,9,Belinda
Juba,N,0,9,Belinda
Juba,C,0,9,Belinda
Juba,I,0,9,Belinda
Juba,A,0,9,Belinda
Juba,DC,0,9,Belinda
Juba,DN,0,9,Belinda
Lady Almeria,N,0,9,Belinda
Lady Almeria,C,0,9,Belinda
Lady Almeria,I,0,9,Belinda
Lady Almeria,A,0,9,Belinda
Lady Almeria,DC,0,9,Belinda
Lady Almeria,DN,0,9,Belinda
Lady Anne,N,17,9,Belinda
Lady Anne,C,0,9,Belinda
Lady Anne,I,0,9,Belinda
Lady Anne,A,2,9,Belinda
Lady Anne,DC,11,9,Belinda
Lady Anne,DN,2,9,Belinda
Lady Boucher,N,0,9,Belinda
Lady Boucher,C,0,9,Belinda
Lady Boucher,I,0,9,Belinda
Lady Boucher,A,0,9,Belinda
Lady Boucher,DC,0,9,Belinda
Lady Boucher,DN,0,9,Belinda
Lady Delacour,N,43,9,Belinda
Lady Delacour,C,25,9,Belinda
Lady Delacour,I,27,9,Belinda
Lady Delacour,A,26,9,Belinda
Lady Delacour,DC,30,9,Belinda
Lady Delacour,DN,4,9,Belinda
Lady Singleton,N,0,9,Belinda
Lady Singleton,C,0,9,Belinda
Lady Singleton,I,0,9,Belinda
Lady Singleton,A,0,9,Belinda
Lady Singleton,DC,0,9,Belinda
Lady Singleton,DN,0,9,Belinda
Lawless,N,0,9,Belinda
Lawless,C,0,9,Belinda
Lawless,I,0,9,Belinda
Lawless,A,0,9,Belinda
Lawless,DC,0,9,Belinda
Lawless,DN,0,9,Belinda
Lord,N,0,9,Belinda
Lord,C,0,9,Belinda
Lord,I,0,9,Belinda
Lord,A,0,9,Belinda
Lord,DC,0,9,Belinda
Lord,DN,0,9,Belinda
Lord Delacour,N,1,9,Belinda
Lord Delacour,C,0,9,Belinda
Lord Delacour,I,0,9,Belinda
Lord Delacour,A,0,9,Belinda
Lord Delacour,DC,0,9,Belinda
Lord Delacour,DN,0,9,Belinda
Lord Studley,N,0,9,Belinda
Lord Studley,C,0,9,Belinda
Lord Studley,I,0,9,Belinda
Lord Studley,A,0,9,Belinda
Lord Studley,DC,0,9,Belinda
Lord Studley,DN,0,9,Belinda
Lucy,N,0,9,Belinda
Lucy,C,0,9,Belinda
Lucy,I,0,9,Belinda
Lucy,A,0,9,Belinda
Lucy,DC,0,9,Belinda
Lucy,DN,0,9,Belinda
M. de St. Pierre,N,0,9,Belinda
M. de St. Pierre,C,0,9,Belinda
M. de St. Pierre,I,0,9,Belinda
M. de St. Pierre,A,0,9,Belinda
M. de St. Pierre,DC,0,9,Belinda
M. de St. Pierre,DN,0,9,Belinda
Mad,N,0,9,Belinda
Mad,C,0,9,Belinda
Mad,I,0,9,Belinda
Mad,A,0,9,Belinda
Mad,DC,0,9,Belinda
Mad,DN,0,9,Belinda
Mamma,N,0,9,Belinda
Mamma,C,0,9,Belinda
Mamma,I,0,9,Belinda
Mamma,A,0,9,Belinda
Mamma,DC,0,9,Belinda
Mamma,DN,0,9,Belinda
Marraton,N,0,9,Belinda
Marraton,C,0,9,Belinda
Marraton,I,0,9,Belinda
Marraton,A,0,9,Belinda
Marraton,DC,0,9,Belinda
Marraton,DN,0,9,Belinda
Marriott,N,1,9,Belinda
Marriott,C,0,9,Belinda
Marriott,I,0,9,Belinda
Marriott,A,0,9,Belinda
Marriott,DC,0,9,Belinda
Marriott,DN,0,9,Belinda
Ma’am,N,0,9,Belinda
Ma’am,C,0,9,Belinda
Ma’am,I,0,9,Belinda
Ma’am,A,0,9,Belinda
Ma’am,DC,0,9,Belinda
Ma’am,DN,0,9,Belinda
Milord,N,0,9,Belinda
Milord,C,0,9,Belinda
Milord,I,0,9,Belinda
Milord,A,0,9,Belinda
Milord,DC,0,9,Belinda
Milord,DN,0,9,Belinda
Miss Delacour,N,2,9,Belinda
Miss Delacour,C,0,9,Belinda
Miss Delacour,I,0,9,Belinda
Miss Delacour,A,3,9,Belinda
Miss Delacour,DC,2,9,Belinda
Miss Delacour,DN,1,9,Belinda
Miss Hartley,N,0,9,Belinda
Miss Hartley,C,0,9,Belinda
Miss Hartley,I,0,9,Belinda
Miss Hartley,A,0,9,Belinda
Miss Hartley,DC,0,9,Belinda
Miss Hartley,DN,0,9,Belinda
Miss Honour O’Grady,N,0,9,Belinda
Miss Honour O’Grady,C,0,9,Belinda
Miss Honour O’Grady,I,0,9,Belinda
Miss Honour O’Grady,A,0,9,Belinda
Miss Honour O’Grady,DC,0,9,Belinda
Miss Honour O’Grady,DN,0,9,Belinda
Miss Moreton,N,0,9,Belinda
Miss Moreton,C,0,9,Belinda
Miss Moreton,I,0,9,Belinda
Miss Moreton,A,0,9,Belinda
Miss Moreton,DC,0,9,Belinda
Miss Moreton,DN,0,9,Belinda
Miss Portman----,N,0,9,Belinda
Miss Portman----,C,0,9,Belinda
Miss Portman----,I,0,9,Belinda
Miss Portman----,A,0,9,Belinda
Miss Portman----,DC,0,9,Belinda
Miss Portman----,DN,0,9,Belinda
Miss St. Pierre,N,0,9,Belinda
Miss St. Pierre,C,0,9,Belinda
Miss St. Pierre,I,0,9,Belinda
Miss St. Pierre,A,0,9,Belinda
Miss St. Pierre,DC,0,9,Belinda
Miss St. Pierre,DN,0,9,Belinda
Mr. Freke,N,0,9,Belinda
Mr. Freke,C,0,9,Belinda
Mr. Freke,I,0,9,Belinda
Mr. Freke,A,0,9,Belinda
Mr. Freke,DC,0,9,Belinda
Mr. Freke,DN,0,9,Belinda
Mr. Hartley,N,0,9,Belinda
Mr. Hartley,C,0,9,Belinda
Mr. Hartley,I,0,9,Belinda
Mr. Hartley,A,0,9,Belinda
Mr. Hartley,DC,0,9,Belinda
Mr. Hartley,DN,0,9,Belinda
Mr. Hervey,N,59,9,Belinda
Mr. Hervey,C,63,9,Belinda
Mr. Hervey,I,37,9,Belinda
Mr. Hervey,A,33,9,Belinda
Mr. Hervey,DC,13,9,Belinda
Mr. Hervey,DN,11,9,Belinda
Mr. Horton,N,0,9,Belinda
Mr. Horton,C,0,9,Belinda
Mr. Horton,I,0,9,Belinda
Mr. Horton,A,0,9,Belinda
Mr. Horton,DC,0,9,Belinda
Mr. Horton,DN,0,9,Belinda
Mr. Luttridge,N,0,9,Belinda
Mr. Luttridge,C,0,9,Belinda
Mr. Luttridge,I,0,9,Belinda
Mr. Luttridge,A,0,9,Belinda
Mr. Luttridge,DC,0,9,Belinda
Mr. Luttridge,DN,0,9,Belinda
Mr. Percival,N,0,9,Belinda
Mr. Percival,C,0,9,Belinda
Mr. Percival,I,0,9,Belinda
Mr. Percival,A,0,9,Belinda
Mr. Percival,DC,0,9,Belinda
Mr. Percival,DN,0,9,Belinda
Mr. St. George,N,0,9,Belinda
Mr. St. George,C,0,9,Belinda
Mr. St. George,I,0,9,Belinda
Mr. St. George,A,0,9,Belinda
Mr. St. George,DC,0,9,Belinda
Mr. St. George,DN,0,9,Belinda
Mr. V----,N,0,9,Belinda
Mr. V----,C,0,9,Belinda
Mr. V----,I,0,9,Belinda
Mr. V----,A,0,9,Belinda
Mr. V----,DC,0,9,Belinda
Mr. V----,DN,0,9,Belinda
Mr. Vincent,N,0,9,Belinda
Mr. Vincent,C,0,9,Belinda
Mr. Vincent,I,0,9,Belinda
Mr. Vincent,A,0,9,Belinda
Mr. Vincent,DC,0,9,Belinda
Mr. Vincent,DN,0,9,Belinda
Mrs. ----,N,0,9,Belinda
Mrs. ----,C,0,9,Belinda
Mrs. ----,I,0,9,Belinda
Mrs. ----,A,0,9,Belinda
Mrs. ----,DC,0,9,Belinda
Mrs. ----,DN,0,9,Belinda
Mrs. Delacour,N,5,9,Belinda
Mrs. Delacour,C,0,9,Belinda
Mrs. Delacour,I,1,9,Belinda
Mrs. Delacour,A,6,9,Belinda
Mrs. Delacour,DC,5,9,Belinda
Mrs. Delacour,DN,2,9,Belinda
Mrs. Dumont,N,0,9,Belinda
Mrs. Dumont,C,0,9,Belinda
Mrs. Dumont,I,0,9,Belinda
Mrs. Dumont,A,0,9,Belinda
Mrs. Dumont,DC,0,9,Belinda
Mrs. Dumont,DN,0,9,Belinda
Mrs. Franks,N,2,9,Belinda
Mrs. Franks,C,0,9,Belinda
Mrs. Franks,I,0,9,Belinda
Mrs. Franks,A,0,9,Belinda
Mrs. Franks,DC,0,9,Belinda
Mrs. Franks,DN,0,9,Belinda
Mrs. Freke,N,0,9,Belinda
Mrs. Freke,C,0,9,Belinda
Mrs. Freke,I,0,9,Belinda
Mrs. Freke,A,0,9,Belinda
Mrs. Freke,DC,0,9,Belinda
Mrs. Freke,DN,0,9,Belinda
Mrs. Luttridge,N,2,9,Belinda
Mrs. Luttridge,C,0,9,Belinda
Mrs. Luttridge,I,0,9,Belinda
Mrs. Luttridge,A,1,9,Belinda
Mrs. Luttridge,DC,1,9,Belinda
Mrs. Luttridge,DN,0,9,Belinda
Mrs. Ormond,N,0,9,Belinda
Mrs. Ormond,C,0,9,Belinda
Mrs. Ormond,I,0,9,Belinda
Mrs. Ormond,A,0,9,Belinda
Mrs. Ormond,DC,0,9,Belinda
Mrs. Ormond,DN,0,9,Belinda
Mrs. Smith,N,0,9,Belinda
Mrs. Smith,C,0,9,Belinda
Mrs. Smith,I,0,9,Belinda
Mrs. Smith,A,0,9,Belinda
Mrs. Smith,DC,0,9,Belinda
Mrs. Smith,DN,0,9,Belinda
Mrs. Stanhope,N,2,9,Belinda
Mrs. Stanhope,C,0,9,Belinda
Mrs. Stanhope,I,0,9,Belinda
Mrs. Stanhope,A,0,9,Belinda
Mrs. Stanhope,DC,1,9,Belinda
Mrs. Stanhope,DN,0,9,Belinda
Mrs. Stanhope:--,N,0,9,Belinda
Mrs. Stanhope:--,C,0,9,Belinda
Mrs. Stanhope:--,I,0,9,Belinda
Mrs. Stanhope:--,A,0,9,Belinda
Mrs. Stanhope:--,DC,0,9,Belinda
Mrs. Stanhope:--,DN,0,9,Belinda
NIECE,N,0,9,Belinda
NIECE,C,0,9,Belinda
NIECE,I,0,9,Belinda
NIECE,A,0,9,Belinda
NIECE,DC,0,9,Belinda
NIECE,DN,0,9,Belinda
Paul,N,0,9,Belinda
Paul,C,0,9,Belinda
Paul,I,0,9,Belinda
Paul,A,0,9,Belinda
Paul,DC,0,9,Belinda
Paul,DN,0,9,Belinda
Percival,N,0,9,Belinda
Percival,C,0,9,Belinda
Percival,I,0,9,Belinda
Percival,A,0,9,Belinda
Percival,DC,0,9,Belinda
Percival,DN,0,9,Belinda
Petrarch,N,0,9,Belinda
Petrarch,C,0,9,Belinda
Petrarch,I,0,9,Belinda
Petrarch,A,0,9,Belinda
Petrarch,DC,0,9,Belinda
Petrarch,DN,0,9,Belinda
Queen Elizabeth,N,3,9,Belinda
Queen Elizabeth,C,0,9,Belinda
Queen Elizabeth,I,1,9,Belinda
Queen Elizabeth,A,1,9,Belinda
Queen Elizabeth,DC,2,9,Belinda
Queen Elizabeth,DN,0,9,Belinda
Rachel,N,0,9,Belinda
Rachel,C,0,9,Belinda
Rachel,I,0,9,Belinda
Rachel,A,0,9,Belinda
Rachel,DC,0,9,Belinda
Rachel,DN,0,9,Belinda
Rochfort,N,7,9,Belinda
Rochfort,C,5,9,Belinda
Rochfort,I,2,9,Belinda
Rochfort,A,0,9,Belinda
Rochfort,DC,1,9,Belinda
Rochfort,DN,0,9,Belinda
Sir Philip,N,9,9,Belinda
Sir Philip,C,9,9,Belinda
Sir Philip,I,5,9,Belinda
Sir Philip,A,1,9,Belinda
Sir Philip,DC,0,9,Belinda
Sir Philip,DN,0,9,Belinda
Solomon,N,1,9,Belinda
Solomon,C,0,9,Belinda
Solomon,I,0,9,Belinda
Solomon,A,0,9,Belinda
Solomon,DC,1,9,Belinda
Solomon,DN,0,9,Belinda
Tollemache,N,0,9,Belinda
Tollemache,C,0,9,Belinda
Tollemache,I,0,9,Belinda
Tollemache,A,0,9,Belinda
Tollemache,DC,0,9,Belinda
Tollemache,DN,0,9,Belinda
Valleton,N,0,9,Belinda
Valleton,C,0,9,Belinda
Valleton,I,0,9,Belinda
Valleton,A,0,9,Belinda
Valleton,DC,0,9,Belinda
Valleton,DN,0,9,Belinda
Virginia,N,0,9,Belinda
Virginia,C,0,9,Belinda
Virginia,I,0,9,Belinda
Virginia,A,0,9,Belinda
Virginia,DC,0,9,Belinda
Virginia,DN,0,9,Belinda
Young Vincent,N,0,9,Belinda
Young Vincent,C,0,9,Belinda
Young Vincent,I,0,9,Belinda
Young Vincent,A,0,9,Belinda
Young Vincent,DC,0,9,Belinda
Young Vincent,DN,0,9,Belinda
de Grignan,N,0,9,Belinda
de Grignan,C,0,9,Belinda
de Grignan,I,0,9,Belinda
de Grignan,A,0,9,Belinda
de Grignan,DC,0,9,Belinda
de Grignan,DN,0,9,Belinda
de Pomenars,N,0,9,Belinda
de Pomenars,C,0,9,Belinda
de Pomenars,I,0,9,Belinda
de Pomenars,A,0,9,Belinda
de Pomenars,DC,0,9,Belinda
de Pomenars,DN,0,9,Belinda
poor Lawless,N,0,9,Belinda
poor Lawless,C,0,9,Belinda
poor Lawless,I,0,9,Belinda
poor Lawless,A,0,9,Belinda
poor Lawless,DC,0,9,Belinda
poor Lawless,DN,0,9,Belinda
the Luttridges,N,0,9,Belinda
the Luttridges,C,0,9,Belinda
the Luttridges,I,0,9,Belinda
the Luttridges,A,0,9,Belinda
the Luttridges,DC,0,9,Belinda
the Luttridges,DN,0,9,Belinda
the Percivals,N,0,9,Belinda
the Percivals,C,0,9,Belinda
the Percivals,I,0,9,Belinda
the Percivals,A,0,9,Belinda
the Percivals,DC,0,9,Belinda
the Percivals,DN,0,9,Belinda
the honourable Mrs. Levit,N,0,9,Belinda
the honourable Mrs. Levit,C,0,9,Belinda
the honourable Mrs. Levit,I,0,9,Belinda
the honourable Mrs. Levit,A,0,9,Belinda
the honourable Mrs. Levit,DC,0,9,Belinda
the honourable Mrs. Levit,DN,0,9,Belinda
Annabella,N,0,10,Belinda
Annabella,C,0,10,Belinda
Annabella,I,0,10,Belinda
Annabella,A,0,10,Belinda
Annabella,DC,0,10,Belinda
Annabella,DN,0,10,Belinda
Belinda,N,55,10,Belinda
Belinda,C,45,10,Belinda
Belinda,I,21,10,Belinda
Belinda,A,32,10,Belinda
Belinda,DC,21,10,Belinda
Belinda,DN,2,10,Belinda
Bobby,N,0,10,Belinda
Bobby,C,0,10,Belinda
Bobby,I,0,10,Belinda
Bobby,A,0,10,Belinda
Bobby,DC,0,10,Belinda
Bobby,DN,0,10,Belinda
Captain Sunderland,N,0,10,Belinda
Captain Sunderland,C,0,10,Belinda
Captain Sunderland,I,0,10,Belinda
Captain Sunderland,A,0,10,Belinda
Captain Sunderland,DC,0,10,Belinda
Captain Sunderland,DN,0,10,Belinda
Champfort,N,1,10,Belinda
Champfort,C,0,10,Belinda
Champfort,I,0,10,Belinda
Champfort,A,1,10,Belinda
Champfort,DC,0,10,Belinda
Champfort,DN,0,10,Belinda
Charles,N,0,10,Belinda
Charles,C,0,10,Belinda
Charles,I,0,10,Belinda
Charles,A,0,10,Belinda
Charles,DC,0,10,Belinda
Charles,DN,0,10,Belinda
Clarence,N,0,10,Belinda
Clarence,C,0,10,Belinda
Clarence,I,0,10,Belinda
Clarence,A,0,10,Belinda
Clarence,DC,0,10,Belinda
Clarence,DN,0,10,Belinda
Clarence Hervey,N,0,10,Belinda
Clarence Hervey,C,0,10,Belinda
Clarence Hervey,I,0,10,Belinda
Clarence Hervey,A,0,10,Belinda
Clarence Hervey,DC,0,10,Belinda
Clarence Hervey,DN,0,10,Belinda
Clary,N,0,10,Belinda
Clary,C,0,10,Belinda
Clary,I,0,10,Belinda
Clary,A,0,10,Belinda
Clary,DC,0,10,Belinda
Clary,DN,0,10,Belinda
Cupid,N,0,10,Belinda
Cupid,C,0,10,Belinda
Cupid,I,0,10,Belinda
Cupid,A,0,10,Belinda
Cupid,DC,0,10,Belinda
Cupid,DN,0,10,Belinda
Damme,N,0,10,Belinda
Damme,C,0,10,Belinda
Damme,I,0,10,Belinda
Damme,A,0,10,Belinda
Damme,DC,0,10,Belinda
Damme,DN,0,10,Belinda
Doctor X----,N,0,10,Belinda
Doctor X----,C,0,10,Belinda
Doctor X----,I,0,10,Belinda
Doctor X----,A,0,10,Belinda
Doctor X----,DC,0,10,Belinda
Doctor X----,DN,0,10,Belinda
Dr. X----,N,19,10,Belinda
Dr. X----,C,8,10,Belinda
Dr. X----,I,5,10,Belinda
Dr. X----,A,4,10,Belinda
Dr. X----,DC,12,10,Belinda
Dr. X----,DN,0,10,Belinda
Edward,N,0,10,Belinda
Edward,C,0,10,Belinda
Edward,I,0,10,Belinda
Edward,A,0,10,Belinda
Edward,DC,0,10,Belinda
Edward,DN,0,10,Belinda
Fawcett,N,0,10,Belinda
Fawcett,C,0,10,Belinda
Fawcett,I,0,10,Belinda
Fawcett,A,0,10,Belinda
Fawcett,DC,0,10,Belinda
Fawcett,DN,0,10,Belinda
God,N,0,10,Belinda
God,C,0,10,Belinda
God,I,0,10,Belinda
God,A,0,10,Belinda
God,DC,0,10,Belinda
God,DN,0,10,Belinda
Harriot,N,0,10,Belinda
Harriot,C,0,10,Belinda
Harriot,I,0,10,Belinda
Harriot,A,0,10,Belinda
Harriot,DC,0,10,Belinda
Harriot,DN,0,10,Belinda
Heaven,N,0,10,Belinda
Heaven,C,0,10,Belinda
Heaven,I,0,10,Belinda
Heaven,A,0,10,Belinda
Heaven,DC,0,10,Belinda
Heaven,DN,0,10,Belinda
Helena,N,0,10,Belinda
Helena,C,0,10,Belinda
Helena,I,0,10,Belinda
Helena,A,0,10,Belinda
Helena,DC,0,10,Belinda
Helena,DN,0,10,Belinda
James,N,1,10,Belinda
James,C,0,10,Belinda
James,I,0,10,Belinda
James,A,0,10,Belinda
James,DC,1,10,Belinda
James,DN,0,10,Belinda
Jenny Mason,N,0,10,Belinda
Jenny Mason,C,0,10,Belinda
Jenny Mason,I,0,10,Belinda
Jenny Mason,A,0,10,Belinda
Jenny Mason,DC,0,10,Belinda
Jenny Mason,DN,0,10,Belinda
Joddrell,N,0,10,Belinda
Joddrell,C,0,10,Belinda
Joddrell,I,0,10,Belinda
Joddrell,A,0,10,Belinda
Joddrell,DC,0,10,Belinda
Joddrell,DN,0,10,Belinda
Jove,N,0,10,Belinda
Jove,C,0,10,Belinda
Jove,I,0,10,Belinda
Jove,A,0,10,Belinda
Jove,DC,0,10,Belinda
Jove,DN,0,10,Belinda
Juba,N,0,10,Belinda
Juba,C,0,10,Belinda
Juba,I,0,10,Belinda
Juba,A,0,10,Belinda
Juba,DC,0,10,Belinda
Juba,DN,0,10,Belinda
Lady Almeria,N,0,10,Belinda
Lady Almeria,C,0,10,Belinda
Lady Almeria,I,0,10,Belinda
Lady Almeria,A,0,10,Belinda
Lady Almeria,DC,0,10,Belinda
Lady Almeria,DN,0,10,Belinda
Lady Anne,N,0,10,Belinda
Lady Anne,C,0,10,Belinda
Lady Anne,I,0,10,Belinda
Lady Anne,A,0,10,Belinda
Lady Anne,DC,0,10,Belinda
Lady Anne,DN,0,10,Belinda
Lady Boucher,N,0,10,Belinda
Lady Boucher,C,0,10,Belinda
Lady Boucher,I,0,10,Belinda
Lady Boucher,A,0,10,Belinda
Lady Boucher,DC,0,10,Belinda
Lady Boucher,DN,0,10,Belinda
Lady Delacour,N,42,10,Belinda
Lady Delacour,C,21,10,Belinda
Lady Delacour,I,22,10,Belinda
Lady Delacour,A,31,10,Belinda
Lady Delacour,DC,27,10,Belinda
Lady Delacour,DN,5,10,Belinda
Lady Singleton,N,0,10,Belinda
Lady Singleton,C,0,10,Belinda
Lady Singleton,I,0,10,Belinda
Lady Singleton,A,0,10,Belinda
Lady Singleton,DC,0,10,Belinda
Lady Singleton,DN,0,10,Belinda
Lawless,N,2,10,Belinda
Lawless,C,0,10,Belinda
Lawless,I,1,10,Belinda
Lawless,A,0,10,Belinda
Lawless,DC,0,10,Belinda
Lawless,DN,1,10,Belinda
Lord,N,0,10,Belinda
Lord,C,0,10,Belinda
Lord,I,0,10,Belinda
Lord,A,0,10,Belinda
Lord,DC,0,10,Belinda
Lord,DN,0,10,Belinda
Lord Delacour,N,10,10,Belinda
Lord Delacour,C,5,10,Belinda
Lord Delacour,I,5,10,Belinda
Lord Delacour,A,2,10,Belinda
Lord Delacour,DC,2,10,Belinda
Lord Delacour,DN,0,10,Belinda
Lord Studley,N,0,10,Belinda
Lord Studley,C,0,10,Belinda
Lord Studley,I,0,10,Belinda
Lord Studley,A,0,10,Belinda
Lord Studley,DC,0,10,Belinda
Lord Studley,DN,0,10,Belinda
Lucy,N,0,10,Belinda
Lucy,C,0,10,Belinda
Lucy,I,0,10,Belinda
Lucy,A,0,10,Belinda
Lucy,DC,0,10,Belinda
Lucy,DN,0,10,Belinda
M. de St. Pierre,N,0,10,Belinda
M. de St. Pierre,C,0,10,Belinda
M. de St. Pierre,I,0,10,Belinda
M. de St. Pierre,A,0,10,Belinda
M. de St. Pierre,DC,0,10,Belinda
M. de St. Pierre,DN,0,10,Belinda
Mad,N,0,10,Belinda
Mad,C,0,10,Belinda
Mad,I,0,10,Belinda
Mad,A,0,10,Belinda
Mad,DC,0,10,Belinda
Mad,DN,0,10,Belinda
Mamma,N,0,10,Belinda
Mamma,C,0,10,Belinda
Mamma,I,0,10,Belinda
Mamma,A,0,10,Belinda
Mamma,DC,0,10,Belinda
Mamma,DN,0,10,Belinda
Marraton,N,0,10,Belinda
Marraton,C,0,10,Belinda
Marraton,I,0,10,Belinda
Marraton,A,0,10,Belinda
Marraton,DC,0,10,Belinda
Marraton,DN,0,10,Belinda
Marriott,N,21,10,Belinda
Marriott,C,10,10,Belinda
Marriott,I,10,10,Belinda
Marriott,A,12,10,Belinda
Marriott,DC,9,10,Belinda
Marriott,DN,2,10,Belinda
Ma’am,N,0,10,Belinda
Ma’am,C,0,10,Belinda
Ma’am,I,0,10,Belinda
Ma’am,A,0,10,Belinda
Ma’am,DC,0,10,Belinda
Ma’am,DN,0,10,Belinda
Milord,N,0,10,Belinda
Milord,C,0,10,Belinda
Milord,I,0,10,Belinda
Milord,A,0,10,Belinda
Milord,DC,0,10,Belinda
Milord,DN,0,10,Belinda
Miss Delacour,N,0,10,Belinda
Miss Delacour,C,0,10,Belinda
Miss Delacour,I,0,10,Belinda
Miss Delacour,A,0,10,Belinda
Miss Delacour,DC,0,10,Belinda
Miss Delacour,DN,0,10,Belinda
Miss Hartley,N,0,10,Belinda
Miss Hartley,C,0,10,Belinda
Miss Hartley,I,0,10,Belinda
Miss Hartley,A,0,10,Belinda
Miss Hartley,DC,0,10,Belinda
Miss Hartley,DN,0,10,Belinda
Miss Honour O’Grady,N,0,10,Belinda
Miss Honour O’Grady,C,0,10,Belinda
Miss Honour O’Grady,I,0,10,Belinda
Miss Honour O’Grady,A,0,10,Belinda
Miss Honour O’Grady,DC,0,10,Belinda
Miss Honour O’Grady,DN,0,10,Belinda
Miss Moreton,N,0,10,Belinda
Miss Moreton,C,0,10,Belinda
Miss Moreton,I,0,10,Belinda
Miss Moreton,A,0,10,Belinda
Miss Moreton,DC,0,10,Belinda
Miss Moreton,DN,0,10,Belinda
Miss Portman----,N,0,10,Belinda
Miss Portman----,C,0,10,Belinda
Miss Portman----,I,0,10,Belinda
Miss Portman----,A,0,10,Belinda
Miss Portman----,DC,0,10,Belinda
Miss Portman----,DN,0,10,Belinda
Miss St. Pierre,N,0,10,Belinda
Miss St. Pierre,C,0,10,Belinda
Miss St. Pierre,I,0,10,Belinda
Miss St. Pierre,A,0,10,Belinda
Miss St. Pierre,DC,0,10,Belinda
Miss St. Pierre,DN,0,10,Belinda
Mr. Freke,N,0,10,Belinda
Mr. Freke,C,0,10,Belinda
Mr. Freke,I,0,10,Belinda
Mr. Freke,A,0,10,Belinda
Mr. Freke,DC,0,10,Belinda
Mr. Freke,DN,0,10,Belinda
Mr. Hartley,N,0,10,Belinda
Mr. Hartley,C,0,10,Belinda
Mr. Hartley,I,0,10,Belinda
Mr. Hartley,A,0,10,Belinda
Mr. Hartley,DC,0,10,Belinda
Mr. Hartley,DN,0,10,Belinda
Mr. Hervey,N,24,10,Belinda
Mr. Hervey,C,26,10,Belinda
Mr. Hervey,I,17,10,Belinda
Mr. Hervey,A,27,10,Belinda
Mr. Hervey,DC,5,10,Belinda
Mr. Hervey,DN,0,10,Belinda
Mr. Horton,N,0,10,Belinda
Mr. Horton,C,0,10,Belinda
Mr. Horton,I,0,10,Belinda
Mr. Horton,A,0,10,Belinda
Mr. Horton,DC,0,10,Belinda
Mr. Horton,DN,0,10,Belinda
Mr. Luttridge,N,0,10,Belinda
Mr. Luttridge,C,0,10,Belinda
Mr. Luttridge,I,0,10,Belinda
Mr. Luttridge,A,0,10,Belinda
Mr. Luttridge,DC,0,10,Belinda
Mr. Luttridge,DN,0,10,Belinda
Mr. Percival,N,0,10,Belinda
Mr. Percival,C,0,10,Belinda
Mr. Percival,I,0,10,Belinda
Mr. Percival,A,0,10,Belinda
Mr. Percival,DC,0,10,Belinda
Mr. Percival,DN,0,10,Belinda
Mr. St. George,N,0,10,Belinda
Mr. St. George,C,0,10,Belinda
Mr. St. George,I,0,10,Belinda
Mr. St. George,A,0,10,Belinda
Mr. St. George,DC,0,10,Belinda
Mr. St. George,DN,0,10,Belinda
Mr. V----,N,0,10,Belinda
Mr. V----,C,0,10,Belinda
Mr. V----,I,0,10,Belinda
Mr. V----,A,0,10,Belinda
Mr. V----,DC,0,10,Belinda
Mr. V----,DN,0,10,Belinda
Mr. Vincent,N,0,10,Belinda
Mr. Vincent,C,0,10,Belinda
Mr. Vincent,I,0,10,Belinda
Mr. Vincent,A,0,10,Belinda
Mr. Vincent,DC,0,10,Belinda
Mr. Vincent,DN,0,10,Belinda
Mrs. ----,N,0,10,Belinda
Mrs. ----,C,0,10,Belinda
Mrs. ----,I,0,10,Belinda
Mrs. ----,A,0,10,Belinda
Mrs. ----,DC,0,10,Belinda
Mrs. ----,DN,0,10,Belinda
Mrs. Delacour,N,0,10,Belinda
Mrs. Delacour,C,0,10,Belinda
Mrs. Delacour,I,0,10,Belinda
Mrs. Delacour,A,0,10,Belinda
Mrs. Delacour,DC,0,10,Belinda
Mrs. Delacour,DN,0,10,Belinda
Mrs. Dumont,N,0,10,Belinda
Mrs. Dumont,C,0,10,Belinda
Mrs. Dumont,I,0,10,Belinda
Mrs. Dumont,A,0,10,Belinda
Mrs. Dumont,DC,0,10,Belinda
Mrs. Dumont,DN,0,10,Belinda
Mrs. Franks,N,0,10,Belinda
Mrs. Franks,C,0,10,Belinda
Mrs. Franks,I,0,10,Belinda
Mrs. Franks,A,0,10,Belinda
Mrs. Franks,DC,0,10,Belinda
Mrs. Franks,DN,0,10,Belinda
Mrs. Freke,N,0,10,Belinda
Mrs. Freke,C,0,10,Belinda
Mrs. Freke,I,0,10,Belinda
Mrs. Freke,A,0,10,Belinda
Mrs. Freke,DC,0,10,Belinda
Mrs. Freke,DN,0,10,Belinda
Mrs. Luttridge,N,8,10,Belinda
Mrs. Luttridge,C,0,10,Belinda
Mrs. Luttridge,I,0,10,Belinda
Mrs. Luttridge,A,1,10,Belinda
Mrs. Luttridge,DC,3,10,Belinda
Mrs. Luttridge,DN,0,10,Belinda
Mrs. Ormond,N,0,10,Belinda
Mrs. Ormond,C,0,10,Belinda
Mrs. Ormond,I,0,10,Belinda
Mrs. Ormond,A,0,10,Belinda
Mrs. Ormond,DC,0,10,Belinda
Mrs. Ormond,DN,0,10,Belinda
Mrs. Smith,N,0,10,Belinda
Mrs. Smith,C,0,10,Belinda
Mrs. Smith,I,0,10,Belinda
Mrs. Smith,A,0,10,Belinda
Mrs. Smith,DC,0,10,Belinda
Mrs. Smith,DN,0,10,Belinda
Mrs. Stanhope,N,0,10,Belinda
Mrs. Stanhope,C,0,10,Belinda
Mrs. Stanhope,I,0,10,Belinda
Mrs. Stanhope,A,0,10,Belinda
Mrs. Stanhope,DC,0,10,Belinda
Mrs. Stanhope,DN,0,10,Belinda
Mrs. Stanhope:--,N,0,10,Belinda
Mrs. Stanhope:--,C,0,10,Belinda
Mrs. Stanhope:--,I,0,10,Belinda
Mrs. Stanhope:--,A,0,10,Belinda
Mrs. Stanhope:--,DC,0,10,Belinda
Mrs. Stanhope:--,DN,0,10,Belinda
NIECE,N,0,10,Belinda
NIECE,C,0,10,Belinda
NIECE,I,0,10,Belinda
NIECE,A,0,10,Belinda
NIECE,DC,0,10,Belinda
NIECE,DN,0,10,Belinda
Paul,N,0,10,Belinda
Paul,C,0,10,Belinda
Paul,I,0,10,Belinda
Paul,A,0,10,Belinda
Paul,DC,0,10,Belinda
Paul,DN,0,10,Belinda
Percival,N,0,10,Belinda
Percival,C,0,10,Belinda
Percival,I,0,10,Belinda
Percival,A,0,10,Belinda
Percival,DC,0,10,Belinda
Percival,DN,0,10,Belinda
Petrarch,N,0,10,Belinda
Petrarch,C,0,10,Belinda
Petrarch,I,0,10,Belinda
Petrarch,A,0,10,Belinda
Petrarch,DC,0,10,Belinda
Petrarch,DN,0,10,Belinda
Queen Elizabeth,N,0,10,Belinda
Queen Elizabeth,C,0,10,Belinda
Queen Elizabeth,I,0,10,Belinda
Queen Elizabeth,A,0,10,Belinda
Queen Elizabeth,DC,0,10,Belinda
Queen Elizabeth,DN,0,10,Belinda
Rachel,N,0,10,Belinda
Rachel,C,0,10,Belinda
Rachel,I,0,10,Belinda
Rachel,A,0,10,Belinda
Rachel,DC,0,10,Belinda
Rachel,DN,0,10,Belinda
Rochfort,N,0,10,Belinda
Rochfort,C,0,10,Belinda
Rochfort,I,0,10,Belinda
Rochfort,A,0,10,Belinda
Rochfort,DC,0,10,Belinda
Rochfort,DN,0,10,Belinda
Sir Philip,N,1,10,Belinda
Sir Philip,C,0,10,Belinda
Sir Philip,I,0,10,Belinda
Sir Philip,A,0,10,Belinda
Sir Philip,DC,0,10,Belinda
Sir Philip,DN,0,10,Belinda
Solomon,N,0,10,Belinda
Solomon,C,0,10,Belinda
Solomon,I,0,10,Belinda
Solomon,A,0,10,Belinda
Solomon,DC,0,10,Belinda
Solomon,DN,0,10,Belinda
Tollemache,N,0,10,Belinda
Tollemache,C,0,10,Belinda
Tollemache,I,0,10,Belinda
Tollemache,A,0,10,Belinda
Tollemache,DC,0,10,Belinda
Tollemache,DN,0,10,Belinda
Valleton,N,0,10,Belinda
Valleton,C,0,10,Belinda
Valleton,I,0,10,Belinda
Valleton,A,0,10,Belinda
Valleton,DC,0,10,Belinda
Valleton,DN,0,10,Belinda
Virginia,N,0,10,Belinda
Virginia,C,0,10,Belinda
Virginia,I,0,10,Belinda
Virginia,A,0,10,Belinda
Virginia,DC,0,10,Belinda
Virginia,DN,0,10,Belinda
Young Vincent,N,0,10,Belinda
Young Vincent,C,0,10,Belinda
Young Vincent,I,0,10,Belinda
Young Vincent,A,0,10,Belinda
Young Vincent,DC,0,10,Belinda
Young Vincent,DN,0,10,Belinda
de Grignan,N,0,10,Belinda
de Grignan,C,0,10,Belinda
de Grignan,I,0,10,Belinda
de Grignan,A,0,10,Belinda
de Grignan,DC,0,10,Belinda
de Grignan,DN,0,10,Belinda
de Pomenars,N,0,10,Belinda
de Pomenars,C,0,10,Belinda
de Pomenars,I,0,10,Belinda
de Pomenars,A,0,10,Belinda
de Pomenars,DC,0,10,Belinda
de Pomenars,DN,0,10,Belinda
poor Lawless,N,0,10,Belinda
poor Lawless,C,0,10,Belinda
poor Lawless,I,0,10,Belinda
poor Lawless,A,0,10,Belinda
poor Lawless,DC,0,10,Belinda
poor Lawless,DN,0,10,Belinda
the Luttridges,N,0,10,Belinda
the Luttridges,C,0,10,Belinda
the Luttridges,I,0,10,Belinda
the Luttridges,A,0,10,Belinda
the Luttridges,DC,0,10,Belinda
the Luttridges,DN,0,10,Belinda
the Percivals,N,0,10,Belinda
the Percivals,C,0,10,Belinda
the Percivals,I,0,10,Belinda
the Percivals,A,0,10,Belinda
the Percivals,DC,0,10,Belinda
the Percivals,DN,0,10,Belinda
the honourable Mrs. Levit,N,0,10,Belinda
the honourable Mrs. Levit,C,0,10,Belinda
the honourable Mrs. Levit,I,0,10,Belinda
the honourable Mrs. Levit,A,0,10,Belinda
the honourable Mrs. Levit,DC,0,10,Belinda
the honourable Mrs. Levit,DN,0,10,Belinda
Annabella,N,0,11,Belinda
Annabella,C,0,11,Belinda
Annabella,I,0,11,Belinda
Annabella,A,0,11,Belinda
Annabella,DC,0,11,Belinda
Annabella,DN,0,11,Belinda
Belinda,N,60,11,Belinda
Belinda,C,13,11,Belinda
Belinda,I,41,11,Belinda
Belinda,A,35,11,Belinda
Belinda,DC,19,11,Belinda
Belinda,DN,5,11,Belinda
Bobby,N,0,11,Belinda
Bobby,C,0,11,Belinda
Bobby,I,0,11,Belinda
Bobby,A,0,11,Belinda
Bobby,DC,0,11,Belinda
Bobby,DN,0,11,Belinda
Captain Sunderland,N,0,11,Belinda
Captain Sunderland,C,0,11,Belinda
Captain Sunderland,I,0,11,Belinda
Captain Sunderland,A,0,11,Belinda
Captain Sunderland,DC,0,11,Belinda
Captain Sunderland,DN,0,11,Belinda
Champfort,N,0,11,Belinda
Champfort,C,0,11,Belinda
Champfort,I,0,11,Belinda
Champfort,A,0,11,Belinda
Champfort,DC,0,11,Belinda
Champfort,DN,0,11,Belinda
Charles,N,0,11,Belinda
Charles,C,0,11,Belinda
Charles,I,0,11,Belinda
Charles,A,0,11,Belinda
Charles,DC,0,11,Belinda
Charles,DN,0,11,Belinda
Clarence,N,0,11,Belinda
Clarence,C,0,11,Belinda
Clarence,I,0,11,Belinda
Clarence,A,0,11,Belinda
Clarence,DC,0,11,Belinda
Clarence,DN,0,11,Belinda
Clarence Hervey,N,0,11,Belinda
Clarence Hervey,C,0,11,Belinda
Clarence Hervey,I,0,11,Belinda
Clarence Hervey,A,0,11,Belinda
Clarence Hervey,DC,0,11,Belinda
Clarence Hervey,DN,0,11,Belinda
Clary,N,8,11,Belinda
Clary,C,1,11,Belinda
Clary,I,3,11,Belinda
Clary,A,5,11,Belinda
Clary,DC,6,11,Belinda
Clary,DN,0,11,Belinda
Cupid,N,0,11,Belinda
Cupid,C,0,11,Belinda
Cupid,I,0,11,Belinda
Cupid,A,0,11,Belinda
Cupid,DC,0,11,Belinda
Cupid,DN,0,11,Belinda
Damme,N,3,11,Belinda
Damme,C,0,11,Belinda
Damme,I,2,11,Belinda
Damme,A,0,11,Belinda
Damme,DC,2,11,Belinda
Damme,DN,0,11,Belinda
Doctor X----,N,1,11,Belinda
Doctor X----,C,1,11,Belinda
Doctor X----,I,0,11,Belinda
Doctor X----,A,1,11,Belinda
Doctor X----,DC,0,11,Belinda
Doctor X----,DN,0,11,Belinda
Dr. X----,N,7,11,Belinda
Dr. X----,C,2,11,Belinda
Dr. X----,I,0,11,Belinda
Dr. X----,A,8,11,Belinda
Dr. X----,DC,0,11,Belinda
Dr. X----,DN,2,11,Belinda
Edward,N,0,11,Belinda
Edward,C,0,11,Belinda
Edward,I,0,11,Belinda
Edward,A,0,11,Belinda
Edward,DC,0,11,Belinda
Edward,DN,0,11,Belinda
Fawcett,N,1,11,Belinda
Fawcett,C,0,11,Belinda
Fawcett,I,0,11,Belinda
Fawcett,A,2,11,Belinda
Fawcett,DC,1,11,Belinda
Fawcett,DN,0,11,Belinda
God,N,0,11,Belinda
God,C,0,11,Belinda
God,I,0,11,Belinda
God,A,0,11,Belinda
God,DC,0,11,Belinda
God,DN,0,11,Belinda
Harriot,N,0,11,Belinda
Harriot,C,0,11,Belinda
Harriot,I,0,11,Belinda
Harriot,A,0,11,Belinda
Harriot,DC,0,11,Belinda
Harriot,DN,0,11,Belinda
Heaven,N,0,11,Belinda
Heaven,C,0,11,Belinda
Heaven,I,0,11,Belinda
Heaven,A,0,11,Belinda
Heaven,DC,0,11,Belinda
Heaven,DN,0,11,Belinda
Helena,N,0,11,Belinda
Helena,C,0,11,Belinda
Helena,I,0,11,Belinda
Helena,A,0,11,Belinda
Helena,DC,0,11,Belinda
Helena,DN,0,11,Belinda
James,N,0,11,Belinda
James,C,0,11,Belinda
James,I,0,11,Belinda
James,A,0,11,Belinda
James,DC,0,11,Belinda
James,DN,0,11,Belinda
Jenny Mason,N,0,11,Belinda
Jenny Mason,C,0,11,Belinda
Jenny Mason,I,0,11,Belinda
Jenny Mason,A,0,11,Belinda
Jenny Mason,DC,0,11,Belinda
Jenny Mason,DN,0,11,Belinda
Joddrell,N,0,11,Belinda
Joddrell,C,0,11,Belinda
Joddrell,I,0,11,Belinda
Joddrell,A,0,11,Belinda
Joddrell,DC,0,11,Belinda
Joddrell,DN,0,11,Belinda
Jove,N,0,11,Belinda
Jove,C,0,11,Belinda
Jove,I,0,11,Belinda
Jove,A,0,11,Belinda
Jove,DC,0,11,Belinda
Jove,DN,0,11,Belinda
Juba,N,0,11,Belinda
Juba,C,0,11,Belinda
Juba,I,0,11,Belinda
Juba,A,0,11,Belinda
Juba,DC,0,11,Belinda
Juba,DN,0,11,Belinda
Lady Almeria,N,0,11,Belinda
Lady Almeria,C,0,11,Belinda
Lady Almeria,I,0,11,Belinda
Lady Almeria,A,0,11,Belinda
Lady Almeria,DC,0,11,Belinda
Lady Almeria,DN,0,11,Belinda
Lady Anne,N,1,11,Belinda
Lady Anne,C,0,11,Belinda
Lady Anne,I,0,11,Belinda
Lady Anne,A,0,11,Belinda
Lady Anne,DC,0,11,Belinda
Lady Anne,DN,0,11,Belinda
Lady Boucher,N,0,11,Belinda
Lady Boucher,C,0,11,Belinda
Lady Boucher,I,0,11,Belinda
Lady Boucher,A,0,11,Belinda
Lady Boucher,DC,0,11,Belinda
Lady Boucher,DN,0,11,Belinda
Lady Delacour,N,39,11,Belinda
Lady Delacour,C,21,11,Belinda
Lady Delacour,I,34,11,Belinda
Lady Delacour,A,29,11,Belinda
Lady Delacour,DC,7,11,Belinda
Lady Delacour,DN,11,11,Belinda
Lady Singleton,N,0,11,Belinda
Lady Singleton,C,0,11,Belinda
Lady Singleton,I,0,11,Belinda
Lady Singleton,A,0,11,Belinda
Lady Singleton,DC,0,11,Belinda
Lady Singleton,DN,0,11,Belinda
Lawless,N,0,11,Belinda
Lawless,C,0,11,Belinda
Lawless,I,0,11,Belinda
Lawless,A,0,11,Belinda
Lawless,DC,0,11,Belinda
Lawless,DN,0,11,Belinda
Lord,N,0,11,Belinda
Lord,C,0,11,Belinda
Lord,I,0,11,Belinda
Lord,A,0,11,Belinda
Lord,DC,0,11,Belinda
Lord,DN,0,11,Belinda
Lord Delacour,N,2,11,Belinda
Lord Delacour,C,0,11,Belinda
Lord Delacour,I,0,11,Belinda
Lord Delacour,A,1,11,Belinda
Lord Delacour,DC,0,11,Belinda
Lord Delacour,DN,0,11,Belinda
Lord Studley,N,1,11,Belinda
Lord Studley,C,0,11,Belinda
Lord Studley,I,0,11,Belinda
Lord Studley,A,0,11,Belinda
Lord Studley,DC,0,11,Belinda
Lord Studley,DN,0,11,Belinda
Lucy,N,0,11,Belinda
Lucy,C,0,11,Belinda
Lucy,I,0,11,Belinda
Lucy,A,0,11,Belinda
Lucy,DC,0,11,Belinda
Lucy,DN,0,11,Belinda
M. de St. Pierre,N,0,11,Belinda
M. de St. Pierre,C,0,11,Belinda
M. de St. Pierre,I,0,11,Belinda
M. de St. Pierre,A,0,11,Belinda
M. de St. Pierre,DC,0,11,Belinda
M. de St. Pierre,DN,0,11,Belinda
Mad,N,0,11,Belinda
Mad,C,0,11,Belinda
Mad,I,0,11,Belinda
Mad,A,0,11,Belinda
Mad,DC,0,11,Belinda
Mad,DN,0,11,Belinda
Mamma,N,0,11,Belinda
Mamma,C,0,11,Belinda
Mamma,I,0,11,Belinda
Mamma,A,0,11,Belinda
Mamma,DC,0,11,Belinda
Mamma,DN,0,11,Belinda
Marraton,N,0,11,Belinda
Marraton,C,0,11,Belinda
Marraton,I,0,11,Belinda
Marraton,A,0,11,Belinda
Marraton,DC,0,11,Belinda
Marraton,DN,0,11,Belinda
Marriott,N,12,11,Belinda
Marriott,C,5,11,Belinda
Marriott,I,4,11,Belinda
Marriott,A,7,11,Belinda
Marriott,DC,5,11,Belinda
Marriott,DN,0,11,Belinda
Ma’am,N,0,11,Belinda
Ma’am,C,0,11,Belinda
Ma’am,I,0,11,Belinda
Ma’am,A,0,11,Belinda
Ma’am,DC,0,11,Belinda
Ma’am,DN,0,11,Belinda
Milord,N,0,11,Belinda
Milord,C,0,11,Belinda
Milord,I,0,11,Belinda
Milord,A,0,11,Belinda
Milord,DC,0,11,Belinda
Milord,DN,0,11,Belinda
Miss Delacour,N,0,11,Belinda
Miss Delacour,C,0,11,Belinda
Miss Delacour,I,0,11,Belinda
Miss Delacour,A,0,11,Belinda
Miss Delacour,DC,0,11,Belinda
Miss Delacour,DN,0,11,Belinda
Miss Hartley,N,0,11,Belinda
Miss Hartley,C,0,11,Belinda
Miss Hartley,I,0,11,Belinda
Miss Hartley,A,0,11,Belinda
Miss Hartley,DC,0,11,Belinda
Miss Hartley,DN,0,11,Belinda
Miss Honour O’Grady,N,0,11,Belinda
Miss Honour O’Grady,C,0,11,Belinda
Miss Honour O’Grady,I,0,11,Belinda
Miss Honour O’Grady,A,0,11,Belinda
Miss Honour O’Grady,DC,0,11,Belinda
Miss Honour O’Grady,DN,0,11,Belinda
Miss Moreton,N,0,11,Belinda
Miss Moreton,C,0,11,Belinda
Miss Moreton,I,0,11,Belinda
Miss Moreton,A,0,11,Belinda
Miss Moreton,DC,0,11,Belinda
Miss Moreton,DN,0,11,Belinda
Miss Portman----,N,0,11,Belinda
Miss Portman----,C,0,11,Belinda
Miss Portman----,I,0,11,Belinda
Miss Portman----,A,0,11,Belinda
Miss Portman----,DC,0,11,Belinda
Miss Portman----,DN,0,11,Belinda
Miss St. Pierre,N,1,11,Belinda
Miss St. Pierre,C,0,11,Belinda
Miss St. Pierre,I,0,11,Belinda
Miss St. Pierre,A,0,11,Belinda
Miss St. Pierre,DC,1,11,Belinda
Miss St. Pierre,DN,0,11,Belinda
Mr. Freke,N,0,11,Belinda
Mr. Freke,C,0,11,Belinda
Mr. Freke,I,0,11,Belinda
Mr. Freke,A,0,11,Belinda
Mr. Freke,DC,0,11,Belinda
Mr. Freke,DN,0,11,Belinda
Mr. Hartley,N,0,11,Belinda
Mr. Hartley,C,0,11,Belinda
Mr. Hartley,I,0,11,Belinda
Mr. Hartley,A,0,11,Belinda
Mr. Hartley,DC,0,11,Belinda
Mr. Hartley,DN,0,11,Belinda
Mr. Hervey,N,42,11,Belinda
Mr. Hervey,C,5,11,Belinda
Mr. Hervey,I,15,11,Belinda
Mr. Hervey,A,36,11,Belinda
Mr. Hervey,DC,18,11,Belinda
Mr. Hervey,DN,8,11,Belinda
Mr. Horton,N,1,11,Belinda
Mr. Horton,C,0,11,Belinda
Mr. Horton,I,0,11,Belinda
Mr. Horton,A,0,11,Belinda
Mr. Horton,DC,0,11,Belinda
Mr. Horton,DN,0,11,Belinda
Mr. Luttridge,N,0,11,Belinda
Mr. Luttridge,C,0,11,Belinda
Mr. Luttridge,I,0,11,Belinda
Mr. Luttridge,A,0,11,Belinda
Mr. Luttridge,DC,0,11,Belinda
Mr. Luttridge,DN,0,11,Belinda
Mr. Percival,N,0,11,Belinda
Mr. Percival,C,0,11,Belinda
Mr. Percival,I,0,11,Belinda
Mr. Percival,A,0,11,Belinda
Mr. Percival,DC,0,11,Belinda
Mr. Percival,DN,0,11,Belinda
Mr. St. George,N,0,11,Belinda
Mr. St. George,C,0,11,Belinda
Mr. St. George,I,0,11,Belinda
Mr. St. George,A,0,11,Belinda
Mr. St. George,DC,0,11,Belinda
Mr. St. George,DN,0,11,Belinda
Mr. V----,N,0,11,Belinda
Mr. V----,C,0,11,Belinda
Mr. V----,I,0,11,Belinda
Mr. V----,A,0,11,Belinda
Mr. V----,DC,0,11,Belinda
Mr. V----,DN,0,11,Belinda
Mr. Vincent,N,0,11,Belinda
Mr. Vincent,C,0,11,Belinda
Mr. Vincent,I,0,11,Belinda
Mr. Vincent,A,0,11,Belinda
Mr. Vincent,DC,0,11,Belinda
Mr. Vincent,DN,0,11,Belinda
Mrs. ----,N,0,11,Belinda
Mrs. ----,C,0,11,Belinda
Mrs. ----,I,0,11,Belinda
Mrs. ----,A,0,11,Belinda
Mrs. ----,DC,0,11,Belinda
Mrs. ----,DN,0,11,Belinda
Mrs. Delacour,N,0,11,Belinda
Mrs. Delacour,C,0,11,Belinda
Mrs. Delacour,I,0,11,Belinda
Mrs. Delacour,A,0,11,Belinda
Mrs. Delacour,DC,0,11,Belinda
Mrs. Delacour,DN,0,11,Belinda
Mrs. Dumont,N,0,11,Belinda
Mrs. Dumont,C,0,11,Belinda
Mrs. Dumont,I,0,11,Belinda
Mrs. Dumont,A,0,11,Belinda
Mrs. Dumont,DC,0,11,Belinda
Mrs. Dumont,DN,0,11,Belinda
Mrs. Franks,N,0,11,Belinda
Mrs. Franks,C,0,11,Belinda
Mrs. Franks,I,0,11,Belinda
Mrs. Franks,A,0,11,Belinda
Mrs. Franks,DC,0,11,Belinda
Mrs. Franks,DN,0,11,Belinda
Mrs. Freke,N,0,11,Belinda
Mrs. Freke,C,0,11,Belinda
Mrs. Freke,I,0,11,Belinda
Mrs. Freke,A,0,11,Belinda
Mrs. Freke,DC,0,11,Belinda
Mrs. Freke,DN,0,11,Belinda
Mrs. Luttridge,N,0,11,Belinda
Mrs. Luttridge,C,0,11,Belinda
Mrs. Luttridge,I,0,11,Belinda
Mrs. Luttridge,A,0,11,Belinda
Mrs. Luttridge,DC,0,11,Belinda
Mrs. Luttridge,DN,0,11,Belinda
Mrs. Ormond,N,0,11,Belinda
Mrs. Ormond,C,0,11,Belinda
Mrs. Ormond,I,0,11,Belinda
Mrs. Ormond,A,0,11,Belinda
Mrs. Ormond,DC,0,11,Belinda
Mrs. Ormond,DN,0,11,Belinda
Mrs. Smith,N,0,11,Belinda
Mrs. Smith,C,0,11,Belinda
Mrs. Smith,I,0,11,Belinda
Mrs. Smith,A,0,11,Belinda
Mrs. Smith,DC,0,11,Belinda
Mrs. Smith,DN,0,11,Belinda
Mrs. Stanhope,N,3,11,Belinda
Mrs. Stanhope,C,0,11,Belinda
Mrs. Stanhope,I,0,11,Belinda
Mrs. Stanhope,A,0,11,Belinda
Mrs. Stanhope,DC,0,11,Belinda
Mrs. Stanhope,DN,0,11,Belinda
Mrs. Stanhope:--,N,0,11,Belinda
Mrs. Stanhope:--,C,0,11,Belinda
Mrs. Stanhope:--,I,0,11,Belinda
Mrs. Stanhope:--,A,0,11,Belinda
Mrs. Stanhope:--,DC,0,11,Belinda
Mrs. Stanhope:--,DN,0,11,Belinda
NIECE,N,0,11,Belinda
NIECE,C,0,11,Belinda
NIECE,I,0,11,Belinda
NIECE,A,0,11,Belinda
NIECE,DC,0,11,Belinda
NIECE,DN,0,11,Belinda
Paul,N,0,11,Belinda
Paul,C,0,11,Belinda
Paul,I,0,11,Belinda
Paul,A,0,11,Belinda
Paul,DC,0,11,Belinda
Paul,DN,0,11,Belinda
Percival,N,0,11,Belinda
Percival,C,0,11,Belinda
Percival,I,0,11,Belinda
Percival,A,0,11,Belinda
Percival,DC,0,11,Belinda
Percival,DN,0,11,Belinda
Petrarch,N,0,11,Belinda
Petrarch,C,0,11,Belinda
Petrarch,I,0,11,Belinda
Petrarch,A,0,11,Belinda
Petrarch,DC,0,11,Belinda
Petrarch,DN,0,11,Belinda
Queen Elizabeth,N,0,11,Belinda
Queen Elizabeth,C,0,11,Belinda
Queen Elizabeth,I,0,11,Belinda
Queen Elizabeth,A,0,11,Belinda
Queen Elizabeth,DC,0,11,Belinda
Queen Elizabeth,DN,0,11,Belinda
Rachel,N,0,11,Belinda
Rachel,C,0,11,Belinda
Rachel,I,0,11,Belinda
Rachel,A,0,11,Belinda
Rachel,DC,0,11,Belinda
Rachel,DN,0,11,Belinda
Rochfort,N,9,11,Belinda
Rochfort,C,6,11,Belinda
Rochfort,I,3,11,Belinda
Rochfort,A,1,11,Belinda
Rochfort,DC,4,11,Belinda
Rochfort,DN,0,11,Belinda
Sir Philip,N,20,11,Belinda
Sir Philip,C,10,11,Belinda
Sir Philip,I,18,11,Belinda
Sir Philip,A,8,11,Belinda
Sir Philip,DC,6,11,Belinda
Sir Philip,DN,1,11,Belinda
Solomon,N,0,11,Belinda
Solomon,C,0,11,Belinda
Solomon,I,0,11,Belinda
Solomon,A,0,11,Belinda
Solomon,DC,0,11,Belinda
Solomon,DN,0,11,Belinda
Tollemache,N,0,11,Belinda
Tollemache,C,0,11,Belinda
Tollemache,I,0,11,Belinda
Tollemache,A,0,11,Belinda
Tollemache,DC,0,11,Belinda
Tollemache,DN,0,11,Belinda
Valleton,N,0,11,Belinda
Valleton,C,0,11,Belinda
Valleton,I,0,11,Belinda
Valleton,A,0,11,Belinda
Valleton,DC,0,11,Belinda
Valleton,DN,0,11,Belinda
Virginia,N,3,11,Belinda
Virginia,C,0,11,Belinda
Virginia,I,0,11,Belinda
Virginia,A,0,11,Belinda
Virginia,DC,2,11,Belinda
Virginia,DN,0,11,Belinda
Young Vincent,N,0,11,Belinda
Young Vincent,C,0,11,Belinda
Young Vincent,I,0,11,Belinda
Young Vincent,A,0,11,Belinda
Young Vincent,DC,0,11,Belinda
Young Vincent,DN,0,11,Belinda
de Grignan,N,0,11,Belinda
de Grignan,C,0,11,Belinda
de Grignan,I,0,11,Belinda
de Grignan,A,0,11,Belinda
de Grignan,DC,0,11,Belinda
de Grignan,DN,0,11,Belinda
de Pomenars,N,0,11,Belinda
de Pomenars,C,0,11,Belinda
de Pomenars,I,0,11,Belinda
de Pomenars,A,0,11,Belinda
de Pomenars,DC,0,11,Belinda
de Pomenars,DN,0,11,Belinda
poor Lawless,N,0,11,Belinda
poor Lawless,C,0,11,Belinda
poor Lawless,I,0,11,Belinda
poor Lawless,A,0,11,Belinda
poor Lawless,DC,0,11,Belinda
poor Lawless,DN,0,11,Belinda
the Luttridges,N,0,11,Belinda
the Luttridges,C,0,11,Belinda
the Luttridges,I,0,11,Belinda
the Luttridges,A,0,11,Belinda
the Luttridges,DC,0,11,Belinda
the Luttridges,DN,0,11,Belinda
the Percivals,N,0,11,Belinda
the Percivals,C,0,11,Belinda
the Percivals,I,0,11,Belinda
the Percivals,A,0,11,Belinda
the Percivals,DC,0,11,Belinda
the Percivals,DN,0,11,Belinda
the honourable Mrs. Levit,N,0,11,Belinda
the honourable Mrs. Levit,C,0,11,Belinda
the honourable Mrs. Levit,I,0,11,Belinda
the honourable Mrs. Levit,A,0,11,Belinda
the honourable Mrs. Levit,DC,0,11,Belinda
the honourable Mrs. Levit,DN,0,11,Belinda
Annabella,N,0,12,Belinda
Annabella,C,0,12,Belinda
Annabella,I,0,12,Belinda
Annabella,A,0,12,Belinda
Annabella,DC,0,12,Belinda
Annabella,DN,0,12,Belinda
Belinda,N,55,12,Belinda
Belinda,C,31,12,Belinda
Belinda,I,19,12,Belinda
Belinda,A,35,12,Belinda
Belinda,DC,25,12,Belinda
Belinda,DN,4,12,Belinda
Bobby,N,0,12,Belinda
Bobby,C,0,12,Belinda
Bobby,I,0,12,Belinda
Bobby,A,0,12,Belinda
Bobby,DC,0,12,Belinda
Bobby,DN,0,12,Belinda
Captain Sunderland,N,0,12,Belinda
Captain Sunderland,C,0,12,Belinda
Captain Sunderland,I,0,12,Belinda
Captain Sunderland,A,0,12,Belinda
Captain Sunderland,DC,0,12,Belinda
Captain Sunderland,DN,0,12,Belinda
Champfort,N,9,12,Belinda
Champfort,C,2,12,Belinda
Champfort,I,1,12,Belinda
Champfort,A,4,12,Belinda
Champfort,DC,4,12,Belinda
Champfort,DN,0,12,Belinda
Charles,N,0,12,Belinda
Charles,C,0,12,Belinda
Charles,I,0,12,Belinda
Charles,A,0,12,Belinda
Charles,DC,0,12,Belinda
Charles,DN,0,12,Belinda
Clarence,N,0,12,Belinda
Clarence,C,0,12,Belinda
Clarence,I,0,12,Belinda
Clarence,A,0,12,Belinda
Clarence,DC,0,12,Belinda
Clarence,DN,0,12,Belinda
Clarence Hervey,N,0,12,Belinda
Clarence Hervey,C,0,12,Belinda
Clarence Hervey,I,0,12,Belinda
Clarence Hervey,A,0,12,Belinda
Clarence Hervey,DC,0,12,Belinda
Clarence Hervey,DN,0,12,Belinda
Clary,N,0,12,Belinda
Clary,C,0,12,Belinda
Clary,I,0,12,Belinda
Clary,A,0,12,Belinda
Clary,DC,0,12,Belinda
Clary,DN,0,12,Belinda
Cupid,N,0,12,Belinda
Cupid,C,0,12,Belinda
Cupid,I,0,12,Belinda
Cupid,A,0,12,Belinda
Cupid,DC,0,12,Belinda
Cupid,DN,0,12,Belinda
Damme,N,1,12,Belinda
Damme,C,0,12,Belinda
Damme,I,3,12,Belinda
Damme,A,0,12,Belinda
Damme,DC,1,12,Belinda
Damme,DN,0,12,Belinda
Doctor X----,N,0,12,Belinda
Doctor X----,C,0,12,Belinda
Doctor X----,I,0,12,Belinda
Doctor X----,A,0,12,Belinda
Doctor X----,DC,0,12,Belinda
Doctor X----,DN,0,12,Belinda
Dr. X----,N,0,12,Belinda
Dr. X----,C,0,12,Belinda
Dr. X----,I,0,12,Belinda
Dr. X----,A,0,12,Belinda
Dr. X----,DC,0,12,Belinda
Dr. X----,DN,0,12,Belinda
Edward,N,0,12,Belinda
Edward,C,0,12,Belinda
Edward,I,0,12,Belinda
Edward,A,0,12,Belinda
Edward,DC,0,12,Belinda
Edward,DN,0,12,Belinda
Fawcett,N,0,12,Belinda
Fawcett,C,0,12,Belinda
Fawcett,I,0,12,Belinda
Fawcett,A,0,12,Belinda
Fawcett,DC,0,12,Belinda
Fawcett,DN,0,12,Belinda
God,N,0,12,Belinda
God,C,0,12,Belinda
God,I,0,12,Belinda
God,A,0,12,Belinda
God,DC,0,12,Belinda
God,DN,0,12,Belinda
Harriot,N,0,12,Belinda
Harriot,C,0,12,Belinda
Harriot,I,0,12,Belinda
Harriot,A,0,12,Belinda
Harriot,DC,0,12,Belinda
Harriot,DN,0,12,Belinda
Heaven,N,0,12,Belinda
Heaven,C,0,12,Belinda
Heaven,I,0,12,Belinda
Heaven,A,0,12,Belinda
Heaven,DC,0,12,Belinda
Heaven,DN,0,12,Belinda
Helena,N,10,12,Belinda
Helena,C,6,12,Belinda
Helena,I,7,12,Belinda
Helena,A,10,12,Belinda
Helena,DC,1,12,Belinda
Helena,DN,1,12,Belinda
James,N,0,12,Belinda
James,C,0,12,Belinda
James,I,0,12,Belinda
James,A,0,12,Belinda
James,DC,0,12,Belinda
James,DN,0,12,Belinda
Jenny Mason,N,0,12,Belinda
Jenny Mason,C,0,12,Belinda
Jenny Mason,I,0,12,Belinda
Jenny Mason,A,0,12,Belinda
Jenny Mason,DC,0,12,Belinda
Jenny Mason,DN,0,12,Belinda
Joddrell,N,0,12,Belinda
Joddrell,C,0,12,Belinda
Joddrell,I,0,12,Belinda
Joddrell,A,0,12,Belinda
Joddrell,DC,0,12,Belinda
Joddrell,DN,0,12,Belinda
Jove,N,0,12,Belinda
Jove,C,0,12,Belinda
Jove,I,0,12,Belinda
Jove,A,0,12,Belinda
Jove,DC,0,12,Belinda
Jove,DN,0,12,Belinda
Juba,N,0,12,Belinda
Juba,C,0,12,Belinda
Juba,I,0,12,Belinda
Juba,A,0,12,Belinda
Juba,DC,0,12,Belinda
Juba,DN,0,12,Belinda
Lady Almeria,N,0,12,Belinda
Lady Almeria,C,0,12,Belinda
Lady Almeria,I,0,12,Belinda
Lady Almeria,A,0,12,Belinda
Lady Almeria,DC,0,12,Belinda
Lady Almeria,DN,0,12,Belinda
Lady Anne,N,8,12,Belinda
Lady Anne,C,3,12,Belinda
Lady Anne,I,3,12,Belinda
Lady Anne,A,2,12,Belinda
Lady Anne,DC,2,12,Belinda
Lady Anne,DN,0,12,Belinda
Lady Boucher,N,7,12,Belinda
Lady Boucher,C,4,12,Belinda
Lady Boucher,I,0,12,Belinda
Lady Boucher,A,1,12,Belinda
Lady Boucher,DC,1,12,Belinda
Lady Boucher,DN,1,12,Belinda
Lady Delacour,N,19,12,Belinda
Lady Delacour,C,13,12,Belinda
Lady Delacour,I,15,12,Belinda
Lady Delacour,A,12,12,Belinda
Lady Delacour,DC,14,12,Belinda
Lady Delacour,DN,0,12,Belinda
Lady Singleton,N,1,12,Belinda
Lady Singleton,C,0,12,Belinda
Lady Singleton,I,0,12,Belinda
Lady Singleton,A,0,12,Belinda
Lady Singleton,DC,1,12,Belinda
Lady Singleton,DN,0,12,Belinda
Lawless,N,0,12,Belinda
Lawless,C,0,12,Belinda
Lawless,I,0,12,Belinda
Lawless,A,0,12,Belinda
Lawless,DC,0,12,Belinda
Lawless,DN,0,12,Belinda
Lord,N,0,12,Belinda
Lord,C,0,12,Belinda
Lord,I,0,12,Belinda
Lord,A,0,12,Belinda
Lord,DC,0,12,Belinda
Lord,DN,0,12,Belinda
Lord Delacour,N,9,12,Belinda
Lord Delacour,C,10,12,Belinda
Lord Delacour,I,18,12,Belinda
Lord Delacour,A,8,12,Belinda
Lord Delacour,DC,4,12,Belinda
Lord Delacour,DN,0,12,Belinda
Lord Studley,N,0,12,Belinda
Lord Studley,C,0,12,Belinda
Lord Studley,I,0,12,Belinda
Lord Studley,A,0,12,Belinda
Lord Studley,DC,0,12,Belinda
Lord Studley,DN,0,12,Belinda
Lucy,N,0,12,Belinda
Lucy,C,0,12,Belinda
Lucy,I,0,12,Belinda
Lucy,A,0,12,Belinda
Lucy,DC,0,12,Belinda
Lucy,DN,0,12,Belinda
M. de St. Pierre,N,0,12,Belinda
M. de St. Pierre,C,0,12,Belinda
M. de St. Pierre,I,0,12,Belinda
M. de St. Pierre,A,0,12,Belinda
M. de St. Pierre,DC,0,12,Belinda
M. de St. Pierre,DN,0,12,Belinda
Mad,N,0,12,Belinda
Mad,C,0,12,Belinda
Mad,I,0,12,Belinda
Mad,A,0,12,Belinda
Mad,DC,0,12,Belinda
Mad,DN,0,12,Belinda
Mamma,N,1,12,Belinda
Mamma,C,0,12,Belinda
Mamma,I,0,12,Belinda
Mamma,A,0,12,Belinda
Mamma,DC,1,12,Belinda
Mamma,DN,0,12,Belinda
Marraton,N,0,12,Belinda
Marraton,C,0,12,Belinda
Marraton,I,0,12,Belinda
Marraton,A,0,12,Belinda
Marraton,DC,0,12,Belinda
Marraton,DN,0,12,Belinda
Marriott,N,23,12,Belinda
Marriott,C,11,12,Belinda
Marriott,I,6,12,Belinda
Marriott,A,18,12,Belinda
Marriott,DC,19,12,Belinda
Marriott,DN,2,12,Belinda
Ma’am,N,0,12,Belinda
Ma’am,C,0,12,Belinda
Ma’am,I,0,12,Belinda
Ma’am,A,0,12,Belinda
Ma’am,DC,0,12,Belinda
Ma’am,DN,0,12,Belinda
Milord,N,2,12,Belinda
Milord,C,0,12,Belinda
Milord,I,0,12,Belinda
Milord,A,2,12,Belinda
Milord,DC,3,12,Belinda
Milord,DN,0,12,Belinda
Miss Delacour,N,0,12,Belinda
Miss Delacour,C,0,12,Belinda
Miss Delacour,I,0,12,Belinda
Miss Delacour,A,0,12,Belinda
Miss Delacour,DC,0,12,Belinda
Miss Delacour,DN,0,12,Belinda
Miss Hartley,N,0,12,Belinda
Miss Hartley,C,0,12,Belinda
Miss Hartley,I,0,12,Belinda
Miss Hartley,A,0,12,Belinda
Miss Hartley,DC,0,12,Belinda
Miss Hartley,DN,0,12,Belinda
Miss Honour O’Grady,N,0,12,Belinda
Miss Honour O’Grady,C,0,12,Belinda
Miss Honour O’Grady,I,0,12,Belinda
Miss Honour O’Grady,A,0,12,Belinda
Miss Honour O’Grady,DC,0,12,Belinda
Miss Honour O’Grady,DN,0,12,Belinda
Miss Moreton,N,0,12,Belinda
Miss Moreton,C,0,12,Belinda
Miss Moreton,I,0,12,Belinda
Miss Moreton,A,0,12,Belinda
Miss Moreton,DC,0,12,Belinda
Miss Moreton,DN,0,12,Belinda
Miss Portman----,N,1,12,Belinda
Miss Portman----,C,2,12,Belinda
Miss Portman----,I,2,12,Belinda
Miss Portman----,A,1,12,Belinda
Miss Portman----,DC,0,12,Belinda
Miss Portman----,DN,0,12,Belinda
Miss St. Pierre,N,0,12,Belinda
Miss St. Pierre,C,0,12,Belinda
Miss St. Pierre,I,0,12,Belinda
Miss St. Pierre,A,0,12,Belinda
Miss St. Pierre,DC,0,12,Belinda
Miss St. Pierre,DN,0,12,Belinda
Mr. Freke,N,0,12,Belinda
Mr. Freke,C,0,12,Belinda
Mr. Freke,I,0,12,Belinda
Mr. Freke,A,0,12,Belinda
Mr. Freke,DC,0,12,Belinda
Mr. Freke,DN,0,12,Belinda
Mr. Hartley,N,0,12,Belinda
Mr. Hartley,C,0,12,Belinda
Mr. Hartley,I,0,12,Belinda
Mr. Hartley,A,0,12,Belinda
Mr. Hartley,DC,0,12,Belinda
Mr. Hartley,DN,0,12,Belinda
Mr. Hervey,N,4,12,Belinda
Mr. Hervey,C,0,12,Belinda
Mr. Hervey,I,1,12,Belinda
Mr. Hervey,A,1,12,Belinda
Mr. Hervey,DC,4,12,Belinda
Mr. Hervey,DN,0,12,Belinda
Mr. Horton,N,0,12,Belinda
Mr. Horton,C,0,12,Belinda
Mr. Horton,I,0,12,Belinda
Mr. Horton,A,0,12,Belinda
Mr. Horton,DC,0,12,Belinda
Mr. Horton,DN,0,12,Belinda
Mr. Luttridge,N,0,12,Belinda
Mr. Luttridge,C,0,12,Belinda
Mr. Luttridge,I,0,12,Belinda
Mr. Luttridge,A,0,12,Belinda
Mr. Luttridge,DC,0,12,Belinda
Mr. Luttridge,DN,0,12,Belinda
Mr. Percival,N,0,12,Belinda
Mr. Percival,C,0,12,Belinda
Mr. Percival,I,0,12,Belinda
Mr. Percival,A,0,12,Belinda
Mr. Percival,DC,0,12,Belinda
Mr. Percival,DN,0,12,Belinda
Mr. St. George,N,0,12,Belinda
Mr. St. George,C,0,12,Belinda
Mr. St. George,I,0,12,Belinda
Mr. St. George,A,0,12,Belinda
Mr. St. George,DC,0,12,Belinda
Mr. St. George,DN,0,12,Belinda
Mr. V----,N,0,12,Belinda
Mr. V----,C,0,12,Belinda
Mr. V----,I,0,12,Belinda
Mr. V----,A,0,12,Belinda
Mr. V----,DC,0,12,Belinda
Mr. V----,DN,0,12,Belinda
Mr. Vincent,N,0,12,Belinda
Mr. Vincent,C,0,12,Belinda
Mr. Vincent,I,0,12,Belinda
Mr. Vincent,A,0,12,Belinda
Mr. Vincent,DC,0,12,Belinda
Mr. Vincent,DN,0,12,Belinda
Mrs. ----,N,0,12,Belinda
Mrs. ----,C,0,12,Belinda
Mrs. ----,I,0,12,Belinda
Mrs. ----,A,0,12,Belinda
Mrs. ----,DC,0,12,Belinda
Mrs. ----,DN,0,12,Belinda
Mrs. Delacour,N,4,12,Belinda
Mrs. Delacour,C,0,12,Belinda
Mrs. Delacour,I,0,12,Belinda
Mrs. Delacour,A,1,12,Belinda
Mrs. Delacour,DC,1,12,Belinda
Mrs. Delacour,DN,0,12,Belinda
Mrs. Dumont,N,0,12,Belinda
Mrs. Dumont,C,0,12,Belinda
Mrs. Dumont,I,0,12,Belinda
Mrs. Dumont,A,0,12,Belinda
Mrs. Dumont,DC,0,12,Belinda
Mrs. Dumont,DN,0,12,Belinda
Mrs. Franks,N,0,12,Belinda
Mrs. Franks,C,0,12,Belinda
Mrs. Franks,I,0,12,Belinda
Mrs. Franks,A,0,12,Belinda
Mrs. Franks,DC,0,12,Belinda
Mrs. Franks,DN,0,12,Belinda
Mrs. Freke,N,1,12,Belinda
Mrs. Freke,C,0,12,Belinda
Mrs. Freke,I,0,12,Belinda
Mrs. Freke,A,0,12,Belinda
Mrs. Freke,DC,1,12,Belinda
Mrs. Freke,DN,0,12,Belinda
Mrs. Luttridge,N,2,12,Belinda
Mrs. Luttridge,C,0,12,Belinda
Mrs. Luttridge,I,0,12,Belinda
Mrs. Luttridge,A,0,12,Belinda
Mrs. Luttridge,DC,1,12,Belinda
Mrs. Luttridge,DN,0,12,Belinda
Mrs. Ormond,N,0,12,Belinda
Mrs. Ormond,C,0,12,Belinda
Mrs. Ormond,I,0,12,Belinda
Mrs. Ormond,A,0,12,Belinda
Mrs. Ormond,DC,0,12,Belinda
Mrs. Ormond,DN,0,12,Belinda
Mrs. Smith,N,0,12,Belinda
Mrs. Smith,C,0,12,Belinda
Mrs. Smith,I,0,12,Belinda
Mrs. Smith,A,0,12,Belinda
Mrs. Smith,DC,0,12,Belinda
Mrs. Smith,DN,0,12,Belinda
Mrs. Stanhope,N,5,12,Belinda
Mrs. Stanhope,C,0,12,Belinda
Mrs. Stanhope,I,0,12,Belinda
Mrs. Stanhope,A,1,12,Belinda
Mrs. Stanhope,DC,3,12,Belinda
Mrs. Stanhope,DN,0,12,Belinda
Mrs. Stanhope:--,N,0,12,Belinda
Mrs. Stanhope:--,C,0,12,Belinda
Mrs. Stanhope:--,I,0,12,Belinda
Mrs. Stanhope:--,A,0,12,Belinda
Mrs. Stanhope:--,DC,0,12,Belinda
Mrs. Stanhope:--,DN,0,12,Belinda
NIECE,N,0,12,Belinda
NIECE,C,0,12,Belinda
NIECE,I,0,12,Belinda
NIECE,A,0,12,Belinda
NIECE,DC,0,12,Belinda
NIECE,DN,0,12,Belinda
Paul,N,0,12,Belinda
Paul,C,0,12,Belinda
Paul,I,0,12,Belinda
Paul,A,0,12,Belinda
Paul,DC,0,12,Belinda
Paul,DN,0,12,Belinda
Percival,N,0,12,Belinda
Percival,C,0,12,Belinda
Percival,I,0,12,Belinda
Percival,A,0,12,Belinda
Percival,DC,0,12,Belinda
Percival,DN,0,12,Belinda
Petrarch,N,0,12,Belinda
Petrarch,C,0,12,Belinda
Petrarch,I,0,12,Belinda
Petrarch,A,0,12,Belinda
Petrarch,DC,0,12,Belinda
Petrarch,DN,0,12,Belinda
Queen Elizabeth,N,0,12,Belinda
Queen Elizabeth,C,0,12,Belinda
Queen Elizabeth,I,0,12,Belinda
Queen Elizabeth,A,0,12,Belinda
Queen Elizabeth,DC,0,12,Belinda
Queen Elizabeth,DN,0,12,Belinda
Rachel,N,0,12,Belinda
Rachel,C,0,12,Belinda
Rachel,I,0,12,Belinda
Rachel,A,0,12,Belinda
Rachel,DC,0,12,Belinda
Rachel,DN,0,12,Belinda
Rochfort,N,0,12,Belinda
Rochfort,C,0,12,Belinda
Rochfort,I,0,12,Belinda
Rochfort,A,0,12,Belinda
Rochfort,DC,0,12,Belinda
Rochfort,DN,0,12,Belinda
Sir Philip,N,16,12,Belinda
Sir Philip,C,10,12,Belinda
Sir Philip,I,13,12,Belinda
Sir Philip,A,18,12,Belinda
Sir Philip,DC,16,12,Belinda
Sir Philip,DN,1,12,Belinda
Solomon,N,0,12,Belinda
Solomon,C,0,12,Belinda
Solomon,I,0,12,Belinda
Solomon,A,0,12,Belinda
Solomon,DC,0,12,Belinda
Solomon,DN,0,12,Belinda
Tollemache,N,1,12,Belinda
Tollemache,C,0,12,Belinda
Tollemache,I,0,12,Belinda
Tollemache,A,0,12,Belinda
Tollemache,DC,1,12,Belinda
Tollemache,DN,0,12,Belinda
Valleton,N,0,12,Belinda
Valleton,C,0,12,Belinda
Valleton,I,0,12,Belinda
Valleton,A,0,12,Belinda
Valleton,DC,0,12,Belinda
Valleton,DN,0,12,Belinda
Virginia,N,0,12,Belinda
Virginia,C,0,12,Belinda
Virginia,I,0,12,Belinda
Virginia,A,0,12,Belinda
Virginia,DC,0,12,Belinda
Virginia,DN,0,12,Belinda
Young Vincent,N,0,12,Belinda
Young Vincent,C,0,12,Belinda
Young Vincent,I,0,12,Belinda
Young Vincent,A,0,12,Belinda
Young Vincent,DC,0,12,Belinda
Young Vincent,DN,0,12,Belinda
de Grignan,N,0,12,Belinda
de Grignan,C,0,12,Belinda
de Grignan,I,0,12,Belinda
de Grignan,A,0,12,Belinda
de Grignan,DC,0,12,Belinda
de Grignan,DN,0,12,Belinda
de Pomenars,N,0,12,Belinda
de Pomenars,C,0,12,Belinda
de Pomenars,I,0,12,Belinda
de Pomenars,A,0,12,Belinda
de Pomenars,DC,0,12,Belinda
de Pomenars,DN,0,12,Belinda
poor Lawless,N,0,12,Belinda
poor Lawless,C,0,12,Belinda
poor Lawless,I,0,12,Belinda
poor Lawless,A,0,12,Belinda
poor Lawless,DC,0,12,Belinda
poor Lawless,DN,0,12,Belinda
the Luttridges,N,0,12,Belinda
the Luttridges,C,0,12,Belinda
the Luttridges,I,0,12,Belinda
the Luttridges,A,0,12,Belinda
the Luttridges,DC,0,12,Belinda
the Luttridges,DN,0,12,Belinda
the Percivals,N,0,12,Belinda
the Percivals,C,0,12,Belinda
the Percivals,I,0,12,Belinda
the Percivals,A,0,12,Belinda
the Percivals,DC,0,12,Belinda
the Percivals,DN,0,12,Belinda
the honourable Mrs. Levit,N,0,12,Belinda
the honourable Mrs. Levit,C,0,12,Belinda
the honourable Mrs. Levit,I,0,12,Belinda
the honourable Mrs. Levit,A,0,12,Belinda
the honourable Mrs. Levit,DC,0,12,Belinda
the honourable Mrs. Levit,DN,0,12,Belinda
Annabella,N,0,13,Belinda
Annabella,C,0,13,Belinda
Annabella,I,0,13,Belinda
Annabella,A,0,13,Belinda
Annabella,DC,0,13,Belinda
Annabella,DN,0,13,Belinda
Belinda,N,59,13,Belinda
Belinda,C,33,13,Belinda
Belinda,I,24,13,Belinda
Belinda,A,26,13,Belinda
Belinda,DC,32,13,Belinda
Belinda,DN,2,13,Belinda
Bobby,N,0,13,Belinda
Bobby,C,0,13,Belinda
Bobby,I,0,13,Belinda
Bobby,A,0,13,Belinda
Bobby,DC,0,13,Belinda
Bobby,DN,0,13,Belinda
Captain Sunderland,N,0,13,Belinda
Captain Sunderland,C,0,13,Belinda
Captain Sunderland,I,0,13,Belinda
Captain Sunderland,A,0,13,Belinda
Captain Sunderland,DC,0,13,Belinda
Captain Sunderland,DN,0,13,Belinda
Champfort,N,0,13,Belinda
Champfort,C,0,13,Belinda
Champfort,I,0,13,Belinda
Champfort,A,0,13,Belinda
Champfort,DC,0,13,Belinda
Champfort,DN,0,13,Belinda
Charles,N,1,13,Belinda
Charles,C,0,13,Belinda
Charles,I,0,13,Belinda
Charles,A,0,13,Belinda
Charles,DC,1,13,Belinda
Charles,DN,0,13,Belinda
Clarence,N,0,13,Belinda
Clarence,C,0,13,Belinda
Clarence,I,0,13,Belinda
Clarence,A,0,13,Belinda
Clarence,DC,0,13,Belinda
Clarence,DN,0,13,Belinda
Clarence Hervey,N,0,13,Belinda
Clarence Hervey,C,0,13,Belinda
Clarence Hervey,I,0,13,Belinda
Clarence Hervey,A,0,13,Belinda
Clarence Hervey,DC,0,13,Belinda
Clarence Hervey,DN,0,13,Belinda
Clary,N,0,13,Belinda
Clary,C,0,13,Belinda
Clary,I,0,13,Belinda
Clary,A,0,13,Belinda
Clary,DC,0,13,Belinda
Clary,DN,0,13,Belinda
Cupid,N,0,13,Belinda
Cupid,C,0,13,Belinda
Cupid,I,0,13,Belinda
Cupid,A,0,13,Belinda
Cupid,DC,0,13,Belinda
Cupid,DN,0,13,Belinda
Damme,N,0,13,Belinda
Damme,C,0,13,Belinda
Damme,I,0,13,Belinda
Damme,A,0,13,Belinda
Damme,DC,0,13,Belinda
Damme,DN,0,13,Belinda
Doctor X----,N,0,13,Belinda
Doctor X----,C,0,13,Belinda
Doctor X----,I,0,13,Belinda
Doctor X----,A,0,13,Belinda
Doctor X----,DC,0,13,Belinda
Doctor X----,DN,0,13,Belinda
Dr. X----,N,2,13,Belinda
Dr. X----,C,0,13,Belinda
Dr. X----,I,1,13,Belinda
Dr. X----,A,1,13,Belinda
Dr. X----,DC,5,13,Belinda
Dr. X----,DN,0,13,Belinda
Edward,N,1,13,Belinda
Edward,C,0,13,Belinda
Edward,I,0,13,Belinda
Edward,A,0,13,Belinda
Edward,DC,1,13,Belinda
Edward,DN,0,13,Belinda
Fawcett,N,0,13,Belinda
Fawcett,C,0,13,Belinda
Fawcett,I,0,13,Belinda
Fawcett,A,0,13,Belinda
Fawcett,DC,0,13,Belinda
Fawcett,DN,0,13,Belinda
God,N,0,13,Belinda
God,C,0,13,Belinda
God,I,0,13,Belinda
God,A,0,13,Belinda
God,DC,0,13,Belinda
God,DN,0,13,Belinda
Harriot,N,0,13,Belinda
Harriot,C,0,13,Belinda
Harriot,I,0,13,Belinda
Harriot,A,0,13,Belinda
Harriot,DC,0,13,Belinda
Harriot,DN,0,13,Belinda
Heaven,N,0,13,Belinda
Heaven,C,0,13,Belinda
Heaven,I,0,13,Belinda
Heaven,A,0,13,Belinda
Heaven,DC,0,13,Belinda
Heaven,DN,0,13,Belinda
Helena,N,21,13,Belinda
Helena,C,11,13,Belinda
Helena,I,14,13,Belinda
Helena,A,10,13,Belinda
Helena,DC,26,13,Belinda
Helena,DN,0,13,Belinda
James,N,0,13,Belinda
James,C,0,13,Belinda
James,I,0,13,Belinda
James,A,0,13,Belinda
James,DC,0,13,Belinda
James,DN,0,13,Belinda
Jenny Mason,N,0,13,Belinda
Jenny Mason,C,0,13,Belinda
Jenny Mason,I,0,13,Belinda
Jenny Mason,A,0,13,Belinda
Jenny Mason,DC,0,13,Belinda
Jenny Mason,DN,0,13,Belinda
Joddrell,N,0,13,Belinda
Joddrell,C,0,13,Belinda
Joddrell,I,0,13,Belinda
Joddrell,A,0,13,Belinda
Joddrell,DC,0,13,Belinda
Joddrell,DN,0,13,Belinda
Jove,N,0,13,Belinda
Jove,C,0,13,Belinda
Jove,I,0,13,Belinda
Jove,A,0,13,Belinda
Jove,DC,0,13,Belinda
Jove,DN,0,13,Belinda
Juba,N,0,13,Belinda
Juba,C,0,13,Belinda
Juba,I,0,13,Belinda
Juba,A,0,13,Belinda
Juba,DC,0,13,Belinda
Juba,DN,0,13,Belinda
Lady Almeria,N,0,13,Belinda
Lady Almeria,C,0,13,Belinda
Lady Almeria,I,0,13,Belinda
Lady Almeria,A,0,13,Belinda
Lady Almeria,DC,0,13,Belinda
Lady Almeria,DN,0,13,Belinda
Lady Anne,N,17,13,Belinda
Lady Anne,C,0,13,Belinda
Lady Anne,I,5,13,Belinda
Lady Anne,A,7,13,Belinda
Lady Anne,DC,23,13,Belinda
Lady Anne,DN,0,13,Belinda
Lady Boucher,N,0,13,Belinda
Lady Boucher,C,0,13,Belinda
Lady Boucher,I,0,13,Belinda
Lady Boucher,A,0,13,Belinda
Lady Boucher,DC,0,13,Belinda
Lady Boucher,DN,0,13,Belinda
Lady Delacour,N,50,13,Belinda
Lady Delacour,C,76,13,Belinda
Lady Delacour,I,31,13,Belinda
Lady Delacour,A,44,13,Belinda
Lady Delacour,DC,18,13,Belinda
Lady Delacour,DN,3,13,Belinda
Lady Singleton,N,0,13,Belinda
Lady Singleton,C,0,13,Belinda
Lady Singleton,I,0,13,Belinda
Lady Singleton,A,0,13,Belinda
Lady Singleton,DC,0,13,Belinda
Lady Singleton,DN,0,13,Belinda
Lawless,N,0,13,Belinda
Lawless,C,0,13,Belinda
Lawless,I,0,13,Belinda
Lawless,A,0,13,Belinda
Lawless,DC,0,13,Belinda
Lawless,DN,0,13,Belinda
Lord,N,0,13,Belinda
Lord,C,0,13,Belinda
Lord,I,0,13,Belinda
Lord,A,0,13,Belinda
Lord,DC,0,13,Belinda
Lord,DN,0,13,Belinda
Lord Delacour,N,0,13,Belinda
Lord Delacour,C,0,13,Belinda
Lord Delacour,I,0,13,Belinda
Lord Delacour,A,0,13,Belinda
Lord Delacour,DC,0,13,Belinda
Lord Delacour,DN,0,13,Belinda
Lord Studley,N,0,13,Belinda
Lord Studley,C,0,13,Belinda
Lord Studley,I,0,13,Belinda
Lord Studley,A,0,13,Belinda
Lord Studley,DC,0,13,Belinda
Lord Studley,DN,0,13,Belinda
Lucy,N,0,13,Belinda
Lucy,C,0,13,Belinda
Lucy,I,0,13,Belinda
Lucy,A,0,13,Belinda
Lucy,DC,0,13,Belinda
Lucy,DN,0,13,Belinda
M. de St. Pierre,N,0,13,Belinda
M. de St. Pierre,C,0,13,Belinda
M. de St. Pierre,I,0,13,Belinda
M. de St. Pierre,A,0,13,Belinda
M. de St. Pierre,DC,0,13,Belinda
M. de St. Pierre,DN,0,13,Belinda
Mad,N,0,13,Belinda
Mad,C,0,13,Belinda
Mad,I,0,13,Belinda
Mad,A,0,13,Belinda
Mad,DC,0,13,Belinda
Mad,DN,0,13,Belinda
Mamma,N,0,13,Belinda
Mamma,C,0,13,Belinda
Mamma,I,0,13,Belinda
Mamma,A,0,13,Belinda
Mamma,DC,0,13,Belinda
Mamma,DN,0,13,Belinda
Marraton,N,0,13,Belinda
Marraton,C,0,13,Belinda
Marraton,I,0,13,Belinda
Marraton,A,0,13,Belinda
Marraton,DC,0,13,Belinda
Marraton,DN,0,13,Belinda
Marriott,N,7,13,Belinda
Marriott,C,0,13,Belinda
Marriott,I,4,13,Belinda
Marriott,A,0,13,Belinda
Marriott,DC,5,13,Belinda
Marriott,DN,0,13,Belinda
Ma’am,N,0,13,Belinda
Ma’am,C,0,13,Belinda
Ma’am,I,0,13,Belinda
Ma’am,A,0,13,Belinda
Ma’am,DC,0,13,Belinda
Ma’am,DN,0,13,Belinda
Milord,N,0,13,Belinda
Milord,C,0,13,Belinda
Milord,I,0,13,Belinda
Milord,A,0,13,Belinda
Milord,DC,0,13,Belinda
Milord,DN,0,13,Belinda
Miss Delacour,N,1,13,Belinda
Miss Delacour,C,0,13,Belinda
Miss Delacour,I,0,13,Belinda
Miss Delacour,A,0,13,Belinda
Miss Delacour,DC,0,13,Belinda
Miss Delacour,DN,0,13,Belinda
Miss Hartley,N,0,13,Belinda
Miss Hartley,C,0,13,Belinda
Miss Hartley,I,0,13,Belinda
Miss Hartley,A,0,13,Belinda
Miss Hartley,DC,0,13,Belinda
Miss Hartley,DN,0,13,Belinda
Miss Honour O’Grady,N,0,13,Belinda
Miss Honour O’Grady,C,0,13,Belinda
Miss Honour O’Grady,I,0,13,Belinda
Miss Honour O’Grady,A,0,13,Belinda
Miss Honour O’Grady,DC,0,13,Belinda
Miss Honour O’Grady,DN,0,13,Belinda
Miss Moreton,N,0,13,Belinda
Miss Moreton,C,0,13,Belinda
Miss Moreton,I,0,13,Belinda
Miss Moreton,A,0,13,Belinda
Miss Moreton,DC,0,13,Belinda
Miss Moreton,DN,0,13,Belinda
Miss Portman----,N,0,13,Belinda
Miss Portman----,C,0,13,Belinda
Miss Portman----,I,0,13,Belinda
Miss Portman----,A,0,13,Belinda
Miss Portman----,DC,0,13,Belinda
Miss Portman----,DN,0,13,Belinda
Miss St. Pierre,N,0,13,Belinda
Miss St. Pierre,C,0,13,Belinda
Miss St. Pierre,I,0,13,Belinda
Miss St. Pierre,A,0,13,Belinda
Miss St. Pierre,DC,0,13,Belinda
Miss St. Pierre,DN,0,13,Belinda
Mr. Freke,N,0,13,Belinda
Mr. Freke,C,0,13,Belinda
Mr. Freke,I,0,13,Belinda
Mr. Freke,A,0,13,Belinda
Mr. Freke,DC,0,13,Belinda
Mr. Freke,DN,0,13,Belinda
Mr. Hartley,N,0,13,Belinda
Mr. Hartley,C,0,13,Belinda
Mr. Hartley,I,0,13,Belinda
Mr. Hartley,A,0,13,Belinda
Mr. Hartley,DC,0,13,Belinda
Mr. Hartley,DN,0,13,Belinda
Mr. Hervey,N,36,13,Belinda
Mr. Hervey,C,25,13,Belinda
Mr. Hervey,I,14,13,Belinda
Mr. Hervey,A,16,13,Belinda
Mr. Hervey,DC,16,13,Belinda
Mr. Hervey,DN,1,13,Belinda
Mr. Horton,N,1,13,Belinda
Mr. Horton,C,0,13,Belinda
Mr. Horton,I,0,13,Belinda
Mr. Horton,A,1,13,Belinda
Mr. Horton,DC,1,13,Belinda
Mr. Horton,DN,0,13,Belinda
Mr. Luttridge,N,0,13,Belinda
Mr. Luttridge,C,0,13,Belinda
Mr. Luttridge,I,0,13,Belinda
Mr. Luttridge,A,0,13,Belinda
Mr. Luttridge,DC,0,13,Belinda
Mr. Luttridge,DN,0,13,Belinda
Mr. Percival,N,1,13,Belinda
Mr. Percival,C,0,13,Belinda
Mr. Percival,I,0,13,Belinda
Mr. Percival,A,0,13,Belinda
Mr. Percival,DC,1,13,Belinda
Mr. Percival,DN,0,13,Belinda
Mr. St. George,N,0,13,Belinda
Mr. St. George,C,0,13,Belinda
Mr. St. George,I,0,13,Belinda
Mr. St. George,A,0,13,Belinda
Mr. St. George,DC,0,13,Belinda
Mr. St. George,DN,0,13,Belinda
Mr. V----,N,0,13,Belinda
Mr. V----,C,0,13,Belinda
Mr. V----,I,0,13,Belinda
Mr. V----,A,0,13,Belinda
Mr. V----,DC,0,13,Belinda
Mr. V----,DN,0,13,Belinda
Mr. Vincent,N,0,13,Belinda
Mr. Vincent,C,0,13,Belinda
Mr. Vincent,I,0,13,Belinda
Mr. Vincent,A,0,13,Belinda
Mr. Vincent,DC,0,13,Belinda
Mr. Vincent,DN,0,13,Belinda
Mrs. ----,N,0,13,Belinda
Mrs. ----,C,0,13,Belinda
Mrs. ----,I,0,13,Belinda
Mrs. ----,A,0,13,Belinda
Mrs. ----,DC,0,13,Belinda
Mrs. ----,DN,0,13,Belinda
Mrs. Delacour,N,3,13,Belinda
Mrs. Delacour,C,0,13,Belinda
Mrs. Delacour,I,0,13,Belinda
Mrs. Delacour,A,1,13,Belinda
Mrs. Delacour,DC,2,13,Belinda
Mrs. Delacour,DN,0,13,Belinda
Mrs. Dumont,N,0,13,Belinda
Mrs. Dumont,C,0,13,Belinda
Mrs. Dumont,I,0,13,Belinda
Mrs. Dumont,A,0,13,Belinda
Mrs. Dumont,DC,0,13,Belinda
Mrs. Dumont,DN,0,13,Belinda
Mrs. Franks,N,0,13,Belinda
Mrs. Franks,C,0,13,Belinda
Mrs. Franks,I,0,13,Belinda
Mrs. Franks,A,0,13,Belinda
Mrs. Franks,DC,0,13,Belinda
Mrs. Franks,DN,0,13,Belinda
Mrs. Freke,N,1,13,Belinda
Mrs. Freke,C,0,13,Belinda
Mrs. Freke,I,1,13,Belinda
Mrs. Freke,A,0,13,Belinda
Mrs. Freke,DC,1,13,Belinda
Mrs. Freke,DN,0,13,Belinda
Mrs. Luttridge,N,0,13,Belinda
Mrs. Luttridge,C,0,13,Belinda
Mrs. Luttridge,I,0,13,Belinda
Mrs. Luttridge,A,0,13,Belinda
Mrs. Luttridge,DC,0,13,Belinda
Mrs. Luttridge,DN,0,13,Belinda
Mrs. Ormond,N,0,13,Belinda
Mrs. Ormond,C,0,13,Belinda
Mrs. Ormond,I,0,13,Belinda
Mrs. Ormond,A,0,13,Belinda
Mrs. Ormond,DC,0,13,Belinda
Mrs. Ormond,DN,0,13,Belinda
Mrs. Smith,N,0,13,Belinda
Mrs. Smith,C,0,13,Belinda
Mrs. Smith,I,0,13,Belinda
Mrs. Smith,A,0,13,Belinda
Mrs. Smith,DC,0,13,Belinda
Mrs. Smith,DN,0,13,Belinda
Mrs. Stanhope,N,0,13,Belinda
Mrs. Stanhope,C,0,13,Belinda
Mrs. Stanhope,I,0,13,Belinda
Mrs. Stanhope,A,0,13,Belinda
Mrs. Stanhope,DC,0,13,Belinda
Mrs. Stanhope,DN,0,13,Belinda
Mrs. Stanhope:--,N,0,13,Belinda
Mrs. Stanhope:--,C,0,13,Belinda
Mrs. Stanhope:--,I,0,13,Belinda
Mrs. Stanhope:--,A,0,13,Belinda
Mrs. Stanhope:--,DC,0,13,Belinda
Mrs. Stanhope:--,DN,0,13,Belinda
NIECE,N,0,13,Belinda
NIECE,C,0,13,Belinda
NIECE,I,0,13,Belinda
NIECE,A,0,13,Belinda
NIECE,DC,0,13,Belinda
NIECE,DN,0,13,Belinda
Paul,N,0,13,Belinda
Paul,C,0,13,Belinda
Paul,I,0,13,Belinda
Paul,A,0,13,Belinda
Paul,DC,0,13,Belinda
Paul,DN,0,13,Belinda
Percival,N,0,13,Belinda
Percival,C,0,13,Belinda
Percival,I,0,13,Belinda
Percival,A,0,13,Belinda
Percival,DC,0,13,Belinda
Percival,DN,0,13,Belinda
Petrarch,N,0,13,Belinda
Petrarch,C,0,13,Belinda
Petrarch,I,0,13,Belinda
Petrarch,A,0,13,Belinda
Petrarch,DC,0,13,Belinda
Petrarch,DN,0,13,Belinda
Queen Elizabeth,N,0,13,Belinda
Queen Elizabeth,C,0,13,Belinda
Queen Elizabeth,I,0,13,Belinda
Queen Elizabeth,A,0,13,Belinda
Queen Elizabeth,DC,0,13,Belinda
Queen Elizabeth,DN,0,13,Belinda
Rachel,N,0,13,Belinda
Rachel,C,0,13,Belinda
Rachel,I,0,13,Belinda
Rachel,A,0,13,Belinda
Rachel,DC,0,13,Belinda
Rachel,DN,0,13,Belinda
Rochfort,N,0,13,Belinda
Rochfort,C,0,13,Belinda
Rochfort,I,0,13,Belinda
Rochfort,A,0,13,Belinda
Rochfort,DC,0,13,Belinda
Rochfort,DN,0,13,Belinda
Sir Philip,N,2,13,Belinda
Sir Philip,C,0,13,Belinda
Sir Philip,I,0,13,Belinda
Sir Philip,A,0,13,Belinda
Sir Philip,DC,1,13,Belinda
Sir Philip,DN,0,13,Belinda
Solomon,N,0,13,Belinda
Solomon,C,0,13,Belinda
Solomon,I,0,13,Belinda
Solomon,A,0,13,Belinda
Solomon,DC,0,13,Belinda
Solomon,DN,0,13,Belinda
Tollemache,N,0,13,Belinda
Tollemache,C,0,13,Belinda
Tollemache,I,0,13,Belinda
Tollemache,A,0,13,Belinda
Tollemache,DC,0,13,Belinda
Tollemache,DN,0,13,Belinda
Valleton,N,0,13,Belinda
Valleton,C,0,13,Belinda
Valleton,I,0,13,Belinda
Valleton,A,0,13,Belinda
Valleton,DC,0,13,Belinda
Valleton,DN,0,13,Belinda
Virginia,N,0,13,Belinda
Virginia,C,0,13,Belinda
Virginia,I,0,13,Belinda
Virginia,A,0,13,Belinda
Virginia,DC,0,13,Belinda
Virginia,DN,0,13,Belinda
Young Vincent,N,0,13,Belinda
Young Vincent,C,0,13,Belinda
Young Vincent,I,0,13,Belinda
Young Vincent,A,0,13,Belinda
Young Vincent,DC,0,13,Belinda
Young Vincent,DN,0,13,Belinda
de Grignan,N,0,13,Belinda
de Grignan,C,0,13,Belinda
de Grignan,I,0,13,Belinda
de Grignan,A,0,13,Belinda
de Grignan,DC,0,13,Belinda
de Grignan,DN,0,13,Belinda
de Pomenars,N,0,13,Belinda
de Pomenars,C,0,13,Belinda
de Pomenars,I,0,13,Belinda
de Pomenars,A,0,13,Belinda
de Pomenars,DC,0,13,Belinda
de Pomenars,DN,0,13,Belinda
poor Lawless,N,0,13,Belinda
poor Lawless,C,0,13,Belinda
poor Lawless,I,0,13,Belinda
poor Lawless,A,0,13,Belinda
poor Lawless,DC,0,13,Belinda
poor Lawless,DN,0,13,Belinda
the Luttridges,N,0,13,Belinda
the Luttridges,C,0,13,Belinda
the Luttridges,I,0,13,Belinda
the Luttridges,A,0,13,Belinda
the Luttridges,DC,0,13,Belinda
the Luttridges,DN,0,13,Belinda
the Percivals,N,0,13,Belinda
the Percivals,C,0,13,Belinda
the Percivals,I,0,13,Belinda
the Percivals,A,0,13,Belinda
the Percivals,DC,0,13,Belinda
the Percivals,DN,0,13,Belinda
the honourable Mrs. Levit,N,0,13,Belinda
the honourable Mrs. Levit,C,0,13,Belinda
the honourable Mrs. Levit,I,0,13,Belinda
the honourable Mrs. Levit,A,0,13,Belinda
the honourable Mrs. Levit,DC,0,13,Belinda
the honourable Mrs. Levit,DN,0,13,Belinda
Annabella,N,0,14,Belinda
Annabella,C,0,14,Belinda
Annabella,I,0,14,Belinda
Annabella,A,0,14,Belinda
Annabella,DC,0,14,Belinda
Annabella,DN,0,14,Belinda
Belinda,N,125,14,Belinda
Belinda,C,57,14,Belinda
Belinda,I,61,14,Belinda
Belinda,A,79,14,Belinda
Belinda,DC,86,14,Belinda
Belinda,DN,9,14,Belinda
Bobby,N,0,14,Belinda
Bobby,C,0,14,Belinda
Bobby,I,0,14,Belinda
Bobby,A,0,14,Belinda
Bobby,DC,0,14,Belinda
Bobby,DN,0,14,Belinda
Captain Sunderland,N,0,14,Belinda
Captain Sunderland,C,0,14,Belinda
Captain Sunderland,I,0,14,Belinda
Captain Sunderland,A,0,14,Belinda
Captain Sunderland,DC,0,14,Belinda
Captain Sunderland,DN,0,14,Belinda
Champfort,N,7,14,Belinda
Champfort,C,3,14,Belinda
Champfort,I,0,14,Belinda
Champfort,A,1,14,Belinda
Champfort,DC,0,14,Belinda
Champfort,DN,0,14,Belinda
Charles,N,3,14,Belinda
Charles,C,0,14,Belinda
Charles,I,0,14,Belinda
Charles,A,0,14,Belinda
Charles,DC,1,14,Belinda
Charles,DN,0,14,Belinda
Clarence,N,0,14,Belinda
Clarence,C,0,14,Belinda
Clarence,I,0,14,Belinda
Clarence,A,0,14,Belinda
Clarence,DC,0,14,Belinda
Clarence,DN,0,14,Belinda
Clarence Hervey,N,0,14,Belinda
Clarence Hervey,C,0,14,Belinda
Clarence Hervey,I,0,14,Belinda
Clarence Hervey,A,0,14,Belinda
Clarence Hervey,DC,0,14,Belinda
Clarence Hervey,DN,0,14,Belinda
Clary,N,3,14,Belinda
Clary,C,0,14,Belinda
Clary,I,1,14,Belinda
Clary,A,0,14,Belinda
Clary,DC,3,14,Belinda
Clary,DN,0,14,Belinda
Cupid,N,0,14,Belinda
Cupid,C,0,14,Belinda
Cupid,I,0,14,Belinda
Cupid,A,0,14,Belinda
Cupid,DC,0,14,Belinda
Cupid,DN,0,14,Belinda
Damme,N,0,14,Belinda
Damme,C,0,14,Belinda
Damme,I,0,14,Belinda
Damme,A,0,14,Belinda
Damme,DC,0,14,Belinda
Damme,DN,0,14,Belinda
Doctor X----,N,0,14,Belinda
Doctor X----,C,0,14,Belinda
Doctor X----,I,0,14,Belinda
Doctor X----,A,0,14,Belinda
Doctor X----,DC,0,14,Belinda
Doctor X----,DN,0,14,Belinda
Dr. X----,N,2,14,Belinda
Dr. X----,C,0,14,Belinda
Dr. X----,I,0,14,Belinda
Dr. X----,A,1,14,Belinda
Dr. X----,DC,2,14,Belinda
Dr. X----,DN,0,14,Belinda
Edward,N,2,14,Belinda
Edward,C,1,14,Belinda
Edward,I,0,14,Belinda
Edward,A,0,14,Belinda
Edward,DC,1,14,Belinda
Edward,DN,0,14,Belinda
Fawcett,N,0,14,Belinda
Fawcett,C,0,14,Belinda
Fawcett,I,0,14,Belinda
Fawcett,A,0,14,Belinda
Fawcett,DC,0,14,Belinda
Fawcett,DN,0,14,Belinda
God,N,0,14,Belinda
God,C,0,14,Belinda
God,I,0,14,Belinda
God,A,0,14,Belinda
God,DC,0,14,Belinda
God,DN,0,14,Belinda
Harriot,N,2,14,Belinda
Harriot,C,0,14,Belinda
Harriot,I,1,14,Belinda
Harriot,A,1,14,Belinda
Harriot,DC,2,14,Belinda
Harriot,DN,0,14,Belinda
Heaven,N,1,14,Belinda
Heaven,C,0,14,Belinda
Heaven,I,0,14,Belinda
Heaven,A,0,14,Belinda
Heaven,DC,1,14,Belinda
Heaven,DN,0,14,Belinda
Helena,N,28,14,Belinda
Helena,C,7,14,Belinda
Helena,I,14,14,Belinda
Helena,A,12,14,Belinda
Helena,DC,17,14,Belinda
Helena,DN,3,14,Belinda
James,N,0,14,Belinda
James,C,0,14,Belinda
James,I,0,14,Belinda
James,A,0,14,Belinda
James,DC,0,14,Belinda
James,DN,0,14,Belinda
Jenny Mason,N,0,14,Belinda
Jenny Mason,C,0,14,Belinda
Jenny Mason,I,0,14,Belinda
Jenny Mason,A,0,14,Belinda
Jenny Mason,DC,0,14,Belinda
Jenny Mason,DN,0,14,Belinda
Joddrell,N,0,14,Belinda
Joddrell,C,0,14,Belinda
Joddrell,I,0,14,Belinda
Joddrell,A,0,14,Belinda
Joddrell,DC,0,14,Belinda
Joddrell,DN,0,14,Belinda
Jove,N,0,14,Belinda
Jove,C,0,14,Belinda
Jove,I,0,14,Belinda
Jove,A,0,14,Belinda
Jove,DC,0,14,Belinda
Jove,DN,0,14,Belinda
Juba,N,0,14,Belinda
Juba,C,0,14,Belinda
Juba,I,0,14,Belinda
Juba,A,0,14,Belinda
Juba,DC,0,14,Belinda
Juba,DN,0,14,Belinda
Lady Almeria,N,0,14,Belinda
Lady Almeria,C,0,14,Belinda
Lady Almeria,I,0,14,Belinda
Lady Almeria,A,0,14,Belinda
Lady Almeria,DC,0,14,Belinda
Lady Almeria,DN,0,14,Belinda
Lady Anne,N,10,14,Belinda
Lady Anne,C,0,14,Belinda
Lady Anne,I,2,14,Belinda
Lady Anne,A,0,14,Belinda
Lady Anne,DC,5,14,Belinda
Lady Anne,DN,0,14,Belinda
Lady Boucher,N,0,14,Belinda
Lady Boucher,C,0,14,Belinda
Lady Boucher,I,0,14,Belinda
Lady Boucher,A,0,14,Belinda
Lady Boucher,DC,0,14,Belinda
Lady Boucher,DN,0,14,Belinda
Lady Delacour,N,64,14,Belinda
Lady Delacour,C,70,14,Belinda
Lady Delacour,I,60,14,Belinda
Lady Delacour,A,54,14,Belinda
Lady Delacour,DC,15,14,Belinda
Lady Delacour,DN,3,14,Belinda
Lady Singleton,N,0,14,Belinda
Lady Singleton,C,0,14,Belinda
Lady Singleton,I,0,14,Belinda
Lady Singleton,A,0,14,Belinda
Lady Singleton,DC,0,14,Belinda
Lady Singleton,DN,0,14,Belinda
Lawless,N,1,14,Belinda
Lawless,C,0,14,Belinda
Lawless,I,0,14,Belinda
Lawless,A,0,14,Belinda
Lawless,DC,1,14,Belinda
Lawless,DN,0,14,Belinda
Lord,N,0,14,Belinda
Lord,C,0,14,Belinda
Lord,I,0,14,Belinda
Lord,A,0,14,Belinda
Lord,DC,0,14,Belinda
Lord,DN,0,14,Belinda
Lord Delacour,N,37,14,Belinda
Lord Delacour,C,10,14,Belinda
Lord Delacour,I,2,14,Belinda
Lord Delacour,A,12,14,Belinda
Lord Delacour,DC,16,14,Belinda
Lord Delacour,DN,2,14,Belinda
Lord Studley,N,0,14,Belinda
Lord Studley,C,0,14,Belinda
Lord Studley,I,0,14,Belinda
Lord Studley,A,0,14,Belinda
Lord Studley,DC,0,14,Belinda
Lord Studley,DN,0,14,Belinda
Lucy,N,0,14,Belinda
Lucy,C,0,14,Belinda
Lucy,I,0,14,Belinda
Lucy,A,0,14,Belinda
Lucy,DC,0,14,Belinda
Lucy,DN,0,14,Belinda
M. de St. Pierre,N,5,14,Belinda
M. de St. Pierre,C,0,14,Belinda
M. de St. Pierre,I,0,14,Belinda
M. de St. Pierre,A,1,14,Belinda
M. de St. Pierre,DC,5,14,Belinda
M. de St. Pierre,DN,0,14,Belinda
Mad,N,0,14,Belinda
Mad,C,0,14,Belinda
Mad,I,0,14,Belinda
Mad,A,0,14,Belinda
Mad,DC,0,14,Belinda
Mad,DN,0,14,Belinda
Mamma,N,0,14,Belinda
Mamma,C,0,14,Belinda
Mamma,I,0,14,Belinda
Mamma,A,0,14,Belinda
Mamma,DC,0,14,Belinda
Mamma,DN,0,14,Belinda
Marraton,N,0,14,Belinda
Marraton,C,0,14,Belinda
Marraton,I,0,14,Belinda
Marraton,A,0,14,Belinda
Marraton,DC,0,14,Belinda
Marraton,DN,0,14,Belinda
Marriott,N,1,14,Belinda
Marriott,C,0,14,Belinda
Marriott,I,0,14,Belinda
Marriott,A,0,14,Belinda
Marriott,DC,1,14,Belinda
Marriott,DN,0,14,Belinda
Ma’am,N,0,14,Belinda
Ma’am,C,0,14,Belinda
Ma’am,I,0,14,Belinda
Ma’am,A,0,14,Belinda
Ma’am,DC,0,14,Belinda
Ma’am,DN,0,14,Belinda
Milord,N,0,14,Belinda
Milord,C,0,14,Belinda
Milord,I,0,14,Belinda
Milord,A,0,14,Belinda
Milord,DC,0,14,Belinda
Milord,DN,0,14,Belinda
Miss Delacour,N,2,14,Belinda
Miss Delacour,C,0,14,Belinda
Miss Delacour,I,3,14,Belinda
Miss Delacour,A,1,14,Belinda
Miss Delacour,DC,1,14,Belinda
Miss Delacour,DN,0,14,Belinda
Miss Hartley,N,0,14,Belinda
Miss Hartley,C,0,14,Belinda
Miss Hartley,I,0,14,Belinda
Miss Hartley,A,0,14,Belinda
Miss Hartley,DC,0,14,Belinda
Miss Hartley,DN,0,14,Belinda
Miss Honour O’Grady,N,0,14,Belinda
Miss Honour O’Grady,C,0,14,Belinda
Miss Honour O’Grady,I,0,14,Belinda
Miss Honour O’Grady,A,0,14,Belinda
Miss Honour O’Grady,DC,0,14,Belinda
Miss Honour O’Grady,DN,0,14,Belinda
Miss Moreton,N,0,14,Belinda
Miss Moreton,C,0,14,Belinda
Miss Moreton,I,0,14,Belinda
Miss Moreton,A,0,14,Belinda
Miss Moreton,DC,0,14,Belinda
Miss Moreton,DN,0,14,Belinda
Miss Portman----,N,0,14,Belinda
Miss Portman----,C,0,14,Belinda
Miss Portman----,I,0,14,Belinda
Miss Portman----,A,0,14,Belinda
Miss Portman----,DC,0,14,Belinda
Miss Portman----,DN,0,14,Belinda
Miss St. Pierre,N,0,14,Belinda
Miss St. Pierre,C,0,14,Belinda
Miss St. Pierre,I,0,14,Belinda
Miss St. Pierre,A,0,14,Belinda
Miss St. Pierre,DC,0,14,Belinda
Miss St. Pierre,DN,0,14,Belinda
Mr. Freke,N,0,14,Belinda
Mr. Freke,C,0,14,Belinda
Mr. Freke,I,0,14,Belinda
Mr. Freke,A,0,14,Belinda
Mr. Freke,DC,0,14,Belinda
Mr. Freke,DN,0,14,Belinda
Mr. Hartley,N,0,14,Belinda
Mr. Hartley,C,0,14,Belinda
Mr. Hartley,I,0,14,Belinda
Mr. Hartley,A,0,14,Belinda
Mr. Hartley,DC,0,14,Belinda
Mr. Hartley,DN,0,14,Belinda
Mr. Hervey,N,42,14,Belinda
Mr. Hervey,C,21,14,Belinda
Mr. Hervey,I,21,14,Belinda
Mr. Hervey,A,30,14,Belinda
Mr. Hervey,DC,29,14,Belinda
Mr. Hervey,DN,3,14,Belinda
Mr. Horton,N,0,14,Belinda
Mr. Horton,C,0,14,Belinda
Mr. Horton,I,0,14,Belinda
Mr. Horton,A,0,14,Belinda
Mr. Horton,DC,0,14,Belinda
Mr. Horton,DN,0,14,Belinda
Mr. Luttridge,N,0,14,Belinda
Mr. Luttridge,C,0,14,Belinda
Mr. Luttridge,I,0,14,Belinda
Mr. Luttridge,A,0,14,Belinda
Mr. Luttridge,DC,0,14,Belinda
Mr. Luttridge,DN,0,14,Belinda
Mr. Percival,N,0,14,Belinda
Mr. Percival,C,0,14,Belinda
Mr. Percival,I,0,14,Belinda
Mr. Percival,A,0,14,Belinda
Mr. Percival,DC,0,14,Belinda
Mr. Percival,DN,0,14,Belinda
Mr. St. George,N,0,14,Belinda
Mr. St. George,C,0,14,Belinda
Mr. St. George,I,0,14,Belinda
Mr. St. George,A,0,14,Belinda
Mr. St. George,DC,0,14,Belinda
Mr. St. George,DN,0,14,Belinda
Mr. V----,N,0,14,Belinda
Mr. V----,C,0,14,Belinda
Mr. V----,I,0,14,Belinda
Mr. V----,A,0,14,Belinda
Mr. V----,DC,0,14,Belinda
Mr. V----,DN,0,14,Belinda
Mr. Vincent,N,0,14,Belinda
Mr. Vincent,C,0,14,Belinda
Mr. Vincent,I,0,14,Belinda
Mr. Vincent,A,0,14,Belinda
Mr. Vincent,DC,0,14,Belinda
Mr. Vincent,DN,0,14,Belinda
Mrs. ----,N,1,14,Belinda
Mrs. ----,C,0,14,Belinda
Mrs. ----,I,1,14,Belinda
Mrs. ----,A,1,14,Belinda
Mrs. ----,DC,0,14,Belinda
Mrs. ----,DN,0,14,Belinda
Mrs. Delacour,N,2,14,Belinda
Mrs. Delacour,C,0,14,Belinda
Mrs. Delacour,I,0,14,Belinda
Mrs. Delacour,A,0,14,Belinda
Mrs. Delacour,DC,1,14,Belinda
Mrs. Delacour,DN,0,14,Belinda
Mrs. Dumont,N,0,14,Belinda
Mrs. Dumont,C,0,14,Belinda
Mrs. Dumont,I,0,14,Belinda
Mrs. Dumont,A,0,14,Belinda
Mrs. Dumont,DC,0,14,Belinda
Mrs. Dumont,DN,0,14,Belinda
Mrs. Franks,N,0,14,Belinda
Mrs. Franks,C,0,14,Belinda
Mrs. Franks,I,0,14,Belinda
Mrs. Franks,A,0,14,Belinda
Mrs. Franks,DC,0,14,Belinda
Mrs. Franks,DN,0,14,Belinda
Mrs. Freke,N,0,14,Belinda
Mrs. Freke,C,0,14,Belinda
Mrs. Freke,I,0,14,Belinda
Mrs. Freke,A,0,14,Belinda
Mrs. Freke,DC,0,14,Belinda
Mrs. Freke,DN,0,14,Belinda
Mrs. Luttridge,N,0,14,Belinda
Mrs. Luttridge,C,0,14,Belinda
Mrs. Luttridge,I,0,14,Belinda
Mrs. Luttridge,A,0,14,Belinda
Mrs. Luttridge,DC,0,14,Belinda
Mrs. Luttridge,DN,0,14,Belinda
Mrs. Ormond,N,0,14,Belinda
Mrs. Ormond,C,0,14,Belinda
Mrs. Ormond,I,0,14,Belinda
Mrs. Ormond,A,0,14,Belinda
Mrs. Ormond,DC,0,14,Belinda
Mrs. Ormond,DN,0,14,Belinda
Mrs. Smith,N,0,14,Belinda
Mrs. Smith,C,0,14,Belinda
Mrs. Smith,I,0,14,Belinda
Mrs. Smith,A,0,14,Belinda
Mrs. Smith,DC,0,14,Belinda
Mrs. Smith,DN,0,14,Belinda
Mrs. Stanhope,N,9,14,Belinda
Mrs. Stanhope,C,0,14,Belinda
Mrs. Stanhope,I,1,14,Belinda
Mrs. Stanhope,A,1,14,Belinda
Mrs. Stanhope,DC,7,14,Belinda
Mrs. Stanhope,DN,0,14,Belinda
Mrs. Stanhope:--,N,0,14,Belinda
Mrs. Stanhope:--,C,0,14,Belinda
Mrs. Stanhope:--,I,0,14,Belinda
Mrs. Stanhope:--,A,0,14,Belinda
Mrs. Stanhope:--,DC,0,14,Belinda
Mrs. Stanhope:--,DN,0,14,Belinda
NIECE,N,0,14,Belinda
NIECE,C,0,14,Belinda
NIECE,I,0,14,Belinda
NIECE,A,0,14,Belinda
NIECE,DC,0,14,Belinda
NIECE,DN,0,14,Belinda
Paul,N,0,14,Belinda
Paul,C,0,14,Belinda
Paul,I,0,14,Belinda
Paul,A,0,14,Belinda
Paul,DC,0,14,Belinda
Paul,DN,0,14,Belinda
Percival,N,0,14,Belinda
Percival,C,0,14,Belinda
Percival,I,0,14,Belinda
Percival,A,0,14,Belinda
Percival,DC,0,14,Belinda
Percival,DN,0,14,Belinda
Petrarch,N,0,14,Belinda
Petrarch,C,0,14,Belinda
Petrarch,I,0,14,Belinda
Petrarch,A,0,14,Belinda
Petrarch,DC,0,14,Belinda
Petrarch,DN,0,14,Belinda
Queen Elizabeth,N,0,14,Belinda
Queen Elizabeth,C,0,14,Belinda
Queen Elizabeth,I,0,14,Belinda
Queen Elizabeth,A,0,14,Belinda
Queen Elizabeth,DC,0,14,Belinda
Queen Elizabeth,DN,0,14,Belinda
Rachel,N,0,14,Belinda
Rachel,C,0,14,Belinda
Rachel,I,0,14,Belinda
Rachel,A,0,14,Belinda
Rachel,DC,0,14,Belinda
Rachel,DN,0,14,Belinda
Rochfort,N,9,14,Belinda
Rochfort,C,8,14,Belinda
Rochfort,I,3,14,Belinda
Rochfort,A,1,14,Belinda
Rochfort,DC,2,14,Belinda
Rochfort,DN,0,14,Belinda
Sir Philip,N,16,14,Belinda
Sir Philip,C,10,14,Belinda
Sir Philip,I,4,14,Belinda
Sir Philip,A,4,14,Belinda
Sir Philip,DC,7,14,Belinda
Sir Philip,DN,3,14,Belinda
Solomon,N,0,14,Belinda
Solomon,C,0,14,Belinda
Solomon,I,0,14,Belinda
Solomon,A,0,14,Belinda
Solomon,DC,0,14,Belinda
Solomon,DN,0,14,Belinda
Tollemache,N,0,14,Belinda
Tollemache,C,0,14,Belinda
Tollemache,I,0,14,Belinda
Tollemache,A,0,14,Belinda
Tollemache,DC,0,14,Belinda
Tollemache,DN,0,14,Belinda
Valleton,N,0,14,Belinda
Valleton,C,0,14,Belinda
Valleton,I,0,14,Belinda
Valleton,A,0,14,Belinda
Valleton,DC,0,14,Belinda
Valleton,DN,0,14,Belinda
Virginia,N,4,14,Belinda
Virginia,C,0,14,Belinda
Virginia,I,0,14,Belinda
Virginia,A,0,14,Belinda
Virginia,DC,2,14,Belinda
Virginia,DN,0,14,Belinda
Young Vincent,N,0,14,Belinda
Young Vincent,C,0,14,Belinda
Young Vincent,I,0,14,Belinda
Young Vincent,A,0,14,Belinda
Young Vincent,DC,0,14,Belinda
Young Vincent,DN,0,14,Belinda
de Grignan,N,0,14,Belinda
de Grignan,C,0,14,Belinda
de Grignan,I,0,14,Belinda
de Grignan,A,0,14,Belinda
de Grignan,DC,0,14,Belinda
de Grignan,DN,0,14,Belinda
de Pomenars,N,0,14,Belinda
de Pomenars,C,0,14,Belinda
de Pomenars,I,0,14,Belinda
de Pomenars,A,0,14,Belinda
de Pomenars,DC,0,14,Belinda
de Pomenars,DN,0,14,Belinda
poor Lawless,N,0,14,Belinda
poor Lawless,C,0,14,Belinda
poor Lawless,I,0,14,Belinda
poor Lawless,A,0,14,Belinda
poor Lawless,DC,0,14,Belinda
poor Lawless,DN,0,14,Belinda
the Luttridges,N,0,14,Belinda
the Luttridges,C,0,14,Belinda
the Luttridges,I,0,14,Belinda
the Luttridges,A,0,14,Belinda
the Luttridges,DC,0,14,Belinda
the Luttridges,DN,0,14,Belinda
the Percivals,N,0,14,Belinda
the Percivals,C,0,14,Belinda
the Percivals,I,0,14,Belinda
the Percivals,A,0,14,Belinda
the Percivals,DC,0,14,Belinda
the Percivals,DN,0,14,Belinda
the honourable Mrs. Levit,N,0,14,Belinda
the honourable Mrs. Levit,C,0,14,Belinda
the honourable Mrs. Levit,I,0,14,Belinda
the honourable Mrs. Levit,A,0,14,Belinda
the honourable Mrs. Levit,DC,0,14,Belinda
the honourable Mrs. Levit,DN,0,14,Belinda
Annabella,N,0,15,Belinda
Annabella,C,0,15,Belinda
Annabella,I,0,15,Belinda
Annabella,A,0,15,Belinda
Annabella,DC,0,15,Belinda
Annabella,DN,0,15,Belinda
Belinda,N,55,15,Belinda
Belinda,C,24,15,Belinda
Belinda,I,34,15,Belinda
Belinda,A,44,15,Belinda
Belinda,DC,14,15,Belinda
Belinda,DN,4,15,Belinda
Bobby,N,0,15,Belinda
Bobby,C,0,15,Belinda
Bobby,I,0,15,Belinda
Bobby,A,0,15,Belinda
Bobby,DC,0,15,Belinda
Bobby,DN,0,15,Belinda
Captain Sunderland,N,0,15,Belinda
Captain Sunderland,C,0,15,Belinda
Captain Sunderland,I,0,15,Belinda
Captain Sunderland,A,0,15,Belinda
Captain Sunderland,DC,0,15,Belinda
Captain Sunderland,DN,0,15,Belinda
Champfort,N,2,15,Belinda
Champfort,C,0,15,Belinda
Champfort,I,0,15,Belinda
Champfort,A,0,15,Belinda
Champfort,DC,1,15,Belinda
Champfort,DN,0,15,Belinda
Charles,N,0,15,Belinda
Charles,C,0,15,Belinda
Charles,I,0,15,Belinda
Charles,A,0,15,Belinda
Charles,DC,0,15,Belinda
Charles,DN,0,15,Belinda
Clarence,N,0,15,Belinda
Clarence,C,0,15,Belinda
Clarence,I,0,15,Belinda
Clarence,A,0,15,Belinda
Clarence,DC,0,15,Belinda
Clarence,DN,0,15,Belinda
Clarence Hervey,N,0,15,Belinda
Clarence Hervey,C,0,15,Belinda
Clarence Hervey,I,0,15,Belinda
Clarence Hervey,A,0,15,Belinda
Clarence Hervey,DC,0,15,Belinda
Clarence Hervey,DN,0,15,Belinda
Clary,N,0,15,Belinda
Clary,C,0,15,Belinda
Clary,I,0,15,Belinda
Clary,A,0,15,Belinda
Clary,DC,0,15,Belinda
Clary,DN,0,15,Belinda
Cupid,N,0,15,Belinda
Cupid,C,0,15,Belinda
Cupid,I,0,15,Belinda
Cupid,A,0,15,Belinda
Cupid,DC,0,15,Belinda
Cupid,DN,0,15,Belinda
Damme,N,0,15,Belinda
Damme,C,0,15,Belinda
Damme,I,0,15,Belinda
Damme,A,0,15,Belinda
Damme,DC,0,15,Belinda
Damme,DN,0,15,Belinda
Doctor X----,N,0,15,Belinda
Doctor X----,C,0,15,Belinda
Doctor X----,I,0,15,Belinda
Doctor X----,A,0,15,Belinda
Doctor X----,DC,0,15,Belinda
Doctor X----,DN,0,15,Belinda
Dr. X----,N,0,15,Belinda
Dr. X----,C,0,15,Belinda
Dr. X----,I,0,15,Belinda
Dr. X----,A,0,15,Belinda
Dr. X----,DC,0,15,Belinda
Dr. X----,DN,0,15,Belinda
Edward,N,0,15,Belinda
Edward,C,0,15,Belinda
Edward,I,0,15,Belinda
Edward,A,0,15,Belinda
Edward,DC,0,15,Belinda
Edward,DN,0,15,Belinda
Fawcett,N,0,15,Belinda
Fawcett,C,0,15,Belinda
Fawcett,I,0,15,Belinda
Fawcett,A,0,15,Belinda
Fawcett,DC,0,15,Belinda
Fawcett,DN,0,15,Belinda
God,N,0,15,Belinda
God,C,0,15,Belinda
God,I,0,15,Belinda
God,A,0,15,Belinda
God,DC,0,15,Belinda
God,DN,0,15,Belinda
Harriot,N,2,15,Belinda
Harriot,C,0,15,Belinda
Harriot,I,0,15,Belinda
Harriot,A,2,15,Belinda
Harriot,DC,0,15,Belinda
Harriot,DN,2,15,Belinda
Heaven,N,0,15,Belinda
Heaven,C,0,15,Belinda
Heaven,I,0,15,Belinda
Heaven,A,0,15,Belinda
Heaven,DC,0,15,Belinda
Heaven,DN,0,15,Belinda
Helena,N,1,15,Belinda
Helena,C,1,15,Belinda
Helena,I,0,15,Belinda
Helena,A,1,15,Belinda
Helena,DC,0,15,Belinda
Helena,DN,0,15,Belinda
James,N,0,15,Belinda
James,C,0,15,Belinda
James,I,0,15,Belinda
James,A,0,15,Belinda
James,DC,0,15,Belinda
James,DN,0,15,Belinda
Jenny Mason,N,0,15,Belinda
Jenny Mason,C,0,15,Belinda
Jenny Mason,I,0,15,Belinda
Jenny Mason,A,0,15,Belinda
Jenny Mason,DC,0,15,Belinda
Jenny Mason,DN,0,15,Belinda
Joddrell,N,0,15,Belinda
Joddrell,C,0,15,Belinda
Joddrell,I,0,15,Belinda
Joddrell,A,0,15,Belinda
Joddrell,DC,0,15,Belinda
Joddrell,DN,0,15,Belinda
Jove,N,0,15,Belinda
Jove,C,0,15,Belinda
Jove,I,0,15,Belinda
Jove,A,0,15,Belinda
Jove,DC,0,15,Belinda
Jove,DN,0,15,Belinda
Juba,N,0,15,Belinda
Juba,C,0,15,Belinda
Juba,I,0,15,Belinda
Juba,A,0,15,Belinda
Juba,DC,0,15,Belinda
Juba,DN,0,15,Belinda
Lady Almeria,N,0,15,Belinda
Lady Almeria,C,0,15,Belinda
Lady Almeria,I,0,15,Belinda
Lady Almeria,A,0,15,Belinda
Lady Almeria,DC,0,15,Belinda
Lady Almeria,DN,0,15,Belinda
Lady Anne,N,3,15,Belinda
Lady Anne,C,0,15,Belinda
Lady Anne,I,0,15,Belinda
Lady Anne,A,0,15,Belinda
Lady Anne,DC,1,15,Belinda
Lady Anne,DN,0,15,Belinda
Lady Boucher,N,0,15,Belinda
Lady Boucher,C,0,15,Belinda
Lady Boucher,I,0,15,Belinda
Lady Boucher,A,0,15,Belinda
Lady Boucher,DC,0,15,Belinda
Lady Boucher,DN,0,15,Belinda
Lady Delacour,N,35,15,Belinda
Lady Delacour,C,30,15,Belinda
Lady Delacour,I,43,15,Belinda
Lady Delacour,A,50,15,Belinda
Lady Delacour,DC,11,15,Belinda
Lady Delacour,DN,3,15,Belinda
Lady Singleton,N,1,15,Belinda
Lady Singleton,C,0,15,Belinda
Lady Singleton,I,0,15,Belinda
Lady Singleton,A,1,15,Belinda
Lady Singleton,DC,1,15,Belinda
Lady Singleton,DN,0,15,Belinda
Lawless,N,1,15,Belinda
Lawless,C,0,15,Belinda
Lawless,I,0,15,Belinda
Lawless,A,0,15,Belinda
Lawless,DC,1,15,Belinda
Lawless,DN,0,15,Belinda
Lord,N,0,15,Belinda
Lord,C,0,15,Belinda
Lord,I,0,15,Belinda
Lord,A,0,15,Belinda
Lord,DC,0,15,Belinda
Lord,DN,0,15,Belinda
Lord Delacour,N,3,15,Belinda
Lord Delacour,C,0,15,Belinda
Lord Delacour,I,0,15,Belinda
Lord Delacour,A,0,15,Belinda
Lord Delacour,DC,0,15,Belinda
Lord Delacour,DN,0,15,Belinda
Lord Studley,N,0,15,Belinda
Lord Studley,C,0,15,Belinda
Lord Studley,I,0,15,Belinda
Lord Studley,A,0,15,Belinda
Lord Studley,DC,0,15,Belinda
Lord Studley,DN,0,15,Belinda
Lucy,N,0,15,Belinda
Lucy,C,0,15,Belinda
Lucy,I,0,15,Belinda
Lucy,A,0,15,Belinda
Lucy,DC,0,15,Belinda
Lucy,DN,0,15,Belinda
M. de St. Pierre,N,0,15,Belinda
M. de St. Pierre,C,0,15,Belinda
M. de St. Pierre,I,0,15,Belinda
M. de St. Pierre,A,0,15,Belinda
M. de St. Pierre,DC,0,15,Belinda
M. de St. Pierre,DN,0,15,Belinda
Mad,N,0,15,Belinda
Mad,C,0,15,Belinda
Mad,I,0,15,Belinda
Mad,A,0,15,Belinda
Mad,DC,0,15,Belinda
Mad,DN,0,15,Belinda
Mamma,N,0,15,Belinda
Mamma,C,0,15,Belinda
Mamma,I,0,15,Belinda
Mamma,A,0,15,Belinda
Mamma,DC,0,15,Belinda
Mamma,DN,0,15,Belinda
Marraton,N,0,15,Belinda
Marraton,C,0,15,Belinda
Marraton,I,0,15,Belinda
Marraton,A,0,15,Belinda
Marraton,DC,0,15,Belinda
Marraton,DN,0,15,Belinda
Marriott,N,7,15,Belinda
Marriott,C,3,15,Belinda
Marriott,I,3,15,Belinda
Marriott,A,5,15,Belinda
Marriott,DC,3,15,Belinda
Marriott,DN,0,15,Belinda
Ma’am,N,0,15,Belinda
Ma’am,C,0,15,Belinda
Ma’am,I,0,15,Belinda
Ma’am,A,0,15,Belinda
Ma’am,DC,0,15,Belinda
Ma’am,DN,0,15,Belinda
Milord,N,0,15,Belinda
Milord,C,0,15,Belinda
Milord,I,0,15,Belinda
Milord,A,0,15,Belinda
Milord,DC,0,15,Belinda
Milord,DN,0,15,Belinda
Miss Delacour,N,0,15,Belinda
Miss Delacour,C,0,15,Belinda
Miss Delacour,I,0,15,Belinda
Miss Delacour,A,0,15,Belinda
Miss Delacour,DC,0,15,Belinda
Miss Delacour,DN,0,15,Belinda
Miss Hartley,N,0,15,Belinda
Miss Hartley,C,0,15,Belinda
Miss Hartley,I,0,15,Belinda
Miss Hartley,A,0,15,Belinda
Miss Hartley,DC,0,15,Belinda
Miss Hartley,DN,0,15,Belinda
Miss Honour O’Grady,N,0,15,Belinda
Miss Honour O’Grady,C,0,15,Belinda
Miss Honour O’Grady,I,0,15,Belinda
Miss Honour O’Grady,A,0,15,Belinda
Miss Honour O’Grady,DC,0,15,Belinda
Miss Honour O’Grady,DN,0,15,Belinda
Miss Moreton,N,0,15,Belinda
Miss Moreton,C,0,15,Belinda
Miss Moreton,I,0,15,Belinda
Miss Moreton,A,0,15,Belinda
Miss Moreton,DC,0,15,Belinda
Miss Moreton,DN,0,15,Belinda
Miss Portman----,N,0,15,Belinda
Miss Portman----,C,0,15,Belinda
Miss Portman----,I,0,15,Belinda
Miss Portman----,A,0,15,Belinda
Miss Portman----,DC,0,15,Belinda
Miss Portman----,DN,0,15,Belinda
Miss St. Pierre,N,0,15,Belinda
Miss St. Pierre,C,0,15,Belinda
Miss St. Pierre,I,0,15,Belinda
Miss St. Pierre,A,0,15,Belinda
Miss St. Pierre,DC,0,15,Belinda
Miss St. Pierre,DN,0,15,Belinda
Mr. Freke,N,0,15,Belinda
Mr. Freke,C,0,15,Belinda
Mr. Freke,I,0,15,Belinda
Mr. Freke,A,0,15,Belinda
Mr. Freke,DC,0,15,Belinda
Mr. Freke,DN,0,15,Belinda
Mr. Hartley,N,0,15,Belinda
Mr. Hartley,C,0,15,Belinda
Mr. Hartley,I,0,15,Belinda
Mr. Hartley,A,0,15,Belinda
Mr. Hartley,DC,0,15,Belinda
Mr. Hartley,DN,0,15,Belinda
Mr. Hervey,N,4,15,Belinda
Mr. Hervey,C,0,15,Belinda
Mr. Hervey,I,0,15,Belinda
Mr. Hervey,A,1,15,Belinda
Mr. Hervey,DC,6,15,Belinda
Mr. Hervey,DN,0,15,Belinda
Mr. Horton,N,0,15,Belinda
Mr. Horton,C,0,15,Belinda
Mr. Horton,I,0,15,Belinda
Mr. Horton,A,0,15,Belinda
Mr. Horton,DC,0,15,Belinda
Mr. Horton,DN,0,15,Belinda
Mr. Luttridge,N,0,15,Belinda
Mr. Luttridge,C,0,15,Belinda
Mr. Luttridge,I,0,15,Belinda
Mr. Luttridge,A,0,15,Belinda
Mr. Luttridge,DC,0,15,Belinda
Mr. Luttridge,DN,0,15,Belinda
Mr. Percival,N,0,15,Belinda
Mr. Percival,C,0,15,Belinda
Mr. Percival,I,0,15,Belinda
Mr. Percival,A,0,15,Belinda
Mr. Percival,DC,0,15,Belinda
Mr. Percival,DN,0,15,Belinda
Mr. St. George,N,0,15,Belinda
Mr. St. George,C,0,15,Belinda
Mr. St. George,I,0,15,Belinda
Mr. St. George,A,0,15,Belinda
Mr. St. George,DC,0,15,Belinda
Mr. St. George,DN,0,15,Belinda
Mr. V----,N,0,15,Belinda
Mr. V----,C,0,15,Belinda
Mr. V----,I,0,15,Belinda
Mr. V----,A,0,15,Belinda
Mr. V----,DC,0,15,Belinda
Mr. V----,DN,0,15,Belinda
Mr. Vincent,N,0,15,Belinda
Mr. Vincent,C,0,15,Belinda
Mr. Vincent,I,0,15,Belinda
Mr. Vincent,A,0,15,Belinda
Mr. Vincent,DC,0,15,Belinda
Mr. Vincent,DN,0,15,Belinda
Mrs. ----,N,0,15,Belinda
Mrs. ----,C,0,15,Belinda
Mrs. ----,I,0,15,Belinda
Mrs. ----,A,0,15,Belinda
Mrs. ----,DC,0,15,Belinda
Mrs. ----,DN,0,15,Belinda
Mrs. Delacour,N,1,15,Belinda
Mrs. Delacour,C,0,15,Belinda
Mrs. Delacour,I,0,15,Belinda
Mrs. Delacour,A,0,15,Belinda
Mrs. Delacour,DC,0,15,Belinda
Mrs. Delacour,DN,0,15,Belinda
Mrs. Dumont,N,0,15,Belinda
Mrs. Dumont,C,0,15,Belinda
Mrs. Dumont,I,0,15,Belinda
Mrs. Dumont,A,0,15,Belinda
Mrs. Dumont,DC,0,15,Belinda
Mrs. Dumont,DN,0,15,Belinda
Mrs. Franks,N,0,15,Belinda
Mrs. Franks,C,0,15,Belinda
Mrs. Franks,I,0,15,Belinda
Mrs. Franks,A,0,15,Belinda
Mrs. Franks,DC,0,15,Belinda
Mrs. Franks,DN,0,15,Belinda
Mrs. Freke,N,0,15,Belinda
Mrs. Freke,C,0,15,Belinda
Mrs. Freke,I,0,15,Belinda
Mrs. Freke,A,0,15,Belinda
Mrs. Freke,DC,0,15,Belinda
Mrs. Freke,DN,0,15,Belinda
Mrs. Luttridge,N,3,15,Belinda
Mrs. Luttridge,C,0,15,Belinda
Mrs. Luttridge,I,0,15,Belinda
Mrs. Luttridge,A,0,15,Belinda
Mrs. Luttridge,DC,0,15,Belinda
Mrs. Luttridge,DN,0,15,Belinda
Mrs. Ormond,N,0,15,Belinda
Mrs. Ormond,C,0,15,Belinda
Mrs. Ormond,I,0,15,Belinda
Mrs. Ormond,A,0,15,Belinda
Mrs. Ormond,DC,0,15,Belinda
Mrs. Ormond,DN,0,15,Belinda
Mrs. Smith,N,0,15,Belinda
Mrs. Smith,C,0,15,Belinda
Mrs. Smith,I,0,15,Belinda
Mrs. Smith,A,0,15,Belinda
Mrs. Smith,DC,0,15,Belinda
Mrs. Smith,DN,0,15,Belinda
Mrs. Stanhope,N,8,15,Belinda
Mrs. Stanhope,C,0,15,Belinda
Mrs. Stanhope,I,1,15,Belinda
Mrs. Stanhope,A,1,15,Belinda
Mrs. Stanhope,DC,2,15,Belinda
Mrs. Stanhope,DN,0,15,Belinda
Mrs. Stanhope:--,N,0,15,Belinda
Mrs. Stanhope:--,C,0,15,Belinda
Mrs. Stanhope:--,I,0,15,Belinda
Mrs. Stanhope:--,A,0,15,Belinda
Mrs. Stanhope:--,DC,0,15,Belinda
Mrs. Stanhope:--,DN,0,15,Belinda
NIECE,N,1,15,Belinda
NIECE,C,0,15,Belinda
NIECE,I,3,15,Belinda
NIECE,A,4,15,Belinda
NIECE,DC,12,15,Belinda
NIECE,DN,0,15,Belinda
Paul,N,0,15,Belinda
Paul,C,0,15,Belinda
Paul,I,0,15,Belinda
Paul,A,0,15,Belinda
Paul,DC,0,15,Belinda
Paul,DN,0,15,Belinda
Percival,N,0,15,Belinda
Percival,C,0,15,Belinda
Percival,I,0,15,Belinda
Percival,A,0,15,Belinda
Percival,DC,0,15,Belinda
Percival,DN,0,15,Belinda
Petrarch,N,0,15,Belinda
Petrarch,C,0,15,Belinda
Petrarch,I,0,15,Belinda
Petrarch,A,0,15,Belinda
Petrarch,DC,0,15,Belinda
Petrarch,DN,0,15,Belinda
Queen Elizabeth,N,0,15,Belinda
Queen Elizabeth,C,0,15,Belinda
Queen Elizabeth,I,0,15,Belinda
Queen Elizabeth,A,0,15,Belinda
Queen Elizabeth,DC,0,15,Belinda
Queen Elizabeth,DN,0,15,Belinda
Rachel,N,0,15,Belinda
Rachel,C,0,15,Belinda
Rachel,I,0,15,Belinda
Rachel,A,0,15,Belinda
Rachel,DC,0,15,Belinda
Rachel,DN,0,15,Belinda
Rochfort,N,0,15,Belinda
Rochfort,C,0,15,Belinda
Rochfort,I,0,15,Belinda
Rochfort,A,0,15,Belinda
Rochfort,DC,0,15,Belinda
Rochfort,DN,0,15,Belinda
Sir Philip,N,7,15,Belinda
Sir Philip,C,0,15,Belinda
Sir Philip,I,2,15,Belinda
Sir Philip,A,1,15,Belinda
Sir Philip,DC,11,15,Belinda
Sir Philip,DN,0,15,Belinda
Solomon,N,0,15,Belinda
Solomon,C,0,15,Belinda
Solomon,I,0,15,Belinda
Solomon,A,0,15,Belinda
Solomon,DC,0,15,Belinda
Solomon,DN,0,15,Belinda
Tollemache,N,0,15,Belinda
Tollemache,C,0,15,Belinda
Tollemache,I,0,15,Belinda
Tollemache,A,0,15,Belinda
Tollemache,DC,0,15,Belinda
Tollemache,DN,0,15,Belinda
Valleton,N,0,15,Belinda
Valleton,C,0,15,Belinda
Valleton,I,0,15,Belinda
Valleton,A,0,15,Belinda
Valleton,DC,0,15,Belinda
Valleton,DN,0,15,Belinda
Virginia,N,0,15,Belinda
Virginia,C,0,15,Belinda
Virginia,I,0,15,Belinda
Virginia,A,0,15,Belinda
Virginia,DC,0,15,Belinda
Virginia,DN,0,15,Belinda
Young Vincent,N,0,15,Belinda
Young Vincent,C,0,15,Belinda
Young Vincent,I,0,15,Belinda
Young Vincent,A,0,15,Belinda
Young Vincent,DC,0,15,Belinda
Young Vincent,DN,0,15,Belinda
de Grignan,N,0,15,Belinda
de Grignan,C,0,15,Belinda
de Grignan,I,0,15,Belinda
de Grignan,A,0,15,Belinda
de Grignan,DC,0,15,Belinda
de Grignan,DN,0,15,Belinda
de Pomenars,N,0,15,Belinda
de Pomenars,C,0,15,Belinda
de Pomenars,I,0,15,Belinda
de Pomenars,A,0,15,Belinda
de Pomenars,DC,0,15,Belinda
de Pomenars,DN,0,15,Belinda
poor Lawless,N,0,15,Belinda
poor Lawless,C,0,15,Belinda
poor Lawless,I,0,15,Belinda
poor Lawless,A,0,15,Belinda
poor Lawless,DC,0,15,Belinda
poor Lawless,DN,0,15,Belinda
the Luttridges,N,0,15,Belinda
the Luttridges,C,0,15,Belinda
the Luttridges,I,0,15,Belinda
the Luttridges,A,0,15,Belinda
the Luttridges,DC,0,15,Belinda
the Luttridges,DN,0,15,Belinda
the Percivals,N,0,15,Belinda
the Percivals,C,0,15,Belinda
the Percivals,I,0,15,Belinda
the Percivals,A,0,15,Belinda
the Percivals,DC,0,15,Belinda
the Percivals,DN,0,15,Belinda
the honourable Mrs. Levit,N,0,15,Belinda
the honourable Mrs. Levit,C,0,15,Belinda
the honourable Mrs. Levit,I,0,15,Belinda
the honourable Mrs. Levit,A,0,15,Belinda
the honourable Mrs. Levit,DC,0,15,Belinda
the honourable Mrs. Levit,DN,0,15,Belinda
Annabella,N,0,16,Belinda
Annabella,C,0,16,Belinda
Annabella,I,0,16,Belinda
Annabella,A,0,16,Belinda
Annabella,DC,0,16,Belinda
Annabella,DN,0,16,Belinda
Belinda,N,37,16,Belinda
Belinda,C,4,16,Belinda
Belinda,I,26,16,Belinda
Belinda,A,22,16,Belinda
Belinda,DC,11,16,Belinda
Belinda,DN,8,16,Belinda
Bobby,N,0,16,Belinda
Bobby,C,0,16,Belinda
Bobby,I,0,16,Belinda
Bobby,A,0,16,Belinda
Bobby,DC,0,16,Belinda
Bobby,DN,0,16,Belinda
Captain Sunderland,N,0,16,Belinda
Captain Sunderland,C,0,16,Belinda
Captain Sunderland,I,0,16,Belinda
Captain Sunderland,A,0,16,Belinda
Captain Sunderland,DC,0,16,Belinda
Captain Sunderland,DN,0,16,Belinda
Champfort,N,1,16,Belinda
Champfort,C,0,16,Belinda
Champfort,I,0,16,Belinda
Champfort,A,0,16,Belinda
Champfort,DC,0,16,Belinda
Champfort,DN,0,16,Belinda
Charles,N,2,16,Belinda
Charles,C,0,16,Belinda
Charles,I,1,16,Belinda
Charles,A,0,16,Belinda
Charles,DC,0,16,Belinda
Charles,DN,0,16,Belinda
Clarence,N,0,16,Belinda
Clarence,C,0,16,Belinda
Clarence,I,0,16,Belinda
Clarence,A,0,16,Belinda
Clarence,DC,0,16,Belinda
Clarence,DN,0,16,Belinda
Clarence Hervey,N,0,16,Belinda
Clarence Hervey,C,0,16,Belinda
Clarence Hervey,I,0,16,Belinda
Clarence Hervey,A,0,16,Belinda
Clarence Hervey,DC,0,16,Belinda
Clarence Hervey,DN,0,16,Belinda
Clary,N,0,16,Belinda
Clary,C,0,16,Belinda
Clary,I,0,16,Belinda
Clary,A,0,16,Belinda
Clary,DC,0,16,Belinda
Clary,DN,0,16,Belinda
Cupid,N,0,16,Belinda
Cupid,C,0,16,Belinda
Cupid,I,0,16,Belinda
Cupid,A,0,16,Belinda
Cupid,DC,0,16,Belinda
Cupid,DN,0,16,Belinda
Damme,N,0,16,Belinda
Damme,C,0,16,Belinda
Damme,I,0,16,Belinda
Damme,A,0,16,Belinda
Damme,DC,0,16,Belinda
Damme,DN,0,16,Belinda
Doctor X----,N,0,16,Belinda
Doctor X----,C,0,16,Belinda
Doctor X----,I,0,16,Belinda
Doctor X----,A,0,16,Belinda
Doctor X----,DC,0,16,Belinda
Doctor X----,DN,0,16,Belinda
Dr. X----,N,0,16,Belinda
Dr. X----,C,0,16,Belinda
Dr. X----,I,0,16,Belinda
Dr. X----,A,0,16,Belinda
Dr. X----,DC,0,16,Belinda
Dr. X----,DN,0,16,Belinda
Edward,N,0,16,Belinda
Edward,C,0,16,Belinda
Edward,I,0,16,Belinda
Edward,A,0,16,Belinda
Edward,DC,0,16,Belinda
Edward,DN,0,16,Belinda
Fawcett,N,0,16,Belinda
Fawcett,C,0,16,Belinda
Fawcett,I,0,16,Belinda
Fawcett,A,0,16,Belinda
Fawcett,DC,0,16,Belinda
Fawcett,DN,0,16,Belinda
God,N,1,16,Belinda
God,C,0,16,Belinda
God,I,0,16,Belinda
God,A,0,16,Belinda
God,DC,1,16,Belinda
God,DN,0,16,Belinda
Harriot,N,1,16,Belinda
Harriot,C,0,16,Belinda
Harriot,I,0,16,Belinda
Harriot,A,0,16,Belinda
Harriot,DC,0,16,Belinda
Harriot,DN,0,16,Belinda
Heaven,N,0,16,Belinda
Heaven,C,0,16,Belinda
Heaven,I,0,16,Belinda
Heaven,A,0,16,Belinda
Heaven,DC,0,16,Belinda
Heaven,DN,0,16,Belinda
Helena,N,1,16,Belinda
Helena,C,0,16,Belinda
Helena,I,0,16,Belinda
Helena,A,0,16,Belinda
Helena,DC,0,16,Belinda
Helena,DN,0,16,Belinda
James,N,0,16,Belinda
James,C,0,16,Belinda
James,I,0,16,Belinda
James,A,0,16,Belinda
James,DC,0,16,Belinda
James,DN,0,16,Belinda
Jenny Mason,N,0,16,Belinda
Jenny Mason,C,0,16,Belinda
Jenny Mason,I,0,16,Belinda
Jenny Mason,A,0,16,Belinda
Jenny Mason,DC,0,16,Belinda
Jenny Mason,DN,0,16,Belinda
Joddrell,N,2,16,Belinda
Joddrell,C,0,16,Belinda
Joddrell,I,0,16,Belinda
Joddrell,A,2,16,Belinda
Joddrell,DC,2,16,Belinda
Joddrell,DN,0,16,Belinda
Jove,N,0,16,Belinda
Jove,C,0,16,Belinda
Jove,I,0,16,Belinda
Jove,A,0,16,Belinda
Jove,DC,0,16,Belinda
Jove,DN,0,16,Belinda
Juba,N,18,16,Belinda
Juba,C,3,16,Belinda
Juba,I,5,16,Belinda
Juba,A,12,16,Belinda
Juba,DC,2,16,Belinda
Juba,DN,3,16,Belinda
Lady Almeria,N,0,16,Belinda
Lady Almeria,C,0,16,Belinda
Lady Almeria,I,0,16,Belinda
Lady Almeria,A,0,16,Belinda
Lady Almeria,DC,0,16,Belinda
Lady Almeria,DN,0,16,Belinda
Lady Anne,N,10,16,Belinda
Lady Anne,C,4,16,Belinda
Lady Anne,I,3,16,Belinda
Lady Anne,A,5,16,Belinda
Lady Anne,DC,3,16,Belinda
Lady Anne,DN,0,16,Belinda
Lady Boucher,N,0,16,Belinda
Lady Boucher,C,0,16,Belinda
Lady Boucher,I,0,16,Belinda
Lady Boucher,A,0,16,Belinda
Lady Boucher,DC,0,16,Belinda
Lady Boucher,DN,0,16,Belinda
Lady Delacour,N,12,16,Belinda
Lady Delacour,C,0,16,Belinda
Lady Delacour,I,1,16,Belinda
Lady Delacour,A,0,16,Belinda
Lady Delacour,DC,5,16,Belinda
Lady Delacour,DN,0,16,Belinda
Lady Singleton,N,0,16,Belinda
Lady Singleton,C,0,16,Belinda
Lady Singleton,I,0,16,Belinda
Lady Singleton,A,0,16,Belinda
Lady Singleton,DC,0,16,Belinda
Lady Singleton,DN,0,16,Belinda
Lawless,N,0,16,Belinda
Lawless,C,0,16,Belinda
Lawless,I,0,16,Belinda
Lawless,A,0,16,Belinda
Lawless,DC,0,16,Belinda
Lawless,DN,0,16,Belinda
Lord,N,0,16,Belinda
Lord,C,0,16,Belinda
Lord,I,0,16,Belinda
Lord,A,0,16,Belinda
Lord,DC,0,16,Belinda
Lord,DN,0,16,Belinda
Lord Delacour,N,2,16,Belinda
Lord Delacour,C,0,16,Belinda
Lord Delacour,I,1,16,Belinda
Lord Delacour,A,0,16,Belinda
Lord Delacour,DC,0,16,Belinda
Lord Delacour,DN,0,16,Belinda
Lord Studley,N,0,16,Belinda
Lord Studley,C,0,16,Belinda
Lord Studley,I,0,16,Belinda
Lord Studley,A,0,16,Belinda
Lord Studley,DC,0,16,Belinda
Lord Studley,DN,0,16,Belinda
Lucy,N,0,16,Belinda
Lucy,C,0,16,Belinda
Lucy,I,0,16,Belinda
Lucy,A,0,16,Belinda
Lucy,DC,0,16,Belinda
Lucy,DN,0,16,Belinda
M. de St. Pierre,N,0,16,Belinda
M. de St. Pierre,C,0,16,Belinda
M. de St. Pierre,I,0,16,Belinda
M. de St. Pierre,A,0,16,Belinda
M. de St. Pierre,DC,0,16,Belinda
M. de St. Pierre,DN,0,16,Belinda
Mad,N,0,16,Belinda
Mad,C,0,16,Belinda
Mad,I,0,16,Belinda
Mad,A,0,16,Belinda
Mad,DC,0,16,Belinda
Mad,DN,0,16,Belinda
Mamma,N,0,16,Belinda
Mamma,C,0,16,Belinda
Mamma,I,0,16,Belinda
Mamma,A,0,16,Belinda
Mamma,DC,0,16,Belinda
Mamma,DN,0,16,Belinda
Marraton,N,0,16,Belinda
Marraton,C,0,16,Belinda
Marraton,I,0,16,Belinda
Marraton,A,0,16,Belinda
Marraton,DC,0,16,Belinda
Marraton,DN,0,16,Belinda
Marriott,N,0,16,Belinda
Marriott,C,0,16,Belinda
Marriott,I,0,16,Belinda
Marriott,A,0,16,Belinda
Marriott,DC,0,16,Belinda
Marriott,DN,0,16,Belinda
Ma’am,N,0,16,Belinda
Ma’am,C,0,16,Belinda
Ma’am,I,0,16,Belinda
Ma’am,A,0,16,Belinda
Ma’am,DC,0,16,Belinda
Ma’am,DN,0,16,Belinda
Milord,N,0,16,Belinda
Milord,C,0,16,Belinda
Milord,I,0,16,Belinda
Milord,A,0,16,Belinda
Milord,DC,0,16,Belinda
Milord,DN,0,16,Belinda
Miss Delacour,N,0,16,Belinda
Miss Delacour,C,0,16,Belinda
Miss Delacour,I,0,16,Belinda
Miss Delacour,A,0,16,Belinda
Miss Delacour,DC,0,16,Belinda
Miss Delacour,DN,0,16,Belinda
Miss Hartley,N,0,16,Belinda
Miss Hartley,C,0,16,Belinda
Miss Hartley,I,0,16,Belinda
Miss Hartley,A,0,16,Belinda
Miss Hartley,DC,0,16,Belinda
Miss Hartley,DN,0,16,Belinda
Miss Honour O’Grady,N,0,16,Belinda
Miss Honour O’Grady,C,0,16,Belinda
Miss Honour O’Grady,I,0,16,Belinda
Miss Honour O’Grady,A,0,16,Belinda
Miss Honour O’Grady,DC,0,16,Belinda
Miss Honour O’Grady,DN,0,16,Belinda
Miss Moreton,N,0,16,Belinda
Miss Moreton,C,0,16,Belinda
Miss Moreton,I,0,16,Belinda
Miss Moreton,A,0,16,Belinda
Miss Moreton,DC,0,16,Belinda
Miss Moreton,DN,0,16,Belinda
Miss Portman----,N,0,16,Belinda
Miss Portman----,C,0,16,Belinda
Miss Portman----,I,0,16,Belinda
Miss Portman----,A,0,16,Belinda
Miss Portman----,DC,0,16,Belinda
Miss Portman----,DN,0,16,Belinda
Miss St. Pierre,N,0,16,Belinda
Miss St. Pierre,C,0,16,Belinda
Miss St. Pierre,I,0,16,Belinda
Miss St. Pierre,A,0,16,Belinda
Miss St. Pierre,DC,0,16,Belinda
Miss St. Pierre,DN,0,16,Belinda
Mr. Freke,N,0,16,Belinda
Mr. Freke,C,0,16,Belinda
Mr. Freke,I,0,16,Belinda
Mr. Freke,A,0,16,Belinda
Mr. Freke,DC,0,16,Belinda
Mr. Freke,DN,0,16,Belinda
Mr. Hartley,N,0,16,Belinda
Mr. Hartley,C,0,16,Belinda
Mr. Hartley,I,0,16,Belinda
Mr. Hartley,A,0,16,Belinda
Mr. Hartley,DC,0,16,Belinda
Mr. Hartley,DN,0,16,Belinda
Mr. Hervey,N,5,16,Belinda
Mr. Hervey,C,0,16,Belinda
Mr. Hervey,I,1,16,Belinda
Mr. Hervey,A,1,16,Belinda
Mr. Hervey,DC,1,16,Belinda
Mr. Hervey,DN,0,16,Belinda
Mr. Horton,N,0,16,Belinda
Mr. Horton,C,0,16,Belinda
Mr. Horton,I,0,16,Belinda
Mr. Horton,A,0,16,Belinda
Mr. Horton,DC,0,16,Belinda
Mr. Horton,DN,0,16,Belinda
Mr. Luttridge,N,0,16,Belinda
Mr. Luttridge,C,0,16,Belinda
Mr. Luttridge,I,0,16,Belinda
Mr. Luttridge,A,0,16,Belinda
Mr. Luttridge,DC,0,16,Belinda
Mr. Luttridge,DN,0,16,Belinda
Mr. Percival,N,8,16,Belinda
Mr. Percival,C,0,16,Belinda
Mr. Percival,I,2,16,Belinda
Mr. Percival,A,5,16,Belinda
Mr. Percival,DC,0,16,Belinda
Mr. Percival,DN,3,16,Belinda
Mr. St. George,N,0,16,Belinda
Mr. St. George,C,0,16,Belinda
Mr. St. George,I,0,16,Belinda
Mr. St. George,A,0,16,Belinda
Mr. St. George,DC,0,16,Belinda
Mr. St. George,DN,0,16,Belinda
Mr. V----,N,0,16,Belinda
Mr. V----,C,0,16,Belinda
Mr. V----,I,0,16,Belinda
Mr. V----,A,0,16,Belinda
Mr. V----,DC,0,16,Belinda
Mr. V----,DN,0,16,Belinda
Mr. Vincent,N,20,16,Belinda
Mr. Vincent,C,3,16,Belinda
Mr. Vincent,I,22,16,Belinda
Mr. Vincent,A,37,16,Belinda
Mr. Vincent,DC,3,16,Belinda
Mr. Vincent,DN,18,16,Belinda
Mrs. ----,N,0,16,Belinda
Mrs. ----,C,0,16,Belinda
Mrs. ----,I,0,16,Belinda
Mrs. ----,A,0,16,Belinda
Mrs. ----,DC,0,16,Belinda
Mrs. ----,DN,0,16,Belinda
Mrs. Delacour,N,4,16,Belinda
Mrs. Delacour,C,2,16,Belinda
Mrs. Delacour,I,1,16,Belinda
Mrs. Delacour,A,1,16,Belinda
Mrs. Delacour,DC,0,16,Belinda
Mrs. Delacour,DN,0,16,Belinda
Mrs. Dumont,N,0,16,Belinda
Mrs. Dumont,C,0,16,Belinda
Mrs. Dumont,I,0,16,Belinda
Mrs. Dumont,A,0,16,Belinda
Mrs. Dumont,DC,0,16,Belinda
Mrs. Dumont,DN,0,16,Belinda
Mrs. Franks,N,0,16,Belinda
Mrs. Franks,C,0,16,Belinda
Mrs. Franks,I,0,16,Belinda
Mrs. Franks,A,0,16,Belinda
Mrs. Franks,DC,0,16,Belinda
Mrs. Franks,DN,0,16,Belinda
Mrs. Freke,N,10,16,Belinda
Mrs. Freke,C,3,16,Belinda
Mrs. Freke,I,6,16,Belinda
Mrs. Freke,A,11,16,Belinda
Mrs. Freke,DC,0,16,Belinda
Mrs. Freke,DN,2,16,Belinda
Mrs. Luttridge,N,5,16,Belinda
Mrs. Luttridge,C,0,16,Belinda
Mrs. Luttridge,I,0,16,Belinda
Mrs. Luttridge,A,0,16,Belinda
Mrs. Luttridge,DC,1,16,Belinda
Mrs. Luttridge,DN,0,16,Belinda
Mrs. Ormond,N,0,16,Belinda
Mrs. Ormond,C,0,16,Belinda
Mrs. Ormond,I,0,16,Belinda
Mrs. Ormond,A,0,16,Belinda
Mrs. Ormond,DC,0,16,Belinda
Mrs. Ormond,DN,0,16,Belinda
Mrs. Smith,N,0,16,Belinda
Mrs. Smith,C,0,16,Belinda
Mrs. Smith,I,0,16,Belinda
Mrs. Smith,A,0,16,Belinda
Mrs. Smith,DC,0,16,Belinda
Mrs. Smith,DN,0,16,Belinda
Mrs. Stanhope,N,7,16,Belinda
Mrs. Stanhope,C,3,16,Belinda
Mrs. Stanhope,I,3,16,Belinda
Mrs. Stanhope,A,4,16,Belinda
Mrs. Stanhope,DC,0,16,Belinda
Mrs. Stanhope,DN,0,16,Belinda
Mrs. Stanhope:--,N,1,16,Belinda
Mrs. Stanhope:--,C,1,16,Belinda
Mrs. Stanhope:--,I,2,16,Belinda
Mrs. Stanhope:--,A,6,16,Belinda
Mrs. Stanhope:--,DC,0,16,Belinda
Mrs. Stanhope:--,DN,0,16,Belinda
NIECE,N,0,16,Belinda
NIECE,C,0,16,Belinda
NIECE,I,0,16,Belinda
NIECE,A,0,16,Belinda
NIECE,DC,0,16,Belinda
NIECE,DN,0,16,Belinda
Paul,N,0,16,Belinda
Paul,C,0,16,Belinda
Paul,I,0,16,Belinda
Paul,A,0,16,Belinda
Paul,DC,0,16,Belinda
Paul,DN,0,16,Belinda
Percival,N,0,16,Belinda
Percival,C,0,16,Belinda
Percival,I,0,16,Belinda
Percival,A,0,16,Belinda
Percival,DC,0,16,Belinda
Percival,DN,0,16,Belinda
Petrarch,N,0,16,Belinda
Petrarch,C,0,16,Belinda
Petrarch,I,0,16,Belinda
Petrarch,A,0,16,Belinda
Petrarch,DC,0,16,Belinda
Petrarch,DN,0,16,Belinda
Queen Elizabeth,N,0,16,Belinda
Queen Elizabeth,C,0,16,Belinda
Queen Elizabeth,I,0,16,Belinda
Queen Elizabeth,A,0,16,Belinda
Queen Elizabeth,DC,0,16,Belinda
Queen Elizabeth,DN,0,16,Belinda
Rachel,N,0,16,Belinda
Rachel,C,0,16,Belinda
Rachel,I,0,16,Belinda
Rachel,A,0,16,Belinda
Rachel,DC,0,16,Belinda
Rachel,DN,0,16,Belinda
Rochfort,N,0,16,Belinda
Rochfort,C,0,16,Belinda
Rochfort,I,0,16,Belinda
Rochfort,A,0,16,Belinda
Rochfort,DC,0,16,Belinda
Rochfort,DN,0,16,Belinda
Sir Philip,N,8,16,Belinda
Sir Philip,C,0,16,Belinda
Sir Philip,I,0,16,Belinda
Sir Philip,A,2,16,Belinda
Sir Philip,DC,4,16,Belinda
Sir Philip,DN,2,16,Belinda
Solomon,N,0,16,Belinda
Solomon,C,0,16,Belinda
Solomon,I,0,16,Belinda
Solomon,A,0,16,Belinda
Solomon,DC,0,16,Belinda
Solomon,DN,0,16,Belinda
Tollemache,N,1,16,Belinda
Tollemache,C,0,16,Belinda
Tollemache,I,0,16,Belinda
Tollemache,A,0,16,Belinda
Tollemache,DC,1,16,Belinda
Tollemache,DN,0,16,Belinda
Valleton,N,2,16,Belinda
Valleton,C,0,16,Belinda
Valleton,I,0,16,Belinda
Valleton,A,1,16,Belinda
Valleton,DC,2,16,Belinda
Valleton,DN,0,16,Belinda
Virginia,N,0,16,Belinda
Virginia,C,0,16,Belinda
Virginia,I,0,16,Belinda
Virginia,A,0,16,Belinda
Virginia,DC,0,16,Belinda
Virginia,DN,0,16,Belinda
Young Vincent,N,0,16,Belinda
Young Vincent,C,0,16,Belinda
Young Vincent,I,0,16,Belinda
Young Vincent,A,0,16,Belinda
Young Vincent,DC,0,16,Belinda
Young Vincent,DN,0,16,Belinda
de Grignan,N,0,16,Belinda
de Grignan,C,0,16,Belinda
de Grignan,I,0,16,Belinda
de Grignan,A,0,16,Belinda
de Grignan,DC,0,16,Belinda
de Grignan,DN,0,16,Belinda
de Pomenars,N,0,16,Belinda
de Pomenars,C,0,16,Belinda
de Pomenars,I,0,16,Belinda
de Pomenars,A,0,16,Belinda
de Pomenars,DC,0,16,Belinda
de Pomenars,DN,0,16,Belinda
poor Lawless,N,0,16,Belinda
poor Lawless,C,0,16,Belinda
poor Lawless,I,0,16,Belinda
poor Lawless,A,0,16,Belinda
poor Lawless,DC,0,16,Belinda
poor Lawless,DN,0,16,Belinda
the Luttridges,N,0,16,Belinda
the Luttridges,C,0,16,Belinda
the Luttridges,I,0,16,Belinda
the Luttridges,A,0,16,Belinda
the Luttridges,DC,0,16,Belinda
the Luttridges,DN,0,16,Belinda
the Percivals,N,1,16,Belinda
the Percivals,C,0,16,Belinda
the Percivals,I,0,16,Belinda
the Percivals,A,0,16,Belinda
the Percivals,DC,1,16,Belinda
the Percivals,DN,0,16,Belinda
the honourable Mrs. Levit,N,2,16,Belinda
the honourable Mrs. Levit,C,0,16,Belinda
the honourable Mrs. Levit,I,1,16,Belinda
the honourable Mrs. Levit,A,3,16,Belinda
the honourable Mrs. Levit,DC,7,16,Belinda
the honourable Mrs. Levit,DN,0,16,Belinda
Annabella,N,0,17,Belinda
Annabella,C,0,17,Belinda
Annabella,I,0,17,Belinda
Annabella,A,0,17,Belinda
Annabella,DC,0,17,Belinda
Annabella,DN,0,17,Belinda
Belinda,N,33,17,Belinda
Belinda,C,29,17,Belinda
Belinda,I,21,17,Belinda
Belinda,A,22,17,Belinda
Belinda,DC,21,17,Belinda
Belinda,DN,5,17,Belinda
Bobby,N,0,17,Belinda
Bobby,C,0,17,Belinda
Bobby,I,0,17,Belinda
Bobby,A,0,17,Belinda
Bobby,DC,0,17,Belinda
Bobby,DN,0,17,Belinda
Captain Sunderland,N,0,17,Belinda
Captain Sunderland,C,0,17,Belinda
Captain Sunderland,I,0,17,Belinda
Captain Sunderland,A,0,17,Belinda
Captain Sunderland,DC,0,17,Belinda
Captain Sunderland,DN,0,17,Belinda
Champfort,N,0,17,Belinda
Champfort,C,0,17,Belinda
Champfort,I,0,17,Belinda
Champfort,A,0,17,Belinda
Champfort,DC,0,17,Belinda
Champfort,DN,0,17,Belinda
Charles,N,0,17,Belinda
Charles,C,0,17,Belinda
Charles,I,0,17,Belinda
Charles,A,0,17,Belinda
Charles,DC,0,17,Belinda
Charles,DN,0,17,Belinda
Clarence,N,0,17,Belinda
Clarence,C,0,17,Belinda
Clarence,I,0,17,Belinda
Clarence,A,0,17,Belinda
Clarence,DC,0,17,Belinda
Clarence,DN,0,17,Belinda
Clarence Hervey,N,0,17,Belinda
Clarence Hervey,C,0,17,Belinda
Clarence Hervey,I,0,17,Belinda
Clarence Hervey,A,0,17,Belinda
Clarence Hervey,DC,0,17,Belinda
Clarence Hervey,DN,0,17,Belinda
Clary,N,1,17,Belinda
Clary,C,0,17,Belinda
Clary,I,0,17,Belinda
Clary,A,0,17,Belinda
Clary,DC,1,17,Belinda
Clary,DN,0,17,Belinda
Cupid,N,0,17,Belinda
Cupid,C,0,17,Belinda
Cupid,I,0,17,Belinda
Cupid,A,0,17,Belinda
Cupid,DC,0,17,Belinda
Cupid,DN,0,17,Belinda
Damme,N,0,17,Belinda
Damme,C,0,17,Belinda
Damme,I,0,17,Belinda
Damme,A,0,17,Belinda
Damme,DC,0,17,Belinda
Damme,DN,0,17,Belinda
Doctor X----,N,0,17,Belinda
Doctor X----,C,0,17,Belinda
Doctor X----,I,0,17,Belinda
Doctor X----,A,0,17,Belinda
Doctor X----,DC,0,17,Belinda
Doctor X----,DN,0,17,Belinda
Dr. X----,N,0,17,Belinda
Dr. X----,C,0,17,Belinda
Dr. X----,I,0,17,Belinda
Dr. X----,A,0,17,Belinda
Dr. X----,DC,0,17,Belinda
Dr. X----,DN,0,17,Belinda
Edward,N,0,17,Belinda
Edward,C,0,17,Belinda
Edward,I,0,17,Belinda
Edward,A,0,17,Belinda
Edward,DC,0,17,Belinda
Edward,DN,0,17,Belinda
Fawcett,N,0,17,Belinda
Fawcett,C,0,17,Belinda
Fawcett,I,0,17,Belinda
Fawcett,A,0,17,Belinda
Fawcett,DC,0,17,Belinda
Fawcett,DN,0,17,Belinda
God,N,0,17,Belinda
God,C,0,17,Belinda
God,I,0,17,Belinda
God,A,0,17,Belinda
God,DC,0,17,Belinda
God,DN,0,17,Belinda
Harriot,N,0,17,Belinda
Harriot,C,0,17,Belinda
Harriot,I,0,17,Belinda
Harriot,A,0,17,Belinda
Harriot,DC,0,17,Belinda
Harriot,DN,0,17,Belinda
Heaven,N,0,17,Belinda
Heaven,C,0,17,Belinda
Heaven,I,0,17,Belinda
Heaven,A,0,17,Belinda
Heaven,DC,0,17,Belinda
Heaven,DN,0,17,Belinda
Helena,N,0,17,Belinda
Helena,C,0,17,Belinda
Helena,I,0,17,Belinda
Helena,A,0,17,Belinda
Helena,DC,0,17,Belinda
Helena,DN,0,17,Belinda
James,N,0,17,Belinda
James,C,0,17,Belinda
James,I,0,17,Belinda
James,A,0,17,Belinda
James,DC,0,17,Belinda
James,DN,0,17,Belinda
Jenny Mason,N,0,17,Belinda
Jenny Mason,C,0,17,Belinda
Jenny Mason,I,0,17,Belinda
Jenny Mason,A,0,17,Belinda
Jenny Mason,DC,0,17,Belinda
Jenny Mason,DN,0,17,Belinda
Joddrell,N,0,17,Belinda
Joddrell,C,0,17,Belinda
Joddrell,I,0,17,Belinda
Joddrell,A,0,17,Belinda
Joddrell,DC,0,17,Belinda
Joddrell,DN,0,17,Belinda
Jove,N,0,17,Belinda
Jove,C,0,17,Belinda
Jove,I,0,17,Belinda
Jove,A,0,17,Belinda
Jove,DC,0,17,Belinda
Jove,DN,0,17,Belinda
Juba,N,0,17,Belinda
Juba,C,0,17,Belinda
Juba,I,0,17,Belinda
Juba,A,0,17,Belinda
Juba,DC,0,17,Belinda
Juba,DN,0,17,Belinda
Lady Almeria,N,0,17,Belinda
Lady Almeria,C,0,17,Belinda
Lady Almeria,I,0,17,Belinda
Lady Almeria,A,0,17,Belinda
Lady Almeria,DC,0,17,Belinda
Lady Almeria,DN,0,17,Belinda
Lady Anne,N,5,17,Belinda
Lady Anne,C,1,17,Belinda
Lady Anne,I,0,17,Belinda
Lady Anne,A,1,17,Belinda
Lady Anne,DC,2,17,Belinda
Lady Anne,DN,0,17,Belinda
Lady Boucher,N,0,17,Belinda
Lady Boucher,C,0,17,Belinda
Lady Boucher,I,0,17,Belinda
Lady Boucher,A,0,17,Belinda
Lady Boucher,DC,0,17,Belinda
Lady Boucher,DN,0,17,Belinda
Lady Delacour,N,5,17,Belinda
Lady Delacour,C,0,17,Belinda
Lady Delacour,I,3,17,Belinda
Lady Delacour,A,5,17,Belinda
Lady Delacour,DC,15,17,Belinda
Lady Delacour,DN,0,17,Belinda
Lady Singleton,N,0,17,Belinda
Lady Singleton,C,0,17,Belinda
Lady Singleton,I,0,17,Belinda
Lady Singleton,A,0,17,Belinda
Lady Singleton,DC,0,17,Belinda
Lady Singleton,DN,0,17,Belinda
Lawless,N,0,17,Belinda
Lawless,C,0,17,Belinda
Lawless,I,0,17,Belinda
Lawless,A,0,17,Belinda
Lawless,DC,0,17,Belinda
Lawless,DN,0,17,Belinda
Lord,N,0,17,Belinda
Lord,C,0,17,Belinda
Lord,I,0,17,Belinda
Lord,A,0,17,Belinda
Lord,DC,0,17,Belinda
Lord,DN,0,17,Belinda
Lord Delacour,N,0,17,Belinda
Lord Delacour,C,0,17,Belinda
Lord Delacour,I,0,17,Belinda
Lord Delacour,A,0,17,Belinda
Lord Delacour,DC,0,17,Belinda
Lord Delacour,DN,0,17,Belinda
Lord Studley,N,0,17,Belinda
Lord Studley,C,0,17,Belinda
Lord Studley,I,0,17,Belinda
Lord Studley,A,0,17,Belinda
Lord Studley,DC,0,17,Belinda
Lord Studley,DN,0,17,Belinda
Lucy,N,0,17,Belinda
Lucy,C,0,17,Belinda
Lucy,I,0,17,Belinda
Lucy,A,0,17,Belinda
Lucy,DC,0,17,Belinda
Lucy,DN,0,17,Belinda
M. de St. Pierre,N,0,17,Belinda
M. de St. Pierre,C,0,17,Belinda
M. de St. Pierre,I,0,17,Belinda
M. de St. Pierre,A,0,17,Belinda
M. de St. Pierre,DC,0,17,Belinda
M. de St. Pierre,DN,0,17,Belinda
Mad,N,0,17,Belinda
Mad,C,0,17,Belinda
Mad,I,0,17,Belinda
Mad,A,0,17,Belinda
Mad,DC,0,17,Belinda
Mad,DN,0,17,Belinda
Mamma,N,0,17,Belinda
Mamma,C,0,17,Belinda
Mamma,I,0,17,Belinda
Mamma,A,0,17,Belinda
Mamma,DC,0,17,Belinda
Mamma,DN,0,17,Belinda
Marraton,N,0,17,Belinda
Marraton,C,0,17,Belinda
Marraton,I,0,17,Belinda
Marraton,A,0,17,Belinda
Marraton,DC,0,17,Belinda
Marraton,DN,0,17,Belinda
Marriott,N,0,17,Belinda
Marriott,C,0,17,Belinda
Marriott,I,0,17,Belinda
Marriott,A,0,17,Belinda
Marriott,DC,0,17,Belinda
Marriott,DN,0,17,Belinda
Ma’am,N,0,17,Belinda
Ma’am,C,0,17,Belinda
Ma’am,I,0,17,Belinda
Ma’am,A,0,17,Belinda
Ma’am,DC,0,17,Belinda
Ma’am,DN,0,17,Belinda
Milord,N,0,17,Belinda
Milord,C,0,17,Belinda
Milord,I,0,17,Belinda
Milord,A,0,17,Belinda
Milord,DC,0,17,Belinda
Milord,DN,0,17,Belinda
Miss Delacour,N,0,17,Belinda
Miss Delacour,C,0,17,Belinda
Miss Delacour,I,0,17,Belinda
Miss Delacour,A,0,17,Belinda
Miss Delacour,DC,0,17,Belinda
Miss Delacour,DN,0,17,Belinda
Miss Hartley,N,0,17,Belinda
Miss Hartley,C,0,17,Belinda
Miss Hartley,I,0,17,Belinda
Miss Hartley,A,0,17,Belinda
Miss Hartley,DC,0,17,Belinda
Miss Hartley,DN,0,17,Belinda
Miss Honour O’Grady,N,0,17,Belinda
Miss Honour O’Grady,C,0,17,Belinda
Miss Honour O’Grady,I,0,17,Belinda
Miss Honour O’Grady,A,0,17,Belinda
Miss Honour O’Grady,DC,0,17,Belinda
Miss Honour O’Grady,DN,0,17,Belinda
Miss Moreton,N,0,17,Belinda
Miss Moreton,C,0,17,Belinda
Miss Moreton,I,0,17,Belinda
Miss Moreton,A,0,17,Belinda
Miss Moreton,DC,0,17,Belinda
Miss Moreton,DN,0,17,Belinda
Miss Portman----,N,0,17,Belinda
Miss Portman----,C,0,17,Belinda
Miss Portman----,I,0,17,Belinda
Miss Portman----,A,0,17,Belinda
Miss Portman----,DC,0,17,Belinda
Miss Portman----,DN,0,17,Belinda
Miss St. Pierre,N,0,17,Belinda
Miss St. Pierre,C,0,17,Belinda
Miss St. Pierre,I,0,17,Belinda
Miss St. Pierre,A,0,17,Belinda
Miss St. Pierre,DC,0,17,Belinda
Miss St. Pierre,DN,0,17,Belinda
Mr. Freke,N,0,17,Belinda
Mr. Freke,C,0,17,Belinda
Mr. Freke,I,0,17,Belinda
Mr. Freke,A,0,17,Belinda
Mr. Freke,DC,0,17,Belinda
Mr. Freke,DN,0,17,Belinda
Mr. Hartley,N,0,17,Belinda
Mr. Hartley,C,0,17,Belinda
Mr. Hartley,I,0,17,Belinda
Mr. Hartley,A,0,17,Belinda
Mr. Hartley,DC,0,17,Belinda
Mr. Hartley,DN,0,17,Belinda
Mr. Hervey,N,4,17,Belinda
Mr. Hervey,C,0,17,Belinda
Mr. Hervey,I,0,17,Belinda
Mr. Hervey,A,1,17,Belinda
Mr. Hervey,DC,5,17,Belinda
Mr. Hervey,DN,0,17,Belinda
Mr. Horton,N,0,17,Belinda
Mr. Horton,C,0,17,Belinda
Mr. Horton,I,0,17,Belinda
Mr. Horton,A,0,17,Belinda
Mr. Horton,DC,0,17,Belinda
Mr. Horton,DN,0,17,Belinda
Mr. Luttridge,N,0,17,Belinda
Mr. Luttridge,C,0,17,Belinda
Mr. Luttridge,I,0,17,Belinda
Mr. Luttridge,A,0,17,Belinda
Mr. Luttridge,DC,0,17,Belinda
Mr. Luttridge,DN,0,17,Belinda
Mr. Percival,N,27,17,Belinda
Mr. Percival,C,39,17,Belinda
Mr. Percival,I,12,17,Belinda
Mr. Percival,A,4,17,Belinda
Mr. Percival,DC,13,17,Belinda
Mr. Percival,DN,0,17,Belinda
Mr. St. George,N,0,17,Belinda
Mr. St. George,C,0,17,Belinda
Mr. St. George,I,0,17,Belinda
Mr. St. George,A,0,17,Belinda
Mr. St. George,DC,0,17,Belinda
Mr. St. George,DN,0,17,Belinda
Mr. V----,N,0,17,Belinda
Mr. V----,C,0,17,Belinda
Mr. V----,I,0,17,Belinda
Mr. V----,A,0,17,Belinda
Mr. V----,DC,0,17,Belinda
Mr. V----,DN,0,17,Belinda
Mr. Vincent,N,14,17,Belinda
Mr. Vincent,C,16,17,Belinda
Mr. Vincent,I,7,17,Belinda
Mr. Vincent,A,11,17,Belinda
Mr. Vincent,DC,6,17,Belinda
Mr. Vincent,DN,1,17,Belinda
Mrs. ----,N,0,17,Belinda
Mrs. ----,C,0,17,Belinda
Mrs. ----,I,0,17,Belinda
Mrs. ----,A,0,17,Belinda
Mrs. ----,DC,0,17,Belinda
Mrs. ----,DN,0,17,Belinda
Mrs. Delacour,N,0,17,Belinda
Mrs. Delacour,C,0,17,Belinda
Mrs. Delacour,I,0,17,Belinda
Mrs. Delacour,A,0,17,Belinda
Mrs. Delacour,DC,0,17,Belinda
Mrs. Delacour,DN,0,17,Belinda
Mrs. Dumont,N,0,17,Belinda
Mrs. Dumont,C,0,17,Belinda
Mrs. Dumont,I,0,17,Belinda
Mrs. Dumont,A,0,17,Belinda
Mrs. Dumont,DC,0,17,Belinda
Mrs. Dumont,DN,0,17,Belinda
Mrs. Franks,N,0,17,Belinda
Mrs. Franks,C,0,17,Belinda
Mrs. Franks,I,0,17,Belinda
Mrs. Franks,A,0,17,Belinda
Mrs. Franks,DC,0,17,Belinda
Mrs. Franks,DN,0,17,Belinda
Mrs. Freke,N,31,17,Belinda
Mrs. Freke,C,54,17,Belinda
Mrs. Freke,I,52,17,Belinda
Mrs. Freke,A,50,17,Belinda
Mrs. Freke,DC,24,17,Belinda
Mrs. Freke,DN,2,17,Belinda
Mrs. Luttridge,N,1,17,Belinda
Mrs. Luttridge,C,0,17,Belinda
Mrs. Luttridge,I,0,17,Belinda
Mrs. Luttridge,A,1,17,Belinda
Mrs. Luttridge,DC,1,17,Belinda
Mrs. Luttridge,DN,0,17,Belinda
Mrs. Ormond,N,0,17,Belinda
Mrs. Ormond,C,0,17,Belinda
Mrs. Ormond,I,0,17,Belinda
Mrs. Ormond,A,0,17,Belinda
Mrs. Ormond,DC,0,17,Belinda
Mrs. Ormond,DN,0,17,Belinda
Mrs. Smith,N,1,17,Belinda
Mrs. Smith,C,0,17,Belinda
Mrs. Smith,I,0,17,Belinda
Mrs. Smith,A,0,17,Belinda
Mrs. Smith,DC,1,17,Belinda
Mrs. Smith,DN,0,17,Belinda
Mrs. Stanhope,N,0,17,Belinda
Mrs. Stanhope,C,0,17,Belinda
Mrs. Stanhope,I,0,17,Belinda
Mrs. Stanhope,A,0,17,Belinda
Mrs. Stanhope,DC,0,17,Belinda
Mrs. Stanhope,DN,0,17,Belinda
Mrs. Stanhope:--,N,0,17,Belinda
Mrs. Stanhope:--,C,0,17,Belinda
Mrs. Stanhope:--,I,0,17,Belinda
Mrs. Stanhope:--,A,0,17,Belinda
Mrs. Stanhope:--,DC,0,17,Belinda
Mrs. Stanhope:--,DN,0,17,Belinda
NIECE,N,0,17,Belinda
NIECE,C,0,17,Belinda
NIECE,I,0,17,Belinda
NIECE,A,0,17,Belinda
NIECE,DC,0,17,Belinda
NIECE,DN,0,17,Belinda
Paul,N,0,17,Belinda
Paul,C,0,17,Belinda
Paul,I,0,17,Belinda
Paul,A,0,17,Belinda
Paul,DC,0,17,Belinda
Paul,DN,0,17,Belinda
Percival,N,0,17,Belinda
Percival,C,0,17,Belinda
Percival,I,0,17,Belinda
Percival,A,0,17,Belinda
Percival,DC,0,17,Belinda
Percival,DN,0,17,Belinda
Petrarch,N,0,17,Belinda
Petrarch,C,0,17,Belinda
Petrarch,I,0,17,Belinda
Petrarch,A,0,17,Belinda
Petrarch,DC,0,17,Belinda
Petrarch,DN,0,17,Belinda
Queen Elizabeth,N,0,17,Belinda
Queen Elizabeth,C,0,17,Belinda
Queen Elizabeth,I,0,17,Belinda
Queen Elizabeth,A,0,17,Belinda
Queen Elizabeth,DC,0,17,Belinda
Queen Elizabeth,DN,0,17,Belinda
Rachel,N,0,17,Belinda
Rachel,C,0,17,Belinda
Rachel,I,0,17,Belinda
Rachel,A,0,17,Belinda
Rachel,DC,0,17,Belinda
Rachel,DN,0,17,Belinda
Rochfort,N,0,17,Belinda
Rochfort,C,0,17,Belinda
Rochfort,I,0,17,Belinda
Rochfort,A,0,17,Belinda
Rochfort,DC,0,17,Belinda
Rochfort,DN,0,17,Belinda
Sir Philip,N,0,17,Belinda
Sir Philip,C,0,17,Belinda
Sir Philip,I,0,17,Belinda
Sir Philip,A,0,17,Belinda
Sir Philip,DC,0,17,Belinda
Sir Philip,DN,0,17,Belinda
Solomon,N,0,17,Belinda
Solomon,C,0,17,Belinda
Solomon,I,0,17,Belinda
Solomon,A,0,17,Belinda
Solomon,DC,0,17,Belinda
Solomon,DN,0,17,Belinda
Tollemache,N,0,17,Belinda
Tollemache,C,0,17,Belinda
Tollemache,I,0,17,Belinda
Tollemache,A,0,17,Belinda
Tollemache,DC,0,17,Belinda
Tollemache,DN,0,17,Belinda
Valleton,N,0,17,Belinda
Valleton,C,0,17,Belinda
Valleton,I,0,17,Belinda
Valleton,A,0,17,Belinda
Valleton,DC,0,17,Belinda
Valleton,DN,0,17,Belinda
Virginia,N,0,17,Belinda
Virginia,C,0,17,Belinda
Virginia,I,0,17,Belinda
Virginia,A,0,17,Belinda
Virginia,DC,0,17,Belinda
Virginia,DN,0,17,Belinda
Young Vincent,N,0,17,Belinda
Young Vincent,C,0,17,Belinda
Young Vincent,I,0,17,Belinda
Young Vincent,A,0,17,Belinda
Young Vincent,DC,0,17,Belinda
Young Vincent,DN,0,17,Belinda
de Grignan,N,0,17,Belinda
de Grignan,C,0,17,Belinda
de Grignan,I,0,17,Belinda
de Grignan,A,0,17,Belinda
de Grignan,DC,0,17,Belinda
de Grignan,DN,0,17,Belinda
de Pomenars,N,0,17,Belinda
de Pomenars,C,0,17,Belinda
de Pomenars,I,0,17,Belinda
de Pomenars,A,0,17,Belinda
de Pomenars,DC,0,17,Belinda
de Pomenars,DN,0,17,Belinda
poor Lawless,N,0,17,Belinda
poor Lawless,C,0,17,Belinda
poor Lawless,I,0,17,Belinda
poor Lawless,A,0,17,Belinda
poor Lawless,DC,0,17,Belinda
poor Lawless,DN,0,17,Belinda
the Luttridges,N,0,17,Belinda
the Luttridges,C,0,17,Belinda
the Luttridges,I,0,17,Belinda
the Luttridges,A,0,17,Belinda
the Luttridges,DC,0,17,Belinda
the Luttridges,DN,0,17,Belinda
the Percivals,N,0,17,Belinda
the Percivals,C,0,17,Belinda
the Percivals,I,0,17,Belinda
the Percivals,A,0,17,Belinda
the Percivals,DC,0,17,Belinda
the Percivals,DN,0,17,Belinda
the honourable Mrs. Levit,N,0,17,Belinda
the honourable Mrs. Levit,C,0,17,Belinda
the honourable Mrs. Levit,I,0,17,Belinda
the honourable Mrs. Levit,A,0,17,Belinda
the honourable Mrs. Levit,DC,0,17,Belinda
the honourable Mrs. Levit,DN,0,17,Belinda
Annabella,N,0,18,Belinda
Annabella,C,0,18,Belinda
Annabella,I,0,18,Belinda
Annabella,A,0,18,Belinda
Annabella,DC,0,18,Belinda
Annabella,DN,0,18,Belinda
Belinda,N,51,18,Belinda
Belinda,C,40,18,Belinda
Belinda,I,38,18,Belinda
Belinda,A,32,18,Belinda
Belinda,DC,19,18,Belinda
Belinda,DN,4,18,Belinda
Bobby,N,0,18,Belinda
Bobby,C,0,18,Belinda
Bobby,I,0,18,Belinda
Bobby,A,0,18,Belinda
Bobby,DC,0,18,Belinda
Bobby,DN,0,18,Belinda
Captain Sunderland,N,0,18,Belinda
Captain Sunderland,C,0,18,Belinda
Captain Sunderland,I,0,18,Belinda
Captain Sunderland,A,0,18,Belinda
Captain Sunderland,DC,0,18,Belinda
Captain Sunderland,DN,0,18,Belinda
Champfort,N,0,18,Belinda
Champfort,C,0,18,Belinda
Champfort,I,0,18,Belinda
Champfort,A,0,18,Belinda
Champfort,DC,0,18,Belinda
Champfort,DN,0,18,Belinda
Charles,N,6,18,Belinda
Charles,C,12,18,Belinda
Charles,I,15,18,Belinda
Charles,A,4,18,Belinda
Charles,DC,2,18,Belinda
Charles,DN,1,18,Belinda
Clarence,N,0,18,Belinda
Clarence,C,0,18,Belinda
Clarence,I,0,18,Belinda
Clarence,A,0,18,Belinda
Clarence,DC,0,18,Belinda
Clarence,DN,0,18,Belinda
Clarence Hervey,N,0,18,Belinda
Clarence Hervey,C,0,18,Belinda
Clarence Hervey,I,0,18,Belinda
Clarence Hervey,A,0,18,Belinda
Clarence Hervey,DC,0,18,Belinda
Clarence Hervey,DN,0,18,Belinda
Clary,N,0,18,Belinda
Clary,C,0,18,Belinda
Clary,I,0,18,Belinda
Clary,A,0,18,Belinda
Clary,DC,0,18,Belinda
Clary,DN,0,18,Belinda
Cupid,N,0,18,Belinda
Cupid,C,0,18,Belinda
Cupid,I,0,18,Belinda
Cupid,A,0,18,Belinda
Cupid,DC,0,18,Belinda
Cupid,DN,0,18,Belinda
Damme,N,0,18,Belinda
Damme,C,0,18,Belinda
Damme,I,0,18,Belinda
Damme,A,0,18,Belinda
Damme,DC,0,18,Belinda
Damme,DN,0,18,Belinda
Doctor X----,N,0,18,Belinda
Doctor X----,C,0,18,Belinda
Doctor X----,I,0,18,Belinda
Doctor X----,A,0,18,Belinda
Doctor X----,DC,0,18,Belinda
Doctor X----,DN,0,18,Belinda
Dr. X----,N,0,18,Belinda
Dr. X----,C,0,18,Belinda
Dr. X----,I,0,18,Belinda
Dr. X----,A,0,18,Belinda
Dr. X----,DC,0,18,Belinda
Dr. X----,DN,0,18,Belinda
Edward,N,0,18,Belinda
Edward,C,0,18,Belinda
Edward,I,0,18,Belinda
Edward,A,0,18,Belinda
Edward,DC,0,18,Belinda
Edward,DN,0,18,Belinda
Fawcett,N,0,18,Belinda
Fawcett,C,0,18,Belinda
Fawcett,I,0,18,Belinda
Fawcett,A,0,18,Belinda
Fawcett,DC,0,18,Belinda
Fawcett,DN,0,18,Belinda
God,N,0,18,Belinda
God,C,0,18,Belinda
God,I,0,18,Belinda
God,A,0,18,Belinda
God,DC,0,18,Belinda
God,DN,0,18,Belinda
Harriot,N,0,18,Belinda
Harriot,C,0,18,Belinda
Harriot,I,0,18,Belinda
Harriot,A,0,18,Belinda
Harriot,DC,0,18,Belinda
Harriot,DN,0,18,Belinda
Heaven,N,0,18,Belinda
Heaven,C,0,18,Belinda
Heaven,I,0,18,Belinda
Heaven,A,0,18,Belinda
Heaven,DC,0,18,Belinda
Heaven,DN,0,18,Belinda
Helena,N,3,18,Belinda
Helena,C,0,18,Belinda
Helena,I,0,18,Belinda
Helena,A,1,18,Belinda
Helena,DC,4,18,Belinda
Helena,DN,0,18,Belinda
James,N,4,18,Belinda
James,C,0,18,Belinda
James,I,0,18,Belinda
James,A,4,18,Belinda
James,DC,3,18,Belinda
James,DN,0,18,Belinda
Jenny Mason,N,0,18,Belinda
Jenny Mason,C,0,18,Belinda
Jenny Mason,I,0,18,Belinda
Jenny Mason,A,0,18,Belinda
Jenny Mason,DC,0,18,Belinda
Jenny Mason,DN,0,18,Belinda
Joddrell,N,0,18,Belinda
Joddrell,C,0,18,Belinda
Joddrell,I,0,18,Belinda
Joddrell,A,0,18,Belinda
Joddrell,DC,0,18,Belinda
Joddrell,DN,0,18,Belinda
Jove,N,0,18,Belinda
Jove,C,0,18,Belinda
Jove,I,0,18,Belinda
Jove,A,0,18,Belinda
Jove,DC,0,18,Belinda
Jove,DN,0,18,Belinda
Juba,N,1,18,Belinda
Juba,C,0,18,Belinda
Juba,I,0,18,Belinda
Juba,A,1,18,Belinda
Juba,DC,3,18,Belinda
Juba,DN,0,18,Belinda
Lady Almeria,N,0,18,Belinda
Lady Almeria,C,0,18,Belinda
Lady Almeria,I,0,18,Belinda
Lady Almeria,A,0,18,Belinda
Lady Almeria,DC,0,18,Belinda
Lady Almeria,DN,0,18,Belinda
Lady Anne,N,38,18,Belinda
Lady Anne,C,51,18,Belinda
Lady Anne,I,24,18,Belinda
Lady Anne,A,21,18,Belinda
Lady Anne,DC,14,18,Belinda
Lady Anne,DN,2,18,Belinda
Lady Boucher,N,0,18,Belinda
Lady Boucher,C,0,18,Belinda
Lady Boucher,I,0,18,Belinda
Lady Boucher,A,0,18,Belinda
Lady Boucher,DC,0,18,Belinda
Lady Boucher,DN,0,18,Belinda
Lady Delacour,N,6,18,Belinda
Lady Delacour,C,0,18,Belinda
Lady Delacour,I,1,18,Belinda
Lady Delacour,A,1,18,Belinda
Lady Delacour,DC,2,18,Belinda
Lady Delacour,DN,0,18,Belinda
Lady Singleton,N,0,18,Belinda
Lady Singleton,C,0,18,Belinda
Lady Singleton,I,0,18,Belinda
Lady Singleton,A,0,18,Belinda
Lady Singleton,DC,0,18,Belinda
Lady Singleton,DN,0,18,Belinda
Lawless,N,0,18,Belinda
Lawless,C,0,18,Belinda
Lawless,I,0,18,Belinda
Lawless,A,0,18,Belinda
Lawless,DC,0,18,Belinda
Lawless,DN,0,18,Belinda
Lord,N,0,18,Belinda
Lord,C,0,18,Belinda
Lord,I,0,18,Belinda
Lord,A,0,18,Belinda
Lord,DC,0,18,Belinda
Lord,DN,0,18,Belinda
Lord Delacour,N,0,18,Belinda
Lord Delacour,C,0,18,Belinda
Lord Delacour,I,0,18,Belinda
Lord Delacour,A,0,18,Belinda
Lord Delacour,DC,0,18,Belinda
Lord Delacour,DN,0,18,Belinda
Lord Studley,N,0,18,Belinda
Lord Studley,C,0,18,Belinda
Lord Studley,I,0,18,Belinda
Lord Studley,A,0,18,Belinda
Lord Studley,DC,0,18,Belinda
Lord Studley,DN,0,18,Belinda
Lucy,N,7,18,Belinda
Lucy,C,0,18,Belinda
Lucy,I,2,18,Belinda
Lucy,A,0,18,Belinda
Lucy,DC,3,18,Belinda
Lucy,DN,0,18,Belinda
M. de St. Pierre,N,0,18,Belinda
M. de St. Pierre,C,0,18,Belinda
M. de St. Pierre,I,0,18,Belinda
M. de St. Pierre,A,0,18,Belinda
M. de St. Pierre,DC,0,18,Belinda
M. de St. Pierre,DN,0,18,Belinda
Mad,N,0,18,Belinda
Mad,C,0,18,Belinda
Mad,I,0,18,Belinda
Mad,A,0,18,Belinda
Mad,DC,0,18,Belinda
Mad,DN,0,18,Belinda
Mamma,N,0,18,Belinda
Mamma,C,0,18,Belinda
Mamma,I,0,18,Belinda
Mamma,A,0,18,Belinda
Mamma,DC,0,18,Belinda
Mamma,DN,0,18,Belinda
Marraton,N,0,18,Belinda
Marraton,C,0,18,Belinda
Marraton,I,0,18,Belinda
Marraton,A,0,18,Belinda
Marraton,DC,0,18,Belinda
Marraton,DN,0,18,Belinda
Marriott,N,0,18,Belinda
Marriott,C,0,18,Belinda
Marriott,I,0,18,Belinda
Marriott,A,0,18,Belinda
Marriott,DC,0,18,Belinda
Marriott,DN,0,18,Belinda
Ma’am,N,0,18,Belinda
Ma’am,C,0,18,Belinda
Ma’am,I,0,18,Belinda
Ma’am,A,0,18,Belinda
Ma’am,DC,0,18,Belinda
Ma’am,DN,0,18,Belinda
Milord,N,0,18,Belinda
Milord,C,0,18,Belinda
Milord,I,0,18,Belinda
Milord,A,0,18,Belinda
Milord,DC,0,18,Belinda
Milord,DN,0,18,Belinda
Miss Delacour,N,0,18,Belinda
Miss Delacour,C,0,18,Belinda
Miss Delacour,I,0,18,Belinda
Miss Delacour,A,0,18,Belinda
Miss Delacour,DC,0,18,Belinda
Miss Delacour,DN,0,18,Belinda
Miss Hartley,N,0,18,Belinda
Miss Hartley,C,0,18,Belinda
Miss Hartley,I,0,18,Belinda
Miss Hartley,A,0,18,Belinda
Miss Hartley,DC,0,18,Belinda
Miss Hartley,DN,0,18,Belinda
Miss Honour O’Grady,N,0,18,Belinda
Miss Honour O’Grady,C,0,18,Belinda
Miss Honour O’Grady,I,0,18,Belinda
Miss Honour O’Grady,A,0,18,Belinda
Miss Honour O’Grady,DC,0,18,Belinda
Miss Honour O’Grady,DN,0,18,Belinda
Miss Moreton,N,0,18,Belinda
Miss Moreton,C,0,18,Belinda
Miss Moreton,I,0,18,Belinda
Miss Moreton,A,0,18,Belinda
Miss Moreton,DC,0,18,Belinda
Miss Moreton,DN,0,18,Belinda
Miss Portman----,N,0,18,Belinda
Miss Portman----,C,0,18,Belinda
Miss Portman----,I,0,18,Belinda
Miss Portman----,A,0,18,Belinda
Miss Portman----,DC,0,18,Belinda
Miss Portman----,DN,0,18,Belinda
Miss St. Pierre,N,0,18,Belinda
Miss St. Pierre,C,0,18,Belinda
Miss St. Pierre,I,0,18,Belinda
Miss St. Pierre,A,0,18,Belinda
Miss St. Pierre,DC,0,18,Belinda
Miss St. Pierre,DN,0,18,Belinda
Mr. Freke,N,0,18,Belinda
Mr. Freke,C,0,18,Belinda
Mr. Freke,I,0,18,Belinda
Mr. Freke,A,0,18,Belinda
Mr. Freke,DC,0,18,Belinda
Mr. Freke,DN,0,18,Belinda
Mr. Hartley,N,0,18,Belinda
Mr. Hartley,C,0,18,Belinda
Mr. Hartley,I,0,18,Belinda
Mr. Hartley,A,0,18,Belinda
Mr. Hartley,DC,0,18,Belinda
Mr. Hartley,DN,0,18,Belinda
Mr. Hervey,N,8,18,Belinda
Mr. Hervey,C,0,18,Belinda
Mr. Hervey,I,1,18,Belinda
Mr. Hervey,A,2,18,Belinda
Mr. Hervey,DC,7,18,Belinda
Mr. Hervey,DN,0,18,Belinda
Mr. Horton,N,0,18,Belinda
Mr. Horton,C,0,18,Belinda
Mr. Horton,I,0,18,Belinda
Mr. Horton,A,0,18,Belinda
Mr. Horton,DC,0,18,Belinda
Mr. Horton,DN,0,18,Belinda
Mr. Luttridge,N,0,18,Belinda
Mr. Luttridge,C,0,18,Belinda
Mr. Luttridge,I,0,18,Belinda
Mr. Luttridge,A,0,18,Belinda
Mr. Luttridge,DC,0,18,Belinda
Mr. Luttridge,DN,0,18,Belinda
Mr. Percival,N,7,18,Belinda
Mr. Percival,C,0,18,Belinda
Mr. Percival,I,2,18,Belinda
Mr. Percival,A,1,18,Belinda
Mr. Percival,DC,5,18,Belinda
Mr. Percival,DN,0,18,Belinda
Mr. St. George,N,0,18,Belinda
Mr. St. George,C,0,18,Belinda
Mr. St. George,I,0,18,Belinda
Mr. St. George,A,0,18,Belinda
Mr. St. George,DC,0,18,Belinda
Mr. St. George,DN,0,18,Belinda
Mr. V----,N,0,18,Belinda
Mr. V----,C,0,18,Belinda
Mr. V----,I,0,18,Belinda
Mr. V----,A,0,18,Belinda
Mr. V----,DC,0,18,Belinda
Mr. V----,DN,0,18,Belinda
Mr. Vincent,N,34,18,Belinda
Mr. Vincent,C,13,18,Belinda
Mr. Vincent,I,8,18,Belinda
Mr. Vincent,A,18,18,Belinda
Mr. Vincent,DC,35,18,Belinda
Mr. Vincent,DN,1,18,Belinda
Mrs. ----,N,0,18,Belinda
Mrs. ----,C,0,18,Belinda
Mrs. ----,I,0,18,Belinda
Mrs. ----,A,0,18,Belinda
Mrs. ----,DC,0,18,Belinda
Mrs. ----,DN,0,18,Belinda
Mrs. Delacour,N,0,18,Belinda
Mrs. Delacour,C,0,18,Belinda
Mrs. Delacour,I,0,18,Belinda
Mrs. Delacour,A,0,18,Belinda
Mrs. Delacour,DC,0,18,Belinda
Mrs. Delacour,DN,0,18,Belinda
Mrs. Dumont,N,0,18,Belinda
Mrs. Dumont,C,0,18,Belinda
Mrs. Dumont,I,0,18,Belinda
Mrs. Dumont,A,0,18,Belinda
Mrs. Dumont,DC,0,18,Belinda
Mrs. Dumont,DN,0,18,Belinda
Mrs. Franks,N,0,18,Belinda
Mrs. Franks,C,0,18,Belinda
Mrs. Franks,I,0,18,Belinda
Mrs. Franks,A,0,18,Belinda
Mrs. Franks,DC,0,18,Belinda
Mrs. Franks,DN,0,18,Belinda
Mrs. Freke,N,0,18,Belinda
Mrs. Freke,C,0,18,Belinda
Mrs. Freke,I,0,18,Belinda
Mrs. Freke,A,0,18,Belinda
Mrs. Freke,DC,0,18,Belinda
Mrs. Freke,DN,0,18,Belinda
Mrs. Luttridge,N,0,18,Belinda
Mrs. Luttridge,C,0,18,Belinda
Mrs. Luttridge,I,0,18,Belinda
Mrs. Luttridge,A,0,18,Belinda
Mrs. Luttridge,DC,0,18,Belinda
Mrs. Luttridge,DN,0,18,Belinda
Mrs. Ormond,N,0,18,Belinda
Mrs. Ormond,C,0,18,Belinda
Mrs. Ormond,I,0,18,Belinda
Mrs. Ormond,A,0,18,Belinda
Mrs. Ormond,DC,0,18,Belinda
Mrs. Ormond,DN,0,18,Belinda
Mrs. Smith,N,0,18,Belinda
Mrs. Smith,C,0,18,Belinda
Mrs. Smith,I,0,18,Belinda
Mrs. Smith,A,0,18,Belinda
Mrs. Smith,DC,0,18,Belinda
Mrs. Smith,DN,0,18,Belinda
Mrs. Stanhope,N,1,18,Belinda
Mrs. Stanhope,C,0,18,Belinda
Mrs. Stanhope,I,0,18,Belinda
Mrs. Stanhope,A,0,18,Belinda
Mrs. Stanhope,DC,1,18,Belinda
Mrs. Stanhope,DN,0,18,Belinda
Mrs. Stanhope:--,N,0,18,Belinda
Mrs. Stanhope:--,C,0,18,Belinda
Mrs. Stanhope:--,I,0,18,Belinda
Mrs. Stanhope:--,A,0,18,Belinda
Mrs. Stanhope:--,DC,0,18,Belinda
Mrs. Stanhope:--,DN,0,18,Belinda
NIECE,N,0,18,Belinda
NIECE,C,0,18,Belinda
NIECE,I,0,18,Belinda
NIECE,A,0,18,Belinda
NIECE,DC,0,18,Belinda
NIECE,DN,0,18,Belinda
Paul,N,0,18,Belinda
Paul,C,0,18,Belinda
Paul,I,0,18,Belinda
Paul,A,0,18,Belinda
Paul,DC,0,18,Belinda
Paul,DN,0,18,Belinda
Percival,N,0,18,Belinda
Percival,C,0,18,Belinda
Percival,I,0,18,Belinda
Percival,A,0,18,Belinda
Percival,DC,0,18,Belinda
Percival,DN,0,18,Belinda
Petrarch,N,0,18,Belinda
Petrarch,C,0,18,Belinda
Petrarch,I,0,18,Belinda
Petrarch,A,0,18,Belinda
Petrarch,DC,0,18,Belinda
Petrarch,DN,0,18,Belinda
Queen Elizabeth,N,0,18,Belinda
Queen Elizabeth,C,0,18,Belinda
Queen Elizabeth,I,0,18,Belinda
Queen Elizabeth,A,0,18,Belinda
Queen Elizabeth,DC,0,18,Belinda
Queen Elizabeth,DN,0,18,Belinda
Rachel,N,0,18,Belinda
Rachel,C,0,18,Belinda
Rachel,I,0,18,Belinda
Rachel,A,0,18,Belinda
Rachel,DC,0,18,Belinda
Rachel,DN,0,18,Belinda
Rochfort,N,0,18,Belinda
Rochfort,C,0,18,Belinda
Rochfort,I,0,18,Belinda
Rochfort,A,0,18,Belinda
Rochfort,DC,0,18,Belinda
Rochfort,DN,0,18,Belinda
Sir Philip,N,1,18,Belinda
Sir Philip,C,0,18,Belinda
Sir Philip,I,0,18,Belinda
Sir Philip,A,0,18,Belinda
Sir Philip,DC,1,18,Belinda
Sir Philip,DN,0,18,Belinda
Solomon,N,0,18,Belinda
Solomon,C,0,18,Belinda
Solomon,I,0,18,Belinda
Solomon,A,0,18,Belinda
Solomon,DC,0,18,Belinda
Solomon,DN,0,18,Belinda
Tollemache,N,0,18,Belinda
Tollemache,C,0,18,Belinda
Tollemache,I,0,18,Belinda
Tollemache,A,0,18,Belinda
Tollemache,DC,0,18,Belinda
Tollemache,DN,0,18,Belinda
Valleton,N,0,18,Belinda
Valleton,C,0,18,Belinda
Valleton,I,0,18,Belinda
Valleton,A,0,18,Belinda
Valleton,DC,0,18,Belinda
Valleton,DN,0,18,Belinda
Virginia,N,1,18,Belinda
Virginia,C,0,18,Belinda
Virginia,I,0,18,Belinda
Virginia,A,0,18,Belinda
Virginia,DC,0,18,Belinda
Virginia,DN,0,18,Belinda
Young Vincent,N,0,18,Belinda
Young Vincent,C,0,18,Belinda
Young Vincent,I,0,18,Belinda
Young Vincent,A,0,18,Belinda
Young Vincent,DC,0,18,Belinda
Young Vincent,DN,0,18,Belinda
de Grignan,N,0,18,Belinda
de Grignan,C,0,18,Belinda
de Grignan,I,0,18,Belinda
de Grignan,A,0,18,Belinda
de Grignan,DC,0,18,Belinda
de Grignan,DN,0,18,Belinda
de Pomenars,N,0,18,Belinda
de Pomenars,C,0,18,Belinda
de Pomenars,I,0,18,Belinda
de Pomenars,A,0,18,Belinda
de Pomenars,DC,0,18,Belinda
de Pomenars,DN,0,18,Belinda
poor Lawless,N,0,18,Belinda
poor Lawless,C,0,18,Belinda
poor Lawless,I,0,18,Belinda
poor Lawless,A,0,18,Belinda
poor Lawless,DC,0,18,Belinda
poor Lawless,DN,0,18,Belinda
the Luttridges,N,0,18,Belinda
the Luttridges,C,0,18,Belinda
the Luttridges,I,0,18,Belinda
the Luttridges,A,0,18,Belinda
the Luttridges,DC,0,18,Belinda
the Luttridges,DN,0,18,Belinda
the Percivals,N,0,18,Belinda
the Percivals,C,0,18,Belinda
the Percivals,I,0,18,Belinda
the Percivals,A,0,18,Belinda
the Percivals,DC,0,18,Belinda
the Percivals,DN,0,18,Belinda
the honourable Mrs. Levit,N,0,18,Belinda
the honourable Mrs. Levit,C,0,18,Belinda
the honourable Mrs. Levit,I,0,18,Belinda
the honourable Mrs. Levit,A,0,18,Belinda
the honourable Mrs. Levit,DC,0,18,Belinda
the honourable Mrs. Levit,DN,0,18,Belinda
Annabella,N,0,19,Belinda
Annabella,C,0,19,Belinda
Annabella,I,0,19,Belinda
Annabella,A,0,19,Belinda
Annabella,DC,0,19,Belinda
Annabella,DN,0,19,Belinda
Belinda,N,56,19,Belinda
Belinda,C,28,19,Belinda
Belinda,I,30,19,Belinda
Belinda,A,31,19,Belinda
Belinda,DC,23,19,Belinda
Belinda,DN,3,19,Belinda
Bobby,N,0,19,Belinda
Bobby,C,0,19,Belinda
Bobby,I,0,19,Belinda
Bobby,A,0,19,Belinda
Bobby,DC,0,19,Belinda
Bobby,DN,0,19,Belinda
Captain Sunderland,N,0,19,Belinda
Captain Sunderland,C,0,19,Belinda
Captain Sunderland,I,0,19,Belinda
Captain Sunderland,A,0,19,Belinda
Captain Sunderland,DC,0,19,Belinda
Captain Sunderland,DN,0,19,Belinda
Champfort,N,11,19,Belinda
Champfort,C,0,19,Belinda
Champfort,I,2,19,Belinda
Champfort,A,2,19,Belinda
Champfort,DC,12,19,Belinda
Champfort,DN,0,19,Belinda
Charles,N,3,19,Belinda
Charles,C,4,19,Belinda
Charles,I,2,19,Belinda
Charles,A,3,19,Belinda
Charles,DC,0,19,Belinda
Charles,DN,0,19,Belinda
Clarence,N,0,19,Belinda
Clarence,C,0,19,Belinda
Clarence,I,0,19,Belinda
Clarence,A,0,19,Belinda
Clarence,DC,0,19,Belinda
Clarence,DN,0,19,Belinda
Clarence Hervey,N,0,19,Belinda
Clarence Hervey,C,0,19,Belinda
Clarence Hervey,I,0,19,Belinda
Clarence Hervey,A,0,19,Belinda
Clarence Hervey,DC,0,19,Belinda
Clarence Hervey,DN,0,19,Belinda
Clary,N,0,19,Belinda
Clary,C,0,19,Belinda
Clary,I,0,19,Belinda
Clary,A,0,19,Belinda
Clary,DC,0,19,Belinda
Clary,DN,0,19,Belinda
Cupid,N,1,19,Belinda
Cupid,C,0,19,Belinda
Cupid,I,0,19,Belinda
Cupid,A,0,19,Belinda
Cupid,DC,1,19,Belinda
Cupid,DN,0,19,Belinda
Damme,N,0,19,Belinda
Damme,C,0,19,Belinda
Damme,I,0,19,Belinda
Damme,A,0,19,Belinda
Damme,DC,0,19,Belinda
Damme,DN,0,19,Belinda
Doctor X----,N,0,19,Belinda
Doctor X----,C,0,19,Belinda
Doctor X----,I,0,19,Belinda
Doctor X----,A,0,19,Belinda
Doctor X----,DC,0,19,Belinda
Doctor X----,DN,0,19,Belinda
Dr. X----,N,0,19,Belinda
Dr. X----,C,0,19,Belinda
Dr. X----,I,0,19,Belinda
Dr. X----,A,0,19,Belinda
Dr. X----,DC,0,19,Belinda
Dr. X----,DN,0,19,Belinda
Edward,N,0,19,Belinda
Edward,C,0,19,Belinda
Edward,I,0,19,Belinda
Edward,A,0,19,Belinda
Edward,DC,0,19,Belinda
Edward,DN,0,19,Belinda
Fawcett,N,0,19,Belinda
Fawcett,C,0,19,Belinda
Fawcett,I,0,19,Belinda
Fawcett,A,0,19,Belinda
Fawcett,DC,0,19,Belinda
Fawcett,DN,0,19,Belinda
God,N,0,19,Belinda
God,C,0,19,Belinda
God,I,0,19,Belinda
God,A,0,19,Belinda
God,DC,0,19,Belinda
God,DN,0,19,Belinda
Harriot,N,0,19,Belinda
Harriot,C,0,19,Belinda
Harriot,I,0,19,Belinda
Harriot,A,0,19,Belinda
Harriot,DC,0,19,Belinda
Harriot,DN,0,19,Belinda
Heaven,N,0,19,Belinda
Heaven,C,0,19,Belinda
Heaven,I,0,19,Belinda
Heaven,A,0,19,Belinda
Heaven,DC,0,19,Belinda
Heaven,DN,0,19,Belinda
Helena,N,1,19,Belinda
Helena,C,0,19,Belinda
Helena,I,0,19,Belinda
Helena,A,0,19,Belinda
Helena,DC,1,19,Belinda
Helena,DN,0,19,Belinda
James,N,1,19,Belinda
James,C,0,19,Belinda
James,I,0,19,Belinda
James,A,0,19,Belinda
James,DC,1,19,Belinda
James,DN,0,19,Belinda
Jenny Mason,N,0,19,Belinda
Jenny Mason,C,0,19,Belinda
Jenny Mason,I,0,19,Belinda
Jenny Mason,A,0,19,Belinda
Jenny Mason,DC,0,19,Belinda
Jenny Mason,DN,0,19,Belinda
Joddrell,N,0,19,Belinda
Joddrell,C,0,19,Belinda
Joddrell,I,0,19,Belinda
Joddrell,A,0,19,Belinda
Joddrell,DC,0,19,Belinda
Joddrell,DN,0,19,Belinda
Jove,N,0,19,Belinda
Jove,C,0,19,Belinda
Jove,I,0,19,Belinda
Jove,A,0,19,Belinda
Jove,DC,0,19,Belinda
Jove,DN,0,19,Belinda
Juba,N,3,19,Belinda
Juba,C,0,19,Belinda
Juba,I,3,19,Belinda
Juba,A,5,19,Belinda
Juba,DC,0,19,Belinda
Juba,DN,1,19,Belinda
Lady Almeria,N,0,19,Belinda
Lady Almeria,C,0,19,Belinda
Lady Almeria,I,0,19,Belinda
Lady Almeria,A,0,19,Belinda
Lady Almeria,DC,0,19,Belinda
Lady Almeria,DN,0,19,Belinda
Lady Anne,N,8,19,Belinda
Lady Anne,C,6,19,Belinda
Lady Anne,I,1,19,Belinda
Lady Anne,A,2,19,Belinda
Lady Anne,DC,1,19,Belinda
Lady Anne,DN,1,19,Belinda
Lady Boucher,N,0,19,Belinda
Lady Boucher,C,0,19,Belinda
Lady Boucher,I,0,19,Belinda
Lady Boucher,A,0,19,Belinda
Lady Boucher,DC,0,19,Belinda
Lady Boucher,DN,0,19,Belinda
Lady Delacour,N,5,19,Belinda
Lady Delacour,C,2,19,Belinda
Lady Delacour,I,10,19,Belinda
Lady Delacour,A,11,19,Belinda
Lady Delacour,DC,5,19,Belinda
Lady Delacour,DN,1,19,Belinda
Lady Singleton,N,0,19,Belinda
Lady Singleton,C,0,19,Belinda
Lady Singleton,I,0,19,Belinda
Lady Singleton,A,0,19,Belinda
Lady Singleton,DC,0,19,Belinda
Lady Singleton,DN,0,19,Belinda
Lawless,N,0,19,Belinda
Lawless,C,0,19,Belinda
Lawless,I,0,19,Belinda
Lawless,A,0,19,Belinda
Lawless,DC,0,19,Belinda
Lawless,DN,0,19,Belinda
Lord,N,0,19,Belinda
Lord,C,0,19,Belinda
Lord,I,0,19,Belinda
Lord,A,0,19,Belinda
Lord,DC,0,19,Belinda
Lord,DN,0,19,Belinda
Lord Delacour,N,0,19,Belinda
Lord Delacour,C,0,19,Belinda
Lord Delacour,I,0,19,Belinda
Lord Delacour,A,0,19,Belinda
Lord Delacour,DC,0,19,Belinda
Lord Delacour,DN,0,19,Belinda
Lord Studley,N,0,19,Belinda
Lord Studley,C,0,19,Belinda
Lord Studley,I,0,19,Belinda
Lord Studley,A,0,19,Belinda
Lord Studley,DC,0,19,Belinda
Lord Studley,DN,0,19,Belinda
Lucy,N,1,19,Belinda
Lucy,C,0,19,Belinda
Lucy,I,0,19,Belinda
Lucy,A,0,19,Belinda
Lucy,DC,1,19,Belinda
Lucy,DN,0,19,Belinda
M. de St. Pierre,N,0,19,Belinda
M. de St. Pierre,C,0,19,Belinda
M. de St. Pierre,I,0,19,Belinda
M. de St. Pierre,A,0,19,Belinda
M. de St. Pierre,DC,0,19,Belinda
M. de St. Pierre,DN,0,19,Belinda
Mad,N,1,19,Belinda
Mad,C,0,19,Belinda
Mad,I,0,19,Belinda
Mad,A,0,19,Belinda
Mad,DC,1,19,Belinda
Mad,DN,0,19,Belinda
Mamma,N,0,19,Belinda
Mamma,C,0,19,Belinda
Mamma,I,0,19,Belinda
Mamma,A,0,19,Belinda
Mamma,DC,0,19,Belinda
Mamma,DN,0,19,Belinda
Marraton,N,0,19,Belinda
Marraton,C,0,19,Belinda
Marraton,I,0,19,Belinda
Marraton,A,0,19,Belinda
Marraton,DC,0,19,Belinda
Marraton,DN,0,19,Belinda
Marriott,N,7,19,Belinda
Marriott,C,5,19,Belinda
Marriott,I,8,19,Belinda
Marriott,A,16,19,Belinda
Marriott,DC,1,19,Belinda
Marriott,DN,1,19,Belinda
Ma’am,N,1,19,Belinda
Ma’am,C,0,19,Belinda
Ma’am,I,0,19,Belinda
Ma’am,A,0,19,Belinda
Ma’am,DC,1,19,Belinda
Ma’am,DN,0,19,Belinda
Milord,N,0,19,Belinda
Milord,C,0,19,Belinda
Milord,I,0,19,Belinda
Milord,A,0,19,Belinda
Milord,DC,0,19,Belinda
Milord,DN,0,19,Belinda
Miss Delacour,N,0,19,Belinda
Miss Delacour,C,0,19,Belinda
Miss Delacour,I,0,19,Belinda
Miss Delacour,A,0,19,Belinda
Miss Delacour,DC,0,19,Belinda
Miss Delacour,DN,0,19,Belinda
Miss Hartley,N,0,19,Belinda
Miss Hartley,C,0,19,Belinda
Miss Hartley,I,0,19,Belinda
Miss Hartley,A,0,19,Belinda
Miss Hartley,DC,0,19,Belinda
Miss Hartley,DN,0,19,Belinda
Miss Honour O’Grady,N,0,19,Belinda
Miss Honour O’Grady,C,0,19,Belinda
Miss Honour O’Grady,I,0,19,Belinda
Miss Honour O’Grady,A,0,19,Belinda
Miss Honour O’Grady,DC,0,19,Belinda
Miss Honour O’Grady,DN,0,19,Belinda
Miss Moreton,N,7,19,Belinda
Miss Moreton,C,0,19,Belinda
Miss Moreton,I,0,19,Belinda
Miss Moreton,A,5,19,Belinda
Miss Moreton,DC,11,19,Belinda
Miss Moreton,DN,0,19,Belinda
Miss Portman----,N,0,19,Belinda
Miss Portman----,C,0,19,Belinda
Miss Portman----,I,0,19,Belinda
Miss Portman----,A,0,19,Belinda
Miss Portman----,DC,0,19,Belinda
Miss Portman----,DN,0,19,Belinda
Miss St. Pierre,N,0,19,Belinda
Miss St. Pierre,C,0,19,Belinda
Miss St. Pierre,I,0,19,Belinda
Miss St. Pierre,A,0,19,Belinda
Miss St. Pierre,DC,0,19,Belinda
Miss St. Pierre,DN,0,19,Belinda
Mr. Freke,N,0,19,Belinda
Mr. Freke,C,0,19,Belinda
Mr. Freke,I,0,19,Belinda
Mr. Freke,A,0,19,Belinda
Mr. Freke,DC,0,19,Belinda
Mr. Freke,DN,0,19,Belinda
Mr. Hartley,N,0,19,Belinda
Mr. Hartley,C,0,19,Belinda
Mr. Hartley,I,0,19,Belinda
Mr. Hartley,A,0,19,Belinda
Mr. Hartley,DC,0,19,Belinda
Mr. Hartley,DN,0,19,Belinda
Mr. Hervey,N,7,19,Belinda
Mr. Hervey,C,0,19,Belinda
Mr. Hervey,I,0,19,Belinda
Mr. Hervey,A,0,19,Belinda
Mr. Hervey,DC,5,19,Belinda
Mr. Hervey,DN,0,19,Belinda
Mr. Horton,N,0,19,Belinda
Mr. Horton,C,0,19,Belinda
Mr. Horton,I,0,19,Belinda
Mr. Horton,A,0,19,Belinda
Mr. Horton,DC,0,19,Belinda
Mr. Horton,DN,0,19,Belinda
Mr. Luttridge,N,0,19,Belinda
Mr. Luttridge,C,0,19,Belinda
Mr. Luttridge,I,0,19,Belinda
Mr. Luttridge,A,0,19,Belinda
Mr. Luttridge,DC,0,19,Belinda
Mr. Luttridge,DN,0,19,Belinda
Mr. Percival,N,27,19,Belinda
Mr. Percival,C,42,19,Belinda
Mr. Percival,I,21,19,Belinda
Mr. Percival,A,5,19,Belinda
Mr. Percival,DC,7,19,Belinda
Mr. Percival,DN,1,19,Belinda
Mr. St. George,N,0,19,Belinda
Mr. St. George,C,0,19,Belinda
Mr. St. George,I,0,19,Belinda
Mr. St. George,A,0,19,Belinda
Mr. St. George,DC,0,19,Belinda
Mr. St. George,DN,0,19,Belinda
Mr. V----,N,0,19,Belinda
Mr. V----,C,0,19,Belinda
Mr. V----,I,0,19,Belinda
Mr. V----,A,0,19,Belinda
Mr. V----,DC,0,19,Belinda
Mr. V----,DN,0,19,Belinda
Mr. Vincent,N,32,19,Belinda
Mr. Vincent,C,24,19,Belinda
Mr. Vincent,I,23,19,Belinda
Mr. Vincent,A,15,19,Belinda
Mr. Vincent,DC,11,19,Belinda
Mr. Vincent,DN,1,19,Belinda
Mrs. ----,N,0,19,Belinda
Mrs. ----,C,0,19,Belinda
Mrs. ----,I,0,19,Belinda
Mrs. ----,A,0,19,Belinda
Mrs. ----,DC,0,19,Belinda
Mrs. ----,DN,0,19,Belinda
Mrs. Delacour,N,0,19,Belinda
Mrs. Delacour,C,0,19,Belinda
Mrs. Delacour,I,0,19,Belinda
Mrs. Delacour,A,0,19,Belinda
Mrs. Delacour,DC,0,19,Belinda
Mrs. Delacour,DN,0,19,Belinda
Mrs. Dumont,N,0,19,Belinda
Mrs. Dumont,C,0,19,Belinda
Mrs. Dumont,I,0,19,Belinda
Mrs. Dumont,A,0,19,Belinda
Mrs. Dumont,DC,0,19,Belinda
Mrs. Dumont,DN,0,19,Belinda
Mrs. Franks,N,0,19,Belinda
Mrs. Franks,C,0,19,Belinda
Mrs. Franks,I,0,19,Belinda
Mrs. Franks,A,0,19,Belinda
Mrs. Franks,DC,0,19,Belinda
Mrs. Franks,DN,0,19,Belinda
Mrs. Freke,N,26,19,Belinda
Mrs. Freke,C,1,19,Belinda
Mrs. Freke,I,3,19,Belinda
Mrs. Freke,A,16,19,Belinda
Mrs. Freke,DC,23,19,Belinda
Mrs. Freke,DN,0,19,Belinda
Mrs. Luttridge,N,2,19,Belinda
Mrs. Luttridge,C,0,19,Belinda
Mrs. Luttridge,I,0,19,Belinda
Mrs. Luttridge,A,1,19,Belinda
Mrs. Luttridge,DC,2,19,Belinda
Mrs. Luttridge,DN,0,19,Belinda
Mrs. Ormond,N,0,19,Belinda
Mrs. Ormond,C,0,19,Belinda
Mrs. Ormond,I,0,19,Belinda
Mrs. Ormond,A,0,19,Belinda
Mrs. Ormond,DC,0,19,Belinda
Mrs. Ormond,DN,0,19,Belinda
Mrs. Smith,N,0,19,Belinda
Mrs. Smith,C,0,19,Belinda
Mrs. Smith,I,0,19,Belinda
Mrs. Smith,A,0,19,Belinda
Mrs. Smith,DC,0,19,Belinda
Mrs. Smith,DN,0,19,Belinda
Mrs. Stanhope,N,0,19,Belinda
Mrs. Stanhope,C,0,19,Belinda
Mrs. Stanhope,I,0,19,Belinda
Mrs. Stanhope,A,0,19,Belinda
Mrs. Stanhope,DC,0,19,Belinda
Mrs. Stanhope,DN,0,19,Belinda
Mrs. Stanhope:--,N,0,19,Belinda
Mrs. Stanhope:--,C,0,19,Belinda
Mrs. Stanhope:--,I,0,19,Belinda
Mrs. Stanhope:--,A,0,19,Belinda
Mrs. Stanhope:--,DC,0,19,Belinda
Mrs. Stanhope:--,DN,0,19,Belinda
NIECE,N,0,19,Belinda
NIECE,C,0,19,Belinda
NIECE,I,0,19,Belinda
NIECE,A,0,19,Belinda
NIECE,DC,0,19,Belinda
NIECE,DN,0,19,Belinda
Paul,N,0,19,Belinda
Paul,C,0,19,Belinda
Paul,I,0,19,Belinda
Paul,A,0,19,Belinda
Paul,DC,0,19,Belinda
Paul,DN,0,19,Belinda
Percival,N,0,19,Belinda
Percival,C,0,19,Belinda
Percival,I,0,19,Belinda
Percival,A,0,19,Belinda
Percival,DC,0,19,Belinda
Percival,DN,0,19,Belinda
Petrarch,N,0,19,Belinda
Petrarch,C,0,19,Belinda
Petrarch,I,0,19,Belinda
Petrarch,A,0,19,Belinda
Petrarch,DC,0,19,Belinda
Petrarch,DN,0,19,Belinda
Queen Elizabeth,N,0,19,Belinda
Queen Elizabeth,C,0,19,Belinda
Queen Elizabeth,I,0,19,Belinda
Queen Elizabeth,A,0,19,Belinda
Queen Elizabeth,DC,0,19,Belinda
Queen Elizabeth,DN,0,19,Belinda
Rachel,N,0,19,Belinda
Rachel,C,0,19,Belinda
Rachel,I,0,19,Belinda
Rachel,A,0,19,Belinda
Rachel,DC,0,19,Belinda
Rachel,DN,0,19,Belinda
Rochfort,N,0,19,Belinda
Rochfort,C,0,19,Belinda
Rochfort,I,0,19,Belinda
Rochfort,A,0,19,Belinda
Rochfort,DC,0,19,Belinda
Rochfort,DN,0,19,Belinda
Sir Philip,N,7,19,Belinda
Sir Philip,C,0,19,Belinda
Sir Philip,I,0,19,Belinda
Sir Philip,A,0,19,Belinda
Sir Philip,DC,4,19,Belinda
Sir Philip,DN,0,19,Belinda
Solomon,N,0,19,Belinda
Solomon,C,0,19,Belinda
Solomon,I,0,19,Belinda
Solomon,A,0,19,Belinda
Solomon,DC,0,19,Belinda
Solomon,DN,0,19,Belinda
Tollemache,N,0,19,Belinda
Tollemache,C,0,19,Belinda
Tollemache,I,0,19,Belinda
Tollemache,A,0,19,Belinda
Tollemache,DC,0,19,Belinda
Tollemache,DN,0,19,Belinda
Valleton,N,0,19,Belinda
Valleton,C,0,19,Belinda
Valleton,I,0,19,Belinda
Valleton,A,0,19,Belinda
Valleton,DC,0,19,Belinda
Valleton,DN,0,19,Belinda
Virginia,N,0,19,Belinda
Virginia,C,0,19,Belinda
Virginia,I,0,19,Belinda
Virginia,A,0,19,Belinda
Virginia,DC,0,19,Belinda
Virginia,DN,0,19,Belinda
Young Vincent,N,0,19,Belinda
Young Vincent,C,0,19,Belinda
Young Vincent,I,0,19,Belinda
Young Vincent,A,0,19,Belinda
Young Vincent,DC,0,19,Belinda
Young Vincent,DN,0,19,Belinda
de Grignan,N,0,19,Belinda
de Grignan,C,0,19,Belinda
de Grignan,I,0,19,Belinda
de Grignan,A,0,19,Belinda
de Grignan,DC,0,19,Belinda
de Grignan,DN,0,19,Belinda
de Pomenars,N,0,19,Belinda
de Pomenars,C,0,19,Belinda
de Pomenars,I,0,19,Belinda
de Pomenars,A,0,19,Belinda
de Pomenars,DC,0,19,Belinda
de Pomenars,DN,0,19,Belinda
poor Lawless,N,0,19,Belinda
poor Lawless,C,0,19,Belinda
poor Lawless,I,0,19,Belinda
poor Lawless,A,0,19,Belinda
poor Lawless,DC,0,19,Belinda
poor Lawless,DN,0,19,Belinda
the Luttridges,N,0,19,Belinda
the Luttridges,C,0,19,Belinda
the Luttridges,I,0,19,Belinda
the Luttridges,A,0,19,Belinda
the Luttridges,DC,0,19,Belinda
the Luttridges,DN,0,19,Belinda
the Percivals,N,0,19,Belinda
the Percivals,C,0,19,Belinda
the Percivals,I,0,19,Belinda
the Percivals,A,0,19,Belinda
the Percivals,DC,0,19,Belinda
the Percivals,DN,0,19,Belinda
the honourable Mrs. Levit,N,0,19,Belinda
the honourable Mrs. Levit,C,0,19,Belinda
the honourable Mrs. Levit,I,0,19,Belinda
the honourable Mrs. Levit,A,0,19,Belinda
the honourable Mrs. Levit,DC,0,19,Belinda
the honourable Mrs. Levit,DN,0,19,Belinda
Annabella,N,0,20,Belinda
Annabella,C,0,20,Belinda
Annabella,I,0,20,Belinda
Annabella,A,0,20,Belinda
Annabella,DC,0,20,Belinda
Annabella,DN,0,20,Belinda
Belinda,N,84,20,Belinda
Belinda,C,37,20,Belinda
Belinda,I,46,20,Belinda
Belinda,A,63,20,Belinda
Belinda,DC,33,20,Belinda
Belinda,DN,5,20,Belinda
Bobby,N,0,20,Belinda
Bobby,C,0,20,Belinda
Bobby,I,0,20,Belinda
Bobby,A,0,20,Belinda
Bobby,DC,0,20,Belinda
Bobby,DN,0,20,Belinda
Captain Sunderland,N,0,20,Belinda
Captain Sunderland,C,0,20,Belinda
Captain Sunderland,I,0,20,Belinda
Captain Sunderland,A,0,20,Belinda
Captain Sunderland,DC,0,20,Belinda
Captain Sunderland,DN,0,20,Belinda
Champfort,N,3,20,Belinda
Champfort,C,0,20,Belinda
Champfort,I,0,20,Belinda
Champfort,A,0,20,Belinda
Champfort,DC,2,20,Belinda
Champfort,DN,1,20,Belinda
Charles,N,0,20,Belinda
Charles,C,0,20,Belinda
Charles,I,0,20,Belinda
Charles,A,0,20,Belinda
Charles,DC,0,20,Belinda
Charles,DN,0,20,Belinda
Clarence,N,0,20,Belinda
Clarence,C,0,20,Belinda
Clarence,I,0,20,Belinda
Clarence,A,0,20,Belinda
Clarence,DC,0,20,Belinda
Clarence,DN,0,20,Belinda
Clarence Hervey,N,0,20,Belinda
Clarence Hervey,C,0,20,Belinda
Clarence Hervey,I,0,20,Belinda
Clarence Hervey,A,0,20,Belinda
Clarence Hervey,DC,0,20,Belinda
Clarence Hervey,DN,0,20,Belinda
Clary,N,0,20,Belinda
Clary,C,0,20,Belinda
Clary,I,0,20,Belinda
Clary,A,0,20,Belinda
Clary,DC,0,20,Belinda
Clary,DN,0,20,Belinda
Cupid,N,4,20,Belinda
Cupid,C,0,20,Belinda
Cupid,I,0,20,Belinda
Cupid,A,0,20,Belinda
Cupid,DC,2,20,Belinda
Cupid,DN,0,20,Belinda
Damme,N,0,20,Belinda
Damme,C,0,20,Belinda
Damme,I,0,20,Belinda
Damme,A,0,20,Belinda
Damme,DC,0,20,Belinda
Damme,DN,0,20,Belinda
Doctor X----,N,0,20,Belinda
Doctor X----,C,0,20,Belinda
Doctor X----,I,0,20,Belinda
Doctor X----,A,0,20,Belinda
Doctor X----,DC,0,20,Belinda
Doctor X----,DN,0,20,Belinda
Dr. X----,N,3,20,Belinda
Dr. X----,C,0,20,Belinda
Dr. X----,I,0,20,Belinda
Dr. X----,A,0,20,Belinda
Dr. X----,DC,4,20,Belinda
Dr. X----,DN,0,20,Belinda
Edward,N,0,20,Belinda
Edward,C,0,20,Belinda
Edward,I,0,20,Belinda
Edward,A,0,20,Belinda
Edward,DC,0,20,Belinda
Edward,DN,0,20,Belinda
Fawcett,N,0,20,Belinda
Fawcett,C,0,20,Belinda
Fawcett,I,0,20,Belinda
Fawcett,A,0,20,Belinda
Fawcett,DC,0,20,Belinda
Fawcett,DN,0,20,Belinda
God,N,0,20,Belinda
God,C,0,20,Belinda
God,I,0,20,Belinda
God,A,0,20,Belinda
God,DC,0,20,Belinda
God,DN,0,20,Belinda
Harriot,N,1,20,Belinda
Harriot,C,0,20,Belinda
Harriot,I,0,20,Belinda
Harriot,A,0,20,Belinda
Harriot,DC,1,20,Belinda
Harriot,DN,0,20,Belinda
Heaven,N,1,20,Belinda
Heaven,C,0,20,Belinda
Heaven,I,0,20,Belinda
Heaven,A,0,20,Belinda
Heaven,DC,0,20,Belinda
Heaven,DN,0,20,Belinda
Helena,N,1,20,Belinda
Helena,C,0,20,Belinda
Helena,I,0,20,Belinda
Helena,A,0,20,Belinda
Helena,DC,1,20,Belinda
Helena,DN,0,20,Belinda
James,N,0,20,Belinda
James,C,0,20,Belinda
James,I,0,20,Belinda
James,A,0,20,Belinda
James,DC,0,20,Belinda
James,DN,0,20,Belinda
Jenny Mason,N,0,20,Belinda
Jenny Mason,C,0,20,Belinda
Jenny Mason,I,0,20,Belinda
Jenny Mason,A,0,20,Belinda
Jenny Mason,DC,0,20,Belinda
Jenny Mason,DN,0,20,Belinda
Joddrell,N,0,20,Belinda
Joddrell,C,0,20,Belinda
Joddrell,I,0,20,Belinda
Joddrell,A,0,20,Belinda
Joddrell,DC,0,20,Belinda
Joddrell,DN,0,20,Belinda
Jove,N,0,20,Belinda
Jove,C,0,20,Belinda
Jove,I,0,20,Belinda
Jove,A,0,20,Belinda
Jove,DC,0,20,Belinda
Jove,DN,0,20,Belinda
Juba,N,0,20,Belinda
Juba,C,0,20,Belinda
Juba,I,0,20,Belinda
Juba,A,0,20,Belinda
Juba,DC,0,20,Belinda
Juba,DN,0,20,Belinda
Lady Almeria,N,0,20,Belinda
Lady Almeria,C,0,20,Belinda
Lady Almeria,I,0,20,Belinda
Lady Almeria,A,0,20,Belinda
Lady Almeria,DC,0,20,Belinda
Lady Almeria,DN,0,20,Belinda
Lady Anne,N,6,20,Belinda
Lady Anne,C,0,20,Belinda
Lady Anne,I,0,20,Belinda
Lady Anne,A,1,20,Belinda
Lady Anne,DC,1,20,Belinda
Lady Anne,DN,0,20,Belinda
Lady Boucher,N,0,20,Belinda
Lady Boucher,C,0,20,Belinda
Lady Boucher,I,0,20,Belinda
Lady Boucher,A,0,20,Belinda
Lady Boucher,DC,0,20,Belinda
Lady Boucher,DN,0,20,Belinda
Lady Delacour,N,58,20,Belinda
Lady Delacour,C,60,20,Belinda
Lady Delacour,I,47,20,Belinda
Lady Delacour,A,53,20,Belinda
Lady Delacour,DC,9,20,Belinda
Lady Delacour,DN,8,20,Belinda
Lady Singleton,N,0,20,Belinda
Lady Singleton,C,0,20,Belinda
Lady Singleton,I,0,20,Belinda
Lady Singleton,A,0,20,Belinda
Lady Singleton,DC,0,20,Belinda
Lady Singleton,DN,0,20,Belinda
Lawless,N,1,20,Belinda
Lawless,C,0,20,Belinda
Lawless,I,0,20,Belinda
Lawless,A,0,20,Belinda
Lawless,DC,0,20,Belinda
Lawless,DN,0,20,Belinda
Lord,N,0,20,Belinda
Lord,C,0,20,Belinda
Lord,I,0,20,Belinda
Lord,A,0,20,Belinda
Lord,DC,0,20,Belinda
Lord,DN,0,20,Belinda
Lord Delacour,N,22,20,Belinda
Lord Delacour,C,9,20,Belinda
Lord Delacour,I,3,20,Belinda
Lord Delacour,A,9,20,Belinda
Lord Delacour,DC,10,20,Belinda
Lord Delacour,DN,0,20,Belinda
Lord Studley,N,5,20,Belinda
Lord Studley,C,0,20,Belinda
Lord Studley,I,0,20,Belinda
Lord Studley,A,0,20,Belinda
Lord Studley,DC,3,20,Belinda
Lord Studley,DN,0,20,Belinda
Lucy,N,0,20,Belinda
Lucy,C,0,20,Belinda
Lucy,I,0,20,Belinda
Lucy,A,0,20,Belinda
Lucy,DC,0,20,Belinda
Lucy,DN,0,20,Belinda
M. de St. Pierre,N,0,20,Belinda
M. de St. Pierre,C,0,20,Belinda
M. de St. Pierre,I,0,20,Belinda
M. de St. Pierre,A,0,20,Belinda
M. de St. Pierre,DC,0,20,Belinda
M. de St. Pierre,DN,0,20,Belinda
Mad,N,0,20,Belinda
Mad,C,0,20,Belinda
Mad,I,0,20,Belinda
Mad,A,0,20,Belinda
Mad,DC,0,20,Belinda
Mad,DN,0,20,Belinda
Mamma,N,0,20,Belinda
Mamma,C,0,20,Belinda
Mamma,I,0,20,Belinda
Mamma,A,0,20,Belinda
Mamma,DC,0,20,Belinda
Mamma,DN,0,20,Belinda
Marraton,N,0,20,Belinda
Marraton,C,0,20,Belinda
Marraton,I,0,20,Belinda
Marraton,A,0,20,Belinda
Marraton,DC,0,20,Belinda
Marraton,DN,0,20,Belinda
Marriott,N,21,20,Belinda
Marriott,C,11,20,Belinda
Marriott,I,8,20,Belinda
Marriott,A,24,20,Belinda
Marriott,DC,4,20,Belinda
Marriott,DN,0,20,Belinda
Ma’am,N,0,20,Belinda
Ma’am,C,0,20,Belinda
Ma’am,I,0,20,Belinda
Ma’am,A,0,20,Belinda
Ma’am,DC,0,20,Belinda
Ma’am,DN,0,20,Belinda
Milord,N,0,20,Belinda
Milord,C,0,20,Belinda
Milord,I,0,20,Belinda
Milord,A,0,20,Belinda
Milord,DC,0,20,Belinda
Milord,DN,0,20,Belinda
Miss Delacour,N,0,20,Belinda
Miss Delacour,C,0,20,Belinda
Miss Delacour,I,0,20,Belinda
Miss Delacour,A,0,20,Belinda
Miss Delacour,DC,0,20,Belinda
Miss Delacour,DN,0,20,Belinda
Miss Hartley,N,0,20,Belinda
Miss Hartley,C,0,20,Belinda
Miss Hartley,I,0,20,Belinda
Miss Hartley,A,0,20,Belinda
Miss Hartley,DC,0,20,Belinda
Miss Hartley,DN,0,20,Belinda
Miss Honour O’Grady,N,0,20,Belinda
Miss Honour O’Grady,C,0,20,Belinda
Miss Honour O’Grady,I,0,20,Belinda
Miss Honour O’Grady,A,0,20,Belinda
Miss Honour O’Grady,DC,0,20,Belinda
Miss Honour O’Grady,DN,0,20,Belinda
Miss Moreton,N,0,20,Belinda
Miss Moreton,C,0,20,Belinda
Miss Moreton,I,0,20,Belinda
Miss Moreton,A,0,20,Belinda
Miss Moreton,DC,0,20,Belinda
Miss Moreton,DN,0,20,Belinda
Miss Portman----,N,0,20,Belinda
Miss Portman----,C,0,20,Belinda
Miss Portman----,I,0,20,Belinda
Miss Portman----,A,0,20,Belinda
Miss Portman----,DC,0,20,Belinda
Miss Portman----,DN,0,20,Belinda
Miss St. Pierre,N,0,20,Belinda
Miss St. Pierre,C,0,20,Belinda
Miss St. Pierre,I,0,20,Belinda
Miss St. Pierre,A,0,20,Belinda
Miss St. Pierre,DC,0,20,Belinda
Miss St. Pierre,DN,0,20,Belinda
Mr. Freke,N,0,20,Belinda
Mr. Freke,C,0,20,Belinda
Mr. Freke,I,0,20,Belinda
Mr. Freke,A,0,20,Belinda
Mr. Freke,DC,0,20,Belinda
Mr. Freke,DN,0,20,Belinda
Mr. Hartley,N,0,20,Belinda
Mr. Hartley,C,0,20,Belinda
Mr. Hartley,I,0,20,Belinda
Mr. Hartley,A,0,20,Belinda
Mr. Hartley,DC,0,20,Belinda
Mr. Hartley,DN,0,20,Belinda
Mr. Hervey,N,17,20,Belinda
Mr. Hervey,C,7,20,Belinda
Mr. Hervey,I,9,20,Belinda
Mr. Hervey,A,14,20,Belinda
Mr. Hervey,DC,10,20,Belinda
Mr. Hervey,DN,6,20,Belinda
Mr. Horton,N,0,20,Belinda
Mr. Horton,C,0,20,Belinda
Mr. Horton,I,0,20,Belinda
Mr. Horton,A,0,20,Belinda
Mr. Horton,DC,0,20,Belinda
Mr. Horton,DN,0,20,Belinda
Mr. Luttridge,N,0,20,Belinda
Mr. Luttridge,C,0,20,Belinda
Mr. Luttridge,I,0,20,Belinda
Mr. Luttridge,A,0,20,Belinda
Mr. Luttridge,DC,0,20,Belinda
Mr. Luttridge,DN,0,20,Belinda
Mr. Percival,N,9,20,Belinda
Mr. Percival,C,0,20,Belinda
Mr. Percival,I,1,20,Belinda
Mr. Percival,A,0,20,Belinda
Mr. Percival,DC,1,20,Belinda
Mr. Percival,DN,1,20,Belinda
Mr. St. George,N,0,20,Belinda
Mr. St. George,C,0,20,Belinda
Mr. St. George,I,0,20,Belinda
Mr. St. George,A,0,20,Belinda
Mr. St. George,DC,0,20,Belinda
Mr. St. George,DN,0,20,Belinda
Mr. V----,N,1,20,Belinda
Mr. V----,C,0,20,Belinda
Mr. V----,I,0,20,Belinda
Mr. V----,A,4,20,Belinda
Mr. V----,DC,0,20,Belinda
Mr. V----,DN,1,20,Belinda
Mr. Vincent,N,9,20,Belinda
Mr. Vincent,C,0,20,Belinda
Mr. Vincent,I,0,20,Belinda
Mr. Vincent,A,1,20,Belinda
Mr. Vincent,DC,6,20,Belinda
Mr. Vincent,DN,1,20,Belinda
Mrs. ----,N,0,20,Belinda
Mrs. ----,C,0,20,Belinda
Mrs. ----,I,0,20,Belinda
Mrs. ----,A,0,20,Belinda
Mrs. ----,DC,0,20,Belinda
Mrs. ----,DN,0,20,Belinda
Mrs. Delacour,N,0,20,Belinda
Mrs. Delacour,C,0,20,Belinda
Mrs. Delacour,I,0,20,Belinda
Mrs. Delacour,A,0,20,Belinda
Mrs. Delacour,DC,0,20,Belinda
Mrs. Delacour,DN,0,20,Belinda
Mrs. Dumont,N,0,20,Belinda
Mrs. Dumont,C,0,20,Belinda
Mrs. Dumont,I,0,20,Belinda
Mrs. Dumont,A,0,20,Belinda
Mrs. Dumont,DC,0,20,Belinda
Mrs. Dumont,DN,0,20,Belinda
Mrs. Franks,N,0,20,Belinda
Mrs. Franks,C,0,20,Belinda
Mrs. Franks,I,0,20,Belinda
Mrs. Franks,A,0,20,Belinda
Mrs. Franks,DC,0,20,Belinda
Mrs. Franks,DN,0,20,Belinda
Mrs. Freke,N,0,20,Belinda
Mrs. Freke,C,0,20,Belinda
Mrs. Freke,I,0,20,Belinda
Mrs. Freke,A,0,20,Belinda
Mrs. Freke,DC,0,20,Belinda
Mrs. Freke,DN,0,20,Belinda
Mrs. Luttridge,N,4,20,Belinda
Mrs. Luttridge,C,0,20,Belinda
Mrs. Luttridge,I,0,20,Belinda
Mrs. Luttridge,A,0,20,Belinda
Mrs. Luttridge,DC,5,20,Belinda
Mrs. Luttridge,DN,0,20,Belinda
Mrs. Ormond,N,0,20,Belinda
Mrs. Ormond,C,0,20,Belinda
Mrs. Ormond,I,0,20,Belinda
Mrs. Ormond,A,0,20,Belinda
Mrs. Ormond,DC,0,20,Belinda
Mrs. Ormond,DN,0,20,Belinda
Mrs. Smith,N,0,20,Belinda
Mrs. Smith,C,0,20,Belinda
Mrs. Smith,I,0,20,Belinda
Mrs. Smith,A,0,20,Belinda
Mrs. Smith,DC,0,20,Belinda
Mrs. Smith,DN,0,20,Belinda
Mrs. Stanhope,N,3,20,Belinda
Mrs. Stanhope,C,0,20,Belinda
Mrs. Stanhope,I,2,20,Belinda
Mrs. Stanhope,A,3,20,Belinda
Mrs. Stanhope,DC,1,20,Belinda
Mrs. Stanhope,DN,0,20,Belinda
Mrs. Stanhope:--,N,0,20,Belinda
Mrs. Stanhope:--,C,0,20,Belinda
Mrs. Stanhope:--,I,0,20,Belinda
Mrs. Stanhope:--,A,0,20,Belinda
Mrs. Stanhope:--,DC,0,20,Belinda
Mrs. Stanhope:--,DN,0,20,Belinda
NIECE,N,0,20,Belinda
NIECE,C,0,20,Belinda
NIECE,I,0,20,Belinda
NIECE,A,0,20,Belinda
NIECE,DC,0,20,Belinda
NIECE,DN,0,20,Belinda
Paul,N,0,20,Belinda
Paul,C,0,20,Belinda
Paul,I,0,20,Belinda
Paul,A,0,20,Belinda
Paul,DC,0,20,Belinda
Paul,DN,0,20,Belinda
Percival,N,0,20,Belinda
Percival,C,0,20,Belinda
Percival,I,0,20,Belinda
Percival,A,0,20,Belinda
Percival,DC,0,20,Belinda
Percival,DN,0,20,Belinda
Petrarch,N,0,20,Belinda
Petrarch,C,0,20,Belinda
Petrarch,I,0,20,Belinda
Petrarch,A,0,20,Belinda
Petrarch,DC,0,20,Belinda
Petrarch,DN,0,20,Belinda
Queen Elizabeth,N,0,20,Belinda
Queen Elizabeth,C,0,20,Belinda
Queen Elizabeth,I,0,20,Belinda
Queen Elizabeth,A,0,20,Belinda
Queen Elizabeth,DC,0,20,Belinda
Queen Elizabeth,DN,0,20,Belinda
Rachel,N,0,20,Belinda
Rachel,C,0,20,Belinda
Rachel,I,0,20,Belinda
Rachel,A,0,20,Belinda
Rachel,DC,0,20,Belinda
Rachel,DN,0,20,Belinda
Rochfort,N,0,20,Belinda
Rochfort,C,0,20,Belinda
Rochfort,I,0,20,Belinda
Rochfort,A,0,20,Belinda
Rochfort,DC,0,20,Belinda
Rochfort,DN,0,20,Belinda
Sir Philip,N,1,20,Belinda
Sir Philip,C,0,20,Belinda
Sir Philip,I,0,20,Belinda
Sir Philip,A,0,20,Belinda
Sir Philip,DC,1,20,Belinda
Sir Philip,DN,0,20,Belinda
Solomon,N,0,20,Belinda
Solomon,C,0,20,Belinda
Solomon,I,0,20,Belinda
Solomon,A,0,20,Belinda
Solomon,DC,0,20,Belinda
Solomon,DN,0,20,Belinda
Tollemache,N,0,20,Belinda
Tollemache,C,0,20,Belinda
Tollemache,I,0,20,Belinda
Tollemache,A,0,20,Belinda
Tollemache,DC,0,20,Belinda
Tollemache,DN,0,20,Belinda
Valleton,N,0,20,Belinda
Valleton,C,0,20,Belinda
Valleton,I,0,20,Belinda
Valleton,A,0,20,Belinda
Valleton,DC,0,20,Belinda
Valleton,DN,0,20,Belinda
Virginia,N,1,20,Belinda
Virginia,C,0,20,Belinda
Virginia,I,0,20,Belinda
Virginia,A,0,20,Belinda
Virginia,DC,1,20,Belinda
Virginia,DN,0,20,Belinda
Young Vincent,N,0,20,Belinda
Young Vincent,C,0,20,Belinda
Young Vincent,I,0,20,Belinda
Young Vincent,A,0,20,Belinda
Young Vincent,DC,0,20,Belinda
Young Vincent,DN,0,20,Belinda
de Grignan,N,0,20,Belinda
de Grignan,C,0,20,Belinda
de Grignan,I,0,20,Belinda
de Grignan,A,0,20,Belinda
de Grignan,DC,0,20,Belinda
de Grignan,DN,0,20,Belinda
de Pomenars,N,0,20,Belinda
de Pomenars,C,0,20,Belinda
de Pomenars,I,0,20,Belinda
de Pomenars,A,0,20,Belinda
de Pomenars,DC,0,20,Belinda
de Pomenars,DN,0,20,Belinda
poor Lawless,N,0,20,Belinda
poor Lawless,C,0,20,Belinda
poor Lawless,I,0,20,Belinda
poor Lawless,A,0,20,Belinda
poor Lawless,DC,0,20,Belinda
poor Lawless,DN,0,20,Belinda
the Luttridges,N,0,20,Belinda
the Luttridges,C,0,20,Belinda
the Luttridges,I,0,20,Belinda
the Luttridges,A,0,20,Belinda
the Luttridges,DC,0,20,Belinda
the Luttridges,DN,0,20,Belinda
the Percivals,N,0,20,Belinda
the Percivals,C,0,20,Belinda
the Percivals,I,0,20,Belinda
the Percivals,A,0,20,Belinda
the Percivals,DC,0,20,Belinda
the Percivals,DN,0,20,Belinda
the honourable Mrs. Levit,N,0,20,Belinda
the honourable Mrs. Levit,C,0,20,Belinda
the honourable Mrs. Levit,I,0,20,Belinda
the honourable Mrs. Levit,A,0,20,Belinda
the honourable Mrs. Levit,DC,0,20,Belinda
the honourable Mrs. Levit,DN,0,20,Belinda
Annabella,N,0,21,Belinda
Annabella,C,0,21,Belinda
Annabella,I,0,21,Belinda
Annabella,A,0,21,Belinda
Annabella,DC,0,21,Belinda
Annabella,DN,0,21,Belinda
Belinda,N,29,21,Belinda
Belinda,C,11,21,Belinda
Belinda,I,9,21,Belinda
Belinda,A,13,21,Belinda
Belinda,DC,13,21,Belinda
Belinda,DN,2,21,Belinda
Bobby,N,0,21,Belinda
Bobby,C,0,21,Belinda
Bobby,I,0,21,Belinda
Bobby,A,0,21,Belinda
Bobby,DC,0,21,Belinda
Bobby,DN,0,21,Belinda
Captain Sunderland,N,0,21,Belinda
Captain Sunderland,C,0,21,Belinda
Captain Sunderland,I,0,21,Belinda
Captain Sunderland,A,0,21,Belinda
Captain Sunderland,DC,0,21,Belinda
Captain Sunderland,DN,0,21,Belinda
Champfort,N,3,21,Belinda
Champfort,C,1,21,Belinda
Champfort,I,2,21,Belinda
Champfort,A,2,21,Belinda
Champfort,DC,0,21,Belinda
Champfort,DN,3,21,Belinda
Charles,N,1,21,Belinda
Charles,C,0,21,Belinda
Charles,I,0,21,Belinda
Charles,A,0,21,Belinda
Charles,DC,3,21,Belinda
Charles,DN,0,21,Belinda
Clarence,N,0,21,Belinda
Clarence,C,0,21,Belinda
Clarence,I,0,21,Belinda
Clarence,A,0,21,Belinda
Clarence,DC,0,21,Belinda
Clarence,DN,0,21,Belinda
Clarence Hervey,N,0,21,Belinda
Clarence Hervey,C,0,21,Belinda
Clarence Hervey,I,0,21,Belinda
Clarence Hervey,A,0,21,Belinda
Clarence Hervey,DC,0,21,Belinda
Clarence Hervey,DN,0,21,Belinda
Clary,N,0,21,Belinda
Clary,C,0,21,Belinda
Clary,I,0,21,Belinda
Clary,A,0,21,Belinda
Clary,DC,0,21,Belinda
Clary,DN,0,21,Belinda
Cupid,N,0,21,Belinda
Cupid,C,0,21,Belinda
Cupid,I,0,21,Belinda
Cupid,A,0,21,Belinda
Cupid,DC,0,21,Belinda
Cupid,DN,0,21,Belinda
Damme,N,0,21,Belinda
Damme,C,0,21,Belinda
Damme,I,0,21,Belinda
Damme,A,0,21,Belinda
Damme,DC,0,21,Belinda
Damme,DN,0,21,Belinda
Doctor X----,N,0,21,Belinda
Doctor X----,C,0,21,Belinda
Doctor X----,I,0,21,Belinda
Doctor X----,A,0,21,Belinda
Doctor X----,DC,0,21,Belinda
Doctor X----,DN,0,21,Belinda
Dr. X----,N,0,21,Belinda
Dr. X----,C,0,21,Belinda
Dr. X----,I,0,21,Belinda
Dr. X----,A,0,21,Belinda
Dr. X----,DC,0,21,Belinda
Dr. X----,DN,0,21,Belinda
Edward,N,2,21,Belinda
Edward,C,0,21,Belinda
Edward,I,0,21,Belinda
Edward,A,1,21,Belinda
Edward,DC,1,21,Belinda
Edward,DN,1,21,Belinda
Fawcett,N,0,21,Belinda
Fawcett,C,0,21,Belinda
Fawcett,I,0,21,Belinda
Fawcett,A,0,21,Belinda
Fawcett,DC,0,21,Belinda
Fawcett,DN,0,21,Belinda
God,N,0,21,Belinda
God,C,0,21,Belinda
God,I,0,21,Belinda
God,A,0,21,Belinda
God,DC,0,21,Belinda
God,DN,0,21,Belinda
Harriot,N,0,21,Belinda
Harriot,C,0,21,Belinda
Harriot,I,0,21,Belinda
Harriot,A,0,21,Belinda
Harriot,DC,0,21,Belinda
Harriot,DN,0,21,Belinda
Heaven,N,0,21,Belinda
Heaven,C,0,21,Belinda
Heaven,I,0,21,Belinda
Heaven,A,0,21,Belinda
Heaven,DC,0,21,Belinda
Heaven,DN,0,21,Belinda
Helena,N,37,21,Belinda
Helena,C,22,21,Belinda
Helena,I,33,21,Belinda
Helena,A,19,21,Belinda
Helena,DC,25,21,Belinda
Helena,DN,3,21,Belinda
James,N,2,21,Belinda
James,C,0,21,Belinda
James,I,0,21,Belinda
James,A,1,21,Belinda
James,DC,1,21,Belinda
James,DN,0,21,Belinda
Jenny Mason,N,0,21,Belinda
Jenny Mason,C,0,21,Belinda
Jenny Mason,I,0,21,Belinda
Jenny Mason,A,0,21,Belinda
Jenny Mason,DC,0,21,Belinda
Jenny Mason,DN,0,21,Belinda
Joddrell,N,0,21,Belinda
Joddrell,C,0,21,Belinda
Joddrell,I,0,21,Belinda
Joddrell,A,0,21,Belinda
Joddrell,DC,0,21,Belinda
Joddrell,DN,0,21,Belinda
Jove,N,0,21,Belinda
Jove,C,0,21,Belinda
Jove,I,0,21,Belinda
Jove,A,0,21,Belinda
Jove,DC,0,21,Belinda
Jove,DN,0,21,Belinda
Juba,N,0,21,Belinda
Juba,C,0,21,Belinda
Juba,I,0,21,Belinda
Juba,A,0,21,Belinda
Juba,DC,0,21,Belinda
Juba,DN,0,21,Belinda
Lady Almeria,N,0,21,Belinda
Lady Almeria,C,0,21,Belinda
Lady Almeria,I,0,21,Belinda
Lady Almeria,A,0,21,Belinda
Lady Almeria,DC,0,21,Belinda
Lady Almeria,DN,0,21,Belinda
Lady Anne,N,6,21,Belinda
Lady Anne,C,0,21,Belinda
Lady Anne,I,1,21,Belinda
Lady Anne,A,2,21,Belinda
Lady Anne,DC,6,21,Belinda
Lady Anne,DN,1,21,Belinda
Lady Boucher,N,6,21,Belinda
Lady Boucher,C,5,21,Belinda
Lady Boucher,I,1,21,Belinda
Lady Boucher,A,0,21,Belinda
Lady Boucher,DC,1,21,Belinda
Lady Boucher,DN,0,21,Belinda
Lady Delacour,N,39,21,Belinda
Lady Delacour,C,52,21,Belinda
Lady Delacour,I,35,21,Belinda
Lady Delacour,A,52,21,Belinda
Lady Delacour,DC,2,21,Belinda
Lady Delacour,DN,6,21,Belinda
Lady Singleton,N,0,21,Belinda
Lady Singleton,C,0,21,Belinda
Lady Singleton,I,0,21,Belinda
Lady Singleton,A,0,21,Belinda
Lady Singleton,DC,0,21,Belinda
Lady Singleton,DN,0,21,Belinda
Lawless,N,0,21,Belinda
Lawless,C,0,21,Belinda
Lawless,I,0,21,Belinda
Lawless,A,0,21,Belinda
Lawless,DC,0,21,Belinda
Lawless,DN,0,21,Belinda
Lord,N,1,21,Belinda
Lord,C,0,21,Belinda
Lord,I,0,21,Belinda
Lord,A,2,21,Belinda
Lord,DC,4,21,Belinda
Lord,DN,0,21,Belinda
Lord Delacour,N,14,21,Belinda
Lord Delacour,C,2,21,Belinda
Lord Delacour,I,4,21,Belinda
Lord Delacour,A,7,21,Belinda
Lord Delacour,DC,6,21,Belinda
Lord Delacour,DN,0,21,Belinda
Lord Studley,N,0,21,Belinda
Lord Studley,C,0,21,Belinda
Lord Studley,I,0,21,Belinda
Lord Studley,A,0,21,Belinda
Lord Studley,DC,0,21,Belinda
Lord Studley,DN,0,21,Belinda
Lucy,N,0,21,Belinda
Lucy,C,0,21,Belinda
Lucy,I,0,21,Belinda
Lucy,A,0,21,Belinda
Lucy,DC,0,21,Belinda
Lucy,DN,0,21,Belinda
M. de St. Pierre,N,0,21,Belinda
M. de St. Pierre,C,0,21,Belinda
M. de St. Pierre,I,0,21,Belinda
M. de St. Pierre,A,0,21,Belinda
M. de St. Pierre,DC,0,21,Belinda
M. de St. Pierre,DN,0,21,Belinda
Mad,N,0,21,Belinda
Mad,C,0,21,Belinda
Mad,I,0,21,Belinda
Mad,A,0,21,Belinda
Mad,DC,0,21,Belinda
Mad,DN,0,21,Belinda
Mamma,N,0,21,Belinda
Mamma,C,0,21,Belinda
Mamma,I,0,21,Belinda
Mamma,A,0,21,Belinda
Mamma,DC,0,21,Belinda
Mamma,DN,0,21,Belinda
Marraton,N,0,21,Belinda
Marraton,C,0,21,Belinda
Marraton,I,0,21,Belinda
Marraton,A,0,21,Belinda
Marraton,DC,0,21,Belinda
Marraton,DN,0,21,Belinda
Marriott,N,21,21,Belinda
Marriott,C,5,21,Belinda
Marriott,I,1,21,Belinda
Marriott,A,10,21,Belinda
Marriott,DC,5,21,Belinda
Marriott,DN,3,21,Belinda
Ma’am,N,1,21,Belinda
Ma’am,C,0,21,Belinda
Ma’am,I,0,21,Belinda
Ma’am,A,0,21,Belinda
Ma’am,DC,1,21,Belinda
Ma’am,DN,0,21,Belinda
Milord,N,0,21,Belinda
Milord,C,0,21,Belinda
Milord,I,0,21,Belinda
Milord,A,0,21,Belinda
Milord,DC,0,21,Belinda
Milord,DN,0,21,Belinda
Miss Delacour,N,9,21,Belinda
Miss Delacour,C,0,21,Belinda
Miss Delacour,I,2,21,Belinda
Miss Delacour,A,3,21,Belinda
Miss Delacour,DC,6,21,Belinda
Miss Delacour,DN,2,21,Belinda
Miss Hartley,N,0,21,Belinda
Miss Hartley,C,0,21,Belinda
Miss Hartley,I,0,21,Belinda
Miss Hartley,A,0,21,Belinda
Miss Hartley,DC,0,21,Belinda
Miss Hartley,DN,0,21,Belinda
Miss Honour O’Grady,N,0,21,Belinda
Miss Honour O’Grady,C,0,21,Belinda
Miss Honour O’Grady,I,0,21,Belinda
Miss Honour O’Grady,A,0,21,Belinda
Miss Honour O’Grady,DC,0,21,Belinda
Miss Honour O’Grady,DN,0,21,Belinda
Miss Moreton,N,0,21,Belinda
Miss Moreton,C,0,21,Belinda
Miss Moreton,I,0,21,Belinda
Miss Moreton,A,0,21,Belinda
Miss Moreton,DC,0,21,Belinda
Miss Moreton,DN,0,21,Belinda
Miss Portman----,N,0,21,Belinda
Miss Portman----,C,0,21,Belinda
Miss Portman----,I,0,21,Belinda
Miss Portman----,A,0,21,Belinda
Miss Portman----,DC,0,21,Belinda
Miss Portman----,DN,0,21,Belinda
Miss St. Pierre,N,0,21,Belinda
Miss St. Pierre,C,0,21,Belinda
Miss St. Pierre,I,0,21,Belinda
Miss St. Pierre,A,0,21,Belinda
Miss St. Pierre,DC,0,21,Belinda
Miss St. Pierre,DN,0,21,Belinda
Mr. Freke,N,0,21,Belinda
Mr. Freke,C,0,21,Belinda
Mr. Freke,I,0,21,Belinda
Mr. Freke,A,0,21,Belinda
Mr. Freke,DC,0,21,Belinda
Mr. Freke,DN,0,21,Belinda
Mr. Hartley,N,0,21,Belinda
Mr. Hartley,C,0,21,Belinda
Mr. Hartley,I,0,21,Belinda
Mr. Hartley,A,0,21,Belinda
Mr. Hartley,DC,0,21,Belinda
Mr. Hartley,DN,0,21,Belinda
Mr. Hervey,N,1,21,Belinda
Mr. Hervey,C,0,21,Belinda
Mr. Hervey,I,0,21,Belinda
Mr. Hervey,A,0,21,Belinda
Mr. Hervey,DC,0,21,Belinda
Mr. Hervey,DN,0,21,Belinda
Mr. Horton,N,0,21,Belinda
Mr. Horton,C,0,21,Belinda
Mr. Horton,I,0,21,Belinda
Mr. Horton,A,0,21,Belinda
Mr. Horton,DC,0,21,Belinda
Mr. Horton,DN,0,21,Belinda
Mr. Luttridge,N,0,21,Belinda
Mr. Luttridge,C,0,21,Belinda
Mr. Luttridge,I,0,21,Belinda
Mr. Luttridge,A,0,21,Belinda
Mr. Luttridge,DC,0,21,Belinda
Mr. Luttridge,DN,0,21,Belinda
Mr. Percival,N,1,21,Belinda
Mr. Percival,C,0,21,Belinda
Mr. Percival,I,0,21,Belinda
Mr. Percival,A,0,21,Belinda
Mr. Percival,DC,1,21,Belinda
Mr. Percival,DN,0,21,Belinda
Mr. St. George,N,0,21,Belinda
Mr. St. George,C,0,21,Belinda
Mr. St. George,I,0,21,Belinda
Mr. St. George,A,0,21,Belinda
Mr. St. George,DC,0,21,Belinda
Mr. St. George,DN,0,21,Belinda
Mr. V----,N,0,21,Belinda
Mr. V----,C,0,21,Belinda
Mr. V----,I,0,21,Belinda
Mr. V----,A,0,21,Belinda
Mr. V----,DC,0,21,Belinda
Mr. V----,DN,0,21,Belinda
Mr. Vincent,N,0,21,Belinda
Mr. Vincent,C,0,21,Belinda
Mr. Vincent,I,0,21,Belinda
Mr. Vincent,A,0,21,Belinda
Mr. Vincent,DC,0,21,Belinda
Mr. Vincent,DN,0,21,Belinda
Mrs. ----,N,0,21,Belinda
Mrs. ----,C,0,21,Belinda
Mrs. ----,I,0,21,Belinda
Mrs. ----,A,0,21,Belinda
Mrs. ----,DC,0,21,Belinda
Mrs. ----,DN,0,21,Belinda
Mrs. Delacour,N,3,21,Belinda
Mrs. Delacour,C,0,21,Belinda
Mrs. Delacour,I,0,21,Belinda
Mrs. Delacour,A,0,21,Belinda
Mrs. Delacour,DC,1,21,Belinda
Mrs. Delacour,DN,0,21,Belinda
Mrs. Dumont,N,8,21,Belinda
Mrs. Dumont,C,2,21,Belinda
Mrs. Dumont,I,0,21,Belinda
Mrs. Dumont,A,2,21,Belinda
Mrs. Dumont,DC,1,21,Belinda
Mrs. Dumont,DN,1,21,Belinda
Mrs. Franks,N,1,21,Belinda
Mrs. Franks,C,0,21,Belinda
Mrs. Franks,I,0,21,Belinda
Mrs. Franks,A,1,21,Belinda
Mrs. Franks,DC,0,21,Belinda
Mrs. Franks,DN,0,21,Belinda
Mrs. Freke,N,0,21,Belinda
Mrs. Freke,C,0,21,Belinda
Mrs. Freke,I,0,21,Belinda
Mrs. Freke,A,0,21,Belinda
Mrs. Freke,DC,0,21,Belinda
Mrs. Freke,DN,0,21,Belinda
Mrs. Luttridge,N,7,21,Belinda
Mrs. Luttridge,C,0,21,Belinda
Mrs. Luttridge,I,1,21,Belinda
Mrs. Luttridge,A,0,21,Belinda
Mrs. Luttridge,DC,3,21,Belinda
Mrs. Luttridge,DN,0,21,Belinda
Mrs. Ormond,N,0,21,Belinda
Mrs. Ormond,C,0,21,Belinda
Mrs. Ormond,I,0,21,Belinda
Mrs. Ormond,A,0,21,Belinda
Mrs. Ormond,DC,0,21,Belinda
Mrs. Ormond,DN,0,21,Belinda
Mrs. Smith,N,0,21,Belinda
Mrs. Smith,C,0,21,Belinda
Mrs. Smith,I,0,21,Belinda
Mrs. Smith,A,0,21,Belinda
Mrs. Smith,DC,0,21,Belinda
Mrs. Smith,DN,0,21,Belinda
Mrs. Stanhope,N,0,21,Belinda
Mrs. Stanhope,C,0,21,Belinda
Mrs. Stanhope,I,0,21,Belinda
Mrs. Stanhope,A,0,21,Belinda
Mrs. Stanhope,DC,0,21,Belinda
Mrs. Stanhope,DN,0,21,Belinda
Mrs. Stanhope:--,N,0,21,Belinda
Mrs. Stanhope:--,C,0,21,Belinda
Mrs. Stanhope:--,I,0,21,Belinda
Mrs. Stanhope:--,A,0,21,Belinda
Mrs. Stanhope:--,DC,0,21,Belinda
Mrs. Stanhope:--,DN,0,21,Belinda
NIECE,N,0,21,Belinda
NIECE,C,0,21,Belinda
NIECE,I,0,21,Belinda
NIECE,A,0,21,Belinda
NIECE,DC,0,21,Belinda
NIECE,DN,0,21,Belinda
Paul,N,0,21,Belinda
Paul,C,0,21,Belinda
Paul,I,0,21,Belinda
Paul,A,0,21,Belinda
Paul,DC,0,21,Belinda
Paul,DN,0,21,Belinda
Percival,N,0,21,Belinda
Percival,C,0,21,Belinda
Percival,I,0,21,Belinda
Percival,A,0,21,Belinda
Percival,DC,0,21,Belinda
Percival,DN,0,21,Belinda
Petrarch,N,0,21,Belinda
Petrarch,C,0,21,Belinda
Petrarch,I,0,21,Belinda
Petrarch,A,0,21,Belinda
Petrarch,DC,0,21,Belinda
Petrarch,DN,0,21,Belinda
Queen Elizabeth,N,0,21,Belinda
Queen Elizabeth,C,0,21,Belinda
Queen Elizabeth,I,0,21,Belinda
Queen Elizabeth,A,0,21,Belinda
Queen Elizabeth,DC,0,21,Belinda
Queen Elizabeth,DN,0,21,Belinda
Rachel,N,0,21,Belinda
Rachel,C,0,21,Belinda
Rachel,I,0,21,Belinda
Rachel,A,0,21,Belinda
Rachel,DC,0,21,Belinda
Rachel,DN,0,21,Belinda
Rochfort,N,0,21,Belinda
Rochfort,C,0,21,Belinda
Rochfort,I,0,21,Belinda
Rochfort,A,0,21,Belinda
Rochfort,DC,0,21,Belinda
Rochfort,DN,0,21,Belinda
Sir Philip,N,0,21,Belinda
Sir Philip,C,0,21,Belinda
Sir Philip,I,0,21,Belinda
Sir Philip,A,0,21,Belinda
Sir Philip,DC,0,21,Belinda
Sir Philip,DN,0,21,Belinda
Solomon,N,0,21,Belinda
Solomon,C,0,21,Belinda
Solomon,I,0,21,Belinda
Solomon,A,0,21,Belinda
Solomon,DC,0,21,Belinda
Solomon,DN,0,21,Belinda
Tollemache,N,0,21,Belinda
Tollemache,C,0,21,Belinda
Tollemache,I,0,21,Belinda
Tollemache,A,0,21,Belinda
Tollemache,DC,0,21,Belinda
Tollemache,DN,0,21,Belinda
Valleton,N,0,21,Belinda
Valleton,C,0,21,Belinda
Valleton,I,0,21,Belinda
Valleton,A,0,21,Belinda
Valleton,DC,0,21,Belinda
Valleton,DN,0,21,Belinda
Virginia,N,0,21,Belinda
Virginia,C,0,21,Belinda
Virginia,I,0,21,Belinda
Virginia,A,0,21,Belinda
Virginia,DC,0,21,Belinda
Virginia,DN,0,21,Belinda
Young Vincent,N,0,21,Belinda
Young Vincent,C,0,21,Belinda
Young Vincent,I,0,21,Belinda
Young Vincent,A,0,21,Belinda
Young Vincent,DC,0,21,Belinda
Young Vincent,DN,0,21,Belinda
de Grignan,N,0,21,Belinda
de Grignan,C,0,21,Belinda
de Grignan,I,0,21,Belinda
de Grignan,A,0,21,Belinda
de Grignan,DC,0,21,Belinda
de Grignan,DN,0,21,Belinda
de Pomenars,N,0,21,Belinda
de Pomenars,C,0,21,Belinda
de Pomenars,I,0,21,Belinda
de Pomenars,A,0,21,Belinda
de Pomenars,DC,0,21,Belinda
de Pomenars,DN,0,21,Belinda
poor Lawless,N,0,21,Belinda
poor Lawless,C,0,21,Belinda
poor Lawless,I,0,21,Belinda
poor Lawless,A,0,21,Belinda
poor Lawless,DC,0,21,Belinda
poor Lawless,DN,0,21,Belinda
the Luttridges,N,0,21,Belinda
the Luttridges,C,0,21,Belinda
the Luttridges,I,0,21,Belinda
the Luttridges,A,0,21,Belinda
the Luttridges,DC,0,21,Belinda
the Luttridges,DN,0,21,Belinda
the Percivals,N,0,21,Belinda
the Percivals,C,0,21,Belinda
the Percivals,I,0,21,Belinda
the Percivals,A,0,21,Belinda
the Percivals,DC,0,21,Belinda
the Percivals,DN,0,21,Belinda
the honourable Mrs. Levit,N,0,21,Belinda
the honourable Mrs. Levit,C,0,21,Belinda
the honourable Mrs. Levit,I,0,21,Belinda
the honourable Mrs. Levit,A,0,21,Belinda
the honourable Mrs. Levit,DC,0,21,Belinda
the honourable Mrs. Levit,DN,0,21,Belinda
Annabella,N,0,22,Belinda
Annabella,C,0,22,Belinda
Annabella,I,0,22,Belinda
Annabella,A,0,22,Belinda
Annabella,DC,0,22,Belinda
Annabella,DN,0,22,Belinda
Belinda,N,50,22,Belinda
Belinda,C,13,22,Belinda
Belinda,I,31,22,Belinda
Belinda,A,36,22,Belinda
Belinda,DC,27,22,Belinda
Belinda,DN,5,22,Belinda
Bobby,N,0,22,Belinda
Bobby,C,0,22,Belinda
Bobby,I,0,22,Belinda
Bobby,A,0,22,Belinda
Bobby,DC,0,22,Belinda
Bobby,DN,0,22,Belinda
Captain Sunderland,N,0,22,Belinda
Captain Sunderland,C,0,22,Belinda
Captain Sunderland,I,0,22,Belinda
Captain Sunderland,A,0,22,Belinda
Captain Sunderland,DC,0,22,Belinda
Captain Sunderland,DN,0,22,Belinda
Champfort,N,2,22,Belinda
Champfort,C,0,22,Belinda
Champfort,I,1,22,Belinda
Champfort,A,1,22,Belinda
Champfort,DC,1,22,Belinda
Champfort,DN,0,22,Belinda
Charles,N,0,22,Belinda
Charles,C,0,22,Belinda
Charles,I,0,22,Belinda
Charles,A,0,22,Belinda
Charles,DC,0,22,Belinda
Charles,DN,0,22,Belinda
Clarence,N,0,22,Belinda
Clarence,C,0,22,Belinda
Clarence,I,0,22,Belinda
Clarence,A,0,22,Belinda
Clarence,DC,0,22,Belinda
Clarence,DN,0,22,Belinda
Clarence Hervey,N,0,22,Belinda
Clarence Hervey,C,0,22,Belinda
Clarence Hervey,I,0,22,Belinda
Clarence Hervey,A,0,22,Belinda
Clarence Hervey,DC,0,22,Belinda
Clarence Hervey,DN,0,22,Belinda
Clary,N,0,22,Belinda
Clary,C,0,22,Belinda
Clary,I,0,22,Belinda
Clary,A,0,22,Belinda
Clary,DC,0,22,Belinda
Clary,DN,0,22,Belinda
Cupid,N,0,22,Belinda
Cupid,C,0,22,Belinda
Cupid,I,0,22,Belinda
Cupid,A,0,22,Belinda
Cupid,DC,0,22,Belinda
Cupid,DN,0,22,Belinda
Damme,N,0,22,Belinda
Damme,C,0,22,Belinda
Damme,I,0,22,Belinda
Damme,A,0,22,Belinda
Damme,DC,0,22,Belinda
Damme,DN,0,22,Belinda
Doctor X----,N,4,22,Belinda
Doctor X----,C,1,22,Belinda
Doctor X----,I,0,22,Belinda
Doctor X----,A,3,22,Belinda
Doctor X----,DC,1,22,Belinda
Doctor X----,DN,0,22,Belinda
Dr. X----,N,18,22,Belinda
Dr. X----,C,7,22,Belinda
Dr. X----,I,10,22,Belinda
Dr. X----,A,10,22,Belinda
Dr. X----,DC,7,22,Belinda
Dr. X----,DN,0,22,Belinda
Edward,N,0,22,Belinda
Edward,C,0,22,Belinda
Edward,I,0,22,Belinda
Edward,A,0,22,Belinda
Edward,DC,0,22,Belinda
Edward,DN,0,22,Belinda
Fawcett,N,0,22,Belinda
Fawcett,C,0,22,Belinda
Fawcett,I,0,22,Belinda
Fawcett,A,0,22,Belinda
Fawcett,DC,0,22,Belinda
Fawcett,DN,0,22,Belinda
God,N,1,22,Belinda
God,C,0,22,Belinda
God,I,0,22,Belinda
God,A,0,22,Belinda
God,DC,1,22,Belinda
God,DN,0,22,Belinda
Harriot,N,2,22,Belinda
Harriot,C,0,22,Belinda
Harriot,I,0,22,Belinda
Harriot,A,0,22,Belinda
Harriot,DC,2,22,Belinda
Harriot,DN,0,22,Belinda
Heaven,N,0,22,Belinda
Heaven,C,0,22,Belinda
Heaven,I,0,22,Belinda
Heaven,A,0,22,Belinda
Heaven,DC,0,22,Belinda
Heaven,DN,0,22,Belinda
Helena,N,13,22,Belinda
Helena,C,4,22,Belinda
Helena,I,6,22,Belinda
Helena,A,4,22,Belinda
Helena,DC,3,22,Belinda
Helena,DN,2,22,Belinda
James,N,0,22,Belinda
James,C,0,22,Belinda
James,I,0,22,Belinda
James,A,0,22,Belinda
James,DC,0,22,Belinda
James,DN,0,22,Belinda
Jenny Mason,N,0,22,Belinda
Jenny Mason,C,0,22,Belinda
Jenny Mason,I,0,22,Belinda
Jenny Mason,A,0,22,Belinda
Jenny Mason,DC,0,22,Belinda
Jenny Mason,DN,0,22,Belinda
Joddrell,N,0,22,Belinda
Joddrell,C,0,22,Belinda
Joddrell,I,0,22,Belinda
Joddrell,A,0,22,Belinda
Joddrell,DC,0,22,Belinda
Joddrell,DN,0,22,Belinda
Jove,N,0,22,Belinda
Jove,C,0,22,Belinda
Jove,I,0,22,Belinda
Jove,A,0,22,Belinda
Jove,DC,0,22,Belinda
Jove,DN,0,22,Belinda
Juba,N,0,22,Belinda
Juba,C,0,22,Belinda
Juba,I,0,22,Belinda
Juba,A,0,22,Belinda
Juba,DC,0,22,Belinda
Juba,DN,0,22,Belinda
Lady Almeria,N,0,22,Belinda
Lady Almeria,C,0,22,Belinda
Lady Almeria,I,0,22,Belinda
Lady Almeria,A,0,22,Belinda
Lady Almeria,DC,0,22,Belinda
Lady Almeria,DN,0,22,Belinda
Lady Anne,N,0,22,Belinda
Lady Anne,C,0,22,Belinda
Lady Anne,I,0,22,Belinda
Lady Anne,A,0,22,Belinda
Lady Anne,DC,0,22,Belinda
Lady Anne,DN,0,22,Belinda
Lady Boucher,N,0,22,Belinda
Lady Boucher,C,0,22,Belinda
Lady Boucher,I,0,22,Belinda
Lady Boucher,A,0,22,Belinda
Lady Boucher,DC,0,22,Belinda
Lady Boucher,DN,0,22,Belinda
Lady Delacour,N,47,22,Belinda
Lady Delacour,C,47,22,Belinda
Lady Delacour,I,39,22,Belinda
Lady Delacour,A,59,22,Belinda
Lady Delacour,DC,4,22,Belinda
Lady Delacour,DN,4,22,Belinda
Lady Singleton,N,0,22,Belinda
Lady Singleton,C,0,22,Belinda
Lady Singleton,I,0,22,Belinda
Lady Singleton,A,0,22,Belinda
Lady Singleton,DC,0,22,Belinda
Lady Singleton,DN,0,22,Belinda
Lawless,N,1,22,Belinda
Lawless,C,0,22,Belinda
Lawless,I,0,22,Belinda
Lawless,A,0,22,Belinda
Lawless,DC,0,22,Belinda
Lawless,DN,0,22,Belinda
Lord,N,0,22,Belinda
Lord,C,0,22,Belinda
Lord,I,0,22,Belinda
Lord,A,0,22,Belinda
Lord,DC,0,22,Belinda
Lord,DN,0,22,Belinda
Lord Delacour,N,6,22,Belinda
Lord Delacour,C,2,22,Belinda
Lord Delacour,I,1,22,Belinda
Lord Delacour,A,3,22,Belinda
Lord Delacour,DC,2,22,Belinda
Lord Delacour,DN,0,22,Belinda
Lord Studley,N,0,22,Belinda
Lord Studley,C,0,22,Belinda
Lord Studley,I,0,22,Belinda
Lord Studley,A,0,22,Belinda
Lord Studley,DC,0,22,Belinda
Lord Studley,DN,0,22,Belinda
Lucy,N,0,22,Belinda
Lucy,C,0,22,Belinda
Lucy,I,0,22,Belinda
Lucy,A,0,22,Belinda
Lucy,DC,0,22,Belinda
Lucy,DN,0,22,Belinda
M. de St. Pierre,N,0,22,Belinda
M. de St. Pierre,C,0,22,Belinda
M. de St. Pierre,I,0,22,Belinda
M. de St. Pierre,A,0,22,Belinda
M. de St. Pierre,DC,0,22,Belinda
M. de St. Pierre,DN,0,22,Belinda
Mad,N,0,22,Belinda
Mad,C,0,22,Belinda
Mad,I,0,22,Belinda
Mad,A,0,22,Belinda
Mad,DC,0,22,Belinda
Mad,DN,0,22,Belinda
Mamma,N,0,22,Belinda
Mamma,C,0,22,Belinda
Mamma,I,0,22,Belinda
Mamma,A,0,22,Belinda
Mamma,DC,0,22,Belinda
Mamma,DN,0,22,Belinda
Marraton,N,0,22,Belinda
Marraton,C,0,22,Belinda
Marraton,I,0,22,Belinda
Marraton,A,0,22,Belinda
Marraton,DC,0,22,Belinda
Marraton,DN,0,22,Belinda
Marriott,N,23,22,Belinda
Marriott,C,12,22,Belinda
Marriott,I,10,22,Belinda
Marriott,A,3,22,Belinda
Marriott,DC,6,22,Belinda
Marriott,DN,1,22,Belinda
Ma’am,N,1,22,Belinda
Ma’am,C,0,22,Belinda
Ma’am,I,0,22,Belinda
Ma’am,A,0,22,Belinda
Ma’am,DC,1,22,Belinda
Ma’am,DN,0,22,Belinda
Milord,N,0,22,Belinda
Milord,C,0,22,Belinda
Milord,I,0,22,Belinda
Milord,A,0,22,Belinda
Milord,DC,0,22,Belinda
Milord,DN,0,22,Belinda
Miss Delacour,N,0,22,Belinda
Miss Delacour,C,0,22,Belinda
Miss Delacour,I,0,22,Belinda
Miss Delacour,A,0,22,Belinda
Miss Delacour,DC,0,22,Belinda
Miss Delacour,DN,0,22,Belinda
Miss Hartley,N,0,22,Belinda
Miss Hartley,C,0,22,Belinda
Miss Hartley,I,0,22,Belinda
Miss Hartley,A,0,22,Belinda
Miss Hartley,DC,0,22,Belinda
Miss Hartley,DN,0,22,Belinda
Miss Honour O’Grady,N,0,22,Belinda
Miss Honour O’Grady,C,0,22,Belinda
Miss Honour O’Grady,I,0,22,Belinda
Miss Honour O’Grady,A,0,22,Belinda
Miss Honour O’Grady,DC,0,22,Belinda
Miss Honour O’Grady,DN,0,22,Belinda
Miss Moreton,N,0,22,Belinda
Miss Moreton,C,0,22,Belinda
Miss Moreton,I,0,22,Belinda
Miss Moreton,A,0,22,Belinda
Miss Moreton,DC,0,22,Belinda
Miss Moreton,DN,0,22,Belinda
Miss Portman----,N,0,22,Belinda
Miss Portman----,C,0,22,Belinda
Miss Portman----,I,0,22,Belinda
Miss Portman----,A,0,22,Belinda
Miss Portman----,DC,0,22,Belinda
Miss Portman----,DN,0,22,Belinda
Miss St. Pierre,N,0,22,Belinda
Miss St. Pierre,C,0,22,Belinda
Miss St. Pierre,I,0,22,Belinda
Miss St. Pierre,A,0,22,Belinda
Miss St. Pierre,DC,0,22,Belinda
Miss St. Pierre,DN,0,22,Belinda
Mr. Freke,N,0,22,Belinda
Mr. Freke,C,0,22,Belinda
Mr. Freke,I,0,22,Belinda
Mr. Freke,A,0,22,Belinda
Mr. Freke,DC,0,22,Belinda
Mr. Freke,DN,0,22,Belinda
Mr. Hartley,N,0,22,Belinda
Mr. Hartley,C,0,22,Belinda
Mr. Hartley,I,0,22,Belinda
Mr. Hartley,A,0,22,Belinda
Mr. Hartley,DC,0,22,Belinda
Mr. Hartley,DN,0,22,Belinda
Mr. Hervey,N,2,22,Belinda
Mr. Hervey,C,0,22,Belinda
Mr. Hervey,I,0,22,Belinda
Mr. Hervey,A,0,22,Belinda
Mr. Hervey,DC,6,22,Belinda
Mr. Hervey,DN,0,22,Belinda
Mr. Horton,N,0,22,Belinda
Mr. Horton,C,0,22,Belinda
Mr. Horton,I,0,22,Belinda
Mr. Horton,A,0,22,Belinda
Mr. Horton,DC,0,22,Belinda
Mr. Horton,DN,0,22,Belinda
Mr. Luttridge,N,0,22,Belinda
Mr. Luttridge,C,0,22,Belinda
Mr. Luttridge,I,0,22,Belinda
Mr. Luttridge,A,0,22,Belinda
Mr. Luttridge,DC,0,22,Belinda
Mr. Luttridge,DN,0,22,Belinda
Mr. Percival,N,0,22,Belinda
Mr. Percival,C,0,22,Belinda
Mr. Percival,I,0,22,Belinda
Mr. Percival,A,0,22,Belinda
Mr. Percival,DC,0,22,Belinda
Mr. Percival,DN,0,22,Belinda
Mr. St. George,N,0,22,Belinda
Mr. St. George,C,0,22,Belinda
Mr. St. George,I,0,22,Belinda
Mr. St. George,A,0,22,Belinda
Mr. St. George,DC,0,22,Belinda
Mr. St. George,DN,0,22,Belinda
Mr. V----,N,0,22,Belinda
Mr. V----,C,0,22,Belinda
Mr. V----,I,0,22,Belinda
Mr. V----,A,0,22,Belinda
Mr. V----,DC,0,22,Belinda
Mr. V----,DN,0,22,Belinda
Mr. Vincent,N,1,22,Belinda
Mr. Vincent,C,0,22,Belinda
Mr. Vincent,I,0,22,Belinda
Mr. Vincent,A,0,22,Belinda
Mr. Vincent,DC,0,22,Belinda
Mr. Vincent,DN,0,22,Belinda
Mrs. ----,N,0,22,Belinda
Mrs. ----,C,0,22,Belinda
Mrs. ----,I,0,22,Belinda
Mrs. ----,A,0,22,Belinda
Mrs. ----,DC,0,22,Belinda
Mrs. ----,DN,0,22,Belinda
Mrs. Delacour,N,0,22,Belinda
Mrs. Delacour,C,0,22,Belinda
Mrs. Delacour,I,0,22,Belinda
Mrs. Delacour,A,0,22,Belinda
Mrs. Delacour,DC,0,22,Belinda
Mrs. Delacour,DN,0,22,Belinda
Mrs. Dumont,N,0,22,Belinda
Mrs. Dumont,C,0,22,Belinda
Mrs. Dumont,I,0,22,Belinda
Mrs. Dumont,A,0,22,Belinda
Mrs. Dumont,DC,0,22,Belinda
Mrs. Dumont,DN,0,22,Belinda
Mrs. Franks,N,0,22,Belinda
Mrs. Franks,C,0,22,Belinda
Mrs. Franks,I,0,22,Belinda
Mrs. Franks,A,0,22,Belinda
Mrs. Franks,DC,0,22,Belinda
Mrs. Franks,DN,0,22,Belinda
Mrs. Freke,N,10,22,Belinda
Mrs. Freke,C,1,22,Belinda
Mrs. Freke,I,11,22,Belinda
Mrs. Freke,A,14,22,Belinda
Mrs. Freke,DC,2,22,Belinda
Mrs. Freke,DN,5,22,Belinda
Mrs. Luttridge,N,1,22,Belinda
Mrs. Luttridge,C,0,22,Belinda
Mrs. Luttridge,I,0,22,Belinda
Mrs. Luttridge,A,0,22,Belinda
Mrs. Luttridge,DC,0,22,Belinda
Mrs. Luttridge,DN,0,22,Belinda
Mrs. Ormond,N,0,22,Belinda
Mrs. Ormond,C,0,22,Belinda
Mrs. Ormond,I,0,22,Belinda
Mrs. Ormond,A,0,22,Belinda
Mrs. Ormond,DC,0,22,Belinda
Mrs. Ormond,DN,0,22,Belinda
Mrs. Smith,N,0,22,Belinda
Mrs. Smith,C,0,22,Belinda
Mrs. Smith,I,0,22,Belinda
Mrs. Smith,A,0,22,Belinda
Mrs. Smith,DC,0,22,Belinda
Mrs. Smith,DN,0,22,Belinda
Mrs. Stanhope,N,0,22,Belinda
Mrs. Stanhope,C,0,22,Belinda
Mrs. Stanhope,I,0,22,Belinda
Mrs. Stanhope,A,0,22,Belinda
Mrs. Stanhope,DC,0,22,Belinda
Mrs. Stanhope,DN,0,22,Belinda
Mrs. Stanhope:--,N,0,22,Belinda
Mrs. Stanhope:--,C,0,22,Belinda
Mrs. Stanhope:--,I,0,22,Belinda
Mrs. Stanhope:--,A,0,22,Belinda
Mrs. Stanhope:--,DC,0,22,Belinda
Mrs. Stanhope:--,DN,0,22,Belinda
NIECE,N,0,22,Belinda
NIECE,C,0,22,Belinda
NIECE,I,0,22,Belinda
NIECE,A,0,22,Belinda
NIECE,DC,0,22,Belinda
NIECE,DN,0,22,Belinda
Paul,N,0,22,Belinda
Paul,C,0,22,Belinda
Paul,I,0,22,Belinda
Paul,A,0,22,Belinda
Paul,DC,0,22,Belinda
Paul,DN,0,22,Belinda
Percival,N,0,22,Belinda
Percival,C,0,22,Belinda
Percival,I,0,22,Belinda
Percival,A,0,22,Belinda
Percival,DC,0,22,Belinda
Percival,DN,0,22,Belinda
Petrarch,N,0,22,Belinda
Petrarch,C,0,22,Belinda
Petrarch,I,0,22,Belinda
Petrarch,A,0,22,Belinda
Petrarch,DC,0,22,Belinda
Petrarch,DN,0,22,Belinda
Queen Elizabeth,N,0,22,Belinda
Queen Elizabeth,C,0,22,Belinda
Queen Elizabeth,I,0,22,Belinda
Queen Elizabeth,A,0,22,Belinda
Queen Elizabeth,DC,0,22,Belinda
Queen Elizabeth,DN,0,22,Belinda
Rachel,N,0,22,Belinda
Rachel,C,0,22,Belinda
Rachel,I,0,22,Belinda
Rachel,A,0,22,Belinda
Rachel,DC,0,22,Belinda
Rachel,DN,0,22,Belinda
Rochfort,N,0,22,Belinda
Rochfort,C,0,22,Belinda
Rochfort,I,0,22,Belinda
Rochfort,A,0,22,Belinda
Rochfort,DC,0,22,Belinda
Rochfort,DN,0,22,Belinda
Sir Philip,N,0,22,Belinda
Sir Philip,C,0,22,Belinda
Sir Philip,I,0,22,Belinda
Sir Philip,A,0,22,Belinda
Sir Philip,DC,0,22,Belinda
Sir Philip,DN,0,22,Belinda
Solomon,N,0,22,Belinda
Solomon,C,0,22,Belinda
Solomon,I,0,22,Belinda
Solomon,A,0,22,Belinda
Solomon,DC,0,22,Belinda
Solomon,DN,0,22,Belinda
Tollemache,N,0,22,Belinda
Tollemache,C,0,22,Belinda
Tollemache,I,0,22,Belinda
Tollemache,A,0,22,Belinda
Tollemache,DC,0,22,Belinda
Tollemache,DN,0,22,Belinda
Valleton,N,0,22,Belinda
Valleton,C,0,22,Belinda
Valleton,I,0,22,Belinda
Valleton,A,0,22,Belinda
Valleton,DC,0,22,Belinda
Valleton,DN,0,22,Belinda
Virginia,N,0,22,Belinda
Virginia,C,0,22,Belinda
Virginia,I,0,22,Belinda
Virginia,A,0,22,Belinda
Virginia,DC,0,22,Belinda
Virginia,DN,0,22,Belinda
Young Vincent,N,0,22,Belinda
Young Vincent,C,0,22,Belinda
Young Vincent,I,0,22,Belinda
Young Vincent,A,0,22,Belinda
Young Vincent,DC,0,22,Belinda
Young Vincent,DN,0,22,Belinda
de Grignan,N,0,22,Belinda
de Grignan,C,0,22,Belinda
de Grignan,I,0,22,Belinda
de Grignan,A,0,22,Belinda
de Grignan,DC,0,22,Belinda
de Grignan,DN,0,22,Belinda
de Pomenars,N,0,22,Belinda
de Pomenars,C,0,22,Belinda
de Pomenars,I,0,22,Belinda
de Pomenars,A,0,22,Belinda
de Pomenars,DC,0,22,Belinda
de Pomenars,DN,0,22,Belinda
poor Lawless,N,0,22,Belinda
poor Lawless,C,0,22,Belinda
poor Lawless,I,0,22,Belinda
poor Lawless,A,0,22,Belinda
poor Lawless,DC,0,22,Belinda
poor Lawless,DN,0,22,Belinda
the Luttridges,N,0,22,Belinda
the Luttridges,C,0,22,Belinda
the Luttridges,I,0,22,Belinda
the Luttridges,A,0,22,Belinda
the Luttridges,DC,0,22,Belinda
the Luttridges,DN,0,22,Belinda
the Percivals,N,1,22,Belinda
the Percivals,C,0,22,Belinda
the Percivals,I,0,22,Belinda
the Percivals,A,0,22,Belinda
the Percivals,DC,0,22,Belinda
the Percivals,DN,2,22,Belinda
the honourable Mrs. Levit,N,0,22,Belinda
the honourable Mrs. Levit,C,0,22,Belinda
the honourable Mrs. Levit,I,0,22,Belinda
the honourable Mrs. Levit,A,0,22,Belinda
the honourable Mrs. Levit,DC,0,22,Belinda
the honourable Mrs. Levit,DN,0,22,Belinda
Annabella,N,0,23,Belinda
Annabella,C,0,23,Belinda
Annabella,I,0,23,Belinda
Annabella,A,0,23,Belinda
Annabella,DC,0,23,Belinda
Annabella,DN,0,23,Belinda
Belinda,N,19,23,Belinda
Belinda,C,20,23,Belinda
Belinda,I,12,23,Belinda
Belinda,A,11,23,Belinda
Belinda,DC,2,23,Belinda
Belinda,DN,4,23,Belinda
Bobby,N,0,23,Belinda
Bobby,C,0,23,Belinda
Bobby,I,0,23,Belinda
Bobby,A,0,23,Belinda
Bobby,DC,0,23,Belinda
Bobby,DN,0,23,Belinda
Captain Sunderland,N,0,23,Belinda
Captain Sunderland,C,0,23,Belinda
Captain Sunderland,I,0,23,Belinda
Captain Sunderland,A,0,23,Belinda
Captain Sunderland,DC,0,23,Belinda
Captain Sunderland,DN,0,23,Belinda
Champfort,N,0,23,Belinda
Champfort,C,0,23,Belinda
Champfort,I,0,23,Belinda
Champfort,A,0,23,Belinda
Champfort,DC,0,23,Belinda
Champfort,DN,0,23,Belinda
Charles,N,0,23,Belinda
Charles,C,0,23,Belinda
Charles,I,0,23,Belinda
Charles,A,0,23,Belinda
Charles,DC,0,23,Belinda
Charles,DN,0,23,Belinda
Clarence,N,0,23,Belinda
Clarence,C,0,23,Belinda
Clarence,I,0,23,Belinda
Clarence,A,0,23,Belinda
Clarence,DC,0,23,Belinda
Clarence,DN,0,23,Belinda
Clarence Hervey,N,0,23,Belinda
Clarence Hervey,C,0,23,Belinda
Clarence Hervey,I,0,23,Belinda
Clarence Hervey,A,0,23,Belinda
Clarence Hervey,DC,0,23,Belinda
Clarence Hervey,DN,0,23,Belinda
Clary,N,0,23,Belinda
Clary,C,0,23,Belinda
Clary,I,0,23,Belinda
Clary,A,0,23,Belinda
Clary,DC,0,23,Belinda
Clary,DN,0,23,Belinda
Cupid,N,3,23,Belinda
Cupid,C,0,23,Belinda
Cupid,I,0,23,Belinda
Cupid,A,1,23,Belinda
Cupid,DC,4,23,Belinda
Cupid,DN,0,23,Belinda
Damme,N,0,23,Belinda
Damme,C,0,23,Belinda
Damme,I,0,23,Belinda
Damme,A,0,23,Belinda
Damme,DC,0,23,Belinda
Damme,DN,0,23,Belinda
Doctor X----,N,1,23,Belinda
Doctor X----,C,0,23,Belinda
Doctor X----,I,1,23,Belinda
Doctor X----,A,0,23,Belinda
Doctor X----,DC,4,23,Belinda
Doctor X----,DN,0,23,Belinda
Dr. X----,N,11,23,Belinda
Dr. X----,C,7,23,Belinda
Dr. X----,I,9,23,Belinda
Dr. X----,A,4,23,Belinda
Dr. X----,DC,7,23,Belinda
Dr. X----,DN,0,23,Belinda
Edward,N,0,23,Belinda
Edward,C,0,23,Belinda
Edward,I,0,23,Belinda
Edward,A,0,23,Belinda
Edward,DC,0,23,Belinda
Edward,DN,0,23,Belinda
Fawcett,N,0,23,Belinda
Fawcett,C,0,23,Belinda
Fawcett,I,0,23,Belinda
Fawcett,A,0,23,Belinda
Fawcett,DC,0,23,Belinda
Fawcett,DN,0,23,Belinda
God,N,0,23,Belinda
God,C,0,23,Belinda
God,I,0,23,Belinda
God,A,0,23,Belinda
God,DC,0,23,Belinda
God,DN,0,23,Belinda
Harriot,N,1,23,Belinda
Harriot,C,0,23,Belinda
Harriot,I,1,23,Belinda
Harriot,A,0,23,Belinda
Harriot,DC,1,23,Belinda
Harriot,DN,0,23,Belinda
Heaven,N,0,23,Belinda
Heaven,C,0,23,Belinda
Heaven,I,0,23,Belinda
Heaven,A,0,23,Belinda
Heaven,DC,0,23,Belinda
Heaven,DN,0,23,Belinda
Helena,N,7,23,Belinda
Helena,C,2,23,Belinda
Helena,I,1,23,Belinda
Helena,A,3,23,Belinda
Helena,DC,1,23,Belinda
Helena,DN,2,23,Belinda
James,N,0,23,Belinda
James,C,0,23,Belinda
James,I,0,23,Belinda
James,A,0,23,Belinda
James,DC,0,23,Belinda
James,DN,0,23,Belinda
Jenny Mason,N,0,23,Belinda
Jenny Mason,C,0,23,Belinda
Jenny Mason,I,0,23,Belinda
Jenny Mason,A,0,23,Belinda
Jenny Mason,DC,0,23,Belinda
Jenny Mason,DN,0,23,Belinda
Joddrell,N,0,23,Belinda
Joddrell,C,0,23,Belinda
Joddrell,I,0,23,Belinda
Joddrell,A,0,23,Belinda
Joddrell,DC,0,23,Belinda
Joddrell,DN,0,23,Belinda
Jove,N,0,23,Belinda
Jove,C,0,23,Belinda
Jove,I,0,23,Belinda
Jove,A,0,23,Belinda
Jove,DC,0,23,Belinda
Jove,DN,0,23,Belinda
Juba,N,0,23,Belinda
Juba,C,0,23,Belinda
Juba,I,0,23,Belinda
Juba,A,0,23,Belinda
Juba,DC,0,23,Belinda
Juba,DN,0,23,Belinda
Lady Almeria,N,0,23,Belinda
Lady Almeria,C,0,23,Belinda
Lady Almeria,I,0,23,Belinda
Lady Almeria,A,0,23,Belinda
Lady Almeria,DC,0,23,Belinda
Lady Almeria,DN,0,23,Belinda
Lady Anne,N,4,23,Belinda
Lady Anne,C,0,23,Belinda
Lady Anne,I,0,23,Belinda
Lady Anne,A,3,23,Belinda
Lady Anne,DC,1,23,Belinda
Lady Anne,DN,0,23,Belinda
Lady Boucher,N,0,23,Belinda
Lady Boucher,C,0,23,Belinda
Lady Boucher,I,0,23,Belinda
Lady Boucher,A,0,23,Belinda
Lady Boucher,DC,0,23,Belinda
Lady Boucher,DN,0,23,Belinda
Lady Delacour,N,28,23,Belinda
Lady Delacour,C,29,23,Belinda
Lady Delacour,I,19,23,Belinda
Lady Delacour,A,27,23,Belinda
Lady Delacour,DC,4,23,Belinda
Lady Delacour,DN,5,23,Belinda
Lady Singleton,N,0,23,Belinda
Lady Singleton,C,0,23,Belinda
Lady Singleton,I,0,23,Belinda
Lady Singleton,A,0,23,Belinda
Lady Singleton,DC,0,23,Belinda
Lady Singleton,DN,0,23,Belinda
Lawless,N,0,23,Belinda
Lawless,C,0,23,Belinda
Lawless,I,0,23,Belinda
Lawless,A,0,23,Belinda
Lawless,DC,0,23,Belinda
Lawless,DN,0,23,Belinda
Lord,N,0,23,Belinda
Lord,C,0,23,Belinda
Lord,I,0,23,Belinda
Lord,A,0,23,Belinda
Lord,DC,0,23,Belinda
Lord,DN,0,23,Belinda
Lord Delacour,N,5,23,Belinda
Lord Delacour,C,0,23,Belinda
Lord Delacour,I,1,23,Belinda
Lord Delacour,A,0,23,Belinda
Lord Delacour,DC,3,23,Belinda
Lord Delacour,DN,0,23,Belinda
Lord Studley,N,2,23,Belinda
Lord Studley,C,0,23,Belinda
Lord Studley,I,0,23,Belinda
Lord Studley,A,5,23,Belinda
Lord Studley,DC,0,23,Belinda
Lord Studley,DN,0,23,Belinda
Lucy,N,0,23,Belinda
Lucy,C,0,23,Belinda
Lucy,I,0,23,Belinda
Lucy,A,0,23,Belinda
Lucy,DC,0,23,Belinda
Lucy,DN,0,23,Belinda
M. de St. Pierre,N,0,23,Belinda
M. de St. Pierre,C,0,23,Belinda
M. de St. Pierre,I,0,23,Belinda
M. de St. Pierre,A,0,23,Belinda
M. de St. Pierre,DC,0,23,Belinda
M. de St. Pierre,DN,0,23,Belinda
Mad,N,0,23,Belinda
Mad,C,0,23,Belinda
Mad,I,0,23,Belinda
Mad,A,0,23,Belinda
Mad,DC,0,23,Belinda
Mad,DN,0,23,Belinda
Mamma,N,0,23,Belinda
Mamma,C,0,23,Belinda
Mamma,I,0,23,Belinda
Mamma,A,0,23,Belinda
Mamma,DC,0,23,Belinda
Mamma,DN,0,23,Belinda
Marraton,N,0,23,Belinda
Marraton,C,0,23,Belinda
Marraton,I,0,23,Belinda
Marraton,A,0,23,Belinda
Marraton,DC,0,23,Belinda
Marraton,DN,0,23,Belinda
Marriott,N,2,23,Belinda
Marriott,C,0,23,Belinda
Marriott,I,0,23,Belinda
Marriott,A,1,23,Belinda
Marriott,DC,1,23,Belinda
Marriott,DN,0,23,Belinda
Ma’am,N,0,23,Belinda
Ma’am,C,0,23,Belinda
Ma’am,I,0,23,Belinda
Ma’am,A,0,23,Belinda
Ma’am,DC,0,23,Belinda
Ma’am,DN,0,23,Belinda
Milord,N,0,23,Belinda
Milord,C,0,23,Belinda
Milord,I,0,23,Belinda
Milord,A,0,23,Belinda
Milord,DC,0,23,Belinda
Milord,DN,0,23,Belinda
Miss Delacour,N,0,23,Belinda
Miss Delacour,C,0,23,Belinda
Miss Delacour,I,0,23,Belinda
Miss Delacour,A,0,23,Belinda
Miss Delacour,DC,0,23,Belinda
Miss Delacour,DN,0,23,Belinda
Miss Hartley,N,0,23,Belinda
Miss Hartley,C,0,23,Belinda
Miss Hartley,I,0,23,Belinda
Miss Hartley,A,0,23,Belinda
Miss Hartley,DC,0,23,Belinda
Miss Hartley,DN,0,23,Belinda
Miss Honour O’Grady,N,0,23,Belinda
Miss Honour O’Grady,C,0,23,Belinda
Miss Honour O’Grady,I,0,23,Belinda
Miss Honour O’Grady,A,0,23,Belinda
Miss Honour O’Grady,DC,0,23,Belinda
Miss Honour O’Grady,DN,0,23,Belinda
Miss Moreton,N,0,23,Belinda
Miss Moreton,C,0,23,Belinda
Miss Moreton,I,0,23,Belinda
Miss Moreton,A,0,23,Belinda
Miss Moreton,DC,0,23,Belinda
Miss Moreton,DN,0,23,Belinda
Miss Portman----,N,0,23,Belinda
Miss Portman----,C,0,23,Belinda
Miss Portman----,I,0,23,Belinda
Miss Portman----,A,0,23,Belinda
Miss Portman----,DC,0,23,Belinda
Miss Portman----,DN,0,23,Belinda
Miss St. Pierre,N,0,23,Belinda
Miss St. Pierre,C,0,23,Belinda
Miss St. Pierre,I,0,23,Belinda
Miss St. Pierre,A,0,23,Belinda
Miss St. Pierre,DC,0,23,Belinda
Miss St. Pierre,DN,0,23,Belinda
Mr. Freke,N,0,23,Belinda
Mr. Freke,C,0,23,Belinda
Mr. Freke,I,0,23,Belinda
Mr. Freke,A,0,23,Belinda
Mr. Freke,DC,0,23,Belinda
Mr. Freke,DN,0,23,Belinda
Mr. Hartley,N,0,23,Belinda
Mr. Hartley,C,0,23,Belinda
Mr. Hartley,I,0,23,Belinda
Mr. Hartley,A,0,23,Belinda
Mr. Hartley,DC,0,23,Belinda
Mr. Hartley,DN,0,23,Belinda
Mr. Hervey,N,3,23,Belinda
Mr. Hervey,C,0,23,Belinda
Mr. Hervey,I,0,23,Belinda
Mr. Hervey,A,1,23,Belinda
Mr. Hervey,DC,3,23,Belinda
Mr. Hervey,DN,0,23,Belinda
Mr. Horton,N,0,23,Belinda
Mr. Horton,C,0,23,Belinda
Mr. Horton,I,0,23,Belinda
Mr. Horton,A,0,23,Belinda
Mr. Horton,DC,0,23,Belinda
Mr. Horton,DN,0,23,Belinda
Mr. Luttridge,N,0,23,Belinda
Mr. Luttridge,C,0,23,Belinda
Mr. Luttridge,I,0,23,Belinda
Mr. Luttridge,A,0,23,Belinda
Mr. Luttridge,DC,0,23,Belinda
Mr. Luttridge,DN,0,23,Belinda
Mr. Percival,N,3,23,Belinda
Mr. Percival,C,0,23,Belinda
Mr. Percival,I,2,23,Belinda
Mr. Percival,A,1,23,Belinda
Mr. Percival,DC,3,23,Belinda
Mr. Percival,DN,1,23,Belinda
Mr. St. George,N,0,23,Belinda
Mr. St. George,C,0,23,Belinda
Mr. St. George,I,0,23,Belinda
Mr. St. George,A,0,23,Belinda
Mr. St. George,DC,0,23,Belinda
Mr. St. George,DN,0,23,Belinda
Mr. V----,N,0,23,Belinda
Mr. V----,C,0,23,Belinda
Mr. V----,I,0,23,Belinda
Mr. V----,A,0,23,Belinda
Mr. V----,DC,0,23,Belinda
Mr. V----,DN,0,23,Belinda
Mr. Vincent,N,1,23,Belinda
Mr. Vincent,C,0,23,Belinda
Mr. Vincent,I,0,23,Belinda
Mr. Vincent,A,0,23,Belinda
Mr. Vincent,DC,0,23,Belinda
Mr. Vincent,DN,0,23,Belinda
Mrs. ----,N,0,23,Belinda
Mrs. ----,C,0,23,Belinda
Mrs. ----,I,0,23,Belinda
Mrs. ----,A,0,23,Belinda
Mrs. ----,DC,0,23,Belinda
Mrs. ----,DN,0,23,Belinda
Mrs. Delacour,N,2,23,Belinda
Mrs. Delacour,C,0,23,Belinda
Mrs. Delacour,I,0,23,Belinda
Mrs. Delacour,A,0,23,Belinda
Mrs. Delacour,DC,0,23,Belinda
Mrs. Delacour,DN,0,23,Belinda
Mrs. Dumont,N,0,23,Belinda
Mrs. Dumont,C,0,23,Belinda
Mrs. Dumont,I,0,23,Belinda
Mrs. Dumont,A,0,23,Belinda
Mrs. Dumont,DC,0,23,Belinda
Mrs. Dumont,DN,0,23,Belinda
Mrs. Franks,N,0,23,Belinda
Mrs. Franks,C,0,23,Belinda
Mrs. Franks,I,0,23,Belinda
Mrs. Franks,A,0,23,Belinda
Mrs. Franks,DC,0,23,Belinda
Mrs. Franks,DN,0,23,Belinda
Mrs. Freke,N,5,23,Belinda
Mrs. Freke,C,0,23,Belinda
Mrs. Freke,I,0,23,Belinda
Mrs. Freke,A,1,23,Belinda
Mrs. Freke,DC,3,23,Belinda
Mrs. Freke,DN,0,23,Belinda
Mrs. Luttridge,N,0,23,Belinda
Mrs. Luttridge,C,0,23,Belinda
Mrs. Luttridge,I,0,23,Belinda
Mrs. Luttridge,A,0,23,Belinda
Mrs. Luttridge,DC,0,23,Belinda
Mrs. Luttridge,DN,0,23,Belinda
Mrs. Ormond,N,0,23,Belinda
Mrs. Ormond,C,0,23,Belinda
Mrs. Ormond,I,0,23,Belinda
Mrs. Ormond,A,0,23,Belinda
Mrs. Ormond,DC,0,23,Belinda
Mrs. Ormond,DN,0,23,Belinda
Mrs. Smith,N,0,23,Belinda
Mrs. Smith,C,0,23,Belinda
Mrs. Smith,I,0,23,Belinda
Mrs. Smith,A,0,23,Belinda
Mrs. Smith,DC,0,23,Belinda
Mrs. Smith,DN,0,23,Belinda
Mrs. Stanhope,N,0,23,Belinda
Mrs. Stanhope,C,0,23,Belinda
Mrs. Stanhope,I,0,23,Belinda
Mrs. Stanhope,A,0,23,Belinda
Mrs. Stanhope,DC,0,23,Belinda
Mrs. Stanhope,DN,0,23,Belinda
Mrs. Stanhope:--,N,0,23,Belinda
Mrs. Stanhope:--,C,0,23,Belinda
Mrs. Stanhope:--,I,0,23,Belinda
Mrs. Stanhope:--,A,0,23,Belinda
Mrs. Stanhope:--,DC,0,23,Belinda
Mrs. Stanhope:--,DN,0,23,Belinda
NIECE,N,0,23,Belinda
NIECE,C,0,23,Belinda
NIECE,I,0,23,Belinda
NIECE,A,0,23,Belinda
NIECE,DC,0,23,Belinda
NIECE,DN,0,23,Belinda
Paul,N,0,23,Belinda
Paul,C,0,23,Belinda
Paul,I,0,23,Belinda
Paul,A,0,23,Belinda
Paul,DC,0,23,Belinda
Paul,DN,0,23,Belinda
Percival,N,0,23,Belinda
Percival,C,0,23,Belinda
Percival,I,0,23,Belinda
Percival,A,0,23,Belinda
Percival,DC,0,23,Belinda
Percival,DN,0,23,Belinda
Petrarch,N,0,23,Belinda
Petrarch,C,0,23,Belinda
Petrarch,I,0,23,Belinda
Petrarch,A,0,23,Belinda
Petrarch,DC,0,23,Belinda
Petrarch,DN,0,23,Belinda
Queen Elizabeth,N,0,23,Belinda
Queen Elizabeth,C,0,23,Belinda
Queen Elizabeth,I,0,23,Belinda
Queen Elizabeth,A,0,23,Belinda
Queen Elizabeth,DC,0,23,Belinda
Queen Elizabeth,DN,0,23,Belinda
Rachel,N,0,23,Belinda
Rachel,C,0,23,Belinda
Rachel,I,0,23,Belinda
Rachel,A,0,23,Belinda
Rachel,DC,0,23,Belinda
Rachel,DN,0,23,Belinda
Rochfort,N,0,23,Belinda
Rochfort,C,0,23,Belinda
Rochfort,I,0,23,Belinda
Rochfort,A,0,23,Belinda
Rochfort,DC,0,23,Belinda
Rochfort,DN,0,23,Belinda
Sir Philip,N,0,23,Belinda
Sir Philip,C,0,23,Belinda
Sir Philip,I,0,23,Belinda
Sir Philip,A,0,23,Belinda
Sir Philip,DC,0,23,Belinda
Sir Philip,DN,0,23,Belinda
Solomon,N,0,23,Belinda
Solomon,C,0,23,Belinda
Solomon,I,0,23,Belinda
Solomon,A,0,23,Belinda
Solomon,DC,0,23,Belinda
Solomon,DN,0,23,Belinda
Tollemache,N,0,23,Belinda
Tollemache,C,0,23,Belinda
Tollemache,I,0,23,Belinda
Tollemache,A,0,23,Belinda
Tollemache,DC,0,23,Belinda
Tollemache,DN,0,23,Belinda
Valleton,N,0,23,Belinda
Valleton,C,0,23,Belinda
Valleton,I,0,23,Belinda
Valleton,A,0,23,Belinda
Valleton,DC,0,23,Belinda
Valleton,DN,0,23,Belinda
Virginia,N,0,23,Belinda
Virginia,C,0,23,Belinda
Virginia,I,0,23,Belinda
Virginia,A,0,23,Belinda
Virginia,DC,0,23,Belinda
Virginia,DN,0,23,Belinda
Young Vincent,N,0,23,Belinda
Young Vincent,C,0,23,Belinda
Young Vincent,I,0,23,Belinda
Young Vincent,A,0,23,Belinda
Young Vincent,DC,0,23,Belinda
Young Vincent,DN,0,23,Belinda
de Grignan,N,0,23,Belinda
de Grignan,C,0,23,Belinda
de Grignan,I,0,23,Belinda
de Grignan,A,0,23,Belinda
de Grignan,DC,0,23,Belinda
de Grignan,DN,0,23,Belinda
de Pomenars,N,0,23,Belinda
de Pomenars,C,0,23,Belinda
de Pomenars,I,0,23,Belinda
de Pomenars,A,0,23,Belinda
de Pomenars,DC,0,23,Belinda
de Pomenars,DN,0,23,Belinda
poor Lawless,N,0,23,Belinda
poor Lawless,C,0,23,Belinda
poor Lawless,I,0,23,Belinda
poor Lawless,A,0,23,Belinda
poor Lawless,DC,0,23,Belinda
poor Lawless,DN,0,23,Belinda
the Luttridges,N,0,23,Belinda
the Luttridges,C,0,23,Belinda
the Luttridges,I,0,23,Belinda
the Luttridges,A,0,23,Belinda
the Luttridges,DC,0,23,Belinda
the Luttridges,DN,0,23,Belinda
the Percivals,N,0,23,Belinda
the Percivals,C,0,23,Belinda
the Percivals,I,0,23,Belinda
the Percivals,A,0,23,Belinda
the Percivals,DC,0,23,Belinda
the Percivals,DN,0,23,Belinda
the honourable Mrs. Levit,N,0,23,Belinda
the honourable Mrs. Levit,C,0,23,Belinda
the honourable Mrs. Levit,I,0,23,Belinda
the honourable Mrs. Levit,A,0,23,Belinda
the honourable Mrs. Levit,DC,0,23,Belinda
the honourable Mrs. Levit,DN,0,23,Belinda
Annabella,N,0,24,Belinda
Annabella,C,0,24,Belinda
Annabella,I,0,24,Belinda
Annabella,A,0,24,Belinda
Annabella,DC,0,24,Belinda
Annabella,DN,0,24,Belinda
Belinda,N,55,24,Belinda
Belinda,C,45,24,Belinda
Belinda,I,51,24,Belinda
Belinda,A,26,24,Belinda
Belinda,DC,44,24,Belinda
Belinda,DN,2,24,Belinda
Bobby,N,3,24,Belinda
Bobby,C,0,24,Belinda
Bobby,I,0,24,Belinda
Bobby,A,0,24,Belinda
Bobby,DC,3,24,Belinda
Bobby,DN,0,24,Belinda
Captain Sunderland,N,0,24,Belinda
Captain Sunderland,C,0,24,Belinda
Captain Sunderland,I,0,24,Belinda
Captain Sunderland,A,0,24,Belinda
Captain Sunderland,DC,0,24,Belinda
Captain Sunderland,DN,0,24,Belinda
Champfort,N,5,24,Belinda
Champfort,C,0,24,Belinda
Champfort,I,0,24,Belinda
Champfort,A,0,24,Belinda
Champfort,DC,3,24,Belinda
Champfort,DN,0,24,Belinda
Charles,N,0,24,Belinda
Charles,C,0,24,Belinda
Charles,I,0,24,Belinda
Charles,A,0,24,Belinda
Charles,DC,0,24,Belinda
Charles,DN,0,24,Belinda
Clarence,N,0,24,Belinda
Clarence,C,0,24,Belinda
Clarence,I,0,24,Belinda
Clarence,A,0,24,Belinda
Clarence,DC,0,24,Belinda
Clarence,DN,0,24,Belinda
Clarence Hervey,N,0,24,Belinda
Clarence Hervey,C,0,24,Belinda
Clarence Hervey,I,0,24,Belinda
Clarence Hervey,A,0,24,Belinda
Clarence Hervey,DC,0,24,Belinda
Clarence Hervey,DN,0,24,Belinda
Clary,N,0,24,Belinda
Clary,C,0,24,Belinda
Clary,I,0,24,Belinda
Clary,A,0,24,Belinda
Clary,DC,0,24,Belinda
Clary,DN,0,24,Belinda
Cupid,N,2,24,Belinda
Cupid,C,0,24,Belinda
Cupid,I,0,24,Belinda
Cupid,A,0,24,Belinda
Cupid,DC,2,24,Belinda
Cupid,DN,0,24,Belinda
Damme,N,0,24,Belinda
Damme,C,0,24,Belinda
Damme,I,0,24,Belinda
Damme,A,0,24,Belinda
Damme,DC,0,24,Belinda
Damme,DN,0,24,Belinda
Doctor X----,N,0,24,Belinda
Doctor X----,C,0,24,Belinda
Doctor X----,I,0,24,Belinda
Doctor X----,A,0,24,Belinda
Doctor X----,DC,0,24,Belinda
Doctor X----,DN,0,24,Belinda
Dr. X----,N,0,24,Belinda
Dr. X----,C,0,24,Belinda
Dr. X----,I,0,24,Belinda
Dr. X----,A,0,24,Belinda
Dr. X----,DC,0,24,Belinda
Dr. X----,DN,0,24,Belinda
Edward,N,0,24,Belinda
Edward,C,0,24,Belinda
Edward,I,0,24,Belinda
Edward,A,0,24,Belinda
Edward,DC,0,24,Belinda
Edward,DN,0,24,Belinda
Fawcett,N,0,24,Belinda
Fawcett,C,0,24,Belinda
Fawcett,I,0,24,Belinda
Fawcett,A,0,24,Belinda
Fawcett,DC,0,24,Belinda
Fawcett,DN,0,24,Belinda
God,N,0,24,Belinda
God,C,0,24,Belinda
God,I,0,24,Belinda
God,A,0,24,Belinda
God,DC,0,24,Belinda
God,DN,0,24,Belinda
Harriot,N,1,24,Belinda
Harriot,C,0,24,Belinda
Harriot,I,0,24,Belinda
Harriot,A,0,24,Belinda
Harriot,DC,1,24,Belinda
Harriot,DN,0,24,Belinda
Heaven,N,0,24,Belinda
Heaven,C,0,24,Belinda
Heaven,I,0,24,Belinda
Heaven,A,0,24,Belinda
Heaven,DC,0,24,Belinda
Heaven,DN,0,24,Belinda
Helena,N,2,24,Belinda
Helena,C,0,24,Belinda
Helena,I,1,24,Belinda
Helena,A,1,24,Belinda
Helena,DC,2,24,Belinda
Helena,DN,0,24,Belinda
James,N,0,24,Belinda
James,C,0,24,Belinda
James,I,0,24,Belinda
James,A,0,24,Belinda
James,DC,0,24,Belinda
James,DN,0,24,Belinda
Jenny Mason,N,0,24,Belinda
Jenny Mason,C,0,24,Belinda
Jenny Mason,I,0,24,Belinda
Jenny Mason,A,0,24,Belinda
Jenny Mason,DC,0,24,Belinda
Jenny Mason,DN,0,24,Belinda
Joddrell,N,0,24,Belinda
Joddrell,C,0,24,Belinda
Joddrell,I,0,24,Belinda
Joddrell,A,0,24,Belinda
Joddrell,DC,0,24,Belinda
Joddrell,DN,0,24,Belinda
Jove,N,0,24,Belinda
Jove,C,0,24,Belinda
Jove,I,0,24,Belinda
Jove,A,0,24,Belinda
Jove,DC,0,24,Belinda
Jove,DN,0,24,Belinda
Juba,N,0,24,Belinda
Juba,C,0,24,Belinda
Juba,I,0,24,Belinda
Juba,A,0,24,Belinda
Juba,DC,0,24,Belinda
Juba,DN,0,24,Belinda
Lady Almeria,N,0,24,Belinda
Lady Almeria,C,0,24,Belinda
Lady Almeria,I,0,24,Belinda
Lady Almeria,A,0,24,Belinda
Lady Almeria,DC,0,24,Belinda
Lady Almeria,DN,0,24,Belinda
Lady Anne,N,2,24,Belinda
Lady Anne,C,0,24,Belinda
Lady Anne,I,0,24,Belinda
Lady Anne,A,0,24,Belinda
Lady Anne,DC,2,24,Belinda
Lady Anne,DN,0,24,Belinda
Lady Boucher,N,0,24,Belinda
Lady Boucher,C,0,24,Belinda
Lady Boucher,I,0,24,Belinda
Lady Boucher,A,0,24,Belinda
Lady Boucher,DC,0,24,Belinda
Lady Boucher,DN,0,24,Belinda
Lady Delacour,N,35,24,Belinda
Lady Delacour,C,66,24,Belinda
Lady Delacour,I,43,24,Belinda
Lady Delacour,A,25,24,Belinda
Lady Delacour,DC,6,24,Belinda
Lady Delacour,DN,2,24,Belinda
Lady Singleton,N,0,24,Belinda
Lady Singleton,C,0,24,Belinda
Lady Singleton,I,0,24,Belinda
Lady Singleton,A,0,24,Belinda
Lady Singleton,DC,0,24,Belinda
Lady Singleton,DN,0,24,Belinda
Lawless,N,0,24,Belinda
Lawless,C,0,24,Belinda
Lawless,I,0,24,Belinda
Lawless,A,0,24,Belinda
Lawless,DC,0,24,Belinda
Lawless,DN,0,24,Belinda
Lord,N,0,24,Belinda
Lord,C,0,24,Belinda
Lord,I,0,24,Belinda
Lord,A,0,24,Belinda
Lord,DC,0,24,Belinda
Lord,DN,0,24,Belinda
Lord Delacour,N,3,24,Belinda
Lord Delacour,C,0,24,Belinda
Lord Delacour,I,0,24,Belinda
Lord Delacour,A,3,24,Belinda
Lord Delacour,DC,0,24,Belinda
Lord Delacour,DN,0,24,Belinda
Lord Studley,N,0,24,Belinda
Lord Studley,C,0,24,Belinda
Lord Studley,I,0,24,Belinda
Lord Studley,A,0,24,Belinda
Lord Studley,DC,0,24,Belinda
Lord Studley,DN,0,24,Belinda
Lucy,N,0,24,Belinda
Lucy,C,0,24,Belinda
Lucy,I,0,24,Belinda
Lucy,A,0,24,Belinda
Lucy,DC,0,24,Belinda
Lucy,DN,0,24,Belinda
M. de St. Pierre,N,0,24,Belinda
M. de St. Pierre,C,0,24,Belinda
M. de St. Pierre,I,0,24,Belinda
M. de St. Pierre,A,0,24,Belinda
M. de St. Pierre,DC,0,24,Belinda
M. de St. Pierre,DN,0,24,Belinda
Mad,N,0,24,Belinda
Mad,C,0,24,Belinda
Mad,I,0,24,Belinda
Mad,A,0,24,Belinda
Mad,DC,0,24,Belinda
Mad,DN,0,24,Belinda
Mamma,N,0,24,Belinda
Mamma,C,0,24,Belinda
Mamma,I,0,24,Belinda
Mamma,A,0,24,Belinda
Mamma,DC,0,24,Belinda
Mamma,DN,0,24,Belinda
Marraton,N,0,24,Belinda
Marraton,C,0,24,Belinda
Marraton,I,0,24,Belinda
Marraton,A,0,24,Belinda
Marraton,DC,0,24,Belinda
Marraton,DN,0,24,Belinda
Marriott,N,25,24,Belinda
Marriott,C,13,24,Belinda
Marriott,I,12,24,Belinda
Marriott,A,14,24,Belinda
Marriott,DC,14,24,Belinda
Marriott,DN,4,24,Belinda
Ma’am,N,2,24,Belinda
Ma’am,C,0,24,Belinda
Ma’am,I,0,24,Belinda
Ma’am,A,0,24,Belinda
Ma’am,DC,1,24,Belinda
Ma’am,DN,0,24,Belinda
Milord,N,0,24,Belinda
Milord,C,0,24,Belinda
Milord,I,0,24,Belinda
Milord,A,0,24,Belinda
Milord,DC,0,24,Belinda
Milord,DN,0,24,Belinda
Miss Delacour,N,2,24,Belinda
Miss Delacour,C,0,24,Belinda
Miss Delacour,I,2,24,Belinda
Miss Delacour,A,0,24,Belinda
Miss Delacour,DC,2,24,Belinda
Miss Delacour,DN,0,24,Belinda
Miss Hartley,N,0,24,Belinda
Miss Hartley,C,0,24,Belinda
Miss Hartley,I,0,24,Belinda
Miss Hartley,A,0,24,Belinda
Miss Hartley,DC,0,24,Belinda
Miss Hartley,DN,0,24,Belinda
Miss Honour O’Grady,N,0,24,Belinda
Miss Honour O’Grady,C,0,24,Belinda
Miss Honour O’Grady,I,0,24,Belinda
Miss Honour O’Grady,A,0,24,Belinda
Miss Honour O’Grady,DC,0,24,Belinda
Miss Honour O’Grady,DN,0,24,Belinda
Miss Moreton,N,0,24,Belinda
Miss Moreton,C,0,24,Belinda
Miss Moreton,I,0,24,Belinda
Miss Moreton,A,0,24,Belinda
Miss Moreton,DC,0,24,Belinda
Miss Moreton,DN,0,24,Belinda
Miss Portman----,N,0,24,Belinda
Miss Portman----,C,0,24,Belinda
Miss Portman----,I,0,24,Belinda
Miss Portman----,A,0,24,Belinda
Miss Portman----,DC,0,24,Belinda
Miss Portman----,DN,0,24,Belinda
Miss St. Pierre,N,2,24,Belinda
Miss St. Pierre,C,0,24,Belinda
Miss St. Pierre,I,0,24,Belinda
Miss St. Pierre,A,0,24,Belinda
Miss St. Pierre,DC,0,24,Belinda
Miss St. Pierre,DN,0,24,Belinda
Mr. Freke,N,0,24,Belinda
Mr. Freke,C,0,24,Belinda
Mr. Freke,I,0,24,Belinda
Mr. Freke,A,0,24,Belinda
Mr. Freke,DC,0,24,Belinda
Mr. Freke,DN,0,24,Belinda
Mr. Hartley,N,0,24,Belinda
Mr. Hartley,C,0,24,Belinda
Mr. Hartley,I,0,24,Belinda
Mr. Hartley,A,0,24,Belinda
Mr. Hartley,DC,0,24,Belinda
Mr. Hartley,DN,0,24,Belinda
Mr. Hervey,N,30,24,Belinda
Mr. Hervey,C,0,24,Belinda
Mr. Hervey,I,3,24,Belinda
Mr. Hervey,A,2,24,Belinda
Mr. Hervey,DC,19,24,Belinda
Mr. Hervey,DN,4,24,Belinda
Mr. Horton,N,0,24,Belinda
Mr. Horton,C,0,24,Belinda
Mr. Horton,I,0,24,Belinda
Mr. Horton,A,0,24,Belinda
Mr. Horton,DC,0,24,Belinda
Mr. Horton,DN,0,24,Belinda
Mr. Luttridge,N,0,24,Belinda
Mr. Luttridge,C,0,24,Belinda
Mr. Luttridge,I,0,24,Belinda
Mr. Luttridge,A,0,24,Belinda
Mr. Luttridge,DC,0,24,Belinda
Mr. Luttridge,DN,0,24,Belinda
Mr. Percival,N,4,24,Belinda
Mr. Percival,C,0,24,Belinda
Mr. Percival,I,4,24,Belinda
Mr. Percival,A,0,24,Belinda
Mr. Percival,DC,10,24,Belinda
Mr. Percival,DN,0,24,Belinda
Mr. St. George,N,0,24,Belinda
Mr. St. George,C,0,24,Belinda
Mr. St. George,I,0,24,Belinda
Mr. St. George,A,0,24,Belinda
Mr. St. George,DC,0,24,Belinda
Mr. St. George,DN,0,24,Belinda
Mr. V----,N,0,24,Belinda
Mr. V----,C,0,24,Belinda
Mr. V----,I,0,24,Belinda
Mr. V----,A,0,24,Belinda
Mr. V----,DC,0,24,Belinda
Mr. V----,DN,0,24,Belinda
Mr. Vincent,N,26,24,Belinda
Mr. Vincent,C,6,24,Belinda
Mr. Vincent,I,14,24,Belinda
Mr. Vincent,A,12,24,Belinda
Mr. Vincent,DC,25,24,Belinda
Mr. Vincent,DN,2,24,Belinda
Mrs. ----,N,0,24,Belinda
Mrs. ----,C,0,24,Belinda
Mrs. ----,I,0,24,Belinda
Mrs. ----,A,0,24,Belinda
Mrs. ----,DC,0,24,Belinda
Mrs. ----,DN,0,24,Belinda
Mrs. Delacour,N,0,24,Belinda
Mrs. Delacour,C,0,24,Belinda
Mrs. Delacour,I,0,24,Belinda
Mrs. Delacour,A,0,24,Belinda
Mrs. Delacour,DC,0,24,Belinda
Mrs. Delacour,DN,0,24,Belinda
Mrs. Dumont,N,0,24,Belinda
Mrs. Dumont,C,0,24,Belinda
Mrs. Dumont,I,0,24,Belinda
Mrs. Dumont,A,0,24,Belinda
Mrs. Dumont,DC,0,24,Belinda
Mrs. Dumont,DN,0,24,Belinda
Mrs. Franks,N,0,24,Belinda
Mrs. Franks,C,0,24,Belinda
Mrs. Franks,I,0,24,Belinda
Mrs. Franks,A,0,24,Belinda
Mrs. Franks,DC,0,24,Belinda
Mrs. Franks,DN,0,24,Belinda
Mrs. Freke,N,1,24,Belinda
Mrs. Freke,C,0,24,Belinda
Mrs. Freke,I,0,24,Belinda
Mrs. Freke,A,0,24,Belinda
Mrs. Freke,DC,0,24,Belinda
Mrs. Freke,DN,0,24,Belinda
Mrs. Luttridge,N,0,24,Belinda
Mrs. Luttridge,C,0,24,Belinda
Mrs. Luttridge,I,0,24,Belinda
Mrs. Luttridge,A,0,24,Belinda
Mrs. Luttridge,DC,0,24,Belinda
Mrs. Luttridge,DN,0,24,Belinda
Mrs. Ormond,N,12,24,Belinda
Mrs. Ormond,C,0,24,Belinda
Mrs. Ormond,I,2,24,Belinda
Mrs. Ormond,A,7,24,Belinda
Mrs. Ormond,DC,8,24,Belinda
Mrs. Ormond,DN,1,24,Belinda
Mrs. Smith,N,0,24,Belinda
Mrs. Smith,C,0,24,Belinda
Mrs. Smith,I,0,24,Belinda
Mrs. Smith,A,0,24,Belinda
Mrs. Smith,DC,0,24,Belinda
Mrs. Smith,DN,0,24,Belinda
Mrs. Stanhope,N,0,24,Belinda
Mrs. Stanhope,C,0,24,Belinda
Mrs. Stanhope,I,0,24,Belinda
Mrs. Stanhope,A,0,24,Belinda
Mrs. Stanhope,DC,0,24,Belinda
Mrs. Stanhope,DN,0,24,Belinda
Mrs. Stanhope:--,N,0,24,Belinda
Mrs. Stanhope:--,C,0,24,Belinda
Mrs. Stanhope:--,I,0,24,Belinda
Mrs. Stanhope:--,A,0,24,Belinda
Mrs. Stanhope:--,DC,0,24,Belinda
Mrs. Stanhope:--,DN,0,24,Belinda
NIECE,N,0,24,Belinda
NIECE,C,0,24,Belinda
NIECE,I,0,24,Belinda
NIECE,A,0,24,Belinda
NIECE,DC,0,24,Belinda
NIECE,DN,0,24,Belinda
Paul,N,0,24,Belinda
Paul,C,0,24,Belinda
Paul,I,0,24,Belinda
Paul,A,0,24,Belinda
Paul,DC,0,24,Belinda
Paul,DN,0,24,Belinda
Percival,N,0,24,Belinda
Percival,C,0,24,Belinda
Percival,I,0,24,Belinda
Percival,A,0,24,Belinda
Percival,DC,0,24,Belinda
Percival,DN,0,24,Belinda
Petrarch,N,0,24,Belinda
Petrarch,C,0,24,Belinda
Petrarch,I,0,24,Belinda
Petrarch,A,0,24,Belinda
Petrarch,DC,0,24,Belinda
Petrarch,DN,0,24,Belinda
Queen Elizabeth,N,0,24,Belinda
Queen Elizabeth,C,0,24,Belinda
Queen Elizabeth,I,0,24,Belinda
Queen Elizabeth,A,0,24,Belinda
Queen Elizabeth,DC,0,24,Belinda
Queen Elizabeth,DN,0,24,Belinda
Rachel,N,0,24,Belinda
Rachel,C,0,24,Belinda
Rachel,I,0,24,Belinda
Rachel,A,0,24,Belinda
Rachel,DC,0,24,Belinda
Rachel,DN,0,24,Belinda
Rochfort,N,0,24,Belinda
Rochfort,C,0,24,Belinda
Rochfort,I,0,24,Belinda
Rochfort,A,0,24,Belinda
Rochfort,DC,0,24,Belinda
Rochfort,DN,0,24,Belinda
Sir Philip,N,3,24,Belinda
Sir Philip,C,0,24,Belinda
Sir Philip,I,0,24,Belinda
Sir Philip,A,0,24,Belinda
Sir Philip,DC,2,24,Belinda
Sir Philip,DN,0,24,Belinda
Solomon,N,0,24,Belinda
Solomon,C,0,24,Belinda
Solomon,I,0,24,Belinda
Solomon,A,0,24,Belinda
Solomon,DC,0,24,Belinda
Solomon,DN,0,24,Belinda
Tollemache,N,0,24,Belinda
Tollemache,C,0,24,Belinda
Tollemache,I,0,24,Belinda
Tollemache,A,0,24,Belinda
Tollemache,DC,0,24,Belinda
Tollemache,DN,0,24,Belinda
Valleton,N,0,24,Belinda
Valleton,C,0,24,Belinda
Valleton,I,0,24,Belinda
Valleton,A,0,24,Belinda
Valleton,DC,0,24,Belinda
Valleton,DN,0,24,Belinda
Virginia,N,1,24,Belinda
Virginia,C,0,24,Belinda
Virginia,I,0,24,Belinda
Virginia,A,0,24,Belinda
Virginia,DC,1,24,Belinda
Virginia,DN,0,24,Belinda
Young Vincent,N,0,24,Belinda
Young Vincent,C,0,24,Belinda
Young Vincent,I,0,24,Belinda
Young Vincent,A,0,24,Belinda
Young Vincent,DC,0,24,Belinda
Young Vincent,DN,0,24,Belinda
de Grignan,N,0,24,Belinda
de Grignan,C,0,24,Belinda
de Grignan,I,0,24,Belinda
de Grignan,A,0,24,Belinda
de Grignan,DC,0,24,Belinda
de Grignan,DN,0,24,Belinda
de Pomenars,N,0,24,Belinda
de Pomenars,C,0,24,Belinda
de Pomenars,I,0,24,Belinda
de Pomenars,A,0,24,Belinda
de Pomenars,DC,0,24,Belinda
de Pomenars,DN,0,24,Belinda
poor Lawless,N,0,24,Belinda
poor Lawless,C,0,24,Belinda
poor Lawless,I,0,24,Belinda
poor Lawless,A,0,24,Belinda
poor Lawless,DC,0,24,Belinda
poor Lawless,DN,0,24,Belinda
the Luttridges,N,0,24,Belinda
the Luttridges,C,0,24,Belinda
the Luttridges,I,0,24,Belinda
the Luttridges,A,0,24,Belinda
the Luttridges,DC,0,24,Belinda
the Luttridges,DN,0,24,Belinda
the Percivals,N,0,24,Belinda
the Percivals,C,0,24,Belinda
the Percivals,I,0,24,Belinda
the Percivals,A,0,24,Belinda
the Percivals,DC,0,24,Belinda
the Percivals,DN,0,24,Belinda
the honourable Mrs. Levit,N,0,24,Belinda
the honourable Mrs. Levit,C,0,24,Belinda
the honourable Mrs. Levit,I,0,24,Belinda
the honourable Mrs. Levit,A,0,24,Belinda
the honourable Mrs. Levit,DC,0,24,Belinda
the honourable Mrs. Levit,DN,0,24,Belinda
Annabella,N,0,25,Belinda
Annabella,C,0,25,Belinda
Annabella,I,0,25,Belinda
Annabella,A,0,25,Belinda
Annabella,DC,0,25,Belinda
Annabella,DN,0,25,Belinda
Belinda,N,66,25,Belinda
Belinda,C,36,25,Belinda
Belinda,I,18,25,Belinda
Belinda,A,21,25,Belinda
Belinda,DC,24,25,Belinda
Belinda,DN,5,25,Belinda
Bobby,N,0,25,Belinda
Bobby,C,0,25,Belinda
Bobby,I,0,25,Belinda
Bobby,A,0,25,Belinda
Bobby,DC,0,25,Belinda
Bobby,DN,0,25,Belinda
Captain Sunderland,N,0,25,Belinda
Captain Sunderland,C,0,25,Belinda
Captain Sunderland,I,0,25,Belinda
Captain Sunderland,A,0,25,Belinda
Captain Sunderland,DC,0,25,Belinda
Captain Sunderland,DN,0,25,Belinda
Champfort,N,15,25,Belinda
Champfort,C,0,25,Belinda
Champfort,I,2,25,Belinda
Champfort,A,6,25,Belinda
Champfort,DC,4,25,Belinda
Champfort,DN,0,25,Belinda
Charles,N,0,25,Belinda
Charles,C,0,25,Belinda
Charles,I,0,25,Belinda
Charles,A,0,25,Belinda
Charles,DC,0,25,Belinda
Charles,DN,0,25,Belinda
Clarence,N,0,25,Belinda
Clarence,C,0,25,Belinda
Clarence,I,0,25,Belinda
Clarence,A,0,25,Belinda
Clarence,DC,0,25,Belinda
Clarence,DN,0,25,Belinda
Clarence Hervey,N,0,25,Belinda
Clarence Hervey,C,0,25,Belinda
Clarence Hervey,I,0,25,Belinda
Clarence Hervey,A,0,25,Belinda
Clarence Hervey,DC,0,25,Belinda
Clarence Hervey,DN,0,25,Belinda
Clary,N,0,25,Belinda
Clary,C,0,25,Belinda
Clary,I,0,25,Belinda
Clary,A,0,25,Belinda
Clary,DC,0,25,Belinda
Clary,DN,0,25,Belinda
Cupid,N,0,25,Belinda
Cupid,C,0,25,Belinda
Cupid,I,0,25,Belinda
Cupid,A,0,25,Belinda
Cupid,DC,0,25,Belinda
Cupid,DN,0,25,Belinda
Damme,N,0,25,Belinda
Damme,C,0,25,Belinda
Damme,I,0,25,Belinda
Damme,A,0,25,Belinda
Damme,DC,0,25,Belinda
Damme,DN,0,25,Belinda
Doctor X----,N,0,25,Belinda
Doctor X----,C,0,25,Belinda
Doctor X----,I,0,25,Belinda
Doctor X----,A,0,25,Belinda
Doctor X----,DC,0,25,Belinda
Doctor X----,DN,0,25,Belinda
Dr. X----,N,0,25,Belinda
Dr. X----,C,0,25,Belinda
Dr. X----,I,0,25,Belinda
Dr. X----,A,0,25,Belinda
Dr. X----,DC,0,25,Belinda
Dr. X----,DN,0,25,Belinda
Edward,N,0,25,Belinda
Edward,C,0,25,Belinda
Edward,I,0,25,Belinda
Edward,A,0,25,Belinda
Edward,DC,0,25,Belinda
Edward,DN,0,25,Belinda
Fawcett,N,0,25,Belinda
Fawcett,C,0,25,Belinda
Fawcett,I,0,25,Belinda
Fawcett,A,0,25,Belinda
Fawcett,DC,0,25,Belinda
Fawcett,DN,0,25,Belinda
God,N,0,25,Belinda
God,C,0,25,Belinda
God,I,0,25,Belinda
God,A,0,25,Belinda
God,DC,0,25,Belinda
God,DN,0,25,Belinda
Harriot,N,2,25,Belinda
Harriot,C,0,25,Belinda
Harriot,I,0,25,Belinda
Harriot,A,0,25,Belinda
Harriot,DC,0,25,Belinda
Harriot,DN,1,25,Belinda
Heaven,N,0,25,Belinda
Heaven,C,0,25,Belinda
Heaven,I,0,25,Belinda
Heaven,A,0,25,Belinda
Heaven,DC,0,25,Belinda
Heaven,DN,0,25,Belinda
Helena,N,3,25,Belinda
Helena,C,0,25,Belinda
Helena,I,2,25,Belinda
Helena,A,2,25,Belinda
Helena,DC,3,25,Belinda
Helena,DN,0,25,Belinda
James,N,0,25,Belinda
James,C,0,25,Belinda
James,I,0,25,Belinda
James,A,0,25,Belinda
James,DC,0,25,Belinda
James,DN,0,25,Belinda
Jenny Mason,N,0,25,Belinda
Jenny Mason,C,0,25,Belinda
Jenny Mason,I,0,25,Belinda
Jenny Mason,A,0,25,Belinda
Jenny Mason,DC,0,25,Belinda
Jenny Mason,DN,0,25,Belinda
Joddrell,N,0,25,Belinda
Joddrell,C,0,25,Belinda
Joddrell,I,0,25,Belinda
Joddrell,A,0,25,Belinda
Joddrell,DC,0,25,Belinda
Joddrell,DN,0,25,Belinda
Jove,N,0,25,Belinda
Jove,C,0,25,Belinda
Jove,I,0,25,Belinda
Jove,A,0,25,Belinda
Jove,DC,0,25,Belinda
Jove,DN,0,25,Belinda
Juba,N,10,25,Belinda
Juba,C,0,25,Belinda
Juba,I,0,25,Belinda
Juba,A,1,25,Belinda
Juba,DC,4,25,Belinda
Juba,DN,0,25,Belinda
Lady Almeria,N,0,25,Belinda
Lady Almeria,C,0,25,Belinda
Lady Almeria,I,0,25,Belinda
Lady Almeria,A,0,25,Belinda
Lady Almeria,DC,0,25,Belinda
Lady Almeria,DN,0,25,Belinda
Lady Anne,N,7,25,Belinda
Lady Anne,C,0,25,Belinda
Lady Anne,I,0,25,Belinda
Lady Anne,A,1,25,Belinda
Lady Anne,DC,5,25,Belinda
Lady Anne,DN,0,25,Belinda
Lady Boucher,N,6,25,Belinda
Lady Boucher,C,7,25,Belinda
Lady Boucher,I,6,25,Belinda
Lady Boucher,A,8,25,Belinda
Lady Boucher,DC,3,25,Belinda
Lady Boucher,DN,1,25,Belinda
Lady Delacour,N,57,25,Belinda
Lady Delacour,C,59,25,Belinda
Lady Delacour,I,52,25,Belinda
Lady Delacour,A,53,25,Belinda
Lady Delacour,DC,12,25,Belinda
Lady Delacour,DN,6,25,Belinda
Lady Singleton,N,0,25,Belinda
Lady Singleton,C,0,25,Belinda
Lady Singleton,I,0,25,Belinda
Lady Singleton,A,0,25,Belinda
Lady Singleton,DC,0,25,Belinda
Lady Singleton,DN,0,25,Belinda
Lawless,N,0,25,Belinda
Lawless,C,0,25,Belinda
Lawless,I,0,25,Belinda
Lawless,A,0,25,Belinda
Lawless,DC,0,25,Belinda
Lawless,DN,0,25,Belinda
Lord,N,0,25,Belinda
Lord,C,0,25,Belinda
Lord,I,0,25,Belinda
Lord,A,0,25,Belinda
Lord,DC,0,25,Belinda
Lord,DN,0,25,Belinda
Lord Delacour,N,8,25,Belinda
Lord Delacour,C,1,25,Belinda
Lord Delacour,I,1,25,Belinda
Lord Delacour,A,4,25,Belinda
Lord Delacour,DC,5,25,Belinda
Lord Delacour,DN,0,25,Belinda
Lord Studley,N,0,25,Belinda
Lord Studley,C,0,25,Belinda
Lord Studley,I,0,25,Belinda
Lord Studley,A,0,25,Belinda
Lord Studley,DC,0,25,Belinda
Lord Studley,DN,0,25,Belinda
Lucy,N,0,25,Belinda
Lucy,C,0,25,Belinda
Lucy,I,0,25,Belinda
Lucy,A,0,25,Belinda
Lucy,DC,0,25,Belinda
Lucy,DN,0,25,Belinda
M. de St. Pierre,N,0,25,Belinda
M. de St. Pierre,C,0,25,Belinda
M. de St. Pierre,I,0,25,Belinda
M. de St. Pierre,A,0,25,Belinda
M. de St. Pierre,DC,0,25,Belinda
M. de St. Pierre,DN,0,25,Belinda
Mad,N,0,25,Belinda
Mad,C,0,25,Belinda
Mad,I,0,25,Belinda
Mad,A,0,25,Belinda
Mad,DC,0,25,Belinda
Mad,DN,0,25,Belinda
Mamma,N,0,25,Belinda
Mamma,C,0,25,Belinda
Mamma,I,0,25,Belinda
Mamma,A,0,25,Belinda
Mamma,DC,0,25,Belinda
Mamma,DN,0,25,Belinda
Marraton,N,0,25,Belinda
Marraton,C,0,25,Belinda
Marraton,I,0,25,Belinda
Marraton,A,0,25,Belinda
Marraton,DC,0,25,Belinda
Marraton,DN,0,25,Belinda
Marriott,N,7,25,Belinda
Marriott,C,3,25,Belinda
Marriott,I,5,25,Belinda
Marriott,A,1,25,Belinda
Marriott,DC,0,25,Belinda
Marriott,DN,2,25,Belinda
Ma’am,N,0,25,Belinda
Ma’am,C,0,25,Belinda
Ma’am,I,0,25,Belinda
Ma’am,A,0,25,Belinda
Ma’am,DC,0,25,Belinda
Ma’am,DN,0,25,Belinda
Milord,N,0,25,Belinda
Milord,C,0,25,Belinda
Milord,I,0,25,Belinda
Milord,A,0,25,Belinda
Milord,DC,0,25,Belinda
Milord,DN,0,25,Belinda
Miss Delacour,N,1,25,Belinda
Miss Delacour,C,0,25,Belinda
Miss Delacour,I,0,25,Belinda
Miss Delacour,A,0,25,Belinda
Miss Delacour,DC,1,25,Belinda
Miss Delacour,DN,0,25,Belinda
Miss Hartley,N,0,25,Belinda
Miss Hartley,C,0,25,Belinda
Miss Hartley,I,0,25,Belinda
Miss Hartley,A,0,25,Belinda
Miss Hartley,DC,0,25,Belinda
Miss Hartley,DN,0,25,Belinda
Miss Honour O’Grady,N,0,25,Belinda
Miss Honour O’Grady,C,0,25,Belinda
Miss Honour O’Grady,I,0,25,Belinda
Miss Honour O’Grady,A,0,25,Belinda
Miss Honour O’Grady,DC,0,25,Belinda
Miss Honour O’Grady,DN,0,25,Belinda
Miss Moreton,N,0,25,Belinda
Miss Moreton,C,0,25,Belinda
Miss Moreton,I,0,25,Belinda
Miss Moreton,A,0,25,Belinda
Miss Moreton,DC,0,25,Belinda
Miss Moreton,DN,0,25,Belinda
Miss Portman----,N,0,25,Belinda
Miss Portman----,C,0,25,Belinda
Miss Portman----,I,0,25,Belinda
Miss Portman----,A,0,25,Belinda
Miss Portman----,DC,0,25,Belinda
Miss Portman----,DN,0,25,Belinda
Miss St. Pierre,N,0,25,Belinda
Miss St. Pierre,C,0,25,Belinda
Miss St. Pierre,I,0,25,Belinda
Miss St. Pierre,A,0,25,Belinda
Miss St. Pierre,DC,0,25,Belinda
Miss St. Pierre,DN,0,25,Belinda
Mr. Freke,N,0,25,Belinda
Mr. Freke,C,0,25,Belinda
Mr. Freke,I,0,25,Belinda
Mr. Freke,A,0,25,Belinda
Mr. Freke,DC,0,25,Belinda
Mr. Freke,DN,0,25,Belinda
Mr. Hartley,N,2,25,Belinda
Mr. Hartley,C,0,25,Belinda
Mr. Hartley,I,0,25,Belinda
Mr. Hartley,A,0,25,Belinda
Mr. Hartley,DC,0,25,Belinda
Mr. Hartley,DN,0,25,Belinda
Mr. Hervey,N,43,25,Belinda
Mr. Hervey,C,9,25,Belinda
Mr. Hervey,I,13,25,Belinda
Mr. Hervey,A,19,25,Belinda
Mr. Hervey,DC,26,25,Belinda
Mr. Hervey,DN,3,25,Belinda
Mr. Horton,N,0,25,Belinda
Mr. Horton,C,0,25,Belinda
Mr. Horton,I,0,25,Belinda
Mr. Horton,A,0,25,Belinda
Mr. Horton,DC,0,25,Belinda
Mr. Horton,DN,0,25,Belinda
Mr. Luttridge,N,0,25,Belinda
Mr. Luttridge,C,0,25,Belinda
Mr. Luttridge,I,0,25,Belinda
Mr. Luttridge,A,0,25,Belinda
Mr. Luttridge,DC,0,25,Belinda
Mr. Luttridge,DN,0,25,Belinda
Mr. Percival,N,3,25,Belinda
Mr. Percival,C,0,25,Belinda
Mr. Percival,I,0,25,Belinda
Mr. Percival,A,0,25,Belinda
Mr. Percival,DC,1,25,Belinda
Mr. Percival,DN,0,25,Belinda
Mr. St. George,N,0,25,Belinda
Mr. St. George,C,0,25,Belinda
Mr. St. George,I,0,25,Belinda
Mr. St. George,A,0,25,Belinda
Mr. St. George,DC,0,25,Belinda
Mr. St. George,DN,0,25,Belinda
Mr. V----,N,0,25,Belinda
Mr. V----,C,0,25,Belinda
Mr. V----,I,0,25,Belinda
Mr. V----,A,0,25,Belinda
Mr. V----,DC,0,25,Belinda
Mr. V----,DN,0,25,Belinda
Mr. Vincent,N,45,25,Belinda
Mr. Vincent,C,8,25,Belinda
Mr. Vincent,I,16,25,Belinda
Mr. Vincent,A,24,25,Belinda
Mr. Vincent,DC,27,25,Belinda
Mr. Vincent,DN,7,25,Belinda
Mrs. ----,N,0,25,Belinda
Mrs. ----,C,0,25,Belinda
Mrs. ----,I,0,25,Belinda
Mrs. ----,A,0,25,Belinda
Mrs. ----,DC,0,25,Belinda
Mrs. ----,DN,0,25,Belinda
Mrs. Delacour,N,4,25,Belinda
Mrs. Delacour,C,0,25,Belinda
Mrs. Delacour,I,0,25,Belinda
Mrs. Delacour,A,1,25,Belinda
Mrs. Delacour,DC,0,25,Belinda
Mrs. Delacour,DN,2,25,Belinda
Mrs. Dumont,N,0,25,Belinda
Mrs. Dumont,C,0,25,Belinda
Mrs. Dumont,I,0,25,Belinda
Mrs. Dumont,A,0,25,Belinda
Mrs. Dumont,DC,0,25,Belinda
Mrs. Dumont,DN,0,25,Belinda
Mrs. Franks,N,1,25,Belinda
Mrs. Franks,C,0,25,Belinda
Mrs. Franks,I,1,25,Belinda
Mrs. Franks,A,0,25,Belinda
Mrs. Franks,DC,1,25,Belinda
Mrs. Franks,DN,0,25,Belinda
Mrs. Freke,N,3,25,Belinda
Mrs. Freke,C,0,25,Belinda
Mrs. Freke,I,0,25,Belinda
Mrs. Freke,A,2,25,Belinda
Mrs. Freke,DC,0,25,Belinda
Mrs. Freke,DN,0,25,Belinda
Mrs. Luttridge,N,5,25,Belinda
Mrs. Luttridge,C,0,25,Belinda
Mrs. Luttridge,I,0,25,Belinda
Mrs. Luttridge,A,1,25,Belinda
Mrs. Luttridge,DC,3,25,Belinda
Mrs. Luttridge,DN,0,25,Belinda
Mrs. Ormond,N,1,25,Belinda
Mrs. Ormond,C,0,25,Belinda
Mrs. Ormond,I,0,25,Belinda
Mrs. Ormond,A,0,25,Belinda
Mrs. Ormond,DC,0,25,Belinda
Mrs. Ormond,DN,0,25,Belinda
Mrs. Smith,N,0,25,Belinda
Mrs. Smith,C,0,25,Belinda
Mrs. Smith,I,0,25,Belinda
Mrs. Smith,A,0,25,Belinda
Mrs. Smith,DC,0,25,Belinda
Mrs. Smith,DN,0,25,Belinda
Mrs. Stanhope,N,3,25,Belinda
Mrs. Stanhope,C,0,25,Belinda
Mrs. Stanhope,I,2,25,Belinda
Mrs. Stanhope,A,0,25,Belinda
Mrs. Stanhope,DC,3,25,Belinda
Mrs. Stanhope,DN,0,25,Belinda
Mrs. Stanhope:--,N,0,25,Belinda
Mrs. Stanhope:--,C,0,25,Belinda
Mrs. Stanhope:--,I,0,25,Belinda
Mrs. Stanhope:--,A,0,25,Belinda
Mrs. Stanhope:--,DC,0,25,Belinda
Mrs. Stanhope:--,DN,0,25,Belinda
NIECE,N,0,25,Belinda
NIECE,C,0,25,Belinda
NIECE,I,0,25,Belinda
NIECE,A,0,25,Belinda
NIECE,DC,0,25,Belinda
NIECE,DN,0,25,Belinda
Paul,N,0,25,Belinda
Paul,C,0,25,Belinda
Paul,I,0,25,Belinda
Paul,A,0,25,Belinda
Paul,DC,0,25,Belinda
Paul,DN,0,25,Belinda
Percival,N,0,25,Belinda
Percival,C,0,25,Belinda
Percival,I,0,25,Belinda
Percival,A,0,25,Belinda
Percival,DC,0,25,Belinda
Percival,DN,0,25,Belinda
Petrarch,N,0,25,Belinda
Petrarch,C,0,25,Belinda
Petrarch,I,0,25,Belinda
Petrarch,A,0,25,Belinda
Petrarch,DC,0,25,Belinda
Petrarch,DN,0,25,Belinda
Queen Elizabeth,N,0,25,Belinda
Queen Elizabeth,C,0,25,Belinda
Queen Elizabeth,I,0,25,Belinda
Queen Elizabeth,A,0,25,Belinda
Queen Elizabeth,DC,0,25,Belinda
Queen Elizabeth,DN,0,25,Belinda
Rachel,N,0,25,Belinda
Rachel,C,0,25,Belinda
Rachel,I,0,25,Belinda
Rachel,A,0,25,Belinda
Rachel,DC,0,25,Belinda
Rachel,DN,0,25,Belinda
Rochfort,N,0,25,Belinda
Rochfort,C,0,25,Belinda
Rochfort,I,0,25,Belinda
Rochfort,A,0,25,Belinda
Rochfort,DC,0,25,Belinda
Rochfort,DN,0,25,Belinda
Sir Philip,N,1,25,Belinda
Sir Philip,C,0,25,Belinda
Sir Philip,I,0,25,Belinda
Sir Philip,A,0,25,Belinda
Sir Philip,DC,0,25,Belinda
Sir Philip,DN,0,25,Belinda
Solomon,N,0,25,Belinda
Solomon,C,0,25,Belinda
Solomon,I,0,25,Belinda
Solomon,A,0,25,Belinda
Solomon,DC,0,25,Belinda
Solomon,DN,0,25,Belinda
Tollemache,N,0,25,Belinda
Tollemache,C,0,25,Belinda
Tollemache,I,0,25,Belinda
Tollemache,A,0,25,Belinda
Tollemache,DC,0,25,Belinda
Tollemache,DN,0,25,Belinda
Valleton,N,0,25,Belinda
Valleton,C,0,25,Belinda
Valleton,I,0,25,Belinda
Valleton,A,0,25,Belinda
Valleton,DC,0,25,Belinda
Valleton,DN,0,25,Belinda
Virginia,N,2,25,Belinda
Virginia,C,0,25,Belinda
Virginia,I,0,25,Belinda
Virginia,A,0,25,Belinda
Virginia,DC,0,25,Belinda
Virginia,DN,0,25,Belinda
Young Vincent,N,0,25,Belinda
Young Vincent,C,0,25,Belinda
Young Vincent,I,0,25,Belinda
Young Vincent,A,0,25,Belinda
Young Vincent,DC,0,25,Belinda
Young Vincent,DN,0,25,Belinda
de Grignan,N,0,25,Belinda
de Grignan,C,0,25,Belinda
de Grignan,I,0,25,Belinda
de Grignan,A,0,25,Belinda
de Grignan,DC,0,25,Belinda
de Grignan,DN,0,25,Belinda
de Pomenars,N,0,25,Belinda
de Pomenars,C,0,25,Belinda
de Pomenars,I,0,25,Belinda
de Pomenars,A,0,25,Belinda
de Pomenars,DC,0,25,Belinda
de Pomenars,DN,0,25,Belinda
poor Lawless,N,0,25,Belinda
poor Lawless,C,0,25,Belinda
poor Lawless,I,0,25,Belinda
poor Lawless,A,0,25,Belinda
poor Lawless,DC,0,25,Belinda
poor Lawless,DN,0,25,Belinda
the Luttridges,N,0,25,Belinda
the Luttridges,C,0,25,Belinda
the Luttridges,I,0,25,Belinda
the Luttridges,A,0,25,Belinda
the Luttridges,DC,0,25,Belinda
the Luttridges,DN,0,25,Belinda
the Percivals,N,0,25,Belinda
the Percivals,C,0,25,Belinda
the Percivals,I,0,25,Belinda
the Percivals,A,0,25,Belinda
the Percivals,DC,0,25,Belinda
the Percivals,DN,0,25,Belinda
the honourable Mrs. Levit,N,0,25,Belinda
the honourable Mrs. Levit,C,0,25,Belinda
the honourable Mrs. Levit,I,0,25,Belinda
the honourable Mrs. Levit,A,0,25,Belinda
the honourable Mrs. Levit,DC,0,25,Belinda
the honourable Mrs. Levit,DN,0,25,Belinda
Annabella,N,0,26,Belinda
Annabella,C,0,26,Belinda
Annabella,I,0,26,Belinda
Annabella,A,0,26,Belinda
Annabella,DC,0,26,Belinda
Annabella,DN,0,26,Belinda
Belinda,N,7,26,Belinda
Belinda,C,0,26,Belinda
Belinda,I,1,26,Belinda
Belinda,A,2,26,Belinda
Belinda,DC,0,26,Belinda
Belinda,DN,0,26,Belinda
Bobby,N,0,26,Belinda
Bobby,C,0,26,Belinda
Bobby,I,0,26,Belinda
Bobby,A,0,26,Belinda
Bobby,DC,0,26,Belinda
Bobby,DN,0,26,Belinda
Captain Sunderland,N,0,26,Belinda
Captain Sunderland,C,0,26,Belinda
Captain Sunderland,I,0,26,Belinda
Captain Sunderland,A,0,26,Belinda
Captain Sunderland,DC,0,26,Belinda
Captain Sunderland,DN,0,26,Belinda
Champfort,N,0,26,Belinda
Champfort,C,0,26,Belinda
Champfort,I,0,26,Belinda
Champfort,A,0,26,Belinda
Champfort,DC,0,26,Belinda
Champfort,DN,0,26,Belinda
Charles,N,0,26,Belinda
Charles,C,0,26,Belinda
Charles,I,0,26,Belinda
Charles,A,0,26,Belinda
Charles,DC,0,26,Belinda
Charles,DN,0,26,Belinda
Clarence,N,0,26,Belinda
Clarence,C,0,26,Belinda
Clarence,I,0,26,Belinda
Clarence,A,0,26,Belinda
Clarence,DC,0,26,Belinda
Clarence,DN,0,26,Belinda
Clarence Hervey,N,0,26,Belinda
Clarence Hervey,C,0,26,Belinda
Clarence Hervey,I,0,26,Belinda
Clarence Hervey,A,0,26,Belinda
Clarence Hervey,DC,0,26,Belinda
Clarence Hervey,DN,0,26,Belinda
Clary,N,0,26,Belinda
Clary,C,0,26,Belinda
Clary,I,0,26,Belinda
Clary,A,0,26,Belinda
Clary,DC,0,26,Belinda
Clary,DN,0,26,Belinda
Cupid,N,0,26,Belinda
Cupid,C,0,26,Belinda
Cupid,I,0,26,Belinda
Cupid,A,0,26,Belinda
Cupid,DC,0,26,Belinda
Cupid,DN,0,26,Belinda
Damme,N,3,26,Belinda
Damme,C,0,26,Belinda
Damme,I,2,26,Belinda
Damme,A,2,26,Belinda
Damme,DC,3,26,Belinda
Damme,DN,0,26,Belinda
Doctor X----,N,0,26,Belinda
Doctor X----,C,0,26,Belinda
Doctor X----,I,0,26,Belinda
Doctor X----,A,0,26,Belinda
Doctor X----,DC,0,26,Belinda
Doctor X----,DN,0,26,Belinda
Dr. X----,N,0,26,Belinda
Dr. X----,C,0,26,Belinda
Dr. X----,I,0,26,Belinda
Dr. X----,A,0,26,Belinda
Dr. X----,DC,0,26,Belinda
Dr. X----,DN,0,26,Belinda
Edward,N,0,26,Belinda
Edward,C,0,26,Belinda
Edward,I,0,26,Belinda
Edward,A,0,26,Belinda
Edward,DC,0,26,Belinda
Edward,DN,0,26,Belinda
Fawcett,N,0,26,Belinda
Fawcett,C,0,26,Belinda
Fawcett,I,0,26,Belinda
Fawcett,A,0,26,Belinda
Fawcett,DC,0,26,Belinda
Fawcett,DN,0,26,Belinda
God,N,6,26,Belinda
God,C,0,26,Belinda
God,I,0,26,Belinda
God,A,2,26,Belinda
God,DC,2,26,Belinda
God,DN,0,26,Belinda
Harriot,N,0,26,Belinda
Harriot,C,0,26,Belinda
Harriot,I,0,26,Belinda
Harriot,A,0,26,Belinda
Harriot,DC,0,26,Belinda
Harriot,DN,0,26,Belinda
Heaven,N,0,26,Belinda
Heaven,C,0,26,Belinda
Heaven,I,0,26,Belinda
Heaven,A,0,26,Belinda
Heaven,DC,0,26,Belinda
Heaven,DN,0,26,Belinda
Helena,N,0,26,Belinda
Helena,C,0,26,Belinda
Helena,I,0,26,Belinda
Helena,A,0,26,Belinda
Helena,DC,0,26,Belinda
Helena,DN,0,26,Belinda
James,N,0,26,Belinda
James,C,0,26,Belinda
James,I,0,26,Belinda
James,A,0,26,Belinda
James,DC,0,26,Belinda
James,DN,0,26,Belinda
Jenny Mason,N,0,26,Belinda
Jenny Mason,C,0,26,Belinda
Jenny Mason,I,0,26,Belinda
Jenny Mason,A,0,26,Belinda
Jenny Mason,DC,0,26,Belinda
Jenny Mason,DN,0,26,Belinda
Joddrell,N,0,26,Belinda
Joddrell,C,0,26,Belinda
Joddrell,I,0,26,Belinda
Joddrell,A,0,26,Belinda
Joddrell,DC,0,26,Belinda
Joddrell,DN,0,26,Belinda
Jove,N,0,26,Belinda
Jove,C,0,26,Belinda
Jove,I,0,26,Belinda
Jove,A,0,26,Belinda
Jove,DC,0,26,Belinda
Jove,DN,0,26,Belinda
Juba,N,0,26,Belinda
Juba,C,0,26,Belinda
Juba,I,0,26,Belinda
Juba,A,0,26,Belinda
Juba,DC,0,26,Belinda
Juba,DN,0,26,Belinda
Lady Almeria,N,0,26,Belinda
Lady Almeria,C,0,26,Belinda
Lady Almeria,I,0,26,Belinda
Lady Almeria,A,0,26,Belinda
Lady Almeria,DC,0,26,Belinda
Lady Almeria,DN,0,26,Belinda
Lady Anne,N,0,26,Belinda
Lady Anne,C,0,26,Belinda
Lady Anne,I,0,26,Belinda
Lady Anne,A,0,26,Belinda
Lady Anne,DC,0,26,Belinda
Lady Anne,DN,0,26,Belinda
Lady Boucher,N,0,26,Belinda
Lady Boucher,C,0,26,Belinda
Lady Boucher,I,0,26,Belinda
Lady Boucher,A,0,26,Belinda
Lady Boucher,DC,0,26,Belinda
Lady Boucher,DN,0,26,Belinda
Lady Delacour,N,2,26,Belinda
Lady Delacour,C,0,26,Belinda
Lady Delacour,I,0,26,Belinda
Lady Delacour,A,1,26,Belinda
Lady Delacour,DC,0,26,Belinda
Lady Delacour,DN,0,26,Belinda
Lady Singleton,N,0,26,Belinda
Lady Singleton,C,0,26,Belinda
Lady Singleton,I,0,26,Belinda
Lady Singleton,A,0,26,Belinda
Lady Singleton,DC,0,26,Belinda
Lady Singleton,DN,0,26,Belinda
Lawless,N,0,26,Belinda
Lawless,C,0,26,Belinda
Lawless,I,0,26,Belinda
Lawless,A,0,26,Belinda
Lawless,DC,0,26,Belinda
Lawless,DN,0,26,Belinda
Lord,N,0,26,Belinda
Lord,C,0,26,Belinda
Lord,I,0,26,Belinda
Lord,A,0,26,Belinda
Lord,DC,0,26,Belinda
Lord,DN,0,26,Belinda
Lord Delacour,N,0,26,Belinda
Lord Delacour,C,0,26,Belinda
Lord Delacour,I,0,26,Belinda
Lord Delacour,A,0,26,Belinda
Lord Delacour,DC,0,26,Belinda
Lord Delacour,DN,0,26,Belinda
Lord Studley,N,0,26,Belinda
Lord Studley,C,0,26,Belinda
Lord Studley,I,0,26,Belinda
Lord Studley,A,0,26,Belinda
Lord Studley,DC,0,26,Belinda
Lord Studley,DN,0,26,Belinda
Lucy,N,0,26,Belinda
Lucy,C,0,26,Belinda
Lucy,I,0,26,Belinda
Lucy,A,0,26,Belinda
Lucy,DC,0,26,Belinda
Lucy,DN,0,26,Belinda
M. de St. Pierre,N,1,26,Belinda
M. de St. Pierre,C,0,26,Belinda
M. de St. Pierre,I,0,26,Belinda
M. de St. Pierre,A,0,26,Belinda
M. de St. Pierre,DC,0,26,Belinda
M. de St. Pierre,DN,0,26,Belinda
Mad,N,0,26,Belinda
Mad,C,0,26,Belinda
Mad,I,0,26,Belinda
Mad,A,0,26,Belinda
Mad,DC,0,26,Belinda
Mad,DN,0,26,Belinda
Mamma,N,0,26,Belinda
Mamma,C,0,26,Belinda
Mamma,I,0,26,Belinda
Mamma,A,0,26,Belinda
Mamma,DC,0,26,Belinda
Mamma,DN,0,26,Belinda
Marraton,N,0,26,Belinda
Marraton,C,0,26,Belinda
Marraton,I,0,26,Belinda
Marraton,A,0,26,Belinda
Marraton,DC,0,26,Belinda
Marraton,DN,0,26,Belinda
Marriott,N,1,26,Belinda
Marriott,C,0,26,Belinda
Marriott,I,0,26,Belinda
Marriott,A,0,26,Belinda
Marriott,DC,0,26,Belinda
Marriott,DN,0,26,Belinda
Ma’am,N,0,26,Belinda
Ma’am,C,0,26,Belinda
Ma’am,I,0,26,Belinda
Ma’am,A,0,26,Belinda
Ma’am,DC,0,26,Belinda
Ma’am,DN,0,26,Belinda
Milord,N,0,26,Belinda
Milord,C,0,26,Belinda
Milord,I,0,26,Belinda
Milord,A,0,26,Belinda
Milord,DC,0,26,Belinda
Milord,DN,0,26,Belinda
Miss Delacour,N,0,26,Belinda
Miss Delacour,C,0,26,Belinda
Miss Delacour,I,0,26,Belinda
Miss Delacour,A,0,26,Belinda
Miss Delacour,DC,0,26,Belinda
Miss Delacour,DN,0,26,Belinda
Miss Hartley,N,0,26,Belinda
Miss Hartley,C,0,26,Belinda
Miss Hartley,I,0,26,Belinda
Miss Hartley,A,0,26,Belinda
Miss Hartley,DC,0,26,Belinda
Miss Hartley,DN,0,26,Belinda
Miss Honour O’Grady,N,0,26,Belinda
Miss Honour O’Grady,C,0,26,Belinda
Miss Honour O’Grady,I,0,26,Belinda
Miss Honour O’Grady,A,0,26,Belinda
Miss Honour O’Grady,DC,0,26,Belinda
Miss Honour O’Grady,DN,0,26,Belinda
Miss Moreton,N,0,26,Belinda
Miss Moreton,C,0,26,Belinda
Miss Moreton,I,0,26,Belinda
Miss Moreton,A,0,26,Belinda
Miss Moreton,DC,0,26,Belinda
Miss Moreton,DN,0,26,Belinda
Miss Portman----,N,0,26,Belinda
Miss Portman----,C,0,26,Belinda
Miss Portman----,I,0,26,Belinda
Miss Portman----,A,0,26,Belinda
Miss Portman----,DC,0,26,Belinda
Miss Portman----,DN,0,26,Belinda
Miss St. Pierre,N,0,26,Belinda
Miss St. Pierre,C,0,26,Belinda
Miss St. Pierre,I,0,26,Belinda
Miss St. Pierre,A,0,26,Belinda
Miss St. Pierre,DC,0,26,Belinda
Miss St. Pierre,DN,0,26,Belinda
Mr. Freke,N,0,26,Belinda
Mr. Freke,C,0,26,Belinda
Mr. Freke,I,0,26,Belinda
Mr. Freke,A,0,26,Belinda
Mr. Freke,DC,0,26,Belinda
Mr. Freke,DN,0,26,Belinda
Mr. Hartley,N,0,26,Belinda
Mr. Hartley,C,0,26,Belinda
Mr. Hartley,I,0,26,Belinda
Mr. Hartley,A,0,26,Belinda
Mr. Hartley,DC,0,26,Belinda
Mr. Hartley,DN,0,26,Belinda
Mr. Hervey,N,96,26,Belinda
Mr. Hervey,C,23,26,Belinda
Mr. Hervey,I,91,26,Belinda
Mr. Hervey,A,105,26,Belinda
Mr. Hervey,DC,85,26,Belinda
Mr. Hervey,DN,20,26,Belinda
Mr. Horton,N,0,26,Belinda
Mr. Horton,C,0,26,Belinda
Mr. Horton,I,0,26,Belinda
Mr. Horton,A,0,26,Belinda
Mr. Horton,DC,0,26,Belinda
Mr. Horton,DN,0,26,Belinda
Mr. Luttridge,N,0,26,Belinda
Mr. Luttridge,C,0,26,Belinda
Mr. Luttridge,I,0,26,Belinda
Mr. Luttridge,A,0,26,Belinda
Mr. Luttridge,DC,0,26,Belinda
Mr. Luttridge,DN,0,26,Belinda
Mr. Percival,N,0,26,Belinda
Mr. Percival,C,0,26,Belinda
Mr. Percival,I,0,26,Belinda
Mr. Percival,A,0,26,Belinda
Mr. Percival,DC,0,26,Belinda
Mr. Percival,DN,0,26,Belinda
Mr. St. George,N,0,26,Belinda
Mr. St. George,C,0,26,Belinda
Mr. St. George,I,0,26,Belinda
Mr. St. George,A,0,26,Belinda
Mr. St. George,DC,0,26,Belinda
Mr. St. George,DN,0,26,Belinda
Mr. V----,N,0,26,Belinda
Mr. V----,C,0,26,Belinda
Mr. V----,I,0,26,Belinda
Mr. V----,A,0,26,Belinda
Mr. V----,DC,0,26,Belinda
Mr. V----,DN,0,26,Belinda
Mr. Vincent,N,0,26,Belinda
Mr. Vincent,C,0,26,Belinda
Mr. Vincent,I,0,26,Belinda
Mr. Vincent,A,0,26,Belinda
Mr. Vincent,DC,0,26,Belinda
Mr. Vincent,DN,0,26,Belinda
Mrs. ----,N,0,26,Belinda
Mrs. ----,C,0,26,Belinda
Mrs. ----,I,0,26,Belinda
Mrs. ----,A,0,26,Belinda
Mrs. ----,DC,0,26,Belinda
Mrs. ----,DN,0,26,Belinda
Mrs. Delacour,N,0,26,Belinda
Mrs. Delacour,C,0,26,Belinda
Mrs. Delacour,I,0,26,Belinda
Mrs. Delacour,A,0,26,Belinda
Mrs. Delacour,DC,0,26,Belinda
Mrs. Delacour,DN,0,26,Belinda
Mrs. Dumont,N,0,26,Belinda
Mrs. Dumont,C,0,26,Belinda
Mrs. Dumont,I,0,26,Belinda
Mrs. Dumont,A,0,26,Belinda
Mrs. Dumont,DC,0,26,Belinda
Mrs. Dumont,DN,0,26,Belinda
Mrs. Franks,N,0,26,Belinda
Mrs. Franks,C,0,26,Belinda
Mrs. Franks,I,0,26,Belinda
Mrs. Franks,A,0,26,Belinda
Mrs. Franks,DC,0,26,Belinda
Mrs. Franks,DN,0,26,Belinda
Mrs. Freke,N,2,26,Belinda
Mrs. Freke,C,0,26,Belinda
Mrs. Freke,I,0,26,Belinda
Mrs. Freke,A,0,26,Belinda
Mrs. Freke,DC,1,26,Belinda
Mrs. Freke,DN,0,26,Belinda
Mrs. Luttridge,N,0,26,Belinda
Mrs. Luttridge,C,0,26,Belinda
Mrs. Luttridge,I,0,26,Belinda
Mrs. Luttridge,A,0,26,Belinda
Mrs. Luttridge,DC,0,26,Belinda
Mrs. Luttridge,DN,0,26,Belinda
Mrs. Ormond,N,71,26,Belinda
Mrs. Ormond,C,127,26,Belinda
Mrs. Ormond,I,72,26,Belinda
Mrs. Ormond,A,45,26,Belinda
Mrs. Ormond,DC,7,26,Belinda
Mrs. Ormond,DN,8,26,Belinda
Mrs. Smith,N,7,26,Belinda
Mrs. Smith,C,7,26,Belinda
Mrs. Smith,I,14,26,Belinda
Mrs. Smith,A,9,26,Belinda
Mrs. Smith,DC,0,26,Belinda
Mrs. Smith,DN,0,26,Belinda
Mrs. Stanhope,N,1,26,Belinda
Mrs. Stanhope,C,0,26,Belinda
Mrs. Stanhope,I,1,26,Belinda
Mrs. Stanhope,A,0,26,Belinda
Mrs. Stanhope,DC,0,26,Belinda
Mrs. Stanhope,DN,0,26,Belinda
Mrs. Stanhope:--,N,0,26,Belinda
Mrs. Stanhope:--,C,0,26,Belinda
Mrs. Stanhope:--,I,0,26,Belinda
Mrs. Stanhope:--,A,0,26,Belinda
Mrs. Stanhope:--,DC,0,26,Belinda
Mrs. Stanhope:--,DN,0,26,Belinda
NIECE,N,0,26,Belinda
NIECE,C,0,26,Belinda
NIECE,I,0,26,Belinda
NIECE,A,0,26,Belinda
NIECE,DC,0,26,Belinda
NIECE,DN,0,26,Belinda
Paul,N,5,26,Belinda
Paul,C,0,26,Belinda
Paul,I,0,26,Belinda
Paul,A,1,26,Belinda
Paul,DC,4,26,Belinda
Paul,DN,0,26,Belinda
Percival,N,0,26,Belinda
Percival,C,0,26,Belinda
Percival,I,0,26,Belinda
Percival,A,0,26,Belinda
Percival,DC,0,26,Belinda
Percival,DN,0,26,Belinda
Petrarch,N,0,26,Belinda
Petrarch,C,0,26,Belinda
Petrarch,I,0,26,Belinda
Petrarch,A,0,26,Belinda
Petrarch,DC,0,26,Belinda
Petrarch,DN,0,26,Belinda
Queen Elizabeth,N,0,26,Belinda
Queen Elizabeth,C,0,26,Belinda
Queen Elizabeth,I,0,26,Belinda
Queen Elizabeth,A,0,26,Belinda
Queen Elizabeth,DC,0,26,Belinda
Queen Elizabeth,DN,0,26,Belinda
Rachel,N,14,26,Belinda
Rachel,C,0,26,Belinda
Rachel,I,0,26,Belinda
Rachel,A,4,26,Belinda
Rachel,DC,5,26,Belinda
Rachel,DN,5,26,Belinda
Rochfort,N,1,26,Belinda
Rochfort,C,0,26,Belinda
Rochfort,I,0,26,Belinda
Rochfort,A,1,26,Belinda
Rochfort,DC,0,26,Belinda
Rochfort,DN,0,26,Belinda
Sir Philip,N,1,26,Belinda
Sir Philip,C,0,26,Belinda
Sir Philip,I,0,26,Belinda
Sir Philip,A,0,26,Belinda
Sir Philip,DC,0,26,Belinda
Sir Philip,DN,0,26,Belinda
Solomon,N,0,26,Belinda
Solomon,C,0,26,Belinda
Solomon,I,0,26,Belinda
Solomon,A,0,26,Belinda
Solomon,DC,0,26,Belinda
Solomon,DN,0,26,Belinda
Tollemache,N,0,26,Belinda
Tollemache,C,0,26,Belinda
Tollemache,I,0,26,Belinda
Tollemache,A,0,26,Belinda
Tollemache,DC,0,26,Belinda
Tollemache,DN,0,26,Belinda
Valleton,N,0,26,Belinda
Valleton,C,0,26,Belinda
Valleton,I,0,26,Belinda
Valleton,A,0,26,Belinda
Valleton,DC,0,26,Belinda
Valleton,DN,0,26,Belinda
Virginia,N,72,26,Belinda
Virginia,C,53,26,Belinda
Virginia,I,75,26,Belinda
Virginia,A,76,26,Belinda
Virginia,DC,57,26,Belinda
Virginia,DN,9,26,Belinda
Young Vincent,N,0,26,Belinda
Young Vincent,C,0,26,Belinda
Young Vincent,I,0,26,Belinda
Young Vincent,A,0,26,Belinda
Young Vincent,DC,0,26,Belinda
Young Vincent,DN,0,26,Belinda
de Grignan,N,0,26,Belinda
de Grignan,C,0,26,Belinda
de Grignan,I,0,26,Belinda
de Grignan,A,0,26,Belinda
de Grignan,DC,0,26,Belinda
de Grignan,DN,0,26,Belinda
de Pomenars,N,0,26,Belinda
de Pomenars,C,0,26,Belinda
de Pomenars,I,0,26,Belinda
de Pomenars,A,0,26,Belinda
de Pomenars,DC,0,26,Belinda
de Pomenars,DN,0,26,Belinda
poor Lawless,N,0,26,Belinda
poor Lawless,C,0,26,Belinda
poor Lawless,I,0,26,Belinda
poor Lawless,A,0,26,Belinda
poor Lawless,DC,0,26,Belinda
poor Lawless,DN,0,26,Belinda
the Luttridges,N,0,26,Belinda
the Luttridges,C,0,26,Belinda
the Luttridges,I,0,26,Belinda
the Luttridges,A,0,26,Belinda
the Luttridges,DC,0,26,Belinda
the Luttridges,DN,0,26,Belinda
the Percivals,N,0,26,Belinda
the Percivals,C,0,26,Belinda
the Percivals,I,0,26,Belinda
the Percivals,A,0,26,Belinda
the Percivals,DC,0,26,Belinda
the Percivals,DN,0,26,Belinda
the honourable Mrs. Levit,N,0,26,Belinda
the honourable Mrs. Levit,C,0,26,Belinda
the honourable Mrs. Levit,I,0,26,Belinda
the honourable Mrs. Levit,A,0,26,Belinda
the honourable Mrs. Levit,DC,0,26,Belinda
the honourable Mrs. Levit,DN,0,26,Belinda
Annabella,N,0,27,Belinda
Annabella,C,0,27,Belinda
Annabella,I,0,27,Belinda
Annabella,A,0,27,Belinda
Annabella,DC,0,27,Belinda
Annabella,DN,0,27,Belinda
Belinda,N,23,27,Belinda
Belinda,C,1,27,Belinda
Belinda,I,3,27,Belinda
Belinda,A,6,27,Belinda
Belinda,DC,11,27,Belinda
Belinda,DN,2,27,Belinda
Bobby,N,0,27,Belinda
Bobby,C,0,27,Belinda
Bobby,I,0,27,Belinda
Bobby,A,0,27,Belinda
Bobby,DC,0,27,Belinda
Bobby,DN,0,27,Belinda
Captain Sunderland,N,0,27,Belinda
Captain Sunderland,C,0,27,Belinda
Captain Sunderland,I,0,27,Belinda
Captain Sunderland,A,0,27,Belinda
Captain Sunderland,DC,0,27,Belinda
Captain Sunderland,DN,0,27,Belinda
Champfort,N,0,27,Belinda
Champfort,C,0,27,Belinda
Champfort,I,0,27,Belinda
Champfort,A,0,27,Belinda
Champfort,DC,0,27,Belinda
Champfort,DN,0,27,Belinda
Charles,N,0,27,Belinda
Charles,C,0,27,Belinda
Charles,I,0,27,Belinda
Charles,A,0,27,Belinda
Charles,DC,0,27,Belinda
Charles,DN,0,27,Belinda
Clarence,N,0,27,Belinda
Clarence,C,0,27,Belinda
Clarence,I,0,27,Belinda
Clarence,A,0,27,Belinda
Clarence,DC,0,27,Belinda
Clarence,DN,0,27,Belinda
Clarence Hervey,N,0,27,Belinda
Clarence Hervey,C,0,27,Belinda
Clarence Hervey,I,0,27,Belinda
Clarence Hervey,A,0,27,Belinda
Clarence Hervey,DC,0,27,Belinda
Clarence Hervey,DN,0,27,Belinda
Clary,N,0,27,Belinda
Clary,C,0,27,Belinda
Clary,I,0,27,Belinda
Clary,A,0,27,Belinda
Clary,DC,0,27,Belinda
Clary,DN,0,27,Belinda
Cupid,N,0,27,Belinda
Cupid,C,0,27,Belinda
Cupid,I,0,27,Belinda
Cupid,A,0,27,Belinda
Cupid,DC,0,27,Belinda
Cupid,DN,0,27,Belinda
Damme,N,0,27,Belinda
Damme,C,0,27,Belinda
Damme,I,0,27,Belinda
Damme,A,0,27,Belinda
Damme,DC,0,27,Belinda
Damme,DN,0,27,Belinda
Doctor X----,N,0,27,Belinda
Doctor X----,C,0,27,Belinda
Doctor X----,I,0,27,Belinda
Doctor X----,A,0,27,Belinda
Doctor X----,DC,0,27,Belinda
Doctor X----,DN,0,27,Belinda
Dr. X----,N,11,27,Belinda
Dr. X----,C,11,27,Belinda
Dr. X----,I,3,27,Belinda
Dr. X----,A,5,27,Belinda
Dr. X----,DC,0,27,Belinda
Dr. X----,DN,0,27,Belinda
Edward,N,0,27,Belinda
Edward,C,0,27,Belinda
Edward,I,0,27,Belinda
Edward,A,0,27,Belinda
Edward,DC,0,27,Belinda
Edward,DN,0,27,Belinda
Fawcett,N,0,27,Belinda
Fawcett,C,0,27,Belinda
Fawcett,I,0,27,Belinda
Fawcett,A,0,27,Belinda
Fawcett,DC,0,27,Belinda
Fawcett,DN,0,27,Belinda
God,N,1,27,Belinda
God,C,0,27,Belinda
God,I,0,27,Belinda
God,A,0,27,Belinda
God,DC,0,27,Belinda
God,DN,0,27,Belinda
Harriot,N,0,27,Belinda
Harriot,C,0,27,Belinda
Harriot,I,0,27,Belinda
Harriot,A,0,27,Belinda
Harriot,DC,0,27,Belinda
Harriot,DN,0,27,Belinda
Heaven,N,0,27,Belinda
Heaven,C,0,27,Belinda
Heaven,I,0,27,Belinda
Heaven,A,0,27,Belinda
Heaven,DC,0,27,Belinda
Heaven,DN,0,27,Belinda
Helena,N,3,27,Belinda
Helena,C,1,27,Belinda
Helena,I,2,27,Belinda
Helena,A,2,27,Belinda
Helena,DC,0,27,Belinda
Helena,DN,1,27,Belinda
James,N,0,27,Belinda
James,C,0,27,Belinda
James,I,0,27,Belinda
James,A,0,27,Belinda
James,DC,0,27,Belinda
James,DN,0,27,Belinda
Jenny Mason,N,0,27,Belinda
Jenny Mason,C,0,27,Belinda
Jenny Mason,I,0,27,Belinda
Jenny Mason,A,0,27,Belinda
Jenny Mason,DC,0,27,Belinda
Jenny Mason,DN,0,27,Belinda
Joddrell,N,0,27,Belinda
Joddrell,C,0,27,Belinda
Joddrell,I,0,27,Belinda
Joddrell,A,0,27,Belinda
Joddrell,DC,0,27,Belinda
Joddrell,DN,0,27,Belinda
Jove,N,0,27,Belinda
Jove,C,0,27,Belinda
Jove,I,0,27,Belinda
Jove,A,0,27,Belinda
Jove,DC,0,27,Belinda
Jove,DN,0,27,Belinda
Juba,N,0,27,Belinda
Juba,C,0,27,Belinda
Juba,I,0,27,Belinda
Juba,A,0,27,Belinda
Juba,DC,0,27,Belinda
Juba,DN,0,27,Belinda
Lady Almeria,N,0,27,Belinda
Lady Almeria,C,0,27,Belinda
Lady Almeria,I,0,27,Belinda
Lady Almeria,A,0,27,Belinda
Lady Almeria,DC,0,27,Belinda
Lady Almeria,DN,0,27,Belinda
Lady Anne,N,1,27,Belinda
Lady Anne,C,0,27,Belinda
Lady Anne,I,0,27,Belinda
Lady Anne,A,0,27,Belinda
Lady Anne,DC,0,27,Belinda
Lady Anne,DN,0,27,Belinda
Lady Boucher,N,0,27,Belinda
Lady Boucher,C,0,27,Belinda
Lady Boucher,I,0,27,Belinda
Lady Boucher,A,0,27,Belinda
Lady Boucher,DC,0,27,Belinda
Lady Boucher,DN,0,27,Belinda
Lady Delacour,N,15,27,Belinda
Lady Delacour,C,0,27,Belinda
Lady Delacour,I,1,27,Belinda
Lady Delacour,A,1,27,Belinda
Lady Delacour,DC,0,27,Belinda
Lady Delacour,DN,1,27,Belinda
Lady Singleton,N,0,27,Belinda
Lady Singleton,C,0,27,Belinda
Lady Singleton,I,0,27,Belinda
Lady Singleton,A,0,27,Belinda
Lady Singleton,DC,0,27,Belinda
Lady Singleton,DN,0,27,Belinda
Lawless,N,0,27,Belinda
Lawless,C,0,27,Belinda
Lawless,I,0,27,Belinda
Lawless,A,0,27,Belinda
Lawless,DC,0,27,Belinda
Lawless,DN,0,27,Belinda
Lord,N,0,27,Belinda
Lord,C,0,27,Belinda
Lord,I,0,27,Belinda
Lord,A,0,27,Belinda
Lord,DC,0,27,Belinda
Lord,DN,0,27,Belinda
Lord Delacour,N,1,27,Belinda
Lord Delacour,C,0,27,Belinda
Lord Delacour,I,0,27,Belinda
Lord Delacour,A,0,27,Belinda
Lord Delacour,DC,0,27,Belinda
Lord Delacour,DN,0,27,Belinda
Lord Studley,N,0,27,Belinda
Lord Studley,C,0,27,Belinda
Lord Studley,I,0,27,Belinda
Lord Studley,A,0,27,Belinda
Lord Studley,DC,0,27,Belinda
Lord Studley,DN,0,27,Belinda
Lucy,N,0,27,Belinda
Lucy,C,0,27,Belinda
Lucy,I,0,27,Belinda
Lucy,A,0,27,Belinda
Lucy,DC,0,27,Belinda
Lucy,DN,0,27,Belinda
M. de St. Pierre,N,0,27,Belinda
M. de St. Pierre,C,0,27,Belinda
M. de St. Pierre,I,0,27,Belinda
M. de St. Pierre,A,0,27,Belinda
M. de St. Pierre,DC,0,27,Belinda
M. de St. Pierre,DN,0,27,Belinda
Mad,N,0,27,Belinda
Mad,C,0,27,Belinda
Mad,I,0,27,Belinda
Mad,A,0,27,Belinda
Mad,DC,0,27,Belinda
Mad,DN,0,27,Belinda
Mamma,N,0,27,Belinda
Mamma,C,0,27,Belinda
Mamma,I,0,27,Belinda
Mamma,A,0,27,Belinda
Mamma,DC,0,27,Belinda
Mamma,DN,0,27,Belinda
Marraton,N,0,27,Belinda
Marraton,C,0,27,Belinda
Marraton,I,0,27,Belinda
Marraton,A,0,27,Belinda
Marraton,DC,0,27,Belinda
Marraton,DN,0,27,Belinda
Marriott,N,1,27,Belinda
Marriott,C,0,27,Belinda
Marriott,I,0,27,Belinda
Marriott,A,1,27,Belinda
Marriott,DC,1,27,Belinda
Marriott,DN,0,27,Belinda
Ma’am,N,0,27,Belinda
Ma’am,C,0,27,Belinda
Ma’am,I,0,27,Belinda
Ma’am,A,0,27,Belinda
Ma’am,DC,0,27,Belinda
Ma’am,DN,0,27,Belinda
Milord,N,0,27,Belinda
Milord,C,0,27,Belinda
Milord,I,0,27,Belinda
Milord,A,0,27,Belinda
Milord,DC,0,27,Belinda
Milord,DN,0,27,Belinda
Miss Delacour,N,0,27,Belinda
Miss Delacour,C,0,27,Belinda
Miss Delacour,I,0,27,Belinda
Miss Delacour,A,0,27,Belinda
Miss Delacour,DC,0,27,Belinda
Miss Delacour,DN,0,27,Belinda
Miss Hartley,N,0,27,Belinda
Miss Hartley,C,0,27,Belinda
Miss Hartley,I,0,27,Belinda
Miss Hartley,A,0,27,Belinda
Miss Hartley,DC,0,27,Belinda
Miss Hartley,DN,0,27,Belinda
Miss Honour O’Grady,N,0,27,Belinda
Miss Honour O’Grady,C,0,27,Belinda
Miss Honour O’Grady,I,0,27,Belinda
Miss Honour O’Grady,A,0,27,Belinda
Miss Honour O’Grady,DC,0,27,Belinda
Miss Honour O’Grady,DN,0,27,Belinda
Miss Moreton,N,0,27,Belinda
Miss Moreton,C,0,27,Belinda
Miss Moreton,I,0,27,Belinda
Miss Moreton,A,0,27,Belinda
Miss Moreton,DC,0,27,Belinda
Miss Moreton,DN,0,27,Belinda
Miss Portman----,N,0,27,Belinda
Miss Portman----,C,0,27,Belinda
Miss Portman----,I,0,27,Belinda
Miss Portman----,A,0,27,Belinda
Miss Portman----,DC,0,27,Belinda
Miss Portman----,DN,0,27,Belinda
Miss St. Pierre,N,2,27,Belinda
Miss St. Pierre,C,0,27,Belinda
Miss St. Pierre,I,0,27,Belinda
Miss St. Pierre,A,2,27,Belinda
Miss St. Pierre,DC,4,27,Belinda
Miss St. Pierre,DN,0,27,Belinda
Mr. Freke,N,0,27,Belinda
Mr. Freke,C,0,27,Belinda
Mr. Freke,I,0,27,Belinda
Mr. Freke,A,0,27,Belinda
Mr. Freke,DC,0,27,Belinda
Mr. Freke,DN,0,27,Belinda
Mr. Hartley,N,33,27,Belinda
Mr. Hartley,C,24,27,Belinda
Mr. Hartley,I,16,27,Belinda
Mr. Hartley,A,34,27,Belinda
Mr. Hartley,DC,9,27,Belinda
Mr. Hartley,DN,7,27,Belinda
Mr. Hervey,N,104,27,Belinda
Mr. Hervey,C,40,27,Belinda
Mr. Hervey,I,109,27,Belinda
Mr. Hervey,A,101,27,Belinda
Mr. Hervey,DC,72,27,Belinda
Mr. Hervey,DN,23,27,Belinda
Mr. Horton,N,3,27,Belinda
Mr. Horton,C,0,27,Belinda
Mr. Horton,I,0,27,Belinda
Mr. Horton,A,0,27,Belinda
Mr. Horton,DC,1,27,Belinda
Mr. Horton,DN,0,27,Belinda
Mr. Luttridge,N,0,27,Belinda
Mr. Luttridge,C,0,27,Belinda
Mr. Luttridge,I,0,27,Belinda
Mr. Luttridge,A,0,27,Belinda
Mr. Luttridge,DC,0,27,Belinda
Mr. Luttridge,DN,0,27,Belinda
Mr. Percival,N,0,27,Belinda
Mr. Percival,C,0,27,Belinda
Mr. Percival,I,0,27,Belinda
Mr. Percival,A,0,27,Belinda
Mr. Percival,DC,0,27,Belinda
Mr. Percival,DN,0,27,Belinda
Mr. St. George,N,0,27,Belinda
Mr. St. George,C,0,27,Belinda
Mr. St. George,I,0,27,Belinda
Mr. St. George,A,0,27,Belinda
Mr. St. George,DC,0,27,Belinda
Mr. St. George,DN,0,27,Belinda
Mr. V----,N,0,27,Belinda
Mr. V----,C,0,27,Belinda
Mr. V----,I,0,27,Belinda
Mr. V----,A,0,27,Belinda
Mr. V----,DC,0,27,Belinda
Mr. V----,DN,0,27,Belinda
Mr. Vincent,N,6,27,Belinda
Mr. Vincent,C,0,27,Belinda
Mr. Vincent,I,0,27,Belinda
Mr. Vincent,A,0,27,Belinda
Mr. Vincent,DC,2,27,Belinda
Mr. Vincent,DN,0,27,Belinda
Mrs. ----,N,0,27,Belinda
Mrs. ----,C,0,27,Belinda
Mrs. ----,I,0,27,Belinda
Mrs. ----,A,0,27,Belinda
Mrs. ----,DC,0,27,Belinda
Mrs. ----,DN,0,27,Belinda
Mrs. Delacour,N,9,27,Belinda
Mrs. Delacour,C,2,27,Belinda
Mrs. Delacour,I,0,27,Belinda
Mrs. Delacour,A,1,27,Belinda
Mrs. Delacour,DC,3,27,Belinda
Mrs. Delacour,DN,0,27,Belinda
Mrs. Dumont,N,0,27,Belinda
Mrs. Dumont,C,0,27,Belinda
Mrs. Dumont,I,0,27,Belinda
Mrs. Dumont,A,0,27,Belinda
Mrs. Dumont,DC,0,27,Belinda
Mrs. Dumont,DN,0,27,Belinda
Mrs. Franks,N,0,27,Belinda
Mrs. Franks,C,0,27,Belinda
Mrs. Franks,I,0,27,Belinda
Mrs. Franks,A,0,27,Belinda
Mrs. Franks,DC,0,27,Belinda
Mrs. Franks,DN,0,27,Belinda
Mrs. Freke,N,4,27,Belinda
Mrs. Freke,C,4,27,Belinda
Mrs. Freke,I,7,27,Belinda
Mrs. Freke,A,3,27,Belinda
Mrs. Freke,DC,1,27,Belinda
Mrs. Freke,DN,0,27,Belinda
Mrs. Luttridge,N,0,27,Belinda
Mrs. Luttridge,C,0,27,Belinda
Mrs. Luttridge,I,0,27,Belinda
Mrs. Luttridge,A,0,27,Belinda
Mrs. Luttridge,DC,0,27,Belinda
Mrs. Luttridge,DN,0,27,Belinda
Mrs. Ormond,N,47,27,Belinda
Mrs. Ormond,C,38,27,Belinda
Mrs. Ormond,I,29,27,Belinda
Mrs. Ormond,A,22,27,Belinda
Mrs. Ormond,DC,9,27,Belinda
Mrs. Ormond,DN,4,27,Belinda
Mrs. Smith,N,1,27,Belinda
Mrs. Smith,C,0,27,Belinda
Mrs. Smith,I,0,27,Belinda
Mrs. Smith,A,1,27,Belinda
Mrs. Smith,DC,0,27,Belinda
Mrs. Smith,DN,0,27,Belinda
Mrs. Stanhope,N,0,27,Belinda
Mrs. Stanhope,C,0,27,Belinda
Mrs. Stanhope,I,0,27,Belinda
Mrs. Stanhope,A,0,27,Belinda
Mrs. Stanhope,DC,0,27,Belinda
Mrs. Stanhope,DN,0,27,Belinda
Mrs. Stanhope:--,N,0,27,Belinda
Mrs. Stanhope:--,C,0,27,Belinda
Mrs. Stanhope:--,I,0,27,Belinda
Mrs. Stanhope:--,A,0,27,Belinda
Mrs. Stanhope:--,DC,0,27,Belinda
Mrs. Stanhope:--,DN,0,27,Belinda
NIECE,N,0,27,Belinda
NIECE,C,0,27,Belinda
NIECE,I,0,27,Belinda
NIECE,A,0,27,Belinda
NIECE,DC,0,27,Belinda
NIECE,DN,0,27,Belinda
Paul,N,0,27,Belinda
Paul,C,0,27,Belinda
Paul,I,0,27,Belinda
Paul,A,0,27,Belinda
Paul,DC,0,27,Belinda
Paul,DN,0,27,Belinda
Percival,N,0,27,Belinda
Percival,C,0,27,Belinda
Percival,I,0,27,Belinda
Percival,A,0,27,Belinda
Percival,DC,0,27,Belinda
Percival,DN,0,27,Belinda
Petrarch,N,0,27,Belinda
Petrarch,C,0,27,Belinda
Petrarch,I,0,27,Belinda
Petrarch,A,0,27,Belinda
Petrarch,DC,0,27,Belinda
Petrarch,DN,0,27,Belinda
Queen Elizabeth,N,0,27,Belinda
Queen Elizabeth,C,0,27,Belinda
Queen Elizabeth,I,0,27,Belinda
Queen Elizabeth,A,0,27,Belinda
Queen Elizabeth,DC,0,27,Belinda
Queen Elizabeth,DN,0,27,Belinda
Rachel,N,0,27,Belinda
Rachel,C,0,27,Belinda
Rachel,I,0,27,Belinda
Rachel,A,0,27,Belinda
Rachel,DC,0,27,Belinda
Rachel,DN,0,27,Belinda
Rochfort,N,0,27,Belinda
Rochfort,C,0,27,Belinda
Rochfort,I,0,27,Belinda
Rochfort,A,0,27,Belinda
Rochfort,DC,0,27,Belinda
Rochfort,DN,0,27,Belinda
Sir Philip,N,0,27,Belinda
Sir Philip,C,0,27,Belinda
Sir Philip,I,0,27,Belinda
Sir Philip,A,0,27,Belinda
Sir Philip,DC,0,27,Belinda
Sir Philip,DN,0,27,Belinda
Solomon,N,0,27,Belinda
Solomon,C,0,27,Belinda
Solomon,I,0,27,Belinda
Solomon,A,0,27,Belinda
Solomon,DC,0,27,Belinda
Solomon,DN,0,27,Belinda
Tollemache,N,0,27,Belinda
Tollemache,C,0,27,Belinda
Tollemache,I,0,27,Belinda
Tollemache,A,0,27,Belinda
Tollemache,DC,0,27,Belinda
Tollemache,DN,0,27,Belinda
Valleton,N,0,27,Belinda
Valleton,C,0,27,Belinda
Valleton,I,0,27,Belinda
Valleton,A,0,27,Belinda
Valleton,DC,0,27,Belinda
Valleton,DN,0,27,Belinda
Virginia,N,84,27,Belinda
Virginia,C,67,27,Belinda
Virginia,I,61,27,Belinda
Virginia,A,63,27,Belinda
Virginia,DC,42,27,Belinda
Virginia,DN,8,27,Belinda
Young Vincent,N,0,27,Belinda
Young Vincent,C,0,27,Belinda
Young Vincent,I,0,27,Belinda
Young Vincent,A,0,27,Belinda
Young Vincent,DC,0,27,Belinda
Young Vincent,DN,0,27,Belinda
de Grignan,N,0,27,Belinda
de Grignan,C,0,27,Belinda
de Grignan,I,0,27,Belinda
de Grignan,A,0,27,Belinda
de Grignan,DC,0,27,Belinda
de Grignan,DN,0,27,Belinda
de Pomenars,N,0,27,Belinda
de Pomenars,C,0,27,Belinda
de Pomenars,I,0,27,Belinda
de Pomenars,A,0,27,Belinda
de Pomenars,DC,0,27,Belinda
de Pomenars,DN,0,27,Belinda
poor Lawless,N,0,27,Belinda
poor Lawless,C,0,27,Belinda
poor Lawless,I,0,27,Belinda
poor Lawless,A,0,27,Belinda
poor Lawless,DC,0,27,Belinda
poor Lawless,DN,0,27,Belinda
the Luttridges,N,0,27,Belinda
the Luttridges,C,0,27,Belinda
the Luttridges,I,0,27,Belinda
the Luttridges,A,0,27,Belinda
the Luttridges,DC,0,27,Belinda
the Luttridges,DN,0,27,Belinda
the Percivals,N,0,27,Belinda
the Percivals,C,0,27,Belinda
the Percivals,I,0,27,Belinda
the Percivals,A,0,27,Belinda
the Percivals,DC,0,27,Belinda
the Percivals,DN,0,27,Belinda
the honourable Mrs. Levit,N,0,27,Belinda
the honourable Mrs. Levit,C,0,27,Belinda
the honourable Mrs. Levit,I,0,27,Belinda
the honourable Mrs. Levit,A,0,27,Belinda
the honourable Mrs. Levit,DC,0,27,Belinda
the honourable Mrs. Levit,DN,0,27,Belinda
Annabella,N,14,28,Belinda
Annabella,C,0,28,Belinda
Annabella,I,1,28,Belinda
Annabella,A,3,28,Belinda
Annabella,DC,0,28,Belinda
Annabella,DN,0,28,Belinda
Belinda,N,39,28,Belinda
Belinda,C,0,28,Belinda
Belinda,I,4,28,Belinda
Belinda,A,7,28,Belinda
Belinda,DC,21,28,Belinda
Belinda,DN,6,28,Belinda
Bobby,N,0,28,Belinda
Bobby,C,0,28,Belinda
Bobby,I,0,28,Belinda
Bobby,A,0,28,Belinda
Bobby,DC,0,28,Belinda
Bobby,DN,0,28,Belinda
Captain Sunderland,N,0,28,Belinda
Captain Sunderland,C,0,28,Belinda
Captain Sunderland,I,0,28,Belinda
Captain Sunderland,A,0,28,Belinda
Captain Sunderland,DC,0,28,Belinda
Captain Sunderland,DN,0,28,Belinda
Champfort,N,0,28,Belinda
Champfort,C,0,28,Belinda
Champfort,I,0,28,Belinda
Champfort,A,0,28,Belinda
Champfort,DC,0,28,Belinda
Champfort,DN,0,28,Belinda
Charles,N,0,28,Belinda
Charles,C,0,28,Belinda
Charles,I,0,28,Belinda
Charles,A,0,28,Belinda
Charles,DC,0,28,Belinda
Charles,DN,0,28,Belinda
Clarence,N,0,28,Belinda
Clarence,C,0,28,Belinda
Clarence,I,0,28,Belinda
Clarence,A,0,28,Belinda
Clarence,DC,0,28,Belinda
Clarence,DN,0,28,Belinda
Clarence Hervey,N,0,28,Belinda
Clarence Hervey,C,0,28,Belinda
Clarence Hervey,I,0,28,Belinda
Clarence Hervey,A,0,28,Belinda
Clarence Hervey,DC,0,28,Belinda
Clarence Hervey,DN,0,28,Belinda
Clary,N,0,28,Belinda
Clary,C,0,28,Belinda
Clary,I,0,28,Belinda
Clary,A,0,28,Belinda
Clary,DC,0,28,Belinda
Clary,DN,0,28,Belinda
Cupid,N,0,28,Belinda
Cupid,C,0,28,Belinda
Cupid,I,0,28,Belinda
Cupid,A,0,28,Belinda
Cupid,DC,0,28,Belinda
Cupid,DN,0,28,Belinda
Damme,N,0,28,Belinda
Damme,C,0,28,Belinda
Damme,I,0,28,Belinda
Damme,A,0,28,Belinda
Damme,DC,0,28,Belinda
Damme,DN,0,28,Belinda
Doctor X----,N,0,28,Belinda
Doctor X----,C,0,28,Belinda
Doctor X----,I,0,28,Belinda
Doctor X----,A,0,28,Belinda
Doctor X----,DC,0,28,Belinda
Doctor X----,DN,0,28,Belinda
Dr. X----,N,0,28,Belinda
Dr. X----,C,0,28,Belinda
Dr. X----,I,0,28,Belinda
Dr. X----,A,0,28,Belinda
Dr. X----,DC,0,28,Belinda
Dr. X----,DN,0,28,Belinda
Edward,N,0,28,Belinda
Edward,C,0,28,Belinda
Edward,I,0,28,Belinda
Edward,A,0,28,Belinda
Edward,DC,0,28,Belinda
Edward,DN,0,28,Belinda
Fawcett,N,0,28,Belinda
Fawcett,C,0,28,Belinda
Fawcett,I,0,28,Belinda
Fawcett,A,0,28,Belinda
Fawcett,DC,0,28,Belinda
Fawcett,DN,0,28,Belinda
God,N,1,28,Belinda
God,C,0,28,Belinda
God,I,0,28,Belinda
God,A,0,28,Belinda
God,DC,0,28,Belinda
God,DN,0,28,Belinda
Harriot,N,1,28,Belinda
Harriot,C,0,28,Belinda
Harriot,I,0,28,Belinda
Harriot,A,0,28,Belinda
Harriot,DC,0,28,Belinda
Harriot,DN,0,28,Belinda
Heaven,N,0,28,Belinda
Heaven,C,0,28,Belinda
Heaven,I,0,28,Belinda
Heaven,A,0,28,Belinda
Heaven,DC,0,28,Belinda
Heaven,DN,0,28,Belinda
Helena,N,1,28,Belinda
Helena,C,0,28,Belinda
Helena,I,0,28,Belinda
Helena,A,0,28,Belinda
Helena,DC,0,28,Belinda
Helena,DN,1,28,Belinda
James,N,0,28,Belinda
James,C,0,28,Belinda
James,I,0,28,Belinda
James,A,0,28,Belinda
James,DC,0,28,Belinda
James,DN,0,28,Belinda
Jenny Mason,N,0,28,Belinda
Jenny Mason,C,0,28,Belinda
Jenny Mason,I,0,28,Belinda
Jenny Mason,A,0,28,Belinda
Jenny Mason,DC,0,28,Belinda
Jenny Mason,DN,0,28,Belinda
Joddrell,N,0,28,Belinda
Joddrell,C,0,28,Belinda
Joddrell,I,0,28,Belinda
Joddrell,A,0,28,Belinda
Joddrell,DC,0,28,Belinda
Joddrell,DN,0,28,Belinda
Jove,N,0,28,Belinda
Jove,C,0,28,Belinda
Jove,I,0,28,Belinda
Jove,A,0,28,Belinda
Jove,DC,0,28,Belinda
Jove,DN,0,28,Belinda
Juba,N,9,28,Belinda
Juba,C,0,28,Belinda
Juba,I,0,28,Belinda
Juba,A,1,28,Belinda
Juba,DC,0,28,Belinda
Juba,DN,0,28,Belinda
Lady Almeria,N,0,28,Belinda
Lady Almeria,C,0,28,Belinda
Lady Almeria,I,0,28,Belinda
Lady Almeria,A,0,28,Belinda
Lady Almeria,DC,0,28,Belinda
Lady Almeria,DN,0,28,Belinda
Lady Anne,N,0,28,Belinda
Lady Anne,C,0,28,Belinda
Lady Anne,I,0,28,Belinda
Lady Anne,A,0,28,Belinda
Lady Anne,DC,0,28,Belinda
Lady Anne,DN,0,28,Belinda
Lady Boucher,N,0,28,Belinda
Lady Boucher,C,0,28,Belinda
Lady Boucher,I,0,28,Belinda
Lady Boucher,A,0,28,Belinda
Lady Boucher,DC,0,28,Belinda
Lady Boucher,DN,0,28,Belinda
Lady Delacour,N,7,28,Belinda
Lady Delacour,C,0,28,Belinda
Lady Delacour,I,1,28,Belinda
Lady Delacour,A,1,28,Belinda
Lady Delacour,DC,4,28,Belinda
Lady Delacour,DN,0,28,Belinda
Lady Singleton,N,0,28,Belinda
Lady Singleton,C,0,28,Belinda
Lady Singleton,I,0,28,Belinda
Lady Singleton,A,0,28,Belinda
Lady Singleton,DC,0,28,Belinda
Lady Singleton,DN,0,28,Belinda
Lawless,N,0,28,Belinda
Lawless,C,0,28,Belinda
Lawless,I,0,28,Belinda
Lawless,A,0,28,Belinda
Lawless,DC,0,28,Belinda
Lawless,DN,0,28,Belinda
Lord,N,0,28,Belinda
Lord,C,0,28,Belinda
Lord,I,0,28,Belinda
Lord,A,0,28,Belinda
Lord,DC,0,28,Belinda
Lord,DN,0,28,Belinda
Lord Delacour,N,14,28,Belinda
Lord Delacour,C,8,28,Belinda
Lord Delacour,I,5,28,Belinda
Lord Delacour,A,4,28,Belinda
Lord Delacour,DC,1,28,Belinda
Lord Delacour,DN,0,28,Belinda
Lord Studley,N,0,28,Belinda
Lord Studley,C,0,28,Belinda
Lord Studley,I,0,28,Belinda
Lord Studley,A,0,28,Belinda
Lord Studley,DC,0,28,Belinda
Lord Studley,DN,0,28,Belinda
Lucy,N,0,28,Belinda
Lucy,C,0,28,Belinda
Lucy,I,0,28,Belinda
Lucy,A,0,28,Belinda
Lucy,DC,0,28,Belinda
Lucy,DN,0,28,Belinda
M. de St. Pierre,N,0,28,Belinda
M. de St. Pierre,C,0,28,Belinda
M. de St. Pierre,I,0,28,Belinda
M. de St. Pierre,A,0,28,Belinda
M. de St. Pierre,DC,0,28,Belinda
M. de St. Pierre,DN,0,28,Belinda
Mad,N,0,28,Belinda
Mad,C,0,28,Belinda
Mad,I,0,28,Belinda
Mad,A,0,28,Belinda
Mad,DC,0,28,Belinda
Mad,DN,0,28,Belinda
Mamma,N,0,28,Belinda
Mamma,C,0,28,Belinda
Mamma,I,0,28,Belinda
Mamma,A,0,28,Belinda
Mamma,DC,0,28,Belinda
Mamma,DN,0,28,Belinda
Marraton,N,0,28,Belinda
Marraton,C,0,28,Belinda
Marraton,I,0,28,Belinda
Marraton,A,0,28,Belinda
Marraton,DC,0,28,Belinda
Marraton,DN,0,28,Belinda
Marriott,N,0,28,Belinda
Marriott,C,0,28,Belinda
Marriott,I,0,28,Belinda
Marriott,A,0,28,Belinda
Marriott,DC,0,28,Belinda
Marriott,DN,0,28,Belinda
Ma’am,N,0,28,Belinda
Ma’am,C,0,28,Belinda
Ma’am,I,0,28,Belinda
Ma’am,A,0,28,Belinda
Ma’am,DC,0,28,Belinda
Ma’am,DN,0,28,Belinda
Milord,N,0,28,Belinda
Milord,C,0,28,Belinda
Milord,I,0,28,Belinda
Milord,A,0,28,Belinda
Milord,DC,0,28,Belinda
Milord,DN,0,28,Belinda
Miss Delacour,N,0,28,Belinda
Miss Delacour,C,0,28,Belinda
Miss Delacour,I,0,28,Belinda
Miss Delacour,A,0,28,Belinda
Miss Delacour,DC,0,28,Belinda
Miss Delacour,DN,0,28,Belinda
Miss Hartley,N,0,28,Belinda
Miss Hartley,C,0,28,Belinda
Miss Hartley,I,0,28,Belinda
Miss Hartley,A,0,28,Belinda
Miss Hartley,DC,0,28,Belinda
Miss Hartley,DN,0,28,Belinda
Miss Honour O’Grady,N,0,28,Belinda
Miss Honour O’Grady,C,0,28,Belinda
Miss Honour O’Grady,I,0,28,Belinda
Miss Honour O’Grady,A,0,28,Belinda
Miss Honour O’Grady,DC,0,28,Belinda
Miss Honour O’Grady,DN,0,28,Belinda
Miss Moreton,N,0,28,Belinda
Miss Moreton,C,0,28,Belinda
Miss Moreton,I,0,28,Belinda
Miss Moreton,A,0,28,Belinda
Miss Moreton,DC,0,28,Belinda
Miss Moreton,DN,0,28,Belinda
Miss Portman----,N,0,28,Belinda
Miss Portman----,C,0,28,Belinda
Miss Portman----,I,0,28,Belinda
Miss Portman----,A,0,28,Belinda
Miss Portman----,DC,0,28,Belinda
Miss Portman----,DN,0,28,Belinda
Miss St. Pierre,N,0,28,Belinda
Miss St. Pierre,C,0,28,Belinda
Miss St. Pierre,I,0,28,Belinda
Miss St. Pierre,A,0,28,Belinda
Miss St. Pierre,DC,0,28,Belinda
Miss St. Pierre,DN,0,28,Belinda
Mr. Freke,N,0,28,Belinda
Mr. Freke,C,0,28,Belinda
Mr. Freke,I,0,28,Belinda
Mr. Freke,A,0,28,Belinda
Mr. Freke,DC,0,28,Belinda
Mr. Freke,DN,0,28,Belinda
Mr. Hartley,N,1,28,Belinda
Mr. Hartley,C,0,28,Belinda
Mr. Hartley,I,0,28,Belinda
Mr. Hartley,A,0,28,Belinda
Mr. Hartley,DC,0,28,Belinda
Mr. Hartley,DN,0,28,Belinda
Mr. Hervey,N,69,28,Belinda
Mr. Hervey,C,37,28,Belinda
Mr. Hervey,I,61,28,Belinda
Mr. Hervey,A,71,28,Belinda
Mr. Hervey,DC,21,28,Belinda
Mr. Hervey,DN,12,28,Belinda
Mr. Horton,N,0,28,Belinda
Mr. Horton,C,0,28,Belinda
Mr. Horton,I,0,28,Belinda
Mr. Horton,A,0,28,Belinda
Mr. Horton,DC,0,28,Belinda
Mr. Horton,DN,0,28,Belinda
Mr. Luttridge,N,5,28,Belinda
Mr. Luttridge,C,0,28,Belinda
Mr. Luttridge,I,0,28,Belinda
Mr. Luttridge,A,1,28,Belinda
Mr. Luttridge,DC,0,28,Belinda
Mr. Luttridge,DN,0,28,Belinda
Mr. Percival,N,11,28,Belinda
Mr. Percival,C,0,28,Belinda
Mr. Percival,I,2,28,Belinda
Mr. Percival,A,1,28,Belinda
Mr. Percival,DC,0,28,Belinda
Mr. Percival,DN,0,28,Belinda
Mr. St. George,N,0,28,Belinda
Mr. St. George,C,0,28,Belinda
Mr. St. George,I,0,28,Belinda
Mr. St. George,A,0,28,Belinda
Mr. St. George,DC,0,28,Belinda
Mr. St. George,DN,0,28,Belinda
Mr. V----,N,0,28,Belinda
Mr. V----,C,0,28,Belinda
Mr. V----,I,0,28,Belinda
Mr. V----,A,0,28,Belinda
Mr. V----,DC,0,28,Belinda
Mr. V----,DN,0,28,Belinda
Mr. Vincent,N,55,28,Belinda
Mr. Vincent,C,23,28,Belinda
Mr. Vincent,I,51,28,Belinda
Mr. Vincent,A,77,28,Belinda
Mr. Vincent,DC,15,28,Belinda
Mr. Vincent,DN,23,28,Belinda
Mrs. ----,N,0,28,Belinda
Mrs. ----,C,0,28,Belinda
Mrs. ----,I,0,28,Belinda
Mrs. ----,A,0,28,Belinda
Mrs. ----,DC,0,28,Belinda
Mrs. ----,DN,0,28,Belinda
Mrs. Delacour,N,0,28,Belinda
Mrs. Delacour,C,0,28,Belinda
Mrs. Delacour,I,0,28,Belinda
Mrs. Delacour,A,0,28,Belinda
Mrs. Delacour,DC,0,28,Belinda
Mrs. Delacour,DN,0,28,Belinda
Mrs. Dumont,N,0,28,Belinda
Mrs. Dumont,C,0,28,Belinda
Mrs. Dumont,I,0,28,Belinda
Mrs. Dumont,A,0,28,Belinda
Mrs. Dumont,DC,0,28,Belinda
Mrs. Dumont,DN,0,28,Belinda
Mrs. Franks,N,0,28,Belinda
Mrs. Franks,C,0,28,Belinda
Mrs. Franks,I,0,28,Belinda
Mrs. Franks,A,0,28,Belinda
Mrs. Franks,DC,0,28,Belinda
Mrs. Franks,DN,0,28,Belinda
Mrs. Freke,N,3,28,Belinda
Mrs. Freke,C,0,28,Belinda
Mrs. Freke,I,2,28,Belinda
Mrs. Freke,A,0,28,Belinda
Mrs. Freke,DC,0,28,Belinda
Mrs. Freke,DN,0,28,Belinda
Mrs. Luttridge,N,36,28,Belinda
Mrs. Luttridge,C,6,28,Belinda
Mrs. Luttridge,I,18,28,Belinda
Mrs. Luttridge,A,14,28,Belinda
Mrs. Luttridge,DC,5,28,Belinda
Mrs. Luttridge,DN,2,28,Belinda
Mrs. Ormond,N,1,28,Belinda
Mrs. Ormond,C,0,28,Belinda
Mrs. Ormond,I,0,28,Belinda
Mrs. Ormond,A,0,28,Belinda
Mrs. Ormond,DC,0,28,Belinda
Mrs. Ormond,DN,0,28,Belinda
Mrs. Smith,N,0,28,Belinda
Mrs. Smith,C,0,28,Belinda
Mrs. Smith,I,0,28,Belinda
Mrs. Smith,A,0,28,Belinda
Mrs. Smith,DC,0,28,Belinda
Mrs. Smith,DN,0,28,Belinda
Mrs. Stanhope,N,0,28,Belinda
Mrs. Stanhope,C,0,28,Belinda
Mrs. Stanhope,I,0,28,Belinda
Mrs. Stanhope,A,0,28,Belinda
Mrs. Stanhope,DC,0,28,Belinda
Mrs. Stanhope,DN,0,28,Belinda
Mrs. Stanhope:--,N,0,28,Belinda
Mrs. Stanhope:--,C,0,28,Belinda
Mrs. Stanhope:--,I,0,28,Belinda
Mrs. Stanhope:--,A,0,28,Belinda
Mrs. Stanhope:--,DC,0,28,Belinda
Mrs. Stanhope:--,DN,0,28,Belinda
NIECE,N,0,28,Belinda
NIECE,C,0,28,Belinda
NIECE,I,0,28,Belinda
NIECE,A,0,28,Belinda
NIECE,DC,0,28,Belinda
NIECE,DN,0,28,Belinda
Paul,N,0,28,Belinda
Paul,C,0,28,Belinda
Paul,I,0,28,Belinda
Paul,A,0,28,Belinda
Paul,DC,0,28,Belinda
Paul,DN,0,28,Belinda
Percival,N,0,28,Belinda
Percival,C,0,28,Belinda
Percival,I,0,28,Belinda
Percival,A,0,28,Belinda
Percival,DC,0,28,Belinda
Percival,DN,0,28,Belinda
Petrarch,N,0,28,Belinda
Petrarch,C,0,28,Belinda
Petrarch,I,0,28,Belinda
Petrarch,A,0,28,Belinda
Petrarch,DC,0,28,Belinda
Petrarch,DN,0,28,Belinda
Queen Elizabeth,N,0,28,Belinda
Queen Elizabeth,C,0,28,Belinda
Queen Elizabeth,I,0,28,Belinda
Queen Elizabeth,A,0,28,Belinda
Queen Elizabeth,DC,0,28,Belinda
Queen Elizabeth,DN,0,28,Belinda
Rachel,N,0,28,Belinda
Rachel,C,0,28,Belinda
Rachel,I,0,28,Belinda
Rachel,A,0,28,Belinda
Rachel,DC,0,28,Belinda
Rachel,DN,0,28,Belinda
Rochfort,N,0,28,Belinda
Rochfort,C,0,28,Belinda
Rochfort,I,0,28,Belinda
Rochfort,A,0,28,Belinda
Rochfort,DC,0,28,Belinda
Rochfort,DN,0,28,Belinda
Sir Philip,N,0,28,Belinda
Sir Philip,C,0,28,Belinda
Sir Philip,I,0,28,Belinda
Sir Philip,A,0,28,Belinda
Sir Philip,DC,0,28,Belinda
Sir Philip,DN,0,28,Belinda
Solomon,N,0,28,Belinda
Solomon,C,0,28,Belinda
Solomon,I,0,28,Belinda
Solomon,A,0,28,Belinda
Solomon,DC,0,28,Belinda
Solomon,DN,0,28,Belinda
Tollemache,N,0,28,Belinda
Tollemache,C,0,28,Belinda
Tollemache,I,0,28,Belinda
Tollemache,A,0,28,Belinda
Tollemache,DC,0,28,Belinda
Tollemache,DN,0,28,Belinda
Valleton,N,0,28,Belinda
Valleton,C,0,28,Belinda
Valleton,I,0,28,Belinda
Valleton,A,0,28,Belinda
Valleton,DC,0,28,Belinda
Valleton,DN,0,28,Belinda
Virginia,N,1,28,Belinda
Virginia,C,0,28,Belinda
Virginia,I,0,28,Belinda
Virginia,A,0,28,Belinda
Virginia,DC,0,28,Belinda
Virginia,DN,0,28,Belinda
Young Vincent,N,1,28,Belinda
Young Vincent,C,0,28,Belinda
Young Vincent,I,9,28,Belinda
Young Vincent,A,5,28,Belinda
Young Vincent,DC,0,28,Belinda
Young Vincent,DN,4,28,Belinda
de Grignan,N,0,28,Belinda
de Grignan,C,0,28,Belinda
de Grignan,I,0,28,Belinda
de Grignan,A,0,28,Belinda
de Grignan,DC,0,28,Belinda
de Grignan,DN,0,28,Belinda
de Pomenars,N,0,28,Belinda
de Pomenars,C,0,28,Belinda
de Pomenars,I,0,28,Belinda
de Pomenars,A,0,28,Belinda
de Pomenars,DC,0,28,Belinda
de Pomenars,DN,0,28,Belinda
poor Lawless,N,0,28,Belinda
poor Lawless,C,0,28,Belinda
poor Lawless,I,0,28,Belinda
poor Lawless,A,0,28,Belinda
poor Lawless,DC,0,28,Belinda
poor Lawless,DN,0,28,Belinda
the Luttridges,N,1,28,Belinda
the Luttridges,C,0,28,Belinda
the Luttridges,I,0,28,Belinda
the Luttridges,A,0,28,Belinda
the Luttridges,DC,0,28,Belinda
the Luttridges,DN,0,28,Belinda
the Percivals,N,1,28,Belinda
the Percivals,C,0,28,Belinda
the Percivals,I,0,28,Belinda
the Percivals,A,0,28,Belinda
the Percivals,DC,0,28,Belinda
the Percivals,DN,0,28,Belinda
the honourable Mrs. Levit,N,0,28,Belinda
the honourable Mrs. Levit,C,0,28,Belinda
the honourable Mrs. Levit,I,0,28,Belinda
the honourable Mrs. Levit,A,0,28,Belinda
the honourable Mrs. Levit,DC,0,28,Belinda
the honourable Mrs. Levit,DN,0,28,Belinda
Annabella,N,7,29,Belinda
Annabella,C,0,29,Belinda
Annabella,I,1,29,Belinda
Annabella,A,3,29,Belinda
Annabella,DC,6,29,Belinda
Annabella,DN,0,29,Belinda
Belinda,N,30,29,Belinda
Belinda,C,9,29,Belinda
Belinda,I,12,29,Belinda
Belinda,A,7,29,Belinda
Belinda,DC,10,29,Belinda
Belinda,DN,1,29,Belinda
Bobby,N,0,29,Belinda
Bobby,C,0,29,Belinda
Bobby,I,0,29,Belinda
Bobby,A,0,29,Belinda
Bobby,DC,0,29,Belinda
Bobby,DN,0,29,Belinda
Captain Sunderland,N,0,29,Belinda
Captain Sunderland,C,0,29,Belinda
Captain Sunderland,I,0,29,Belinda
Captain Sunderland,A,0,29,Belinda
Captain Sunderland,DC,0,29,Belinda
Captain Sunderland,DN,0,29,Belinda
Champfort,N,0,29,Belinda
Champfort,C,0,29,Belinda
Champfort,I,0,29,Belinda
Champfort,A,0,29,Belinda
Champfort,DC,0,29,Belinda
Champfort,DN,0,29,Belinda
Charles,N,0,29,Belinda
Charles,C,0,29,Belinda
Charles,I,0,29,Belinda
Charles,A,0,29,Belinda
Charles,DC,0,29,Belinda
Charles,DN,0,29,Belinda
Clarence,N,0,29,Belinda
Clarence,C,0,29,Belinda
Clarence,I,0,29,Belinda
Clarence,A,0,29,Belinda
Clarence,DC,0,29,Belinda
Clarence,DN,0,29,Belinda
Clarence Hervey,N,0,29,Belinda
Clarence Hervey,C,0,29,Belinda
Clarence Hervey,I,0,29,Belinda
Clarence Hervey,A,0,29,Belinda
Clarence Hervey,DC,0,29,Belinda
Clarence Hervey,DN,0,29,Belinda
Clary,N,0,29,Belinda
Clary,C,0,29,Belinda
Clary,I,0,29,Belinda
Clary,A,0,29,Belinda
Clary,DC,0,29,Belinda
Clary,DN,0,29,Belinda
Cupid,N,0,29,Belinda
Cupid,C,0,29,Belinda
Cupid,I,0,29,Belinda
Cupid,A,0,29,Belinda
Cupid,DC,0,29,Belinda
Cupid,DN,0,29,Belinda
Damme,N,0,29,Belinda
Damme,C,0,29,Belinda
Damme,I,0,29,Belinda
Damme,A,0,29,Belinda
Damme,DC,0,29,Belinda
Damme,DN,0,29,Belinda
Doctor X----,N,0,29,Belinda
Doctor X----,C,0,29,Belinda
Doctor X----,I,0,29,Belinda
Doctor X----,A,0,29,Belinda
Doctor X----,DC,0,29,Belinda
Doctor X----,DN,0,29,Belinda
Dr. X----,N,0,29,Belinda
Dr. X----,C,0,29,Belinda
Dr. X----,I,0,29,Belinda
Dr. X----,A,0,29,Belinda
Dr. X----,DC,0,29,Belinda
Dr. X----,DN,0,29,Belinda
Edward,N,0,29,Belinda
Edward,C,0,29,Belinda
Edward,I,0,29,Belinda
Edward,A,0,29,Belinda
Edward,DC,0,29,Belinda
Edward,DN,0,29,Belinda
Fawcett,N,0,29,Belinda
Fawcett,C,0,29,Belinda
Fawcett,I,0,29,Belinda
Fawcett,A,0,29,Belinda
Fawcett,DC,0,29,Belinda
Fawcett,DN,0,29,Belinda
God,N,0,29,Belinda
God,C,0,29,Belinda
God,I,0,29,Belinda
God,A,0,29,Belinda
God,DC,0,29,Belinda
God,DN,0,29,Belinda
Harriot,N,0,29,Belinda
Harriot,C,0,29,Belinda
Harriot,I,0,29,Belinda
Harriot,A,0,29,Belinda
Harriot,DC,0,29,Belinda
Harriot,DN,0,29,Belinda
Heaven,N,0,29,Belinda
Heaven,C,0,29,Belinda
Heaven,I,0,29,Belinda
Heaven,A,0,29,Belinda
Heaven,DC,0,29,Belinda
Heaven,DN,0,29,Belinda
Helena,N,0,29,Belinda
Helena,C,0,29,Belinda
Helena,I,0,29,Belinda
Helena,A,0,29,Belinda
Helena,DC,0,29,Belinda
Helena,DN,0,29,Belinda
James,N,0,29,Belinda
James,C,0,29,Belinda
James,I,0,29,Belinda
James,A,0,29,Belinda
James,DC,0,29,Belinda
James,DN,0,29,Belinda
Jenny Mason,N,0,29,Belinda
Jenny Mason,C,0,29,Belinda
Jenny Mason,I,0,29,Belinda
Jenny Mason,A,0,29,Belinda
Jenny Mason,DC,0,29,Belinda
Jenny Mason,DN,0,29,Belinda
Joddrell,N,0,29,Belinda
Joddrell,C,0,29,Belinda
Joddrell,I,0,29,Belinda
Joddrell,A,0,29,Belinda
Joddrell,DC,0,29,Belinda
Joddrell,DN,0,29,Belinda
Jove,N,0,29,Belinda
Jove,C,0,29,Belinda
Jove,I,0,29,Belinda
Jove,A,0,29,Belinda
Jove,DC,0,29,Belinda
Jove,DN,0,29,Belinda
Juba,N,18,29,Belinda
Juba,C,1,29,Belinda
Juba,I,5,29,Belinda
Juba,A,10,29,Belinda
Juba,DC,12,29,Belinda
Juba,DN,0,29,Belinda
Lady Almeria,N,0,29,Belinda
Lady Almeria,C,0,29,Belinda
Lady Almeria,I,0,29,Belinda
Lady Almeria,A,0,29,Belinda
Lady Almeria,DC,0,29,Belinda
Lady Almeria,DN,0,29,Belinda
Lady Anne,N,2,29,Belinda
Lady Anne,C,0,29,Belinda
Lady Anne,I,0,29,Belinda
Lady Anne,A,0,29,Belinda
Lady Anne,DC,1,29,Belinda
Lady Anne,DN,0,29,Belinda
Lady Boucher,N,2,29,Belinda
Lady Boucher,C,0,29,Belinda
Lady Boucher,I,0,29,Belinda
Lady Boucher,A,0,29,Belinda
Lady Boucher,DC,2,29,Belinda
Lady Boucher,DN,0,29,Belinda
Lady Delacour,N,11,29,Belinda
Lady Delacour,C,6,29,Belinda
Lady Delacour,I,11,29,Belinda
Lady Delacour,A,8,29,Belinda
Lady Delacour,DC,0,29,Belinda
Lady Delacour,DN,0,29,Belinda
Lady Singleton,N,0,29,Belinda
Lady Singleton,C,0,29,Belinda
Lady Singleton,I,0,29,Belinda
Lady Singleton,A,0,29,Belinda
Lady Singleton,DC,0,29,Belinda
Lady Singleton,DN,0,29,Belinda
Lawless,N,0,29,Belinda
Lawless,C,0,29,Belinda
Lawless,I,0,29,Belinda
Lawless,A,0,29,Belinda
Lawless,DC,0,29,Belinda
Lawless,DN,0,29,Belinda
Lord,N,0,29,Belinda
Lord,C,0,29,Belinda
Lord,I,0,29,Belinda
Lord,A,0,29,Belinda
Lord,DC,0,29,Belinda
Lord,DN,0,29,Belinda
Lord Delacour,N,10,29,Belinda
Lord Delacour,C,0,29,Belinda
Lord Delacour,I,1,29,Belinda
Lord Delacour,A,0,29,Belinda
Lord Delacour,DC,4,29,Belinda
Lord Delacour,DN,1,29,Belinda
Lord Studley,N,0,29,Belinda
Lord Studley,C,0,29,Belinda
Lord Studley,I,0,29,Belinda
Lord Studley,A,0,29,Belinda
Lord Studley,DC,0,29,Belinda
Lord Studley,DN,0,29,Belinda
Lucy,N,0,29,Belinda
Lucy,C,0,29,Belinda
Lucy,I,0,29,Belinda
Lucy,A,0,29,Belinda
Lucy,DC,0,29,Belinda
Lucy,DN,0,29,Belinda
M. de St. Pierre,N,0,29,Belinda
M. de St. Pierre,C,0,29,Belinda
M. de St. Pierre,I,0,29,Belinda
M. de St. Pierre,A,0,29,Belinda
M. de St. Pierre,DC,0,29,Belinda
M. de St. Pierre,DN,0,29,Belinda
Mad,N,0,29,Belinda
Mad,C,0,29,Belinda
Mad,I,0,29,Belinda
Mad,A,0,29,Belinda
Mad,DC,0,29,Belinda
Mad,DN,0,29,Belinda
Mamma,N,0,29,Belinda
Mamma,C,0,29,Belinda
Mamma,I,0,29,Belinda
Mamma,A,0,29,Belinda
Mamma,DC,0,29,Belinda
Mamma,DN,0,29,Belinda
Marraton,N,0,29,Belinda
Marraton,C,0,29,Belinda
Marraton,I,0,29,Belinda
Marraton,A,0,29,Belinda
Marraton,DC,0,29,Belinda
Marraton,DN,0,29,Belinda
Marriott,N,5,29,Belinda
Marriott,C,0,29,Belinda
Marriott,I,3,29,Belinda
Marriott,A,1,29,Belinda
Marriott,DC,7,29,Belinda
Marriott,DN,0,29,Belinda
Ma’am,N,0,29,Belinda
Ma’am,C,0,29,Belinda
Ma’am,I,0,29,Belinda
Ma’am,A,0,29,Belinda
Ma’am,DC,0,29,Belinda
Ma’am,DN,0,29,Belinda
Milord,N,0,29,Belinda
Milord,C,0,29,Belinda
Milord,I,0,29,Belinda
Milord,A,0,29,Belinda
Milord,DC,0,29,Belinda
Milord,DN,0,29,Belinda
Miss Delacour,N,0,29,Belinda
Miss Delacour,C,0,29,Belinda
Miss Delacour,I,0,29,Belinda
Miss Delacour,A,0,29,Belinda
Miss Delacour,DC,0,29,Belinda
Miss Delacour,DN,0,29,Belinda
Miss Hartley,N,0,29,Belinda
Miss Hartley,C,0,29,Belinda
Miss Hartley,I,0,29,Belinda
Miss Hartley,A,0,29,Belinda
Miss Hartley,DC,0,29,Belinda
Miss Hartley,DN,0,29,Belinda
Miss Honour O’Grady,N,0,29,Belinda
Miss Honour O’Grady,C,0,29,Belinda
Miss Honour O’Grady,I,0,29,Belinda
Miss Honour O’Grady,A,0,29,Belinda
Miss Honour O’Grady,DC,0,29,Belinda
Miss Honour O’Grady,DN,0,29,Belinda
Miss Moreton,N,0,29,Belinda
Miss Moreton,C,0,29,Belinda
Miss Moreton,I,0,29,Belinda
Miss Moreton,A,0,29,Belinda
Miss Moreton,DC,0,29,Belinda
Miss Moreton,DN,0,29,Belinda
Miss Portman----,N,0,29,Belinda
Miss Portman----,C,0,29,Belinda
Miss Portman----,I,0,29,Belinda
Miss Portman----,A,0,29,Belinda
Miss Portman----,DC,0,29,Belinda
Miss Portman----,DN,0,29,Belinda
Miss St. Pierre,N,0,29,Belinda
Miss St. Pierre,C,0,29,Belinda
Miss St. Pierre,I,0,29,Belinda
Miss St. Pierre,A,0,29,Belinda
Miss St. Pierre,DC,0,29,Belinda
Miss St. Pierre,DN,0,29,Belinda
Mr. Freke,N,0,29,Belinda
Mr. Freke,C,0,29,Belinda
Mr. Freke,I,0,29,Belinda
Mr. Freke,A,0,29,Belinda
Mr. Freke,DC,0,29,Belinda
Mr. Freke,DN,0,29,Belinda
Mr. Hartley,N,0,29,Belinda
Mr. Hartley,C,0,29,Belinda
Mr. Hartley,I,0,29,Belinda
Mr. Hartley,A,0,29,Belinda
Mr. Hartley,DC,0,29,Belinda
Mr. Hartley,DN,0,29,Belinda
Mr. Hervey,N,11,29,Belinda
Mr. Hervey,C,0,29,Belinda
Mr. Hervey,I,1,29,Belinda
Mr. Hervey,A,3,29,Belinda
Mr. Hervey,DC,4,29,Belinda
Mr. Hervey,DN,1,29,Belinda
Mr. Horton,N,0,29,Belinda
Mr. Horton,C,0,29,Belinda
Mr. Horton,I,0,29,Belinda
Mr. Horton,A,0,29,Belinda
Mr. Horton,DC,0,29,Belinda
Mr. Horton,DN,0,29,Belinda
Mr. Luttridge,N,0,29,Belinda
Mr. Luttridge,C,0,29,Belinda
Mr. Luttridge,I,0,29,Belinda
Mr. Luttridge,A,0,29,Belinda
Mr. Luttridge,DC,0,29,Belinda
Mr. Luttridge,DN,0,29,Belinda
Mr. Percival,N,17,29,Belinda
Mr. Percival,C,14,29,Belinda
Mr. Percival,I,7,29,Belinda
Mr. Percival,A,23,29,Belinda
Mr. Percival,DC,0,29,Belinda
Mr. Percival,DN,0,29,Belinda
Mr. St. George,N,0,29,Belinda
Mr. St. George,C,0,29,Belinda
Mr. St. George,I,0,29,Belinda
Mr. St. George,A,0,29,Belinda
Mr. St. George,DC,0,29,Belinda
Mr. St. George,DN,0,29,Belinda
Mr. V----,N,0,29,Belinda
Mr. V----,C,0,29,Belinda
Mr. V----,I,0,29,Belinda
Mr. V----,A,0,29,Belinda
Mr. V----,DC,0,29,Belinda
Mr. V----,DN,0,29,Belinda
Mr. Vincent,N,45,29,Belinda
Mr. Vincent,C,12,29,Belinda
Mr. Vincent,I,39,29,Belinda
Mr. Vincent,A,45,29,Belinda
Mr. Vincent,DC,15,29,Belinda
Mr. Vincent,DN,13,29,Belinda
Mrs. ----,N,0,29,Belinda
Mrs. ----,C,0,29,Belinda
Mrs. ----,I,0,29,Belinda
Mrs. ----,A,0,29,Belinda
Mrs. ----,DC,0,29,Belinda
Mrs. ----,DN,0,29,Belinda
Mrs. Delacour,N,1,29,Belinda
Mrs. Delacour,C,0,29,Belinda
Mrs. Delacour,I,0,29,Belinda
Mrs. Delacour,A,0,29,Belinda
Mrs. Delacour,DC,0,29,Belinda
Mrs. Delacour,DN,0,29,Belinda
Mrs. Dumont,N,0,29,Belinda
Mrs. Dumont,C,0,29,Belinda
Mrs. Dumont,I,0,29,Belinda
Mrs. Dumont,A,0,29,Belinda
Mrs. Dumont,DC,0,29,Belinda
Mrs. Dumont,DN,0,29,Belinda
Mrs. Franks,N,0,29,Belinda
Mrs. Franks,C,0,29,Belinda
Mrs. Franks,I,0,29,Belinda
Mrs. Franks,A,0,29,Belinda
Mrs. Franks,DC,0,29,Belinda
Mrs. Franks,DN,0,29,Belinda
Mrs. Freke,N,0,29,Belinda
Mrs. Freke,C,0,29,Belinda
Mrs. Freke,I,0,29,Belinda
Mrs. Freke,A,0,29,Belinda
Mrs. Freke,DC,0,29,Belinda
Mrs. Freke,DN,0,29,Belinda
Mrs. Luttridge,N,7,29,Belinda
Mrs. Luttridge,C,0,29,Belinda
Mrs. Luttridge,I,0,29,Belinda
Mrs. Luttridge,A,2,29,Belinda
Mrs. Luttridge,DC,3,29,Belinda
Mrs. Luttridge,DN,1,29,Belinda
Mrs. Ormond,N,0,29,Belinda
Mrs. Ormond,C,0,29,Belinda
Mrs. Ormond,I,0,29,Belinda
Mrs. Ormond,A,0,29,Belinda
Mrs. Ormond,DC,0,29,Belinda
Mrs. Ormond,DN,0,29,Belinda
Mrs. Smith,N,0,29,Belinda
Mrs. Smith,C,0,29,Belinda
Mrs. Smith,I,0,29,Belinda
Mrs. Smith,A,0,29,Belinda
Mrs. Smith,DC,0,29,Belinda
Mrs. Smith,DN,0,29,Belinda
Mrs. Stanhope,N,0,29,Belinda
Mrs. Stanhope,C,0,29,Belinda
Mrs. Stanhope,I,0,29,Belinda
Mrs. Stanhope,A,0,29,Belinda
Mrs. Stanhope,DC,0,29,Belinda
Mrs. Stanhope,DN,0,29,Belinda
Mrs. Stanhope:--,N,0,29,Belinda
Mrs. Stanhope:--,C,0,29,Belinda
Mrs. Stanhope:--,I,0,29,Belinda
Mrs. Stanhope:--,A,0,29,Belinda
Mrs. Stanhope:--,DC,0,29,Belinda
Mrs. Stanhope:--,DN,0,29,Belinda
NIECE,N,0,29,Belinda
NIECE,C,0,29,Belinda
NIECE,I,0,29,Belinda
NIECE,A,0,29,Belinda
NIECE,DC,0,29,Belinda
NIECE,DN,0,29,Belinda
Paul,N,0,29,Belinda
Paul,C,0,29,Belinda
Paul,I,0,29,Belinda
Paul,A,0,29,Belinda
Paul,DC,0,29,Belinda
Paul,DN,0,29,Belinda
Percival,N,1,29,Belinda
Percival,C,0,29,Belinda
Percival,I,0,29,Belinda
Percival,A,0,29,Belinda
Percival,DC,1,29,Belinda
Percival,DN,0,29,Belinda
Petrarch,N,0,29,Belinda
Petrarch,C,0,29,Belinda
Petrarch,I,0,29,Belinda
Petrarch,A,0,29,Belinda
Petrarch,DC,0,29,Belinda
Petrarch,DN,0,29,Belinda
Queen Elizabeth,N,0,29,Belinda
Queen Elizabeth,C,0,29,Belinda
Queen Elizabeth,I,0,29,Belinda
Queen Elizabeth,A,0,29,Belinda
Queen Elizabeth,DC,0,29,Belinda
Queen Elizabeth,DN,0,29,Belinda
Rachel,N,0,29,Belinda
Rachel,C,0,29,Belinda
Rachel,I,0,29,Belinda
Rachel,A,0,29,Belinda
Rachel,DC,0,29,Belinda
Rachel,DN,0,29,Belinda
Rochfort,N,2,29,Belinda
Rochfort,C,0,29,Belinda
Rochfort,I,0,29,Belinda
Rochfort,A,0,29,Belinda
Rochfort,DC,0,29,Belinda
Rochfort,DN,0,29,Belinda
Sir Philip,N,11,29,Belinda
Sir Philip,C,1,29,Belinda
Sir Philip,I,1,29,Belinda
Sir Philip,A,3,29,Belinda
Sir Philip,DC,5,29,Belinda
Sir Philip,DN,0,29,Belinda
Solomon,N,3,29,Belinda
Solomon,C,0,29,Belinda
Solomon,I,0,29,Belinda
Solomon,A,2,29,Belinda
Solomon,DC,0,29,Belinda
Solomon,DN,0,29,Belinda
Tollemache,N,0,29,Belinda
Tollemache,C,0,29,Belinda
Tollemache,I,0,29,Belinda
Tollemache,A,0,29,Belinda
Tollemache,DC,0,29,Belinda
Tollemache,DN,0,29,Belinda
Valleton,N,0,29,Belinda
Valleton,C,0,29,Belinda
Valleton,I,0,29,Belinda
Valleton,A,0,29,Belinda
Valleton,DC,0,29,Belinda
Valleton,DN,0,29,Belinda
Virginia,N,1,29,Belinda
Virginia,C,0,29,Belinda
Virginia,I,0,29,Belinda
Virginia,A,0,29,Belinda
Virginia,DC,0,29,Belinda
Virginia,DN,0,29,Belinda
Young Vincent,N,0,29,Belinda
Young Vincent,C,0,29,Belinda
Young Vincent,I,0,29,Belinda
Young Vincent,A,0,29,Belinda
Young Vincent,DC,0,29,Belinda
Young Vincent,DN,0,29,Belinda
de Grignan,N,0,29,Belinda
de Grignan,C,0,29,Belinda
de Grignan,I,0,29,Belinda
de Grignan,A,0,29,Belinda
de Grignan,DC,0,29,Belinda
de Grignan,DN,0,29,Belinda
de Pomenars,N,0,29,Belinda
de Pomenars,C,0,29,Belinda
de Pomenars,I,0,29,Belinda
de Pomenars,A,0,29,Belinda
de Pomenars,DC,0,29,Belinda
de Pomenars,DN,0,29,Belinda
poor Lawless,N,0,29,Belinda
poor Lawless,C,0,29,Belinda
poor Lawless,I,0,29,Belinda
poor Lawless,A,0,29,Belinda
poor Lawless,DC,0,29,Belinda
poor Lawless,DN,0,29,Belinda
the Luttridges,N,0,29,Belinda
the Luttridges,C,0,29,Belinda
the Luttridges,I,0,29,Belinda
the Luttridges,A,0,29,Belinda
the Luttridges,DC,0,29,Belinda
the Luttridges,DN,0,29,Belinda
the Percivals,N,0,29,Belinda
the Percivals,C,0,29,Belinda
the Percivals,I,0,29,Belinda
the Percivals,A,0,29,Belinda
the Percivals,DC,0,29,Belinda
the Percivals,DN,0,29,Belinda
the honourable Mrs. Levit,N,0,29,Belinda
the honourable Mrs. Levit,C,0,29,Belinda
the honourable Mrs. Levit,I,0,29,Belinda
the honourable Mrs. Levit,A,0,29,Belinda
the honourable Mrs. Levit,DC,0,29,Belinda
the honourable Mrs. Levit,DN,0,29,Belinda
Annabella,N,1,30,Belinda
Annabella,C,0,30,Belinda
Annabella,I,0,30,Belinda
Annabella,A,0,30,Belinda
Annabella,DC,0,30,Belinda
Annabella,DN,0,30,Belinda
Belinda,N,36,30,Belinda
Belinda,C,33,30,Belinda
Belinda,I,22,30,Belinda
Belinda,A,34,30,Belinda
Belinda,DC,23,30,Belinda
Belinda,DN,1,30,Belinda
Bobby,N,0,30,Belinda
Bobby,C,0,30,Belinda
Bobby,I,0,30,Belinda
Bobby,A,0,30,Belinda
Bobby,DC,0,30,Belinda
Bobby,DN,0,30,Belinda
Captain Sunderland,N,0,30,Belinda
Captain Sunderland,C,0,30,Belinda
Captain Sunderland,I,0,30,Belinda
Captain Sunderland,A,0,30,Belinda
Captain Sunderland,DC,0,30,Belinda
Captain Sunderland,DN,0,30,Belinda
Champfort,N,0,30,Belinda
Champfort,C,0,30,Belinda
Champfort,I,0,30,Belinda
Champfort,A,0,30,Belinda
Champfort,DC,0,30,Belinda
Champfort,DN,0,30,Belinda
Charles,N,0,30,Belinda
Charles,C,0,30,Belinda
Charles,I,0,30,Belinda
Charles,A,0,30,Belinda
Charles,DC,0,30,Belinda
Charles,DN,0,30,Belinda
Clarence,N,0,30,Belinda
Clarence,C,0,30,Belinda
Clarence,I,0,30,Belinda
Clarence,A,0,30,Belinda
Clarence,DC,0,30,Belinda
Clarence,DN,0,30,Belinda
Clarence Hervey,N,0,30,Belinda
Clarence Hervey,C,0,30,Belinda
Clarence Hervey,I,0,30,Belinda
Clarence Hervey,A,0,30,Belinda
Clarence Hervey,DC,0,30,Belinda
Clarence Hervey,DN,0,30,Belinda
Clary,N,0,30,Belinda
Clary,C,0,30,Belinda
Clary,I,0,30,Belinda
Clary,A,0,30,Belinda
Clary,DC,0,30,Belinda
Clary,DN,0,30,Belinda
Cupid,N,0,30,Belinda
Cupid,C,0,30,Belinda
Cupid,I,0,30,Belinda
Cupid,A,0,30,Belinda
Cupid,DC,0,30,Belinda
Cupid,DN,0,30,Belinda
Damme,N,0,30,Belinda
Damme,C,0,30,Belinda
Damme,I,0,30,Belinda
Damme,A,0,30,Belinda
Damme,DC,0,30,Belinda
Damme,DN,0,30,Belinda
Doctor X----,N,0,30,Belinda
Doctor X----,C,0,30,Belinda
Doctor X----,I,0,30,Belinda
Doctor X----,A,0,30,Belinda
Doctor X----,DC,0,30,Belinda
Doctor X----,DN,0,30,Belinda
Dr. X----,N,1,30,Belinda
Dr. X----,C,0,30,Belinda
Dr. X----,I,0,30,Belinda
Dr. X----,A,0,30,Belinda
Dr. X----,DC,1,30,Belinda
Dr. X----,DN,0,30,Belinda
Edward,N,0,30,Belinda
Edward,C,0,30,Belinda
Edward,I,0,30,Belinda
Edward,A,0,30,Belinda
Edward,DC,0,30,Belinda
Edward,DN,0,30,Belinda
Fawcett,N,0,30,Belinda
Fawcett,C,0,30,Belinda
Fawcett,I,0,30,Belinda
Fawcett,A,0,30,Belinda
Fawcett,DC,0,30,Belinda
Fawcett,DN,0,30,Belinda
God,N,0,30,Belinda
God,C,0,30,Belinda
God,I,0,30,Belinda
God,A,0,30,Belinda
God,DC,0,30,Belinda
God,DN,0,30,Belinda
Harriot,N,0,30,Belinda
Harriot,C,0,30,Belinda
Harriot,I,0,30,Belinda
Harriot,A,0,30,Belinda
Harriot,DC,0,30,Belinda
Harriot,DN,0,30,Belinda
Heaven,N,0,30,Belinda
Heaven,C,0,30,Belinda
Heaven,I,0,30,Belinda
Heaven,A,0,30,Belinda
Heaven,DC,0,30,Belinda
Heaven,DN,0,30,Belinda
Helena,N,0,30,Belinda
Helena,C,0,30,Belinda
Helena,I,0,30,Belinda
Helena,A,0,30,Belinda
Helena,DC,0,30,Belinda
Helena,DN,0,30,Belinda
James,N,0,30,Belinda
James,C,0,30,Belinda
James,I,0,30,Belinda
James,A,0,30,Belinda
James,DC,0,30,Belinda
James,DN,0,30,Belinda
Jenny Mason,N,0,30,Belinda
Jenny Mason,C,0,30,Belinda
Jenny Mason,I,0,30,Belinda
Jenny Mason,A,0,30,Belinda
Jenny Mason,DC,0,30,Belinda
Jenny Mason,DN,0,30,Belinda
Joddrell,N,0,30,Belinda
Joddrell,C,0,30,Belinda
Joddrell,I,0,30,Belinda
Joddrell,A,0,30,Belinda
Joddrell,DC,0,30,Belinda
Joddrell,DN,0,30,Belinda
Jove,N,0,30,Belinda
Jove,C,0,30,Belinda
Jove,I,0,30,Belinda
Jove,A,0,30,Belinda
Jove,DC,0,30,Belinda
Jove,DN,0,30,Belinda
Juba,N,2,30,Belinda
Juba,C,0,30,Belinda
Juba,I,0,30,Belinda
Juba,A,0,30,Belinda
Juba,DC,1,30,Belinda
Juba,DN,0,30,Belinda
Lady Almeria,N,4,30,Belinda
Lady Almeria,C,0,30,Belinda
Lady Almeria,I,0,30,Belinda
Lady Almeria,A,3,30,Belinda
Lady Almeria,DC,4,30,Belinda
Lady Almeria,DN,0,30,Belinda
Lady Anne,N,5,30,Belinda
Lady Anne,C,0,30,Belinda
Lady Anne,I,3,30,Belinda
Lady Anne,A,0,30,Belinda
Lady Anne,DC,8,30,Belinda
Lady Anne,DN,0,30,Belinda
Lady Boucher,N,9,30,Belinda
Lady Boucher,C,1,30,Belinda
Lady Boucher,I,2,30,Belinda
Lady Boucher,A,4,30,Belinda
Lady Boucher,DC,10,30,Belinda
Lady Boucher,DN,0,30,Belinda
Lady Delacour,N,24,30,Belinda
Lady Delacour,C,47,30,Belinda
Lady Delacour,I,25,30,Belinda
Lady Delacour,A,22,30,Belinda
Lady Delacour,DC,10,30,Belinda
Lady Delacour,DN,3,30,Belinda
Lady Singleton,N,1,30,Belinda
Lady Singleton,C,0,30,Belinda
Lady Singleton,I,0,30,Belinda
Lady Singleton,A,0,30,Belinda
Lady Singleton,DC,1,30,Belinda
Lady Singleton,DN,0,30,Belinda
Lawless,N,0,30,Belinda
Lawless,C,0,30,Belinda
Lawless,I,0,30,Belinda
Lawless,A,0,30,Belinda
Lawless,DC,0,30,Belinda
Lawless,DN,0,30,Belinda
Lord,N,0,30,Belinda
Lord,C,0,30,Belinda
Lord,I,0,30,Belinda
Lord,A,0,30,Belinda
Lord,DC,0,30,Belinda
Lord,DN,0,30,Belinda
Lord Delacour,N,2,30,Belinda
Lord Delacour,C,3,30,Belinda
Lord Delacour,I,1,30,Belinda
Lord Delacour,A,1,30,Belinda
Lord Delacour,DC,1,30,Belinda
Lord Delacour,DN,0,30,Belinda
Lord Studley,N,0,30,Belinda
Lord Studley,C,0,30,Belinda
Lord Studley,I,0,30,Belinda
Lord Studley,A,0,30,Belinda
Lord Studley,DC,0,30,Belinda
Lord Studley,DN,0,30,Belinda
Lucy,N,0,30,Belinda
Lucy,C,0,30,Belinda
Lucy,I,0,30,Belinda
Lucy,A,0,30,Belinda
Lucy,DC,0,30,Belinda
Lucy,DN,0,30,Belinda
M. de St. Pierre,N,0,30,Belinda
M. de St. Pierre,C,0,30,Belinda
M. de St. Pierre,I,0,30,Belinda
M. de St. Pierre,A,0,30,Belinda
M. de St. Pierre,DC,0,30,Belinda
M. de St. Pierre,DN,0,30,Belinda
Mad,N,0,30,Belinda
Mad,C,0,30,Belinda
Mad,I,0,30,Belinda
Mad,A,0,30,Belinda
Mad,DC,0,30,Belinda
Mad,DN,0,30,Belinda
Mamma,N,0,30,Belinda
Mamma,C,0,30,Belinda
Mamma,I,0,30,Belinda
Mamma,A,0,30,Belinda
Mamma,DC,0,30,Belinda
Mamma,DN,0,30,Belinda
Marraton,N,0,30,Belinda
Marraton,C,0,30,Belinda
Marraton,I,0,30,Belinda
Marraton,A,0,30,Belinda
Marraton,DC,0,30,Belinda
Marraton,DN,0,30,Belinda
Marriott,N,1,30,Belinda
Marriott,C,0,30,Belinda
Marriott,I,0,30,Belinda
Marriott,A,0,30,Belinda
Marriott,DC,1,30,Belinda
Marriott,DN,0,30,Belinda
Ma’am,N,0,30,Belinda
Ma’am,C,0,30,Belinda
Ma’am,I,0,30,Belinda
Ma’am,A,0,30,Belinda
Ma’am,DC,0,30,Belinda
Ma’am,DN,0,30,Belinda
Milord,N,0,30,Belinda
Milord,C,0,30,Belinda
Milord,I,0,30,Belinda
Milord,A,0,30,Belinda
Milord,DC,0,30,Belinda
Milord,DN,0,30,Belinda
Miss Delacour,N,0,30,Belinda
Miss Delacour,C,0,30,Belinda
Miss Delacour,I,0,30,Belinda
Miss Delacour,A,0,30,Belinda
Miss Delacour,DC,0,30,Belinda
Miss Delacour,DN,0,30,Belinda
Miss Hartley,N,5,30,Belinda
Miss Hartley,C,0,30,Belinda
Miss Hartley,I,0,30,Belinda
Miss Hartley,A,1,30,Belinda
Miss Hartley,DC,5,30,Belinda
Miss Hartley,DN,1,30,Belinda
Miss Honour O’Grady,N,0,30,Belinda
Miss Honour O’Grady,C,0,30,Belinda
Miss Honour O’Grady,I,0,30,Belinda
Miss Honour O’Grady,A,0,30,Belinda
Miss Honour O’Grady,DC,0,30,Belinda
Miss Honour O’Grady,DN,0,30,Belinda
Miss Moreton,N,0,30,Belinda
Miss Moreton,C,0,30,Belinda
Miss Moreton,I,0,30,Belinda
Miss Moreton,A,0,30,Belinda
Miss Moreton,DC,0,30,Belinda
Miss Moreton,DN,0,30,Belinda
Miss Portman----,N,0,30,Belinda
Miss Portman----,C,0,30,Belinda
Miss Portman----,I,0,30,Belinda
Miss Portman----,A,0,30,Belinda
Miss Portman----,DC,0,30,Belinda
Miss Portman----,DN,0,30,Belinda
Miss St. Pierre,N,0,30,Belinda
Miss St. Pierre,C,0,30,Belinda
Miss St. Pierre,I,0,30,Belinda
Miss St. Pierre,A,0,30,Belinda
Miss St. Pierre,DC,0,30,Belinda
Miss St. Pierre,DN,0,30,Belinda
Mr. Freke,N,0,30,Belinda
Mr. Freke,C,0,30,Belinda
Mr. Freke,I,0,30,Belinda
Mr. Freke,A,0,30,Belinda
Mr. Freke,DC,0,30,Belinda
Mr. Freke,DN,0,30,Belinda
Mr. Hartley,N,3,30,Belinda
Mr. Hartley,C,0,30,Belinda
Mr. Hartley,I,1,30,Belinda
Mr. Hartley,A,3,30,Belinda
Mr. Hartley,DC,3,30,Belinda
Mr. Hartley,DN,0,30,Belinda
Mr. Hervey,N,18,30,Belinda
Mr. Hervey,C,0,30,Belinda
Mr. Hervey,I,1,30,Belinda
Mr. Hervey,A,9,30,Belinda
Mr. Hervey,DC,21,30,Belinda
Mr. Hervey,DN,1,30,Belinda
Mr. Horton,N,0,30,Belinda
Mr. Horton,C,0,30,Belinda
Mr. Horton,I,0,30,Belinda
Mr. Horton,A,0,30,Belinda
Mr. Horton,DC,0,30,Belinda
Mr. Horton,DN,0,30,Belinda
Mr. Luttridge,N,0,30,Belinda
Mr. Luttridge,C,0,30,Belinda
Mr. Luttridge,I,0,30,Belinda
Mr. Luttridge,A,0,30,Belinda
Mr. Luttridge,DC,0,30,Belinda
Mr. Luttridge,DN,0,30,Belinda
Mr. Percival,N,5,30,Belinda
Mr. Percival,C,0,30,Belinda
Mr. Percival,I,0,30,Belinda
Mr. Percival,A,2,30,Belinda
Mr. Percival,DC,5,30,Belinda
Mr. Percival,DN,0,30,Belinda
Mr. St. George,N,0,30,Belinda
Mr. St. George,C,0,30,Belinda
Mr. St. George,I,0,30,Belinda
Mr. St. George,A,0,30,Belinda
Mr. St. George,DC,0,30,Belinda
Mr. St. George,DN,0,30,Belinda
Mr. V----,N,0,30,Belinda
Mr. V----,C,0,30,Belinda
Mr. V----,I,0,30,Belinda
Mr. V----,A,0,30,Belinda
Mr. V----,DC,0,30,Belinda
Mr. V----,DN,0,30,Belinda
Mr. Vincent,N,5,30,Belinda
Mr. Vincent,C,0,30,Belinda
Mr. Vincent,I,2,30,Belinda
Mr. Vincent,A,2,30,Belinda
Mr. Vincent,DC,7,30,Belinda
Mr. Vincent,DN,0,30,Belinda
Mrs. ----,N,0,30,Belinda
Mrs. ----,C,0,30,Belinda
Mrs. ----,I,0,30,Belinda
Mrs. ----,A,0,30,Belinda
Mrs. ----,DC,0,30,Belinda
Mrs. ----,DN,0,30,Belinda
Mrs. Delacour,N,21,30,Belinda
Mrs. Delacour,C,26,30,Belinda
Mrs. Delacour,I,19,30,Belinda
Mrs. Delacour,A,25,30,Belinda
Mrs. Delacour,DC,16,30,Belinda
Mrs. Delacour,DN,1,30,Belinda
Mrs. Dumont,N,0,30,Belinda
Mrs. Dumont,C,0,30,Belinda
Mrs. Dumont,I,0,30,Belinda
Mrs. Dumont,A,0,30,Belinda
Mrs. Dumont,DC,0,30,Belinda
Mrs. Dumont,DN,0,30,Belinda
Mrs. Franks,N,0,30,Belinda
Mrs. Franks,C,0,30,Belinda
Mrs. Franks,I,0,30,Belinda
Mrs. Franks,A,0,30,Belinda
Mrs. Franks,DC,0,30,Belinda
Mrs. Franks,DN,0,30,Belinda
Mrs. Freke,N,0,30,Belinda
Mrs. Freke,C,0,30,Belinda
Mrs. Freke,I,0,30,Belinda
Mrs. Freke,A,0,30,Belinda
Mrs. Freke,DC,0,30,Belinda
Mrs. Freke,DN,0,30,Belinda
Mrs. Luttridge,N,0,30,Belinda
Mrs. Luttridge,C,0,30,Belinda
Mrs. Luttridge,I,0,30,Belinda
Mrs. Luttridge,A,0,30,Belinda
Mrs. Luttridge,DC,0,30,Belinda
Mrs. Luttridge,DN,0,30,Belinda
Mrs. Ormond,N,0,30,Belinda
Mrs. Ormond,C,0,30,Belinda
Mrs. Ormond,I,0,30,Belinda
Mrs. Ormond,A,0,30,Belinda
Mrs. Ormond,DC,0,30,Belinda
Mrs. Ormond,DN,0,30,Belinda
Mrs. Smith,N,0,30,Belinda
Mrs. Smith,C,0,30,Belinda
Mrs. Smith,I,0,30,Belinda
Mrs. Smith,A,0,30,Belinda
Mrs. Smith,DC,0,30,Belinda
Mrs. Smith,DN,0,30,Belinda
Mrs. Stanhope,N,1,30,Belinda
Mrs. Stanhope,C,0,30,Belinda
Mrs. Stanhope,I,0,30,Belinda
Mrs. Stanhope,A,0,30,Belinda
Mrs. Stanhope,DC,0,30,Belinda
Mrs. Stanhope,DN,0,30,Belinda
Mrs. Stanhope:--,N,0,30,Belinda
Mrs. Stanhope:--,C,0,30,Belinda
Mrs. Stanhope:--,I,0,30,Belinda
Mrs. Stanhope:--,A,0,30,Belinda
Mrs. Stanhope:--,DC,0,30,Belinda
Mrs. Stanhope:--,DN,0,30,Belinda
NIECE,N,0,30,Belinda
NIECE,C,0,30,Belinda
NIECE,I,0,30,Belinda
NIECE,A,0,30,Belinda
NIECE,DC,0,30,Belinda
NIECE,DN,0,30,Belinda
Paul,N,0,30,Belinda
Paul,C,0,30,Belinda
Paul,I,0,30,Belinda
Paul,A,0,30,Belinda
Paul,DC,0,30,Belinda
Paul,DN,0,30,Belinda
Percival,N,0,30,Belinda
Percival,C,0,30,Belinda
Percival,I,0,30,Belinda
Percival,A,0,30,Belinda
Percival,DC,0,30,Belinda
Percival,DN,0,30,Belinda
Petrarch,N,0,30,Belinda
Petrarch,C,0,30,Belinda
Petrarch,I,0,30,Belinda
Petrarch,A,0,30,Belinda
Petrarch,DC,0,30,Belinda
Petrarch,DN,0,30,Belinda
Queen Elizabeth,N,0,30,Belinda
Queen Elizabeth,C,0,30,Belinda
Queen Elizabeth,I,0,30,Belinda
Queen Elizabeth,A,0,30,Belinda
Queen Elizabeth,DC,0,30,Belinda
Queen Elizabeth,DN,0,30,Belinda
Rachel,N,1,30,Belinda
Rachel,C,0,30,Belinda
Rachel,I,0,30,Belinda
Rachel,A,0,30,Belinda
Rachel,DC,0,30,Belinda
Rachel,DN,1,30,Belinda
Rochfort,N,0,30,Belinda
Rochfort,C,0,30,Belinda
Rochfort,I,0,30,Belinda
Rochfort,A,0,30,Belinda
Rochfort,DC,0,30,Belinda
Rochfort,DN,0,30,Belinda
Sir Philip,N,3,30,Belinda
Sir Philip,C,0,30,Belinda
Sir Philip,I,0,30,Belinda
Sir Philip,A,0,30,Belinda
Sir Philip,DC,0,30,Belinda
Sir Philip,DN,0,30,Belinda
Solomon,N,1,30,Belinda
Solomon,C,0,30,Belinda
Solomon,I,0,30,Belinda
Solomon,A,0,30,Belinda
Solomon,DC,1,30,Belinda
Solomon,DN,0,30,Belinda
Tollemache,N,0,30,Belinda
Tollemache,C,0,30,Belinda
Tollemache,I,0,30,Belinda
Tollemache,A,0,30,Belinda
Tollemache,DC,0,30,Belinda
Tollemache,DN,0,30,Belinda
Valleton,N,0,30,Belinda
Valleton,C,0,30,Belinda
Valleton,I,0,30,Belinda
Valleton,A,0,30,Belinda
Valleton,DC,0,30,Belinda
Valleton,DN,0,30,Belinda
Virginia,N,3,30,Belinda
Virginia,C,0,30,Belinda
Virginia,I,0,30,Belinda
Virginia,A,1,30,Belinda
Virginia,DC,2,30,Belinda
Virginia,DN,0,30,Belinda
Young Vincent,N,0,30,Belinda
Young Vincent,C,0,30,Belinda
Young Vincent,I,0,30,Belinda
Young Vincent,A,0,30,Belinda
Young Vincent,DC,0,30,Belinda
Young Vincent,DN,0,30,Belinda
de Grignan,N,0,30,Belinda
de Grignan,C,0,30,Belinda
de Grignan,I,0,30,Belinda
de Grignan,A,0,30,Belinda
de Grignan,DC,0,30,Belinda
de Grignan,DN,0,30,Belinda
de Pomenars,N,0,30,Belinda
de Pomenars,C,0,30,Belinda
de Pomenars,I,0,30,Belinda
de Pomenars,A,0,30,Belinda
de Pomenars,DC,0,30,Belinda
de Pomenars,DN,0,30,Belinda
poor Lawless,N,0,30,Belinda
poor Lawless,C,0,30,Belinda
poor Lawless,I,0,30,Belinda
poor Lawless,A,0,30,Belinda
poor Lawless,DC,0,30,Belinda
poor Lawless,DN,0,30,Belinda
the Luttridges,N,0,30,Belinda
the Luttridges,C,0,30,Belinda
the Luttridges,I,0,30,Belinda
the Luttridges,A,0,30,Belinda
the Luttridges,DC,0,30,Belinda
the Luttridges,DN,0,30,Belinda
the Percivals,N,0,30,Belinda
the Percivals,C,0,30,Belinda
the Percivals,I,0,30,Belinda
the Percivals,A,0,30,Belinda
the Percivals,DC,0,30,Belinda
the Percivals,DN,0,30,Belinda
the honourable Mrs. Levit,N,0,30,Belinda
the honourable Mrs. Levit,C,0,30,Belinda
the honourable Mrs. Levit,I,0,30,Belinda
the honourable Mrs. Levit,A,0,30,Belinda
the honourable Mrs. Levit,DC,0,30,Belinda
the honourable Mrs. Levit,DN,0,30,Belinda
Annabella,N,1,31,Belinda
Annabella,C,0,31,Belinda
Annabella,I,0,31,Belinda
Annabella,A,0,31,Belinda
Annabella,DC,1,31,Belinda
Annabella,DN,0,31,Belinda
Belinda,N,33,31,Belinda
Belinda,C,11,31,Belinda
Belinda,I,10,31,Belinda
Belinda,A,9,31,Belinda
Belinda,DC,22,31,Belinda
Belinda,DN,1,31,Belinda
Bobby,N,1,31,Belinda
Bobby,C,0,31,Belinda
Bobby,I,0,31,Belinda
Bobby,A,0,31,Belinda
Bobby,DC,1,31,Belinda
Bobby,DN,0,31,Belinda
Captain Sunderland,N,11,31,Belinda
Captain Sunderland,C,0,31,Belinda
Captain Sunderland,I,2,31,Belinda
Captain Sunderland,A,11,31,Belinda
Captain Sunderland,DC,17,31,Belinda
Captain Sunderland,DN,0,31,Belinda
Champfort,N,0,31,Belinda
Champfort,C,0,31,Belinda
Champfort,I,0,31,Belinda
Champfort,A,0,31,Belinda
Champfort,DC,0,31,Belinda
Champfort,DN,0,31,Belinda
Charles,N,0,31,Belinda
Charles,C,0,31,Belinda
Charles,I,0,31,Belinda
Charles,A,0,31,Belinda
Charles,DC,0,31,Belinda
Charles,DN,0,31,Belinda
Clarence,N,0,31,Belinda
Clarence,C,0,31,Belinda
Clarence,I,0,31,Belinda
Clarence,A,0,31,Belinda
Clarence,DC,0,31,Belinda
Clarence,DN,0,31,Belinda
Clarence Hervey,N,0,31,Belinda
Clarence Hervey,C,0,31,Belinda
Clarence Hervey,I,0,31,Belinda
Clarence Hervey,A,0,31,Belinda
Clarence Hervey,DC,0,31,Belinda
Clarence Hervey,DN,0,31,Belinda
Clary,N,0,31,Belinda
Clary,C,0,31,Belinda
Clary,I,0,31,Belinda
Clary,A,0,31,Belinda
Clary,DC,0,31,Belinda
Clary,DN,0,31,Belinda
Cupid,N,0,31,Belinda
Cupid,C,0,31,Belinda
Cupid,I,0,31,Belinda
Cupid,A,0,31,Belinda
Cupid,DC,0,31,Belinda
Cupid,DN,0,31,Belinda
Damme,N,0,31,Belinda
Damme,C,0,31,Belinda
Damme,I,0,31,Belinda
Damme,A,0,31,Belinda
Damme,DC,0,31,Belinda
Damme,DN,0,31,Belinda
Doctor X----,N,0,31,Belinda
Doctor X----,C,0,31,Belinda
Doctor X----,I,0,31,Belinda
Doctor X----,A,0,31,Belinda
Doctor X----,DC,0,31,Belinda
Doctor X----,DN,0,31,Belinda
Dr. X----,N,0,31,Belinda
Dr. X----,C,0,31,Belinda
Dr. X----,I,0,31,Belinda
Dr. X----,A,0,31,Belinda
Dr. X----,DC,0,31,Belinda
Dr. X----,DN,0,31,Belinda
Edward,N,0,31,Belinda
Edward,C,0,31,Belinda
Edward,I,0,31,Belinda
Edward,A,0,31,Belinda
Edward,DC,0,31,Belinda
Edward,DN,0,31,Belinda
Fawcett,N,0,31,Belinda
Fawcett,C,0,31,Belinda
Fawcett,I,0,31,Belinda
Fawcett,A,0,31,Belinda
Fawcett,DC,0,31,Belinda
Fawcett,DN,0,31,Belinda
God,N,0,31,Belinda
God,C,0,31,Belinda
God,I,0,31,Belinda
God,A,0,31,Belinda
God,DC,0,31,Belinda
God,DN,0,31,Belinda
Harriot,N,0,31,Belinda
Harriot,C,0,31,Belinda
Harriot,I,0,31,Belinda
Harriot,A,0,31,Belinda
Harriot,DC,0,31,Belinda
Harriot,DN,0,31,Belinda
Heaven,N,1,31,Belinda
Heaven,C,0,31,Belinda
Heaven,I,0,31,Belinda
Heaven,A,0,31,Belinda
Heaven,DC,1,31,Belinda
Heaven,DN,0,31,Belinda
Helena,N,2,31,Belinda
Helena,C,0,31,Belinda
Helena,I,0,31,Belinda
Helena,A,1,31,Belinda
Helena,DC,0,31,Belinda
Helena,DN,0,31,Belinda
James,N,0,31,Belinda
James,C,0,31,Belinda
James,I,0,31,Belinda
James,A,0,31,Belinda
James,DC,0,31,Belinda
James,DN,0,31,Belinda
Jenny Mason,N,0,31,Belinda
Jenny Mason,C,0,31,Belinda
Jenny Mason,I,0,31,Belinda
Jenny Mason,A,0,31,Belinda
Jenny Mason,DC,0,31,Belinda
Jenny Mason,DN,0,31,Belinda
Joddrell,N,0,31,Belinda
Joddrell,C,0,31,Belinda
Joddrell,I,0,31,Belinda
Joddrell,A,0,31,Belinda
Joddrell,DC,0,31,Belinda
Joddrell,DN,0,31,Belinda
Jove,N,0,31,Belinda
Jove,C,0,31,Belinda
Jove,I,0,31,Belinda
Jove,A,0,31,Belinda
Jove,DC,0,31,Belinda
Jove,DN,0,31,Belinda
Juba,N,4,31,Belinda
Juba,C,0,31,Belinda
Juba,I,0,31,Belinda
Juba,A,0,31,Belinda
Juba,DC,2,31,Belinda
Juba,DN,0,31,Belinda
Lady Almeria,N,0,31,Belinda
Lady Almeria,C,0,31,Belinda
Lady Almeria,I,0,31,Belinda
Lady Almeria,A,0,31,Belinda
Lady Almeria,DC,0,31,Belinda
Lady Almeria,DN,0,31,Belinda
Lady Anne,N,0,31,Belinda
Lady Anne,C,0,31,Belinda
Lady Anne,I,0,31,Belinda
Lady Anne,A,0,31,Belinda
Lady Anne,DC,0,31,Belinda
Lady Anne,DN,0,31,Belinda
Lady Boucher,N,1,31,Belinda
Lady Boucher,C,0,31,Belinda
Lady Boucher,I,0,31,Belinda
Lady Boucher,A,0,31,Belinda
Lady Boucher,DC,1,31,Belinda
Lady Boucher,DN,0,31,Belinda
Lady Delacour,N,34,31,Belinda
Lady Delacour,C,46,31,Belinda
Lady Delacour,I,24,31,Belinda
Lady Delacour,A,33,31,Belinda
Lady Delacour,DC,5,31,Belinda
Lady Delacour,DN,0,31,Belinda
Lady Singleton,N,0,31,Belinda
Lady Singleton,C,0,31,Belinda
Lady Singleton,I,0,31,Belinda
Lady Singleton,A,0,31,Belinda
Lady Singleton,DC,0,31,Belinda
Lady Singleton,DN,0,31,Belinda
Lawless,N,0,31,Belinda
Lawless,C,0,31,Belinda
Lawless,I,0,31,Belinda
Lawless,A,0,31,Belinda
Lawless,DC,0,31,Belinda
Lawless,DN,0,31,Belinda
Lord,N,0,31,Belinda
Lord,C,0,31,Belinda
Lord,I,0,31,Belinda
Lord,A,0,31,Belinda
Lord,DC,0,31,Belinda
Lord,DN,0,31,Belinda
Lord Delacour,N,2,31,Belinda
Lord Delacour,C,0,31,Belinda
Lord Delacour,I,0,31,Belinda
Lord Delacour,A,0,31,Belinda
Lord Delacour,DC,0,31,Belinda
Lord Delacour,DN,0,31,Belinda
Lord Studley,N,0,31,Belinda
Lord Studley,C,0,31,Belinda
Lord Studley,I,0,31,Belinda
Lord Studley,A,0,31,Belinda
Lord Studley,DC,0,31,Belinda
Lord Studley,DN,0,31,Belinda
Lucy,N,0,31,Belinda
Lucy,C,0,31,Belinda
Lucy,I,0,31,Belinda
Lucy,A,0,31,Belinda
Lucy,DC,0,31,Belinda
Lucy,DN,0,31,Belinda
M. de St. Pierre,N,0,31,Belinda
M. de St. Pierre,C,0,31,Belinda
M. de St. Pierre,I,0,31,Belinda
M. de St. Pierre,A,0,31,Belinda
M. de St. Pierre,DC,0,31,Belinda
M. de St. Pierre,DN,0,31,Belinda
Mad,N,0,31,Belinda
Mad,C,0,31,Belinda
Mad,I,0,31,Belinda
Mad,A,0,31,Belinda
Mad,DC,0,31,Belinda
Mad,DN,0,31,Belinda
Mamma,N,0,31,Belinda
Mamma,C,0,31,Belinda
Mamma,I,0,31,Belinda
Mamma,A,0,31,Belinda
Mamma,DC,0,31,Belinda
Mamma,DN,0,31,Belinda
Marraton,N,2,31,Belinda
Marraton,C,0,31,Belinda
Marraton,I,2,31,Belinda
Marraton,A,1,31,Belinda
Marraton,DC,2,31,Belinda
Marraton,DN,0,31,Belinda
Marriott,N,8,31,Belinda
Marriott,C,0,31,Belinda
Marriott,I,2,31,Belinda
Marriott,A,2,31,Belinda
Marriott,DC,8,31,Belinda
Marriott,DN,0,31,Belinda
Ma’am,N,0,31,Belinda
Ma’am,C,0,31,Belinda
Ma’am,I,0,31,Belinda
Ma’am,A,0,31,Belinda
Ma’am,DC,0,31,Belinda
Ma’am,DN,0,31,Belinda
Milord,N,0,31,Belinda
Milord,C,0,31,Belinda
Milord,I,0,31,Belinda
Milord,A,0,31,Belinda
Milord,DC,0,31,Belinda
Milord,DN,0,31,Belinda
Miss Delacour,N,0,31,Belinda
Miss Delacour,C,0,31,Belinda
Miss Delacour,I,0,31,Belinda
Miss Delacour,A,0,31,Belinda
Miss Delacour,DC,0,31,Belinda
Miss Delacour,DN,0,31,Belinda
Miss Hartley,N,5,31,Belinda
Miss Hartley,C,0,31,Belinda
Miss Hartley,I,1,31,Belinda
Miss Hartley,A,2,31,Belinda
Miss Hartley,DC,10,31,Belinda
Miss Hartley,DN,0,31,Belinda
Miss Honour O’Grady,N,0,31,Belinda
Miss Honour O’Grady,C,0,31,Belinda
Miss Honour O’Grady,I,0,31,Belinda
Miss Honour O’Grady,A,0,31,Belinda
Miss Honour O’Grady,DC,0,31,Belinda
Miss Honour O’Grady,DN,0,31,Belinda
Miss Moreton,N,0,31,Belinda
Miss Moreton,C,0,31,Belinda
Miss Moreton,I,0,31,Belinda
Miss Moreton,A,0,31,Belinda
Miss Moreton,DC,0,31,Belinda
Miss Moreton,DN,0,31,Belinda
Miss Portman----,N,0,31,Belinda
Miss Portman----,C,0,31,Belinda
Miss Portman----,I,0,31,Belinda
Miss Portman----,A,0,31,Belinda
Miss Portman----,DC,0,31,Belinda
Miss Portman----,DN,0,31,Belinda
Miss St. Pierre,N,0,31,Belinda
Miss St. Pierre,C,0,31,Belinda
Miss St. Pierre,I,0,31,Belinda
Miss St. Pierre,A,0,31,Belinda
Miss St. Pierre,DC,0,31,Belinda
Miss St. Pierre,DN,0,31,Belinda
Mr. Freke,N,0,31,Belinda
Mr. Freke,C,0,31,Belinda
Mr. Freke,I,0,31,Belinda
Mr. Freke,A,0,31,Belinda
Mr. Freke,DC,0,31,Belinda
Mr. Freke,DN,0,31,Belinda
Mr. Hartley,N,6,31,Belinda
Mr. Hartley,C,2,31,Belinda
Mr. Hartley,I,0,31,Belinda
Mr. Hartley,A,3,31,Belinda
Mr. Hartley,DC,6,31,Belinda
Mr. Hartley,DN,0,31,Belinda
Mr. Hervey,N,49,31,Belinda
Mr. Hervey,C,42,31,Belinda
Mr. Hervey,I,20,31,Belinda
Mr. Hervey,A,35,31,Belinda
Mr. Hervey,DC,36,31,Belinda
Mr. Hervey,DN,6,31,Belinda
Mr. Horton,N,0,31,Belinda
Mr. Horton,C,0,31,Belinda
Mr. Horton,I,0,31,Belinda
Mr. Horton,A,0,31,Belinda
Mr. Horton,DC,0,31,Belinda
Mr. Horton,DN,0,31,Belinda
Mr. Luttridge,N,0,31,Belinda
Mr. Luttridge,C,0,31,Belinda
Mr. Luttridge,I,0,31,Belinda
Mr. Luttridge,A,0,31,Belinda
Mr. Luttridge,DC,0,31,Belinda
Mr. Luttridge,DN,0,31,Belinda
Mr. Percival,N,1,31,Belinda
Mr. Percival,C,0,31,Belinda
Mr. Percival,I,1,31,Belinda
Mr. Percival,A,1,31,Belinda
Mr. Percival,DC,1,31,Belinda
Mr. Percival,DN,0,31,Belinda
Mr. St. George,N,0,31,Belinda
Mr. St. George,C,0,31,Belinda
Mr. St. George,I,0,31,Belinda
Mr. St. George,A,0,31,Belinda
Mr. St. George,DC,0,31,Belinda
Mr. St. George,DN,0,31,Belinda
Mr. V----,N,0,31,Belinda
Mr. V----,C,0,31,Belinda
Mr. V----,I,0,31,Belinda
Mr. V----,A,0,31,Belinda
Mr. V----,DC,0,31,Belinda
Mr. V----,DN,0,31,Belinda
Mr. Vincent,N,1,31,Belinda
Mr. Vincent,C,0,31,Belinda
Mr. Vincent,I,0,31,Belinda
Mr. Vincent,A,0,31,Belinda
Mr. Vincent,DC,1,31,Belinda
Mr. Vincent,DN,0,31,Belinda
Mrs. ----,N,0,31,Belinda
Mrs. ----,C,0,31,Belinda
Mrs. ----,I,0,31,Belinda
Mrs. ----,A,0,31,Belinda
Mrs. ----,DC,0,31,Belinda
Mrs. ----,DN,0,31,Belinda
Mrs. Delacour,N,16,31,Belinda
Mrs. Delacour,C,17,31,Belinda
Mrs. Delacour,I,7,31,Belinda
Mrs. Delacour,A,6,31,Belinda
Mrs. Delacour,DC,6,31,Belinda
Mrs. Delacour,DN,1,31,Belinda
Mrs. Dumont,N,0,31,Belinda
Mrs. Dumont,C,0,31,Belinda
Mrs. Dumont,I,0,31,Belinda
Mrs. Dumont,A,0,31,Belinda
Mrs. Dumont,DC,0,31,Belinda
Mrs. Dumont,DN,0,31,Belinda
Mrs. Franks,N,0,31,Belinda
Mrs. Franks,C,0,31,Belinda
Mrs. Franks,I,0,31,Belinda
Mrs. Franks,A,0,31,Belinda
Mrs. Franks,DC,0,31,Belinda
Mrs. Franks,DN,0,31,Belinda
Mrs. Freke,N,1,31,Belinda
Mrs. Freke,C,0,31,Belinda
Mrs. Freke,I,0,31,Belinda
Mrs. Freke,A,0,31,Belinda
Mrs. Freke,DC,1,31,Belinda
Mrs. Freke,DN,0,31,Belinda
Mrs. Luttridge,N,0,31,Belinda
Mrs. Luttridge,C,0,31,Belinda
Mrs. Luttridge,I,0,31,Belinda
Mrs. Luttridge,A,0,31,Belinda
Mrs. Luttridge,DC,0,31,Belinda
Mrs. Luttridge,DN,0,31,Belinda
Mrs. Ormond,N,32,31,Belinda
Mrs. Ormond,C,9,31,Belinda
Mrs. Ormond,I,6,31,Belinda
Mrs. Ormond,A,8,31,Belinda
Mrs. Ormond,DC,24,31,Belinda
Mrs. Ormond,DN,1,31,Belinda
Mrs. Smith,N,3,31,Belinda
Mrs. Smith,C,0,31,Belinda
Mrs. Smith,I,0,31,Belinda
Mrs. Smith,A,0,31,Belinda
Mrs. Smith,DC,4,31,Belinda
Mrs. Smith,DN,0,31,Belinda
Mrs. Stanhope,N,1,31,Belinda
Mrs. Stanhope,C,0,31,Belinda
Mrs. Stanhope,I,1,31,Belinda
Mrs. Stanhope,A,0,31,Belinda
Mrs. Stanhope,DC,1,31,Belinda
Mrs. Stanhope,DN,0,31,Belinda
Mrs. Stanhope:--,N,0,31,Belinda
Mrs. Stanhope:--,C,0,31,Belinda
Mrs. Stanhope:--,I,0,31,Belinda
Mrs. Stanhope:--,A,0,31,Belinda
Mrs. Stanhope:--,DC,0,31,Belinda
Mrs. Stanhope:--,DN,0,31,Belinda
NIECE,N,0,31,Belinda
NIECE,C,0,31,Belinda
NIECE,I,0,31,Belinda
NIECE,A,0,31,Belinda
NIECE,DC,0,31,Belinda
NIECE,DN,0,31,Belinda
Paul,N,2,31,Belinda
Paul,C,0,31,Belinda
Paul,I,0,31,Belinda
Paul,A,0,31,Belinda
Paul,DC,2,31,Belinda
Paul,DN,0,31,Belinda
Percival,N,0,31,Belinda
Percival,C,0,31,Belinda
Percival,I,0,31,Belinda
Percival,A,0,31,Belinda
Percival,DC,0,31,Belinda
Percival,DN,0,31,Belinda
Petrarch,N,0,31,Belinda
Petrarch,C,0,31,Belinda
Petrarch,I,0,31,Belinda
Petrarch,A,0,31,Belinda
Petrarch,DC,0,31,Belinda
Petrarch,DN,0,31,Belinda
Queen Elizabeth,N,0,31,Belinda
Queen Elizabeth,C,0,31,Belinda
Queen Elizabeth,I,0,31,Belinda
Queen Elizabeth,A,0,31,Belinda
Queen Elizabeth,DC,0,31,Belinda
Queen Elizabeth,DN,0,31,Belinda
Rachel,N,0,31,Belinda
Rachel,C,0,31,Belinda
Rachel,I,0,31,Belinda
Rachel,A,0,31,Belinda
Rachel,DC,0,31,Belinda
Rachel,DN,0,31,Belinda
Rochfort,N,0,31,Belinda
Rochfort,C,0,31,Belinda
Rochfort,I,0,31,Belinda
Rochfort,A,0,31,Belinda
Rochfort,DC,0,31,Belinda
Rochfort,DN,0,31,Belinda
Sir Philip,N,4,31,Belinda
Sir Philip,C,0,31,Belinda
Sir Philip,I,0,31,Belinda
Sir Philip,A,0,31,Belinda
Sir Philip,DC,2,31,Belinda
Sir Philip,DN,0,31,Belinda
Solomon,N,0,31,Belinda
Solomon,C,0,31,Belinda
Solomon,I,0,31,Belinda
Solomon,A,0,31,Belinda
Solomon,DC,0,31,Belinda
Solomon,DN,0,31,Belinda
Tollemache,N,0,31,Belinda
Tollemache,C,0,31,Belinda
Tollemache,I,0,31,Belinda
Tollemache,A,0,31,Belinda
Tollemache,DC,0,31,Belinda
Tollemache,DN,0,31,Belinda
Valleton,N,0,31,Belinda
Valleton,C,0,31,Belinda
Valleton,I,0,31,Belinda
Valleton,A,0,31,Belinda
Valleton,DC,0,31,Belinda
Valleton,DN,0,31,Belinda
Virginia,N,55,31,Belinda
Virginia,C,48,31,Belinda
Virginia,I,75,31,Belinda
Virginia,A,65,31,Belinda
Virginia,DC,59,31,Belinda
Virginia,DN,3,31,Belinda
Young Vincent,N,0,31,Belinda
Young Vincent,C,0,31,Belinda
Young Vincent,I,0,31,Belinda
Young Vincent,A,0,31,Belinda
Young Vincent,DC,0,31,Belinda
Young Vincent,DN,0,31,Belinda
de Grignan,N,0,31,Belinda
de Grignan,C,0,31,Belinda
de Grignan,I,0,31,Belinda
de Grignan,A,0,31,Belinda
de Grignan,DC,0,31,Belinda
de Grignan,DN,0,31,Belinda
de Pomenars,N,0,31,Belinda
de Pomenars,C,0,31,Belinda
de Pomenars,I,0,31,Belinda
de Pomenars,A,0,31,Belinda
de Pomenars,DC,0,31,Belinda
de Pomenars,DN,0,31,Belinda
poor Lawless,N,0,31,Belinda
poor Lawless,C,0,31,Belinda
poor Lawless,I,0,31,Belinda
poor Lawless,A,0,31,Belinda
poor Lawless,DC,0,31,Belinda
poor Lawless,DN,0,31,Belinda
the Luttridges,N,0,31,Belinda
the Luttridges,C,0,31,Belinda
the Luttridges,I,0,31,Belinda
the Luttridges,A,0,31,Belinda
the Luttridges,DC,0,31,Belinda
the Luttridges,DN,0,31,Belinda
the Percivals,N,0,31,Belinda
the Percivals,C,0,31,Belinda
the Percivals,I,0,31,Belinda
the Percivals,A,0,31,Belinda
the Percivals,DC,0,31,Belinda
the Percivals,DN,0,31,Belinda
the honourable Mrs. Levit,N,0,31,Belinda
the honourable Mrs. Levit,C,0,31,Belinda
the honourable Mrs. Levit,I,0,31,Belinda
the honourable Mrs. Levit,A,0,31,Belinda
the honourable Mrs. Levit,DC,0,31,Belinda
the honourable Mrs. Levit,DN,0,31,Belinda
