character,tag,count,chapter,novel
Agnes,N,0,1,Oliver_Twist
Agnes,C,0,1,Oliver_Twist
Agnes,I,0,1,Oliver_Twist
Agnes,A,0,1,Oliver_Twist
Agnes,DC,0,1,Oliver_Twist
Agnes,DN,0,1,Oliver_Twist
Barney,N,0,1,Oliver_Twist
Barney,C,0,1,Oliver_Twist
Barney,I,0,1,Oliver_Twist
Barney,A,0,1,Oliver_Twist
Barney,DC,0,1,Oliver_Twist
Barney,DN,0,1,Oliver_Twist
Bet,N,0,1,Oliver_Twist
Bet,C,0,1,Oliver_Twist
Bet,I,0,1,Oliver_Twist
Bet,A,0,1,Oliver_Twist
Bet,DC,0,1,Oliver_Twist
Bet,DN,0,1,Oliver_Twist
Blathers,N,0,1,Oliver_Twist
Blathers,C,0,1,Oliver_Twist
Blathers,I,0,1,Oliver_Twist
Blathers,A,0,1,Oliver_Twist
Blathers,DC,0,1,Oliver_Twist
Blathers,DN,0,1,Oliver_Twist
Brittles,N,0,1,Oliver_Twist
Brittles,C,0,1,Oliver_Twist
Brittles,I,0,1,Oliver_Twist
Brittles,A,0,1,Oliver_Twist
Brittles,DC,0,1,Oliver_Twist
Brittles,DN,0,1,Oliver_Twist
Charlotte,N,0,1,Oliver_Twist
Charlotte,C,0,1,Oliver_Twist
Charlotte,I,0,1,Oliver_Twist
Charlotte,A,0,1,Oliver_Twist
Charlotte,DC,0,1,Oliver_Twist
Charlotte,DN,0,1,Oliver_Twist
Chickweed,N,0,1,Oliver_Twist
Chickweed,C,0,1,Oliver_Twist
Chickweed,I,0,1,Oliver_Twist
Chickweed,A,0,1,Oliver_Twist
Chickweed,DC,0,1,Oliver_Twist
Chickweed,DN,0,1,Oliver_Twist
Cod,N,0,1,Oliver_Twist
Cod,C,0,1,Oliver_Twist
Cod,I,0,1,Oliver_Twist
Cod,A,0,1,Oliver_Twist
Cod,DC,0,1,Oliver_Twist
Cod,DN,0,1,Oliver_Twist
Dick,N,0,1,Oliver_Twist
Dick,C,0,1,Oliver_Twist
Dick,I,0,1,Oliver_Twist
Dick,A,0,1,Oliver_Twist
Dick,DC,0,1,Oliver_Twist
Dick,DN,0,1,Oliver_Twist
Duff,N,0,1,Oliver_Twist
Duff,C,0,1,Oliver_Twist
Duff,I,0,1,Oliver_Twist
Duff,A,0,1,Oliver_Twist
Duff,DC,0,1,Oliver_Twist
Duff,DN,0,1,Oliver_Twist
Fagin,N,1,1,Oliver_Twist
Fagin,C,0,1,Oliver_Twist
Fagin,I,0,1,Oliver_Twist
Fagin,A,0,1,Oliver_Twist
Fagin,DC,0,1,Oliver_Twist
Fagin,DN,0,1,Oliver_Twist
Faguey,N,0,1,Oliver_Twist
Faguey,C,0,1,Oliver_Twist
Faguey,I,0,1,Oliver_Twist
Faguey,A,0,1,Oliver_Twist
Faguey,DC,0,1,Oliver_Twist
Faguey,DN,0,1,Oliver_Twist
God,N,0,1,Oliver_Twist
God,C,0,1,Oliver_Twist
God,I,0,1,Oliver_Twist
God,A,0,1,Oliver_Twist
God,DC,0,1,Oliver_Twist
God,DN,0,1,Oliver_Twist
Harry,N,0,1,Oliver_Twist
Harry,C,0,1,Oliver_Twist
Harry,I,0,1,Oliver_Twist
Harry,A,0,1,Oliver_Twist
Harry,DC,0,1,Oliver_Twist
Harry,DN,0,1,Oliver_Twist
Heaven,N,0,1,Oliver_Twist
Heaven,C,0,1,Oliver_Twist
Heaven,I,0,1,Oliver_Twist
Heaven,A,0,1,Oliver_Twist
Heaven,DC,0,1,Oliver_Twist
Heaven,DN,0,1,Oliver_Twist
Jack Dawkins,N,0,1,Oliver_Twist
Jack Dawkins,C,0,1,Oliver_Twist
Jack Dawkins,I,0,1,Oliver_Twist
Jack Dawkins,A,0,1,Oliver_Twist
Jack Dawkins,DC,0,1,Oliver_Twist
Jack Dawkins,DN,0,1,Oliver_Twist
Kags,N,0,1,Oliver_Twist
Kags,C,0,1,Oliver_Twist
Kags,I,0,1,Oliver_Twist
Kags,A,0,1,Oliver_Twist
Kags,DC,0,1,Oliver_Twist
Kags,DN,0,1,Oliver_Twist
Little Oliver,N,0,1,Oliver_Twist
Little Oliver,C,0,1,Oliver_Twist
Little Oliver,I,0,1,Oliver_Twist
Little Oliver,A,0,1,Oliver_Twist
Little Oliver,DC,0,1,Oliver_Twist
Little Oliver,DN,0,1,Oliver_Twist
Lor,N,0,1,Oliver_Twist
Lor,C,0,1,Oliver_Twist
Lor,I,0,1,Oliver_Twist
Lor,A,0,1,Oliver_Twist
Lor,DC,0,1,Oliver_Twist
Lor,DN,0,1,Oliver_Twist
Master Bates,N,0,1,Oliver_Twist
Master Bates,C,0,1,Oliver_Twist
Master Bates,I,0,1,Oliver_Twist
Master Bates,A,0,1,Oliver_Twist
Master Bates,DC,0,1,Oliver_Twist
Master Bates,DN,0,1,Oliver_Twist
Messrs. Blathers,N,0,1,Oliver_Twist
Messrs. Blathers,C,0,1,Oliver_Twist
Messrs. Blathers,I,0,1,Oliver_Twist
Messrs. Blathers,A,0,1,Oliver_Twist
Messrs. Blathers,DC,0,1,Oliver_Twist
Messrs. Blathers,DN,0,1,Oliver_Twist
Miss Maylie,N,0,1,Oliver_Twist
Miss Maylie,C,0,1,Oliver_Twist
Miss Maylie,I,0,1,Oliver_Twist
Miss Maylie,A,0,1,Oliver_Twist
Miss Maylie,DC,0,1,Oliver_Twist
Miss Maylie,DN,0,1,Oliver_Twist
Monks,N,0,1,Oliver_Twist
Monks,C,0,1,Oliver_Twist
Monks,I,0,1,Oliver_Twist
Monks,A,0,1,Oliver_Twist
Monks,DC,0,1,Oliver_Twist
Monks,DN,0,1,Oliver_Twist
Mr. Bolter,N,0,1,Oliver_Twist
Mr. Bolter,C,0,1,Oliver_Twist
Mr. Bolter,I,0,1,Oliver_Twist
Mr. Bolter,A,0,1,Oliver_Twist
Mr. Bolter,DC,0,1,Oliver_Twist
Mr. Bolter,DN,0,1,Oliver_Twist
Mr. Browlow,N,0,1,Oliver_Twist
Mr. Browlow,C,0,1,Oliver_Twist
Mr. Browlow,I,0,1,Oliver_Twist
Mr. Browlow,A,0,1,Oliver_Twist
Mr. Browlow,DC,0,1,Oliver_Twist
Mr. Browlow,DN,0,1,Oliver_Twist
Mr. Brownlow,N,1,1,Oliver_Twist
Mr. Brownlow,C,0,1,Oliver_Twist
Mr. Brownlow,I,0,1,Oliver_Twist
Mr. Brownlow,A,1,1,Oliver_Twist
Mr. Brownlow,DC,0,1,Oliver_Twist
Mr. Brownlow,DN,0,1,Oliver_Twist
Mr. Bumble,N,1,1,Oliver_Twist
Mr. Bumble,C,0,1,Oliver_Twist
Mr. Bumble,I,0,1,Oliver_Twist
Mr. Bumble,A,0,1,Oliver_Twist
Mr. Bumble,DC,0,1,Oliver_Twist
Mr. Bumble,DN,0,1,Oliver_Twist
Mr. Chitling,N,0,1,Oliver_Twist
Mr. Chitling,C,0,1,Oliver_Twist
Mr. Chitling,I,0,1,Oliver_Twist
Mr. Chitling,A,0,1,Oliver_Twist
Mr. Chitling,DC,0,1,Oliver_Twist
Mr. Chitling,DN,0,1,Oliver_Twist
Mr. Dawkins,N,0,1,Oliver_Twist
Mr. Dawkins,C,0,1,Oliver_Twist
Mr. Dawkins,I,0,1,Oliver_Twist
Mr. Dawkins,A,0,1,Oliver_Twist
Mr. Dawkins,DC,0,1,Oliver_Twist
Mr. Dawkins,DN,0,1,Oliver_Twist
Mr. Fang,N,0,1,Oliver_Twist
Mr. Fang,C,0,1,Oliver_Twist
Mr. Fang,I,0,1,Oliver_Twist
Mr. Fang,A,0,1,Oliver_Twist
Mr. Fang,DC,0,1,Oliver_Twist
Mr. Fang,DN,0,1,Oliver_Twist
Mr. Gamfield,N,0,1,Oliver_Twist
Mr. Gamfield,C,0,1,Oliver_Twist
Mr. Gamfield,I,0,1,Oliver_Twist
Mr. Gamfield,A,0,1,Oliver_Twist
Mr. Gamfield,DC,0,1,Oliver_Twist
Mr. Gamfield,DN,0,1,Oliver_Twist
Mr. Giles,N,0,1,Oliver_Twist
Mr. Giles,C,0,1,Oliver_Twist
Mr. Giles,I,0,1,Oliver_Twist
Mr. Giles,A,0,1,Oliver_Twist
Mr. Giles,DC,0,1,Oliver_Twist
Mr. Giles,DN,0,1,Oliver_Twist
Mr. Grimwig,N,1,1,Oliver_Twist
Mr. Grimwig,C,0,1,Oliver_Twist
Mr. Grimwig,I,0,1,Oliver_Twist
Mr. Grimwig,A,1,1,Oliver_Twist
Mr. Grimwig,DC,0,1,Oliver_Twist
Mr. Grimwig,DN,0,1,Oliver_Twist
Mr. Limbkins,N,0,1,Oliver_Twist
Mr. Limbkins,C,0,1,Oliver_Twist
Mr. Limbkins,I,0,1,Oliver_Twist
Mr. Limbkins,A,0,1,Oliver_Twist
Mr. Limbkins,DC,0,1,Oliver_Twist
Mr. Limbkins,DN,0,1,Oliver_Twist
Mr. Lively,N,0,1,Oliver_Twist
Mr. Lively,C,0,1,Oliver_Twist
Mr. Lively,I,0,1,Oliver_Twist
Mr. Lively,A,0,1,Oliver_Twist
Mr. Lively,DC,0,1,Oliver_Twist
Mr. Lively,DN,0,1,Oliver_Twist
Mr. Losberne,N,0,1,Oliver_Twist
Mr. Losberne,C,0,1,Oliver_Twist
Mr. Losberne,I,0,1,Oliver_Twist
Mr. Losberne,A,0,1,Oliver_Twist
Mr. Losberne,DC,0,1,Oliver_Twist
Mr. Losberne,DN,0,1,Oliver_Twist
Mr. Maylie,N,0,1,Oliver_Twist
Mr. Maylie,C,0,1,Oliver_Twist
Mr. Maylie,I,0,1,Oliver_Twist
Mr. Maylie,A,0,1,Oliver_Twist
Mr. Maylie,DC,0,1,Oliver_Twist
Mr. Maylie,DN,0,1,Oliver_Twist
Mr. Sikes,N,0,1,Oliver_Twist
Mr. Sikes,C,0,1,Oliver_Twist
Mr. Sikes,I,0,1,Oliver_Twist
Mr. Sikes,A,0,1,Oliver_Twist
Mr. Sikes,DC,0,1,Oliver_Twist
Mr. Sikes,DN,0,1,Oliver_Twist
Mr. Sowerberry,N,0,1,Oliver_Twist
Mr. Sowerberry,C,0,1,Oliver_Twist
Mr. Sowerberry,I,0,1,Oliver_Twist
Mr. Sowerberry,A,0,1,Oliver_Twist
Mr. Sowerberry,DC,0,1,Oliver_Twist
Mr. Sowerberry,DN,0,1,Oliver_Twist
Mrs. Bedwin,N,0,1,Oliver_Twist
Mrs. Bedwin,C,0,1,Oliver_Twist
Mrs. Bedwin,I,0,1,Oliver_Twist
Mrs. Bedwin,A,0,1,Oliver_Twist
Mrs. Bedwin,DC,0,1,Oliver_Twist
Mrs. Bedwin,DN,0,1,Oliver_Twist
Mrs. Bolter,N,0,1,Oliver_Twist
Mrs. Bolter,C,0,1,Oliver_Twist
Mrs. Bolter,I,0,1,Oliver_Twist
Mrs. Bolter,A,0,1,Oliver_Twist
Mrs. Bolter,DC,0,1,Oliver_Twist
Mrs. Bolter,DN,0,1,Oliver_Twist
Mrs. Corney,N,0,1,Oliver_Twist
Mrs. Corney,C,0,1,Oliver_Twist
Mrs. Corney,I,0,1,Oliver_Twist
Mrs. Corney,A,0,1,Oliver_Twist
Mrs. Corney,DC,0,1,Oliver_Twist
Mrs. Corney,DN,0,1,Oliver_Twist
Mrs. Mann,N,0,1,Oliver_Twist
Mrs. Mann,C,0,1,Oliver_Twist
Mrs. Mann,I,0,1,Oliver_Twist
Mrs. Mann,A,0,1,Oliver_Twist
Mrs. Mann,DC,0,1,Oliver_Twist
Mrs. Mann,DN,0,1,Oliver_Twist
Mrs. Maylie,N,0,1,Oliver_Twist
Mrs. Maylie,C,0,1,Oliver_Twist
Mrs. Maylie,I,0,1,Oliver_Twist
Mrs. Maylie,A,0,1,Oliver_Twist
Mrs. Maylie,DC,0,1,Oliver_Twist
Mrs. Maylie,DN,0,1,Oliver_Twist
Mrs. Sowerberry,N,0,1,Oliver_Twist
Mrs. Sowerberry,C,0,1,Oliver_Twist
Mrs. Sowerberry,I,0,1,Oliver_Twist
Mrs. Sowerberry,A,0,1,Oliver_Twist
Mrs. Sowerberry,DC,0,1,Oliver_Twist
Mrs. Sowerberry,DN,0,1,Oliver_Twist
Nancy,N,1,1,Oliver_Twist
Nancy,C,0,1,Oliver_Twist
Nancy,I,0,1,Oliver_Twist
Nancy,A,1,1,Oliver_Twist
Nancy,DC,0,1,Oliver_Twist
Nancy,DN,1,1,Oliver_Twist
Noah,N,0,1,Oliver_Twist
Noah,C,0,1,Oliver_Twist
Noah,I,0,1,Oliver_Twist
Noah,A,0,1,Oliver_Twist
Noah,DC,0,1,Oliver_Twist
Noah,DN,0,1,Oliver_Twist
Oliver,N,3,1,Oliver_Twist
Oliver,C,0,1,Oliver_Twist
Oliver,I,0,1,Oliver_Twist
Oliver,A,4,1,Oliver_Twist
Oliver,DC,0,1,Oliver_Twist
Oliver,DN,3,1,Oliver_Twist
Rose,N,0,1,Oliver_Twist
Rose,C,0,1,Oliver_Twist
Rose,I,0,1,Oliver_Twist
Rose,A,0,1,Oliver_Twist
Rose,DC,0,1,Oliver_Twist
Rose,DN,0,1,Oliver_Twist
Sikes,N,0,1,Oliver_Twist
Sikes,C,0,1,Oliver_Twist
Sikes,I,0,1,Oliver_Twist
Sikes,A,0,1,Oliver_Twist
Sikes,DC,0,1,Oliver_Twist
Sikes,DN,0,1,Oliver_Twist
Spyers,N,0,1,Oliver_Twist
Spyers,C,0,1,Oliver_Twist
Spyers,I,0,1,Oliver_Twist
Spyers,A,0,1,Oliver_Twist
Spyers,DC,0,1,Oliver_Twist
Spyers,DN,0,1,Oliver_Twist
The Jew,N,1,1,Oliver_Twist
The Jew,C,0,1,Oliver_Twist
The Jew,I,0,1,Oliver_Twist
The Jew,A,0,1,Oliver_Twist
The Jew,DC,0,1,Oliver_Twist
The Jew,DN,0,1,Oliver_Twist
Toby,N,0,1,Oliver_Twist
Toby,C,0,1,Oliver_Twist
Toby,I,0,1,Oliver_Twist
Toby,A,0,1,Oliver_Twist
Toby,DC,0,1,Oliver_Twist
Toby,DN,0,1,Oliver_Twist
Tom,N,0,1,Oliver_Twist
Tom,C,0,1,Oliver_Twist
Tom,I,0,1,Oliver_Twist
Tom,A,0,1,Oliver_Twist
Tom,DC,0,1,Oliver_Twist
Tom,DN,0,1,Oliver_Twist
Work’us,N,0,1,Oliver_Twist
Work’us,C,0,1,Oliver_Twist
Work’us,I,0,1,Oliver_Twist
Work’us,A,0,1,Oliver_Twist
Work’us,DC,0,1,Oliver_Twist
Work’us,DN,0,1,Oliver_Twist
old Sally,N,0,1,Oliver_Twist
old Sally,C,0,1,Oliver_Twist
old Sally,I,0,1,Oliver_Twist
old Sally,A,0,1,Oliver_Twist
old Sally,DC,0,1,Oliver_Twist
old Sally,DN,0,1,Oliver_Twist
the Clerkinwell Sessions,N,0,1,Oliver_Twist
the Clerkinwell Sessions,C,0,1,Oliver_Twist
the Clerkinwell Sessions,I,0,1,Oliver_Twist
the Clerkinwell Sessions,A,0,1,Oliver_Twist
the Clerkinwell Sessions,DC,0,1,Oliver_Twist
the Clerkinwell Sessions,DN,0,1,Oliver_Twist
the Cripples,N,0,1,Oliver_Twist
the Cripples,C,0,1,Oliver_Twist
the Cripples,I,0,1,Oliver_Twist
the Cripples,A,0,1,Oliver_Twist
the Cripples,DC,0,1,Oliver_Twist
the Cripples,DN,0,1,Oliver_Twist
the Dodger,N,0,1,Oliver_Twist
the Dodger,C,0,1,Oliver_Twist
the Dodger,I,0,1,Oliver_Twist
the Dodger,A,0,1,Oliver_Twist
the Dodger,DC,0,1,Oliver_Twist
the Dodger,DN,0,1,Oliver_Twist
Agnes,N,0,2,Oliver_Twist
Agnes,C,0,2,Oliver_Twist
Agnes,I,0,2,Oliver_Twist
Agnes,A,0,2,Oliver_Twist
Agnes,DC,0,2,Oliver_Twist
Agnes,DN,0,2,Oliver_Twist
Barney,N,0,2,Oliver_Twist
Barney,C,0,2,Oliver_Twist
Barney,I,0,2,Oliver_Twist
Barney,A,0,2,Oliver_Twist
Barney,DC,0,2,Oliver_Twist
Barney,DN,0,2,Oliver_Twist
Bet,N,0,2,Oliver_Twist
Bet,C,0,2,Oliver_Twist
Bet,I,0,2,Oliver_Twist
Bet,A,0,2,Oliver_Twist
Bet,DC,0,2,Oliver_Twist
Bet,DN,0,2,Oliver_Twist
Blathers,N,0,2,Oliver_Twist
Blathers,C,0,2,Oliver_Twist
Blathers,I,0,2,Oliver_Twist
Blathers,A,0,2,Oliver_Twist
Blathers,DC,0,2,Oliver_Twist
Blathers,DN,0,2,Oliver_Twist
Brittles,N,0,2,Oliver_Twist
Brittles,C,0,2,Oliver_Twist
Brittles,I,0,2,Oliver_Twist
Brittles,A,0,2,Oliver_Twist
Brittles,DC,0,2,Oliver_Twist
Brittles,DN,0,2,Oliver_Twist
Charlotte,N,0,2,Oliver_Twist
Charlotte,C,0,2,Oliver_Twist
Charlotte,I,0,2,Oliver_Twist
Charlotte,A,0,2,Oliver_Twist
Charlotte,DC,0,2,Oliver_Twist
Charlotte,DN,0,2,Oliver_Twist
Chickweed,N,0,2,Oliver_Twist
Chickweed,C,0,2,Oliver_Twist
Chickweed,I,0,2,Oliver_Twist
Chickweed,A,0,2,Oliver_Twist
Chickweed,DC,0,2,Oliver_Twist
Chickweed,DN,0,2,Oliver_Twist
Cod,N,0,2,Oliver_Twist
Cod,C,0,2,Oliver_Twist
Cod,I,0,2,Oliver_Twist
Cod,A,0,2,Oliver_Twist
Cod,DC,0,2,Oliver_Twist
Cod,DN,0,2,Oliver_Twist
Dick,N,0,2,Oliver_Twist
Dick,C,0,2,Oliver_Twist
Dick,I,0,2,Oliver_Twist
Dick,A,0,2,Oliver_Twist
Dick,DC,0,2,Oliver_Twist
Dick,DN,0,2,Oliver_Twist
Duff,N,0,2,Oliver_Twist
Duff,C,0,2,Oliver_Twist
Duff,I,0,2,Oliver_Twist
Duff,A,0,2,Oliver_Twist
Duff,DC,0,2,Oliver_Twist
Duff,DN,0,2,Oliver_Twist
Fagin,N,0,2,Oliver_Twist
Fagin,C,0,2,Oliver_Twist
Fagin,I,0,2,Oliver_Twist
Fagin,A,0,2,Oliver_Twist
Fagin,DC,0,2,Oliver_Twist
Fagin,DN,0,2,Oliver_Twist
Faguey,N,0,2,Oliver_Twist
Faguey,C,0,2,Oliver_Twist
Faguey,I,0,2,Oliver_Twist
Faguey,A,0,2,Oliver_Twist
Faguey,DC,0,2,Oliver_Twist
Faguey,DN,0,2,Oliver_Twist
God,N,0,2,Oliver_Twist
God,C,0,2,Oliver_Twist
God,I,0,2,Oliver_Twist
God,A,0,2,Oliver_Twist
God,DC,0,2,Oliver_Twist
God,DN,0,2,Oliver_Twist
Harry,N,1,2,Oliver_Twist
Harry,C,0,2,Oliver_Twist
Harry,I,0,2,Oliver_Twist
Harry,A,0,2,Oliver_Twist
Harry,DC,0,2,Oliver_Twist
Harry,DN,0,2,Oliver_Twist
Heaven,N,0,2,Oliver_Twist
Heaven,C,0,2,Oliver_Twist
Heaven,I,0,2,Oliver_Twist
Heaven,A,0,2,Oliver_Twist
Heaven,DC,0,2,Oliver_Twist
Heaven,DN,0,2,Oliver_Twist
Jack Dawkins,N,0,2,Oliver_Twist
Jack Dawkins,C,0,2,Oliver_Twist
Jack Dawkins,I,0,2,Oliver_Twist
Jack Dawkins,A,0,2,Oliver_Twist
Jack Dawkins,DC,0,2,Oliver_Twist
Jack Dawkins,DN,0,2,Oliver_Twist
Kags,N,0,2,Oliver_Twist
Kags,C,0,2,Oliver_Twist
Kags,I,0,2,Oliver_Twist
Kags,A,0,2,Oliver_Twist
Kags,DC,0,2,Oliver_Twist
Kags,DN,0,2,Oliver_Twist
Little Oliver,N,0,2,Oliver_Twist
Little Oliver,C,0,2,Oliver_Twist
Little Oliver,I,0,2,Oliver_Twist
Little Oliver,A,0,2,Oliver_Twist
Little Oliver,DC,0,2,Oliver_Twist
Little Oliver,DN,0,2,Oliver_Twist
Lor,N,0,2,Oliver_Twist
Lor,C,0,2,Oliver_Twist
Lor,I,0,2,Oliver_Twist
Lor,A,0,2,Oliver_Twist
Lor,DC,0,2,Oliver_Twist
Lor,DN,0,2,Oliver_Twist
Master Bates,N,0,2,Oliver_Twist
Master Bates,C,0,2,Oliver_Twist
Master Bates,I,0,2,Oliver_Twist
Master Bates,A,0,2,Oliver_Twist
Master Bates,DC,0,2,Oliver_Twist
Master Bates,DN,0,2,Oliver_Twist
Messrs. Blathers,N,0,2,Oliver_Twist
Messrs. Blathers,C,0,2,Oliver_Twist
Messrs. Blathers,I,0,2,Oliver_Twist
Messrs. Blathers,A,0,2,Oliver_Twist
Messrs. Blathers,DC,0,2,Oliver_Twist
Messrs. Blathers,DN,0,2,Oliver_Twist
Miss Maylie,N,0,2,Oliver_Twist
Miss Maylie,C,0,2,Oliver_Twist
Miss Maylie,I,0,2,Oliver_Twist
Miss Maylie,A,0,2,Oliver_Twist
Miss Maylie,DC,0,2,Oliver_Twist
Miss Maylie,DN,0,2,Oliver_Twist
Monks,N,2,2,Oliver_Twist
Monks,C,0,2,Oliver_Twist
Monks,I,0,2,Oliver_Twist
Monks,A,0,2,Oliver_Twist
Monks,DC,0,2,Oliver_Twist
Monks,DN,0,2,Oliver_Twist
Mr. Bolter,N,0,2,Oliver_Twist
Mr. Bolter,C,0,2,Oliver_Twist
Mr. Bolter,I,0,2,Oliver_Twist
Mr. Bolter,A,0,2,Oliver_Twist
Mr. Bolter,DC,0,2,Oliver_Twist
Mr. Bolter,DN,0,2,Oliver_Twist
Mr. Browlow,N,0,2,Oliver_Twist
Mr. Browlow,C,0,2,Oliver_Twist
Mr. Browlow,I,0,2,Oliver_Twist
Mr. Browlow,A,0,2,Oliver_Twist
Mr. Browlow,DC,0,2,Oliver_Twist
Mr. Browlow,DN,0,2,Oliver_Twist
Mr. Brownlow,N,1,2,Oliver_Twist
Mr. Brownlow,C,0,2,Oliver_Twist
Mr. Brownlow,I,0,2,Oliver_Twist
Mr. Brownlow,A,0,2,Oliver_Twist
Mr. Brownlow,DC,0,2,Oliver_Twist
Mr. Brownlow,DN,0,2,Oliver_Twist
Mr. Bumble,N,1,2,Oliver_Twist
Mr. Bumble,C,0,2,Oliver_Twist
Mr. Bumble,I,0,2,Oliver_Twist
Mr. Bumble,A,0,2,Oliver_Twist
Mr. Bumble,DC,0,2,Oliver_Twist
Mr. Bumble,DN,0,2,Oliver_Twist
Mr. Chitling,N,0,2,Oliver_Twist
Mr. Chitling,C,0,2,Oliver_Twist
Mr. Chitling,I,0,2,Oliver_Twist
Mr. Chitling,A,0,2,Oliver_Twist
Mr. Chitling,DC,0,2,Oliver_Twist
Mr. Chitling,DN,0,2,Oliver_Twist
Mr. Dawkins,N,0,2,Oliver_Twist
Mr. Dawkins,C,0,2,Oliver_Twist
Mr. Dawkins,I,0,2,Oliver_Twist
Mr. Dawkins,A,0,2,Oliver_Twist
Mr. Dawkins,DC,0,2,Oliver_Twist
Mr. Dawkins,DN,0,2,Oliver_Twist
Mr. Fang,N,0,2,Oliver_Twist
Mr. Fang,C,0,2,Oliver_Twist
Mr. Fang,I,0,2,Oliver_Twist
Mr. Fang,A,0,2,Oliver_Twist
Mr. Fang,DC,0,2,Oliver_Twist
Mr. Fang,DN,0,2,Oliver_Twist
Mr. Gamfield,N,0,2,Oliver_Twist
Mr. Gamfield,C,0,2,Oliver_Twist
Mr. Gamfield,I,0,2,Oliver_Twist
Mr. Gamfield,A,0,2,Oliver_Twist
Mr. Gamfield,DC,0,2,Oliver_Twist
Mr. Gamfield,DN,0,2,Oliver_Twist
Mr. Giles,N,0,2,Oliver_Twist
Mr. Giles,C,0,2,Oliver_Twist
Mr. Giles,I,0,2,Oliver_Twist
Mr. Giles,A,0,2,Oliver_Twist
Mr. Giles,DC,0,2,Oliver_Twist
Mr. Giles,DN,0,2,Oliver_Twist
Mr. Grimwig,N,0,2,Oliver_Twist
Mr. Grimwig,C,0,2,Oliver_Twist
Mr. Grimwig,I,0,2,Oliver_Twist
Mr. Grimwig,A,0,2,Oliver_Twist
Mr. Grimwig,DC,0,2,Oliver_Twist
Mr. Grimwig,DN,0,2,Oliver_Twist
Mr. Limbkins,N,0,2,Oliver_Twist
Mr. Limbkins,C,0,2,Oliver_Twist
Mr. Limbkins,I,0,2,Oliver_Twist
Mr. Limbkins,A,0,2,Oliver_Twist
Mr. Limbkins,DC,0,2,Oliver_Twist
Mr. Limbkins,DN,0,2,Oliver_Twist
Mr. Lively,N,0,2,Oliver_Twist
Mr. Lively,C,0,2,Oliver_Twist
Mr. Lively,I,0,2,Oliver_Twist
Mr. Lively,A,0,2,Oliver_Twist
Mr. Lively,DC,0,2,Oliver_Twist
Mr. Lively,DN,0,2,Oliver_Twist
Mr. Losberne,N,0,2,Oliver_Twist
Mr. Losberne,C,0,2,Oliver_Twist
Mr. Losberne,I,0,2,Oliver_Twist
Mr. Losberne,A,0,2,Oliver_Twist
Mr. Losberne,DC,0,2,Oliver_Twist
Mr. Losberne,DN,0,2,Oliver_Twist
Mr. Maylie,N,0,2,Oliver_Twist
Mr. Maylie,C,0,2,Oliver_Twist
Mr. Maylie,I,0,2,Oliver_Twist
Mr. Maylie,A,0,2,Oliver_Twist
Mr. Maylie,DC,0,2,Oliver_Twist
Mr. Maylie,DN,0,2,Oliver_Twist
Mr. Sikes,N,0,2,Oliver_Twist
Mr. Sikes,C,0,2,Oliver_Twist
Mr. Sikes,I,0,2,Oliver_Twist
Mr. Sikes,A,0,2,Oliver_Twist
Mr. Sikes,DC,0,2,Oliver_Twist
Mr. Sikes,DN,0,2,Oliver_Twist
Mr. Sowerberry,N,0,2,Oliver_Twist
Mr. Sowerberry,C,0,2,Oliver_Twist
Mr. Sowerberry,I,0,2,Oliver_Twist
Mr. Sowerberry,A,0,2,Oliver_Twist
Mr. Sowerberry,DC,0,2,Oliver_Twist
Mr. Sowerberry,DN,0,2,Oliver_Twist
Mrs. Bedwin,N,0,2,Oliver_Twist
Mrs. Bedwin,C,0,2,Oliver_Twist
Mrs. Bedwin,I,0,2,Oliver_Twist
Mrs. Bedwin,A,0,2,Oliver_Twist
Mrs. Bedwin,DC,0,2,Oliver_Twist
Mrs. Bedwin,DN,0,2,Oliver_Twist
Mrs. Bolter,N,0,2,Oliver_Twist
Mrs. Bolter,C,0,2,Oliver_Twist
Mrs. Bolter,I,0,2,Oliver_Twist
Mrs. Bolter,A,0,2,Oliver_Twist
Mrs. Bolter,DC,0,2,Oliver_Twist
Mrs. Bolter,DN,0,2,Oliver_Twist
Mrs. Corney,N,0,2,Oliver_Twist
Mrs. Corney,C,0,2,Oliver_Twist
Mrs. Corney,I,0,2,Oliver_Twist
Mrs. Corney,A,0,2,Oliver_Twist
Mrs. Corney,DC,0,2,Oliver_Twist
Mrs. Corney,DN,0,2,Oliver_Twist
Mrs. Mann,N,0,2,Oliver_Twist
Mrs. Mann,C,0,2,Oliver_Twist
Mrs. Mann,I,0,2,Oliver_Twist
Mrs. Mann,A,0,2,Oliver_Twist
Mrs. Mann,DC,0,2,Oliver_Twist
Mrs. Mann,DN,0,2,Oliver_Twist
Mrs. Maylie,N,0,2,Oliver_Twist
Mrs. Maylie,C,0,2,Oliver_Twist
Mrs. Maylie,I,0,2,Oliver_Twist
Mrs. Maylie,A,0,2,Oliver_Twist
Mrs. Maylie,DC,0,2,Oliver_Twist
Mrs. Maylie,DN,0,2,Oliver_Twist
Mrs. Sowerberry,N,0,2,Oliver_Twist
Mrs. Sowerberry,C,0,2,Oliver_Twist
Mrs. Sowerberry,I,0,2,Oliver_Twist
Mrs. Sowerberry,A,0,2,Oliver_Twist
Mrs. Sowerberry,DC,0,2,Oliver_Twist
Mrs. Sowerberry,DN,0,2,Oliver_Twist
Nancy,N,0,2,Oliver_Twist
Nancy,C,0,2,Oliver_Twist
Nancy,I,0,2,Oliver_Twist
Nancy,A,0,2,Oliver_Twist
Nancy,DC,0,2,Oliver_Twist
Nancy,DN,0,2,Oliver_Twist
Noah,N,0,2,Oliver_Twist
Noah,C,0,2,Oliver_Twist
Noah,I,0,2,Oliver_Twist
Noah,A,0,2,Oliver_Twist
Noah,DC,0,2,Oliver_Twist
Noah,DN,0,2,Oliver_Twist
Oliver,N,7,2,Oliver_Twist
Oliver,C,0,2,Oliver_Twist
Oliver,I,0,2,Oliver_Twist
Oliver,A,1,2,Oliver_Twist
Oliver,DC,0,2,Oliver_Twist
Oliver,DN,0,2,Oliver_Twist
Rose,N,1,2,Oliver_Twist
Rose,C,0,2,Oliver_Twist
Rose,I,0,2,Oliver_Twist
Rose,A,0,2,Oliver_Twist
Rose,DC,0,2,Oliver_Twist
Rose,DN,0,2,Oliver_Twist
Sikes,N,0,2,Oliver_Twist
Sikes,C,0,2,Oliver_Twist
Sikes,I,0,2,Oliver_Twist
Sikes,A,0,2,Oliver_Twist
Sikes,DC,0,2,Oliver_Twist
Sikes,DN,0,2,Oliver_Twist
Spyers,N,0,2,Oliver_Twist
Spyers,C,0,2,Oliver_Twist
Spyers,I,0,2,Oliver_Twist
Spyers,A,0,2,Oliver_Twist
Spyers,DC,0,2,Oliver_Twist
Spyers,DN,0,2,Oliver_Twist
The Jew,N,0,2,Oliver_Twist
The Jew,C,0,2,Oliver_Twist
The Jew,I,0,2,Oliver_Twist
The Jew,A,0,2,Oliver_Twist
The Jew,DC,0,2,Oliver_Twist
The Jew,DN,0,2,Oliver_Twist
Toby,N,0,2,Oliver_Twist
Toby,C,0,2,Oliver_Twist
Toby,I,0,2,Oliver_Twist
Toby,A,0,2,Oliver_Twist
Toby,DC,0,2,Oliver_Twist
Toby,DN,0,2,Oliver_Twist
Tom,N,0,2,Oliver_Twist
Tom,C,0,2,Oliver_Twist
Tom,I,0,2,Oliver_Twist
Tom,A,0,2,Oliver_Twist
Tom,DC,0,2,Oliver_Twist
Tom,DN,0,2,Oliver_Twist
Work’us,N,0,2,Oliver_Twist
Work’us,C,0,2,Oliver_Twist
Work’us,I,0,2,Oliver_Twist
Work’us,A,0,2,Oliver_Twist
Work’us,DC,0,2,Oliver_Twist
Work’us,DN,0,2,Oliver_Twist
old Sally,N,0,2,Oliver_Twist
old Sally,C,0,2,Oliver_Twist
old Sally,I,0,2,Oliver_Twist
old Sally,A,0,2,Oliver_Twist
old Sally,DC,0,2,Oliver_Twist
old Sally,DN,0,2,Oliver_Twist
the Clerkinwell Sessions,N,0,2,Oliver_Twist
the Clerkinwell Sessions,C,0,2,Oliver_Twist
the Clerkinwell Sessions,I,0,2,Oliver_Twist
the Clerkinwell Sessions,A,0,2,Oliver_Twist
the Clerkinwell Sessions,DC,0,2,Oliver_Twist
the Clerkinwell Sessions,DN,0,2,Oliver_Twist
the Cripples,N,0,2,Oliver_Twist
the Cripples,C,0,2,Oliver_Twist
the Cripples,I,0,2,Oliver_Twist
the Cripples,A,0,2,Oliver_Twist
the Cripples,DC,0,2,Oliver_Twist
the Cripples,DN,0,2,Oliver_Twist
the Dodger,N,0,2,Oliver_Twist
the Dodger,C,0,2,Oliver_Twist
the Dodger,I,0,2,Oliver_Twist
the Dodger,A,0,2,Oliver_Twist
the Dodger,DC,0,2,Oliver_Twist
the Dodger,DN,0,2,Oliver_Twist
Agnes,N,0,3,Oliver_Twist
Agnes,C,0,3,Oliver_Twist
Agnes,I,0,3,Oliver_Twist
Agnes,A,0,3,Oliver_Twist
Agnes,DC,0,3,Oliver_Twist
Agnes,DN,0,3,Oliver_Twist
Barney,N,0,3,Oliver_Twist
Barney,C,0,3,Oliver_Twist
Barney,I,0,3,Oliver_Twist
Barney,A,0,3,Oliver_Twist
Barney,DC,0,3,Oliver_Twist
Barney,DN,0,3,Oliver_Twist
Bet,N,0,3,Oliver_Twist
Bet,C,0,3,Oliver_Twist
Bet,I,0,3,Oliver_Twist
Bet,A,0,3,Oliver_Twist
Bet,DC,0,3,Oliver_Twist
Bet,DN,0,3,Oliver_Twist
Blathers,N,0,3,Oliver_Twist
Blathers,C,0,3,Oliver_Twist
Blathers,I,0,3,Oliver_Twist
Blathers,A,0,3,Oliver_Twist
Blathers,DC,0,3,Oliver_Twist
Blathers,DN,0,3,Oliver_Twist
Brittles,N,0,3,Oliver_Twist
Brittles,C,0,3,Oliver_Twist
Brittles,I,0,3,Oliver_Twist
Brittles,A,0,3,Oliver_Twist
Brittles,DC,0,3,Oliver_Twist
Brittles,DN,0,3,Oliver_Twist
Charlotte,N,0,3,Oliver_Twist
Charlotte,C,0,3,Oliver_Twist
Charlotte,I,0,3,Oliver_Twist
Charlotte,A,0,3,Oliver_Twist
Charlotte,DC,0,3,Oliver_Twist
Charlotte,DN,0,3,Oliver_Twist
Chickweed,N,0,3,Oliver_Twist
Chickweed,C,0,3,Oliver_Twist
Chickweed,I,0,3,Oliver_Twist
Chickweed,A,0,3,Oliver_Twist
Chickweed,DC,0,3,Oliver_Twist
Chickweed,DN,0,3,Oliver_Twist
Cod,N,0,3,Oliver_Twist
Cod,C,0,3,Oliver_Twist
Cod,I,0,3,Oliver_Twist
Cod,A,0,3,Oliver_Twist
Cod,DC,0,3,Oliver_Twist
Cod,DN,0,3,Oliver_Twist
Dick,N,0,3,Oliver_Twist
Dick,C,0,3,Oliver_Twist
Dick,I,0,3,Oliver_Twist
Dick,A,0,3,Oliver_Twist
Dick,DC,0,3,Oliver_Twist
Dick,DN,0,3,Oliver_Twist
Duff,N,0,3,Oliver_Twist
Duff,C,0,3,Oliver_Twist
Duff,I,0,3,Oliver_Twist
Duff,A,0,3,Oliver_Twist
Duff,DC,0,3,Oliver_Twist
Duff,DN,0,3,Oliver_Twist
Fagin,N,0,3,Oliver_Twist
Fagin,C,0,3,Oliver_Twist
Fagin,I,0,3,Oliver_Twist
Fagin,A,0,3,Oliver_Twist
Fagin,DC,0,3,Oliver_Twist
Fagin,DN,0,3,Oliver_Twist
Faguey,N,0,3,Oliver_Twist
Faguey,C,0,3,Oliver_Twist
Faguey,I,0,3,Oliver_Twist
Faguey,A,0,3,Oliver_Twist
Faguey,DC,0,3,Oliver_Twist
Faguey,DN,0,3,Oliver_Twist
God,N,0,3,Oliver_Twist
God,C,0,3,Oliver_Twist
God,I,0,3,Oliver_Twist
God,A,0,3,Oliver_Twist
God,DC,0,3,Oliver_Twist
God,DN,0,3,Oliver_Twist
Harry,N,0,3,Oliver_Twist
Harry,C,0,3,Oliver_Twist
Harry,I,0,3,Oliver_Twist
Harry,A,0,3,Oliver_Twist
Harry,DC,0,3,Oliver_Twist
Harry,DN,0,3,Oliver_Twist
Heaven,N,0,3,Oliver_Twist
Heaven,C,0,3,Oliver_Twist
Heaven,I,0,3,Oliver_Twist
Heaven,A,0,3,Oliver_Twist
Heaven,DC,0,3,Oliver_Twist
Heaven,DN,0,3,Oliver_Twist
Jack Dawkins,N,0,3,Oliver_Twist
Jack Dawkins,C,0,3,Oliver_Twist
Jack Dawkins,I,0,3,Oliver_Twist
Jack Dawkins,A,0,3,Oliver_Twist
Jack Dawkins,DC,0,3,Oliver_Twist
Jack Dawkins,DN,0,3,Oliver_Twist
Kags,N,0,3,Oliver_Twist
Kags,C,0,3,Oliver_Twist
Kags,I,0,3,Oliver_Twist
Kags,A,0,3,Oliver_Twist
Kags,DC,0,3,Oliver_Twist
Kags,DN,0,3,Oliver_Twist
Little Oliver,N,0,3,Oliver_Twist
Little Oliver,C,0,3,Oliver_Twist
Little Oliver,I,0,3,Oliver_Twist
Little Oliver,A,0,3,Oliver_Twist
Little Oliver,DC,0,3,Oliver_Twist
Little Oliver,DN,0,3,Oliver_Twist
Lor,N,2,3,Oliver_Twist
Lor,C,0,3,Oliver_Twist
Lor,I,1,3,Oliver_Twist
Lor,A,0,3,Oliver_Twist
Lor,DC,0,3,Oliver_Twist
Lor,DN,0,3,Oliver_Twist
Master Bates,N,0,3,Oliver_Twist
Master Bates,C,0,3,Oliver_Twist
Master Bates,I,0,3,Oliver_Twist
Master Bates,A,0,3,Oliver_Twist
Master Bates,DC,0,3,Oliver_Twist
Master Bates,DN,0,3,Oliver_Twist
Messrs. Blathers,N,0,3,Oliver_Twist
Messrs. Blathers,C,0,3,Oliver_Twist
Messrs. Blathers,I,0,3,Oliver_Twist
Messrs. Blathers,A,0,3,Oliver_Twist
Messrs. Blathers,DC,0,3,Oliver_Twist
Messrs. Blathers,DN,0,3,Oliver_Twist
Miss Maylie,N,0,3,Oliver_Twist
Miss Maylie,C,0,3,Oliver_Twist
Miss Maylie,I,0,3,Oliver_Twist
Miss Maylie,A,0,3,Oliver_Twist
Miss Maylie,DC,0,3,Oliver_Twist
Miss Maylie,DN,0,3,Oliver_Twist
Monks,N,0,3,Oliver_Twist
Monks,C,0,3,Oliver_Twist
Monks,I,0,3,Oliver_Twist
Monks,A,0,3,Oliver_Twist
Monks,DC,0,3,Oliver_Twist
Monks,DN,0,3,Oliver_Twist
Mr. Bolter,N,0,3,Oliver_Twist
Mr. Bolter,C,0,3,Oliver_Twist
Mr. Bolter,I,0,3,Oliver_Twist
Mr. Bolter,A,0,3,Oliver_Twist
Mr. Bolter,DC,0,3,Oliver_Twist
Mr. Bolter,DN,0,3,Oliver_Twist
Mr. Browlow,N,0,3,Oliver_Twist
Mr. Browlow,C,0,3,Oliver_Twist
Mr. Browlow,I,0,3,Oliver_Twist
Mr. Browlow,A,0,3,Oliver_Twist
Mr. Browlow,DC,0,3,Oliver_Twist
Mr. Browlow,DN,0,3,Oliver_Twist
Mr. Brownlow,N,0,3,Oliver_Twist
Mr. Brownlow,C,0,3,Oliver_Twist
Mr. Brownlow,I,0,3,Oliver_Twist
Mr. Brownlow,A,0,3,Oliver_Twist
Mr. Brownlow,DC,0,3,Oliver_Twist
Mr. Brownlow,DN,0,3,Oliver_Twist
Mr. Bumble,N,0,3,Oliver_Twist
Mr. Bumble,C,0,3,Oliver_Twist
Mr. Bumble,I,0,3,Oliver_Twist
Mr. Bumble,A,0,3,Oliver_Twist
Mr. Bumble,DC,0,3,Oliver_Twist
Mr. Bumble,DN,0,3,Oliver_Twist
Mr. Chitling,N,0,3,Oliver_Twist
Mr. Chitling,C,0,3,Oliver_Twist
Mr. Chitling,I,0,3,Oliver_Twist
Mr. Chitling,A,0,3,Oliver_Twist
Mr. Chitling,DC,0,3,Oliver_Twist
Mr. Chitling,DN,0,3,Oliver_Twist
Mr. Dawkins,N,0,3,Oliver_Twist
Mr. Dawkins,C,0,3,Oliver_Twist
Mr. Dawkins,I,0,3,Oliver_Twist
Mr. Dawkins,A,0,3,Oliver_Twist
Mr. Dawkins,DC,0,3,Oliver_Twist
Mr. Dawkins,DN,0,3,Oliver_Twist
Mr. Fang,N,0,3,Oliver_Twist
Mr. Fang,C,0,3,Oliver_Twist
Mr. Fang,I,0,3,Oliver_Twist
Mr. Fang,A,0,3,Oliver_Twist
Mr. Fang,DC,0,3,Oliver_Twist
Mr. Fang,DN,0,3,Oliver_Twist
Mr. Gamfield,N,0,3,Oliver_Twist
Mr. Gamfield,C,0,3,Oliver_Twist
Mr. Gamfield,I,0,3,Oliver_Twist
Mr. Gamfield,A,0,3,Oliver_Twist
Mr. Gamfield,DC,0,3,Oliver_Twist
Mr. Gamfield,DN,0,3,Oliver_Twist
Mr. Giles,N,0,3,Oliver_Twist
Mr. Giles,C,0,3,Oliver_Twist
Mr. Giles,I,0,3,Oliver_Twist
Mr. Giles,A,0,3,Oliver_Twist
Mr. Giles,DC,0,3,Oliver_Twist
Mr. Giles,DN,0,3,Oliver_Twist
Mr. Grimwig,N,0,3,Oliver_Twist
Mr. Grimwig,C,0,3,Oliver_Twist
Mr. Grimwig,I,0,3,Oliver_Twist
Mr. Grimwig,A,0,3,Oliver_Twist
Mr. Grimwig,DC,0,3,Oliver_Twist
Mr. Grimwig,DN,0,3,Oliver_Twist
Mr. Limbkins,N,0,3,Oliver_Twist
Mr. Limbkins,C,0,3,Oliver_Twist
Mr. Limbkins,I,0,3,Oliver_Twist
Mr. Limbkins,A,0,3,Oliver_Twist
Mr. Limbkins,DC,0,3,Oliver_Twist
Mr. Limbkins,DN,0,3,Oliver_Twist
Mr. Lively,N,0,3,Oliver_Twist
Mr. Lively,C,0,3,Oliver_Twist
Mr. Lively,I,0,3,Oliver_Twist
Mr. Lively,A,0,3,Oliver_Twist
Mr. Lively,DC,0,3,Oliver_Twist
Mr. Lively,DN,0,3,Oliver_Twist
Mr. Losberne,N,0,3,Oliver_Twist
Mr. Losberne,C,0,3,Oliver_Twist
Mr. Losberne,I,0,3,Oliver_Twist
Mr. Losberne,A,0,3,Oliver_Twist
Mr. Losberne,DC,0,3,Oliver_Twist
Mr. Losberne,DN,0,3,Oliver_Twist
Mr. Maylie,N,0,3,Oliver_Twist
Mr. Maylie,C,0,3,Oliver_Twist
Mr. Maylie,I,0,3,Oliver_Twist
Mr. Maylie,A,0,3,Oliver_Twist
Mr. Maylie,DC,0,3,Oliver_Twist
Mr. Maylie,DN,0,3,Oliver_Twist
Mr. Sikes,N,0,3,Oliver_Twist
Mr. Sikes,C,0,3,Oliver_Twist
Mr. Sikes,I,0,3,Oliver_Twist
Mr. Sikes,A,0,3,Oliver_Twist
Mr. Sikes,DC,0,3,Oliver_Twist
Mr. Sikes,DN,0,3,Oliver_Twist
Mr. Sowerberry,N,0,3,Oliver_Twist
Mr. Sowerberry,C,0,3,Oliver_Twist
Mr. Sowerberry,I,0,3,Oliver_Twist
Mr. Sowerberry,A,0,3,Oliver_Twist
Mr. Sowerberry,DC,0,3,Oliver_Twist
Mr. Sowerberry,DN,0,3,Oliver_Twist
Mrs. Bedwin,N,0,3,Oliver_Twist
Mrs. Bedwin,C,0,3,Oliver_Twist
Mrs. Bedwin,I,0,3,Oliver_Twist
Mrs. Bedwin,A,0,3,Oliver_Twist
Mrs. Bedwin,DC,0,3,Oliver_Twist
Mrs. Bedwin,DN,0,3,Oliver_Twist
Mrs. Bolter,N,0,3,Oliver_Twist
Mrs. Bolter,C,0,3,Oliver_Twist
Mrs. Bolter,I,0,3,Oliver_Twist
Mrs. Bolter,A,0,3,Oliver_Twist
Mrs. Bolter,DC,0,3,Oliver_Twist
Mrs. Bolter,DN,0,3,Oliver_Twist
Mrs. Corney,N,0,3,Oliver_Twist
Mrs. Corney,C,0,3,Oliver_Twist
Mrs. Corney,I,0,3,Oliver_Twist
Mrs. Corney,A,0,3,Oliver_Twist
Mrs. Corney,DC,0,3,Oliver_Twist
Mrs. Corney,DN,0,3,Oliver_Twist
Mrs. Mann,N,0,3,Oliver_Twist
Mrs. Mann,C,0,3,Oliver_Twist
Mrs. Mann,I,0,3,Oliver_Twist
Mrs. Mann,A,0,3,Oliver_Twist
Mrs. Mann,DC,0,3,Oliver_Twist
Mrs. Mann,DN,0,3,Oliver_Twist
Mrs. Maylie,N,0,3,Oliver_Twist
Mrs. Maylie,C,0,3,Oliver_Twist
Mrs. Maylie,I,0,3,Oliver_Twist
Mrs. Maylie,A,0,3,Oliver_Twist
Mrs. Maylie,DC,0,3,Oliver_Twist
Mrs. Maylie,DN,0,3,Oliver_Twist
Mrs. Sowerberry,N,0,3,Oliver_Twist
Mrs. Sowerberry,C,0,3,Oliver_Twist
Mrs. Sowerberry,I,0,3,Oliver_Twist
Mrs. Sowerberry,A,0,3,Oliver_Twist
Mrs. Sowerberry,DC,0,3,Oliver_Twist
Mrs. Sowerberry,DN,0,3,Oliver_Twist
Nancy,N,0,3,Oliver_Twist
Nancy,C,0,3,Oliver_Twist
Nancy,I,0,3,Oliver_Twist
Nancy,A,0,3,Oliver_Twist
Nancy,DC,0,3,Oliver_Twist
Nancy,DN,0,3,Oliver_Twist
Noah,N,0,3,Oliver_Twist
Noah,C,0,3,Oliver_Twist
Noah,I,0,3,Oliver_Twist
Noah,A,0,3,Oliver_Twist
Noah,DC,0,3,Oliver_Twist
Noah,DN,0,3,Oliver_Twist
Oliver,N,9,3,Oliver_Twist
Oliver,C,1,3,Oliver_Twist
Oliver,I,3,3,Oliver_Twist
Oliver,A,7,3,Oliver_Twist
Oliver,DC,0,3,Oliver_Twist
Oliver,DN,3,3,Oliver_Twist
Rose,N,0,3,Oliver_Twist
Rose,C,0,3,Oliver_Twist
Rose,I,0,3,Oliver_Twist
Rose,A,0,3,Oliver_Twist
Rose,DC,0,3,Oliver_Twist
Rose,DN,0,3,Oliver_Twist
Sikes,N,0,3,Oliver_Twist
Sikes,C,0,3,Oliver_Twist
Sikes,I,0,3,Oliver_Twist
Sikes,A,0,3,Oliver_Twist
Sikes,DC,0,3,Oliver_Twist
Sikes,DN,0,3,Oliver_Twist
Spyers,N,0,3,Oliver_Twist
Spyers,C,0,3,Oliver_Twist
Spyers,I,0,3,Oliver_Twist
Spyers,A,0,3,Oliver_Twist
Spyers,DC,0,3,Oliver_Twist
Spyers,DN,0,3,Oliver_Twist
The Jew,N,0,3,Oliver_Twist
The Jew,C,0,3,Oliver_Twist
The Jew,I,0,3,Oliver_Twist
The Jew,A,0,3,Oliver_Twist
The Jew,DC,0,3,Oliver_Twist
The Jew,DN,0,3,Oliver_Twist
Toby,N,0,3,Oliver_Twist
Toby,C,0,3,Oliver_Twist
Toby,I,0,3,Oliver_Twist
Toby,A,0,3,Oliver_Twist
Toby,DC,0,3,Oliver_Twist
Toby,DN,0,3,Oliver_Twist
Tom,N,0,3,Oliver_Twist
Tom,C,0,3,Oliver_Twist
Tom,I,0,3,Oliver_Twist
Tom,A,0,3,Oliver_Twist
Tom,DC,0,3,Oliver_Twist
Tom,DN,0,3,Oliver_Twist
Work’us,N,0,3,Oliver_Twist
Work’us,C,0,3,Oliver_Twist
Work’us,I,0,3,Oliver_Twist
Work’us,A,0,3,Oliver_Twist
Work’us,DC,0,3,Oliver_Twist
Work’us,DN,0,3,Oliver_Twist
old Sally,N,0,3,Oliver_Twist
old Sally,C,0,3,Oliver_Twist
old Sally,I,0,3,Oliver_Twist
old Sally,A,0,3,Oliver_Twist
old Sally,DC,0,3,Oliver_Twist
old Sally,DN,0,3,Oliver_Twist
the Clerkinwell Sessions,N,0,3,Oliver_Twist
the Clerkinwell Sessions,C,0,3,Oliver_Twist
the Clerkinwell Sessions,I,0,3,Oliver_Twist
the Clerkinwell Sessions,A,0,3,Oliver_Twist
the Clerkinwell Sessions,DC,0,3,Oliver_Twist
the Clerkinwell Sessions,DN,0,3,Oliver_Twist
the Cripples,N,0,3,Oliver_Twist
the Cripples,C,0,3,Oliver_Twist
the Cripples,I,0,3,Oliver_Twist
the Cripples,A,0,3,Oliver_Twist
the Cripples,DC,0,3,Oliver_Twist
the Cripples,DN,0,3,Oliver_Twist
the Dodger,N,0,3,Oliver_Twist
the Dodger,C,0,3,Oliver_Twist
the Dodger,I,0,3,Oliver_Twist
the Dodger,A,0,3,Oliver_Twist
the Dodger,DC,0,3,Oliver_Twist
the Dodger,DN,0,3,Oliver_Twist
Agnes,N,0,4,Oliver_Twist
Agnes,C,0,4,Oliver_Twist
Agnes,I,0,4,Oliver_Twist
Agnes,A,0,4,Oliver_Twist
Agnes,DC,0,4,Oliver_Twist
Agnes,DN,0,4,Oliver_Twist
Barney,N,0,4,Oliver_Twist
Barney,C,0,4,Oliver_Twist
Barney,I,0,4,Oliver_Twist
Barney,A,0,4,Oliver_Twist
Barney,DC,0,4,Oliver_Twist
Barney,DN,0,4,Oliver_Twist
Bet,N,0,4,Oliver_Twist
Bet,C,0,4,Oliver_Twist
Bet,I,0,4,Oliver_Twist
Bet,A,0,4,Oliver_Twist
Bet,DC,0,4,Oliver_Twist
Bet,DN,0,4,Oliver_Twist
Blathers,N,0,4,Oliver_Twist
Blathers,C,0,4,Oliver_Twist
Blathers,I,0,4,Oliver_Twist
Blathers,A,0,4,Oliver_Twist
Blathers,DC,0,4,Oliver_Twist
Blathers,DN,0,4,Oliver_Twist
Brittles,N,0,4,Oliver_Twist
Brittles,C,0,4,Oliver_Twist
Brittles,I,0,4,Oliver_Twist
Brittles,A,0,4,Oliver_Twist
Brittles,DC,0,4,Oliver_Twist
Brittles,DN,0,4,Oliver_Twist
Charlotte,N,0,4,Oliver_Twist
Charlotte,C,0,4,Oliver_Twist
Charlotte,I,0,4,Oliver_Twist
Charlotte,A,0,4,Oliver_Twist
Charlotte,DC,0,4,Oliver_Twist
Charlotte,DN,0,4,Oliver_Twist
Chickweed,N,0,4,Oliver_Twist
Chickweed,C,0,4,Oliver_Twist
Chickweed,I,0,4,Oliver_Twist
Chickweed,A,0,4,Oliver_Twist
Chickweed,DC,0,4,Oliver_Twist
Chickweed,DN,0,4,Oliver_Twist
Cod,N,0,4,Oliver_Twist
Cod,C,0,4,Oliver_Twist
Cod,I,0,4,Oliver_Twist
Cod,A,0,4,Oliver_Twist
Cod,DC,0,4,Oliver_Twist
Cod,DN,0,4,Oliver_Twist
Dick,N,0,4,Oliver_Twist
Dick,C,0,4,Oliver_Twist
Dick,I,0,4,Oliver_Twist
Dick,A,0,4,Oliver_Twist
Dick,DC,0,4,Oliver_Twist
Dick,DN,0,4,Oliver_Twist
Duff,N,0,4,Oliver_Twist
Duff,C,0,4,Oliver_Twist
Duff,I,0,4,Oliver_Twist
Duff,A,0,4,Oliver_Twist
Duff,DC,0,4,Oliver_Twist
Duff,DN,0,4,Oliver_Twist
Fagin,N,0,4,Oliver_Twist
Fagin,C,0,4,Oliver_Twist
Fagin,I,0,4,Oliver_Twist
Fagin,A,0,4,Oliver_Twist
Fagin,DC,0,4,Oliver_Twist
Fagin,DN,0,4,Oliver_Twist
Faguey,N,0,4,Oliver_Twist
Faguey,C,0,4,Oliver_Twist
Faguey,I,0,4,Oliver_Twist
Faguey,A,0,4,Oliver_Twist
Faguey,DC,0,4,Oliver_Twist
Faguey,DN,0,4,Oliver_Twist
God,N,0,4,Oliver_Twist
God,C,0,4,Oliver_Twist
God,I,0,4,Oliver_Twist
God,A,0,4,Oliver_Twist
God,DC,0,4,Oliver_Twist
God,DN,0,4,Oliver_Twist
Harry,N,0,4,Oliver_Twist
Harry,C,0,4,Oliver_Twist
Harry,I,0,4,Oliver_Twist
Harry,A,0,4,Oliver_Twist
Harry,DC,0,4,Oliver_Twist
Harry,DN,0,4,Oliver_Twist
Heaven,N,0,4,Oliver_Twist
Heaven,C,0,4,Oliver_Twist
Heaven,I,0,4,Oliver_Twist
Heaven,A,0,4,Oliver_Twist
Heaven,DC,0,4,Oliver_Twist
Heaven,DN,0,4,Oliver_Twist
Jack Dawkins,N,0,4,Oliver_Twist
Jack Dawkins,C,0,4,Oliver_Twist
Jack Dawkins,I,0,4,Oliver_Twist
Jack Dawkins,A,0,4,Oliver_Twist
Jack Dawkins,DC,0,4,Oliver_Twist
Jack Dawkins,DN,0,4,Oliver_Twist
Kags,N,0,4,Oliver_Twist
Kags,C,0,4,Oliver_Twist
Kags,I,0,4,Oliver_Twist
Kags,A,0,4,Oliver_Twist
Kags,DC,0,4,Oliver_Twist
Kags,DN,0,4,Oliver_Twist
Little Oliver,N,0,4,Oliver_Twist
Little Oliver,C,0,4,Oliver_Twist
Little Oliver,I,0,4,Oliver_Twist
Little Oliver,A,0,4,Oliver_Twist
Little Oliver,DC,0,4,Oliver_Twist
Little Oliver,DN,0,4,Oliver_Twist
Lor,N,1,4,Oliver_Twist
Lor,C,0,4,Oliver_Twist
Lor,I,1,4,Oliver_Twist
Lor,A,0,4,Oliver_Twist
Lor,DC,1,4,Oliver_Twist
Lor,DN,0,4,Oliver_Twist
Master Bates,N,0,4,Oliver_Twist
Master Bates,C,0,4,Oliver_Twist
Master Bates,I,0,4,Oliver_Twist
Master Bates,A,0,4,Oliver_Twist
Master Bates,DC,0,4,Oliver_Twist
Master Bates,DN,0,4,Oliver_Twist
Messrs. Blathers,N,0,4,Oliver_Twist
Messrs. Blathers,C,0,4,Oliver_Twist
Messrs. Blathers,I,0,4,Oliver_Twist
Messrs. Blathers,A,0,4,Oliver_Twist
Messrs. Blathers,DC,0,4,Oliver_Twist
Messrs. Blathers,DN,0,4,Oliver_Twist
Miss Maylie,N,0,4,Oliver_Twist
Miss Maylie,C,0,4,Oliver_Twist
Miss Maylie,I,0,4,Oliver_Twist
Miss Maylie,A,0,4,Oliver_Twist
Miss Maylie,DC,0,4,Oliver_Twist
Miss Maylie,DN,0,4,Oliver_Twist
Monks,N,0,4,Oliver_Twist
Monks,C,0,4,Oliver_Twist
Monks,I,0,4,Oliver_Twist
Monks,A,0,4,Oliver_Twist
Monks,DC,0,4,Oliver_Twist
Monks,DN,0,4,Oliver_Twist
Mr. Bolter,N,0,4,Oliver_Twist
Mr. Bolter,C,0,4,Oliver_Twist
Mr. Bolter,I,0,4,Oliver_Twist
Mr. Bolter,A,0,4,Oliver_Twist
Mr. Bolter,DC,0,4,Oliver_Twist
Mr. Bolter,DN,0,4,Oliver_Twist
Mr. Browlow,N,0,4,Oliver_Twist
Mr. Browlow,C,0,4,Oliver_Twist
Mr. Browlow,I,0,4,Oliver_Twist
Mr. Browlow,A,0,4,Oliver_Twist
Mr. Browlow,DC,0,4,Oliver_Twist
Mr. Browlow,DN,0,4,Oliver_Twist
Mr. Brownlow,N,0,4,Oliver_Twist
Mr. Brownlow,C,0,4,Oliver_Twist
Mr. Brownlow,I,0,4,Oliver_Twist
Mr. Brownlow,A,0,4,Oliver_Twist
Mr. Brownlow,DC,0,4,Oliver_Twist
Mr. Brownlow,DN,0,4,Oliver_Twist
Mr. Bumble,N,29,4,Oliver_Twist
Mr. Bumble,C,16,4,Oliver_Twist
Mr. Bumble,I,4,4,Oliver_Twist
Mr. Bumble,A,11,4,Oliver_Twist
Mr. Bumble,DC,11,4,Oliver_Twist
Mr. Bumble,DN,1,4,Oliver_Twist
Mr. Chitling,N,0,4,Oliver_Twist
Mr. Chitling,C,0,4,Oliver_Twist
Mr. Chitling,I,0,4,Oliver_Twist
Mr. Chitling,A,0,4,Oliver_Twist
Mr. Chitling,DC,0,4,Oliver_Twist
Mr. Chitling,DN,0,4,Oliver_Twist
Mr. Dawkins,N,0,4,Oliver_Twist
Mr. Dawkins,C,0,4,Oliver_Twist
Mr. Dawkins,I,0,4,Oliver_Twist
Mr. Dawkins,A,0,4,Oliver_Twist
Mr. Dawkins,DC,0,4,Oliver_Twist
Mr. Dawkins,DN,0,4,Oliver_Twist
Mr. Fang,N,0,4,Oliver_Twist
Mr. Fang,C,0,4,Oliver_Twist
Mr. Fang,I,0,4,Oliver_Twist
Mr. Fang,A,0,4,Oliver_Twist
Mr. Fang,DC,0,4,Oliver_Twist
Mr. Fang,DN,0,4,Oliver_Twist
Mr. Gamfield,N,0,4,Oliver_Twist
Mr. Gamfield,C,0,4,Oliver_Twist
Mr. Gamfield,I,0,4,Oliver_Twist
Mr. Gamfield,A,0,4,Oliver_Twist
Mr. Gamfield,DC,0,4,Oliver_Twist
Mr. Gamfield,DN,0,4,Oliver_Twist
Mr. Giles,N,0,4,Oliver_Twist
Mr. Giles,C,0,4,Oliver_Twist
Mr. Giles,I,0,4,Oliver_Twist
Mr. Giles,A,0,4,Oliver_Twist
Mr. Giles,DC,0,4,Oliver_Twist
Mr. Giles,DN,0,4,Oliver_Twist
Mr. Grimwig,N,0,4,Oliver_Twist
Mr. Grimwig,C,0,4,Oliver_Twist
Mr. Grimwig,I,0,4,Oliver_Twist
Mr. Grimwig,A,0,4,Oliver_Twist
Mr. Grimwig,DC,0,4,Oliver_Twist
Mr. Grimwig,DN,0,4,Oliver_Twist
Mr. Limbkins,N,2,4,Oliver_Twist
Mr. Limbkins,C,2,4,Oliver_Twist
Mr. Limbkins,I,1,4,Oliver_Twist
Mr. Limbkins,A,0,4,Oliver_Twist
Mr. Limbkins,DC,1,4,Oliver_Twist
Mr. Limbkins,DN,0,4,Oliver_Twist
Mr. Lively,N,0,4,Oliver_Twist
Mr. Lively,C,0,4,Oliver_Twist
Mr. Lively,I,0,4,Oliver_Twist
Mr. Lively,A,0,4,Oliver_Twist
Mr. Lively,DC,0,4,Oliver_Twist
Mr. Lively,DN,0,4,Oliver_Twist
Mr. Losberne,N,0,4,Oliver_Twist
Mr. Losberne,C,0,4,Oliver_Twist
Mr. Losberne,I,0,4,Oliver_Twist
Mr. Losberne,A,0,4,Oliver_Twist
Mr. Losberne,DC,0,4,Oliver_Twist
Mr. Losberne,DN,0,4,Oliver_Twist
Mr. Maylie,N,0,4,Oliver_Twist
Mr. Maylie,C,0,4,Oliver_Twist
Mr. Maylie,I,0,4,Oliver_Twist
Mr. Maylie,A,0,4,Oliver_Twist
Mr. Maylie,DC,0,4,Oliver_Twist
Mr. Maylie,DN,0,4,Oliver_Twist
Mr. Sikes,N,0,4,Oliver_Twist
Mr. Sikes,C,0,4,Oliver_Twist
Mr. Sikes,I,0,4,Oliver_Twist
Mr. Sikes,A,0,4,Oliver_Twist
Mr. Sikes,DC,0,4,Oliver_Twist
Mr. Sikes,DN,0,4,Oliver_Twist
Mr. Sowerberry,N,0,4,Oliver_Twist
Mr. Sowerberry,C,0,4,Oliver_Twist
Mr. Sowerberry,I,0,4,Oliver_Twist
Mr. Sowerberry,A,0,4,Oliver_Twist
Mr. Sowerberry,DC,0,4,Oliver_Twist
Mr. Sowerberry,DN,0,4,Oliver_Twist
Mrs. Bedwin,N,0,4,Oliver_Twist
Mrs. Bedwin,C,0,4,Oliver_Twist
Mrs. Bedwin,I,0,4,Oliver_Twist
Mrs. Bedwin,A,0,4,Oliver_Twist
Mrs. Bedwin,DC,0,4,Oliver_Twist
Mrs. Bedwin,DN,0,4,Oliver_Twist
Mrs. Bolter,N,0,4,Oliver_Twist
Mrs. Bolter,C,0,4,Oliver_Twist
Mrs. Bolter,I,0,4,Oliver_Twist
Mrs. Bolter,A,0,4,Oliver_Twist
Mrs. Bolter,DC,0,4,Oliver_Twist
Mrs. Bolter,DN,0,4,Oliver_Twist
Mrs. Corney,N,0,4,Oliver_Twist
Mrs. Corney,C,0,4,Oliver_Twist
Mrs. Corney,I,0,4,Oliver_Twist
Mrs. Corney,A,0,4,Oliver_Twist
Mrs. Corney,DC,0,4,Oliver_Twist
Mrs. Corney,DN,0,4,Oliver_Twist
Mrs. Mann,N,27,4,Oliver_Twist
Mrs. Mann,C,17,4,Oliver_Twist
Mrs. Mann,I,6,4,Oliver_Twist
Mrs. Mann,A,11,4,Oliver_Twist
Mrs. Mann,DC,9,4,Oliver_Twist
Mrs. Mann,DN,0,4,Oliver_Twist
Mrs. Maylie,N,0,4,Oliver_Twist
Mrs. Maylie,C,0,4,Oliver_Twist
Mrs. Maylie,I,0,4,Oliver_Twist
Mrs. Maylie,A,0,4,Oliver_Twist
Mrs. Maylie,DC,0,4,Oliver_Twist
Mrs. Maylie,DN,0,4,Oliver_Twist
Mrs. Sowerberry,N,0,4,Oliver_Twist
Mrs. Sowerberry,C,0,4,Oliver_Twist
Mrs. Sowerberry,I,0,4,Oliver_Twist
Mrs. Sowerberry,A,0,4,Oliver_Twist
Mrs. Sowerberry,DC,0,4,Oliver_Twist
Mrs. Sowerberry,DN,0,4,Oliver_Twist
Nancy,N,0,4,Oliver_Twist
Nancy,C,0,4,Oliver_Twist
Nancy,I,0,4,Oliver_Twist
Nancy,A,0,4,Oliver_Twist
Nancy,DC,0,4,Oliver_Twist
Nancy,DN,0,4,Oliver_Twist
Noah,N,0,4,Oliver_Twist
Noah,C,0,4,Oliver_Twist
Noah,I,0,4,Oliver_Twist
Noah,A,0,4,Oliver_Twist
Noah,DC,0,4,Oliver_Twist
Noah,DN,0,4,Oliver_Twist
Oliver,N,39,4,Oliver_Twist
Oliver,C,7,4,Oliver_Twist
Oliver,I,12,4,Oliver_Twist
Oliver,A,37,4,Oliver_Twist
Oliver,DC,8,4,Oliver_Twist
Oliver,DN,11,4,Oliver_Twist
Rose,N,0,4,Oliver_Twist
Rose,C,0,4,Oliver_Twist
Rose,I,0,4,Oliver_Twist
Rose,A,0,4,Oliver_Twist
Rose,DC,0,4,Oliver_Twist
Rose,DN,0,4,Oliver_Twist
Sikes,N,0,4,Oliver_Twist
Sikes,C,0,4,Oliver_Twist
Sikes,I,0,4,Oliver_Twist
Sikes,A,0,4,Oliver_Twist
Sikes,DC,0,4,Oliver_Twist
Sikes,DN,0,4,Oliver_Twist
Spyers,N,0,4,Oliver_Twist
Spyers,C,0,4,Oliver_Twist
Spyers,I,0,4,Oliver_Twist
Spyers,A,0,4,Oliver_Twist
Spyers,DC,0,4,Oliver_Twist
Spyers,DN,0,4,Oliver_Twist
The Jew,N,0,4,Oliver_Twist
The Jew,C,0,4,Oliver_Twist
The Jew,I,0,4,Oliver_Twist
The Jew,A,0,4,Oliver_Twist
The Jew,DC,0,4,Oliver_Twist
The Jew,DN,0,4,Oliver_Twist
Toby,N,0,4,Oliver_Twist
Toby,C,0,4,Oliver_Twist
Toby,I,0,4,Oliver_Twist
Toby,A,0,4,Oliver_Twist
Toby,DC,0,4,Oliver_Twist
Toby,DN,0,4,Oliver_Twist
Tom,N,0,4,Oliver_Twist
Tom,C,0,4,Oliver_Twist
Tom,I,0,4,Oliver_Twist
Tom,A,0,4,Oliver_Twist
Tom,DC,0,4,Oliver_Twist
Tom,DN,0,4,Oliver_Twist
Work’us,N,0,4,Oliver_Twist
Work’us,C,0,4,Oliver_Twist
Work’us,I,0,4,Oliver_Twist
Work’us,A,0,4,Oliver_Twist
Work’us,DC,0,4,Oliver_Twist
Work’us,DN,0,4,Oliver_Twist
old Sally,N,0,4,Oliver_Twist
old Sally,C,0,4,Oliver_Twist
old Sally,I,0,4,Oliver_Twist
old Sally,A,0,4,Oliver_Twist
old Sally,DC,0,4,Oliver_Twist
old Sally,DN,0,4,Oliver_Twist
the Clerkinwell Sessions,N,0,4,Oliver_Twist
the Clerkinwell Sessions,C,0,4,Oliver_Twist
the Clerkinwell Sessions,I,0,4,Oliver_Twist
the Clerkinwell Sessions,A,0,4,Oliver_Twist
the Clerkinwell Sessions,DC,0,4,Oliver_Twist
the Clerkinwell Sessions,DN,0,4,Oliver_Twist
the Cripples,N,0,4,Oliver_Twist
the Cripples,C,0,4,Oliver_Twist
the Cripples,I,0,4,Oliver_Twist
the Cripples,A,0,4,Oliver_Twist
the Cripples,DC,0,4,Oliver_Twist
the Cripples,DN,0,4,Oliver_Twist
the Dodger,N,0,4,Oliver_Twist
the Dodger,C,0,4,Oliver_Twist
the Dodger,I,0,4,Oliver_Twist
the Dodger,A,0,4,Oliver_Twist
the Dodger,DC,0,4,Oliver_Twist
the Dodger,DN,0,4,Oliver_Twist
Agnes,N,0,5,Oliver_Twist
Agnes,C,0,5,Oliver_Twist
Agnes,I,0,5,Oliver_Twist
Agnes,A,0,5,Oliver_Twist
Agnes,DC,0,5,Oliver_Twist
Agnes,DN,0,5,Oliver_Twist
Barney,N,0,5,Oliver_Twist
Barney,C,0,5,Oliver_Twist
Barney,I,0,5,Oliver_Twist
Barney,A,0,5,Oliver_Twist
Barney,DC,0,5,Oliver_Twist
Barney,DN,0,5,Oliver_Twist
Bet,N,0,5,Oliver_Twist
Bet,C,0,5,Oliver_Twist
Bet,I,0,5,Oliver_Twist
Bet,A,0,5,Oliver_Twist
Bet,DC,0,5,Oliver_Twist
Bet,DN,0,5,Oliver_Twist
Blathers,N,0,5,Oliver_Twist
Blathers,C,0,5,Oliver_Twist
Blathers,I,0,5,Oliver_Twist
Blathers,A,0,5,Oliver_Twist
Blathers,DC,0,5,Oliver_Twist
Blathers,DN,0,5,Oliver_Twist
Brittles,N,0,5,Oliver_Twist
Brittles,C,0,5,Oliver_Twist
Brittles,I,0,5,Oliver_Twist
Brittles,A,0,5,Oliver_Twist
Brittles,DC,0,5,Oliver_Twist
Brittles,DN,0,5,Oliver_Twist
Charlotte,N,0,5,Oliver_Twist
Charlotte,C,0,5,Oliver_Twist
Charlotte,I,0,5,Oliver_Twist
Charlotte,A,0,5,Oliver_Twist
Charlotte,DC,0,5,Oliver_Twist
Charlotte,DN,0,5,Oliver_Twist
Chickweed,N,0,5,Oliver_Twist
Chickweed,C,0,5,Oliver_Twist
Chickweed,I,0,5,Oliver_Twist
Chickweed,A,0,5,Oliver_Twist
Chickweed,DC,0,5,Oliver_Twist
Chickweed,DN,0,5,Oliver_Twist
Cod,N,0,5,Oliver_Twist
Cod,C,0,5,Oliver_Twist
Cod,I,0,5,Oliver_Twist
Cod,A,0,5,Oliver_Twist
Cod,DC,0,5,Oliver_Twist
Cod,DN,0,5,Oliver_Twist
Dick,N,0,5,Oliver_Twist
Dick,C,0,5,Oliver_Twist
Dick,I,0,5,Oliver_Twist
Dick,A,0,5,Oliver_Twist
Dick,DC,0,5,Oliver_Twist
Dick,DN,0,5,Oliver_Twist
Duff,N,0,5,Oliver_Twist
Duff,C,0,5,Oliver_Twist
Duff,I,0,5,Oliver_Twist
Duff,A,0,5,Oliver_Twist
Duff,DC,0,5,Oliver_Twist
Duff,DN,0,5,Oliver_Twist
Fagin,N,0,5,Oliver_Twist
Fagin,C,0,5,Oliver_Twist
Fagin,I,0,5,Oliver_Twist
Fagin,A,0,5,Oliver_Twist
Fagin,DC,0,5,Oliver_Twist
Fagin,DN,0,5,Oliver_Twist
Faguey,N,0,5,Oliver_Twist
Faguey,C,0,5,Oliver_Twist
Faguey,I,0,5,Oliver_Twist
Faguey,A,0,5,Oliver_Twist
Faguey,DC,0,5,Oliver_Twist
Faguey,DN,0,5,Oliver_Twist
God,N,0,5,Oliver_Twist
God,C,0,5,Oliver_Twist
God,I,0,5,Oliver_Twist
God,A,0,5,Oliver_Twist
God,DC,0,5,Oliver_Twist
God,DN,0,5,Oliver_Twist
Harry,N,0,5,Oliver_Twist
Harry,C,0,5,Oliver_Twist
Harry,I,0,5,Oliver_Twist
Harry,A,0,5,Oliver_Twist
Harry,DC,0,5,Oliver_Twist
Harry,DN,0,5,Oliver_Twist
Heaven,N,0,5,Oliver_Twist
Heaven,C,0,5,Oliver_Twist
Heaven,I,0,5,Oliver_Twist
Heaven,A,0,5,Oliver_Twist
Heaven,DC,0,5,Oliver_Twist
Heaven,DN,0,5,Oliver_Twist
Jack Dawkins,N,0,5,Oliver_Twist
Jack Dawkins,C,0,5,Oliver_Twist
Jack Dawkins,I,0,5,Oliver_Twist
Jack Dawkins,A,0,5,Oliver_Twist
Jack Dawkins,DC,0,5,Oliver_Twist
Jack Dawkins,DN,0,5,Oliver_Twist
Kags,N,0,5,Oliver_Twist
Kags,C,0,5,Oliver_Twist
Kags,I,0,5,Oliver_Twist
Kags,A,0,5,Oliver_Twist
Kags,DC,0,5,Oliver_Twist
Kags,DN,0,5,Oliver_Twist
Little Oliver,N,0,5,Oliver_Twist
Little Oliver,C,0,5,Oliver_Twist
Little Oliver,I,0,5,Oliver_Twist
Little Oliver,A,0,5,Oliver_Twist
Little Oliver,DC,0,5,Oliver_Twist
Little Oliver,DN,0,5,Oliver_Twist
Lor,N,0,5,Oliver_Twist
Lor,C,0,5,Oliver_Twist
Lor,I,0,5,Oliver_Twist
Lor,A,0,5,Oliver_Twist
Lor,DC,0,5,Oliver_Twist
Lor,DN,0,5,Oliver_Twist
Master Bates,N,0,5,Oliver_Twist
Master Bates,C,0,5,Oliver_Twist
Master Bates,I,0,5,Oliver_Twist
Master Bates,A,0,5,Oliver_Twist
Master Bates,DC,0,5,Oliver_Twist
Master Bates,DN,0,5,Oliver_Twist
Messrs. Blathers,N,0,5,Oliver_Twist
Messrs. Blathers,C,0,5,Oliver_Twist
Messrs. Blathers,I,0,5,Oliver_Twist
Messrs. Blathers,A,0,5,Oliver_Twist
Messrs. Blathers,DC,0,5,Oliver_Twist
Messrs. Blathers,DN,0,5,Oliver_Twist
Miss Maylie,N,0,5,Oliver_Twist
Miss Maylie,C,0,5,Oliver_Twist
Miss Maylie,I,0,5,Oliver_Twist
Miss Maylie,A,0,5,Oliver_Twist
Miss Maylie,DC,0,5,Oliver_Twist
Miss Maylie,DN,0,5,Oliver_Twist
Monks,N,0,5,Oliver_Twist
Monks,C,0,5,Oliver_Twist
Monks,I,0,5,Oliver_Twist
Monks,A,0,5,Oliver_Twist
Monks,DC,0,5,Oliver_Twist
Monks,DN,0,5,Oliver_Twist
Mr. Bolter,N,0,5,Oliver_Twist
Mr. Bolter,C,0,5,Oliver_Twist
Mr. Bolter,I,0,5,Oliver_Twist
Mr. Bolter,A,0,5,Oliver_Twist
Mr. Bolter,DC,0,5,Oliver_Twist
Mr. Bolter,DN,0,5,Oliver_Twist
Mr. Browlow,N,0,5,Oliver_Twist
Mr. Browlow,C,0,5,Oliver_Twist
Mr. Browlow,I,0,5,Oliver_Twist
Mr. Browlow,A,0,5,Oliver_Twist
Mr. Browlow,DC,0,5,Oliver_Twist
Mr. Browlow,DN,0,5,Oliver_Twist
Mr. Brownlow,N,0,5,Oliver_Twist
Mr. Brownlow,C,0,5,Oliver_Twist
Mr. Brownlow,I,0,5,Oliver_Twist
Mr. Brownlow,A,0,5,Oliver_Twist
Mr. Brownlow,DC,0,5,Oliver_Twist
Mr. Brownlow,DN,0,5,Oliver_Twist
Mr. Bumble,N,24,5,Oliver_Twist
Mr. Bumble,C,17,5,Oliver_Twist
Mr. Bumble,I,1,5,Oliver_Twist
Mr. Bumble,A,3,5,Oliver_Twist
Mr. Bumble,DC,0,5,Oliver_Twist
Mr. Bumble,DN,0,5,Oliver_Twist
Mr. Chitling,N,0,5,Oliver_Twist
Mr. Chitling,C,0,5,Oliver_Twist
Mr. Chitling,I,0,5,Oliver_Twist
Mr. Chitling,A,0,5,Oliver_Twist
Mr. Chitling,DC,0,5,Oliver_Twist
Mr. Chitling,DN,0,5,Oliver_Twist
Mr. Dawkins,N,0,5,Oliver_Twist
Mr. Dawkins,C,0,5,Oliver_Twist
Mr. Dawkins,I,0,5,Oliver_Twist
Mr. Dawkins,A,0,5,Oliver_Twist
Mr. Dawkins,DC,0,5,Oliver_Twist
Mr. Dawkins,DN,0,5,Oliver_Twist
Mr. Fang,N,0,5,Oliver_Twist
Mr. Fang,C,0,5,Oliver_Twist
Mr. Fang,I,0,5,Oliver_Twist
Mr. Fang,A,0,5,Oliver_Twist
Mr. Fang,DC,0,5,Oliver_Twist
Mr. Fang,DN,0,5,Oliver_Twist
Mr. Gamfield,N,24,5,Oliver_Twist
Mr. Gamfield,C,15,5,Oliver_Twist
Mr. Gamfield,I,7,5,Oliver_Twist
Mr. Gamfield,A,15,5,Oliver_Twist
Mr. Gamfield,DC,1,5,Oliver_Twist
Mr. Gamfield,DN,1,5,Oliver_Twist
Mr. Giles,N,0,5,Oliver_Twist
Mr. Giles,C,0,5,Oliver_Twist
Mr. Giles,I,0,5,Oliver_Twist
Mr. Giles,A,0,5,Oliver_Twist
Mr. Giles,DC,0,5,Oliver_Twist
Mr. Giles,DN,0,5,Oliver_Twist
Mr. Grimwig,N,0,5,Oliver_Twist
Mr. Grimwig,C,0,5,Oliver_Twist
Mr. Grimwig,I,0,5,Oliver_Twist
Mr. Grimwig,A,0,5,Oliver_Twist
Mr. Grimwig,DC,0,5,Oliver_Twist
Mr. Grimwig,DN,0,5,Oliver_Twist
Mr. Limbkins,N,10,5,Oliver_Twist
Mr. Limbkins,C,12,5,Oliver_Twist
Mr. Limbkins,I,3,5,Oliver_Twist
Mr. Limbkins,A,7,5,Oliver_Twist
Mr. Limbkins,DC,5,5,Oliver_Twist
Mr. Limbkins,DN,0,5,Oliver_Twist
Mr. Lively,N,0,5,Oliver_Twist
Mr. Lively,C,0,5,Oliver_Twist
Mr. Lively,I,0,5,Oliver_Twist
Mr. Lively,A,0,5,Oliver_Twist
Mr. Lively,DC,0,5,Oliver_Twist
Mr. Lively,DN,0,5,Oliver_Twist
Mr. Losberne,N,0,5,Oliver_Twist
Mr. Losberne,C,0,5,Oliver_Twist
Mr. Losberne,I,0,5,Oliver_Twist
Mr. Losberne,A,0,5,Oliver_Twist
Mr. Losberne,DC,0,5,Oliver_Twist
Mr. Losberne,DN,0,5,Oliver_Twist
Mr. Maylie,N,0,5,Oliver_Twist
Mr. Maylie,C,0,5,Oliver_Twist
Mr. Maylie,I,0,5,Oliver_Twist
Mr. Maylie,A,0,5,Oliver_Twist
Mr. Maylie,DC,0,5,Oliver_Twist
Mr. Maylie,DN,0,5,Oliver_Twist
Mr. Sikes,N,0,5,Oliver_Twist
Mr. Sikes,C,0,5,Oliver_Twist
Mr. Sikes,I,0,5,Oliver_Twist
Mr. Sikes,A,0,5,Oliver_Twist
Mr. Sikes,DC,0,5,Oliver_Twist
Mr. Sikes,DN,0,5,Oliver_Twist
Mr. Sowerberry,N,0,5,Oliver_Twist
Mr. Sowerberry,C,0,5,Oliver_Twist
Mr. Sowerberry,I,0,5,Oliver_Twist
Mr. Sowerberry,A,0,5,Oliver_Twist
Mr. Sowerberry,DC,0,5,Oliver_Twist
Mr. Sowerberry,DN,0,5,Oliver_Twist
Mrs. Bedwin,N,0,5,Oliver_Twist
Mrs. Bedwin,C,0,5,Oliver_Twist
Mrs. Bedwin,I,0,5,Oliver_Twist
Mrs. Bedwin,A,0,5,Oliver_Twist
Mrs. Bedwin,DC,0,5,Oliver_Twist
Mrs. Bedwin,DN,0,5,Oliver_Twist
Mrs. Bolter,N,0,5,Oliver_Twist
Mrs. Bolter,C,0,5,Oliver_Twist
Mrs. Bolter,I,0,5,Oliver_Twist
Mrs. Bolter,A,0,5,Oliver_Twist
Mrs. Bolter,DC,0,5,Oliver_Twist
Mrs. Bolter,DN,0,5,Oliver_Twist
Mrs. Corney,N,0,5,Oliver_Twist
Mrs. Corney,C,0,5,Oliver_Twist
Mrs. Corney,I,0,5,Oliver_Twist
Mrs. Corney,A,0,5,Oliver_Twist
Mrs. Corney,DC,0,5,Oliver_Twist
Mrs. Corney,DN,0,5,Oliver_Twist
Mrs. Mann,N,0,5,Oliver_Twist
Mrs. Mann,C,0,5,Oliver_Twist
Mrs. Mann,I,0,5,Oliver_Twist
Mrs. Mann,A,0,5,Oliver_Twist
Mrs. Mann,DC,0,5,Oliver_Twist
Mrs. Mann,DN,0,5,Oliver_Twist
Mrs. Maylie,N,0,5,Oliver_Twist
Mrs. Maylie,C,0,5,Oliver_Twist
Mrs. Maylie,I,0,5,Oliver_Twist
Mrs. Maylie,A,0,5,Oliver_Twist
Mrs. Maylie,DC,0,5,Oliver_Twist
Mrs. Maylie,DN,0,5,Oliver_Twist
Mrs. Sowerberry,N,0,5,Oliver_Twist
Mrs. Sowerberry,C,0,5,Oliver_Twist
Mrs. Sowerberry,I,0,5,Oliver_Twist
Mrs. Sowerberry,A,0,5,Oliver_Twist
Mrs. Sowerberry,DC,0,5,Oliver_Twist
Mrs. Sowerberry,DN,0,5,Oliver_Twist
Nancy,N,0,5,Oliver_Twist
Nancy,C,0,5,Oliver_Twist
Nancy,I,0,5,Oliver_Twist
Nancy,A,0,5,Oliver_Twist
Nancy,DC,0,5,Oliver_Twist
Nancy,DN,0,5,Oliver_Twist
Noah,N,0,5,Oliver_Twist
Noah,C,0,5,Oliver_Twist
Noah,I,0,5,Oliver_Twist
Noah,A,0,5,Oliver_Twist
Noah,DC,0,5,Oliver_Twist
Noah,DN,0,5,Oliver_Twist
Oliver,N,33,5,Oliver_Twist
Oliver,C,1,5,Oliver_Twist
Oliver,I,11,5,Oliver_Twist
Oliver,A,24,5,Oliver_Twist
Oliver,DC,10,5,Oliver_Twist
Oliver,DN,7,5,Oliver_Twist
Rose,N,0,5,Oliver_Twist
Rose,C,0,5,Oliver_Twist
Rose,I,0,5,Oliver_Twist
Rose,A,0,5,Oliver_Twist
Rose,DC,0,5,Oliver_Twist
Rose,DN,0,5,Oliver_Twist
Sikes,N,0,5,Oliver_Twist
Sikes,C,0,5,Oliver_Twist
Sikes,I,0,5,Oliver_Twist
Sikes,A,0,5,Oliver_Twist
Sikes,DC,0,5,Oliver_Twist
Sikes,DN,0,5,Oliver_Twist
Spyers,N,0,5,Oliver_Twist
Spyers,C,0,5,Oliver_Twist
Spyers,I,0,5,Oliver_Twist
Spyers,A,0,5,Oliver_Twist
Spyers,DC,0,5,Oliver_Twist
Spyers,DN,0,5,Oliver_Twist
The Jew,N,0,5,Oliver_Twist
The Jew,C,0,5,Oliver_Twist
The Jew,I,0,5,Oliver_Twist
The Jew,A,0,5,Oliver_Twist
The Jew,DC,0,5,Oliver_Twist
The Jew,DN,0,5,Oliver_Twist
Toby,N,0,5,Oliver_Twist
Toby,C,0,5,Oliver_Twist
Toby,I,0,5,Oliver_Twist
Toby,A,0,5,Oliver_Twist
Toby,DC,0,5,Oliver_Twist
Toby,DN,0,5,Oliver_Twist
Tom,N,0,5,Oliver_Twist
Tom,C,0,5,Oliver_Twist
Tom,I,0,5,Oliver_Twist
Tom,A,0,5,Oliver_Twist
Tom,DC,0,5,Oliver_Twist
Tom,DN,0,5,Oliver_Twist
Work’us,N,0,5,Oliver_Twist
Work’us,C,0,5,Oliver_Twist
Work’us,I,0,5,Oliver_Twist
Work’us,A,0,5,Oliver_Twist
Work’us,DC,0,5,Oliver_Twist
Work’us,DN,0,5,Oliver_Twist
old Sally,N,0,5,Oliver_Twist
old Sally,C,0,5,Oliver_Twist
old Sally,I,0,5,Oliver_Twist
old Sally,A,0,5,Oliver_Twist
old Sally,DC,0,5,Oliver_Twist
old Sally,DN,0,5,Oliver_Twist
the Clerkinwell Sessions,N,0,5,Oliver_Twist
the Clerkinwell Sessions,C,0,5,Oliver_Twist
the Clerkinwell Sessions,I,0,5,Oliver_Twist
the Clerkinwell Sessions,A,0,5,Oliver_Twist
the Clerkinwell Sessions,DC,0,5,Oliver_Twist
the Clerkinwell Sessions,DN,0,5,Oliver_Twist
the Cripples,N,0,5,Oliver_Twist
the Cripples,C,0,5,Oliver_Twist
the Cripples,I,0,5,Oliver_Twist
the Cripples,A,0,5,Oliver_Twist
the Cripples,DC,0,5,Oliver_Twist
the Cripples,DN,0,5,Oliver_Twist
the Dodger,N,0,5,Oliver_Twist
the Dodger,C,0,5,Oliver_Twist
the Dodger,I,0,5,Oliver_Twist
the Dodger,A,0,5,Oliver_Twist
the Dodger,DC,0,5,Oliver_Twist
the Dodger,DN,0,5,Oliver_Twist
Agnes,N,0,6,Oliver_Twist
Agnes,C,0,6,Oliver_Twist
Agnes,I,0,6,Oliver_Twist
Agnes,A,0,6,Oliver_Twist
Agnes,DC,0,6,Oliver_Twist
Agnes,DN,0,6,Oliver_Twist
Barney,N,0,6,Oliver_Twist
Barney,C,0,6,Oliver_Twist
Barney,I,0,6,Oliver_Twist
Barney,A,0,6,Oliver_Twist
Barney,DC,0,6,Oliver_Twist
Barney,DN,0,6,Oliver_Twist
Bet,N,0,6,Oliver_Twist
Bet,C,0,6,Oliver_Twist
Bet,I,0,6,Oliver_Twist
Bet,A,0,6,Oliver_Twist
Bet,DC,0,6,Oliver_Twist
Bet,DN,0,6,Oliver_Twist
Blathers,N,0,6,Oliver_Twist
Blathers,C,0,6,Oliver_Twist
Blathers,I,0,6,Oliver_Twist
Blathers,A,0,6,Oliver_Twist
Blathers,DC,0,6,Oliver_Twist
Blathers,DN,0,6,Oliver_Twist
Brittles,N,0,6,Oliver_Twist
Brittles,C,0,6,Oliver_Twist
Brittles,I,0,6,Oliver_Twist
Brittles,A,0,6,Oliver_Twist
Brittles,DC,0,6,Oliver_Twist
Brittles,DN,0,6,Oliver_Twist
Charlotte,N,1,6,Oliver_Twist
Charlotte,C,0,6,Oliver_Twist
Charlotte,I,0,6,Oliver_Twist
Charlotte,A,0,6,Oliver_Twist
Charlotte,DC,1,6,Oliver_Twist
Charlotte,DN,0,6,Oliver_Twist
Chickweed,N,0,6,Oliver_Twist
Chickweed,C,0,6,Oliver_Twist
Chickweed,I,0,6,Oliver_Twist
Chickweed,A,0,6,Oliver_Twist
Chickweed,DC,0,6,Oliver_Twist
Chickweed,DN,0,6,Oliver_Twist
Cod,N,0,6,Oliver_Twist
Cod,C,0,6,Oliver_Twist
Cod,I,0,6,Oliver_Twist
Cod,A,0,6,Oliver_Twist
Cod,DC,0,6,Oliver_Twist
Cod,DN,0,6,Oliver_Twist
Dick,N,0,6,Oliver_Twist
Dick,C,0,6,Oliver_Twist
Dick,I,0,6,Oliver_Twist
Dick,A,0,6,Oliver_Twist
Dick,DC,0,6,Oliver_Twist
Dick,DN,0,6,Oliver_Twist
Duff,N,0,6,Oliver_Twist
Duff,C,0,6,Oliver_Twist
Duff,I,0,6,Oliver_Twist
Duff,A,0,6,Oliver_Twist
Duff,DC,0,6,Oliver_Twist
Duff,DN,0,6,Oliver_Twist
Fagin,N,0,6,Oliver_Twist
Fagin,C,0,6,Oliver_Twist
Fagin,I,0,6,Oliver_Twist
Fagin,A,0,6,Oliver_Twist
Fagin,DC,0,6,Oliver_Twist
Fagin,DN,0,6,Oliver_Twist
Faguey,N,0,6,Oliver_Twist
Faguey,C,0,6,Oliver_Twist
Faguey,I,0,6,Oliver_Twist
Faguey,A,0,6,Oliver_Twist
Faguey,DC,0,6,Oliver_Twist
Faguey,DN,0,6,Oliver_Twist
God,N,0,6,Oliver_Twist
God,C,0,6,Oliver_Twist
God,I,0,6,Oliver_Twist
God,A,0,6,Oliver_Twist
God,DC,0,6,Oliver_Twist
God,DN,0,6,Oliver_Twist
Harry,N,0,6,Oliver_Twist
Harry,C,0,6,Oliver_Twist
Harry,I,0,6,Oliver_Twist
Harry,A,0,6,Oliver_Twist
Harry,DC,0,6,Oliver_Twist
Harry,DN,0,6,Oliver_Twist
Heaven,N,0,6,Oliver_Twist
Heaven,C,0,6,Oliver_Twist
Heaven,I,0,6,Oliver_Twist
Heaven,A,0,6,Oliver_Twist
Heaven,DC,0,6,Oliver_Twist
Heaven,DN,0,6,Oliver_Twist
Jack Dawkins,N,0,6,Oliver_Twist
Jack Dawkins,C,0,6,Oliver_Twist
Jack Dawkins,I,0,6,Oliver_Twist
Jack Dawkins,A,0,6,Oliver_Twist
Jack Dawkins,DC,0,6,Oliver_Twist
Jack Dawkins,DN,0,6,Oliver_Twist
Kags,N,0,6,Oliver_Twist
Kags,C,0,6,Oliver_Twist
Kags,I,0,6,Oliver_Twist
Kags,A,0,6,Oliver_Twist
Kags,DC,0,6,Oliver_Twist
Kags,DN,0,6,Oliver_Twist
Little Oliver,N,0,6,Oliver_Twist
Little Oliver,C,0,6,Oliver_Twist
Little Oliver,I,0,6,Oliver_Twist
Little Oliver,A,0,6,Oliver_Twist
Little Oliver,DC,0,6,Oliver_Twist
Little Oliver,DN,0,6,Oliver_Twist
Lor,N,0,6,Oliver_Twist
Lor,C,0,6,Oliver_Twist
Lor,I,0,6,Oliver_Twist
Lor,A,0,6,Oliver_Twist
Lor,DC,0,6,Oliver_Twist
Lor,DN,0,6,Oliver_Twist
Master Bates,N,0,6,Oliver_Twist
Master Bates,C,0,6,Oliver_Twist
Master Bates,I,0,6,Oliver_Twist
Master Bates,A,0,6,Oliver_Twist
Master Bates,DC,0,6,Oliver_Twist
Master Bates,DN,0,6,Oliver_Twist
Messrs. Blathers,N,0,6,Oliver_Twist
Messrs. Blathers,C,0,6,Oliver_Twist
Messrs. Blathers,I,0,6,Oliver_Twist
Messrs. Blathers,A,0,6,Oliver_Twist
Messrs. Blathers,DC,0,6,Oliver_Twist
Messrs. Blathers,DN,0,6,Oliver_Twist
Miss Maylie,N,0,6,Oliver_Twist
Miss Maylie,C,0,6,Oliver_Twist
Miss Maylie,I,0,6,Oliver_Twist
Miss Maylie,A,0,6,Oliver_Twist
Miss Maylie,DC,0,6,Oliver_Twist
Miss Maylie,DN,0,6,Oliver_Twist
Monks,N,0,6,Oliver_Twist
Monks,C,0,6,Oliver_Twist
Monks,I,0,6,Oliver_Twist
Monks,A,0,6,Oliver_Twist
Monks,DC,0,6,Oliver_Twist
Monks,DN,0,6,Oliver_Twist
Mr. Bolter,N,0,6,Oliver_Twist
Mr. Bolter,C,0,6,Oliver_Twist
Mr. Bolter,I,0,6,Oliver_Twist
Mr. Bolter,A,0,6,Oliver_Twist
Mr. Bolter,DC,0,6,Oliver_Twist
Mr. Bolter,DN,0,6,Oliver_Twist
Mr. Browlow,N,0,6,Oliver_Twist
Mr. Browlow,C,0,6,Oliver_Twist
Mr. Browlow,I,0,6,Oliver_Twist
Mr. Browlow,A,0,6,Oliver_Twist
Mr. Browlow,DC,0,6,Oliver_Twist
Mr. Browlow,DN,0,6,Oliver_Twist
Mr. Brownlow,N,0,6,Oliver_Twist
Mr. Brownlow,C,0,6,Oliver_Twist
Mr. Brownlow,I,0,6,Oliver_Twist
Mr. Brownlow,A,0,6,Oliver_Twist
Mr. Brownlow,DC,0,6,Oliver_Twist
Mr. Brownlow,DN,0,6,Oliver_Twist
Mr. Bumble,N,37,6,Oliver_Twist
Mr. Bumble,C,19,6,Oliver_Twist
Mr. Bumble,I,8,6,Oliver_Twist
Mr. Bumble,A,9,6,Oliver_Twist
Mr. Bumble,DC,2,6,Oliver_Twist
Mr. Bumble,DN,0,6,Oliver_Twist
Mr. Chitling,N,0,6,Oliver_Twist
Mr. Chitling,C,0,6,Oliver_Twist
Mr. Chitling,I,0,6,Oliver_Twist
Mr. Chitling,A,0,6,Oliver_Twist
Mr. Chitling,DC,0,6,Oliver_Twist
Mr. Chitling,DN,0,6,Oliver_Twist
Mr. Dawkins,N,0,6,Oliver_Twist
Mr. Dawkins,C,0,6,Oliver_Twist
Mr. Dawkins,I,0,6,Oliver_Twist
Mr. Dawkins,A,0,6,Oliver_Twist
Mr. Dawkins,DC,0,6,Oliver_Twist
Mr. Dawkins,DN,0,6,Oliver_Twist
Mr. Fang,N,0,6,Oliver_Twist
Mr. Fang,C,0,6,Oliver_Twist
Mr. Fang,I,0,6,Oliver_Twist
Mr. Fang,A,0,6,Oliver_Twist
Mr. Fang,DC,0,6,Oliver_Twist
Mr. Fang,DN,0,6,Oliver_Twist
Mr. Gamfield,N,0,6,Oliver_Twist
Mr. Gamfield,C,0,6,Oliver_Twist
Mr. Gamfield,I,0,6,Oliver_Twist
Mr. Gamfield,A,0,6,Oliver_Twist
Mr. Gamfield,DC,0,6,Oliver_Twist
Mr. Gamfield,DN,0,6,Oliver_Twist
Mr. Giles,N,0,6,Oliver_Twist
Mr. Giles,C,0,6,Oliver_Twist
Mr. Giles,I,0,6,Oliver_Twist
Mr. Giles,A,0,6,Oliver_Twist
Mr. Giles,DC,0,6,Oliver_Twist
Mr. Giles,DN,0,6,Oliver_Twist
Mr. Grimwig,N,0,6,Oliver_Twist
Mr. Grimwig,C,0,6,Oliver_Twist
Mr. Grimwig,I,0,6,Oliver_Twist
Mr. Grimwig,A,0,6,Oliver_Twist
Mr. Grimwig,DC,0,6,Oliver_Twist
Mr. Grimwig,DN,0,6,Oliver_Twist
Mr. Limbkins,N,0,6,Oliver_Twist
Mr. Limbkins,C,0,6,Oliver_Twist
Mr. Limbkins,I,0,6,Oliver_Twist
Mr. Limbkins,A,0,6,Oliver_Twist
Mr. Limbkins,DC,0,6,Oliver_Twist
Mr. Limbkins,DN,0,6,Oliver_Twist
Mr. Lively,N,0,6,Oliver_Twist
Mr. Lively,C,0,6,Oliver_Twist
Mr. Lively,I,0,6,Oliver_Twist
Mr. Lively,A,0,6,Oliver_Twist
Mr. Lively,DC,0,6,Oliver_Twist
Mr. Lively,DN,0,6,Oliver_Twist
Mr. Losberne,N,0,6,Oliver_Twist
Mr. Losberne,C,0,6,Oliver_Twist
Mr. Losberne,I,0,6,Oliver_Twist
Mr. Losberne,A,0,6,Oliver_Twist
Mr. Losberne,DC,0,6,Oliver_Twist
Mr. Losberne,DN,0,6,Oliver_Twist
Mr. Maylie,N,0,6,Oliver_Twist
Mr. Maylie,C,0,6,Oliver_Twist
Mr. Maylie,I,0,6,Oliver_Twist
Mr. Maylie,A,0,6,Oliver_Twist
Mr. Maylie,DC,0,6,Oliver_Twist
Mr. Maylie,DN,0,6,Oliver_Twist
Mr. Sikes,N,0,6,Oliver_Twist
Mr. Sikes,C,0,6,Oliver_Twist
Mr. Sikes,I,0,6,Oliver_Twist
Mr. Sikes,A,0,6,Oliver_Twist
Mr. Sikes,DC,0,6,Oliver_Twist
Mr. Sikes,DN,0,6,Oliver_Twist
Mr. Sowerberry,N,12,6,Oliver_Twist
Mr. Sowerberry,C,7,6,Oliver_Twist
Mr. Sowerberry,I,0,6,Oliver_Twist
Mr. Sowerberry,A,8,6,Oliver_Twist
Mr. Sowerberry,DC,2,6,Oliver_Twist
Mr. Sowerberry,DN,2,6,Oliver_Twist
Mrs. Bedwin,N,0,6,Oliver_Twist
Mrs. Bedwin,C,0,6,Oliver_Twist
Mrs. Bedwin,I,0,6,Oliver_Twist
Mrs. Bedwin,A,0,6,Oliver_Twist
Mrs. Bedwin,DC,0,6,Oliver_Twist
Mrs. Bedwin,DN,0,6,Oliver_Twist
Mrs. Bolter,N,0,6,Oliver_Twist
Mrs. Bolter,C,0,6,Oliver_Twist
Mrs. Bolter,I,0,6,Oliver_Twist
Mrs. Bolter,A,0,6,Oliver_Twist
Mrs. Bolter,DC,0,6,Oliver_Twist
Mrs. Bolter,DN,0,6,Oliver_Twist
Mrs. Corney,N,0,6,Oliver_Twist
Mrs. Corney,C,0,6,Oliver_Twist
Mrs. Corney,I,0,6,Oliver_Twist
Mrs. Corney,A,0,6,Oliver_Twist
Mrs. Corney,DC,0,6,Oliver_Twist
Mrs. Corney,DN,0,6,Oliver_Twist
Mrs. Mann,N,0,6,Oliver_Twist
Mrs. Mann,C,0,6,Oliver_Twist
Mrs. Mann,I,0,6,Oliver_Twist
Mrs. Mann,A,0,6,Oliver_Twist
Mrs. Mann,DC,0,6,Oliver_Twist
Mrs. Mann,DN,0,6,Oliver_Twist
Mrs. Maylie,N,0,6,Oliver_Twist
Mrs. Maylie,C,0,6,Oliver_Twist
Mrs. Maylie,I,0,6,Oliver_Twist
Mrs. Maylie,A,0,6,Oliver_Twist
Mrs. Maylie,DC,0,6,Oliver_Twist
Mrs. Maylie,DN,0,6,Oliver_Twist
Mrs. Sowerberry,N,4,6,Oliver_Twist
Mrs. Sowerberry,C,2,6,Oliver_Twist
Mrs. Sowerberry,I,1,6,Oliver_Twist
Mrs. Sowerberry,A,2,6,Oliver_Twist
Mrs. Sowerberry,DC,1,6,Oliver_Twist
Mrs. Sowerberry,DN,0,6,Oliver_Twist
Nancy,N,0,6,Oliver_Twist
Nancy,C,0,6,Oliver_Twist
Nancy,I,0,6,Oliver_Twist
Nancy,A,0,6,Oliver_Twist
Nancy,DC,0,6,Oliver_Twist
Nancy,DN,0,6,Oliver_Twist
Noah,N,0,6,Oliver_Twist
Noah,C,0,6,Oliver_Twist
Noah,I,0,6,Oliver_Twist
Noah,A,0,6,Oliver_Twist
Noah,DC,0,6,Oliver_Twist
Noah,DN,0,6,Oliver_Twist
Oliver,N,27,6,Oliver_Twist
Oliver,C,4,6,Oliver_Twist
Oliver,I,5,6,Oliver_Twist
Oliver,A,24,6,Oliver_Twist
Oliver,DC,9,6,Oliver_Twist
Oliver,DN,3,6,Oliver_Twist
Rose,N,0,6,Oliver_Twist
Rose,C,0,6,Oliver_Twist
Rose,I,0,6,Oliver_Twist
Rose,A,0,6,Oliver_Twist
Rose,DC,0,6,Oliver_Twist
Rose,DN,0,6,Oliver_Twist
Sikes,N,0,6,Oliver_Twist
Sikes,C,0,6,Oliver_Twist
Sikes,I,0,6,Oliver_Twist
Sikes,A,0,6,Oliver_Twist
Sikes,DC,0,6,Oliver_Twist
Sikes,DN,0,6,Oliver_Twist
Spyers,N,0,6,Oliver_Twist
Spyers,C,0,6,Oliver_Twist
Spyers,I,0,6,Oliver_Twist
Spyers,A,0,6,Oliver_Twist
Spyers,DC,0,6,Oliver_Twist
Spyers,DN,0,6,Oliver_Twist
The Jew,N,0,6,Oliver_Twist
The Jew,C,0,6,Oliver_Twist
The Jew,I,0,6,Oliver_Twist
The Jew,A,0,6,Oliver_Twist
The Jew,DC,0,6,Oliver_Twist
The Jew,DN,0,6,Oliver_Twist
Toby,N,0,6,Oliver_Twist
Toby,C,0,6,Oliver_Twist
Toby,I,0,6,Oliver_Twist
Toby,A,0,6,Oliver_Twist
Toby,DC,0,6,Oliver_Twist
Toby,DN,0,6,Oliver_Twist
Tom,N,0,6,Oliver_Twist
Tom,C,0,6,Oliver_Twist
Tom,I,0,6,Oliver_Twist
Tom,A,0,6,Oliver_Twist
Tom,DC,0,6,Oliver_Twist
Tom,DN,0,6,Oliver_Twist
Work’us,N,0,6,Oliver_Twist
Work’us,C,0,6,Oliver_Twist
Work’us,I,0,6,Oliver_Twist
Work’us,A,0,6,Oliver_Twist
Work’us,DC,0,6,Oliver_Twist
Work’us,DN,0,6,Oliver_Twist
old Sally,N,0,6,Oliver_Twist
old Sally,C,0,6,Oliver_Twist
old Sally,I,0,6,Oliver_Twist
old Sally,A,0,6,Oliver_Twist
old Sally,DC,0,6,Oliver_Twist
old Sally,DN,0,6,Oliver_Twist
the Clerkinwell Sessions,N,0,6,Oliver_Twist
the Clerkinwell Sessions,C,0,6,Oliver_Twist
the Clerkinwell Sessions,I,0,6,Oliver_Twist
the Clerkinwell Sessions,A,0,6,Oliver_Twist
the Clerkinwell Sessions,DC,0,6,Oliver_Twist
the Clerkinwell Sessions,DN,0,6,Oliver_Twist
the Cripples,N,0,6,Oliver_Twist
the Cripples,C,0,6,Oliver_Twist
the Cripples,I,0,6,Oliver_Twist
the Cripples,A,0,6,Oliver_Twist
the Cripples,DC,0,6,Oliver_Twist
the Cripples,DN,0,6,Oliver_Twist
the Dodger,N,0,6,Oliver_Twist
the Dodger,C,0,6,Oliver_Twist
the Dodger,I,0,6,Oliver_Twist
the Dodger,A,0,6,Oliver_Twist
the Dodger,DC,0,6,Oliver_Twist
the Dodger,DN,0,6,Oliver_Twist
Agnes,N,0,7,Oliver_Twist
Agnes,C,0,7,Oliver_Twist
Agnes,I,0,7,Oliver_Twist
Agnes,A,0,7,Oliver_Twist
Agnes,DC,0,7,Oliver_Twist
Agnes,DN,0,7,Oliver_Twist
Barney,N,0,7,Oliver_Twist
Barney,C,0,7,Oliver_Twist
Barney,I,0,7,Oliver_Twist
Barney,A,0,7,Oliver_Twist
Barney,DC,0,7,Oliver_Twist
Barney,DN,0,7,Oliver_Twist
Bet,N,0,7,Oliver_Twist
Bet,C,0,7,Oliver_Twist
Bet,I,0,7,Oliver_Twist
Bet,A,0,7,Oliver_Twist
Bet,DC,0,7,Oliver_Twist
Bet,DN,0,7,Oliver_Twist
Blathers,N,0,7,Oliver_Twist
Blathers,C,0,7,Oliver_Twist
Blathers,I,0,7,Oliver_Twist
Blathers,A,0,7,Oliver_Twist
Blathers,DC,0,7,Oliver_Twist
Blathers,DN,0,7,Oliver_Twist
Brittles,N,0,7,Oliver_Twist
Brittles,C,0,7,Oliver_Twist
Brittles,I,0,7,Oliver_Twist
Brittles,A,0,7,Oliver_Twist
Brittles,DC,0,7,Oliver_Twist
Brittles,DN,0,7,Oliver_Twist
Charlotte,N,4,7,Oliver_Twist
Charlotte,C,5,7,Oliver_Twist
Charlotte,I,0,7,Oliver_Twist
Charlotte,A,3,7,Oliver_Twist
Charlotte,DC,1,7,Oliver_Twist
Charlotte,DN,0,7,Oliver_Twist
Chickweed,N,0,7,Oliver_Twist
Chickweed,C,0,7,Oliver_Twist
Chickweed,I,0,7,Oliver_Twist
Chickweed,A,0,7,Oliver_Twist
Chickweed,DC,0,7,Oliver_Twist
Chickweed,DN,0,7,Oliver_Twist
Cod,N,0,7,Oliver_Twist
Cod,C,0,7,Oliver_Twist
Cod,I,0,7,Oliver_Twist
Cod,A,0,7,Oliver_Twist
Cod,DC,0,7,Oliver_Twist
Cod,DN,0,7,Oliver_Twist
Dick,N,0,7,Oliver_Twist
Dick,C,0,7,Oliver_Twist
Dick,I,0,7,Oliver_Twist
Dick,A,0,7,Oliver_Twist
Dick,DC,0,7,Oliver_Twist
Dick,DN,0,7,Oliver_Twist
Duff,N,0,7,Oliver_Twist
Duff,C,0,7,Oliver_Twist
Duff,I,0,7,Oliver_Twist
Duff,A,0,7,Oliver_Twist
Duff,DC,0,7,Oliver_Twist
Duff,DN,0,7,Oliver_Twist
Fagin,N,0,7,Oliver_Twist
Fagin,C,0,7,Oliver_Twist
Fagin,I,0,7,Oliver_Twist
Fagin,A,0,7,Oliver_Twist
Fagin,DC,0,7,Oliver_Twist
Fagin,DN,0,7,Oliver_Twist
Faguey,N,0,7,Oliver_Twist
Faguey,C,0,7,Oliver_Twist
Faguey,I,0,7,Oliver_Twist
Faguey,A,0,7,Oliver_Twist
Faguey,DC,0,7,Oliver_Twist
Faguey,DN,0,7,Oliver_Twist
God,N,0,7,Oliver_Twist
God,C,0,7,Oliver_Twist
God,I,0,7,Oliver_Twist
God,A,0,7,Oliver_Twist
God,DC,0,7,Oliver_Twist
God,DN,0,7,Oliver_Twist
Harry,N,0,7,Oliver_Twist
Harry,C,0,7,Oliver_Twist
Harry,I,0,7,Oliver_Twist
Harry,A,0,7,Oliver_Twist
Harry,DC,0,7,Oliver_Twist
Harry,DN,0,7,Oliver_Twist
Heaven,N,0,7,Oliver_Twist
Heaven,C,0,7,Oliver_Twist
Heaven,I,0,7,Oliver_Twist
Heaven,A,0,7,Oliver_Twist
Heaven,DC,0,7,Oliver_Twist
Heaven,DN,0,7,Oliver_Twist
Jack Dawkins,N,0,7,Oliver_Twist
Jack Dawkins,C,0,7,Oliver_Twist
Jack Dawkins,I,0,7,Oliver_Twist
Jack Dawkins,A,0,7,Oliver_Twist
Jack Dawkins,DC,0,7,Oliver_Twist
Jack Dawkins,DN,0,7,Oliver_Twist
Kags,N,0,7,Oliver_Twist
Kags,C,0,7,Oliver_Twist
Kags,I,0,7,Oliver_Twist
Kags,A,0,7,Oliver_Twist
Kags,DC,0,7,Oliver_Twist
Kags,DN,0,7,Oliver_Twist
Little Oliver,N,0,7,Oliver_Twist
Little Oliver,C,0,7,Oliver_Twist
Little Oliver,I,0,7,Oliver_Twist
Little Oliver,A,0,7,Oliver_Twist
Little Oliver,DC,0,7,Oliver_Twist
Little Oliver,DN,0,7,Oliver_Twist
Lor,N,0,7,Oliver_Twist
Lor,C,0,7,Oliver_Twist
Lor,I,0,7,Oliver_Twist
Lor,A,0,7,Oliver_Twist
Lor,DC,0,7,Oliver_Twist
Lor,DN,0,7,Oliver_Twist
Master Bates,N,0,7,Oliver_Twist
Master Bates,C,0,7,Oliver_Twist
Master Bates,I,0,7,Oliver_Twist
Master Bates,A,0,7,Oliver_Twist
Master Bates,DC,0,7,Oliver_Twist
Master Bates,DN,0,7,Oliver_Twist
Messrs. Blathers,N,0,7,Oliver_Twist
Messrs. Blathers,C,0,7,Oliver_Twist
Messrs. Blathers,I,0,7,Oliver_Twist
Messrs. Blathers,A,0,7,Oliver_Twist
Messrs. Blathers,DC,0,7,Oliver_Twist
Messrs. Blathers,DN,0,7,Oliver_Twist
Miss Maylie,N,0,7,Oliver_Twist
Miss Maylie,C,0,7,Oliver_Twist
Miss Maylie,I,0,7,Oliver_Twist
Miss Maylie,A,0,7,Oliver_Twist
Miss Maylie,DC,0,7,Oliver_Twist
Miss Maylie,DN,0,7,Oliver_Twist
Monks,N,0,7,Oliver_Twist
Monks,C,0,7,Oliver_Twist
Monks,I,0,7,Oliver_Twist
Monks,A,0,7,Oliver_Twist
Monks,DC,0,7,Oliver_Twist
Monks,DN,0,7,Oliver_Twist
Mr. Bolter,N,0,7,Oliver_Twist
Mr. Bolter,C,0,7,Oliver_Twist
Mr. Bolter,I,0,7,Oliver_Twist
Mr. Bolter,A,0,7,Oliver_Twist
Mr. Bolter,DC,0,7,Oliver_Twist
Mr. Bolter,DN,0,7,Oliver_Twist
Mr. Browlow,N,0,7,Oliver_Twist
Mr. Browlow,C,0,7,Oliver_Twist
Mr. Browlow,I,0,7,Oliver_Twist
Mr. Browlow,A,0,7,Oliver_Twist
Mr. Browlow,DC,0,7,Oliver_Twist
Mr. Browlow,DN,0,7,Oliver_Twist
Mr. Brownlow,N,0,7,Oliver_Twist
Mr. Brownlow,C,0,7,Oliver_Twist
Mr. Brownlow,I,0,7,Oliver_Twist
Mr. Brownlow,A,0,7,Oliver_Twist
Mr. Brownlow,DC,0,7,Oliver_Twist
Mr. Brownlow,DN,0,7,Oliver_Twist
Mr. Bumble,N,15,7,Oliver_Twist
Mr. Bumble,C,3,7,Oliver_Twist
Mr. Bumble,I,1,7,Oliver_Twist
Mr. Bumble,A,6,7,Oliver_Twist
Mr. Bumble,DC,0,7,Oliver_Twist
Mr. Bumble,DN,0,7,Oliver_Twist
Mr. Chitling,N,0,7,Oliver_Twist
Mr. Chitling,C,0,7,Oliver_Twist
Mr. Chitling,I,0,7,Oliver_Twist
Mr. Chitling,A,0,7,Oliver_Twist
Mr. Chitling,DC,0,7,Oliver_Twist
Mr. Chitling,DN,0,7,Oliver_Twist
Mr. Dawkins,N,0,7,Oliver_Twist
Mr. Dawkins,C,0,7,Oliver_Twist
Mr. Dawkins,I,0,7,Oliver_Twist
Mr. Dawkins,A,0,7,Oliver_Twist
Mr. Dawkins,DC,0,7,Oliver_Twist
Mr. Dawkins,DN,0,7,Oliver_Twist
Mr. Fang,N,0,7,Oliver_Twist
Mr. Fang,C,0,7,Oliver_Twist
Mr. Fang,I,0,7,Oliver_Twist
Mr. Fang,A,0,7,Oliver_Twist
Mr. Fang,DC,0,7,Oliver_Twist
Mr. Fang,DN,0,7,Oliver_Twist
Mr. Gamfield,N,0,7,Oliver_Twist
Mr. Gamfield,C,0,7,Oliver_Twist
Mr. Gamfield,I,0,7,Oliver_Twist
Mr. Gamfield,A,0,7,Oliver_Twist
Mr. Gamfield,DC,0,7,Oliver_Twist
Mr. Gamfield,DN,0,7,Oliver_Twist
Mr. Giles,N,0,7,Oliver_Twist
Mr. Giles,C,0,7,Oliver_Twist
Mr. Giles,I,0,7,Oliver_Twist
Mr. Giles,A,0,7,Oliver_Twist
Mr. Giles,DC,0,7,Oliver_Twist
Mr. Giles,DN,0,7,Oliver_Twist
Mr. Grimwig,N,0,7,Oliver_Twist
Mr. Grimwig,C,0,7,Oliver_Twist
Mr. Grimwig,I,0,7,Oliver_Twist
Mr. Grimwig,A,0,7,Oliver_Twist
Mr. Grimwig,DC,0,7,Oliver_Twist
Mr. Grimwig,DN,0,7,Oliver_Twist
Mr. Limbkins,N,0,7,Oliver_Twist
Mr. Limbkins,C,0,7,Oliver_Twist
Mr. Limbkins,I,0,7,Oliver_Twist
Mr. Limbkins,A,0,7,Oliver_Twist
Mr. Limbkins,DC,0,7,Oliver_Twist
Mr. Limbkins,DN,0,7,Oliver_Twist
Mr. Lively,N,0,7,Oliver_Twist
Mr. Lively,C,0,7,Oliver_Twist
Mr. Lively,I,0,7,Oliver_Twist
Mr. Lively,A,0,7,Oliver_Twist
Mr. Lively,DC,0,7,Oliver_Twist
Mr. Lively,DN,0,7,Oliver_Twist
Mr. Losberne,N,0,7,Oliver_Twist
Mr. Losberne,C,0,7,Oliver_Twist
Mr. Losberne,I,0,7,Oliver_Twist
Mr. Losberne,A,0,7,Oliver_Twist
Mr. Losberne,DC,0,7,Oliver_Twist
Mr. Losberne,DN,0,7,Oliver_Twist
Mr. Maylie,N,0,7,Oliver_Twist
Mr. Maylie,C,0,7,Oliver_Twist
Mr. Maylie,I,0,7,Oliver_Twist
Mr. Maylie,A,0,7,Oliver_Twist
Mr. Maylie,DC,0,7,Oliver_Twist
Mr. Maylie,DN,0,7,Oliver_Twist
Mr. Sikes,N,0,7,Oliver_Twist
Mr. Sikes,C,0,7,Oliver_Twist
Mr. Sikes,I,0,7,Oliver_Twist
Mr. Sikes,A,0,7,Oliver_Twist
Mr. Sikes,DC,0,7,Oliver_Twist
Mr. Sikes,DN,0,7,Oliver_Twist
Mr. Sowerberry,N,25,7,Oliver_Twist
Mr. Sowerberry,C,22,7,Oliver_Twist
Mr. Sowerberry,I,4,7,Oliver_Twist
Mr. Sowerberry,A,7,7,Oliver_Twist
Mr. Sowerberry,DC,4,7,Oliver_Twist
Mr. Sowerberry,DN,0,7,Oliver_Twist
Mrs. Bedwin,N,0,7,Oliver_Twist
Mrs. Bedwin,C,0,7,Oliver_Twist
Mrs. Bedwin,I,0,7,Oliver_Twist
Mrs. Bedwin,A,0,7,Oliver_Twist
Mrs. Bedwin,DC,0,7,Oliver_Twist
Mrs. Bedwin,DN,0,7,Oliver_Twist
Mrs. Bolter,N,0,7,Oliver_Twist
Mrs. Bolter,C,0,7,Oliver_Twist
Mrs. Bolter,I,0,7,Oliver_Twist
Mrs. Bolter,A,0,7,Oliver_Twist
Mrs. Bolter,DC,0,7,Oliver_Twist
Mrs. Bolter,DN,0,7,Oliver_Twist
Mrs. Corney,N,0,7,Oliver_Twist
Mrs. Corney,C,0,7,Oliver_Twist
Mrs. Corney,I,0,7,Oliver_Twist
Mrs. Corney,A,0,7,Oliver_Twist
Mrs. Corney,DC,0,7,Oliver_Twist
Mrs. Corney,DN,0,7,Oliver_Twist
Mrs. Mann,N,0,7,Oliver_Twist
Mrs. Mann,C,0,7,Oliver_Twist
Mrs. Mann,I,0,7,Oliver_Twist
Mrs. Mann,A,0,7,Oliver_Twist
Mrs. Mann,DC,0,7,Oliver_Twist
Mrs. Mann,DN,0,7,Oliver_Twist
Mrs. Maylie,N,0,7,Oliver_Twist
Mrs. Maylie,C,0,7,Oliver_Twist
Mrs. Maylie,I,0,7,Oliver_Twist
Mrs. Maylie,A,0,7,Oliver_Twist
Mrs. Maylie,DC,0,7,Oliver_Twist
Mrs. Maylie,DN,0,7,Oliver_Twist
Mrs. Sowerberry,N,12,7,Oliver_Twist
Mrs. Sowerberry,C,10,7,Oliver_Twist
Mrs. Sowerberry,I,5,7,Oliver_Twist
Mrs. Sowerberry,A,3,7,Oliver_Twist
Mrs. Sowerberry,DC,0,7,Oliver_Twist
Mrs. Sowerberry,DN,1,7,Oliver_Twist
Nancy,N,0,7,Oliver_Twist
Nancy,C,0,7,Oliver_Twist
Nancy,I,0,7,Oliver_Twist
Nancy,A,0,7,Oliver_Twist
Nancy,DC,0,7,Oliver_Twist
Nancy,DN,0,7,Oliver_Twist
Noah,N,14,7,Oliver_Twist
Noah,C,5,7,Oliver_Twist
Noah,I,3,7,Oliver_Twist
Noah,A,4,7,Oliver_Twist
Noah,DC,9,7,Oliver_Twist
Noah,DN,1,7,Oliver_Twist
Oliver,N,38,7,Oliver_Twist
Oliver,C,10,7,Oliver_Twist
Oliver,I,14,7,Oliver_Twist
Oliver,A,28,7,Oliver_Twist
Oliver,DC,8,7,Oliver_Twist
Oliver,DN,4,7,Oliver_Twist
Rose,N,0,7,Oliver_Twist
Rose,C,0,7,Oliver_Twist
Rose,I,0,7,Oliver_Twist
Rose,A,0,7,Oliver_Twist
Rose,DC,0,7,Oliver_Twist
Rose,DN,0,7,Oliver_Twist
Sikes,N,1,7,Oliver_Twist
Sikes,C,0,7,Oliver_Twist
Sikes,I,0,7,Oliver_Twist
Sikes,A,0,7,Oliver_Twist
Sikes,DC,1,7,Oliver_Twist
Sikes,DN,0,7,Oliver_Twist
Spyers,N,0,7,Oliver_Twist
Spyers,C,0,7,Oliver_Twist
Spyers,I,0,7,Oliver_Twist
Spyers,A,0,7,Oliver_Twist
Spyers,DC,0,7,Oliver_Twist
Spyers,DN,0,7,Oliver_Twist
The Jew,N,0,7,Oliver_Twist
The Jew,C,0,7,Oliver_Twist
The Jew,I,0,7,Oliver_Twist
The Jew,A,0,7,Oliver_Twist
The Jew,DC,0,7,Oliver_Twist
The Jew,DN,0,7,Oliver_Twist
Toby,N,0,7,Oliver_Twist
Toby,C,0,7,Oliver_Twist
Toby,I,0,7,Oliver_Twist
Toby,A,0,7,Oliver_Twist
Toby,DC,0,7,Oliver_Twist
Toby,DN,0,7,Oliver_Twist
Tom,N,0,7,Oliver_Twist
Tom,C,0,7,Oliver_Twist
Tom,I,0,7,Oliver_Twist
Tom,A,0,7,Oliver_Twist
Tom,DC,0,7,Oliver_Twist
Tom,DN,0,7,Oliver_Twist
Work’us,N,2,7,Oliver_Twist
Work’us,C,0,7,Oliver_Twist
Work’us,I,0,7,Oliver_Twist
Work’us,A,0,7,Oliver_Twist
Work’us,DC,1,7,Oliver_Twist
Work’us,DN,0,7,Oliver_Twist
old Sally,N,0,7,Oliver_Twist
old Sally,C,0,7,Oliver_Twist
old Sally,I,0,7,Oliver_Twist
old Sally,A,0,7,Oliver_Twist
old Sally,DC,0,7,Oliver_Twist
old Sally,DN,0,7,Oliver_Twist
the Clerkinwell Sessions,N,0,7,Oliver_Twist
the Clerkinwell Sessions,C,0,7,Oliver_Twist
the Clerkinwell Sessions,I,0,7,Oliver_Twist
the Clerkinwell Sessions,A,0,7,Oliver_Twist
the Clerkinwell Sessions,DC,0,7,Oliver_Twist
the Clerkinwell Sessions,DN,0,7,Oliver_Twist
the Cripples,N,0,7,Oliver_Twist
the Cripples,C,0,7,Oliver_Twist
the Cripples,I,0,7,Oliver_Twist
the Cripples,A,0,7,Oliver_Twist
the Cripples,DC,0,7,Oliver_Twist
the Cripples,DN,0,7,Oliver_Twist
the Dodger,N,0,7,Oliver_Twist
the Dodger,C,0,7,Oliver_Twist
the Dodger,I,0,7,Oliver_Twist
the Dodger,A,0,7,Oliver_Twist
the Dodger,DC,0,7,Oliver_Twist
the Dodger,DN,0,7,Oliver_Twist
Agnes,N,0,8,Oliver_Twist
Agnes,C,0,8,Oliver_Twist
Agnes,I,0,8,Oliver_Twist
Agnes,A,0,8,Oliver_Twist
Agnes,DC,0,8,Oliver_Twist
Agnes,DN,0,8,Oliver_Twist
Barney,N,0,8,Oliver_Twist
Barney,C,0,8,Oliver_Twist
Barney,I,0,8,Oliver_Twist
Barney,A,0,8,Oliver_Twist
Barney,DC,0,8,Oliver_Twist
Barney,DN,0,8,Oliver_Twist
Bet,N,0,8,Oliver_Twist
Bet,C,0,8,Oliver_Twist
Bet,I,0,8,Oliver_Twist
Bet,A,0,8,Oliver_Twist
Bet,DC,0,8,Oliver_Twist
Bet,DN,0,8,Oliver_Twist
Blathers,N,0,8,Oliver_Twist
Blathers,C,0,8,Oliver_Twist
Blathers,I,0,8,Oliver_Twist
Blathers,A,0,8,Oliver_Twist
Blathers,DC,0,8,Oliver_Twist
Blathers,DN,0,8,Oliver_Twist
Brittles,N,0,8,Oliver_Twist
Brittles,C,0,8,Oliver_Twist
Brittles,I,0,8,Oliver_Twist
Brittles,A,0,8,Oliver_Twist
Brittles,DC,0,8,Oliver_Twist
Brittles,DN,0,8,Oliver_Twist
Charlotte,N,11,8,Oliver_Twist
Charlotte,C,6,8,Oliver_Twist
Charlotte,I,2,8,Oliver_Twist
Charlotte,A,1,8,Oliver_Twist
Charlotte,DC,3,8,Oliver_Twist
Charlotte,DN,0,8,Oliver_Twist
Chickweed,N,0,8,Oliver_Twist
Chickweed,C,0,8,Oliver_Twist
Chickweed,I,0,8,Oliver_Twist
Chickweed,A,0,8,Oliver_Twist
Chickweed,DC,0,8,Oliver_Twist
Chickweed,DN,0,8,Oliver_Twist
Cod,N,0,8,Oliver_Twist
Cod,C,0,8,Oliver_Twist
Cod,I,0,8,Oliver_Twist
Cod,A,0,8,Oliver_Twist
Cod,DC,0,8,Oliver_Twist
Cod,DN,0,8,Oliver_Twist
Dick,N,0,8,Oliver_Twist
Dick,C,0,8,Oliver_Twist
Dick,I,0,8,Oliver_Twist
Dick,A,0,8,Oliver_Twist
Dick,DC,0,8,Oliver_Twist
Dick,DN,0,8,Oliver_Twist
Duff,N,0,8,Oliver_Twist
Duff,C,0,8,Oliver_Twist
Duff,I,0,8,Oliver_Twist
Duff,A,0,8,Oliver_Twist
Duff,DC,0,8,Oliver_Twist
Duff,DN,0,8,Oliver_Twist
Fagin,N,0,8,Oliver_Twist
Fagin,C,0,8,Oliver_Twist
Fagin,I,0,8,Oliver_Twist
Fagin,A,0,8,Oliver_Twist
Fagin,DC,0,8,Oliver_Twist
Fagin,DN,0,8,Oliver_Twist
Faguey,N,0,8,Oliver_Twist
Faguey,C,0,8,Oliver_Twist
Faguey,I,0,8,Oliver_Twist
Faguey,A,0,8,Oliver_Twist
Faguey,DC,0,8,Oliver_Twist
Faguey,DN,0,8,Oliver_Twist
God,N,0,8,Oliver_Twist
God,C,0,8,Oliver_Twist
God,I,0,8,Oliver_Twist
God,A,0,8,Oliver_Twist
God,DC,0,8,Oliver_Twist
God,DN,0,8,Oliver_Twist
Harry,N,0,8,Oliver_Twist
Harry,C,0,8,Oliver_Twist
Harry,I,0,8,Oliver_Twist
Harry,A,0,8,Oliver_Twist
Harry,DC,0,8,Oliver_Twist
Harry,DN,0,8,Oliver_Twist
Heaven,N,0,8,Oliver_Twist
Heaven,C,0,8,Oliver_Twist
Heaven,I,0,8,Oliver_Twist
Heaven,A,0,8,Oliver_Twist
Heaven,DC,0,8,Oliver_Twist
Heaven,DN,0,8,Oliver_Twist
Jack Dawkins,N,0,8,Oliver_Twist
Jack Dawkins,C,0,8,Oliver_Twist
Jack Dawkins,I,0,8,Oliver_Twist
Jack Dawkins,A,0,8,Oliver_Twist
Jack Dawkins,DC,0,8,Oliver_Twist
Jack Dawkins,DN,0,8,Oliver_Twist
Kags,N,0,8,Oliver_Twist
Kags,C,0,8,Oliver_Twist
Kags,I,0,8,Oliver_Twist
Kags,A,0,8,Oliver_Twist
Kags,DC,0,8,Oliver_Twist
Kags,DN,0,8,Oliver_Twist
Little Oliver,N,0,8,Oliver_Twist
Little Oliver,C,0,8,Oliver_Twist
Little Oliver,I,0,8,Oliver_Twist
Little Oliver,A,0,8,Oliver_Twist
Little Oliver,DC,0,8,Oliver_Twist
Little Oliver,DN,0,8,Oliver_Twist
Lor,N,1,8,Oliver_Twist
Lor,C,0,8,Oliver_Twist
Lor,I,0,8,Oliver_Twist
Lor,A,0,8,Oliver_Twist
Lor,DC,1,8,Oliver_Twist
Lor,DN,0,8,Oliver_Twist
Master Bates,N,0,8,Oliver_Twist
Master Bates,C,0,8,Oliver_Twist
Master Bates,I,0,8,Oliver_Twist
Master Bates,A,0,8,Oliver_Twist
Master Bates,DC,0,8,Oliver_Twist
Master Bates,DN,0,8,Oliver_Twist
Messrs. Blathers,N,0,8,Oliver_Twist
Messrs. Blathers,C,0,8,Oliver_Twist
Messrs. Blathers,I,0,8,Oliver_Twist
Messrs. Blathers,A,0,8,Oliver_Twist
Messrs. Blathers,DC,0,8,Oliver_Twist
Messrs. Blathers,DN,0,8,Oliver_Twist
Miss Maylie,N,0,8,Oliver_Twist
Miss Maylie,C,0,8,Oliver_Twist
Miss Maylie,I,0,8,Oliver_Twist
Miss Maylie,A,0,8,Oliver_Twist
Miss Maylie,DC,0,8,Oliver_Twist
Miss Maylie,DN,0,8,Oliver_Twist
Monks,N,0,8,Oliver_Twist
Monks,C,0,8,Oliver_Twist
Monks,I,0,8,Oliver_Twist
Monks,A,0,8,Oliver_Twist
Monks,DC,0,8,Oliver_Twist
Monks,DN,0,8,Oliver_Twist
Mr. Bolter,N,0,8,Oliver_Twist
Mr. Bolter,C,0,8,Oliver_Twist
Mr. Bolter,I,0,8,Oliver_Twist
Mr. Bolter,A,0,8,Oliver_Twist
Mr. Bolter,DC,0,8,Oliver_Twist
Mr. Bolter,DN,0,8,Oliver_Twist
Mr. Browlow,N,0,8,Oliver_Twist
Mr. Browlow,C,0,8,Oliver_Twist
Mr. Browlow,I,0,8,Oliver_Twist
Mr. Browlow,A,0,8,Oliver_Twist
Mr. Browlow,DC,0,8,Oliver_Twist
Mr. Browlow,DN,0,8,Oliver_Twist
Mr. Brownlow,N,0,8,Oliver_Twist
Mr. Brownlow,C,0,8,Oliver_Twist
Mr. Brownlow,I,0,8,Oliver_Twist
Mr. Brownlow,A,0,8,Oliver_Twist
Mr. Brownlow,DC,0,8,Oliver_Twist
Mr. Brownlow,DN,0,8,Oliver_Twist
Mr. Bumble,N,1,8,Oliver_Twist
Mr. Bumble,C,0,8,Oliver_Twist
Mr. Bumble,I,0,8,Oliver_Twist
Mr. Bumble,A,0,8,Oliver_Twist
Mr. Bumble,DC,1,8,Oliver_Twist
Mr. Bumble,DN,0,8,Oliver_Twist
Mr. Chitling,N,0,8,Oliver_Twist
Mr. Chitling,C,0,8,Oliver_Twist
Mr. Chitling,I,0,8,Oliver_Twist
Mr. Chitling,A,0,8,Oliver_Twist
Mr. Chitling,DC,0,8,Oliver_Twist
Mr. Chitling,DN,0,8,Oliver_Twist
Mr. Dawkins,N,0,8,Oliver_Twist
Mr. Dawkins,C,0,8,Oliver_Twist
Mr. Dawkins,I,0,8,Oliver_Twist
Mr. Dawkins,A,0,8,Oliver_Twist
Mr. Dawkins,DC,0,8,Oliver_Twist
Mr. Dawkins,DN,0,8,Oliver_Twist
Mr. Fang,N,0,8,Oliver_Twist
Mr. Fang,C,0,8,Oliver_Twist
Mr. Fang,I,0,8,Oliver_Twist
Mr. Fang,A,0,8,Oliver_Twist
Mr. Fang,DC,0,8,Oliver_Twist
Mr. Fang,DN,0,8,Oliver_Twist
Mr. Gamfield,N,0,8,Oliver_Twist
Mr. Gamfield,C,0,8,Oliver_Twist
Mr. Gamfield,I,0,8,Oliver_Twist
Mr. Gamfield,A,0,8,Oliver_Twist
Mr. Gamfield,DC,0,8,Oliver_Twist
Mr. Gamfield,DN,0,8,Oliver_Twist
Mr. Giles,N,0,8,Oliver_Twist
Mr. Giles,C,0,8,Oliver_Twist
Mr. Giles,I,0,8,Oliver_Twist
Mr. Giles,A,0,8,Oliver_Twist
Mr. Giles,DC,0,8,Oliver_Twist
Mr. Giles,DN,0,8,Oliver_Twist
Mr. Grimwig,N,0,8,Oliver_Twist
Mr. Grimwig,C,0,8,Oliver_Twist
Mr. Grimwig,I,0,8,Oliver_Twist
Mr. Grimwig,A,0,8,Oliver_Twist
Mr. Grimwig,DC,0,8,Oliver_Twist
Mr. Grimwig,DN,0,8,Oliver_Twist
Mr. Limbkins,N,0,8,Oliver_Twist
Mr. Limbkins,C,0,8,Oliver_Twist
Mr. Limbkins,I,0,8,Oliver_Twist
Mr. Limbkins,A,0,8,Oliver_Twist
Mr. Limbkins,DC,0,8,Oliver_Twist
Mr. Limbkins,DN,0,8,Oliver_Twist
Mr. Lively,N,0,8,Oliver_Twist
Mr. Lively,C,0,8,Oliver_Twist
Mr. Lively,I,0,8,Oliver_Twist
Mr. Lively,A,0,8,Oliver_Twist
Mr. Lively,DC,0,8,Oliver_Twist
Mr. Lively,DN,0,8,Oliver_Twist
Mr. Losberne,N,0,8,Oliver_Twist
Mr. Losberne,C,0,8,Oliver_Twist
Mr. Losberne,I,0,8,Oliver_Twist
Mr. Losberne,A,0,8,Oliver_Twist
Mr. Losberne,DC,0,8,Oliver_Twist
Mr. Losberne,DN,0,8,Oliver_Twist
Mr. Maylie,N,0,8,Oliver_Twist
Mr. Maylie,C,0,8,Oliver_Twist
Mr. Maylie,I,0,8,Oliver_Twist
Mr. Maylie,A,0,8,Oliver_Twist
Mr. Maylie,DC,0,8,Oliver_Twist
Mr. Maylie,DN,0,8,Oliver_Twist
Mr. Sikes,N,0,8,Oliver_Twist
Mr. Sikes,C,0,8,Oliver_Twist
Mr. Sikes,I,0,8,Oliver_Twist
Mr. Sikes,A,0,8,Oliver_Twist
Mr. Sikes,DC,0,8,Oliver_Twist
Mr. Sikes,DN,0,8,Oliver_Twist
Mr. Sowerberry,N,3,8,Oliver_Twist
Mr. Sowerberry,C,0,8,Oliver_Twist
Mr. Sowerberry,I,0,8,Oliver_Twist
Mr. Sowerberry,A,2,8,Oliver_Twist
Mr. Sowerberry,DC,0,8,Oliver_Twist
Mr. Sowerberry,DN,0,8,Oliver_Twist
Mrs. Bedwin,N,0,8,Oliver_Twist
Mrs. Bedwin,C,0,8,Oliver_Twist
Mrs. Bedwin,I,0,8,Oliver_Twist
Mrs. Bedwin,A,0,8,Oliver_Twist
Mrs. Bedwin,DC,0,8,Oliver_Twist
Mrs. Bedwin,DN,0,8,Oliver_Twist
Mrs. Bolter,N,0,8,Oliver_Twist
Mrs. Bolter,C,0,8,Oliver_Twist
Mrs. Bolter,I,0,8,Oliver_Twist
Mrs. Bolter,A,0,8,Oliver_Twist
Mrs. Bolter,DC,0,8,Oliver_Twist
Mrs. Bolter,DN,0,8,Oliver_Twist
Mrs. Corney,N,0,8,Oliver_Twist
Mrs. Corney,C,0,8,Oliver_Twist
Mrs. Corney,I,0,8,Oliver_Twist
Mrs. Corney,A,0,8,Oliver_Twist
Mrs. Corney,DC,0,8,Oliver_Twist
Mrs. Corney,DN,0,8,Oliver_Twist
Mrs. Mann,N,0,8,Oliver_Twist
Mrs. Mann,C,0,8,Oliver_Twist
Mrs. Mann,I,0,8,Oliver_Twist
Mrs. Mann,A,0,8,Oliver_Twist
Mrs. Mann,DC,0,8,Oliver_Twist
Mrs. Mann,DN,0,8,Oliver_Twist
Mrs. Maylie,N,0,8,Oliver_Twist
Mrs. Maylie,C,0,8,Oliver_Twist
Mrs. Maylie,I,0,8,Oliver_Twist
Mrs. Maylie,A,0,8,Oliver_Twist
Mrs. Maylie,DC,0,8,Oliver_Twist
Mrs. Maylie,DN,0,8,Oliver_Twist
Mrs. Sowerberry,N,8,8,Oliver_Twist
Mrs. Sowerberry,C,8,8,Oliver_Twist
Mrs. Sowerberry,I,1,8,Oliver_Twist
Mrs. Sowerberry,A,6,8,Oliver_Twist
Mrs. Sowerberry,DC,1,8,Oliver_Twist
Mrs. Sowerberry,DN,2,8,Oliver_Twist
Nancy,N,0,8,Oliver_Twist
Nancy,C,0,8,Oliver_Twist
Nancy,I,0,8,Oliver_Twist
Nancy,A,0,8,Oliver_Twist
Nancy,DC,0,8,Oliver_Twist
Nancy,DN,0,8,Oliver_Twist
Noah,N,27,8,Oliver_Twist
Noah,C,16,8,Oliver_Twist
Noah,I,1,8,Oliver_Twist
Noah,A,10,8,Oliver_Twist
Noah,DC,6,8,Oliver_Twist
Noah,DN,1,8,Oliver_Twist
Oliver,N,29,8,Oliver_Twist
Oliver,C,7,8,Oliver_Twist
Oliver,I,4,8,Oliver_Twist
Oliver,A,14,8,Oliver_Twist
Oliver,DC,6,8,Oliver_Twist
Oliver,DN,3,8,Oliver_Twist
Rose,N,0,8,Oliver_Twist
Rose,C,0,8,Oliver_Twist
Rose,I,0,8,Oliver_Twist
Rose,A,0,8,Oliver_Twist
Rose,DC,0,8,Oliver_Twist
Rose,DN,0,8,Oliver_Twist
Sikes,N,0,8,Oliver_Twist
Sikes,C,0,8,Oliver_Twist
Sikes,I,0,8,Oliver_Twist
Sikes,A,0,8,Oliver_Twist
Sikes,DC,0,8,Oliver_Twist
Sikes,DN,0,8,Oliver_Twist
Spyers,N,0,8,Oliver_Twist
Spyers,C,0,8,Oliver_Twist
Spyers,I,0,8,Oliver_Twist
Spyers,A,0,8,Oliver_Twist
Spyers,DC,0,8,Oliver_Twist
Spyers,DN,0,8,Oliver_Twist
The Jew,N,0,8,Oliver_Twist
The Jew,C,0,8,Oliver_Twist
The Jew,I,0,8,Oliver_Twist
The Jew,A,0,8,Oliver_Twist
The Jew,DC,0,8,Oliver_Twist
The Jew,DN,0,8,Oliver_Twist
Toby,N,0,8,Oliver_Twist
Toby,C,0,8,Oliver_Twist
Toby,I,0,8,Oliver_Twist
Toby,A,0,8,Oliver_Twist
Toby,DC,0,8,Oliver_Twist
Toby,DN,0,8,Oliver_Twist
Tom,N,0,8,Oliver_Twist
Tom,C,0,8,Oliver_Twist
Tom,I,0,8,Oliver_Twist
Tom,A,0,8,Oliver_Twist
Tom,DC,0,8,Oliver_Twist
Tom,DN,0,8,Oliver_Twist
Work’us,N,9,8,Oliver_Twist
Work’us,C,0,8,Oliver_Twist
Work’us,I,1,8,Oliver_Twist
Work’us,A,1,8,Oliver_Twist
Work’us,DC,10,8,Oliver_Twist
Work’us,DN,0,8,Oliver_Twist
old Sally,N,0,8,Oliver_Twist
old Sally,C,0,8,Oliver_Twist
old Sally,I,0,8,Oliver_Twist
old Sally,A,0,8,Oliver_Twist
old Sally,DC,0,8,Oliver_Twist
old Sally,DN,0,8,Oliver_Twist
the Clerkinwell Sessions,N,0,8,Oliver_Twist
the Clerkinwell Sessions,C,0,8,Oliver_Twist
the Clerkinwell Sessions,I,0,8,Oliver_Twist
the Clerkinwell Sessions,A,0,8,Oliver_Twist
the Clerkinwell Sessions,DC,0,8,Oliver_Twist
the Clerkinwell Sessions,DN,0,8,Oliver_Twist
the Cripples,N,0,8,Oliver_Twist
the Cripples,C,0,8,Oliver_Twist
the Cripples,I,0,8,Oliver_Twist
the Cripples,A,0,8,Oliver_Twist
the Cripples,DC,0,8,Oliver_Twist
the Cripples,DN,0,8,Oliver_Twist
the Dodger,N,0,8,Oliver_Twist
the Dodger,C,0,8,Oliver_Twist
the Dodger,I,0,8,Oliver_Twist
the Dodger,A,0,8,Oliver_Twist
the Dodger,DC,0,8,Oliver_Twist
the Dodger,DN,0,8,Oliver_Twist
Agnes,N,0,9,Oliver_Twist
Agnes,C,0,9,Oliver_Twist
Agnes,I,0,9,Oliver_Twist
Agnes,A,0,9,Oliver_Twist
Agnes,DC,0,9,Oliver_Twist
Agnes,DN,0,9,Oliver_Twist
Barney,N,0,9,Oliver_Twist
Barney,C,0,9,Oliver_Twist
Barney,I,0,9,Oliver_Twist
Barney,A,0,9,Oliver_Twist
Barney,DC,0,9,Oliver_Twist
Barney,DN,0,9,Oliver_Twist
Bet,N,0,9,Oliver_Twist
Bet,C,0,9,Oliver_Twist
Bet,I,0,9,Oliver_Twist
Bet,A,0,9,Oliver_Twist
Bet,DC,0,9,Oliver_Twist
Bet,DN,0,9,Oliver_Twist
Blathers,N,0,9,Oliver_Twist
Blathers,C,0,9,Oliver_Twist
Blathers,I,0,9,Oliver_Twist
Blathers,A,0,9,Oliver_Twist
Blathers,DC,0,9,Oliver_Twist
Blathers,DN,0,9,Oliver_Twist
Brittles,N,0,9,Oliver_Twist
Brittles,C,0,9,Oliver_Twist
Brittles,I,0,9,Oliver_Twist
Brittles,A,0,9,Oliver_Twist
Brittles,DC,0,9,Oliver_Twist
Brittles,DN,0,9,Oliver_Twist
Charlotte,N,3,9,Oliver_Twist
Charlotte,C,0,9,Oliver_Twist
Charlotte,I,0,9,Oliver_Twist
Charlotte,A,0,9,Oliver_Twist
Charlotte,DC,1,9,Oliver_Twist
Charlotte,DN,0,9,Oliver_Twist
Chickweed,N,0,9,Oliver_Twist
Chickweed,C,0,9,Oliver_Twist
Chickweed,I,0,9,Oliver_Twist
Chickweed,A,0,9,Oliver_Twist
Chickweed,DC,0,9,Oliver_Twist
Chickweed,DN,0,9,Oliver_Twist
Cod,N,0,9,Oliver_Twist
Cod,C,0,9,Oliver_Twist
Cod,I,0,9,Oliver_Twist
Cod,A,0,9,Oliver_Twist
Cod,DC,0,9,Oliver_Twist
Cod,DN,0,9,Oliver_Twist
Dick,N,4,9,Oliver_Twist
Dick,C,0,9,Oliver_Twist
Dick,I,1,9,Oliver_Twist
Dick,A,0,9,Oliver_Twist
Dick,DC,7,9,Oliver_Twist
Dick,DN,0,9,Oliver_Twist
Duff,N,0,9,Oliver_Twist
Duff,C,0,9,Oliver_Twist
Duff,I,0,9,Oliver_Twist
Duff,A,0,9,Oliver_Twist
Duff,DC,0,9,Oliver_Twist
Duff,DN,0,9,Oliver_Twist
Fagin,N,0,9,Oliver_Twist
Fagin,C,0,9,Oliver_Twist
Fagin,I,0,9,Oliver_Twist
Fagin,A,0,9,Oliver_Twist
Fagin,DC,0,9,Oliver_Twist
Fagin,DN,0,9,Oliver_Twist
Faguey,N,0,9,Oliver_Twist
Faguey,C,0,9,Oliver_Twist
Faguey,I,0,9,Oliver_Twist
Faguey,A,0,9,Oliver_Twist
Faguey,DC,0,9,Oliver_Twist
Faguey,DN,0,9,Oliver_Twist
God,N,1,9,Oliver_Twist
God,C,0,9,Oliver_Twist
God,I,0,9,Oliver_Twist
God,A,0,9,Oliver_Twist
God,DC,0,9,Oliver_Twist
God,DN,0,9,Oliver_Twist
Harry,N,0,9,Oliver_Twist
Harry,C,0,9,Oliver_Twist
Harry,I,0,9,Oliver_Twist
Harry,A,0,9,Oliver_Twist
Harry,DC,0,9,Oliver_Twist
Harry,DN,0,9,Oliver_Twist
Heaven,N,0,9,Oliver_Twist
Heaven,C,0,9,Oliver_Twist
Heaven,I,0,9,Oliver_Twist
Heaven,A,0,9,Oliver_Twist
Heaven,DC,0,9,Oliver_Twist
Heaven,DN,0,9,Oliver_Twist
Jack Dawkins,N,0,9,Oliver_Twist
Jack Dawkins,C,0,9,Oliver_Twist
Jack Dawkins,I,0,9,Oliver_Twist
Jack Dawkins,A,0,9,Oliver_Twist
Jack Dawkins,DC,0,9,Oliver_Twist
Jack Dawkins,DN,0,9,Oliver_Twist
Kags,N,0,9,Oliver_Twist
Kags,C,0,9,Oliver_Twist
Kags,I,0,9,Oliver_Twist
Kags,A,0,9,Oliver_Twist
Kags,DC,0,9,Oliver_Twist
Kags,DN,0,9,Oliver_Twist
Little Oliver,N,0,9,Oliver_Twist
Little Oliver,C,0,9,Oliver_Twist
Little Oliver,I,0,9,Oliver_Twist
Little Oliver,A,0,9,Oliver_Twist
Little Oliver,DC,0,9,Oliver_Twist
Little Oliver,DN,0,9,Oliver_Twist
Lor,N,0,9,Oliver_Twist
Lor,C,0,9,Oliver_Twist
Lor,I,0,9,Oliver_Twist
Lor,A,0,9,Oliver_Twist
Lor,DC,0,9,Oliver_Twist
Lor,DN,0,9,Oliver_Twist
Master Bates,N,0,9,Oliver_Twist
Master Bates,C,0,9,Oliver_Twist
Master Bates,I,0,9,Oliver_Twist
Master Bates,A,0,9,Oliver_Twist
Master Bates,DC,0,9,Oliver_Twist
Master Bates,DN,0,9,Oliver_Twist
Messrs. Blathers,N,0,9,Oliver_Twist
Messrs. Blathers,C,0,9,Oliver_Twist
Messrs. Blathers,I,0,9,Oliver_Twist
Messrs. Blathers,A,0,9,Oliver_Twist
Messrs. Blathers,DC,0,9,Oliver_Twist
Messrs. Blathers,DN,0,9,Oliver_Twist
Miss Maylie,N,0,9,Oliver_Twist
Miss Maylie,C,0,9,Oliver_Twist
Miss Maylie,I,0,9,Oliver_Twist
Miss Maylie,A,0,9,Oliver_Twist
Miss Maylie,DC,0,9,Oliver_Twist
Miss Maylie,DN,0,9,Oliver_Twist
Monks,N,0,9,Oliver_Twist
Monks,C,0,9,Oliver_Twist
Monks,I,0,9,Oliver_Twist
Monks,A,0,9,Oliver_Twist
Monks,DC,0,9,Oliver_Twist
Monks,DN,0,9,Oliver_Twist
Mr. Bolter,N,0,9,Oliver_Twist
Mr. Bolter,C,0,9,Oliver_Twist
Mr. Bolter,I,0,9,Oliver_Twist
Mr. Bolter,A,0,9,Oliver_Twist
Mr. Bolter,DC,0,9,Oliver_Twist
Mr. Bolter,DN,0,9,Oliver_Twist
Mr. Browlow,N,0,9,Oliver_Twist
Mr. Browlow,C,0,9,Oliver_Twist
Mr. Browlow,I,0,9,Oliver_Twist
Mr. Browlow,A,0,9,Oliver_Twist
Mr. Browlow,DC,0,9,Oliver_Twist
Mr. Browlow,DN,0,9,Oliver_Twist
Mr. Brownlow,N,0,9,Oliver_Twist
Mr. Brownlow,C,0,9,Oliver_Twist
Mr. Brownlow,I,0,9,Oliver_Twist
Mr. Brownlow,A,0,9,Oliver_Twist
Mr. Brownlow,DC,0,9,Oliver_Twist
Mr. Brownlow,DN,0,9,Oliver_Twist
Mr. Bumble,N,27,9,Oliver_Twist
Mr. Bumble,C,14,9,Oliver_Twist
Mr. Bumble,I,5,9,Oliver_Twist
Mr. Bumble,A,4,9,Oliver_Twist
Mr. Bumble,DC,7,9,Oliver_Twist
Mr. Bumble,DN,0,9,Oliver_Twist
Mr. Chitling,N,0,9,Oliver_Twist
Mr. Chitling,C,0,9,Oliver_Twist
Mr. Chitling,I,0,9,Oliver_Twist
Mr. Chitling,A,0,9,Oliver_Twist
Mr. Chitling,DC,0,9,Oliver_Twist
Mr. Chitling,DN,0,9,Oliver_Twist
Mr. Dawkins,N,0,9,Oliver_Twist
Mr. Dawkins,C,0,9,Oliver_Twist
Mr. Dawkins,I,0,9,Oliver_Twist
Mr. Dawkins,A,0,9,Oliver_Twist
Mr. Dawkins,DC,0,9,Oliver_Twist
Mr. Dawkins,DN,0,9,Oliver_Twist
Mr. Fang,N,0,9,Oliver_Twist
Mr. Fang,C,0,9,Oliver_Twist
Mr. Fang,I,0,9,Oliver_Twist
Mr. Fang,A,0,9,Oliver_Twist
Mr. Fang,DC,0,9,Oliver_Twist
Mr. Fang,DN,0,9,Oliver_Twist
Mr. Gamfield,N,0,9,Oliver_Twist
Mr. Gamfield,C,0,9,Oliver_Twist
Mr. Gamfield,I,0,9,Oliver_Twist
Mr. Gamfield,A,0,9,Oliver_Twist
Mr. Gamfield,DC,0,9,Oliver_Twist
Mr. Gamfield,DN,0,9,Oliver_Twist
Mr. Giles,N,0,9,Oliver_Twist
Mr. Giles,C,0,9,Oliver_Twist
Mr. Giles,I,0,9,Oliver_Twist
Mr. Giles,A,0,9,Oliver_Twist
Mr. Giles,DC,0,9,Oliver_Twist
Mr. Giles,DN,0,9,Oliver_Twist
Mr. Grimwig,N,0,9,Oliver_Twist
Mr. Grimwig,C,0,9,Oliver_Twist
Mr. Grimwig,I,0,9,Oliver_Twist
Mr. Grimwig,A,0,9,Oliver_Twist
Mr. Grimwig,DC,0,9,Oliver_Twist
Mr. Grimwig,DN,0,9,Oliver_Twist
Mr. Limbkins,N,0,9,Oliver_Twist
Mr. Limbkins,C,0,9,Oliver_Twist
Mr. Limbkins,I,0,9,Oliver_Twist
Mr. Limbkins,A,0,9,Oliver_Twist
Mr. Limbkins,DC,0,9,Oliver_Twist
Mr. Limbkins,DN,0,9,Oliver_Twist
Mr. Lively,N,0,9,Oliver_Twist
Mr. Lively,C,0,9,Oliver_Twist
Mr. Lively,I,0,9,Oliver_Twist
Mr. Lively,A,0,9,Oliver_Twist
Mr. Lively,DC,0,9,Oliver_Twist
Mr. Lively,DN,0,9,Oliver_Twist
Mr. Losberne,N,0,9,Oliver_Twist
Mr. Losberne,C,0,9,Oliver_Twist
Mr. Losberne,I,0,9,Oliver_Twist
Mr. Losberne,A,0,9,Oliver_Twist
Mr. Losberne,DC,0,9,Oliver_Twist
Mr. Losberne,DN,0,9,Oliver_Twist
Mr. Maylie,N,0,9,Oliver_Twist
Mr. Maylie,C,0,9,Oliver_Twist
Mr. Maylie,I,0,9,Oliver_Twist
Mr. Maylie,A,0,9,Oliver_Twist
Mr. Maylie,DC,0,9,Oliver_Twist
Mr. Maylie,DN,0,9,Oliver_Twist
Mr. Sikes,N,0,9,Oliver_Twist
Mr. Sikes,C,0,9,Oliver_Twist
Mr. Sikes,I,0,9,Oliver_Twist
Mr. Sikes,A,0,9,Oliver_Twist
Mr. Sikes,DC,0,9,Oliver_Twist
Mr. Sikes,DN,0,9,Oliver_Twist
Mr. Sowerberry,N,1,9,Oliver_Twist
Mr. Sowerberry,C,0,9,Oliver_Twist
Mr. Sowerberry,I,0,9,Oliver_Twist
Mr. Sowerberry,A,1,9,Oliver_Twist
Mr. Sowerberry,DC,0,9,Oliver_Twist
Mr. Sowerberry,DN,0,9,Oliver_Twist
Mrs. Bedwin,N,0,9,Oliver_Twist
Mrs. Bedwin,C,0,9,Oliver_Twist
Mrs. Bedwin,I,0,9,Oliver_Twist
Mrs. Bedwin,A,0,9,Oliver_Twist
Mrs. Bedwin,DC,0,9,Oliver_Twist
Mrs. Bedwin,DN,0,9,Oliver_Twist
Mrs. Bolter,N,0,9,Oliver_Twist
Mrs. Bolter,C,0,9,Oliver_Twist
Mrs. Bolter,I,0,9,Oliver_Twist
Mrs. Bolter,A,0,9,Oliver_Twist
Mrs. Bolter,DC,0,9,Oliver_Twist
Mrs. Bolter,DN,0,9,Oliver_Twist
Mrs. Corney,N,0,9,Oliver_Twist
Mrs. Corney,C,0,9,Oliver_Twist
Mrs. Corney,I,0,9,Oliver_Twist
Mrs. Corney,A,0,9,Oliver_Twist
Mrs. Corney,DC,0,9,Oliver_Twist
Mrs. Corney,DN,0,9,Oliver_Twist
Mrs. Mann,N,0,9,Oliver_Twist
Mrs. Mann,C,0,9,Oliver_Twist
Mrs. Mann,I,0,9,Oliver_Twist
Mrs. Mann,A,0,9,Oliver_Twist
Mrs. Mann,DC,0,9,Oliver_Twist
Mrs. Mann,DN,0,9,Oliver_Twist
Mrs. Maylie,N,0,9,Oliver_Twist
Mrs. Maylie,C,0,9,Oliver_Twist
Mrs. Maylie,I,0,9,Oliver_Twist
Mrs. Maylie,A,0,9,Oliver_Twist
Mrs. Maylie,DC,0,9,Oliver_Twist
Mrs. Maylie,DN,0,9,Oliver_Twist
Mrs. Sowerberry,N,16,9,Oliver_Twist
Mrs. Sowerberry,C,8,9,Oliver_Twist
Mrs. Sowerberry,I,0,9,Oliver_Twist
Mrs. Sowerberry,A,4,9,Oliver_Twist
Mrs. Sowerberry,DC,2,9,Oliver_Twist
Mrs. Sowerberry,DN,1,9,Oliver_Twist
Nancy,N,0,9,Oliver_Twist
Nancy,C,0,9,Oliver_Twist
Nancy,I,0,9,Oliver_Twist
Nancy,A,0,9,Oliver_Twist
Nancy,DC,0,9,Oliver_Twist
Nancy,DN,0,9,Oliver_Twist
Noah,N,15,9,Oliver_Twist
Noah,C,10,9,Oliver_Twist
Noah,I,3,9,Oliver_Twist
Noah,A,7,9,Oliver_Twist
Noah,DC,2,9,Oliver_Twist
Noah,DN,1,9,Oliver_Twist
Oliver,N,30,9,Oliver_Twist
Oliver,C,13,9,Oliver_Twist
Oliver,I,16,9,Oliver_Twist
Oliver,A,32,9,Oliver_Twist
Oliver,DC,11,9,Oliver_Twist
Oliver,DN,2,9,Oliver_Twist
Rose,N,0,9,Oliver_Twist
Rose,C,0,9,Oliver_Twist
Rose,I,0,9,Oliver_Twist
Rose,A,0,9,Oliver_Twist
Rose,DC,0,9,Oliver_Twist
Rose,DN,0,9,Oliver_Twist
Sikes,N,0,9,Oliver_Twist
Sikes,C,0,9,Oliver_Twist
Sikes,I,0,9,Oliver_Twist
Sikes,A,0,9,Oliver_Twist
Sikes,DC,0,9,Oliver_Twist
Sikes,DN,0,9,Oliver_Twist
Spyers,N,0,9,Oliver_Twist
Spyers,C,0,9,Oliver_Twist
Spyers,I,0,9,Oliver_Twist
Spyers,A,0,9,Oliver_Twist
Spyers,DC,0,9,Oliver_Twist
Spyers,DN,0,9,Oliver_Twist
The Jew,N,0,9,Oliver_Twist
The Jew,C,0,9,Oliver_Twist
The Jew,I,0,9,Oliver_Twist
The Jew,A,0,9,Oliver_Twist
The Jew,DC,0,9,Oliver_Twist
The Jew,DN,0,9,Oliver_Twist
Toby,N,0,9,Oliver_Twist
Toby,C,0,9,Oliver_Twist
Toby,I,0,9,Oliver_Twist
Toby,A,0,9,Oliver_Twist
Toby,DC,0,9,Oliver_Twist
Toby,DN,0,9,Oliver_Twist
Tom,N,0,9,Oliver_Twist
Tom,C,0,9,Oliver_Twist
Tom,I,0,9,Oliver_Twist
Tom,A,0,9,Oliver_Twist
Tom,DC,0,9,Oliver_Twist
Tom,DN,0,9,Oliver_Twist
Work’us,N,0,9,Oliver_Twist
Work’us,C,0,9,Oliver_Twist
Work’us,I,0,9,Oliver_Twist
Work’us,A,0,9,Oliver_Twist
Work’us,DC,0,9,Oliver_Twist
Work’us,DN,0,9,Oliver_Twist
old Sally,N,0,9,Oliver_Twist
old Sally,C,0,9,Oliver_Twist
old Sally,I,0,9,Oliver_Twist
old Sally,A,0,9,Oliver_Twist
old Sally,DC,0,9,Oliver_Twist
old Sally,DN,0,9,Oliver_Twist
the Clerkinwell Sessions,N,0,9,Oliver_Twist
the Clerkinwell Sessions,C,0,9,Oliver_Twist
the Clerkinwell Sessions,I,0,9,Oliver_Twist
the Clerkinwell Sessions,A,0,9,Oliver_Twist
the Clerkinwell Sessions,DC,0,9,Oliver_Twist
the Clerkinwell Sessions,DN,0,9,Oliver_Twist
the Cripples,N,0,9,Oliver_Twist
the Cripples,C,0,9,Oliver_Twist
the Cripples,I,0,9,Oliver_Twist
the Cripples,A,0,9,Oliver_Twist
the Cripples,DC,0,9,Oliver_Twist
the Cripples,DN,0,9,Oliver_Twist
the Dodger,N,0,9,Oliver_Twist
the Dodger,C,0,9,Oliver_Twist
the Dodger,I,0,9,Oliver_Twist
the Dodger,A,0,9,Oliver_Twist
the Dodger,DC,0,9,Oliver_Twist
the Dodger,DN,0,9,Oliver_Twist
Agnes,N,0,10,Oliver_Twist
Agnes,C,0,10,Oliver_Twist
Agnes,I,0,10,Oliver_Twist
Agnes,A,0,10,Oliver_Twist
Agnes,DC,0,10,Oliver_Twist
Agnes,DN,0,10,Oliver_Twist
Barney,N,0,10,Oliver_Twist
Barney,C,0,10,Oliver_Twist
Barney,I,0,10,Oliver_Twist
Barney,A,0,10,Oliver_Twist
Barney,DC,0,10,Oliver_Twist
Barney,DN,0,10,Oliver_Twist
Bet,N,0,10,Oliver_Twist
Bet,C,0,10,Oliver_Twist
Bet,I,0,10,Oliver_Twist
Bet,A,0,10,Oliver_Twist
Bet,DC,0,10,Oliver_Twist
Bet,DN,0,10,Oliver_Twist
Blathers,N,0,10,Oliver_Twist
Blathers,C,0,10,Oliver_Twist
Blathers,I,0,10,Oliver_Twist
Blathers,A,0,10,Oliver_Twist
Blathers,DC,0,10,Oliver_Twist
Blathers,DN,0,10,Oliver_Twist
Brittles,N,0,10,Oliver_Twist
Brittles,C,0,10,Oliver_Twist
Brittles,I,0,10,Oliver_Twist
Brittles,A,0,10,Oliver_Twist
Brittles,DC,0,10,Oliver_Twist
Brittles,DN,0,10,Oliver_Twist
Charlotte,N,0,10,Oliver_Twist
Charlotte,C,0,10,Oliver_Twist
Charlotte,I,0,10,Oliver_Twist
Charlotte,A,0,10,Oliver_Twist
Charlotte,DC,0,10,Oliver_Twist
Charlotte,DN,0,10,Oliver_Twist
Chickweed,N,0,10,Oliver_Twist
Chickweed,C,0,10,Oliver_Twist
Chickweed,I,0,10,Oliver_Twist
Chickweed,A,0,10,Oliver_Twist
Chickweed,DC,0,10,Oliver_Twist
Chickweed,DN,0,10,Oliver_Twist
Cod,N,0,10,Oliver_Twist
Cod,C,0,10,Oliver_Twist
Cod,I,0,10,Oliver_Twist
Cod,A,0,10,Oliver_Twist
Cod,DC,0,10,Oliver_Twist
Cod,DN,0,10,Oliver_Twist
Dick,N,0,10,Oliver_Twist
Dick,C,0,10,Oliver_Twist
Dick,I,0,10,Oliver_Twist
Dick,A,0,10,Oliver_Twist
Dick,DC,0,10,Oliver_Twist
Dick,DN,0,10,Oliver_Twist
Duff,N,0,10,Oliver_Twist
Duff,C,0,10,Oliver_Twist
Duff,I,0,10,Oliver_Twist
Duff,A,0,10,Oliver_Twist
Duff,DC,0,10,Oliver_Twist
Duff,DN,0,10,Oliver_Twist
Fagin,N,2,10,Oliver_Twist
Fagin,C,0,10,Oliver_Twist
Fagin,I,0,10,Oliver_Twist
Fagin,A,0,10,Oliver_Twist
Fagin,DC,1,10,Oliver_Twist
Fagin,DN,0,10,Oliver_Twist
Faguey,N,0,10,Oliver_Twist
Faguey,C,0,10,Oliver_Twist
Faguey,I,0,10,Oliver_Twist
Faguey,A,0,10,Oliver_Twist
Faguey,DC,0,10,Oliver_Twist
Faguey,DN,0,10,Oliver_Twist
God,N,0,10,Oliver_Twist
God,C,0,10,Oliver_Twist
God,I,0,10,Oliver_Twist
God,A,0,10,Oliver_Twist
God,DC,0,10,Oliver_Twist
God,DN,0,10,Oliver_Twist
Harry,N,0,10,Oliver_Twist
Harry,C,0,10,Oliver_Twist
Harry,I,0,10,Oliver_Twist
Harry,A,0,10,Oliver_Twist
Harry,DC,0,10,Oliver_Twist
Harry,DN,0,10,Oliver_Twist
Heaven,N,0,10,Oliver_Twist
Heaven,C,0,10,Oliver_Twist
Heaven,I,0,10,Oliver_Twist
Heaven,A,0,10,Oliver_Twist
Heaven,DC,0,10,Oliver_Twist
Heaven,DN,0,10,Oliver_Twist
Jack Dawkins,N,3,10,Oliver_Twist
Jack Dawkins,C,3,10,Oliver_Twist
Jack Dawkins,I,0,10,Oliver_Twist
Jack Dawkins,A,0,10,Oliver_Twist
Jack Dawkins,DC,0,10,Oliver_Twist
Jack Dawkins,DN,0,10,Oliver_Twist
Kags,N,0,10,Oliver_Twist
Kags,C,0,10,Oliver_Twist
Kags,I,0,10,Oliver_Twist
Kags,A,0,10,Oliver_Twist
Kags,DC,0,10,Oliver_Twist
Kags,DN,0,10,Oliver_Twist
Little Oliver,N,0,10,Oliver_Twist
Little Oliver,C,0,10,Oliver_Twist
Little Oliver,I,0,10,Oliver_Twist
Little Oliver,A,0,10,Oliver_Twist
Little Oliver,DC,0,10,Oliver_Twist
Little Oliver,DN,0,10,Oliver_Twist
Lor,N,0,10,Oliver_Twist
Lor,C,0,10,Oliver_Twist
Lor,I,0,10,Oliver_Twist
Lor,A,0,10,Oliver_Twist
Lor,DC,0,10,Oliver_Twist
Lor,DN,0,10,Oliver_Twist
Master Bates,N,0,10,Oliver_Twist
Master Bates,C,0,10,Oliver_Twist
Master Bates,I,0,10,Oliver_Twist
Master Bates,A,0,10,Oliver_Twist
Master Bates,DC,0,10,Oliver_Twist
Master Bates,DN,0,10,Oliver_Twist
Messrs. Blathers,N,0,10,Oliver_Twist
Messrs. Blathers,C,0,10,Oliver_Twist
Messrs. Blathers,I,0,10,Oliver_Twist
Messrs. Blathers,A,0,10,Oliver_Twist
Messrs. Blathers,DC,0,10,Oliver_Twist
Messrs. Blathers,DN,0,10,Oliver_Twist
Miss Maylie,N,0,10,Oliver_Twist
Miss Maylie,C,0,10,Oliver_Twist
Miss Maylie,I,0,10,Oliver_Twist
Miss Maylie,A,0,10,Oliver_Twist
Miss Maylie,DC,0,10,Oliver_Twist
Miss Maylie,DN,0,10,Oliver_Twist
Monks,N,0,10,Oliver_Twist
Monks,C,0,10,Oliver_Twist
Monks,I,0,10,Oliver_Twist
Monks,A,0,10,Oliver_Twist
Monks,DC,0,10,Oliver_Twist
Monks,DN,0,10,Oliver_Twist
Mr. Bolter,N,0,10,Oliver_Twist
Mr. Bolter,C,0,10,Oliver_Twist
Mr. Bolter,I,0,10,Oliver_Twist
Mr. Bolter,A,0,10,Oliver_Twist
Mr. Bolter,DC,0,10,Oliver_Twist
Mr. Bolter,DN,0,10,Oliver_Twist
Mr. Browlow,N,0,10,Oliver_Twist
Mr. Browlow,C,0,10,Oliver_Twist
Mr. Browlow,I,0,10,Oliver_Twist
Mr. Browlow,A,0,10,Oliver_Twist
Mr. Browlow,DC,0,10,Oliver_Twist
Mr. Browlow,DN,0,10,Oliver_Twist
Mr. Brownlow,N,0,10,Oliver_Twist
Mr. Brownlow,C,0,10,Oliver_Twist
Mr. Brownlow,I,0,10,Oliver_Twist
Mr. Brownlow,A,0,10,Oliver_Twist
Mr. Brownlow,DC,0,10,Oliver_Twist
Mr. Brownlow,DN,0,10,Oliver_Twist
Mr. Bumble,N,1,10,Oliver_Twist
Mr. Bumble,C,0,10,Oliver_Twist
Mr. Bumble,I,0,10,Oliver_Twist
Mr. Bumble,A,0,10,Oliver_Twist
Mr. Bumble,DC,0,10,Oliver_Twist
Mr. Bumble,DN,0,10,Oliver_Twist
Mr. Chitling,N,0,10,Oliver_Twist
Mr. Chitling,C,0,10,Oliver_Twist
Mr. Chitling,I,0,10,Oliver_Twist
Mr. Chitling,A,0,10,Oliver_Twist
Mr. Chitling,DC,0,10,Oliver_Twist
Mr. Chitling,DN,0,10,Oliver_Twist
Mr. Dawkins,N,2,10,Oliver_Twist
Mr. Dawkins,C,0,10,Oliver_Twist
Mr. Dawkins,I,0,10,Oliver_Twist
Mr. Dawkins,A,0,10,Oliver_Twist
Mr. Dawkins,DC,0,10,Oliver_Twist
Mr. Dawkins,DN,0,10,Oliver_Twist
Mr. Fang,N,0,10,Oliver_Twist
Mr. Fang,C,0,10,Oliver_Twist
Mr. Fang,I,0,10,Oliver_Twist
Mr. Fang,A,0,10,Oliver_Twist
Mr. Fang,DC,0,10,Oliver_Twist
Mr. Fang,DN,0,10,Oliver_Twist
Mr. Gamfield,N,0,10,Oliver_Twist
Mr. Gamfield,C,0,10,Oliver_Twist
Mr. Gamfield,I,0,10,Oliver_Twist
Mr. Gamfield,A,0,10,Oliver_Twist
Mr. Gamfield,DC,0,10,Oliver_Twist
Mr. Gamfield,DN,0,10,Oliver_Twist
Mr. Giles,N,0,10,Oliver_Twist
Mr. Giles,C,0,10,Oliver_Twist
Mr. Giles,I,0,10,Oliver_Twist
Mr. Giles,A,0,10,Oliver_Twist
Mr. Giles,DC,0,10,Oliver_Twist
Mr. Giles,DN,0,10,Oliver_Twist
Mr. Grimwig,N,0,10,Oliver_Twist
Mr. Grimwig,C,0,10,Oliver_Twist
Mr. Grimwig,I,0,10,Oliver_Twist
Mr. Grimwig,A,0,10,Oliver_Twist
Mr. Grimwig,DC,0,10,Oliver_Twist
Mr. Grimwig,DN,0,10,Oliver_Twist
Mr. Limbkins,N,0,10,Oliver_Twist
Mr. Limbkins,C,0,10,Oliver_Twist
Mr. Limbkins,I,0,10,Oliver_Twist
Mr. Limbkins,A,0,10,Oliver_Twist
Mr. Limbkins,DC,0,10,Oliver_Twist
Mr. Limbkins,DN,0,10,Oliver_Twist
Mr. Lively,N,0,10,Oliver_Twist
Mr. Lively,C,0,10,Oliver_Twist
Mr. Lively,I,0,10,Oliver_Twist
Mr. Lively,A,0,10,Oliver_Twist
Mr. Lively,DC,0,10,Oliver_Twist
Mr. Lively,DN,0,10,Oliver_Twist
Mr. Losberne,N,0,10,Oliver_Twist
Mr. Losberne,C,0,10,Oliver_Twist
Mr. Losberne,I,0,10,Oliver_Twist
Mr. Losberne,A,0,10,Oliver_Twist
Mr. Losberne,DC,0,10,Oliver_Twist
Mr. Losberne,DN,0,10,Oliver_Twist
Mr. Maylie,N,0,10,Oliver_Twist
Mr. Maylie,C,0,10,Oliver_Twist
Mr. Maylie,I,0,10,Oliver_Twist
Mr. Maylie,A,0,10,Oliver_Twist
Mr. Maylie,DC,0,10,Oliver_Twist
Mr. Maylie,DN,0,10,Oliver_Twist
Mr. Sikes,N,0,10,Oliver_Twist
Mr. Sikes,C,0,10,Oliver_Twist
Mr. Sikes,I,0,10,Oliver_Twist
Mr. Sikes,A,0,10,Oliver_Twist
Mr. Sikes,DC,0,10,Oliver_Twist
Mr. Sikes,DN,0,10,Oliver_Twist
Mr. Sowerberry,N,0,10,Oliver_Twist
Mr. Sowerberry,C,0,10,Oliver_Twist
Mr. Sowerberry,I,0,10,Oliver_Twist
Mr. Sowerberry,A,0,10,Oliver_Twist
Mr. Sowerberry,DC,0,10,Oliver_Twist
Mr. Sowerberry,DN,0,10,Oliver_Twist
Mrs. Bedwin,N,0,10,Oliver_Twist
Mrs. Bedwin,C,0,10,Oliver_Twist
Mrs. Bedwin,I,0,10,Oliver_Twist
Mrs. Bedwin,A,0,10,Oliver_Twist
Mrs. Bedwin,DC,0,10,Oliver_Twist
Mrs. Bedwin,DN,0,10,Oliver_Twist
Mrs. Bolter,N,0,10,Oliver_Twist
Mrs. Bolter,C,0,10,Oliver_Twist
Mrs. Bolter,I,0,10,Oliver_Twist
Mrs. Bolter,A,0,10,Oliver_Twist
Mrs. Bolter,DC,0,10,Oliver_Twist
Mrs. Bolter,DN,0,10,Oliver_Twist
Mrs. Corney,N,0,10,Oliver_Twist
Mrs. Corney,C,0,10,Oliver_Twist
Mrs. Corney,I,0,10,Oliver_Twist
Mrs. Corney,A,0,10,Oliver_Twist
Mrs. Corney,DC,0,10,Oliver_Twist
Mrs. Corney,DN,0,10,Oliver_Twist
Mrs. Mann,N,0,10,Oliver_Twist
Mrs. Mann,C,0,10,Oliver_Twist
Mrs. Mann,I,0,10,Oliver_Twist
Mrs. Mann,A,0,10,Oliver_Twist
Mrs. Mann,DC,0,10,Oliver_Twist
Mrs. Mann,DN,0,10,Oliver_Twist
Mrs. Maylie,N,0,10,Oliver_Twist
Mrs. Maylie,C,0,10,Oliver_Twist
Mrs. Maylie,I,0,10,Oliver_Twist
Mrs. Maylie,A,0,10,Oliver_Twist
Mrs. Maylie,DC,0,10,Oliver_Twist
Mrs. Maylie,DN,0,10,Oliver_Twist
Mrs. Sowerberry,N,0,10,Oliver_Twist
Mrs. Sowerberry,C,0,10,Oliver_Twist
Mrs. Sowerberry,I,0,10,Oliver_Twist
Mrs. Sowerberry,A,0,10,Oliver_Twist
Mrs. Sowerberry,DC,0,10,Oliver_Twist
Mrs. Sowerberry,DN,0,10,Oliver_Twist
Nancy,N,0,10,Oliver_Twist
Nancy,C,0,10,Oliver_Twist
Nancy,I,0,10,Oliver_Twist
Nancy,A,0,10,Oliver_Twist
Nancy,DC,0,10,Oliver_Twist
Nancy,DN,0,10,Oliver_Twist
Noah,N,0,10,Oliver_Twist
Noah,C,0,10,Oliver_Twist
Noah,I,0,10,Oliver_Twist
Noah,A,0,10,Oliver_Twist
Noah,DC,0,10,Oliver_Twist
Noah,DN,0,10,Oliver_Twist
Oliver,N,40,10,Oliver_Twist
Oliver,C,9,10,Oliver_Twist
Oliver,I,31,10,Oliver_Twist
Oliver,A,57,10,Oliver_Twist
Oliver,DC,2,10,Oliver_Twist
Oliver,DN,5,10,Oliver_Twist
Rose,N,0,10,Oliver_Twist
Rose,C,0,10,Oliver_Twist
Rose,I,0,10,Oliver_Twist
Rose,A,0,10,Oliver_Twist
Rose,DC,0,10,Oliver_Twist
Rose,DN,0,10,Oliver_Twist
Sikes,N,0,10,Oliver_Twist
Sikes,C,0,10,Oliver_Twist
Sikes,I,0,10,Oliver_Twist
Sikes,A,0,10,Oliver_Twist
Sikes,DC,0,10,Oliver_Twist
Sikes,DN,0,10,Oliver_Twist
Spyers,N,0,10,Oliver_Twist
Spyers,C,0,10,Oliver_Twist
Spyers,I,0,10,Oliver_Twist
Spyers,A,0,10,Oliver_Twist
Spyers,DC,0,10,Oliver_Twist
Spyers,DN,0,10,Oliver_Twist
The Jew,N,0,10,Oliver_Twist
The Jew,C,0,10,Oliver_Twist
The Jew,I,0,10,Oliver_Twist
The Jew,A,0,10,Oliver_Twist
The Jew,DC,0,10,Oliver_Twist
The Jew,DN,0,10,Oliver_Twist
Toby,N,0,10,Oliver_Twist
Toby,C,0,10,Oliver_Twist
Toby,I,0,10,Oliver_Twist
Toby,A,0,10,Oliver_Twist
Toby,DC,0,10,Oliver_Twist
Toby,DN,0,10,Oliver_Twist
Tom,N,0,10,Oliver_Twist
Tom,C,0,10,Oliver_Twist
Tom,I,0,10,Oliver_Twist
Tom,A,0,10,Oliver_Twist
Tom,DC,0,10,Oliver_Twist
Tom,DN,0,10,Oliver_Twist
Work’us,N,0,10,Oliver_Twist
Work’us,C,0,10,Oliver_Twist
Work’us,I,0,10,Oliver_Twist
Work’us,A,0,10,Oliver_Twist
Work’us,DC,0,10,Oliver_Twist
Work’us,DN,0,10,Oliver_Twist
old Sally,N,0,10,Oliver_Twist
old Sally,C,0,10,Oliver_Twist
old Sally,I,0,10,Oliver_Twist
old Sally,A,0,10,Oliver_Twist
old Sally,DC,0,10,Oliver_Twist
old Sally,DN,0,10,Oliver_Twist
the Clerkinwell Sessions,N,0,10,Oliver_Twist
the Clerkinwell Sessions,C,0,10,Oliver_Twist
the Clerkinwell Sessions,I,0,10,Oliver_Twist
the Clerkinwell Sessions,A,0,10,Oliver_Twist
the Clerkinwell Sessions,DC,0,10,Oliver_Twist
the Clerkinwell Sessions,DN,0,10,Oliver_Twist
the Cripples,N,0,10,Oliver_Twist
the Cripples,C,0,10,Oliver_Twist
the Cripples,I,0,10,Oliver_Twist
the Cripples,A,0,10,Oliver_Twist
the Cripples,DC,0,10,Oliver_Twist
the Cripples,DN,0,10,Oliver_Twist
the Dodger,N,2,10,Oliver_Twist
the Dodger,C,0,10,Oliver_Twist
the Dodger,I,1,10,Oliver_Twist
the Dodger,A,1,10,Oliver_Twist
the Dodger,DC,0,10,Oliver_Twist
the Dodger,DN,0,10,Oliver_Twist
Agnes,N,0,11,Oliver_Twist
Agnes,C,0,11,Oliver_Twist
Agnes,I,0,11,Oliver_Twist
Agnes,A,0,11,Oliver_Twist
Agnes,DC,0,11,Oliver_Twist
Agnes,DN,0,11,Oliver_Twist
Barney,N,0,11,Oliver_Twist
Barney,C,0,11,Oliver_Twist
Barney,I,0,11,Oliver_Twist
Barney,A,0,11,Oliver_Twist
Barney,DC,0,11,Oliver_Twist
Barney,DN,0,11,Oliver_Twist
Bet,N,1,11,Oliver_Twist
Bet,C,0,11,Oliver_Twist
Bet,I,0,11,Oliver_Twist
Bet,A,0,11,Oliver_Twist
Bet,DC,0,11,Oliver_Twist
Bet,DN,0,11,Oliver_Twist
Blathers,N,0,11,Oliver_Twist
Blathers,C,0,11,Oliver_Twist
Blathers,I,0,11,Oliver_Twist
Blathers,A,0,11,Oliver_Twist
Blathers,DC,0,11,Oliver_Twist
Blathers,DN,0,11,Oliver_Twist
Brittles,N,0,11,Oliver_Twist
Brittles,C,0,11,Oliver_Twist
Brittles,I,0,11,Oliver_Twist
Brittles,A,0,11,Oliver_Twist
Brittles,DC,0,11,Oliver_Twist
Brittles,DN,0,11,Oliver_Twist
Charlotte,N,0,11,Oliver_Twist
Charlotte,C,0,11,Oliver_Twist
Charlotte,I,0,11,Oliver_Twist
Charlotte,A,0,11,Oliver_Twist
Charlotte,DC,0,11,Oliver_Twist
Charlotte,DN,0,11,Oliver_Twist
Chickweed,N,0,11,Oliver_Twist
Chickweed,C,0,11,Oliver_Twist
Chickweed,I,0,11,Oliver_Twist
Chickweed,A,0,11,Oliver_Twist
Chickweed,DC,0,11,Oliver_Twist
Chickweed,DN,0,11,Oliver_Twist
Cod,N,0,11,Oliver_Twist
Cod,C,0,11,Oliver_Twist
Cod,I,0,11,Oliver_Twist
Cod,A,0,11,Oliver_Twist
Cod,DC,0,11,Oliver_Twist
Cod,DN,0,11,Oliver_Twist
Dick,N,0,11,Oliver_Twist
Dick,C,0,11,Oliver_Twist
Dick,I,0,11,Oliver_Twist
Dick,A,0,11,Oliver_Twist
Dick,DC,0,11,Oliver_Twist
Dick,DN,0,11,Oliver_Twist
Duff,N,0,11,Oliver_Twist
Duff,C,0,11,Oliver_Twist
Duff,I,0,11,Oliver_Twist
Duff,A,0,11,Oliver_Twist
Duff,DC,0,11,Oliver_Twist
Duff,DN,0,11,Oliver_Twist
Fagin,N,3,11,Oliver_Twist
Fagin,C,3,11,Oliver_Twist
Fagin,I,0,11,Oliver_Twist
Fagin,A,0,11,Oliver_Twist
Fagin,DC,0,11,Oliver_Twist
Fagin,DN,0,11,Oliver_Twist
Faguey,N,0,11,Oliver_Twist
Faguey,C,0,11,Oliver_Twist
Faguey,I,0,11,Oliver_Twist
Faguey,A,0,11,Oliver_Twist
Faguey,DC,0,11,Oliver_Twist
Faguey,DN,0,11,Oliver_Twist
God,N,0,11,Oliver_Twist
God,C,0,11,Oliver_Twist
God,I,0,11,Oliver_Twist
God,A,0,11,Oliver_Twist
God,DC,0,11,Oliver_Twist
God,DN,0,11,Oliver_Twist
Harry,N,0,11,Oliver_Twist
Harry,C,0,11,Oliver_Twist
Harry,I,0,11,Oliver_Twist
Harry,A,0,11,Oliver_Twist
Harry,DC,0,11,Oliver_Twist
Harry,DN,0,11,Oliver_Twist
Heaven,N,0,11,Oliver_Twist
Heaven,C,0,11,Oliver_Twist
Heaven,I,0,11,Oliver_Twist
Heaven,A,0,11,Oliver_Twist
Heaven,DC,0,11,Oliver_Twist
Heaven,DN,0,11,Oliver_Twist
Jack Dawkins,N,0,11,Oliver_Twist
Jack Dawkins,C,0,11,Oliver_Twist
Jack Dawkins,I,0,11,Oliver_Twist
Jack Dawkins,A,0,11,Oliver_Twist
Jack Dawkins,DC,0,11,Oliver_Twist
Jack Dawkins,DN,0,11,Oliver_Twist
Kags,N,0,11,Oliver_Twist
Kags,C,0,11,Oliver_Twist
Kags,I,0,11,Oliver_Twist
Kags,A,0,11,Oliver_Twist
Kags,DC,0,11,Oliver_Twist
Kags,DN,0,11,Oliver_Twist
Little Oliver,N,0,11,Oliver_Twist
Little Oliver,C,0,11,Oliver_Twist
Little Oliver,I,0,11,Oliver_Twist
Little Oliver,A,0,11,Oliver_Twist
Little Oliver,DC,0,11,Oliver_Twist
Little Oliver,DN,0,11,Oliver_Twist
Lor,N,0,11,Oliver_Twist
Lor,C,0,11,Oliver_Twist
Lor,I,0,11,Oliver_Twist
Lor,A,0,11,Oliver_Twist
Lor,DC,0,11,Oliver_Twist
Lor,DN,0,11,Oliver_Twist
Master Bates,N,12,11,Oliver_Twist
Master Bates,C,3,11,Oliver_Twist
Master Bates,I,3,11,Oliver_Twist
Master Bates,A,8,11,Oliver_Twist
Master Bates,DC,1,11,Oliver_Twist
Master Bates,DN,0,11,Oliver_Twist
Messrs. Blathers,N,0,11,Oliver_Twist
Messrs. Blathers,C,0,11,Oliver_Twist
Messrs. Blathers,I,0,11,Oliver_Twist
Messrs. Blathers,A,0,11,Oliver_Twist
Messrs. Blathers,DC,0,11,Oliver_Twist
Messrs. Blathers,DN,0,11,Oliver_Twist
Miss Maylie,N,0,11,Oliver_Twist
Miss Maylie,C,0,11,Oliver_Twist
Miss Maylie,I,0,11,Oliver_Twist
Miss Maylie,A,0,11,Oliver_Twist
Miss Maylie,DC,0,11,Oliver_Twist
Miss Maylie,DN,0,11,Oliver_Twist
Monks,N,1,11,Oliver_Twist
Monks,C,0,11,Oliver_Twist
Monks,I,0,11,Oliver_Twist
Monks,A,0,11,Oliver_Twist
Monks,DC,0,11,Oliver_Twist
Monks,DN,0,11,Oliver_Twist
Mr. Bolter,N,0,11,Oliver_Twist
Mr. Bolter,C,0,11,Oliver_Twist
Mr. Bolter,I,0,11,Oliver_Twist
Mr. Bolter,A,0,11,Oliver_Twist
Mr. Bolter,DC,0,11,Oliver_Twist
Mr. Bolter,DN,0,11,Oliver_Twist
Mr. Browlow,N,0,11,Oliver_Twist
Mr. Browlow,C,0,11,Oliver_Twist
Mr. Browlow,I,0,11,Oliver_Twist
Mr. Browlow,A,0,11,Oliver_Twist
Mr. Browlow,DC,0,11,Oliver_Twist
Mr. Browlow,DN,0,11,Oliver_Twist
Mr. Brownlow,N,0,11,Oliver_Twist
Mr. Brownlow,C,0,11,Oliver_Twist
Mr. Brownlow,I,0,11,Oliver_Twist
Mr. Brownlow,A,0,11,Oliver_Twist
Mr. Brownlow,DC,0,11,Oliver_Twist
Mr. Brownlow,DN,0,11,Oliver_Twist
Mr. Bumble,N,0,11,Oliver_Twist
Mr. Bumble,C,0,11,Oliver_Twist
Mr. Bumble,I,0,11,Oliver_Twist
Mr. Bumble,A,0,11,Oliver_Twist
Mr. Bumble,DC,0,11,Oliver_Twist
Mr. Bumble,DN,0,11,Oliver_Twist
Mr. Chitling,N,0,11,Oliver_Twist
Mr. Chitling,C,0,11,Oliver_Twist
Mr. Chitling,I,0,11,Oliver_Twist
Mr. Chitling,A,0,11,Oliver_Twist
Mr. Chitling,DC,0,11,Oliver_Twist
Mr. Chitling,DN,0,11,Oliver_Twist
Mr. Dawkins,N,0,11,Oliver_Twist
Mr. Dawkins,C,0,11,Oliver_Twist
Mr. Dawkins,I,0,11,Oliver_Twist
Mr. Dawkins,A,0,11,Oliver_Twist
Mr. Dawkins,DC,0,11,Oliver_Twist
Mr. Dawkins,DN,0,11,Oliver_Twist
Mr. Fang,N,0,11,Oliver_Twist
Mr. Fang,C,0,11,Oliver_Twist
Mr. Fang,I,0,11,Oliver_Twist
Mr. Fang,A,0,11,Oliver_Twist
Mr. Fang,DC,0,11,Oliver_Twist
Mr. Fang,DN,0,11,Oliver_Twist
Mr. Gamfield,N,0,11,Oliver_Twist
Mr. Gamfield,C,0,11,Oliver_Twist
Mr. Gamfield,I,0,11,Oliver_Twist
Mr. Gamfield,A,0,11,Oliver_Twist
Mr. Gamfield,DC,0,11,Oliver_Twist
Mr. Gamfield,DN,0,11,Oliver_Twist
Mr. Giles,N,0,11,Oliver_Twist
Mr. Giles,C,0,11,Oliver_Twist
Mr. Giles,I,0,11,Oliver_Twist
Mr. Giles,A,0,11,Oliver_Twist
Mr. Giles,DC,0,11,Oliver_Twist
Mr. Giles,DN,0,11,Oliver_Twist
Mr. Grimwig,N,0,11,Oliver_Twist
Mr. Grimwig,C,0,11,Oliver_Twist
Mr. Grimwig,I,0,11,Oliver_Twist
Mr. Grimwig,A,0,11,Oliver_Twist
Mr. Grimwig,DC,0,11,Oliver_Twist
Mr. Grimwig,DN,0,11,Oliver_Twist
Mr. Limbkins,N,0,11,Oliver_Twist
Mr. Limbkins,C,0,11,Oliver_Twist
Mr. Limbkins,I,0,11,Oliver_Twist
Mr. Limbkins,A,0,11,Oliver_Twist
Mr. Limbkins,DC,0,11,Oliver_Twist
Mr. Limbkins,DN,0,11,Oliver_Twist
Mr. Lively,N,0,11,Oliver_Twist
Mr. Lively,C,0,11,Oliver_Twist
Mr. Lively,I,0,11,Oliver_Twist
Mr. Lively,A,0,11,Oliver_Twist
Mr. Lively,DC,0,11,Oliver_Twist
Mr. Lively,DN,0,11,Oliver_Twist
Mr. Losberne,N,0,11,Oliver_Twist
Mr. Losberne,C,0,11,Oliver_Twist
Mr. Losberne,I,0,11,Oliver_Twist
Mr. Losberne,A,0,11,Oliver_Twist
Mr. Losberne,DC,0,11,Oliver_Twist
Mr. Losberne,DN,0,11,Oliver_Twist
Mr. Maylie,N,0,11,Oliver_Twist
Mr. Maylie,C,0,11,Oliver_Twist
Mr. Maylie,I,0,11,Oliver_Twist
Mr. Maylie,A,0,11,Oliver_Twist
Mr. Maylie,DC,0,11,Oliver_Twist
Mr. Maylie,DN,0,11,Oliver_Twist
Mr. Sikes,N,0,11,Oliver_Twist
Mr. Sikes,C,0,11,Oliver_Twist
Mr. Sikes,I,0,11,Oliver_Twist
Mr. Sikes,A,0,11,Oliver_Twist
Mr. Sikes,DC,0,11,Oliver_Twist
Mr. Sikes,DN,0,11,Oliver_Twist
Mr. Sowerberry,N,0,11,Oliver_Twist
Mr. Sowerberry,C,0,11,Oliver_Twist
Mr. Sowerberry,I,0,11,Oliver_Twist
Mr. Sowerberry,A,0,11,Oliver_Twist
Mr. Sowerberry,DC,0,11,Oliver_Twist
Mr. Sowerberry,DN,0,11,Oliver_Twist
Mrs. Bedwin,N,0,11,Oliver_Twist
Mrs. Bedwin,C,0,11,Oliver_Twist
Mrs. Bedwin,I,0,11,Oliver_Twist
Mrs. Bedwin,A,0,11,Oliver_Twist
Mrs. Bedwin,DC,0,11,Oliver_Twist
Mrs. Bedwin,DN,0,11,Oliver_Twist
Mrs. Bolter,N,0,11,Oliver_Twist
Mrs. Bolter,C,0,11,Oliver_Twist
Mrs. Bolter,I,0,11,Oliver_Twist
Mrs. Bolter,A,0,11,Oliver_Twist
Mrs. Bolter,DC,0,11,Oliver_Twist
Mrs. Bolter,DN,0,11,Oliver_Twist
Mrs. Corney,N,0,11,Oliver_Twist
Mrs. Corney,C,0,11,Oliver_Twist
Mrs. Corney,I,0,11,Oliver_Twist
Mrs. Corney,A,0,11,Oliver_Twist
Mrs. Corney,DC,0,11,Oliver_Twist
Mrs. Corney,DN,0,11,Oliver_Twist
Mrs. Mann,N,0,11,Oliver_Twist
Mrs. Mann,C,0,11,Oliver_Twist
Mrs. Mann,I,0,11,Oliver_Twist
Mrs. Mann,A,0,11,Oliver_Twist
Mrs. Mann,DC,0,11,Oliver_Twist
Mrs. Mann,DN,0,11,Oliver_Twist
Mrs. Maylie,N,0,11,Oliver_Twist
Mrs. Maylie,C,0,11,Oliver_Twist
Mrs. Maylie,I,0,11,Oliver_Twist
Mrs. Maylie,A,0,11,Oliver_Twist
Mrs. Maylie,DC,0,11,Oliver_Twist
Mrs. Maylie,DN,0,11,Oliver_Twist
Mrs. Sowerberry,N,0,11,Oliver_Twist
Mrs. Sowerberry,C,0,11,Oliver_Twist
Mrs. Sowerberry,I,0,11,Oliver_Twist
Mrs. Sowerberry,A,0,11,Oliver_Twist
Mrs. Sowerberry,DC,0,11,Oliver_Twist
Mrs. Sowerberry,DN,0,11,Oliver_Twist
Nancy,N,1,11,Oliver_Twist
Nancy,C,0,11,Oliver_Twist
Nancy,I,0,11,Oliver_Twist
Nancy,A,0,11,Oliver_Twist
Nancy,DC,0,11,Oliver_Twist
Nancy,DN,0,11,Oliver_Twist
Noah,N,0,11,Oliver_Twist
Noah,C,0,11,Oliver_Twist
Noah,I,0,11,Oliver_Twist
Noah,A,0,11,Oliver_Twist
Noah,DC,0,11,Oliver_Twist
Noah,DN,0,11,Oliver_Twist
Oliver,N,37,11,Oliver_Twist
Oliver,C,12,11,Oliver_Twist
Oliver,I,14,11,Oliver_Twist
Oliver,A,13,11,Oliver_Twist
Oliver,DC,1,11,Oliver_Twist
Oliver,DN,7,11,Oliver_Twist
Rose,N,0,11,Oliver_Twist
Rose,C,0,11,Oliver_Twist
Rose,I,0,11,Oliver_Twist
Rose,A,0,11,Oliver_Twist
Rose,DC,0,11,Oliver_Twist
Rose,DN,0,11,Oliver_Twist
Sikes,N,0,11,Oliver_Twist
Sikes,C,0,11,Oliver_Twist
Sikes,I,0,11,Oliver_Twist
Sikes,A,0,11,Oliver_Twist
Sikes,DC,0,11,Oliver_Twist
Sikes,DN,0,11,Oliver_Twist
Spyers,N,0,11,Oliver_Twist
Spyers,C,0,11,Oliver_Twist
Spyers,I,0,11,Oliver_Twist
Spyers,A,0,11,Oliver_Twist
Spyers,DC,0,11,Oliver_Twist
Spyers,DN,0,11,Oliver_Twist
The Jew,N,0,11,Oliver_Twist
The Jew,C,0,11,Oliver_Twist
The Jew,I,0,11,Oliver_Twist
The Jew,A,0,11,Oliver_Twist
The Jew,DC,0,11,Oliver_Twist
The Jew,DN,0,11,Oliver_Twist
Toby,N,0,11,Oliver_Twist
Toby,C,0,11,Oliver_Twist
Toby,I,0,11,Oliver_Twist
Toby,A,0,11,Oliver_Twist
Toby,DC,0,11,Oliver_Twist
Toby,DN,0,11,Oliver_Twist
Tom,N,0,11,Oliver_Twist
Tom,C,0,11,Oliver_Twist
Tom,I,0,11,Oliver_Twist
Tom,A,0,11,Oliver_Twist
Tom,DC,0,11,Oliver_Twist
Tom,DN,0,11,Oliver_Twist
Work’us,N,0,11,Oliver_Twist
Work’us,C,0,11,Oliver_Twist
Work’us,I,0,11,Oliver_Twist
Work’us,A,0,11,Oliver_Twist
Work’us,DC,0,11,Oliver_Twist
Work’us,DN,0,11,Oliver_Twist
old Sally,N,0,11,Oliver_Twist
old Sally,C,0,11,Oliver_Twist
old Sally,I,0,11,Oliver_Twist
old Sally,A,0,11,Oliver_Twist
old Sally,DC,0,11,Oliver_Twist
old Sally,DN,0,11,Oliver_Twist
the Clerkinwell Sessions,N,0,11,Oliver_Twist
the Clerkinwell Sessions,C,0,11,Oliver_Twist
the Clerkinwell Sessions,I,0,11,Oliver_Twist
the Clerkinwell Sessions,A,0,11,Oliver_Twist
the Clerkinwell Sessions,DC,0,11,Oliver_Twist
the Clerkinwell Sessions,DN,0,11,Oliver_Twist
the Cripples,N,0,11,Oliver_Twist
the Cripples,C,0,11,Oliver_Twist
the Cripples,I,0,11,Oliver_Twist
the Cripples,A,0,11,Oliver_Twist
the Cripples,DC,0,11,Oliver_Twist
the Cripples,DN,0,11,Oliver_Twist
the Dodger,N,1,11,Oliver_Twist
the Dodger,C,0,11,Oliver_Twist
the Dodger,I,0,11,Oliver_Twist
the Dodger,A,0,11,Oliver_Twist
the Dodger,DC,0,11,Oliver_Twist
the Dodger,DN,0,11,Oliver_Twist
Agnes,N,0,12,Oliver_Twist
Agnes,C,0,12,Oliver_Twist
Agnes,I,0,12,Oliver_Twist
Agnes,A,0,12,Oliver_Twist
Agnes,DC,0,12,Oliver_Twist
Agnes,DN,0,12,Oliver_Twist
Barney,N,0,12,Oliver_Twist
Barney,C,0,12,Oliver_Twist
Barney,I,0,12,Oliver_Twist
Barney,A,0,12,Oliver_Twist
Barney,DC,0,12,Oliver_Twist
Barney,DN,0,12,Oliver_Twist
Bet,N,0,12,Oliver_Twist
Bet,C,0,12,Oliver_Twist
Bet,I,0,12,Oliver_Twist
Bet,A,0,12,Oliver_Twist
Bet,DC,0,12,Oliver_Twist
Bet,DN,0,12,Oliver_Twist
Blathers,N,0,12,Oliver_Twist
Blathers,C,0,12,Oliver_Twist
Blathers,I,0,12,Oliver_Twist
Blathers,A,0,12,Oliver_Twist
Blathers,DC,0,12,Oliver_Twist
Blathers,DN,0,12,Oliver_Twist
Brittles,N,0,12,Oliver_Twist
Brittles,C,0,12,Oliver_Twist
Brittles,I,0,12,Oliver_Twist
Brittles,A,0,12,Oliver_Twist
Brittles,DC,0,12,Oliver_Twist
Brittles,DN,0,12,Oliver_Twist
Charlotte,N,0,12,Oliver_Twist
Charlotte,C,0,12,Oliver_Twist
Charlotte,I,0,12,Oliver_Twist
Charlotte,A,0,12,Oliver_Twist
Charlotte,DC,0,12,Oliver_Twist
Charlotte,DN,0,12,Oliver_Twist
Chickweed,N,0,12,Oliver_Twist
Chickweed,C,0,12,Oliver_Twist
Chickweed,I,0,12,Oliver_Twist
Chickweed,A,0,12,Oliver_Twist
Chickweed,DC,0,12,Oliver_Twist
Chickweed,DN,0,12,Oliver_Twist
Cod,N,0,12,Oliver_Twist
Cod,C,0,12,Oliver_Twist
Cod,I,0,12,Oliver_Twist
Cod,A,0,12,Oliver_Twist
Cod,DC,0,12,Oliver_Twist
Cod,DN,0,12,Oliver_Twist
Dick,N,0,12,Oliver_Twist
Dick,C,0,12,Oliver_Twist
Dick,I,0,12,Oliver_Twist
Dick,A,0,12,Oliver_Twist
Dick,DC,0,12,Oliver_Twist
Dick,DN,0,12,Oliver_Twist
Duff,N,0,12,Oliver_Twist
Duff,C,0,12,Oliver_Twist
Duff,I,0,12,Oliver_Twist
Duff,A,0,12,Oliver_Twist
Duff,DC,0,12,Oliver_Twist
Duff,DN,0,12,Oliver_Twist
Fagin,N,0,12,Oliver_Twist
Fagin,C,0,12,Oliver_Twist
Fagin,I,0,12,Oliver_Twist
Fagin,A,0,12,Oliver_Twist
Fagin,DC,0,12,Oliver_Twist
Fagin,DN,0,12,Oliver_Twist
Faguey,N,0,12,Oliver_Twist
Faguey,C,0,12,Oliver_Twist
Faguey,I,0,12,Oliver_Twist
Faguey,A,0,12,Oliver_Twist
Faguey,DC,0,12,Oliver_Twist
Faguey,DN,0,12,Oliver_Twist
God,N,0,12,Oliver_Twist
God,C,0,12,Oliver_Twist
God,I,0,12,Oliver_Twist
God,A,0,12,Oliver_Twist
God,DC,0,12,Oliver_Twist
God,DN,0,12,Oliver_Twist
Harry,N,0,12,Oliver_Twist
Harry,C,0,12,Oliver_Twist
Harry,I,0,12,Oliver_Twist
Harry,A,0,12,Oliver_Twist
Harry,DC,0,12,Oliver_Twist
Harry,DN,0,12,Oliver_Twist
Heaven,N,0,12,Oliver_Twist
Heaven,C,0,12,Oliver_Twist
Heaven,I,0,12,Oliver_Twist
Heaven,A,0,12,Oliver_Twist
Heaven,DC,0,12,Oliver_Twist
Heaven,DN,0,12,Oliver_Twist
Jack Dawkins,N,0,12,Oliver_Twist
Jack Dawkins,C,0,12,Oliver_Twist
Jack Dawkins,I,0,12,Oliver_Twist
Jack Dawkins,A,0,12,Oliver_Twist
Jack Dawkins,DC,0,12,Oliver_Twist
Jack Dawkins,DN,0,12,Oliver_Twist
Kags,N,0,12,Oliver_Twist
Kags,C,0,12,Oliver_Twist
Kags,I,0,12,Oliver_Twist
Kags,A,0,12,Oliver_Twist
Kags,DC,0,12,Oliver_Twist
Kags,DN,0,12,Oliver_Twist
Little Oliver,N,0,12,Oliver_Twist
Little Oliver,C,0,12,Oliver_Twist
Little Oliver,I,0,12,Oliver_Twist
Little Oliver,A,0,12,Oliver_Twist
Little Oliver,DC,0,12,Oliver_Twist
Little Oliver,DN,0,12,Oliver_Twist
Lor,N,0,12,Oliver_Twist
Lor,C,0,12,Oliver_Twist
Lor,I,0,12,Oliver_Twist
Lor,A,0,12,Oliver_Twist
Lor,DC,0,12,Oliver_Twist
Lor,DN,0,12,Oliver_Twist
Master Bates,N,0,12,Oliver_Twist
Master Bates,C,0,12,Oliver_Twist
Master Bates,I,0,12,Oliver_Twist
Master Bates,A,0,12,Oliver_Twist
Master Bates,DC,0,12,Oliver_Twist
Master Bates,DN,0,12,Oliver_Twist
Messrs. Blathers,N,0,12,Oliver_Twist
Messrs. Blathers,C,0,12,Oliver_Twist
Messrs. Blathers,I,0,12,Oliver_Twist
Messrs. Blathers,A,0,12,Oliver_Twist
Messrs. Blathers,DC,0,12,Oliver_Twist
Messrs. Blathers,DN,0,12,Oliver_Twist
Miss Maylie,N,0,12,Oliver_Twist
Miss Maylie,C,0,12,Oliver_Twist
Miss Maylie,I,0,12,Oliver_Twist
Miss Maylie,A,0,12,Oliver_Twist
Miss Maylie,DC,0,12,Oliver_Twist
Miss Maylie,DN,0,12,Oliver_Twist
Monks,N,0,12,Oliver_Twist
Monks,C,0,12,Oliver_Twist
Monks,I,0,12,Oliver_Twist
Monks,A,0,12,Oliver_Twist
Monks,DC,0,12,Oliver_Twist
Monks,DN,0,12,Oliver_Twist
Mr. Bolter,N,0,12,Oliver_Twist
Mr. Bolter,C,0,12,Oliver_Twist
Mr. Bolter,I,0,12,Oliver_Twist
Mr. Bolter,A,0,12,Oliver_Twist
Mr. Bolter,DC,0,12,Oliver_Twist
Mr. Bolter,DN,0,12,Oliver_Twist
Mr. Browlow,N,0,12,Oliver_Twist
Mr. Browlow,C,0,12,Oliver_Twist
Mr. Browlow,I,0,12,Oliver_Twist
Mr. Browlow,A,0,12,Oliver_Twist
Mr. Browlow,DC,0,12,Oliver_Twist
Mr. Browlow,DN,0,12,Oliver_Twist
Mr. Brownlow,N,0,12,Oliver_Twist
Mr. Brownlow,C,0,12,Oliver_Twist
Mr. Brownlow,I,0,12,Oliver_Twist
Mr. Brownlow,A,0,12,Oliver_Twist
Mr. Brownlow,DC,0,12,Oliver_Twist
Mr. Brownlow,DN,0,12,Oliver_Twist
Mr. Bumble,N,0,12,Oliver_Twist
Mr. Bumble,C,0,12,Oliver_Twist
Mr. Bumble,I,0,12,Oliver_Twist
Mr. Bumble,A,0,12,Oliver_Twist
Mr. Bumble,DC,0,12,Oliver_Twist
Mr. Bumble,DN,0,12,Oliver_Twist
Mr. Chitling,N,0,12,Oliver_Twist
Mr. Chitling,C,0,12,Oliver_Twist
Mr. Chitling,I,0,12,Oliver_Twist
Mr. Chitling,A,0,12,Oliver_Twist
Mr. Chitling,DC,0,12,Oliver_Twist
Mr. Chitling,DN,0,12,Oliver_Twist
Mr. Dawkins,N,0,12,Oliver_Twist
Mr. Dawkins,C,0,12,Oliver_Twist
Mr. Dawkins,I,0,12,Oliver_Twist
Mr. Dawkins,A,0,12,Oliver_Twist
Mr. Dawkins,DC,0,12,Oliver_Twist
Mr. Dawkins,DN,0,12,Oliver_Twist
Mr. Fang,N,0,12,Oliver_Twist
Mr. Fang,C,0,12,Oliver_Twist
Mr. Fang,I,0,12,Oliver_Twist
Mr. Fang,A,0,12,Oliver_Twist
Mr. Fang,DC,0,12,Oliver_Twist
Mr. Fang,DN,0,12,Oliver_Twist
Mr. Gamfield,N,0,12,Oliver_Twist
Mr. Gamfield,C,0,12,Oliver_Twist
Mr. Gamfield,I,0,12,Oliver_Twist
Mr. Gamfield,A,0,12,Oliver_Twist
Mr. Gamfield,DC,0,12,Oliver_Twist
Mr. Gamfield,DN,0,12,Oliver_Twist
Mr. Giles,N,0,12,Oliver_Twist
Mr. Giles,C,0,12,Oliver_Twist
Mr. Giles,I,0,12,Oliver_Twist
Mr. Giles,A,0,12,Oliver_Twist
Mr. Giles,DC,0,12,Oliver_Twist
Mr. Giles,DN,0,12,Oliver_Twist
Mr. Grimwig,N,0,12,Oliver_Twist
Mr. Grimwig,C,0,12,Oliver_Twist
Mr. Grimwig,I,0,12,Oliver_Twist
Mr. Grimwig,A,0,12,Oliver_Twist
Mr. Grimwig,DC,0,12,Oliver_Twist
Mr. Grimwig,DN,0,12,Oliver_Twist
Mr. Limbkins,N,0,12,Oliver_Twist
Mr. Limbkins,C,0,12,Oliver_Twist
Mr. Limbkins,I,0,12,Oliver_Twist
Mr. Limbkins,A,0,12,Oliver_Twist
Mr. Limbkins,DC,0,12,Oliver_Twist
Mr. Limbkins,DN,0,12,Oliver_Twist
Mr. Lively,N,0,12,Oliver_Twist
Mr. Lively,C,0,12,Oliver_Twist
Mr. Lively,I,0,12,Oliver_Twist
Mr. Lively,A,0,12,Oliver_Twist
Mr. Lively,DC,0,12,Oliver_Twist
Mr. Lively,DN,0,12,Oliver_Twist
Mr. Losberne,N,0,12,Oliver_Twist
Mr. Losberne,C,0,12,Oliver_Twist
Mr. Losberne,I,0,12,Oliver_Twist
Mr. Losberne,A,0,12,Oliver_Twist
Mr. Losberne,DC,0,12,Oliver_Twist
Mr. Losberne,DN,0,12,Oliver_Twist
Mr. Maylie,N,0,12,Oliver_Twist
Mr. Maylie,C,0,12,Oliver_Twist
Mr. Maylie,I,0,12,Oliver_Twist
Mr. Maylie,A,0,12,Oliver_Twist
Mr. Maylie,DC,0,12,Oliver_Twist
Mr. Maylie,DN,0,12,Oliver_Twist
Mr. Sikes,N,0,12,Oliver_Twist
Mr. Sikes,C,0,12,Oliver_Twist
Mr. Sikes,I,0,12,Oliver_Twist
Mr. Sikes,A,0,12,Oliver_Twist
Mr. Sikes,DC,0,12,Oliver_Twist
Mr. Sikes,DN,0,12,Oliver_Twist
Mr. Sowerberry,N,0,12,Oliver_Twist
Mr. Sowerberry,C,0,12,Oliver_Twist
Mr. Sowerberry,I,0,12,Oliver_Twist
Mr. Sowerberry,A,0,12,Oliver_Twist
Mr. Sowerberry,DC,0,12,Oliver_Twist
Mr. Sowerberry,DN,0,12,Oliver_Twist
Mrs. Bedwin,N,0,12,Oliver_Twist
Mrs. Bedwin,C,0,12,Oliver_Twist
Mrs. Bedwin,I,0,12,Oliver_Twist
Mrs. Bedwin,A,0,12,Oliver_Twist
Mrs. Bedwin,DC,0,12,Oliver_Twist
Mrs. Bedwin,DN,0,12,Oliver_Twist
Mrs. Bolter,N,0,12,Oliver_Twist
Mrs. Bolter,C,0,12,Oliver_Twist
Mrs. Bolter,I,0,12,Oliver_Twist
Mrs. Bolter,A,0,12,Oliver_Twist
Mrs. Bolter,DC,0,12,Oliver_Twist
Mrs. Bolter,DN,0,12,Oliver_Twist
Mrs. Corney,N,0,12,Oliver_Twist
Mrs. Corney,C,0,12,Oliver_Twist
Mrs. Corney,I,0,12,Oliver_Twist
Mrs. Corney,A,0,12,Oliver_Twist
Mrs. Corney,DC,0,12,Oliver_Twist
Mrs. Corney,DN,0,12,Oliver_Twist
Mrs. Mann,N,0,12,Oliver_Twist
Mrs. Mann,C,0,12,Oliver_Twist
Mrs. Mann,I,0,12,Oliver_Twist
Mrs. Mann,A,0,12,Oliver_Twist
Mrs. Mann,DC,0,12,Oliver_Twist
Mrs. Mann,DN,0,12,Oliver_Twist
Mrs. Maylie,N,0,12,Oliver_Twist
Mrs. Maylie,C,0,12,Oliver_Twist
Mrs. Maylie,I,0,12,Oliver_Twist
Mrs. Maylie,A,0,12,Oliver_Twist
Mrs. Maylie,DC,0,12,Oliver_Twist
Mrs. Maylie,DN,0,12,Oliver_Twist
Mrs. Sowerberry,N,0,12,Oliver_Twist
Mrs. Sowerberry,C,0,12,Oliver_Twist
Mrs. Sowerberry,I,0,12,Oliver_Twist
Mrs. Sowerberry,A,0,12,Oliver_Twist
Mrs. Sowerberry,DC,0,12,Oliver_Twist
Mrs. Sowerberry,DN,0,12,Oliver_Twist
Nancy,N,0,12,Oliver_Twist
Nancy,C,0,12,Oliver_Twist
Nancy,I,0,12,Oliver_Twist
Nancy,A,0,12,Oliver_Twist
Nancy,DC,0,12,Oliver_Twist
Nancy,DN,0,12,Oliver_Twist
Noah,N,0,12,Oliver_Twist
Noah,C,0,12,Oliver_Twist
Noah,I,0,12,Oliver_Twist
Noah,A,0,12,Oliver_Twist
Noah,DC,0,12,Oliver_Twist
Noah,DN,0,12,Oliver_Twist
Oliver,N,0,12,Oliver_Twist
Oliver,C,0,12,Oliver_Twist
Oliver,I,0,12,Oliver_Twist
Oliver,A,0,12,Oliver_Twist
Oliver,DC,0,12,Oliver_Twist
Oliver,DN,0,12,Oliver_Twist
Rose,N,0,12,Oliver_Twist
Rose,C,0,12,Oliver_Twist
Rose,I,0,12,Oliver_Twist
Rose,A,0,12,Oliver_Twist
Rose,DC,0,12,Oliver_Twist
Rose,DN,0,12,Oliver_Twist
Sikes,N,0,12,Oliver_Twist
Sikes,C,0,12,Oliver_Twist
Sikes,I,0,12,Oliver_Twist
Sikes,A,0,12,Oliver_Twist
Sikes,DC,0,12,Oliver_Twist
Sikes,DN,0,12,Oliver_Twist
Spyers,N,0,12,Oliver_Twist
Spyers,C,0,12,Oliver_Twist
Spyers,I,0,12,Oliver_Twist
Spyers,A,0,12,Oliver_Twist
Spyers,DC,0,12,Oliver_Twist
Spyers,DN,0,12,Oliver_Twist
The Jew,N,0,12,Oliver_Twist
The Jew,C,0,12,Oliver_Twist
The Jew,I,0,12,Oliver_Twist
The Jew,A,0,12,Oliver_Twist
The Jew,DC,0,12,Oliver_Twist
The Jew,DN,0,12,Oliver_Twist
Toby,N,0,12,Oliver_Twist
Toby,C,0,12,Oliver_Twist
Toby,I,0,12,Oliver_Twist
Toby,A,0,12,Oliver_Twist
Toby,DC,0,12,Oliver_Twist
Toby,DN,0,12,Oliver_Twist
Tom,N,0,12,Oliver_Twist
Tom,C,0,12,Oliver_Twist
Tom,I,0,12,Oliver_Twist
Tom,A,0,12,Oliver_Twist
Tom,DC,0,12,Oliver_Twist
Tom,DN,0,12,Oliver_Twist
Work’us,N,0,12,Oliver_Twist
Work’us,C,0,12,Oliver_Twist
Work’us,I,0,12,Oliver_Twist
Work’us,A,0,12,Oliver_Twist
Work’us,DC,0,12,Oliver_Twist
Work’us,DN,0,12,Oliver_Twist
old Sally,N,0,12,Oliver_Twist
old Sally,C,0,12,Oliver_Twist
old Sally,I,0,12,Oliver_Twist
old Sally,A,0,12,Oliver_Twist
old Sally,DC,0,12,Oliver_Twist
old Sally,DN,0,12,Oliver_Twist
the Clerkinwell Sessions,N,0,12,Oliver_Twist
the Clerkinwell Sessions,C,0,12,Oliver_Twist
the Clerkinwell Sessions,I,0,12,Oliver_Twist
the Clerkinwell Sessions,A,0,12,Oliver_Twist
the Clerkinwell Sessions,DC,0,12,Oliver_Twist
the Clerkinwell Sessions,DN,0,12,Oliver_Twist
the Cripples,N,0,12,Oliver_Twist
the Cripples,C,0,12,Oliver_Twist
the Cripples,I,0,12,Oliver_Twist
the Cripples,A,0,12,Oliver_Twist
the Cripples,DC,0,12,Oliver_Twist
the Cripples,DN,0,12,Oliver_Twist
the Dodger,N,0,12,Oliver_Twist
the Dodger,C,0,12,Oliver_Twist
the Dodger,I,0,12,Oliver_Twist
the Dodger,A,0,12,Oliver_Twist
the Dodger,DC,0,12,Oliver_Twist
the Dodger,DN,0,12,Oliver_Twist
Agnes,N,0,13,Oliver_Twist
Agnes,C,0,13,Oliver_Twist
Agnes,I,0,13,Oliver_Twist
Agnes,A,0,13,Oliver_Twist
Agnes,DC,0,13,Oliver_Twist
Agnes,DN,0,13,Oliver_Twist
Barney,N,0,13,Oliver_Twist
Barney,C,0,13,Oliver_Twist
Barney,I,0,13,Oliver_Twist
Barney,A,0,13,Oliver_Twist
Barney,DC,0,13,Oliver_Twist
Barney,DN,0,13,Oliver_Twist
Bet,N,0,13,Oliver_Twist
Bet,C,0,13,Oliver_Twist
Bet,I,0,13,Oliver_Twist
Bet,A,0,13,Oliver_Twist
Bet,DC,0,13,Oliver_Twist
Bet,DN,0,13,Oliver_Twist
Blathers,N,0,13,Oliver_Twist
Blathers,C,0,13,Oliver_Twist
Blathers,I,0,13,Oliver_Twist
Blathers,A,0,13,Oliver_Twist
Blathers,DC,0,13,Oliver_Twist
Blathers,DN,0,13,Oliver_Twist
Brittles,N,0,13,Oliver_Twist
Brittles,C,0,13,Oliver_Twist
Brittles,I,0,13,Oliver_Twist
Brittles,A,0,13,Oliver_Twist
Brittles,DC,0,13,Oliver_Twist
Brittles,DN,0,13,Oliver_Twist
Charlotte,N,0,13,Oliver_Twist
Charlotte,C,0,13,Oliver_Twist
Charlotte,I,0,13,Oliver_Twist
Charlotte,A,0,13,Oliver_Twist
Charlotte,DC,0,13,Oliver_Twist
Charlotte,DN,0,13,Oliver_Twist
Chickweed,N,0,13,Oliver_Twist
Chickweed,C,0,13,Oliver_Twist
Chickweed,I,0,13,Oliver_Twist
Chickweed,A,0,13,Oliver_Twist
Chickweed,DC,0,13,Oliver_Twist
Chickweed,DN,0,13,Oliver_Twist
Cod,N,0,13,Oliver_Twist
Cod,C,0,13,Oliver_Twist
Cod,I,0,13,Oliver_Twist
Cod,A,0,13,Oliver_Twist
Cod,DC,0,13,Oliver_Twist
Cod,DN,0,13,Oliver_Twist
Dick,N,0,13,Oliver_Twist
Dick,C,0,13,Oliver_Twist
Dick,I,0,13,Oliver_Twist
Dick,A,0,13,Oliver_Twist
Dick,DC,0,13,Oliver_Twist
Dick,DN,0,13,Oliver_Twist
Duff,N,0,13,Oliver_Twist
Duff,C,0,13,Oliver_Twist
Duff,I,0,13,Oliver_Twist
Duff,A,0,13,Oliver_Twist
Duff,DC,0,13,Oliver_Twist
Duff,DN,0,13,Oliver_Twist
Fagin,N,0,13,Oliver_Twist
Fagin,C,0,13,Oliver_Twist
Fagin,I,0,13,Oliver_Twist
Fagin,A,0,13,Oliver_Twist
Fagin,DC,0,13,Oliver_Twist
Fagin,DN,0,13,Oliver_Twist
Faguey,N,0,13,Oliver_Twist
Faguey,C,0,13,Oliver_Twist
Faguey,I,0,13,Oliver_Twist
Faguey,A,0,13,Oliver_Twist
Faguey,DC,0,13,Oliver_Twist
Faguey,DN,0,13,Oliver_Twist
God,N,1,13,Oliver_Twist
God,C,0,13,Oliver_Twist
God,I,0,13,Oliver_Twist
God,A,0,13,Oliver_Twist
God,DC,0,13,Oliver_Twist
God,DN,0,13,Oliver_Twist
Harry,N,0,13,Oliver_Twist
Harry,C,0,13,Oliver_Twist
Harry,I,0,13,Oliver_Twist
Harry,A,0,13,Oliver_Twist
Harry,DC,0,13,Oliver_Twist
Harry,DN,0,13,Oliver_Twist
Heaven,N,0,13,Oliver_Twist
Heaven,C,0,13,Oliver_Twist
Heaven,I,0,13,Oliver_Twist
Heaven,A,0,13,Oliver_Twist
Heaven,DC,0,13,Oliver_Twist
Heaven,DN,0,13,Oliver_Twist
Jack Dawkins,N,0,13,Oliver_Twist
Jack Dawkins,C,0,13,Oliver_Twist
Jack Dawkins,I,0,13,Oliver_Twist
Jack Dawkins,A,0,13,Oliver_Twist
Jack Dawkins,DC,0,13,Oliver_Twist
Jack Dawkins,DN,0,13,Oliver_Twist
Kags,N,0,13,Oliver_Twist
Kags,C,0,13,Oliver_Twist
Kags,I,0,13,Oliver_Twist
Kags,A,0,13,Oliver_Twist
Kags,DC,0,13,Oliver_Twist
Kags,DN,0,13,Oliver_Twist
Little Oliver,N,0,13,Oliver_Twist
Little Oliver,C,0,13,Oliver_Twist
Little Oliver,I,0,13,Oliver_Twist
Little Oliver,A,0,13,Oliver_Twist
Little Oliver,DC,0,13,Oliver_Twist
Little Oliver,DN,0,13,Oliver_Twist
Lor,N,0,13,Oliver_Twist
Lor,C,0,13,Oliver_Twist
Lor,I,0,13,Oliver_Twist
Lor,A,0,13,Oliver_Twist
Lor,DC,0,13,Oliver_Twist
Lor,DN,0,13,Oliver_Twist
Master Bates,N,8,13,Oliver_Twist
Master Bates,C,1,13,Oliver_Twist
Master Bates,I,0,13,Oliver_Twist
Master Bates,A,1,13,Oliver_Twist
Master Bates,DC,0,13,Oliver_Twist
Master Bates,DN,0,13,Oliver_Twist
Messrs. Blathers,N,0,13,Oliver_Twist
Messrs. Blathers,C,0,13,Oliver_Twist
Messrs. Blathers,I,0,13,Oliver_Twist
Messrs. Blathers,A,0,13,Oliver_Twist
Messrs. Blathers,DC,0,13,Oliver_Twist
Messrs. Blathers,DN,0,13,Oliver_Twist
Miss Maylie,N,0,13,Oliver_Twist
Miss Maylie,C,0,13,Oliver_Twist
Miss Maylie,I,0,13,Oliver_Twist
Miss Maylie,A,0,13,Oliver_Twist
Miss Maylie,DC,0,13,Oliver_Twist
Miss Maylie,DN,0,13,Oliver_Twist
Monks,N,0,13,Oliver_Twist
Monks,C,0,13,Oliver_Twist
Monks,I,0,13,Oliver_Twist
Monks,A,0,13,Oliver_Twist
Monks,DC,0,13,Oliver_Twist
Monks,DN,0,13,Oliver_Twist
Mr. Bolter,N,0,13,Oliver_Twist
Mr. Bolter,C,0,13,Oliver_Twist
Mr. Bolter,I,0,13,Oliver_Twist
Mr. Bolter,A,0,13,Oliver_Twist
Mr. Bolter,DC,0,13,Oliver_Twist
Mr. Bolter,DN,0,13,Oliver_Twist
Mr. Browlow,N,0,13,Oliver_Twist
Mr. Browlow,C,0,13,Oliver_Twist
Mr. Browlow,I,0,13,Oliver_Twist
Mr. Browlow,A,0,13,Oliver_Twist
Mr. Browlow,DC,0,13,Oliver_Twist
Mr. Browlow,DN,0,13,Oliver_Twist
Mr. Brownlow,N,0,13,Oliver_Twist
Mr. Brownlow,C,0,13,Oliver_Twist
Mr. Brownlow,I,0,13,Oliver_Twist
Mr. Brownlow,A,0,13,Oliver_Twist
Mr. Brownlow,DC,0,13,Oliver_Twist
Mr. Brownlow,DN,0,13,Oliver_Twist
Mr. Bumble,N,0,13,Oliver_Twist
Mr. Bumble,C,0,13,Oliver_Twist
Mr. Bumble,I,0,13,Oliver_Twist
Mr. Bumble,A,0,13,Oliver_Twist
Mr. Bumble,DC,0,13,Oliver_Twist
Mr. Bumble,DN,0,13,Oliver_Twist
Mr. Chitling,N,0,13,Oliver_Twist
Mr. Chitling,C,0,13,Oliver_Twist
Mr. Chitling,I,0,13,Oliver_Twist
Mr. Chitling,A,0,13,Oliver_Twist
Mr. Chitling,DC,0,13,Oliver_Twist
Mr. Chitling,DN,0,13,Oliver_Twist
Mr. Dawkins,N,0,13,Oliver_Twist
Mr. Dawkins,C,0,13,Oliver_Twist
Mr. Dawkins,I,0,13,Oliver_Twist
Mr. Dawkins,A,0,13,Oliver_Twist
Mr. Dawkins,DC,0,13,Oliver_Twist
Mr. Dawkins,DN,0,13,Oliver_Twist
Mr. Fang,N,0,13,Oliver_Twist
Mr. Fang,C,0,13,Oliver_Twist
Mr. Fang,I,0,13,Oliver_Twist
Mr. Fang,A,0,13,Oliver_Twist
Mr. Fang,DC,0,13,Oliver_Twist
Mr. Fang,DN,0,13,Oliver_Twist
Mr. Gamfield,N,0,13,Oliver_Twist
Mr. Gamfield,C,0,13,Oliver_Twist
Mr. Gamfield,I,0,13,Oliver_Twist
Mr. Gamfield,A,0,13,Oliver_Twist
Mr. Gamfield,DC,0,13,Oliver_Twist
Mr. Gamfield,DN,0,13,Oliver_Twist
Mr. Giles,N,0,13,Oliver_Twist
Mr. Giles,C,0,13,Oliver_Twist
Mr. Giles,I,0,13,Oliver_Twist
Mr. Giles,A,0,13,Oliver_Twist
Mr. Giles,DC,0,13,Oliver_Twist
Mr. Giles,DN,0,13,Oliver_Twist
Mr. Grimwig,N,0,13,Oliver_Twist
Mr. Grimwig,C,0,13,Oliver_Twist
Mr. Grimwig,I,0,13,Oliver_Twist
Mr. Grimwig,A,0,13,Oliver_Twist
Mr. Grimwig,DC,0,13,Oliver_Twist
Mr. Grimwig,DN,0,13,Oliver_Twist
Mr. Limbkins,N,0,13,Oliver_Twist
Mr. Limbkins,C,0,13,Oliver_Twist
Mr. Limbkins,I,0,13,Oliver_Twist
Mr. Limbkins,A,0,13,Oliver_Twist
Mr. Limbkins,DC,0,13,Oliver_Twist
Mr. Limbkins,DN,0,13,Oliver_Twist
Mr. Lively,N,0,13,Oliver_Twist
Mr. Lively,C,0,13,Oliver_Twist
Mr. Lively,I,0,13,Oliver_Twist
Mr. Lively,A,0,13,Oliver_Twist
Mr. Lively,DC,0,13,Oliver_Twist
Mr. Lively,DN,0,13,Oliver_Twist
Mr. Losberne,N,0,13,Oliver_Twist
Mr. Losberne,C,0,13,Oliver_Twist
Mr. Losberne,I,0,13,Oliver_Twist
Mr. Losberne,A,0,13,Oliver_Twist
Mr. Losberne,DC,0,13,Oliver_Twist
Mr. Losberne,DN,0,13,Oliver_Twist
Mr. Maylie,N,0,13,Oliver_Twist
Mr. Maylie,C,0,13,Oliver_Twist
Mr. Maylie,I,0,13,Oliver_Twist
Mr. Maylie,A,0,13,Oliver_Twist
Mr. Maylie,DC,0,13,Oliver_Twist
Mr. Maylie,DN,0,13,Oliver_Twist
Mr. Sikes,N,0,13,Oliver_Twist
Mr. Sikes,C,0,13,Oliver_Twist
Mr. Sikes,I,0,13,Oliver_Twist
Mr. Sikes,A,0,13,Oliver_Twist
Mr. Sikes,DC,0,13,Oliver_Twist
Mr. Sikes,DN,0,13,Oliver_Twist
Mr. Sowerberry,N,0,13,Oliver_Twist
Mr. Sowerberry,C,0,13,Oliver_Twist
Mr. Sowerberry,I,0,13,Oliver_Twist
Mr. Sowerberry,A,0,13,Oliver_Twist
Mr. Sowerberry,DC,0,13,Oliver_Twist
Mr. Sowerberry,DN,0,13,Oliver_Twist
Mrs. Bedwin,N,0,13,Oliver_Twist
Mrs. Bedwin,C,0,13,Oliver_Twist
Mrs. Bedwin,I,0,13,Oliver_Twist
Mrs. Bedwin,A,0,13,Oliver_Twist
Mrs. Bedwin,DC,0,13,Oliver_Twist
Mrs. Bedwin,DN,0,13,Oliver_Twist
Mrs. Bolter,N,0,13,Oliver_Twist
Mrs. Bolter,C,0,13,Oliver_Twist
Mrs. Bolter,I,0,13,Oliver_Twist
Mrs. Bolter,A,0,13,Oliver_Twist
Mrs. Bolter,DC,0,13,Oliver_Twist
Mrs. Bolter,DN,0,13,Oliver_Twist
Mrs. Corney,N,0,13,Oliver_Twist
Mrs. Corney,C,0,13,Oliver_Twist
Mrs. Corney,I,0,13,Oliver_Twist
Mrs. Corney,A,0,13,Oliver_Twist
Mrs. Corney,DC,0,13,Oliver_Twist
Mrs. Corney,DN,0,13,Oliver_Twist
Mrs. Mann,N,0,13,Oliver_Twist
Mrs. Mann,C,0,13,Oliver_Twist
Mrs. Mann,I,0,13,Oliver_Twist
Mrs. Mann,A,0,13,Oliver_Twist
Mrs. Mann,DC,0,13,Oliver_Twist
Mrs. Mann,DN,0,13,Oliver_Twist
Mrs. Maylie,N,0,13,Oliver_Twist
Mrs. Maylie,C,0,13,Oliver_Twist
Mrs. Maylie,I,0,13,Oliver_Twist
Mrs. Maylie,A,0,13,Oliver_Twist
Mrs. Maylie,DC,0,13,Oliver_Twist
Mrs. Maylie,DN,0,13,Oliver_Twist
Mrs. Sowerberry,N,0,13,Oliver_Twist
Mrs. Sowerberry,C,0,13,Oliver_Twist
Mrs. Sowerberry,I,0,13,Oliver_Twist
Mrs. Sowerberry,A,0,13,Oliver_Twist
Mrs. Sowerberry,DC,0,13,Oliver_Twist
Mrs. Sowerberry,DN,0,13,Oliver_Twist
Nancy,N,0,13,Oliver_Twist
Nancy,C,0,13,Oliver_Twist
Nancy,I,0,13,Oliver_Twist
Nancy,A,0,13,Oliver_Twist
Nancy,DC,0,13,Oliver_Twist
Nancy,DN,0,13,Oliver_Twist
Noah,N,0,13,Oliver_Twist
Noah,C,0,13,Oliver_Twist
Noah,I,0,13,Oliver_Twist
Noah,A,0,13,Oliver_Twist
Noah,DC,0,13,Oliver_Twist
Noah,DN,0,13,Oliver_Twist
Oliver,N,20,13,Oliver_Twist
Oliver,C,5,13,Oliver_Twist
Oliver,I,5,13,Oliver_Twist
Oliver,A,19,13,Oliver_Twist
Oliver,DC,1,13,Oliver_Twist
Oliver,DN,2,13,Oliver_Twist
Rose,N,0,13,Oliver_Twist
Rose,C,0,13,Oliver_Twist
Rose,I,0,13,Oliver_Twist
Rose,A,0,13,Oliver_Twist
Rose,DC,0,13,Oliver_Twist
Rose,DN,0,13,Oliver_Twist
Sikes,N,0,13,Oliver_Twist
Sikes,C,0,13,Oliver_Twist
Sikes,I,0,13,Oliver_Twist
Sikes,A,0,13,Oliver_Twist
Sikes,DC,0,13,Oliver_Twist
Sikes,DN,0,13,Oliver_Twist
Spyers,N,0,13,Oliver_Twist
Spyers,C,0,13,Oliver_Twist
Spyers,I,0,13,Oliver_Twist
Spyers,A,0,13,Oliver_Twist
Spyers,DC,0,13,Oliver_Twist
Spyers,DN,0,13,Oliver_Twist
The Jew,N,0,13,Oliver_Twist
The Jew,C,0,13,Oliver_Twist
The Jew,I,0,13,Oliver_Twist
The Jew,A,0,13,Oliver_Twist
The Jew,DC,0,13,Oliver_Twist
The Jew,DN,0,13,Oliver_Twist
Toby,N,0,13,Oliver_Twist
Toby,C,0,13,Oliver_Twist
Toby,I,0,13,Oliver_Twist
Toby,A,0,13,Oliver_Twist
Toby,DC,0,13,Oliver_Twist
Toby,DN,0,13,Oliver_Twist
Tom,N,0,13,Oliver_Twist
Tom,C,0,13,Oliver_Twist
Tom,I,0,13,Oliver_Twist
Tom,A,0,13,Oliver_Twist
Tom,DC,0,13,Oliver_Twist
Tom,DN,0,13,Oliver_Twist
Work’us,N,0,13,Oliver_Twist
Work’us,C,0,13,Oliver_Twist
Work’us,I,0,13,Oliver_Twist
Work’us,A,0,13,Oliver_Twist
Work’us,DC,0,13,Oliver_Twist
Work’us,DN,0,13,Oliver_Twist
old Sally,N,0,13,Oliver_Twist
old Sally,C,0,13,Oliver_Twist
old Sally,I,0,13,Oliver_Twist
old Sally,A,0,13,Oliver_Twist
old Sally,DC,0,13,Oliver_Twist
old Sally,DN,0,13,Oliver_Twist
the Clerkinwell Sessions,N,0,13,Oliver_Twist
the Clerkinwell Sessions,C,0,13,Oliver_Twist
the Clerkinwell Sessions,I,0,13,Oliver_Twist
the Clerkinwell Sessions,A,0,13,Oliver_Twist
the Clerkinwell Sessions,DC,0,13,Oliver_Twist
the Clerkinwell Sessions,DN,0,13,Oliver_Twist
the Cripples,N,0,13,Oliver_Twist
the Cripples,C,0,13,Oliver_Twist
the Cripples,I,0,13,Oliver_Twist
the Cripples,A,0,13,Oliver_Twist
the Cripples,DC,0,13,Oliver_Twist
the Cripples,DN,0,13,Oliver_Twist
the Dodger,N,4,13,Oliver_Twist
the Dodger,C,2,13,Oliver_Twist
the Dodger,I,0,13,Oliver_Twist
the Dodger,A,3,13,Oliver_Twist
the Dodger,DC,0,13,Oliver_Twist
the Dodger,DN,0,13,Oliver_Twist
Agnes,N,0,14,Oliver_Twist
Agnes,C,0,14,Oliver_Twist
Agnes,I,0,14,Oliver_Twist
Agnes,A,0,14,Oliver_Twist
Agnes,DC,0,14,Oliver_Twist
Agnes,DN,0,14,Oliver_Twist
Barney,N,0,14,Oliver_Twist
Barney,C,0,14,Oliver_Twist
Barney,I,0,14,Oliver_Twist
Barney,A,0,14,Oliver_Twist
Barney,DC,0,14,Oliver_Twist
Barney,DN,0,14,Oliver_Twist
Bet,N,0,14,Oliver_Twist
Bet,C,0,14,Oliver_Twist
Bet,I,0,14,Oliver_Twist
Bet,A,0,14,Oliver_Twist
Bet,DC,0,14,Oliver_Twist
Bet,DN,0,14,Oliver_Twist
Blathers,N,0,14,Oliver_Twist
Blathers,C,0,14,Oliver_Twist
Blathers,I,0,14,Oliver_Twist
Blathers,A,0,14,Oliver_Twist
Blathers,DC,0,14,Oliver_Twist
Blathers,DN,0,14,Oliver_Twist
Brittles,N,0,14,Oliver_Twist
Brittles,C,0,14,Oliver_Twist
Brittles,I,0,14,Oliver_Twist
Brittles,A,0,14,Oliver_Twist
Brittles,DC,0,14,Oliver_Twist
Brittles,DN,0,14,Oliver_Twist
Charlotte,N,0,14,Oliver_Twist
Charlotte,C,0,14,Oliver_Twist
Charlotte,I,0,14,Oliver_Twist
Charlotte,A,0,14,Oliver_Twist
Charlotte,DC,0,14,Oliver_Twist
Charlotte,DN,0,14,Oliver_Twist
Chickweed,N,0,14,Oliver_Twist
Chickweed,C,0,14,Oliver_Twist
Chickweed,I,0,14,Oliver_Twist
Chickweed,A,0,14,Oliver_Twist
Chickweed,DC,0,14,Oliver_Twist
Chickweed,DN,0,14,Oliver_Twist
Cod,N,0,14,Oliver_Twist
Cod,C,0,14,Oliver_Twist
Cod,I,0,14,Oliver_Twist
Cod,A,0,14,Oliver_Twist
Cod,DC,0,14,Oliver_Twist
Cod,DN,0,14,Oliver_Twist
Dick,N,0,14,Oliver_Twist
Dick,C,0,14,Oliver_Twist
Dick,I,0,14,Oliver_Twist
Dick,A,0,14,Oliver_Twist
Dick,DC,0,14,Oliver_Twist
Dick,DN,0,14,Oliver_Twist
Duff,N,0,14,Oliver_Twist
Duff,C,0,14,Oliver_Twist
Duff,I,0,14,Oliver_Twist
Duff,A,0,14,Oliver_Twist
Duff,DC,0,14,Oliver_Twist
Duff,DN,0,14,Oliver_Twist
Fagin,N,0,14,Oliver_Twist
Fagin,C,0,14,Oliver_Twist
Fagin,I,0,14,Oliver_Twist
Fagin,A,0,14,Oliver_Twist
Fagin,DC,0,14,Oliver_Twist
Fagin,DN,0,14,Oliver_Twist
Faguey,N,0,14,Oliver_Twist
Faguey,C,0,14,Oliver_Twist
Faguey,I,0,14,Oliver_Twist
Faguey,A,0,14,Oliver_Twist
Faguey,DC,0,14,Oliver_Twist
Faguey,DN,0,14,Oliver_Twist
God,N,0,14,Oliver_Twist
God,C,0,14,Oliver_Twist
God,I,0,14,Oliver_Twist
God,A,0,14,Oliver_Twist
God,DC,0,14,Oliver_Twist
God,DN,0,14,Oliver_Twist
Harry,N,0,14,Oliver_Twist
Harry,C,0,14,Oliver_Twist
Harry,I,0,14,Oliver_Twist
Harry,A,0,14,Oliver_Twist
Harry,DC,0,14,Oliver_Twist
Harry,DN,0,14,Oliver_Twist
Heaven,N,1,14,Oliver_Twist
Heaven,C,0,14,Oliver_Twist
Heaven,I,0,14,Oliver_Twist
Heaven,A,0,14,Oliver_Twist
Heaven,DC,0,14,Oliver_Twist
Heaven,DN,0,14,Oliver_Twist
Jack Dawkins,N,0,14,Oliver_Twist
Jack Dawkins,C,0,14,Oliver_Twist
Jack Dawkins,I,0,14,Oliver_Twist
Jack Dawkins,A,0,14,Oliver_Twist
Jack Dawkins,DC,0,14,Oliver_Twist
Jack Dawkins,DN,0,14,Oliver_Twist
Kags,N,0,14,Oliver_Twist
Kags,C,0,14,Oliver_Twist
Kags,I,0,14,Oliver_Twist
Kags,A,0,14,Oliver_Twist
Kags,DC,0,14,Oliver_Twist
Kags,DN,0,14,Oliver_Twist
Little Oliver,N,0,14,Oliver_Twist
Little Oliver,C,0,14,Oliver_Twist
Little Oliver,I,0,14,Oliver_Twist
Little Oliver,A,0,14,Oliver_Twist
Little Oliver,DC,0,14,Oliver_Twist
Little Oliver,DN,0,14,Oliver_Twist
Lor,N,0,14,Oliver_Twist
Lor,C,0,14,Oliver_Twist
Lor,I,0,14,Oliver_Twist
Lor,A,0,14,Oliver_Twist
Lor,DC,0,14,Oliver_Twist
Lor,DN,0,14,Oliver_Twist
Master Bates,N,0,14,Oliver_Twist
Master Bates,C,0,14,Oliver_Twist
Master Bates,I,0,14,Oliver_Twist
Master Bates,A,0,14,Oliver_Twist
Master Bates,DC,0,14,Oliver_Twist
Master Bates,DN,0,14,Oliver_Twist
Messrs. Blathers,N,0,14,Oliver_Twist
Messrs. Blathers,C,0,14,Oliver_Twist
Messrs. Blathers,I,0,14,Oliver_Twist
Messrs. Blathers,A,0,14,Oliver_Twist
Messrs. Blathers,DC,0,14,Oliver_Twist
Messrs. Blathers,DN,0,14,Oliver_Twist
Miss Maylie,N,0,14,Oliver_Twist
Miss Maylie,C,0,14,Oliver_Twist
Miss Maylie,I,0,14,Oliver_Twist
Miss Maylie,A,0,14,Oliver_Twist
Miss Maylie,DC,0,14,Oliver_Twist
Miss Maylie,DN,0,14,Oliver_Twist
Monks,N,0,14,Oliver_Twist
Monks,C,0,14,Oliver_Twist
Monks,I,0,14,Oliver_Twist
Monks,A,0,14,Oliver_Twist
Monks,DC,0,14,Oliver_Twist
Monks,DN,0,14,Oliver_Twist
Mr. Bolter,N,0,14,Oliver_Twist
Mr. Bolter,C,0,14,Oliver_Twist
Mr. Bolter,I,0,14,Oliver_Twist
Mr. Bolter,A,0,14,Oliver_Twist
Mr. Bolter,DC,0,14,Oliver_Twist
Mr. Bolter,DN,0,14,Oliver_Twist
Mr. Browlow,N,0,14,Oliver_Twist
Mr. Browlow,C,0,14,Oliver_Twist
Mr. Browlow,I,0,14,Oliver_Twist
Mr. Browlow,A,0,14,Oliver_Twist
Mr. Browlow,DC,0,14,Oliver_Twist
Mr. Browlow,DN,0,14,Oliver_Twist
Mr. Brownlow,N,16,14,Oliver_Twist
Mr. Brownlow,C,7,14,Oliver_Twist
Mr. Brownlow,I,4,14,Oliver_Twist
Mr. Brownlow,A,15,14,Oliver_Twist
Mr. Brownlow,DC,6,14,Oliver_Twist
Mr. Brownlow,DN,1,14,Oliver_Twist
Mr. Bumble,N,0,14,Oliver_Twist
Mr. Bumble,C,0,14,Oliver_Twist
Mr. Bumble,I,0,14,Oliver_Twist
Mr. Bumble,A,0,14,Oliver_Twist
Mr. Bumble,DC,0,14,Oliver_Twist
Mr. Bumble,DN,0,14,Oliver_Twist
Mr. Chitling,N,0,14,Oliver_Twist
Mr. Chitling,C,0,14,Oliver_Twist
Mr. Chitling,I,0,14,Oliver_Twist
Mr. Chitling,A,0,14,Oliver_Twist
Mr. Chitling,DC,0,14,Oliver_Twist
Mr. Chitling,DN,0,14,Oliver_Twist
Mr. Dawkins,N,0,14,Oliver_Twist
Mr. Dawkins,C,0,14,Oliver_Twist
Mr. Dawkins,I,0,14,Oliver_Twist
Mr. Dawkins,A,0,14,Oliver_Twist
Mr. Dawkins,DC,0,14,Oliver_Twist
Mr. Dawkins,DN,0,14,Oliver_Twist
Mr. Fang,N,33,14,Oliver_Twist
Mr. Fang,C,43,14,Oliver_Twist
Mr. Fang,I,8,14,Oliver_Twist
Mr. Fang,A,11,14,Oliver_Twist
Mr. Fang,DC,0,14,Oliver_Twist
Mr. Fang,DN,5,14,Oliver_Twist
Mr. Gamfield,N,0,14,Oliver_Twist
Mr. Gamfield,C,0,14,Oliver_Twist
Mr. Gamfield,I,0,14,Oliver_Twist
Mr. Gamfield,A,0,14,Oliver_Twist
Mr. Gamfield,DC,0,14,Oliver_Twist
Mr. Gamfield,DN,0,14,Oliver_Twist
Mr. Giles,N,0,14,Oliver_Twist
Mr. Giles,C,0,14,Oliver_Twist
Mr. Giles,I,0,14,Oliver_Twist
Mr. Giles,A,0,14,Oliver_Twist
Mr. Giles,DC,0,14,Oliver_Twist
Mr. Giles,DN,0,14,Oliver_Twist
Mr. Grimwig,N,0,14,Oliver_Twist
Mr. Grimwig,C,0,14,Oliver_Twist
Mr. Grimwig,I,0,14,Oliver_Twist
Mr. Grimwig,A,0,14,Oliver_Twist
Mr. Grimwig,DC,0,14,Oliver_Twist
Mr. Grimwig,DN,0,14,Oliver_Twist
Mr. Limbkins,N,0,14,Oliver_Twist
Mr. Limbkins,C,0,14,Oliver_Twist
Mr. Limbkins,I,0,14,Oliver_Twist
Mr. Limbkins,A,0,14,Oliver_Twist
Mr. Limbkins,DC,0,14,Oliver_Twist
Mr. Limbkins,DN,0,14,Oliver_Twist
Mr. Lively,N,0,14,Oliver_Twist
Mr. Lively,C,0,14,Oliver_Twist
Mr. Lively,I,0,14,Oliver_Twist
Mr. Lively,A,0,14,Oliver_Twist
Mr. Lively,DC,0,14,Oliver_Twist
Mr. Lively,DN,0,14,Oliver_Twist
Mr. Losberne,N,0,14,Oliver_Twist
Mr. Losberne,C,0,14,Oliver_Twist
Mr. Losberne,I,0,14,Oliver_Twist
Mr. Losberne,A,0,14,Oliver_Twist
Mr. Losberne,DC,0,14,Oliver_Twist
Mr. Losberne,DN,0,14,Oliver_Twist
Mr. Maylie,N,0,14,Oliver_Twist
Mr. Maylie,C,0,14,Oliver_Twist
Mr. Maylie,I,0,14,Oliver_Twist
Mr. Maylie,A,0,14,Oliver_Twist
Mr. Maylie,DC,0,14,Oliver_Twist
Mr. Maylie,DN,0,14,Oliver_Twist
Mr. Sikes,N,0,14,Oliver_Twist
Mr. Sikes,C,0,14,Oliver_Twist
Mr. Sikes,I,0,14,Oliver_Twist
Mr. Sikes,A,0,14,Oliver_Twist
Mr. Sikes,DC,0,14,Oliver_Twist
Mr. Sikes,DN,0,14,Oliver_Twist
Mr. Sowerberry,N,0,14,Oliver_Twist
Mr. Sowerberry,C,0,14,Oliver_Twist
Mr. Sowerberry,I,0,14,Oliver_Twist
Mr. Sowerberry,A,0,14,Oliver_Twist
Mr. Sowerberry,DC,0,14,Oliver_Twist
Mr. Sowerberry,DN,0,14,Oliver_Twist
Mrs. Bedwin,N,0,14,Oliver_Twist
Mrs. Bedwin,C,0,14,Oliver_Twist
Mrs. Bedwin,I,0,14,Oliver_Twist
Mrs. Bedwin,A,0,14,Oliver_Twist
Mrs. Bedwin,DC,0,14,Oliver_Twist
Mrs. Bedwin,DN,0,14,Oliver_Twist
Mrs. Bolter,N,0,14,Oliver_Twist
Mrs. Bolter,C,0,14,Oliver_Twist
Mrs. Bolter,I,0,14,Oliver_Twist
Mrs. Bolter,A,0,14,Oliver_Twist
Mrs. Bolter,DC,0,14,Oliver_Twist
Mrs. Bolter,DN,0,14,Oliver_Twist
Mrs. Corney,N,0,14,Oliver_Twist
Mrs. Corney,C,0,14,Oliver_Twist
Mrs. Corney,I,0,14,Oliver_Twist
Mrs. Corney,A,0,14,Oliver_Twist
Mrs. Corney,DC,0,14,Oliver_Twist
Mrs. Corney,DN,0,14,Oliver_Twist
Mrs. Mann,N,0,14,Oliver_Twist
Mrs. Mann,C,0,14,Oliver_Twist
Mrs. Mann,I,0,14,Oliver_Twist
Mrs. Mann,A,0,14,Oliver_Twist
Mrs. Mann,DC,0,14,Oliver_Twist
Mrs. Mann,DN,0,14,Oliver_Twist
Mrs. Maylie,N,0,14,Oliver_Twist
Mrs. Maylie,C,0,14,Oliver_Twist
Mrs. Maylie,I,0,14,Oliver_Twist
Mrs. Maylie,A,0,14,Oliver_Twist
Mrs. Maylie,DC,0,14,Oliver_Twist
Mrs. Maylie,DN,0,14,Oliver_Twist
Mrs. Sowerberry,N,0,14,Oliver_Twist
Mrs. Sowerberry,C,0,14,Oliver_Twist
Mrs. Sowerberry,I,0,14,Oliver_Twist
Mrs. Sowerberry,A,0,14,Oliver_Twist
Mrs. Sowerberry,DC,0,14,Oliver_Twist
Mrs. Sowerberry,DN,0,14,Oliver_Twist
Nancy,N,0,14,Oliver_Twist
Nancy,C,0,14,Oliver_Twist
Nancy,I,0,14,Oliver_Twist
Nancy,A,0,14,Oliver_Twist
Nancy,DC,0,14,Oliver_Twist
Nancy,DN,0,14,Oliver_Twist
Noah,N,0,14,Oliver_Twist
Noah,C,0,14,Oliver_Twist
Noah,I,0,14,Oliver_Twist
Noah,A,0,14,Oliver_Twist
Noah,DC,0,14,Oliver_Twist
Noah,DN,0,14,Oliver_Twist
Oliver,N,8,14,Oliver_Twist
Oliver,C,0,14,Oliver_Twist
Oliver,I,0,14,Oliver_Twist
Oliver,A,8,14,Oliver_Twist
Oliver,DC,0,14,Oliver_Twist
Oliver,DN,1,14,Oliver_Twist
Rose,N,0,14,Oliver_Twist
Rose,C,0,14,Oliver_Twist
Rose,I,0,14,Oliver_Twist
Rose,A,0,14,Oliver_Twist
Rose,DC,0,14,Oliver_Twist
Rose,DN,0,14,Oliver_Twist
Sikes,N,0,14,Oliver_Twist
Sikes,C,0,14,Oliver_Twist
Sikes,I,0,14,Oliver_Twist
Sikes,A,0,14,Oliver_Twist
Sikes,DC,0,14,Oliver_Twist
Sikes,DN,0,14,Oliver_Twist
Spyers,N,0,14,Oliver_Twist
Spyers,C,0,14,Oliver_Twist
Spyers,I,0,14,Oliver_Twist
Spyers,A,0,14,Oliver_Twist
Spyers,DC,0,14,Oliver_Twist
Spyers,DN,0,14,Oliver_Twist
The Jew,N,0,14,Oliver_Twist
The Jew,C,0,14,Oliver_Twist
The Jew,I,0,14,Oliver_Twist
The Jew,A,0,14,Oliver_Twist
The Jew,DC,0,14,Oliver_Twist
The Jew,DN,0,14,Oliver_Twist
Toby,N,0,14,Oliver_Twist
Toby,C,0,14,Oliver_Twist
Toby,I,0,14,Oliver_Twist
Toby,A,0,14,Oliver_Twist
Toby,DC,0,14,Oliver_Twist
Toby,DN,0,14,Oliver_Twist
Tom,N,0,14,Oliver_Twist
Tom,C,0,14,Oliver_Twist
Tom,I,0,14,Oliver_Twist
Tom,A,0,14,Oliver_Twist
Tom,DC,0,14,Oliver_Twist
Tom,DN,0,14,Oliver_Twist
Work’us,N,0,14,Oliver_Twist
Work’us,C,0,14,Oliver_Twist
Work’us,I,0,14,Oliver_Twist
Work’us,A,0,14,Oliver_Twist
Work’us,DC,0,14,Oliver_Twist
Work’us,DN,0,14,Oliver_Twist
old Sally,N,0,14,Oliver_Twist
old Sally,C,0,14,Oliver_Twist
old Sally,I,0,14,Oliver_Twist
old Sally,A,0,14,Oliver_Twist
old Sally,DC,0,14,Oliver_Twist
old Sally,DN,0,14,Oliver_Twist
the Clerkinwell Sessions,N,0,14,Oliver_Twist
the Clerkinwell Sessions,C,0,14,Oliver_Twist
the Clerkinwell Sessions,I,0,14,Oliver_Twist
the Clerkinwell Sessions,A,0,14,Oliver_Twist
the Clerkinwell Sessions,DC,0,14,Oliver_Twist
the Clerkinwell Sessions,DN,0,14,Oliver_Twist
the Cripples,N,0,14,Oliver_Twist
the Cripples,C,0,14,Oliver_Twist
the Cripples,I,0,14,Oliver_Twist
the Cripples,A,0,14,Oliver_Twist
the Cripples,DC,0,14,Oliver_Twist
the Cripples,DN,0,14,Oliver_Twist
the Dodger,N,0,14,Oliver_Twist
the Dodger,C,0,14,Oliver_Twist
the Dodger,I,0,14,Oliver_Twist
the Dodger,A,0,14,Oliver_Twist
the Dodger,DC,0,14,Oliver_Twist
the Dodger,DN,0,14,Oliver_Twist
Agnes,N,0,15,Oliver_Twist
Agnes,C,0,15,Oliver_Twist
Agnes,I,0,15,Oliver_Twist
Agnes,A,0,15,Oliver_Twist
Agnes,DC,0,15,Oliver_Twist
Agnes,DN,0,15,Oliver_Twist
Barney,N,0,15,Oliver_Twist
Barney,C,0,15,Oliver_Twist
Barney,I,0,15,Oliver_Twist
Barney,A,0,15,Oliver_Twist
Barney,DC,0,15,Oliver_Twist
Barney,DN,0,15,Oliver_Twist
Bet,N,0,15,Oliver_Twist
Bet,C,0,15,Oliver_Twist
Bet,I,0,15,Oliver_Twist
Bet,A,0,15,Oliver_Twist
Bet,DC,0,15,Oliver_Twist
Bet,DN,0,15,Oliver_Twist
Blathers,N,0,15,Oliver_Twist
Blathers,C,0,15,Oliver_Twist
Blathers,I,0,15,Oliver_Twist
Blathers,A,0,15,Oliver_Twist
Blathers,DC,0,15,Oliver_Twist
Blathers,DN,0,15,Oliver_Twist
Brittles,N,0,15,Oliver_Twist
Brittles,C,0,15,Oliver_Twist
Brittles,I,0,15,Oliver_Twist
Brittles,A,0,15,Oliver_Twist
Brittles,DC,0,15,Oliver_Twist
Brittles,DN,0,15,Oliver_Twist
Charlotte,N,0,15,Oliver_Twist
Charlotte,C,0,15,Oliver_Twist
Charlotte,I,0,15,Oliver_Twist
Charlotte,A,0,15,Oliver_Twist
Charlotte,DC,0,15,Oliver_Twist
Charlotte,DN,0,15,Oliver_Twist
Chickweed,N,0,15,Oliver_Twist
Chickweed,C,0,15,Oliver_Twist
Chickweed,I,0,15,Oliver_Twist
Chickweed,A,0,15,Oliver_Twist
Chickweed,DC,0,15,Oliver_Twist
Chickweed,DN,0,15,Oliver_Twist
Cod,N,0,15,Oliver_Twist
Cod,C,0,15,Oliver_Twist
Cod,I,0,15,Oliver_Twist
Cod,A,0,15,Oliver_Twist
Cod,DC,0,15,Oliver_Twist
Cod,DN,0,15,Oliver_Twist
Dick,N,0,15,Oliver_Twist
Dick,C,0,15,Oliver_Twist
Dick,I,0,15,Oliver_Twist
Dick,A,0,15,Oliver_Twist
Dick,DC,0,15,Oliver_Twist
Dick,DN,0,15,Oliver_Twist
Duff,N,0,15,Oliver_Twist
Duff,C,0,15,Oliver_Twist
Duff,I,0,15,Oliver_Twist
Duff,A,0,15,Oliver_Twist
Duff,DC,0,15,Oliver_Twist
Duff,DN,0,15,Oliver_Twist
Fagin,N,1,15,Oliver_Twist
Fagin,C,0,15,Oliver_Twist
Fagin,I,0,15,Oliver_Twist
Fagin,A,0,15,Oliver_Twist
Fagin,DC,0,15,Oliver_Twist
Fagin,DN,0,15,Oliver_Twist
Faguey,N,0,15,Oliver_Twist
Faguey,C,0,15,Oliver_Twist
Faguey,I,0,15,Oliver_Twist
Faguey,A,0,15,Oliver_Twist
Faguey,DC,0,15,Oliver_Twist
Faguey,DN,0,15,Oliver_Twist
God,N,0,15,Oliver_Twist
God,C,0,15,Oliver_Twist
God,I,0,15,Oliver_Twist
God,A,0,15,Oliver_Twist
God,DC,0,15,Oliver_Twist
God,DN,0,15,Oliver_Twist
Harry,N,0,15,Oliver_Twist
Harry,C,0,15,Oliver_Twist
Harry,I,0,15,Oliver_Twist
Harry,A,0,15,Oliver_Twist
Harry,DC,0,15,Oliver_Twist
Harry,DN,0,15,Oliver_Twist
Heaven,N,0,15,Oliver_Twist
Heaven,C,0,15,Oliver_Twist
Heaven,I,0,15,Oliver_Twist
Heaven,A,0,15,Oliver_Twist
Heaven,DC,0,15,Oliver_Twist
Heaven,DN,0,15,Oliver_Twist
Jack Dawkins,N,0,15,Oliver_Twist
Jack Dawkins,C,0,15,Oliver_Twist
Jack Dawkins,I,0,15,Oliver_Twist
Jack Dawkins,A,0,15,Oliver_Twist
Jack Dawkins,DC,0,15,Oliver_Twist
Jack Dawkins,DN,0,15,Oliver_Twist
Kags,N,0,15,Oliver_Twist
Kags,C,0,15,Oliver_Twist
Kags,I,0,15,Oliver_Twist
Kags,A,0,15,Oliver_Twist
Kags,DC,0,15,Oliver_Twist
Kags,DN,0,15,Oliver_Twist
Little Oliver,N,0,15,Oliver_Twist
Little Oliver,C,0,15,Oliver_Twist
Little Oliver,I,0,15,Oliver_Twist
Little Oliver,A,0,15,Oliver_Twist
Little Oliver,DC,0,15,Oliver_Twist
Little Oliver,DN,0,15,Oliver_Twist
Lor,N,0,15,Oliver_Twist
Lor,C,0,15,Oliver_Twist
Lor,I,0,15,Oliver_Twist
Lor,A,0,15,Oliver_Twist
Lor,DC,0,15,Oliver_Twist
Lor,DN,0,15,Oliver_Twist
Master Bates,N,11,15,Oliver_Twist
Master Bates,C,7,15,Oliver_Twist
Master Bates,I,2,15,Oliver_Twist
Master Bates,A,8,15,Oliver_Twist
Master Bates,DC,1,15,Oliver_Twist
Master Bates,DN,0,15,Oliver_Twist
Messrs. Blathers,N,0,15,Oliver_Twist
Messrs. Blathers,C,0,15,Oliver_Twist
Messrs. Blathers,I,0,15,Oliver_Twist
Messrs. Blathers,A,0,15,Oliver_Twist
Messrs. Blathers,DC,0,15,Oliver_Twist
Messrs. Blathers,DN,0,15,Oliver_Twist
Miss Maylie,N,0,15,Oliver_Twist
Miss Maylie,C,0,15,Oliver_Twist
Miss Maylie,I,0,15,Oliver_Twist
Miss Maylie,A,0,15,Oliver_Twist
Miss Maylie,DC,0,15,Oliver_Twist
Miss Maylie,DN,0,15,Oliver_Twist
Monks,N,0,15,Oliver_Twist
Monks,C,0,15,Oliver_Twist
Monks,I,0,15,Oliver_Twist
Monks,A,0,15,Oliver_Twist
Monks,DC,0,15,Oliver_Twist
Monks,DN,0,15,Oliver_Twist
Mr. Bolter,N,0,15,Oliver_Twist
Mr. Bolter,C,0,15,Oliver_Twist
Mr. Bolter,I,0,15,Oliver_Twist
Mr. Bolter,A,0,15,Oliver_Twist
Mr. Bolter,DC,0,15,Oliver_Twist
Mr. Bolter,DN,0,15,Oliver_Twist
Mr. Browlow,N,0,15,Oliver_Twist
Mr. Browlow,C,0,15,Oliver_Twist
Mr. Browlow,I,0,15,Oliver_Twist
Mr. Browlow,A,0,15,Oliver_Twist
Mr. Browlow,DC,0,15,Oliver_Twist
Mr. Browlow,DN,0,15,Oliver_Twist
Mr. Brownlow,N,11,15,Oliver_Twist
Mr. Brownlow,C,12,15,Oliver_Twist
Mr. Brownlow,I,5,15,Oliver_Twist
Mr. Brownlow,A,6,15,Oliver_Twist
Mr. Brownlow,DC,0,15,Oliver_Twist
Mr. Brownlow,DN,0,15,Oliver_Twist
Mr. Bumble,N,0,15,Oliver_Twist
Mr. Bumble,C,0,15,Oliver_Twist
Mr. Bumble,I,0,15,Oliver_Twist
Mr. Bumble,A,0,15,Oliver_Twist
Mr. Bumble,DC,0,15,Oliver_Twist
Mr. Bumble,DN,0,15,Oliver_Twist
Mr. Chitling,N,0,15,Oliver_Twist
Mr. Chitling,C,0,15,Oliver_Twist
Mr. Chitling,I,0,15,Oliver_Twist
Mr. Chitling,A,0,15,Oliver_Twist
Mr. Chitling,DC,0,15,Oliver_Twist
Mr. Chitling,DN,0,15,Oliver_Twist
Mr. Dawkins,N,1,15,Oliver_Twist
Mr. Dawkins,C,0,15,Oliver_Twist
Mr. Dawkins,I,0,15,Oliver_Twist
Mr. Dawkins,A,0,15,Oliver_Twist
Mr. Dawkins,DC,0,15,Oliver_Twist
Mr. Dawkins,DN,0,15,Oliver_Twist
Mr. Fang,N,0,15,Oliver_Twist
Mr. Fang,C,0,15,Oliver_Twist
Mr. Fang,I,0,15,Oliver_Twist
Mr. Fang,A,0,15,Oliver_Twist
Mr. Fang,DC,0,15,Oliver_Twist
Mr. Fang,DN,0,15,Oliver_Twist
Mr. Gamfield,N,0,15,Oliver_Twist
Mr. Gamfield,C,0,15,Oliver_Twist
Mr. Gamfield,I,0,15,Oliver_Twist
Mr. Gamfield,A,0,15,Oliver_Twist
Mr. Gamfield,DC,0,15,Oliver_Twist
Mr. Gamfield,DN,0,15,Oliver_Twist
Mr. Giles,N,0,15,Oliver_Twist
Mr. Giles,C,0,15,Oliver_Twist
Mr. Giles,I,0,15,Oliver_Twist
Mr. Giles,A,0,15,Oliver_Twist
Mr. Giles,DC,0,15,Oliver_Twist
Mr. Giles,DN,0,15,Oliver_Twist
Mr. Grimwig,N,0,15,Oliver_Twist
Mr. Grimwig,C,0,15,Oliver_Twist
Mr. Grimwig,I,0,15,Oliver_Twist
Mr. Grimwig,A,0,15,Oliver_Twist
Mr. Grimwig,DC,0,15,Oliver_Twist
Mr. Grimwig,DN,0,15,Oliver_Twist
Mr. Limbkins,N,0,15,Oliver_Twist
Mr. Limbkins,C,0,15,Oliver_Twist
Mr. Limbkins,I,0,15,Oliver_Twist
Mr. Limbkins,A,0,15,Oliver_Twist
Mr. Limbkins,DC,0,15,Oliver_Twist
Mr. Limbkins,DN,0,15,Oliver_Twist
Mr. Lively,N,0,15,Oliver_Twist
Mr. Lively,C,0,15,Oliver_Twist
Mr. Lively,I,0,15,Oliver_Twist
Mr. Lively,A,0,15,Oliver_Twist
Mr. Lively,DC,0,15,Oliver_Twist
Mr. Lively,DN,0,15,Oliver_Twist
Mr. Losberne,N,0,15,Oliver_Twist
Mr. Losberne,C,0,15,Oliver_Twist
Mr. Losberne,I,0,15,Oliver_Twist
Mr. Losberne,A,0,15,Oliver_Twist
Mr. Losberne,DC,0,15,Oliver_Twist
Mr. Losberne,DN,0,15,Oliver_Twist
Mr. Maylie,N,0,15,Oliver_Twist
Mr. Maylie,C,0,15,Oliver_Twist
Mr. Maylie,I,0,15,Oliver_Twist
Mr. Maylie,A,0,15,Oliver_Twist
Mr. Maylie,DC,0,15,Oliver_Twist
Mr. Maylie,DN,0,15,Oliver_Twist
Mr. Sikes,N,0,15,Oliver_Twist
Mr. Sikes,C,0,15,Oliver_Twist
Mr. Sikes,I,0,15,Oliver_Twist
Mr. Sikes,A,0,15,Oliver_Twist
Mr. Sikes,DC,0,15,Oliver_Twist
Mr. Sikes,DN,0,15,Oliver_Twist
Mr. Sowerberry,N,0,15,Oliver_Twist
Mr. Sowerberry,C,0,15,Oliver_Twist
Mr. Sowerberry,I,0,15,Oliver_Twist
Mr. Sowerberry,A,0,15,Oliver_Twist
Mr. Sowerberry,DC,0,15,Oliver_Twist
Mr. Sowerberry,DN,0,15,Oliver_Twist
Mrs. Bedwin,N,10,15,Oliver_Twist
Mrs. Bedwin,C,3,15,Oliver_Twist
Mrs. Bedwin,I,2,15,Oliver_Twist
Mrs. Bedwin,A,5,15,Oliver_Twist
Mrs. Bedwin,DC,4,15,Oliver_Twist
Mrs. Bedwin,DN,0,15,Oliver_Twist
Mrs. Bolter,N,0,15,Oliver_Twist
Mrs. Bolter,C,0,15,Oliver_Twist
Mrs. Bolter,I,0,15,Oliver_Twist
Mrs. Bolter,A,0,15,Oliver_Twist
Mrs. Bolter,DC,0,15,Oliver_Twist
Mrs. Bolter,DN,0,15,Oliver_Twist
Mrs. Corney,N,0,15,Oliver_Twist
Mrs. Corney,C,0,15,Oliver_Twist
Mrs. Corney,I,0,15,Oliver_Twist
Mrs. Corney,A,0,15,Oliver_Twist
Mrs. Corney,DC,0,15,Oliver_Twist
Mrs. Corney,DN,0,15,Oliver_Twist
Mrs. Mann,N,0,15,Oliver_Twist
Mrs. Mann,C,0,15,Oliver_Twist
Mrs. Mann,I,0,15,Oliver_Twist
Mrs. Mann,A,0,15,Oliver_Twist
Mrs. Mann,DC,0,15,Oliver_Twist
Mrs. Mann,DN,0,15,Oliver_Twist
Mrs. Maylie,N,0,15,Oliver_Twist
Mrs. Maylie,C,0,15,Oliver_Twist
Mrs. Maylie,I,0,15,Oliver_Twist
Mrs. Maylie,A,0,15,Oliver_Twist
Mrs. Maylie,DC,0,15,Oliver_Twist
Mrs. Maylie,DN,0,15,Oliver_Twist
Mrs. Sowerberry,N,0,15,Oliver_Twist
Mrs. Sowerberry,C,0,15,Oliver_Twist
Mrs. Sowerberry,I,0,15,Oliver_Twist
Mrs. Sowerberry,A,0,15,Oliver_Twist
Mrs. Sowerberry,DC,0,15,Oliver_Twist
Mrs. Sowerberry,DN,0,15,Oliver_Twist
Nancy,N,0,15,Oliver_Twist
Nancy,C,0,15,Oliver_Twist
Nancy,I,0,15,Oliver_Twist
Nancy,A,0,15,Oliver_Twist
Nancy,DC,0,15,Oliver_Twist
Nancy,DN,0,15,Oliver_Twist
Noah,N,0,15,Oliver_Twist
Noah,C,0,15,Oliver_Twist
Noah,I,0,15,Oliver_Twist
Noah,A,0,15,Oliver_Twist
Noah,DC,0,15,Oliver_Twist
Noah,DN,0,15,Oliver_Twist
Oliver,N,45,15,Oliver_Twist
Oliver,C,24,15,Oliver_Twist
Oliver,I,17,15,Oliver_Twist
Oliver,A,32,15,Oliver_Twist
Oliver,DC,6,15,Oliver_Twist
Oliver,DN,15,15,Oliver_Twist
Rose,N,0,15,Oliver_Twist
Rose,C,0,15,Oliver_Twist
Rose,I,0,15,Oliver_Twist
Rose,A,0,15,Oliver_Twist
Rose,DC,0,15,Oliver_Twist
Rose,DN,0,15,Oliver_Twist
Sikes,N,0,15,Oliver_Twist
Sikes,C,0,15,Oliver_Twist
Sikes,I,0,15,Oliver_Twist
Sikes,A,0,15,Oliver_Twist
Sikes,DC,0,15,Oliver_Twist
Sikes,DN,0,15,Oliver_Twist
Spyers,N,0,15,Oliver_Twist
Spyers,C,0,15,Oliver_Twist
Spyers,I,0,15,Oliver_Twist
Spyers,A,0,15,Oliver_Twist
Spyers,DC,0,15,Oliver_Twist
Spyers,DN,0,15,Oliver_Twist
The Jew,N,0,15,Oliver_Twist
The Jew,C,0,15,Oliver_Twist
The Jew,I,0,15,Oliver_Twist
The Jew,A,0,15,Oliver_Twist
The Jew,DC,0,15,Oliver_Twist
The Jew,DN,0,15,Oliver_Twist
Toby,N,0,15,Oliver_Twist
Toby,C,0,15,Oliver_Twist
Toby,I,0,15,Oliver_Twist
Toby,A,0,15,Oliver_Twist
Toby,DC,0,15,Oliver_Twist
Toby,DN,0,15,Oliver_Twist
Tom,N,0,15,Oliver_Twist
Tom,C,0,15,Oliver_Twist
Tom,I,0,15,Oliver_Twist
Tom,A,0,15,Oliver_Twist
Tom,DC,0,15,Oliver_Twist
Tom,DN,0,15,Oliver_Twist
Work’us,N,0,15,Oliver_Twist
Work’us,C,0,15,Oliver_Twist
Work’us,I,0,15,Oliver_Twist
Work’us,A,0,15,Oliver_Twist
Work’us,DC,0,15,Oliver_Twist
Work’us,DN,0,15,Oliver_Twist
old Sally,N,0,15,Oliver_Twist
old Sally,C,0,15,Oliver_Twist
old Sally,I,0,15,Oliver_Twist
old Sally,A,0,15,Oliver_Twist
old Sally,DC,0,15,Oliver_Twist
old Sally,DN,0,15,Oliver_Twist
the Clerkinwell Sessions,N,0,15,Oliver_Twist
the Clerkinwell Sessions,C,0,15,Oliver_Twist
the Clerkinwell Sessions,I,0,15,Oliver_Twist
the Clerkinwell Sessions,A,0,15,Oliver_Twist
the Clerkinwell Sessions,DC,0,15,Oliver_Twist
the Clerkinwell Sessions,DN,0,15,Oliver_Twist
the Cripples,N,0,15,Oliver_Twist
the Cripples,C,0,15,Oliver_Twist
the Cripples,I,0,15,Oliver_Twist
the Cripples,A,0,15,Oliver_Twist
the Cripples,DC,0,15,Oliver_Twist
the Cripples,DN,0,15,Oliver_Twist
the Dodger,N,2,15,Oliver_Twist
the Dodger,C,1,15,Oliver_Twist
the Dodger,I,0,15,Oliver_Twist
the Dodger,A,1,15,Oliver_Twist
the Dodger,DC,0,15,Oliver_Twist
the Dodger,DN,0,15,Oliver_Twist
Agnes,N,0,16,Oliver_Twist
Agnes,C,0,16,Oliver_Twist
Agnes,I,0,16,Oliver_Twist
Agnes,A,0,16,Oliver_Twist
Agnes,DC,0,16,Oliver_Twist
Agnes,DN,0,16,Oliver_Twist
Barney,N,0,16,Oliver_Twist
Barney,C,0,16,Oliver_Twist
Barney,I,0,16,Oliver_Twist
Barney,A,0,16,Oliver_Twist
Barney,DC,0,16,Oliver_Twist
Barney,DN,0,16,Oliver_Twist
Bet,N,1,16,Oliver_Twist
Bet,C,0,16,Oliver_Twist
Bet,I,0,16,Oliver_Twist
Bet,A,1,16,Oliver_Twist
Bet,DC,0,16,Oliver_Twist
Bet,DN,0,16,Oliver_Twist
Blathers,N,0,16,Oliver_Twist
Blathers,C,0,16,Oliver_Twist
Blathers,I,0,16,Oliver_Twist
Blathers,A,0,16,Oliver_Twist
Blathers,DC,0,16,Oliver_Twist
Blathers,DN,0,16,Oliver_Twist
Brittles,N,0,16,Oliver_Twist
Brittles,C,0,16,Oliver_Twist
Brittles,I,0,16,Oliver_Twist
Brittles,A,0,16,Oliver_Twist
Brittles,DC,0,16,Oliver_Twist
Brittles,DN,0,16,Oliver_Twist
Charlotte,N,0,16,Oliver_Twist
Charlotte,C,0,16,Oliver_Twist
Charlotte,I,0,16,Oliver_Twist
Charlotte,A,0,16,Oliver_Twist
Charlotte,DC,0,16,Oliver_Twist
Charlotte,DN,0,16,Oliver_Twist
Chickweed,N,0,16,Oliver_Twist
Chickweed,C,0,16,Oliver_Twist
Chickweed,I,0,16,Oliver_Twist
Chickweed,A,0,16,Oliver_Twist
Chickweed,DC,0,16,Oliver_Twist
Chickweed,DN,0,16,Oliver_Twist
Cod,N,0,16,Oliver_Twist
Cod,C,0,16,Oliver_Twist
Cod,I,0,16,Oliver_Twist
Cod,A,0,16,Oliver_Twist
Cod,DC,0,16,Oliver_Twist
Cod,DN,0,16,Oliver_Twist
Dick,N,0,16,Oliver_Twist
Dick,C,0,16,Oliver_Twist
Dick,I,0,16,Oliver_Twist
Dick,A,0,16,Oliver_Twist
Dick,DC,0,16,Oliver_Twist
Dick,DN,0,16,Oliver_Twist
Duff,N,0,16,Oliver_Twist
Duff,C,0,16,Oliver_Twist
Duff,I,0,16,Oliver_Twist
Duff,A,0,16,Oliver_Twist
Duff,DC,0,16,Oliver_Twist
Duff,DN,0,16,Oliver_Twist
Fagin,N,9,16,Oliver_Twist
Fagin,C,0,16,Oliver_Twist
Fagin,I,0,16,Oliver_Twist
Fagin,A,1,16,Oliver_Twist
Fagin,DC,6,16,Oliver_Twist
Fagin,DN,0,16,Oliver_Twist
Faguey,N,0,16,Oliver_Twist
Faguey,C,0,16,Oliver_Twist
Faguey,I,0,16,Oliver_Twist
Faguey,A,0,16,Oliver_Twist
Faguey,DC,0,16,Oliver_Twist
Faguey,DN,0,16,Oliver_Twist
God,N,0,16,Oliver_Twist
God,C,0,16,Oliver_Twist
God,I,0,16,Oliver_Twist
God,A,0,16,Oliver_Twist
God,DC,0,16,Oliver_Twist
God,DN,0,16,Oliver_Twist
Harry,N,0,16,Oliver_Twist
Harry,C,0,16,Oliver_Twist
Harry,I,0,16,Oliver_Twist
Harry,A,0,16,Oliver_Twist
Harry,DC,0,16,Oliver_Twist
Harry,DN,0,16,Oliver_Twist
Heaven,N,0,16,Oliver_Twist
Heaven,C,0,16,Oliver_Twist
Heaven,I,0,16,Oliver_Twist
Heaven,A,0,16,Oliver_Twist
Heaven,DC,0,16,Oliver_Twist
Heaven,DN,0,16,Oliver_Twist
Jack Dawkins,N,0,16,Oliver_Twist
Jack Dawkins,C,0,16,Oliver_Twist
Jack Dawkins,I,0,16,Oliver_Twist
Jack Dawkins,A,0,16,Oliver_Twist
Jack Dawkins,DC,0,16,Oliver_Twist
Jack Dawkins,DN,0,16,Oliver_Twist
Kags,N,0,16,Oliver_Twist
Kags,C,0,16,Oliver_Twist
Kags,I,0,16,Oliver_Twist
Kags,A,0,16,Oliver_Twist
Kags,DC,0,16,Oliver_Twist
Kags,DN,0,16,Oliver_Twist
Little Oliver,N,0,16,Oliver_Twist
Little Oliver,C,0,16,Oliver_Twist
Little Oliver,I,0,16,Oliver_Twist
Little Oliver,A,0,16,Oliver_Twist
Little Oliver,DC,0,16,Oliver_Twist
Little Oliver,DN,0,16,Oliver_Twist
Lor,N,0,16,Oliver_Twist
Lor,C,0,16,Oliver_Twist
Lor,I,0,16,Oliver_Twist
Lor,A,0,16,Oliver_Twist
Lor,DC,0,16,Oliver_Twist
Lor,DN,0,16,Oliver_Twist
Master Bates,N,4,16,Oliver_Twist
Master Bates,C,0,16,Oliver_Twist
Master Bates,I,1,16,Oliver_Twist
Master Bates,A,5,16,Oliver_Twist
Master Bates,DC,0,16,Oliver_Twist
Master Bates,DN,0,16,Oliver_Twist
Messrs. Blathers,N,0,16,Oliver_Twist
Messrs. Blathers,C,0,16,Oliver_Twist
Messrs. Blathers,I,0,16,Oliver_Twist
Messrs. Blathers,A,0,16,Oliver_Twist
Messrs. Blathers,DC,0,16,Oliver_Twist
Messrs. Blathers,DN,0,16,Oliver_Twist
Miss Maylie,N,0,16,Oliver_Twist
Miss Maylie,C,0,16,Oliver_Twist
Miss Maylie,I,0,16,Oliver_Twist
Miss Maylie,A,0,16,Oliver_Twist
Miss Maylie,DC,0,16,Oliver_Twist
Miss Maylie,DN,0,16,Oliver_Twist
Monks,N,2,16,Oliver_Twist
Monks,C,0,16,Oliver_Twist
Monks,I,0,16,Oliver_Twist
Monks,A,2,16,Oliver_Twist
Monks,DC,1,16,Oliver_Twist
Monks,DN,0,16,Oliver_Twist
Mr. Bolter,N,0,16,Oliver_Twist
Mr. Bolter,C,0,16,Oliver_Twist
Mr. Bolter,I,0,16,Oliver_Twist
Mr. Bolter,A,0,16,Oliver_Twist
Mr. Bolter,DC,0,16,Oliver_Twist
Mr. Bolter,DN,0,16,Oliver_Twist
Mr. Browlow,N,0,16,Oliver_Twist
Mr. Browlow,C,0,16,Oliver_Twist
Mr. Browlow,I,0,16,Oliver_Twist
Mr. Browlow,A,0,16,Oliver_Twist
Mr. Browlow,DC,0,16,Oliver_Twist
Mr. Browlow,DN,0,16,Oliver_Twist
Mr. Brownlow,N,0,16,Oliver_Twist
Mr. Brownlow,C,0,16,Oliver_Twist
Mr. Brownlow,I,0,16,Oliver_Twist
Mr. Brownlow,A,0,16,Oliver_Twist
Mr. Brownlow,DC,0,16,Oliver_Twist
Mr. Brownlow,DN,0,16,Oliver_Twist
Mr. Bumble,N,0,16,Oliver_Twist
Mr. Bumble,C,0,16,Oliver_Twist
Mr. Bumble,I,0,16,Oliver_Twist
Mr. Bumble,A,0,16,Oliver_Twist
Mr. Bumble,DC,0,16,Oliver_Twist
Mr. Bumble,DN,0,16,Oliver_Twist
Mr. Chitling,N,0,16,Oliver_Twist
Mr. Chitling,C,0,16,Oliver_Twist
Mr. Chitling,I,0,16,Oliver_Twist
Mr. Chitling,A,0,16,Oliver_Twist
Mr. Chitling,DC,0,16,Oliver_Twist
Mr. Chitling,DN,0,16,Oliver_Twist
Mr. Dawkins,N,0,16,Oliver_Twist
Mr. Dawkins,C,0,16,Oliver_Twist
Mr. Dawkins,I,0,16,Oliver_Twist
Mr. Dawkins,A,0,16,Oliver_Twist
Mr. Dawkins,DC,0,16,Oliver_Twist
Mr. Dawkins,DN,0,16,Oliver_Twist
Mr. Fang,N,1,16,Oliver_Twist
Mr. Fang,C,0,16,Oliver_Twist
Mr. Fang,I,0,16,Oliver_Twist
Mr. Fang,A,2,16,Oliver_Twist
Mr. Fang,DC,0,16,Oliver_Twist
Mr. Fang,DN,0,16,Oliver_Twist
Mr. Gamfield,N,0,16,Oliver_Twist
Mr. Gamfield,C,0,16,Oliver_Twist
Mr. Gamfield,I,0,16,Oliver_Twist
Mr. Gamfield,A,0,16,Oliver_Twist
Mr. Gamfield,DC,0,16,Oliver_Twist
Mr. Gamfield,DN,0,16,Oliver_Twist
Mr. Giles,N,0,16,Oliver_Twist
Mr. Giles,C,0,16,Oliver_Twist
Mr. Giles,I,0,16,Oliver_Twist
Mr. Giles,A,0,16,Oliver_Twist
Mr. Giles,DC,0,16,Oliver_Twist
Mr. Giles,DN,0,16,Oliver_Twist
Mr. Grimwig,N,0,16,Oliver_Twist
Mr. Grimwig,C,0,16,Oliver_Twist
Mr. Grimwig,I,0,16,Oliver_Twist
Mr. Grimwig,A,0,16,Oliver_Twist
Mr. Grimwig,DC,0,16,Oliver_Twist
Mr. Grimwig,DN,0,16,Oliver_Twist
Mr. Limbkins,N,0,16,Oliver_Twist
Mr. Limbkins,C,0,16,Oliver_Twist
Mr. Limbkins,I,0,16,Oliver_Twist
Mr. Limbkins,A,0,16,Oliver_Twist
Mr. Limbkins,DC,0,16,Oliver_Twist
Mr. Limbkins,DN,0,16,Oliver_Twist
Mr. Lively,N,0,16,Oliver_Twist
Mr. Lively,C,0,16,Oliver_Twist
Mr. Lively,I,0,16,Oliver_Twist
Mr. Lively,A,0,16,Oliver_Twist
Mr. Lively,DC,0,16,Oliver_Twist
Mr. Lively,DN,0,16,Oliver_Twist
Mr. Losberne,N,0,16,Oliver_Twist
Mr. Losberne,C,0,16,Oliver_Twist
Mr. Losberne,I,0,16,Oliver_Twist
Mr. Losberne,A,0,16,Oliver_Twist
Mr. Losberne,DC,0,16,Oliver_Twist
Mr. Losberne,DN,0,16,Oliver_Twist
Mr. Maylie,N,0,16,Oliver_Twist
Mr. Maylie,C,0,16,Oliver_Twist
Mr. Maylie,I,0,16,Oliver_Twist
Mr. Maylie,A,0,16,Oliver_Twist
Mr. Maylie,DC,0,16,Oliver_Twist
Mr. Maylie,DN,0,16,Oliver_Twist
Mr. Sikes,N,3,16,Oliver_Twist
Mr. Sikes,C,3,16,Oliver_Twist
Mr. Sikes,I,1,16,Oliver_Twist
Mr. Sikes,A,0,16,Oliver_Twist
Mr. Sikes,DC,0,16,Oliver_Twist
Mr. Sikes,DN,0,16,Oliver_Twist
Mr. Sowerberry,N,0,16,Oliver_Twist
Mr. Sowerberry,C,0,16,Oliver_Twist
Mr. Sowerberry,I,0,16,Oliver_Twist
Mr. Sowerberry,A,0,16,Oliver_Twist
Mr. Sowerberry,DC,0,16,Oliver_Twist
Mr. Sowerberry,DN,0,16,Oliver_Twist
Mrs. Bedwin,N,0,16,Oliver_Twist
Mrs. Bedwin,C,0,16,Oliver_Twist
Mrs. Bedwin,I,0,16,Oliver_Twist
Mrs. Bedwin,A,0,16,Oliver_Twist
Mrs. Bedwin,DC,0,16,Oliver_Twist
Mrs. Bedwin,DN,0,16,Oliver_Twist
Mrs. Bolter,N,0,16,Oliver_Twist
Mrs. Bolter,C,0,16,Oliver_Twist
Mrs. Bolter,I,0,16,Oliver_Twist
Mrs. Bolter,A,0,16,Oliver_Twist
Mrs. Bolter,DC,0,16,Oliver_Twist
Mrs. Bolter,DN,0,16,Oliver_Twist
Mrs. Corney,N,0,16,Oliver_Twist
Mrs. Corney,C,0,16,Oliver_Twist
Mrs. Corney,I,0,16,Oliver_Twist
Mrs. Corney,A,0,16,Oliver_Twist
Mrs. Corney,DC,0,16,Oliver_Twist
Mrs. Corney,DN,0,16,Oliver_Twist
Mrs. Mann,N,0,16,Oliver_Twist
Mrs. Mann,C,0,16,Oliver_Twist
Mrs. Mann,I,0,16,Oliver_Twist
Mrs. Mann,A,0,16,Oliver_Twist
Mrs. Mann,DC,0,16,Oliver_Twist
Mrs. Mann,DN,0,16,Oliver_Twist
Mrs. Maylie,N,0,16,Oliver_Twist
Mrs. Maylie,C,0,16,Oliver_Twist
Mrs. Maylie,I,0,16,Oliver_Twist
Mrs. Maylie,A,0,16,Oliver_Twist
Mrs. Maylie,DC,0,16,Oliver_Twist
Mrs. Maylie,DN,0,16,Oliver_Twist
Mrs. Sowerberry,N,0,16,Oliver_Twist
Mrs. Sowerberry,C,0,16,Oliver_Twist
Mrs. Sowerberry,I,0,16,Oliver_Twist
Mrs. Sowerberry,A,0,16,Oliver_Twist
Mrs. Sowerberry,DC,0,16,Oliver_Twist
Mrs. Sowerberry,DN,0,16,Oliver_Twist
Nancy,N,16,16,Oliver_Twist
Nancy,C,14,16,Oliver_Twist
Nancy,I,1,16,Oliver_Twist
Nancy,A,4,16,Oliver_Twist
Nancy,DC,2,16,Oliver_Twist
Nancy,DN,0,16,Oliver_Twist
Noah,N,0,16,Oliver_Twist
Noah,C,0,16,Oliver_Twist
Noah,I,0,16,Oliver_Twist
Noah,A,0,16,Oliver_Twist
Noah,DC,0,16,Oliver_Twist
Noah,DN,0,16,Oliver_Twist
Oliver,N,7,16,Oliver_Twist
Oliver,C,0,16,Oliver_Twist
Oliver,I,2,16,Oliver_Twist
Oliver,A,3,16,Oliver_Twist
Oliver,DC,2,16,Oliver_Twist
Oliver,DN,1,16,Oliver_Twist
Rose,N,0,16,Oliver_Twist
Rose,C,0,16,Oliver_Twist
Rose,I,0,16,Oliver_Twist
Rose,A,0,16,Oliver_Twist
Rose,DC,0,16,Oliver_Twist
Rose,DN,0,16,Oliver_Twist
Sikes,N,18,16,Oliver_Twist
Sikes,C,14,16,Oliver_Twist
Sikes,I,4,16,Oliver_Twist
Sikes,A,5,16,Oliver_Twist
Sikes,DC,1,16,Oliver_Twist
Sikes,DN,1,16,Oliver_Twist
Spyers,N,0,16,Oliver_Twist
Spyers,C,0,16,Oliver_Twist
Spyers,I,0,16,Oliver_Twist
Spyers,A,0,16,Oliver_Twist
Spyers,DC,0,16,Oliver_Twist
Spyers,DN,0,16,Oliver_Twist
The Jew,N,0,16,Oliver_Twist
The Jew,C,0,16,Oliver_Twist
The Jew,I,0,16,Oliver_Twist
The Jew,A,0,16,Oliver_Twist
The Jew,DC,0,16,Oliver_Twist
The Jew,DN,0,16,Oliver_Twist
Toby,N,0,16,Oliver_Twist
Toby,C,0,16,Oliver_Twist
Toby,I,0,16,Oliver_Twist
Toby,A,0,16,Oliver_Twist
Toby,DC,0,16,Oliver_Twist
Toby,DN,0,16,Oliver_Twist
Tom,N,0,16,Oliver_Twist
Tom,C,0,16,Oliver_Twist
Tom,I,0,16,Oliver_Twist
Tom,A,0,16,Oliver_Twist
Tom,DC,0,16,Oliver_Twist
Tom,DN,0,16,Oliver_Twist
Work’us,N,0,16,Oliver_Twist
Work’us,C,0,16,Oliver_Twist
Work’us,I,0,16,Oliver_Twist
Work’us,A,0,16,Oliver_Twist
Work’us,DC,0,16,Oliver_Twist
Work’us,DN,0,16,Oliver_Twist
old Sally,N,0,16,Oliver_Twist
old Sally,C,0,16,Oliver_Twist
old Sally,I,0,16,Oliver_Twist
old Sally,A,0,16,Oliver_Twist
old Sally,DC,0,16,Oliver_Twist
old Sally,DN,0,16,Oliver_Twist
the Clerkinwell Sessions,N,0,16,Oliver_Twist
the Clerkinwell Sessions,C,0,16,Oliver_Twist
the Clerkinwell Sessions,I,0,16,Oliver_Twist
the Clerkinwell Sessions,A,0,16,Oliver_Twist
the Clerkinwell Sessions,DC,0,16,Oliver_Twist
the Clerkinwell Sessions,DN,0,16,Oliver_Twist
the Cripples,N,0,16,Oliver_Twist
the Cripples,C,0,16,Oliver_Twist
the Cripples,I,0,16,Oliver_Twist
the Cripples,A,0,16,Oliver_Twist
the Cripples,DC,0,16,Oliver_Twist
the Cripples,DN,0,16,Oliver_Twist
the Dodger,N,2,16,Oliver_Twist
the Dodger,C,2,16,Oliver_Twist
the Dodger,I,0,16,Oliver_Twist
the Dodger,A,1,16,Oliver_Twist
the Dodger,DC,0,16,Oliver_Twist
the Dodger,DN,0,16,Oliver_Twist
Agnes,N,0,17,Oliver_Twist
Agnes,C,0,17,Oliver_Twist
Agnes,I,0,17,Oliver_Twist
Agnes,A,0,17,Oliver_Twist
Agnes,DC,0,17,Oliver_Twist
Agnes,DN,0,17,Oliver_Twist
Barney,N,0,17,Oliver_Twist
Barney,C,0,17,Oliver_Twist
Barney,I,0,17,Oliver_Twist
Barney,A,0,17,Oliver_Twist
Barney,DC,0,17,Oliver_Twist
Barney,DN,0,17,Oliver_Twist
Bet,N,0,17,Oliver_Twist
Bet,C,0,17,Oliver_Twist
Bet,I,0,17,Oliver_Twist
Bet,A,0,17,Oliver_Twist
Bet,DC,0,17,Oliver_Twist
Bet,DN,0,17,Oliver_Twist
Blathers,N,0,17,Oliver_Twist
Blathers,C,0,17,Oliver_Twist
Blathers,I,0,17,Oliver_Twist
Blathers,A,0,17,Oliver_Twist
Blathers,DC,0,17,Oliver_Twist
Blathers,DN,0,17,Oliver_Twist
Brittles,N,0,17,Oliver_Twist
Brittles,C,0,17,Oliver_Twist
Brittles,I,0,17,Oliver_Twist
Brittles,A,0,17,Oliver_Twist
Brittles,DC,0,17,Oliver_Twist
Brittles,DN,0,17,Oliver_Twist
Charlotte,N,0,17,Oliver_Twist
Charlotte,C,0,17,Oliver_Twist
Charlotte,I,0,17,Oliver_Twist
Charlotte,A,0,17,Oliver_Twist
Charlotte,DC,0,17,Oliver_Twist
Charlotte,DN,0,17,Oliver_Twist
Chickweed,N,0,17,Oliver_Twist
Chickweed,C,0,17,Oliver_Twist
Chickweed,I,0,17,Oliver_Twist
Chickweed,A,0,17,Oliver_Twist
Chickweed,DC,0,17,Oliver_Twist
Chickweed,DN,0,17,Oliver_Twist
Cod,N,0,17,Oliver_Twist
Cod,C,0,17,Oliver_Twist
Cod,I,0,17,Oliver_Twist
Cod,A,0,17,Oliver_Twist
Cod,DC,0,17,Oliver_Twist
Cod,DN,0,17,Oliver_Twist
Dick,N,0,17,Oliver_Twist
Dick,C,0,17,Oliver_Twist
Dick,I,0,17,Oliver_Twist
Dick,A,0,17,Oliver_Twist
Dick,DC,0,17,Oliver_Twist
Dick,DN,0,17,Oliver_Twist
Duff,N,0,17,Oliver_Twist
Duff,C,0,17,Oliver_Twist
Duff,I,0,17,Oliver_Twist
Duff,A,0,17,Oliver_Twist
Duff,DC,0,17,Oliver_Twist
Duff,DN,0,17,Oliver_Twist
Fagin,N,0,17,Oliver_Twist
Fagin,C,0,17,Oliver_Twist
Fagin,I,0,17,Oliver_Twist
Fagin,A,0,17,Oliver_Twist
Fagin,DC,0,17,Oliver_Twist
Fagin,DN,0,17,Oliver_Twist
Faguey,N,0,17,Oliver_Twist
Faguey,C,0,17,Oliver_Twist
Faguey,I,0,17,Oliver_Twist
Faguey,A,0,17,Oliver_Twist
Faguey,DC,0,17,Oliver_Twist
Faguey,DN,0,17,Oliver_Twist
God,N,0,17,Oliver_Twist
God,C,0,17,Oliver_Twist
God,I,0,17,Oliver_Twist
God,A,0,17,Oliver_Twist
God,DC,0,17,Oliver_Twist
God,DN,0,17,Oliver_Twist
Harry,N,0,17,Oliver_Twist
Harry,C,0,17,Oliver_Twist
Harry,I,0,17,Oliver_Twist
Harry,A,0,17,Oliver_Twist
Harry,DC,0,17,Oliver_Twist
Harry,DN,0,17,Oliver_Twist
Heaven,N,0,17,Oliver_Twist
Heaven,C,0,17,Oliver_Twist
Heaven,I,0,17,Oliver_Twist
Heaven,A,0,17,Oliver_Twist
Heaven,DC,0,17,Oliver_Twist
Heaven,DN,0,17,Oliver_Twist
Jack Dawkins,N,0,17,Oliver_Twist
Jack Dawkins,C,0,17,Oliver_Twist
Jack Dawkins,I,0,17,Oliver_Twist
Jack Dawkins,A,0,17,Oliver_Twist
Jack Dawkins,DC,0,17,Oliver_Twist
Jack Dawkins,DN,0,17,Oliver_Twist
Kags,N,0,17,Oliver_Twist
Kags,C,0,17,Oliver_Twist
Kags,I,0,17,Oliver_Twist
Kags,A,0,17,Oliver_Twist
Kags,DC,0,17,Oliver_Twist
Kags,DN,0,17,Oliver_Twist
Little Oliver,N,0,17,Oliver_Twist
Little Oliver,C,0,17,Oliver_Twist
Little Oliver,I,0,17,Oliver_Twist
Little Oliver,A,0,17,Oliver_Twist
Little Oliver,DC,0,17,Oliver_Twist
Little Oliver,DN,0,17,Oliver_Twist
Lor,N,0,17,Oliver_Twist
Lor,C,0,17,Oliver_Twist
Lor,I,0,17,Oliver_Twist
Lor,A,0,17,Oliver_Twist
Lor,DC,0,17,Oliver_Twist
Lor,DN,0,17,Oliver_Twist
Master Bates,N,0,17,Oliver_Twist
Master Bates,C,0,17,Oliver_Twist
Master Bates,I,0,17,Oliver_Twist
Master Bates,A,0,17,Oliver_Twist
Master Bates,DC,0,17,Oliver_Twist
Master Bates,DN,0,17,Oliver_Twist
Messrs. Blathers,N,0,17,Oliver_Twist
Messrs. Blathers,C,0,17,Oliver_Twist
Messrs. Blathers,I,0,17,Oliver_Twist
Messrs. Blathers,A,0,17,Oliver_Twist
Messrs. Blathers,DC,0,17,Oliver_Twist
Messrs. Blathers,DN,0,17,Oliver_Twist
Miss Maylie,N,0,17,Oliver_Twist
Miss Maylie,C,0,17,Oliver_Twist
Miss Maylie,I,0,17,Oliver_Twist
Miss Maylie,A,0,17,Oliver_Twist
Miss Maylie,DC,0,17,Oliver_Twist
Miss Maylie,DN,0,17,Oliver_Twist
Monks,N,0,17,Oliver_Twist
Monks,C,0,17,Oliver_Twist
Monks,I,0,17,Oliver_Twist
Monks,A,0,17,Oliver_Twist
Monks,DC,0,17,Oliver_Twist
Monks,DN,0,17,Oliver_Twist
Mr. Bolter,N,0,17,Oliver_Twist
Mr. Bolter,C,0,17,Oliver_Twist
Mr. Bolter,I,0,17,Oliver_Twist
Mr. Bolter,A,0,17,Oliver_Twist
Mr. Bolter,DC,0,17,Oliver_Twist
Mr. Bolter,DN,0,17,Oliver_Twist
Mr. Browlow,N,0,17,Oliver_Twist
Mr. Browlow,C,0,17,Oliver_Twist
Mr. Browlow,I,0,17,Oliver_Twist
Mr. Browlow,A,0,17,Oliver_Twist
Mr. Browlow,DC,0,17,Oliver_Twist
Mr. Browlow,DN,0,17,Oliver_Twist
Mr. Brownlow,N,35,17,Oliver_Twist
Mr. Brownlow,C,34,17,Oliver_Twist
Mr. Brownlow,I,17,17,Oliver_Twist
Mr. Brownlow,A,11,17,Oliver_Twist
Mr. Brownlow,DC,2,17,Oliver_Twist
Mr. Brownlow,DN,3,17,Oliver_Twist
Mr. Bumble,N,1,17,Oliver_Twist
Mr. Bumble,C,0,17,Oliver_Twist
Mr. Bumble,I,0,17,Oliver_Twist
Mr. Bumble,A,0,17,Oliver_Twist
Mr. Bumble,DC,0,17,Oliver_Twist
Mr. Bumble,DN,0,17,Oliver_Twist
Mr. Chitling,N,0,17,Oliver_Twist
Mr. Chitling,C,0,17,Oliver_Twist
Mr. Chitling,I,0,17,Oliver_Twist
Mr. Chitling,A,0,17,Oliver_Twist
Mr. Chitling,DC,0,17,Oliver_Twist
Mr. Chitling,DN,0,17,Oliver_Twist
Mr. Dawkins,N,0,17,Oliver_Twist
Mr. Dawkins,C,0,17,Oliver_Twist
Mr. Dawkins,I,0,17,Oliver_Twist
Mr. Dawkins,A,0,17,Oliver_Twist
Mr. Dawkins,DC,0,17,Oliver_Twist
Mr. Dawkins,DN,0,17,Oliver_Twist
Mr. Fang,N,0,17,Oliver_Twist
Mr. Fang,C,0,17,Oliver_Twist
Mr. Fang,I,0,17,Oliver_Twist
Mr. Fang,A,0,17,Oliver_Twist
Mr. Fang,DC,0,17,Oliver_Twist
Mr. Fang,DN,0,17,Oliver_Twist
Mr. Gamfield,N,0,17,Oliver_Twist
Mr. Gamfield,C,0,17,Oliver_Twist
Mr. Gamfield,I,0,17,Oliver_Twist
Mr. Gamfield,A,0,17,Oliver_Twist
Mr. Gamfield,DC,0,17,Oliver_Twist
Mr. Gamfield,DN,0,17,Oliver_Twist
Mr. Giles,N,0,17,Oliver_Twist
Mr. Giles,C,0,17,Oliver_Twist
Mr. Giles,I,0,17,Oliver_Twist
Mr. Giles,A,0,17,Oliver_Twist
Mr. Giles,DC,0,17,Oliver_Twist
Mr. Giles,DN,0,17,Oliver_Twist
Mr. Grimwig,N,26,17,Oliver_Twist
Mr. Grimwig,C,20,17,Oliver_Twist
Mr. Grimwig,I,5,17,Oliver_Twist
Mr. Grimwig,A,13,17,Oliver_Twist
Mr. Grimwig,DC,2,17,Oliver_Twist
Mr. Grimwig,DN,7,17,Oliver_Twist
Mr. Limbkins,N,0,17,Oliver_Twist
Mr. Limbkins,C,0,17,Oliver_Twist
Mr. Limbkins,I,0,17,Oliver_Twist
Mr. Limbkins,A,0,17,Oliver_Twist
Mr. Limbkins,DC,0,17,Oliver_Twist
Mr. Limbkins,DN,0,17,Oliver_Twist
Mr. Lively,N,0,17,Oliver_Twist
Mr. Lively,C,0,17,Oliver_Twist
Mr. Lively,I,0,17,Oliver_Twist
Mr. Lively,A,0,17,Oliver_Twist
Mr. Lively,DC,0,17,Oliver_Twist
Mr. Lively,DN,0,17,Oliver_Twist
Mr. Losberne,N,0,17,Oliver_Twist
Mr. Losberne,C,0,17,Oliver_Twist
Mr. Losberne,I,0,17,Oliver_Twist
Mr. Losberne,A,0,17,Oliver_Twist
Mr. Losberne,DC,0,17,Oliver_Twist
Mr. Losberne,DN,0,17,Oliver_Twist
Mr. Maylie,N,0,17,Oliver_Twist
Mr. Maylie,C,0,17,Oliver_Twist
Mr. Maylie,I,0,17,Oliver_Twist
Mr. Maylie,A,0,17,Oliver_Twist
Mr. Maylie,DC,0,17,Oliver_Twist
Mr. Maylie,DN,0,17,Oliver_Twist
Mr. Sikes,N,0,17,Oliver_Twist
Mr. Sikes,C,0,17,Oliver_Twist
Mr. Sikes,I,0,17,Oliver_Twist
Mr. Sikes,A,0,17,Oliver_Twist
Mr. Sikes,DC,0,17,Oliver_Twist
Mr. Sikes,DN,0,17,Oliver_Twist
Mr. Sowerberry,N,0,17,Oliver_Twist
Mr. Sowerberry,C,0,17,Oliver_Twist
Mr. Sowerberry,I,0,17,Oliver_Twist
Mr. Sowerberry,A,0,17,Oliver_Twist
Mr. Sowerberry,DC,0,17,Oliver_Twist
Mr. Sowerberry,DN,0,17,Oliver_Twist
Mrs. Bedwin,N,9,17,Oliver_Twist
Mrs. Bedwin,C,3,17,Oliver_Twist
Mrs. Bedwin,I,2,17,Oliver_Twist
Mrs. Bedwin,A,3,17,Oliver_Twist
Mrs. Bedwin,DC,1,17,Oliver_Twist
Mrs. Bedwin,DN,0,17,Oliver_Twist
Mrs. Bolter,N,0,17,Oliver_Twist
Mrs. Bolter,C,0,17,Oliver_Twist
Mrs. Bolter,I,0,17,Oliver_Twist
Mrs. Bolter,A,0,17,Oliver_Twist
Mrs. Bolter,DC,0,17,Oliver_Twist
Mrs. Bolter,DN,0,17,Oliver_Twist
Mrs. Corney,N,0,17,Oliver_Twist
Mrs. Corney,C,0,17,Oliver_Twist
Mrs. Corney,I,0,17,Oliver_Twist
Mrs. Corney,A,0,17,Oliver_Twist
Mrs. Corney,DC,0,17,Oliver_Twist
Mrs. Corney,DN,0,17,Oliver_Twist
Mrs. Mann,N,0,17,Oliver_Twist
Mrs. Mann,C,0,17,Oliver_Twist
Mrs. Mann,I,0,17,Oliver_Twist
Mrs. Mann,A,0,17,Oliver_Twist
Mrs. Mann,DC,0,17,Oliver_Twist
Mrs. Mann,DN,0,17,Oliver_Twist
Mrs. Maylie,N,0,17,Oliver_Twist
Mrs. Maylie,C,0,17,Oliver_Twist
Mrs. Maylie,I,0,17,Oliver_Twist
Mrs. Maylie,A,0,17,Oliver_Twist
Mrs. Maylie,DC,0,17,Oliver_Twist
Mrs. Maylie,DN,0,17,Oliver_Twist
Mrs. Sowerberry,N,0,17,Oliver_Twist
Mrs. Sowerberry,C,0,17,Oliver_Twist
Mrs. Sowerberry,I,0,17,Oliver_Twist
Mrs. Sowerberry,A,0,17,Oliver_Twist
Mrs. Sowerberry,DC,0,17,Oliver_Twist
Mrs. Sowerberry,DN,0,17,Oliver_Twist
Nancy,N,0,17,Oliver_Twist
Nancy,C,0,17,Oliver_Twist
Nancy,I,0,17,Oliver_Twist
Nancy,A,0,17,Oliver_Twist
Nancy,DC,0,17,Oliver_Twist
Nancy,DN,0,17,Oliver_Twist
Noah,N,0,17,Oliver_Twist
Noah,C,0,17,Oliver_Twist
Noah,I,0,17,Oliver_Twist
Noah,A,0,17,Oliver_Twist
Noah,DC,0,17,Oliver_Twist
Noah,DN,0,17,Oliver_Twist
Oliver,N,59,17,Oliver_Twist
Oliver,C,21,17,Oliver_Twist
Oliver,I,32,17,Oliver_Twist
Oliver,A,63,17,Oliver_Twist
Oliver,DC,29,17,Oliver_Twist
Oliver,DN,10,17,Oliver_Twist
Rose,N,0,17,Oliver_Twist
Rose,C,0,17,Oliver_Twist
Rose,I,0,17,Oliver_Twist
Rose,A,0,17,Oliver_Twist
Rose,DC,0,17,Oliver_Twist
Rose,DN,0,17,Oliver_Twist
Sikes,N,0,17,Oliver_Twist
Sikes,C,0,17,Oliver_Twist
Sikes,I,0,17,Oliver_Twist
Sikes,A,0,17,Oliver_Twist
Sikes,DC,0,17,Oliver_Twist
Sikes,DN,0,17,Oliver_Twist
Spyers,N,0,17,Oliver_Twist
Spyers,C,0,17,Oliver_Twist
Spyers,I,0,17,Oliver_Twist
Spyers,A,0,17,Oliver_Twist
Spyers,DC,0,17,Oliver_Twist
Spyers,DN,0,17,Oliver_Twist
The Jew,N,0,17,Oliver_Twist
The Jew,C,0,17,Oliver_Twist
The Jew,I,0,17,Oliver_Twist
The Jew,A,0,17,Oliver_Twist
The Jew,DC,0,17,Oliver_Twist
The Jew,DN,0,17,Oliver_Twist
Toby,N,0,17,Oliver_Twist
Toby,C,0,17,Oliver_Twist
Toby,I,0,17,Oliver_Twist
Toby,A,0,17,Oliver_Twist
Toby,DC,0,17,Oliver_Twist
Toby,DN,0,17,Oliver_Twist
Tom,N,0,17,Oliver_Twist
Tom,C,0,17,Oliver_Twist
Tom,I,0,17,Oliver_Twist
Tom,A,0,17,Oliver_Twist
Tom,DC,0,17,Oliver_Twist
Tom,DN,0,17,Oliver_Twist
Work’us,N,0,17,Oliver_Twist
Work’us,C,0,17,Oliver_Twist
Work’us,I,0,17,Oliver_Twist
Work’us,A,0,17,Oliver_Twist
Work’us,DC,0,17,Oliver_Twist
Work’us,DN,0,17,Oliver_Twist
old Sally,N,0,17,Oliver_Twist
old Sally,C,0,17,Oliver_Twist
old Sally,I,0,17,Oliver_Twist
old Sally,A,0,17,Oliver_Twist
old Sally,DC,0,17,Oliver_Twist
old Sally,DN,0,17,Oliver_Twist
the Clerkinwell Sessions,N,0,17,Oliver_Twist
the Clerkinwell Sessions,C,0,17,Oliver_Twist
the Clerkinwell Sessions,I,0,17,Oliver_Twist
the Clerkinwell Sessions,A,0,17,Oliver_Twist
the Clerkinwell Sessions,DC,0,17,Oliver_Twist
the Clerkinwell Sessions,DN,0,17,Oliver_Twist
the Cripples,N,0,17,Oliver_Twist
the Cripples,C,0,17,Oliver_Twist
the Cripples,I,0,17,Oliver_Twist
the Cripples,A,0,17,Oliver_Twist
the Cripples,DC,0,17,Oliver_Twist
the Cripples,DN,0,17,Oliver_Twist
the Dodger,N,0,17,Oliver_Twist
the Dodger,C,0,17,Oliver_Twist
the Dodger,I,0,17,Oliver_Twist
the Dodger,A,0,17,Oliver_Twist
the Dodger,DC,0,17,Oliver_Twist
the Dodger,DN,0,17,Oliver_Twist
Agnes,N,0,18,Oliver_Twist
Agnes,C,0,18,Oliver_Twist
Agnes,I,0,18,Oliver_Twist
Agnes,A,0,18,Oliver_Twist
Agnes,DC,0,18,Oliver_Twist
Agnes,DN,0,18,Oliver_Twist
Barney,N,6,18,Oliver_Twist
Barney,C,3,18,Oliver_Twist
Barney,I,0,18,Oliver_Twist
Barney,A,1,18,Oliver_Twist
Barney,DC,1,18,Oliver_Twist
Barney,DN,1,18,Oliver_Twist
Bet,N,0,18,Oliver_Twist
Bet,C,0,18,Oliver_Twist
Bet,I,0,18,Oliver_Twist
Bet,A,0,18,Oliver_Twist
Bet,DC,0,18,Oliver_Twist
Bet,DN,0,18,Oliver_Twist
Blathers,N,0,18,Oliver_Twist
Blathers,C,0,18,Oliver_Twist
Blathers,I,0,18,Oliver_Twist
Blathers,A,0,18,Oliver_Twist
Blathers,DC,0,18,Oliver_Twist
Blathers,DN,0,18,Oliver_Twist
Brittles,N,0,18,Oliver_Twist
Brittles,C,0,18,Oliver_Twist
Brittles,I,0,18,Oliver_Twist
Brittles,A,0,18,Oliver_Twist
Brittles,DC,0,18,Oliver_Twist
Brittles,DN,0,18,Oliver_Twist
Charlotte,N,0,18,Oliver_Twist
Charlotte,C,0,18,Oliver_Twist
Charlotte,I,0,18,Oliver_Twist
Charlotte,A,0,18,Oliver_Twist
Charlotte,DC,0,18,Oliver_Twist
Charlotte,DN,0,18,Oliver_Twist
Chickweed,N,0,18,Oliver_Twist
Chickweed,C,0,18,Oliver_Twist
Chickweed,I,0,18,Oliver_Twist
Chickweed,A,0,18,Oliver_Twist
Chickweed,DC,0,18,Oliver_Twist
Chickweed,DN,0,18,Oliver_Twist
Cod,N,0,18,Oliver_Twist
Cod,C,0,18,Oliver_Twist
Cod,I,0,18,Oliver_Twist
Cod,A,0,18,Oliver_Twist
Cod,DC,0,18,Oliver_Twist
Cod,DN,0,18,Oliver_Twist
Dick,N,0,18,Oliver_Twist
Dick,C,0,18,Oliver_Twist
Dick,I,0,18,Oliver_Twist
Dick,A,0,18,Oliver_Twist
Dick,DC,0,18,Oliver_Twist
Dick,DN,0,18,Oliver_Twist
Duff,N,0,18,Oliver_Twist
Duff,C,0,18,Oliver_Twist
Duff,I,0,18,Oliver_Twist
Duff,A,0,18,Oliver_Twist
Duff,DC,0,18,Oliver_Twist
Duff,DN,0,18,Oliver_Twist
Fagin,N,11,18,Oliver_Twist
Fagin,C,6,18,Oliver_Twist
Fagin,I,3,18,Oliver_Twist
Fagin,A,1,18,Oliver_Twist
Fagin,DC,2,18,Oliver_Twist
Fagin,DN,0,18,Oliver_Twist
Faguey,N,0,18,Oliver_Twist
Faguey,C,0,18,Oliver_Twist
Faguey,I,0,18,Oliver_Twist
Faguey,A,0,18,Oliver_Twist
Faguey,DC,0,18,Oliver_Twist
Faguey,DN,0,18,Oliver_Twist
God,N,0,18,Oliver_Twist
God,C,0,18,Oliver_Twist
God,I,0,18,Oliver_Twist
God,A,0,18,Oliver_Twist
God,DC,0,18,Oliver_Twist
God,DN,0,18,Oliver_Twist
Harry,N,0,18,Oliver_Twist
Harry,C,0,18,Oliver_Twist
Harry,I,0,18,Oliver_Twist
Harry,A,0,18,Oliver_Twist
Harry,DC,0,18,Oliver_Twist
Harry,DN,0,18,Oliver_Twist
Heaven,N,0,18,Oliver_Twist
Heaven,C,0,18,Oliver_Twist
Heaven,I,0,18,Oliver_Twist
Heaven,A,0,18,Oliver_Twist
Heaven,DC,0,18,Oliver_Twist
Heaven,DN,0,18,Oliver_Twist
Jack Dawkins,N,0,18,Oliver_Twist
Jack Dawkins,C,0,18,Oliver_Twist
Jack Dawkins,I,0,18,Oliver_Twist
Jack Dawkins,A,0,18,Oliver_Twist
Jack Dawkins,DC,0,18,Oliver_Twist
Jack Dawkins,DN,0,18,Oliver_Twist
Kags,N,0,18,Oliver_Twist
Kags,C,0,18,Oliver_Twist
Kags,I,0,18,Oliver_Twist
Kags,A,0,18,Oliver_Twist
Kags,DC,0,18,Oliver_Twist
Kags,DN,0,18,Oliver_Twist
Little Oliver,N,0,18,Oliver_Twist
Little Oliver,C,0,18,Oliver_Twist
Little Oliver,I,0,18,Oliver_Twist
Little Oliver,A,0,18,Oliver_Twist
Little Oliver,DC,0,18,Oliver_Twist
Little Oliver,DN,0,18,Oliver_Twist
Lor,N,0,18,Oliver_Twist
Lor,C,0,18,Oliver_Twist
Lor,I,0,18,Oliver_Twist
Lor,A,0,18,Oliver_Twist
Lor,DC,0,18,Oliver_Twist
Lor,DN,0,18,Oliver_Twist
Master Bates,N,0,18,Oliver_Twist
Master Bates,C,0,18,Oliver_Twist
Master Bates,I,0,18,Oliver_Twist
Master Bates,A,0,18,Oliver_Twist
Master Bates,DC,0,18,Oliver_Twist
Master Bates,DN,0,18,Oliver_Twist
Messrs. Blathers,N,0,18,Oliver_Twist
Messrs. Blathers,C,0,18,Oliver_Twist
Messrs. Blathers,I,0,18,Oliver_Twist
Messrs. Blathers,A,0,18,Oliver_Twist
Messrs. Blathers,DC,0,18,Oliver_Twist
Messrs. Blathers,DN,0,18,Oliver_Twist
Miss Maylie,N,0,18,Oliver_Twist
Miss Maylie,C,0,18,Oliver_Twist
Miss Maylie,I,0,18,Oliver_Twist
Miss Maylie,A,0,18,Oliver_Twist
Miss Maylie,DC,0,18,Oliver_Twist
Miss Maylie,DN,0,18,Oliver_Twist
Monks,N,0,18,Oliver_Twist
Monks,C,0,18,Oliver_Twist
Monks,I,0,18,Oliver_Twist
Monks,A,0,18,Oliver_Twist
Monks,DC,0,18,Oliver_Twist
Monks,DN,0,18,Oliver_Twist
Mr. Bolter,N,0,18,Oliver_Twist
Mr. Bolter,C,0,18,Oliver_Twist
Mr. Bolter,I,0,18,Oliver_Twist
Mr. Bolter,A,0,18,Oliver_Twist
Mr. Bolter,DC,0,18,Oliver_Twist
Mr. Bolter,DN,0,18,Oliver_Twist
Mr. Browlow,N,0,18,Oliver_Twist
Mr. Browlow,C,0,18,Oliver_Twist
Mr. Browlow,I,0,18,Oliver_Twist
Mr. Browlow,A,0,18,Oliver_Twist
Mr. Browlow,DC,0,18,Oliver_Twist
Mr. Browlow,DN,0,18,Oliver_Twist
Mr. Brownlow,N,0,18,Oliver_Twist
Mr. Brownlow,C,0,18,Oliver_Twist
Mr. Brownlow,I,0,18,Oliver_Twist
Mr. Brownlow,A,0,18,Oliver_Twist
Mr. Brownlow,DC,0,18,Oliver_Twist
Mr. Brownlow,DN,0,18,Oliver_Twist
Mr. Bumble,N,0,18,Oliver_Twist
Mr. Bumble,C,0,18,Oliver_Twist
Mr. Bumble,I,0,18,Oliver_Twist
Mr. Bumble,A,0,18,Oliver_Twist
Mr. Bumble,DC,0,18,Oliver_Twist
Mr. Bumble,DN,0,18,Oliver_Twist
Mr. Chitling,N,0,18,Oliver_Twist
Mr. Chitling,C,0,18,Oliver_Twist
Mr. Chitling,I,0,18,Oliver_Twist
Mr. Chitling,A,0,18,Oliver_Twist
Mr. Chitling,DC,0,18,Oliver_Twist
Mr. Chitling,DN,0,18,Oliver_Twist
Mr. Dawkins,N,0,18,Oliver_Twist
Mr. Dawkins,C,0,18,Oliver_Twist
Mr. Dawkins,I,0,18,Oliver_Twist
Mr. Dawkins,A,0,18,Oliver_Twist
Mr. Dawkins,DC,0,18,Oliver_Twist
Mr. Dawkins,DN,0,18,Oliver_Twist
Mr. Fang,N,0,18,Oliver_Twist
Mr. Fang,C,0,18,Oliver_Twist
Mr. Fang,I,0,18,Oliver_Twist
Mr. Fang,A,0,18,Oliver_Twist
Mr. Fang,DC,0,18,Oliver_Twist
Mr. Fang,DN,0,18,Oliver_Twist
Mr. Gamfield,N,0,18,Oliver_Twist
Mr. Gamfield,C,0,18,Oliver_Twist
Mr. Gamfield,I,0,18,Oliver_Twist
Mr. Gamfield,A,0,18,Oliver_Twist
Mr. Gamfield,DC,0,18,Oliver_Twist
Mr. Gamfield,DN,0,18,Oliver_Twist
Mr. Giles,N,0,18,Oliver_Twist
Mr. Giles,C,0,18,Oliver_Twist
Mr. Giles,I,0,18,Oliver_Twist
Mr. Giles,A,0,18,Oliver_Twist
Mr. Giles,DC,0,18,Oliver_Twist
Mr. Giles,DN,0,18,Oliver_Twist
Mr. Grimwig,N,0,18,Oliver_Twist
Mr. Grimwig,C,0,18,Oliver_Twist
Mr. Grimwig,I,0,18,Oliver_Twist
Mr. Grimwig,A,0,18,Oliver_Twist
Mr. Grimwig,DC,0,18,Oliver_Twist
Mr. Grimwig,DN,0,18,Oliver_Twist
Mr. Limbkins,N,0,18,Oliver_Twist
Mr. Limbkins,C,0,18,Oliver_Twist
Mr. Limbkins,I,0,18,Oliver_Twist
Mr. Limbkins,A,0,18,Oliver_Twist
Mr. Limbkins,DC,0,18,Oliver_Twist
Mr. Limbkins,DN,0,18,Oliver_Twist
Mr. Lively,N,0,18,Oliver_Twist
Mr. Lively,C,0,18,Oliver_Twist
Mr. Lively,I,0,18,Oliver_Twist
Mr. Lively,A,0,18,Oliver_Twist
Mr. Lively,DC,0,18,Oliver_Twist
Mr. Lively,DN,0,18,Oliver_Twist
Mr. Losberne,N,0,18,Oliver_Twist
Mr. Losberne,C,0,18,Oliver_Twist
Mr. Losberne,I,0,18,Oliver_Twist
Mr. Losberne,A,0,18,Oliver_Twist
Mr. Losberne,DC,0,18,Oliver_Twist
Mr. Losberne,DN,0,18,Oliver_Twist
Mr. Maylie,N,0,18,Oliver_Twist
Mr. Maylie,C,0,18,Oliver_Twist
Mr. Maylie,I,0,18,Oliver_Twist
Mr. Maylie,A,0,18,Oliver_Twist
Mr. Maylie,DC,0,18,Oliver_Twist
Mr. Maylie,DN,0,18,Oliver_Twist
Mr. Sikes,N,14,18,Oliver_Twist
Mr. Sikes,C,14,18,Oliver_Twist
Mr. Sikes,I,3,18,Oliver_Twist
Mr. Sikes,A,6,18,Oliver_Twist
Mr. Sikes,DC,0,18,Oliver_Twist
Mr. Sikes,DN,1,18,Oliver_Twist
Mr. Sowerberry,N,0,18,Oliver_Twist
Mr. Sowerberry,C,0,18,Oliver_Twist
Mr. Sowerberry,I,0,18,Oliver_Twist
Mr. Sowerberry,A,0,18,Oliver_Twist
Mr. Sowerberry,DC,0,18,Oliver_Twist
Mr. Sowerberry,DN,0,18,Oliver_Twist
Mrs. Bedwin,N,1,18,Oliver_Twist
Mrs. Bedwin,C,0,18,Oliver_Twist
Mrs. Bedwin,I,0,18,Oliver_Twist
Mrs. Bedwin,A,0,18,Oliver_Twist
Mrs. Bedwin,DC,0,18,Oliver_Twist
Mrs. Bedwin,DN,0,18,Oliver_Twist
Mrs. Bolter,N,0,18,Oliver_Twist
Mrs. Bolter,C,0,18,Oliver_Twist
Mrs. Bolter,I,0,18,Oliver_Twist
Mrs. Bolter,A,0,18,Oliver_Twist
Mrs. Bolter,DC,0,18,Oliver_Twist
Mrs. Bolter,DN,0,18,Oliver_Twist
Mrs. Corney,N,0,18,Oliver_Twist
Mrs. Corney,C,0,18,Oliver_Twist
Mrs. Corney,I,0,18,Oliver_Twist
Mrs. Corney,A,0,18,Oliver_Twist
Mrs. Corney,DC,0,18,Oliver_Twist
Mrs. Corney,DN,0,18,Oliver_Twist
Mrs. Mann,N,0,18,Oliver_Twist
Mrs. Mann,C,0,18,Oliver_Twist
Mrs. Mann,I,0,18,Oliver_Twist
Mrs. Mann,A,0,18,Oliver_Twist
Mrs. Mann,DC,0,18,Oliver_Twist
Mrs. Mann,DN,0,18,Oliver_Twist
Mrs. Maylie,N,0,18,Oliver_Twist
Mrs. Maylie,C,0,18,Oliver_Twist
Mrs. Maylie,I,0,18,Oliver_Twist
Mrs. Maylie,A,0,18,Oliver_Twist
Mrs. Maylie,DC,0,18,Oliver_Twist
Mrs. Maylie,DN,0,18,Oliver_Twist
Mrs. Sowerberry,N,0,18,Oliver_Twist
Mrs. Sowerberry,C,0,18,Oliver_Twist
Mrs. Sowerberry,I,0,18,Oliver_Twist
Mrs. Sowerberry,A,0,18,Oliver_Twist
Mrs. Sowerberry,DC,0,18,Oliver_Twist
Mrs. Sowerberry,DN,0,18,Oliver_Twist
Nancy,N,9,18,Oliver_Twist
Nancy,C,2,18,Oliver_Twist
Nancy,I,1,18,Oliver_Twist
Nancy,A,4,18,Oliver_Twist
Nancy,DC,5,18,Oliver_Twist
Nancy,DN,1,18,Oliver_Twist
Noah,N,0,18,Oliver_Twist
Noah,C,0,18,Oliver_Twist
Noah,I,0,18,Oliver_Twist
Noah,A,0,18,Oliver_Twist
Noah,DC,0,18,Oliver_Twist
Noah,DN,0,18,Oliver_Twist
Oliver,N,12,18,Oliver_Twist
Oliver,C,6,18,Oliver_Twist
Oliver,I,9,18,Oliver_Twist
Oliver,A,22,18,Oliver_Twist
Oliver,DC,3,18,Oliver_Twist
Oliver,DN,4,18,Oliver_Twist
Rose,N,0,18,Oliver_Twist
Rose,C,0,18,Oliver_Twist
Rose,I,0,18,Oliver_Twist
Rose,A,0,18,Oliver_Twist
Rose,DC,0,18,Oliver_Twist
Rose,DN,0,18,Oliver_Twist
Sikes,N,16,18,Oliver_Twist
Sikes,C,8,18,Oliver_Twist
Sikes,I,4,18,Oliver_Twist
Sikes,A,6,18,Oliver_Twist
Sikes,DC,0,18,Oliver_Twist
Sikes,DN,0,18,Oliver_Twist
Spyers,N,0,18,Oliver_Twist
Spyers,C,0,18,Oliver_Twist
Spyers,I,0,18,Oliver_Twist
Spyers,A,0,18,Oliver_Twist
Spyers,DC,0,18,Oliver_Twist
Spyers,DN,0,18,Oliver_Twist
The Jew,N,3,18,Oliver_Twist
The Jew,C,0,18,Oliver_Twist
The Jew,I,0,18,Oliver_Twist
The Jew,A,5,18,Oliver_Twist
The Jew,DC,0,18,Oliver_Twist
The Jew,DN,2,18,Oliver_Twist
Toby,N,0,18,Oliver_Twist
Toby,C,0,18,Oliver_Twist
Toby,I,0,18,Oliver_Twist
Toby,A,0,18,Oliver_Twist
Toby,DC,0,18,Oliver_Twist
Toby,DN,0,18,Oliver_Twist
Tom,N,0,18,Oliver_Twist
Tom,C,0,18,Oliver_Twist
Tom,I,0,18,Oliver_Twist
Tom,A,0,18,Oliver_Twist
Tom,DC,0,18,Oliver_Twist
Tom,DN,0,18,Oliver_Twist
Work’us,N,0,18,Oliver_Twist
Work’us,C,0,18,Oliver_Twist
Work’us,I,0,18,Oliver_Twist
Work’us,A,0,18,Oliver_Twist
Work’us,DC,0,18,Oliver_Twist
Work’us,DN,0,18,Oliver_Twist
old Sally,N,0,18,Oliver_Twist
old Sally,C,0,18,Oliver_Twist
old Sally,I,0,18,Oliver_Twist
old Sally,A,0,18,Oliver_Twist
old Sally,DC,0,18,Oliver_Twist
old Sally,DN,0,18,Oliver_Twist
the Clerkinwell Sessions,N,0,18,Oliver_Twist
the Clerkinwell Sessions,C,0,18,Oliver_Twist
the Clerkinwell Sessions,I,0,18,Oliver_Twist
the Clerkinwell Sessions,A,0,18,Oliver_Twist
the Clerkinwell Sessions,DC,0,18,Oliver_Twist
the Clerkinwell Sessions,DN,0,18,Oliver_Twist
the Cripples,N,0,18,Oliver_Twist
the Cripples,C,0,18,Oliver_Twist
the Cripples,I,0,18,Oliver_Twist
the Cripples,A,0,18,Oliver_Twist
the Cripples,DC,0,18,Oliver_Twist
the Cripples,DN,0,18,Oliver_Twist
the Dodger,N,0,18,Oliver_Twist
the Dodger,C,0,18,Oliver_Twist
the Dodger,I,0,18,Oliver_Twist
the Dodger,A,0,18,Oliver_Twist
the Dodger,DC,0,18,Oliver_Twist
the Dodger,DN,0,18,Oliver_Twist
Agnes,N,0,19,Oliver_Twist
Agnes,C,0,19,Oliver_Twist
Agnes,I,0,19,Oliver_Twist
Agnes,A,0,19,Oliver_Twist
Agnes,DC,0,19,Oliver_Twist
Agnes,DN,0,19,Oliver_Twist
Barney,N,0,19,Oliver_Twist
Barney,C,0,19,Oliver_Twist
Barney,I,0,19,Oliver_Twist
Barney,A,0,19,Oliver_Twist
Barney,DC,0,19,Oliver_Twist
Barney,DN,0,19,Oliver_Twist
Bet,N,1,19,Oliver_Twist
Bet,C,0,19,Oliver_Twist
Bet,I,0,19,Oliver_Twist
Bet,A,0,19,Oliver_Twist
Bet,DC,0,19,Oliver_Twist
Bet,DN,0,19,Oliver_Twist
Blathers,N,0,19,Oliver_Twist
Blathers,C,0,19,Oliver_Twist
Blathers,I,0,19,Oliver_Twist
Blathers,A,0,19,Oliver_Twist
Blathers,DC,0,19,Oliver_Twist
Blathers,DN,0,19,Oliver_Twist
Brittles,N,0,19,Oliver_Twist
Brittles,C,0,19,Oliver_Twist
Brittles,I,0,19,Oliver_Twist
Brittles,A,0,19,Oliver_Twist
Brittles,DC,0,19,Oliver_Twist
Brittles,DN,0,19,Oliver_Twist
Charlotte,N,0,19,Oliver_Twist
Charlotte,C,0,19,Oliver_Twist
Charlotte,I,0,19,Oliver_Twist
Charlotte,A,0,19,Oliver_Twist
Charlotte,DC,0,19,Oliver_Twist
Charlotte,DN,0,19,Oliver_Twist
Chickweed,N,0,19,Oliver_Twist
Chickweed,C,0,19,Oliver_Twist
Chickweed,I,0,19,Oliver_Twist
Chickweed,A,0,19,Oliver_Twist
Chickweed,DC,0,19,Oliver_Twist
Chickweed,DN,0,19,Oliver_Twist
Cod,N,0,19,Oliver_Twist
Cod,C,0,19,Oliver_Twist
Cod,I,0,19,Oliver_Twist
Cod,A,0,19,Oliver_Twist
Cod,DC,0,19,Oliver_Twist
Cod,DN,0,19,Oliver_Twist
Dick,N,0,19,Oliver_Twist
Dick,C,0,19,Oliver_Twist
Dick,I,0,19,Oliver_Twist
Dick,A,0,19,Oliver_Twist
Dick,DC,0,19,Oliver_Twist
Dick,DN,0,19,Oliver_Twist
Duff,N,0,19,Oliver_Twist
Duff,C,0,19,Oliver_Twist
Duff,I,0,19,Oliver_Twist
Duff,A,0,19,Oliver_Twist
Duff,DC,0,19,Oliver_Twist
Duff,DN,0,19,Oliver_Twist
Fagin,N,15,19,Oliver_Twist
Fagin,C,2,19,Oliver_Twist
Fagin,I,1,19,Oliver_Twist
Fagin,A,7,19,Oliver_Twist
Fagin,DC,9,19,Oliver_Twist
Fagin,DN,0,19,Oliver_Twist
Faguey,N,0,19,Oliver_Twist
Faguey,C,0,19,Oliver_Twist
Faguey,I,0,19,Oliver_Twist
Faguey,A,0,19,Oliver_Twist
Faguey,DC,0,19,Oliver_Twist
Faguey,DN,0,19,Oliver_Twist
God,N,0,19,Oliver_Twist
God,C,0,19,Oliver_Twist
God,I,0,19,Oliver_Twist
God,A,0,19,Oliver_Twist
God,DC,0,19,Oliver_Twist
God,DN,0,19,Oliver_Twist
Harry,N,0,19,Oliver_Twist
Harry,C,0,19,Oliver_Twist
Harry,I,0,19,Oliver_Twist
Harry,A,0,19,Oliver_Twist
Harry,DC,0,19,Oliver_Twist
Harry,DN,0,19,Oliver_Twist
Heaven,N,0,19,Oliver_Twist
Heaven,C,0,19,Oliver_Twist
Heaven,I,0,19,Oliver_Twist
Heaven,A,0,19,Oliver_Twist
Heaven,DC,0,19,Oliver_Twist
Heaven,DN,0,19,Oliver_Twist
Jack Dawkins,N,0,19,Oliver_Twist
Jack Dawkins,C,0,19,Oliver_Twist
Jack Dawkins,I,0,19,Oliver_Twist
Jack Dawkins,A,0,19,Oliver_Twist
Jack Dawkins,DC,0,19,Oliver_Twist
Jack Dawkins,DN,0,19,Oliver_Twist
Kags,N,0,19,Oliver_Twist
Kags,C,0,19,Oliver_Twist
Kags,I,0,19,Oliver_Twist
Kags,A,0,19,Oliver_Twist
Kags,DC,0,19,Oliver_Twist
Kags,DN,0,19,Oliver_Twist
Little Oliver,N,0,19,Oliver_Twist
Little Oliver,C,0,19,Oliver_Twist
Little Oliver,I,0,19,Oliver_Twist
Little Oliver,A,0,19,Oliver_Twist
Little Oliver,DC,0,19,Oliver_Twist
Little Oliver,DN,0,19,Oliver_Twist
Lor,N,0,19,Oliver_Twist
Lor,C,0,19,Oliver_Twist
Lor,I,0,19,Oliver_Twist
Lor,A,0,19,Oliver_Twist
Lor,DC,0,19,Oliver_Twist
Lor,DN,0,19,Oliver_Twist
Master Bates,N,13,19,Oliver_Twist
Master Bates,C,9,19,Oliver_Twist
Master Bates,I,6,19,Oliver_Twist
Master Bates,A,7,19,Oliver_Twist
Master Bates,DC,0,19,Oliver_Twist
Master Bates,DN,1,19,Oliver_Twist
Messrs. Blathers,N,0,19,Oliver_Twist
Messrs. Blathers,C,0,19,Oliver_Twist
Messrs. Blathers,I,0,19,Oliver_Twist
Messrs. Blathers,A,0,19,Oliver_Twist
Messrs. Blathers,DC,0,19,Oliver_Twist
Messrs. Blathers,DN,0,19,Oliver_Twist
Miss Maylie,N,0,19,Oliver_Twist
Miss Maylie,C,0,19,Oliver_Twist
Miss Maylie,I,0,19,Oliver_Twist
Miss Maylie,A,0,19,Oliver_Twist
Miss Maylie,DC,0,19,Oliver_Twist
Miss Maylie,DN,0,19,Oliver_Twist
Monks,N,0,19,Oliver_Twist
Monks,C,0,19,Oliver_Twist
Monks,I,0,19,Oliver_Twist
Monks,A,0,19,Oliver_Twist
Monks,DC,0,19,Oliver_Twist
Monks,DN,0,19,Oliver_Twist
Mr. Bolter,N,0,19,Oliver_Twist
Mr. Bolter,C,0,19,Oliver_Twist
Mr. Bolter,I,0,19,Oliver_Twist
Mr. Bolter,A,0,19,Oliver_Twist
Mr. Bolter,DC,0,19,Oliver_Twist
Mr. Bolter,DN,0,19,Oliver_Twist
Mr. Browlow,N,0,19,Oliver_Twist
Mr. Browlow,C,0,19,Oliver_Twist
Mr. Browlow,I,0,19,Oliver_Twist
Mr. Browlow,A,0,19,Oliver_Twist
Mr. Browlow,DC,0,19,Oliver_Twist
Mr. Browlow,DN,0,19,Oliver_Twist
Mr. Brownlow,N,1,19,Oliver_Twist
Mr. Brownlow,C,0,19,Oliver_Twist
Mr. Brownlow,I,0,19,Oliver_Twist
Mr. Brownlow,A,0,19,Oliver_Twist
Mr. Brownlow,DC,0,19,Oliver_Twist
Mr. Brownlow,DN,0,19,Oliver_Twist
Mr. Bumble,N,0,19,Oliver_Twist
Mr. Bumble,C,0,19,Oliver_Twist
Mr. Bumble,I,0,19,Oliver_Twist
Mr. Bumble,A,0,19,Oliver_Twist
Mr. Bumble,DC,0,19,Oliver_Twist
Mr. Bumble,DN,0,19,Oliver_Twist
Mr. Chitling,N,0,19,Oliver_Twist
Mr. Chitling,C,0,19,Oliver_Twist
Mr. Chitling,I,0,19,Oliver_Twist
Mr. Chitling,A,0,19,Oliver_Twist
Mr. Chitling,DC,0,19,Oliver_Twist
Mr. Chitling,DN,0,19,Oliver_Twist
Mr. Dawkins,N,1,19,Oliver_Twist
Mr. Dawkins,C,0,19,Oliver_Twist
Mr. Dawkins,I,1,19,Oliver_Twist
Mr. Dawkins,A,0,19,Oliver_Twist
Mr. Dawkins,DC,0,19,Oliver_Twist
Mr. Dawkins,DN,0,19,Oliver_Twist
Mr. Fang,N,0,19,Oliver_Twist
Mr. Fang,C,0,19,Oliver_Twist
Mr. Fang,I,0,19,Oliver_Twist
Mr. Fang,A,0,19,Oliver_Twist
Mr. Fang,DC,0,19,Oliver_Twist
Mr. Fang,DN,0,19,Oliver_Twist
Mr. Gamfield,N,0,19,Oliver_Twist
Mr. Gamfield,C,0,19,Oliver_Twist
Mr. Gamfield,I,0,19,Oliver_Twist
Mr. Gamfield,A,0,19,Oliver_Twist
Mr. Gamfield,DC,0,19,Oliver_Twist
Mr. Gamfield,DN,0,19,Oliver_Twist
Mr. Giles,N,0,19,Oliver_Twist
Mr. Giles,C,0,19,Oliver_Twist
Mr. Giles,I,0,19,Oliver_Twist
Mr. Giles,A,0,19,Oliver_Twist
Mr. Giles,DC,0,19,Oliver_Twist
Mr. Giles,DN,0,19,Oliver_Twist
Mr. Grimwig,N,0,19,Oliver_Twist
Mr. Grimwig,C,0,19,Oliver_Twist
Mr. Grimwig,I,0,19,Oliver_Twist
Mr. Grimwig,A,0,19,Oliver_Twist
Mr. Grimwig,DC,0,19,Oliver_Twist
Mr. Grimwig,DN,0,19,Oliver_Twist
Mr. Limbkins,N,0,19,Oliver_Twist
Mr. Limbkins,C,0,19,Oliver_Twist
Mr. Limbkins,I,0,19,Oliver_Twist
Mr. Limbkins,A,0,19,Oliver_Twist
Mr. Limbkins,DC,0,19,Oliver_Twist
Mr. Limbkins,DN,0,19,Oliver_Twist
Mr. Lively,N,0,19,Oliver_Twist
Mr. Lively,C,0,19,Oliver_Twist
Mr. Lively,I,0,19,Oliver_Twist
Mr. Lively,A,0,19,Oliver_Twist
Mr. Lively,DC,0,19,Oliver_Twist
Mr. Lively,DN,0,19,Oliver_Twist
Mr. Losberne,N,0,19,Oliver_Twist
Mr. Losberne,C,0,19,Oliver_Twist
Mr. Losberne,I,0,19,Oliver_Twist
Mr. Losberne,A,0,19,Oliver_Twist
Mr. Losberne,DC,0,19,Oliver_Twist
Mr. Losberne,DN,0,19,Oliver_Twist
Mr. Maylie,N,0,19,Oliver_Twist
Mr. Maylie,C,0,19,Oliver_Twist
Mr. Maylie,I,0,19,Oliver_Twist
Mr. Maylie,A,0,19,Oliver_Twist
Mr. Maylie,DC,0,19,Oliver_Twist
Mr. Maylie,DN,0,19,Oliver_Twist
Mr. Sikes,N,0,19,Oliver_Twist
Mr. Sikes,C,0,19,Oliver_Twist
Mr. Sikes,I,0,19,Oliver_Twist
Mr. Sikes,A,0,19,Oliver_Twist
Mr. Sikes,DC,0,19,Oliver_Twist
Mr. Sikes,DN,0,19,Oliver_Twist
Mr. Sowerberry,N,0,19,Oliver_Twist
Mr. Sowerberry,C,0,19,Oliver_Twist
Mr. Sowerberry,I,0,19,Oliver_Twist
Mr. Sowerberry,A,0,19,Oliver_Twist
Mr. Sowerberry,DC,0,19,Oliver_Twist
Mr. Sowerberry,DN,0,19,Oliver_Twist
Mrs. Bedwin,N,0,19,Oliver_Twist
Mrs. Bedwin,C,0,19,Oliver_Twist
Mrs. Bedwin,I,0,19,Oliver_Twist
Mrs. Bedwin,A,0,19,Oliver_Twist
Mrs. Bedwin,DC,0,19,Oliver_Twist
Mrs. Bedwin,DN,0,19,Oliver_Twist
Mrs. Bolter,N,0,19,Oliver_Twist
Mrs. Bolter,C,0,19,Oliver_Twist
Mrs. Bolter,I,0,19,Oliver_Twist
Mrs. Bolter,A,0,19,Oliver_Twist
Mrs. Bolter,DC,0,19,Oliver_Twist
Mrs. Bolter,DN,0,19,Oliver_Twist
Mrs. Corney,N,0,19,Oliver_Twist
Mrs. Corney,C,0,19,Oliver_Twist
Mrs. Corney,I,0,19,Oliver_Twist
Mrs. Corney,A,0,19,Oliver_Twist
Mrs. Corney,DC,0,19,Oliver_Twist
Mrs. Corney,DN,0,19,Oliver_Twist
Mrs. Mann,N,0,19,Oliver_Twist
Mrs. Mann,C,0,19,Oliver_Twist
Mrs. Mann,I,0,19,Oliver_Twist
Mrs. Mann,A,0,19,Oliver_Twist
Mrs. Mann,DC,0,19,Oliver_Twist
Mrs. Mann,DN,0,19,Oliver_Twist
Mrs. Maylie,N,0,19,Oliver_Twist
Mrs. Maylie,C,0,19,Oliver_Twist
Mrs. Maylie,I,0,19,Oliver_Twist
Mrs. Maylie,A,0,19,Oliver_Twist
Mrs. Maylie,DC,0,19,Oliver_Twist
Mrs. Maylie,DN,0,19,Oliver_Twist
Mrs. Sowerberry,N,0,19,Oliver_Twist
Mrs. Sowerberry,C,0,19,Oliver_Twist
Mrs. Sowerberry,I,0,19,Oliver_Twist
Mrs. Sowerberry,A,0,19,Oliver_Twist
Mrs. Sowerberry,DC,0,19,Oliver_Twist
Mrs. Sowerberry,DN,0,19,Oliver_Twist
Nancy,N,17,19,Oliver_Twist
Nancy,C,9,19,Oliver_Twist
Nancy,I,2,19,Oliver_Twist
Nancy,A,6,19,Oliver_Twist
Nancy,DC,4,19,Oliver_Twist
Nancy,DN,2,19,Oliver_Twist
Noah,N,0,19,Oliver_Twist
Noah,C,0,19,Oliver_Twist
Noah,I,0,19,Oliver_Twist
Noah,A,0,19,Oliver_Twist
Noah,DC,0,19,Oliver_Twist
Noah,DN,0,19,Oliver_Twist
Oliver,N,35,19,Oliver_Twist
Oliver,C,2,19,Oliver_Twist
Oliver,I,15,19,Oliver_Twist
Oliver,A,22,19,Oliver_Twist
Oliver,DC,18,19,Oliver_Twist
Oliver,DN,1,19,Oliver_Twist
Rose,N,0,19,Oliver_Twist
Rose,C,0,19,Oliver_Twist
Rose,I,0,19,Oliver_Twist
Rose,A,0,19,Oliver_Twist
Rose,DC,0,19,Oliver_Twist
Rose,DN,0,19,Oliver_Twist
Sikes,N,45,19,Oliver_Twist
Sikes,C,43,19,Oliver_Twist
Sikes,I,9,19,Oliver_Twist
Sikes,A,20,19,Oliver_Twist
Sikes,DC,3,19,Oliver_Twist
Sikes,DN,3,19,Oliver_Twist
Spyers,N,0,19,Oliver_Twist
Spyers,C,0,19,Oliver_Twist
Spyers,I,0,19,Oliver_Twist
Spyers,A,0,19,Oliver_Twist
Spyers,DC,0,19,Oliver_Twist
Spyers,DN,0,19,Oliver_Twist
The Jew,N,1,19,Oliver_Twist
The Jew,C,0,19,Oliver_Twist
The Jew,I,1,19,Oliver_Twist
The Jew,A,0,19,Oliver_Twist
The Jew,DC,0,19,Oliver_Twist
The Jew,DN,0,19,Oliver_Twist
Toby,N,0,19,Oliver_Twist
Toby,C,0,19,Oliver_Twist
Toby,I,0,19,Oliver_Twist
Toby,A,0,19,Oliver_Twist
Toby,DC,0,19,Oliver_Twist
Toby,DN,0,19,Oliver_Twist
Tom,N,0,19,Oliver_Twist
Tom,C,0,19,Oliver_Twist
Tom,I,0,19,Oliver_Twist
Tom,A,0,19,Oliver_Twist
Tom,DC,0,19,Oliver_Twist
Tom,DN,0,19,Oliver_Twist
Work’us,N,0,19,Oliver_Twist
Work’us,C,0,19,Oliver_Twist
Work’us,I,0,19,Oliver_Twist
Work’us,A,0,19,Oliver_Twist
Work’us,DC,0,19,Oliver_Twist
Work’us,DN,0,19,Oliver_Twist
old Sally,N,0,19,Oliver_Twist
old Sally,C,0,19,Oliver_Twist
old Sally,I,0,19,Oliver_Twist
old Sally,A,0,19,Oliver_Twist
old Sally,DC,0,19,Oliver_Twist
old Sally,DN,0,19,Oliver_Twist
the Clerkinwell Sessions,N,0,19,Oliver_Twist
the Clerkinwell Sessions,C,0,19,Oliver_Twist
the Clerkinwell Sessions,I,0,19,Oliver_Twist
the Clerkinwell Sessions,A,0,19,Oliver_Twist
the Clerkinwell Sessions,DC,0,19,Oliver_Twist
the Clerkinwell Sessions,DN,0,19,Oliver_Twist
the Cripples,N,0,19,Oliver_Twist
the Cripples,C,0,19,Oliver_Twist
the Cripples,I,0,19,Oliver_Twist
the Cripples,A,0,19,Oliver_Twist
the Cripples,DC,0,19,Oliver_Twist
the Cripples,DN,0,19,Oliver_Twist
the Dodger,N,0,19,Oliver_Twist
the Dodger,C,0,19,Oliver_Twist
the Dodger,I,0,19,Oliver_Twist
the Dodger,A,0,19,Oliver_Twist
the Dodger,DC,0,19,Oliver_Twist
the Dodger,DN,0,19,Oliver_Twist
Agnes,N,0,20,Oliver_Twist
Agnes,C,0,20,Oliver_Twist
Agnes,I,0,20,Oliver_Twist
Agnes,A,0,20,Oliver_Twist
Agnes,DC,0,20,Oliver_Twist
Agnes,DN,0,20,Oliver_Twist
Barney,N,0,20,Oliver_Twist
Barney,C,0,20,Oliver_Twist
Barney,I,0,20,Oliver_Twist
Barney,A,0,20,Oliver_Twist
Barney,DC,0,20,Oliver_Twist
Barney,DN,0,20,Oliver_Twist
Bet,N,0,20,Oliver_Twist
Bet,C,0,20,Oliver_Twist
Bet,I,0,20,Oliver_Twist
Bet,A,0,20,Oliver_Twist
Bet,DC,0,20,Oliver_Twist
Bet,DN,0,20,Oliver_Twist
Blathers,N,0,20,Oliver_Twist
Blathers,C,0,20,Oliver_Twist
Blathers,I,0,20,Oliver_Twist
Blathers,A,0,20,Oliver_Twist
Blathers,DC,0,20,Oliver_Twist
Blathers,DN,0,20,Oliver_Twist
Brittles,N,0,20,Oliver_Twist
Brittles,C,0,20,Oliver_Twist
Brittles,I,0,20,Oliver_Twist
Brittles,A,0,20,Oliver_Twist
Brittles,DC,0,20,Oliver_Twist
Brittles,DN,0,20,Oliver_Twist
Charlotte,N,0,20,Oliver_Twist
Charlotte,C,0,20,Oliver_Twist
Charlotte,I,0,20,Oliver_Twist
Charlotte,A,0,20,Oliver_Twist
Charlotte,DC,0,20,Oliver_Twist
Charlotte,DN,0,20,Oliver_Twist
Chickweed,N,0,20,Oliver_Twist
Chickweed,C,0,20,Oliver_Twist
Chickweed,I,0,20,Oliver_Twist
Chickweed,A,0,20,Oliver_Twist
Chickweed,DC,0,20,Oliver_Twist
Chickweed,DN,0,20,Oliver_Twist
Cod,N,0,20,Oliver_Twist
Cod,C,0,20,Oliver_Twist
Cod,I,0,20,Oliver_Twist
Cod,A,0,20,Oliver_Twist
Cod,DC,0,20,Oliver_Twist
Cod,DN,0,20,Oliver_Twist
Dick,N,6,20,Oliver_Twist
Dick,C,0,20,Oliver_Twist
Dick,I,2,20,Oliver_Twist
Dick,A,2,20,Oliver_Twist
Dick,DC,5,20,Oliver_Twist
Dick,DN,0,20,Oliver_Twist
Duff,N,0,20,Oliver_Twist
Duff,C,0,20,Oliver_Twist
Duff,I,0,20,Oliver_Twist
Duff,A,0,20,Oliver_Twist
Duff,DC,0,20,Oliver_Twist
Duff,DN,0,20,Oliver_Twist
Fagin,N,0,20,Oliver_Twist
Fagin,C,0,20,Oliver_Twist
Fagin,I,0,20,Oliver_Twist
Fagin,A,0,20,Oliver_Twist
Fagin,DC,0,20,Oliver_Twist
Fagin,DN,0,20,Oliver_Twist
Faguey,N,0,20,Oliver_Twist
Faguey,C,0,20,Oliver_Twist
Faguey,I,0,20,Oliver_Twist
Faguey,A,0,20,Oliver_Twist
Faguey,DC,0,20,Oliver_Twist
Faguey,DN,0,20,Oliver_Twist
God,N,0,20,Oliver_Twist
God,C,0,20,Oliver_Twist
God,I,0,20,Oliver_Twist
God,A,0,20,Oliver_Twist
God,DC,0,20,Oliver_Twist
God,DN,0,20,Oliver_Twist
Harry,N,0,20,Oliver_Twist
Harry,C,0,20,Oliver_Twist
Harry,I,0,20,Oliver_Twist
Harry,A,0,20,Oliver_Twist
Harry,DC,0,20,Oliver_Twist
Harry,DN,0,20,Oliver_Twist
Heaven,N,0,20,Oliver_Twist
Heaven,C,0,20,Oliver_Twist
Heaven,I,0,20,Oliver_Twist
Heaven,A,0,20,Oliver_Twist
Heaven,DC,0,20,Oliver_Twist
Heaven,DN,0,20,Oliver_Twist
Jack Dawkins,N,0,20,Oliver_Twist
Jack Dawkins,C,0,20,Oliver_Twist
Jack Dawkins,I,0,20,Oliver_Twist
Jack Dawkins,A,0,20,Oliver_Twist
Jack Dawkins,DC,0,20,Oliver_Twist
Jack Dawkins,DN,0,20,Oliver_Twist
Kags,N,0,20,Oliver_Twist
Kags,C,0,20,Oliver_Twist
Kags,I,0,20,Oliver_Twist
Kags,A,0,20,Oliver_Twist
Kags,DC,0,20,Oliver_Twist
Kags,DN,0,20,Oliver_Twist
Little Oliver,N,0,20,Oliver_Twist
Little Oliver,C,0,20,Oliver_Twist
Little Oliver,I,0,20,Oliver_Twist
Little Oliver,A,0,20,Oliver_Twist
Little Oliver,DC,0,20,Oliver_Twist
Little Oliver,DN,0,20,Oliver_Twist
Lor,N,0,20,Oliver_Twist
Lor,C,0,20,Oliver_Twist
Lor,I,0,20,Oliver_Twist
Lor,A,0,20,Oliver_Twist
Lor,DC,0,20,Oliver_Twist
Lor,DN,0,20,Oliver_Twist
Master Bates,N,0,20,Oliver_Twist
Master Bates,C,0,20,Oliver_Twist
Master Bates,I,0,20,Oliver_Twist
Master Bates,A,0,20,Oliver_Twist
Master Bates,DC,0,20,Oliver_Twist
Master Bates,DN,0,20,Oliver_Twist
Messrs. Blathers,N,0,20,Oliver_Twist
Messrs. Blathers,C,0,20,Oliver_Twist
Messrs. Blathers,I,0,20,Oliver_Twist
Messrs. Blathers,A,0,20,Oliver_Twist
Messrs. Blathers,DC,0,20,Oliver_Twist
Messrs. Blathers,DN,0,20,Oliver_Twist
Miss Maylie,N,0,20,Oliver_Twist
Miss Maylie,C,0,20,Oliver_Twist
Miss Maylie,I,0,20,Oliver_Twist
Miss Maylie,A,0,20,Oliver_Twist
Miss Maylie,DC,0,20,Oliver_Twist
Miss Maylie,DN,0,20,Oliver_Twist
Monks,N,0,20,Oliver_Twist
Monks,C,0,20,Oliver_Twist
Monks,I,0,20,Oliver_Twist
Monks,A,0,20,Oliver_Twist
Monks,DC,0,20,Oliver_Twist
Monks,DN,0,20,Oliver_Twist
Mr. Bolter,N,0,20,Oliver_Twist
Mr. Bolter,C,0,20,Oliver_Twist
Mr. Bolter,I,0,20,Oliver_Twist
Mr. Bolter,A,0,20,Oliver_Twist
Mr. Bolter,DC,0,20,Oliver_Twist
Mr. Bolter,DN,0,20,Oliver_Twist
Mr. Browlow,N,0,20,Oliver_Twist
Mr. Browlow,C,0,20,Oliver_Twist
Mr. Browlow,I,0,20,Oliver_Twist
Mr. Browlow,A,0,20,Oliver_Twist
Mr. Browlow,DC,0,20,Oliver_Twist
Mr. Browlow,DN,0,20,Oliver_Twist
Mr. Brownlow,N,13,20,Oliver_Twist
Mr. Brownlow,C,6,20,Oliver_Twist
Mr. Brownlow,I,0,20,Oliver_Twist
Mr. Brownlow,A,6,20,Oliver_Twist
Mr. Brownlow,DC,1,20,Oliver_Twist
Mr. Brownlow,DN,0,20,Oliver_Twist
Mr. Bumble,N,47,20,Oliver_Twist
Mr. Bumble,C,25,20,Oliver_Twist
Mr. Bumble,I,7,20,Oliver_Twist
Mr. Bumble,A,19,20,Oliver_Twist
Mr. Bumble,DC,9,20,Oliver_Twist
Mr. Bumble,DN,0,20,Oliver_Twist
Mr. Chitling,N,0,20,Oliver_Twist
Mr. Chitling,C,0,20,Oliver_Twist
Mr. Chitling,I,0,20,Oliver_Twist
Mr. Chitling,A,0,20,Oliver_Twist
Mr. Chitling,DC,0,20,Oliver_Twist
Mr. Chitling,DN,0,20,Oliver_Twist
Mr. Dawkins,N,0,20,Oliver_Twist
Mr. Dawkins,C,0,20,Oliver_Twist
Mr. Dawkins,I,0,20,Oliver_Twist
Mr. Dawkins,A,0,20,Oliver_Twist
Mr. Dawkins,DC,0,20,Oliver_Twist
Mr. Dawkins,DN,0,20,Oliver_Twist
Mr. Fang,N,0,20,Oliver_Twist
Mr. Fang,C,0,20,Oliver_Twist
Mr. Fang,I,0,20,Oliver_Twist
Mr. Fang,A,0,20,Oliver_Twist
Mr. Fang,DC,0,20,Oliver_Twist
Mr. Fang,DN,0,20,Oliver_Twist
Mr. Gamfield,N,0,20,Oliver_Twist
Mr. Gamfield,C,0,20,Oliver_Twist
Mr. Gamfield,I,0,20,Oliver_Twist
Mr. Gamfield,A,0,20,Oliver_Twist
Mr. Gamfield,DC,0,20,Oliver_Twist
Mr. Gamfield,DN,0,20,Oliver_Twist
Mr. Giles,N,0,20,Oliver_Twist
Mr. Giles,C,0,20,Oliver_Twist
Mr. Giles,I,0,20,Oliver_Twist
Mr. Giles,A,0,20,Oliver_Twist
Mr. Giles,DC,0,20,Oliver_Twist
Mr. Giles,DN,0,20,Oliver_Twist
Mr. Grimwig,N,10,20,Oliver_Twist
Mr. Grimwig,C,7,20,Oliver_Twist
Mr. Grimwig,I,6,20,Oliver_Twist
Mr. Grimwig,A,3,20,Oliver_Twist
Mr. Grimwig,DC,0,20,Oliver_Twist
Mr. Grimwig,DN,1,20,Oliver_Twist
Mr. Limbkins,N,0,20,Oliver_Twist
Mr. Limbkins,C,0,20,Oliver_Twist
Mr. Limbkins,I,0,20,Oliver_Twist
Mr. Limbkins,A,0,20,Oliver_Twist
Mr. Limbkins,DC,0,20,Oliver_Twist
Mr. Limbkins,DN,0,20,Oliver_Twist
Mr. Lively,N,0,20,Oliver_Twist
Mr. Lively,C,0,20,Oliver_Twist
Mr. Lively,I,0,20,Oliver_Twist
Mr. Lively,A,0,20,Oliver_Twist
Mr. Lively,DC,0,20,Oliver_Twist
Mr. Lively,DN,0,20,Oliver_Twist
Mr. Losberne,N,0,20,Oliver_Twist
Mr. Losberne,C,0,20,Oliver_Twist
Mr. Losberne,I,0,20,Oliver_Twist
Mr. Losberne,A,0,20,Oliver_Twist
Mr. Losberne,DC,0,20,Oliver_Twist
Mr. Losberne,DN,0,20,Oliver_Twist
Mr. Maylie,N,0,20,Oliver_Twist
Mr. Maylie,C,0,20,Oliver_Twist
Mr. Maylie,I,0,20,Oliver_Twist
Mr. Maylie,A,0,20,Oliver_Twist
Mr. Maylie,DC,0,20,Oliver_Twist
Mr. Maylie,DN,0,20,Oliver_Twist
Mr. Sikes,N,0,20,Oliver_Twist
Mr. Sikes,C,0,20,Oliver_Twist
Mr. Sikes,I,0,20,Oliver_Twist
Mr. Sikes,A,0,20,Oliver_Twist
Mr. Sikes,DC,0,20,Oliver_Twist
Mr. Sikes,DN,0,20,Oliver_Twist
Mr. Sowerberry,N,0,20,Oliver_Twist
Mr. Sowerberry,C,0,20,Oliver_Twist
Mr. Sowerberry,I,0,20,Oliver_Twist
Mr. Sowerberry,A,0,20,Oliver_Twist
Mr. Sowerberry,DC,0,20,Oliver_Twist
Mr. Sowerberry,DN,0,20,Oliver_Twist
Mrs. Bedwin,N,4,20,Oliver_Twist
Mrs. Bedwin,C,2,20,Oliver_Twist
Mrs. Bedwin,I,3,20,Oliver_Twist
Mrs. Bedwin,A,1,20,Oliver_Twist
Mrs. Bedwin,DC,3,20,Oliver_Twist
Mrs. Bedwin,DN,0,20,Oliver_Twist
Mrs. Bolter,N,0,20,Oliver_Twist
Mrs. Bolter,C,0,20,Oliver_Twist
Mrs. Bolter,I,0,20,Oliver_Twist
Mrs. Bolter,A,0,20,Oliver_Twist
Mrs. Bolter,DC,0,20,Oliver_Twist
Mrs. Bolter,DN,0,20,Oliver_Twist
Mrs. Corney,N,0,20,Oliver_Twist
Mrs. Corney,C,0,20,Oliver_Twist
Mrs. Corney,I,0,20,Oliver_Twist
Mrs. Corney,A,0,20,Oliver_Twist
Mrs. Corney,DC,0,20,Oliver_Twist
Mrs. Corney,DN,0,20,Oliver_Twist
Mrs. Mann,N,32,20,Oliver_Twist
Mrs. Mann,C,22,20,Oliver_Twist
Mrs. Mann,I,8,20,Oliver_Twist
Mrs. Mann,A,8,20,Oliver_Twist
Mrs. Mann,DC,4,20,Oliver_Twist
Mrs. Mann,DN,0,20,Oliver_Twist
Mrs. Maylie,N,0,20,Oliver_Twist
Mrs. Maylie,C,0,20,Oliver_Twist
Mrs. Maylie,I,0,20,Oliver_Twist
Mrs. Maylie,A,0,20,Oliver_Twist
Mrs. Maylie,DC,0,20,Oliver_Twist
Mrs. Maylie,DN,0,20,Oliver_Twist
Mrs. Sowerberry,N,0,20,Oliver_Twist
Mrs. Sowerberry,C,0,20,Oliver_Twist
Mrs. Sowerberry,I,0,20,Oliver_Twist
Mrs. Sowerberry,A,0,20,Oliver_Twist
Mrs. Sowerberry,DC,0,20,Oliver_Twist
Mrs. Sowerberry,DN,0,20,Oliver_Twist
Nancy,N,0,20,Oliver_Twist
Nancy,C,0,20,Oliver_Twist
Nancy,I,0,20,Oliver_Twist
Nancy,A,0,20,Oliver_Twist
Nancy,DC,0,20,Oliver_Twist
Nancy,DN,0,20,Oliver_Twist
Noah,N,0,20,Oliver_Twist
Noah,C,0,20,Oliver_Twist
Noah,I,0,20,Oliver_Twist
Noah,A,0,20,Oliver_Twist
Noah,DC,0,20,Oliver_Twist
Noah,DN,0,20,Oliver_Twist
Oliver,N,11,20,Oliver_Twist
Oliver,C,0,20,Oliver_Twist
Oliver,I,4,20,Oliver_Twist
Oliver,A,2,20,Oliver_Twist
Oliver,DC,2,20,Oliver_Twist
Oliver,DN,1,20,Oliver_Twist
Rose,N,0,20,Oliver_Twist
Rose,C,0,20,Oliver_Twist
Rose,I,0,20,Oliver_Twist
Rose,A,0,20,Oliver_Twist
Rose,DC,0,20,Oliver_Twist
Rose,DN,0,20,Oliver_Twist
Sikes,N,0,20,Oliver_Twist
Sikes,C,0,20,Oliver_Twist
Sikes,I,0,20,Oliver_Twist
Sikes,A,0,20,Oliver_Twist
Sikes,DC,0,20,Oliver_Twist
Sikes,DN,0,20,Oliver_Twist
Spyers,N,0,20,Oliver_Twist
Spyers,C,0,20,Oliver_Twist
Spyers,I,0,20,Oliver_Twist
Spyers,A,0,20,Oliver_Twist
Spyers,DC,0,20,Oliver_Twist
Spyers,DN,0,20,Oliver_Twist
The Jew,N,0,20,Oliver_Twist
The Jew,C,0,20,Oliver_Twist
The Jew,I,0,20,Oliver_Twist
The Jew,A,0,20,Oliver_Twist
The Jew,DC,0,20,Oliver_Twist
The Jew,DN,0,20,Oliver_Twist
Toby,N,0,20,Oliver_Twist
Toby,C,0,20,Oliver_Twist
Toby,I,0,20,Oliver_Twist
Toby,A,0,20,Oliver_Twist
Toby,DC,0,20,Oliver_Twist
Toby,DN,0,20,Oliver_Twist
Tom,N,0,20,Oliver_Twist
Tom,C,0,20,Oliver_Twist
Tom,I,0,20,Oliver_Twist
Tom,A,0,20,Oliver_Twist
Tom,DC,0,20,Oliver_Twist
Tom,DN,0,20,Oliver_Twist
Work’us,N,0,20,Oliver_Twist
Work’us,C,0,20,Oliver_Twist
Work’us,I,0,20,Oliver_Twist
Work’us,A,0,20,Oliver_Twist
Work’us,DC,0,20,Oliver_Twist
Work’us,DN,0,20,Oliver_Twist
old Sally,N,0,20,Oliver_Twist
old Sally,C,0,20,Oliver_Twist
old Sally,I,0,20,Oliver_Twist
old Sally,A,0,20,Oliver_Twist
old Sally,DC,0,20,Oliver_Twist
old Sally,DN,0,20,Oliver_Twist
the Clerkinwell Sessions,N,3,20,Oliver_Twist
the Clerkinwell Sessions,C,0,20,Oliver_Twist
the Clerkinwell Sessions,I,2,20,Oliver_Twist
the Clerkinwell Sessions,A,5,20,Oliver_Twist
the Clerkinwell Sessions,DC,6,20,Oliver_Twist
the Clerkinwell Sessions,DN,0,20,Oliver_Twist
the Cripples,N,0,20,Oliver_Twist
the Cripples,C,0,20,Oliver_Twist
the Cripples,I,0,20,Oliver_Twist
the Cripples,A,0,20,Oliver_Twist
the Cripples,DC,0,20,Oliver_Twist
the Cripples,DN,0,20,Oliver_Twist
the Dodger,N,0,20,Oliver_Twist
the Dodger,C,0,20,Oliver_Twist
the Dodger,I,0,20,Oliver_Twist
the Dodger,A,0,20,Oliver_Twist
the Dodger,DC,0,20,Oliver_Twist
the Dodger,DN,0,20,Oliver_Twist
Agnes,N,0,21,Oliver_Twist
Agnes,C,0,21,Oliver_Twist
Agnes,I,0,21,Oliver_Twist
Agnes,A,0,21,Oliver_Twist
Agnes,DC,0,21,Oliver_Twist
Agnes,DN,0,21,Oliver_Twist
Barney,N,0,21,Oliver_Twist
Barney,C,0,21,Oliver_Twist
Barney,I,0,21,Oliver_Twist
Barney,A,0,21,Oliver_Twist
Barney,DC,0,21,Oliver_Twist
Barney,DN,0,21,Oliver_Twist
Bet,N,2,21,Oliver_Twist
Bet,C,0,21,Oliver_Twist
Bet,I,0,21,Oliver_Twist
Bet,A,1,21,Oliver_Twist
Bet,DC,0,21,Oliver_Twist
Bet,DN,0,21,Oliver_Twist
Blathers,N,0,21,Oliver_Twist
Blathers,C,0,21,Oliver_Twist
Blathers,I,0,21,Oliver_Twist
Blathers,A,0,21,Oliver_Twist
Blathers,DC,0,21,Oliver_Twist
Blathers,DN,0,21,Oliver_Twist
Brittles,N,0,21,Oliver_Twist
Brittles,C,0,21,Oliver_Twist
Brittles,I,0,21,Oliver_Twist
Brittles,A,0,21,Oliver_Twist
Brittles,DC,0,21,Oliver_Twist
Brittles,DN,0,21,Oliver_Twist
Charlotte,N,0,21,Oliver_Twist
Charlotte,C,0,21,Oliver_Twist
Charlotte,I,0,21,Oliver_Twist
Charlotte,A,0,21,Oliver_Twist
Charlotte,DC,0,21,Oliver_Twist
Charlotte,DN,0,21,Oliver_Twist
Chickweed,N,0,21,Oliver_Twist
Chickweed,C,0,21,Oliver_Twist
Chickweed,I,0,21,Oliver_Twist
Chickweed,A,0,21,Oliver_Twist
Chickweed,DC,0,21,Oliver_Twist
Chickweed,DN,0,21,Oliver_Twist
Cod,N,0,21,Oliver_Twist
Cod,C,0,21,Oliver_Twist
Cod,I,0,21,Oliver_Twist
Cod,A,0,21,Oliver_Twist
Cod,DC,0,21,Oliver_Twist
Cod,DN,0,21,Oliver_Twist
Dick,N,0,21,Oliver_Twist
Dick,C,0,21,Oliver_Twist
Dick,I,0,21,Oliver_Twist
Dick,A,0,21,Oliver_Twist
Dick,DC,0,21,Oliver_Twist
Dick,DN,0,21,Oliver_Twist
Duff,N,0,21,Oliver_Twist
Duff,C,0,21,Oliver_Twist
Duff,I,0,21,Oliver_Twist
Duff,A,0,21,Oliver_Twist
Duff,DC,0,21,Oliver_Twist
Duff,DN,0,21,Oliver_Twist
Fagin,N,14,21,Oliver_Twist
Fagin,C,0,21,Oliver_Twist
Fagin,I,8,21,Oliver_Twist
Fagin,A,6,21,Oliver_Twist
Fagin,DC,3,21,Oliver_Twist
Fagin,DN,1,21,Oliver_Twist
Faguey,N,0,21,Oliver_Twist
Faguey,C,0,21,Oliver_Twist
Faguey,I,0,21,Oliver_Twist
Faguey,A,0,21,Oliver_Twist
Faguey,DC,0,21,Oliver_Twist
Faguey,DN,0,21,Oliver_Twist
God,N,0,21,Oliver_Twist
God,C,0,21,Oliver_Twist
God,I,0,21,Oliver_Twist
God,A,0,21,Oliver_Twist
God,DC,0,21,Oliver_Twist
God,DN,0,21,Oliver_Twist
Harry,N,0,21,Oliver_Twist
Harry,C,0,21,Oliver_Twist
Harry,I,0,21,Oliver_Twist
Harry,A,0,21,Oliver_Twist
Harry,DC,0,21,Oliver_Twist
Harry,DN,0,21,Oliver_Twist
Heaven,N,0,21,Oliver_Twist
Heaven,C,0,21,Oliver_Twist
Heaven,I,0,21,Oliver_Twist
Heaven,A,0,21,Oliver_Twist
Heaven,DC,0,21,Oliver_Twist
Heaven,DN,0,21,Oliver_Twist
Jack Dawkins,N,1,21,Oliver_Twist
Jack Dawkins,C,0,21,Oliver_Twist
Jack Dawkins,I,0,21,Oliver_Twist
Jack Dawkins,A,0,21,Oliver_Twist
Jack Dawkins,DC,1,21,Oliver_Twist
Jack Dawkins,DN,0,21,Oliver_Twist
Kags,N,0,21,Oliver_Twist
Kags,C,0,21,Oliver_Twist
Kags,I,0,21,Oliver_Twist
Kags,A,0,21,Oliver_Twist
Kags,DC,0,21,Oliver_Twist
Kags,DN,0,21,Oliver_Twist
Little Oliver,N,1,21,Oliver_Twist
Little Oliver,C,0,21,Oliver_Twist
Little Oliver,I,4,21,Oliver_Twist
Little Oliver,A,2,21,Oliver_Twist
Little Oliver,DC,0,21,Oliver_Twist
Little Oliver,DN,0,21,Oliver_Twist
Lor,N,0,21,Oliver_Twist
Lor,C,0,21,Oliver_Twist
Lor,I,0,21,Oliver_Twist
Lor,A,0,21,Oliver_Twist
Lor,DC,0,21,Oliver_Twist
Lor,DN,0,21,Oliver_Twist
Master Bates,N,25,21,Oliver_Twist
Master Bates,C,18,21,Oliver_Twist
Master Bates,I,6,21,Oliver_Twist
Master Bates,A,5,21,Oliver_Twist
Master Bates,DC,0,21,Oliver_Twist
Master Bates,DN,0,21,Oliver_Twist
Messrs. Blathers,N,0,21,Oliver_Twist
Messrs. Blathers,C,0,21,Oliver_Twist
Messrs. Blathers,I,0,21,Oliver_Twist
Messrs. Blathers,A,0,21,Oliver_Twist
Messrs. Blathers,DC,0,21,Oliver_Twist
Messrs. Blathers,DN,0,21,Oliver_Twist
Miss Maylie,N,0,21,Oliver_Twist
Miss Maylie,C,0,21,Oliver_Twist
Miss Maylie,I,0,21,Oliver_Twist
Miss Maylie,A,0,21,Oliver_Twist
Miss Maylie,DC,0,21,Oliver_Twist
Miss Maylie,DN,0,21,Oliver_Twist
Monks,N,0,21,Oliver_Twist
Monks,C,0,21,Oliver_Twist
Monks,I,0,21,Oliver_Twist
Monks,A,0,21,Oliver_Twist
Monks,DC,0,21,Oliver_Twist
Monks,DN,0,21,Oliver_Twist
Mr. Bolter,N,0,21,Oliver_Twist
Mr. Bolter,C,0,21,Oliver_Twist
Mr. Bolter,I,0,21,Oliver_Twist
Mr. Bolter,A,0,21,Oliver_Twist
Mr. Bolter,DC,0,21,Oliver_Twist
Mr. Bolter,DN,0,21,Oliver_Twist
Mr. Browlow,N,0,21,Oliver_Twist
Mr. Browlow,C,0,21,Oliver_Twist
Mr. Browlow,I,0,21,Oliver_Twist
Mr. Browlow,A,0,21,Oliver_Twist
Mr. Browlow,DC,0,21,Oliver_Twist
Mr. Browlow,DN,0,21,Oliver_Twist
Mr. Brownlow,N,0,21,Oliver_Twist
Mr. Brownlow,C,0,21,Oliver_Twist
Mr. Brownlow,I,0,21,Oliver_Twist
Mr. Brownlow,A,0,21,Oliver_Twist
Mr. Brownlow,DC,0,21,Oliver_Twist
Mr. Brownlow,DN,0,21,Oliver_Twist
Mr. Bumble,N,0,21,Oliver_Twist
Mr. Bumble,C,0,21,Oliver_Twist
Mr. Bumble,I,0,21,Oliver_Twist
Mr. Bumble,A,0,21,Oliver_Twist
Mr. Bumble,DC,0,21,Oliver_Twist
Mr. Bumble,DN,0,21,Oliver_Twist
Mr. Chitling,N,4,21,Oliver_Twist
Mr. Chitling,C,1,21,Oliver_Twist
Mr. Chitling,I,4,21,Oliver_Twist
Mr. Chitling,A,6,21,Oliver_Twist
Mr. Chitling,DC,1,21,Oliver_Twist
Mr. Chitling,DN,2,21,Oliver_Twist
Mr. Dawkins,N,3,21,Oliver_Twist
Mr. Dawkins,C,1,21,Oliver_Twist
Mr. Dawkins,I,0,21,Oliver_Twist
Mr. Dawkins,A,0,21,Oliver_Twist
Mr. Dawkins,DC,0,21,Oliver_Twist
Mr. Dawkins,DN,0,21,Oliver_Twist
Mr. Fang,N,0,21,Oliver_Twist
Mr. Fang,C,0,21,Oliver_Twist
Mr. Fang,I,0,21,Oliver_Twist
Mr. Fang,A,0,21,Oliver_Twist
Mr. Fang,DC,0,21,Oliver_Twist
Mr. Fang,DN,0,21,Oliver_Twist
Mr. Gamfield,N,0,21,Oliver_Twist
Mr. Gamfield,C,0,21,Oliver_Twist
Mr. Gamfield,I,0,21,Oliver_Twist
Mr. Gamfield,A,0,21,Oliver_Twist
Mr. Gamfield,DC,0,21,Oliver_Twist
Mr. Gamfield,DN,0,21,Oliver_Twist
Mr. Giles,N,0,21,Oliver_Twist
Mr. Giles,C,0,21,Oliver_Twist
Mr. Giles,I,0,21,Oliver_Twist
Mr. Giles,A,0,21,Oliver_Twist
Mr. Giles,DC,0,21,Oliver_Twist
Mr. Giles,DN,0,21,Oliver_Twist
Mr. Grimwig,N,0,21,Oliver_Twist
Mr. Grimwig,C,0,21,Oliver_Twist
Mr. Grimwig,I,0,21,Oliver_Twist
Mr. Grimwig,A,0,21,Oliver_Twist
Mr. Grimwig,DC,0,21,Oliver_Twist
Mr. Grimwig,DN,0,21,Oliver_Twist
Mr. Limbkins,N,0,21,Oliver_Twist
Mr. Limbkins,C,0,21,Oliver_Twist
Mr. Limbkins,I,0,21,Oliver_Twist
Mr. Limbkins,A,0,21,Oliver_Twist
Mr. Limbkins,DC,0,21,Oliver_Twist
Mr. Limbkins,DN,0,21,Oliver_Twist
Mr. Lively,N,0,21,Oliver_Twist
Mr. Lively,C,0,21,Oliver_Twist
Mr. Lively,I,0,21,Oliver_Twist
Mr. Lively,A,0,21,Oliver_Twist
Mr. Lively,DC,0,21,Oliver_Twist
Mr. Lively,DN,0,21,Oliver_Twist
Mr. Losberne,N,0,21,Oliver_Twist
Mr. Losberne,C,0,21,Oliver_Twist
Mr. Losberne,I,0,21,Oliver_Twist
Mr. Losberne,A,0,21,Oliver_Twist
Mr. Losberne,DC,0,21,Oliver_Twist
Mr. Losberne,DN,0,21,Oliver_Twist
Mr. Maylie,N,0,21,Oliver_Twist
Mr. Maylie,C,0,21,Oliver_Twist
Mr. Maylie,I,0,21,Oliver_Twist
Mr. Maylie,A,0,21,Oliver_Twist
Mr. Maylie,DC,0,21,Oliver_Twist
Mr. Maylie,DN,0,21,Oliver_Twist
Mr. Sikes,N,0,21,Oliver_Twist
Mr. Sikes,C,0,21,Oliver_Twist
Mr. Sikes,I,0,21,Oliver_Twist
Mr. Sikes,A,0,21,Oliver_Twist
Mr. Sikes,DC,0,21,Oliver_Twist
Mr. Sikes,DN,0,21,Oliver_Twist
Mr. Sowerberry,N,0,21,Oliver_Twist
Mr. Sowerberry,C,0,21,Oliver_Twist
Mr. Sowerberry,I,0,21,Oliver_Twist
Mr. Sowerberry,A,0,21,Oliver_Twist
Mr. Sowerberry,DC,0,21,Oliver_Twist
Mr. Sowerberry,DN,0,21,Oliver_Twist
Mrs. Bedwin,N,0,21,Oliver_Twist
Mrs. Bedwin,C,0,21,Oliver_Twist
Mrs. Bedwin,I,0,21,Oliver_Twist
Mrs. Bedwin,A,0,21,Oliver_Twist
Mrs. Bedwin,DC,0,21,Oliver_Twist
Mrs. Bedwin,DN,0,21,Oliver_Twist
Mrs. Bolter,N,0,21,Oliver_Twist
Mrs. Bolter,C,0,21,Oliver_Twist
Mrs. Bolter,I,0,21,Oliver_Twist
Mrs. Bolter,A,0,21,Oliver_Twist
Mrs. Bolter,DC,0,21,Oliver_Twist
Mrs. Bolter,DN,0,21,Oliver_Twist
Mrs. Corney,N,0,21,Oliver_Twist
Mrs. Corney,C,0,21,Oliver_Twist
Mrs. Corney,I,0,21,Oliver_Twist
Mrs. Corney,A,0,21,Oliver_Twist
Mrs. Corney,DC,0,21,Oliver_Twist
Mrs. Corney,DN,0,21,Oliver_Twist
Mrs. Mann,N,0,21,Oliver_Twist
Mrs. Mann,C,0,21,Oliver_Twist
Mrs. Mann,I,0,21,Oliver_Twist
Mrs. Mann,A,0,21,Oliver_Twist
Mrs. Mann,DC,0,21,Oliver_Twist
Mrs. Mann,DN,0,21,Oliver_Twist
Mrs. Maylie,N,0,21,Oliver_Twist
Mrs. Maylie,C,0,21,Oliver_Twist
Mrs. Maylie,I,0,21,Oliver_Twist
Mrs. Maylie,A,0,21,Oliver_Twist
Mrs. Maylie,DC,0,21,Oliver_Twist
Mrs. Maylie,DN,0,21,Oliver_Twist
Mrs. Sowerberry,N,0,21,Oliver_Twist
Mrs. Sowerberry,C,0,21,Oliver_Twist
Mrs. Sowerberry,I,0,21,Oliver_Twist
Mrs. Sowerberry,A,0,21,Oliver_Twist
Mrs. Sowerberry,DC,0,21,Oliver_Twist
Mrs. Sowerberry,DN,0,21,Oliver_Twist
Nancy,N,1,21,Oliver_Twist
Nancy,C,0,21,Oliver_Twist
Nancy,I,0,21,Oliver_Twist
Nancy,A,1,21,Oliver_Twist
Nancy,DC,0,21,Oliver_Twist
Nancy,DN,0,21,Oliver_Twist
Noah,N,0,21,Oliver_Twist
Noah,C,0,21,Oliver_Twist
Noah,I,0,21,Oliver_Twist
Noah,A,0,21,Oliver_Twist
Noah,DC,0,21,Oliver_Twist
Noah,DN,0,21,Oliver_Twist
Oliver,N,36,21,Oliver_Twist
Oliver,C,9,21,Oliver_Twist
Oliver,I,10,21,Oliver_Twist
Oliver,A,27,21,Oliver_Twist
Oliver,DC,5,21,Oliver_Twist
Oliver,DN,3,21,Oliver_Twist
Rose,N,0,21,Oliver_Twist
Rose,C,0,21,Oliver_Twist
Rose,I,0,21,Oliver_Twist
Rose,A,0,21,Oliver_Twist
Rose,DC,0,21,Oliver_Twist
Rose,DN,0,21,Oliver_Twist
Sikes,N,2,21,Oliver_Twist
Sikes,C,0,21,Oliver_Twist
Sikes,I,0,21,Oliver_Twist
Sikes,A,0,21,Oliver_Twist
Sikes,DC,0,21,Oliver_Twist
Sikes,DN,0,21,Oliver_Twist
Spyers,N,0,21,Oliver_Twist
Spyers,C,0,21,Oliver_Twist
Spyers,I,0,21,Oliver_Twist
Spyers,A,0,21,Oliver_Twist
Spyers,DC,0,21,Oliver_Twist
Spyers,DN,0,21,Oliver_Twist
The Jew,N,1,21,Oliver_Twist
The Jew,C,0,21,Oliver_Twist
The Jew,I,1,21,Oliver_Twist
The Jew,A,2,21,Oliver_Twist
The Jew,DC,0,21,Oliver_Twist
The Jew,DN,1,21,Oliver_Twist
Toby,N,0,21,Oliver_Twist
Toby,C,0,21,Oliver_Twist
Toby,I,0,21,Oliver_Twist
Toby,A,0,21,Oliver_Twist
Toby,DC,0,21,Oliver_Twist
Toby,DN,0,21,Oliver_Twist
Tom,N,2,21,Oliver_Twist
Tom,C,2,21,Oliver_Twist
Tom,I,0,21,Oliver_Twist
Tom,A,0,21,Oliver_Twist
Tom,DC,0,21,Oliver_Twist
Tom,DN,0,21,Oliver_Twist
Work’us,N,0,21,Oliver_Twist
Work’us,C,0,21,Oliver_Twist
Work’us,I,0,21,Oliver_Twist
Work’us,A,0,21,Oliver_Twist
Work’us,DC,0,21,Oliver_Twist
Work’us,DN,0,21,Oliver_Twist
old Sally,N,0,21,Oliver_Twist
old Sally,C,0,21,Oliver_Twist
old Sally,I,0,21,Oliver_Twist
old Sally,A,0,21,Oliver_Twist
old Sally,DC,0,21,Oliver_Twist
old Sally,DN,0,21,Oliver_Twist
the Clerkinwell Sessions,N,0,21,Oliver_Twist
the Clerkinwell Sessions,C,0,21,Oliver_Twist
the Clerkinwell Sessions,I,0,21,Oliver_Twist
the Clerkinwell Sessions,A,0,21,Oliver_Twist
the Clerkinwell Sessions,DC,0,21,Oliver_Twist
the Clerkinwell Sessions,DN,0,21,Oliver_Twist
the Cripples,N,0,21,Oliver_Twist
the Cripples,C,0,21,Oliver_Twist
the Cripples,I,0,21,Oliver_Twist
the Cripples,A,0,21,Oliver_Twist
the Cripples,DC,0,21,Oliver_Twist
the Cripples,DN,0,21,Oliver_Twist
the Dodger,N,3,21,Oliver_Twist
the Dodger,C,1,21,Oliver_Twist
the Dodger,I,1,21,Oliver_Twist
the Dodger,A,3,21,Oliver_Twist
the Dodger,DC,1,21,Oliver_Twist
the Dodger,DN,0,21,Oliver_Twist
Agnes,N,0,22,Oliver_Twist
Agnes,C,0,22,Oliver_Twist
Agnes,I,0,22,Oliver_Twist
Agnes,A,0,22,Oliver_Twist
Agnes,DC,0,22,Oliver_Twist
Agnes,DN,0,22,Oliver_Twist
Barney,N,0,22,Oliver_Twist
Barney,C,0,22,Oliver_Twist
Barney,I,0,22,Oliver_Twist
Barney,A,0,22,Oliver_Twist
Barney,DC,0,22,Oliver_Twist
Barney,DN,0,22,Oliver_Twist
Bet,N,0,22,Oliver_Twist
Bet,C,0,22,Oliver_Twist
Bet,I,0,22,Oliver_Twist
Bet,A,0,22,Oliver_Twist
Bet,DC,0,22,Oliver_Twist
Bet,DN,0,22,Oliver_Twist
Blathers,N,0,22,Oliver_Twist
Blathers,C,0,22,Oliver_Twist
Blathers,I,0,22,Oliver_Twist
Blathers,A,0,22,Oliver_Twist
Blathers,DC,0,22,Oliver_Twist
Blathers,DN,0,22,Oliver_Twist
Brittles,N,0,22,Oliver_Twist
Brittles,C,0,22,Oliver_Twist
Brittles,I,0,22,Oliver_Twist
Brittles,A,0,22,Oliver_Twist
Brittles,DC,0,22,Oliver_Twist
Brittles,DN,0,22,Oliver_Twist
Charlotte,N,0,22,Oliver_Twist
Charlotte,C,0,22,Oliver_Twist
Charlotte,I,0,22,Oliver_Twist
Charlotte,A,0,22,Oliver_Twist
Charlotte,DC,0,22,Oliver_Twist
Charlotte,DN,0,22,Oliver_Twist
Chickweed,N,0,22,Oliver_Twist
Chickweed,C,0,22,Oliver_Twist
Chickweed,I,0,22,Oliver_Twist
Chickweed,A,0,22,Oliver_Twist
Chickweed,DC,0,22,Oliver_Twist
Chickweed,DN,0,22,Oliver_Twist
Cod,N,0,22,Oliver_Twist
Cod,C,0,22,Oliver_Twist
Cod,I,0,22,Oliver_Twist
Cod,A,0,22,Oliver_Twist
Cod,DC,0,22,Oliver_Twist
Cod,DN,0,22,Oliver_Twist
Dick,N,0,22,Oliver_Twist
Dick,C,0,22,Oliver_Twist
Dick,I,0,22,Oliver_Twist
Dick,A,0,22,Oliver_Twist
Dick,DC,0,22,Oliver_Twist
Dick,DN,0,22,Oliver_Twist
Duff,N,0,22,Oliver_Twist
Duff,C,0,22,Oliver_Twist
Duff,I,0,22,Oliver_Twist
Duff,A,0,22,Oliver_Twist
Duff,DC,0,22,Oliver_Twist
Duff,DN,0,22,Oliver_Twist
Fagin,N,12,22,Oliver_Twist
Fagin,C,2,22,Oliver_Twist
Fagin,I,3,22,Oliver_Twist
Fagin,A,4,22,Oliver_Twist
Fagin,DC,5,22,Oliver_Twist
Fagin,DN,1,22,Oliver_Twist
Faguey,N,0,22,Oliver_Twist
Faguey,C,0,22,Oliver_Twist
Faguey,I,0,22,Oliver_Twist
Faguey,A,0,22,Oliver_Twist
Faguey,DC,0,22,Oliver_Twist
Faguey,DN,0,22,Oliver_Twist
God,N,0,22,Oliver_Twist
God,C,0,22,Oliver_Twist
God,I,0,22,Oliver_Twist
God,A,0,22,Oliver_Twist
God,DC,0,22,Oliver_Twist
God,DN,0,22,Oliver_Twist
Harry,N,0,22,Oliver_Twist
Harry,C,0,22,Oliver_Twist
Harry,I,0,22,Oliver_Twist
Harry,A,0,22,Oliver_Twist
Harry,DC,0,22,Oliver_Twist
Harry,DN,0,22,Oliver_Twist
Heaven,N,0,22,Oliver_Twist
Heaven,C,0,22,Oliver_Twist
Heaven,I,0,22,Oliver_Twist
Heaven,A,0,22,Oliver_Twist
Heaven,DC,0,22,Oliver_Twist
Heaven,DN,0,22,Oliver_Twist
Jack Dawkins,N,0,22,Oliver_Twist
Jack Dawkins,C,0,22,Oliver_Twist
Jack Dawkins,I,0,22,Oliver_Twist
Jack Dawkins,A,0,22,Oliver_Twist
Jack Dawkins,DC,0,22,Oliver_Twist
Jack Dawkins,DN,0,22,Oliver_Twist
Kags,N,0,22,Oliver_Twist
Kags,C,0,22,Oliver_Twist
Kags,I,0,22,Oliver_Twist
Kags,A,0,22,Oliver_Twist
Kags,DC,0,22,Oliver_Twist
Kags,DN,0,22,Oliver_Twist
Little Oliver,N,0,22,Oliver_Twist
Little Oliver,C,0,22,Oliver_Twist
Little Oliver,I,0,22,Oliver_Twist
Little Oliver,A,0,22,Oliver_Twist
Little Oliver,DC,0,22,Oliver_Twist
Little Oliver,DN,0,22,Oliver_Twist
Lor,N,0,22,Oliver_Twist
Lor,C,0,22,Oliver_Twist
Lor,I,0,22,Oliver_Twist
Lor,A,0,22,Oliver_Twist
Lor,DC,0,22,Oliver_Twist
Lor,DN,0,22,Oliver_Twist
Master Bates,N,0,22,Oliver_Twist
Master Bates,C,0,22,Oliver_Twist
Master Bates,I,0,22,Oliver_Twist
Master Bates,A,0,22,Oliver_Twist
Master Bates,DC,0,22,Oliver_Twist
Master Bates,DN,0,22,Oliver_Twist
Messrs. Blathers,N,0,22,Oliver_Twist
Messrs. Blathers,C,0,22,Oliver_Twist
Messrs. Blathers,I,0,22,Oliver_Twist
Messrs. Blathers,A,0,22,Oliver_Twist
Messrs. Blathers,DC,0,22,Oliver_Twist
Messrs. Blathers,DN,0,22,Oliver_Twist
Miss Maylie,N,0,22,Oliver_Twist
Miss Maylie,C,0,22,Oliver_Twist
Miss Maylie,I,0,22,Oliver_Twist
Miss Maylie,A,0,22,Oliver_Twist
Miss Maylie,DC,0,22,Oliver_Twist
Miss Maylie,DN,0,22,Oliver_Twist
Monks,N,0,22,Oliver_Twist
Monks,C,0,22,Oliver_Twist
Monks,I,0,22,Oliver_Twist
Monks,A,0,22,Oliver_Twist
Monks,DC,0,22,Oliver_Twist
Monks,DN,0,22,Oliver_Twist
Mr. Bolter,N,0,22,Oliver_Twist
Mr. Bolter,C,0,22,Oliver_Twist
Mr. Bolter,I,0,22,Oliver_Twist
Mr. Bolter,A,0,22,Oliver_Twist
Mr. Bolter,DC,0,22,Oliver_Twist
Mr. Bolter,DN,0,22,Oliver_Twist
Mr. Browlow,N,0,22,Oliver_Twist
Mr. Browlow,C,0,22,Oliver_Twist
Mr. Browlow,I,0,22,Oliver_Twist
Mr. Browlow,A,0,22,Oliver_Twist
Mr. Browlow,DC,0,22,Oliver_Twist
Mr. Browlow,DN,0,22,Oliver_Twist
Mr. Brownlow,N,0,22,Oliver_Twist
Mr. Brownlow,C,0,22,Oliver_Twist
Mr. Brownlow,I,0,22,Oliver_Twist
Mr. Brownlow,A,0,22,Oliver_Twist
Mr. Brownlow,DC,0,22,Oliver_Twist
Mr. Brownlow,DN,0,22,Oliver_Twist
Mr. Bumble,N,0,22,Oliver_Twist
Mr. Bumble,C,0,22,Oliver_Twist
Mr. Bumble,I,0,22,Oliver_Twist
Mr. Bumble,A,0,22,Oliver_Twist
Mr. Bumble,DC,0,22,Oliver_Twist
Mr. Bumble,DN,0,22,Oliver_Twist
Mr. Chitling,N,0,22,Oliver_Twist
Mr. Chitling,C,0,22,Oliver_Twist
Mr. Chitling,I,0,22,Oliver_Twist
Mr. Chitling,A,0,22,Oliver_Twist
Mr. Chitling,DC,0,22,Oliver_Twist
Mr. Chitling,DN,0,22,Oliver_Twist
Mr. Dawkins,N,0,22,Oliver_Twist
Mr. Dawkins,C,0,22,Oliver_Twist
Mr. Dawkins,I,0,22,Oliver_Twist
Mr. Dawkins,A,0,22,Oliver_Twist
Mr. Dawkins,DC,0,22,Oliver_Twist
Mr. Dawkins,DN,0,22,Oliver_Twist
Mr. Fang,N,0,22,Oliver_Twist
Mr. Fang,C,0,22,Oliver_Twist
Mr. Fang,I,0,22,Oliver_Twist
Mr. Fang,A,0,22,Oliver_Twist
Mr. Fang,DC,0,22,Oliver_Twist
Mr. Fang,DN,0,22,Oliver_Twist
Mr. Gamfield,N,0,22,Oliver_Twist
Mr. Gamfield,C,0,22,Oliver_Twist
Mr. Gamfield,I,0,22,Oliver_Twist
Mr. Gamfield,A,0,22,Oliver_Twist
Mr. Gamfield,DC,0,22,Oliver_Twist
Mr. Gamfield,DN,0,22,Oliver_Twist
Mr. Giles,N,0,22,Oliver_Twist
Mr. Giles,C,0,22,Oliver_Twist
Mr. Giles,I,0,22,Oliver_Twist
Mr. Giles,A,0,22,Oliver_Twist
Mr. Giles,DC,0,22,Oliver_Twist
Mr. Giles,DN,0,22,Oliver_Twist
Mr. Grimwig,N,0,22,Oliver_Twist
Mr. Grimwig,C,0,22,Oliver_Twist
Mr. Grimwig,I,0,22,Oliver_Twist
Mr. Grimwig,A,0,22,Oliver_Twist
Mr. Grimwig,DC,0,22,Oliver_Twist
Mr. Grimwig,DN,0,22,Oliver_Twist
Mr. Limbkins,N,0,22,Oliver_Twist
Mr. Limbkins,C,0,22,Oliver_Twist
Mr. Limbkins,I,0,22,Oliver_Twist
Mr. Limbkins,A,0,22,Oliver_Twist
Mr. Limbkins,DC,0,22,Oliver_Twist
Mr. Limbkins,DN,0,22,Oliver_Twist
Mr. Lively,N,0,22,Oliver_Twist
Mr. Lively,C,0,22,Oliver_Twist
Mr. Lively,I,0,22,Oliver_Twist
Mr. Lively,A,0,22,Oliver_Twist
Mr. Lively,DC,0,22,Oliver_Twist
Mr. Lively,DN,0,22,Oliver_Twist
Mr. Losberne,N,0,22,Oliver_Twist
Mr. Losberne,C,0,22,Oliver_Twist
Mr. Losberne,I,0,22,Oliver_Twist
Mr. Losberne,A,0,22,Oliver_Twist
Mr. Losberne,DC,0,22,Oliver_Twist
Mr. Losberne,DN,0,22,Oliver_Twist
Mr. Maylie,N,0,22,Oliver_Twist
Mr. Maylie,C,0,22,Oliver_Twist
Mr. Maylie,I,0,22,Oliver_Twist
Mr. Maylie,A,0,22,Oliver_Twist
Mr. Maylie,DC,0,22,Oliver_Twist
Mr. Maylie,DN,0,22,Oliver_Twist
Mr. Sikes,N,4,22,Oliver_Twist
Mr. Sikes,C,0,22,Oliver_Twist
Mr. Sikes,I,2,22,Oliver_Twist
Mr. Sikes,A,2,22,Oliver_Twist
Mr. Sikes,DC,0,22,Oliver_Twist
Mr. Sikes,DN,0,22,Oliver_Twist
Mr. Sowerberry,N,0,22,Oliver_Twist
Mr. Sowerberry,C,0,22,Oliver_Twist
Mr. Sowerberry,I,0,22,Oliver_Twist
Mr. Sowerberry,A,0,22,Oliver_Twist
Mr. Sowerberry,DC,0,22,Oliver_Twist
Mr. Sowerberry,DN,0,22,Oliver_Twist
Mrs. Bedwin,N,0,22,Oliver_Twist
Mrs. Bedwin,C,0,22,Oliver_Twist
Mrs. Bedwin,I,0,22,Oliver_Twist
Mrs. Bedwin,A,0,22,Oliver_Twist
Mrs. Bedwin,DC,0,22,Oliver_Twist
Mrs. Bedwin,DN,0,22,Oliver_Twist
Mrs. Bolter,N,0,22,Oliver_Twist
Mrs. Bolter,C,0,22,Oliver_Twist
Mrs. Bolter,I,0,22,Oliver_Twist
Mrs. Bolter,A,0,22,Oliver_Twist
Mrs. Bolter,DC,0,22,Oliver_Twist
Mrs. Bolter,DN,0,22,Oliver_Twist
Mrs. Corney,N,0,22,Oliver_Twist
Mrs. Corney,C,0,22,Oliver_Twist
Mrs. Corney,I,0,22,Oliver_Twist
Mrs. Corney,A,0,22,Oliver_Twist
Mrs. Corney,DC,0,22,Oliver_Twist
Mrs. Corney,DN,0,22,Oliver_Twist
Mrs. Mann,N,0,22,Oliver_Twist
Mrs. Mann,C,0,22,Oliver_Twist
Mrs. Mann,I,0,22,Oliver_Twist
Mrs. Mann,A,0,22,Oliver_Twist
Mrs. Mann,DC,0,22,Oliver_Twist
Mrs. Mann,DN,0,22,Oliver_Twist
Mrs. Maylie,N,0,22,Oliver_Twist
Mrs. Maylie,C,0,22,Oliver_Twist
Mrs. Maylie,I,0,22,Oliver_Twist
Mrs. Maylie,A,0,22,Oliver_Twist
Mrs. Maylie,DC,0,22,Oliver_Twist
Mrs. Maylie,DN,0,22,Oliver_Twist
Mrs. Sowerberry,N,0,22,Oliver_Twist
Mrs. Sowerberry,C,0,22,Oliver_Twist
Mrs. Sowerberry,I,0,22,Oliver_Twist
Mrs. Sowerberry,A,0,22,Oliver_Twist
Mrs. Sowerberry,DC,0,22,Oliver_Twist
Mrs. Sowerberry,DN,0,22,Oliver_Twist
Nancy,N,16,22,Oliver_Twist
Nancy,C,9,22,Oliver_Twist
Nancy,I,1,22,Oliver_Twist
Nancy,A,5,22,Oliver_Twist
Nancy,DC,3,22,Oliver_Twist
Nancy,DN,3,22,Oliver_Twist
Noah,N,0,22,Oliver_Twist
Noah,C,0,22,Oliver_Twist
Noah,I,0,22,Oliver_Twist
Noah,A,0,22,Oliver_Twist
Noah,DC,0,22,Oliver_Twist
Noah,DN,0,22,Oliver_Twist
Oliver,N,7,22,Oliver_Twist
Oliver,C,0,22,Oliver_Twist
Oliver,I,1,22,Oliver_Twist
Oliver,A,8,22,Oliver_Twist
Oliver,DC,10,22,Oliver_Twist
Oliver,DN,4,22,Oliver_Twist
Rose,N,0,22,Oliver_Twist
Rose,C,0,22,Oliver_Twist
Rose,I,0,22,Oliver_Twist
Rose,A,0,22,Oliver_Twist
Rose,DC,0,22,Oliver_Twist
Rose,DN,0,22,Oliver_Twist
Sikes,N,63,22,Oliver_Twist
Sikes,C,63,22,Oliver_Twist
Sikes,I,14,22,Oliver_Twist
Sikes,A,20,22,Oliver_Twist
Sikes,DC,6,22,Oliver_Twist
Sikes,DN,0,22,Oliver_Twist
Spyers,N,0,22,Oliver_Twist
Spyers,C,0,22,Oliver_Twist
Spyers,I,0,22,Oliver_Twist
Spyers,A,0,22,Oliver_Twist
Spyers,DC,0,22,Oliver_Twist
Spyers,DN,0,22,Oliver_Twist
The Jew,N,0,22,Oliver_Twist
The Jew,C,0,22,Oliver_Twist
The Jew,I,0,22,Oliver_Twist
The Jew,A,0,22,Oliver_Twist
The Jew,DC,0,22,Oliver_Twist
The Jew,DN,0,22,Oliver_Twist
Toby,N,9,22,Oliver_Twist
Toby,C,0,22,Oliver_Twist
Toby,I,1,22,Oliver_Twist
Toby,A,7,22,Oliver_Twist
Toby,DC,7,22,Oliver_Twist
Toby,DN,1,22,Oliver_Twist
Tom,N,0,22,Oliver_Twist
Tom,C,0,22,Oliver_Twist
Tom,I,0,22,Oliver_Twist
Tom,A,0,22,Oliver_Twist
Tom,DC,0,22,Oliver_Twist
Tom,DN,0,22,Oliver_Twist
Work’us,N,0,22,Oliver_Twist
Work’us,C,0,22,Oliver_Twist
Work’us,I,0,22,Oliver_Twist
Work’us,A,0,22,Oliver_Twist
Work’us,DC,0,22,Oliver_Twist
Work’us,DN,0,22,Oliver_Twist
old Sally,N,0,22,Oliver_Twist
old Sally,C,0,22,Oliver_Twist
old Sally,I,0,22,Oliver_Twist
old Sally,A,0,22,Oliver_Twist
old Sally,DC,0,22,Oliver_Twist
old Sally,DN,0,22,Oliver_Twist
the Clerkinwell Sessions,N,0,22,Oliver_Twist
the Clerkinwell Sessions,C,0,22,Oliver_Twist
the Clerkinwell Sessions,I,0,22,Oliver_Twist
the Clerkinwell Sessions,A,0,22,Oliver_Twist
the Clerkinwell Sessions,DC,0,22,Oliver_Twist
the Clerkinwell Sessions,DN,0,22,Oliver_Twist
the Cripples,N,0,22,Oliver_Twist
the Cripples,C,0,22,Oliver_Twist
the Cripples,I,0,22,Oliver_Twist
the Cripples,A,0,22,Oliver_Twist
the Cripples,DC,0,22,Oliver_Twist
the Cripples,DN,0,22,Oliver_Twist
the Dodger,N,0,22,Oliver_Twist
the Dodger,C,0,22,Oliver_Twist
the Dodger,I,0,22,Oliver_Twist
the Dodger,A,0,22,Oliver_Twist
the Dodger,DC,0,22,Oliver_Twist
the Dodger,DN,0,22,Oliver_Twist
Agnes,N,0,23,Oliver_Twist
Agnes,C,0,23,Oliver_Twist
Agnes,I,0,23,Oliver_Twist
Agnes,A,0,23,Oliver_Twist
Agnes,DC,0,23,Oliver_Twist
Agnes,DN,0,23,Oliver_Twist
Barney,N,0,23,Oliver_Twist
Barney,C,0,23,Oliver_Twist
Barney,I,0,23,Oliver_Twist
Barney,A,0,23,Oliver_Twist
Barney,DC,0,23,Oliver_Twist
Barney,DN,0,23,Oliver_Twist
Bet,N,0,23,Oliver_Twist
Bet,C,0,23,Oliver_Twist
Bet,I,0,23,Oliver_Twist
Bet,A,0,23,Oliver_Twist
Bet,DC,0,23,Oliver_Twist
Bet,DN,0,23,Oliver_Twist
Blathers,N,0,23,Oliver_Twist
Blathers,C,0,23,Oliver_Twist
Blathers,I,0,23,Oliver_Twist
Blathers,A,0,23,Oliver_Twist
Blathers,DC,0,23,Oliver_Twist
Blathers,DN,0,23,Oliver_Twist
Brittles,N,0,23,Oliver_Twist
Brittles,C,0,23,Oliver_Twist
Brittles,I,0,23,Oliver_Twist
Brittles,A,0,23,Oliver_Twist
Brittles,DC,0,23,Oliver_Twist
Brittles,DN,0,23,Oliver_Twist
Charlotte,N,0,23,Oliver_Twist
Charlotte,C,0,23,Oliver_Twist
Charlotte,I,0,23,Oliver_Twist
Charlotte,A,0,23,Oliver_Twist
Charlotte,DC,0,23,Oliver_Twist
Charlotte,DN,0,23,Oliver_Twist
Chickweed,N,0,23,Oliver_Twist
Chickweed,C,0,23,Oliver_Twist
Chickweed,I,0,23,Oliver_Twist
Chickweed,A,0,23,Oliver_Twist
Chickweed,DC,0,23,Oliver_Twist
Chickweed,DN,0,23,Oliver_Twist
Cod,N,0,23,Oliver_Twist
Cod,C,0,23,Oliver_Twist
Cod,I,0,23,Oliver_Twist
Cod,A,0,23,Oliver_Twist
Cod,DC,0,23,Oliver_Twist
Cod,DN,0,23,Oliver_Twist
Dick,N,0,23,Oliver_Twist
Dick,C,0,23,Oliver_Twist
Dick,I,0,23,Oliver_Twist
Dick,A,0,23,Oliver_Twist
Dick,DC,0,23,Oliver_Twist
Dick,DN,0,23,Oliver_Twist
Duff,N,0,23,Oliver_Twist
Duff,C,0,23,Oliver_Twist
Duff,I,0,23,Oliver_Twist
Duff,A,0,23,Oliver_Twist
Duff,DC,0,23,Oliver_Twist
Duff,DN,0,23,Oliver_Twist
Fagin,N,3,23,Oliver_Twist
Fagin,C,1,23,Oliver_Twist
Fagin,I,0,23,Oliver_Twist
Fagin,A,0,23,Oliver_Twist
Fagin,DC,0,23,Oliver_Twist
Fagin,DN,0,23,Oliver_Twist
Faguey,N,0,23,Oliver_Twist
Faguey,C,0,23,Oliver_Twist
Faguey,I,0,23,Oliver_Twist
Faguey,A,0,23,Oliver_Twist
Faguey,DC,0,23,Oliver_Twist
Faguey,DN,0,23,Oliver_Twist
God,N,1,23,Oliver_Twist
God,C,0,23,Oliver_Twist
God,I,1,23,Oliver_Twist
God,A,0,23,Oliver_Twist
God,DC,0,23,Oliver_Twist
God,DN,0,23,Oliver_Twist
Harry,N,0,23,Oliver_Twist
Harry,C,0,23,Oliver_Twist
Harry,I,0,23,Oliver_Twist
Harry,A,0,23,Oliver_Twist
Harry,DC,0,23,Oliver_Twist
Harry,DN,0,23,Oliver_Twist
Heaven,N,0,23,Oliver_Twist
Heaven,C,0,23,Oliver_Twist
Heaven,I,0,23,Oliver_Twist
Heaven,A,0,23,Oliver_Twist
Heaven,DC,0,23,Oliver_Twist
Heaven,DN,0,23,Oliver_Twist
Jack Dawkins,N,0,23,Oliver_Twist
Jack Dawkins,C,0,23,Oliver_Twist
Jack Dawkins,I,0,23,Oliver_Twist
Jack Dawkins,A,0,23,Oliver_Twist
Jack Dawkins,DC,0,23,Oliver_Twist
Jack Dawkins,DN,0,23,Oliver_Twist
Kags,N,0,23,Oliver_Twist
Kags,C,0,23,Oliver_Twist
Kags,I,0,23,Oliver_Twist
Kags,A,0,23,Oliver_Twist
Kags,DC,0,23,Oliver_Twist
Kags,DN,0,23,Oliver_Twist
Little Oliver,N,0,23,Oliver_Twist
Little Oliver,C,0,23,Oliver_Twist
Little Oliver,I,0,23,Oliver_Twist
Little Oliver,A,0,23,Oliver_Twist
Little Oliver,DC,0,23,Oliver_Twist
Little Oliver,DN,0,23,Oliver_Twist
Lor,N,0,23,Oliver_Twist
Lor,C,0,23,Oliver_Twist
Lor,I,0,23,Oliver_Twist
Lor,A,0,23,Oliver_Twist
Lor,DC,0,23,Oliver_Twist
Lor,DN,0,23,Oliver_Twist
Master Bates,N,0,23,Oliver_Twist
Master Bates,C,0,23,Oliver_Twist
Master Bates,I,0,23,Oliver_Twist
Master Bates,A,0,23,Oliver_Twist
Master Bates,DC,0,23,Oliver_Twist
Master Bates,DN,0,23,Oliver_Twist
Messrs. Blathers,N,0,23,Oliver_Twist
Messrs. Blathers,C,0,23,Oliver_Twist
Messrs. Blathers,I,0,23,Oliver_Twist
Messrs. Blathers,A,0,23,Oliver_Twist
Messrs. Blathers,DC,0,23,Oliver_Twist
Messrs. Blathers,DN,0,23,Oliver_Twist
Miss Maylie,N,0,23,Oliver_Twist
Miss Maylie,C,0,23,Oliver_Twist
Miss Maylie,I,0,23,Oliver_Twist
Miss Maylie,A,0,23,Oliver_Twist
Miss Maylie,DC,0,23,Oliver_Twist
Miss Maylie,DN,0,23,Oliver_Twist
Monks,N,0,23,Oliver_Twist
Monks,C,0,23,Oliver_Twist
Monks,I,0,23,Oliver_Twist
Monks,A,0,23,Oliver_Twist
Monks,DC,0,23,Oliver_Twist
Monks,DN,0,23,Oliver_Twist
Mr. Bolter,N,0,23,Oliver_Twist
Mr. Bolter,C,0,23,Oliver_Twist
Mr. Bolter,I,0,23,Oliver_Twist
Mr. Bolter,A,0,23,Oliver_Twist
Mr. Bolter,DC,0,23,Oliver_Twist
Mr. Bolter,DN,0,23,Oliver_Twist
Mr. Browlow,N,0,23,Oliver_Twist
Mr. Browlow,C,0,23,Oliver_Twist
Mr. Browlow,I,0,23,Oliver_Twist
Mr. Browlow,A,0,23,Oliver_Twist
Mr. Browlow,DC,0,23,Oliver_Twist
Mr. Browlow,DN,0,23,Oliver_Twist
Mr. Brownlow,N,0,23,Oliver_Twist
Mr. Brownlow,C,0,23,Oliver_Twist
Mr. Brownlow,I,0,23,Oliver_Twist
Mr. Brownlow,A,0,23,Oliver_Twist
Mr. Brownlow,DC,0,23,Oliver_Twist
Mr. Brownlow,DN,0,23,Oliver_Twist
Mr. Bumble,N,0,23,Oliver_Twist
Mr. Bumble,C,0,23,Oliver_Twist
Mr. Bumble,I,0,23,Oliver_Twist
Mr. Bumble,A,0,23,Oliver_Twist
Mr. Bumble,DC,0,23,Oliver_Twist
Mr. Bumble,DN,0,23,Oliver_Twist
Mr. Chitling,N,0,23,Oliver_Twist
Mr. Chitling,C,0,23,Oliver_Twist
Mr. Chitling,I,0,23,Oliver_Twist
Mr. Chitling,A,0,23,Oliver_Twist
Mr. Chitling,DC,0,23,Oliver_Twist
Mr. Chitling,DN,0,23,Oliver_Twist
Mr. Dawkins,N,0,23,Oliver_Twist
Mr. Dawkins,C,0,23,Oliver_Twist
Mr. Dawkins,I,0,23,Oliver_Twist
Mr. Dawkins,A,0,23,Oliver_Twist
Mr. Dawkins,DC,0,23,Oliver_Twist
Mr. Dawkins,DN,0,23,Oliver_Twist
Mr. Fang,N,0,23,Oliver_Twist
Mr. Fang,C,0,23,Oliver_Twist
Mr. Fang,I,0,23,Oliver_Twist
Mr. Fang,A,0,23,Oliver_Twist
Mr. Fang,DC,0,23,Oliver_Twist
Mr. Fang,DN,0,23,Oliver_Twist
Mr. Gamfield,N,0,23,Oliver_Twist
Mr. Gamfield,C,0,23,Oliver_Twist
Mr. Gamfield,I,0,23,Oliver_Twist
Mr. Gamfield,A,0,23,Oliver_Twist
Mr. Gamfield,DC,0,23,Oliver_Twist
Mr. Gamfield,DN,0,23,Oliver_Twist
Mr. Giles,N,0,23,Oliver_Twist
Mr. Giles,C,0,23,Oliver_Twist
Mr. Giles,I,0,23,Oliver_Twist
Mr. Giles,A,0,23,Oliver_Twist
Mr. Giles,DC,0,23,Oliver_Twist
Mr. Giles,DN,0,23,Oliver_Twist
Mr. Grimwig,N,0,23,Oliver_Twist
Mr. Grimwig,C,0,23,Oliver_Twist
Mr. Grimwig,I,0,23,Oliver_Twist
Mr. Grimwig,A,0,23,Oliver_Twist
Mr. Grimwig,DC,0,23,Oliver_Twist
Mr. Grimwig,DN,0,23,Oliver_Twist
Mr. Limbkins,N,0,23,Oliver_Twist
Mr. Limbkins,C,0,23,Oliver_Twist
Mr. Limbkins,I,0,23,Oliver_Twist
Mr. Limbkins,A,0,23,Oliver_Twist
Mr. Limbkins,DC,0,23,Oliver_Twist
Mr. Limbkins,DN,0,23,Oliver_Twist
Mr. Lively,N,0,23,Oliver_Twist
Mr. Lively,C,0,23,Oliver_Twist
Mr. Lively,I,0,23,Oliver_Twist
Mr. Lively,A,0,23,Oliver_Twist
Mr. Lively,DC,0,23,Oliver_Twist
Mr. Lively,DN,0,23,Oliver_Twist
Mr. Losberne,N,0,23,Oliver_Twist
Mr. Losberne,C,0,23,Oliver_Twist
Mr. Losberne,I,0,23,Oliver_Twist
Mr. Losberne,A,0,23,Oliver_Twist
Mr. Losberne,DC,0,23,Oliver_Twist
Mr. Losberne,DN,0,23,Oliver_Twist
Mr. Maylie,N,0,23,Oliver_Twist
Mr. Maylie,C,0,23,Oliver_Twist
Mr. Maylie,I,0,23,Oliver_Twist
Mr. Maylie,A,0,23,Oliver_Twist
Mr. Maylie,DC,0,23,Oliver_Twist
Mr. Maylie,DN,0,23,Oliver_Twist
Mr. Sikes,N,1,23,Oliver_Twist
Mr. Sikes,C,0,23,Oliver_Twist
Mr. Sikes,I,0,23,Oliver_Twist
Mr. Sikes,A,0,23,Oliver_Twist
Mr. Sikes,DC,0,23,Oliver_Twist
Mr. Sikes,DN,1,23,Oliver_Twist
Mr. Sowerberry,N,0,23,Oliver_Twist
Mr. Sowerberry,C,0,23,Oliver_Twist
Mr. Sowerberry,I,0,23,Oliver_Twist
Mr. Sowerberry,A,0,23,Oliver_Twist
Mr. Sowerberry,DC,0,23,Oliver_Twist
Mr. Sowerberry,DN,0,23,Oliver_Twist
Mrs. Bedwin,N,0,23,Oliver_Twist
Mrs. Bedwin,C,0,23,Oliver_Twist
Mrs. Bedwin,I,0,23,Oliver_Twist
Mrs. Bedwin,A,0,23,Oliver_Twist
Mrs. Bedwin,DC,0,23,Oliver_Twist
Mrs. Bedwin,DN,0,23,Oliver_Twist
Mrs. Bolter,N,0,23,Oliver_Twist
Mrs. Bolter,C,0,23,Oliver_Twist
Mrs. Bolter,I,0,23,Oliver_Twist
Mrs. Bolter,A,0,23,Oliver_Twist
Mrs. Bolter,DC,0,23,Oliver_Twist
Mrs. Bolter,DN,0,23,Oliver_Twist
Mrs. Corney,N,0,23,Oliver_Twist
Mrs. Corney,C,0,23,Oliver_Twist
Mrs. Corney,I,0,23,Oliver_Twist
Mrs. Corney,A,0,23,Oliver_Twist
Mrs. Corney,DC,0,23,Oliver_Twist
Mrs. Corney,DN,0,23,Oliver_Twist
Mrs. Mann,N,0,23,Oliver_Twist
Mrs. Mann,C,0,23,Oliver_Twist
Mrs. Mann,I,0,23,Oliver_Twist
Mrs. Mann,A,0,23,Oliver_Twist
Mrs. Mann,DC,0,23,Oliver_Twist
Mrs. Mann,DN,0,23,Oliver_Twist
Mrs. Maylie,N,0,23,Oliver_Twist
Mrs. Maylie,C,0,23,Oliver_Twist
Mrs. Maylie,I,0,23,Oliver_Twist
Mrs. Maylie,A,0,23,Oliver_Twist
Mrs. Maylie,DC,0,23,Oliver_Twist
Mrs. Maylie,DN,0,23,Oliver_Twist
Mrs. Sowerberry,N,0,23,Oliver_Twist
Mrs. Sowerberry,C,0,23,Oliver_Twist
Mrs. Sowerberry,I,0,23,Oliver_Twist
Mrs. Sowerberry,A,0,23,Oliver_Twist
Mrs. Sowerberry,DC,0,23,Oliver_Twist
Mrs. Sowerberry,DN,0,23,Oliver_Twist
Nancy,N,13,23,Oliver_Twist
Nancy,C,6,23,Oliver_Twist
Nancy,I,1,23,Oliver_Twist
Nancy,A,8,23,Oliver_Twist
Nancy,DC,2,23,Oliver_Twist
Nancy,DN,1,23,Oliver_Twist
Noah,N,0,23,Oliver_Twist
Noah,C,0,23,Oliver_Twist
Noah,I,0,23,Oliver_Twist
Noah,A,0,23,Oliver_Twist
Noah,DC,0,23,Oliver_Twist
Noah,DN,0,23,Oliver_Twist
Oliver,N,42,23,Oliver_Twist
Oliver,C,14,23,Oliver_Twist
Oliver,I,24,23,Oliver_Twist
Oliver,A,48,23,Oliver_Twist
Oliver,DC,5,23,Oliver_Twist
Oliver,DN,15,23,Oliver_Twist
Rose,N,0,23,Oliver_Twist
Rose,C,0,23,Oliver_Twist
Rose,I,0,23,Oliver_Twist
Rose,A,0,23,Oliver_Twist
Rose,DC,0,23,Oliver_Twist
Rose,DN,0,23,Oliver_Twist
Sikes,N,25,23,Oliver_Twist
Sikes,C,17,23,Oliver_Twist
Sikes,I,5,23,Oliver_Twist
Sikes,A,7,23,Oliver_Twist
Sikes,DC,1,23,Oliver_Twist
Sikes,DN,0,23,Oliver_Twist
Spyers,N,0,23,Oliver_Twist
Spyers,C,0,23,Oliver_Twist
Spyers,I,0,23,Oliver_Twist
Spyers,A,0,23,Oliver_Twist
Spyers,DC,0,23,Oliver_Twist
Spyers,DN,0,23,Oliver_Twist
The Jew,N,1,23,Oliver_Twist
The Jew,C,0,23,Oliver_Twist
The Jew,I,0,23,Oliver_Twist
The Jew,A,1,23,Oliver_Twist
The Jew,DC,0,23,Oliver_Twist
The Jew,DN,0,23,Oliver_Twist
Toby,N,0,23,Oliver_Twist
Toby,C,0,23,Oliver_Twist
Toby,I,0,23,Oliver_Twist
Toby,A,0,23,Oliver_Twist
Toby,DC,0,23,Oliver_Twist
Toby,DN,0,23,Oliver_Twist
Tom,N,1,23,Oliver_Twist
Tom,C,0,23,Oliver_Twist
Tom,I,0,23,Oliver_Twist
Tom,A,0,23,Oliver_Twist
Tom,DC,2,23,Oliver_Twist
Tom,DN,0,23,Oliver_Twist
Work’us,N,0,23,Oliver_Twist
Work’us,C,0,23,Oliver_Twist
Work’us,I,0,23,Oliver_Twist
Work’us,A,0,23,Oliver_Twist
Work’us,DC,0,23,Oliver_Twist
Work’us,DN,0,23,Oliver_Twist
old Sally,N,0,23,Oliver_Twist
old Sally,C,0,23,Oliver_Twist
old Sally,I,0,23,Oliver_Twist
old Sally,A,0,23,Oliver_Twist
old Sally,DC,0,23,Oliver_Twist
old Sally,DN,0,23,Oliver_Twist
the Clerkinwell Sessions,N,0,23,Oliver_Twist
the Clerkinwell Sessions,C,0,23,Oliver_Twist
the Clerkinwell Sessions,I,0,23,Oliver_Twist
the Clerkinwell Sessions,A,0,23,Oliver_Twist
the Clerkinwell Sessions,DC,0,23,Oliver_Twist
the Clerkinwell Sessions,DN,0,23,Oliver_Twist
the Cripples,N,0,23,Oliver_Twist
the Cripples,C,0,23,Oliver_Twist
the Cripples,I,0,23,Oliver_Twist
the Cripples,A,0,23,Oliver_Twist
the Cripples,DC,0,23,Oliver_Twist
the Cripples,DN,0,23,Oliver_Twist
the Dodger,N,0,23,Oliver_Twist
the Dodger,C,0,23,Oliver_Twist
the Dodger,I,0,23,Oliver_Twist
the Dodger,A,0,23,Oliver_Twist
the Dodger,DC,0,23,Oliver_Twist
the Dodger,DN,0,23,Oliver_Twist
Agnes,N,0,24,Oliver_Twist
Agnes,C,0,24,Oliver_Twist
Agnes,I,0,24,Oliver_Twist
Agnes,A,0,24,Oliver_Twist
Agnes,DC,0,24,Oliver_Twist
Agnes,DN,0,24,Oliver_Twist
Barney,N,0,24,Oliver_Twist
Barney,C,0,24,Oliver_Twist
Barney,I,0,24,Oliver_Twist
Barney,A,0,24,Oliver_Twist
Barney,DC,0,24,Oliver_Twist
Barney,DN,0,24,Oliver_Twist
Bet,N,0,24,Oliver_Twist
Bet,C,0,24,Oliver_Twist
Bet,I,0,24,Oliver_Twist
Bet,A,0,24,Oliver_Twist
Bet,DC,0,24,Oliver_Twist
Bet,DN,0,24,Oliver_Twist
Blathers,N,0,24,Oliver_Twist
Blathers,C,0,24,Oliver_Twist
Blathers,I,0,24,Oliver_Twist
Blathers,A,0,24,Oliver_Twist
Blathers,DC,0,24,Oliver_Twist
Blathers,DN,0,24,Oliver_Twist
Brittles,N,0,24,Oliver_Twist
Brittles,C,0,24,Oliver_Twist
Brittles,I,0,24,Oliver_Twist
Brittles,A,0,24,Oliver_Twist
Brittles,DC,0,24,Oliver_Twist
Brittles,DN,0,24,Oliver_Twist
Charlotte,N,0,24,Oliver_Twist
Charlotte,C,0,24,Oliver_Twist
Charlotte,I,0,24,Oliver_Twist
Charlotte,A,0,24,Oliver_Twist
Charlotte,DC,0,24,Oliver_Twist
Charlotte,DN,0,24,Oliver_Twist
Chickweed,N,0,24,Oliver_Twist
Chickweed,C,0,24,Oliver_Twist
Chickweed,I,0,24,Oliver_Twist
Chickweed,A,0,24,Oliver_Twist
Chickweed,DC,0,24,Oliver_Twist
Chickweed,DN,0,24,Oliver_Twist
Cod,N,0,24,Oliver_Twist
Cod,C,0,24,Oliver_Twist
Cod,I,0,24,Oliver_Twist
Cod,A,0,24,Oliver_Twist
Cod,DC,0,24,Oliver_Twist
Cod,DN,0,24,Oliver_Twist
Dick,N,0,24,Oliver_Twist
Dick,C,0,24,Oliver_Twist
Dick,I,0,24,Oliver_Twist
Dick,A,0,24,Oliver_Twist
Dick,DC,0,24,Oliver_Twist
Dick,DN,0,24,Oliver_Twist
Duff,N,0,24,Oliver_Twist
Duff,C,0,24,Oliver_Twist
Duff,I,0,24,Oliver_Twist
Duff,A,0,24,Oliver_Twist
Duff,DC,0,24,Oliver_Twist
Duff,DN,0,24,Oliver_Twist
Fagin,N,0,24,Oliver_Twist
Fagin,C,0,24,Oliver_Twist
Fagin,I,0,24,Oliver_Twist
Fagin,A,0,24,Oliver_Twist
Fagin,DC,0,24,Oliver_Twist
Fagin,DN,0,24,Oliver_Twist
Faguey,N,0,24,Oliver_Twist
Faguey,C,0,24,Oliver_Twist
Faguey,I,0,24,Oliver_Twist
Faguey,A,0,24,Oliver_Twist
Faguey,DC,0,24,Oliver_Twist
Faguey,DN,0,24,Oliver_Twist
God,N,0,24,Oliver_Twist
God,C,0,24,Oliver_Twist
God,I,0,24,Oliver_Twist
God,A,0,24,Oliver_Twist
God,DC,0,24,Oliver_Twist
God,DN,0,24,Oliver_Twist
Harry,N,0,24,Oliver_Twist
Harry,C,0,24,Oliver_Twist
Harry,I,0,24,Oliver_Twist
Harry,A,0,24,Oliver_Twist
Harry,DC,0,24,Oliver_Twist
Harry,DN,0,24,Oliver_Twist
Heaven,N,0,24,Oliver_Twist
Heaven,C,0,24,Oliver_Twist
Heaven,I,0,24,Oliver_Twist
Heaven,A,0,24,Oliver_Twist
Heaven,DC,0,24,Oliver_Twist
Heaven,DN,0,24,Oliver_Twist
Jack Dawkins,N,0,24,Oliver_Twist
Jack Dawkins,C,0,24,Oliver_Twist
Jack Dawkins,I,0,24,Oliver_Twist
Jack Dawkins,A,0,24,Oliver_Twist
Jack Dawkins,DC,0,24,Oliver_Twist
Jack Dawkins,DN,0,24,Oliver_Twist
Kags,N,0,24,Oliver_Twist
Kags,C,0,24,Oliver_Twist
Kags,I,0,24,Oliver_Twist
Kags,A,0,24,Oliver_Twist
Kags,DC,0,24,Oliver_Twist
Kags,DN,0,24,Oliver_Twist
Little Oliver,N,0,24,Oliver_Twist
Little Oliver,C,0,24,Oliver_Twist
Little Oliver,I,0,24,Oliver_Twist
Little Oliver,A,0,24,Oliver_Twist
Little Oliver,DC,0,24,Oliver_Twist
Little Oliver,DN,0,24,Oliver_Twist
Lor,N,0,24,Oliver_Twist
Lor,C,0,24,Oliver_Twist
Lor,I,0,24,Oliver_Twist
Lor,A,0,24,Oliver_Twist
Lor,DC,0,24,Oliver_Twist
Lor,DN,0,24,Oliver_Twist
Master Bates,N,0,24,Oliver_Twist
Master Bates,C,0,24,Oliver_Twist
Master Bates,I,0,24,Oliver_Twist
Master Bates,A,0,24,Oliver_Twist
Master Bates,DC,0,24,Oliver_Twist
Master Bates,DN,0,24,Oliver_Twist
Messrs. Blathers,N,0,24,Oliver_Twist
Messrs. Blathers,C,0,24,Oliver_Twist
Messrs. Blathers,I,0,24,Oliver_Twist
Messrs. Blathers,A,0,24,Oliver_Twist
Messrs. Blathers,DC,0,24,Oliver_Twist
Messrs. Blathers,DN,0,24,Oliver_Twist
Miss Maylie,N,0,24,Oliver_Twist
Miss Maylie,C,0,24,Oliver_Twist
Miss Maylie,I,0,24,Oliver_Twist
Miss Maylie,A,0,24,Oliver_Twist
Miss Maylie,DC,0,24,Oliver_Twist
Miss Maylie,DN,0,24,Oliver_Twist
Monks,N,0,24,Oliver_Twist
Monks,C,0,24,Oliver_Twist
Monks,I,0,24,Oliver_Twist
Monks,A,0,24,Oliver_Twist
Monks,DC,0,24,Oliver_Twist
Monks,DN,0,24,Oliver_Twist
Mr. Bolter,N,0,24,Oliver_Twist
Mr. Bolter,C,0,24,Oliver_Twist
Mr. Bolter,I,0,24,Oliver_Twist
Mr. Bolter,A,0,24,Oliver_Twist
Mr. Bolter,DC,0,24,Oliver_Twist
Mr. Bolter,DN,0,24,Oliver_Twist
Mr. Browlow,N,0,24,Oliver_Twist
Mr. Browlow,C,0,24,Oliver_Twist
Mr. Browlow,I,0,24,Oliver_Twist
Mr. Browlow,A,0,24,Oliver_Twist
Mr. Browlow,DC,0,24,Oliver_Twist
Mr. Browlow,DN,0,24,Oliver_Twist
Mr. Brownlow,N,0,24,Oliver_Twist
Mr. Brownlow,C,0,24,Oliver_Twist
Mr. Brownlow,I,0,24,Oliver_Twist
Mr. Brownlow,A,0,24,Oliver_Twist
Mr. Brownlow,DC,0,24,Oliver_Twist
Mr. Brownlow,DN,0,24,Oliver_Twist
Mr. Bumble,N,0,24,Oliver_Twist
Mr. Bumble,C,0,24,Oliver_Twist
Mr. Bumble,I,0,24,Oliver_Twist
Mr. Bumble,A,0,24,Oliver_Twist
Mr. Bumble,DC,0,24,Oliver_Twist
Mr. Bumble,DN,0,24,Oliver_Twist
Mr. Chitling,N,0,24,Oliver_Twist
Mr. Chitling,C,0,24,Oliver_Twist
Mr. Chitling,I,0,24,Oliver_Twist
Mr. Chitling,A,0,24,Oliver_Twist
Mr. Chitling,DC,0,24,Oliver_Twist
Mr. Chitling,DN,0,24,Oliver_Twist
Mr. Dawkins,N,0,24,Oliver_Twist
Mr. Dawkins,C,0,24,Oliver_Twist
Mr. Dawkins,I,0,24,Oliver_Twist
Mr. Dawkins,A,0,24,Oliver_Twist
Mr. Dawkins,DC,0,24,Oliver_Twist
Mr. Dawkins,DN,0,24,Oliver_Twist
Mr. Fang,N,0,24,Oliver_Twist
Mr. Fang,C,0,24,Oliver_Twist
Mr. Fang,I,0,24,Oliver_Twist
Mr. Fang,A,0,24,Oliver_Twist
Mr. Fang,DC,0,24,Oliver_Twist
Mr. Fang,DN,0,24,Oliver_Twist
Mr. Gamfield,N,0,24,Oliver_Twist
Mr. Gamfield,C,0,24,Oliver_Twist
Mr. Gamfield,I,0,24,Oliver_Twist
Mr. Gamfield,A,0,24,Oliver_Twist
Mr. Gamfield,DC,0,24,Oliver_Twist
Mr. Gamfield,DN,0,24,Oliver_Twist
Mr. Giles,N,0,24,Oliver_Twist
Mr. Giles,C,0,24,Oliver_Twist
Mr. Giles,I,0,24,Oliver_Twist
Mr. Giles,A,0,24,Oliver_Twist
Mr. Giles,DC,0,24,Oliver_Twist
Mr. Giles,DN,0,24,Oliver_Twist
Mr. Grimwig,N,0,24,Oliver_Twist
Mr. Grimwig,C,0,24,Oliver_Twist
Mr. Grimwig,I,0,24,Oliver_Twist
Mr. Grimwig,A,0,24,Oliver_Twist
Mr. Grimwig,DC,0,24,Oliver_Twist
Mr. Grimwig,DN,0,24,Oliver_Twist
Mr. Limbkins,N,0,24,Oliver_Twist
Mr. Limbkins,C,0,24,Oliver_Twist
Mr. Limbkins,I,0,24,Oliver_Twist
Mr. Limbkins,A,0,24,Oliver_Twist
Mr. Limbkins,DC,0,24,Oliver_Twist
Mr. Limbkins,DN,0,24,Oliver_Twist
Mr. Lively,N,0,24,Oliver_Twist
Mr. Lively,C,0,24,Oliver_Twist
Mr. Lively,I,0,24,Oliver_Twist
Mr. Lively,A,0,24,Oliver_Twist
Mr. Lively,DC,0,24,Oliver_Twist
Mr. Lively,DN,0,24,Oliver_Twist
Mr. Losberne,N,0,24,Oliver_Twist
Mr. Losberne,C,0,24,Oliver_Twist
Mr. Losberne,I,0,24,Oliver_Twist
Mr. Losberne,A,0,24,Oliver_Twist
Mr. Losberne,DC,0,24,Oliver_Twist
Mr. Losberne,DN,0,24,Oliver_Twist
Mr. Maylie,N,0,24,Oliver_Twist
Mr. Maylie,C,0,24,Oliver_Twist
Mr. Maylie,I,0,24,Oliver_Twist
Mr. Maylie,A,0,24,Oliver_Twist
Mr. Maylie,DC,0,24,Oliver_Twist
Mr. Maylie,DN,0,24,Oliver_Twist
Mr. Sikes,N,0,24,Oliver_Twist
Mr. Sikes,C,0,24,Oliver_Twist
Mr. Sikes,I,0,24,Oliver_Twist
Mr. Sikes,A,0,24,Oliver_Twist
Mr. Sikes,DC,0,24,Oliver_Twist
Mr. Sikes,DN,0,24,Oliver_Twist
Mr. Sowerberry,N,0,24,Oliver_Twist
Mr. Sowerberry,C,0,24,Oliver_Twist
Mr. Sowerberry,I,0,24,Oliver_Twist
Mr. Sowerberry,A,0,24,Oliver_Twist
Mr. Sowerberry,DC,0,24,Oliver_Twist
Mr. Sowerberry,DN,0,24,Oliver_Twist
Mrs. Bedwin,N,0,24,Oliver_Twist
Mrs. Bedwin,C,0,24,Oliver_Twist
Mrs. Bedwin,I,0,24,Oliver_Twist
Mrs. Bedwin,A,0,24,Oliver_Twist
Mrs. Bedwin,DC,0,24,Oliver_Twist
Mrs. Bedwin,DN,0,24,Oliver_Twist
Mrs. Bolter,N,0,24,Oliver_Twist
Mrs. Bolter,C,0,24,Oliver_Twist
Mrs. Bolter,I,0,24,Oliver_Twist
Mrs. Bolter,A,0,24,Oliver_Twist
Mrs. Bolter,DC,0,24,Oliver_Twist
Mrs. Bolter,DN,0,24,Oliver_Twist
Mrs. Corney,N,0,24,Oliver_Twist
Mrs. Corney,C,0,24,Oliver_Twist
Mrs. Corney,I,0,24,Oliver_Twist
Mrs. Corney,A,0,24,Oliver_Twist
Mrs. Corney,DC,0,24,Oliver_Twist
Mrs. Corney,DN,0,24,Oliver_Twist
Mrs. Mann,N,0,24,Oliver_Twist
Mrs. Mann,C,0,24,Oliver_Twist
Mrs. Mann,I,0,24,Oliver_Twist
Mrs. Mann,A,0,24,Oliver_Twist
Mrs. Mann,DC,0,24,Oliver_Twist
Mrs. Mann,DN,0,24,Oliver_Twist
Mrs. Maylie,N,0,24,Oliver_Twist
Mrs. Maylie,C,0,24,Oliver_Twist
Mrs. Maylie,I,0,24,Oliver_Twist
Mrs. Maylie,A,0,24,Oliver_Twist
Mrs. Maylie,DC,0,24,Oliver_Twist
Mrs. Maylie,DN,0,24,Oliver_Twist
Mrs. Sowerberry,N,0,24,Oliver_Twist
Mrs. Sowerberry,C,0,24,Oliver_Twist
Mrs. Sowerberry,I,0,24,Oliver_Twist
Mrs. Sowerberry,A,0,24,Oliver_Twist
Mrs. Sowerberry,DC,0,24,Oliver_Twist
Mrs. Sowerberry,DN,0,24,Oliver_Twist
Nancy,N,0,24,Oliver_Twist
Nancy,C,0,24,Oliver_Twist
Nancy,I,0,24,Oliver_Twist
Nancy,A,0,24,Oliver_Twist
Nancy,DC,0,24,Oliver_Twist
Nancy,DN,0,24,Oliver_Twist
Noah,N,0,24,Oliver_Twist
Noah,C,0,24,Oliver_Twist
Noah,I,0,24,Oliver_Twist
Noah,A,0,24,Oliver_Twist
Noah,DC,0,24,Oliver_Twist
Noah,DN,0,24,Oliver_Twist
Oliver,N,17,24,Oliver_Twist
Oliver,C,2,24,Oliver_Twist
Oliver,I,4,24,Oliver_Twist
Oliver,A,13,24,Oliver_Twist
Oliver,DC,4,24,Oliver_Twist
Oliver,DN,3,24,Oliver_Twist
Rose,N,0,24,Oliver_Twist
Rose,C,0,24,Oliver_Twist
Rose,I,0,24,Oliver_Twist
Rose,A,0,24,Oliver_Twist
Rose,DC,0,24,Oliver_Twist
Rose,DN,0,24,Oliver_Twist
Sikes,N,25,24,Oliver_Twist
Sikes,C,13,24,Oliver_Twist
Sikes,I,4,24,Oliver_Twist
Sikes,A,13,24,Oliver_Twist
Sikes,DC,0,24,Oliver_Twist
Sikes,DN,4,24,Oliver_Twist
Spyers,N,0,24,Oliver_Twist
Spyers,C,0,24,Oliver_Twist
Spyers,I,0,24,Oliver_Twist
Spyers,A,0,24,Oliver_Twist
Spyers,DC,0,24,Oliver_Twist
Spyers,DN,0,24,Oliver_Twist
The Jew,N,0,24,Oliver_Twist
The Jew,C,0,24,Oliver_Twist
The Jew,I,0,24,Oliver_Twist
The Jew,A,0,24,Oliver_Twist
The Jew,DC,0,24,Oliver_Twist
The Jew,DN,0,24,Oliver_Twist
Toby,N,0,24,Oliver_Twist
Toby,C,0,24,Oliver_Twist
Toby,I,0,24,Oliver_Twist
Toby,A,0,24,Oliver_Twist
Toby,DC,0,24,Oliver_Twist
Toby,DN,0,24,Oliver_Twist
Tom,N,0,24,Oliver_Twist
Tom,C,0,24,Oliver_Twist
Tom,I,0,24,Oliver_Twist
Tom,A,0,24,Oliver_Twist
Tom,DC,0,24,Oliver_Twist
Tom,DN,0,24,Oliver_Twist
Work’us,N,0,24,Oliver_Twist
Work’us,C,0,24,Oliver_Twist
Work’us,I,0,24,Oliver_Twist
Work’us,A,0,24,Oliver_Twist
Work’us,DC,0,24,Oliver_Twist
Work’us,DN,0,24,Oliver_Twist
old Sally,N,0,24,Oliver_Twist
old Sally,C,0,24,Oliver_Twist
old Sally,I,0,24,Oliver_Twist
old Sally,A,0,24,Oliver_Twist
old Sally,DC,0,24,Oliver_Twist
old Sally,DN,0,24,Oliver_Twist
the Clerkinwell Sessions,N,0,24,Oliver_Twist
the Clerkinwell Sessions,C,0,24,Oliver_Twist
the Clerkinwell Sessions,I,0,24,Oliver_Twist
the Clerkinwell Sessions,A,0,24,Oliver_Twist
the Clerkinwell Sessions,DC,0,24,Oliver_Twist
the Clerkinwell Sessions,DN,0,24,Oliver_Twist
the Cripples,N,0,24,Oliver_Twist
the Cripples,C,0,24,Oliver_Twist
the Cripples,I,0,24,Oliver_Twist
the Cripples,A,0,24,Oliver_Twist
the Cripples,DC,0,24,Oliver_Twist
the Cripples,DN,0,24,Oliver_Twist
the Dodger,N,0,24,Oliver_Twist
the Dodger,C,0,24,Oliver_Twist
the Dodger,I,0,24,Oliver_Twist
the Dodger,A,0,24,Oliver_Twist
the Dodger,DC,0,24,Oliver_Twist
the Dodger,DN,0,24,Oliver_Twist
Agnes,N,0,25,Oliver_Twist
Agnes,C,0,25,Oliver_Twist
Agnes,I,0,25,Oliver_Twist
Agnes,A,0,25,Oliver_Twist
Agnes,DC,0,25,Oliver_Twist
Agnes,DN,0,25,Oliver_Twist
Barney,N,15,25,Oliver_Twist
Barney,C,5,25,Oliver_Twist
Barney,I,0,25,Oliver_Twist
Barney,A,4,25,Oliver_Twist
Barney,DC,3,25,Oliver_Twist
Barney,DN,0,25,Oliver_Twist
Bet,N,0,25,Oliver_Twist
Bet,C,0,25,Oliver_Twist
Bet,I,0,25,Oliver_Twist
Bet,A,0,25,Oliver_Twist
Bet,DC,0,25,Oliver_Twist
Bet,DN,0,25,Oliver_Twist
Blathers,N,0,25,Oliver_Twist
Blathers,C,0,25,Oliver_Twist
Blathers,I,0,25,Oliver_Twist
Blathers,A,0,25,Oliver_Twist
Blathers,DC,0,25,Oliver_Twist
Blathers,DN,0,25,Oliver_Twist
Brittles,N,0,25,Oliver_Twist
Brittles,C,0,25,Oliver_Twist
Brittles,I,0,25,Oliver_Twist
Brittles,A,0,25,Oliver_Twist
Brittles,DC,0,25,Oliver_Twist
Brittles,DN,0,25,Oliver_Twist
Charlotte,N,0,25,Oliver_Twist
Charlotte,C,0,25,Oliver_Twist
Charlotte,I,0,25,Oliver_Twist
Charlotte,A,0,25,Oliver_Twist
Charlotte,DC,0,25,Oliver_Twist
Charlotte,DN,0,25,Oliver_Twist
Chickweed,N,0,25,Oliver_Twist
Chickweed,C,0,25,Oliver_Twist
Chickweed,I,0,25,Oliver_Twist
Chickweed,A,0,25,Oliver_Twist
Chickweed,DC,0,25,Oliver_Twist
Chickweed,DN,0,25,Oliver_Twist
Cod,N,0,25,Oliver_Twist
Cod,C,0,25,Oliver_Twist
Cod,I,0,25,Oliver_Twist
Cod,A,0,25,Oliver_Twist
Cod,DC,0,25,Oliver_Twist
Cod,DN,0,25,Oliver_Twist
Dick,N,0,25,Oliver_Twist
Dick,C,0,25,Oliver_Twist
Dick,I,0,25,Oliver_Twist
Dick,A,0,25,Oliver_Twist
Dick,DC,0,25,Oliver_Twist
Dick,DN,0,25,Oliver_Twist
Duff,N,0,25,Oliver_Twist
Duff,C,0,25,Oliver_Twist
Duff,I,0,25,Oliver_Twist
Duff,A,0,25,Oliver_Twist
Duff,DC,0,25,Oliver_Twist
Duff,DN,0,25,Oliver_Twist
Fagin,N,1,25,Oliver_Twist
Fagin,C,0,25,Oliver_Twist
Fagin,I,0,25,Oliver_Twist
Fagin,A,1,25,Oliver_Twist
Fagin,DC,0,25,Oliver_Twist
Fagin,DN,0,25,Oliver_Twist
Faguey,N,0,25,Oliver_Twist
Faguey,C,0,25,Oliver_Twist
Faguey,I,0,25,Oliver_Twist
Faguey,A,0,25,Oliver_Twist
Faguey,DC,0,25,Oliver_Twist
Faguey,DN,0,25,Oliver_Twist
God,N,1,25,Oliver_Twist
God,C,0,25,Oliver_Twist
God,I,0,25,Oliver_Twist
God,A,0,25,Oliver_Twist
God,DC,1,25,Oliver_Twist
God,DN,0,25,Oliver_Twist
Harry,N,0,25,Oliver_Twist
Harry,C,0,25,Oliver_Twist
Harry,I,0,25,Oliver_Twist
Harry,A,0,25,Oliver_Twist
Harry,DC,0,25,Oliver_Twist
Harry,DN,0,25,Oliver_Twist
Heaven,N,0,25,Oliver_Twist
Heaven,C,0,25,Oliver_Twist
Heaven,I,0,25,Oliver_Twist
Heaven,A,0,25,Oliver_Twist
Heaven,DC,0,25,Oliver_Twist
Heaven,DN,0,25,Oliver_Twist
Jack Dawkins,N,0,25,Oliver_Twist
Jack Dawkins,C,0,25,Oliver_Twist
Jack Dawkins,I,0,25,Oliver_Twist
Jack Dawkins,A,0,25,Oliver_Twist
Jack Dawkins,DC,0,25,Oliver_Twist
Jack Dawkins,DN,0,25,Oliver_Twist
Kags,N,0,25,Oliver_Twist
Kags,C,0,25,Oliver_Twist
Kags,I,0,25,Oliver_Twist
Kags,A,0,25,Oliver_Twist
Kags,DC,0,25,Oliver_Twist
Kags,DN,0,25,Oliver_Twist
Little Oliver,N,0,25,Oliver_Twist
Little Oliver,C,0,25,Oliver_Twist
Little Oliver,I,0,25,Oliver_Twist
Little Oliver,A,0,25,Oliver_Twist
Little Oliver,DC,0,25,Oliver_Twist
Little Oliver,DN,0,25,Oliver_Twist
Lor,N,0,25,Oliver_Twist
Lor,C,0,25,Oliver_Twist
Lor,I,0,25,Oliver_Twist
Lor,A,0,25,Oliver_Twist
Lor,DC,0,25,Oliver_Twist
Lor,DN,0,25,Oliver_Twist
Master Bates,N,0,25,Oliver_Twist
Master Bates,C,0,25,Oliver_Twist
Master Bates,I,0,25,Oliver_Twist
Master Bates,A,0,25,Oliver_Twist
Master Bates,DC,0,25,Oliver_Twist
Master Bates,DN,0,25,Oliver_Twist
Messrs. Blathers,N,0,25,Oliver_Twist
Messrs. Blathers,C,0,25,Oliver_Twist
Messrs. Blathers,I,0,25,Oliver_Twist
Messrs. Blathers,A,0,25,Oliver_Twist
Messrs. Blathers,DC,0,25,Oliver_Twist
Messrs. Blathers,DN,0,25,Oliver_Twist
Miss Maylie,N,0,25,Oliver_Twist
Miss Maylie,C,0,25,Oliver_Twist
Miss Maylie,I,0,25,Oliver_Twist
Miss Maylie,A,0,25,Oliver_Twist
Miss Maylie,DC,0,25,Oliver_Twist
Miss Maylie,DN,0,25,Oliver_Twist
Monks,N,0,25,Oliver_Twist
Monks,C,0,25,Oliver_Twist
Monks,I,0,25,Oliver_Twist
Monks,A,0,25,Oliver_Twist
Monks,DC,0,25,Oliver_Twist
Monks,DN,0,25,Oliver_Twist
Mr. Bolter,N,0,25,Oliver_Twist
Mr. Bolter,C,0,25,Oliver_Twist
Mr. Bolter,I,0,25,Oliver_Twist
Mr. Bolter,A,0,25,Oliver_Twist
Mr. Bolter,DC,0,25,Oliver_Twist
Mr. Bolter,DN,0,25,Oliver_Twist
Mr. Browlow,N,0,25,Oliver_Twist
Mr. Browlow,C,0,25,Oliver_Twist
Mr. Browlow,I,0,25,Oliver_Twist
Mr. Browlow,A,0,25,Oliver_Twist
Mr. Browlow,DC,0,25,Oliver_Twist
Mr. Browlow,DN,0,25,Oliver_Twist
Mr. Brownlow,N,0,25,Oliver_Twist
Mr. Brownlow,C,0,25,Oliver_Twist
Mr. Brownlow,I,0,25,Oliver_Twist
Mr. Brownlow,A,0,25,Oliver_Twist
Mr. Brownlow,DC,0,25,Oliver_Twist
Mr. Brownlow,DN,0,25,Oliver_Twist
Mr. Bumble,N,0,25,Oliver_Twist
Mr. Bumble,C,0,25,Oliver_Twist
Mr. Bumble,I,0,25,Oliver_Twist
Mr. Bumble,A,0,25,Oliver_Twist
Mr. Bumble,DC,0,25,Oliver_Twist
Mr. Bumble,DN,0,25,Oliver_Twist
Mr. Chitling,N,0,25,Oliver_Twist
Mr. Chitling,C,0,25,Oliver_Twist
Mr. Chitling,I,0,25,Oliver_Twist
Mr. Chitling,A,0,25,Oliver_Twist
Mr. Chitling,DC,0,25,Oliver_Twist
Mr. Chitling,DN,0,25,Oliver_Twist
Mr. Dawkins,N,0,25,Oliver_Twist
Mr. Dawkins,C,0,25,Oliver_Twist
Mr. Dawkins,I,0,25,Oliver_Twist
Mr. Dawkins,A,0,25,Oliver_Twist
Mr. Dawkins,DC,0,25,Oliver_Twist
Mr. Dawkins,DN,0,25,Oliver_Twist
Mr. Fang,N,0,25,Oliver_Twist
Mr. Fang,C,0,25,Oliver_Twist
Mr. Fang,I,0,25,Oliver_Twist
Mr. Fang,A,0,25,Oliver_Twist
Mr. Fang,DC,0,25,Oliver_Twist
Mr. Fang,DN,0,25,Oliver_Twist
Mr. Gamfield,N,0,25,Oliver_Twist
Mr. Gamfield,C,0,25,Oliver_Twist
Mr. Gamfield,I,0,25,Oliver_Twist
Mr. Gamfield,A,0,25,Oliver_Twist
Mr. Gamfield,DC,0,25,Oliver_Twist
Mr. Gamfield,DN,0,25,Oliver_Twist
Mr. Giles,N,0,25,Oliver_Twist
Mr. Giles,C,0,25,Oliver_Twist
Mr. Giles,I,0,25,Oliver_Twist
Mr. Giles,A,0,25,Oliver_Twist
Mr. Giles,DC,0,25,Oliver_Twist
Mr. Giles,DN,0,25,Oliver_Twist
Mr. Grimwig,N,0,25,Oliver_Twist
Mr. Grimwig,C,0,25,Oliver_Twist
Mr. Grimwig,I,0,25,Oliver_Twist
Mr. Grimwig,A,0,25,Oliver_Twist
Mr. Grimwig,DC,0,25,Oliver_Twist
Mr. Grimwig,DN,0,25,Oliver_Twist
Mr. Limbkins,N,0,25,Oliver_Twist
Mr. Limbkins,C,0,25,Oliver_Twist
Mr. Limbkins,I,0,25,Oliver_Twist
Mr. Limbkins,A,0,25,Oliver_Twist
Mr. Limbkins,DC,0,25,Oliver_Twist
Mr. Limbkins,DN,0,25,Oliver_Twist
Mr. Lively,N,0,25,Oliver_Twist
Mr. Lively,C,0,25,Oliver_Twist
Mr. Lively,I,0,25,Oliver_Twist
Mr. Lively,A,0,25,Oliver_Twist
Mr. Lively,DC,0,25,Oliver_Twist
Mr. Lively,DN,0,25,Oliver_Twist
Mr. Losberne,N,0,25,Oliver_Twist
Mr. Losberne,C,0,25,Oliver_Twist
Mr. Losberne,I,0,25,Oliver_Twist
Mr. Losberne,A,0,25,Oliver_Twist
Mr. Losberne,DC,0,25,Oliver_Twist
Mr. Losberne,DN,0,25,Oliver_Twist
Mr. Maylie,N,0,25,Oliver_Twist
Mr. Maylie,C,0,25,Oliver_Twist
Mr. Maylie,I,0,25,Oliver_Twist
Mr. Maylie,A,0,25,Oliver_Twist
Mr. Maylie,DC,0,25,Oliver_Twist
Mr. Maylie,DN,0,25,Oliver_Twist
Mr. Sikes,N,0,25,Oliver_Twist
Mr. Sikes,C,0,25,Oliver_Twist
Mr. Sikes,I,0,25,Oliver_Twist
Mr. Sikes,A,0,25,Oliver_Twist
Mr. Sikes,DC,0,25,Oliver_Twist
Mr. Sikes,DN,0,25,Oliver_Twist
Mr. Sowerberry,N,0,25,Oliver_Twist
Mr. Sowerberry,C,0,25,Oliver_Twist
Mr. Sowerberry,I,0,25,Oliver_Twist
Mr. Sowerberry,A,0,25,Oliver_Twist
Mr. Sowerberry,DC,0,25,Oliver_Twist
Mr. Sowerberry,DN,0,25,Oliver_Twist
Mrs. Bedwin,N,0,25,Oliver_Twist
Mrs. Bedwin,C,0,25,Oliver_Twist
Mrs. Bedwin,I,0,25,Oliver_Twist
Mrs. Bedwin,A,0,25,Oliver_Twist
Mrs. Bedwin,DC,0,25,Oliver_Twist
Mrs. Bedwin,DN,0,25,Oliver_Twist
Mrs. Bolter,N,0,25,Oliver_Twist
Mrs. Bolter,C,0,25,Oliver_Twist
Mrs. Bolter,I,0,25,Oliver_Twist
Mrs. Bolter,A,0,25,Oliver_Twist
Mrs. Bolter,DC,0,25,Oliver_Twist
Mrs. Bolter,DN,0,25,Oliver_Twist
Mrs. Corney,N,0,25,Oliver_Twist
Mrs. Corney,C,0,25,Oliver_Twist
Mrs. Corney,I,0,25,Oliver_Twist
Mrs. Corney,A,0,25,Oliver_Twist
Mrs. Corney,DC,0,25,Oliver_Twist
Mrs. Corney,DN,0,25,Oliver_Twist
Mrs. Mann,N,0,25,Oliver_Twist
Mrs. Mann,C,0,25,Oliver_Twist
Mrs. Mann,I,0,25,Oliver_Twist
Mrs. Mann,A,0,25,Oliver_Twist
Mrs. Mann,DC,0,25,Oliver_Twist
Mrs. Mann,DN,0,25,Oliver_Twist
Mrs. Maylie,N,0,25,Oliver_Twist
Mrs. Maylie,C,0,25,Oliver_Twist
Mrs. Maylie,I,0,25,Oliver_Twist
Mrs. Maylie,A,0,25,Oliver_Twist
Mrs. Maylie,DC,0,25,Oliver_Twist
Mrs. Maylie,DN,0,25,Oliver_Twist
Mrs. Sowerberry,N,0,25,Oliver_Twist
Mrs. Sowerberry,C,0,25,Oliver_Twist
Mrs. Sowerberry,I,0,25,Oliver_Twist
Mrs. Sowerberry,A,0,25,Oliver_Twist
Mrs. Sowerberry,DC,0,25,Oliver_Twist
Mrs. Sowerberry,DN,0,25,Oliver_Twist
Nancy,N,0,25,Oliver_Twist
Nancy,C,0,25,Oliver_Twist
Nancy,I,0,25,Oliver_Twist
Nancy,A,0,25,Oliver_Twist
Nancy,DC,0,25,Oliver_Twist
Nancy,DN,0,25,Oliver_Twist
Noah,N,0,25,Oliver_Twist
Noah,C,0,25,Oliver_Twist
Noah,I,0,25,Oliver_Twist
Noah,A,0,25,Oliver_Twist
Noah,DC,0,25,Oliver_Twist
Noah,DN,0,25,Oliver_Twist
Oliver,N,25,25,Oliver_Twist
Oliver,C,5,25,Oliver_Twist
Oliver,I,4,25,Oliver_Twist
Oliver,A,19,25,Oliver_Twist
Oliver,DC,7,25,Oliver_Twist
Oliver,DN,1,25,Oliver_Twist
Rose,N,0,25,Oliver_Twist
Rose,C,0,25,Oliver_Twist
Rose,I,0,25,Oliver_Twist
Rose,A,0,25,Oliver_Twist
Rose,DC,0,25,Oliver_Twist
Rose,DN,0,25,Oliver_Twist
Sikes,N,36,25,Oliver_Twist
Sikes,C,31,25,Oliver_Twist
Sikes,I,1,25,Oliver_Twist
Sikes,A,18,25,Oliver_Twist
Sikes,DC,3,25,Oliver_Twist
Sikes,DN,1,25,Oliver_Twist
Spyers,N,0,25,Oliver_Twist
Spyers,C,0,25,Oliver_Twist
Spyers,I,0,25,Oliver_Twist
Spyers,A,0,25,Oliver_Twist
Spyers,DC,0,25,Oliver_Twist
Spyers,DN,0,25,Oliver_Twist
The Jew,N,0,25,Oliver_Twist
The Jew,C,0,25,Oliver_Twist
The Jew,I,0,25,Oliver_Twist
The Jew,A,0,25,Oliver_Twist
The Jew,DC,0,25,Oliver_Twist
The Jew,DN,0,25,Oliver_Twist
Toby,N,25,25,Oliver_Twist
Toby,C,18,25,Oliver_Twist
Toby,I,3,25,Oliver_Twist
Toby,A,14,25,Oliver_Twist
Toby,DC,4,25,Oliver_Twist
Toby,DN,2,25,Oliver_Twist
Tom,N,0,25,Oliver_Twist
Tom,C,0,25,Oliver_Twist
Tom,I,0,25,Oliver_Twist
Tom,A,0,25,Oliver_Twist
Tom,DC,0,25,Oliver_Twist
Tom,DN,0,25,Oliver_Twist
Work’us,N,0,25,Oliver_Twist
Work’us,C,0,25,Oliver_Twist
Work’us,I,0,25,Oliver_Twist
Work’us,A,0,25,Oliver_Twist
Work’us,DC,0,25,Oliver_Twist
Work’us,DN,0,25,Oliver_Twist
old Sally,N,0,25,Oliver_Twist
old Sally,C,0,25,Oliver_Twist
old Sally,I,0,25,Oliver_Twist
old Sally,A,0,25,Oliver_Twist
old Sally,DC,0,25,Oliver_Twist
old Sally,DN,0,25,Oliver_Twist
the Clerkinwell Sessions,N,0,25,Oliver_Twist
the Clerkinwell Sessions,C,0,25,Oliver_Twist
the Clerkinwell Sessions,I,0,25,Oliver_Twist
the Clerkinwell Sessions,A,0,25,Oliver_Twist
the Clerkinwell Sessions,DC,0,25,Oliver_Twist
the Clerkinwell Sessions,DN,0,25,Oliver_Twist
the Cripples,N,0,25,Oliver_Twist
the Cripples,C,0,25,Oliver_Twist
the Cripples,I,0,25,Oliver_Twist
the Cripples,A,0,25,Oliver_Twist
the Cripples,DC,0,25,Oliver_Twist
the Cripples,DN,0,25,Oliver_Twist
the Dodger,N,0,25,Oliver_Twist
the Dodger,C,0,25,Oliver_Twist
the Dodger,I,0,25,Oliver_Twist
the Dodger,A,0,25,Oliver_Twist
the Dodger,DC,0,25,Oliver_Twist
the Dodger,DN,0,25,Oliver_Twist
Agnes,N,0,26,Oliver_Twist
Agnes,C,0,26,Oliver_Twist
Agnes,I,0,26,Oliver_Twist
Agnes,A,0,26,Oliver_Twist
Agnes,DC,0,26,Oliver_Twist
Agnes,DN,0,26,Oliver_Twist
Barney,N,0,26,Oliver_Twist
Barney,C,0,26,Oliver_Twist
Barney,I,0,26,Oliver_Twist
Barney,A,0,26,Oliver_Twist
Barney,DC,0,26,Oliver_Twist
Barney,DN,0,26,Oliver_Twist
Bet,N,0,26,Oliver_Twist
Bet,C,0,26,Oliver_Twist
Bet,I,0,26,Oliver_Twist
Bet,A,0,26,Oliver_Twist
Bet,DC,0,26,Oliver_Twist
Bet,DN,0,26,Oliver_Twist
Blathers,N,0,26,Oliver_Twist
Blathers,C,0,26,Oliver_Twist
Blathers,I,0,26,Oliver_Twist
Blathers,A,0,26,Oliver_Twist
Blathers,DC,0,26,Oliver_Twist
Blathers,DN,0,26,Oliver_Twist
Brittles,N,0,26,Oliver_Twist
Brittles,C,0,26,Oliver_Twist
Brittles,I,0,26,Oliver_Twist
Brittles,A,0,26,Oliver_Twist
Brittles,DC,0,26,Oliver_Twist
Brittles,DN,0,26,Oliver_Twist
Charlotte,N,0,26,Oliver_Twist
Charlotte,C,0,26,Oliver_Twist
Charlotte,I,0,26,Oliver_Twist
Charlotte,A,0,26,Oliver_Twist
Charlotte,DC,0,26,Oliver_Twist
Charlotte,DN,0,26,Oliver_Twist
Chickweed,N,0,26,Oliver_Twist
Chickweed,C,0,26,Oliver_Twist
Chickweed,I,0,26,Oliver_Twist
Chickweed,A,0,26,Oliver_Twist
Chickweed,DC,0,26,Oliver_Twist
Chickweed,DN,0,26,Oliver_Twist
Cod,N,0,26,Oliver_Twist
Cod,C,0,26,Oliver_Twist
Cod,I,0,26,Oliver_Twist
Cod,A,0,26,Oliver_Twist
Cod,DC,0,26,Oliver_Twist
Cod,DN,0,26,Oliver_Twist
Dick,N,0,26,Oliver_Twist
Dick,C,0,26,Oliver_Twist
Dick,I,0,26,Oliver_Twist
Dick,A,0,26,Oliver_Twist
Dick,DC,0,26,Oliver_Twist
Dick,DN,0,26,Oliver_Twist
Duff,N,0,26,Oliver_Twist
Duff,C,0,26,Oliver_Twist
Duff,I,0,26,Oliver_Twist
Duff,A,0,26,Oliver_Twist
Duff,DC,0,26,Oliver_Twist
Duff,DN,0,26,Oliver_Twist
Fagin,N,0,26,Oliver_Twist
Fagin,C,0,26,Oliver_Twist
Fagin,I,0,26,Oliver_Twist
Fagin,A,0,26,Oliver_Twist
Fagin,DC,0,26,Oliver_Twist
Fagin,DN,0,26,Oliver_Twist
Faguey,N,0,26,Oliver_Twist
Faguey,C,0,26,Oliver_Twist
Faguey,I,0,26,Oliver_Twist
Faguey,A,0,26,Oliver_Twist
Faguey,DC,0,26,Oliver_Twist
Faguey,DN,0,26,Oliver_Twist
God,N,1,26,Oliver_Twist
God,C,0,26,Oliver_Twist
God,I,0,26,Oliver_Twist
God,A,0,26,Oliver_Twist
God,DC,0,26,Oliver_Twist
God,DN,0,26,Oliver_Twist
Harry,N,0,26,Oliver_Twist
Harry,C,0,26,Oliver_Twist
Harry,I,0,26,Oliver_Twist
Harry,A,0,26,Oliver_Twist
Harry,DC,0,26,Oliver_Twist
Harry,DN,0,26,Oliver_Twist
Heaven,N,0,26,Oliver_Twist
Heaven,C,0,26,Oliver_Twist
Heaven,I,0,26,Oliver_Twist
Heaven,A,0,26,Oliver_Twist
Heaven,DC,0,26,Oliver_Twist
Heaven,DN,0,26,Oliver_Twist
Jack Dawkins,N,0,26,Oliver_Twist
Jack Dawkins,C,0,26,Oliver_Twist
Jack Dawkins,I,0,26,Oliver_Twist
Jack Dawkins,A,0,26,Oliver_Twist
Jack Dawkins,DC,0,26,Oliver_Twist
Jack Dawkins,DN,0,26,Oliver_Twist
Kags,N,0,26,Oliver_Twist
Kags,C,0,26,Oliver_Twist
Kags,I,0,26,Oliver_Twist
Kags,A,0,26,Oliver_Twist
Kags,DC,0,26,Oliver_Twist
Kags,DN,0,26,Oliver_Twist
Little Oliver,N,0,26,Oliver_Twist
Little Oliver,C,0,26,Oliver_Twist
Little Oliver,I,0,26,Oliver_Twist
Little Oliver,A,0,26,Oliver_Twist
Little Oliver,DC,0,26,Oliver_Twist
Little Oliver,DN,0,26,Oliver_Twist
Lor,N,0,26,Oliver_Twist
Lor,C,0,26,Oliver_Twist
Lor,I,0,26,Oliver_Twist
Lor,A,0,26,Oliver_Twist
Lor,DC,0,26,Oliver_Twist
Lor,DN,0,26,Oliver_Twist
Master Bates,N,0,26,Oliver_Twist
Master Bates,C,0,26,Oliver_Twist
Master Bates,I,0,26,Oliver_Twist
Master Bates,A,0,26,Oliver_Twist
Master Bates,DC,0,26,Oliver_Twist
Master Bates,DN,0,26,Oliver_Twist
Messrs. Blathers,N,0,26,Oliver_Twist
Messrs. Blathers,C,0,26,Oliver_Twist
Messrs. Blathers,I,0,26,Oliver_Twist
Messrs. Blathers,A,0,26,Oliver_Twist
Messrs. Blathers,DC,0,26,Oliver_Twist
Messrs. Blathers,DN,0,26,Oliver_Twist
Miss Maylie,N,0,26,Oliver_Twist
Miss Maylie,C,0,26,Oliver_Twist
Miss Maylie,I,0,26,Oliver_Twist
Miss Maylie,A,0,26,Oliver_Twist
Miss Maylie,DC,0,26,Oliver_Twist
Miss Maylie,DN,0,26,Oliver_Twist
Monks,N,0,26,Oliver_Twist
Monks,C,0,26,Oliver_Twist
Monks,I,0,26,Oliver_Twist
Monks,A,0,26,Oliver_Twist
Monks,DC,0,26,Oliver_Twist
Monks,DN,0,26,Oliver_Twist
Mr. Bolter,N,0,26,Oliver_Twist
Mr. Bolter,C,0,26,Oliver_Twist
Mr. Bolter,I,0,26,Oliver_Twist
Mr. Bolter,A,0,26,Oliver_Twist
Mr. Bolter,DC,0,26,Oliver_Twist
Mr. Bolter,DN,0,26,Oliver_Twist
Mr. Browlow,N,0,26,Oliver_Twist
Mr. Browlow,C,0,26,Oliver_Twist
Mr. Browlow,I,0,26,Oliver_Twist
Mr. Browlow,A,0,26,Oliver_Twist
Mr. Browlow,DC,0,26,Oliver_Twist
Mr. Browlow,DN,0,26,Oliver_Twist
Mr. Brownlow,N,0,26,Oliver_Twist
Mr. Brownlow,C,0,26,Oliver_Twist
Mr. Brownlow,I,0,26,Oliver_Twist
Mr. Brownlow,A,0,26,Oliver_Twist
Mr. Brownlow,DC,0,26,Oliver_Twist
Mr. Brownlow,DN,0,26,Oliver_Twist
Mr. Bumble,N,46,26,Oliver_Twist
Mr. Bumble,C,20,26,Oliver_Twist
Mr. Bumble,I,8,26,Oliver_Twist
Mr. Bumble,A,16,26,Oliver_Twist
Mr. Bumble,DC,1,26,Oliver_Twist
Mr. Bumble,DN,1,26,Oliver_Twist
Mr. Chitling,N,0,26,Oliver_Twist
Mr. Chitling,C,0,26,Oliver_Twist
Mr. Chitling,I,0,26,Oliver_Twist
Mr. Chitling,A,0,26,Oliver_Twist
Mr. Chitling,DC,0,26,Oliver_Twist
Mr. Chitling,DN,0,26,Oliver_Twist
Mr. Dawkins,N,0,26,Oliver_Twist
Mr. Dawkins,C,0,26,Oliver_Twist
Mr. Dawkins,I,0,26,Oliver_Twist
Mr. Dawkins,A,0,26,Oliver_Twist
Mr. Dawkins,DC,0,26,Oliver_Twist
Mr. Dawkins,DN,0,26,Oliver_Twist
Mr. Fang,N,0,26,Oliver_Twist
Mr. Fang,C,0,26,Oliver_Twist
Mr. Fang,I,0,26,Oliver_Twist
Mr. Fang,A,0,26,Oliver_Twist
Mr. Fang,DC,0,26,Oliver_Twist
Mr. Fang,DN,0,26,Oliver_Twist
Mr. Gamfield,N,0,26,Oliver_Twist
Mr. Gamfield,C,0,26,Oliver_Twist
Mr. Gamfield,I,0,26,Oliver_Twist
Mr. Gamfield,A,0,26,Oliver_Twist
Mr. Gamfield,DC,0,26,Oliver_Twist
Mr. Gamfield,DN,0,26,Oliver_Twist
Mr. Giles,N,0,26,Oliver_Twist
Mr. Giles,C,0,26,Oliver_Twist
Mr. Giles,I,0,26,Oliver_Twist
Mr. Giles,A,0,26,Oliver_Twist
Mr. Giles,DC,0,26,Oliver_Twist
Mr. Giles,DN,0,26,Oliver_Twist
Mr. Grimwig,N,0,26,Oliver_Twist
Mr. Grimwig,C,0,26,Oliver_Twist
Mr. Grimwig,I,0,26,Oliver_Twist
Mr. Grimwig,A,0,26,Oliver_Twist
Mr. Grimwig,DC,0,26,Oliver_Twist
Mr. Grimwig,DN,0,26,Oliver_Twist
Mr. Limbkins,N,0,26,Oliver_Twist
Mr. Limbkins,C,0,26,Oliver_Twist
Mr. Limbkins,I,0,26,Oliver_Twist
Mr. Limbkins,A,0,26,Oliver_Twist
Mr. Limbkins,DC,0,26,Oliver_Twist
Mr. Limbkins,DN,0,26,Oliver_Twist
Mr. Lively,N,0,26,Oliver_Twist
Mr. Lively,C,0,26,Oliver_Twist
Mr. Lively,I,0,26,Oliver_Twist
Mr. Lively,A,0,26,Oliver_Twist
Mr. Lively,DC,0,26,Oliver_Twist
Mr. Lively,DN,0,26,Oliver_Twist
Mr. Losberne,N,0,26,Oliver_Twist
Mr. Losberne,C,0,26,Oliver_Twist
Mr. Losberne,I,0,26,Oliver_Twist
Mr. Losberne,A,0,26,Oliver_Twist
Mr. Losberne,DC,0,26,Oliver_Twist
Mr. Losberne,DN,0,26,Oliver_Twist
Mr. Maylie,N,0,26,Oliver_Twist
Mr. Maylie,C,0,26,Oliver_Twist
Mr. Maylie,I,0,26,Oliver_Twist
Mr. Maylie,A,0,26,Oliver_Twist
Mr. Maylie,DC,0,26,Oliver_Twist
Mr. Maylie,DN,0,26,Oliver_Twist
Mr. Sikes,N,0,26,Oliver_Twist
Mr. Sikes,C,0,26,Oliver_Twist
Mr. Sikes,I,0,26,Oliver_Twist
Mr. Sikes,A,0,26,Oliver_Twist
Mr. Sikes,DC,0,26,Oliver_Twist
Mr. Sikes,DN,0,26,Oliver_Twist
Mr. Sowerberry,N,0,26,Oliver_Twist
Mr. Sowerberry,C,0,26,Oliver_Twist
Mr. Sowerberry,I,0,26,Oliver_Twist
Mr. Sowerberry,A,0,26,Oliver_Twist
Mr. Sowerberry,DC,0,26,Oliver_Twist
Mr. Sowerberry,DN,0,26,Oliver_Twist
Mrs. Bedwin,N,0,26,Oliver_Twist
Mrs. Bedwin,C,0,26,Oliver_Twist
Mrs. Bedwin,I,0,26,Oliver_Twist
Mrs. Bedwin,A,0,26,Oliver_Twist
Mrs. Bedwin,DC,0,26,Oliver_Twist
Mrs. Bedwin,DN,0,26,Oliver_Twist
Mrs. Bolter,N,0,26,Oliver_Twist
Mrs. Bolter,C,0,26,Oliver_Twist
Mrs. Bolter,I,0,26,Oliver_Twist
Mrs. Bolter,A,0,26,Oliver_Twist
Mrs. Bolter,DC,0,26,Oliver_Twist
Mrs. Bolter,DN,0,26,Oliver_Twist
Mrs. Corney,N,26,26,Oliver_Twist
Mrs. Corney,C,9,26,Oliver_Twist
Mrs. Corney,I,4,26,Oliver_Twist
Mrs. Corney,A,13,26,Oliver_Twist
Mrs. Corney,DC,4,26,Oliver_Twist
Mrs. Corney,DN,1,26,Oliver_Twist
Mrs. Mann,N,0,26,Oliver_Twist
Mrs. Mann,C,0,26,Oliver_Twist
Mrs. Mann,I,0,26,Oliver_Twist
Mrs. Mann,A,0,26,Oliver_Twist
Mrs. Mann,DC,0,26,Oliver_Twist
Mrs. Mann,DN,0,26,Oliver_Twist
Mrs. Maylie,N,0,26,Oliver_Twist
Mrs. Maylie,C,0,26,Oliver_Twist
Mrs. Maylie,I,0,26,Oliver_Twist
Mrs. Maylie,A,0,26,Oliver_Twist
Mrs. Maylie,DC,0,26,Oliver_Twist
Mrs. Maylie,DN,0,26,Oliver_Twist
Mrs. Sowerberry,N,0,26,Oliver_Twist
Mrs. Sowerberry,C,0,26,Oliver_Twist
Mrs. Sowerberry,I,0,26,Oliver_Twist
Mrs. Sowerberry,A,0,26,Oliver_Twist
Mrs. Sowerberry,DC,0,26,Oliver_Twist
Mrs. Sowerberry,DN,0,26,Oliver_Twist
Nancy,N,0,26,Oliver_Twist
Nancy,C,0,26,Oliver_Twist
Nancy,I,0,26,Oliver_Twist
Nancy,A,0,26,Oliver_Twist
Nancy,DC,0,26,Oliver_Twist
Nancy,DN,0,26,Oliver_Twist
Noah,N,0,26,Oliver_Twist
Noah,C,0,26,Oliver_Twist
Noah,I,0,26,Oliver_Twist
Noah,A,0,26,Oliver_Twist
Noah,DC,0,26,Oliver_Twist
Noah,DN,0,26,Oliver_Twist
Oliver,N,1,26,Oliver_Twist
Oliver,C,0,26,Oliver_Twist
Oliver,I,0,26,Oliver_Twist
Oliver,A,0,26,Oliver_Twist
Oliver,DC,0,26,Oliver_Twist
Oliver,DN,0,26,Oliver_Twist
Rose,N,0,26,Oliver_Twist
Rose,C,0,26,Oliver_Twist
Rose,I,0,26,Oliver_Twist
Rose,A,0,26,Oliver_Twist
Rose,DC,0,26,Oliver_Twist
Rose,DN,0,26,Oliver_Twist
Sikes,N,0,26,Oliver_Twist
Sikes,C,0,26,Oliver_Twist
Sikes,I,0,26,Oliver_Twist
Sikes,A,0,26,Oliver_Twist
Sikes,DC,0,26,Oliver_Twist
Sikes,DN,0,26,Oliver_Twist
Spyers,N,0,26,Oliver_Twist
Spyers,C,0,26,Oliver_Twist
Spyers,I,0,26,Oliver_Twist
Spyers,A,0,26,Oliver_Twist
Spyers,DC,0,26,Oliver_Twist
Spyers,DN,0,26,Oliver_Twist
The Jew,N,0,26,Oliver_Twist
The Jew,C,0,26,Oliver_Twist
The Jew,I,0,26,Oliver_Twist
The Jew,A,0,26,Oliver_Twist
The Jew,DC,0,26,Oliver_Twist
The Jew,DN,0,26,Oliver_Twist
Toby,N,0,26,Oliver_Twist
Toby,C,0,26,Oliver_Twist
Toby,I,0,26,Oliver_Twist
Toby,A,0,26,Oliver_Twist
Toby,DC,0,26,Oliver_Twist
Toby,DN,0,26,Oliver_Twist
Tom,N,0,26,Oliver_Twist
Tom,C,0,26,Oliver_Twist
Tom,I,0,26,Oliver_Twist
Tom,A,0,26,Oliver_Twist
Tom,DC,0,26,Oliver_Twist
Tom,DN,0,26,Oliver_Twist
Work’us,N,0,26,Oliver_Twist
Work’us,C,0,26,Oliver_Twist
Work’us,I,0,26,Oliver_Twist
Work’us,A,0,26,Oliver_Twist
Work’us,DC,0,26,Oliver_Twist
Work’us,DN,0,26,Oliver_Twist
old Sally,N,1,26,Oliver_Twist
old Sally,C,0,26,Oliver_Twist
old Sally,I,0,26,Oliver_Twist
old Sally,A,4,26,Oliver_Twist
old Sally,DC,0,26,Oliver_Twist
old Sally,DN,0,26,Oliver_Twist
the Clerkinwell Sessions,N,0,26,Oliver_Twist
the Clerkinwell Sessions,C,0,26,Oliver_Twist
the Clerkinwell Sessions,I,0,26,Oliver_Twist
the Clerkinwell Sessions,A,0,26,Oliver_Twist
the Clerkinwell Sessions,DC,0,26,Oliver_Twist
the Clerkinwell Sessions,DN,0,26,Oliver_Twist
the Cripples,N,0,26,Oliver_Twist
the Cripples,C,0,26,Oliver_Twist
the Cripples,I,0,26,Oliver_Twist
the Cripples,A,0,26,Oliver_Twist
the Cripples,DC,0,26,Oliver_Twist
the Cripples,DN,0,26,Oliver_Twist
the Dodger,N,0,26,Oliver_Twist
the Dodger,C,0,26,Oliver_Twist
the Dodger,I,0,26,Oliver_Twist
the Dodger,A,0,26,Oliver_Twist
the Dodger,DC,0,26,Oliver_Twist
the Dodger,DN,0,26,Oliver_Twist
Agnes,N,0,27,Oliver_Twist
Agnes,C,0,27,Oliver_Twist
Agnes,I,0,27,Oliver_Twist
Agnes,A,0,27,Oliver_Twist
Agnes,DC,0,27,Oliver_Twist
Agnes,DN,0,27,Oliver_Twist
Barney,N,0,27,Oliver_Twist
Barney,C,0,27,Oliver_Twist
Barney,I,0,27,Oliver_Twist
Barney,A,0,27,Oliver_Twist
Barney,DC,0,27,Oliver_Twist
Barney,DN,0,27,Oliver_Twist
Bet,N,0,27,Oliver_Twist
Bet,C,0,27,Oliver_Twist
Bet,I,0,27,Oliver_Twist
Bet,A,0,27,Oliver_Twist
Bet,DC,0,27,Oliver_Twist
Bet,DN,0,27,Oliver_Twist
Blathers,N,0,27,Oliver_Twist
Blathers,C,0,27,Oliver_Twist
Blathers,I,0,27,Oliver_Twist
Blathers,A,0,27,Oliver_Twist
Blathers,DC,0,27,Oliver_Twist
Blathers,DN,0,27,Oliver_Twist
Brittles,N,0,27,Oliver_Twist
Brittles,C,0,27,Oliver_Twist
Brittles,I,0,27,Oliver_Twist
Brittles,A,0,27,Oliver_Twist
Brittles,DC,0,27,Oliver_Twist
Brittles,DN,0,27,Oliver_Twist
Charlotte,N,0,27,Oliver_Twist
Charlotte,C,0,27,Oliver_Twist
Charlotte,I,0,27,Oliver_Twist
Charlotte,A,0,27,Oliver_Twist
Charlotte,DC,0,27,Oliver_Twist
Charlotte,DN,0,27,Oliver_Twist
Chickweed,N,0,27,Oliver_Twist
Chickweed,C,0,27,Oliver_Twist
Chickweed,I,0,27,Oliver_Twist
Chickweed,A,0,27,Oliver_Twist
Chickweed,DC,0,27,Oliver_Twist
Chickweed,DN,0,27,Oliver_Twist
Cod,N,0,27,Oliver_Twist
Cod,C,0,27,Oliver_Twist
Cod,I,0,27,Oliver_Twist
Cod,A,0,27,Oliver_Twist
Cod,DC,0,27,Oliver_Twist
Cod,DN,0,27,Oliver_Twist
Dick,N,0,27,Oliver_Twist
Dick,C,0,27,Oliver_Twist
Dick,I,0,27,Oliver_Twist
Dick,A,0,27,Oliver_Twist
Dick,DC,0,27,Oliver_Twist
Dick,DN,0,27,Oliver_Twist
Duff,N,0,27,Oliver_Twist
Duff,C,0,27,Oliver_Twist
Duff,I,0,27,Oliver_Twist
Duff,A,0,27,Oliver_Twist
Duff,DC,0,27,Oliver_Twist
Duff,DN,0,27,Oliver_Twist
Fagin,N,0,27,Oliver_Twist
Fagin,C,0,27,Oliver_Twist
Fagin,I,0,27,Oliver_Twist
Fagin,A,0,27,Oliver_Twist
Fagin,DC,0,27,Oliver_Twist
Fagin,DN,0,27,Oliver_Twist
Faguey,N,0,27,Oliver_Twist
Faguey,C,0,27,Oliver_Twist
Faguey,I,0,27,Oliver_Twist
Faguey,A,0,27,Oliver_Twist
Faguey,DC,0,27,Oliver_Twist
Faguey,DN,0,27,Oliver_Twist
God,N,1,27,Oliver_Twist
God,C,0,27,Oliver_Twist
God,I,0,27,Oliver_Twist
God,A,0,27,Oliver_Twist
God,DC,0,27,Oliver_Twist
God,DN,0,27,Oliver_Twist
Harry,N,0,27,Oliver_Twist
Harry,C,0,27,Oliver_Twist
Harry,I,0,27,Oliver_Twist
Harry,A,0,27,Oliver_Twist
Harry,DC,0,27,Oliver_Twist
Harry,DN,0,27,Oliver_Twist
Heaven,N,1,27,Oliver_Twist
Heaven,C,0,27,Oliver_Twist
Heaven,I,0,27,Oliver_Twist
Heaven,A,0,27,Oliver_Twist
Heaven,DC,0,27,Oliver_Twist
Heaven,DN,0,27,Oliver_Twist
Jack Dawkins,N,0,27,Oliver_Twist
Jack Dawkins,C,0,27,Oliver_Twist
Jack Dawkins,I,0,27,Oliver_Twist
Jack Dawkins,A,0,27,Oliver_Twist
Jack Dawkins,DC,0,27,Oliver_Twist
Jack Dawkins,DN,0,27,Oliver_Twist
Kags,N,0,27,Oliver_Twist
Kags,C,0,27,Oliver_Twist
Kags,I,0,27,Oliver_Twist
Kags,A,0,27,Oliver_Twist
Kags,DC,0,27,Oliver_Twist
Kags,DN,0,27,Oliver_Twist
Little Oliver,N,0,27,Oliver_Twist
Little Oliver,C,0,27,Oliver_Twist
Little Oliver,I,0,27,Oliver_Twist
Little Oliver,A,0,27,Oliver_Twist
Little Oliver,DC,0,27,Oliver_Twist
Little Oliver,DN,0,27,Oliver_Twist
Lor,N,0,27,Oliver_Twist
Lor,C,0,27,Oliver_Twist
Lor,I,0,27,Oliver_Twist
Lor,A,0,27,Oliver_Twist
Lor,DC,0,27,Oliver_Twist
Lor,DN,0,27,Oliver_Twist
Master Bates,N,0,27,Oliver_Twist
Master Bates,C,0,27,Oliver_Twist
Master Bates,I,0,27,Oliver_Twist
Master Bates,A,0,27,Oliver_Twist
Master Bates,DC,0,27,Oliver_Twist
Master Bates,DN,0,27,Oliver_Twist
Messrs. Blathers,N,0,27,Oliver_Twist
Messrs. Blathers,C,0,27,Oliver_Twist
Messrs. Blathers,I,0,27,Oliver_Twist
Messrs. Blathers,A,0,27,Oliver_Twist
Messrs. Blathers,DC,0,27,Oliver_Twist
Messrs. Blathers,DN,0,27,Oliver_Twist
Miss Maylie,N,0,27,Oliver_Twist
Miss Maylie,C,0,27,Oliver_Twist
Miss Maylie,I,0,27,Oliver_Twist
Miss Maylie,A,0,27,Oliver_Twist
Miss Maylie,DC,0,27,Oliver_Twist
Miss Maylie,DN,0,27,Oliver_Twist
Monks,N,0,27,Oliver_Twist
Monks,C,0,27,Oliver_Twist
Monks,I,0,27,Oliver_Twist
Monks,A,0,27,Oliver_Twist
Monks,DC,0,27,Oliver_Twist
Monks,DN,0,27,Oliver_Twist
Mr. Bolter,N,0,27,Oliver_Twist
Mr. Bolter,C,0,27,Oliver_Twist
Mr. Bolter,I,0,27,Oliver_Twist
Mr. Bolter,A,0,27,Oliver_Twist
Mr. Bolter,DC,0,27,Oliver_Twist
Mr. Bolter,DN,0,27,Oliver_Twist
Mr. Browlow,N,0,27,Oliver_Twist
Mr. Browlow,C,0,27,Oliver_Twist
Mr. Browlow,I,0,27,Oliver_Twist
Mr. Browlow,A,0,27,Oliver_Twist
Mr. Browlow,DC,0,27,Oliver_Twist
Mr. Browlow,DN,0,27,Oliver_Twist
Mr. Brownlow,N,0,27,Oliver_Twist
Mr. Brownlow,C,0,27,Oliver_Twist
Mr. Brownlow,I,0,27,Oliver_Twist
Mr. Brownlow,A,0,27,Oliver_Twist
Mr. Brownlow,DC,0,27,Oliver_Twist
Mr. Brownlow,DN,0,27,Oliver_Twist
Mr. Bumble,N,0,27,Oliver_Twist
Mr. Bumble,C,0,27,Oliver_Twist
Mr. Bumble,I,0,27,Oliver_Twist
Mr. Bumble,A,0,27,Oliver_Twist
Mr. Bumble,DC,0,27,Oliver_Twist
Mr. Bumble,DN,0,27,Oliver_Twist
Mr. Chitling,N,0,27,Oliver_Twist
Mr. Chitling,C,0,27,Oliver_Twist
Mr. Chitling,I,0,27,Oliver_Twist
Mr. Chitling,A,0,27,Oliver_Twist
Mr. Chitling,DC,0,27,Oliver_Twist
Mr. Chitling,DN,0,27,Oliver_Twist
Mr. Dawkins,N,0,27,Oliver_Twist
Mr. Dawkins,C,0,27,Oliver_Twist
Mr. Dawkins,I,0,27,Oliver_Twist
Mr. Dawkins,A,0,27,Oliver_Twist
Mr. Dawkins,DC,0,27,Oliver_Twist
Mr. Dawkins,DN,0,27,Oliver_Twist
Mr. Fang,N,0,27,Oliver_Twist
Mr. Fang,C,0,27,Oliver_Twist
Mr. Fang,I,0,27,Oliver_Twist
Mr. Fang,A,0,27,Oliver_Twist
Mr. Fang,DC,0,27,Oliver_Twist
Mr. Fang,DN,0,27,Oliver_Twist
Mr. Gamfield,N,0,27,Oliver_Twist
Mr. Gamfield,C,0,27,Oliver_Twist
Mr. Gamfield,I,0,27,Oliver_Twist
Mr. Gamfield,A,0,27,Oliver_Twist
Mr. Gamfield,DC,0,27,Oliver_Twist
Mr. Gamfield,DN,0,27,Oliver_Twist
Mr. Giles,N,0,27,Oliver_Twist
Mr. Giles,C,0,27,Oliver_Twist
Mr. Giles,I,0,27,Oliver_Twist
Mr. Giles,A,0,27,Oliver_Twist
Mr. Giles,DC,0,27,Oliver_Twist
Mr. Giles,DN,0,27,Oliver_Twist
Mr. Grimwig,N,0,27,Oliver_Twist
Mr. Grimwig,C,0,27,Oliver_Twist
Mr. Grimwig,I,0,27,Oliver_Twist
Mr. Grimwig,A,0,27,Oliver_Twist
Mr. Grimwig,DC,0,27,Oliver_Twist
Mr. Grimwig,DN,0,27,Oliver_Twist
Mr. Limbkins,N,0,27,Oliver_Twist
Mr. Limbkins,C,0,27,Oliver_Twist
Mr. Limbkins,I,0,27,Oliver_Twist
Mr. Limbkins,A,0,27,Oliver_Twist
Mr. Limbkins,DC,0,27,Oliver_Twist
Mr. Limbkins,DN,0,27,Oliver_Twist
Mr. Lively,N,0,27,Oliver_Twist
Mr. Lively,C,0,27,Oliver_Twist
Mr. Lively,I,0,27,Oliver_Twist
Mr. Lively,A,0,27,Oliver_Twist
Mr. Lively,DC,0,27,Oliver_Twist
Mr. Lively,DN,0,27,Oliver_Twist
Mr. Losberne,N,0,27,Oliver_Twist
Mr. Losberne,C,0,27,Oliver_Twist
Mr. Losberne,I,0,27,Oliver_Twist
Mr. Losberne,A,0,27,Oliver_Twist
Mr. Losberne,DC,0,27,Oliver_Twist
Mr. Losberne,DN,0,27,Oliver_Twist
Mr. Maylie,N,0,27,Oliver_Twist
Mr. Maylie,C,0,27,Oliver_Twist
Mr. Maylie,I,0,27,Oliver_Twist
Mr. Maylie,A,0,27,Oliver_Twist
Mr. Maylie,DC,0,27,Oliver_Twist
Mr. Maylie,DN,0,27,Oliver_Twist
Mr. Sikes,N,0,27,Oliver_Twist
Mr. Sikes,C,0,27,Oliver_Twist
Mr. Sikes,I,0,27,Oliver_Twist
Mr. Sikes,A,0,27,Oliver_Twist
Mr. Sikes,DC,0,27,Oliver_Twist
Mr. Sikes,DN,0,27,Oliver_Twist
Mr. Sowerberry,N,0,27,Oliver_Twist
Mr. Sowerberry,C,0,27,Oliver_Twist
Mr. Sowerberry,I,0,27,Oliver_Twist
Mr. Sowerberry,A,0,27,Oliver_Twist
Mr. Sowerberry,DC,0,27,Oliver_Twist
Mr. Sowerberry,DN,0,27,Oliver_Twist
Mrs. Bedwin,N,0,27,Oliver_Twist
Mrs. Bedwin,C,0,27,Oliver_Twist
Mrs. Bedwin,I,0,27,Oliver_Twist
Mrs. Bedwin,A,0,27,Oliver_Twist
Mrs. Bedwin,DC,0,27,Oliver_Twist
Mrs. Bedwin,DN,0,27,Oliver_Twist
Mrs. Bolter,N,0,27,Oliver_Twist
Mrs. Bolter,C,0,27,Oliver_Twist
Mrs. Bolter,I,0,27,Oliver_Twist
Mrs. Bolter,A,0,27,Oliver_Twist
Mrs. Bolter,DC,0,27,Oliver_Twist
Mrs. Bolter,DN,0,27,Oliver_Twist
Mrs. Corney,N,3,27,Oliver_Twist
Mrs. Corney,C,0,27,Oliver_Twist
Mrs. Corney,I,0,27,Oliver_Twist
Mrs. Corney,A,10,27,Oliver_Twist
Mrs. Corney,DC,0,27,Oliver_Twist
Mrs. Corney,DN,1,27,Oliver_Twist
Mrs. Mann,N,0,27,Oliver_Twist
Mrs. Mann,C,0,27,Oliver_Twist
Mrs. Mann,I,0,27,Oliver_Twist
Mrs. Mann,A,0,27,Oliver_Twist
Mrs. Mann,DC,0,27,Oliver_Twist
Mrs. Mann,DN,0,27,Oliver_Twist
Mrs. Maylie,N,0,27,Oliver_Twist
Mrs. Maylie,C,0,27,Oliver_Twist
Mrs. Maylie,I,0,27,Oliver_Twist
Mrs. Maylie,A,0,27,Oliver_Twist
Mrs. Maylie,DC,0,27,Oliver_Twist
Mrs. Maylie,DN,0,27,Oliver_Twist
Mrs. Sowerberry,N,0,27,Oliver_Twist
Mrs. Sowerberry,C,0,27,Oliver_Twist
Mrs. Sowerberry,I,0,27,Oliver_Twist
Mrs. Sowerberry,A,0,27,Oliver_Twist
Mrs. Sowerberry,DC,0,27,Oliver_Twist
Mrs. Sowerberry,DN,0,27,Oliver_Twist
Nancy,N,0,27,Oliver_Twist
Nancy,C,0,27,Oliver_Twist
Nancy,I,0,27,Oliver_Twist
Nancy,A,0,27,Oliver_Twist
Nancy,DC,0,27,Oliver_Twist
Nancy,DN,0,27,Oliver_Twist
Noah,N,0,27,Oliver_Twist
Noah,C,0,27,Oliver_Twist
Noah,I,0,27,Oliver_Twist
Noah,A,0,27,Oliver_Twist
Noah,DC,0,27,Oliver_Twist
Noah,DN,0,27,Oliver_Twist
Oliver,N,1,27,Oliver_Twist
Oliver,C,0,27,Oliver_Twist
Oliver,I,0,27,Oliver_Twist
Oliver,A,0,27,Oliver_Twist
Oliver,DC,0,27,Oliver_Twist
Oliver,DN,0,27,Oliver_Twist
Rose,N,0,27,Oliver_Twist
Rose,C,0,27,Oliver_Twist
Rose,I,0,27,Oliver_Twist
Rose,A,0,27,Oliver_Twist
Rose,DC,0,27,Oliver_Twist
Rose,DN,0,27,Oliver_Twist
Sikes,N,0,27,Oliver_Twist
Sikes,C,0,27,Oliver_Twist
Sikes,I,0,27,Oliver_Twist
Sikes,A,0,27,Oliver_Twist
Sikes,DC,0,27,Oliver_Twist
Sikes,DN,0,27,Oliver_Twist
Spyers,N,0,27,Oliver_Twist
Spyers,C,0,27,Oliver_Twist
Spyers,I,0,27,Oliver_Twist
Spyers,A,0,27,Oliver_Twist
Spyers,DC,0,27,Oliver_Twist
Spyers,DN,0,27,Oliver_Twist
The Jew,N,0,27,Oliver_Twist
The Jew,C,0,27,Oliver_Twist
The Jew,I,0,27,Oliver_Twist
The Jew,A,0,27,Oliver_Twist
The Jew,DC,0,27,Oliver_Twist
The Jew,DN,0,27,Oliver_Twist
Toby,N,0,27,Oliver_Twist
Toby,C,0,27,Oliver_Twist
Toby,I,0,27,Oliver_Twist
Toby,A,0,27,Oliver_Twist
Toby,DC,0,27,Oliver_Twist
Toby,DN,0,27,Oliver_Twist
Tom,N,0,27,Oliver_Twist
Tom,C,0,27,Oliver_Twist
Tom,I,0,27,Oliver_Twist
Tom,A,0,27,Oliver_Twist
Tom,DC,0,27,Oliver_Twist
Tom,DN,0,27,Oliver_Twist
Work’us,N,0,27,Oliver_Twist
Work’us,C,0,27,Oliver_Twist
Work’us,I,0,27,Oliver_Twist
Work’us,A,0,27,Oliver_Twist
Work’us,DC,0,27,Oliver_Twist
Work’us,DN,0,27,Oliver_Twist
old Sally,N,1,27,Oliver_Twist
old Sally,C,1,27,Oliver_Twist
old Sally,I,3,27,Oliver_Twist
old Sally,A,4,27,Oliver_Twist
old Sally,DC,0,27,Oliver_Twist
old Sally,DN,3,27,Oliver_Twist
the Clerkinwell Sessions,N,0,27,Oliver_Twist
the Clerkinwell Sessions,C,0,27,Oliver_Twist
the Clerkinwell Sessions,I,0,27,Oliver_Twist
the Clerkinwell Sessions,A,0,27,Oliver_Twist
the Clerkinwell Sessions,DC,0,27,Oliver_Twist
the Clerkinwell Sessions,DN,0,27,Oliver_Twist
the Cripples,N,0,27,Oliver_Twist
the Cripples,C,0,27,Oliver_Twist
the Cripples,I,0,27,Oliver_Twist
the Cripples,A,0,27,Oliver_Twist
the Cripples,DC,0,27,Oliver_Twist
the Cripples,DN,0,27,Oliver_Twist
the Dodger,N,0,27,Oliver_Twist
the Dodger,C,0,27,Oliver_Twist
the Dodger,I,0,27,Oliver_Twist
the Dodger,A,0,27,Oliver_Twist
the Dodger,DC,0,27,Oliver_Twist
the Dodger,DN,0,27,Oliver_Twist
Agnes,N,0,28,Oliver_Twist
Agnes,C,0,28,Oliver_Twist
Agnes,I,0,28,Oliver_Twist
Agnes,A,0,28,Oliver_Twist
Agnes,DC,0,28,Oliver_Twist
Agnes,DN,0,28,Oliver_Twist
Barney,N,0,28,Oliver_Twist
Barney,C,0,28,Oliver_Twist
Barney,I,0,28,Oliver_Twist
Barney,A,0,28,Oliver_Twist
Barney,DC,0,28,Oliver_Twist
Barney,DN,0,28,Oliver_Twist
Bet,N,4,28,Oliver_Twist
Bet,C,0,28,Oliver_Twist
Bet,I,0,28,Oliver_Twist
Bet,A,1,28,Oliver_Twist
Bet,DC,6,28,Oliver_Twist
Bet,DN,1,28,Oliver_Twist
Blathers,N,0,28,Oliver_Twist
Blathers,C,0,28,Oliver_Twist
Blathers,I,0,28,Oliver_Twist
Blathers,A,0,28,Oliver_Twist
Blathers,DC,0,28,Oliver_Twist
Blathers,DN,0,28,Oliver_Twist
Brittles,N,0,28,Oliver_Twist
Brittles,C,0,28,Oliver_Twist
Brittles,I,0,28,Oliver_Twist
Brittles,A,0,28,Oliver_Twist
Brittles,DC,0,28,Oliver_Twist
Brittles,DN,0,28,Oliver_Twist
Charlotte,N,0,28,Oliver_Twist
Charlotte,C,0,28,Oliver_Twist
Charlotte,I,0,28,Oliver_Twist
Charlotte,A,0,28,Oliver_Twist
Charlotte,DC,0,28,Oliver_Twist
Charlotte,DN,0,28,Oliver_Twist
Chickweed,N,0,28,Oliver_Twist
Chickweed,C,0,28,Oliver_Twist
Chickweed,I,0,28,Oliver_Twist
Chickweed,A,0,28,Oliver_Twist
Chickweed,DC,0,28,Oliver_Twist
Chickweed,DN,0,28,Oliver_Twist
Cod,N,0,28,Oliver_Twist
Cod,C,0,28,Oliver_Twist
Cod,I,0,28,Oliver_Twist
Cod,A,0,28,Oliver_Twist
Cod,DC,0,28,Oliver_Twist
Cod,DN,0,28,Oliver_Twist
Dick,N,0,28,Oliver_Twist
Dick,C,0,28,Oliver_Twist
Dick,I,0,28,Oliver_Twist
Dick,A,0,28,Oliver_Twist
Dick,DC,0,28,Oliver_Twist
Dick,DN,0,28,Oliver_Twist
Duff,N,0,28,Oliver_Twist
Duff,C,0,28,Oliver_Twist
Duff,I,0,28,Oliver_Twist
Duff,A,0,28,Oliver_Twist
Duff,DC,0,28,Oliver_Twist
Duff,DN,0,28,Oliver_Twist
Fagin,N,16,28,Oliver_Twist
Fagin,C,0,28,Oliver_Twist
Fagin,I,4,28,Oliver_Twist
Fagin,A,6,28,Oliver_Twist
Fagin,DC,13,28,Oliver_Twist
Fagin,DN,1,28,Oliver_Twist
Faguey,N,4,28,Oliver_Twist
Faguey,C,0,28,Oliver_Twist
Faguey,I,1,28,Oliver_Twist
Faguey,A,0,28,Oliver_Twist
Faguey,DC,1,28,Oliver_Twist
Faguey,DN,0,28,Oliver_Twist
God,N,0,28,Oliver_Twist
God,C,0,28,Oliver_Twist
God,I,0,28,Oliver_Twist
God,A,0,28,Oliver_Twist
God,DC,0,28,Oliver_Twist
God,DN,0,28,Oliver_Twist
Harry,N,0,28,Oliver_Twist
Harry,C,0,28,Oliver_Twist
Harry,I,0,28,Oliver_Twist
Harry,A,0,28,Oliver_Twist
Harry,DC,0,28,Oliver_Twist
Harry,DN,0,28,Oliver_Twist
Heaven,N,0,28,Oliver_Twist
Heaven,C,0,28,Oliver_Twist
Heaven,I,0,28,Oliver_Twist
Heaven,A,0,28,Oliver_Twist
Heaven,DC,0,28,Oliver_Twist
Heaven,DN,0,28,Oliver_Twist
Jack Dawkins,N,1,28,Oliver_Twist
Jack Dawkins,C,0,28,Oliver_Twist
Jack Dawkins,I,0,28,Oliver_Twist
Jack Dawkins,A,0,28,Oliver_Twist
Jack Dawkins,DC,1,28,Oliver_Twist
Jack Dawkins,DN,0,28,Oliver_Twist
Kags,N,0,28,Oliver_Twist
Kags,C,0,28,Oliver_Twist
Kags,I,0,28,Oliver_Twist
Kags,A,0,28,Oliver_Twist
Kags,DC,0,28,Oliver_Twist
Kags,DN,0,28,Oliver_Twist
Little Oliver,N,0,28,Oliver_Twist
Little Oliver,C,0,28,Oliver_Twist
Little Oliver,I,0,28,Oliver_Twist
Little Oliver,A,0,28,Oliver_Twist
Little Oliver,DC,0,28,Oliver_Twist
Little Oliver,DN,0,28,Oliver_Twist
Lor,N,0,28,Oliver_Twist
Lor,C,0,28,Oliver_Twist
Lor,I,0,28,Oliver_Twist
Lor,A,0,28,Oliver_Twist
Lor,DC,0,28,Oliver_Twist
Lor,DN,0,28,Oliver_Twist
Master Bates,N,20,28,Oliver_Twist
Master Bates,C,7,28,Oliver_Twist
Master Bates,I,3,28,Oliver_Twist
Master Bates,A,11,28,Oliver_Twist
Master Bates,DC,3,28,Oliver_Twist
Master Bates,DN,4,28,Oliver_Twist
Messrs. Blathers,N,0,28,Oliver_Twist
Messrs. Blathers,C,0,28,Oliver_Twist
Messrs. Blathers,I,0,28,Oliver_Twist
Messrs. Blathers,A,0,28,Oliver_Twist
Messrs. Blathers,DC,0,28,Oliver_Twist
Messrs. Blathers,DN,0,28,Oliver_Twist
Miss Maylie,N,0,28,Oliver_Twist
Miss Maylie,C,0,28,Oliver_Twist
Miss Maylie,I,0,28,Oliver_Twist
Miss Maylie,A,0,28,Oliver_Twist
Miss Maylie,DC,0,28,Oliver_Twist
Miss Maylie,DN,0,28,Oliver_Twist
Monks,N,0,28,Oliver_Twist
Monks,C,0,28,Oliver_Twist
Monks,I,0,28,Oliver_Twist
Monks,A,0,28,Oliver_Twist
Monks,DC,0,28,Oliver_Twist
Monks,DN,0,28,Oliver_Twist
Mr. Bolter,N,0,28,Oliver_Twist
Mr. Bolter,C,0,28,Oliver_Twist
Mr. Bolter,I,0,28,Oliver_Twist
Mr. Bolter,A,0,28,Oliver_Twist
Mr. Bolter,DC,0,28,Oliver_Twist
Mr. Bolter,DN,0,28,Oliver_Twist
Mr. Browlow,N,0,28,Oliver_Twist
Mr. Browlow,C,0,28,Oliver_Twist
Mr. Browlow,I,0,28,Oliver_Twist
Mr. Browlow,A,0,28,Oliver_Twist
Mr. Browlow,DC,0,28,Oliver_Twist
Mr. Browlow,DN,0,28,Oliver_Twist
Mr. Brownlow,N,0,28,Oliver_Twist
Mr. Brownlow,C,0,28,Oliver_Twist
Mr. Brownlow,I,0,28,Oliver_Twist
Mr. Brownlow,A,0,28,Oliver_Twist
Mr. Brownlow,DC,0,28,Oliver_Twist
Mr. Brownlow,DN,0,28,Oliver_Twist
Mr. Bumble,N,0,28,Oliver_Twist
Mr. Bumble,C,0,28,Oliver_Twist
Mr. Bumble,I,0,28,Oliver_Twist
Mr. Bumble,A,0,28,Oliver_Twist
Mr. Bumble,DC,0,28,Oliver_Twist
Mr. Bumble,DN,0,28,Oliver_Twist
Mr. Chitling,N,13,28,Oliver_Twist
Mr. Chitling,C,10,28,Oliver_Twist
Mr. Chitling,I,5,28,Oliver_Twist
Mr. Chitling,A,8,28,Oliver_Twist
Mr. Chitling,DC,2,28,Oliver_Twist
Mr. Chitling,DN,3,28,Oliver_Twist
Mr. Dawkins,N,2,28,Oliver_Twist
Mr. Dawkins,C,0,28,Oliver_Twist
Mr. Dawkins,I,0,28,Oliver_Twist
Mr. Dawkins,A,1,28,Oliver_Twist
Mr. Dawkins,DC,0,28,Oliver_Twist
Mr. Dawkins,DN,0,28,Oliver_Twist
Mr. Fang,N,0,28,Oliver_Twist
Mr. Fang,C,0,28,Oliver_Twist
Mr. Fang,I,0,28,Oliver_Twist
Mr. Fang,A,0,28,Oliver_Twist
Mr. Fang,DC,0,28,Oliver_Twist
Mr. Fang,DN,0,28,Oliver_Twist
Mr. Gamfield,N,0,28,Oliver_Twist
Mr. Gamfield,C,0,28,Oliver_Twist
Mr. Gamfield,I,0,28,Oliver_Twist
Mr. Gamfield,A,0,28,Oliver_Twist
Mr. Gamfield,DC,0,28,Oliver_Twist
Mr. Gamfield,DN,0,28,Oliver_Twist
Mr. Giles,N,0,28,Oliver_Twist
Mr. Giles,C,0,28,Oliver_Twist
Mr. Giles,I,0,28,Oliver_Twist
Mr. Giles,A,0,28,Oliver_Twist
Mr. Giles,DC,0,28,Oliver_Twist
Mr. Giles,DN,0,28,Oliver_Twist
Mr. Grimwig,N,0,28,Oliver_Twist
Mr. Grimwig,C,0,28,Oliver_Twist
Mr. Grimwig,I,0,28,Oliver_Twist
Mr. Grimwig,A,0,28,Oliver_Twist
Mr. Grimwig,DC,0,28,Oliver_Twist
Mr. Grimwig,DN,0,28,Oliver_Twist
Mr. Limbkins,N,0,28,Oliver_Twist
Mr. Limbkins,C,0,28,Oliver_Twist
Mr. Limbkins,I,0,28,Oliver_Twist
Mr. Limbkins,A,0,28,Oliver_Twist
Mr. Limbkins,DC,0,28,Oliver_Twist
Mr. Limbkins,DN,0,28,Oliver_Twist
Mr. Lively,N,0,28,Oliver_Twist
Mr. Lively,C,0,28,Oliver_Twist
Mr. Lively,I,0,28,Oliver_Twist
Mr. Lively,A,0,28,Oliver_Twist
Mr. Lively,DC,0,28,Oliver_Twist
Mr. Lively,DN,0,28,Oliver_Twist
Mr. Losberne,N,0,28,Oliver_Twist
Mr. Losberne,C,0,28,Oliver_Twist
Mr. Losberne,I,0,28,Oliver_Twist
Mr. Losberne,A,0,28,Oliver_Twist
Mr. Losberne,DC,0,28,Oliver_Twist
Mr. Losberne,DN,0,28,Oliver_Twist
Mr. Maylie,N,0,28,Oliver_Twist
Mr. Maylie,C,0,28,Oliver_Twist
Mr. Maylie,I,0,28,Oliver_Twist
Mr. Maylie,A,0,28,Oliver_Twist
Mr. Maylie,DC,0,28,Oliver_Twist
Mr. Maylie,DN,0,28,Oliver_Twist
Mr. Sikes,N,0,28,Oliver_Twist
Mr. Sikes,C,0,28,Oliver_Twist
Mr. Sikes,I,0,28,Oliver_Twist
Mr. Sikes,A,0,28,Oliver_Twist
Mr. Sikes,DC,0,28,Oliver_Twist
Mr. Sikes,DN,0,28,Oliver_Twist
Mr. Sowerberry,N,0,28,Oliver_Twist
Mr. Sowerberry,C,0,28,Oliver_Twist
Mr. Sowerberry,I,0,28,Oliver_Twist
Mr. Sowerberry,A,0,28,Oliver_Twist
Mr. Sowerberry,DC,0,28,Oliver_Twist
Mr. Sowerberry,DN,0,28,Oliver_Twist
Mrs. Bedwin,N,0,28,Oliver_Twist
Mrs. Bedwin,C,0,28,Oliver_Twist
Mrs. Bedwin,I,0,28,Oliver_Twist
Mrs. Bedwin,A,0,28,Oliver_Twist
Mrs. Bedwin,DC,0,28,Oliver_Twist
Mrs. Bedwin,DN,0,28,Oliver_Twist
Mrs. Bolter,N,0,28,Oliver_Twist
Mrs. Bolter,C,0,28,Oliver_Twist
Mrs. Bolter,I,0,28,Oliver_Twist
Mrs. Bolter,A,0,28,Oliver_Twist
Mrs. Bolter,DC,0,28,Oliver_Twist
Mrs. Bolter,DN,0,28,Oliver_Twist
Mrs. Corney,N,0,28,Oliver_Twist
Mrs. Corney,C,0,28,Oliver_Twist
Mrs. Corney,I,0,28,Oliver_Twist
Mrs. Corney,A,0,28,Oliver_Twist
Mrs. Corney,DC,0,28,Oliver_Twist
Mrs. Corney,DN,0,28,Oliver_Twist
Mrs. Mann,N,0,28,Oliver_Twist
Mrs. Mann,C,0,28,Oliver_Twist
Mrs. Mann,I,0,28,Oliver_Twist
Mrs. Mann,A,0,28,Oliver_Twist
Mrs. Mann,DC,0,28,Oliver_Twist
Mrs. Mann,DN,0,28,Oliver_Twist
Mrs. Maylie,N,0,28,Oliver_Twist
Mrs. Maylie,C,0,28,Oliver_Twist
Mrs. Maylie,I,0,28,Oliver_Twist
Mrs. Maylie,A,0,28,Oliver_Twist
Mrs. Maylie,DC,0,28,Oliver_Twist
Mrs. Maylie,DN,0,28,Oliver_Twist
Mrs. Sowerberry,N,0,28,Oliver_Twist
Mrs. Sowerberry,C,0,28,Oliver_Twist
Mrs. Sowerberry,I,0,28,Oliver_Twist
Mrs. Sowerberry,A,0,28,Oliver_Twist
Mrs. Sowerberry,DC,0,28,Oliver_Twist
Mrs. Sowerberry,DN,0,28,Oliver_Twist
Nancy,N,0,28,Oliver_Twist
Nancy,C,0,28,Oliver_Twist
Nancy,I,0,28,Oliver_Twist
Nancy,A,0,28,Oliver_Twist
Nancy,DC,0,28,Oliver_Twist
Nancy,DN,0,28,Oliver_Twist
Noah,N,0,28,Oliver_Twist
Noah,C,0,28,Oliver_Twist
Noah,I,0,28,Oliver_Twist
Noah,A,0,28,Oliver_Twist
Noah,DC,0,28,Oliver_Twist
Noah,DN,0,28,Oliver_Twist
Oliver,N,1,28,Oliver_Twist
Oliver,C,0,28,Oliver_Twist
Oliver,I,0,28,Oliver_Twist
Oliver,A,1,28,Oliver_Twist
Oliver,DC,0,28,Oliver_Twist
Oliver,DN,0,28,Oliver_Twist
Rose,N,0,28,Oliver_Twist
Rose,C,0,28,Oliver_Twist
Rose,I,0,28,Oliver_Twist
Rose,A,0,28,Oliver_Twist
Rose,DC,0,28,Oliver_Twist
Rose,DN,0,28,Oliver_Twist
Sikes,N,3,28,Oliver_Twist
Sikes,C,0,28,Oliver_Twist
Sikes,I,0,28,Oliver_Twist
Sikes,A,2,28,Oliver_Twist
Sikes,DC,0,28,Oliver_Twist
Sikes,DN,0,28,Oliver_Twist
Spyers,N,0,28,Oliver_Twist
Spyers,C,0,28,Oliver_Twist
Spyers,I,0,28,Oliver_Twist
Spyers,A,0,28,Oliver_Twist
Spyers,DC,0,28,Oliver_Twist
Spyers,DN,0,28,Oliver_Twist
The Jew,N,0,28,Oliver_Twist
The Jew,C,0,28,Oliver_Twist
The Jew,I,0,28,Oliver_Twist
The Jew,A,0,28,Oliver_Twist
The Jew,DC,0,28,Oliver_Twist
The Jew,DN,0,28,Oliver_Twist
Toby,N,8,28,Oliver_Twist
Toby,C,3,28,Oliver_Twist
Toby,I,0,28,Oliver_Twist
Toby,A,7,28,Oliver_Twist
Toby,DC,0,28,Oliver_Twist
Toby,DN,1,28,Oliver_Twist
Tom,N,12,28,Oliver_Twist
Tom,C,7,28,Oliver_Twist
Tom,I,3,28,Oliver_Twist
Tom,A,8,28,Oliver_Twist
Tom,DC,3,28,Oliver_Twist
Tom,DN,0,28,Oliver_Twist
Work’us,N,0,28,Oliver_Twist
Work’us,C,0,28,Oliver_Twist
Work’us,I,0,28,Oliver_Twist
Work’us,A,0,28,Oliver_Twist
Work’us,DC,0,28,Oliver_Twist
Work’us,DN,0,28,Oliver_Twist
old Sally,N,0,28,Oliver_Twist
old Sally,C,0,28,Oliver_Twist
old Sally,I,0,28,Oliver_Twist
old Sally,A,0,28,Oliver_Twist
old Sally,DC,0,28,Oliver_Twist
old Sally,DN,0,28,Oliver_Twist
the Clerkinwell Sessions,N,0,28,Oliver_Twist
the Clerkinwell Sessions,C,0,28,Oliver_Twist
the Clerkinwell Sessions,I,0,28,Oliver_Twist
the Clerkinwell Sessions,A,0,28,Oliver_Twist
the Clerkinwell Sessions,DC,0,28,Oliver_Twist
the Clerkinwell Sessions,DN,0,28,Oliver_Twist
the Cripples,N,0,28,Oliver_Twist
the Cripples,C,0,28,Oliver_Twist
the Cripples,I,0,28,Oliver_Twist
the Cripples,A,0,28,Oliver_Twist
the Cripples,DC,0,28,Oliver_Twist
the Cripples,DN,0,28,Oliver_Twist
the Dodger,N,3,28,Oliver_Twist
the Dodger,C,0,28,Oliver_Twist
the Dodger,I,0,28,Oliver_Twist
the Dodger,A,1,28,Oliver_Twist
the Dodger,DC,1,28,Oliver_Twist
the Dodger,DN,0,28,Oliver_Twist
Agnes,N,0,29,Oliver_Twist
Agnes,C,0,29,Oliver_Twist
Agnes,I,0,29,Oliver_Twist
Agnes,A,0,29,Oliver_Twist
Agnes,DC,0,29,Oliver_Twist
Agnes,DN,0,29,Oliver_Twist
Barney,N,3,29,Oliver_Twist
Barney,C,0,29,Oliver_Twist
Barney,I,0,29,Oliver_Twist
Barney,A,6,29,Oliver_Twist
Barney,DC,1,29,Oliver_Twist
Barney,DN,4,29,Oliver_Twist
Bet,N,0,29,Oliver_Twist
Bet,C,0,29,Oliver_Twist
Bet,I,0,29,Oliver_Twist
Bet,A,0,29,Oliver_Twist
Bet,DC,0,29,Oliver_Twist
Bet,DN,0,29,Oliver_Twist
Blathers,N,0,29,Oliver_Twist
Blathers,C,0,29,Oliver_Twist
Blathers,I,0,29,Oliver_Twist
Blathers,A,0,29,Oliver_Twist
Blathers,DC,0,29,Oliver_Twist
Blathers,DN,0,29,Oliver_Twist
Brittles,N,0,29,Oliver_Twist
Brittles,C,0,29,Oliver_Twist
Brittles,I,0,29,Oliver_Twist
Brittles,A,0,29,Oliver_Twist
Brittles,DC,0,29,Oliver_Twist
Brittles,DN,0,29,Oliver_Twist
Charlotte,N,0,29,Oliver_Twist
Charlotte,C,0,29,Oliver_Twist
Charlotte,I,0,29,Oliver_Twist
Charlotte,A,0,29,Oliver_Twist
Charlotte,DC,0,29,Oliver_Twist
Charlotte,DN,0,29,Oliver_Twist
Chickweed,N,0,29,Oliver_Twist
Chickweed,C,0,29,Oliver_Twist
Chickweed,I,0,29,Oliver_Twist
Chickweed,A,0,29,Oliver_Twist
Chickweed,DC,0,29,Oliver_Twist
Chickweed,DN,0,29,Oliver_Twist
Cod,N,0,29,Oliver_Twist
Cod,C,0,29,Oliver_Twist
Cod,I,0,29,Oliver_Twist
Cod,A,0,29,Oliver_Twist
Cod,DC,0,29,Oliver_Twist
Cod,DN,0,29,Oliver_Twist
Dick,N,0,29,Oliver_Twist
Dick,C,0,29,Oliver_Twist
Dick,I,0,29,Oliver_Twist
Dick,A,0,29,Oliver_Twist
Dick,DC,0,29,Oliver_Twist
Dick,DN,0,29,Oliver_Twist
Duff,N,0,29,Oliver_Twist
Duff,C,0,29,Oliver_Twist
Duff,I,0,29,Oliver_Twist
Duff,A,0,29,Oliver_Twist
Duff,DC,0,29,Oliver_Twist
Duff,DN,0,29,Oliver_Twist
Fagin,N,21,29,Oliver_Twist
Fagin,C,6,29,Oliver_Twist
Fagin,I,1,29,Oliver_Twist
Fagin,A,21,29,Oliver_Twist
Fagin,DC,0,29,Oliver_Twist
Fagin,DN,2,29,Oliver_Twist
Faguey,N,0,29,Oliver_Twist
Faguey,C,0,29,Oliver_Twist
Faguey,I,0,29,Oliver_Twist
Faguey,A,0,29,Oliver_Twist
Faguey,DC,0,29,Oliver_Twist
Faguey,DN,0,29,Oliver_Twist
God,N,0,29,Oliver_Twist
God,C,0,29,Oliver_Twist
God,I,0,29,Oliver_Twist
God,A,0,29,Oliver_Twist
God,DC,0,29,Oliver_Twist
God,DN,0,29,Oliver_Twist
Harry,N,0,29,Oliver_Twist
Harry,C,0,29,Oliver_Twist
Harry,I,0,29,Oliver_Twist
Harry,A,0,29,Oliver_Twist
Harry,DC,0,29,Oliver_Twist
Harry,DN,0,29,Oliver_Twist
Heaven,N,0,29,Oliver_Twist
Heaven,C,0,29,Oliver_Twist
Heaven,I,0,29,Oliver_Twist
Heaven,A,0,29,Oliver_Twist
Heaven,DC,0,29,Oliver_Twist
Heaven,DN,0,29,Oliver_Twist
Jack Dawkins,N,0,29,Oliver_Twist
Jack Dawkins,C,0,29,Oliver_Twist
Jack Dawkins,I,0,29,Oliver_Twist
Jack Dawkins,A,0,29,Oliver_Twist
Jack Dawkins,DC,0,29,Oliver_Twist
Jack Dawkins,DN,0,29,Oliver_Twist
Kags,N,0,29,Oliver_Twist
Kags,C,0,29,Oliver_Twist
Kags,I,0,29,Oliver_Twist
Kags,A,0,29,Oliver_Twist
Kags,DC,0,29,Oliver_Twist
Kags,DN,0,29,Oliver_Twist
Little Oliver,N,0,29,Oliver_Twist
Little Oliver,C,0,29,Oliver_Twist
Little Oliver,I,0,29,Oliver_Twist
Little Oliver,A,0,29,Oliver_Twist
Little Oliver,DC,0,29,Oliver_Twist
Little Oliver,DN,0,29,Oliver_Twist
Lor,N,0,29,Oliver_Twist
Lor,C,0,29,Oliver_Twist
Lor,I,0,29,Oliver_Twist
Lor,A,0,29,Oliver_Twist
Lor,DC,0,29,Oliver_Twist
Lor,DN,0,29,Oliver_Twist
Master Bates,N,1,29,Oliver_Twist
Master Bates,C,0,29,Oliver_Twist
Master Bates,I,0,29,Oliver_Twist
Master Bates,A,0,29,Oliver_Twist
Master Bates,DC,0,29,Oliver_Twist
Master Bates,DN,0,29,Oliver_Twist
Messrs. Blathers,N,0,29,Oliver_Twist
Messrs. Blathers,C,0,29,Oliver_Twist
Messrs. Blathers,I,0,29,Oliver_Twist
Messrs. Blathers,A,0,29,Oliver_Twist
Messrs. Blathers,DC,0,29,Oliver_Twist
Messrs. Blathers,DN,0,29,Oliver_Twist
Miss Maylie,N,0,29,Oliver_Twist
Miss Maylie,C,0,29,Oliver_Twist
Miss Maylie,I,0,29,Oliver_Twist
Miss Maylie,A,0,29,Oliver_Twist
Miss Maylie,DC,0,29,Oliver_Twist
Miss Maylie,DN,0,29,Oliver_Twist
Monks,N,11,29,Oliver_Twist
Monks,C,9,29,Oliver_Twist
Monks,I,5,29,Oliver_Twist
Monks,A,2,29,Oliver_Twist
Monks,DC,0,29,Oliver_Twist
Monks,DN,1,29,Oliver_Twist
Mr. Bolter,N,0,29,Oliver_Twist
Mr. Bolter,C,0,29,Oliver_Twist
Mr. Bolter,I,0,29,Oliver_Twist
Mr. Bolter,A,0,29,Oliver_Twist
Mr. Bolter,DC,0,29,Oliver_Twist
Mr. Bolter,DN,0,29,Oliver_Twist
Mr. Browlow,N,0,29,Oliver_Twist
Mr. Browlow,C,0,29,Oliver_Twist
Mr. Browlow,I,0,29,Oliver_Twist
Mr. Browlow,A,0,29,Oliver_Twist
Mr. Browlow,DC,0,29,Oliver_Twist
Mr. Browlow,DN,0,29,Oliver_Twist
Mr. Brownlow,N,0,29,Oliver_Twist
Mr. Brownlow,C,0,29,Oliver_Twist
Mr. Brownlow,I,0,29,Oliver_Twist
Mr. Brownlow,A,0,29,Oliver_Twist
Mr. Brownlow,DC,0,29,Oliver_Twist
Mr. Brownlow,DN,0,29,Oliver_Twist
Mr. Bumble,N,0,29,Oliver_Twist
Mr. Bumble,C,0,29,Oliver_Twist
Mr. Bumble,I,0,29,Oliver_Twist
Mr. Bumble,A,0,29,Oliver_Twist
Mr. Bumble,DC,0,29,Oliver_Twist
Mr. Bumble,DN,0,29,Oliver_Twist
Mr. Chitling,N,0,29,Oliver_Twist
Mr. Chitling,C,0,29,Oliver_Twist
Mr. Chitling,I,0,29,Oliver_Twist
Mr. Chitling,A,0,29,Oliver_Twist
Mr. Chitling,DC,0,29,Oliver_Twist
Mr. Chitling,DN,0,29,Oliver_Twist
Mr. Dawkins,N,0,29,Oliver_Twist
Mr. Dawkins,C,0,29,Oliver_Twist
Mr. Dawkins,I,0,29,Oliver_Twist
Mr. Dawkins,A,0,29,Oliver_Twist
Mr. Dawkins,DC,0,29,Oliver_Twist
Mr. Dawkins,DN,0,29,Oliver_Twist
Mr. Fang,N,0,29,Oliver_Twist
Mr. Fang,C,0,29,Oliver_Twist
Mr. Fang,I,0,29,Oliver_Twist
Mr. Fang,A,0,29,Oliver_Twist
Mr. Fang,DC,0,29,Oliver_Twist
Mr. Fang,DN,0,29,Oliver_Twist
Mr. Gamfield,N,0,29,Oliver_Twist
Mr. Gamfield,C,0,29,Oliver_Twist
Mr. Gamfield,I,0,29,Oliver_Twist
Mr. Gamfield,A,0,29,Oliver_Twist
Mr. Gamfield,DC,0,29,Oliver_Twist
Mr. Gamfield,DN,0,29,Oliver_Twist
Mr. Giles,N,0,29,Oliver_Twist
Mr. Giles,C,0,29,Oliver_Twist
Mr. Giles,I,0,29,Oliver_Twist
Mr. Giles,A,0,29,Oliver_Twist
Mr. Giles,DC,0,29,Oliver_Twist
Mr. Giles,DN,0,29,Oliver_Twist
Mr. Grimwig,N,0,29,Oliver_Twist
Mr. Grimwig,C,0,29,Oliver_Twist
Mr. Grimwig,I,0,29,Oliver_Twist
Mr. Grimwig,A,0,29,Oliver_Twist
Mr. Grimwig,DC,0,29,Oliver_Twist
Mr. Grimwig,DN,0,29,Oliver_Twist
Mr. Limbkins,N,0,29,Oliver_Twist
Mr. Limbkins,C,0,29,Oliver_Twist
Mr. Limbkins,I,0,29,Oliver_Twist
Mr. Limbkins,A,0,29,Oliver_Twist
Mr. Limbkins,DC,0,29,Oliver_Twist
Mr. Limbkins,DN,0,29,Oliver_Twist
Mr. Lively,N,3,29,Oliver_Twist
Mr. Lively,C,0,29,Oliver_Twist
Mr. Lively,I,0,29,Oliver_Twist
Mr. Lively,A,2,29,Oliver_Twist
Mr. Lively,DC,1,29,Oliver_Twist
Mr. Lively,DN,0,29,Oliver_Twist
Mr. Losberne,N,0,29,Oliver_Twist
Mr. Losberne,C,0,29,Oliver_Twist
Mr. Losberne,I,0,29,Oliver_Twist
Mr. Losberne,A,0,29,Oliver_Twist
Mr. Losberne,DC,0,29,Oliver_Twist
Mr. Losberne,DN,0,29,Oliver_Twist
Mr. Maylie,N,0,29,Oliver_Twist
Mr. Maylie,C,0,29,Oliver_Twist
Mr. Maylie,I,0,29,Oliver_Twist
Mr. Maylie,A,0,29,Oliver_Twist
Mr. Maylie,DC,0,29,Oliver_Twist
Mr. Maylie,DN,0,29,Oliver_Twist
Mr. Sikes,N,0,29,Oliver_Twist
Mr. Sikes,C,0,29,Oliver_Twist
Mr. Sikes,I,0,29,Oliver_Twist
Mr. Sikes,A,0,29,Oliver_Twist
Mr. Sikes,DC,0,29,Oliver_Twist
Mr. Sikes,DN,0,29,Oliver_Twist
Mr. Sowerberry,N,0,29,Oliver_Twist
Mr. Sowerberry,C,0,29,Oliver_Twist
Mr. Sowerberry,I,0,29,Oliver_Twist
Mr. Sowerberry,A,0,29,Oliver_Twist
Mr. Sowerberry,DC,0,29,Oliver_Twist
Mr. Sowerberry,DN,0,29,Oliver_Twist
Mrs. Bedwin,N,0,29,Oliver_Twist
Mrs. Bedwin,C,0,29,Oliver_Twist
Mrs. Bedwin,I,0,29,Oliver_Twist
Mrs. Bedwin,A,0,29,Oliver_Twist
Mrs. Bedwin,DC,0,29,Oliver_Twist
Mrs. Bedwin,DN,0,29,Oliver_Twist
Mrs. Bolter,N,0,29,Oliver_Twist
Mrs. Bolter,C,0,29,Oliver_Twist
Mrs. Bolter,I,0,29,Oliver_Twist
Mrs. Bolter,A,0,29,Oliver_Twist
Mrs. Bolter,DC,0,29,Oliver_Twist
Mrs. Bolter,DN,0,29,Oliver_Twist
Mrs. Corney,N,0,29,Oliver_Twist
Mrs. Corney,C,0,29,Oliver_Twist
Mrs. Corney,I,0,29,Oliver_Twist
Mrs. Corney,A,0,29,Oliver_Twist
Mrs. Corney,DC,0,29,Oliver_Twist
Mrs. Corney,DN,0,29,Oliver_Twist
Mrs. Mann,N,0,29,Oliver_Twist
Mrs. Mann,C,0,29,Oliver_Twist
Mrs. Mann,I,0,29,Oliver_Twist
Mrs. Mann,A,0,29,Oliver_Twist
Mrs. Mann,DC,0,29,Oliver_Twist
Mrs. Mann,DN,0,29,Oliver_Twist
Mrs. Maylie,N,0,29,Oliver_Twist
Mrs. Maylie,C,0,29,Oliver_Twist
Mrs. Maylie,I,0,29,Oliver_Twist
Mrs. Maylie,A,0,29,Oliver_Twist
Mrs. Maylie,DC,0,29,Oliver_Twist
Mrs. Maylie,DN,0,29,Oliver_Twist
Mrs. Sowerberry,N,0,29,Oliver_Twist
Mrs. Sowerberry,C,0,29,Oliver_Twist
Mrs. Sowerberry,I,0,29,Oliver_Twist
Mrs. Sowerberry,A,0,29,Oliver_Twist
Mrs. Sowerberry,DC,0,29,Oliver_Twist
Mrs. Sowerberry,DN,0,29,Oliver_Twist
Nancy,N,5,29,Oliver_Twist
Nancy,C,4,29,Oliver_Twist
Nancy,I,1,29,Oliver_Twist
Nancy,A,1,29,Oliver_Twist
Nancy,DC,0,29,Oliver_Twist
Nancy,DN,1,29,Oliver_Twist
Noah,N,0,29,Oliver_Twist
Noah,C,0,29,Oliver_Twist
Noah,I,0,29,Oliver_Twist
Noah,A,0,29,Oliver_Twist
Noah,DC,0,29,Oliver_Twist
Noah,DN,0,29,Oliver_Twist
Oliver,N,0,29,Oliver_Twist
Oliver,C,0,29,Oliver_Twist
Oliver,I,0,29,Oliver_Twist
Oliver,A,0,29,Oliver_Twist
Oliver,DC,0,29,Oliver_Twist
Oliver,DN,0,29,Oliver_Twist
Rose,N,0,29,Oliver_Twist
Rose,C,0,29,Oliver_Twist
Rose,I,0,29,Oliver_Twist
Rose,A,0,29,Oliver_Twist
Rose,DC,0,29,Oliver_Twist
Rose,DN,0,29,Oliver_Twist
Sikes,N,12,29,Oliver_Twist
Sikes,C,0,29,Oliver_Twist
Sikes,I,1,29,Oliver_Twist
Sikes,A,11,29,Oliver_Twist
Sikes,DC,2,29,Oliver_Twist
Sikes,DN,2,29,Oliver_Twist
Spyers,N,0,29,Oliver_Twist
Spyers,C,0,29,Oliver_Twist
Spyers,I,0,29,Oliver_Twist
Spyers,A,0,29,Oliver_Twist
Spyers,DC,0,29,Oliver_Twist
Spyers,DN,0,29,Oliver_Twist
The Jew,N,0,29,Oliver_Twist
The Jew,C,0,29,Oliver_Twist
The Jew,I,0,29,Oliver_Twist
The Jew,A,0,29,Oliver_Twist
The Jew,DC,0,29,Oliver_Twist
The Jew,DN,0,29,Oliver_Twist
Toby,N,6,29,Oliver_Twist
Toby,C,0,29,Oliver_Twist
Toby,I,0,29,Oliver_Twist
Toby,A,1,29,Oliver_Twist
Toby,DC,1,29,Oliver_Twist
Toby,DN,1,29,Oliver_Twist
Tom,N,0,29,Oliver_Twist
Tom,C,0,29,Oliver_Twist
Tom,I,0,29,Oliver_Twist
Tom,A,0,29,Oliver_Twist
Tom,DC,0,29,Oliver_Twist
Tom,DN,0,29,Oliver_Twist
Work’us,N,0,29,Oliver_Twist
Work’us,C,0,29,Oliver_Twist
Work’us,I,0,29,Oliver_Twist
Work’us,A,0,29,Oliver_Twist
Work’us,DC,0,29,Oliver_Twist
Work’us,DN,0,29,Oliver_Twist
old Sally,N,0,29,Oliver_Twist
old Sally,C,0,29,Oliver_Twist
old Sally,I,0,29,Oliver_Twist
old Sally,A,0,29,Oliver_Twist
old Sally,DC,0,29,Oliver_Twist
old Sally,DN,0,29,Oliver_Twist
the Clerkinwell Sessions,N,0,29,Oliver_Twist
the Clerkinwell Sessions,C,0,29,Oliver_Twist
the Clerkinwell Sessions,I,0,29,Oliver_Twist
the Clerkinwell Sessions,A,0,29,Oliver_Twist
the Clerkinwell Sessions,DC,0,29,Oliver_Twist
the Clerkinwell Sessions,DN,0,29,Oliver_Twist
the Cripples,N,3,29,Oliver_Twist
the Cripples,C,0,29,Oliver_Twist
the Cripples,I,0,29,Oliver_Twist
the Cripples,A,0,29,Oliver_Twist
the Cripples,DC,0,29,Oliver_Twist
the Cripples,DN,0,29,Oliver_Twist
the Dodger,N,0,29,Oliver_Twist
the Dodger,C,0,29,Oliver_Twist
the Dodger,I,0,29,Oliver_Twist
the Dodger,A,0,29,Oliver_Twist
the Dodger,DC,0,29,Oliver_Twist
the Dodger,DN,0,29,Oliver_Twist
Agnes,N,0,30,Oliver_Twist
Agnes,C,0,30,Oliver_Twist
Agnes,I,0,30,Oliver_Twist
Agnes,A,0,30,Oliver_Twist
Agnes,DC,0,30,Oliver_Twist
Agnes,DN,0,30,Oliver_Twist
Barney,N,0,30,Oliver_Twist
Barney,C,0,30,Oliver_Twist
Barney,I,0,30,Oliver_Twist
Barney,A,0,30,Oliver_Twist
Barney,DC,0,30,Oliver_Twist
Barney,DN,0,30,Oliver_Twist
Bet,N,0,30,Oliver_Twist
Bet,C,0,30,Oliver_Twist
Bet,I,0,30,Oliver_Twist
Bet,A,0,30,Oliver_Twist
Bet,DC,0,30,Oliver_Twist
Bet,DN,0,30,Oliver_Twist
Blathers,N,0,30,Oliver_Twist
Blathers,C,0,30,Oliver_Twist
Blathers,I,0,30,Oliver_Twist
Blathers,A,0,30,Oliver_Twist
Blathers,DC,0,30,Oliver_Twist
Blathers,DN,0,30,Oliver_Twist
Brittles,N,0,30,Oliver_Twist
Brittles,C,0,30,Oliver_Twist
Brittles,I,0,30,Oliver_Twist
Brittles,A,0,30,Oliver_Twist
Brittles,DC,0,30,Oliver_Twist
Brittles,DN,0,30,Oliver_Twist
Charlotte,N,0,30,Oliver_Twist
Charlotte,C,0,30,Oliver_Twist
Charlotte,I,0,30,Oliver_Twist
Charlotte,A,0,30,Oliver_Twist
Charlotte,DC,0,30,Oliver_Twist
Charlotte,DN,0,30,Oliver_Twist
Chickweed,N,0,30,Oliver_Twist
Chickweed,C,0,30,Oliver_Twist
Chickweed,I,0,30,Oliver_Twist
Chickweed,A,0,30,Oliver_Twist
Chickweed,DC,0,30,Oliver_Twist
Chickweed,DN,0,30,Oliver_Twist
Cod,N,0,30,Oliver_Twist
Cod,C,0,30,Oliver_Twist
Cod,I,0,30,Oliver_Twist
Cod,A,0,30,Oliver_Twist
Cod,DC,0,30,Oliver_Twist
Cod,DN,0,30,Oliver_Twist
Dick,N,0,30,Oliver_Twist
Dick,C,0,30,Oliver_Twist
Dick,I,0,30,Oliver_Twist
Dick,A,0,30,Oliver_Twist
Dick,DC,0,30,Oliver_Twist
Dick,DN,0,30,Oliver_Twist
Duff,N,0,30,Oliver_Twist
Duff,C,0,30,Oliver_Twist
Duff,I,0,30,Oliver_Twist
Duff,A,0,30,Oliver_Twist
Duff,DC,0,30,Oliver_Twist
Duff,DN,0,30,Oliver_Twist
Fagin,N,0,30,Oliver_Twist
Fagin,C,0,30,Oliver_Twist
Fagin,I,0,30,Oliver_Twist
Fagin,A,0,30,Oliver_Twist
Fagin,DC,0,30,Oliver_Twist
Fagin,DN,0,30,Oliver_Twist
Faguey,N,0,30,Oliver_Twist
Faguey,C,0,30,Oliver_Twist
Faguey,I,0,30,Oliver_Twist
Faguey,A,0,30,Oliver_Twist
Faguey,DC,0,30,Oliver_Twist
Faguey,DN,0,30,Oliver_Twist
God,N,0,30,Oliver_Twist
God,C,0,30,Oliver_Twist
God,I,0,30,Oliver_Twist
God,A,0,30,Oliver_Twist
God,DC,0,30,Oliver_Twist
God,DN,0,30,Oliver_Twist
Harry,N,0,30,Oliver_Twist
Harry,C,0,30,Oliver_Twist
Harry,I,0,30,Oliver_Twist
Harry,A,0,30,Oliver_Twist
Harry,DC,0,30,Oliver_Twist
Harry,DN,0,30,Oliver_Twist
Heaven,N,0,30,Oliver_Twist
Heaven,C,0,30,Oliver_Twist
Heaven,I,0,30,Oliver_Twist
Heaven,A,0,30,Oliver_Twist
Heaven,DC,0,30,Oliver_Twist
Heaven,DN,0,30,Oliver_Twist
Jack Dawkins,N,0,30,Oliver_Twist
Jack Dawkins,C,0,30,Oliver_Twist
Jack Dawkins,I,0,30,Oliver_Twist
Jack Dawkins,A,0,30,Oliver_Twist
Jack Dawkins,DC,0,30,Oliver_Twist
Jack Dawkins,DN,0,30,Oliver_Twist
Kags,N,0,30,Oliver_Twist
Kags,C,0,30,Oliver_Twist
Kags,I,0,30,Oliver_Twist
Kags,A,0,30,Oliver_Twist
Kags,DC,0,30,Oliver_Twist
Kags,DN,0,30,Oliver_Twist
Little Oliver,N,0,30,Oliver_Twist
Little Oliver,C,0,30,Oliver_Twist
Little Oliver,I,0,30,Oliver_Twist
Little Oliver,A,0,30,Oliver_Twist
Little Oliver,DC,0,30,Oliver_Twist
Little Oliver,DN,0,30,Oliver_Twist
Lor,N,0,30,Oliver_Twist
Lor,C,0,30,Oliver_Twist
Lor,I,0,30,Oliver_Twist
Lor,A,0,30,Oliver_Twist
Lor,DC,0,30,Oliver_Twist
Lor,DN,0,30,Oliver_Twist
Master Bates,N,0,30,Oliver_Twist
Master Bates,C,0,30,Oliver_Twist
Master Bates,I,0,30,Oliver_Twist
Master Bates,A,0,30,Oliver_Twist
Master Bates,DC,0,30,Oliver_Twist
Master Bates,DN,0,30,Oliver_Twist
Messrs. Blathers,N,0,30,Oliver_Twist
Messrs. Blathers,C,0,30,Oliver_Twist
Messrs. Blathers,I,0,30,Oliver_Twist
Messrs. Blathers,A,0,30,Oliver_Twist
Messrs. Blathers,DC,0,30,Oliver_Twist
Messrs. Blathers,DN,0,30,Oliver_Twist
Miss Maylie,N,0,30,Oliver_Twist
Miss Maylie,C,0,30,Oliver_Twist
Miss Maylie,I,0,30,Oliver_Twist
Miss Maylie,A,0,30,Oliver_Twist
Miss Maylie,DC,0,30,Oliver_Twist
Miss Maylie,DN,0,30,Oliver_Twist
Monks,N,0,30,Oliver_Twist
Monks,C,0,30,Oliver_Twist
Monks,I,0,30,Oliver_Twist
Monks,A,0,30,Oliver_Twist
Monks,DC,0,30,Oliver_Twist
Monks,DN,0,30,Oliver_Twist
Mr. Bolter,N,0,30,Oliver_Twist
Mr. Bolter,C,0,30,Oliver_Twist
Mr. Bolter,I,0,30,Oliver_Twist
Mr. Bolter,A,0,30,Oliver_Twist
Mr. Bolter,DC,0,30,Oliver_Twist
Mr. Bolter,DN,0,30,Oliver_Twist
Mr. Browlow,N,0,30,Oliver_Twist
Mr. Browlow,C,0,30,Oliver_Twist
Mr. Browlow,I,0,30,Oliver_Twist
Mr. Browlow,A,0,30,Oliver_Twist
Mr. Browlow,DC,0,30,Oliver_Twist
Mr. Browlow,DN,0,30,Oliver_Twist
Mr. Brownlow,N,0,30,Oliver_Twist
Mr. Brownlow,C,0,30,Oliver_Twist
Mr. Brownlow,I,0,30,Oliver_Twist
Mr. Brownlow,A,0,30,Oliver_Twist
Mr. Brownlow,DC,0,30,Oliver_Twist
Mr. Brownlow,DN,0,30,Oliver_Twist
Mr. Bumble,N,0,30,Oliver_Twist
Mr. Bumble,C,0,30,Oliver_Twist
Mr. Bumble,I,0,30,Oliver_Twist
Mr. Bumble,A,0,30,Oliver_Twist
Mr. Bumble,DC,0,30,Oliver_Twist
Mr. Bumble,DN,0,30,Oliver_Twist
Mr. Chitling,N,0,30,Oliver_Twist
Mr. Chitling,C,0,30,Oliver_Twist
Mr. Chitling,I,0,30,Oliver_Twist
Mr. Chitling,A,0,30,Oliver_Twist
Mr. Chitling,DC,0,30,Oliver_Twist
Mr. Chitling,DN,0,30,Oliver_Twist
Mr. Dawkins,N,0,30,Oliver_Twist
Mr. Dawkins,C,0,30,Oliver_Twist
Mr. Dawkins,I,0,30,Oliver_Twist
Mr. Dawkins,A,0,30,Oliver_Twist
Mr. Dawkins,DC,0,30,Oliver_Twist
Mr. Dawkins,DN,0,30,Oliver_Twist
Mr. Fang,N,0,30,Oliver_Twist
Mr. Fang,C,0,30,Oliver_Twist
Mr. Fang,I,0,30,Oliver_Twist
Mr. Fang,A,0,30,Oliver_Twist
Mr. Fang,DC,0,30,Oliver_Twist
Mr. Fang,DN,0,30,Oliver_Twist
Mr. Gamfield,N,0,30,Oliver_Twist
Mr. Gamfield,C,0,30,Oliver_Twist
Mr. Gamfield,I,0,30,Oliver_Twist
Mr. Gamfield,A,0,30,Oliver_Twist
Mr. Gamfield,DC,0,30,Oliver_Twist
Mr. Gamfield,DN,0,30,Oliver_Twist
Mr. Giles,N,0,30,Oliver_Twist
Mr. Giles,C,0,30,Oliver_Twist
Mr. Giles,I,0,30,Oliver_Twist
Mr. Giles,A,0,30,Oliver_Twist
Mr. Giles,DC,0,30,Oliver_Twist
Mr. Giles,DN,0,30,Oliver_Twist
Mr. Grimwig,N,0,30,Oliver_Twist
Mr. Grimwig,C,0,30,Oliver_Twist
Mr. Grimwig,I,0,30,Oliver_Twist
Mr. Grimwig,A,0,30,Oliver_Twist
Mr. Grimwig,DC,0,30,Oliver_Twist
Mr. Grimwig,DN,0,30,Oliver_Twist
Mr. Limbkins,N,0,30,Oliver_Twist
Mr. Limbkins,C,0,30,Oliver_Twist
Mr. Limbkins,I,0,30,Oliver_Twist
Mr. Limbkins,A,0,30,Oliver_Twist
Mr. Limbkins,DC,0,30,Oliver_Twist
Mr. Limbkins,DN,0,30,Oliver_Twist
Mr. Lively,N,0,30,Oliver_Twist
Mr. Lively,C,0,30,Oliver_Twist
Mr. Lively,I,0,30,Oliver_Twist
Mr. Lively,A,0,30,Oliver_Twist
Mr. Lively,DC,0,30,Oliver_Twist
Mr. Lively,DN,0,30,Oliver_Twist
Mr. Losberne,N,0,30,Oliver_Twist
Mr. Losberne,C,0,30,Oliver_Twist
Mr. Losberne,I,0,30,Oliver_Twist
Mr. Losberne,A,0,30,Oliver_Twist
Mr. Losberne,DC,0,30,Oliver_Twist
Mr. Losberne,DN,0,30,Oliver_Twist
Mr. Maylie,N,0,30,Oliver_Twist
Mr. Maylie,C,0,30,Oliver_Twist
Mr. Maylie,I,0,30,Oliver_Twist
Mr. Maylie,A,0,30,Oliver_Twist
Mr. Maylie,DC,0,30,Oliver_Twist
Mr. Maylie,DN,0,30,Oliver_Twist
Mr. Sikes,N,0,30,Oliver_Twist
Mr. Sikes,C,0,30,Oliver_Twist
Mr. Sikes,I,0,30,Oliver_Twist
Mr. Sikes,A,0,30,Oliver_Twist
Mr. Sikes,DC,0,30,Oliver_Twist
Mr. Sikes,DN,0,30,Oliver_Twist
Mr. Sowerberry,N,0,30,Oliver_Twist
Mr. Sowerberry,C,0,30,Oliver_Twist
Mr. Sowerberry,I,0,30,Oliver_Twist
Mr. Sowerberry,A,0,30,Oliver_Twist
Mr. Sowerberry,DC,0,30,Oliver_Twist
Mr. Sowerberry,DN,0,30,Oliver_Twist
Mrs. Bedwin,N,0,30,Oliver_Twist
Mrs. Bedwin,C,0,30,Oliver_Twist
Mrs. Bedwin,I,0,30,Oliver_Twist
Mrs. Bedwin,A,0,30,Oliver_Twist
Mrs. Bedwin,DC,0,30,Oliver_Twist
Mrs. Bedwin,DN,0,30,Oliver_Twist
Mrs. Bolter,N,0,30,Oliver_Twist
Mrs. Bolter,C,0,30,Oliver_Twist
Mrs. Bolter,I,0,30,Oliver_Twist
Mrs. Bolter,A,0,30,Oliver_Twist
Mrs. Bolter,DC,0,30,Oliver_Twist
Mrs. Bolter,DN,0,30,Oliver_Twist
Mrs. Corney,N,0,30,Oliver_Twist
Mrs. Corney,C,0,30,Oliver_Twist
Mrs. Corney,I,0,30,Oliver_Twist
Mrs. Corney,A,0,30,Oliver_Twist
Mrs. Corney,DC,0,30,Oliver_Twist
Mrs. Corney,DN,0,30,Oliver_Twist
Mrs. Mann,N,0,30,Oliver_Twist
Mrs. Mann,C,0,30,Oliver_Twist
Mrs. Mann,I,0,30,Oliver_Twist
Mrs. Mann,A,0,30,Oliver_Twist
Mrs. Mann,DC,0,30,Oliver_Twist
Mrs. Mann,DN,0,30,Oliver_Twist
Mrs. Maylie,N,0,30,Oliver_Twist
Mrs. Maylie,C,0,30,Oliver_Twist
Mrs. Maylie,I,0,30,Oliver_Twist
Mrs. Maylie,A,0,30,Oliver_Twist
Mrs. Maylie,DC,0,30,Oliver_Twist
Mrs. Maylie,DN,0,30,Oliver_Twist
Mrs. Sowerberry,N,0,30,Oliver_Twist
Mrs. Sowerberry,C,0,30,Oliver_Twist
Mrs. Sowerberry,I,0,30,Oliver_Twist
Mrs. Sowerberry,A,0,30,Oliver_Twist
Mrs. Sowerberry,DC,0,30,Oliver_Twist
Mrs. Sowerberry,DN,0,30,Oliver_Twist
Nancy,N,0,30,Oliver_Twist
Nancy,C,0,30,Oliver_Twist
Nancy,I,0,30,Oliver_Twist
Nancy,A,0,30,Oliver_Twist
Nancy,DC,0,30,Oliver_Twist
Nancy,DN,0,30,Oliver_Twist
Noah,N,0,30,Oliver_Twist
Noah,C,0,30,Oliver_Twist
Noah,I,0,30,Oliver_Twist
Noah,A,0,30,Oliver_Twist
Noah,DC,0,30,Oliver_Twist
Noah,DN,0,30,Oliver_Twist
Oliver,N,0,30,Oliver_Twist
Oliver,C,0,30,Oliver_Twist
Oliver,I,0,30,Oliver_Twist
Oliver,A,0,30,Oliver_Twist
Oliver,DC,0,30,Oliver_Twist
Oliver,DN,0,30,Oliver_Twist
Rose,N,0,30,Oliver_Twist
Rose,C,0,30,Oliver_Twist
Rose,I,0,30,Oliver_Twist
Rose,A,0,30,Oliver_Twist
Rose,DC,0,30,Oliver_Twist
Rose,DN,0,30,Oliver_Twist
Sikes,N,0,30,Oliver_Twist
Sikes,C,0,30,Oliver_Twist
Sikes,I,0,30,Oliver_Twist
Sikes,A,0,30,Oliver_Twist
Sikes,DC,0,30,Oliver_Twist
Sikes,DN,0,30,Oliver_Twist
Spyers,N,0,30,Oliver_Twist
Spyers,C,0,30,Oliver_Twist
Spyers,I,0,30,Oliver_Twist
Spyers,A,0,30,Oliver_Twist
Spyers,DC,0,30,Oliver_Twist
Spyers,DN,0,30,Oliver_Twist
The Jew,N,0,30,Oliver_Twist
The Jew,C,0,30,Oliver_Twist
The Jew,I,0,30,Oliver_Twist
The Jew,A,0,30,Oliver_Twist
The Jew,DC,0,30,Oliver_Twist
The Jew,DN,0,30,Oliver_Twist
Toby,N,0,30,Oliver_Twist
Toby,C,0,30,Oliver_Twist
Toby,I,0,30,Oliver_Twist
Toby,A,0,30,Oliver_Twist
Toby,DC,0,30,Oliver_Twist
Toby,DN,0,30,Oliver_Twist
Tom,N,0,30,Oliver_Twist
Tom,C,0,30,Oliver_Twist
Tom,I,0,30,Oliver_Twist
Tom,A,0,30,Oliver_Twist
Tom,DC,0,30,Oliver_Twist
Tom,DN,0,30,Oliver_Twist
Work’us,N,0,30,Oliver_Twist
Work’us,C,0,30,Oliver_Twist
Work’us,I,0,30,Oliver_Twist
Work’us,A,0,30,Oliver_Twist
Work’us,DC,0,30,Oliver_Twist
Work’us,DN,0,30,Oliver_Twist
old Sally,N,0,30,Oliver_Twist
old Sally,C,0,30,Oliver_Twist
old Sally,I,0,30,Oliver_Twist
old Sally,A,0,30,Oliver_Twist
old Sally,DC,0,30,Oliver_Twist
old Sally,DN,0,30,Oliver_Twist
the Clerkinwell Sessions,N,0,30,Oliver_Twist
the Clerkinwell Sessions,C,0,30,Oliver_Twist
the Clerkinwell Sessions,I,0,30,Oliver_Twist
the Clerkinwell Sessions,A,0,30,Oliver_Twist
the Clerkinwell Sessions,DC,0,30,Oliver_Twist
the Clerkinwell Sessions,DN,0,30,Oliver_Twist
the Cripples,N,0,30,Oliver_Twist
the Cripples,C,0,30,Oliver_Twist
the Cripples,I,0,30,Oliver_Twist
the Cripples,A,0,30,Oliver_Twist
the Cripples,DC,0,30,Oliver_Twist
the Cripples,DN,0,30,Oliver_Twist
the Dodger,N,0,30,Oliver_Twist
the Dodger,C,0,30,Oliver_Twist
the Dodger,I,0,30,Oliver_Twist
the Dodger,A,0,30,Oliver_Twist
the Dodger,DC,0,30,Oliver_Twist
the Dodger,DN,0,30,Oliver_Twist
Agnes,N,0,31,Oliver_Twist
Agnes,C,0,31,Oliver_Twist
Agnes,I,0,31,Oliver_Twist
Agnes,A,0,31,Oliver_Twist
Agnes,DC,0,31,Oliver_Twist
Agnes,DN,0,31,Oliver_Twist
Barney,N,0,31,Oliver_Twist
Barney,C,0,31,Oliver_Twist
Barney,I,0,31,Oliver_Twist
Barney,A,0,31,Oliver_Twist
Barney,DC,0,31,Oliver_Twist
Barney,DN,0,31,Oliver_Twist
Bet,N,0,31,Oliver_Twist
Bet,C,0,31,Oliver_Twist
Bet,I,0,31,Oliver_Twist
Bet,A,0,31,Oliver_Twist
Bet,DC,0,31,Oliver_Twist
Bet,DN,0,31,Oliver_Twist
Blathers,N,0,31,Oliver_Twist
Blathers,C,0,31,Oliver_Twist
Blathers,I,0,31,Oliver_Twist
Blathers,A,0,31,Oliver_Twist
Blathers,DC,0,31,Oliver_Twist
Blathers,DN,0,31,Oliver_Twist
Brittles,N,0,31,Oliver_Twist
Brittles,C,0,31,Oliver_Twist
Brittles,I,0,31,Oliver_Twist
Brittles,A,0,31,Oliver_Twist
Brittles,DC,0,31,Oliver_Twist
Brittles,DN,0,31,Oliver_Twist
Charlotte,N,9,31,Oliver_Twist
Charlotte,C,8,31,Oliver_Twist
Charlotte,I,4,31,Oliver_Twist
Charlotte,A,0,31,Oliver_Twist
Charlotte,DC,2,31,Oliver_Twist
Charlotte,DN,0,31,Oliver_Twist
Chickweed,N,0,31,Oliver_Twist
Chickweed,C,0,31,Oliver_Twist
Chickweed,I,0,31,Oliver_Twist
Chickweed,A,0,31,Oliver_Twist
Chickweed,DC,0,31,Oliver_Twist
Chickweed,DN,0,31,Oliver_Twist
Cod,N,0,31,Oliver_Twist
Cod,C,0,31,Oliver_Twist
Cod,I,0,31,Oliver_Twist
Cod,A,0,31,Oliver_Twist
Cod,DC,0,31,Oliver_Twist
Cod,DN,0,31,Oliver_Twist
Dick,N,0,31,Oliver_Twist
Dick,C,0,31,Oliver_Twist
Dick,I,0,31,Oliver_Twist
Dick,A,0,31,Oliver_Twist
Dick,DC,0,31,Oliver_Twist
Dick,DN,0,31,Oliver_Twist
Duff,N,0,31,Oliver_Twist
Duff,C,0,31,Oliver_Twist
Duff,I,0,31,Oliver_Twist
Duff,A,0,31,Oliver_Twist
Duff,DC,0,31,Oliver_Twist
Duff,DN,0,31,Oliver_Twist
Fagin,N,0,31,Oliver_Twist
Fagin,C,0,31,Oliver_Twist
Fagin,I,0,31,Oliver_Twist
Fagin,A,0,31,Oliver_Twist
Fagin,DC,0,31,Oliver_Twist
Fagin,DN,0,31,Oliver_Twist
Faguey,N,0,31,Oliver_Twist
Faguey,C,0,31,Oliver_Twist
Faguey,I,0,31,Oliver_Twist
Faguey,A,0,31,Oliver_Twist
Faguey,DC,0,31,Oliver_Twist
Faguey,DN,0,31,Oliver_Twist
God,N,0,31,Oliver_Twist
God,C,0,31,Oliver_Twist
God,I,0,31,Oliver_Twist
God,A,0,31,Oliver_Twist
God,DC,0,31,Oliver_Twist
God,DN,0,31,Oliver_Twist
Harry,N,0,31,Oliver_Twist
Harry,C,0,31,Oliver_Twist
Harry,I,0,31,Oliver_Twist
Harry,A,0,31,Oliver_Twist
Harry,DC,0,31,Oliver_Twist
Harry,DN,0,31,Oliver_Twist
Heaven,N,0,31,Oliver_Twist
Heaven,C,0,31,Oliver_Twist
Heaven,I,0,31,Oliver_Twist
Heaven,A,0,31,Oliver_Twist
Heaven,DC,0,31,Oliver_Twist
Heaven,DN,0,31,Oliver_Twist
Jack Dawkins,N,0,31,Oliver_Twist
Jack Dawkins,C,0,31,Oliver_Twist
Jack Dawkins,I,0,31,Oliver_Twist
Jack Dawkins,A,0,31,Oliver_Twist
Jack Dawkins,DC,0,31,Oliver_Twist
Jack Dawkins,DN,0,31,Oliver_Twist
Kags,N,0,31,Oliver_Twist
Kags,C,0,31,Oliver_Twist
Kags,I,0,31,Oliver_Twist
Kags,A,0,31,Oliver_Twist
Kags,DC,0,31,Oliver_Twist
Kags,DN,0,31,Oliver_Twist
Little Oliver,N,0,31,Oliver_Twist
Little Oliver,C,0,31,Oliver_Twist
Little Oliver,I,0,31,Oliver_Twist
Little Oliver,A,0,31,Oliver_Twist
Little Oliver,DC,0,31,Oliver_Twist
Little Oliver,DN,0,31,Oliver_Twist
Lor,N,0,31,Oliver_Twist
Lor,C,0,31,Oliver_Twist
Lor,I,0,31,Oliver_Twist
Lor,A,0,31,Oliver_Twist
Lor,DC,0,31,Oliver_Twist
Lor,DN,0,31,Oliver_Twist
Master Bates,N,0,31,Oliver_Twist
Master Bates,C,0,31,Oliver_Twist
Master Bates,I,0,31,Oliver_Twist
Master Bates,A,0,31,Oliver_Twist
Master Bates,DC,0,31,Oliver_Twist
Master Bates,DN,0,31,Oliver_Twist
Messrs. Blathers,N,0,31,Oliver_Twist
Messrs. Blathers,C,0,31,Oliver_Twist
Messrs. Blathers,I,0,31,Oliver_Twist
Messrs. Blathers,A,0,31,Oliver_Twist
Messrs. Blathers,DC,0,31,Oliver_Twist
Messrs. Blathers,DN,0,31,Oliver_Twist
Miss Maylie,N,0,31,Oliver_Twist
Miss Maylie,C,0,31,Oliver_Twist
Miss Maylie,I,0,31,Oliver_Twist
Miss Maylie,A,0,31,Oliver_Twist
Miss Maylie,DC,0,31,Oliver_Twist
Miss Maylie,DN,0,31,Oliver_Twist
Monks,N,0,31,Oliver_Twist
Monks,C,3,31,Oliver_Twist
Monks,I,2,31,Oliver_Twist
Monks,A,7,31,Oliver_Twist
Monks,DC,0,31,Oliver_Twist
Monks,DN,2,31,Oliver_Twist
Mr. Bolter,N,0,31,Oliver_Twist
Mr. Bolter,C,0,31,Oliver_Twist
Mr. Bolter,I,0,31,Oliver_Twist
Mr. Bolter,A,0,31,Oliver_Twist
Mr. Bolter,DC,0,31,Oliver_Twist
Mr. Bolter,DN,0,31,Oliver_Twist
Mr. Browlow,N,0,31,Oliver_Twist
Mr. Browlow,C,0,31,Oliver_Twist
Mr. Browlow,I,0,31,Oliver_Twist
Mr. Browlow,A,0,31,Oliver_Twist
Mr. Browlow,DC,0,31,Oliver_Twist
Mr. Browlow,DN,0,31,Oliver_Twist
Mr. Brownlow,N,0,31,Oliver_Twist
Mr. Brownlow,C,0,31,Oliver_Twist
Mr. Brownlow,I,0,31,Oliver_Twist
Mr. Brownlow,A,0,31,Oliver_Twist
Mr. Brownlow,DC,0,31,Oliver_Twist
Mr. Brownlow,DN,0,31,Oliver_Twist
Mr. Bumble,N,42,31,Oliver_Twist
Mr. Bumble,C,39,31,Oliver_Twist
Mr. Bumble,I,6,31,Oliver_Twist
Mr. Bumble,A,9,31,Oliver_Twist
Mr. Bumble,DC,1,31,Oliver_Twist
Mr. Bumble,DN,0,31,Oliver_Twist
Mr. Chitling,N,0,31,Oliver_Twist
Mr. Chitling,C,0,31,Oliver_Twist
Mr. Chitling,I,0,31,Oliver_Twist
Mr. Chitling,A,0,31,Oliver_Twist
Mr. Chitling,DC,0,31,Oliver_Twist
Mr. Chitling,DN,0,31,Oliver_Twist
Mr. Dawkins,N,0,31,Oliver_Twist
Mr. Dawkins,C,0,31,Oliver_Twist
Mr. Dawkins,I,0,31,Oliver_Twist
Mr. Dawkins,A,0,31,Oliver_Twist
Mr. Dawkins,DC,0,31,Oliver_Twist
Mr. Dawkins,DN,0,31,Oliver_Twist
Mr. Fang,N,0,31,Oliver_Twist
Mr. Fang,C,0,31,Oliver_Twist
Mr. Fang,I,0,31,Oliver_Twist
Mr. Fang,A,0,31,Oliver_Twist
Mr. Fang,DC,0,31,Oliver_Twist
Mr. Fang,DN,0,31,Oliver_Twist
Mr. Gamfield,N,0,31,Oliver_Twist
Mr. Gamfield,C,0,31,Oliver_Twist
Mr. Gamfield,I,0,31,Oliver_Twist
Mr. Gamfield,A,0,31,Oliver_Twist
Mr. Gamfield,DC,0,31,Oliver_Twist
Mr. Gamfield,DN,0,31,Oliver_Twist
Mr. Giles,N,0,31,Oliver_Twist
Mr. Giles,C,0,31,Oliver_Twist
Mr. Giles,I,0,31,Oliver_Twist
Mr. Giles,A,0,31,Oliver_Twist
Mr. Giles,DC,0,31,Oliver_Twist
Mr. Giles,DN,0,31,Oliver_Twist
Mr. Grimwig,N,0,31,Oliver_Twist
Mr. Grimwig,C,0,31,Oliver_Twist
Mr. Grimwig,I,0,31,Oliver_Twist
Mr. Grimwig,A,0,31,Oliver_Twist
Mr. Grimwig,DC,0,31,Oliver_Twist
Mr. Grimwig,DN,0,31,Oliver_Twist
Mr. Limbkins,N,0,31,Oliver_Twist
Mr. Limbkins,C,0,31,Oliver_Twist
Mr. Limbkins,I,0,31,Oliver_Twist
Mr. Limbkins,A,0,31,Oliver_Twist
Mr. Limbkins,DC,0,31,Oliver_Twist
Mr. Limbkins,DN,0,31,Oliver_Twist
Mr. Lively,N,0,31,Oliver_Twist
Mr. Lively,C,0,31,Oliver_Twist
Mr. Lively,I,0,31,Oliver_Twist
Mr. Lively,A,0,31,Oliver_Twist
Mr. Lively,DC,0,31,Oliver_Twist
Mr. Lively,DN,0,31,Oliver_Twist
Mr. Losberne,N,0,31,Oliver_Twist
Mr. Losberne,C,0,31,Oliver_Twist
Mr. Losberne,I,0,31,Oliver_Twist
Mr. Losberne,A,0,31,Oliver_Twist
Mr. Losberne,DC,0,31,Oliver_Twist
Mr. Losberne,DN,0,31,Oliver_Twist
Mr. Maylie,N,0,31,Oliver_Twist
Mr. Maylie,C,0,31,Oliver_Twist
Mr. Maylie,I,0,31,Oliver_Twist
Mr. Maylie,A,0,31,Oliver_Twist
Mr. Maylie,DC,0,31,Oliver_Twist
Mr. Maylie,DN,0,31,Oliver_Twist
Mr. Sikes,N,0,31,Oliver_Twist
Mr. Sikes,C,0,31,Oliver_Twist
Mr. Sikes,I,0,31,Oliver_Twist
Mr. Sikes,A,0,31,Oliver_Twist
Mr. Sikes,DC,0,31,Oliver_Twist
Mr. Sikes,DN,0,31,Oliver_Twist
Mr. Sowerberry,N,0,31,Oliver_Twist
Mr. Sowerberry,C,0,31,Oliver_Twist
Mr. Sowerberry,I,0,31,Oliver_Twist
Mr. Sowerberry,A,0,31,Oliver_Twist
Mr. Sowerberry,DC,0,31,Oliver_Twist
Mr. Sowerberry,DN,0,31,Oliver_Twist
Mrs. Bedwin,N,0,31,Oliver_Twist
Mrs. Bedwin,C,0,31,Oliver_Twist
Mrs. Bedwin,I,0,31,Oliver_Twist
Mrs. Bedwin,A,0,31,Oliver_Twist
Mrs. Bedwin,DC,0,31,Oliver_Twist
Mrs. Bedwin,DN,0,31,Oliver_Twist
Mrs. Bolter,N,0,31,Oliver_Twist
Mrs. Bolter,C,0,31,Oliver_Twist
Mrs. Bolter,I,0,31,Oliver_Twist
Mrs. Bolter,A,0,31,Oliver_Twist
Mrs. Bolter,DC,0,31,Oliver_Twist
Mrs. Bolter,DN,0,31,Oliver_Twist
Mrs. Corney,N,29,31,Oliver_Twist
Mrs. Corney,C,13,31,Oliver_Twist
Mrs. Corney,I,1,31,Oliver_Twist
Mrs. Corney,A,11,31,Oliver_Twist
Mrs. Corney,DC,8,31,Oliver_Twist
Mrs. Corney,DN,0,31,Oliver_Twist
Mrs. Mann,N,0,31,Oliver_Twist
Mrs. Mann,C,0,31,Oliver_Twist
Mrs. Mann,I,0,31,Oliver_Twist
Mrs. Mann,A,0,31,Oliver_Twist
Mrs. Mann,DC,0,31,Oliver_Twist
Mrs. Mann,DN,0,31,Oliver_Twist
Mrs. Maylie,N,0,31,Oliver_Twist
Mrs. Maylie,C,0,31,Oliver_Twist
Mrs. Maylie,I,0,31,Oliver_Twist
Mrs. Maylie,A,0,31,Oliver_Twist
Mrs. Maylie,DC,0,31,Oliver_Twist
Mrs. Maylie,DN,0,31,Oliver_Twist
Mrs. Sowerberry,N,2,31,Oliver_Twist
Mrs. Sowerberry,C,0,31,Oliver_Twist
Mrs. Sowerberry,I,0,31,Oliver_Twist
Mrs. Sowerberry,A,0,31,Oliver_Twist
Mrs. Sowerberry,DC,0,31,Oliver_Twist
Mrs. Sowerberry,DN,0,31,Oliver_Twist
Nancy,N,0,31,Oliver_Twist
Nancy,C,0,31,Oliver_Twist
Nancy,I,0,31,Oliver_Twist
Nancy,A,0,31,Oliver_Twist
Nancy,DC,0,31,Oliver_Twist
Nancy,DN,0,31,Oliver_Twist
Noah,N,14,31,Oliver_Twist
Noah,C,12,31,Oliver_Twist
Noah,I,5,31,Oliver_Twist
Noah,A,7,31,Oliver_Twist
Noah,DC,6,31,Oliver_Twist
Noah,DN,2,31,Oliver_Twist
Oliver,N,1,31,Oliver_Twist
Oliver,C,0,31,Oliver_Twist
Oliver,I,0,31,Oliver_Twist
Oliver,A,0,31,Oliver_Twist
Oliver,DC,0,31,Oliver_Twist
Oliver,DN,0,31,Oliver_Twist
Rose,N,0,31,Oliver_Twist
Rose,C,0,31,Oliver_Twist
Rose,I,0,31,Oliver_Twist
Rose,A,0,31,Oliver_Twist
Rose,DC,0,31,Oliver_Twist
Rose,DN,0,31,Oliver_Twist
Sikes,N,0,31,Oliver_Twist
Sikes,C,0,31,Oliver_Twist
Sikes,I,0,31,Oliver_Twist
Sikes,A,0,31,Oliver_Twist
Sikes,DC,0,31,Oliver_Twist
Sikes,DN,0,31,Oliver_Twist
Spyers,N,0,31,Oliver_Twist
Spyers,C,0,31,Oliver_Twist
Spyers,I,0,31,Oliver_Twist
Spyers,A,0,31,Oliver_Twist
Spyers,DC,0,31,Oliver_Twist
Spyers,DN,0,31,Oliver_Twist
The Jew,N,0,31,Oliver_Twist
The Jew,C,0,31,Oliver_Twist
The Jew,I,0,31,Oliver_Twist
The Jew,A,0,31,Oliver_Twist
The Jew,DC,0,31,Oliver_Twist
The Jew,DN,0,31,Oliver_Twist
Toby,N,1,31,Oliver_Twist
Toby,C,0,31,Oliver_Twist
Toby,I,1,31,Oliver_Twist
Toby,A,0,31,Oliver_Twist
Toby,DC,0,31,Oliver_Twist
Toby,DN,0,31,Oliver_Twist
Tom,N,0,31,Oliver_Twist
Tom,C,0,31,Oliver_Twist
Tom,I,0,31,Oliver_Twist
Tom,A,0,31,Oliver_Twist
Tom,DC,0,31,Oliver_Twist
Tom,DN,0,31,Oliver_Twist
Work’us,N,0,31,Oliver_Twist
Work’us,C,0,31,Oliver_Twist
Work’us,I,0,31,Oliver_Twist
Work’us,A,0,31,Oliver_Twist
Work’us,DC,0,31,Oliver_Twist
Work’us,DN,0,31,Oliver_Twist
old Sally,N,0,31,Oliver_Twist
old Sally,C,0,31,Oliver_Twist
old Sally,I,0,31,Oliver_Twist
old Sally,A,0,31,Oliver_Twist
old Sally,DC,0,31,Oliver_Twist
old Sally,DN,0,31,Oliver_Twist
the Clerkinwell Sessions,N,0,31,Oliver_Twist
the Clerkinwell Sessions,C,0,31,Oliver_Twist
the Clerkinwell Sessions,I,0,31,Oliver_Twist
the Clerkinwell Sessions,A,0,31,Oliver_Twist
the Clerkinwell Sessions,DC,0,31,Oliver_Twist
the Clerkinwell Sessions,DN,0,31,Oliver_Twist
the Cripples,N,0,31,Oliver_Twist
the Cripples,C,0,31,Oliver_Twist
the Cripples,I,0,31,Oliver_Twist
the Cripples,A,0,31,Oliver_Twist
the Cripples,DC,0,31,Oliver_Twist
the Cripples,DN,0,31,Oliver_Twist
the Dodger,N,0,31,Oliver_Twist
the Dodger,C,0,31,Oliver_Twist
the Dodger,I,0,31,Oliver_Twist
the Dodger,A,0,31,Oliver_Twist
the Dodger,DC,0,31,Oliver_Twist
the Dodger,DN,0,31,Oliver_Twist
Agnes,N,0,32,Oliver_Twist
Agnes,C,0,32,Oliver_Twist
Agnes,I,0,32,Oliver_Twist
Agnes,A,0,32,Oliver_Twist
Agnes,DC,0,32,Oliver_Twist
Agnes,DN,0,32,Oliver_Twist
Barney,N,0,32,Oliver_Twist
Barney,C,0,32,Oliver_Twist
Barney,I,0,32,Oliver_Twist
Barney,A,0,32,Oliver_Twist
Barney,DC,0,32,Oliver_Twist
Barney,DN,0,32,Oliver_Twist
Bet,N,0,32,Oliver_Twist
Bet,C,0,32,Oliver_Twist
Bet,I,0,32,Oliver_Twist
Bet,A,0,32,Oliver_Twist
Bet,DC,0,32,Oliver_Twist
Bet,DN,0,32,Oliver_Twist
Blathers,N,0,32,Oliver_Twist
Blathers,C,0,32,Oliver_Twist
Blathers,I,0,32,Oliver_Twist
Blathers,A,0,32,Oliver_Twist
Blathers,DC,0,32,Oliver_Twist
Blathers,DN,0,32,Oliver_Twist
Brittles,N,26,32,Oliver_Twist
Brittles,C,11,32,Oliver_Twist
Brittles,I,6,32,Oliver_Twist
Brittles,A,7,32,Oliver_Twist
Brittles,DC,12,32,Oliver_Twist
Brittles,DN,4,32,Oliver_Twist
Charlotte,N,0,32,Oliver_Twist
Charlotte,C,0,32,Oliver_Twist
Charlotte,I,0,32,Oliver_Twist
Charlotte,A,0,32,Oliver_Twist
Charlotte,DC,0,32,Oliver_Twist
Charlotte,DN,0,32,Oliver_Twist
Chickweed,N,0,32,Oliver_Twist
Chickweed,C,0,32,Oliver_Twist
Chickweed,I,0,32,Oliver_Twist
Chickweed,A,0,32,Oliver_Twist
Chickweed,DC,0,32,Oliver_Twist
Chickweed,DN,0,32,Oliver_Twist
Cod,N,0,32,Oliver_Twist
Cod,C,0,32,Oliver_Twist
Cod,I,0,32,Oliver_Twist
Cod,A,0,32,Oliver_Twist
Cod,DC,0,32,Oliver_Twist
Cod,DN,0,32,Oliver_Twist
Dick,N,0,32,Oliver_Twist
Dick,C,0,32,Oliver_Twist
Dick,I,0,32,Oliver_Twist
Dick,A,0,32,Oliver_Twist
Dick,DC,0,32,Oliver_Twist
Dick,DN,0,32,Oliver_Twist
Duff,N,0,32,Oliver_Twist
Duff,C,0,32,Oliver_Twist
Duff,I,0,32,Oliver_Twist
Duff,A,0,32,Oliver_Twist
Duff,DC,0,32,Oliver_Twist
Duff,DN,0,32,Oliver_Twist
Fagin,N,0,32,Oliver_Twist
Fagin,C,0,32,Oliver_Twist
Fagin,I,0,32,Oliver_Twist
Fagin,A,0,32,Oliver_Twist
Fagin,DC,0,32,Oliver_Twist
Fagin,DN,0,32,Oliver_Twist
Faguey,N,0,32,Oliver_Twist
Faguey,C,0,32,Oliver_Twist
Faguey,I,0,32,Oliver_Twist
Faguey,A,0,32,Oliver_Twist
Faguey,DC,0,32,Oliver_Twist
Faguey,DN,0,32,Oliver_Twist
God,N,0,32,Oliver_Twist
God,C,0,32,Oliver_Twist
God,I,0,32,Oliver_Twist
God,A,0,32,Oliver_Twist
God,DC,0,32,Oliver_Twist
God,DN,0,32,Oliver_Twist
Harry,N,0,32,Oliver_Twist
Harry,C,0,32,Oliver_Twist
Harry,I,0,32,Oliver_Twist
Harry,A,0,32,Oliver_Twist
Harry,DC,0,32,Oliver_Twist
Harry,DN,0,32,Oliver_Twist
Heaven,N,0,32,Oliver_Twist
Heaven,C,0,32,Oliver_Twist
Heaven,I,0,32,Oliver_Twist
Heaven,A,0,32,Oliver_Twist
Heaven,DC,0,32,Oliver_Twist
Heaven,DN,0,32,Oliver_Twist
Jack Dawkins,N,0,32,Oliver_Twist
Jack Dawkins,C,0,32,Oliver_Twist
Jack Dawkins,I,0,32,Oliver_Twist
Jack Dawkins,A,0,32,Oliver_Twist
Jack Dawkins,DC,0,32,Oliver_Twist
Jack Dawkins,DN,0,32,Oliver_Twist
Kags,N,0,32,Oliver_Twist
Kags,C,0,32,Oliver_Twist
Kags,I,0,32,Oliver_Twist
Kags,A,0,32,Oliver_Twist
Kags,DC,0,32,Oliver_Twist
Kags,DN,0,32,Oliver_Twist
Little Oliver,N,0,32,Oliver_Twist
Little Oliver,C,0,32,Oliver_Twist
Little Oliver,I,0,32,Oliver_Twist
Little Oliver,A,0,32,Oliver_Twist
Little Oliver,DC,0,32,Oliver_Twist
Little Oliver,DN,0,32,Oliver_Twist
Lor,N,0,32,Oliver_Twist
Lor,C,0,32,Oliver_Twist
Lor,I,0,32,Oliver_Twist
Lor,A,0,32,Oliver_Twist
Lor,DC,0,32,Oliver_Twist
Lor,DN,0,32,Oliver_Twist
Master Bates,N,0,32,Oliver_Twist
Master Bates,C,0,32,Oliver_Twist
Master Bates,I,0,32,Oliver_Twist
Master Bates,A,0,32,Oliver_Twist
Master Bates,DC,0,32,Oliver_Twist
Master Bates,DN,0,32,Oliver_Twist
Messrs. Blathers,N,0,32,Oliver_Twist
Messrs. Blathers,C,0,32,Oliver_Twist
Messrs. Blathers,I,0,32,Oliver_Twist
Messrs. Blathers,A,0,32,Oliver_Twist
Messrs. Blathers,DC,0,32,Oliver_Twist
Messrs. Blathers,DN,0,32,Oliver_Twist
Miss Maylie,N,0,32,Oliver_Twist
Miss Maylie,C,0,32,Oliver_Twist
Miss Maylie,I,0,32,Oliver_Twist
Miss Maylie,A,0,32,Oliver_Twist
Miss Maylie,DC,0,32,Oliver_Twist
Miss Maylie,DN,0,32,Oliver_Twist
Monks,N,0,32,Oliver_Twist
Monks,C,0,32,Oliver_Twist
Monks,I,0,32,Oliver_Twist
Monks,A,0,32,Oliver_Twist
Monks,DC,0,32,Oliver_Twist
Monks,DN,0,32,Oliver_Twist
Mr. Bolter,N,0,32,Oliver_Twist
Mr. Bolter,C,0,32,Oliver_Twist
Mr. Bolter,I,0,32,Oliver_Twist
Mr. Bolter,A,0,32,Oliver_Twist
Mr. Bolter,DC,0,32,Oliver_Twist
Mr. Bolter,DN,0,32,Oliver_Twist
Mr. Browlow,N,0,32,Oliver_Twist
Mr. Browlow,C,0,32,Oliver_Twist
Mr. Browlow,I,0,32,Oliver_Twist
Mr. Browlow,A,0,32,Oliver_Twist
Mr. Browlow,DC,0,32,Oliver_Twist
Mr. Browlow,DN,0,32,Oliver_Twist
Mr. Brownlow,N,0,32,Oliver_Twist
Mr. Brownlow,C,0,32,Oliver_Twist
Mr. Brownlow,I,0,32,Oliver_Twist
Mr. Brownlow,A,0,32,Oliver_Twist
Mr. Brownlow,DC,0,32,Oliver_Twist
Mr. Brownlow,DN,0,32,Oliver_Twist
Mr. Bumble,N,0,32,Oliver_Twist
Mr. Bumble,C,0,32,Oliver_Twist
Mr. Bumble,I,0,32,Oliver_Twist
Mr. Bumble,A,0,32,Oliver_Twist
Mr. Bumble,DC,0,32,Oliver_Twist
Mr. Bumble,DN,0,32,Oliver_Twist
Mr. Chitling,N,0,32,Oliver_Twist
Mr. Chitling,C,0,32,Oliver_Twist
Mr. Chitling,I,0,32,Oliver_Twist
Mr. Chitling,A,0,32,Oliver_Twist
Mr. Chitling,DC,0,32,Oliver_Twist
Mr. Chitling,DN,0,32,Oliver_Twist
Mr. Dawkins,N,0,32,Oliver_Twist
Mr. Dawkins,C,0,32,Oliver_Twist
Mr. Dawkins,I,0,32,Oliver_Twist
Mr. Dawkins,A,0,32,Oliver_Twist
Mr. Dawkins,DC,0,32,Oliver_Twist
Mr. Dawkins,DN,0,32,Oliver_Twist
Mr. Fang,N,0,32,Oliver_Twist
Mr. Fang,C,0,32,Oliver_Twist
Mr. Fang,I,0,32,Oliver_Twist
Mr. Fang,A,0,32,Oliver_Twist
Mr. Fang,DC,0,32,Oliver_Twist
Mr. Fang,DN,0,32,Oliver_Twist
Mr. Gamfield,N,0,32,Oliver_Twist
Mr. Gamfield,C,0,32,Oliver_Twist
Mr. Gamfield,I,0,32,Oliver_Twist
Mr. Gamfield,A,0,32,Oliver_Twist
Mr. Gamfield,DC,0,32,Oliver_Twist
Mr. Gamfield,DN,0,32,Oliver_Twist
Mr. Giles,N,50,32,Oliver_Twist
Mr. Giles,C,45,32,Oliver_Twist
Mr. Giles,I,9,32,Oliver_Twist
Mr. Giles,A,25,32,Oliver_Twist
Mr. Giles,DC,3,32,Oliver_Twist
Mr. Giles,DN,0,32,Oliver_Twist
Mr. Grimwig,N,0,32,Oliver_Twist
Mr. Grimwig,C,0,32,Oliver_Twist
Mr. Grimwig,I,0,32,Oliver_Twist
Mr. Grimwig,A,0,32,Oliver_Twist
Mr. Grimwig,DC,0,32,Oliver_Twist
Mr. Grimwig,DN,0,32,Oliver_Twist
Mr. Limbkins,N,0,32,Oliver_Twist
Mr. Limbkins,C,0,32,Oliver_Twist
Mr. Limbkins,I,0,32,Oliver_Twist
Mr. Limbkins,A,0,32,Oliver_Twist
Mr. Limbkins,DC,0,32,Oliver_Twist
Mr. Limbkins,DN,0,32,Oliver_Twist
Mr. Lively,N,0,32,Oliver_Twist
Mr. Lively,C,0,32,Oliver_Twist
Mr. Lively,I,0,32,Oliver_Twist
Mr. Lively,A,0,32,Oliver_Twist
Mr. Lively,DC,0,32,Oliver_Twist
Mr. Lively,DN,0,32,Oliver_Twist
Mr. Losberne,N,0,32,Oliver_Twist
Mr. Losberne,C,0,32,Oliver_Twist
Mr. Losberne,I,0,32,Oliver_Twist
Mr. Losberne,A,0,32,Oliver_Twist
Mr. Losberne,DC,0,32,Oliver_Twist
Mr. Losberne,DN,0,32,Oliver_Twist
Mr. Maylie,N,0,32,Oliver_Twist
Mr. Maylie,C,0,32,Oliver_Twist
Mr. Maylie,I,0,32,Oliver_Twist
Mr. Maylie,A,0,32,Oliver_Twist
Mr. Maylie,DC,0,32,Oliver_Twist
Mr. Maylie,DN,0,32,Oliver_Twist
Mr. Sikes,N,0,32,Oliver_Twist
Mr. Sikes,C,0,32,Oliver_Twist
Mr. Sikes,I,0,32,Oliver_Twist
Mr. Sikes,A,0,32,Oliver_Twist
Mr. Sikes,DC,0,32,Oliver_Twist
Mr. Sikes,DN,0,32,Oliver_Twist
Mr. Sowerberry,N,0,32,Oliver_Twist
Mr. Sowerberry,C,0,32,Oliver_Twist
Mr. Sowerberry,I,0,32,Oliver_Twist
Mr. Sowerberry,A,0,32,Oliver_Twist
Mr. Sowerberry,DC,0,32,Oliver_Twist
Mr. Sowerberry,DN,0,32,Oliver_Twist
Mrs. Bedwin,N,0,32,Oliver_Twist
Mrs. Bedwin,C,0,32,Oliver_Twist
Mrs. Bedwin,I,0,32,Oliver_Twist
Mrs. Bedwin,A,0,32,Oliver_Twist
Mrs. Bedwin,DC,0,32,Oliver_Twist
Mrs. Bedwin,DN,0,32,Oliver_Twist
Mrs. Bolter,N,0,32,Oliver_Twist
Mrs. Bolter,C,0,32,Oliver_Twist
Mrs. Bolter,I,0,32,Oliver_Twist
Mrs. Bolter,A,0,32,Oliver_Twist
Mrs. Bolter,DC,0,32,Oliver_Twist
Mrs. Bolter,DN,0,32,Oliver_Twist
Mrs. Corney,N,0,32,Oliver_Twist
Mrs. Corney,C,0,32,Oliver_Twist
Mrs. Corney,I,0,32,Oliver_Twist
Mrs. Corney,A,0,32,Oliver_Twist
Mrs. Corney,DC,0,32,Oliver_Twist
Mrs. Corney,DN,0,32,Oliver_Twist
Mrs. Mann,N,0,32,Oliver_Twist
Mrs. Mann,C,0,32,Oliver_Twist
Mrs. Mann,I,0,32,Oliver_Twist
Mrs. Mann,A,0,32,Oliver_Twist
Mrs. Mann,DC,0,32,Oliver_Twist
Mrs. Mann,DN,0,32,Oliver_Twist
Mrs. Maylie,N,0,32,Oliver_Twist
Mrs. Maylie,C,0,32,Oliver_Twist
Mrs. Maylie,I,0,32,Oliver_Twist
Mrs. Maylie,A,0,32,Oliver_Twist
Mrs. Maylie,DC,0,32,Oliver_Twist
Mrs. Maylie,DN,0,32,Oliver_Twist
Mrs. Sowerberry,N,0,32,Oliver_Twist
Mrs. Sowerberry,C,0,32,Oliver_Twist
Mrs. Sowerberry,I,0,32,Oliver_Twist
Mrs. Sowerberry,A,0,32,Oliver_Twist
Mrs. Sowerberry,DC,0,32,Oliver_Twist
Mrs. Sowerberry,DN,0,32,Oliver_Twist
Nancy,N,0,32,Oliver_Twist
Nancy,C,0,32,Oliver_Twist
Nancy,I,0,32,Oliver_Twist
Nancy,A,0,32,Oliver_Twist
Nancy,DC,0,32,Oliver_Twist
Nancy,DN,0,32,Oliver_Twist
Noah,N,0,32,Oliver_Twist
Noah,C,0,32,Oliver_Twist
Noah,I,0,32,Oliver_Twist
Noah,A,0,32,Oliver_Twist
Noah,DC,0,32,Oliver_Twist
Noah,DN,0,32,Oliver_Twist
Oliver,N,12,32,Oliver_Twist
Oliver,C,0,32,Oliver_Twist
Oliver,I,4,32,Oliver_Twist
Oliver,A,11,32,Oliver_Twist
Oliver,DC,5,32,Oliver_Twist
Oliver,DN,2,32,Oliver_Twist
Rose,N,0,32,Oliver_Twist
Rose,C,0,32,Oliver_Twist
Rose,I,0,32,Oliver_Twist
Rose,A,0,32,Oliver_Twist
Rose,DC,0,32,Oliver_Twist
Rose,DN,0,32,Oliver_Twist
Sikes,N,11,32,Oliver_Twist
Sikes,C,6,32,Oliver_Twist
Sikes,I,4,32,Oliver_Twist
Sikes,A,3,32,Oliver_Twist
Sikes,DC,2,32,Oliver_Twist
Sikes,DN,1,32,Oliver_Twist
Spyers,N,0,32,Oliver_Twist
Spyers,C,0,32,Oliver_Twist
Spyers,I,0,32,Oliver_Twist
Spyers,A,0,32,Oliver_Twist
Spyers,DC,0,32,Oliver_Twist
Spyers,DN,0,32,Oliver_Twist
The Jew,N,0,32,Oliver_Twist
The Jew,C,0,32,Oliver_Twist
The Jew,I,0,32,Oliver_Twist
The Jew,A,0,32,Oliver_Twist
The Jew,DC,0,32,Oliver_Twist
The Jew,DN,0,32,Oliver_Twist
Toby,N,6,32,Oliver_Twist
Toby,C,3,32,Oliver_Twist
Toby,I,2,32,Oliver_Twist
Toby,A,2,32,Oliver_Twist
Toby,DC,0,32,Oliver_Twist
Toby,DN,2,32,Oliver_Twist
Tom,N,0,32,Oliver_Twist
Tom,C,0,32,Oliver_Twist
Tom,I,0,32,Oliver_Twist
Tom,A,0,32,Oliver_Twist
Tom,DC,0,32,Oliver_Twist
Tom,DN,0,32,Oliver_Twist
Work’us,N,0,32,Oliver_Twist
Work’us,C,0,32,Oliver_Twist
Work’us,I,0,32,Oliver_Twist
Work’us,A,0,32,Oliver_Twist
Work’us,DC,0,32,Oliver_Twist
Work’us,DN,0,32,Oliver_Twist
old Sally,N,0,32,Oliver_Twist
old Sally,C,0,32,Oliver_Twist
old Sally,I,0,32,Oliver_Twist
old Sally,A,0,32,Oliver_Twist
old Sally,DC,0,32,Oliver_Twist
old Sally,DN,0,32,Oliver_Twist
the Clerkinwell Sessions,N,0,32,Oliver_Twist
the Clerkinwell Sessions,C,0,32,Oliver_Twist
the Clerkinwell Sessions,I,0,32,Oliver_Twist
the Clerkinwell Sessions,A,0,32,Oliver_Twist
the Clerkinwell Sessions,DC,0,32,Oliver_Twist
the Clerkinwell Sessions,DN,0,32,Oliver_Twist
the Cripples,N,0,32,Oliver_Twist
the Cripples,C,0,32,Oliver_Twist
the Cripples,I,0,32,Oliver_Twist
the Cripples,A,0,32,Oliver_Twist
the Cripples,DC,0,32,Oliver_Twist
the Cripples,DN,0,32,Oliver_Twist
the Dodger,N,0,32,Oliver_Twist
the Dodger,C,0,32,Oliver_Twist
the Dodger,I,0,32,Oliver_Twist
the Dodger,A,0,32,Oliver_Twist
the Dodger,DC,0,32,Oliver_Twist
the Dodger,DN,0,32,Oliver_Twist
Agnes,N,0,33,Oliver_Twist
Agnes,C,0,33,Oliver_Twist
Agnes,I,0,33,Oliver_Twist
Agnes,A,0,33,Oliver_Twist
Agnes,DC,0,33,Oliver_Twist
Agnes,DN,0,33,Oliver_Twist
Barney,N,0,33,Oliver_Twist
Barney,C,0,33,Oliver_Twist
Barney,I,0,33,Oliver_Twist
Barney,A,0,33,Oliver_Twist
Barney,DC,0,33,Oliver_Twist
Barney,DN,0,33,Oliver_Twist
Bet,N,0,33,Oliver_Twist
Bet,C,0,33,Oliver_Twist
Bet,I,0,33,Oliver_Twist
Bet,A,0,33,Oliver_Twist
Bet,DC,0,33,Oliver_Twist
Bet,DN,0,33,Oliver_Twist
Blathers,N,0,33,Oliver_Twist
Blathers,C,0,33,Oliver_Twist
Blathers,I,0,33,Oliver_Twist
Blathers,A,0,33,Oliver_Twist
Blathers,DC,0,33,Oliver_Twist
Blathers,DN,0,33,Oliver_Twist
Brittles,N,3,33,Oliver_Twist
Brittles,C,0,33,Oliver_Twist
Brittles,I,0,33,Oliver_Twist
Brittles,A,3,33,Oliver_Twist
Brittles,DC,0,33,Oliver_Twist
Brittles,DN,4,33,Oliver_Twist
Charlotte,N,0,33,Oliver_Twist
Charlotte,C,0,33,Oliver_Twist
Charlotte,I,0,33,Oliver_Twist
Charlotte,A,0,33,Oliver_Twist
Charlotte,DC,0,33,Oliver_Twist
Charlotte,DN,0,33,Oliver_Twist
Chickweed,N,0,33,Oliver_Twist
Chickweed,C,0,33,Oliver_Twist
Chickweed,I,0,33,Oliver_Twist
Chickweed,A,0,33,Oliver_Twist
Chickweed,DC,0,33,Oliver_Twist
Chickweed,DN,0,33,Oliver_Twist
Cod,N,0,33,Oliver_Twist
Cod,C,0,33,Oliver_Twist
Cod,I,0,33,Oliver_Twist
Cod,A,0,33,Oliver_Twist
Cod,DC,0,33,Oliver_Twist
Cod,DN,0,33,Oliver_Twist
Dick,N,0,33,Oliver_Twist
Dick,C,0,33,Oliver_Twist
Dick,I,0,33,Oliver_Twist
Dick,A,0,33,Oliver_Twist
Dick,DC,0,33,Oliver_Twist
Dick,DN,0,33,Oliver_Twist
Duff,N,0,33,Oliver_Twist
Duff,C,0,33,Oliver_Twist
Duff,I,0,33,Oliver_Twist
Duff,A,0,33,Oliver_Twist
Duff,DC,0,33,Oliver_Twist
Duff,DN,0,33,Oliver_Twist
Fagin,N,0,33,Oliver_Twist
Fagin,C,0,33,Oliver_Twist
Fagin,I,0,33,Oliver_Twist
Fagin,A,0,33,Oliver_Twist
Fagin,DC,0,33,Oliver_Twist
Fagin,DN,0,33,Oliver_Twist
Faguey,N,0,33,Oliver_Twist
Faguey,C,0,33,Oliver_Twist
Faguey,I,0,33,Oliver_Twist
Faguey,A,0,33,Oliver_Twist
Faguey,DC,0,33,Oliver_Twist
Faguey,DN,0,33,Oliver_Twist
God,N,1,33,Oliver_Twist
God,C,0,33,Oliver_Twist
God,I,0,33,Oliver_Twist
God,A,0,33,Oliver_Twist
God,DC,0,33,Oliver_Twist
God,DN,0,33,Oliver_Twist
Harry,N,0,33,Oliver_Twist
Harry,C,0,33,Oliver_Twist
Harry,I,0,33,Oliver_Twist
Harry,A,0,33,Oliver_Twist
Harry,DC,0,33,Oliver_Twist
Harry,DN,0,33,Oliver_Twist
Heaven,N,0,33,Oliver_Twist
Heaven,C,0,33,Oliver_Twist
Heaven,I,0,33,Oliver_Twist
Heaven,A,0,33,Oliver_Twist
Heaven,DC,0,33,Oliver_Twist
Heaven,DN,0,33,Oliver_Twist
Jack Dawkins,N,0,33,Oliver_Twist
Jack Dawkins,C,0,33,Oliver_Twist
Jack Dawkins,I,0,33,Oliver_Twist
Jack Dawkins,A,0,33,Oliver_Twist
Jack Dawkins,DC,0,33,Oliver_Twist
Jack Dawkins,DN,0,33,Oliver_Twist
Kags,N,0,33,Oliver_Twist
Kags,C,0,33,Oliver_Twist
Kags,I,0,33,Oliver_Twist
Kags,A,0,33,Oliver_Twist
Kags,DC,0,33,Oliver_Twist
Kags,DN,0,33,Oliver_Twist
Little Oliver,N,0,33,Oliver_Twist
Little Oliver,C,0,33,Oliver_Twist
Little Oliver,I,0,33,Oliver_Twist
Little Oliver,A,0,33,Oliver_Twist
Little Oliver,DC,0,33,Oliver_Twist
Little Oliver,DN,0,33,Oliver_Twist
Lor,N,0,33,Oliver_Twist
Lor,C,0,33,Oliver_Twist
Lor,I,0,33,Oliver_Twist
Lor,A,0,33,Oliver_Twist
Lor,DC,0,33,Oliver_Twist
Lor,DN,0,33,Oliver_Twist
Master Bates,N,0,33,Oliver_Twist
Master Bates,C,0,33,Oliver_Twist
Master Bates,I,0,33,Oliver_Twist
Master Bates,A,0,33,Oliver_Twist
Master Bates,DC,0,33,Oliver_Twist
Master Bates,DN,0,33,Oliver_Twist
Messrs. Blathers,N,0,33,Oliver_Twist
Messrs. Blathers,C,0,33,Oliver_Twist
Messrs. Blathers,I,0,33,Oliver_Twist
Messrs. Blathers,A,0,33,Oliver_Twist
Messrs. Blathers,DC,0,33,Oliver_Twist
Messrs. Blathers,DN,0,33,Oliver_Twist
Miss Maylie,N,0,33,Oliver_Twist
Miss Maylie,C,0,33,Oliver_Twist
Miss Maylie,I,0,33,Oliver_Twist
Miss Maylie,A,0,33,Oliver_Twist
Miss Maylie,DC,0,33,Oliver_Twist
Miss Maylie,DN,0,33,Oliver_Twist
Monks,N,0,33,Oliver_Twist
Monks,C,0,33,Oliver_Twist
Monks,I,0,33,Oliver_Twist
Monks,A,0,33,Oliver_Twist
Monks,DC,0,33,Oliver_Twist
Monks,DN,0,33,Oliver_Twist
Mr. Bolter,N,0,33,Oliver_Twist
Mr. Bolter,C,0,33,Oliver_Twist
Mr. Bolter,I,0,33,Oliver_Twist
Mr. Bolter,A,0,33,Oliver_Twist
Mr. Bolter,DC,0,33,Oliver_Twist
Mr. Bolter,DN,0,33,Oliver_Twist
Mr. Browlow,N,0,33,Oliver_Twist
Mr. Browlow,C,0,33,Oliver_Twist
Mr. Browlow,I,0,33,Oliver_Twist
Mr. Browlow,A,0,33,Oliver_Twist
Mr. Browlow,DC,0,33,Oliver_Twist
Mr. Browlow,DN,0,33,Oliver_Twist
Mr. Brownlow,N,0,33,Oliver_Twist
Mr. Brownlow,C,0,33,Oliver_Twist
Mr. Brownlow,I,0,33,Oliver_Twist
Mr. Brownlow,A,0,33,Oliver_Twist
Mr. Brownlow,DC,0,33,Oliver_Twist
Mr. Brownlow,DN,0,33,Oliver_Twist
Mr. Bumble,N,0,33,Oliver_Twist
Mr. Bumble,C,0,33,Oliver_Twist
Mr. Bumble,I,0,33,Oliver_Twist
Mr. Bumble,A,0,33,Oliver_Twist
Mr. Bumble,DC,0,33,Oliver_Twist
Mr. Bumble,DN,0,33,Oliver_Twist
Mr. Chitling,N,0,33,Oliver_Twist
Mr. Chitling,C,0,33,Oliver_Twist
Mr. Chitling,I,0,33,Oliver_Twist
Mr. Chitling,A,0,33,Oliver_Twist
Mr. Chitling,DC,0,33,Oliver_Twist
Mr. Chitling,DN,0,33,Oliver_Twist
Mr. Dawkins,N,0,33,Oliver_Twist
Mr. Dawkins,C,0,33,Oliver_Twist
Mr. Dawkins,I,0,33,Oliver_Twist
Mr. Dawkins,A,0,33,Oliver_Twist
Mr. Dawkins,DC,0,33,Oliver_Twist
Mr. Dawkins,DN,0,33,Oliver_Twist
Mr. Fang,N,0,33,Oliver_Twist
Mr. Fang,C,0,33,Oliver_Twist
Mr. Fang,I,0,33,Oliver_Twist
Mr. Fang,A,0,33,Oliver_Twist
Mr. Fang,DC,0,33,Oliver_Twist
Mr. Fang,DN,0,33,Oliver_Twist
Mr. Gamfield,N,0,33,Oliver_Twist
Mr. Gamfield,C,0,33,Oliver_Twist
Mr. Gamfield,I,0,33,Oliver_Twist
Mr. Gamfield,A,0,33,Oliver_Twist
Mr. Gamfield,DC,0,33,Oliver_Twist
Mr. Gamfield,DN,0,33,Oliver_Twist
Mr. Giles,N,11,33,Oliver_Twist
Mr. Giles,C,3,33,Oliver_Twist
Mr. Giles,I,2,33,Oliver_Twist
Mr. Giles,A,9,33,Oliver_Twist
Mr. Giles,DC,0,33,Oliver_Twist
Mr. Giles,DN,2,33,Oliver_Twist
Mr. Grimwig,N,0,33,Oliver_Twist
Mr. Grimwig,C,0,33,Oliver_Twist
Mr. Grimwig,I,0,33,Oliver_Twist
Mr. Grimwig,A,0,33,Oliver_Twist
Mr. Grimwig,DC,0,33,Oliver_Twist
Mr. Grimwig,DN,0,33,Oliver_Twist
Mr. Limbkins,N,0,33,Oliver_Twist
Mr. Limbkins,C,0,33,Oliver_Twist
Mr. Limbkins,I,0,33,Oliver_Twist
Mr. Limbkins,A,0,33,Oliver_Twist
Mr. Limbkins,DC,0,33,Oliver_Twist
Mr. Limbkins,DN,0,33,Oliver_Twist
Mr. Lively,N,0,33,Oliver_Twist
Mr. Lively,C,0,33,Oliver_Twist
Mr. Lively,I,0,33,Oliver_Twist
Mr. Lively,A,0,33,Oliver_Twist
Mr. Lively,DC,0,33,Oliver_Twist
Mr. Lively,DN,0,33,Oliver_Twist
Mr. Losberne,N,1,33,Oliver_Twist
Mr. Losberne,C,1,33,Oliver_Twist
Mr. Losberne,I,0,33,Oliver_Twist
Mr. Losberne,A,1,33,Oliver_Twist
Mr. Losberne,DC,0,33,Oliver_Twist
Mr. Losberne,DN,0,33,Oliver_Twist
Mr. Maylie,N,0,33,Oliver_Twist
Mr. Maylie,C,0,33,Oliver_Twist
Mr. Maylie,I,0,33,Oliver_Twist
Mr. Maylie,A,0,33,Oliver_Twist
Mr. Maylie,DC,0,33,Oliver_Twist
Mr. Maylie,DN,0,33,Oliver_Twist
Mr. Sikes,N,0,33,Oliver_Twist
Mr. Sikes,C,0,33,Oliver_Twist
Mr. Sikes,I,0,33,Oliver_Twist
Mr. Sikes,A,0,33,Oliver_Twist
Mr. Sikes,DC,0,33,Oliver_Twist
Mr. Sikes,DN,0,33,Oliver_Twist
Mr. Sowerberry,N,0,33,Oliver_Twist
Mr. Sowerberry,C,0,33,Oliver_Twist
Mr. Sowerberry,I,0,33,Oliver_Twist
Mr. Sowerberry,A,0,33,Oliver_Twist
Mr. Sowerberry,DC,0,33,Oliver_Twist
Mr. Sowerberry,DN,0,33,Oliver_Twist
Mrs. Bedwin,N,0,33,Oliver_Twist
Mrs. Bedwin,C,0,33,Oliver_Twist
Mrs. Bedwin,I,0,33,Oliver_Twist
Mrs. Bedwin,A,0,33,Oliver_Twist
Mrs. Bedwin,DC,0,33,Oliver_Twist
Mrs. Bedwin,DN,0,33,Oliver_Twist
Mrs. Bolter,N,0,33,Oliver_Twist
Mrs. Bolter,C,0,33,Oliver_Twist
Mrs. Bolter,I,0,33,Oliver_Twist
Mrs. Bolter,A,0,33,Oliver_Twist
Mrs. Bolter,DC,0,33,Oliver_Twist
Mrs. Bolter,DN,0,33,Oliver_Twist
Mrs. Corney,N,0,33,Oliver_Twist
Mrs. Corney,C,0,33,Oliver_Twist
Mrs. Corney,I,0,33,Oliver_Twist
Mrs. Corney,A,0,33,Oliver_Twist
Mrs. Corney,DC,0,33,Oliver_Twist
Mrs. Corney,DN,0,33,Oliver_Twist
Mrs. Mann,N,0,33,Oliver_Twist
Mrs. Mann,C,0,33,Oliver_Twist
Mrs. Mann,I,0,33,Oliver_Twist
Mrs. Mann,A,0,33,Oliver_Twist
Mrs. Mann,DC,0,33,Oliver_Twist
Mrs. Mann,DN,0,33,Oliver_Twist
Mrs. Maylie,N,4,33,Oliver_Twist
Mrs. Maylie,C,2,33,Oliver_Twist
Mrs. Maylie,I,1,33,Oliver_Twist
Mrs. Maylie,A,2,33,Oliver_Twist
Mrs. Maylie,DC,2,33,Oliver_Twist
Mrs. Maylie,DN,0,33,Oliver_Twist
Mrs. Sowerberry,N,0,33,Oliver_Twist
Mrs. Sowerberry,C,0,33,Oliver_Twist
Mrs. Sowerberry,I,0,33,Oliver_Twist
Mrs. Sowerberry,A,0,33,Oliver_Twist
Mrs. Sowerberry,DC,0,33,Oliver_Twist
Mrs. Sowerberry,DN,0,33,Oliver_Twist
Nancy,N,0,33,Oliver_Twist
Nancy,C,0,33,Oliver_Twist
Nancy,I,0,33,Oliver_Twist
Nancy,A,0,33,Oliver_Twist
Nancy,DC,0,33,Oliver_Twist
Nancy,DN,0,33,Oliver_Twist
Noah,N,0,33,Oliver_Twist
Noah,C,0,33,Oliver_Twist
Noah,I,0,33,Oliver_Twist
Noah,A,0,33,Oliver_Twist
Noah,DC,0,33,Oliver_Twist
Noah,DN,0,33,Oliver_Twist
Oliver,N,1,33,Oliver_Twist
Oliver,C,0,33,Oliver_Twist
Oliver,I,0,33,Oliver_Twist
Oliver,A,0,33,Oliver_Twist
Oliver,DC,0,33,Oliver_Twist
Oliver,DN,0,33,Oliver_Twist
Rose,N,4,33,Oliver_Twist
Rose,C,2,33,Oliver_Twist
Rose,I,1,33,Oliver_Twist
Rose,A,0,33,Oliver_Twist
Rose,DC,1,33,Oliver_Twist
Rose,DN,0,33,Oliver_Twist
Sikes,N,0,33,Oliver_Twist
Sikes,C,0,33,Oliver_Twist
Sikes,I,0,33,Oliver_Twist
Sikes,A,0,33,Oliver_Twist
Sikes,DC,0,33,Oliver_Twist
Sikes,DN,0,33,Oliver_Twist
Spyers,N,0,33,Oliver_Twist
Spyers,C,0,33,Oliver_Twist
Spyers,I,0,33,Oliver_Twist
Spyers,A,0,33,Oliver_Twist
Spyers,DC,0,33,Oliver_Twist
Spyers,DN,0,33,Oliver_Twist
The Jew,N,0,33,Oliver_Twist
The Jew,C,0,33,Oliver_Twist
The Jew,I,0,33,Oliver_Twist
The Jew,A,0,33,Oliver_Twist
The Jew,DC,0,33,Oliver_Twist
The Jew,DN,0,33,Oliver_Twist
Toby,N,0,33,Oliver_Twist
Toby,C,0,33,Oliver_Twist
Toby,I,0,33,Oliver_Twist
Toby,A,0,33,Oliver_Twist
Toby,DC,0,33,Oliver_Twist
Toby,DN,0,33,Oliver_Twist
Tom,N,0,33,Oliver_Twist
Tom,C,0,33,Oliver_Twist
Tom,I,0,33,Oliver_Twist
Tom,A,0,33,Oliver_Twist
Tom,DC,0,33,Oliver_Twist
Tom,DN,0,33,Oliver_Twist
Work’us,N,0,33,Oliver_Twist
Work’us,C,0,33,Oliver_Twist
Work’us,I,0,33,Oliver_Twist
Work’us,A,0,33,Oliver_Twist
Work’us,DC,0,33,Oliver_Twist
Work’us,DN,0,33,Oliver_Twist
old Sally,N,0,33,Oliver_Twist
old Sally,C,0,33,Oliver_Twist
old Sally,I,0,33,Oliver_Twist
old Sally,A,0,33,Oliver_Twist
old Sally,DC,0,33,Oliver_Twist
old Sally,DN,0,33,Oliver_Twist
the Clerkinwell Sessions,N,0,33,Oliver_Twist
the Clerkinwell Sessions,C,0,33,Oliver_Twist
the Clerkinwell Sessions,I,0,33,Oliver_Twist
the Clerkinwell Sessions,A,0,33,Oliver_Twist
the Clerkinwell Sessions,DC,0,33,Oliver_Twist
the Clerkinwell Sessions,DN,0,33,Oliver_Twist
the Cripples,N,0,33,Oliver_Twist
the Cripples,C,0,33,Oliver_Twist
the Cripples,I,0,33,Oliver_Twist
the Cripples,A,0,33,Oliver_Twist
the Cripples,DC,0,33,Oliver_Twist
the Cripples,DN,0,33,Oliver_Twist
the Dodger,N,0,33,Oliver_Twist
the Dodger,C,0,33,Oliver_Twist
the Dodger,I,0,33,Oliver_Twist
the Dodger,A,0,33,Oliver_Twist
the Dodger,DC,0,33,Oliver_Twist
the Dodger,DN,0,33,Oliver_Twist
Agnes,N,0,34,Oliver_Twist
Agnes,C,0,34,Oliver_Twist
Agnes,I,0,34,Oliver_Twist
Agnes,A,0,34,Oliver_Twist
Agnes,DC,0,34,Oliver_Twist
Agnes,DN,0,34,Oliver_Twist
Barney,N,0,34,Oliver_Twist
Barney,C,0,34,Oliver_Twist
Barney,I,0,34,Oliver_Twist
Barney,A,0,34,Oliver_Twist
Barney,DC,0,34,Oliver_Twist
Barney,DN,0,34,Oliver_Twist
Bet,N,0,34,Oliver_Twist
Bet,C,0,34,Oliver_Twist
Bet,I,0,34,Oliver_Twist
Bet,A,0,34,Oliver_Twist
Bet,DC,0,34,Oliver_Twist
Bet,DN,0,34,Oliver_Twist
Blathers,N,0,34,Oliver_Twist
Blathers,C,0,34,Oliver_Twist
Blathers,I,0,34,Oliver_Twist
Blathers,A,0,34,Oliver_Twist
Blathers,DC,0,34,Oliver_Twist
Blathers,DN,0,34,Oliver_Twist
Brittles,N,13,34,Oliver_Twist
Brittles,C,7,34,Oliver_Twist
Brittles,I,3,34,Oliver_Twist
Brittles,A,3,34,Oliver_Twist
Brittles,DC,2,34,Oliver_Twist
Brittles,DN,0,34,Oliver_Twist
Charlotte,N,0,34,Oliver_Twist
Charlotte,C,0,34,Oliver_Twist
Charlotte,I,0,34,Oliver_Twist
Charlotte,A,0,34,Oliver_Twist
Charlotte,DC,0,34,Oliver_Twist
Charlotte,DN,0,34,Oliver_Twist
Chickweed,N,0,34,Oliver_Twist
Chickweed,C,0,34,Oliver_Twist
Chickweed,I,0,34,Oliver_Twist
Chickweed,A,0,34,Oliver_Twist
Chickweed,DC,0,34,Oliver_Twist
Chickweed,DN,0,34,Oliver_Twist
Cod,N,0,34,Oliver_Twist
Cod,C,0,34,Oliver_Twist
Cod,I,0,34,Oliver_Twist
Cod,A,0,34,Oliver_Twist
Cod,DC,0,34,Oliver_Twist
Cod,DN,0,34,Oliver_Twist
Dick,N,0,34,Oliver_Twist
Dick,C,0,34,Oliver_Twist
Dick,I,0,34,Oliver_Twist
Dick,A,0,34,Oliver_Twist
Dick,DC,0,34,Oliver_Twist
Dick,DN,0,34,Oliver_Twist
Duff,N,0,34,Oliver_Twist
Duff,C,0,34,Oliver_Twist
Duff,I,0,34,Oliver_Twist
Duff,A,0,34,Oliver_Twist
Duff,DC,0,34,Oliver_Twist
Duff,DN,0,34,Oliver_Twist
Fagin,N,0,34,Oliver_Twist
Fagin,C,0,34,Oliver_Twist
Fagin,I,0,34,Oliver_Twist
Fagin,A,0,34,Oliver_Twist
Fagin,DC,0,34,Oliver_Twist
Fagin,DN,0,34,Oliver_Twist
Faguey,N,0,34,Oliver_Twist
Faguey,C,0,34,Oliver_Twist
Faguey,I,0,34,Oliver_Twist
Faguey,A,0,34,Oliver_Twist
Faguey,DC,0,34,Oliver_Twist
Faguey,DN,0,34,Oliver_Twist
God,N,0,34,Oliver_Twist
God,C,0,34,Oliver_Twist
God,I,0,34,Oliver_Twist
God,A,0,34,Oliver_Twist
God,DC,0,34,Oliver_Twist
God,DN,0,34,Oliver_Twist
Harry,N,0,34,Oliver_Twist
Harry,C,0,34,Oliver_Twist
Harry,I,0,34,Oliver_Twist
Harry,A,0,34,Oliver_Twist
Harry,DC,0,34,Oliver_Twist
Harry,DN,0,34,Oliver_Twist
Heaven,N,0,34,Oliver_Twist
Heaven,C,0,34,Oliver_Twist
Heaven,I,0,34,Oliver_Twist
Heaven,A,0,34,Oliver_Twist
Heaven,DC,0,34,Oliver_Twist
Heaven,DN,0,34,Oliver_Twist
Jack Dawkins,N,0,34,Oliver_Twist
Jack Dawkins,C,0,34,Oliver_Twist
Jack Dawkins,I,0,34,Oliver_Twist
Jack Dawkins,A,0,34,Oliver_Twist
Jack Dawkins,DC,0,34,Oliver_Twist
Jack Dawkins,DN,0,34,Oliver_Twist
Kags,N,0,34,Oliver_Twist
Kags,C,0,34,Oliver_Twist
Kags,I,0,34,Oliver_Twist
Kags,A,0,34,Oliver_Twist
Kags,DC,0,34,Oliver_Twist
Kags,DN,0,34,Oliver_Twist
Little Oliver,N,0,34,Oliver_Twist
Little Oliver,C,0,34,Oliver_Twist
Little Oliver,I,0,34,Oliver_Twist
Little Oliver,A,0,34,Oliver_Twist
Little Oliver,DC,0,34,Oliver_Twist
Little Oliver,DN,0,34,Oliver_Twist
Lor,N,0,34,Oliver_Twist
Lor,C,0,34,Oliver_Twist
Lor,I,0,34,Oliver_Twist
Lor,A,0,34,Oliver_Twist
Lor,DC,0,34,Oliver_Twist
Lor,DN,0,34,Oliver_Twist
Master Bates,N,0,34,Oliver_Twist
Master Bates,C,0,34,Oliver_Twist
Master Bates,I,0,34,Oliver_Twist
Master Bates,A,0,34,Oliver_Twist
Master Bates,DC,0,34,Oliver_Twist
Master Bates,DN,0,34,Oliver_Twist
Messrs. Blathers,N,0,34,Oliver_Twist
Messrs. Blathers,C,0,34,Oliver_Twist
Messrs. Blathers,I,0,34,Oliver_Twist
Messrs. Blathers,A,0,34,Oliver_Twist
Messrs. Blathers,DC,0,34,Oliver_Twist
Messrs. Blathers,DN,0,34,Oliver_Twist
Miss Maylie,N,0,34,Oliver_Twist
Miss Maylie,C,0,34,Oliver_Twist
Miss Maylie,I,0,34,Oliver_Twist
Miss Maylie,A,0,34,Oliver_Twist
Miss Maylie,DC,0,34,Oliver_Twist
Miss Maylie,DN,0,34,Oliver_Twist
Monks,N,0,34,Oliver_Twist
Monks,C,0,34,Oliver_Twist
Monks,I,0,34,Oliver_Twist
Monks,A,0,34,Oliver_Twist
Monks,DC,0,34,Oliver_Twist
Monks,DN,0,34,Oliver_Twist
Mr. Bolter,N,0,34,Oliver_Twist
Mr. Bolter,C,0,34,Oliver_Twist
Mr. Bolter,I,0,34,Oliver_Twist
Mr. Bolter,A,0,34,Oliver_Twist
Mr. Bolter,DC,0,34,Oliver_Twist
Mr. Bolter,DN,0,34,Oliver_Twist
Mr. Browlow,N,0,34,Oliver_Twist
Mr. Browlow,C,0,34,Oliver_Twist
Mr. Browlow,I,0,34,Oliver_Twist
Mr. Browlow,A,0,34,Oliver_Twist
Mr. Browlow,DC,0,34,Oliver_Twist
Mr. Browlow,DN,0,34,Oliver_Twist
Mr. Brownlow,N,0,34,Oliver_Twist
Mr. Brownlow,C,0,34,Oliver_Twist
Mr. Brownlow,I,0,34,Oliver_Twist
Mr. Brownlow,A,0,34,Oliver_Twist
Mr. Brownlow,DC,0,34,Oliver_Twist
Mr. Brownlow,DN,0,34,Oliver_Twist
Mr. Bumble,N,0,34,Oliver_Twist
Mr. Bumble,C,0,34,Oliver_Twist
Mr. Bumble,I,0,34,Oliver_Twist
Mr. Bumble,A,0,34,Oliver_Twist
Mr. Bumble,DC,0,34,Oliver_Twist
Mr. Bumble,DN,0,34,Oliver_Twist
Mr. Chitling,N,0,34,Oliver_Twist
Mr. Chitling,C,0,34,Oliver_Twist
Mr. Chitling,I,0,34,Oliver_Twist
Mr. Chitling,A,0,34,Oliver_Twist
Mr. Chitling,DC,0,34,Oliver_Twist
Mr. Chitling,DN,0,34,Oliver_Twist
Mr. Dawkins,N,0,34,Oliver_Twist
Mr. Dawkins,C,0,34,Oliver_Twist
Mr. Dawkins,I,0,34,Oliver_Twist
Mr. Dawkins,A,0,34,Oliver_Twist
Mr. Dawkins,DC,0,34,Oliver_Twist
Mr. Dawkins,DN,0,34,Oliver_Twist
Mr. Fang,N,0,34,Oliver_Twist
Mr. Fang,C,0,34,Oliver_Twist
Mr. Fang,I,0,34,Oliver_Twist
Mr. Fang,A,0,34,Oliver_Twist
Mr. Fang,DC,0,34,Oliver_Twist
Mr. Fang,DN,0,34,Oliver_Twist
Mr. Gamfield,N,0,34,Oliver_Twist
Mr. Gamfield,C,0,34,Oliver_Twist
Mr. Gamfield,I,0,34,Oliver_Twist
Mr. Gamfield,A,0,34,Oliver_Twist
Mr. Gamfield,DC,0,34,Oliver_Twist
Mr. Gamfield,DN,0,34,Oliver_Twist
Mr. Giles,N,18,34,Oliver_Twist
Mr. Giles,C,6,34,Oliver_Twist
Mr. Giles,I,5,34,Oliver_Twist
Mr. Giles,A,10,34,Oliver_Twist
Mr. Giles,DC,4,34,Oliver_Twist
Mr. Giles,DN,2,34,Oliver_Twist
Mr. Grimwig,N,0,34,Oliver_Twist
Mr. Grimwig,C,0,34,Oliver_Twist
Mr. Grimwig,I,0,34,Oliver_Twist
Mr. Grimwig,A,0,34,Oliver_Twist
Mr. Grimwig,DC,0,34,Oliver_Twist
Mr. Grimwig,DN,0,34,Oliver_Twist
Mr. Limbkins,N,0,34,Oliver_Twist
Mr. Limbkins,C,0,34,Oliver_Twist
Mr. Limbkins,I,0,34,Oliver_Twist
Mr. Limbkins,A,0,34,Oliver_Twist
Mr. Limbkins,DC,0,34,Oliver_Twist
Mr. Limbkins,DN,0,34,Oliver_Twist
Mr. Lively,N,0,34,Oliver_Twist
Mr. Lively,C,0,34,Oliver_Twist
Mr. Lively,I,0,34,Oliver_Twist
Mr. Lively,A,0,34,Oliver_Twist
Mr. Lively,DC,0,34,Oliver_Twist
Mr. Lively,DN,0,34,Oliver_Twist
Mr. Losberne,N,2,34,Oliver_Twist
Mr. Losberne,C,1,34,Oliver_Twist
Mr. Losberne,I,2,34,Oliver_Twist
Mr. Losberne,A,3,34,Oliver_Twist
Mr. Losberne,DC,0,34,Oliver_Twist
Mr. Losberne,DN,0,34,Oliver_Twist
Mr. Maylie,N,0,34,Oliver_Twist
Mr. Maylie,C,0,34,Oliver_Twist
Mr. Maylie,I,0,34,Oliver_Twist
Mr. Maylie,A,0,34,Oliver_Twist
Mr. Maylie,DC,0,34,Oliver_Twist
Mr. Maylie,DN,0,34,Oliver_Twist
Mr. Sikes,N,0,34,Oliver_Twist
Mr. Sikes,C,0,34,Oliver_Twist
Mr. Sikes,I,0,34,Oliver_Twist
Mr. Sikes,A,0,34,Oliver_Twist
Mr. Sikes,DC,0,34,Oliver_Twist
Mr. Sikes,DN,0,34,Oliver_Twist
Mr. Sowerberry,N,0,34,Oliver_Twist
Mr. Sowerberry,C,0,34,Oliver_Twist
Mr. Sowerberry,I,0,34,Oliver_Twist
Mr. Sowerberry,A,0,34,Oliver_Twist
Mr. Sowerberry,DC,0,34,Oliver_Twist
Mr. Sowerberry,DN,0,34,Oliver_Twist
Mrs. Bedwin,N,0,34,Oliver_Twist
Mrs. Bedwin,C,0,34,Oliver_Twist
Mrs. Bedwin,I,0,34,Oliver_Twist
Mrs. Bedwin,A,0,34,Oliver_Twist
Mrs. Bedwin,DC,0,34,Oliver_Twist
Mrs. Bedwin,DN,0,34,Oliver_Twist
Mrs. Bolter,N,0,34,Oliver_Twist
Mrs. Bolter,C,0,34,Oliver_Twist
Mrs. Bolter,I,0,34,Oliver_Twist
Mrs. Bolter,A,0,34,Oliver_Twist
Mrs. Bolter,DC,0,34,Oliver_Twist
Mrs. Bolter,DN,0,34,Oliver_Twist
Mrs. Corney,N,0,34,Oliver_Twist
Mrs. Corney,C,0,34,Oliver_Twist
Mrs. Corney,I,0,34,Oliver_Twist
Mrs. Corney,A,0,34,Oliver_Twist
Mrs. Corney,DC,0,34,Oliver_Twist
Mrs. Corney,DN,0,34,Oliver_Twist
Mrs. Mann,N,0,34,Oliver_Twist
Mrs. Mann,C,0,34,Oliver_Twist
Mrs. Mann,I,0,34,Oliver_Twist
Mrs. Mann,A,0,34,Oliver_Twist
Mrs. Mann,DC,0,34,Oliver_Twist
Mrs. Mann,DN,0,34,Oliver_Twist
Mrs. Maylie,N,2,34,Oliver_Twist
Mrs. Maylie,C,1,34,Oliver_Twist
Mrs. Maylie,I,0,34,Oliver_Twist
Mrs. Maylie,A,0,34,Oliver_Twist
Mrs. Maylie,DC,0,34,Oliver_Twist
Mrs. Maylie,DN,0,34,Oliver_Twist
Mrs. Sowerberry,N,0,34,Oliver_Twist
Mrs. Sowerberry,C,0,34,Oliver_Twist
Mrs. Sowerberry,I,0,34,Oliver_Twist
Mrs. Sowerberry,A,0,34,Oliver_Twist
Mrs. Sowerberry,DC,0,34,Oliver_Twist
Mrs. Sowerberry,DN,0,34,Oliver_Twist
Nancy,N,0,34,Oliver_Twist
Nancy,C,0,34,Oliver_Twist
Nancy,I,0,34,Oliver_Twist
Nancy,A,0,34,Oliver_Twist
Nancy,DC,0,34,Oliver_Twist
Nancy,DN,0,34,Oliver_Twist
Noah,N,0,34,Oliver_Twist
Noah,C,0,34,Oliver_Twist
Noah,I,0,34,Oliver_Twist
Noah,A,0,34,Oliver_Twist
Noah,DC,0,34,Oliver_Twist
Noah,DN,0,34,Oliver_Twist
Oliver,N,7,34,Oliver_Twist
Oliver,C,0,34,Oliver_Twist
Oliver,I,2,34,Oliver_Twist
Oliver,A,8,34,Oliver_Twist
Oliver,DC,1,34,Oliver_Twist
Oliver,DN,2,34,Oliver_Twist
Rose,N,9,34,Oliver_Twist
Rose,C,11,34,Oliver_Twist
Rose,I,2,34,Oliver_Twist
Rose,A,3,34,Oliver_Twist
Rose,DC,0,34,Oliver_Twist
Rose,DN,0,34,Oliver_Twist
Sikes,N,0,34,Oliver_Twist
Sikes,C,0,34,Oliver_Twist
Sikes,I,0,34,Oliver_Twist
Sikes,A,0,34,Oliver_Twist
Sikes,DC,0,34,Oliver_Twist
Sikes,DN,0,34,Oliver_Twist
Spyers,N,0,34,Oliver_Twist
Spyers,C,0,34,Oliver_Twist
Spyers,I,0,34,Oliver_Twist
Spyers,A,0,34,Oliver_Twist
Spyers,DC,0,34,Oliver_Twist
Spyers,DN,0,34,Oliver_Twist
The Jew,N,0,34,Oliver_Twist
The Jew,C,0,34,Oliver_Twist
The Jew,I,0,34,Oliver_Twist
The Jew,A,0,34,Oliver_Twist
The Jew,DC,0,34,Oliver_Twist
The Jew,DN,0,34,Oliver_Twist
Toby,N,0,34,Oliver_Twist
Toby,C,0,34,Oliver_Twist
Toby,I,0,34,Oliver_Twist
Toby,A,0,34,Oliver_Twist
Toby,DC,0,34,Oliver_Twist
Toby,DN,0,34,Oliver_Twist
Tom,N,0,34,Oliver_Twist
Tom,C,0,34,Oliver_Twist
Tom,I,0,34,Oliver_Twist
Tom,A,0,34,Oliver_Twist
Tom,DC,0,34,Oliver_Twist
Tom,DN,0,34,Oliver_Twist
Work’us,N,0,34,Oliver_Twist
Work’us,C,0,34,Oliver_Twist
Work’us,I,0,34,Oliver_Twist
Work’us,A,0,34,Oliver_Twist
Work’us,DC,0,34,Oliver_Twist
Work’us,DN,0,34,Oliver_Twist
old Sally,N,0,34,Oliver_Twist
old Sally,C,0,34,Oliver_Twist
old Sally,I,0,34,Oliver_Twist
old Sally,A,0,34,Oliver_Twist
old Sally,DC,0,34,Oliver_Twist
old Sally,DN,0,34,Oliver_Twist
the Clerkinwell Sessions,N,0,34,Oliver_Twist
the Clerkinwell Sessions,C,0,34,Oliver_Twist
the Clerkinwell Sessions,I,0,34,Oliver_Twist
the Clerkinwell Sessions,A,0,34,Oliver_Twist
the Clerkinwell Sessions,DC,0,34,Oliver_Twist
the Clerkinwell Sessions,DN,0,34,Oliver_Twist
the Cripples,N,0,34,Oliver_Twist
the Cripples,C,0,34,Oliver_Twist
the Cripples,I,0,34,Oliver_Twist
the Cripples,A,0,34,Oliver_Twist
the Cripples,DC,0,34,Oliver_Twist
the Cripples,DN,0,34,Oliver_Twist
the Dodger,N,0,34,Oliver_Twist
the Dodger,C,0,34,Oliver_Twist
the Dodger,I,0,34,Oliver_Twist
the Dodger,A,0,34,Oliver_Twist
the Dodger,DC,0,34,Oliver_Twist
the Dodger,DN,0,34,Oliver_Twist
Agnes,N,0,35,Oliver_Twist
Agnes,C,0,35,Oliver_Twist
Agnes,I,0,35,Oliver_Twist
Agnes,A,0,35,Oliver_Twist
Agnes,DC,0,35,Oliver_Twist
Agnes,DN,0,35,Oliver_Twist
Barney,N,0,35,Oliver_Twist
Barney,C,0,35,Oliver_Twist
Barney,I,0,35,Oliver_Twist
Barney,A,0,35,Oliver_Twist
Barney,DC,0,35,Oliver_Twist
Barney,DN,0,35,Oliver_Twist
Bet,N,0,35,Oliver_Twist
Bet,C,0,35,Oliver_Twist
Bet,I,0,35,Oliver_Twist
Bet,A,0,35,Oliver_Twist
Bet,DC,0,35,Oliver_Twist
Bet,DN,0,35,Oliver_Twist
Blathers,N,26,35,Oliver_Twist
Blathers,C,39,35,Oliver_Twist
Blathers,I,12,35,Oliver_Twist
Blathers,A,7,35,Oliver_Twist
Blathers,DC,3,35,Oliver_Twist
Blathers,DN,1,35,Oliver_Twist
Brittles,N,9,35,Oliver_Twist
Brittles,C,1,35,Oliver_Twist
Brittles,I,3,35,Oliver_Twist
Brittles,A,7,35,Oliver_Twist
Brittles,DC,0,35,Oliver_Twist
Brittles,DN,1,35,Oliver_Twist
Charlotte,N,0,35,Oliver_Twist
Charlotte,C,0,35,Oliver_Twist
Charlotte,I,0,35,Oliver_Twist
Charlotte,A,0,35,Oliver_Twist
Charlotte,DC,0,35,Oliver_Twist
Charlotte,DN,0,35,Oliver_Twist
Chickweed,N,23,35,Oliver_Twist
Chickweed,C,0,35,Oliver_Twist
Chickweed,I,1,35,Oliver_Twist
Chickweed,A,13,35,Oliver_Twist
Chickweed,DC,26,35,Oliver_Twist
Chickweed,DN,0,35,Oliver_Twist
Cod,N,0,35,Oliver_Twist
Cod,C,0,35,Oliver_Twist
Cod,I,0,35,Oliver_Twist
Cod,A,0,35,Oliver_Twist
Cod,DC,0,35,Oliver_Twist
Cod,DN,0,35,Oliver_Twist
Dick,N,0,35,Oliver_Twist
Dick,C,0,35,Oliver_Twist
Dick,I,0,35,Oliver_Twist
Dick,A,0,35,Oliver_Twist
Dick,DC,0,35,Oliver_Twist
Dick,DN,0,35,Oliver_Twist
Duff,N,18,35,Oliver_Twist
Duff,C,9,35,Oliver_Twist
Duff,I,0,35,Oliver_Twist
Duff,A,1,35,Oliver_Twist
Duff,DC,2,35,Oliver_Twist
Duff,DN,0,35,Oliver_Twist
Fagin,N,0,35,Oliver_Twist
Fagin,C,0,35,Oliver_Twist
Fagin,I,0,35,Oliver_Twist
Fagin,A,0,35,Oliver_Twist
Fagin,DC,0,35,Oliver_Twist
Fagin,DN,0,35,Oliver_Twist
Faguey,N,0,35,Oliver_Twist
Faguey,C,0,35,Oliver_Twist
Faguey,I,0,35,Oliver_Twist
Faguey,A,0,35,Oliver_Twist
Faguey,DC,0,35,Oliver_Twist
Faguey,DN,0,35,Oliver_Twist
God,N,0,35,Oliver_Twist
God,C,0,35,Oliver_Twist
God,I,0,35,Oliver_Twist
God,A,0,35,Oliver_Twist
God,DC,0,35,Oliver_Twist
God,DN,0,35,Oliver_Twist
Harry,N,0,35,Oliver_Twist
Harry,C,0,35,Oliver_Twist
Harry,I,0,35,Oliver_Twist
Harry,A,0,35,Oliver_Twist
Harry,DC,0,35,Oliver_Twist
Harry,DN,0,35,Oliver_Twist
Heaven,N,0,35,Oliver_Twist
Heaven,C,0,35,Oliver_Twist
Heaven,I,0,35,Oliver_Twist
Heaven,A,0,35,Oliver_Twist
Heaven,DC,0,35,Oliver_Twist
Heaven,DN,0,35,Oliver_Twist
Jack Dawkins,N,0,35,Oliver_Twist
Jack Dawkins,C,0,35,Oliver_Twist
Jack Dawkins,I,0,35,Oliver_Twist
Jack Dawkins,A,0,35,Oliver_Twist
Jack Dawkins,DC,0,35,Oliver_Twist
Jack Dawkins,DN,0,35,Oliver_Twist
Kags,N,0,35,Oliver_Twist
Kags,C,0,35,Oliver_Twist
Kags,I,0,35,Oliver_Twist
Kags,A,0,35,Oliver_Twist
Kags,DC,0,35,Oliver_Twist
Kags,DN,0,35,Oliver_Twist
Little Oliver,N,0,35,Oliver_Twist
Little Oliver,C,0,35,Oliver_Twist
Little Oliver,I,0,35,Oliver_Twist
Little Oliver,A,0,35,Oliver_Twist
Little Oliver,DC,0,35,Oliver_Twist
Little Oliver,DN,0,35,Oliver_Twist
Lor,N,0,35,Oliver_Twist
Lor,C,0,35,Oliver_Twist
Lor,I,0,35,Oliver_Twist
Lor,A,0,35,Oliver_Twist
Lor,DC,0,35,Oliver_Twist
Lor,DN,0,35,Oliver_Twist
Master Bates,N,0,35,Oliver_Twist
Master Bates,C,0,35,Oliver_Twist
Master Bates,I,0,35,Oliver_Twist
Master Bates,A,0,35,Oliver_Twist
Master Bates,DC,0,35,Oliver_Twist
Master Bates,DN,0,35,Oliver_Twist
Messrs. Blathers,N,8,35,Oliver_Twist
Messrs. Blathers,C,2,35,Oliver_Twist
Messrs. Blathers,I,0,35,Oliver_Twist
Messrs. Blathers,A,6,35,Oliver_Twist
Messrs. Blathers,DC,0,35,Oliver_Twist
Messrs. Blathers,DN,0,35,Oliver_Twist
Miss Maylie,N,0,35,Oliver_Twist
Miss Maylie,C,0,35,Oliver_Twist
Miss Maylie,I,0,35,Oliver_Twist
Miss Maylie,A,0,35,Oliver_Twist
Miss Maylie,DC,0,35,Oliver_Twist
Miss Maylie,DN,0,35,Oliver_Twist
Monks,N,0,35,Oliver_Twist
Monks,C,0,35,Oliver_Twist
Monks,I,0,35,Oliver_Twist
Monks,A,0,35,Oliver_Twist
Monks,DC,0,35,Oliver_Twist
Monks,DN,0,35,Oliver_Twist
Mr. Bolter,N,0,35,Oliver_Twist
Mr. Bolter,C,0,35,Oliver_Twist
Mr. Bolter,I,0,35,Oliver_Twist
Mr. Bolter,A,0,35,Oliver_Twist
Mr. Bolter,DC,0,35,Oliver_Twist
Mr. Bolter,DN,0,35,Oliver_Twist
Mr. Browlow,N,0,35,Oliver_Twist
Mr. Browlow,C,0,35,Oliver_Twist
Mr. Browlow,I,0,35,Oliver_Twist
Mr. Browlow,A,0,35,Oliver_Twist
Mr. Browlow,DC,0,35,Oliver_Twist
Mr. Browlow,DN,0,35,Oliver_Twist
Mr. Brownlow,N,0,35,Oliver_Twist
Mr. Brownlow,C,0,35,Oliver_Twist
Mr. Brownlow,I,0,35,Oliver_Twist
Mr. Brownlow,A,0,35,Oliver_Twist
Mr. Brownlow,DC,0,35,Oliver_Twist
Mr. Brownlow,DN,0,35,Oliver_Twist
Mr. Bumble,N,0,35,Oliver_Twist
Mr. Bumble,C,0,35,Oliver_Twist
Mr. Bumble,I,0,35,Oliver_Twist
Mr. Bumble,A,0,35,Oliver_Twist
Mr. Bumble,DC,0,35,Oliver_Twist
Mr. Bumble,DN,0,35,Oliver_Twist
Mr. Chitling,N,0,35,Oliver_Twist
Mr. Chitling,C,0,35,Oliver_Twist
Mr. Chitling,I,0,35,Oliver_Twist
Mr. Chitling,A,0,35,Oliver_Twist
Mr. Chitling,DC,0,35,Oliver_Twist
Mr. Chitling,DN,0,35,Oliver_Twist
Mr. Dawkins,N,0,35,Oliver_Twist
Mr. Dawkins,C,0,35,Oliver_Twist
Mr. Dawkins,I,0,35,Oliver_Twist
Mr. Dawkins,A,0,35,Oliver_Twist
Mr. Dawkins,DC,0,35,Oliver_Twist
Mr. Dawkins,DN,0,35,Oliver_Twist
Mr. Fang,N,0,35,Oliver_Twist
Mr. Fang,C,0,35,Oliver_Twist
Mr. Fang,I,0,35,Oliver_Twist
Mr. Fang,A,0,35,Oliver_Twist
Mr. Fang,DC,0,35,Oliver_Twist
Mr. Fang,DN,0,35,Oliver_Twist
Mr. Gamfield,N,0,35,Oliver_Twist
Mr. Gamfield,C,0,35,Oliver_Twist
Mr. Gamfield,I,0,35,Oliver_Twist
Mr. Gamfield,A,0,35,Oliver_Twist
Mr. Gamfield,DC,0,35,Oliver_Twist
Mr. Gamfield,DN,0,35,Oliver_Twist
Mr. Giles,N,14,35,Oliver_Twist
Mr. Giles,C,9,35,Oliver_Twist
Mr. Giles,I,9,35,Oliver_Twist
Mr. Giles,A,8,35,Oliver_Twist
Mr. Giles,DC,3,35,Oliver_Twist
Mr. Giles,DN,1,35,Oliver_Twist
Mr. Grimwig,N,0,35,Oliver_Twist
Mr. Grimwig,C,0,35,Oliver_Twist
Mr. Grimwig,I,0,35,Oliver_Twist
Mr. Grimwig,A,0,35,Oliver_Twist
Mr. Grimwig,DC,0,35,Oliver_Twist
Mr. Grimwig,DN,0,35,Oliver_Twist
Mr. Limbkins,N,0,35,Oliver_Twist
Mr. Limbkins,C,0,35,Oliver_Twist
Mr. Limbkins,I,0,35,Oliver_Twist
Mr. Limbkins,A,0,35,Oliver_Twist
Mr. Limbkins,DC,0,35,Oliver_Twist
Mr. Limbkins,DN,0,35,Oliver_Twist
Mr. Lively,N,0,35,Oliver_Twist
Mr. Lively,C,0,35,Oliver_Twist
Mr. Lively,I,0,35,Oliver_Twist
Mr. Lively,A,0,35,Oliver_Twist
Mr. Lively,DC,0,35,Oliver_Twist
Mr. Lively,DN,0,35,Oliver_Twist
Mr. Losberne,N,11,35,Oliver_Twist
Mr. Losberne,C,6,35,Oliver_Twist
Mr. Losberne,I,4,35,Oliver_Twist
Mr. Losberne,A,1,35,Oliver_Twist
Mr. Losberne,DC,0,35,Oliver_Twist
Mr. Losberne,DN,0,35,Oliver_Twist
Mr. Maylie,N,0,35,Oliver_Twist
Mr. Maylie,C,0,35,Oliver_Twist
Mr. Maylie,I,0,35,Oliver_Twist
Mr. Maylie,A,0,35,Oliver_Twist
Mr. Maylie,DC,0,35,Oliver_Twist
Mr. Maylie,DN,0,35,Oliver_Twist
Mr. Sikes,N,0,35,Oliver_Twist
Mr. Sikes,C,0,35,Oliver_Twist
Mr. Sikes,I,0,35,Oliver_Twist
Mr. Sikes,A,0,35,Oliver_Twist
Mr. Sikes,DC,0,35,Oliver_Twist
Mr. Sikes,DN,0,35,Oliver_Twist
Mr. Sowerberry,N,0,35,Oliver_Twist
Mr. Sowerberry,C,0,35,Oliver_Twist
Mr. Sowerberry,I,0,35,Oliver_Twist
Mr. Sowerberry,A,0,35,Oliver_Twist
Mr. Sowerberry,DC,0,35,Oliver_Twist
Mr. Sowerberry,DN,0,35,Oliver_Twist
Mrs. Bedwin,N,0,35,Oliver_Twist
Mrs. Bedwin,C,0,35,Oliver_Twist
Mrs. Bedwin,I,0,35,Oliver_Twist
Mrs. Bedwin,A,0,35,Oliver_Twist
Mrs. Bedwin,DC,0,35,Oliver_Twist
Mrs. Bedwin,DN,0,35,Oliver_Twist
Mrs. Bolter,N,0,35,Oliver_Twist
Mrs. Bolter,C,0,35,Oliver_Twist
Mrs. Bolter,I,0,35,Oliver_Twist
Mrs. Bolter,A,0,35,Oliver_Twist
Mrs. Bolter,DC,0,35,Oliver_Twist
Mrs. Bolter,DN,0,35,Oliver_Twist
Mrs. Corney,N,0,35,Oliver_Twist
Mrs. Corney,C,0,35,Oliver_Twist
Mrs. Corney,I,0,35,Oliver_Twist
Mrs. Corney,A,0,35,Oliver_Twist
Mrs. Corney,DC,0,35,Oliver_Twist
Mrs. Corney,DN,0,35,Oliver_Twist
Mrs. Mann,N,0,35,Oliver_Twist
Mrs. Mann,C,0,35,Oliver_Twist
Mrs. Mann,I,0,35,Oliver_Twist
Mrs. Mann,A,0,35,Oliver_Twist
Mrs. Mann,DC,0,35,Oliver_Twist
Mrs. Mann,DN,0,35,Oliver_Twist
Mrs. Maylie,N,8,35,Oliver_Twist
Mrs. Maylie,C,3,35,Oliver_Twist
Mrs. Maylie,I,0,35,Oliver_Twist
Mrs. Maylie,A,2,35,Oliver_Twist
Mrs. Maylie,DC,1,35,Oliver_Twist
Mrs. Maylie,DN,0,35,Oliver_Twist
Mrs. Sowerberry,N,0,35,Oliver_Twist
Mrs. Sowerberry,C,0,35,Oliver_Twist
Mrs. Sowerberry,I,0,35,Oliver_Twist
Mrs. Sowerberry,A,0,35,Oliver_Twist
Mrs. Sowerberry,DC,0,35,Oliver_Twist
Mrs. Sowerberry,DN,0,35,Oliver_Twist
Nancy,N,0,35,Oliver_Twist
Nancy,C,0,35,Oliver_Twist
Nancy,I,0,35,Oliver_Twist
Nancy,A,0,35,Oliver_Twist
Nancy,DC,0,35,Oliver_Twist
Nancy,DN,0,35,Oliver_Twist
Noah,N,0,35,Oliver_Twist
Noah,C,0,35,Oliver_Twist
Noah,I,0,35,Oliver_Twist
Noah,A,0,35,Oliver_Twist
Noah,DC,0,35,Oliver_Twist
Noah,DN,0,35,Oliver_Twist
Oliver,N,9,35,Oliver_Twist
Oliver,C,0,35,Oliver_Twist
Oliver,I,0,35,Oliver_Twist
Oliver,A,4,35,Oliver_Twist
Oliver,DC,0,35,Oliver_Twist
Oliver,DN,1,35,Oliver_Twist
Rose,N,9,35,Oliver_Twist
Rose,C,11,35,Oliver_Twist
Rose,I,6,35,Oliver_Twist
Rose,A,0,35,Oliver_Twist
Rose,DC,2,35,Oliver_Twist
Rose,DN,1,35,Oliver_Twist
Sikes,N,0,35,Oliver_Twist
Sikes,C,0,35,Oliver_Twist
Sikes,I,0,35,Oliver_Twist
Sikes,A,0,35,Oliver_Twist
Sikes,DC,0,35,Oliver_Twist
Sikes,DN,0,35,Oliver_Twist
Spyers,N,13,35,Oliver_Twist
Spyers,C,0,35,Oliver_Twist
Spyers,I,5,35,Oliver_Twist
Spyers,A,18,35,Oliver_Twist
Spyers,DC,18,35,Oliver_Twist
Spyers,DN,0,35,Oliver_Twist
The Jew,N,0,35,Oliver_Twist
The Jew,C,0,35,Oliver_Twist
The Jew,I,0,35,Oliver_Twist
The Jew,A,0,35,Oliver_Twist
The Jew,DC,0,35,Oliver_Twist
The Jew,DN,0,35,Oliver_Twist
Toby,N,0,35,Oliver_Twist
Toby,C,0,35,Oliver_Twist
Toby,I,0,35,Oliver_Twist
Toby,A,0,35,Oliver_Twist
Toby,DC,0,35,Oliver_Twist
Toby,DN,0,35,Oliver_Twist
Tom,N,0,35,Oliver_Twist
Tom,C,0,35,Oliver_Twist
Tom,I,0,35,Oliver_Twist
Tom,A,0,35,Oliver_Twist
Tom,DC,0,35,Oliver_Twist
Tom,DN,0,35,Oliver_Twist
Work’us,N,0,35,Oliver_Twist
Work’us,C,0,35,Oliver_Twist
Work’us,I,0,35,Oliver_Twist
Work’us,A,0,35,Oliver_Twist
Work’us,DC,0,35,Oliver_Twist
Work’us,DN,0,35,Oliver_Twist
old Sally,N,0,35,Oliver_Twist
old Sally,C,0,35,Oliver_Twist
old Sally,I,0,35,Oliver_Twist
old Sally,A,0,35,Oliver_Twist
old Sally,DC,0,35,Oliver_Twist
old Sally,DN,0,35,Oliver_Twist
the Clerkinwell Sessions,N,0,35,Oliver_Twist
the Clerkinwell Sessions,C,0,35,Oliver_Twist
the Clerkinwell Sessions,I,0,35,Oliver_Twist
the Clerkinwell Sessions,A,0,35,Oliver_Twist
the Clerkinwell Sessions,DC,0,35,Oliver_Twist
the Clerkinwell Sessions,DN,0,35,Oliver_Twist
the Cripples,N,0,35,Oliver_Twist
the Cripples,C,0,35,Oliver_Twist
the Cripples,I,0,35,Oliver_Twist
the Cripples,A,0,35,Oliver_Twist
the Cripples,DC,0,35,Oliver_Twist
the Cripples,DN,0,35,Oliver_Twist
the Dodger,N,0,35,Oliver_Twist
the Dodger,C,0,35,Oliver_Twist
the Dodger,I,0,35,Oliver_Twist
the Dodger,A,0,35,Oliver_Twist
the Dodger,DC,0,35,Oliver_Twist
the Dodger,DN,0,35,Oliver_Twist
Agnes,N,0,36,Oliver_Twist
Agnes,C,0,36,Oliver_Twist
Agnes,I,0,36,Oliver_Twist
Agnes,A,0,36,Oliver_Twist
Agnes,DC,0,36,Oliver_Twist
Agnes,DN,0,36,Oliver_Twist
Barney,N,0,36,Oliver_Twist
Barney,C,0,36,Oliver_Twist
Barney,I,0,36,Oliver_Twist
Barney,A,0,36,Oliver_Twist
Barney,DC,0,36,Oliver_Twist
Barney,DN,0,36,Oliver_Twist
Bet,N,0,36,Oliver_Twist
Bet,C,0,36,Oliver_Twist
Bet,I,0,36,Oliver_Twist
Bet,A,0,36,Oliver_Twist
Bet,DC,0,36,Oliver_Twist
Bet,DN,0,36,Oliver_Twist
Blathers,N,0,36,Oliver_Twist
Blathers,C,0,36,Oliver_Twist
Blathers,I,0,36,Oliver_Twist
Blathers,A,0,36,Oliver_Twist
Blathers,DC,0,36,Oliver_Twist
Blathers,DN,0,36,Oliver_Twist
Brittles,N,0,36,Oliver_Twist
Brittles,C,0,36,Oliver_Twist
Brittles,I,0,36,Oliver_Twist
Brittles,A,0,36,Oliver_Twist
Brittles,DC,0,36,Oliver_Twist
Brittles,DN,0,36,Oliver_Twist
Charlotte,N,0,36,Oliver_Twist
Charlotte,C,0,36,Oliver_Twist
Charlotte,I,0,36,Oliver_Twist
Charlotte,A,0,36,Oliver_Twist
Charlotte,DC,0,36,Oliver_Twist
Charlotte,DN,0,36,Oliver_Twist
Chickweed,N,0,36,Oliver_Twist
Chickweed,C,0,36,Oliver_Twist
Chickweed,I,0,36,Oliver_Twist
Chickweed,A,0,36,Oliver_Twist
Chickweed,DC,0,36,Oliver_Twist
Chickweed,DN,0,36,Oliver_Twist
Cod,N,0,36,Oliver_Twist
Cod,C,0,36,Oliver_Twist
Cod,I,0,36,Oliver_Twist
Cod,A,0,36,Oliver_Twist
Cod,DC,0,36,Oliver_Twist
Cod,DN,0,36,Oliver_Twist
Dick,N,0,36,Oliver_Twist
Dick,C,0,36,Oliver_Twist
Dick,I,0,36,Oliver_Twist
Dick,A,0,36,Oliver_Twist
Dick,DC,0,36,Oliver_Twist
Dick,DN,0,36,Oliver_Twist
Duff,N,0,36,Oliver_Twist
Duff,C,0,36,Oliver_Twist
Duff,I,0,36,Oliver_Twist
Duff,A,0,36,Oliver_Twist
Duff,DC,0,36,Oliver_Twist
Duff,DN,0,36,Oliver_Twist
Fagin,N,1,36,Oliver_Twist
Fagin,C,0,36,Oliver_Twist
Fagin,I,0,36,Oliver_Twist
Fagin,A,0,36,Oliver_Twist
Fagin,DC,0,36,Oliver_Twist
Fagin,DN,0,36,Oliver_Twist
Faguey,N,0,36,Oliver_Twist
Faguey,C,0,36,Oliver_Twist
Faguey,I,0,36,Oliver_Twist
Faguey,A,0,36,Oliver_Twist
Faguey,DC,0,36,Oliver_Twist
Faguey,DN,0,36,Oliver_Twist
God,N,0,36,Oliver_Twist
God,C,0,36,Oliver_Twist
God,I,0,36,Oliver_Twist
God,A,0,36,Oliver_Twist
God,DC,0,36,Oliver_Twist
God,DN,0,36,Oliver_Twist
Harry,N,0,36,Oliver_Twist
Harry,C,0,36,Oliver_Twist
Harry,I,0,36,Oliver_Twist
Harry,A,0,36,Oliver_Twist
Harry,DC,0,36,Oliver_Twist
Harry,DN,0,36,Oliver_Twist
Heaven,N,0,36,Oliver_Twist
Heaven,C,0,36,Oliver_Twist
Heaven,I,0,36,Oliver_Twist
Heaven,A,0,36,Oliver_Twist
Heaven,DC,0,36,Oliver_Twist
Heaven,DN,0,36,Oliver_Twist
Jack Dawkins,N,0,36,Oliver_Twist
Jack Dawkins,C,0,36,Oliver_Twist
Jack Dawkins,I,0,36,Oliver_Twist
Jack Dawkins,A,0,36,Oliver_Twist
Jack Dawkins,DC,0,36,Oliver_Twist
Jack Dawkins,DN,0,36,Oliver_Twist
Kags,N,0,36,Oliver_Twist
Kags,C,0,36,Oliver_Twist
Kags,I,0,36,Oliver_Twist
Kags,A,0,36,Oliver_Twist
Kags,DC,0,36,Oliver_Twist
Kags,DN,0,36,Oliver_Twist
Little Oliver,N,0,36,Oliver_Twist
Little Oliver,C,0,36,Oliver_Twist
Little Oliver,I,0,36,Oliver_Twist
Little Oliver,A,0,36,Oliver_Twist
Little Oliver,DC,0,36,Oliver_Twist
Little Oliver,DN,0,36,Oliver_Twist
Lor,N,0,36,Oliver_Twist
Lor,C,0,36,Oliver_Twist
Lor,I,0,36,Oliver_Twist
Lor,A,0,36,Oliver_Twist
Lor,DC,0,36,Oliver_Twist
Lor,DN,0,36,Oliver_Twist
Master Bates,N,0,36,Oliver_Twist
Master Bates,C,0,36,Oliver_Twist
Master Bates,I,0,36,Oliver_Twist
Master Bates,A,0,36,Oliver_Twist
Master Bates,DC,0,36,Oliver_Twist
Master Bates,DN,0,36,Oliver_Twist
Messrs. Blathers,N,0,36,Oliver_Twist
Messrs. Blathers,C,0,36,Oliver_Twist
Messrs. Blathers,I,0,36,Oliver_Twist
Messrs. Blathers,A,0,36,Oliver_Twist
Messrs. Blathers,DC,0,36,Oliver_Twist
Messrs. Blathers,DN,0,36,Oliver_Twist
Miss Maylie,N,2,36,Oliver_Twist
Miss Maylie,C,2,36,Oliver_Twist
Miss Maylie,I,0,36,Oliver_Twist
Miss Maylie,A,1,36,Oliver_Twist
Miss Maylie,DC,0,36,Oliver_Twist
Miss Maylie,DN,0,36,Oliver_Twist
Monks,N,0,36,Oliver_Twist
Monks,C,0,36,Oliver_Twist
Monks,I,0,36,Oliver_Twist
Monks,A,0,36,Oliver_Twist
Monks,DC,0,36,Oliver_Twist
Monks,DN,0,36,Oliver_Twist
Mr. Bolter,N,0,36,Oliver_Twist
Mr. Bolter,C,0,36,Oliver_Twist
Mr. Bolter,I,0,36,Oliver_Twist
Mr. Bolter,A,0,36,Oliver_Twist
Mr. Bolter,DC,0,36,Oliver_Twist
Mr. Bolter,DN,0,36,Oliver_Twist
Mr. Browlow,N,0,36,Oliver_Twist
Mr. Browlow,C,0,36,Oliver_Twist
Mr. Browlow,I,0,36,Oliver_Twist
Mr. Browlow,A,0,36,Oliver_Twist
Mr. Browlow,DC,0,36,Oliver_Twist
Mr. Browlow,DN,0,36,Oliver_Twist
Mr. Brownlow,N,5,36,Oliver_Twist
Mr. Brownlow,C,0,36,Oliver_Twist
Mr. Brownlow,I,0,36,Oliver_Twist
Mr. Brownlow,A,1,36,Oliver_Twist
Mr. Brownlow,DC,2,36,Oliver_Twist
Mr. Brownlow,DN,0,36,Oliver_Twist
Mr. Bumble,N,0,36,Oliver_Twist
Mr. Bumble,C,0,36,Oliver_Twist
Mr. Bumble,I,0,36,Oliver_Twist
Mr. Bumble,A,0,36,Oliver_Twist
Mr. Bumble,DC,0,36,Oliver_Twist
Mr. Bumble,DN,0,36,Oliver_Twist
Mr. Chitling,N,0,36,Oliver_Twist
Mr. Chitling,C,0,36,Oliver_Twist
Mr. Chitling,I,0,36,Oliver_Twist
Mr. Chitling,A,0,36,Oliver_Twist
Mr. Chitling,DC,0,36,Oliver_Twist
Mr. Chitling,DN,0,36,Oliver_Twist
Mr. Dawkins,N,0,36,Oliver_Twist
Mr. Dawkins,C,0,36,Oliver_Twist
Mr. Dawkins,I,0,36,Oliver_Twist
Mr. Dawkins,A,0,36,Oliver_Twist
Mr. Dawkins,DC,0,36,Oliver_Twist
Mr. Dawkins,DN,0,36,Oliver_Twist
Mr. Fang,N,0,36,Oliver_Twist
Mr. Fang,C,0,36,Oliver_Twist
Mr. Fang,I,0,36,Oliver_Twist
Mr. Fang,A,0,36,Oliver_Twist
Mr. Fang,DC,0,36,Oliver_Twist
Mr. Fang,DN,0,36,Oliver_Twist
Mr. Gamfield,N,0,36,Oliver_Twist
Mr. Gamfield,C,0,36,Oliver_Twist
Mr. Gamfield,I,0,36,Oliver_Twist
Mr. Gamfield,A,0,36,Oliver_Twist
Mr. Gamfield,DC,0,36,Oliver_Twist
Mr. Gamfield,DN,0,36,Oliver_Twist
Mr. Giles,N,1,36,Oliver_Twist
Mr. Giles,C,0,36,Oliver_Twist
Mr. Giles,I,0,36,Oliver_Twist
Mr. Giles,A,0,36,Oliver_Twist
Mr. Giles,DC,0,36,Oliver_Twist
Mr. Giles,DN,0,36,Oliver_Twist
Mr. Grimwig,N,0,36,Oliver_Twist
Mr. Grimwig,C,0,36,Oliver_Twist
Mr. Grimwig,I,0,36,Oliver_Twist
Mr. Grimwig,A,0,36,Oliver_Twist
Mr. Grimwig,DC,0,36,Oliver_Twist
Mr. Grimwig,DN,0,36,Oliver_Twist
Mr. Limbkins,N,0,36,Oliver_Twist
Mr. Limbkins,C,0,36,Oliver_Twist
Mr. Limbkins,I,0,36,Oliver_Twist
Mr. Limbkins,A,0,36,Oliver_Twist
Mr. Limbkins,DC,0,36,Oliver_Twist
Mr. Limbkins,DN,0,36,Oliver_Twist
Mr. Lively,N,0,36,Oliver_Twist
Mr. Lively,C,0,36,Oliver_Twist
Mr. Lively,I,0,36,Oliver_Twist
Mr. Lively,A,0,36,Oliver_Twist
Mr. Lively,DC,0,36,Oliver_Twist
Mr. Lively,DN,0,36,Oliver_Twist
Mr. Losberne,N,8,36,Oliver_Twist
Mr. Losberne,C,8,36,Oliver_Twist
Mr. Losberne,I,2,36,Oliver_Twist
Mr. Losberne,A,3,36,Oliver_Twist
Mr. Losberne,DC,2,36,Oliver_Twist
Mr. Losberne,DN,0,36,Oliver_Twist
Mr. Maylie,N,0,36,Oliver_Twist
Mr. Maylie,C,0,36,Oliver_Twist
Mr. Maylie,I,0,36,Oliver_Twist
Mr. Maylie,A,0,36,Oliver_Twist
Mr. Maylie,DC,0,36,Oliver_Twist
Mr. Maylie,DN,0,36,Oliver_Twist
Mr. Sikes,N,0,36,Oliver_Twist
Mr. Sikes,C,0,36,Oliver_Twist
Mr. Sikes,I,0,36,Oliver_Twist
Mr. Sikes,A,0,36,Oliver_Twist
Mr. Sikes,DC,0,36,Oliver_Twist
Mr. Sikes,DN,0,36,Oliver_Twist
Mr. Sowerberry,N,0,36,Oliver_Twist
Mr. Sowerberry,C,0,36,Oliver_Twist
Mr. Sowerberry,I,0,36,Oliver_Twist
Mr. Sowerberry,A,0,36,Oliver_Twist
Mr. Sowerberry,DC,0,36,Oliver_Twist
Mr. Sowerberry,DN,0,36,Oliver_Twist
Mrs. Bedwin,N,1,36,Oliver_Twist
Mrs. Bedwin,C,0,36,Oliver_Twist
Mrs. Bedwin,I,0,36,Oliver_Twist
Mrs. Bedwin,A,0,36,Oliver_Twist
Mrs. Bedwin,DC,0,36,Oliver_Twist
Mrs. Bedwin,DN,0,36,Oliver_Twist
Mrs. Bolter,N,0,36,Oliver_Twist
Mrs. Bolter,C,0,36,Oliver_Twist
Mrs. Bolter,I,0,36,Oliver_Twist
Mrs. Bolter,A,0,36,Oliver_Twist
Mrs. Bolter,DC,0,36,Oliver_Twist
Mrs. Bolter,DN,0,36,Oliver_Twist
Mrs. Corney,N,0,36,Oliver_Twist
Mrs. Corney,C,0,36,Oliver_Twist
Mrs. Corney,I,0,36,Oliver_Twist
Mrs. Corney,A,0,36,Oliver_Twist
Mrs. Corney,DC,0,36,Oliver_Twist
Mrs. Corney,DN,0,36,Oliver_Twist
Mrs. Mann,N,0,36,Oliver_Twist
Mrs. Mann,C,0,36,Oliver_Twist
Mrs. Mann,I,0,36,Oliver_Twist
Mrs. Mann,A,0,36,Oliver_Twist
Mrs. Mann,DC,0,36,Oliver_Twist
Mrs. Mann,DN,0,36,Oliver_Twist
Mrs. Maylie,N,2,36,Oliver_Twist
Mrs. Maylie,C,0,36,Oliver_Twist
Mrs. Maylie,I,0,36,Oliver_Twist
Mrs. Maylie,A,0,36,Oliver_Twist
Mrs. Maylie,DC,0,36,Oliver_Twist
Mrs. Maylie,DN,0,36,Oliver_Twist
Mrs. Sowerberry,N,0,36,Oliver_Twist
Mrs. Sowerberry,C,0,36,Oliver_Twist
Mrs. Sowerberry,I,0,36,Oliver_Twist
Mrs. Sowerberry,A,0,36,Oliver_Twist
Mrs. Sowerberry,DC,0,36,Oliver_Twist
Mrs. Sowerberry,DN,0,36,Oliver_Twist
Nancy,N,0,36,Oliver_Twist
Nancy,C,0,36,Oliver_Twist
Nancy,I,0,36,Oliver_Twist
Nancy,A,0,36,Oliver_Twist
Nancy,DC,0,36,Oliver_Twist
Nancy,DN,0,36,Oliver_Twist
Noah,N,0,36,Oliver_Twist
Noah,C,0,36,Oliver_Twist
Noah,I,0,36,Oliver_Twist
Noah,A,0,36,Oliver_Twist
Noah,DC,0,36,Oliver_Twist
Noah,DN,0,36,Oliver_Twist
Oliver,N,40,36,Oliver_Twist
Oliver,C,23,36,Oliver_Twist
Oliver,I,25,36,Oliver_Twist
Oliver,A,37,36,Oliver_Twist
Oliver,DC,3,36,Oliver_Twist
Oliver,DN,5,36,Oliver_Twist
Rose,N,3,36,Oliver_Twist
Rose,C,1,36,Oliver_Twist
Rose,I,0,36,Oliver_Twist
Rose,A,2,36,Oliver_Twist
Rose,DC,0,36,Oliver_Twist
Rose,DN,0,36,Oliver_Twist
Sikes,N,2,36,Oliver_Twist
Sikes,C,0,36,Oliver_Twist
Sikes,I,0,36,Oliver_Twist
Sikes,A,1,36,Oliver_Twist
Sikes,DC,0,36,Oliver_Twist
Sikes,DN,0,36,Oliver_Twist
Spyers,N,0,36,Oliver_Twist
Spyers,C,0,36,Oliver_Twist
Spyers,I,0,36,Oliver_Twist
Spyers,A,0,36,Oliver_Twist
Spyers,DC,0,36,Oliver_Twist
Spyers,DN,0,36,Oliver_Twist
The Jew,N,0,36,Oliver_Twist
The Jew,C,0,36,Oliver_Twist
The Jew,I,0,36,Oliver_Twist
The Jew,A,0,36,Oliver_Twist
The Jew,DC,0,36,Oliver_Twist
The Jew,DN,0,36,Oliver_Twist
Toby,N,0,36,Oliver_Twist
Toby,C,0,36,Oliver_Twist
Toby,I,0,36,Oliver_Twist
Toby,A,0,36,Oliver_Twist
Toby,DC,0,36,Oliver_Twist
Toby,DN,0,36,Oliver_Twist
Tom,N,0,36,Oliver_Twist
Tom,C,0,36,Oliver_Twist
Tom,I,0,36,Oliver_Twist
Tom,A,0,36,Oliver_Twist
Tom,DC,0,36,Oliver_Twist
Tom,DN,0,36,Oliver_Twist
Work’us,N,0,36,Oliver_Twist
Work’us,C,0,36,Oliver_Twist
Work’us,I,0,36,Oliver_Twist
Work’us,A,0,36,Oliver_Twist
Work’us,DC,0,36,Oliver_Twist
Work’us,DN,0,36,Oliver_Twist
old Sally,N,0,36,Oliver_Twist
old Sally,C,0,36,Oliver_Twist
old Sally,I,0,36,Oliver_Twist
old Sally,A,0,36,Oliver_Twist
old Sally,DC,0,36,Oliver_Twist
old Sally,DN,0,36,Oliver_Twist
the Clerkinwell Sessions,N,0,36,Oliver_Twist
the Clerkinwell Sessions,C,0,36,Oliver_Twist
the Clerkinwell Sessions,I,0,36,Oliver_Twist
the Clerkinwell Sessions,A,0,36,Oliver_Twist
the Clerkinwell Sessions,DC,0,36,Oliver_Twist
the Clerkinwell Sessions,DN,0,36,Oliver_Twist
the Cripples,N,0,36,Oliver_Twist
the Cripples,C,0,36,Oliver_Twist
the Cripples,I,0,36,Oliver_Twist
the Cripples,A,0,36,Oliver_Twist
the Cripples,DC,0,36,Oliver_Twist
the Cripples,DN,0,36,Oliver_Twist
the Dodger,N,0,36,Oliver_Twist
the Dodger,C,0,36,Oliver_Twist
the Dodger,I,0,36,Oliver_Twist
the Dodger,A,0,36,Oliver_Twist
the Dodger,DC,0,36,Oliver_Twist
the Dodger,DN,0,36,Oliver_Twist
Agnes,N,0,37,Oliver_Twist
Agnes,C,0,37,Oliver_Twist
Agnes,I,0,37,Oliver_Twist
Agnes,A,0,37,Oliver_Twist
Agnes,DC,0,37,Oliver_Twist
Agnes,DN,0,37,Oliver_Twist
Barney,N,0,37,Oliver_Twist
Barney,C,0,37,Oliver_Twist
Barney,I,0,37,Oliver_Twist
Barney,A,0,37,Oliver_Twist
Barney,DC,0,37,Oliver_Twist
Barney,DN,0,37,Oliver_Twist
Bet,N,0,37,Oliver_Twist
Bet,C,0,37,Oliver_Twist
Bet,I,0,37,Oliver_Twist
Bet,A,0,37,Oliver_Twist
Bet,DC,0,37,Oliver_Twist
Bet,DN,0,37,Oliver_Twist
Blathers,N,0,37,Oliver_Twist
Blathers,C,0,37,Oliver_Twist
Blathers,I,0,37,Oliver_Twist
Blathers,A,0,37,Oliver_Twist
Blathers,DC,0,37,Oliver_Twist
Blathers,DN,0,37,Oliver_Twist
Brittles,N,0,37,Oliver_Twist
Brittles,C,0,37,Oliver_Twist
Brittles,I,0,37,Oliver_Twist
Brittles,A,0,37,Oliver_Twist
Brittles,DC,0,37,Oliver_Twist
Brittles,DN,0,37,Oliver_Twist
Charlotte,N,0,37,Oliver_Twist
Charlotte,C,0,37,Oliver_Twist
Charlotte,I,0,37,Oliver_Twist
Charlotte,A,0,37,Oliver_Twist
Charlotte,DC,0,37,Oliver_Twist
Charlotte,DN,0,37,Oliver_Twist
Chickweed,N,0,37,Oliver_Twist
Chickweed,C,0,37,Oliver_Twist
Chickweed,I,0,37,Oliver_Twist
Chickweed,A,0,37,Oliver_Twist
Chickweed,DC,0,37,Oliver_Twist
Chickweed,DN,0,37,Oliver_Twist
Cod,N,0,37,Oliver_Twist
Cod,C,0,37,Oliver_Twist
Cod,I,0,37,Oliver_Twist
Cod,A,0,37,Oliver_Twist
Cod,DC,0,37,Oliver_Twist
Cod,DN,0,37,Oliver_Twist
Dick,N,0,37,Oliver_Twist
Dick,C,0,37,Oliver_Twist
Dick,I,0,37,Oliver_Twist
Dick,A,0,37,Oliver_Twist
Dick,DC,0,37,Oliver_Twist
Dick,DN,0,37,Oliver_Twist
Duff,N,0,37,Oliver_Twist
Duff,C,0,37,Oliver_Twist
Duff,I,0,37,Oliver_Twist
Duff,A,0,37,Oliver_Twist
Duff,DC,0,37,Oliver_Twist
Duff,DN,0,37,Oliver_Twist
Fagin,N,0,37,Oliver_Twist
Fagin,C,0,37,Oliver_Twist
Fagin,I,0,37,Oliver_Twist
Fagin,A,0,37,Oliver_Twist
Fagin,DC,0,37,Oliver_Twist
Fagin,DN,0,37,Oliver_Twist
Faguey,N,0,37,Oliver_Twist
Faguey,C,0,37,Oliver_Twist
Faguey,I,0,37,Oliver_Twist
Faguey,A,0,37,Oliver_Twist
Faguey,DC,0,37,Oliver_Twist
Faguey,DN,0,37,Oliver_Twist
God,N,2,37,Oliver_Twist
God,C,0,37,Oliver_Twist
God,I,1,37,Oliver_Twist
God,A,1,37,Oliver_Twist
God,DC,2,37,Oliver_Twist
God,DN,0,37,Oliver_Twist
Harry,N,1,37,Oliver_Twist
Harry,C,0,37,Oliver_Twist
Harry,I,0,37,Oliver_Twist
Harry,A,0,37,Oliver_Twist
Harry,DC,0,37,Oliver_Twist
Harry,DN,0,37,Oliver_Twist
Heaven,N,0,37,Oliver_Twist
Heaven,C,0,37,Oliver_Twist
Heaven,I,0,37,Oliver_Twist
Heaven,A,0,37,Oliver_Twist
Heaven,DC,0,37,Oliver_Twist
Heaven,DN,0,37,Oliver_Twist
Jack Dawkins,N,0,37,Oliver_Twist
Jack Dawkins,C,0,37,Oliver_Twist
Jack Dawkins,I,0,37,Oliver_Twist
Jack Dawkins,A,0,37,Oliver_Twist
Jack Dawkins,DC,0,37,Oliver_Twist
Jack Dawkins,DN,0,37,Oliver_Twist
Kags,N,0,37,Oliver_Twist
Kags,C,0,37,Oliver_Twist
Kags,I,0,37,Oliver_Twist
Kags,A,0,37,Oliver_Twist
Kags,DC,0,37,Oliver_Twist
Kags,DN,0,37,Oliver_Twist
Little Oliver,N,0,37,Oliver_Twist
Little Oliver,C,0,37,Oliver_Twist
Little Oliver,I,0,37,Oliver_Twist
Little Oliver,A,0,37,Oliver_Twist
Little Oliver,DC,0,37,Oliver_Twist
Little Oliver,DN,0,37,Oliver_Twist
Lor,N,0,37,Oliver_Twist
Lor,C,0,37,Oliver_Twist
Lor,I,0,37,Oliver_Twist
Lor,A,0,37,Oliver_Twist
Lor,DC,0,37,Oliver_Twist
Lor,DN,0,37,Oliver_Twist
Master Bates,N,0,37,Oliver_Twist
Master Bates,C,0,37,Oliver_Twist
Master Bates,I,0,37,Oliver_Twist
Master Bates,A,0,37,Oliver_Twist
Master Bates,DC,0,37,Oliver_Twist
Master Bates,DN,0,37,Oliver_Twist
Messrs. Blathers,N,0,37,Oliver_Twist
Messrs. Blathers,C,0,37,Oliver_Twist
Messrs. Blathers,I,0,37,Oliver_Twist
Messrs. Blathers,A,0,37,Oliver_Twist
Messrs. Blathers,DC,0,37,Oliver_Twist
Messrs. Blathers,DN,0,37,Oliver_Twist
Miss Maylie,N,0,37,Oliver_Twist
Miss Maylie,C,0,37,Oliver_Twist
Miss Maylie,I,0,37,Oliver_Twist
Miss Maylie,A,0,37,Oliver_Twist
Miss Maylie,DC,0,37,Oliver_Twist
Miss Maylie,DN,0,37,Oliver_Twist
Monks,N,0,37,Oliver_Twist
Monks,C,0,37,Oliver_Twist
Monks,I,0,37,Oliver_Twist
Monks,A,0,37,Oliver_Twist
Monks,DC,0,37,Oliver_Twist
Monks,DN,0,37,Oliver_Twist
Mr. Bolter,N,0,37,Oliver_Twist
Mr. Bolter,C,0,37,Oliver_Twist
Mr. Bolter,I,0,37,Oliver_Twist
Mr. Bolter,A,0,37,Oliver_Twist
Mr. Bolter,DC,0,37,Oliver_Twist
Mr. Bolter,DN,0,37,Oliver_Twist
Mr. Browlow,N,0,37,Oliver_Twist
Mr. Browlow,C,0,37,Oliver_Twist
Mr. Browlow,I,0,37,Oliver_Twist
Mr. Browlow,A,0,37,Oliver_Twist
Mr. Browlow,DC,0,37,Oliver_Twist
Mr. Browlow,DN,0,37,Oliver_Twist
Mr. Brownlow,N,0,37,Oliver_Twist
Mr. Brownlow,C,0,37,Oliver_Twist
Mr. Brownlow,I,0,37,Oliver_Twist
Mr. Brownlow,A,0,37,Oliver_Twist
Mr. Brownlow,DC,0,37,Oliver_Twist
Mr. Brownlow,DN,0,37,Oliver_Twist
Mr. Bumble,N,0,37,Oliver_Twist
Mr. Bumble,C,0,37,Oliver_Twist
Mr. Bumble,I,0,37,Oliver_Twist
Mr. Bumble,A,0,37,Oliver_Twist
Mr. Bumble,DC,0,37,Oliver_Twist
Mr. Bumble,DN,0,37,Oliver_Twist
Mr. Chitling,N,0,37,Oliver_Twist
Mr. Chitling,C,0,37,Oliver_Twist
Mr. Chitling,I,0,37,Oliver_Twist
Mr. Chitling,A,0,37,Oliver_Twist
Mr. Chitling,DC,0,37,Oliver_Twist
Mr. Chitling,DN,0,37,Oliver_Twist
Mr. Dawkins,N,0,37,Oliver_Twist
Mr. Dawkins,C,0,37,Oliver_Twist
Mr. Dawkins,I,0,37,Oliver_Twist
Mr. Dawkins,A,0,37,Oliver_Twist
Mr. Dawkins,DC,0,37,Oliver_Twist
Mr. Dawkins,DN,0,37,Oliver_Twist
Mr. Fang,N,0,37,Oliver_Twist
Mr. Fang,C,0,37,Oliver_Twist
Mr. Fang,I,0,37,Oliver_Twist
Mr. Fang,A,0,37,Oliver_Twist
Mr. Fang,DC,0,37,Oliver_Twist
Mr. Fang,DN,0,37,Oliver_Twist
Mr. Gamfield,N,0,37,Oliver_Twist
Mr. Gamfield,C,0,37,Oliver_Twist
Mr. Gamfield,I,0,37,Oliver_Twist
Mr. Gamfield,A,0,37,Oliver_Twist
Mr. Gamfield,DC,0,37,Oliver_Twist
Mr. Gamfield,DN,0,37,Oliver_Twist
Mr. Giles,N,0,37,Oliver_Twist
Mr. Giles,C,0,37,Oliver_Twist
Mr. Giles,I,0,37,Oliver_Twist
Mr. Giles,A,0,37,Oliver_Twist
Mr. Giles,DC,0,37,Oliver_Twist
Mr. Giles,DN,0,37,Oliver_Twist
Mr. Grimwig,N,0,37,Oliver_Twist
Mr. Grimwig,C,0,37,Oliver_Twist
Mr. Grimwig,I,0,37,Oliver_Twist
Mr. Grimwig,A,0,37,Oliver_Twist
Mr. Grimwig,DC,0,37,Oliver_Twist
Mr. Grimwig,DN,0,37,Oliver_Twist
Mr. Limbkins,N,0,37,Oliver_Twist
Mr. Limbkins,C,0,37,Oliver_Twist
Mr. Limbkins,I,0,37,Oliver_Twist
Mr. Limbkins,A,0,37,Oliver_Twist
Mr. Limbkins,DC,0,37,Oliver_Twist
Mr. Limbkins,DN,0,37,Oliver_Twist
Mr. Lively,N,0,37,Oliver_Twist
Mr. Lively,C,0,37,Oliver_Twist
Mr. Lively,I,0,37,Oliver_Twist
Mr. Lively,A,0,37,Oliver_Twist
Mr. Lively,DC,0,37,Oliver_Twist
Mr. Lively,DN,0,37,Oliver_Twist
Mr. Losberne,N,3,37,Oliver_Twist
Mr. Losberne,C,0,37,Oliver_Twist
Mr. Losberne,I,0,37,Oliver_Twist
Mr. Losberne,A,2,37,Oliver_Twist
Mr. Losberne,DC,1,37,Oliver_Twist
Mr. Losberne,DN,0,37,Oliver_Twist
Mr. Maylie,N,0,37,Oliver_Twist
Mr. Maylie,C,0,37,Oliver_Twist
Mr. Maylie,I,0,37,Oliver_Twist
Mr. Maylie,A,0,37,Oliver_Twist
Mr. Maylie,DC,0,37,Oliver_Twist
Mr. Maylie,DN,0,37,Oliver_Twist
Mr. Sikes,N,0,37,Oliver_Twist
Mr. Sikes,C,0,37,Oliver_Twist
Mr. Sikes,I,0,37,Oliver_Twist
Mr. Sikes,A,0,37,Oliver_Twist
Mr. Sikes,DC,0,37,Oliver_Twist
Mr. Sikes,DN,0,37,Oliver_Twist
Mr. Sowerberry,N,0,37,Oliver_Twist
Mr. Sowerberry,C,0,37,Oliver_Twist
Mr. Sowerberry,I,0,37,Oliver_Twist
Mr. Sowerberry,A,0,37,Oliver_Twist
Mr. Sowerberry,DC,0,37,Oliver_Twist
Mr. Sowerberry,DN,0,37,Oliver_Twist
Mrs. Bedwin,N,0,37,Oliver_Twist
Mrs. Bedwin,C,0,37,Oliver_Twist
Mrs. Bedwin,I,0,37,Oliver_Twist
Mrs. Bedwin,A,0,37,Oliver_Twist
Mrs. Bedwin,DC,0,37,Oliver_Twist
Mrs. Bedwin,DN,0,37,Oliver_Twist
Mrs. Bolter,N,0,37,Oliver_Twist
Mrs. Bolter,C,0,37,Oliver_Twist
Mrs. Bolter,I,0,37,Oliver_Twist
Mrs. Bolter,A,0,37,Oliver_Twist
Mrs. Bolter,DC,0,37,Oliver_Twist
Mrs. Bolter,DN,0,37,Oliver_Twist
Mrs. Corney,N,0,37,Oliver_Twist
Mrs. Corney,C,0,37,Oliver_Twist
Mrs. Corney,I,0,37,Oliver_Twist
Mrs. Corney,A,0,37,Oliver_Twist
Mrs. Corney,DC,0,37,Oliver_Twist
Mrs. Corney,DN,0,37,Oliver_Twist
Mrs. Mann,N,0,37,Oliver_Twist
Mrs. Mann,C,0,37,Oliver_Twist
Mrs. Mann,I,0,37,Oliver_Twist
Mrs. Mann,A,0,37,Oliver_Twist
Mrs. Mann,DC,0,37,Oliver_Twist
Mrs. Mann,DN,0,37,Oliver_Twist
Mrs. Maylie,N,14,37,Oliver_Twist
Mrs. Maylie,C,13,37,Oliver_Twist
Mrs. Maylie,I,12,37,Oliver_Twist
Mrs. Maylie,A,11,37,Oliver_Twist
Mrs. Maylie,DC,0,37,Oliver_Twist
Mrs. Maylie,DN,2,37,Oliver_Twist
Mrs. Sowerberry,N,0,37,Oliver_Twist
Mrs. Sowerberry,C,0,37,Oliver_Twist
Mrs. Sowerberry,I,0,37,Oliver_Twist
Mrs. Sowerberry,A,0,37,Oliver_Twist
Mrs. Sowerberry,DC,0,37,Oliver_Twist
Mrs. Sowerberry,DN,0,37,Oliver_Twist
Nancy,N,0,37,Oliver_Twist
Nancy,C,0,37,Oliver_Twist
Nancy,I,0,37,Oliver_Twist
Nancy,A,0,37,Oliver_Twist
Nancy,DC,0,37,Oliver_Twist
Nancy,DN,0,37,Oliver_Twist
Noah,N,0,37,Oliver_Twist
Noah,C,0,37,Oliver_Twist
Noah,I,0,37,Oliver_Twist
Noah,A,0,37,Oliver_Twist
Noah,DC,0,37,Oliver_Twist
Noah,DN,0,37,Oliver_Twist
Oliver,N,32,37,Oliver_Twist
Oliver,C,15,37,Oliver_Twist
Oliver,I,13,37,Oliver_Twist
Oliver,A,32,37,Oliver_Twist
Oliver,DC,5,37,Oliver_Twist
Oliver,DN,11,37,Oliver_Twist
Rose,N,13,37,Oliver_Twist
Rose,C,4,37,Oliver_Twist
Rose,I,3,37,Oliver_Twist
Rose,A,14,37,Oliver_Twist
Rose,DC,11,37,Oliver_Twist
Rose,DN,4,37,Oliver_Twist
Sikes,N,0,37,Oliver_Twist
Sikes,C,0,37,Oliver_Twist
Sikes,I,0,37,Oliver_Twist
Sikes,A,0,37,Oliver_Twist
Sikes,DC,0,37,Oliver_Twist
Sikes,DN,0,37,Oliver_Twist
Spyers,N,0,37,Oliver_Twist
Spyers,C,0,37,Oliver_Twist
Spyers,I,0,37,Oliver_Twist
Spyers,A,0,37,Oliver_Twist
Spyers,DC,0,37,Oliver_Twist
Spyers,DN,0,37,Oliver_Twist
The Jew,N,0,37,Oliver_Twist
The Jew,C,0,37,Oliver_Twist
The Jew,I,0,37,Oliver_Twist
The Jew,A,0,37,Oliver_Twist
The Jew,DC,0,37,Oliver_Twist
The Jew,DN,0,37,Oliver_Twist
Toby,N,0,37,Oliver_Twist
Toby,C,0,37,Oliver_Twist
Toby,I,0,37,Oliver_Twist
Toby,A,0,37,Oliver_Twist
Toby,DC,0,37,Oliver_Twist
Toby,DN,0,37,Oliver_Twist
Tom,N,0,37,Oliver_Twist
Tom,C,0,37,Oliver_Twist
Tom,I,0,37,Oliver_Twist
Tom,A,0,37,Oliver_Twist
Tom,DC,0,37,Oliver_Twist
Tom,DN,0,37,Oliver_Twist
Work’us,N,0,37,Oliver_Twist
Work’us,C,0,37,Oliver_Twist
Work’us,I,0,37,Oliver_Twist
Work’us,A,0,37,Oliver_Twist
Work’us,DC,0,37,Oliver_Twist
Work’us,DN,0,37,Oliver_Twist
old Sally,N,0,37,Oliver_Twist
old Sally,C,0,37,Oliver_Twist
old Sally,I,0,37,Oliver_Twist
old Sally,A,0,37,Oliver_Twist
old Sally,DC,0,37,Oliver_Twist
old Sally,DN,0,37,Oliver_Twist
the Clerkinwell Sessions,N,0,37,Oliver_Twist
the Clerkinwell Sessions,C,0,37,Oliver_Twist
the Clerkinwell Sessions,I,0,37,Oliver_Twist
the Clerkinwell Sessions,A,0,37,Oliver_Twist
the Clerkinwell Sessions,DC,0,37,Oliver_Twist
the Clerkinwell Sessions,DN,0,37,Oliver_Twist
the Cripples,N,0,37,Oliver_Twist
the Cripples,C,0,37,Oliver_Twist
the Cripples,I,0,37,Oliver_Twist
the Cripples,A,0,37,Oliver_Twist
the Cripples,DC,0,37,Oliver_Twist
the Cripples,DN,0,37,Oliver_Twist
the Dodger,N,0,37,Oliver_Twist
the Dodger,C,0,37,Oliver_Twist
the Dodger,I,0,37,Oliver_Twist
the Dodger,A,0,37,Oliver_Twist
the Dodger,DC,0,37,Oliver_Twist
the Dodger,DN,0,37,Oliver_Twist
Agnes,N,0,38,Oliver_Twist
Agnes,C,0,38,Oliver_Twist
Agnes,I,0,38,Oliver_Twist
Agnes,A,0,38,Oliver_Twist
Agnes,DC,0,38,Oliver_Twist
Agnes,DN,0,38,Oliver_Twist
Barney,N,0,38,Oliver_Twist
Barney,C,0,38,Oliver_Twist
Barney,I,0,38,Oliver_Twist
Barney,A,0,38,Oliver_Twist
Barney,DC,0,38,Oliver_Twist
Barney,DN,0,38,Oliver_Twist
Bet,N,0,38,Oliver_Twist
Bet,C,0,38,Oliver_Twist
Bet,I,0,38,Oliver_Twist
Bet,A,0,38,Oliver_Twist
Bet,DC,0,38,Oliver_Twist
Bet,DN,0,38,Oliver_Twist
Blathers,N,0,38,Oliver_Twist
Blathers,C,0,38,Oliver_Twist
Blathers,I,0,38,Oliver_Twist
Blathers,A,0,38,Oliver_Twist
Blathers,DC,0,38,Oliver_Twist
Blathers,DN,0,38,Oliver_Twist
Brittles,N,1,38,Oliver_Twist
Brittles,C,0,38,Oliver_Twist
Brittles,I,0,38,Oliver_Twist
Brittles,A,1,38,Oliver_Twist
Brittles,DC,0,38,Oliver_Twist
Brittles,DN,1,38,Oliver_Twist
Charlotte,N,0,38,Oliver_Twist
Charlotte,C,0,38,Oliver_Twist
Charlotte,I,0,38,Oliver_Twist
Charlotte,A,0,38,Oliver_Twist
Charlotte,DC,0,38,Oliver_Twist
Charlotte,DN,0,38,Oliver_Twist
Chickweed,N,0,38,Oliver_Twist
Chickweed,C,0,38,Oliver_Twist
Chickweed,I,0,38,Oliver_Twist
Chickweed,A,0,38,Oliver_Twist
Chickweed,DC,0,38,Oliver_Twist
Chickweed,DN,0,38,Oliver_Twist
Cod,N,0,38,Oliver_Twist
Cod,C,0,38,Oliver_Twist
Cod,I,0,38,Oliver_Twist
Cod,A,0,38,Oliver_Twist
Cod,DC,0,38,Oliver_Twist
Cod,DN,0,38,Oliver_Twist
Dick,N,0,38,Oliver_Twist
Dick,C,0,38,Oliver_Twist
Dick,I,0,38,Oliver_Twist
Dick,A,0,38,Oliver_Twist
Dick,DC,0,38,Oliver_Twist
Dick,DN,0,38,Oliver_Twist
Duff,N,0,38,Oliver_Twist
Duff,C,0,38,Oliver_Twist
Duff,I,0,38,Oliver_Twist
Duff,A,0,38,Oliver_Twist
Duff,DC,0,38,Oliver_Twist
Duff,DN,0,38,Oliver_Twist
Fagin,N,0,38,Oliver_Twist
Fagin,C,0,38,Oliver_Twist
Fagin,I,0,38,Oliver_Twist
Fagin,A,0,38,Oliver_Twist
Fagin,DC,0,38,Oliver_Twist
Fagin,DN,0,38,Oliver_Twist
Faguey,N,0,38,Oliver_Twist
Faguey,C,0,38,Oliver_Twist
Faguey,I,0,38,Oliver_Twist
Faguey,A,0,38,Oliver_Twist
Faguey,DC,0,38,Oliver_Twist
Faguey,DN,0,38,Oliver_Twist
God,N,0,38,Oliver_Twist
God,C,0,38,Oliver_Twist
God,I,0,38,Oliver_Twist
God,A,0,38,Oliver_Twist
God,DC,0,38,Oliver_Twist
God,DN,0,38,Oliver_Twist
Harry,N,11,38,Oliver_Twist
Harry,C,9,38,Oliver_Twist
Harry,I,6,38,Oliver_Twist
Harry,A,5,38,Oliver_Twist
Harry,DC,4,38,Oliver_Twist
Harry,DN,2,38,Oliver_Twist
Heaven,N,0,38,Oliver_Twist
Heaven,C,0,38,Oliver_Twist
Heaven,I,0,38,Oliver_Twist
Heaven,A,0,38,Oliver_Twist
Heaven,DC,0,38,Oliver_Twist
Heaven,DN,0,38,Oliver_Twist
Jack Dawkins,N,0,38,Oliver_Twist
Jack Dawkins,C,0,38,Oliver_Twist
Jack Dawkins,I,0,38,Oliver_Twist
Jack Dawkins,A,0,38,Oliver_Twist
Jack Dawkins,DC,0,38,Oliver_Twist
Jack Dawkins,DN,0,38,Oliver_Twist
Kags,N,0,38,Oliver_Twist
Kags,C,0,38,Oliver_Twist
Kags,I,0,38,Oliver_Twist
Kags,A,0,38,Oliver_Twist
Kags,DC,0,38,Oliver_Twist
Kags,DN,0,38,Oliver_Twist
Little Oliver,N,0,38,Oliver_Twist
Little Oliver,C,0,38,Oliver_Twist
Little Oliver,I,0,38,Oliver_Twist
Little Oliver,A,0,38,Oliver_Twist
Little Oliver,DC,0,38,Oliver_Twist
Little Oliver,DN,0,38,Oliver_Twist
Lor,N,0,38,Oliver_Twist
Lor,C,0,38,Oliver_Twist
Lor,I,0,38,Oliver_Twist
Lor,A,0,38,Oliver_Twist
Lor,DC,0,38,Oliver_Twist
Lor,DN,0,38,Oliver_Twist
Master Bates,N,0,38,Oliver_Twist
Master Bates,C,0,38,Oliver_Twist
Master Bates,I,0,38,Oliver_Twist
Master Bates,A,0,38,Oliver_Twist
Master Bates,DC,0,38,Oliver_Twist
Master Bates,DN,0,38,Oliver_Twist
Messrs. Blathers,N,0,38,Oliver_Twist
Messrs. Blathers,C,0,38,Oliver_Twist
Messrs. Blathers,I,0,38,Oliver_Twist
Messrs. Blathers,A,0,38,Oliver_Twist
Messrs. Blathers,DC,0,38,Oliver_Twist
Messrs. Blathers,DN,0,38,Oliver_Twist
Miss Maylie,N,0,38,Oliver_Twist
Miss Maylie,C,0,38,Oliver_Twist
Miss Maylie,I,0,38,Oliver_Twist
Miss Maylie,A,0,38,Oliver_Twist
Miss Maylie,DC,0,38,Oliver_Twist
Miss Maylie,DN,0,38,Oliver_Twist
Monks,N,0,38,Oliver_Twist
Monks,C,0,38,Oliver_Twist
Monks,I,0,38,Oliver_Twist
Monks,A,0,38,Oliver_Twist
Monks,DC,0,38,Oliver_Twist
Monks,DN,0,38,Oliver_Twist
Mr. Bolter,N,0,38,Oliver_Twist
Mr. Bolter,C,0,38,Oliver_Twist
Mr. Bolter,I,0,38,Oliver_Twist
Mr. Bolter,A,0,38,Oliver_Twist
Mr. Bolter,DC,0,38,Oliver_Twist
Mr. Bolter,DN,0,38,Oliver_Twist
Mr. Browlow,N,0,38,Oliver_Twist
Mr. Browlow,C,0,38,Oliver_Twist
Mr. Browlow,I,0,38,Oliver_Twist
Mr. Browlow,A,0,38,Oliver_Twist
Mr. Browlow,DC,0,38,Oliver_Twist
Mr. Browlow,DN,0,38,Oliver_Twist
Mr. Brownlow,N,0,38,Oliver_Twist
Mr. Brownlow,C,0,38,Oliver_Twist
Mr. Brownlow,I,0,38,Oliver_Twist
Mr. Brownlow,A,0,38,Oliver_Twist
Mr. Brownlow,DC,0,38,Oliver_Twist
Mr. Brownlow,DN,0,38,Oliver_Twist
Mr. Bumble,N,0,38,Oliver_Twist
Mr. Bumble,C,0,38,Oliver_Twist
Mr. Bumble,I,0,38,Oliver_Twist
Mr. Bumble,A,0,38,Oliver_Twist
Mr. Bumble,DC,0,38,Oliver_Twist
Mr. Bumble,DN,0,38,Oliver_Twist
Mr. Chitling,N,0,38,Oliver_Twist
Mr. Chitling,C,0,38,Oliver_Twist
Mr. Chitling,I,0,38,Oliver_Twist
Mr. Chitling,A,0,38,Oliver_Twist
Mr. Chitling,DC,0,38,Oliver_Twist
Mr. Chitling,DN,0,38,Oliver_Twist
Mr. Dawkins,N,0,38,Oliver_Twist
Mr. Dawkins,C,0,38,Oliver_Twist
Mr. Dawkins,I,0,38,Oliver_Twist
Mr. Dawkins,A,0,38,Oliver_Twist
Mr. Dawkins,DC,0,38,Oliver_Twist
Mr. Dawkins,DN,0,38,Oliver_Twist
Mr. Fang,N,0,38,Oliver_Twist
Mr. Fang,C,0,38,Oliver_Twist
Mr. Fang,I,0,38,Oliver_Twist
Mr. Fang,A,0,38,Oliver_Twist
Mr. Fang,DC,0,38,Oliver_Twist
Mr. Fang,DN,0,38,Oliver_Twist
Mr. Gamfield,N,0,38,Oliver_Twist
Mr. Gamfield,C,0,38,Oliver_Twist
Mr. Gamfield,I,0,38,Oliver_Twist
Mr. Gamfield,A,0,38,Oliver_Twist
Mr. Gamfield,DC,0,38,Oliver_Twist
Mr. Gamfield,DN,0,38,Oliver_Twist
Mr. Giles,N,16,38,Oliver_Twist
Mr. Giles,C,9,38,Oliver_Twist
Mr. Giles,I,5,38,Oliver_Twist
Mr. Giles,A,16,38,Oliver_Twist
Mr. Giles,DC,1,38,Oliver_Twist
Mr. Giles,DN,1,38,Oliver_Twist
Mr. Grimwig,N,0,38,Oliver_Twist
Mr. Grimwig,C,0,38,Oliver_Twist
Mr. Grimwig,I,0,38,Oliver_Twist
Mr. Grimwig,A,0,38,Oliver_Twist
Mr. Grimwig,DC,0,38,Oliver_Twist
Mr. Grimwig,DN,0,38,Oliver_Twist
Mr. Limbkins,N,0,38,Oliver_Twist
Mr. Limbkins,C,0,38,Oliver_Twist
Mr. Limbkins,I,0,38,Oliver_Twist
Mr. Limbkins,A,0,38,Oliver_Twist
Mr. Limbkins,DC,0,38,Oliver_Twist
Mr. Limbkins,DN,0,38,Oliver_Twist
Mr. Lively,N,0,38,Oliver_Twist
Mr. Lively,C,0,38,Oliver_Twist
Mr. Lively,I,0,38,Oliver_Twist
Mr. Lively,A,0,38,Oliver_Twist
Mr. Lively,DC,0,38,Oliver_Twist
Mr. Lively,DN,0,38,Oliver_Twist
Mr. Losberne,N,4,38,Oliver_Twist
Mr. Losberne,C,0,38,Oliver_Twist
Mr. Losberne,I,0,38,Oliver_Twist
Mr. Losberne,A,0,38,Oliver_Twist
Mr. Losberne,DC,3,38,Oliver_Twist
Mr. Losberne,DN,0,38,Oliver_Twist
Mr. Maylie,N,1,38,Oliver_Twist
Mr. Maylie,C,0,38,Oliver_Twist
Mr. Maylie,I,0,38,Oliver_Twist
Mr. Maylie,A,0,38,Oliver_Twist
Mr. Maylie,DC,0,38,Oliver_Twist
Mr. Maylie,DN,0,38,Oliver_Twist
Mr. Sikes,N,0,38,Oliver_Twist
Mr. Sikes,C,0,38,Oliver_Twist
Mr. Sikes,I,0,38,Oliver_Twist
Mr. Sikes,A,0,38,Oliver_Twist
Mr. Sikes,DC,0,38,Oliver_Twist
Mr. Sikes,DN,0,38,Oliver_Twist
Mr. Sowerberry,N,0,38,Oliver_Twist
Mr. Sowerberry,C,0,38,Oliver_Twist
Mr. Sowerberry,I,0,38,Oliver_Twist
Mr. Sowerberry,A,0,38,Oliver_Twist
Mr. Sowerberry,DC,0,38,Oliver_Twist
Mr. Sowerberry,DN,0,38,Oliver_Twist
Mrs. Bedwin,N,0,38,Oliver_Twist
Mrs. Bedwin,C,0,38,Oliver_Twist
Mrs. Bedwin,I,0,38,Oliver_Twist
Mrs. Bedwin,A,0,38,Oliver_Twist
Mrs. Bedwin,DC,0,38,Oliver_Twist
Mrs. Bedwin,DN,0,38,Oliver_Twist
Mrs. Bolter,N,0,38,Oliver_Twist
Mrs. Bolter,C,0,38,Oliver_Twist
Mrs. Bolter,I,0,38,Oliver_Twist
Mrs. Bolter,A,0,38,Oliver_Twist
Mrs. Bolter,DC,0,38,Oliver_Twist
Mrs. Bolter,DN,0,38,Oliver_Twist
Mrs. Corney,N,0,38,Oliver_Twist
Mrs. Corney,C,0,38,Oliver_Twist
Mrs. Corney,I,0,38,Oliver_Twist
Mrs. Corney,A,0,38,Oliver_Twist
Mrs. Corney,DC,0,38,Oliver_Twist
Mrs. Corney,DN,0,38,Oliver_Twist
Mrs. Mann,N,0,38,Oliver_Twist
Mrs. Mann,C,0,38,Oliver_Twist
Mrs. Mann,I,0,38,Oliver_Twist
Mrs. Mann,A,0,38,Oliver_Twist
Mrs. Mann,DC,0,38,Oliver_Twist
Mrs. Mann,DN,0,38,Oliver_Twist
Mrs. Maylie,N,11,38,Oliver_Twist
Mrs. Maylie,C,15,38,Oliver_Twist
Mrs. Maylie,I,10,38,Oliver_Twist
Mrs. Maylie,A,6,38,Oliver_Twist
Mrs. Maylie,DC,1,38,Oliver_Twist
Mrs. Maylie,DN,0,38,Oliver_Twist
Mrs. Sowerberry,N,0,38,Oliver_Twist
Mrs. Sowerberry,C,0,38,Oliver_Twist
Mrs. Sowerberry,I,0,38,Oliver_Twist
Mrs. Sowerberry,A,0,38,Oliver_Twist
Mrs. Sowerberry,DC,0,38,Oliver_Twist
Mrs. Sowerberry,DN,0,38,Oliver_Twist
Nancy,N,0,38,Oliver_Twist
Nancy,C,0,38,Oliver_Twist
Nancy,I,0,38,Oliver_Twist
Nancy,A,0,38,Oliver_Twist
Nancy,DC,0,38,Oliver_Twist
Nancy,DN,0,38,Oliver_Twist
Noah,N,0,38,Oliver_Twist
Noah,C,0,38,Oliver_Twist
Noah,I,0,38,Oliver_Twist
Noah,A,0,38,Oliver_Twist
Noah,DC,0,38,Oliver_Twist
Noah,DN,0,38,Oliver_Twist
Oliver,N,27,38,Oliver_Twist
Oliver,C,6,38,Oliver_Twist
Oliver,I,25,38,Oliver_Twist
Oliver,A,27,38,Oliver_Twist
Oliver,DC,0,38,Oliver_Twist
Oliver,DN,8,38,Oliver_Twist
Rose,N,8,38,Oliver_Twist
Rose,C,0,38,Oliver_Twist
Rose,I,3,38,Oliver_Twist
Rose,A,4,38,Oliver_Twist
Rose,DC,8,38,Oliver_Twist
Rose,DN,1,38,Oliver_Twist
Sikes,N,0,38,Oliver_Twist
Sikes,C,0,38,Oliver_Twist
Sikes,I,0,38,Oliver_Twist
Sikes,A,0,38,Oliver_Twist
Sikes,DC,0,38,Oliver_Twist
Sikes,DN,0,38,Oliver_Twist
Spyers,N,0,38,Oliver_Twist
Spyers,C,0,38,Oliver_Twist
Spyers,I,0,38,Oliver_Twist
Spyers,A,0,38,Oliver_Twist
Spyers,DC,0,38,Oliver_Twist
Spyers,DN,0,38,Oliver_Twist
The Jew,N,0,38,Oliver_Twist
The Jew,C,0,38,Oliver_Twist
The Jew,I,0,38,Oliver_Twist
The Jew,A,0,38,Oliver_Twist
The Jew,DC,0,38,Oliver_Twist
The Jew,DN,0,38,Oliver_Twist
Toby,N,0,38,Oliver_Twist
Toby,C,0,38,Oliver_Twist
Toby,I,0,38,Oliver_Twist
Toby,A,0,38,Oliver_Twist
Toby,DC,0,38,Oliver_Twist
Toby,DN,0,38,Oliver_Twist
Tom,N,0,38,Oliver_Twist
Tom,C,0,38,Oliver_Twist
Tom,I,0,38,Oliver_Twist
Tom,A,0,38,Oliver_Twist
Tom,DC,0,38,Oliver_Twist
Tom,DN,0,38,Oliver_Twist
Work’us,N,0,38,Oliver_Twist
Work’us,C,0,38,Oliver_Twist
Work’us,I,0,38,Oliver_Twist
Work’us,A,0,38,Oliver_Twist
Work’us,DC,0,38,Oliver_Twist
Work’us,DN,0,38,Oliver_Twist
old Sally,N,0,38,Oliver_Twist
old Sally,C,0,38,Oliver_Twist
old Sally,I,0,38,Oliver_Twist
old Sally,A,0,38,Oliver_Twist
old Sally,DC,0,38,Oliver_Twist
old Sally,DN,0,38,Oliver_Twist
the Clerkinwell Sessions,N,0,38,Oliver_Twist
the Clerkinwell Sessions,C,0,38,Oliver_Twist
the Clerkinwell Sessions,I,0,38,Oliver_Twist
the Clerkinwell Sessions,A,0,38,Oliver_Twist
the Clerkinwell Sessions,DC,0,38,Oliver_Twist
the Clerkinwell Sessions,DN,0,38,Oliver_Twist
the Cripples,N,0,38,Oliver_Twist
the Cripples,C,0,38,Oliver_Twist
the Cripples,I,0,38,Oliver_Twist
the Cripples,A,0,38,Oliver_Twist
the Cripples,DC,0,38,Oliver_Twist
the Cripples,DN,0,38,Oliver_Twist
the Dodger,N,0,38,Oliver_Twist
the Dodger,C,0,38,Oliver_Twist
the Dodger,I,0,38,Oliver_Twist
the Dodger,A,0,38,Oliver_Twist
the Dodger,DC,0,38,Oliver_Twist
the Dodger,DN,0,38,Oliver_Twist
Agnes,N,0,39,Oliver_Twist
Agnes,C,0,39,Oliver_Twist
Agnes,I,0,39,Oliver_Twist
Agnes,A,0,39,Oliver_Twist
Agnes,DC,0,39,Oliver_Twist
Agnes,DN,0,39,Oliver_Twist
Barney,N,0,39,Oliver_Twist
Barney,C,0,39,Oliver_Twist
Barney,I,0,39,Oliver_Twist
Barney,A,0,39,Oliver_Twist
Barney,DC,0,39,Oliver_Twist
Barney,DN,0,39,Oliver_Twist
Bet,N,0,39,Oliver_Twist
Bet,C,0,39,Oliver_Twist
Bet,I,0,39,Oliver_Twist
Bet,A,0,39,Oliver_Twist
Bet,DC,0,39,Oliver_Twist
Bet,DN,0,39,Oliver_Twist
Blathers,N,0,39,Oliver_Twist
Blathers,C,0,39,Oliver_Twist
Blathers,I,0,39,Oliver_Twist
Blathers,A,0,39,Oliver_Twist
Blathers,DC,0,39,Oliver_Twist
Blathers,DN,0,39,Oliver_Twist
Brittles,N,0,39,Oliver_Twist
Brittles,C,0,39,Oliver_Twist
Brittles,I,0,39,Oliver_Twist
Brittles,A,0,39,Oliver_Twist
Brittles,DC,0,39,Oliver_Twist
Brittles,DN,0,39,Oliver_Twist
Charlotte,N,0,39,Oliver_Twist
Charlotte,C,0,39,Oliver_Twist
Charlotte,I,0,39,Oliver_Twist
Charlotte,A,0,39,Oliver_Twist
Charlotte,DC,0,39,Oliver_Twist
Charlotte,DN,0,39,Oliver_Twist
Chickweed,N,0,39,Oliver_Twist
Chickweed,C,0,39,Oliver_Twist
Chickweed,I,0,39,Oliver_Twist
Chickweed,A,0,39,Oliver_Twist
Chickweed,DC,0,39,Oliver_Twist
Chickweed,DN,0,39,Oliver_Twist
Cod,N,0,39,Oliver_Twist
Cod,C,0,39,Oliver_Twist
Cod,I,0,39,Oliver_Twist
Cod,A,0,39,Oliver_Twist
Cod,DC,0,39,Oliver_Twist
Cod,DN,0,39,Oliver_Twist
Dick,N,0,39,Oliver_Twist
Dick,C,0,39,Oliver_Twist
Dick,I,0,39,Oliver_Twist
Dick,A,0,39,Oliver_Twist
Dick,DC,0,39,Oliver_Twist
Dick,DN,0,39,Oliver_Twist
Duff,N,1,39,Oliver_Twist
Duff,C,0,39,Oliver_Twist
Duff,I,0,39,Oliver_Twist
Duff,A,0,39,Oliver_Twist
Duff,DC,0,39,Oliver_Twist
Duff,DN,0,39,Oliver_Twist
Fagin,N,0,39,Oliver_Twist
Fagin,C,0,39,Oliver_Twist
Fagin,I,0,39,Oliver_Twist
Fagin,A,0,39,Oliver_Twist
Fagin,DC,0,39,Oliver_Twist
Fagin,DN,0,39,Oliver_Twist
Faguey,N,0,39,Oliver_Twist
Faguey,C,0,39,Oliver_Twist
Faguey,I,0,39,Oliver_Twist
Faguey,A,0,39,Oliver_Twist
Faguey,DC,0,39,Oliver_Twist
Faguey,DN,0,39,Oliver_Twist
God,N,1,39,Oliver_Twist
God,C,0,39,Oliver_Twist
God,I,0,39,Oliver_Twist
God,A,0,39,Oliver_Twist
God,DC,0,39,Oliver_Twist
God,DN,0,39,Oliver_Twist
Harry,N,21,39,Oliver_Twist
Harry,C,27,39,Oliver_Twist
Harry,I,4,39,Oliver_Twist
Harry,A,8,39,Oliver_Twist
Harry,DC,11,39,Oliver_Twist
Harry,DN,0,39,Oliver_Twist
Heaven,N,1,39,Oliver_Twist
Heaven,C,0,39,Oliver_Twist
Heaven,I,0,39,Oliver_Twist
Heaven,A,1,39,Oliver_Twist
Heaven,DC,0,39,Oliver_Twist
Heaven,DN,0,39,Oliver_Twist
Jack Dawkins,N,0,39,Oliver_Twist
Jack Dawkins,C,0,39,Oliver_Twist
Jack Dawkins,I,0,39,Oliver_Twist
Jack Dawkins,A,0,39,Oliver_Twist
Jack Dawkins,DC,0,39,Oliver_Twist
Jack Dawkins,DN,0,39,Oliver_Twist
Kags,N,0,39,Oliver_Twist
Kags,C,0,39,Oliver_Twist
Kags,I,0,39,Oliver_Twist
Kags,A,0,39,Oliver_Twist
Kags,DC,0,39,Oliver_Twist
Kags,DN,0,39,Oliver_Twist
Little Oliver,N,0,39,Oliver_Twist
Little Oliver,C,0,39,Oliver_Twist
Little Oliver,I,0,39,Oliver_Twist
Little Oliver,A,0,39,Oliver_Twist
Little Oliver,DC,0,39,Oliver_Twist
Little Oliver,DN,0,39,Oliver_Twist
Lor,N,0,39,Oliver_Twist
Lor,C,0,39,Oliver_Twist
Lor,I,0,39,Oliver_Twist
Lor,A,0,39,Oliver_Twist
Lor,DC,0,39,Oliver_Twist
Lor,DN,0,39,Oliver_Twist
Master Bates,N,0,39,Oliver_Twist
Master Bates,C,0,39,Oliver_Twist
Master Bates,I,0,39,Oliver_Twist
Master Bates,A,0,39,Oliver_Twist
Master Bates,DC,0,39,Oliver_Twist
Master Bates,DN,0,39,Oliver_Twist
Messrs. Blathers,N,1,39,Oliver_Twist
Messrs. Blathers,C,0,39,Oliver_Twist
Messrs. Blathers,I,1,39,Oliver_Twist
Messrs. Blathers,A,0,39,Oliver_Twist
Messrs. Blathers,DC,0,39,Oliver_Twist
Messrs. Blathers,DN,0,39,Oliver_Twist
Miss Maylie,N,0,39,Oliver_Twist
Miss Maylie,C,0,39,Oliver_Twist
Miss Maylie,I,0,39,Oliver_Twist
Miss Maylie,A,0,39,Oliver_Twist
Miss Maylie,DC,0,39,Oliver_Twist
Miss Maylie,DN,0,39,Oliver_Twist
Monks,N,0,39,Oliver_Twist
Monks,C,0,39,Oliver_Twist
Monks,I,0,39,Oliver_Twist
Monks,A,0,39,Oliver_Twist
Monks,DC,0,39,Oliver_Twist
Monks,DN,0,39,Oliver_Twist
Mr. Bolter,N,0,39,Oliver_Twist
Mr. Bolter,C,0,39,Oliver_Twist
Mr. Bolter,I,0,39,Oliver_Twist
Mr. Bolter,A,0,39,Oliver_Twist
Mr. Bolter,DC,0,39,Oliver_Twist
Mr. Bolter,DN,0,39,Oliver_Twist
Mr. Browlow,N,0,39,Oliver_Twist
Mr. Browlow,C,0,39,Oliver_Twist
Mr. Browlow,I,0,39,Oliver_Twist
Mr. Browlow,A,0,39,Oliver_Twist
Mr. Browlow,DC,0,39,Oliver_Twist
Mr. Browlow,DN,0,39,Oliver_Twist
Mr. Brownlow,N,0,39,Oliver_Twist
Mr. Brownlow,C,0,39,Oliver_Twist
Mr. Brownlow,I,0,39,Oliver_Twist
Mr. Brownlow,A,0,39,Oliver_Twist
Mr. Brownlow,DC,0,39,Oliver_Twist
Mr. Brownlow,DN,0,39,Oliver_Twist
Mr. Bumble,N,0,39,Oliver_Twist
Mr. Bumble,C,0,39,Oliver_Twist
Mr. Bumble,I,0,39,Oliver_Twist
Mr. Bumble,A,0,39,Oliver_Twist
Mr. Bumble,DC,0,39,Oliver_Twist
Mr. Bumble,DN,0,39,Oliver_Twist
Mr. Chitling,N,0,39,Oliver_Twist
Mr. Chitling,C,0,39,Oliver_Twist
Mr. Chitling,I,0,39,Oliver_Twist
Mr. Chitling,A,0,39,Oliver_Twist
Mr. Chitling,DC,0,39,Oliver_Twist
Mr. Chitling,DN,0,39,Oliver_Twist
Mr. Dawkins,N,0,39,Oliver_Twist
Mr. Dawkins,C,0,39,Oliver_Twist
Mr. Dawkins,I,0,39,Oliver_Twist
Mr. Dawkins,A,0,39,Oliver_Twist
Mr. Dawkins,DC,0,39,Oliver_Twist
Mr. Dawkins,DN,0,39,Oliver_Twist
Mr. Fang,N,0,39,Oliver_Twist
Mr. Fang,C,0,39,Oliver_Twist
Mr. Fang,I,0,39,Oliver_Twist
Mr. Fang,A,0,39,Oliver_Twist
Mr. Fang,DC,0,39,Oliver_Twist
Mr. Fang,DN,0,39,Oliver_Twist
Mr. Gamfield,N,0,39,Oliver_Twist
Mr. Gamfield,C,0,39,Oliver_Twist
Mr. Gamfield,I,0,39,Oliver_Twist
Mr. Gamfield,A,0,39,Oliver_Twist
Mr. Gamfield,DC,0,39,Oliver_Twist
Mr. Gamfield,DN,0,39,Oliver_Twist
Mr. Giles,N,4,39,Oliver_Twist
Mr. Giles,C,0,39,Oliver_Twist
Mr. Giles,I,0,39,Oliver_Twist
Mr. Giles,A,4,39,Oliver_Twist
Mr. Giles,DC,0,39,Oliver_Twist
Mr. Giles,DN,1,39,Oliver_Twist
Mr. Grimwig,N,0,39,Oliver_Twist
Mr. Grimwig,C,0,39,Oliver_Twist
Mr. Grimwig,I,0,39,Oliver_Twist
Mr. Grimwig,A,0,39,Oliver_Twist
Mr. Grimwig,DC,0,39,Oliver_Twist
Mr. Grimwig,DN,0,39,Oliver_Twist
Mr. Limbkins,N,0,39,Oliver_Twist
Mr. Limbkins,C,0,39,Oliver_Twist
Mr. Limbkins,I,0,39,Oliver_Twist
Mr. Limbkins,A,0,39,Oliver_Twist
Mr. Limbkins,DC,0,39,Oliver_Twist
Mr. Limbkins,DN,0,39,Oliver_Twist
Mr. Lively,N,0,39,Oliver_Twist
Mr. Lively,C,0,39,Oliver_Twist
Mr. Lively,I,0,39,Oliver_Twist
Mr. Lively,A,0,39,Oliver_Twist
Mr. Lively,DC,0,39,Oliver_Twist
Mr. Lively,DN,0,39,Oliver_Twist
Mr. Losberne,N,4,39,Oliver_Twist
Mr. Losberne,C,0,39,Oliver_Twist
Mr. Losberne,I,0,39,Oliver_Twist
Mr. Losberne,A,2,39,Oliver_Twist
Mr. Losberne,DC,0,39,Oliver_Twist
Mr. Losberne,DN,0,39,Oliver_Twist
Mr. Maylie,N,1,39,Oliver_Twist
Mr. Maylie,C,0,39,Oliver_Twist
Mr. Maylie,I,0,39,Oliver_Twist
Mr. Maylie,A,0,39,Oliver_Twist
Mr. Maylie,DC,0,39,Oliver_Twist
Mr. Maylie,DN,0,39,Oliver_Twist
Mr. Sikes,N,0,39,Oliver_Twist
Mr. Sikes,C,0,39,Oliver_Twist
Mr. Sikes,I,0,39,Oliver_Twist
Mr. Sikes,A,0,39,Oliver_Twist
Mr. Sikes,DC,0,39,Oliver_Twist
Mr. Sikes,DN,0,39,Oliver_Twist
Mr. Sowerberry,N,0,39,Oliver_Twist
Mr. Sowerberry,C,0,39,Oliver_Twist
Mr. Sowerberry,I,0,39,Oliver_Twist
Mr. Sowerberry,A,0,39,Oliver_Twist
Mr. Sowerberry,DC,0,39,Oliver_Twist
Mr. Sowerberry,DN,0,39,Oliver_Twist
Mrs. Bedwin,N,0,39,Oliver_Twist
Mrs. Bedwin,C,0,39,Oliver_Twist
Mrs. Bedwin,I,0,39,Oliver_Twist
Mrs. Bedwin,A,0,39,Oliver_Twist
Mrs. Bedwin,DC,0,39,Oliver_Twist
Mrs. Bedwin,DN,0,39,Oliver_Twist
Mrs. Bolter,N,0,39,Oliver_Twist
Mrs. Bolter,C,0,39,Oliver_Twist
Mrs. Bolter,I,0,39,Oliver_Twist
Mrs. Bolter,A,0,39,Oliver_Twist
Mrs. Bolter,DC,0,39,Oliver_Twist
Mrs. Bolter,DN,0,39,Oliver_Twist
Mrs. Corney,N,0,39,Oliver_Twist
Mrs. Corney,C,0,39,Oliver_Twist
Mrs. Corney,I,0,39,Oliver_Twist
Mrs. Corney,A,0,39,Oliver_Twist
Mrs. Corney,DC,0,39,Oliver_Twist
Mrs. Corney,DN,0,39,Oliver_Twist
Mrs. Mann,N,0,39,Oliver_Twist
Mrs. Mann,C,0,39,Oliver_Twist
Mrs. Mann,I,0,39,Oliver_Twist
Mrs. Mann,A,0,39,Oliver_Twist
Mrs. Mann,DC,0,39,Oliver_Twist
Mrs. Mann,DN,0,39,Oliver_Twist
Mrs. Maylie,N,1,39,Oliver_Twist
Mrs. Maylie,C,0,39,Oliver_Twist
Mrs. Maylie,I,0,39,Oliver_Twist
Mrs. Maylie,A,1,39,Oliver_Twist
Mrs. Maylie,DC,0,39,Oliver_Twist
Mrs. Maylie,DN,0,39,Oliver_Twist
Mrs. Sowerberry,N,0,39,Oliver_Twist
Mrs. Sowerberry,C,0,39,Oliver_Twist
Mrs. Sowerberry,I,0,39,Oliver_Twist
Mrs. Sowerberry,A,0,39,Oliver_Twist
Mrs. Sowerberry,DC,0,39,Oliver_Twist
Mrs. Sowerberry,DN,0,39,Oliver_Twist
Nancy,N,0,39,Oliver_Twist
Nancy,C,0,39,Oliver_Twist
Nancy,I,0,39,Oliver_Twist
Nancy,A,0,39,Oliver_Twist
Nancy,DC,0,39,Oliver_Twist
Nancy,DN,0,39,Oliver_Twist
Noah,N,0,39,Oliver_Twist
Noah,C,0,39,Oliver_Twist
Noah,I,0,39,Oliver_Twist
Noah,A,0,39,Oliver_Twist
Noah,DC,0,39,Oliver_Twist
Noah,DN,0,39,Oliver_Twist
Oliver,N,15,39,Oliver_Twist
Oliver,C,8,39,Oliver_Twist
Oliver,I,6,39,Oliver_Twist
Oliver,A,7,39,Oliver_Twist
Oliver,DC,4,39,Oliver_Twist
Oliver,DN,0,39,Oliver_Twist
Rose,N,33,39,Oliver_Twist
Rose,C,28,39,Oliver_Twist
Rose,I,8,39,Oliver_Twist
Rose,A,31,39,Oliver_Twist
Rose,DC,16,39,Oliver_Twist
Rose,DN,3,39,Oliver_Twist
Sikes,N,0,39,Oliver_Twist
Sikes,C,0,39,Oliver_Twist
Sikes,I,0,39,Oliver_Twist
Sikes,A,0,39,Oliver_Twist
Sikes,DC,0,39,Oliver_Twist
Sikes,DN,0,39,Oliver_Twist
Spyers,N,0,39,Oliver_Twist
Spyers,C,0,39,Oliver_Twist
Spyers,I,0,39,Oliver_Twist
Spyers,A,0,39,Oliver_Twist
Spyers,DC,0,39,Oliver_Twist
Spyers,DN,0,39,Oliver_Twist
The Jew,N,0,39,Oliver_Twist
The Jew,C,0,39,Oliver_Twist
The Jew,I,0,39,Oliver_Twist
The Jew,A,0,39,Oliver_Twist
The Jew,DC,0,39,Oliver_Twist
The Jew,DN,0,39,Oliver_Twist
Toby,N,0,39,Oliver_Twist
Toby,C,0,39,Oliver_Twist
Toby,I,0,39,Oliver_Twist
Toby,A,0,39,Oliver_Twist
Toby,DC,0,39,Oliver_Twist
Toby,DN,0,39,Oliver_Twist
Tom,N,0,39,Oliver_Twist
Tom,C,0,39,Oliver_Twist
Tom,I,0,39,Oliver_Twist
Tom,A,0,39,Oliver_Twist
Tom,DC,0,39,Oliver_Twist
Tom,DN,0,39,Oliver_Twist
Work’us,N,0,39,Oliver_Twist
Work’us,C,0,39,Oliver_Twist
Work’us,I,0,39,Oliver_Twist
Work’us,A,0,39,Oliver_Twist
Work’us,DC,0,39,Oliver_Twist
Work’us,DN,0,39,Oliver_Twist
old Sally,N,0,39,Oliver_Twist
old Sally,C,0,39,Oliver_Twist
old Sally,I,0,39,Oliver_Twist
old Sally,A,0,39,Oliver_Twist
old Sally,DC,0,39,Oliver_Twist
old Sally,DN,0,39,Oliver_Twist
the Clerkinwell Sessions,N,0,39,Oliver_Twist
the Clerkinwell Sessions,C,0,39,Oliver_Twist
the Clerkinwell Sessions,I,0,39,Oliver_Twist
the Clerkinwell Sessions,A,0,39,Oliver_Twist
the Clerkinwell Sessions,DC,0,39,Oliver_Twist
the Clerkinwell Sessions,DN,0,39,Oliver_Twist
the Cripples,N,0,39,Oliver_Twist
the Cripples,C,0,39,Oliver_Twist
the Cripples,I,0,39,Oliver_Twist
the Cripples,A,0,39,Oliver_Twist
the Cripples,DC,0,39,Oliver_Twist
the Cripples,DN,0,39,Oliver_Twist
the Dodger,N,0,39,Oliver_Twist
the Dodger,C,0,39,Oliver_Twist
the Dodger,I,0,39,Oliver_Twist
the Dodger,A,0,39,Oliver_Twist
the Dodger,DC,0,39,Oliver_Twist
the Dodger,DN,0,39,Oliver_Twist
Agnes,N,0,40,Oliver_Twist
Agnes,C,0,40,Oliver_Twist
Agnes,I,0,40,Oliver_Twist
Agnes,A,0,40,Oliver_Twist
Agnes,DC,0,40,Oliver_Twist
Agnes,DN,0,40,Oliver_Twist
Barney,N,0,40,Oliver_Twist
Barney,C,0,40,Oliver_Twist
Barney,I,0,40,Oliver_Twist
Barney,A,0,40,Oliver_Twist
Barney,DC,0,40,Oliver_Twist
Barney,DN,0,40,Oliver_Twist
Bet,N,0,40,Oliver_Twist
Bet,C,0,40,Oliver_Twist
Bet,I,0,40,Oliver_Twist
Bet,A,0,40,Oliver_Twist
Bet,DC,0,40,Oliver_Twist
Bet,DN,0,40,Oliver_Twist
Blathers,N,0,40,Oliver_Twist
Blathers,C,0,40,Oliver_Twist
Blathers,I,0,40,Oliver_Twist
Blathers,A,0,40,Oliver_Twist
Blathers,DC,0,40,Oliver_Twist
Blathers,DN,0,40,Oliver_Twist
Brittles,N,0,40,Oliver_Twist
Brittles,C,0,40,Oliver_Twist
Brittles,I,0,40,Oliver_Twist
Brittles,A,0,40,Oliver_Twist
Brittles,DC,0,40,Oliver_Twist
Brittles,DN,0,40,Oliver_Twist
Charlotte,N,0,40,Oliver_Twist
Charlotte,C,0,40,Oliver_Twist
Charlotte,I,0,40,Oliver_Twist
Charlotte,A,0,40,Oliver_Twist
Charlotte,DC,0,40,Oliver_Twist
Charlotte,DN,0,40,Oliver_Twist
Chickweed,N,0,40,Oliver_Twist
Chickweed,C,0,40,Oliver_Twist
Chickweed,I,0,40,Oliver_Twist
Chickweed,A,0,40,Oliver_Twist
Chickweed,DC,0,40,Oliver_Twist
Chickweed,DN,0,40,Oliver_Twist
Cod,N,0,40,Oliver_Twist
Cod,C,0,40,Oliver_Twist
Cod,I,0,40,Oliver_Twist
Cod,A,0,40,Oliver_Twist
Cod,DC,0,40,Oliver_Twist
Cod,DN,0,40,Oliver_Twist
Dick,N,0,40,Oliver_Twist
Dick,C,0,40,Oliver_Twist
Dick,I,0,40,Oliver_Twist
Dick,A,0,40,Oliver_Twist
Dick,DC,0,40,Oliver_Twist
Dick,DN,0,40,Oliver_Twist
Duff,N,0,40,Oliver_Twist
Duff,C,0,40,Oliver_Twist
Duff,I,0,40,Oliver_Twist
Duff,A,0,40,Oliver_Twist
Duff,DC,0,40,Oliver_Twist
Duff,DN,0,40,Oliver_Twist
Fagin,N,0,40,Oliver_Twist
Fagin,C,0,40,Oliver_Twist
Fagin,I,0,40,Oliver_Twist
Fagin,A,0,40,Oliver_Twist
Fagin,DC,0,40,Oliver_Twist
Fagin,DN,0,40,Oliver_Twist
Faguey,N,0,40,Oliver_Twist
Faguey,C,0,40,Oliver_Twist
Faguey,I,0,40,Oliver_Twist
Faguey,A,0,40,Oliver_Twist
Faguey,DC,0,40,Oliver_Twist
Faguey,DN,0,40,Oliver_Twist
God,N,0,40,Oliver_Twist
God,C,0,40,Oliver_Twist
God,I,0,40,Oliver_Twist
God,A,0,40,Oliver_Twist
God,DC,0,40,Oliver_Twist
God,DN,0,40,Oliver_Twist
Harry,N,10,40,Oliver_Twist
Harry,C,12,40,Oliver_Twist
Harry,I,6,40,Oliver_Twist
Harry,A,6,40,Oliver_Twist
Harry,DC,2,40,Oliver_Twist
Harry,DN,0,40,Oliver_Twist
Heaven,N,0,40,Oliver_Twist
Heaven,C,0,40,Oliver_Twist
Heaven,I,0,40,Oliver_Twist
Heaven,A,0,40,Oliver_Twist
Heaven,DC,0,40,Oliver_Twist
Heaven,DN,0,40,Oliver_Twist
Jack Dawkins,N,0,40,Oliver_Twist
Jack Dawkins,C,0,40,Oliver_Twist
Jack Dawkins,I,0,40,Oliver_Twist
Jack Dawkins,A,0,40,Oliver_Twist
Jack Dawkins,DC,0,40,Oliver_Twist
Jack Dawkins,DN,0,40,Oliver_Twist
Kags,N,0,40,Oliver_Twist
Kags,C,0,40,Oliver_Twist
Kags,I,0,40,Oliver_Twist
Kags,A,0,40,Oliver_Twist
Kags,DC,0,40,Oliver_Twist
Kags,DN,0,40,Oliver_Twist
Little Oliver,N,0,40,Oliver_Twist
Little Oliver,C,0,40,Oliver_Twist
Little Oliver,I,0,40,Oliver_Twist
Little Oliver,A,0,40,Oliver_Twist
Little Oliver,DC,0,40,Oliver_Twist
Little Oliver,DN,0,40,Oliver_Twist
Lor,N,0,40,Oliver_Twist
Lor,C,0,40,Oliver_Twist
Lor,I,0,40,Oliver_Twist
Lor,A,0,40,Oliver_Twist
Lor,DC,0,40,Oliver_Twist
Lor,DN,0,40,Oliver_Twist
Master Bates,N,0,40,Oliver_Twist
Master Bates,C,0,40,Oliver_Twist
Master Bates,I,0,40,Oliver_Twist
Master Bates,A,0,40,Oliver_Twist
Master Bates,DC,0,40,Oliver_Twist
Master Bates,DN,0,40,Oliver_Twist
Messrs. Blathers,N,0,40,Oliver_Twist
Messrs. Blathers,C,0,40,Oliver_Twist
Messrs. Blathers,I,0,40,Oliver_Twist
Messrs. Blathers,A,0,40,Oliver_Twist
Messrs. Blathers,DC,0,40,Oliver_Twist
Messrs. Blathers,DN,0,40,Oliver_Twist
Miss Maylie,N,1,40,Oliver_Twist
Miss Maylie,C,0,40,Oliver_Twist
Miss Maylie,I,1,40,Oliver_Twist
Miss Maylie,A,0,40,Oliver_Twist
Miss Maylie,DC,0,40,Oliver_Twist
Miss Maylie,DN,0,40,Oliver_Twist
Monks,N,0,40,Oliver_Twist
Monks,C,0,40,Oliver_Twist
Monks,I,0,40,Oliver_Twist
Monks,A,0,40,Oliver_Twist
Monks,DC,0,40,Oliver_Twist
Monks,DN,0,40,Oliver_Twist
Mr. Bolter,N,0,40,Oliver_Twist
Mr. Bolter,C,0,40,Oliver_Twist
Mr. Bolter,I,0,40,Oliver_Twist
Mr. Bolter,A,0,40,Oliver_Twist
Mr. Bolter,DC,0,40,Oliver_Twist
Mr. Bolter,DN,0,40,Oliver_Twist
Mr. Browlow,N,0,40,Oliver_Twist
Mr. Browlow,C,0,40,Oliver_Twist
Mr. Browlow,I,0,40,Oliver_Twist
Mr. Browlow,A,0,40,Oliver_Twist
Mr. Browlow,DC,0,40,Oliver_Twist
Mr. Browlow,DN,0,40,Oliver_Twist
Mr. Brownlow,N,0,40,Oliver_Twist
Mr. Brownlow,C,0,40,Oliver_Twist
Mr. Brownlow,I,0,40,Oliver_Twist
Mr. Brownlow,A,0,40,Oliver_Twist
Mr. Brownlow,DC,0,40,Oliver_Twist
Mr. Brownlow,DN,0,40,Oliver_Twist
Mr. Bumble,N,0,40,Oliver_Twist
Mr. Bumble,C,0,40,Oliver_Twist
Mr. Bumble,I,0,40,Oliver_Twist
Mr. Bumble,A,0,40,Oliver_Twist
Mr. Bumble,DC,0,40,Oliver_Twist
Mr. Bumble,DN,0,40,Oliver_Twist
Mr. Chitling,N,0,40,Oliver_Twist
Mr. Chitling,C,0,40,Oliver_Twist
Mr. Chitling,I,0,40,Oliver_Twist
Mr. Chitling,A,0,40,Oliver_Twist
Mr. Chitling,DC,0,40,Oliver_Twist
Mr. Chitling,DN,0,40,Oliver_Twist
Mr. Dawkins,N,0,40,Oliver_Twist
Mr. Dawkins,C,0,40,Oliver_Twist
Mr. Dawkins,I,0,40,Oliver_Twist
Mr. Dawkins,A,0,40,Oliver_Twist
Mr. Dawkins,DC,0,40,Oliver_Twist
Mr. Dawkins,DN,0,40,Oliver_Twist
Mr. Fang,N,0,40,Oliver_Twist
Mr. Fang,C,0,40,Oliver_Twist
Mr. Fang,I,0,40,Oliver_Twist
Mr. Fang,A,0,40,Oliver_Twist
Mr. Fang,DC,0,40,Oliver_Twist
Mr. Fang,DN,0,40,Oliver_Twist
Mr. Gamfield,N,0,40,Oliver_Twist
Mr. Gamfield,C,0,40,Oliver_Twist
Mr. Gamfield,I,0,40,Oliver_Twist
Mr. Gamfield,A,0,40,Oliver_Twist
Mr. Gamfield,DC,0,40,Oliver_Twist
Mr. Gamfield,DN,0,40,Oliver_Twist
Mr. Giles,N,2,40,Oliver_Twist
Mr. Giles,C,0,40,Oliver_Twist
Mr. Giles,I,1,40,Oliver_Twist
Mr. Giles,A,1,40,Oliver_Twist
Mr. Giles,DC,0,40,Oliver_Twist
Mr. Giles,DN,0,40,Oliver_Twist
Mr. Grimwig,N,0,40,Oliver_Twist
Mr. Grimwig,C,0,40,Oliver_Twist
Mr. Grimwig,I,0,40,Oliver_Twist
Mr. Grimwig,A,0,40,Oliver_Twist
Mr. Grimwig,DC,0,40,Oliver_Twist
Mr. Grimwig,DN,0,40,Oliver_Twist
Mr. Limbkins,N,0,40,Oliver_Twist
Mr. Limbkins,C,0,40,Oliver_Twist
Mr. Limbkins,I,0,40,Oliver_Twist
Mr. Limbkins,A,0,40,Oliver_Twist
Mr. Limbkins,DC,0,40,Oliver_Twist
Mr. Limbkins,DN,0,40,Oliver_Twist
Mr. Lively,N,0,40,Oliver_Twist
Mr. Lively,C,0,40,Oliver_Twist
Mr. Lively,I,0,40,Oliver_Twist
Mr. Lively,A,0,40,Oliver_Twist
Mr. Lively,DC,0,40,Oliver_Twist
Mr. Lively,DN,0,40,Oliver_Twist
Mr. Losberne,N,1,40,Oliver_Twist
Mr. Losberne,C,2,40,Oliver_Twist
Mr. Losberne,I,2,40,Oliver_Twist
Mr. Losberne,A,3,40,Oliver_Twist
Mr. Losberne,DC,0,40,Oliver_Twist
Mr. Losberne,DN,0,40,Oliver_Twist
Mr. Maylie,N,3,40,Oliver_Twist
Mr. Maylie,C,0,40,Oliver_Twist
Mr. Maylie,I,2,40,Oliver_Twist
Mr. Maylie,A,0,40,Oliver_Twist
Mr. Maylie,DC,1,40,Oliver_Twist
Mr. Maylie,DN,0,40,Oliver_Twist
Mr. Sikes,N,0,40,Oliver_Twist
Mr. Sikes,C,0,40,Oliver_Twist
Mr. Sikes,I,0,40,Oliver_Twist
Mr. Sikes,A,0,40,Oliver_Twist
Mr. Sikes,DC,0,40,Oliver_Twist
Mr. Sikes,DN,0,40,Oliver_Twist
Mr. Sowerberry,N,0,40,Oliver_Twist
Mr. Sowerberry,C,0,40,Oliver_Twist
Mr. Sowerberry,I,0,40,Oliver_Twist
Mr. Sowerberry,A,0,40,Oliver_Twist
Mr. Sowerberry,DC,0,40,Oliver_Twist
Mr. Sowerberry,DN,0,40,Oliver_Twist
Mrs. Bedwin,N,0,40,Oliver_Twist
Mrs. Bedwin,C,0,40,Oliver_Twist
Mrs. Bedwin,I,0,40,Oliver_Twist
Mrs. Bedwin,A,0,40,Oliver_Twist
Mrs. Bedwin,DC,0,40,Oliver_Twist
Mrs. Bedwin,DN,0,40,Oliver_Twist
Mrs. Bolter,N,0,40,Oliver_Twist
Mrs. Bolter,C,0,40,Oliver_Twist
Mrs. Bolter,I,0,40,Oliver_Twist
Mrs. Bolter,A,0,40,Oliver_Twist
Mrs. Bolter,DC,0,40,Oliver_Twist
Mrs. Bolter,DN,0,40,Oliver_Twist
Mrs. Corney,N,0,40,Oliver_Twist
Mrs. Corney,C,0,40,Oliver_Twist
Mrs. Corney,I,0,40,Oliver_Twist
Mrs. Corney,A,0,40,Oliver_Twist
Mrs. Corney,DC,0,40,Oliver_Twist
Mrs. Corney,DN,0,40,Oliver_Twist
Mrs. Mann,N,0,40,Oliver_Twist
Mrs. Mann,C,0,40,Oliver_Twist
Mrs. Mann,I,0,40,Oliver_Twist
Mrs. Mann,A,0,40,Oliver_Twist
Mrs. Mann,DC,0,40,Oliver_Twist
Mrs. Mann,DN,0,40,Oliver_Twist
Mrs. Maylie,N,0,40,Oliver_Twist
Mrs. Maylie,C,0,40,Oliver_Twist
Mrs. Maylie,I,0,40,Oliver_Twist
Mrs. Maylie,A,0,40,Oliver_Twist
Mrs. Maylie,DC,0,40,Oliver_Twist
Mrs. Maylie,DN,0,40,Oliver_Twist
Mrs. Sowerberry,N,0,40,Oliver_Twist
Mrs. Sowerberry,C,0,40,Oliver_Twist
Mrs. Sowerberry,I,0,40,Oliver_Twist
Mrs. Sowerberry,A,0,40,Oliver_Twist
Mrs. Sowerberry,DC,0,40,Oliver_Twist
Mrs. Sowerberry,DN,0,40,Oliver_Twist
Nancy,N,0,40,Oliver_Twist
Nancy,C,0,40,Oliver_Twist
Nancy,I,0,40,Oliver_Twist
Nancy,A,0,40,Oliver_Twist
Nancy,DC,0,40,Oliver_Twist
Nancy,DN,0,40,Oliver_Twist
Noah,N,0,40,Oliver_Twist
Noah,C,0,40,Oliver_Twist
Noah,I,0,40,Oliver_Twist
Noah,A,0,40,Oliver_Twist
Noah,DC,0,40,Oliver_Twist
Noah,DN,0,40,Oliver_Twist
Oliver,N,10,40,Oliver_Twist
Oliver,C,5,40,Oliver_Twist
Oliver,I,1,40,Oliver_Twist
Oliver,A,5,40,Oliver_Twist
Oliver,DC,8,40,Oliver_Twist
Oliver,DN,0,40,Oliver_Twist
Rose,N,2,40,Oliver_Twist
Rose,C,2,40,Oliver_Twist
Rose,I,3,40,Oliver_Twist
Rose,A,5,40,Oliver_Twist
Rose,DC,6,40,Oliver_Twist
Rose,DN,1,40,Oliver_Twist
Sikes,N,0,40,Oliver_Twist
Sikes,C,0,40,Oliver_Twist
Sikes,I,0,40,Oliver_Twist
Sikes,A,0,40,Oliver_Twist
Sikes,DC,0,40,Oliver_Twist
Sikes,DN,0,40,Oliver_Twist
Spyers,N,0,40,Oliver_Twist
Spyers,C,0,40,Oliver_Twist
Spyers,I,0,40,Oliver_Twist
Spyers,A,0,40,Oliver_Twist
Spyers,DC,0,40,Oliver_Twist
Spyers,DN,0,40,Oliver_Twist
The Jew,N,0,40,Oliver_Twist
The Jew,C,0,40,Oliver_Twist
The Jew,I,0,40,Oliver_Twist
The Jew,A,0,40,Oliver_Twist
The Jew,DC,0,40,Oliver_Twist
The Jew,DN,0,40,Oliver_Twist
Toby,N,0,40,Oliver_Twist
Toby,C,0,40,Oliver_Twist
Toby,I,0,40,Oliver_Twist
Toby,A,0,40,Oliver_Twist
Toby,DC,0,40,Oliver_Twist
Toby,DN,0,40,Oliver_Twist
Tom,N,0,40,Oliver_Twist
Tom,C,0,40,Oliver_Twist
Tom,I,0,40,Oliver_Twist
Tom,A,0,40,Oliver_Twist
Tom,DC,0,40,Oliver_Twist
Tom,DN,0,40,Oliver_Twist
Work’us,N,0,40,Oliver_Twist
Work’us,C,0,40,Oliver_Twist
Work’us,I,0,40,Oliver_Twist
Work’us,A,0,40,Oliver_Twist
Work’us,DC,0,40,Oliver_Twist
Work’us,DN,0,40,Oliver_Twist
old Sally,N,0,40,Oliver_Twist
old Sally,C,0,40,Oliver_Twist
old Sally,I,0,40,Oliver_Twist
old Sally,A,0,40,Oliver_Twist
old Sally,DC,0,40,Oliver_Twist
old Sally,DN,0,40,Oliver_Twist
the Clerkinwell Sessions,N,0,40,Oliver_Twist
the Clerkinwell Sessions,C,0,40,Oliver_Twist
the Clerkinwell Sessions,I,0,40,Oliver_Twist
the Clerkinwell Sessions,A,0,40,Oliver_Twist
the Clerkinwell Sessions,DC,0,40,Oliver_Twist
the Clerkinwell Sessions,DN,0,40,Oliver_Twist
the Cripples,N,0,40,Oliver_Twist
the Cripples,C,0,40,Oliver_Twist
the Cripples,I,0,40,Oliver_Twist
the Cripples,A,0,40,Oliver_Twist
the Cripples,DC,0,40,Oliver_Twist
the Cripples,DN,0,40,Oliver_Twist
the Dodger,N,0,40,Oliver_Twist
the Dodger,C,0,40,Oliver_Twist
the Dodger,I,0,40,Oliver_Twist
the Dodger,A,0,40,Oliver_Twist
the Dodger,DC,0,40,Oliver_Twist
the Dodger,DN,0,40,Oliver_Twist
Agnes,N,0,41,Oliver_Twist
Agnes,C,0,41,Oliver_Twist
Agnes,I,0,41,Oliver_Twist
Agnes,A,0,41,Oliver_Twist
Agnes,DC,0,41,Oliver_Twist
Agnes,DN,0,41,Oliver_Twist
Barney,N,0,41,Oliver_Twist
Barney,C,0,41,Oliver_Twist
Barney,I,0,41,Oliver_Twist
Barney,A,0,41,Oliver_Twist
Barney,DC,0,41,Oliver_Twist
Barney,DN,0,41,Oliver_Twist
Bet,N,0,41,Oliver_Twist
Bet,C,0,41,Oliver_Twist
Bet,I,0,41,Oliver_Twist
Bet,A,0,41,Oliver_Twist
Bet,DC,0,41,Oliver_Twist
Bet,DN,0,41,Oliver_Twist
Blathers,N,0,41,Oliver_Twist
Blathers,C,0,41,Oliver_Twist
Blathers,I,0,41,Oliver_Twist
Blathers,A,0,41,Oliver_Twist
Blathers,DC,0,41,Oliver_Twist
Blathers,DN,0,41,Oliver_Twist
Brittles,N,0,41,Oliver_Twist
Brittles,C,0,41,Oliver_Twist
Brittles,I,0,41,Oliver_Twist
Brittles,A,0,41,Oliver_Twist
Brittles,DC,0,41,Oliver_Twist
Brittles,DN,0,41,Oliver_Twist
Charlotte,N,0,41,Oliver_Twist
Charlotte,C,0,41,Oliver_Twist
Charlotte,I,0,41,Oliver_Twist
Charlotte,A,0,41,Oliver_Twist
Charlotte,DC,0,41,Oliver_Twist
Charlotte,DN,0,41,Oliver_Twist
Chickweed,N,0,41,Oliver_Twist
Chickweed,C,0,41,Oliver_Twist
Chickweed,I,0,41,Oliver_Twist
Chickweed,A,0,41,Oliver_Twist
Chickweed,DC,0,41,Oliver_Twist
Chickweed,DN,0,41,Oliver_Twist
Cod,N,0,41,Oliver_Twist
Cod,C,0,41,Oliver_Twist
Cod,I,0,41,Oliver_Twist
Cod,A,0,41,Oliver_Twist
Cod,DC,0,41,Oliver_Twist
Cod,DN,0,41,Oliver_Twist
Dick,N,0,41,Oliver_Twist
Dick,C,0,41,Oliver_Twist
Dick,I,0,41,Oliver_Twist
Dick,A,0,41,Oliver_Twist
Dick,DC,0,41,Oliver_Twist
Dick,DN,0,41,Oliver_Twist
Duff,N,0,41,Oliver_Twist
Duff,C,0,41,Oliver_Twist
Duff,I,0,41,Oliver_Twist
Duff,A,0,41,Oliver_Twist
Duff,DC,0,41,Oliver_Twist
Duff,DN,0,41,Oliver_Twist
Fagin,N,0,41,Oliver_Twist
Fagin,C,0,41,Oliver_Twist
Fagin,I,0,41,Oliver_Twist
Fagin,A,0,41,Oliver_Twist
Fagin,DC,0,41,Oliver_Twist
Fagin,DN,0,41,Oliver_Twist
Faguey,N,0,41,Oliver_Twist
Faguey,C,0,41,Oliver_Twist
Faguey,I,0,41,Oliver_Twist
Faguey,A,0,41,Oliver_Twist
Faguey,DC,0,41,Oliver_Twist
Faguey,DN,0,41,Oliver_Twist
God,N,0,41,Oliver_Twist
God,C,0,41,Oliver_Twist
God,I,0,41,Oliver_Twist
God,A,0,41,Oliver_Twist
God,DC,0,41,Oliver_Twist
God,DN,0,41,Oliver_Twist
Harry,N,0,41,Oliver_Twist
Harry,C,0,41,Oliver_Twist
Harry,I,0,41,Oliver_Twist
Harry,A,2,41,Oliver_Twist
Harry,DC,0,41,Oliver_Twist
Harry,DN,0,41,Oliver_Twist
Heaven,N,0,41,Oliver_Twist
Heaven,C,0,41,Oliver_Twist
Heaven,I,0,41,Oliver_Twist
Heaven,A,0,41,Oliver_Twist
Heaven,DC,0,41,Oliver_Twist
Heaven,DN,0,41,Oliver_Twist
Jack Dawkins,N,0,41,Oliver_Twist
Jack Dawkins,C,0,41,Oliver_Twist
Jack Dawkins,I,0,41,Oliver_Twist
Jack Dawkins,A,0,41,Oliver_Twist
Jack Dawkins,DC,0,41,Oliver_Twist
Jack Dawkins,DN,0,41,Oliver_Twist
Kags,N,0,41,Oliver_Twist
Kags,C,0,41,Oliver_Twist
Kags,I,0,41,Oliver_Twist
Kags,A,0,41,Oliver_Twist
Kags,DC,0,41,Oliver_Twist
Kags,DN,0,41,Oliver_Twist
Little Oliver,N,0,41,Oliver_Twist
Little Oliver,C,0,41,Oliver_Twist
Little Oliver,I,0,41,Oliver_Twist
Little Oliver,A,0,41,Oliver_Twist
Little Oliver,DC,0,41,Oliver_Twist
Little Oliver,DN,0,41,Oliver_Twist
Lor,N,0,41,Oliver_Twist
Lor,C,0,41,Oliver_Twist
Lor,I,0,41,Oliver_Twist
Lor,A,0,41,Oliver_Twist
Lor,DC,0,41,Oliver_Twist
Lor,DN,0,41,Oliver_Twist
Master Bates,N,0,41,Oliver_Twist
Master Bates,C,0,41,Oliver_Twist
Master Bates,I,0,41,Oliver_Twist
Master Bates,A,0,41,Oliver_Twist
Master Bates,DC,0,41,Oliver_Twist
Master Bates,DN,0,41,Oliver_Twist
Messrs. Blathers,N,0,41,Oliver_Twist
Messrs. Blathers,C,0,41,Oliver_Twist
Messrs. Blathers,I,0,41,Oliver_Twist
Messrs. Blathers,A,0,41,Oliver_Twist
Messrs. Blathers,DC,0,41,Oliver_Twist
Messrs. Blathers,DN,0,41,Oliver_Twist
Miss Maylie,N,0,41,Oliver_Twist
Miss Maylie,C,0,41,Oliver_Twist
Miss Maylie,I,0,41,Oliver_Twist
Miss Maylie,A,0,41,Oliver_Twist
Miss Maylie,DC,0,41,Oliver_Twist
Miss Maylie,DN,0,41,Oliver_Twist
Monks,N,1,41,Oliver_Twist
Monks,C,0,41,Oliver_Twist
Monks,I,0,41,Oliver_Twist
Monks,A,0,41,Oliver_Twist
Monks,DC,0,41,Oliver_Twist
Monks,DN,0,41,Oliver_Twist
Mr. Bolter,N,0,41,Oliver_Twist
Mr. Bolter,C,0,41,Oliver_Twist
Mr. Bolter,I,0,41,Oliver_Twist
Mr. Bolter,A,0,41,Oliver_Twist
Mr. Bolter,DC,0,41,Oliver_Twist
Mr. Bolter,DN,0,41,Oliver_Twist
Mr. Browlow,N,0,41,Oliver_Twist
Mr. Browlow,C,0,41,Oliver_Twist
Mr. Browlow,I,0,41,Oliver_Twist
Mr. Browlow,A,0,41,Oliver_Twist
Mr. Browlow,DC,0,41,Oliver_Twist
Mr. Browlow,DN,0,41,Oliver_Twist
Mr. Brownlow,N,0,41,Oliver_Twist
Mr. Brownlow,C,0,41,Oliver_Twist
Mr. Brownlow,I,0,41,Oliver_Twist
Mr. Brownlow,A,0,41,Oliver_Twist
Mr. Brownlow,DC,0,41,Oliver_Twist
Mr. Brownlow,DN,0,41,Oliver_Twist
Mr. Bumble,N,77,41,Oliver_Twist
Mr. Bumble,C,61,41,Oliver_Twist
Mr. Bumble,I,24,41,Oliver_Twist
Mr. Bumble,A,41,41,Oliver_Twist
Mr. Bumble,DC,0,41,Oliver_Twist
Mr. Bumble,DN,8,41,Oliver_Twist
Mr. Chitling,N,0,41,Oliver_Twist
Mr. Chitling,C,0,41,Oliver_Twist
Mr. Chitling,I,0,41,Oliver_Twist
Mr. Chitling,A,0,41,Oliver_Twist
Mr. Chitling,DC,0,41,Oliver_Twist
Mr. Chitling,DN,0,41,Oliver_Twist
Mr. Dawkins,N,0,41,Oliver_Twist
Mr. Dawkins,C,0,41,Oliver_Twist
Mr. Dawkins,I,0,41,Oliver_Twist
Mr. Dawkins,A,0,41,Oliver_Twist
Mr. Dawkins,DC,0,41,Oliver_Twist
Mr. Dawkins,DN,0,41,Oliver_Twist
Mr. Fang,N,0,41,Oliver_Twist
Mr. Fang,C,0,41,Oliver_Twist
Mr. Fang,I,0,41,Oliver_Twist
Mr. Fang,A,0,41,Oliver_Twist
Mr. Fang,DC,0,41,Oliver_Twist
Mr. Fang,DN,0,41,Oliver_Twist
Mr. Gamfield,N,0,41,Oliver_Twist
Mr. Gamfield,C,0,41,Oliver_Twist
Mr. Gamfield,I,0,41,Oliver_Twist
Mr. Gamfield,A,0,41,Oliver_Twist
Mr. Gamfield,DC,0,41,Oliver_Twist
Mr. Gamfield,DN,0,41,Oliver_Twist
Mr. Giles,N,0,41,Oliver_Twist
Mr. Giles,C,0,41,Oliver_Twist
Mr. Giles,I,0,41,Oliver_Twist
Mr. Giles,A,0,41,Oliver_Twist
Mr. Giles,DC,0,41,Oliver_Twist
Mr. Giles,DN,0,41,Oliver_Twist
Mr. Grimwig,N,0,41,Oliver_Twist
Mr. Grimwig,C,0,41,Oliver_Twist
Mr. Grimwig,I,0,41,Oliver_Twist
Mr. Grimwig,A,0,41,Oliver_Twist
Mr. Grimwig,DC,0,41,Oliver_Twist
Mr. Grimwig,DN,0,41,Oliver_Twist
Mr. Limbkins,N,0,41,Oliver_Twist
Mr. Limbkins,C,0,41,Oliver_Twist
Mr. Limbkins,I,0,41,Oliver_Twist
Mr. Limbkins,A,0,41,Oliver_Twist
Mr. Limbkins,DC,0,41,Oliver_Twist
Mr. Limbkins,DN,0,41,Oliver_Twist
Mr. Lively,N,0,41,Oliver_Twist
Mr. Lively,C,0,41,Oliver_Twist
Mr. Lively,I,0,41,Oliver_Twist
Mr. Lively,A,0,41,Oliver_Twist
Mr. Lively,DC,0,41,Oliver_Twist
Mr. Lively,DN,0,41,Oliver_Twist
Mr. Losberne,N,0,41,Oliver_Twist
Mr. Losberne,C,0,41,Oliver_Twist
Mr. Losberne,I,0,41,Oliver_Twist
Mr. Losberne,A,0,41,Oliver_Twist
Mr. Losberne,DC,0,41,Oliver_Twist
Mr. Losberne,DN,0,41,Oliver_Twist
Mr. Maylie,N,0,41,Oliver_Twist
Mr. Maylie,C,0,41,Oliver_Twist
Mr. Maylie,I,0,41,Oliver_Twist
Mr. Maylie,A,0,41,Oliver_Twist
Mr. Maylie,DC,0,41,Oliver_Twist
Mr. Maylie,DN,0,41,Oliver_Twist
Mr. Sikes,N,0,41,Oliver_Twist
Mr. Sikes,C,0,41,Oliver_Twist
Mr. Sikes,I,0,41,Oliver_Twist
Mr. Sikes,A,0,41,Oliver_Twist
Mr. Sikes,DC,0,41,Oliver_Twist
Mr. Sikes,DN,0,41,Oliver_Twist
Mr. Sowerberry,N,0,41,Oliver_Twist
Mr. Sowerberry,C,0,41,Oliver_Twist
Mr. Sowerberry,I,0,41,Oliver_Twist
Mr. Sowerberry,A,0,41,Oliver_Twist
Mr. Sowerberry,DC,0,41,Oliver_Twist
Mr. Sowerberry,DN,0,41,Oliver_Twist
Mrs. Bedwin,N,0,41,Oliver_Twist
Mrs. Bedwin,C,0,41,Oliver_Twist
Mrs. Bedwin,I,0,41,Oliver_Twist
Mrs. Bedwin,A,0,41,Oliver_Twist
Mrs. Bedwin,DC,0,41,Oliver_Twist
Mrs. Bedwin,DN,0,41,Oliver_Twist
Mrs. Bolter,N,0,41,Oliver_Twist
Mrs. Bolter,C,0,41,Oliver_Twist
Mrs. Bolter,I,0,41,Oliver_Twist
Mrs. Bolter,A,0,41,Oliver_Twist
Mrs. Bolter,DC,0,41,Oliver_Twist
Mrs. Bolter,DN,0,41,Oliver_Twist
Mrs. Corney,N,5,41,Oliver_Twist
Mrs. Corney,C,0,41,Oliver_Twist
Mrs. Corney,I,1,41,Oliver_Twist
Mrs. Corney,A,3,41,Oliver_Twist
Mrs. Corney,DC,0,41,Oliver_Twist
Mrs. Corney,DN,2,41,Oliver_Twist
Mrs. Mann,N,0,41,Oliver_Twist
Mrs. Mann,C,0,41,Oliver_Twist
Mrs. Mann,I,0,41,Oliver_Twist
Mrs. Mann,A,0,41,Oliver_Twist
Mrs. Mann,DC,0,41,Oliver_Twist
Mrs. Mann,DN,0,41,Oliver_Twist
Mrs. Maylie,N,0,41,Oliver_Twist
Mrs. Maylie,C,0,41,Oliver_Twist
Mrs. Maylie,I,0,41,Oliver_Twist
Mrs. Maylie,A,0,41,Oliver_Twist
Mrs. Maylie,DC,0,41,Oliver_Twist
Mrs. Maylie,DN,0,41,Oliver_Twist
Mrs. Sowerberry,N,0,41,Oliver_Twist
Mrs. Sowerberry,C,0,41,Oliver_Twist
Mrs. Sowerberry,I,0,41,Oliver_Twist
Mrs. Sowerberry,A,0,41,Oliver_Twist
Mrs. Sowerberry,DC,0,41,Oliver_Twist
Mrs. Sowerberry,DN,0,41,Oliver_Twist
Nancy,N,0,41,Oliver_Twist
Nancy,C,0,41,Oliver_Twist
Nancy,I,0,41,Oliver_Twist
Nancy,A,0,41,Oliver_Twist
Nancy,DC,0,41,Oliver_Twist
Nancy,DN,0,41,Oliver_Twist
Noah,N,0,41,Oliver_Twist
Noah,C,0,41,Oliver_Twist
Noah,I,0,41,Oliver_Twist
Noah,A,0,41,Oliver_Twist
Noah,DC,0,41,Oliver_Twist
Noah,DN,0,41,Oliver_Twist
Oliver,N,3,41,Oliver_Twist
Oliver,C,0,41,Oliver_Twist
Oliver,I,0,41,Oliver_Twist
Oliver,A,0,41,Oliver_Twist
Oliver,DC,2,41,Oliver_Twist
Oliver,DN,0,41,Oliver_Twist
Rose,N,0,41,Oliver_Twist
Rose,C,0,41,Oliver_Twist
Rose,I,0,41,Oliver_Twist
Rose,A,0,41,Oliver_Twist
Rose,DC,0,41,Oliver_Twist
Rose,DN,0,41,Oliver_Twist
Sikes,N,0,41,Oliver_Twist
Sikes,C,0,41,Oliver_Twist
Sikes,I,0,41,Oliver_Twist
Sikes,A,0,41,Oliver_Twist
Sikes,DC,0,41,Oliver_Twist
Sikes,DN,0,41,Oliver_Twist
Spyers,N,0,41,Oliver_Twist
Spyers,C,0,41,Oliver_Twist
Spyers,I,0,41,Oliver_Twist
Spyers,A,0,41,Oliver_Twist
Spyers,DC,0,41,Oliver_Twist
Spyers,DN,0,41,Oliver_Twist
The Jew,N,0,41,Oliver_Twist
The Jew,C,0,41,Oliver_Twist
The Jew,I,0,41,Oliver_Twist
The Jew,A,0,41,Oliver_Twist
The Jew,DC,0,41,Oliver_Twist
The Jew,DN,0,41,Oliver_Twist
Toby,N,0,41,Oliver_Twist
Toby,C,0,41,Oliver_Twist
Toby,I,0,41,Oliver_Twist
Toby,A,0,41,Oliver_Twist
Toby,DC,0,41,Oliver_Twist
Toby,DN,0,41,Oliver_Twist
Tom,N,0,41,Oliver_Twist
Tom,C,0,41,Oliver_Twist
Tom,I,0,41,Oliver_Twist
Tom,A,0,41,Oliver_Twist
Tom,DC,0,41,Oliver_Twist
Tom,DN,0,41,Oliver_Twist
Work’us,N,0,41,Oliver_Twist
Work’us,C,0,41,Oliver_Twist
Work’us,I,0,41,Oliver_Twist
Work’us,A,0,41,Oliver_Twist
Work’us,DC,0,41,Oliver_Twist
Work’us,DN,0,41,Oliver_Twist
old Sally,N,1,41,Oliver_Twist
old Sally,C,0,41,Oliver_Twist
old Sally,I,0,41,Oliver_Twist
old Sally,A,0,41,Oliver_Twist
old Sally,DC,0,41,Oliver_Twist
old Sally,DN,0,41,Oliver_Twist
the Clerkinwell Sessions,N,0,41,Oliver_Twist
the Clerkinwell Sessions,C,0,41,Oliver_Twist
the Clerkinwell Sessions,I,0,41,Oliver_Twist
the Clerkinwell Sessions,A,0,41,Oliver_Twist
the Clerkinwell Sessions,DC,0,41,Oliver_Twist
the Clerkinwell Sessions,DN,0,41,Oliver_Twist
the Cripples,N,0,41,Oliver_Twist
the Cripples,C,0,41,Oliver_Twist
the Cripples,I,0,41,Oliver_Twist
the Cripples,A,0,41,Oliver_Twist
the Cripples,DC,0,41,Oliver_Twist
the Cripples,DN,0,41,Oliver_Twist
the Dodger,N,0,41,Oliver_Twist
the Dodger,C,0,41,Oliver_Twist
the Dodger,I,0,41,Oliver_Twist
the Dodger,A,0,41,Oliver_Twist
the Dodger,DC,0,41,Oliver_Twist
the Dodger,DN,0,41,Oliver_Twist
Agnes,N,1,42,Oliver_Twist
Agnes,C,0,42,Oliver_Twist
Agnes,I,0,42,Oliver_Twist
Agnes,A,0,42,Oliver_Twist
Agnes,DC,0,42,Oliver_Twist
Agnes,DN,0,42,Oliver_Twist
Barney,N,0,42,Oliver_Twist
Barney,C,0,42,Oliver_Twist
Barney,I,0,42,Oliver_Twist
Barney,A,0,42,Oliver_Twist
Barney,DC,0,42,Oliver_Twist
Barney,DN,0,42,Oliver_Twist
Bet,N,0,42,Oliver_Twist
Bet,C,0,42,Oliver_Twist
Bet,I,0,42,Oliver_Twist
Bet,A,0,42,Oliver_Twist
Bet,DC,0,42,Oliver_Twist
Bet,DN,0,42,Oliver_Twist
Blathers,N,0,42,Oliver_Twist
Blathers,C,0,42,Oliver_Twist
Blathers,I,0,42,Oliver_Twist
Blathers,A,0,42,Oliver_Twist
Blathers,DC,0,42,Oliver_Twist
Blathers,DN,0,42,Oliver_Twist
Brittles,N,0,42,Oliver_Twist
Brittles,C,0,42,Oliver_Twist
Brittles,I,0,42,Oliver_Twist
Brittles,A,0,42,Oliver_Twist
Brittles,DC,0,42,Oliver_Twist
Brittles,DN,0,42,Oliver_Twist
Charlotte,N,0,42,Oliver_Twist
Charlotte,C,0,42,Oliver_Twist
Charlotte,I,0,42,Oliver_Twist
Charlotte,A,0,42,Oliver_Twist
Charlotte,DC,0,42,Oliver_Twist
Charlotte,DN,0,42,Oliver_Twist
Chickweed,N,0,42,Oliver_Twist
Chickweed,C,0,42,Oliver_Twist
Chickweed,I,0,42,Oliver_Twist
Chickweed,A,0,42,Oliver_Twist
Chickweed,DC,0,42,Oliver_Twist
Chickweed,DN,0,42,Oliver_Twist
Cod,N,0,42,Oliver_Twist
Cod,C,0,42,Oliver_Twist
Cod,I,0,42,Oliver_Twist
Cod,A,0,42,Oliver_Twist
Cod,DC,0,42,Oliver_Twist
Cod,DN,0,42,Oliver_Twist
Dick,N,0,42,Oliver_Twist
Dick,C,0,42,Oliver_Twist
Dick,I,0,42,Oliver_Twist
Dick,A,0,42,Oliver_Twist
Dick,DC,0,42,Oliver_Twist
Dick,DN,0,42,Oliver_Twist
Duff,N,0,42,Oliver_Twist
Duff,C,0,42,Oliver_Twist
Duff,I,0,42,Oliver_Twist
Duff,A,0,42,Oliver_Twist
Duff,DC,0,42,Oliver_Twist
Duff,DN,0,42,Oliver_Twist
Fagin,N,0,42,Oliver_Twist
Fagin,C,0,42,Oliver_Twist
Fagin,I,0,42,Oliver_Twist
Fagin,A,0,42,Oliver_Twist
Fagin,DC,0,42,Oliver_Twist
Fagin,DN,0,42,Oliver_Twist
Faguey,N,0,42,Oliver_Twist
Faguey,C,0,42,Oliver_Twist
Faguey,I,0,42,Oliver_Twist
Faguey,A,0,42,Oliver_Twist
Faguey,DC,0,42,Oliver_Twist
Faguey,DN,0,42,Oliver_Twist
God,N,0,42,Oliver_Twist
God,C,0,42,Oliver_Twist
God,I,0,42,Oliver_Twist
God,A,0,42,Oliver_Twist
God,DC,0,42,Oliver_Twist
God,DN,0,42,Oliver_Twist
Harry,N,0,42,Oliver_Twist
Harry,C,0,42,Oliver_Twist
Harry,I,0,42,Oliver_Twist
Harry,A,0,42,Oliver_Twist
Harry,DC,0,42,Oliver_Twist
Harry,DN,0,42,Oliver_Twist
Heaven,N,0,42,Oliver_Twist
Heaven,C,0,42,Oliver_Twist
Heaven,I,0,42,Oliver_Twist
Heaven,A,0,42,Oliver_Twist
Heaven,DC,0,42,Oliver_Twist
Heaven,DN,0,42,Oliver_Twist
Jack Dawkins,N,0,42,Oliver_Twist
Jack Dawkins,C,0,42,Oliver_Twist
Jack Dawkins,I,0,42,Oliver_Twist
Jack Dawkins,A,0,42,Oliver_Twist
Jack Dawkins,DC,0,42,Oliver_Twist
Jack Dawkins,DN,0,42,Oliver_Twist
Kags,N,0,42,Oliver_Twist
Kags,C,0,42,Oliver_Twist
Kags,I,0,42,Oliver_Twist
Kags,A,0,42,Oliver_Twist
Kags,DC,0,42,Oliver_Twist
Kags,DN,0,42,Oliver_Twist
Little Oliver,N,0,42,Oliver_Twist
Little Oliver,C,0,42,Oliver_Twist
Little Oliver,I,0,42,Oliver_Twist
Little Oliver,A,0,42,Oliver_Twist
Little Oliver,DC,0,42,Oliver_Twist
Little Oliver,DN,0,42,Oliver_Twist
Lor,N,0,42,Oliver_Twist
Lor,C,0,42,Oliver_Twist
Lor,I,0,42,Oliver_Twist
Lor,A,0,42,Oliver_Twist
Lor,DC,0,42,Oliver_Twist
Lor,DN,0,42,Oliver_Twist
Master Bates,N,0,42,Oliver_Twist
Master Bates,C,0,42,Oliver_Twist
Master Bates,I,0,42,Oliver_Twist
Master Bates,A,0,42,Oliver_Twist
Master Bates,DC,0,42,Oliver_Twist
Master Bates,DN,0,42,Oliver_Twist
Messrs. Blathers,N,0,42,Oliver_Twist
Messrs. Blathers,C,0,42,Oliver_Twist
Messrs. Blathers,I,0,42,Oliver_Twist
Messrs. Blathers,A,0,42,Oliver_Twist
Messrs. Blathers,DC,0,42,Oliver_Twist
Messrs. Blathers,DN,0,42,Oliver_Twist
Miss Maylie,N,0,42,Oliver_Twist
Miss Maylie,C,0,42,Oliver_Twist
Miss Maylie,I,0,42,Oliver_Twist
Miss Maylie,A,0,42,Oliver_Twist
Miss Maylie,DC,0,42,Oliver_Twist
Miss Maylie,DN,0,42,Oliver_Twist
Monks,N,52,42,Oliver_Twist
Monks,C,61,42,Oliver_Twist
Monks,I,13,42,Oliver_Twist
Monks,A,21,42,Oliver_Twist
Monks,DC,4,42,Oliver_Twist
Monks,DN,3,42,Oliver_Twist
Mr. Bolter,N,0,42,Oliver_Twist
Mr. Bolter,C,0,42,Oliver_Twist
Mr. Bolter,I,0,42,Oliver_Twist
Mr. Bolter,A,0,42,Oliver_Twist
Mr. Bolter,DC,0,42,Oliver_Twist
Mr. Bolter,DN,0,42,Oliver_Twist
Mr. Browlow,N,0,42,Oliver_Twist
Mr. Browlow,C,0,42,Oliver_Twist
Mr. Browlow,I,0,42,Oliver_Twist
Mr. Browlow,A,0,42,Oliver_Twist
Mr. Browlow,DC,0,42,Oliver_Twist
Mr. Browlow,DN,0,42,Oliver_Twist
Mr. Brownlow,N,0,42,Oliver_Twist
Mr. Brownlow,C,0,42,Oliver_Twist
Mr. Brownlow,I,0,42,Oliver_Twist
Mr. Brownlow,A,0,42,Oliver_Twist
Mr. Brownlow,DC,0,42,Oliver_Twist
Mr. Brownlow,DN,0,42,Oliver_Twist
Mr. Bumble,N,32,42,Oliver_Twist
Mr. Bumble,C,18,42,Oliver_Twist
Mr. Bumble,I,6,42,Oliver_Twist
Mr. Bumble,A,16,42,Oliver_Twist
Mr. Bumble,DC,11,42,Oliver_Twist
Mr. Bumble,DN,2,42,Oliver_Twist
Mr. Chitling,N,0,42,Oliver_Twist
Mr. Chitling,C,0,42,Oliver_Twist
Mr. Chitling,I,0,42,Oliver_Twist
Mr. Chitling,A,0,42,Oliver_Twist
Mr. Chitling,DC,0,42,Oliver_Twist
Mr. Chitling,DN,0,42,Oliver_Twist
Mr. Dawkins,N,0,42,Oliver_Twist
Mr. Dawkins,C,0,42,Oliver_Twist
Mr. Dawkins,I,0,42,Oliver_Twist
Mr. Dawkins,A,0,42,Oliver_Twist
Mr. Dawkins,DC,0,42,Oliver_Twist
Mr. Dawkins,DN,0,42,Oliver_Twist
Mr. Fang,N,0,42,Oliver_Twist
Mr. Fang,C,0,42,Oliver_Twist
Mr. Fang,I,0,42,Oliver_Twist
Mr. Fang,A,0,42,Oliver_Twist
Mr. Fang,DC,0,42,Oliver_Twist
Mr. Fang,DN,0,42,Oliver_Twist
Mr. Gamfield,N,0,42,Oliver_Twist
Mr. Gamfield,C,0,42,Oliver_Twist
Mr. Gamfield,I,0,42,Oliver_Twist
Mr. Gamfield,A,0,42,Oliver_Twist
Mr. Gamfield,DC,0,42,Oliver_Twist
Mr. Gamfield,DN,0,42,Oliver_Twist
Mr. Giles,N,0,42,Oliver_Twist
Mr. Giles,C,0,42,Oliver_Twist
Mr. Giles,I,0,42,Oliver_Twist
Mr. Giles,A,0,42,Oliver_Twist
Mr. Giles,DC,0,42,Oliver_Twist
Mr. Giles,DN,0,42,Oliver_Twist
Mr. Grimwig,N,0,42,Oliver_Twist
Mr. Grimwig,C,0,42,Oliver_Twist
Mr. Grimwig,I,0,42,Oliver_Twist
Mr. Grimwig,A,0,42,Oliver_Twist
Mr. Grimwig,DC,0,42,Oliver_Twist
Mr. Grimwig,DN,0,42,Oliver_Twist
Mr. Limbkins,N,0,42,Oliver_Twist
Mr. Limbkins,C,0,42,Oliver_Twist
Mr. Limbkins,I,0,42,Oliver_Twist
Mr. Limbkins,A,0,42,Oliver_Twist
Mr. Limbkins,DC,0,42,Oliver_Twist
Mr. Limbkins,DN,0,42,Oliver_Twist
Mr. Lively,N,0,42,Oliver_Twist
Mr. Lively,C,0,42,Oliver_Twist
Mr. Lively,I,0,42,Oliver_Twist
Mr. Lively,A,0,42,Oliver_Twist
Mr. Lively,DC,0,42,Oliver_Twist
Mr. Lively,DN,0,42,Oliver_Twist
Mr. Losberne,N,0,42,Oliver_Twist
Mr. Losberne,C,0,42,Oliver_Twist
Mr. Losberne,I,0,42,Oliver_Twist
Mr. Losberne,A,0,42,Oliver_Twist
Mr. Losberne,DC,0,42,Oliver_Twist
Mr. Losberne,DN,0,42,Oliver_Twist
Mr. Maylie,N,0,42,Oliver_Twist
Mr. Maylie,C,0,42,Oliver_Twist
Mr. Maylie,I,0,42,Oliver_Twist
Mr. Maylie,A,0,42,Oliver_Twist
Mr. Maylie,DC,0,42,Oliver_Twist
Mr. Maylie,DN,0,42,Oliver_Twist
Mr. Sikes,N,0,42,Oliver_Twist
Mr. Sikes,C,0,42,Oliver_Twist
Mr. Sikes,I,0,42,Oliver_Twist
Mr. Sikes,A,0,42,Oliver_Twist
Mr. Sikes,DC,0,42,Oliver_Twist
Mr. Sikes,DN,0,42,Oliver_Twist
Mr. Sowerberry,N,0,42,Oliver_Twist
Mr. Sowerberry,C,0,42,Oliver_Twist
Mr. Sowerberry,I,0,42,Oliver_Twist
Mr. Sowerberry,A,0,42,Oliver_Twist
Mr. Sowerberry,DC,0,42,Oliver_Twist
Mr. Sowerberry,DN,0,42,Oliver_Twist
Mrs. Bedwin,N,0,42,Oliver_Twist
Mrs. Bedwin,C,0,42,Oliver_Twist
Mrs. Bedwin,I,0,42,Oliver_Twist
Mrs. Bedwin,A,0,42,Oliver_Twist
Mrs. Bedwin,DC,0,42,Oliver_Twist
Mrs. Bedwin,DN,0,42,Oliver_Twist
Mrs. Bolter,N,0,42,Oliver_Twist
Mrs. Bolter,C,0,42,Oliver_Twist
Mrs. Bolter,I,0,42,Oliver_Twist
Mrs. Bolter,A,0,42,Oliver_Twist
Mrs. Bolter,DC,0,42,Oliver_Twist
Mrs. Bolter,DN,0,42,Oliver_Twist
Mrs. Corney,N,0,42,Oliver_Twist
Mrs. Corney,C,0,42,Oliver_Twist
Mrs. Corney,I,0,42,Oliver_Twist
Mrs. Corney,A,0,42,Oliver_Twist
Mrs. Corney,DC,0,42,Oliver_Twist
Mrs. Corney,DN,0,42,Oliver_Twist
Mrs. Mann,N,0,42,Oliver_Twist
Mrs. Mann,C,0,42,Oliver_Twist
Mrs. Mann,I,0,42,Oliver_Twist
Mrs. Mann,A,0,42,Oliver_Twist
Mrs. Mann,DC,0,42,Oliver_Twist
Mrs. Mann,DN,0,42,Oliver_Twist
Mrs. Maylie,N,0,42,Oliver_Twist
Mrs. Maylie,C,0,42,Oliver_Twist
Mrs. Maylie,I,0,42,Oliver_Twist
Mrs. Maylie,A,0,42,Oliver_Twist
Mrs. Maylie,DC,0,42,Oliver_Twist
Mrs. Maylie,DN,0,42,Oliver_Twist
Mrs. Sowerberry,N,0,42,Oliver_Twist
Mrs. Sowerberry,C,0,42,Oliver_Twist
Mrs. Sowerberry,I,0,42,Oliver_Twist
Mrs. Sowerberry,A,0,42,Oliver_Twist
Mrs. Sowerberry,DC,0,42,Oliver_Twist
Mrs. Sowerberry,DN,0,42,Oliver_Twist
Nancy,N,0,42,Oliver_Twist
Nancy,C,0,42,Oliver_Twist
Nancy,I,0,42,Oliver_Twist
Nancy,A,0,42,Oliver_Twist
Nancy,DC,0,42,Oliver_Twist
Nancy,DN,0,42,Oliver_Twist
Noah,N,0,42,Oliver_Twist
Noah,C,0,42,Oliver_Twist
Noah,I,0,42,Oliver_Twist
Noah,A,0,42,Oliver_Twist
Noah,DC,0,42,Oliver_Twist
Noah,DN,0,42,Oliver_Twist
Oliver,N,0,42,Oliver_Twist
Oliver,C,0,42,Oliver_Twist
Oliver,I,0,42,Oliver_Twist
Oliver,A,0,42,Oliver_Twist
Oliver,DC,0,42,Oliver_Twist
Oliver,DN,0,42,Oliver_Twist
Rose,N,0,42,Oliver_Twist
Rose,C,0,42,Oliver_Twist
Rose,I,0,42,Oliver_Twist
Rose,A,0,42,Oliver_Twist
Rose,DC,0,42,Oliver_Twist
Rose,DN,0,42,Oliver_Twist
Sikes,N,0,42,Oliver_Twist
Sikes,C,0,42,Oliver_Twist
Sikes,I,0,42,Oliver_Twist
Sikes,A,0,42,Oliver_Twist
Sikes,DC,0,42,Oliver_Twist
Sikes,DN,0,42,Oliver_Twist
Spyers,N,0,42,Oliver_Twist
Spyers,C,0,42,Oliver_Twist
Spyers,I,0,42,Oliver_Twist
Spyers,A,0,42,Oliver_Twist
Spyers,DC,0,42,Oliver_Twist
Spyers,DN,0,42,Oliver_Twist
The Jew,N,0,42,Oliver_Twist
The Jew,C,0,42,Oliver_Twist
The Jew,I,0,42,Oliver_Twist
The Jew,A,0,42,Oliver_Twist
The Jew,DC,0,42,Oliver_Twist
The Jew,DN,0,42,Oliver_Twist
Toby,N,0,42,Oliver_Twist
Toby,C,0,42,Oliver_Twist
Toby,I,0,42,Oliver_Twist
Toby,A,0,42,Oliver_Twist
Toby,DC,0,42,Oliver_Twist
Toby,DN,0,42,Oliver_Twist
Tom,N,0,42,Oliver_Twist
Tom,C,0,42,Oliver_Twist
Tom,I,0,42,Oliver_Twist
Tom,A,0,42,Oliver_Twist
Tom,DC,0,42,Oliver_Twist
Tom,DN,0,42,Oliver_Twist
Work’us,N,0,42,Oliver_Twist
Work’us,C,0,42,Oliver_Twist
Work’us,I,0,42,Oliver_Twist
Work’us,A,0,42,Oliver_Twist
Work’us,DC,0,42,Oliver_Twist
Work’us,DN,0,42,Oliver_Twist
old Sally,N,1,42,Oliver_Twist
old Sally,C,0,42,Oliver_Twist
old Sally,I,0,42,Oliver_Twist
old Sally,A,0,42,Oliver_Twist
old Sally,DC,0,42,Oliver_Twist
old Sally,DN,0,42,Oliver_Twist
the Clerkinwell Sessions,N,0,42,Oliver_Twist
the Clerkinwell Sessions,C,0,42,Oliver_Twist
the Clerkinwell Sessions,I,0,42,Oliver_Twist
the Clerkinwell Sessions,A,0,42,Oliver_Twist
the Clerkinwell Sessions,DC,0,42,Oliver_Twist
the Clerkinwell Sessions,DN,0,42,Oliver_Twist
the Cripples,N,0,42,Oliver_Twist
the Cripples,C,0,42,Oliver_Twist
the Cripples,I,0,42,Oliver_Twist
the Cripples,A,0,42,Oliver_Twist
the Cripples,DC,0,42,Oliver_Twist
the Cripples,DN,0,42,Oliver_Twist
the Dodger,N,0,42,Oliver_Twist
the Dodger,C,0,42,Oliver_Twist
the Dodger,I,0,42,Oliver_Twist
the Dodger,A,0,42,Oliver_Twist
the Dodger,DC,0,42,Oliver_Twist
the Dodger,DN,0,42,Oliver_Twist
Agnes,N,0,43,Oliver_Twist
Agnes,C,0,43,Oliver_Twist
Agnes,I,0,43,Oliver_Twist
Agnes,A,0,43,Oliver_Twist
Agnes,DC,0,43,Oliver_Twist
Agnes,DN,0,43,Oliver_Twist
Barney,N,0,43,Oliver_Twist
Barney,C,0,43,Oliver_Twist
Barney,I,0,43,Oliver_Twist
Barney,A,0,43,Oliver_Twist
Barney,DC,0,43,Oliver_Twist
Barney,DN,0,43,Oliver_Twist
Bet,N,0,43,Oliver_Twist
Bet,C,0,43,Oliver_Twist
Bet,I,0,43,Oliver_Twist
Bet,A,0,43,Oliver_Twist
Bet,DC,0,43,Oliver_Twist
Bet,DN,0,43,Oliver_Twist
Blathers,N,0,43,Oliver_Twist
Blathers,C,0,43,Oliver_Twist
Blathers,I,0,43,Oliver_Twist
Blathers,A,0,43,Oliver_Twist
Blathers,DC,0,43,Oliver_Twist
Blathers,DN,0,43,Oliver_Twist
Brittles,N,0,43,Oliver_Twist
Brittles,C,0,43,Oliver_Twist
Brittles,I,0,43,Oliver_Twist
Brittles,A,0,43,Oliver_Twist
Brittles,DC,0,43,Oliver_Twist
Brittles,DN,0,43,Oliver_Twist
Charlotte,N,0,43,Oliver_Twist
Charlotte,C,0,43,Oliver_Twist
Charlotte,I,0,43,Oliver_Twist
Charlotte,A,0,43,Oliver_Twist
Charlotte,DC,0,43,Oliver_Twist
Charlotte,DN,0,43,Oliver_Twist
Chickweed,N,0,43,Oliver_Twist
Chickweed,C,0,43,Oliver_Twist
Chickweed,I,0,43,Oliver_Twist
Chickweed,A,0,43,Oliver_Twist
Chickweed,DC,0,43,Oliver_Twist
Chickweed,DN,0,43,Oliver_Twist
Cod,N,0,43,Oliver_Twist
Cod,C,0,43,Oliver_Twist
Cod,I,0,43,Oliver_Twist
Cod,A,0,43,Oliver_Twist
Cod,DC,0,43,Oliver_Twist
Cod,DN,0,43,Oliver_Twist
Dick,N,0,43,Oliver_Twist
Dick,C,0,43,Oliver_Twist
Dick,I,0,43,Oliver_Twist
Dick,A,0,43,Oliver_Twist
Dick,DC,0,43,Oliver_Twist
Dick,DN,0,43,Oliver_Twist
Duff,N,0,43,Oliver_Twist
Duff,C,0,43,Oliver_Twist
Duff,I,0,43,Oliver_Twist
Duff,A,0,43,Oliver_Twist
Duff,DC,0,43,Oliver_Twist
Duff,DN,0,43,Oliver_Twist
Fagin,N,30,43,Oliver_Twist
Fagin,C,20,43,Oliver_Twist
Fagin,I,5,43,Oliver_Twist
Fagin,A,8,43,Oliver_Twist
Fagin,DC,8,43,Oliver_Twist
Fagin,DN,0,43,Oliver_Twist
Faguey,N,0,43,Oliver_Twist
Faguey,C,0,43,Oliver_Twist
Faguey,I,0,43,Oliver_Twist
Faguey,A,0,43,Oliver_Twist
Faguey,DC,0,43,Oliver_Twist
Faguey,DN,0,43,Oliver_Twist
God,N,1,43,Oliver_Twist
God,C,0,43,Oliver_Twist
God,I,0,43,Oliver_Twist
God,A,0,43,Oliver_Twist
God,DC,0,43,Oliver_Twist
God,DN,0,43,Oliver_Twist
Harry,N,0,43,Oliver_Twist
Harry,C,0,43,Oliver_Twist
Harry,I,0,43,Oliver_Twist
Harry,A,0,43,Oliver_Twist
Harry,DC,0,43,Oliver_Twist
Harry,DN,0,43,Oliver_Twist
Heaven,N,0,43,Oliver_Twist
Heaven,C,0,43,Oliver_Twist
Heaven,I,0,43,Oliver_Twist
Heaven,A,0,43,Oliver_Twist
Heaven,DC,0,43,Oliver_Twist
Heaven,DN,0,43,Oliver_Twist
Jack Dawkins,N,0,43,Oliver_Twist
Jack Dawkins,C,0,43,Oliver_Twist
Jack Dawkins,I,0,43,Oliver_Twist
Jack Dawkins,A,0,43,Oliver_Twist
Jack Dawkins,DC,0,43,Oliver_Twist
Jack Dawkins,DN,0,43,Oliver_Twist
Kags,N,0,43,Oliver_Twist
Kags,C,0,43,Oliver_Twist
Kags,I,0,43,Oliver_Twist
Kags,A,0,43,Oliver_Twist
Kags,DC,0,43,Oliver_Twist
Kags,DN,0,43,Oliver_Twist
Little Oliver,N,0,43,Oliver_Twist
Little Oliver,C,0,43,Oliver_Twist
Little Oliver,I,0,43,Oliver_Twist
Little Oliver,A,0,43,Oliver_Twist
Little Oliver,DC,0,43,Oliver_Twist
Little Oliver,DN,0,43,Oliver_Twist
Lor,N,0,43,Oliver_Twist
Lor,C,0,43,Oliver_Twist
Lor,I,0,43,Oliver_Twist
Lor,A,0,43,Oliver_Twist
Lor,DC,0,43,Oliver_Twist
Lor,DN,0,43,Oliver_Twist
Master Bates,N,10,43,Oliver_Twist
Master Bates,C,3,43,Oliver_Twist
Master Bates,I,3,43,Oliver_Twist
Master Bates,A,2,43,Oliver_Twist
Master Bates,DC,4,43,Oliver_Twist
Master Bates,DN,0,43,Oliver_Twist
Messrs. Blathers,N,0,43,Oliver_Twist
Messrs. Blathers,C,0,43,Oliver_Twist
Messrs. Blathers,I,0,43,Oliver_Twist
Messrs. Blathers,A,0,43,Oliver_Twist
Messrs. Blathers,DC,0,43,Oliver_Twist
Messrs. Blathers,DN,0,43,Oliver_Twist
Miss Maylie,N,2,43,Oliver_Twist
Miss Maylie,C,0,43,Oliver_Twist
Miss Maylie,I,0,43,Oliver_Twist
Miss Maylie,A,0,43,Oliver_Twist
Miss Maylie,DC,2,43,Oliver_Twist
Miss Maylie,DN,0,43,Oliver_Twist
Monks,N,8,43,Oliver_Twist
Monks,C,3,43,Oliver_Twist
Monks,I,0,43,Oliver_Twist
Monks,A,4,43,Oliver_Twist
Monks,DC,0,43,Oliver_Twist
Monks,DN,0,43,Oliver_Twist
Mr. Bolter,N,0,43,Oliver_Twist
Mr. Bolter,C,0,43,Oliver_Twist
Mr. Bolter,I,0,43,Oliver_Twist
Mr. Bolter,A,0,43,Oliver_Twist
Mr. Bolter,DC,0,43,Oliver_Twist
Mr. Bolter,DN,0,43,Oliver_Twist
Mr. Browlow,N,0,43,Oliver_Twist
Mr. Browlow,C,0,43,Oliver_Twist
Mr. Browlow,I,0,43,Oliver_Twist
Mr. Browlow,A,0,43,Oliver_Twist
Mr. Browlow,DC,0,43,Oliver_Twist
Mr. Browlow,DN,0,43,Oliver_Twist
Mr. Brownlow,N,0,43,Oliver_Twist
Mr. Brownlow,C,0,43,Oliver_Twist
Mr. Brownlow,I,0,43,Oliver_Twist
Mr. Brownlow,A,0,43,Oliver_Twist
Mr. Brownlow,DC,0,43,Oliver_Twist
Mr. Brownlow,DN,0,43,Oliver_Twist
Mr. Bumble,N,0,43,Oliver_Twist
Mr. Bumble,C,0,43,Oliver_Twist
Mr. Bumble,I,0,43,Oliver_Twist
Mr. Bumble,A,0,43,Oliver_Twist
Mr. Bumble,DC,0,43,Oliver_Twist
Mr. Bumble,DN,0,43,Oliver_Twist
Mr. Chitling,N,5,43,Oliver_Twist
Mr. Chitling,C,4,43,Oliver_Twist
Mr. Chitling,I,0,43,Oliver_Twist
Mr. Chitling,A,0,43,Oliver_Twist
Mr. Chitling,DC,0,43,Oliver_Twist
Mr. Chitling,DN,0,43,Oliver_Twist
Mr. Dawkins,N,3,43,Oliver_Twist
Mr. Dawkins,C,2,43,Oliver_Twist
Mr. Dawkins,I,0,43,Oliver_Twist
Mr. Dawkins,A,4,43,Oliver_Twist
Mr. Dawkins,DC,0,43,Oliver_Twist
Mr. Dawkins,DN,1,43,Oliver_Twist
Mr. Fang,N,0,43,Oliver_Twist
Mr. Fang,C,0,43,Oliver_Twist
Mr. Fang,I,0,43,Oliver_Twist
Mr. Fang,A,0,43,Oliver_Twist
Mr. Fang,DC,0,43,Oliver_Twist
Mr. Fang,DN,0,43,Oliver_Twist
Mr. Gamfield,N,0,43,Oliver_Twist
Mr. Gamfield,C,0,43,Oliver_Twist
Mr. Gamfield,I,0,43,Oliver_Twist
Mr. Gamfield,A,0,43,Oliver_Twist
Mr. Gamfield,DC,0,43,Oliver_Twist
Mr. Gamfield,DN,0,43,Oliver_Twist
Mr. Giles,N,0,43,Oliver_Twist
Mr. Giles,C,0,43,Oliver_Twist
Mr. Giles,I,0,43,Oliver_Twist
Mr. Giles,A,0,43,Oliver_Twist
Mr. Giles,DC,0,43,Oliver_Twist
Mr. Giles,DN,0,43,Oliver_Twist
Mr. Grimwig,N,0,43,Oliver_Twist
Mr. Grimwig,C,0,43,Oliver_Twist
Mr. Grimwig,I,0,43,Oliver_Twist
Mr. Grimwig,A,0,43,Oliver_Twist
Mr. Grimwig,DC,0,43,Oliver_Twist
Mr. Grimwig,DN,0,43,Oliver_Twist
Mr. Limbkins,N,0,43,Oliver_Twist
Mr. Limbkins,C,0,43,Oliver_Twist
Mr. Limbkins,I,0,43,Oliver_Twist
Mr. Limbkins,A,0,43,Oliver_Twist
Mr. Limbkins,DC,0,43,Oliver_Twist
Mr. Limbkins,DN,0,43,Oliver_Twist
Mr. Lively,N,0,43,Oliver_Twist
Mr. Lively,C,0,43,Oliver_Twist
Mr. Lively,I,0,43,Oliver_Twist
Mr. Lively,A,0,43,Oliver_Twist
Mr. Lively,DC,0,43,Oliver_Twist
Mr. Lively,DN,0,43,Oliver_Twist
Mr. Losberne,N,0,43,Oliver_Twist
Mr. Losberne,C,0,43,Oliver_Twist
Mr. Losberne,I,0,43,Oliver_Twist
Mr. Losberne,A,0,43,Oliver_Twist
Mr. Losberne,DC,0,43,Oliver_Twist
Mr. Losberne,DN,0,43,Oliver_Twist
Mr. Maylie,N,0,43,Oliver_Twist
Mr. Maylie,C,0,43,Oliver_Twist
Mr. Maylie,I,0,43,Oliver_Twist
Mr. Maylie,A,0,43,Oliver_Twist
Mr. Maylie,DC,0,43,Oliver_Twist
Mr. Maylie,DN,0,43,Oliver_Twist
Mr. Sikes,N,8,43,Oliver_Twist
Mr. Sikes,C,6,43,Oliver_Twist
Mr. Sikes,I,2,43,Oliver_Twist
Mr. Sikes,A,3,43,Oliver_Twist
Mr. Sikes,DC,0,43,Oliver_Twist
Mr. Sikes,DN,1,43,Oliver_Twist
Mr. Sowerberry,N,0,43,Oliver_Twist
Mr. Sowerberry,C,0,43,Oliver_Twist
Mr. Sowerberry,I,0,43,Oliver_Twist
Mr. Sowerberry,A,0,43,Oliver_Twist
Mr. Sowerberry,DC,0,43,Oliver_Twist
Mr. Sowerberry,DN,0,43,Oliver_Twist
Mrs. Bedwin,N,0,43,Oliver_Twist
Mrs. Bedwin,C,0,43,Oliver_Twist
Mrs. Bedwin,I,0,43,Oliver_Twist
Mrs. Bedwin,A,0,43,Oliver_Twist
Mrs. Bedwin,DC,0,43,Oliver_Twist
Mrs. Bedwin,DN,0,43,Oliver_Twist
Mrs. Bolter,N,0,43,Oliver_Twist
Mrs. Bolter,C,0,43,Oliver_Twist
Mrs. Bolter,I,0,43,Oliver_Twist
Mrs. Bolter,A,0,43,Oliver_Twist
Mrs. Bolter,DC,0,43,Oliver_Twist
Mrs. Bolter,DN,0,43,Oliver_Twist
Mrs. Corney,N,0,43,Oliver_Twist
Mrs. Corney,C,0,43,Oliver_Twist
Mrs. Corney,I,0,43,Oliver_Twist
Mrs. Corney,A,0,43,Oliver_Twist
Mrs. Corney,DC,0,43,Oliver_Twist
Mrs. Corney,DN,0,43,Oliver_Twist
Mrs. Mann,N,0,43,Oliver_Twist
Mrs. Mann,C,0,43,Oliver_Twist
Mrs. Mann,I,0,43,Oliver_Twist
Mrs. Mann,A,0,43,Oliver_Twist
Mrs. Mann,DC,0,43,Oliver_Twist
Mrs. Mann,DN,0,43,Oliver_Twist
Mrs. Maylie,N,0,43,Oliver_Twist
Mrs. Maylie,C,0,43,Oliver_Twist
Mrs. Maylie,I,0,43,Oliver_Twist
Mrs. Maylie,A,0,43,Oliver_Twist
Mrs. Maylie,DC,0,43,Oliver_Twist
Mrs. Maylie,DN,0,43,Oliver_Twist
Mrs. Sowerberry,N,0,43,Oliver_Twist
Mrs. Sowerberry,C,0,43,Oliver_Twist
Mrs. Sowerberry,I,0,43,Oliver_Twist
Mrs. Sowerberry,A,0,43,Oliver_Twist
Mrs. Sowerberry,DC,0,43,Oliver_Twist
Mrs. Sowerberry,DN,0,43,Oliver_Twist
Nancy,N,20,43,Oliver_Twist
Nancy,C,8,43,Oliver_Twist
Nancy,I,2,43,Oliver_Twist
Nancy,A,21,43,Oliver_Twist
Nancy,DC,7,43,Oliver_Twist
Nancy,DN,2,43,Oliver_Twist
Noah,N,0,43,Oliver_Twist
Noah,C,0,43,Oliver_Twist
Noah,I,0,43,Oliver_Twist
Noah,A,0,43,Oliver_Twist
Noah,DC,0,43,Oliver_Twist
Noah,DN,0,43,Oliver_Twist
Oliver,N,0,43,Oliver_Twist
Oliver,C,0,43,Oliver_Twist
Oliver,I,0,43,Oliver_Twist
Oliver,A,0,43,Oliver_Twist
Oliver,DC,0,43,Oliver_Twist
Oliver,DN,0,43,Oliver_Twist
Rose,N,0,43,Oliver_Twist
Rose,C,0,43,Oliver_Twist
Rose,I,0,43,Oliver_Twist
Rose,A,0,43,Oliver_Twist
Rose,DC,0,43,Oliver_Twist
Rose,DN,0,43,Oliver_Twist
Sikes,N,47,43,Oliver_Twist
Sikes,C,37,43,Oliver_Twist
Sikes,I,8,43,Oliver_Twist
Sikes,A,41,43,Oliver_Twist
Sikes,DC,5,43,Oliver_Twist
Sikes,DN,2,43,Oliver_Twist
Spyers,N,0,43,Oliver_Twist
Spyers,C,0,43,Oliver_Twist
Spyers,I,0,43,Oliver_Twist
Spyers,A,0,43,Oliver_Twist
Spyers,DC,0,43,Oliver_Twist
Spyers,DN,0,43,Oliver_Twist
The Jew,N,0,43,Oliver_Twist
The Jew,C,0,43,Oliver_Twist
The Jew,I,0,43,Oliver_Twist
The Jew,A,0,43,Oliver_Twist
The Jew,DC,0,43,Oliver_Twist
The Jew,DN,0,43,Oliver_Twist
Toby,N,7,43,Oliver_Twist
Toby,C,2,43,Oliver_Twist
Toby,I,2,43,Oliver_Twist
Toby,A,10,43,Oliver_Twist
Toby,DC,6,43,Oliver_Twist
Toby,DN,0,43,Oliver_Twist
Tom,N,6,43,Oliver_Twist
Tom,C,4,43,Oliver_Twist
Tom,I,1,43,Oliver_Twist
Tom,A,4,43,Oliver_Twist
Tom,DC,4,43,Oliver_Twist
Tom,DN,0,43,Oliver_Twist
Work’us,N,0,43,Oliver_Twist
Work’us,C,0,43,Oliver_Twist
Work’us,I,0,43,Oliver_Twist
Work’us,A,0,43,Oliver_Twist
Work’us,DC,0,43,Oliver_Twist
Work’us,DN,0,43,Oliver_Twist
old Sally,N,0,43,Oliver_Twist
old Sally,C,0,43,Oliver_Twist
old Sally,I,0,43,Oliver_Twist
old Sally,A,0,43,Oliver_Twist
old Sally,DC,0,43,Oliver_Twist
old Sally,DN,0,43,Oliver_Twist
the Clerkinwell Sessions,N,0,43,Oliver_Twist
the Clerkinwell Sessions,C,0,43,Oliver_Twist
the Clerkinwell Sessions,I,0,43,Oliver_Twist
the Clerkinwell Sessions,A,0,43,Oliver_Twist
the Clerkinwell Sessions,DC,0,43,Oliver_Twist
the Clerkinwell Sessions,DN,0,43,Oliver_Twist
the Cripples,N,0,43,Oliver_Twist
the Cripples,C,0,43,Oliver_Twist
the Cripples,I,0,43,Oliver_Twist
the Cripples,A,0,43,Oliver_Twist
the Cripples,DC,0,43,Oliver_Twist
the Cripples,DN,0,43,Oliver_Twist
the Dodger,N,2,43,Oliver_Twist
the Dodger,C,0,43,Oliver_Twist
the Dodger,I,0,43,Oliver_Twist
the Dodger,A,1,43,Oliver_Twist
the Dodger,DC,2,43,Oliver_Twist
the Dodger,DN,0,43,Oliver_Twist
Agnes,N,0,44,Oliver_Twist
Agnes,C,0,44,Oliver_Twist
Agnes,I,0,44,Oliver_Twist
Agnes,A,0,44,Oliver_Twist
Agnes,DC,0,44,Oliver_Twist
Agnes,DN,0,44,Oliver_Twist
Barney,N,0,44,Oliver_Twist
Barney,C,0,44,Oliver_Twist
Barney,I,0,44,Oliver_Twist
Barney,A,0,44,Oliver_Twist
Barney,DC,0,44,Oliver_Twist
Barney,DN,0,44,Oliver_Twist
Bet,N,0,44,Oliver_Twist
Bet,C,0,44,Oliver_Twist
Bet,I,0,44,Oliver_Twist
Bet,A,0,44,Oliver_Twist
Bet,DC,0,44,Oliver_Twist
Bet,DN,0,44,Oliver_Twist
Blathers,N,0,44,Oliver_Twist
Blathers,C,0,44,Oliver_Twist
Blathers,I,0,44,Oliver_Twist
Blathers,A,0,44,Oliver_Twist
Blathers,DC,0,44,Oliver_Twist
Blathers,DN,0,44,Oliver_Twist
Brittles,N,0,44,Oliver_Twist
Brittles,C,0,44,Oliver_Twist
Brittles,I,0,44,Oliver_Twist
Brittles,A,0,44,Oliver_Twist
Brittles,DC,0,44,Oliver_Twist
Brittles,DN,0,44,Oliver_Twist
Charlotte,N,0,44,Oliver_Twist
Charlotte,C,0,44,Oliver_Twist
Charlotte,I,0,44,Oliver_Twist
Charlotte,A,0,44,Oliver_Twist
Charlotte,DC,0,44,Oliver_Twist
Charlotte,DN,0,44,Oliver_Twist
Chickweed,N,0,44,Oliver_Twist
Chickweed,C,0,44,Oliver_Twist
Chickweed,I,0,44,Oliver_Twist
Chickweed,A,0,44,Oliver_Twist
Chickweed,DC,0,44,Oliver_Twist
Chickweed,DN,0,44,Oliver_Twist
Cod,N,0,44,Oliver_Twist
Cod,C,0,44,Oliver_Twist
Cod,I,0,44,Oliver_Twist
Cod,A,0,44,Oliver_Twist
Cod,DC,0,44,Oliver_Twist
Cod,DN,0,44,Oliver_Twist
Dick,N,0,44,Oliver_Twist
Dick,C,0,44,Oliver_Twist
Dick,I,0,44,Oliver_Twist
Dick,A,0,44,Oliver_Twist
Dick,DC,0,44,Oliver_Twist
Dick,DN,0,44,Oliver_Twist
Duff,N,0,44,Oliver_Twist
Duff,C,0,44,Oliver_Twist
Duff,I,0,44,Oliver_Twist
Duff,A,0,44,Oliver_Twist
Duff,DC,0,44,Oliver_Twist
Duff,DN,0,44,Oliver_Twist
Fagin,N,4,44,Oliver_Twist
Fagin,C,0,44,Oliver_Twist
Fagin,I,2,44,Oliver_Twist
Fagin,A,5,44,Oliver_Twist
Fagin,DC,3,44,Oliver_Twist
Fagin,DN,2,44,Oliver_Twist
Faguey,N,0,44,Oliver_Twist
Faguey,C,0,44,Oliver_Twist
Faguey,I,0,44,Oliver_Twist
Faguey,A,0,44,Oliver_Twist
Faguey,DC,0,44,Oliver_Twist
Faguey,DN,0,44,Oliver_Twist
God,N,2,44,Oliver_Twist
God,C,0,44,Oliver_Twist
God,I,0,44,Oliver_Twist
God,A,0,44,Oliver_Twist
God,DC,0,44,Oliver_Twist
God,DN,0,44,Oliver_Twist
Harry,N,0,44,Oliver_Twist
Harry,C,0,44,Oliver_Twist
Harry,I,0,44,Oliver_Twist
Harry,A,0,44,Oliver_Twist
Harry,DC,0,44,Oliver_Twist
Harry,DN,0,44,Oliver_Twist
Heaven,N,3,44,Oliver_Twist
Heaven,C,0,44,Oliver_Twist
Heaven,I,1,44,Oliver_Twist
Heaven,A,0,44,Oliver_Twist
Heaven,DC,1,44,Oliver_Twist
Heaven,DN,0,44,Oliver_Twist
Jack Dawkins,N,0,44,Oliver_Twist
Jack Dawkins,C,0,44,Oliver_Twist
Jack Dawkins,I,0,44,Oliver_Twist
Jack Dawkins,A,0,44,Oliver_Twist
Jack Dawkins,DC,0,44,Oliver_Twist
Jack Dawkins,DN,0,44,Oliver_Twist
Kags,N,0,44,Oliver_Twist
Kags,C,0,44,Oliver_Twist
Kags,I,0,44,Oliver_Twist
Kags,A,0,44,Oliver_Twist
Kags,DC,0,44,Oliver_Twist
Kags,DN,0,44,Oliver_Twist
Little Oliver,N,0,44,Oliver_Twist
Little Oliver,C,0,44,Oliver_Twist
Little Oliver,I,0,44,Oliver_Twist
Little Oliver,A,0,44,Oliver_Twist
Little Oliver,DC,0,44,Oliver_Twist
Little Oliver,DN,0,44,Oliver_Twist
Lor,N,0,44,Oliver_Twist
Lor,C,0,44,Oliver_Twist
Lor,I,0,44,Oliver_Twist
Lor,A,0,44,Oliver_Twist
Lor,DC,0,44,Oliver_Twist
Lor,DN,0,44,Oliver_Twist
Master Bates,N,0,44,Oliver_Twist
Master Bates,C,0,44,Oliver_Twist
Master Bates,I,0,44,Oliver_Twist
Master Bates,A,0,44,Oliver_Twist
Master Bates,DC,0,44,Oliver_Twist
Master Bates,DN,0,44,Oliver_Twist
Messrs. Blathers,N,0,44,Oliver_Twist
Messrs. Blathers,C,0,44,Oliver_Twist
Messrs. Blathers,I,0,44,Oliver_Twist
Messrs. Blathers,A,0,44,Oliver_Twist
Messrs. Blathers,DC,0,44,Oliver_Twist
Messrs. Blathers,DN,0,44,Oliver_Twist
Miss Maylie,N,0,44,Oliver_Twist
Miss Maylie,C,0,44,Oliver_Twist
Miss Maylie,I,0,44,Oliver_Twist
Miss Maylie,A,0,44,Oliver_Twist
Miss Maylie,DC,0,44,Oliver_Twist
Miss Maylie,DN,0,44,Oliver_Twist
Monks,N,6,44,Oliver_Twist
Monks,C,0,44,Oliver_Twist
Monks,I,0,44,Oliver_Twist
Monks,A,0,44,Oliver_Twist
Monks,DC,0,44,Oliver_Twist
Monks,DN,0,44,Oliver_Twist
Mr. Bolter,N,0,44,Oliver_Twist
Mr. Bolter,C,0,44,Oliver_Twist
Mr. Bolter,I,0,44,Oliver_Twist
Mr. Bolter,A,0,44,Oliver_Twist
Mr. Bolter,DC,0,44,Oliver_Twist
Mr. Bolter,DN,0,44,Oliver_Twist
Mr. Browlow,N,0,44,Oliver_Twist
Mr. Browlow,C,0,44,Oliver_Twist
Mr. Browlow,I,0,44,Oliver_Twist
Mr. Browlow,A,0,44,Oliver_Twist
Mr. Browlow,DC,0,44,Oliver_Twist
Mr. Browlow,DN,0,44,Oliver_Twist
Mr. Brownlow,N,0,44,Oliver_Twist
Mr. Brownlow,C,0,44,Oliver_Twist
Mr. Brownlow,I,0,44,Oliver_Twist
Mr. Brownlow,A,0,44,Oliver_Twist
Mr. Brownlow,DC,0,44,Oliver_Twist
Mr. Brownlow,DN,0,44,Oliver_Twist
Mr. Bumble,N,0,44,Oliver_Twist
Mr. Bumble,C,0,44,Oliver_Twist
Mr. Bumble,I,0,44,Oliver_Twist
Mr. Bumble,A,0,44,Oliver_Twist
Mr. Bumble,DC,0,44,Oliver_Twist
Mr. Bumble,DN,0,44,Oliver_Twist
Mr. Chitling,N,0,44,Oliver_Twist
Mr. Chitling,C,0,44,Oliver_Twist
Mr. Chitling,I,0,44,Oliver_Twist
Mr. Chitling,A,0,44,Oliver_Twist
Mr. Chitling,DC,0,44,Oliver_Twist
Mr. Chitling,DN,0,44,Oliver_Twist
Mr. Dawkins,N,0,44,Oliver_Twist
Mr. Dawkins,C,0,44,Oliver_Twist
Mr. Dawkins,I,0,44,Oliver_Twist
Mr. Dawkins,A,0,44,Oliver_Twist
Mr. Dawkins,DC,0,44,Oliver_Twist
Mr. Dawkins,DN,0,44,Oliver_Twist
Mr. Fang,N,0,44,Oliver_Twist
Mr. Fang,C,0,44,Oliver_Twist
Mr. Fang,I,0,44,Oliver_Twist
Mr. Fang,A,0,44,Oliver_Twist
Mr. Fang,DC,0,44,Oliver_Twist
Mr. Fang,DN,0,44,Oliver_Twist
Mr. Gamfield,N,0,44,Oliver_Twist
Mr. Gamfield,C,0,44,Oliver_Twist
Mr. Gamfield,I,0,44,Oliver_Twist
Mr. Gamfield,A,0,44,Oliver_Twist
Mr. Gamfield,DC,0,44,Oliver_Twist
Mr. Gamfield,DN,0,44,Oliver_Twist
Mr. Giles,N,0,44,Oliver_Twist
Mr. Giles,C,0,44,Oliver_Twist
Mr. Giles,I,0,44,Oliver_Twist
Mr. Giles,A,0,44,Oliver_Twist
Mr. Giles,DC,0,44,Oliver_Twist
Mr. Giles,DN,0,44,Oliver_Twist
Mr. Grimwig,N,0,44,Oliver_Twist
Mr. Grimwig,C,0,44,Oliver_Twist
Mr. Grimwig,I,0,44,Oliver_Twist
Mr. Grimwig,A,0,44,Oliver_Twist
Mr. Grimwig,DC,0,44,Oliver_Twist
Mr. Grimwig,DN,0,44,Oliver_Twist
Mr. Limbkins,N,0,44,Oliver_Twist
Mr. Limbkins,C,0,44,Oliver_Twist
Mr. Limbkins,I,0,44,Oliver_Twist
Mr. Limbkins,A,0,44,Oliver_Twist
Mr. Limbkins,DC,0,44,Oliver_Twist
Mr. Limbkins,DN,0,44,Oliver_Twist
Mr. Lively,N,0,44,Oliver_Twist
Mr. Lively,C,0,44,Oliver_Twist
Mr. Lively,I,0,44,Oliver_Twist
Mr. Lively,A,0,44,Oliver_Twist
Mr. Lively,DC,0,44,Oliver_Twist
Mr. Lively,DN,0,44,Oliver_Twist
Mr. Losberne,N,0,44,Oliver_Twist
Mr. Losberne,C,0,44,Oliver_Twist
Mr. Losberne,I,0,44,Oliver_Twist
Mr. Losberne,A,0,44,Oliver_Twist
Mr. Losberne,DC,0,44,Oliver_Twist
Mr. Losberne,DN,0,44,Oliver_Twist
Mr. Maylie,N,0,44,Oliver_Twist
Mr. Maylie,C,0,44,Oliver_Twist
Mr. Maylie,I,0,44,Oliver_Twist
Mr. Maylie,A,0,44,Oliver_Twist
Mr. Maylie,DC,0,44,Oliver_Twist
Mr. Maylie,DN,0,44,Oliver_Twist
Mr. Sikes,N,0,44,Oliver_Twist
Mr. Sikes,C,0,44,Oliver_Twist
Mr. Sikes,I,0,44,Oliver_Twist
Mr. Sikes,A,0,44,Oliver_Twist
Mr. Sikes,DC,0,44,Oliver_Twist
Mr. Sikes,DN,0,44,Oliver_Twist
Mr. Sowerberry,N,0,44,Oliver_Twist
Mr. Sowerberry,C,0,44,Oliver_Twist
Mr. Sowerberry,I,0,44,Oliver_Twist
Mr. Sowerberry,A,0,44,Oliver_Twist
Mr. Sowerberry,DC,0,44,Oliver_Twist
Mr. Sowerberry,DN,0,44,Oliver_Twist
Mrs. Bedwin,N,0,44,Oliver_Twist
Mrs. Bedwin,C,0,44,Oliver_Twist
Mrs. Bedwin,I,0,44,Oliver_Twist
Mrs. Bedwin,A,0,44,Oliver_Twist
Mrs. Bedwin,DC,0,44,Oliver_Twist
Mrs. Bedwin,DN,0,44,Oliver_Twist
Mrs. Bolter,N,0,44,Oliver_Twist
Mrs. Bolter,C,0,44,Oliver_Twist
Mrs. Bolter,I,0,44,Oliver_Twist
Mrs. Bolter,A,0,44,Oliver_Twist
Mrs. Bolter,DC,0,44,Oliver_Twist
Mrs. Bolter,DN,0,44,Oliver_Twist
Mrs. Corney,N,0,44,Oliver_Twist
Mrs. Corney,C,0,44,Oliver_Twist
Mrs. Corney,I,0,44,Oliver_Twist
Mrs. Corney,A,0,44,Oliver_Twist
Mrs. Corney,DC,0,44,Oliver_Twist
Mrs. Corney,DN,0,44,Oliver_Twist
Mrs. Mann,N,0,44,Oliver_Twist
Mrs. Mann,C,0,44,Oliver_Twist
Mrs. Mann,I,0,44,Oliver_Twist
Mrs. Mann,A,0,44,Oliver_Twist
Mrs. Mann,DC,0,44,Oliver_Twist
Mrs. Mann,DN,0,44,Oliver_Twist
Mrs. Maylie,N,0,44,Oliver_Twist
Mrs. Maylie,C,0,44,Oliver_Twist
Mrs. Maylie,I,0,44,Oliver_Twist
Mrs. Maylie,A,0,44,Oliver_Twist
Mrs. Maylie,DC,0,44,Oliver_Twist
Mrs. Maylie,DN,0,44,Oliver_Twist
Mrs. Sowerberry,N,0,44,Oliver_Twist
Mrs. Sowerberry,C,0,44,Oliver_Twist
Mrs. Sowerberry,I,0,44,Oliver_Twist
Mrs. Sowerberry,A,0,44,Oliver_Twist
Mrs. Sowerberry,DC,0,44,Oliver_Twist
Mrs. Sowerberry,DN,0,44,Oliver_Twist
Nancy,N,1,44,Oliver_Twist
Nancy,C,4,44,Oliver_Twist
Nancy,I,6,44,Oliver_Twist
Nancy,A,4,44,Oliver_Twist
Nancy,DC,4,44,Oliver_Twist
Nancy,DN,0,44,Oliver_Twist
Noah,N,0,44,Oliver_Twist
Noah,C,0,44,Oliver_Twist
Noah,I,0,44,Oliver_Twist
Noah,A,0,44,Oliver_Twist
Noah,DC,0,44,Oliver_Twist
Noah,DN,0,44,Oliver_Twist
Oliver,N,6,44,Oliver_Twist
Oliver,C,0,44,Oliver_Twist
Oliver,I,0,44,Oliver_Twist
Oliver,A,12,44,Oliver_Twist
Oliver,DC,2,44,Oliver_Twist
Oliver,DN,1,44,Oliver_Twist
Rose,N,26,44,Oliver_Twist
Rose,C,40,44,Oliver_Twist
Rose,I,13,44,Oliver_Twist
Rose,A,12,44,Oliver_Twist
Rose,DC,0,44,Oliver_Twist
Rose,DN,1,44,Oliver_Twist
Sikes,N,1,44,Oliver_Twist
Sikes,C,1,44,Oliver_Twist
Sikes,I,0,44,Oliver_Twist
Sikes,A,0,44,Oliver_Twist
Sikes,DC,0,44,Oliver_Twist
Sikes,DN,0,44,Oliver_Twist
Spyers,N,0,44,Oliver_Twist
Spyers,C,0,44,Oliver_Twist
Spyers,I,0,44,Oliver_Twist
Spyers,A,0,44,Oliver_Twist
Spyers,DC,0,44,Oliver_Twist
Spyers,DN,0,44,Oliver_Twist
The Jew,N,0,44,Oliver_Twist
The Jew,C,0,44,Oliver_Twist
The Jew,I,0,44,Oliver_Twist
The Jew,A,0,44,Oliver_Twist
The Jew,DC,0,44,Oliver_Twist
The Jew,DN,0,44,Oliver_Twist
Toby,N,0,44,Oliver_Twist
Toby,C,0,44,Oliver_Twist
Toby,I,0,44,Oliver_Twist
Toby,A,0,44,Oliver_Twist
Toby,DC,0,44,Oliver_Twist
Toby,DN,0,44,Oliver_Twist
Tom,N,0,44,Oliver_Twist
Tom,C,0,44,Oliver_Twist
Tom,I,0,44,Oliver_Twist
Tom,A,0,44,Oliver_Twist
Tom,DC,0,44,Oliver_Twist
Tom,DN,0,44,Oliver_Twist
Work’us,N,0,44,Oliver_Twist
Work’us,C,0,44,Oliver_Twist
Work’us,I,0,44,Oliver_Twist
Work’us,A,0,44,Oliver_Twist
Work’us,DC,0,44,Oliver_Twist
Work’us,DN,0,44,Oliver_Twist
old Sally,N,0,44,Oliver_Twist
old Sally,C,0,44,Oliver_Twist
old Sally,I,0,44,Oliver_Twist
old Sally,A,0,44,Oliver_Twist
old Sally,DC,0,44,Oliver_Twist
old Sally,DN,0,44,Oliver_Twist
the Clerkinwell Sessions,N,0,44,Oliver_Twist
the Clerkinwell Sessions,C,0,44,Oliver_Twist
the Clerkinwell Sessions,I,0,44,Oliver_Twist
the Clerkinwell Sessions,A,0,44,Oliver_Twist
the Clerkinwell Sessions,DC,0,44,Oliver_Twist
the Clerkinwell Sessions,DN,0,44,Oliver_Twist
the Cripples,N,0,44,Oliver_Twist
the Cripples,C,0,44,Oliver_Twist
the Cripples,I,0,44,Oliver_Twist
the Cripples,A,0,44,Oliver_Twist
the Cripples,DC,0,44,Oliver_Twist
the Cripples,DN,0,44,Oliver_Twist
the Dodger,N,0,44,Oliver_Twist
the Dodger,C,0,44,Oliver_Twist
the Dodger,I,0,44,Oliver_Twist
the Dodger,A,0,44,Oliver_Twist
the Dodger,DC,0,44,Oliver_Twist
the Dodger,DN,0,44,Oliver_Twist
Agnes,N,0,45,Oliver_Twist
Agnes,C,0,45,Oliver_Twist
Agnes,I,0,45,Oliver_Twist
Agnes,A,0,45,Oliver_Twist
Agnes,DC,0,45,Oliver_Twist
Agnes,DN,0,45,Oliver_Twist
Barney,N,0,45,Oliver_Twist
Barney,C,0,45,Oliver_Twist
Barney,I,0,45,Oliver_Twist
Barney,A,0,45,Oliver_Twist
Barney,DC,0,45,Oliver_Twist
Barney,DN,0,45,Oliver_Twist
Bet,N,0,45,Oliver_Twist
Bet,C,0,45,Oliver_Twist
Bet,I,0,45,Oliver_Twist
Bet,A,0,45,Oliver_Twist
Bet,DC,0,45,Oliver_Twist
Bet,DN,0,45,Oliver_Twist
Blathers,N,0,45,Oliver_Twist
Blathers,C,0,45,Oliver_Twist
Blathers,I,0,45,Oliver_Twist
Blathers,A,0,45,Oliver_Twist
Blathers,DC,0,45,Oliver_Twist
Blathers,DN,0,45,Oliver_Twist
Brittles,N,0,45,Oliver_Twist
Brittles,C,0,45,Oliver_Twist
Brittles,I,0,45,Oliver_Twist
Brittles,A,0,45,Oliver_Twist
Brittles,DC,0,45,Oliver_Twist
Brittles,DN,0,45,Oliver_Twist
Charlotte,N,0,45,Oliver_Twist
Charlotte,C,0,45,Oliver_Twist
Charlotte,I,0,45,Oliver_Twist
Charlotte,A,0,45,Oliver_Twist
Charlotte,DC,0,45,Oliver_Twist
Charlotte,DN,0,45,Oliver_Twist
Chickweed,N,0,45,Oliver_Twist
Chickweed,C,0,45,Oliver_Twist
Chickweed,I,0,45,Oliver_Twist
Chickweed,A,0,45,Oliver_Twist
Chickweed,DC,0,45,Oliver_Twist
Chickweed,DN,0,45,Oliver_Twist
Cod,N,0,45,Oliver_Twist
Cod,C,0,45,Oliver_Twist
Cod,I,0,45,Oliver_Twist
Cod,A,0,45,Oliver_Twist
Cod,DC,0,45,Oliver_Twist
Cod,DN,0,45,Oliver_Twist
Dick,N,0,45,Oliver_Twist
Dick,C,0,45,Oliver_Twist
Dick,I,0,45,Oliver_Twist
Dick,A,0,45,Oliver_Twist
Dick,DC,0,45,Oliver_Twist
Dick,DN,0,45,Oliver_Twist
Duff,N,1,45,Oliver_Twist
Duff,C,0,45,Oliver_Twist
Duff,I,0,45,Oliver_Twist
Duff,A,0,45,Oliver_Twist
Duff,DC,0,45,Oliver_Twist
Duff,DN,0,45,Oliver_Twist
Fagin,N,0,45,Oliver_Twist
Fagin,C,0,45,Oliver_Twist
Fagin,I,0,45,Oliver_Twist
Fagin,A,0,45,Oliver_Twist
Fagin,DC,0,45,Oliver_Twist
Fagin,DN,0,45,Oliver_Twist
Faguey,N,0,45,Oliver_Twist
Faguey,C,0,45,Oliver_Twist
Faguey,I,0,45,Oliver_Twist
Faguey,A,0,45,Oliver_Twist
Faguey,DC,0,45,Oliver_Twist
Faguey,DN,0,45,Oliver_Twist
God,N,2,45,Oliver_Twist
God,C,0,45,Oliver_Twist
God,I,0,45,Oliver_Twist
God,A,0,45,Oliver_Twist
God,DC,0,45,Oliver_Twist
God,DN,1,45,Oliver_Twist
Harry,N,3,45,Oliver_Twist
Harry,C,0,45,Oliver_Twist
Harry,I,0,45,Oliver_Twist
Harry,A,7,45,Oliver_Twist
Harry,DC,3,45,Oliver_Twist
Harry,DN,0,45,Oliver_Twist
Heaven,N,1,45,Oliver_Twist
Heaven,C,0,45,Oliver_Twist
Heaven,I,0,45,Oliver_Twist
Heaven,A,0,45,Oliver_Twist
Heaven,DC,1,45,Oliver_Twist
Heaven,DN,0,45,Oliver_Twist
Jack Dawkins,N,0,45,Oliver_Twist
Jack Dawkins,C,0,45,Oliver_Twist
Jack Dawkins,I,0,45,Oliver_Twist
Jack Dawkins,A,0,45,Oliver_Twist
Jack Dawkins,DC,0,45,Oliver_Twist
Jack Dawkins,DN,0,45,Oliver_Twist
Kags,N,0,45,Oliver_Twist
Kags,C,0,45,Oliver_Twist
Kags,I,0,45,Oliver_Twist
Kags,A,0,45,Oliver_Twist
Kags,DC,0,45,Oliver_Twist
Kags,DN,0,45,Oliver_Twist
Little Oliver,N,0,45,Oliver_Twist
Little Oliver,C,0,45,Oliver_Twist
Little Oliver,I,0,45,Oliver_Twist
Little Oliver,A,0,45,Oliver_Twist
Little Oliver,DC,0,45,Oliver_Twist
Little Oliver,DN,0,45,Oliver_Twist
Lor,N,0,45,Oliver_Twist
Lor,C,0,45,Oliver_Twist
Lor,I,0,45,Oliver_Twist
Lor,A,0,45,Oliver_Twist
Lor,DC,0,45,Oliver_Twist
Lor,DN,0,45,Oliver_Twist
Master Bates,N,0,45,Oliver_Twist
Master Bates,C,0,45,Oliver_Twist
Master Bates,I,0,45,Oliver_Twist
Master Bates,A,0,45,Oliver_Twist
Master Bates,DC,0,45,Oliver_Twist
Master Bates,DN,0,45,Oliver_Twist
Messrs. Blathers,N,1,45,Oliver_Twist
Messrs. Blathers,C,0,45,Oliver_Twist
Messrs. Blathers,I,0,45,Oliver_Twist
Messrs. Blathers,A,0,45,Oliver_Twist
Messrs. Blathers,DC,0,45,Oliver_Twist
Messrs. Blathers,DN,0,45,Oliver_Twist
Miss Maylie,N,6,45,Oliver_Twist
Miss Maylie,C,2,45,Oliver_Twist
Miss Maylie,I,2,45,Oliver_Twist
Miss Maylie,A,2,45,Oliver_Twist
Miss Maylie,DC,4,45,Oliver_Twist
Miss Maylie,DN,0,45,Oliver_Twist
Monks,N,1,45,Oliver_Twist
Monks,C,0,45,Oliver_Twist
Monks,I,0,45,Oliver_Twist
Monks,A,0,45,Oliver_Twist
Monks,DC,1,45,Oliver_Twist
Monks,DN,0,45,Oliver_Twist
Mr. Bolter,N,0,45,Oliver_Twist
Mr. Bolter,C,0,45,Oliver_Twist
Mr. Bolter,I,0,45,Oliver_Twist
Mr. Bolter,A,0,45,Oliver_Twist
Mr. Bolter,DC,0,45,Oliver_Twist
Mr. Bolter,DN,0,45,Oliver_Twist
Mr. Browlow,N,1,45,Oliver_Twist
Mr. Browlow,C,1,45,Oliver_Twist
Mr. Browlow,I,0,45,Oliver_Twist
Mr. Browlow,A,2,45,Oliver_Twist
Mr. Browlow,DC,0,45,Oliver_Twist
Mr. Browlow,DN,1,45,Oliver_Twist
Mr. Brownlow,N,25,45,Oliver_Twist
Mr. Brownlow,C,29,45,Oliver_Twist
Mr. Brownlow,I,5,45,Oliver_Twist
Mr. Brownlow,A,8,45,Oliver_Twist
Mr. Brownlow,DC,3,45,Oliver_Twist
Mr. Brownlow,DN,0,45,Oliver_Twist
Mr. Bumble,N,0,45,Oliver_Twist
Mr. Bumble,C,0,45,Oliver_Twist
Mr. Bumble,I,0,45,Oliver_Twist
Mr. Bumble,A,0,45,Oliver_Twist
Mr. Bumble,DC,0,45,Oliver_Twist
Mr. Bumble,DN,0,45,Oliver_Twist
Mr. Chitling,N,0,45,Oliver_Twist
Mr. Chitling,C,0,45,Oliver_Twist
Mr. Chitling,I,0,45,Oliver_Twist
Mr. Chitling,A,0,45,Oliver_Twist
Mr. Chitling,DC,0,45,Oliver_Twist
Mr. Chitling,DN,0,45,Oliver_Twist
Mr. Dawkins,N,0,45,Oliver_Twist
Mr. Dawkins,C,0,45,Oliver_Twist
Mr. Dawkins,I,0,45,Oliver_Twist
Mr. Dawkins,A,0,45,Oliver_Twist
Mr. Dawkins,DC,0,45,Oliver_Twist
Mr. Dawkins,DN,0,45,Oliver_Twist
Mr. Fang,N,0,45,Oliver_Twist
Mr. Fang,C,0,45,Oliver_Twist
Mr. Fang,I,0,45,Oliver_Twist
Mr. Fang,A,0,45,Oliver_Twist
Mr. Fang,DC,0,45,Oliver_Twist
Mr. Fang,DN,0,45,Oliver_Twist
Mr. Gamfield,N,0,45,Oliver_Twist
Mr. Gamfield,C,0,45,Oliver_Twist
Mr. Gamfield,I,0,45,Oliver_Twist
Mr. Gamfield,A,0,45,Oliver_Twist
Mr. Gamfield,DC,0,45,Oliver_Twist
Mr. Gamfield,DN,0,45,Oliver_Twist
Mr. Giles,N,2,45,Oliver_Twist
Mr. Giles,C,0,45,Oliver_Twist
Mr. Giles,I,0,45,Oliver_Twist
Mr. Giles,A,0,45,Oliver_Twist
Mr. Giles,DC,1,45,Oliver_Twist
Mr. Giles,DN,0,45,Oliver_Twist
Mr. Grimwig,N,12,45,Oliver_Twist
Mr. Grimwig,C,8,45,Oliver_Twist
Mr. Grimwig,I,6,45,Oliver_Twist
Mr. Grimwig,A,8,45,Oliver_Twist
Mr. Grimwig,DC,4,45,Oliver_Twist
Mr. Grimwig,DN,0,45,Oliver_Twist
Mr. Limbkins,N,0,45,Oliver_Twist
Mr. Limbkins,C,0,45,Oliver_Twist
Mr. Limbkins,I,0,45,Oliver_Twist
Mr. Limbkins,A,0,45,Oliver_Twist
Mr. Limbkins,DC,0,45,Oliver_Twist
Mr. Limbkins,DN,0,45,Oliver_Twist
Mr. Lively,N,0,45,Oliver_Twist
Mr. Lively,C,0,45,Oliver_Twist
Mr. Lively,I,0,45,Oliver_Twist
Mr. Lively,A,0,45,Oliver_Twist
Mr. Lively,DC,0,45,Oliver_Twist
Mr. Lively,DN,0,45,Oliver_Twist
Mr. Losberne,N,5,45,Oliver_Twist
Mr. Losberne,C,2,45,Oliver_Twist
Mr. Losberne,I,2,45,Oliver_Twist
Mr. Losberne,A,1,45,Oliver_Twist
Mr. Losberne,DC,0,45,Oliver_Twist
Mr. Losberne,DN,2,45,Oliver_Twist
Mr. Maylie,N,0,45,Oliver_Twist
Mr. Maylie,C,0,45,Oliver_Twist
Mr. Maylie,I,0,45,Oliver_Twist
Mr. Maylie,A,0,45,Oliver_Twist
Mr. Maylie,DC,0,45,Oliver_Twist
Mr. Maylie,DN,0,45,Oliver_Twist
Mr. Sikes,N,0,45,Oliver_Twist
Mr. Sikes,C,0,45,Oliver_Twist
Mr. Sikes,I,0,45,Oliver_Twist
Mr. Sikes,A,0,45,Oliver_Twist
Mr. Sikes,DC,0,45,Oliver_Twist
Mr. Sikes,DN,0,45,Oliver_Twist
Mr. Sowerberry,N,0,45,Oliver_Twist
Mr. Sowerberry,C,0,45,Oliver_Twist
Mr. Sowerberry,I,0,45,Oliver_Twist
Mr. Sowerberry,A,0,45,Oliver_Twist
Mr. Sowerberry,DC,0,45,Oliver_Twist
Mr. Sowerberry,DN,0,45,Oliver_Twist
Mrs. Bedwin,N,2,45,Oliver_Twist
Mrs. Bedwin,C,0,45,Oliver_Twist
Mrs. Bedwin,I,0,45,Oliver_Twist
Mrs. Bedwin,A,0,45,Oliver_Twist
Mrs. Bedwin,DC,2,45,Oliver_Twist
Mrs. Bedwin,DN,0,45,Oliver_Twist
Mrs. Bolter,N,0,45,Oliver_Twist
Mrs. Bolter,C,0,45,Oliver_Twist
Mrs. Bolter,I,0,45,Oliver_Twist
Mrs. Bolter,A,0,45,Oliver_Twist
Mrs. Bolter,DC,0,45,Oliver_Twist
Mrs. Bolter,DN,0,45,Oliver_Twist
Mrs. Corney,N,0,45,Oliver_Twist
Mrs. Corney,C,0,45,Oliver_Twist
Mrs. Corney,I,0,45,Oliver_Twist
Mrs. Corney,A,0,45,Oliver_Twist
Mrs. Corney,DC,0,45,Oliver_Twist
Mrs. Corney,DN,0,45,Oliver_Twist
Mrs. Mann,N,0,45,Oliver_Twist
Mrs. Mann,C,0,45,Oliver_Twist
Mrs. Mann,I,0,45,Oliver_Twist
Mrs. Mann,A,0,45,Oliver_Twist
Mrs. Mann,DC,0,45,Oliver_Twist
Mrs. Mann,DN,0,45,Oliver_Twist
Mrs. Maylie,N,6,45,Oliver_Twist
Mrs. Maylie,C,2,45,Oliver_Twist
Mrs. Maylie,I,0,45,Oliver_Twist
Mrs. Maylie,A,2,45,Oliver_Twist
Mrs. Maylie,DC,0,45,Oliver_Twist
Mrs. Maylie,DN,1,45,Oliver_Twist
Mrs. Sowerberry,N,0,45,Oliver_Twist
Mrs. Sowerberry,C,0,45,Oliver_Twist
Mrs. Sowerberry,I,0,45,Oliver_Twist
Mrs. Sowerberry,A,0,45,Oliver_Twist
Mrs. Sowerberry,DC,0,45,Oliver_Twist
Mrs. Sowerberry,DN,0,45,Oliver_Twist
Nancy,N,3,45,Oliver_Twist
Nancy,C,0,45,Oliver_Twist
Nancy,I,0,45,Oliver_Twist
Nancy,A,1,45,Oliver_Twist
Nancy,DC,0,45,Oliver_Twist
Nancy,DN,0,45,Oliver_Twist
Noah,N,0,45,Oliver_Twist
Noah,C,0,45,Oliver_Twist
Noah,I,0,45,Oliver_Twist
Noah,A,0,45,Oliver_Twist
Noah,DC,0,45,Oliver_Twist
Noah,DN,0,45,Oliver_Twist
Oliver,N,23,45,Oliver_Twist
Oliver,C,6,45,Oliver_Twist
Oliver,I,2,45,Oliver_Twist
Oliver,A,19,45,Oliver_Twist
Oliver,DC,12,45,Oliver_Twist
Oliver,DN,2,45,Oliver_Twist
Rose,N,25,45,Oliver_Twist
Rose,C,16,45,Oliver_Twist
Rose,I,17,45,Oliver_Twist
Rose,A,18,45,Oliver_Twist
Rose,DC,7,45,Oliver_Twist
Rose,DN,2,45,Oliver_Twist
Sikes,N,0,45,Oliver_Twist
Sikes,C,0,45,Oliver_Twist
Sikes,I,0,45,Oliver_Twist
Sikes,A,0,45,Oliver_Twist
Sikes,DC,0,45,Oliver_Twist
Sikes,DN,0,45,Oliver_Twist
Spyers,N,0,45,Oliver_Twist
Spyers,C,0,45,Oliver_Twist
Spyers,I,0,45,Oliver_Twist
Spyers,A,0,45,Oliver_Twist
Spyers,DC,0,45,Oliver_Twist
Spyers,DN,0,45,Oliver_Twist
The Jew,N,0,45,Oliver_Twist
The Jew,C,0,45,Oliver_Twist
The Jew,I,0,45,Oliver_Twist
The Jew,A,0,45,Oliver_Twist
The Jew,DC,0,45,Oliver_Twist
The Jew,DN,0,45,Oliver_Twist
Toby,N,0,45,Oliver_Twist
Toby,C,0,45,Oliver_Twist
Toby,I,0,45,Oliver_Twist
Toby,A,0,45,Oliver_Twist
Toby,DC,0,45,Oliver_Twist
Toby,DN,0,45,Oliver_Twist
Tom,N,0,45,Oliver_Twist
Tom,C,0,45,Oliver_Twist
Tom,I,0,45,Oliver_Twist
Tom,A,0,45,Oliver_Twist
Tom,DC,0,45,Oliver_Twist
Tom,DN,0,45,Oliver_Twist
Work’us,N,0,45,Oliver_Twist
Work’us,C,0,45,Oliver_Twist
Work’us,I,0,45,Oliver_Twist
Work’us,A,0,45,Oliver_Twist
Work’us,DC,0,45,Oliver_Twist
Work’us,DN,0,45,Oliver_Twist
old Sally,N,0,45,Oliver_Twist
old Sally,C,0,45,Oliver_Twist
old Sally,I,0,45,Oliver_Twist
old Sally,A,0,45,Oliver_Twist
old Sally,DC,0,45,Oliver_Twist
old Sally,DN,0,45,Oliver_Twist
the Clerkinwell Sessions,N,0,45,Oliver_Twist
the Clerkinwell Sessions,C,0,45,Oliver_Twist
the Clerkinwell Sessions,I,0,45,Oliver_Twist
the Clerkinwell Sessions,A,0,45,Oliver_Twist
the Clerkinwell Sessions,DC,0,45,Oliver_Twist
the Clerkinwell Sessions,DN,0,45,Oliver_Twist
the Cripples,N,0,45,Oliver_Twist
the Cripples,C,0,45,Oliver_Twist
the Cripples,I,0,45,Oliver_Twist
the Cripples,A,0,45,Oliver_Twist
the Cripples,DC,0,45,Oliver_Twist
the Cripples,DN,0,45,Oliver_Twist
the Dodger,N,0,45,Oliver_Twist
the Dodger,C,0,45,Oliver_Twist
the Dodger,I,0,45,Oliver_Twist
the Dodger,A,0,45,Oliver_Twist
the Dodger,DC,0,45,Oliver_Twist
the Dodger,DN,0,45,Oliver_Twist
Agnes,N,0,46,Oliver_Twist
Agnes,C,0,46,Oliver_Twist
Agnes,I,0,46,Oliver_Twist
Agnes,A,0,46,Oliver_Twist
Agnes,DC,0,46,Oliver_Twist
Agnes,DN,0,46,Oliver_Twist
Barney,N,8,46,Oliver_Twist
Barney,C,6,46,Oliver_Twist
Barney,I,0,46,Oliver_Twist
Barney,A,5,46,Oliver_Twist
Barney,DC,0,46,Oliver_Twist
Barney,DN,0,46,Oliver_Twist
Bet,N,0,46,Oliver_Twist
Bet,C,0,46,Oliver_Twist
Bet,I,0,46,Oliver_Twist
Bet,A,0,46,Oliver_Twist
Bet,DC,0,46,Oliver_Twist
Bet,DN,0,46,Oliver_Twist
Blathers,N,0,46,Oliver_Twist
Blathers,C,0,46,Oliver_Twist
Blathers,I,0,46,Oliver_Twist
Blathers,A,0,46,Oliver_Twist
Blathers,DC,0,46,Oliver_Twist
Blathers,DN,0,46,Oliver_Twist
Brittles,N,0,46,Oliver_Twist
Brittles,C,0,46,Oliver_Twist
Brittles,I,0,46,Oliver_Twist
Brittles,A,0,46,Oliver_Twist
Brittles,DC,0,46,Oliver_Twist
Brittles,DN,0,46,Oliver_Twist
Charlotte,N,21,46,Oliver_Twist
Charlotte,C,10,46,Oliver_Twist
Charlotte,I,9,46,Oliver_Twist
Charlotte,A,7,46,Oliver_Twist
Charlotte,DC,13,46,Oliver_Twist
Charlotte,DN,0,46,Oliver_Twist
Chickweed,N,0,46,Oliver_Twist
Chickweed,C,0,46,Oliver_Twist
Chickweed,I,0,46,Oliver_Twist
Chickweed,A,0,46,Oliver_Twist
Chickweed,DC,0,46,Oliver_Twist
Chickweed,DN,0,46,Oliver_Twist
Cod,N,0,46,Oliver_Twist
Cod,C,0,46,Oliver_Twist
Cod,I,2,46,Oliver_Twist
Cod,A,3,46,Oliver_Twist
Cod,DC,3,46,Oliver_Twist
Cod,DN,0,46,Oliver_Twist
Dick,N,0,46,Oliver_Twist
Dick,C,0,46,Oliver_Twist
Dick,I,0,46,Oliver_Twist
Dick,A,0,46,Oliver_Twist
Dick,DC,0,46,Oliver_Twist
Dick,DN,0,46,Oliver_Twist
Duff,N,0,46,Oliver_Twist
Duff,C,0,46,Oliver_Twist
Duff,I,0,46,Oliver_Twist
Duff,A,0,46,Oliver_Twist
Duff,DC,0,46,Oliver_Twist
Duff,DN,0,46,Oliver_Twist
Fagin,N,32,46,Oliver_Twist
Fagin,C,50,46,Oliver_Twist
Fagin,I,20,46,Oliver_Twist
Fagin,A,14,46,Oliver_Twist
Fagin,DC,5,46,Oliver_Twist
Fagin,DN,0,46,Oliver_Twist
Faguey,N,0,46,Oliver_Twist
Faguey,C,0,46,Oliver_Twist
Faguey,I,0,46,Oliver_Twist
Faguey,A,0,46,Oliver_Twist
Faguey,DC,0,46,Oliver_Twist
Faguey,DN,0,46,Oliver_Twist
God,N,0,46,Oliver_Twist
God,C,0,46,Oliver_Twist
God,I,0,46,Oliver_Twist
God,A,0,46,Oliver_Twist
God,DC,0,46,Oliver_Twist
God,DN,0,46,Oliver_Twist
Harry,N,0,46,Oliver_Twist
Harry,C,0,46,Oliver_Twist
Harry,I,0,46,Oliver_Twist
Harry,A,0,46,Oliver_Twist
Harry,DC,0,46,Oliver_Twist
Harry,DN,0,46,Oliver_Twist
Heaven,N,0,46,Oliver_Twist
Heaven,C,0,46,Oliver_Twist
Heaven,I,0,46,Oliver_Twist
Heaven,A,0,46,Oliver_Twist
Heaven,DC,0,46,Oliver_Twist
Heaven,DN,0,46,Oliver_Twist
Jack Dawkins,N,0,46,Oliver_Twist
Jack Dawkins,C,0,46,Oliver_Twist
Jack Dawkins,I,0,46,Oliver_Twist
Jack Dawkins,A,0,46,Oliver_Twist
Jack Dawkins,DC,0,46,Oliver_Twist
Jack Dawkins,DN,0,46,Oliver_Twist
Kags,N,0,46,Oliver_Twist
Kags,C,0,46,Oliver_Twist
Kags,I,0,46,Oliver_Twist
Kags,A,0,46,Oliver_Twist
Kags,DC,0,46,Oliver_Twist
Kags,DN,0,46,Oliver_Twist
Little Oliver,N,0,46,Oliver_Twist
Little Oliver,C,0,46,Oliver_Twist
Little Oliver,I,0,46,Oliver_Twist
Little Oliver,A,0,46,Oliver_Twist
Little Oliver,DC,0,46,Oliver_Twist
Little Oliver,DN,0,46,Oliver_Twist
Lor,N,1,46,Oliver_Twist
Lor,C,0,46,Oliver_Twist
Lor,I,0,46,Oliver_Twist
Lor,A,0,46,Oliver_Twist
Lor,DC,1,46,Oliver_Twist
Lor,DN,0,46,Oliver_Twist
Master Bates,N,0,46,Oliver_Twist
Master Bates,C,0,46,Oliver_Twist
Master Bates,I,0,46,Oliver_Twist
Master Bates,A,0,46,Oliver_Twist
Master Bates,DC,0,46,Oliver_Twist
Master Bates,DN,0,46,Oliver_Twist
Messrs. Blathers,N,0,46,Oliver_Twist
Messrs. Blathers,C,0,46,Oliver_Twist
Messrs. Blathers,I,0,46,Oliver_Twist
Messrs. Blathers,A,0,46,Oliver_Twist
Messrs. Blathers,DC,0,46,Oliver_Twist
Messrs. Blathers,DN,0,46,Oliver_Twist
Miss Maylie,N,0,46,Oliver_Twist
Miss Maylie,C,0,46,Oliver_Twist
Miss Maylie,I,0,46,Oliver_Twist
Miss Maylie,A,0,46,Oliver_Twist
Miss Maylie,DC,0,46,Oliver_Twist
Miss Maylie,DN,0,46,Oliver_Twist
Monks,N,0,46,Oliver_Twist
Monks,C,0,46,Oliver_Twist
Monks,I,0,46,Oliver_Twist
Monks,A,0,46,Oliver_Twist
Monks,DC,0,46,Oliver_Twist
Monks,DN,0,46,Oliver_Twist
Mr. Bolter,N,3,46,Oliver_Twist
Mr. Bolter,C,1,46,Oliver_Twist
Mr. Bolter,I,0,46,Oliver_Twist
Mr. Bolter,A,0,46,Oliver_Twist
Mr. Bolter,DC,2,46,Oliver_Twist
Mr. Bolter,DN,0,46,Oliver_Twist
Mr. Browlow,N,0,46,Oliver_Twist
Mr. Browlow,C,0,46,Oliver_Twist
Mr. Browlow,I,0,46,Oliver_Twist
Mr. Browlow,A,0,46,Oliver_Twist
Mr. Browlow,DC,0,46,Oliver_Twist
Mr. Browlow,DN,0,46,Oliver_Twist
Mr. Brownlow,N,0,46,Oliver_Twist
Mr. Brownlow,C,0,46,Oliver_Twist
Mr. Brownlow,I,0,46,Oliver_Twist
Mr. Brownlow,A,0,46,Oliver_Twist
Mr. Brownlow,DC,0,46,Oliver_Twist
Mr. Brownlow,DN,0,46,Oliver_Twist
Mr. Bumble,N,0,46,Oliver_Twist
Mr. Bumble,C,0,46,Oliver_Twist
Mr. Bumble,I,0,46,Oliver_Twist
Mr. Bumble,A,0,46,Oliver_Twist
Mr. Bumble,DC,0,46,Oliver_Twist
Mr. Bumble,DN,0,46,Oliver_Twist
Mr. Chitling,N,0,46,Oliver_Twist
Mr. Chitling,C,0,46,Oliver_Twist
Mr. Chitling,I,0,46,Oliver_Twist
Mr. Chitling,A,0,46,Oliver_Twist
Mr. Chitling,DC,0,46,Oliver_Twist
Mr. Chitling,DN,0,46,Oliver_Twist
Mr. Dawkins,N,0,46,Oliver_Twist
Mr. Dawkins,C,0,46,Oliver_Twist
Mr. Dawkins,I,0,46,Oliver_Twist
Mr. Dawkins,A,0,46,Oliver_Twist
Mr. Dawkins,DC,0,46,Oliver_Twist
Mr. Dawkins,DN,0,46,Oliver_Twist
Mr. Fang,N,0,46,Oliver_Twist
Mr. Fang,C,0,46,Oliver_Twist
Mr. Fang,I,0,46,Oliver_Twist
Mr. Fang,A,0,46,Oliver_Twist
Mr. Fang,DC,0,46,Oliver_Twist
Mr. Fang,DN,0,46,Oliver_Twist
Mr. Gamfield,N,0,46,Oliver_Twist
Mr. Gamfield,C,0,46,Oliver_Twist
Mr. Gamfield,I,0,46,Oliver_Twist
Mr. Gamfield,A,0,46,Oliver_Twist
Mr. Gamfield,DC,0,46,Oliver_Twist
Mr. Gamfield,DN,0,46,Oliver_Twist
Mr. Giles,N,0,46,Oliver_Twist
Mr. Giles,C,0,46,Oliver_Twist
Mr. Giles,I,0,46,Oliver_Twist
Mr. Giles,A,0,46,Oliver_Twist
Mr. Giles,DC,0,46,Oliver_Twist
Mr. Giles,DN,0,46,Oliver_Twist
Mr. Grimwig,N,0,46,Oliver_Twist
Mr. Grimwig,C,0,46,Oliver_Twist
Mr. Grimwig,I,0,46,Oliver_Twist
Mr. Grimwig,A,0,46,Oliver_Twist
Mr. Grimwig,DC,0,46,Oliver_Twist
Mr. Grimwig,DN,0,46,Oliver_Twist
Mr. Limbkins,N,0,46,Oliver_Twist
Mr. Limbkins,C,0,46,Oliver_Twist
Mr. Limbkins,I,0,46,Oliver_Twist
Mr. Limbkins,A,0,46,Oliver_Twist
Mr. Limbkins,DC,0,46,Oliver_Twist
Mr. Limbkins,DN,0,46,Oliver_Twist
Mr. Lively,N,0,46,Oliver_Twist
Mr. Lively,C,0,46,Oliver_Twist
Mr. Lively,I,0,46,Oliver_Twist
Mr. Lively,A,0,46,Oliver_Twist
Mr. Lively,DC,0,46,Oliver_Twist
Mr. Lively,DN,0,46,Oliver_Twist
Mr. Losberne,N,0,46,Oliver_Twist
Mr. Losberne,C,0,46,Oliver_Twist
Mr. Losberne,I,0,46,Oliver_Twist
Mr. Losberne,A,0,46,Oliver_Twist
Mr. Losberne,DC,0,46,Oliver_Twist
Mr. Losberne,DN,0,46,Oliver_Twist
Mr. Maylie,N,0,46,Oliver_Twist
Mr. Maylie,C,0,46,Oliver_Twist
Mr. Maylie,I,0,46,Oliver_Twist
Mr. Maylie,A,0,46,Oliver_Twist
Mr. Maylie,DC,0,46,Oliver_Twist
Mr. Maylie,DN,0,46,Oliver_Twist
Mr. Sikes,N,0,46,Oliver_Twist
Mr. Sikes,C,0,46,Oliver_Twist
Mr. Sikes,I,0,46,Oliver_Twist
Mr. Sikes,A,0,46,Oliver_Twist
Mr. Sikes,DC,0,46,Oliver_Twist
Mr. Sikes,DN,0,46,Oliver_Twist
Mr. Sowerberry,N,0,46,Oliver_Twist
Mr. Sowerberry,C,0,46,Oliver_Twist
Mr. Sowerberry,I,0,46,Oliver_Twist
Mr. Sowerberry,A,0,46,Oliver_Twist
Mr. Sowerberry,DC,0,46,Oliver_Twist
Mr. Sowerberry,DN,0,46,Oliver_Twist
Mrs. Bedwin,N,0,46,Oliver_Twist
Mrs. Bedwin,C,0,46,Oliver_Twist
Mrs. Bedwin,I,0,46,Oliver_Twist
Mrs. Bedwin,A,0,46,Oliver_Twist
Mrs. Bedwin,DC,0,46,Oliver_Twist
Mrs. Bedwin,DN,0,46,Oliver_Twist
Mrs. Bolter,N,3,46,Oliver_Twist
Mrs. Bolter,C,1,46,Oliver_Twist
Mrs. Bolter,I,0,46,Oliver_Twist
Mrs. Bolter,A,0,46,Oliver_Twist
Mrs. Bolter,DC,4,46,Oliver_Twist
Mrs. Bolter,DN,0,46,Oliver_Twist
Mrs. Corney,N,0,46,Oliver_Twist
Mrs. Corney,C,0,46,Oliver_Twist
Mrs. Corney,I,0,46,Oliver_Twist
Mrs. Corney,A,0,46,Oliver_Twist
Mrs. Corney,DC,0,46,Oliver_Twist
Mrs. Corney,DN,0,46,Oliver_Twist
Mrs. Mann,N,0,46,Oliver_Twist
Mrs. Mann,C,0,46,Oliver_Twist
Mrs. Mann,I,0,46,Oliver_Twist
Mrs. Mann,A,0,46,Oliver_Twist
Mrs. Mann,DC,0,46,Oliver_Twist
Mrs. Mann,DN,0,46,Oliver_Twist
Mrs. Maylie,N,0,46,Oliver_Twist
Mrs. Maylie,C,0,46,Oliver_Twist
Mrs. Maylie,I,0,46,Oliver_Twist
Mrs. Maylie,A,0,46,Oliver_Twist
Mrs. Maylie,DC,0,46,Oliver_Twist
Mrs. Maylie,DN,0,46,Oliver_Twist
Mrs. Sowerberry,N,1,46,Oliver_Twist
Mrs. Sowerberry,C,0,46,Oliver_Twist
Mrs. Sowerberry,I,0,46,Oliver_Twist
Mrs. Sowerberry,A,1,46,Oliver_Twist
Mrs. Sowerberry,DC,1,46,Oliver_Twist
Mrs. Sowerberry,DN,0,46,Oliver_Twist
Nancy,N,1,46,Oliver_Twist
Nancy,C,0,46,Oliver_Twist
Nancy,I,0,46,Oliver_Twist
Nancy,A,1,46,Oliver_Twist
Nancy,DC,0,46,Oliver_Twist
Nancy,DN,0,46,Oliver_Twist
Noah,N,64,46,Oliver_Twist
Noah,C,62,46,Oliver_Twist
Noah,I,30,46,Oliver_Twist
Noah,A,39,46,Oliver_Twist
Noah,DC,16,46,Oliver_Twist
Noah,DN,2,46,Oliver_Twist
Oliver,N,1,46,Oliver_Twist
Oliver,C,0,46,Oliver_Twist
Oliver,I,0,46,Oliver_Twist
Oliver,A,0,46,Oliver_Twist
Oliver,DC,0,46,Oliver_Twist
Oliver,DN,0,46,Oliver_Twist
Rose,N,1,46,Oliver_Twist
Rose,C,0,46,Oliver_Twist
Rose,I,0,46,Oliver_Twist
Rose,A,0,46,Oliver_Twist
Rose,DC,0,46,Oliver_Twist
Rose,DN,0,46,Oliver_Twist
Sikes,N,1,46,Oliver_Twist
Sikes,C,0,46,Oliver_Twist
Sikes,I,0,46,Oliver_Twist
Sikes,A,0,46,Oliver_Twist
Sikes,DC,0,46,Oliver_Twist
Sikes,DN,0,46,Oliver_Twist
Spyers,N,0,46,Oliver_Twist
Spyers,C,0,46,Oliver_Twist
Spyers,I,0,46,Oliver_Twist
Spyers,A,0,46,Oliver_Twist
Spyers,DC,0,46,Oliver_Twist
Spyers,DN,0,46,Oliver_Twist
The Jew,N,0,46,Oliver_Twist
The Jew,C,0,46,Oliver_Twist
The Jew,I,0,46,Oliver_Twist
The Jew,A,0,46,Oliver_Twist
The Jew,DC,0,46,Oliver_Twist
The Jew,DN,0,46,Oliver_Twist
Toby,N,0,46,Oliver_Twist
Toby,C,0,46,Oliver_Twist
Toby,I,0,46,Oliver_Twist
Toby,A,0,46,Oliver_Twist
Toby,DC,0,46,Oliver_Twist
Toby,DN,0,46,Oliver_Twist
Tom,N,0,46,Oliver_Twist
Tom,C,0,46,Oliver_Twist
Tom,I,0,46,Oliver_Twist
Tom,A,0,46,Oliver_Twist
Tom,DC,0,46,Oliver_Twist
Tom,DN,0,46,Oliver_Twist
Work’us,N,0,46,Oliver_Twist
Work’us,C,0,46,Oliver_Twist
Work’us,I,0,46,Oliver_Twist
Work’us,A,0,46,Oliver_Twist
Work’us,DC,0,46,Oliver_Twist
Work’us,DN,0,46,Oliver_Twist
old Sally,N,0,46,Oliver_Twist
old Sally,C,0,46,Oliver_Twist
old Sally,I,0,46,Oliver_Twist
old Sally,A,0,46,Oliver_Twist
old Sally,DC,0,46,Oliver_Twist
old Sally,DN,0,46,Oliver_Twist
the Clerkinwell Sessions,N,0,46,Oliver_Twist
the Clerkinwell Sessions,C,0,46,Oliver_Twist
the Clerkinwell Sessions,I,0,46,Oliver_Twist
the Clerkinwell Sessions,A,0,46,Oliver_Twist
the Clerkinwell Sessions,DC,0,46,Oliver_Twist
the Clerkinwell Sessions,DN,0,46,Oliver_Twist
the Cripples,N,3,46,Oliver_Twist
the Cripples,C,0,46,Oliver_Twist
the Cripples,I,0,46,Oliver_Twist
the Cripples,A,0,46,Oliver_Twist
the Cripples,DC,3,46,Oliver_Twist
the Cripples,DN,0,46,Oliver_Twist
the Dodger,N,0,46,Oliver_Twist
the Dodger,C,0,46,Oliver_Twist
the Dodger,I,0,46,Oliver_Twist
the Dodger,A,0,46,Oliver_Twist
the Dodger,DC,0,46,Oliver_Twist
the Dodger,DN,0,46,Oliver_Twist
Agnes,N,0,47,Oliver_Twist
Agnes,C,0,47,Oliver_Twist
Agnes,I,0,47,Oliver_Twist
Agnes,A,0,47,Oliver_Twist
Agnes,DC,0,47,Oliver_Twist
Agnes,DN,0,47,Oliver_Twist
Barney,N,0,47,Oliver_Twist
Barney,C,0,47,Oliver_Twist
Barney,I,0,47,Oliver_Twist
Barney,A,0,47,Oliver_Twist
Barney,DC,0,47,Oliver_Twist
Barney,DN,0,47,Oliver_Twist
Bet,N,0,47,Oliver_Twist
Bet,C,0,47,Oliver_Twist
Bet,I,0,47,Oliver_Twist
Bet,A,0,47,Oliver_Twist
Bet,DC,0,47,Oliver_Twist
Bet,DN,0,47,Oliver_Twist
Blathers,N,0,47,Oliver_Twist
Blathers,C,0,47,Oliver_Twist
Blathers,I,0,47,Oliver_Twist
Blathers,A,0,47,Oliver_Twist
Blathers,DC,0,47,Oliver_Twist
Blathers,DN,0,47,Oliver_Twist
Brittles,N,0,47,Oliver_Twist
Brittles,C,0,47,Oliver_Twist
Brittles,I,0,47,Oliver_Twist
Brittles,A,0,47,Oliver_Twist
Brittles,DC,0,47,Oliver_Twist
Brittles,DN,0,47,Oliver_Twist
Charlotte,N,0,47,Oliver_Twist
Charlotte,C,0,47,Oliver_Twist
Charlotte,I,0,47,Oliver_Twist
Charlotte,A,0,47,Oliver_Twist
Charlotte,DC,0,47,Oliver_Twist
Charlotte,DN,0,47,Oliver_Twist
Chickweed,N,0,47,Oliver_Twist
Chickweed,C,0,47,Oliver_Twist
Chickweed,I,0,47,Oliver_Twist
Chickweed,A,0,47,Oliver_Twist
Chickweed,DC,0,47,Oliver_Twist
Chickweed,DN,0,47,Oliver_Twist
Cod,N,1,47,Oliver_Twist
Cod,C,0,47,Oliver_Twist
Cod,I,0,47,Oliver_Twist
Cod,A,0,47,Oliver_Twist
Cod,DC,1,47,Oliver_Twist
Cod,DN,0,47,Oliver_Twist
Dick,N,0,47,Oliver_Twist
Dick,C,0,47,Oliver_Twist
Dick,I,0,47,Oliver_Twist
Dick,A,0,47,Oliver_Twist
Dick,DC,0,47,Oliver_Twist
Dick,DN,0,47,Oliver_Twist
Duff,N,0,47,Oliver_Twist
Duff,C,0,47,Oliver_Twist
Duff,I,0,47,Oliver_Twist
Duff,A,0,47,Oliver_Twist
Duff,DC,0,47,Oliver_Twist
Duff,DN,0,47,Oliver_Twist
Fagin,N,38,47,Oliver_Twist
Fagin,C,46,47,Oliver_Twist
Fagin,I,12,47,Oliver_Twist
Fagin,A,23,47,Oliver_Twist
Fagin,DC,10,47,Oliver_Twist
Fagin,DN,5,47,Oliver_Twist
Faguey,N,0,47,Oliver_Twist
Faguey,C,0,47,Oliver_Twist
Faguey,I,0,47,Oliver_Twist
Faguey,A,0,47,Oliver_Twist
Faguey,DC,0,47,Oliver_Twist
Faguey,DN,0,47,Oliver_Twist
God,N,0,47,Oliver_Twist
God,C,0,47,Oliver_Twist
God,I,0,47,Oliver_Twist
God,A,0,47,Oliver_Twist
God,DC,0,47,Oliver_Twist
God,DN,0,47,Oliver_Twist
Harry,N,0,47,Oliver_Twist
Harry,C,0,47,Oliver_Twist
Harry,I,0,47,Oliver_Twist
Harry,A,0,47,Oliver_Twist
Harry,DC,0,47,Oliver_Twist
Harry,DN,0,47,Oliver_Twist
Heaven,N,0,47,Oliver_Twist
Heaven,C,0,47,Oliver_Twist
Heaven,I,0,47,Oliver_Twist
Heaven,A,0,47,Oliver_Twist
Heaven,DC,0,47,Oliver_Twist
Heaven,DN,0,47,Oliver_Twist
Jack Dawkins,N,3,47,Oliver_Twist
Jack Dawkins,C,0,47,Oliver_Twist
Jack Dawkins,I,0,47,Oliver_Twist
Jack Dawkins,A,0,47,Oliver_Twist
Jack Dawkins,DC,2,47,Oliver_Twist
Jack Dawkins,DN,0,47,Oliver_Twist
Kags,N,0,47,Oliver_Twist
Kags,C,0,47,Oliver_Twist
Kags,I,0,47,Oliver_Twist
Kags,A,0,47,Oliver_Twist
Kags,DC,0,47,Oliver_Twist
Kags,DN,0,47,Oliver_Twist
Little Oliver,N,0,47,Oliver_Twist
Little Oliver,C,0,47,Oliver_Twist
Little Oliver,I,0,47,Oliver_Twist
Little Oliver,A,0,47,Oliver_Twist
Little Oliver,DC,0,47,Oliver_Twist
Little Oliver,DN,0,47,Oliver_Twist
Lor,N,0,47,Oliver_Twist
Lor,C,0,47,Oliver_Twist
Lor,I,0,47,Oliver_Twist
Lor,A,0,47,Oliver_Twist
Lor,DC,0,47,Oliver_Twist
Lor,DN,0,47,Oliver_Twist
Master Bates,N,30,47,Oliver_Twist
Master Bates,C,23,47,Oliver_Twist
Master Bates,I,10,47,Oliver_Twist
Master Bates,A,23,47,Oliver_Twist
Master Bates,DC,8,47,Oliver_Twist
Master Bates,DN,0,47,Oliver_Twist
Messrs. Blathers,N,0,47,Oliver_Twist
Messrs. Blathers,C,0,47,Oliver_Twist
Messrs. Blathers,I,0,47,Oliver_Twist
Messrs. Blathers,A,0,47,Oliver_Twist
Messrs. Blathers,DC,0,47,Oliver_Twist
Messrs. Blathers,DN,0,47,Oliver_Twist
Miss Maylie,N,0,47,Oliver_Twist
Miss Maylie,C,0,47,Oliver_Twist
Miss Maylie,I,0,47,Oliver_Twist
Miss Maylie,A,0,47,Oliver_Twist
Miss Maylie,DC,0,47,Oliver_Twist
Miss Maylie,DN,0,47,Oliver_Twist
Monks,N,0,47,Oliver_Twist
Monks,C,0,47,Oliver_Twist
Monks,I,0,47,Oliver_Twist
Monks,A,0,47,Oliver_Twist
Monks,DC,0,47,Oliver_Twist
Monks,DN,0,47,Oliver_Twist
Mr. Bolter,N,24,47,Oliver_Twist
Mr. Bolter,C,25,47,Oliver_Twist
Mr. Bolter,I,17,47,Oliver_Twist
Mr. Bolter,A,6,47,Oliver_Twist
Mr. Bolter,DC,7,47,Oliver_Twist
Mr. Bolter,DN,1,47,Oliver_Twist
Mr. Browlow,N,0,47,Oliver_Twist
Mr. Browlow,C,0,47,Oliver_Twist
Mr. Browlow,I,0,47,Oliver_Twist
Mr. Browlow,A,0,47,Oliver_Twist
Mr. Browlow,DC,0,47,Oliver_Twist
Mr. Browlow,DN,0,47,Oliver_Twist
Mr. Brownlow,N,0,47,Oliver_Twist
Mr. Brownlow,C,0,47,Oliver_Twist
Mr. Brownlow,I,0,47,Oliver_Twist
Mr. Brownlow,A,0,47,Oliver_Twist
Mr. Brownlow,DC,0,47,Oliver_Twist
Mr. Brownlow,DN,0,47,Oliver_Twist
Mr. Bumble,N,0,47,Oliver_Twist
Mr. Bumble,C,0,47,Oliver_Twist
Mr. Bumble,I,0,47,Oliver_Twist
Mr. Bumble,A,0,47,Oliver_Twist
Mr. Bumble,DC,0,47,Oliver_Twist
Mr. Bumble,DN,0,47,Oliver_Twist
Mr. Chitling,N,0,47,Oliver_Twist
Mr. Chitling,C,0,47,Oliver_Twist
Mr. Chitling,I,0,47,Oliver_Twist
Mr. Chitling,A,0,47,Oliver_Twist
Mr. Chitling,DC,0,47,Oliver_Twist
Mr. Chitling,DN,0,47,Oliver_Twist
Mr. Dawkins,N,3,47,Oliver_Twist
Mr. Dawkins,C,2,47,Oliver_Twist
Mr. Dawkins,I,0,47,Oliver_Twist
Mr. Dawkins,A,4,47,Oliver_Twist
Mr. Dawkins,DC,0,47,Oliver_Twist
Mr. Dawkins,DN,0,47,Oliver_Twist
Mr. Fang,N,0,47,Oliver_Twist
Mr. Fang,C,0,47,Oliver_Twist
Mr. Fang,I,0,47,Oliver_Twist
Mr. Fang,A,0,47,Oliver_Twist
Mr. Fang,DC,0,47,Oliver_Twist
Mr. Fang,DN,0,47,Oliver_Twist
Mr. Gamfield,N,0,47,Oliver_Twist
Mr. Gamfield,C,0,47,Oliver_Twist
Mr. Gamfield,I,0,47,Oliver_Twist
Mr. Gamfield,A,0,47,Oliver_Twist
Mr. Gamfield,DC,0,47,Oliver_Twist
Mr. Gamfield,DN,0,47,Oliver_Twist
Mr. Giles,N,0,47,Oliver_Twist
Mr. Giles,C,0,47,Oliver_Twist
Mr. Giles,I,0,47,Oliver_Twist
Mr. Giles,A,0,47,Oliver_Twist
Mr. Giles,DC,0,47,Oliver_Twist
Mr. Giles,DN,0,47,Oliver_Twist
Mr. Grimwig,N,0,47,Oliver_Twist
Mr. Grimwig,C,0,47,Oliver_Twist
Mr. Grimwig,I,0,47,Oliver_Twist
Mr. Grimwig,A,0,47,Oliver_Twist
Mr. Grimwig,DC,0,47,Oliver_Twist
Mr. Grimwig,DN,0,47,Oliver_Twist
Mr. Limbkins,N,0,47,Oliver_Twist
Mr. Limbkins,C,0,47,Oliver_Twist
Mr. Limbkins,I,0,47,Oliver_Twist
Mr. Limbkins,A,0,47,Oliver_Twist
Mr. Limbkins,DC,0,47,Oliver_Twist
Mr. Limbkins,DN,0,47,Oliver_Twist
Mr. Lively,N,0,47,Oliver_Twist
Mr. Lively,C,0,47,Oliver_Twist
Mr. Lively,I,0,47,Oliver_Twist
Mr. Lively,A,0,47,Oliver_Twist
Mr. Lively,DC,0,47,Oliver_Twist
Mr. Lively,DN,0,47,Oliver_Twist
Mr. Losberne,N,0,47,Oliver_Twist
Mr. Losberne,C,0,47,Oliver_Twist
Mr. Losberne,I,0,47,Oliver_Twist
Mr. Losberne,A,0,47,Oliver_Twist
Mr. Losberne,DC,0,47,Oliver_Twist
Mr. Losberne,DN,0,47,Oliver_Twist
Mr. Maylie,N,0,47,Oliver_Twist
Mr. Maylie,C,0,47,Oliver_Twist
Mr. Maylie,I,0,47,Oliver_Twist
Mr. Maylie,A,0,47,Oliver_Twist
Mr. Maylie,DC,0,47,Oliver_Twist
Mr. Maylie,DN,0,47,Oliver_Twist
Mr. Sikes,N,0,47,Oliver_Twist
Mr. Sikes,C,0,47,Oliver_Twist
Mr. Sikes,I,0,47,Oliver_Twist
Mr. Sikes,A,0,47,Oliver_Twist
Mr. Sikes,DC,0,47,Oliver_Twist
Mr. Sikes,DN,0,47,Oliver_Twist
Mr. Sowerberry,N,0,47,Oliver_Twist
Mr. Sowerberry,C,0,47,Oliver_Twist
Mr. Sowerberry,I,0,47,Oliver_Twist
Mr. Sowerberry,A,0,47,Oliver_Twist
Mr. Sowerberry,DC,0,47,Oliver_Twist
Mr. Sowerberry,DN,0,47,Oliver_Twist
Mrs. Bedwin,N,0,47,Oliver_Twist
Mrs. Bedwin,C,0,47,Oliver_Twist
Mrs. Bedwin,I,0,47,Oliver_Twist
Mrs. Bedwin,A,0,47,Oliver_Twist
Mrs. Bedwin,DC,0,47,Oliver_Twist
Mrs. Bedwin,DN,0,47,Oliver_Twist
Mrs. Bolter,N,0,47,Oliver_Twist
Mrs. Bolter,C,0,47,Oliver_Twist
Mrs. Bolter,I,0,47,Oliver_Twist
Mrs. Bolter,A,0,47,Oliver_Twist
Mrs. Bolter,DC,0,47,Oliver_Twist
Mrs. Bolter,DN,0,47,Oliver_Twist
Mrs. Corney,N,0,47,Oliver_Twist
Mrs. Corney,C,0,47,Oliver_Twist
Mrs. Corney,I,0,47,Oliver_Twist
Mrs. Corney,A,0,47,Oliver_Twist
Mrs. Corney,DC,0,47,Oliver_Twist
Mrs. Corney,DN,0,47,Oliver_Twist
Mrs. Mann,N,0,47,Oliver_Twist
Mrs. Mann,C,0,47,Oliver_Twist
Mrs. Mann,I,0,47,Oliver_Twist
Mrs. Mann,A,0,47,Oliver_Twist
Mrs. Mann,DC,0,47,Oliver_Twist
Mrs. Mann,DN,0,47,Oliver_Twist
Mrs. Maylie,N,0,47,Oliver_Twist
Mrs. Maylie,C,0,47,Oliver_Twist
Mrs. Maylie,I,0,47,Oliver_Twist
Mrs. Maylie,A,0,47,Oliver_Twist
Mrs. Maylie,DC,0,47,Oliver_Twist
Mrs. Maylie,DN,0,47,Oliver_Twist
Mrs. Sowerberry,N,0,47,Oliver_Twist
Mrs. Sowerberry,C,0,47,Oliver_Twist
Mrs. Sowerberry,I,0,47,Oliver_Twist
Mrs. Sowerberry,A,0,47,Oliver_Twist
Mrs. Sowerberry,DC,0,47,Oliver_Twist
Mrs. Sowerberry,DN,0,47,Oliver_Twist
Nancy,N,0,47,Oliver_Twist
Nancy,C,0,47,Oliver_Twist
Nancy,I,0,47,Oliver_Twist
Nancy,A,0,47,Oliver_Twist
Nancy,DC,0,47,Oliver_Twist
Nancy,DN,0,47,Oliver_Twist
Noah,N,7,47,Oliver_Twist
Noah,C,3,47,Oliver_Twist
Noah,I,2,47,Oliver_Twist
Noah,A,6,47,Oliver_Twist
Noah,DC,0,47,Oliver_Twist
Noah,DN,0,47,Oliver_Twist
Oliver,N,0,47,Oliver_Twist
Oliver,C,0,47,Oliver_Twist
Oliver,I,0,47,Oliver_Twist
Oliver,A,0,47,Oliver_Twist
Oliver,DC,0,47,Oliver_Twist
Oliver,DN,0,47,Oliver_Twist
Rose,N,0,47,Oliver_Twist
Rose,C,0,47,Oliver_Twist
Rose,I,0,47,Oliver_Twist
Rose,A,0,47,Oliver_Twist
Rose,DC,0,47,Oliver_Twist
Rose,DN,0,47,Oliver_Twist
Sikes,N,0,47,Oliver_Twist
Sikes,C,0,47,Oliver_Twist
Sikes,I,0,47,Oliver_Twist
Sikes,A,0,47,Oliver_Twist
Sikes,DC,0,47,Oliver_Twist
Sikes,DN,0,47,Oliver_Twist
Spyers,N,0,47,Oliver_Twist
Spyers,C,0,47,Oliver_Twist
Spyers,I,0,47,Oliver_Twist
Spyers,A,0,47,Oliver_Twist
Spyers,DC,0,47,Oliver_Twist
Spyers,DN,0,47,Oliver_Twist
The Jew,N,0,47,Oliver_Twist
The Jew,C,0,47,Oliver_Twist
The Jew,I,0,47,Oliver_Twist
The Jew,A,0,47,Oliver_Twist
The Jew,DC,0,47,Oliver_Twist
The Jew,DN,0,47,Oliver_Twist
Toby,N,0,47,Oliver_Twist
Toby,C,0,47,Oliver_Twist
Toby,I,0,47,Oliver_Twist
Toby,A,0,47,Oliver_Twist
Toby,DC,0,47,Oliver_Twist
Toby,DN,0,47,Oliver_Twist
Tom,N,0,47,Oliver_Twist
Tom,C,0,47,Oliver_Twist
Tom,I,0,47,Oliver_Twist
Tom,A,0,47,Oliver_Twist
Tom,DC,0,47,Oliver_Twist
Tom,DN,0,47,Oliver_Twist
Work’us,N,0,47,Oliver_Twist
Work’us,C,0,47,Oliver_Twist
Work’us,I,0,47,Oliver_Twist
Work’us,A,0,47,Oliver_Twist
Work’us,DC,0,47,Oliver_Twist
Work’us,DN,0,47,Oliver_Twist
old Sally,N,0,47,Oliver_Twist
old Sally,C,0,47,Oliver_Twist
old Sally,I,0,47,Oliver_Twist
old Sally,A,0,47,Oliver_Twist
old Sally,DC,0,47,Oliver_Twist
old Sally,DN,0,47,Oliver_Twist
the Clerkinwell Sessions,N,0,47,Oliver_Twist
the Clerkinwell Sessions,C,0,47,Oliver_Twist
the Clerkinwell Sessions,I,0,47,Oliver_Twist
the Clerkinwell Sessions,A,0,47,Oliver_Twist
the Clerkinwell Sessions,DC,0,47,Oliver_Twist
the Clerkinwell Sessions,DN,0,47,Oliver_Twist
the Cripples,N,0,47,Oliver_Twist
the Cripples,C,0,47,Oliver_Twist
the Cripples,I,0,47,Oliver_Twist
the Cripples,A,0,47,Oliver_Twist
the Cripples,DC,0,47,Oliver_Twist
the Cripples,DN,0,47,Oliver_Twist
the Dodger,N,3,47,Oliver_Twist
the Dodger,C,0,47,Oliver_Twist
the Dodger,I,3,47,Oliver_Twist
the Dodger,A,5,47,Oliver_Twist
the Dodger,DC,0,47,Oliver_Twist
the Dodger,DN,0,47,Oliver_Twist
Agnes,N,0,48,Oliver_Twist
Agnes,C,0,48,Oliver_Twist
Agnes,I,0,48,Oliver_Twist
Agnes,A,0,48,Oliver_Twist
Agnes,DC,0,48,Oliver_Twist
Agnes,DN,0,48,Oliver_Twist
Barney,N,0,48,Oliver_Twist
Barney,C,0,48,Oliver_Twist
Barney,I,0,48,Oliver_Twist
Barney,A,0,48,Oliver_Twist
Barney,DC,0,48,Oliver_Twist
Barney,DN,0,48,Oliver_Twist
Bet,N,0,48,Oliver_Twist
Bet,C,0,48,Oliver_Twist
Bet,I,0,48,Oliver_Twist
Bet,A,0,48,Oliver_Twist
Bet,DC,0,48,Oliver_Twist
Bet,DN,0,48,Oliver_Twist
Blathers,N,0,48,Oliver_Twist
Blathers,C,0,48,Oliver_Twist
Blathers,I,0,48,Oliver_Twist
Blathers,A,0,48,Oliver_Twist
Blathers,DC,0,48,Oliver_Twist
Blathers,DN,0,48,Oliver_Twist
Brittles,N,0,48,Oliver_Twist
Brittles,C,0,48,Oliver_Twist
Brittles,I,0,48,Oliver_Twist
Brittles,A,0,48,Oliver_Twist
Brittles,DC,0,48,Oliver_Twist
Brittles,DN,0,48,Oliver_Twist
Charlotte,N,0,48,Oliver_Twist
Charlotte,C,0,48,Oliver_Twist
Charlotte,I,0,48,Oliver_Twist
Charlotte,A,0,48,Oliver_Twist
Charlotte,DC,0,48,Oliver_Twist
Charlotte,DN,0,48,Oliver_Twist
Chickweed,N,0,48,Oliver_Twist
Chickweed,C,0,48,Oliver_Twist
Chickweed,I,0,48,Oliver_Twist
Chickweed,A,0,48,Oliver_Twist
Chickweed,DC,0,48,Oliver_Twist
Chickweed,DN,0,48,Oliver_Twist
Cod,N,0,48,Oliver_Twist
Cod,C,0,48,Oliver_Twist
Cod,I,0,48,Oliver_Twist
Cod,A,0,48,Oliver_Twist
Cod,DC,0,48,Oliver_Twist
Cod,DN,0,48,Oliver_Twist
Dick,N,0,48,Oliver_Twist
Dick,C,0,48,Oliver_Twist
Dick,I,0,48,Oliver_Twist
Dick,A,0,48,Oliver_Twist
Dick,DC,0,48,Oliver_Twist
Dick,DN,0,48,Oliver_Twist
Duff,N,0,48,Oliver_Twist
Duff,C,0,48,Oliver_Twist
Duff,I,0,48,Oliver_Twist
Duff,A,0,48,Oliver_Twist
Duff,DC,0,48,Oliver_Twist
Duff,DN,0,48,Oliver_Twist
Fagin,N,25,48,Oliver_Twist
Fagin,C,21,48,Oliver_Twist
Fagin,I,20,48,Oliver_Twist
Fagin,A,21,48,Oliver_Twist
Fagin,DC,8,48,Oliver_Twist
Fagin,DN,1,48,Oliver_Twist
Faguey,N,0,48,Oliver_Twist
Faguey,C,0,48,Oliver_Twist
Faguey,I,0,48,Oliver_Twist
Faguey,A,0,48,Oliver_Twist
Faguey,DC,0,48,Oliver_Twist
Faguey,DN,0,48,Oliver_Twist
God,N,0,48,Oliver_Twist
God,C,0,48,Oliver_Twist
God,I,0,48,Oliver_Twist
God,A,0,48,Oliver_Twist
God,DC,0,48,Oliver_Twist
God,DN,0,48,Oliver_Twist
Harry,N,0,48,Oliver_Twist
Harry,C,0,48,Oliver_Twist
Harry,I,0,48,Oliver_Twist
Harry,A,0,48,Oliver_Twist
Harry,DC,0,48,Oliver_Twist
Harry,DN,0,48,Oliver_Twist
Heaven,N,0,48,Oliver_Twist
Heaven,C,0,48,Oliver_Twist
Heaven,I,0,48,Oliver_Twist
Heaven,A,0,48,Oliver_Twist
Heaven,DC,0,48,Oliver_Twist
Heaven,DN,0,48,Oliver_Twist
Jack Dawkins,N,0,48,Oliver_Twist
Jack Dawkins,C,0,48,Oliver_Twist
Jack Dawkins,I,0,48,Oliver_Twist
Jack Dawkins,A,0,48,Oliver_Twist
Jack Dawkins,DC,0,48,Oliver_Twist
Jack Dawkins,DN,0,48,Oliver_Twist
Kags,N,0,48,Oliver_Twist
Kags,C,0,48,Oliver_Twist
Kags,I,0,48,Oliver_Twist
Kags,A,0,48,Oliver_Twist
Kags,DC,0,48,Oliver_Twist
Kags,DN,0,48,Oliver_Twist
Little Oliver,N,0,48,Oliver_Twist
Little Oliver,C,0,48,Oliver_Twist
Little Oliver,I,0,48,Oliver_Twist
Little Oliver,A,0,48,Oliver_Twist
Little Oliver,DC,0,48,Oliver_Twist
Little Oliver,DN,0,48,Oliver_Twist
Lor,N,0,48,Oliver_Twist
Lor,C,0,48,Oliver_Twist
Lor,I,0,48,Oliver_Twist
Lor,A,0,48,Oliver_Twist
Lor,DC,0,48,Oliver_Twist
Lor,DN,0,48,Oliver_Twist
Master Bates,N,0,48,Oliver_Twist
Master Bates,C,0,48,Oliver_Twist
Master Bates,I,0,48,Oliver_Twist
Master Bates,A,0,48,Oliver_Twist
Master Bates,DC,0,48,Oliver_Twist
Master Bates,DN,0,48,Oliver_Twist
Messrs. Blathers,N,0,48,Oliver_Twist
Messrs. Blathers,C,0,48,Oliver_Twist
Messrs. Blathers,I,0,48,Oliver_Twist
Messrs. Blathers,A,0,48,Oliver_Twist
Messrs. Blathers,DC,0,48,Oliver_Twist
Messrs. Blathers,DN,0,48,Oliver_Twist
Miss Maylie,N,0,48,Oliver_Twist
Miss Maylie,C,0,48,Oliver_Twist
Miss Maylie,I,0,48,Oliver_Twist
Miss Maylie,A,0,48,Oliver_Twist
Miss Maylie,DC,0,48,Oliver_Twist
Miss Maylie,DN,0,48,Oliver_Twist
Monks,N,0,48,Oliver_Twist
Monks,C,0,48,Oliver_Twist
Monks,I,0,48,Oliver_Twist
Monks,A,0,48,Oliver_Twist
Monks,DC,0,48,Oliver_Twist
Monks,DN,0,48,Oliver_Twist
Mr. Bolter,N,0,48,Oliver_Twist
Mr. Bolter,C,0,48,Oliver_Twist
Mr. Bolter,I,0,48,Oliver_Twist
Mr. Bolter,A,0,48,Oliver_Twist
Mr. Bolter,DC,0,48,Oliver_Twist
Mr. Bolter,DN,0,48,Oliver_Twist
Mr. Browlow,N,0,48,Oliver_Twist
Mr. Browlow,C,0,48,Oliver_Twist
Mr. Browlow,I,0,48,Oliver_Twist
Mr. Browlow,A,0,48,Oliver_Twist
Mr. Browlow,DC,0,48,Oliver_Twist
Mr. Browlow,DN,0,48,Oliver_Twist
Mr. Brownlow,N,0,48,Oliver_Twist
Mr. Brownlow,C,0,48,Oliver_Twist
Mr. Brownlow,I,0,48,Oliver_Twist
Mr. Brownlow,A,0,48,Oliver_Twist
Mr. Brownlow,DC,0,48,Oliver_Twist
Mr. Brownlow,DN,0,48,Oliver_Twist
Mr. Bumble,N,0,48,Oliver_Twist
Mr. Bumble,C,0,48,Oliver_Twist
Mr. Bumble,I,0,48,Oliver_Twist
Mr. Bumble,A,0,48,Oliver_Twist
Mr. Bumble,DC,0,48,Oliver_Twist
Mr. Bumble,DN,0,48,Oliver_Twist
Mr. Chitling,N,0,48,Oliver_Twist
Mr. Chitling,C,0,48,Oliver_Twist
Mr. Chitling,I,0,48,Oliver_Twist
Mr. Chitling,A,0,48,Oliver_Twist
Mr. Chitling,DC,0,48,Oliver_Twist
Mr. Chitling,DN,0,48,Oliver_Twist
Mr. Dawkins,N,0,48,Oliver_Twist
Mr. Dawkins,C,0,48,Oliver_Twist
Mr. Dawkins,I,0,48,Oliver_Twist
Mr. Dawkins,A,0,48,Oliver_Twist
Mr. Dawkins,DC,0,48,Oliver_Twist
Mr. Dawkins,DN,0,48,Oliver_Twist
Mr. Fang,N,0,48,Oliver_Twist
Mr. Fang,C,0,48,Oliver_Twist
Mr. Fang,I,0,48,Oliver_Twist
Mr. Fang,A,0,48,Oliver_Twist
Mr. Fang,DC,0,48,Oliver_Twist
Mr. Fang,DN,0,48,Oliver_Twist
Mr. Gamfield,N,0,48,Oliver_Twist
Mr. Gamfield,C,0,48,Oliver_Twist
Mr. Gamfield,I,0,48,Oliver_Twist
Mr. Gamfield,A,0,48,Oliver_Twist
Mr. Gamfield,DC,0,48,Oliver_Twist
Mr. Gamfield,DN,0,48,Oliver_Twist
Mr. Giles,N,0,48,Oliver_Twist
Mr. Giles,C,0,48,Oliver_Twist
Mr. Giles,I,0,48,Oliver_Twist
Mr. Giles,A,0,48,Oliver_Twist
Mr. Giles,DC,0,48,Oliver_Twist
Mr. Giles,DN,0,48,Oliver_Twist
Mr. Grimwig,N,0,48,Oliver_Twist
Mr. Grimwig,C,0,48,Oliver_Twist
Mr. Grimwig,I,0,48,Oliver_Twist
Mr. Grimwig,A,0,48,Oliver_Twist
Mr. Grimwig,DC,0,48,Oliver_Twist
Mr. Grimwig,DN,0,48,Oliver_Twist
Mr. Limbkins,N,0,48,Oliver_Twist
Mr. Limbkins,C,0,48,Oliver_Twist
Mr. Limbkins,I,0,48,Oliver_Twist
Mr. Limbkins,A,0,48,Oliver_Twist
Mr. Limbkins,DC,0,48,Oliver_Twist
Mr. Limbkins,DN,0,48,Oliver_Twist
Mr. Lively,N,0,48,Oliver_Twist
Mr. Lively,C,0,48,Oliver_Twist
Mr. Lively,I,0,48,Oliver_Twist
Mr. Lively,A,0,48,Oliver_Twist
Mr. Lively,DC,0,48,Oliver_Twist
Mr. Lively,DN,0,48,Oliver_Twist
Mr. Losberne,N,0,48,Oliver_Twist
Mr. Losberne,C,0,48,Oliver_Twist
Mr. Losberne,I,0,48,Oliver_Twist
Mr. Losberne,A,0,48,Oliver_Twist
Mr. Losberne,DC,0,48,Oliver_Twist
Mr. Losberne,DN,0,48,Oliver_Twist
Mr. Maylie,N,0,48,Oliver_Twist
Mr. Maylie,C,0,48,Oliver_Twist
Mr. Maylie,I,0,48,Oliver_Twist
Mr. Maylie,A,0,48,Oliver_Twist
Mr. Maylie,DC,0,48,Oliver_Twist
Mr. Maylie,DN,0,48,Oliver_Twist
Mr. Sikes,N,0,48,Oliver_Twist
Mr. Sikes,C,0,48,Oliver_Twist
Mr. Sikes,I,0,48,Oliver_Twist
Mr. Sikes,A,0,48,Oliver_Twist
Mr. Sikes,DC,0,48,Oliver_Twist
Mr. Sikes,DN,0,48,Oliver_Twist
Mr. Sowerberry,N,0,48,Oliver_Twist
Mr. Sowerberry,C,0,48,Oliver_Twist
Mr. Sowerberry,I,0,48,Oliver_Twist
Mr. Sowerberry,A,0,48,Oliver_Twist
Mr. Sowerberry,DC,0,48,Oliver_Twist
Mr. Sowerberry,DN,0,48,Oliver_Twist
Mrs. Bedwin,N,0,48,Oliver_Twist
Mrs. Bedwin,C,0,48,Oliver_Twist
Mrs. Bedwin,I,0,48,Oliver_Twist
Mrs. Bedwin,A,0,48,Oliver_Twist
Mrs. Bedwin,DC,0,48,Oliver_Twist
Mrs. Bedwin,DN,0,48,Oliver_Twist
Mrs. Bolter,N,0,48,Oliver_Twist
Mrs. Bolter,C,0,48,Oliver_Twist
Mrs. Bolter,I,0,48,Oliver_Twist
Mrs. Bolter,A,0,48,Oliver_Twist
Mrs. Bolter,DC,0,48,Oliver_Twist
Mrs. Bolter,DN,0,48,Oliver_Twist
Mrs. Corney,N,0,48,Oliver_Twist
Mrs. Corney,C,0,48,Oliver_Twist
Mrs. Corney,I,0,48,Oliver_Twist
Mrs. Corney,A,0,48,Oliver_Twist
Mrs. Corney,DC,0,48,Oliver_Twist
Mrs. Corney,DN,0,48,Oliver_Twist
Mrs. Mann,N,0,48,Oliver_Twist
Mrs. Mann,C,0,48,Oliver_Twist
Mrs. Mann,I,0,48,Oliver_Twist
Mrs. Mann,A,0,48,Oliver_Twist
Mrs. Mann,DC,0,48,Oliver_Twist
Mrs. Mann,DN,0,48,Oliver_Twist
Mrs. Maylie,N,0,48,Oliver_Twist
Mrs. Maylie,C,0,48,Oliver_Twist
Mrs. Maylie,I,0,48,Oliver_Twist
Mrs. Maylie,A,0,48,Oliver_Twist
Mrs. Maylie,DC,0,48,Oliver_Twist
Mrs. Maylie,DN,0,48,Oliver_Twist
Mrs. Sowerberry,N,0,48,Oliver_Twist
Mrs. Sowerberry,C,0,48,Oliver_Twist
Mrs. Sowerberry,I,0,48,Oliver_Twist
Mrs. Sowerberry,A,0,48,Oliver_Twist
Mrs. Sowerberry,DC,0,48,Oliver_Twist
Mrs. Sowerberry,DN,0,48,Oliver_Twist
Nancy,N,11,48,Oliver_Twist
Nancy,C,1,48,Oliver_Twist
Nancy,I,5,48,Oliver_Twist
Nancy,A,11,48,Oliver_Twist
Nancy,DC,5,48,Oliver_Twist
Nancy,DN,5,48,Oliver_Twist
Noah,N,0,48,Oliver_Twist
Noah,C,0,48,Oliver_Twist
Noah,I,0,48,Oliver_Twist
Noah,A,0,48,Oliver_Twist
Noah,DC,0,48,Oliver_Twist
Noah,DN,0,48,Oliver_Twist
Oliver,N,0,48,Oliver_Twist
Oliver,C,0,48,Oliver_Twist
Oliver,I,0,48,Oliver_Twist
Oliver,A,0,48,Oliver_Twist
Oliver,DC,0,48,Oliver_Twist
Oliver,DN,0,48,Oliver_Twist
Rose,N,1,48,Oliver_Twist
Rose,C,0,48,Oliver_Twist
Rose,I,0,48,Oliver_Twist
Rose,A,0,48,Oliver_Twist
Rose,DC,0,48,Oliver_Twist
Rose,DN,0,48,Oliver_Twist
Sikes,N,37,48,Oliver_Twist
Sikes,C,39,48,Oliver_Twist
Sikes,I,18,48,Oliver_Twist
Sikes,A,24,48,Oliver_Twist
Sikes,DC,7,48,Oliver_Twist
Sikes,DN,0,48,Oliver_Twist
Spyers,N,0,48,Oliver_Twist
Spyers,C,0,48,Oliver_Twist
Spyers,I,0,48,Oliver_Twist
Spyers,A,0,48,Oliver_Twist
Spyers,DC,0,48,Oliver_Twist
Spyers,DN,0,48,Oliver_Twist
The Jew,N,0,48,Oliver_Twist
The Jew,C,0,48,Oliver_Twist
The Jew,I,0,48,Oliver_Twist
The Jew,A,0,48,Oliver_Twist
The Jew,DC,0,48,Oliver_Twist
The Jew,DN,0,48,Oliver_Twist
Toby,N,0,48,Oliver_Twist
Toby,C,0,48,Oliver_Twist
Toby,I,0,48,Oliver_Twist
Toby,A,0,48,Oliver_Twist
Toby,DC,0,48,Oliver_Twist
Toby,DN,0,48,Oliver_Twist
Tom,N,0,48,Oliver_Twist
Tom,C,0,48,Oliver_Twist
Tom,I,0,48,Oliver_Twist
Tom,A,0,48,Oliver_Twist
Tom,DC,0,48,Oliver_Twist
Tom,DN,0,48,Oliver_Twist
Work’us,N,0,48,Oliver_Twist
Work’us,C,0,48,Oliver_Twist
Work’us,I,0,48,Oliver_Twist
Work’us,A,0,48,Oliver_Twist
Work’us,DC,0,48,Oliver_Twist
Work’us,DN,0,48,Oliver_Twist
old Sally,N,0,48,Oliver_Twist
old Sally,C,0,48,Oliver_Twist
old Sally,I,0,48,Oliver_Twist
old Sally,A,0,48,Oliver_Twist
old Sally,DC,0,48,Oliver_Twist
old Sally,DN,0,48,Oliver_Twist
the Clerkinwell Sessions,N,0,48,Oliver_Twist
the Clerkinwell Sessions,C,0,48,Oliver_Twist
the Clerkinwell Sessions,I,0,48,Oliver_Twist
the Clerkinwell Sessions,A,0,48,Oliver_Twist
the Clerkinwell Sessions,DC,0,48,Oliver_Twist
the Clerkinwell Sessions,DN,0,48,Oliver_Twist
the Cripples,N,0,48,Oliver_Twist
the Cripples,C,0,48,Oliver_Twist
the Cripples,I,0,48,Oliver_Twist
the Cripples,A,0,48,Oliver_Twist
the Cripples,DC,0,48,Oliver_Twist
the Cripples,DN,0,48,Oliver_Twist
the Dodger,N,0,48,Oliver_Twist
the Dodger,C,0,48,Oliver_Twist
the Dodger,I,0,48,Oliver_Twist
the Dodger,A,0,48,Oliver_Twist
the Dodger,DC,0,48,Oliver_Twist
the Dodger,DN,0,48,Oliver_Twist
Agnes,N,0,49,Oliver_Twist
Agnes,C,0,49,Oliver_Twist
Agnes,I,0,49,Oliver_Twist
Agnes,A,0,49,Oliver_Twist
Agnes,DC,0,49,Oliver_Twist
Agnes,DN,0,49,Oliver_Twist
Barney,N,1,49,Oliver_Twist
Barney,C,0,49,Oliver_Twist
Barney,I,0,49,Oliver_Twist
Barney,A,0,49,Oliver_Twist
Barney,DC,0,49,Oliver_Twist
Barney,DN,0,49,Oliver_Twist
Bet,N,0,49,Oliver_Twist
Bet,C,0,49,Oliver_Twist
Bet,I,0,49,Oliver_Twist
Bet,A,0,49,Oliver_Twist
Bet,DC,0,49,Oliver_Twist
Bet,DN,0,49,Oliver_Twist
Blathers,N,0,49,Oliver_Twist
Blathers,C,0,49,Oliver_Twist
Blathers,I,0,49,Oliver_Twist
Blathers,A,0,49,Oliver_Twist
Blathers,DC,0,49,Oliver_Twist
Blathers,DN,0,49,Oliver_Twist
Brittles,N,0,49,Oliver_Twist
Brittles,C,0,49,Oliver_Twist
Brittles,I,0,49,Oliver_Twist
Brittles,A,0,49,Oliver_Twist
Brittles,DC,0,49,Oliver_Twist
Brittles,DN,0,49,Oliver_Twist
Charlotte,N,1,49,Oliver_Twist
Charlotte,C,0,49,Oliver_Twist
Charlotte,I,0,49,Oliver_Twist
Charlotte,A,1,49,Oliver_Twist
Charlotte,DC,3,49,Oliver_Twist
Charlotte,DN,0,49,Oliver_Twist
Chickweed,N,0,49,Oliver_Twist
Chickweed,C,0,49,Oliver_Twist
Chickweed,I,0,49,Oliver_Twist
Chickweed,A,0,49,Oliver_Twist
Chickweed,DC,0,49,Oliver_Twist
Chickweed,DN,0,49,Oliver_Twist
Cod,N,0,49,Oliver_Twist
Cod,C,0,49,Oliver_Twist
Cod,I,0,49,Oliver_Twist
Cod,A,0,49,Oliver_Twist
Cod,DC,0,49,Oliver_Twist
Cod,DN,0,49,Oliver_Twist
Dick,N,0,49,Oliver_Twist
Dick,C,0,49,Oliver_Twist
Dick,I,0,49,Oliver_Twist
Dick,A,0,49,Oliver_Twist
Dick,DC,0,49,Oliver_Twist
Dick,DN,0,49,Oliver_Twist
Duff,N,0,49,Oliver_Twist
Duff,C,0,49,Oliver_Twist
Duff,I,0,49,Oliver_Twist
Duff,A,0,49,Oliver_Twist
Duff,DC,0,49,Oliver_Twist
Duff,DN,0,49,Oliver_Twist
Fagin,N,21,49,Oliver_Twist
Fagin,C,20,49,Oliver_Twist
Fagin,I,6,49,Oliver_Twist
Fagin,A,10,49,Oliver_Twist
Fagin,DC,7,49,Oliver_Twist
Fagin,DN,0,49,Oliver_Twist
Faguey,N,0,49,Oliver_Twist
Faguey,C,0,49,Oliver_Twist
Faguey,I,0,49,Oliver_Twist
Faguey,A,0,49,Oliver_Twist
Faguey,DC,0,49,Oliver_Twist
Faguey,DN,0,49,Oliver_Twist
God,N,0,49,Oliver_Twist
God,C,0,49,Oliver_Twist
God,I,0,49,Oliver_Twist
God,A,0,49,Oliver_Twist
God,DC,0,49,Oliver_Twist
God,DN,0,49,Oliver_Twist
Harry,N,0,49,Oliver_Twist
Harry,C,0,49,Oliver_Twist
Harry,I,0,49,Oliver_Twist
Harry,A,0,49,Oliver_Twist
Harry,DC,0,49,Oliver_Twist
Harry,DN,0,49,Oliver_Twist
Heaven,N,0,49,Oliver_Twist
Heaven,C,0,49,Oliver_Twist
Heaven,I,0,49,Oliver_Twist
Heaven,A,0,49,Oliver_Twist
Heaven,DC,0,49,Oliver_Twist
Heaven,DN,0,49,Oliver_Twist
Jack Dawkins,N,0,49,Oliver_Twist
Jack Dawkins,C,0,49,Oliver_Twist
Jack Dawkins,I,0,49,Oliver_Twist
Jack Dawkins,A,0,49,Oliver_Twist
Jack Dawkins,DC,0,49,Oliver_Twist
Jack Dawkins,DN,0,49,Oliver_Twist
Kags,N,0,49,Oliver_Twist
Kags,C,0,49,Oliver_Twist
Kags,I,0,49,Oliver_Twist
Kags,A,0,49,Oliver_Twist
Kags,DC,0,49,Oliver_Twist
Kags,DN,0,49,Oliver_Twist
Little Oliver,N,0,49,Oliver_Twist
Little Oliver,C,0,49,Oliver_Twist
Little Oliver,I,0,49,Oliver_Twist
Little Oliver,A,0,49,Oliver_Twist
Little Oliver,DC,0,49,Oliver_Twist
Little Oliver,DN,0,49,Oliver_Twist
Lor,N,1,49,Oliver_Twist
Lor,C,0,49,Oliver_Twist
Lor,I,0,49,Oliver_Twist
Lor,A,0,49,Oliver_Twist
Lor,DC,1,49,Oliver_Twist
Lor,DN,0,49,Oliver_Twist
Master Bates,N,0,49,Oliver_Twist
Master Bates,C,0,49,Oliver_Twist
Master Bates,I,0,49,Oliver_Twist
Master Bates,A,0,49,Oliver_Twist
Master Bates,DC,0,49,Oliver_Twist
Master Bates,DN,0,49,Oliver_Twist
Messrs. Blathers,N,0,49,Oliver_Twist
Messrs. Blathers,C,0,49,Oliver_Twist
Messrs. Blathers,I,0,49,Oliver_Twist
Messrs. Blathers,A,0,49,Oliver_Twist
Messrs. Blathers,DC,0,49,Oliver_Twist
Messrs. Blathers,DN,0,49,Oliver_Twist
Miss Maylie,N,0,49,Oliver_Twist
Miss Maylie,C,0,49,Oliver_Twist
Miss Maylie,I,0,49,Oliver_Twist
Miss Maylie,A,0,49,Oliver_Twist
Miss Maylie,DC,0,49,Oliver_Twist
Miss Maylie,DN,0,49,Oliver_Twist
Monks,N,0,49,Oliver_Twist
Monks,C,0,49,Oliver_Twist
Monks,I,0,49,Oliver_Twist
Monks,A,0,49,Oliver_Twist
Monks,DC,0,49,Oliver_Twist
Monks,DN,0,49,Oliver_Twist
Mr. Bolter,N,9,49,Oliver_Twist
Mr. Bolter,C,9,49,Oliver_Twist
Mr. Bolter,I,4,49,Oliver_Twist
Mr. Bolter,A,3,49,Oliver_Twist
Mr. Bolter,DC,2,49,Oliver_Twist
Mr. Bolter,DN,0,49,Oliver_Twist
Mr. Browlow,N,0,49,Oliver_Twist
Mr. Browlow,C,0,49,Oliver_Twist
Mr. Browlow,I,0,49,Oliver_Twist
Mr. Browlow,A,0,49,Oliver_Twist
Mr. Browlow,DC,0,49,Oliver_Twist
Mr. Browlow,DN,0,49,Oliver_Twist
Mr. Brownlow,N,0,49,Oliver_Twist
Mr. Brownlow,C,0,49,Oliver_Twist
Mr. Brownlow,I,0,49,Oliver_Twist
Mr. Brownlow,A,0,49,Oliver_Twist
Mr. Brownlow,DC,0,49,Oliver_Twist
Mr. Brownlow,DN,0,49,Oliver_Twist
Mr. Bumble,N,0,49,Oliver_Twist
Mr. Bumble,C,0,49,Oliver_Twist
Mr. Bumble,I,0,49,Oliver_Twist
Mr. Bumble,A,0,49,Oliver_Twist
Mr. Bumble,DC,0,49,Oliver_Twist
Mr. Bumble,DN,0,49,Oliver_Twist
Mr. Chitling,N,0,49,Oliver_Twist
Mr. Chitling,C,0,49,Oliver_Twist
Mr. Chitling,I,0,49,Oliver_Twist
Mr. Chitling,A,0,49,Oliver_Twist
Mr. Chitling,DC,0,49,Oliver_Twist
Mr. Chitling,DN,0,49,Oliver_Twist
Mr. Dawkins,N,0,49,Oliver_Twist
Mr. Dawkins,C,0,49,Oliver_Twist
Mr. Dawkins,I,0,49,Oliver_Twist
Mr. Dawkins,A,0,49,Oliver_Twist
Mr. Dawkins,DC,0,49,Oliver_Twist
Mr. Dawkins,DN,0,49,Oliver_Twist
Mr. Fang,N,0,49,Oliver_Twist
Mr. Fang,C,0,49,Oliver_Twist
Mr. Fang,I,0,49,Oliver_Twist
Mr. Fang,A,0,49,Oliver_Twist
Mr. Fang,DC,0,49,Oliver_Twist
Mr. Fang,DN,0,49,Oliver_Twist
Mr. Gamfield,N,0,49,Oliver_Twist
Mr. Gamfield,C,0,49,Oliver_Twist
Mr. Gamfield,I,0,49,Oliver_Twist
Mr. Gamfield,A,0,49,Oliver_Twist
Mr. Gamfield,DC,0,49,Oliver_Twist
Mr. Gamfield,DN,0,49,Oliver_Twist
Mr. Giles,N,0,49,Oliver_Twist
Mr. Giles,C,0,49,Oliver_Twist
Mr. Giles,I,0,49,Oliver_Twist
Mr. Giles,A,0,49,Oliver_Twist
Mr. Giles,DC,0,49,Oliver_Twist
Mr. Giles,DN,0,49,Oliver_Twist
Mr. Grimwig,N,0,49,Oliver_Twist
Mr. Grimwig,C,0,49,Oliver_Twist
Mr. Grimwig,I,0,49,Oliver_Twist
Mr. Grimwig,A,0,49,Oliver_Twist
Mr. Grimwig,DC,0,49,Oliver_Twist
Mr. Grimwig,DN,0,49,Oliver_Twist
Mr. Limbkins,N,0,49,Oliver_Twist
Mr. Limbkins,C,0,49,Oliver_Twist
Mr. Limbkins,I,0,49,Oliver_Twist
Mr. Limbkins,A,0,49,Oliver_Twist
Mr. Limbkins,DC,0,49,Oliver_Twist
Mr. Limbkins,DN,0,49,Oliver_Twist
Mr. Lively,N,0,49,Oliver_Twist
Mr. Lively,C,0,49,Oliver_Twist
Mr. Lively,I,0,49,Oliver_Twist
Mr. Lively,A,0,49,Oliver_Twist
Mr. Lively,DC,0,49,Oliver_Twist
Mr. Lively,DN,0,49,Oliver_Twist
Mr. Losberne,N,0,49,Oliver_Twist
Mr. Losberne,C,0,49,Oliver_Twist
Mr. Losberne,I,0,49,Oliver_Twist
Mr. Losberne,A,0,49,Oliver_Twist
Mr. Losberne,DC,0,49,Oliver_Twist
Mr. Losberne,DN,0,49,Oliver_Twist
Mr. Maylie,N,0,49,Oliver_Twist
Mr. Maylie,C,0,49,Oliver_Twist
Mr. Maylie,I,0,49,Oliver_Twist
Mr. Maylie,A,0,49,Oliver_Twist
Mr. Maylie,DC,0,49,Oliver_Twist
Mr. Maylie,DN,0,49,Oliver_Twist
Mr. Sikes,N,0,49,Oliver_Twist
Mr. Sikes,C,0,49,Oliver_Twist
Mr. Sikes,I,0,49,Oliver_Twist
Mr. Sikes,A,0,49,Oliver_Twist
Mr. Sikes,DC,0,49,Oliver_Twist
Mr. Sikes,DN,0,49,Oliver_Twist
Mr. Sowerberry,N,0,49,Oliver_Twist
Mr. Sowerberry,C,0,49,Oliver_Twist
Mr. Sowerberry,I,0,49,Oliver_Twist
Mr. Sowerberry,A,0,49,Oliver_Twist
Mr. Sowerberry,DC,0,49,Oliver_Twist
Mr. Sowerberry,DN,0,49,Oliver_Twist
Mrs. Bedwin,N,0,49,Oliver_Twist
Mrs. Bedwin,C,0,49,Oliver_Twist
Mrs. Bedwin,I,0,49,Oliver_Twist
Mrs. Bedwin,A,0,49,Oliver_Twist
Mrs. Bedwin,DC,0,49,Oliver_Twist
Mrs. Bedwin,DN,0,49,Oliver_Twist
Mrs. Bolter,N,0,49,Oliver_Twist
Mrs. Bolter,C,0,49,Oliver_Twist
Mrs. Bolter,I,0,49,Oliver_Twist
Mrs. Bolter,A,0,49,Oliver_Twist
Mrs. Bolter,DC,0,49,Oliver_Twist
Mrs. Bolter,DN,0,49,Oliver_Twist
Mrs. Corney,N,0,49,Oliver_Twist
Mrs. Corney,C,0,49,Oliver_Twist
Mrs. Corney,I,0,49,Oliver_Twist
Mrs. Corney,A,0,49,Oliver_Twist
Mrs. Corney,DC,0,49,Oliver_Twist
Mrs. Corney,DN,0,49,Oliver_Twist
Mrs. Mann,N,0,49,Oliver_Twist
Mrs. Mann,C,0,49,Oliver_Twist
Mrs. Mann,I,0,49,Oliver_Twist
Mrs. Mann,A,0,49,Oliver_Twist
Mrs. Mann,DC,0,49,Oliver_Twist
Mrs. Mann,DN,0,49,Oliver_Twist
Mrs. Maylie,N,0,49,Oliver_Twist
Mrs. Maylie,C,0,49,Oliver_Twist
Mrs. Maylie,I,0,49,Oliver_Twist
Mrs. Maylie,A,0,49,Oliver_Twist
Mrs. Maylie,DC,0,49,Oliver_Twist
Mrs. Maylie,DN,0,49,Oliver_Twist
Mrs. Sowerberry,N,0,49,Oliver_Twist
Mrs. Sowerberry,C,0,49,Oliver_Twist
Mrs. Sowerberry,I,0,49,Oliver_Twist
Mrs. Sowerberry,A,0,49,Oliver_Twist
Mrs. Sowerberry,DC,0,49,Oliver_Twist
Mrs. Sowerberry,DN,0,49,Oliver_Twist
Nancy,N,0,49,Oliver_Twist
Nancy,C,0,49,Oliver_Twist
Nancy,I,0,49,Oliver_Twist
Nancy,A,0,49,Oliver_Twist
Nancy,DC,0,49,Oliver_Twist
Nancy,DN,0,49,Oliver_Twist
Noah,N,14,49,Oliver_Twist
Noah,C,17,49,Oliver_Twist
Noah,I,5,49,Oliver_Twist
Noah,A,11,49,Oliver_Twist
Noah,DC,3,49,Oliver_Twist
Noah,DN,1,49,Oliver_Twist
Oliver,N,0,49,Oliver_Twist
Oliver,C,0,49,Oliver_Twist
Oliver,I,0,49,Oliver_Twist
Oliver,A,0,49,Oliver_Twist
Oliver,DC,0,49,Oliver_Twist
Oliver,DN,0,49,Oliver_Twist
Rose,N,0,49,Oliver_Twist
Rose,C,0,49,Oliver_Twist
Rose,I,0,49,Oliver_Twist
Rose,A,0,49,Oliver_Twist
Rose,DC,0,49,Oliver_Twist
Rose,DN,0,49,Oliver_Twist
Sikes,N,0,49,Oliver_Twist
Sikes,C,0,49,Oliver_Twist
Sikes,I,0,49,Oliver_Twist
Sikes,A,0,49,Oliver_Twist
Sikes,DC,0,49,Oliver_Twist
Sikes,DN,0,49,Oliver_Twist
Spyers,N,0,49,Oliver_Twist
Spyers,C,0,49,Oliver_Twist
Spyers,I,0,49,Oliver_Twist
Spyers,A,0,49,Oliver_Twist
Spyers,DC,0,49,Oliver_Twist
Spyers,DN,0,49,Oliver_Twist
The Jew,N,0,49,Oliver_Twist
The Jew,C,0,49,Oliver_Twist
The Jew,I,0,49,Oliver_Twist
The Jew,A,0,49,Oliver_Twist
The Jew,DC,0,49,Oliver_Twist
The Jew,DN,0,49,Oliver_Twist
Toby,N,0,49,Oliver_Twist
Toby,C,0,49,Oliver_Twist
Toby,I,0,49,Oliver_Twist
Toby,A,0,49,Oliver_Twist
Toby,DC,0,49,Oliver_Twist
Toby,DN,0,49,Oliver_Twist
Tom,N,0,49,Oliver_Twist
Tom,C,0,49,Oliver_Twist
Tom,I,0,49,Oliver_Twist
Tom,A,0,49,Oliver_Twist
Tom,DC,0,49,Oliver_Twist
Tom,DN,0,49,Oliver_Twist
Work’us,N,0,49,Oliver_Twist
Work’us,C,0,49,Oliver_Twist
Work’us,I,0,49,Oliver_Twist
Work’us,A,0,49,Oliver_Twist
Work’us,DC,0,49,Oliver_Twist
Work’us,DN,0,49,Oliver_Twist
old Sally,N,0,49,Oliver_Twist
old Sally,C,0,49,Oliver_Twist
old Sally,I,0,49,Oliver_Twist
old Sally,A,0,49,Oliver_Twist
old Sally,DC,0,49,Oliver_Twist
old Sally,DN,0,49,Oliver_Twist
the Clerkinwell Sessions,N,0,49,Oliver_Twist
the Clerkinwell Sessions,C,0,49,Oliver_Twist
the Clerkinwell Sessions,I,0,49,Oliver_Twist
the Clerkinwell Sessions,A,0,49,Oliver_Twist
the Clerkinwell Sessions,DC,0,49,Oliver_Twist
the Clerkinwell Sessions,DN,0,49,Oliver_Twist
the Cripples,N,0,49,Oliver_Twist
the Cripples,C,0,49,Oliver_Twist
the Cripples,I,0,49,Oliver_Twist
the Cripples,A,0,49,Oliver_Twist
the Cripples,DC,0,49,Oliver_Twist
the Cripples,DN,0,49,Oliver_Twist
the Dodger,N,0,49,Oliver_Twist
the Dodger,C,0,49,Oliver_Twist
the Dodger,I,0,49,Oliver_Twist
the Dodger,A,0,49,Oliver_Twist
the Dodger,DC,0,49,Oliver_Twist
the Dodger,DN,0,49,Oliver_Twist
Agnes,N,0,50,Oliver_Twist
Agnes,C,0,50,Oliver_Twist
Agnes,I,0,50,Oliver_Twist
Agnes,A,0,50,Oliver_Twist
Agnes,DC,0,50,Oliver_Twist
Agnes,DN,0,50,Oliver_Twist
Barney,N,0,50,Oliver_Twist
Barney,C,0,50,Oliver_Twist
Barney,I,0,50,Oliver_Twist
Barney,A,0,50,Oliver_Twist
Barney,DC,0,50,Oliver_Twist
Barney,DN,0,50,Oliver_Twist
Bet,N,0,50,Oliver_Twist
Bet,C,0,50,Oliver_Twist
Bet,I,0,50,Oliver_Twist
Bet,A,0,50,Oliver_Twist
Bet,DC,0,50,Oliver_Twist
Bet,DN,0,50,Oliver_Twist
Blathers,N,0,50,Oliver_Twist
Blathers,C,0,50,Oliver_Twist
Blathers,I,0,50,Oliver_Twist
Blathers,A,0,50,Oliver_Twist
Blathers,DC,0,50,Oliver_Twist
Blathers,DN,0,50,Oliver_Twist
Brittles,N,0,50,Oliver_Twist
Brittles,C,0,50,Oliver_Twist
Brittles,I,0,50,Oliver_Twist
Brittles,A,0,50,Oliver_Twist
Brittles,DC,0,50,Oliver_Twist
Brittles,DN,0,50,Oliver_Twist
Charlotte,N,0,50,Oliver_Twist
Charlotte,C,0,50,Oliver_Twist
Charlotte,I,0,50,Oliver_Twist
Charlotte,A,0,50,Oliver_Twist
Charlotte,DC,0,50,Oliver_Twist
Charlotte,DN,0,50,Oliver_Twist
Chickweed,N,0,50,Oliver_Twist
Chickweed,C,0,50,Oliver_Twist
Chickweed,I,0,50,Oliver_Twist
Chickweed,A,0,50,Oliver_Twist
Chickweed,DC,0,50,Oliver_Twist
Chickweed,DN,0,50,Oliver_Twist
Cod,N,0,50,Oliver_Twist
Cod,C,0,50,Oliver_Twist
Cod,I,0,50,Oliver_Twist
Cod,A,0,50,Oliver_Twist
Cod,DC,0,50,Oliver_Twist
Cod,DN,0,50,Oliver_Twist
Dick,N,0,50,Oliver_Twist
Dick,C,0,50,Oliver_Twist
Dick,I,0,50,Oliver_Twist
Dick,A,0,50,Oliver_Twist
Dick,DC,0,50,Oliver_Twist
Dick,DN,0,50,Oliver_Twist
Duff,N,0,50,Oliver_Twist
Duff,C,0,50,Oliver_Twist
Duff,I,0,50,Oliver_Twist
Duff,A,0,50,Oliver_Twist
Duff,DC,0,50,Oliver_Twist
Duff,DN,0,50,Oliver_Twist
Fagin,N,1,50,Oliver_Twist
Fagin,C,0,50,Oliver_Twist
Fagin,I,1,50,Oliver_Twist
Fagin,A,0,50,Oliver_Twist
Fagin,DC,0,50,Oliver_Twist
Fagin,DN,0,50,Oliver_Twist
Faguey,N,0,50,Oliver_Twist
Faguey,C,0,50,Oliver_Twist
Faguey,I,0,50,Oliver_Twist
Faguey,A,0,50,Oliver_Twist
Faguey,DC,0,50,Oliver_Twist
Faguey,DN,0,50,Oliver_Twist
God,N,1,50,Oliver_Twist
God,C,0,50,Oliver_Twist
God,I,0,50,Oliver_Twist
God,A,0,50,Oliver_Twist
God,DC,0,50,Oliver_Twist
God,DN,0,50,Oliver_Twist
Harry,N,0,50,Oliver_Twist
Harry,C,0,50,Oliver_Twist
Harry,I,0,50,Oliver_Twist
Harry,A,0,50,Oliver_Twist
Harry,DC,0,50,Oliver_Twist
Harry,DN,0,50,Oliver_Twist
Heaven,N,0,50,Oliver_Twist
Heaven,C,0,50,Oliver_Twist
Heaven,I,0,50,Oliver_Twist
Heaven,A,0,50,Oliver_Twist
Heaven,DC,0,50,Oliver_Twist
Heaven,DN,0,50,Oliver_Twist
Jack Dawkins,N,0,50,Oliver_Twist
Jack Dawkins,C,0,50,Oliver_Twist
Jack Dawkins,I,0,50,Oliver_Twist
Jack Dawkins,A,0,50,Oliver_Twist
Jack Dawkins,DC,0,50,Oliver_Twist
Jack Dawkins,DN,0,50,Oliver_Twist
Kags,N,0,50,Oliver_Twist
Kags,C,0,50,Oliver_Twist
Kags,I,0,50,Oliver_Twist
Kags,A,0,50,Oliver_Twist
Kags,DC,0,50,Oliver_Twist
Kags,DN,0,50,Oliver_Twist
Little Oliver,N,0,50,Oliver_Twist
Little Oliver,C,0,50,Oliver_Twist
Little Oliver,I,0,50,Oliver_Twist
Little Oliver,A,0,50,Oliver_Twist
Little Oliver,DC,0,50,Oliver_Twist
Little Oliver,DN,0,50,Oliver_Twist
Lor,N,0,50,Oliver_Twist
Lor,C,0,50,Oliver_Twist
Lor,I,0,50,Oliver_Twist
Lor,A,0,50,Oliver_Twist
Lor,DC,0,50,Oliver_Twist
Lor,DN,0,50,Oliver_Twist
Master Bates,N,0,50,Oliver_Twist
Master Bates,C,0,50,Oliver_Twist
Master Bates,I,0,50,Oliver_Twist
Master Bates,A,0,50,Oliver_Twist
Master Bates,DC,0,50,Oliver_Twist
Master Bates,DN,0,50,Oliver_Twist
Messrs. Blathers,N,0,50,Oliver_Twist
Messrs. Blathers,C,0,50,Oliver_Twist
Messrs. Blathers,I,0,50,Oliver_Twist
Messrs. Blathers,A,0,50,Oliver_Twist
Messrs. Blathers,DC,0,50,Oliver_Twist
Messrs. Blathers,DN,0,50,Oliver_Twist
Miss Maylie,N,0,50,Oliver_Twist
Miss Maylie,C,0,50,Oliver_Twist
Miss Maylie,I,0,50,Oliver_Twist
Miss Maylie,A,0,50,Oliver_Twist
Miss Maylie,DC,0,50,Oliver_Twist
Miss Maylie,DN,0,50,Oliver_Twist
Monks,N,4,50,Oliver_Twist
Monks,C,0,50,Oliver_Twist
Monks,I,2,50,Oliver_Twist
Monks,A,4,50,Oliver_Twist
Monks,DC,0,50,Oliver_Twist
Monks,DN,3,50,Oliver_Twist
Mr. Bolter,N,0,50,Oliver_Twist
Mr. Bolter,C,0,50,Oliver_Twist
Mr. Bolter,I,0,50,Oliver_Twist
Mr. Bolter,A,0,50,Oliver_Twist
Mr. Bolter,DC,0,50,Oliver_Twist
Mr. Bolter,DN,0,50,Oliver_Twist
Mr. Browlow,N,0,50,Oliver_Twist
Mr. Browlow,C,0,50,Oliver_Twist
Mr. Browlow,I,0,50,Oliver_Twist
Mr. Browlow,A,0,50,Oliver_Twist
Mr. Browlow,DC,0,50,Oliver_Twist
Mr. Browlow,DN,0,50,Oliver_Twist
Mr. Brownlow,N,1,50,Oliver_Twist
Mr. Brownlow,C,2,50,Oliver_Twist
Mr. Brownlow,I,0,50,Oliver_Twist
Mr. Brownlow,A,0,50,Oliver_Twist
Mr. Brownlow,DC,0,50,Oliver_Twist
Mr. Brownlow,DN,0,50,Oliver_Twist
Mr. Bumble,N,0,50,Oliver_Twist
Mr. Bumble,C,0,50,Oliver_Twist
Mr. Bumble,I,0,50,Oliver_Twist
Mr. Bumble,A,0,50,Oliver_Twist
Mr. Bumble,DC,0,50,Oliver_Twist
Mr. Bumble,DN,0,50,Oliver_Twist
Mr. Chitling,N,0,50,Oliver_Twist
Mr. Chitling,C,0,50,Oliver_Twist
Mr. Chitling,I,0,50,Oliver_Twist
Mr. Chitling,A,0,50,Oliver_Twist
Mr. Chitling,DC,0,50,Oliver_Twist
Mr. Chitling,DN,0,50,Oliver_Twist
Mr. Dawkins,N,0,50,Oliver_Twist
Mr. Dawkins,C,0,50,Oliver_Twist
Mr. Dawkins,I,0,50,Oliver_Twist
Mr. Dawkins,A,0,50,Oliver_Twist
Mr. Dawkins,DC,0,50,Oliver_Twist
Mr. Dawkins,DN,0,50,Oliver_Twist
Mr. Fang,N,0,50,Oliver_Twist
Mr. Fang,C,0,50,Oliver_Twist
Mr. Fang,I,0,50,Oliver_Twist
Mr. Fang,A,0,50,Oliver_Twist
Mr. Fang,DC,0,50,Oliver_Twist
Mr. Fang,DN,0,50,Oliver_Twist
Mr. Gamfield,N,0,50,Oliver_Twist
Mr. Gamfield,C,0,50,Oliver_Twist
Mr. Gamfield,I,0,50,Oliver_Twist
Mr. Gamfield,A,0,50,Oliver_Twist
Mr. Gamfield,DC,0,50,Oliver_Twist
Mr. Gamfield,DN,0,50,Oliver_Twist
Mr. Giles,N,0,50,Oliver_Twist
Mr. Giles,C,0,50,Oliver_Twist
Mr. Giles,I,0,50,Oliver_Twist
Mr. Giles,A,0,50,Oliver_Twist
Mr. Giles,DC,0,50,Oliver_Twist
Mr. Giles,DN,0,50,Oliver_Twist
Mr. Grimwig,N,0,50,Oliver_Twist
Mr. Grimwig,C,0,50,Oliver_Twist
Mr. Grimwig,I,0,50,Oliver_Twist
Mr. Grimwig,A,0,50,Oliver_Twist
Mr. Grimwig,DC,0,50,Oliver_Twist
Mr. Grimwig,DN,0,50,Oliver_Twist
Mr. Limbkins,N,0,50,Oliver_Twist
Mr. Limbkins,C,0,50,Oliver_Twist
Mr. Limbkins,I,0,50,Oliver_Twist
Mr. Limbkins,A,0,50,Oliver_Twist
Mr. Limbkins,DC,0,50,Oliver_Twist
Mr. Limbkins,DN,0,50,Oliver_Twist
Mr. Lively,N,0,50,Oliver_Twist
Mr. Lively,C,0,50,Oliver_Twist
Mr. Lively,I,0,50,Oliver_Twist
Mr. Lively,A,0,50,Oliver_Twist
Mr. Lively,DC,0,50,Oliver_Twist
Mr. Lively,DN,0,50,Oliver_Twist
Mr. Losberne,N,0,50,Oliver_Twist
Mr. Losberne,C,0,50,Oliver_Twist
Mr. Losberne,I,0,50,Oliver_Twist
Mr. Losberne,A,0,50,Oliver_Twist
Mr. Losberne,DC,0,50,Oliver_Twist
Mr. Losberne,DN,0,50,Oliver_Twist
Mr. Maylie,N,0,50,Oliver_Twist
Mr. Maylie,C,0,50,Oliver_Twist
Mr. Maylie,I,0,50,Oliver_Twist
Mr. Maylie,A,0,50,Oliver_Twist
Mr. Maylie,DC,0,50,Oliver_Twist
Mr. Maylie,DN,0,50,Oliver_Twist
Mr. Sikes,N,0,50,Oliver_Twist
Mr. Sikes,C,0,50,Oliver_Twist
Mr. Sikes,I,0,50,Oliver_Twist
Mr. Sikes,A,0,50,Oliver_Twist
Mr. Sikes,DC,0,50,Oliver_Twist
Mr. Sikes,DN,0,50,Oliver_Twist
Mr. Sowerberry,N,0,50,Oliver_Twist
Mr. Sowerberry,C,0,50,Oliver_Twist
Mr. Sowerberry,I,0,50,Oliver_Twist
Mr. Sowerberry,A,0,50,Oliver_Twist
Mr. Sowerberry,DC,0,50,Oliver_Twist
Mr. Sowerberry,DN,0,50,Oliver_Twist
Mrs. Bedwin,N,0,50,Oliver_Twist
Mrs. Bedwin,C,0,50,Oliver_Twist
Mrs. Bedwin,I,0,50,Oliver_Twist
Mrs. Bedwin,A,0,50,Oliver_Twist
Mrs. Bedwin,DC,0,50,Oliver_Twist
Mrs. Bedwin,DN,0,50,Oliver_Twist
Mrs. Bolter,N,0,50,Oliver_Twist
Mrs. Bolter,C,0,50,Oliver_Twist
Mrs. Bolter,I,0,50,Oliver_Twist
Mrs. Bolter,A,0,50,Oliver_Twist
Mrs. Bolter,DC,0,50,Oliver_Twist
Mrs. Bolter,DN,0,50,Oliver_Twist
Mrs. Corney,N,0,50,Oliver_Twist
Mrs. Corney,C,0,50,Oliver_Twist
Mrs. Corney,I,0,50,Oliver_Twist
Mrs. Corney,A,0,50,Oliver_Twist
Mrs. Corney,DC,0,50,Oliver_Twist
Mrs. Corney,DN,0,50,Oliver_Twist
Mrs. Mann,N,0,50,Oliver_Twist
Mrs. Mann,C,0,50,Oliver_Twist
Mrs. Mann,I,0,50,Oliver_Twist
Mrs. Mann,A,0,50,Oliver_Twist
Mrs. Mann,DC,0,50,Oliver_Twist
Mrs. Mann,DN,0,50,Oliver_Twist
Mrs. Maylie,N,0,50,Oliver_Twist
Mrs. Maylie,C,0,50,Oliver_Twist
Mrs. Maylie,I,0,50,Oliver_Twist
Mrs. Maylie,A,0,50,Oliver_Twist
Mrs. Maylie,DC,0,50,Oliver_Twist
Mrs. Maylie,DN,0,50,Oliver_Twist
Mrs. Sowerberry,N,0,50,Oliver_Twist
Mrs. Sowerberry,C,0,50,Oliver_Twist
Mrs. Sowerberry,I,0,50,Oliver_Twist
Mrs. Sowerberry,A,0,50,Oliver_Twist
Mrs. Sowerberry,DC,0,50,Oliver_Twist
Mrs. Sowerberry,DN,0,50,Oliver_Twist
Nancy,N,5,50,Oliver_Twist
Nancy,C,7,50,Oliver_Twist
Nancy,I,2,50,Oliver_Twist
Nancy,A,3,50,Oliver_Twist
Nancy,DC,0,50,Oliver_Twist
Nancy,DN,3,50,Oliver_Twist
Noah,N,1,50,Oliver_Twist
Noah,C,0,50,Oliver_Twist
Noah,I,0,50,Oliver_Twist
Noah,A,1,50,Oliver_Twist
Noah,DC,0,50,Oliver_Twist
Noah,DN,0,50,Oliver_Twist
Oliver,N,1,50,Oliver_Twist
Oliver,C,0,50,Oliver_Twist
Oliver,I,0,50,Oliver_Twist
Oliver,A,0,50,Oliver_Twist
Oliver,DC,0,50,Oliver_Twist
Oliver,DN,0,50,Oliver_Twist
Rose,N,2,50,Oliver_Twist
Rose,C,2,50,Oliver_Twist
Rose,I,0,50,Oliver_Twist
Rose,A,2,50,Oliver_Twist
Rose,DC,0,50,Oliver_Twist
Rose,DN,0,50,Oliver_Twist
Sikes,N,0,50,Oliver_Twist
Sikes,C,0,50,Oliver_Twist
Sikes,I,0,50,Oliver_Twist
Sikes,A,0,50,Oliver_Twist
Sikes,DC,0,50,Oliver_Twist
Sikes,DN,0,50,Oliver_Twist
Spyers,N,0,50,Oliver_Twist
Spyers,C,0,50,Oliver_Twist
Spyers,I,0,50,Oliver_Twist
Spyers,A,0,50,Oliver_Twist
Spyers,DC,0,50,Oliver_Twist
Spyers,DN,0,50,Oliver_Twist
The Jew,N,0,50,Oliver_Twist
The Jew,C,0,50,Oliver_Twist
The Jew,I,0,50,Oliver_Twist
The Jew,A,0,50,Oliver_Twist
The Jew,DC,0,50,Oliver_Twist
The Jew,DN,0,50,Oliver_Twist
Toby,N,0,50,Oliver_Twist
Toby,C,0,50,Oliver_Twist
Toby,I,0,50,Oliver_Twist
Toby,A,0,50,Oliver_Twist
Toby,DC,0,50,Oliver_Twist
Toby,DN,0,50,Oliver_Twist
Tom,N,0,50,Oliver_Twist
Tom,C,0,50,Oliver_Twist
Tom,I,0,50,Oliver_Twist
Tom,A,0,50,Oliver_Twist
Tom,DC,0,50,Oliver_Twist
Tom,DN,0,50,Oliver_Twist
Work’us,N,0,50,Oliver_Twist
Work’us,C,0,50,Oliver_Twist
Work’us,I,0,50,Oliver_Twist
Work’us,A,0,50,Oliver_Twist
Work’us,DC,0,50,Oliver_Twist
Work’us,DN,0,50,Oliver_Twist
old Sally,N,0,50,Oliver_Twist
old Sally,C,0,50,Oliver_Twist
old Sally,I,0,50,Oliver_Twist
old Sally,A,0,50,Oliver_Twist
old Sally,DC,0,50,Oliver_Twist
old Sally,DN,0,50,Oliver_Twist
the Clerkinwell Sessions,N,0,50,Oliver_Twist
the Clerkinwell Sessions,C,0,50,Oliver_Twist
the Clerkinwell Sessions,I,0,50,Oliver_Twist
the Clerkinwell Sessions,A,0,50,Oliver_Twist
the Clerkinwell Sessions,DC,0,50,Oliver_Twist
the Clerkinwell Sessions,DN,0,50,Oliver_Twist
the Cripples,N,0,50,Oliver_Twist
the Cripples,C,0,50,Oliver_Twist
the Cripples,I,0,50,Oliver_Twist
the Cripples,A,0,50,Oliver_Twist
the Cripples,DC,0,50,Oliver_Twist
the Cripples,DN,0,50,Oliver_Twist
the Dodger,N,0,50,Oliver_Twist
the Dodger,C,0,50,Oliver_Twist
the Dodger,I,0,50,Oliver_Twist
the Dodger,A,0,50,Oliver_Twist
the Dodger,DC,0,50,Oliver_Twist
the Dodger,DN,0,50,Oliver_Twist
Agnes,N,0,51,Oliver_Twist
Agnes,C,0,51,Oliver_Twist
Agnes,I,0,51,Oliver_Twist
Agnes,A,0,51,Oliver_Twist
Agnes,DC,0,51,Oliver_Twist
Agnes,DN,0,51,Oliver_Twist
Barney,N,0,51,Oliver_Twist
Barney,C,0,51,Oliver_Twist
Barney,I,0,51,Oliver_Twist
Barney,A,0,51,Oliver_Twist
Barney,DC,0,51,Oliver_Twist
Barney,DN,0,51,Oliver_Twist
Bet,N,0,51,Oliver_Twist
Bet,C,0,51,Oliver_Twist
Bet,I,0,51,Oliver_Twist
Bet,A,0,51,Oliver_Twist
Bet,DC,0,51,Oliver_Twist
Bet,DN,0,51,Oliver_Twist
Blathers,N,0,51,Oliver_Twist
Blathers,C,0,51,Oliver_Twist
Blathers,I,0,51,Oliver_Twist
Blathers,A,0,51,Oliver_Twist
Blathers,DC,0,51,Oliver_Twist
Blathers,DN,0,51,Oliver_Twist
Brittles,N,0,51,Oliver_Twist
Brittles,C,0,51,Oliver_Twist
Brittles,I,0,51,Oliver_Twist
Brittles,A,0,51,Oliver_Twist
Brittles,DC,0,51,Oliver_Twist
Brittles,DN,0,51,Oliver_Twist
Charlotte,N,0,51,Oliver_Twist
Charlotte,C,0,51,Oliver_Twist
Charlotte,I,0,51,Oliver_Twist
Charlotte,A,0,51,Oliver_Twist
Charlotte,DC,0,51,Oliver_Twist
Charlotte,DN,0,51,Oliver_Twist
Chickweed,N,0,51,Oliver_Twist
Chickweed,C,0,51,Oliver_Twist
Chickweed,I,0,51,Oliver_Twist
Chickweed,A,0,51,Oliver_Twist
Chickweed,DC,0,51,Oliver_Twist
Chickweed,DN,0,51,Oliver_Twist
Cod,N,0,51,Oliver_Twist
Cod,C,0,51,Oliver_Twist
Cod,I,0,51,Oliver_Twist
Cod,A,0,51,Oliver_Twist
Cod,DC,0,51,Oliver_Twist
Cod,DN,0,51,Oliver_Twist
Dick,N,0,51,Oliver_Twist
Dick,C,0,51,Oliver_Twist
Dick,I,0,51,Oliver_Twist
Dick,A,0,51,Oliver_Twist
Dick,DC,0,51,Oliver_Twist
Dick,DN,0,51,Oliver_Twist
Duff,N,0,51,Oliver_Twist
Duff,C,0,51,Oliver_Twist
Duff,I,0,51,Oliver_Twist
Duff,A,0,51,Oliver_Twist
Duff,DC,0,51,Oliver_Twist
Duff,DN,0,51,Oliver_Twist
Fagin,N,21,51,Oliver_Twist
Fagin,C,31,51,Oliver_Twist
Fagin,I,7,51,Oliver_Twist
Fagin,A,22,51,Oliver_Twist
Fagin,DC,5,51,Oliver_Twist
Fagin,DN,0,51,Oliver_Twist
Faguey,N,0,51,Oliver_Twist
Faguey,C,0,51,Oliver_Twist
Faguey,I,0,51,Oliver_Twist
Faguey,A,0,51,Oliver_Twist
Faguey,DC,0,51,Oliver_Twist
Faguey,DN,0,51,Oliver_Twist
God,N,0,51,Oliver_Twist
God,C,0,51,Oliver_Twist
God,I,0,51,Oliver_Twist
God,A,0,51,Oliver_Twist
God,DC,0,51,Oliver_Twist
God,DN,0,51,Oliver_Twist
Harry,N,0,51,Oliver_Twist
Harry,C,0,51,Oliver_Twist
Harry,I,0,51,Oliver_Twist
Harry,A,0,51,Oliver_Twist
Harry,DC,0,51,Oliver_Twist
Harry,DN,0,51,Oliver_Twist
Heaven,N,1,51,Oliver_Twist
Heaven,C,0,51,Oliver_Twist
Heaven,I,0,51,Oliver_Twist
Heaven,A,0,51,Oliver_Twist
Heaven,DC,0,51,Oliver_Twist
Heaven,DN,0,51,Oliver_Twist
Jack Dawkins,N,0,51,Oliver_Twist
Jack Dawkins,C,0,51,Oliver_Twist
Jack Dawkins,I,0,51,Oliver_Twist
Jack Dawkins,A,0,51,Oliver_Twist
Jack Dawkins,DC,0,51,Oliver_Twist
Jack Dawkins,DN,0,51,Oliver_Twist
Kags,N,0,51,Oliver_Twist
Kags,C,0,51,Oliver_Twist
Kags,I,0,51,Oliver_Twist
Kags,A,0,51,Oliver_Twist
Kags,DC,0,51,Oliver_Twist
Kags,DN,0,51,Oliver_Twist
Little Oliver,N,0,51,Oliver_Twist
Little Oliver,C,0,51,Oliver_Twist
Little Oliver,I,0,51,Oliver_Twist
Little Oliver,A,0,51,Oliver_Twist
Little Oliver,DC,0,51,Oliver_Twist
Little Oliver,DN,0,51,Oliver_Twist
Lor,N,0,51,Oliver_Twist
Lor,C,0,51,Oliver_Twist
Lor,I,0,51,Oliver_Twist
Lor,A,0,51,Oliver_Twist
Lor,DC,0,51,Oliver_Twist
Lor,DN,0,51,Oliver_Twist
Master Bates,N,1,51,Oliver_Twist
Master Bates,C,0,51,Oliver_Twist
Master Bates,I,0,51,Oliver_Twist
Master Bates,A,0,51,Oliver_Twist
Master Bates,DC,1,51,Oliver_Twist
Master Bates,DN,0,51,Oliver_Twist
Messrs. Blathers,N,0,51,Oliver_Twist
Messrs. Blathers,C,0,51,Oliver_Twist
Messrs. Blathers,I,0,51,Oliver_Twist
Messrs. Blathers,A,0,51,Oliver_Twist
Messrs. Blathers,DC,0,51,Oliver_Twist
Messrs. Blathers,DN,0,51,Oliver_Twist
Miss Maylie,N,0,51,Oliver_Twist
Miss Maylie,C,0,51,Oliver_Twist
Miss Maylie,I,0,51,Oliver_Twist
Miss Maylie,A,0,51,Oliver_Twist
Miss Maylie,DC,0,51,Oliver_Twist
Miss Maylie,DN,0,51,Oliver_Twist
Monks,N,2,51,Oliver_Twist
Monks,C,0,51,Oliver_Twist
Monks,I,0,51,Oliver_Twist
Monks,A,0,51,Oliver_Twist
Monks,DC,1,51,Oliver_Twist
Monks,DN,0,51,Oliver_Twist
Mr. Bolter,N,2,51,Oliver_Twist
Mr. Bolter,C,0,51,Oliver_Twist
Mr. Bolter,I,0,51,Oliver_Twist
Mr. Bolter,A,0,51,Oliver_Twist
Mr. Bolter,DC,1,51,Oliver_Twist
Mr. Bolter,DN,0,51,Oliver_Twist
Mr. Browlow,N,0,51,Oliver_Twist
Mr. Browlow,C,0,51,Oliver_Twist
Mr. Browlow,I,0,51,Oliver_Twist
Mr. Browlow,A,0,51,Oliver_Twist
Mr. Browlow,DC,0,51,Oliver_Twist
Mr. Browlow,DN,0,51,Oliver_Twist
Mr. Brownlow,N,0,51,Oliver_Twist
Mr. Brownlow,C,0,51,Oliver_Twist
Mr. Brownlow,I,0,51,Oliver_Twist
Mr. Brownlow,A,0,51,Oliver_Twist
Mr. Brownlow,DC,0,51,Oliver_Twist
Mr. Brownlow,DN,0,51,Oliver_Twist
Mr. Bumble,N,0,51,Oliver_Twist
Mr. Bumble,C,0,51,Oliver_Twist
Mr. Bumble,I,0,51,Oliver_Twist
Mr. Bumble,A,0,51,Oliver_Twist
Mr. Bumble,DC,0,51,Oliver_Twist
Mr. Bumble,DN,0,51,Oliver_Twist
Mr. Chitling,N,0,51,Oliver_Twist
Mr. Chitling,C,0,51,Oliver_Twist
Mr. Chitling,I,0,51,Oliver_Twist
Mr. Chitling,A,0,51,Oliver_Twist
Mr. Chitling,DC,0,51,Oliver_Twist
Mr. Chitling,DN,0,51,Oliver_Twist
Mr. Dawkins,N,0,51,Oliver_Twist
Mr. Dawkins,C,0,51,Oliver_Twist
Mr. Dawkins,I,0,51,Oliver_Twist
Mr. Dawkins,A,0,51,Oliver_Twist
Mr. Dawkins,DC,0,51,Oliver_Twist
Mr. Dawkins,DN,0,51,Oliver_Twist
Mr. Fang,N,0,51,Oliver_Twist
Mr. Fang,C,0,51,Oliver_Twist
Mr. Fang,I,0,51,Oliver_Twist
Mr. Fang,A,0,51,Oliver_Twist
Mr. Fang,DC,0,51,Oliver_Twist
Mr. Fang,DN,0,51,Oliver_Twist
Mr. Gamfield,N,0,51,Oliver_Twist
Mr. Gamfield,C,0,51,Oliver_Twist
Mr. Gamfield,I,0,51,Oliver_Twist
Mr. Gamfield,A,0,51,Oliver_Twist
Mr. Gamfield,DC,0,51,Oliver_Twist
Mr. Gamfield,DN,0,51,Oliver_Twist
Mr. Giles,N,0,51,Oliver_Twist
Mr. Giles,C,0,51,Oliver_Twist
Mr. Giles,I,0,51,Oliver_Twist
Mr. Giles,A,0,51,Oliver_Twist
Mr. Giles,DC,0,51,Oliver_Twist
Mr. Giles,DN,0,51,Oliver_Twist
Mr. Grimwig,N,0,51,Oliver_Twist
Mr. Grimwig,C,0,51,Oliver_Twist
Mr. Grimwig,I,0,51,Oliver_Twist
Mr. Grimwig,A,0,51,Oliver_Twist
Mr. Grimwig,DC,0,51,Oliver_Twist
Mr. Grimwig,DN,0,51,Oliver_Twist
Mr. Limbkins,N,0,51,Oliver_Twist
Mr. Limbkins,C,0,51,Oliver_Twist
Mr. Limbkins,I,0,51,Oliver_Twist
Mr. Limbkins,A,0,51,Oliver_Twist
Mr. Limbkins,DC,0,51,Oliver_Twist
Mr. Limbkins,DN,0,51,Oliver_Twist
Mr. Lively,N,0,51,Oliver_Twist
Mr. Lively,C,0,51,Oliver_Twist
Mr. Lively,I,0,51,Oliver_Twist
Mr. Lively,A,0,51,Oliver_Twist
Mr. Lively,DC,0,51,Oliver_Twist
Mr. Lively,DN,0,51,Oliver_Twist
Mr. Losberne,N,0,51,Oliver_Twist
Mr. Losberne,C,0,51,Oliver_Twist
Mr. Losberne,I,0,51,Oliver_Twist
Mr. Losberne,A,0,51,Oliver_Twist
Mr. Losberne,DC,0,51,Oliver_Twist
Mr. Losberne,DN,0,51,Oliver_Twist
Mr. Maylie,N,0,51,Oliver_Twist
Mr. Maylie,C,0,51,Oliver_Twist
Mr. Maylie,I,0,51,Oliver_Twist
Mr. Maylie,A,0,51,Oliver_Twist
Mr. Maylie,DC,0,51,Oliver_Twist
Mr. Maylie,DN,0,51,Oliver_Twist
Mr. Sikes,N,0,51,Oliver_Twist
Mr. Sikes,C,0,51,Oliver_Twist
Mr. Sikes,I,0,51,Oliver_Twist
Mr. Sikes,A,0,51,Oliver_Twist
Mr. Sikes,DC,0,51,Oliver_Twist
Mr. Sikes,DN,0,51,Oliver_Twist
Mr. Sowerberry,N,0,51,Oliver_Twist
Mr. Sowerberry,C,0,51,Oliver_Twist
Mr. Sowerberry,I,0,51,Oliver_Twist
Mr. Sowerberry,A,0,51,Oliver_Twist
Mr. Sowerberry,DC,0,51,Oliver_Twist
Mr. Sowerberry,DN,0,51,Oliver_Twist
Mrs. Bedwin,N,0,51,Oliver_Twist
Mrs. Bedwin,C,0,51,Oliver_Twist
Mrs. Bedwin,I,0,51,Oliver_Twist
Mrs. Bedwin,A,0,51,Oliver_Twist
Mrs. Bedwin,DC,0,51,Oliver_Twist
Mrs. Bedwin,DN,0,51,Oliver_Twist
Mrs. Bolter,N,0,51,Oliver_Twist
Mrs. Bolter,C,0,51,Oliver_Twist
Mrs. Bolter,I,0,51,Oliver_Twist
Mrs. Bolter,A,0,51,Oliver_Twist
Mrs. Bolter,DC,0,51,Oliver_Twist
Mrs. Bolter,DN,0,51,Oliver_Twist
Mrs. Corney,N,0,51,Oliver_Twist
Mrs. Corney,C,0,51,Oliver_Twist
Mrs. Corney,I,0,51,Oliver_Twist
Mrs. Corney,A,0,51,Oliver_Twist
Mrs. Corney,DC,0,51,Oliver_Twist
Mrs. Corney,DN,0,51,Oliver_Twist
Mrs. Mann,N,0,51,Oliver_Twist
Mrs. Mann,C,0,51,Oliver_Twist
Mrs. Mann,I,0,51,Oliver_Twist
Mrs. Mann,A,0,51,Oliver_Twist
Mrs. Mann,DC,0,51,Oliver_Twist
Mrs. Mann,DN,0,51,Oliver_Twist
Mrs. Maylie,N,0,51,Oliver_Twist
Mrs. Maylie,C,0,51,Oliver_Twist
Mrs. Maylie,I,0,51,Oliver_Twist
Mrs. Maylie,A,0,51,Oliver_Twist
Mrs. Maylie,DC,0,51,Oliver_Twist
Mrs. Maylie,DN,0,51,Oliver_Twist
Mrs. Sowerberry,N,0,51,Oliver_Twist
Mrs. Sowerberry,C,0,51,Oliver_Twist
Mrs. Sowerberry,I,0,51,Oliver_Twist
Mrs. Sowerberry,A,0,51,Oliver_Twist
Mrs. Sowerberry,DC,0,51,Oliver_Twist
Mrs. Sowerberry,DN,0,51,Oliver_Twist
Nancy,N,2,51,Oliver_Twist
Nancy,C,0,51,Oliver_Twist
Nancy,I,2,51,Oliver_Twist
Nancy,A,17,51,Oliver_Twist
Nancy,DC,15,51,Oliver_Twist
Nancy,DN,0,51,Oliver_Twist
Noah,N,9,51,Oliver_Twist
Noah,C,10,51,Oliver_Twist
Noah,I,0,51,Oliver_Twist
Noah,A,5,51,Oliver_Twist
Noah,DC,1,51,Oliver_Twist
Noah,DN,0,51,Oliver_Twist
Oliver,N,0,51,Oliver_Twist
Oliver,C,0,51,Oliver_Twist
Oliver,I,0,51,Oliver_Twist
Oliver,A,0,51,Oliver_Twist
Oliver,DC,0,51,Oliver_Twist
Oliver,DN,0,51,Oliver_Twist
Rose,N,1,51,Oliver_Twist
Rose,C,0,51,Oliver_Twist
Rose,I,0,51,Oliver_Twist
Rose,A,0,51,Oliver_Twist
Rose,DC,0,51,Oliver_Twist
Rose,DN,0,51,Oliver_Twist
Sikes,N,37,51,Oliver_Twist
Sikes,C,23,51,Oliver_Twist
Sikes,I,6,51,Oliver_Twist
Sikes,A,25,51,Oliver_Twist
Sikes,DC,9,51,Oliver_Twist
Sikes,DN,1,51,Oliver_Twist
Spyers,N,0,51,Oliver_Twist
Spyers,C,0,51,Oliver_Twist
Spyers,I,0,51,Oliver_Twist
Spyers,A,0,51,Oliver_Twist
Spyers,DC,0,51,Oliver_Twist
Spyers,DN,0,51,Oliver_Twist
The Jew,N,0,51,Oliver_Twist
The Jew,C,0,51,Oliver_Twist
The Jew,I,0,51,Oliver_Twist
The Jew,A,0,51,Oliver_Twist
The Jew,DC,0,51,Oliver_Twist
The Jew,DN,0,51,Oliver_Twist
Toby,N,0,51,Oliver_Twist
Toby,C,0,51,Oliver_Twist
Toby,I,0,51,Oliver_Twist
Toby,A,0,51,Oliver_Twist
Toby,DC,0,51,Oliver_Twist
Toby,DN,0,51,Oliver_Twist
Tom,N,0,51,Oliver_Twist
Tom,C,0,51,Oliver_Twist
Tom,I,0,51,Oliver_Twist
Tom,A,0,51,Oliver_Twist
Tom,DC,0,51,Oliver_Twist
Tom,DN,0,51,Oliver_Twist
Work’us,N,0,51,Oliver_Twist
Work’us,C,0,51,Oliver_Twist
Work’us,I,0,51,Oliver_Twist
Work’us,A,0,51,Oliver_Twist
Work’us,DC,0,51,Oliver_Twist
Work’us,DN,0,51,Oliver_Twist
old Sally,N,0,51,Oliver_Twist
old Sally,C,0,51,Oliver_Twist
old Sally,I,0,51,Oliver_Twist
old Sally,A,0,51,Oliver_Twist
old Sally,DC,0,51,Oliver_Twist
old Sally,DN,0,51,Oliver_Twist
the Clerkinwell Sessions,N,0,51,Oliver_Twist
the Clerkinwell Sessions,C,0,51,Oliver_Twist
the Clerkinwell Sessions,I,0,51,Oliver_Twist
the Clerkinwell Sessions,A,0,51,Oliver_Twist
the Clerkinwell Sessions,DC,0,51,Oliver_Twist
the Clerkinwell Sessions,DN,0,51,Oliver_Twist
the Cripples,N,0,51,Oliver_Twist
the Cripples,C,0,51,Oliver_Twist
the Cripples,I,0,51,Oliver_Twist
the Cripples,A,0,51,Oliver_Twist
the Cripples,DC,0,51,Oliver_Twist
the Cripples,DN,0,51,Oliver_Twist
the Dodger,N,0,51,Oliver_Twist
the Dodger,C,0,51,Oliver_Twist
the Dodger,I,0,51,Oliver_Twist
the Dodger,A,0,51,Oliver_Twist
the Dodger,DC,0,51,Oliver_Twist
the Dodger,DN,0,51,Oliver_Twist
Agnes,N,0,52,Oliver_Twist
Agnes,C,0,52,Oliver_Twist
Agnes,I,0,52,Oliver_Twist
Agnes,A,0,52,Oliver_Twist
Agnes,DC,0,52,Oliver_Twist
Agnes,DN,0,52,Oliver_Twist
Barney,N,0,52,Oliver_Twist
Barney,C,0,52,Oliver_Twist
Barney,I,0,52,Oliver_Twist
Barney,A,0,52,Oliver_Twist
Barney,DC,0,52,Oliver_Twist
Barney,DN,0,52,Oliver_Twist
Bet,N,0,52,Oliver_Twist
Bet,C,0,52,Oliver_Twist
Bet,I,0,52,Oliver_Twist
Bet,A,0,52,Oliver_Twist
Bet,DC,0,52,Oliver_Twist
Bet,DN,0,52,Oliver_Twist
Blathers,N,0,52,Oliver_Twist
Blathers,C,0,52,Oliver_Twist
Blathers,I,0,52,Oliver_Twist
Blathers,A,0,52,Oliver_Twist
Blathers,DC,0,52,Oliver_Twist
Blathers,DN,0,52,Oliver_Twist
Brittles,N,0,52,Oliver_Twist
Brittles,C,0,52,Oliver_Twist
Brittles,I,0,52,Oliver_Twist
Brittles,A,0,52,Oliver_Twist
Brittles,DC,0,52,Oliver_Twist
Brittles,DN,0,52,Oliver_Twist
Charlotte,N,0,52,Oliver_Twist
Charlotte,C,0,52,Oliver_Twist
Charlotte,I,0,52,Oliver_Twist
Charlotte,A,0,52,Oliver_Twist
Charlotte,DC,0,52,Oliver_Twist
Charlotte,DN,0,52,Oliver_Twist
Chickweed,N,0,52,Oliver_Twist
Chickweed,C,0,52,Oliver_Twist
Chickweed,I,0,52,Oliver_Twist
Chickweed,A,0,52,Oliver_Twist
Chickweed,DC,0,52,Oliver_Twist
Chickweed,DN,0,52,Oliver_Twist
Cod,N,0,52,Oliver_Twist
Cod,C,0,52,Oliver_Twist
Cod,I,0,52,Oliver_Twist
Cod,A,0,52,Oliver_Twist
Cod,DC,0,52,Oliver_Twist
Cod,DN,0,52,Oliver_Twist
Dick,N,0,52,Oliver_Twist
Dick,C,0,52,Oliver_Twist
Dick,I,0,52,Oliver_Twist
Dick,A,0,52,Oliver_Twist
Dick,DC,0,52,Oliver_Twist
Dick,DN,0,52,Oliver_Twist
Duff,N,0,52,Oliver_Twist
Duff,C,0,52,Oliver_Twist
Duff,I,0,52,Oliver_Twist
Duff,A,0,52,Oliver_Twist
Duff,DC,0,52,Oliver_Twist
Duff,DN,0,52,Oliver_Twist
Fagin,N,1,52,Oliver_Twist
Fagin,C,0,52,Oliver_Twist
Fagin,I,0,52,Oliver_Twist
Fagin,A,0,52,Oliver_Twist
Fagin,DC,1,52,Oliver_Twist
Fagin,DN,0,52,Oliver_Twist
Faguey,N,0,52,Oliver_Twist
Faguey,C,0,52,Oliver_Twist
Faguey,I,0,52,Oliver_Twist
Faguey,A,0,52,Oliver_Twist
Faguey,DC,0,52,Oliver_Twist
Faguey,DN,0,52,Oliver_Twist
God,N,0,52,Oliver_Twist
God,C,0,52,Oliver_Twist
God,I,0,52,Oliver_Twist
God,A,0,52,Oliver_Twist
God,DC,0,52,Oliver_Twist
God,DN,0,52,Oliver_Twist
Harry,N,1,52,Oliver_Twist
Harry,C,0,52,Oliver_Twist
Harry,I,0,52,Oliver_Twist
Harry,A,0,52,Oliver_Twist
Harry,DC,0,52,Oliver_Twist
Harry,DN,0,52,Oliver_Twist
Heaven,N,0,52,Oliver_Twist
Heaven,C,0,52,Oliver_Twist
Heaven,I,0,52,Oliver_Twist
Heaven,A,0,52,Oliver_Twist
Heaven,DC,0,52,Oliver_Twist
Heaven,DN,0,52,Oliver_Twist
Jack Dawkins,N,0,52,Oliver_Twist
Jack Dawkins,C,0,52,Oliver_Twist
Jack Dawkins,I,0,52,Oliver_Twist
Jack Dawkins,A,0,52,Oliver_Twist
Jack Dawkins,DC,0,52,Oliver_Twist
Jack Dawkins,DN,0,52,Oliver_Twist
Kags,N,0,52,Oliver_Twist
Kags,C,0,52,Oliver_Twist
Kags,I,0,52,Oliver_Twist
Kags,A,0,52,Oliver_Twist
Kags,DC,0,52,Oliver_Twist
Kags,DN,0,52,Oliver_Twist
Little Oliver,N,0,52,Oliver_Twist
Little Oliver,C,0,52,Oliver_Twist
Little Oliver,I,0,52,Oliver_Twist
Little Oliver,A,0,52,Oliver_Twist
Little Oliver,DC,0,52,Oliver_Twist
Little Oliver,DN,0,52,Oliver_Twist
Lor,N,0,52,Oliver_Twist
Lor,C,0,52,Oliver_Twist
Lor,I,0,52,Oliver_Twist
Lor,A,0,52,Oliver_Twist
Lor,DC,0,52,Oliver_Twist
Lor,DN,0,52,Oliver_Twist
Master Bates,N,0,52,Oliver_Twist
Master Bates,C,0,52,Oliver_Twist
Master Bates,I,0,52,Oliver_Twist
Master Bates,A,0,52,Oliver_Twist
Master Bates,DC,0,52,Oliver_Twist
Master Bates,DN,0,52,Oliver_Twist
Messrs. Blathers,N,0,52,Oliver_Twist
Messrs. Blathers,C,0,52,Oliver_Twist
Messrs. Blathers,I,0,52,Oliver_Twist
Messrs. Blathers,A,0,52,Oliver_Twist
Messrs. Blathers,DC,0,52,Oliver_Twist
Messrs. Blathers,DN,0,52,Oliver_Twist
Miss Maylie,N,0,52,Oliver_Twist
Miss Maylie,C,0,52,Oliver_Twist
Miss Maylie,I,0,52,Oliver_Twist
Miss Maylie,A,0,52,Oliver_Twist
Miss Maylie,DC,0,52,Oliver_Twist
Miss Maylie,DN,0,52,Oliver_Twist
Monks,N,1,52,Oliver_Twist
Monks,C,0,52,Oliver_Twist
Monks,I,0,52,Oliver_Twist
Monks,A,0,52,Oliver_Twist
Monks,DC,0,52,Oliver_Twist
Monks,DN,0,52,Oliver_Twist
Mr. Bolter,N,0,52,Oliver_Twist
Mr. Bolter,C,0,52,Oliver_Twist
Mr. Bolter,I,0,52,Oliver_Twist
Mr. Bolter,A,0,52,Oliver_Twist
Mr. Bolter,DC,0,52,Oliver_Twist
Mr. Bolter,DN,0,52,Oliver_Twist
Mr. Browlow,N,0,52,Oliver_Twist
Mr. Browlow,C,0,52,Oliver_Twist
Mr. Browlow,I,0,52,Oliver_Twist
Mr. Browlow,A,0,52,Oliver_Twist
Mr. Browlow,DC,0,52,Oliver_Twist
Mr. Browlow,DN,0,52,Oliver_Twist
Mr. Brownlow,N,0,52,Oliver_Twist
Mr. Brownlow,C,0,52,Oliver_Twist
Mr. Brownlow,I,0,52,Oliver_Twist
Mr. Brownlow,A,0,52,Oliver_Twist
Mr. Brownlow,DC,0,52,Oliver_Twist
Mr. Brownlow,DN,0,52,Oliver_Twist
Mr. Bumble,N,0,52,Oliver_Twist
Mr. Bumble,C,0,52,Oliver_Twist
Mr. Bumble,I,0,52,Oliver_Twist
Mr. Bumble,A,0,52,Oliver_Twist
Mr. Bumble,DC,0,52,Oliver_Twist
Mr. Bumble,DN,0,52,Oliver_Twist
Mr. Chitling,N,0,52,Oliver_Twist
Mr. Chitling,C,0,52,Oliver_Twist
Mr. Chitling,I,0,52,Oliver_Twist
Mr. Chitling,A,0,52,Oliver_Twist
Mr. Chitling,DC,0,52,Oliver_Twist
Mr. Chitling,DN,0,52,Oliver_Twist
Mr. Dawkins,N,0,52,Oliver_Twist
Mr. Dawkins,C,0,52,Oliver_Twist
Mr. Dawkins,I,0,52,Oliver_Twist
Mr. Dawkins,A,0,52,Oliver_Twist
Mr. Dawkins,DC,0,52,Oliver_Twist
Mr. Dawkins,DN,0,52,Oliver_Twist
Mr. Fang,N,0,52,Oliver_Twist
Mr. Fang,C,0,52,Oliver_Twist
Mr. Fang,I,0,52,Oliver_Twist
Mr. Fang,A,0,52,Oliver_Twist
Mr. Fang,DC,0,52,Oliver_Twist
Mr. Fang,DN,0,52,Oliver_Twist
Mr. Gamfield,N,0,52,Oliver_Twist
Mr. Gamfield,C,0,52,Oliver_Twist
Mr. Gamfield,I,0,52,Oliver_Twist
Mr. Gamfield,A,0,52,Oliver_Twist
Mr. Gamfield,DC,0,52,Oliver_Twist
Mr. Gamfield,DN,0,52,Oliver_Twist
Mr. Giles,N,0,52,Oliver_Twist
Mr. Giles,C,0,52,Oliver_Twist
Mr. Giles,I,0,52,Oliver_Twist
Mr. Giles,A,0,52,Oliver_Twist
Mr. Giles,DC,0,52,Oliver_Twist
Mr. Giles,DN,0,52,Oliver_Twist
Mr. Grimwig,N,0,52,Oliver_Twist
Mr. Grimwig,C,0,52,Oliver_Twist
Mr. Grimwig,I,0,52,Oliver_Twist
Mr. Grimwig,A,0,52,Oliver_Twist
Mr. Grimwig,DC,0,52,Oliver_Twist
Mr. Grimwig,DN,0,52,Oliver_Twist
Mr. Limbkins,N,0,52,Oliver_Twist
Mr. Limbkins,C,0,52,Oliver_Twist
Mr. Limbkins,I,0,52,Oliver_Twist
Mr. Limbkins,A,0,52,Oliver_Twist
Mr. Limbkins,DC,0,52,Oliver_Twist
Mr. Limbkins,DN,0,52,Oliver_Twist
Mr. Lively,N,0,52,Oliver_Twist
Mr. Lively,C,0,52,Oliver_Twist
Mr. Lively,I,0,52,Oliver_Twist
Mr. Lively,A,0,52,Oliver_Twist
Mr. Lively,DC,0,52,Oliver_Twist
Mr. Lively,DN,0,52,Oliver_Twist
Mr. Losberne,N,0,52,Oliver_Twist
Mr. Losberne,C,0,52,Oliver_Twist
Mr. Losberne,I,0,52,Oliver_Twist
Mr. Losberne,A,0,52,Oliver_Twist
Mr. Losberne,DC,0,52,Oliver_Twist
Mr. Losberne,DN,0,52,Oliver_Twist
Mr. Maylie,N,0,52,Oliver_Twist
Mr. Maylie,C,0,52,Oliver_Twist
Mr. Maylie,I,0,52,Oliver_Twist
Mr. Maylie,A,0,52,Oliver_Twist
Mr. Maylie,DC,0,52,Oliver_Twist
Mr. Maylie,DN,0,52,Oliver_Twist
Mr. Sikes,N,0,52,Oliver_Twist
Mr. Sikes,C,0,52,Oliver_Twist
Mr. Sikes,I,0,52,Oliver_Twist
Mr. Sikes,A,0,52,Oliver_Twist
Mr. Sikes,DC,0,52,Oliver_Twist
Mr. Sikes,DN,0,52,Oliver_Twist
Mr. Sowerberry,N,0,52,Oliver_Twist
Mr. Sowerberry,C,0,52,Oliver_Twist
Mr. Sowerberry,I,0,52,Oliver_Twist
Mr. Sowerberry,A,0,52,Oliver_Twist
Mr. Sowerberry,DC,0,52,Oliver_Twist
Mr. Sowerberry,DN,0,52,Oliver_Twist
Mrs. Bedwin,N,0,52,Oliver_Twist
Mrs. Bedwin,C,0,52,Oliver_Twist
Mrs. Bedwin,I,0,52,Oliver_Twist
Mrs. Bedwin,A,0,52,Oliver_Twist
Mrs. Bedwin,DC,0,52,Oliver_Twist
Mrs. Bedwin,DN,0,52,Oliver_Twist
Mrs. Bolter,N,0,52,Oliver_Twist
Mrs. Bolter,C,0,52,Oliver_Twist
Mrs. Bolter,I,0,52,Oliver_Twist
Mrs. Bolter,A,0,52,Oliver_Twist
Mrs. Bolter,DC,0,52,Oliver_Twist
Mrs. Bolter,DN,0,52,Oliver_Twist
Mrs. Corney,N,0,52,Oliver_Twist
Mrs. Corney,C,0,52,Oliver_Twist
Mrs. Corney,I,0,52,Oliver_Twist
Mrs. Corney,A,0,52,Oliver_Twist
Mrs. Corney,DC,0,52,Oliver_Twist
Mrs. Corney,DN,0,52,Oliver_Twist
Mrs. Mann,N,0,52,Oliver_Twist
Mrs. Mann,C,0,52,Oliver_Twist
Mrs. Mann,I,0,52,Oliver_Twist
Mrs. Mann,A,0,52,Oliver_Twist
Mrs. Mann,DC,0,52,Oliver_Twist
Mrs. Mann,DN,0,52,Oliver_Twist
Mrs. Maylie,N,0,52,Oliver_Twist
Mrs. Maylie,C,0,52,Oliver_Twist
Mrs. Maylie,I,0,52,Oliver_Twist
Mrs. Maylie,A,0,52,Oliver_Twist
Mrs. Maylie,DC,0,52,Oliver_Twist
Mrs. Maylie,DN,0,52,Oliver_Twist
Mrs. Sowerberry,N,0,52,Oliver_Twist
Mrs. Sowerberry,C,0,52,Oliver_Twist
Mrs. Sowerberry,I,0,52,Oliver_Twist
Mrs. Sowerberry,A,0,52,Oliver_Twist
Mrs. Sowerberry,DC,0,52,Oliver_Twist
Mrs. Sowerberry,DN,0,52,Oliver_Twist
Nancy,N,0,52,Oliver_Twist
Nancy,C,0,52,Oliver_Twist
Nancy,I,0,52,Oliver_Twist
Nancy,A,0,52,Oliver_Twist
Nancy,DC,0,52,Oliver_Twist
Nancy,DN,0,52,Oliver_Twist
Noah,N,0,52,Oliver_Twist
Noah,C,0,52,Oliver_Twist
Noah,I,0,52,Oliver_Twist
Noah,A,0,52,Oliver_Twist
Noah,DC,0,52,Oliver_Twist
Noah,DN,0,52,Oliver_Twist
Oliver,N,0,52,Oliver_Twist
Oliver,C,0,52,Oliver_Twist
Oliver,I,0,52,Oliver_Twist
Oliver,A,0,52,Oliver_Twist
Oliver,DC,0,52,Oliver_Twist
Oliver,DN,0,52,Oliver_Twist
Rose,N,0,52,Oliver_Twist
Rose,C,0,52,Oliver_Twist
Rose,I,0,52,Oliver_Twist
Rose,A,0,52,Oliver_Twist
Rose,DC,0,52,Oliver_Twist
Rose,DN,0,52,Oliver_Twist
Sikes,N,6,52,Oliver_Twist
Sikes,C,5,52,Oliver_Twist
Sikes,I,20,52,Oliver_Twist
Sikes,A,39,52,Oliver_Twist
Sikes,DC,0,52,Oliver_Twist
Sikes,DN,2,52,Oliver_Twist
Spyers,N,0,52,Oliver_Twist
Spyers,C,0,52,Oliver_Twist
Spyers,I,0,52,Oliver_Twist
Spyers,A,0,52,Oliver_Twist
Spyers,DC,0,52,Oliver_Twist
Spyers,DN,0,52,Oliver_Twist
The Jew,N,0,52,Oliver_Twist
The Jew,C,0,52,Oliver_Twist
The Jew,I,0,52,Oliver_Twist
The Jew,A,0,52,Oliver_Twist
The Jew,DC,0,52,Oliver_Twist
The Jew,DN,0,52,Oliver_Twist
Toby,N,0,52,Oliver_Twist
Toby,C,0,52,Oliver_Twist
Toby,I,0,52,Oliver_Twist
Toby,A,0,52,Oliver_Twist
Toby,DC,0,52,Oliver_Twist
Toby,DN,0,52,Oliver_Twist
Tom,N,0,52,Oliver_Twist
Tom,C,0,52,Oliver_Twist
Tom,I,0,52,Oliver_Twist
Tom,A,0,52,Oliver_Twist
Tom,DC,0,52,Oliver_Twist
Tom,DN,0,52,Oliver_Twist
Work’us,N,0,52,Oliver_Twist
Work’us,C,0,52,Oliver_Twist
Work’us,I,0,52,Oliver_Twist
Work’us,A,0,52,Oliver_Twist
Work’us,DC,0,52,Oliver_Twist
Work’us,DN,0,52,Oliver_Twist
old Sally,N,0,52,Oliver_Twist
old Sally,C,0,52,Oliver_Twist
old Sally,I,0,52,Oliver_Twist
old Sally,A,0,52,Oliver_Twist
old Sally,DC,0,52,Oliver_Twist
old Sally,DN,0,52,Oliver_Twist
the Clerkinwell Sessions,N,0,52,Oliver_Twist
the Clerkinwell Sessions,C,0,52,Oliver_Twist
the Clerkinwell Sessions,I,0,52,Oliver_Twist
the Clerkinwell Sessions,A,0,52,Oliver_Twist
the Clerkinwell Sessions,DC,0,52,Oliver_Twist
the Clerkinwell Sessions,DN,0,52,Oliver_Twist
the Cripples,N,0,52,Oliver_Twist
the Cripples,C,0,52,Oliver_Twist
the Cripples,I,0,52,Oliver_Twist
the Cripples,A,0,52,Oliver_Twist
the Cripples,DC,0,52,Oliver_Twist
the Cripples,DN,0,52,Oliver_Twist
the Dodger,N,0,52,Oliver_Twist
the Dodger,C,0,52,Oliver_Twist
the Dodger,I,0,52,Oliver_Twist
the Dodger,A,0,52,Oliver_Twist
the Dodger,DC,0,52,Oliver_Twist
the Dodger,DN,0,52,Oliver_Twist
Agnes,N,0,53,Oliver_Twist
Agnes,C,0,53,Oliver_Twist
Agnes,I,0,53,Oliver_Twist
Agnes,A,0,53,Oliver_Twist
Agnes,DC,0,53,Oliver_Twist
Agnes,DN,0,53,Oliver_Twist
Barney,N,0,53,Oliver_Twist
Barney,C,0,53,Oliver_Twist
Barney,I,0,53,Oliver_Twist
Barney,A,0,53,Oliver_Twist
Barney,DC,0,53,Oliver_Twist
Barney,DN,0,53,Oliver_Twist
Bet,N,0,53,Oliver_Twist
Bet,C,0,53,Oliver_Twist
Bet,I,0,53,Oliver_Twist
Bet,A,0,53,Oliver_Twist
Bet,DC,0,53,Oliver_Twist
Bet,DN,0,53,Oliver_Twist
Blathers,N,0,53,Oliver_Twist
Blathers,C,0,53,Oliver_Twist
Blathers,I,0,53,Oliver_Twist
Blathers,A,0,53,Oliver_Twist
Blathers,DC,0,53,Oliver_Twist
Blathers,DN,0,53,Oliver_Twist
Brittles,N,0,53,Oliver_Twist
Brittles,C,0,53,Oliver_Twist
Brittles,I,0,53,Oliver_Twist
Brittles,A,0,53,Oliver_Twist
Brittles,DC,0,53,Oliver_Twist
Brittles,DN,0,53,Oliver_Twist
Charlotte,N,0,53,Oliver_Twist
Charlotte,C,0,53,Oliver_Twist
Charlotte,I,0,53,Oliver_Twist
Charlotte,A,0,53,Oliver_Twist
Charlotte,DC,0,53,Oliver_Twist
Charlotte,DN,0,53,Oliver_Twist
Chickweed,N,0,53,Oliver_Twist
Chickweed,C,0,53,Oliver_Twist
Chickweed,I,0,53,Oliver_Twist
Chickweed,A,0,53,Oliver_Twist
Chickweed,DC,0,53,Oliver_Twist
Chickweed,DN,0,53,Oliver_Twist
Cod,N,0,53,Oliver_Twist
Cod,C,0,53,Oliver_Twist
Cod,I,0,53,Oliver_Twist
Cod,A,0,53,Oliver_Twist
Cod,DC,0,53,Oliver_Twist
Cod,DN,0,53,Oliver_Twist
Dick,N,0,53,Oliver_Twist
Dick,C,0,53,Oliver_Twist
Dick,I,0,53,Oliver_Twist
Dick,A,0,53,Oliver_Twist
Dick,DC,0,53,Oliver_Twist
Dick,DN,0,53,Oliver_Twist
Duff,N,0,53,Oliver_Twist
Duff,C,0,53,Oliver_Twist
Duff,I,0,53,Oliver_Twist
Duff,A,0,53,Oliver_Twist
Duff,DC,0,53,Oliver_Twist
Duff,DN,0,53,Oliver_Twist
Fagin,N,1,53,Oliver_Twist
Fagin,C,0,53,Oliver_Twist
Fagin,I,1,53,Oliver_Twist
Fagin,A,0,53,Oliver_Twist
Fagin,DC,2,53,Oliver_Twist
Fagin,DN,1,53,Oliver_Twist
Faguey,N,0,53,Oliver_Twist
Faguey,C,0,53,Oliver_Twist
Faguey,I,0,53,Oliver_Twist
Faguey,A,0,53,Oliver_Twist
Faguey,DC,0,53,Oliver_Twist
Faguey,DN,0,53,Oliver_Twist
God,N,0,53,Oliver_Twist
God,C,0,53,Oliver_Twist
God,I,0,53,Oliver_Twist
God,A,0,53,Oliver_Twist
God,DC,0,53,Oliver_Twist
God,DN,0,53,Oliver_Twist
Harry,N,1,53,Oliver_Twist
Harry,C,0,53,Oliver_Twist
Harry,I,2,53,Oliver_Twist
Harry,A,2,53,Oliver_Twist
Harry,DC,0,53,Oliver_Twist
Harry,DN,1,53,Oliver_Twist
Heaven,N,1,53,Oliver_Twist
Heaven,C,0,53,Oliver_Twist
Heaven,I,0,53,Oliver_Twist
Heaven,A,1,53,Oliver_Twist
Heaven,DC,1,53,Oliver_Twist
Heaven,DN,0,53,Oliver_Twist
Jack Dawkins,N,0,53,Oliver_Twist
Jack Dawkins,C,0,53,Oliver_Twist
Jack Dawkins,I,0,53,Oliver_Twist
Jack Dawkins,A,0,53,Oliver_Twist
Jack Dawkins,DC,0,53,Oliver_Twist
Jack Dawkins,DN,0,53,Oliver_Twist
Kags,N,0,53,Oliver_Twist
Kags,C,0,53,Oliver_Twist
Kags,I,0,53,Oliver_Twist
Kags,A,0,53,Oliver_Twist
Kags,DC,0,53,Oliver_Twist
Kags,DN,0,53,Oliver_Twist
Little Oliver,N,0,53,Oliver_Twist
Little Oliver,C,0,53,Oliver_Twist
Little Oliver,I,0,53,Oliver_Twist
Little Oliver,A,0,53,Oliver_Twist
Little Oliver,DC,0,53,Oliver_Twist
Little Oliver,DN,0,53,Oliver_Twist
Lor,N,0,53,Oliver_Twist
Lor,C,0,53,Oliver_Twist
Lor,I,0,53,Oliver_Twist
Lor,A,0,53,Oliver_Twist
Lor,DC,0,53,Oliver_Twist
Lor,DN,0,53,Oliver_Twist
Master Bates,N,0,53,Oliver_Twist
Master Bates,C,0,53,Oliver_Twist
Master Bates,I,0,53,Oliver_Twist
Master Bates,A,0,53,Oliver_Twist
Master Bates,DC,0,53,Oliver_Twist
Master Bates,DN,0,53,Oliver_Twist
Messrs. Blathers,N,0,53,Oliver_Twist
Messrs. Blathers,C,0,53,Oliver_Twist
Messrs. Blathers,I,0,53,Oliver_Twist
Messrs. Blathers,A,0,53,Oliver_Twist
Messrs. Blathers,DC,0,53,Oliver_Twist
Messrs. Blathers,DN,0,53,Oliver_Twist
Miss Maylie,N,0,53,Oliver_Twist
Miss Maylie,C,0,53,Oliver_Twist
Miss Maylie,I,0,53,Oliver_Twist
Miss Maylie,A,0,53,Oliver_Twist
Miss Maylie,DC,0,53,Oliver_Twist
Miss Maylie,DN,0,53,Oliver_Twist
Monks,N,29,53,Oliver_Twist
Monks,C,29,53,Oliver_Twist
Monks,I,11,53,Oliver_Twist
Monks,A,14,53,Oliver_Twist
Monks,DC,14,53,Oliver_Twist
Monks,DN,0,53,Oliver_Twist
Mr. Bolter,N,0,53,Oliver_Twist
Mr. Bolter,C,0,53,Oliver_Twist
Mr. Bolter,I,0,53,Oliver_Twist
Mr. Bolter,A,0,53,Oliver_Twist
Mr. Bolter,DC,0,53,Oliver_Twist
Mr. Bolter,DN,0,53,Oliver_Twist
Mr. Browlow,N,1,53,Oliver_Twist
Mr. Browlow,C,2,53,Oliver_Twist
Mr. Browlow,I,0,53,Oliver_Twist
Mr. Browlow,A,1,53,Oliver_Twist
Mr. Browlow,DC,1,53,Oliver_Twist
Mr. Browlow,DN,0,53,Oliver_Twist
Mr. Brownlow,N,33,53,Oliver_Twist
Mr. Brownlow,C,63,53,Oliver_Twist
Mr. Brownlow,I,16,53,Oliver_Twist
Mr. Brownlow,A,21,53,Oliver_Twist
Mr. Brownlow,DC,2,53,Oliver_Twist
Mr. Brownlow,DN,0,53,Oliver_Twist
Mr. Bumble,N,0,53,Oliver_Twist
Mr. Bumble,C,0,53,Oliver_Twist
Mr. Bumble,I,0,53,Oliver_Twist
Mr. Bumble,A,0,53,Oliver_Twist
Mr. Bumble,DC,0,53,Oliver_Twist
Mr. Bumble,DN,0,53,Oliver_Twist
Mr. Chitling,N,0,53,Oliver_Twist
Mr. Chitling,C,0,53,Oliver_Twist
Mr. Chitling,I,0,53,Oliver_Twist
Mr. Chitling,A,0,53,Oliver_Twist
Mr. Chitling,DC,0,53,Oliver_Twist
Mr. Chitling,DN,0,53,Oliver_Twist
Mr. Dawkins,N,0,53,Oliver_Twist
Mr. Dawkins,C,0,53,Oliver_Twist
Mr. Dawkins,I,0,53,Oliver_Twist
Mr. Dawkins,A,0,53,Oliver_Twist
Mr. Dawkins,DC,0,53,Oliver_Twist
Mr. Dawkins,DN,0,53,Oliver_Twist
Mr. Fang,N,0,53,Oliver_Twist
Mr. Fang,C,0,53,Oliver_Twist
Mr. Fang,I,0,53,Oliver_Twist
Mr. Fang,A,0,53,Oliver_Twist
Mr. Fang,DC,0,53,Oliver_Twist
Mr. Fang,DN,0,53,Oliver_Twist
Mr. Gamfield,N,0,53,Oliver_Twist
Mr. Gamfield,C,0,53,Oliver_Twist
Mr. Gamfield,I,0,53,Oliver_Twist
Mr. Gamfield,A,0,53,Oliver_Twist
Mr. Gamfield,DC,0,53,Oliver_Twist
Mr. Gamfield,DN,0,53,Oliver_Twist
Mr. Giles,N,0,53,Oliver_Twist
Mr. Giles,C,0,53,Oliver_Twist
Mr. Giles,I,0,53,Oliver_Twist
Mr. Giles,A,0,53,Oliver_Twist
Mr. Giles,DC,0,53,Oliver_Twist
Mr. Giles,DN,0,53,Oliver_Twist
Mr. Grimwig,N,0,53,Oliver_Twist
Mr. Grimwig,C,0,53,Oliver_Twist
Mr. Grimwig,I,0,53,Oliver_Twist
Mr. Grimwig,A,0,53,Oliver_Twist
Mr. Grimwig,DC,0,53,Oliver_Twist
Mr. Grimwig,DN,0,53,Oliver_Twist
Mr. Limbkins,N,0,53,Oliver_Twist
Mr. Limbkins,C,0,53,Oliver_Twist
Mr. Limbkins,I,0,53,Oliver_Twist
Mr. Limbkins,A,0,53,Oliver_Twist
Mr. Limbkins,DC,0,53,Oliver_Twist
Mr. Limbkins,DN,0,53,Oliver_Twist
Mr. Lively,N,0,53,Oliver_Twist
Mr. Lively,C,0,53,Oliver_Twist
Mr. Lively,I,0,53,Oliver_Twist
Mr. Lively,A,0,53,Oliver_Twist
Mr. Lively,DC,0,53,Oliver_Twist
Mr. Lively,DN,0,53,Oliver_Twist
Mr. Losberne,N,2,53,Oliver_Twist
Mr. Losberne,C,2,53,Oliver_Twist
Mr. Losberne,I,0,53,Oliver_Twist
Mr. Losberne,A,0,53,Oliver_Twist
Mr. Losberne,DC,0,53,Oliver_Twist
Mr. Losberne,DN,0,53,Oliver_Twist
Mr. Maylie,N,1,53,Oliver_Twist
Mr. Maylie,C,0,53,Oliver_Twist
Mr. Maylie,I,0,53,Oliver_Twist
Mr. Maylie,A,1,53,Oliver_Twist
Mr. Maylie,DC,1,53,Oliver_Twist
Mr. Maylie,DN,0,53,Oliver_Twist
Mr. Sikes,N,0,53,Oliver_Twist
Mr. Sikes,C,0,53,Oliver_Twist
Mr. Sikes,I,0,53,Oliver_Twist
Mr. Sikes,A,0,53,Oliver_Twist
Mr. Sikes,DC,0,53,Oliver_Twist
Mr. Sikes,DN,0,53,Oliver_Twist
Mr. Sowerberry,N,0,53,Oliver_Twist
Mr. Sowerberry,C,0,53,Oliver_Twist
Mr. Sowerberry,I,0,53,Oliver_Twist
Mr. Sowerberry,A,0,53,Oliver_Twist
Mr. Sowerberry,DC,0,53,Oliver_Twist
Mr. Sowerberry,DN,0,53,Oliver_Twist
Mrs. Bedwin,N,0,53,Oliver_Twist
Mrs. Bedwin,C,0,53,Oliver_Twist
Mrs. Bedwin,I,0,53,Oliver_Twist
Mrs. Bedwin,A,0,53,Oliver_Twist
Mrs. Bedwin,DC,0,53,Oliver_Twist
Mrs. Bedwin,DN,0,53,Oliver_Twist
Mrs. Bolter,N,0,53,Oliver_Twist
Mrs. Bolter,C,0,53,Oliver_Twist
Mrs. Bolter,I,0,53,Oliver_Twist
Mrs. Bolter,A,0,53,Oliver_Twist
Mrs. Bolter,DC,0,53,Oliver_Twist
Mrs. Bolter,DN,0,53,Oliver_Twist
Mrs. Corney,N,0,53,Oliver_Twist
Mrs. Corney,C,0,53,Oliver_Twist
Mrs. Corney,I,0,53,Oliver_Twist
Mrs. Corney,A,0,53,Oliver_Twist
Mrs. Corney,DC,0,53,Oliver_Twist
Mrs. Corney,DN,0,53,Oliver_Twist
Mrs. Mann,N,0,53,Oliver_Twist
Mrs. Mann,C,0,53,Oliver_Twist
Mrs. Mann,I,0,53,Oliver_Twist
Mrs. Mann,A,0,53,Oliver_Twist
Mrs. Mann,DC,0,53,Oliver_Twist
Mrs. Mann,DN,0,53,Oliver_Twist
Mrs. Maylie,N,0,53,Oliver_Twist
Mrs. Maylie,C,0,53,Oliver_Twist
Mrs. Maylie,I,0,53,Oliver_Twist
Mrs. Maylie,A,0,53,Oliver_Twist
Mrs. Maylie,DC,0,53,Oliver_Twist
Mrs. Maylie,DN,0,53,Oliver_Twist
Mrs. Sowerberry,N,0,53,Oliver_Twist
Mrs. Sowerberry,C,0,53,Oliver_Twist
Mrs. Sowerberry,I,0,53,Oliver_Twist
Mrs. Sowerberry,A,0,53,Oliver_Twist
Mrs. Sowerberry,DC,0,53,Oliver_Twist
Mrs. Sowerberry,DN,0,53,Oliver_Twist
Nancy,N,0,53,Oliver_Twist
Nancy,C,0,53,Oliver_Twist
Nancy,I,0,53,Oliver_Twist
Nancy,A,0,53,Oliver_Twist
Nancy,DC,0,53,Oliver_Twist
Nancy,DN,0,53,Oliver_Twist
Noah,N,0,53,Oliver_Twist
Noah,C,0,53,Oliver_Twist
Noah,I,0,53,Oliver_Twist
Noah,A,0,53,Oliver_Twist
Noah,DC,0,53,Oliver_Twist
Noah,DN,0,53,Oliver_Twist
Oliver,N,0,53,Oliver_Twist
Oliver,C,0,53,Oliver_Twist
Oliver,I,0,53,Oliver_Twist
Oliver,A,0,53,Oliver_Twist
Oliver,DC,0,53,Oliver_Twist
Oliver,DN,0,53,Oliver_Twist
Rose,N,0,53,Oliver_Twist
Rose,C,0,53,Oliver_Twist
Rose,I,0,53,Oliver_Twist
Rose,A,0,53,Oliver_Twist
Rose,DC,0,53,Oliver_Twist
Rose,DN,0,53,Oliver_Twist
Sikes,N,0,53,Oliver_Twist
Sikes,C,0,53,Oliver_Twist
Sikes,I,0,53,Oliver_Twist
Sikes,A,0,53,Oliver_Twist
Sikes,DC,0,53,Oliver_Twist
Sikes,DN,0,53,Oliver_Twist
Spyers,N,0,53,Oliver_Twist
Spyers,C,0,53,Oliver_Twist
Spyers,I,0,53,Oliver_Twist
Spyers,A,0,53,Oliver_Twist
Spyers,DC,0,53,Oliver_Twist
Spyers,DN,0,53,Oliver_Twist
The Jew,N,0,53,Oliver_Twist
The Jew,C,0,53,Oliver_Twist
The Jew,I,0,53,Oliver_Twist
The Jew,A,0,53,Oliver_Twist
The Jew,DC,0,53,Oliver_Twist
The Jew,DN,0,53,Oliver_Twist
Toby,N,0,53,Oliver_Twist
Toby,C,0,53,Oliver_Twist
Toby,I,0,53,Oliver_Twist
Toby,A,0,53,Oliver_Twist
Toby,DC,0,53,Oliver_Twist
Toby,DN,0,53,Oliver_Twist
Tom,N,0,53,Oliver_Twist
Tom,C,0,53,Oliver_Twist
Tom,I,0,53,Oliver_Twist
Tom,A,0,53,Oliver_Twist
Tom,DC,0,53,Oliver_Twist
Tom,DN,0,53,Oliver_Twist
Work’us,N,0,53,Oliver_Twist
Work’us,C,0,53,Oliver_Twist
Work’us,I,0,53,Oliver_Twist
Work’us,A,0,53,Oliver_Twist
Work’us,DC,0,53,Oliver_Twist
Work’us,DN,0,53,Oliver_Twist
old Sally,N,0,53,Oliver_Twist
old Sally,C,0,53,Oliver_Twist
old Sally,I,0,53,Oliver_Twist
old Sally,A,0,53,Oliver_Twist
old Sally,DC,0,53,Oliver_Twist
old Sally,DN,0,53,Oliver_Twist
the Clerkinwell Sessions,N,0,53,Oliver_Twist
the Clerkinwell Sessions,C,0,53,Oliver_Twist
the Clerkinwell Sessions,I,0,53,Oliver_Twist
the Clerkinwell Sessions,A,0,53,Oliver_Twist
the Clerkinwell Sessions,DC,0,53,Oliver_Twist
the Clerkinwell Sessions,DN,0,53,Oliver_Twist
the Cripples,N,0,53,Oliver_Twist
the Cripples,C,0,53,Oliver_Twist
the Cripples,I,0,53,Oliver_Twist
the Cripples,A,0,53,Oliver_Twist
the Cripples,DC,0,53,Oliver_Twist
the Cripples,DN,0,53,Oliver_Twist
the Dodger,N,0,53,Oliver_Twist
the Dodger,C,0,53,Oliver_Twist
the Dodger,I,0,53,Oliver_Twist
the Dodger,A,0,53,Oliver_Twist
the Dodger,DC,0,53,Oliver_Twist
the Dodger,DN,0,53,Oliver_Twist
Agnes,N,0,54,Oliver_Twist
Agnes,C,0,54,Oliver_Twist
Agnes,I,0,54,Oliver_Twist
Agnes,A,0,54,Oliver_Twist
Agnes,DC,0,54,Oliver_Twist
Agnes,DN,0,54,Oliver_Twist
Barney,N,0,54,Oliver_Twist
Barney,C,0,54,Oliver_Twist
Barney,I,0,54,Oliver_Twist
Barney,A,0,54,Oliver_Twist
Barney,DC,0,54,Oliver_Twist
Barney,DN,0,54,Oliver_Twist
Bet,N,2,54,Oliver_Twist
Bet,C,0,54,Oliver_Twist
Bet,I,0,54,Oliver_Twist
Bet,A,0,54,Oliver_Twist
Bet,DC,2,54,Oliver_Twist
Bet,DN,0,54,Oliver_Twist
Blathers,N,0,54,Oliver_Twist
Blathers,C,0,54,Oliver_Twist
Blathers,I,0,54,Oliver_Twist
Blathers,A,0,54,Oliver_Twist
Blathers,DC,0,54,Oliver_Twist
Blathers,DN,0,54,Oliver_Twist
Brittles,N,0,54,Oliver_Twist
Brittles,C,0,54,Oliver_Twist
Brittles,I,0,54,Oliver_Twist
Brittles,A,0,54,Oliver_Twist
Brittles,DC,0,54,Oliver_Twist
Brittles,DN,0,54,Oliver_Twist
Charlotte,N,0,54,Oliver_Twist
Charlotte,C,0,54,Oliver_Twist
Charlotte,I,0,54,Oliver_Twist
Charlotte,A,0,54,Oliver_Twist
Charlotte,DC,0,54,Oliver_Twist
Charlotte,DN,0,54,Oliver_Twist
Chickweed,N,0,54,Oliver_Twist
Chickweed,C,0,54,Oliver_Twist
Chickweed,I,0,54,Oliver_Twist
Chickweed,A,0,54,Oliver_Twist
Chickweed,DC,0,54,Oliver_Twist
Chickweed,DN,0,54,Oliver_Twist
Cod,N,0,54,Oliver_Twist
Cod,C,0,54,Oliver_Twist
Cod,I,0,54,Oliver_Twist
Cod,A,0,54,Oliver_Twist
Cod,DC,0,54,Oliver_Twist
Cod,DN,0,54,Oliver_Twist
Dick,N,0,54,Oliver_Twist
Dick,C,0,54,Oliver_Twist
Dick,I,0,54,Oliver_Twist
Dick,A,0,54,Oliver_Twist
Dick,DC,0,54,Oliver_Twist
Dick,DN,0,54,Oliver_Twist
Duff,N,0,54,Oliver_Twist
Duff,C,0,54,Oliver_Twist
Duff,I,0,54,Oliver_Twist
Duff,A,0,54,Oliver_Twist
Duff,DC,0,54,Oliver_Twist
Duff,DN,0,54,Oliver_Twist
Fagin,N,3,54,Oliver_Twist
Fagin,C,0,54,Oliver_Twist
Fagin,I,2,54,Oliver_Twist
Fagin,A,0,54,Oliver_Twist
Fagin,DC,2,54,Oliver_Twist
Fagin,DN,0,54,Oliver_Twist
Faguey,N,0,54,Oliver_Twist
Faguey,C,0,54,Oliver_Twist
Faguey,I,0,54,Oliver_Twist
Faguey,A,0,54,Oliver_Twist
Faguey,DC,0,54,Oliver_Twist
Faguey,DN,0,54,Oliver_Twist
God,N,0,54,Oliver_Twist
God,C,0,54,Oliver_Twist
God,I,0,54,Oliver_Twist
God,A,0,54,Oliver_Twist
God,DC,0,54,Oliver_Twist
God,DN,0,54,Oliver_Twist
Harry,N,0,54,Oliver_Twist
Harry,C,0,54,Oliver_Twist
Harry,I,0,54,Oliver_Twist
Harry,A,0,54,Oliver_Twist
Harry,DC,0,54,Oliver_Twist
Harry,DN,0,54,Oliver_Twist
Heaven,N,0,54,Oliver_Twist
Heaven,C,0,54,Oliver_Twist
Heaven,I,0,54,Oliver_Twist
Heaven,A,0,54,Oliver_Twist
Heaven,DC,0,54,Oliver_Twist
Heaven,DN,0,54,Oliver_Twist
Jack Dawkins,N,0,54,Oliver_Twist
Jack Dawkins,C,0,54,Oliver_Twist
Jack Dawkins,I,0,54,Oliver_Twist
Jack Dawkins,A,0,54,Oliver_Twist
Jack Dawkins,DC,0,54,Oliver_Twist
Jack Dawkins,DN,0,54,Oliver_Twist
Kags,N,9,54,Oliver_Twist
Kags,C,12,54,Oliver_Twist
Kags,I,2,54,Oliver_Twist
Kags,A,2,54,Oliver_Twist
Kags,DC,0,54,Oliver_Twist
Kags,DN,0,54,Oliver_Twist
Little Oliver,N,0,54,Oliver_Twist
Little Oliver,C,0,54,Oliver_Twist
Little Oliver,I,0,54,Oliver_Twist
Little Oliver,A,0,54,Oliver_Twist
Little Oliver,DC,0,54,Oliver_Twist
Little Oliver,DN,0,54,Oliver_Twist
Lor,N,0,54,Oliver_Twist
Lor,C,0,54,Oliver_Twist
Lor,I,0,54,Oliver_Twist
Lor,A,0,54,Oliver_Twist
Lor,DC,0,54,Oliver_Twist
Lor,DN,0,54,Oliver_Twist
Master Bates,N,4,54,Oliver_Twist
Master Bates,C,0,54,Oliver_Twist
Master Bates,I,0,54,Oliver_Twist
Master Bates,A,1,54,Oliver_Twist
Master Bates,DC,4,54,Oliver_Twist
Master Bates,DN,0,54,Oliver_Twist
Messrs. Blathers,N,0,54,Oliver_Twist
Messrs. Blathers,C,0,54,Oliver_Twist
Messrs. Blathers,I,0,54,Oliver_Twist
Messrs. Blathers,A,0,54,Oliver_Twist
Messrs. Blathers,DC,0,54,Oliver_Twist
Messrs. Blathers,DN,0,54,Oliver_Twist
Miss Maylie,N,0,54,Oliver_Twist
Miss Maylie,C,0,54,Oliver_Twist
Miss Maylie,I,0,54,Oliver_Twist
Miss Maylie,A,0,54,Oliver_Twist
Miss Maylie,DC,0,54,Oliver_Twist
Miss Maylie,DN,0,54,Oliver_Twist
Monks,N,0,54,Oliver_Twist
Monks,C,0,54,Oliver_Twist
Monks,I,0,54,Oliver_Twist
Monks,A,0,54,Oliver_Twist
Monks,DC,0,54,Oliver_Twist
Monks,DN,0,54,Oliver_Twist
Mr. Bolter,N,2,54,Oliver_Twist
Mr. Bolter,C,0,54,Oliver_Twist
Mr. Bolter,I,0,54,Oliver_Twist
Mr. Bolter,A,20,54,Oliver_Twist
Mr. Bolter,DC,19,54,Oliver_Twist
Mr. Bolter,DN,0,54,Oliver_Twist
Mr. Browlow,N,0,54,Oliver_Twist
Mr. Browlow,C,0,54,Oliver_Twist
Mr. Browlow,I,0,54,Oliver_Twist
Mr. Browlow,A,0,54,Oliver_Twist
Mr. Browlow,DC,0,54,Oliver_Twist
Mr. Browlow,DN,0,54,Oliver_Twist
Mr. Brownlow,N,0,54,Oliver_Twist
Mr. Brownlow,C,0,54,Oliver_Twist
Mr. Brownlow,I,0,54,Oliver_Twist
Mr. Brownlow,A,0,54,Oliver_Twist
Mr. Brownlow,DC,0,54,Oliver_Twist
Mr. Brownlow,DN,0,54,Oliver_Twist
Mr. Bumble,N,0,54,Oliver_Twist
Mr. Bumble,C,0,54,Oliver_Twist
Mr. Bumble,I,0,54,Oliver_Twist
Mr. Bumble,A,0,54,Oliver_Twist
Mr. Bumble,DC,0,54,Oliver_Twist
Mr. Bumble,DN,0,54,Oliver_Twist
Mr. Chitling,N,8,54,Oliver_Twist
Mr. Chitling,C,11,54,Oliver_Twist
Mr. Chitling,I,4,54,Oliver_Twist
Mr. Chitling,A,2,54,Oliver_Twist
Mr. Chitling,DC,1,54,Oliver_Twist
Mr. Chitling,DN,0,54,Oliver_Twist
Mr. Dawkins,N,0,54,Oliver_Twist
Mr. Dawkins,C,0,54,Oliver_Twist
Mr. Dawkins,I,0,54,Oliver_Twist
Mr. Dawkins,A,0,54,Oliver_Twist
Mr. Dawkins,DC,0,54,Oliver_Twist
Mr. Dawkins,DN,0,54,Oliver_Twist
Mr. Fang,N,0,54,Oliver_Twist
Mr. Fang,C,0,54,Oliver_Twist
Mr. Fang,I,0,54,Oliver_Twist
Mr. Fang,A,0,54,Oliver_Twist
Mr. Fang,DC,0,54,Oliver_Twist
Mr. Fang,DN,0,54,Oliver_Twist
Mr. Gamfield,N,0,54,Oliver_Twist
Mr. Gamfield,C,0,54,Oliver_Twist
Mr. Gamfield,I,0,54,Oliver_Twist
Mr. Gamfield,A,0,54,Oliver_Twist
Mr. Gamfield,DC,0,54,Oliver_Twist
Mr. Gamfield,DN,0,54,Oliver_Twist
Mr. Giles,N,0,54,Oliver_Twist
Mr. Giles,C,0,54,Oliver_Twist
Mr. Giles,I,0,54,Oliver_Twist
Mr. Giles,A,0,54,Oliver_Twist
Mr. Giles,DC,0,54,Oliver_Twist
Mr. Giles,DN,0,54,Oliver_Twist
Mr. Grimwig,N,0,54,Oliver_Twist
Mr. Grimwig,C,0,54,Oliver_Twist
Mr. Grimwig,I,0,54,Oliver_Twist
Mr. Grimwig,A,0,54,Oliver_Twist
Mr. Grimwig,DC,0,54,Oliver_Twist
Mr. Grimwig,DN,0,54,Oliver_Twist
Mr. Limbkins,N,0,54,Oliver_Twist
Mr. Limbkins,C,0,54,Oliver_Twist
Mr. Limbkins,I,0,54,Oliver_Twist
Mr. Limbkins,A,0,54,Oliver_Twist
Mr. Limbkins,DC,0,54,Oliver_Twist
Mr. Limbkins,DN,0,54,Oliver_Twist
Mr. Lively,N,0,54,Oliver_Twist
Mr. Lively,C,0,54,Oliver_Twist
Mr. Lively,I,0,54,Oliver_Twist
Mr. Lively,A,0,54,Oliver_Twist
Mr. Lively,DC,0,54,Oliver_Twist
Mr. Lively,DN,0,54,Oliver_Twist
Mr. Losberne,N,0,54,Oliver_Twist
Mr. Losberne,C,0,54,Oliver_Twist
Mr. Losberne,I,0,54,Oliver_Twist
Mr. Losberne,A,0,54,Oliver_Twist
Mr. Losberne,DC,0,54,Oliver_Twist
Mr. Losberne,DN,0,54,Oliver_Twist
Mr. Maylie,N,0,54,Oliver_Twist
Mr. Maylie,C,0,54,Oliver_Twist
Mr. Maylie,I,0,54,Oliver_Twist
Mr. Maylie,A,0,54,Oliver_Twist
Mr. Maylie,DC,0,54,Oliver_Twist
Mr. Maylie,DN,0,54,Oliver_Twist
Mr. Sikes,N,0,54,Oliver_Twist
Mr. Sikes,C,0,54,Oliver_Twist
Mr. Sikes,I,0,54,Oliver_Twist
Mr. Sikes,A,0,54,Oliver_Twist
Mr. Sikes,DC,0,54,Oliver_Twist
Mr. Sikes,DN,0,54,Oliver_Twist
Mr. Sowerberry,N,0,54,Oliver_Twist
Mr. Sowerberry,C,0,54,Oliver_Twist
Mr. Sowerberry,I,0,54,Oliver_Twist
Mr. Sowerberry,A,0,54,Oliver_Twist
Mr. Sowerberry,DC,0,54,Oliver_Twist
Mr. Sowerberry,DN,0,54,Oliver_Twist
Mrs. Bedwin,N,0,54,Oliver_Twist
Mrs. Bedwin,C,0,54,Oliver_Twist
Mrs. Bedwin,I,0,54,Oliver_Twist
Mrs. Bedwin,A,0,54,Oliver_Twist
Mrs. Bedwin,DC,0,54,Oliver_Twist
Mrs. Bedwin,DN,0,54,Oliver_Twist
Mrs. Bolter,N,0,54,Oliver_Twist
Mrs. Bolter,C,0,54,Oliver_Twist
Mrs. Bolter,I,0,54,Oliver_Twist
Mrs. Bolter,A,0,54,Oliver_Twist
Mrs. Bolter,DC,0,54,Oliver_Twist
Mrs. Bolter,DN,0,54,Oliver_Twist
Mrs. Corney,N,0,54,Oliver_Twist
Mrs. Corney,C,0,54,Oliver_Twist
Mrs. Corney,I,0,54,Oliver_Twist
Mrs. Corney,A,0,54,Oliver_Twist
Mrs. Corney,DC,0,54,Oliver_Twist
Mrs. Corney,DN,0,54,Oliver_Twist
Mrs. Mann,N,0,54,Oliver_Twist
Mrs. Mann,C,0,54,Oliver_Twist
Mrs. Mann,I,0,54,Oliver_Twist
Mrs. Mann,A,0,54,Oliver_Twist
Mrs. Mann,DC,0,54,Oliver_Twist
Mrs. Mann,DN,0,54,Oliver_Twist
Mrs. Maylie,N,0,54,Oliver_Twist
Mrs. Maylie,C,0,54,Oliver_Twist
Mrs. Maylie,I,0,54,Oliver_Twist
Mrs. Maylie,A,0,54,Oliver_Twist
Mrs. Maylie,DC,0,54,Oliver_Twist
Mrs. Maylie,DN,0,54,Oliver_Twist
Mrs. Sowerberry,N,0,54,Oliver_Twist
Mrs. Sowerberry,C,0,54,Oliver_Twist
Mrs. Sowerberry,I,0,54,Oliver_Twist
Mrs. Sowerberry,A,0,54,Oliver_Twist
Mrs. Sowerberry,DC,0,54,Oliver_Twist
Mrs. Sowerberry,DN,0,54,Oliver_Twist
Nancy,N,0,54,Oliver_Twist
Nancy,C,0,54,Oliver_Twist
Nancy,I,0,54,Oliver_Twist
Nancy,A,0,54,Oliver_Twist
Nancy,DC,0,54,Oliver_Twist
Nancy,DN,0,54,Oliver_Twist
Noah,N,0,54,Oliver_Twist
Noah,C,0,54,Oliver_Twist
Noah,I,0,54,Oliver_Twist
Noah,A,0,54,Oliver_Twist
Noah,DC,0,54,Oliver_Twist
Noah,DN,0,54,Oliver_Twist
Oliver,N,0,54,Oliver_Twist
Oliver,C,0,54,Oliver_Twist
Oliver,I,0,54,Oliver_Twist
Oliver,A,0,54,Oliver_Twist
Oliver,DC,0,54,Oliver_Twist
Oliver,DN,0,54,Oliver_Twist
Rose,N,0,54,Oliver_Twist
Rose,C,0,54,Oliver_Twist
Rose,I,0,54,Oliver_Twist
Rose,A,0,54,Oliver_Twist
Rose,DC,0,54,Oliver_Twist
Rose,DN,0,54,Oliver_Twist
Sikes,N,11,54,Oliver_Twist
Sikes,C,17,54,Oliver_Twist
Sikes,I,1,54,Oliver_Twist
Sikes,A,10,54,Oliver_Twist
Sikes,DC,0,54,Oliver_Twist
Sikes,DN,0,54,Oliver_Twist
Spyers,N,0,54,Oliver_Twist
Spyers,C,0,54,Oliver_Twist
Spyers,I,0,54,Oliver_Twist
Spyers,A,0,54,Oliver_Twist
Spyers,DC,0,54,Oliver_Twist
Spyers,DN,0,54,Oliver_Twist
The Jew,N,0,54,Oliver_Twist
The Jew,C,0,54,Oliver_Twist
The Jew,I,0,54,Oliver_Twist
The Jew,A,0,54,Oliver_Twist
The Jew,DC,0,54,Oliver_Twist
The Jew,DN,0,54,Oliver_Twist
Toby,N,15,54,Oliver_Twist
Toby,C,16,54,Oliver_Twist
Toby,I,4,54,Oliver_Twist
Toby,A,16,54,Oliver_Twist
Toby,DC,6,54,Oliver_Twist
Toby,DN,1,54,Oliver_Twist
Tom,N,0,54,Oliver_Twist
Tom,C,0,54,Oliver_Twist
Tom,I,0,54,Oliver_Twist
Tom,A,0,54,Oliver_Twist
Tom,DC,0,54,Oliver_Twist
Tom,DN,0,54,Oliver_Twist
Work’us,N,0,54,Oliver_Twist
Work’us,C,0,54,Oliver_Twist
Work’us,I,0,54,Oliver_Twist
Work’us,A,0,54,Oliver_Twist
Work’us,DC,0,54,Oliver_Twist
Work’us,DN,0,54,Oliver_Twist
old Sally,N,0,54,Oliver_Twist
old Sally,C,0,54,Oliver_Twist
old Sally,I,0,54,Oliver_Twist
old Sally,A,0,54,Oliver_Twist
old Sally,DC,0,54,Oliver_Twist
old Sally,DN,0,54,Oliver_Twist
the Clerkinwell Sessions,N,0,54,Oliver_Twist
the Clerkinwell Sessions,C,0,54,Oliver_Twist
the Clerkinwell Sessions,I,0,54,Oliver_Twist
the Clerkinwell Sessions,A,0,54,Oliver_Twist
the Clerkinwell Sessions,DC,0,54,Oliver_Twist
the Clerkinwell Sessions,DN,0,54,Oliver_Twist
the Cripples,N,0,54,Oliver_Twist
the Cripples,C,0,54,Oliver_Twist
the Cripples,I,0,54,Oliver_Twist
the Cripples,A,0,54,Oliver_Twist
the Cripples,DC,0,54,Oliver_Twist
the Cripples,DN,0,54,Oliver_Twist
the Dodger,N,0,54,Oliver_Twist
the Dodger,C,0,54,Oliver_Twist
the Dodger,I,0,54,Oliver_Twist
the Dodger,A,0,54,Oliver_Twist
the Dodger,DC,0,54,Oliver_Twist
the Dodger,DN,0,54,Oliver_Twist
Agnes,N,3,55,Oliver_Twist
Agnes,C,0,55,Oliver_Twist
Agnes,I,0,55,Oliver_Twist
Agnes,A,0,55,Oliver_Twist
Agnes,DC,2,55,Oliver_Twist
Agnes,DN,0,55,Oliver_Twist
Barney,N,0,55,Oliver_Twist
Barney,C,0,55,Oliver_Twist
Barney,I,0,55,Oliver_Twist
Barney,A,0,55,Oliver_Twist
Barney,DC,0,55,Oliver_Twist
Barney,DN,0,55,Oliver_Twist
Bet,N,0,55,Oliver_Twist
Bet,C,0,55,Oliver_Twist
Bet,I,0,55,Oliver_Twist
Bet,A,0,55,Oliver_Twist
Bet,DC,0,55,Oliver_Twist
Bet,DN,0,55,Oliver_Twist
Blathers,N,0,55,Oliver_Twist
Blathers,C,0,55,Oliver_Twist
Blathers,I,0,55,Oliver_Twist
Blathers,A,0,55,Oliver_Twist
Blathers,DC,0,55,Oliver_Twist
Blathers,DN,0,55,Oliver_Twist
Brittles,N,0,55,Oliver_Twist
Brittles,C,0,55,Oliver_Twist
Brittles,I,0,55,Oliver_Twist
Brittles,A,0,55,Oliver_Twist
Brittles,DC,0,55,Oliver_Twist
Brittles,DN,0,55,Oliver_Twist
Charlotte,N,0,55,Oliver_Twist
Charlotte,C,0,55,Oliver_Twist
Charlotte,I,0,55,Oliver_Twist
Charlotte,A,0,55,Oliver_Twist
Charlotte,DC,0,55,Oliver_Twist
Charlotte,DN,0,55,Oliver_Twist
Chickweed,N,0,55,Oliver_Twist
Chickweed,C,0,55,Oliver_Twist
Chickweed,I,0,55,Oliver_Twist
Chickweed,A,0,55,Oliver_Twist
Chickweed,DC,0,55,Oliver_Twist
Chickweed,DN,0,55,Oliver_Twist
Cod,N,0,55,Oliver_Twist
Cod,C,0,55,Oliver_Twist
Cod,I,0,55,Oliver_Twist
Cod,A,0,55,Oliver_Twist
Cod,DC,0,55,Oliver_Twist
Cod,DN,0,55,Oliver_Twist
Dick,N,3,55,Oliver_Twist
Dick,C,0,55,Oliver_Twist
Dick,I,0,55,Oliver_Twist
Dick,A,0,55,Oliver_Twist
Dick,DC,1,55,Oliver_Twist
Dick,DN,1,55,Oliver_Twist
Duff,N,0,55,Oliver_Twist
Duff,C,0,55,Oliver_Twist
Duff,I,0,55,Oliver_Twist
Duff,A,0,55,Oliver_Twist
Duff,DC,0,55,Oliver_Twist
Duff,DN,0,55,Oliver_Twist
Fagin,N,1,55,Oliver_Twist
Fagin,C,0,55,Oliver_Twist
Fagin,I,0,55,Oliver_Twist
Fagin,A,0,55,Oliver_Twist
Fagin,DC,0,55,Oliver_Twist
Fagin,DN,0,55,Oliver_Twist
Faguey,N,0,55,Oliver_Twist
Faguey,C,0,55,Oliver_Twist
Faguey,I,0,55,Oliver_Twist
Faguey,A,0,55,Oliver_Twist
Faguey,DC,0,55,Oliver_Twist
Faguey,DN,0,55,Oliver_Twist
God,N,1,55,Oliver_Twist
God,C,0,55,Oliver_Twist
God,I,0,55,Oliver_Twist
God,A,0,55,Oliver_Twist
God,DC,0,55,Oliver_Twist
God,DN,0,55,Oliver_Twist
Harry,N,7,55,Oliver_Twist
Harry,C,2,55,Oliver_Twist
Harry,I,1,55,Oliver_Twist
Harry,A,1,55,Oliver_Twist
Harry,DC,1,55,Oliver_Twist
Harry,DN,1,55,Oliver_Twist
Heaven,N,0,55,Oliver_Twist
Heaven,C,0,55,Oliver_Twist
Heaven,I,0,55,Oliver_Twist
Heaven,A,0,55,Oliver_Twist
Heaven,DC,0,55,Oliver_Twist
Heaven,DN,0,55,Oliver_Twist
Jack Dawkins,N,0,55,Oliver_Twist
Jack Dawkins,C,0,55,Oliver_Twist
Jack Dawkins,I,0,55,Oliver_Twist
Jack Dawkins,A,0,55,Oliver_Twist
Jack Dawkins,DC,0,55,Oliver_Twist
Jack Dawkins,DN,0,55,Oliver_Twist
Kags,N,0,55,Oliver_Twist
Kags,C,0,55,Oliver_Twist
Kags,I,0,55,Oliver_Twist
Kags,A,0,55,Oliver_Twist
Kags,DC,0,55,Oliver_Twist
Kags,DN,0,55,Oliver_Twist
Little Oliver,N,0,55,Oliver_Twist
Little Oliver,C,0,55,Oliver_Twist
Little Oliver,I,0,55,Oliver_Twist
Little Oliver,A,0,55,Oliver_Twist
Little Oliver,DC,0,55,Oliver_Twist
Little Oliver,DN,0,55,Oliver_Twist
Lor,N,0,55,Oliver_Twist
Lor,C,0,55,Oliver_Twist
Lor,I,0,55,Oliver_Twist
Lor,A,0,55,Oliver_Twist
Lor,DC,0,55,Oliver_Twist
Lor,DN,0,55,Oliver_Twist
Master Bates,N,0,55,Oliver_Twist
Master Bates,C,0,55,Oliver_Twist
Master Bates,I,0,55,Oliver_Twist
Master Bates,A,0,55,Oliver_Twist
Master Bates,DC,0,55,Oliver_Twist
Master Bates,DN,0,55,Oliver_Twist
Messrs. Blathers,N,0,55,Oliver_Twist
Messrs. Blathers,C,0,55,Oliver_Twist
Messrs. Blathers,I,0,55,Oliver_Twist
Messrs. Blathers,A,0,55,Oliver_Twist
Messrs. Blathers,DC,0,55,Oliver_Twist
Messrs. Blathers,DN,0,55,Oliver_Twist
Miss Maylie,N,0,55,Oliver_Twist
Miss Maylie,C,0,55,Oliver_Twist
Miss Maylie,I,0,55,Oliver_Twist
Miss Maylie,A,0,55,Oliver_Twist
Miss Maylie,DC,0,55,Oliver_Twist
Miss Maylie,DN,0,55,Oliver_Twist
Monks,N,14,55,Oliver_Twist
Monks,C,18,55,Oliver_Twist
Monks,I,9,55,Oliver_Twist
Monks,A,12,55,Oliver_Twist
Monks,DC,8,55,Oliver_Twist
Monks,DN,1,55,Oliver_Twist
Mr. Bolter,N,0,55,Oliver_Twist
Mr. Bolter,C,0,55,Oliver_Twist
Mr. Bolter,I,0,55,Oliver_Twist
Mr. Bolter,A,0,55,Oliver_Twist
Mr. Bolter,DC,0,55,Oliver_Twist
Mr. Bolter,DN,0,55,Oliver_Twist
Mr. Browlow,N,0,55,Oliver_Twist
Mr. Browlow,C,0,55,Oliver_Twist
Mr. Browlow,I,0,55,Oliver_Twist
Mr. Browlow,A,0,55,Oliver_Twist
Mr. Browlow,DC,0,55,Oliver_Twist
Mr. Browlow,DN,0,55,Oliver_Twist
Mr. Brownlow,N,27,55,Oliver_Twist
Mr. Brownlow,C,29,55,Oliver_Twist
Mr. Brownlow,I,4,55,Oliver_Twist
Mr. Brownlow,A,6,55,Oliver_Twist
Mr. Brownlow,DC,5,55,Oliver_Twist
Mr. Brownlow,DN,0,55,Oliver_Twist
Mr. Bumble,N,14,55,Oliver_Twist
Mr. Bumble,C,14,55,Oliver_Twist
Mr. Bumble,I,8,55,Oliver_Twist
Mr. Bumble,A,4,55,Oliver_Twist
Mr. Bumble,DC,0,55,Oliver_Twist
Mr. Bumble,DN,0,55,Oliver_Twist
Mr. Chitling,N,0,55,Oliver_Twist
Mr. Chitling,C,0,55,Oliver_Twist
Mr. Chitling,I,0,55,Oliver_Twist
Mr. Chitling,A,0,55,Oliver_Twist
Mr. Chitling,DC,0,55,Oliver_Twist
Mr. Chitling,DN,0,55,Oliver_Twist
Mr. Dawkins,N,0,55,Oliver_Twist
Mr. Dawkins,C,0,55,Oliver_Twist
Mr. Dawkins,I,0,55,Oliver_Twist
Mr. Dawkins,A,0,55,Oliver_Twist
Mr. Dawkins,DC,0,55,Oliver_Twist
Mr. Dawkins,DN,0,55,Oliver_Twist
Mr. Fang,N,0,55,Oliver_Twist
Mr. Fang,C,0,55,Oliver_Twist
Mr. Fang,I,0,55,Oliver_Twist
Mr. Fang,A,0,55,Oliver_Twist
Mr. Fang,DC,0,55,Oliver_Twist
Mr. Fang,DN,0,55,Oliver_Twist
Mr. Gamfield,N,1,55,Oliver_Twist
Mr. Gamfield,C,0,55,Oliver_Twist
Mr. Gamfield,I,0,55,Oliver_Twist
Mr. Gamfield,A,0,55,Oliver_Twist
Mr. Gamfield,DC,0,55,Oliver_Twist
Mr. Gamfield,DN,0,55,Oliver_Twist
Mr. Giles,N,0,55,Oliver_Twist
Mr. Giles,C,0,55,Oliver_Twist
Mr. Giles,I,0,55,Oliver_Twist
Mr. Giles,A,0,55,Oliver_Twist
Mr. Giles,DC,0,55,Oliver_Twist
Mr. Giles,DN,0,55,Oliver_Twist
Mr. Grimwig,N,10,55,Oliver_Twist
Mr. Grimwig,C,7,55,Oliver_Twist
Mr. Grimwig,I,4,55,Oliver_Twist
Mr. Grimwig,A,10,55,Oliver_Twist
Mr. Grimwig,DC,5,55,Oliver_Twist
Mr. Grimwig,DN,1,55,Oliver_Twist
Mr. Limbkins,N,0,55,Oliver_Twist
Mr. Limbkins,C,0,55,Oliver_Twist
Mr. Limbkins,I,0,55,Oliver_Twist
Mr. Limbkins,A,0,55,Oliver_Twist
Mr. Limbkins,DC,0,55,Oliver_Twist
Mr. Limbkins,DN,0,55,Oliver_Twist
Mr. Lively,N,0,55,Oliver_Twist
Mr. Lively,C,0,55,Oliver_Twist
Mr. Lively,I,0,55,Oliver_Twist
Mr. Lively,A,0,55,Oliver_Twist
Mr. Lively,DC,0,55,Oliver_Twist
Mr. Lively,DN,0,55,Oliver_Twist
Mr. Losberne,N,2,55,Oliver_Twist
Mr. Losberne,C,0,55,Oliver_Twist
Mr. Losberne,I,0,55,Oliver_Twist
Mr. Losberne,A,1,55,Oliver_Twist
Mr. Losberne,DC,0,55,Oliver_Twist
Mr. Losberne,DN,0,55,Oliver_Twist
Mr. Maylie,N,0,55,Oliver_Twist
Mr. Maylie,C,0,55,Oliver_Twist
Mr. Maylie,I,0,55,Oliver_Twist
Mr. Maylie,A,0,55,Oliver_Twist
Mr. Maylie,DC,0,55,Oliver_Twist
Mr. Maylie,DN,0,55,Oliver_Twist
Mr. Sikes,N,0,55,Oliver_Twist
Mr. Sikes,C,0,55,Oliver_Twist
Mr. Sikes,I,0,55,Oliver_Twist
Mr. Sikes,A,0,55,Oliver_Twist
Mr. Sikes,DC,0,55,Oliver_Twist
Mr. Sikes,DN,0,55,Oliver_Twist
Mr. Sowerberry,N,0,55,Oliver_Twist
Mr. Sowerberry,C,0,55,Oliver_Twist
Mr. Sowerberry,I,0,55,Oliver_Twist
Mr. Sowerberry,A,0,55,Oliver_Twist
Mr. Sowerberry,DC,0,55,Oliver_Twist
Mr. Sowerberry,DN,0,55,Oliver_Twist
Mrs. Bedwin,N,1,55,Oliver_Twist
Mrs. Bedwin,C,0,55,Oliver_Twist
Mrs. Bedwin,I,0,55,Oliver_Twist
Mrs. Bedwin,A,0,55,Oliver_Twist
Mrs. Bedwin,DC,0,55,Oliver_Twist
Mrs. Bedwin,DN,0,55,Oliver_Twist
Mrs. Bolter,N,0,55,Oliver_Twist
Mrs. Bolter,C,0,55,Oliver_Twist
Mrs. Bolter,I,0,55,Oliver_Twist
Mrs. Bolter,A,0,55,Oliver_Twist
Mrs. Bolter,DC,0,55,Oliver_Twist
Mrs. Bolter,DN,0,55,Oliver_Twist
Mrs. Corney,N,0,55,Oliver_Twist
Mrs. Corney,C,0,55,Oliver_Twist
Mrs. Corney,I,0,55,Oliver_Twist
Mrs. Corney,A,0,55,Oliver_Twist
Mrs. Corney,DC,0,55,Oliver_Twist
Mrs. Corney,DN,0,55,Oliver_Twist
Mrs. Mann,N,0,55,Oliver_Twist
Mrs. Mann,C,0,55,Oliver_Twist
Mrs. Mann,I,0,55,Oliver_Twist
Mrs. Mann,A,0,55,Oliver_Twist
Mrs. Mann,DC,0,55,Oliver_Twist
Mrs. Mann,DN,0,55,Oliver_Twist
Mrs. Maylie,N,7,55,Oliver_Twist
Mrs. Maylie,C,9,55,Oliver_Twist
Mrs. Maylie,I,1,55,Oliver_Twist
Mrs. Maylie,A,2,55,Oliver_Twist
Mrs. Maylie,DC,0,55,Oliver_Twist
Mrs. Maylie,DN,1,55,Oliver_Twist
Mrs. Sowerberry,N,1,55,Oliver_Twist
Mrs. Sowerberry,C,0,55,Oliver_Twist
Mrs. Sowerberry,I,0,55,Oliver_Twist
Mrs. Sowerberry,A,0,55,Oliver_Twist
Mrs. Sowerberry,DC,0,55,Oliver_Twist
Mrs. Sowerberry,DN,0,55,Oliver_Twist
Nancy,N,0,55,Oliver_Twist
Nancy,C,0,55,Oliver_Twist
Nancy,I,0,55,Oliver_Twist
Nancy,A,0,55,Oliver_Twist
Nancy,DC,0,55,Oliver_Twist
Nancy,DN,0,55,Oliver_Twist
Noah,N,0,55,Oliver_Twist
Noah,C,0,55,Oliver_Twist
Noah,I,0,55,Oliver_Twist
Noah,A,0,55,Oliver_Twist
Noah,DC,0,55,Oliver_Twist
Noah,DN,0,55,Oliver_Twist
Oliver,N,19,55,Oliver_Twist
Oliver,C,14,55,Oliver_Twist
Oliver,I,14,55,Oliver_Twist
Oliver,A,28,55,Oliver_Twist
Oliver,DC,15,55,Oliver_Twist
Oliver,DN,5,55,Oliver_Twist
Rose,N,22,55,Oliver_Twist
Rose,C,18,55,Oliver_Twist
Rose,I,13,55,Oliver_Twist
Rose,A,10,55,Oliver_Twist
Rose,DC,5,55,Oliver_Twist
Rose,DN,0,55,Oliver_Twist
Sikes,N,0,55,Oliver_Twist
Sikes,C,0,55,Oliver_Twist
Sikes,I,0,55,Oliver_Twist
Sikes,A,0,55,Oliver_Twist
Sikes,DC,0,55,Oliver_Twist
Sikes,DN,0,55,Oliver_Twist
Spyers,N,0,55,Oliver_Twist
Spyers,C,0,55,Oliver_Twist
Spyers,I,0,55,Oliver_Twist
Spyers,A,0,55,Oliver_Twist
Spyers,DC,0,55,Oliver_Twist
Spyers,DN,0,55,Oliver_Twist
The Jew,N,0,55,Oliver_Twist
The Jew,C,0,55,Oliver_Twist
The Jew,I,0,55,Oliver_Twist
The Jew,A,0,55,Oliver_Twist
The Jew,DC,0,55,Oliver_Twist
The Jew,DN,0,55,Oliver_Twist
Toby,N,0,55,Oliver_Twist
Toby,C,0,55,Oliver_Twist
Toby,I,0,55,Oliver_Twist
Toby,A,0,55,Oliver_Twist
Toby,DC,0,55,Oliver_Twist
Toby,DN,0,55,Oliver_Twist
Tom,N,0,55,Oliver_Twist
Tom,C,0,55,Oliver_Twist
Tom,I,0,55,Oliver_Twist
Tom,A,0,55,Oliver_Twist
Tom,DC,0,55,Oliver_Twist
Tom,DN,0,55,Oliver_Twist
Work’us,N,0,55,Oliver_Twist
Work’us,C,0,55,Oliver_Twist
Work’us,I,0,55,Oliver_Twist
Work’us,A,0,55,Oliver_Twist
Work’us,DC,0,55,Oliver_Twist
Work’us,DN,0,55,Oliver_Twist
old Sally,N,1,55,Oliver_Twist
old Sally,C,0,55,Oliver_Twist
old Sally,I,1,55,Oliver_Twist
old Sally,A,3,55,Oliver_Twist
old Sally,DC,0,55,Oliver_Twist
old Sally,DN,1,55,Oliver_Twist
the Clerkinwell Sessions,N,0,55,Oliver_Twist
the Clerkinwell Sessions,C,0,55,Oliver_Twist
the Clerkinwell Sessions,I,0,55,Oliver_Twist
the Clerkinwell Sessions,A,0,55,Oliver_Twist
the Clerkinwell Sessions,DC,0,55,Oliver_Twist
the Clerkinwell Sessions,DN,0,55,Oliver_Twist
the Cripples,N,0,55,Oliver_Twist
the Cripples,C,0,55,Oliver_Twist
the Cripples,I,0,55,Oliver_Twist
the Cripples,A,0,55,Oliver_Twist
the Cripples,DC,0,55,Oliver_Twist
the Cripples,DN,0,55,Oliver_Twist
the Dodger,N,0,55,Oliver_Twist
the Dodger,C,0,55,Oliver_Twist
the Dodger,I,0,55,Oliver_Twist
the Dodger,A,0,55,Oliver_Twist
the Dodger,DC,0,55,Oliver_Twist
the Dodger,DN,0,55,Oliver_Twist
Agnes,N,0,56,Oliver_Twist
Agnes,C,0,56,Oliver_Twist
Agnes,I,0,56,Oliver_Twist
Agnes,A,0,56,Oliver_Twist
Agnes,DC,0,56,Oliver_Twist
Agnes,DN,0,56,Oliver_Twist
Barney,N,0,56,Oliver_Twist
Barney,C,0,56,Oliver_Twist
Barney,I,0,56,Oliver_Twist
Barney,A,0,56,Oliver_Twist
Barney,DC,0,56,Oliver_Twist
Barney,DN,0,56,Oliver_Twist
Bet,N,0,56,Oliver_Twist
Bet,C,0,56,Oliver_Twist
Bet,I,0,56,Oliver_Twist
Bet,A,0,56,Oliver_Twist
Bet,DC,0,56,Oliver_Twist
Bet,DN,0,56,Oliver_Twist
Blathers,N,0,56,Oliver_Twist
Blathers,C,0,56,Oliver_Twist
Blathers,I,0,56,Oliver_Twist
Blathers,A,0,56,Oliver_Twist
Blathers,DC,0,56,Oliver_Twist
Blathers,DN,0,56,Oliver_Twist
Brittles,N,0,56,Oliver_Twist
Brittles,C,0,56,Oliver_Twist
Brittles,I,0,56,Oliver_Twist
Brittles,A,0,56,Oliver_Twist
Brittles,DC,0,56,Oliver_Twist
Brittles,DN,0,56,Oliver_Twist
Charlotte,N,0,56,Oliver_Twist
Charlotte,C,0,56,Oliver_Twist
Charlotte,I,0,56,Oliver_Twist
Charlotte,A,0,56,Oliver_Twist
Charlotte,DC,0,56,Oliver_Twist
Charlotte,DN,0,56,Oliver_Twist
Chickweed,N,0,56,Oliver_Twist
Chickweed,C,0,56,Oliver_Twist
Chickweed,I,0,56,Oliver_Twist
Chickweed,A,0,56,Oliver_Twist
Chickweed,DC,0,56,Oliver_Twist
Chickweed,DN,0,56,Oliver_Twist
Cod,N,0,56,Oliver_Twist
Cod,C,0,56,Oliver_Twist
Cod,I,0,56,Oliver_Twist
Cod,A,0,56,Oliver_Twist
Cod,DC,0,56,Oliver_Twist
Cod,DN,0,56,Oliver_Twist
Dick,N,0,56,Oliver_Twist
Dick,C,0,56,Oliver_Twist
Dick,I,0,56,Oliver_Twist
Dick,A,0,56,Oliver_Twist
Dick,DC,0,56,Oliver_Twist
Dick,DN,0,56,Oliver_Twist
Duff,N,0,56,Oliver_Twist
Duff,C,0,56,Oliver_Twist
Duff,I,0,56,Oliver_Twist
Duff,A,0,56,Oliver_Twist
Duff,DC,0,56,Oliver_Twist
Duff,DN,0,56,Oliver_Twist
Fagin,N,12,56,Oliver_Twist
Fagin,C,14,56,Oliver_Twist
Fagin,I,22,56,Oliver_Twist
Fagin,A,43,56,Oliver_Twist
Fagin,DC,0,56,Oliver_Twist
Fagin,DN,6,56,Oliver_Twist
Faguey,N,0,56,Oliver_Twist
Faguey,C,0,56,Oliver_Twist
Faguey,I,0,56,Oliver_Twist
Faguey,A,0,56,Oliver_Twist
Faguey,DC,0,56,Oliver_Twist
Faguey,DN,0,56,Oliver_Twist
God,N,2,56,Oliver_Twist
God,C,0,56,Oliver_Twist
God,I,0,56,Oliver_Twist
God,A,0,56,Oliver_Twist
God,DC,1,56,Oliver_Twist
God,DN,0,56,Oliver_Twist
Harry,N,0,56,Oliver_Twist
Harry,C,0,56,Oliver_Twist
Harry,I,0,56,Oliver_Twist
Harry,A,0,56,Oliver_Twist
Harry,DC,0,56,Oliver_Twist
Harry,DN,0,56,Oliver_Twist
Heaven,N,0,56,Oliver_Twist
Heaven,C,0,56,Oliver_Twist
Heaven,I,0,56,Oliver_Twist
Heaven,A,0,56,Oliver_Twist
Heaven,DC,0,56,Oliver_Twist
Heaven,DN,0,56,Oliver_Twist
Jack Dawkins,N,0,56,Oliver_Twist
Jack Dawkins,C,0,56,Oliver_Twist
Jack Dawkins,I,0,56,Oliver_Twist
Jack Dawkins,A,0,56,Oliver_Twist
Jack Dawkins,DC,0,56,Oliver_Twist
Jack Dawkins,DN,0,56,Oliver_Twist
Kags,N,0,56,Oliver_Twist
Kags,C,0,56,Oliver_Twist
Kags,I,0,56,Oliver_Twist
Kags,A,0,56,Oliver_Twist
Kags,DC,0,56,Oliver_Twist
Kags,DN,0,56,Oliver_Twist
Little Oliver,N,0,56,Oliver_Twist
Little Oliver,C,0,56,Oliver_Twist
Little Oliver,I,0,56,Oliver_Twist
Little Oliver,A,0,56,Oliver_Twist
Little Oliver,DC,0,56,Oliver_Twist
Little Oliver,DN,0,56,Oliver_Twist
Lor,N,0,56,Oliver_Twist
Lor,C,0,56,Oliver_Twist
Lor,I,0,56,Oliver_Twist
Lor,A,0,56,Oliver_Twist
Lor,DC,0,56,Oliver_Twist
Lor,DN,0,56,Oliver_Twist
Master Bates,N,1,56,Oliver_Twist
Master Bates,C,0,56,Oliver_Twist
Master Bates,I,0,56,Oliver_Twist
Master Bates,A,0,56,Oliver_Twist
Master Bates,DC,0,56,Oliver_Twist
Master Bates,DN,0,56,Oliver_Twist
Messrs. Blathers,N,0,56,Oliver_Twist
Messrs. Blathers,C,0,56,Oliver_Twist
Messrs. Blathers,I,0,56,Oliver_Twist
Messrs. Blathers,A,0,56,Oliver_Twist
Messrs. Blathers,DC,0,56,Oliver_Twist
Messrs. Blathers,DN,0,56,Oliver_Twist
Miss Maylie,N,0,56,Oliver_Twist
Miss Maylie,C,0,56,Oliver_Twist
Miss Maylie,I,0,56,Oliver_Twist
Miss Maylie,A,0,56,Oliver_Twist
Miss Maylie,DC,0,56,Oliver_Twist
Miss Maylie,DN,0,56,Oliver_Twist
Monks,N,2,56,Oliver_Twist
Monks,C,0,56,Oliver_Twist
Monks,I,0,56,Oliver_Twist
Monks,A,0,56,Oliver_Twist
Monks,DC,2,56,Oliver_Twist
Monks,DN,0,56,Oliver_Twist
Mr. Bolter,N,2,56,Oliver_Twist
Mr. Bolter,C,0,56,Oliver_Twist
Mr. Bolter,I,0,56,Oliver_Twist
Mr. Bolter,A,0,56,Oliver_Twist
Mr. Bolter,DC,1,56,Oliver_Twist
Mr. Bolter,DN,0,56,Oliver_Twist
Mr. Browlow,N,0,56,Oliver_Twist
Mr. Browlow,C,0,56,Oliver_Twist
Mr. Browlow,I,0,56,Oliver_Twist
Mr. Browlow,A,0,56,Oliver_Twist
Mr. Browlow,DC,0,56,Oliver_Twist
Mr. Browlow,DN,0,56,Oliver_Twist
Mr. Brownlow,N,7,56,Oliver_Twist
Mr. Brownlow,C,8,56,Oliver_Twist
Mr. Brownlow,I,2,56,Oliver_Twist
Mr. Brownlow,A,2,56,Oliver_Twist
Mr. Brownlow,DC,0,56,Oliver_Twist
Mr. Brownlow,DN,0,56,Oliver_Twist
Mr. Bumble,N,0,56,Oliver_Twist
Mr. Bumble,C,0,56,Oliver_Twist
Mr. Bumble,I,0,56,Oliver_Twist
Mr. Bumble,A,0,56,Oliver_Twist
Mr. Bumble,DC,0,56,Oliver_Twist
Mr. Bumble,DN,0,56,Oliver_Twist
Mr. Chitling,N,0,56,Oliver_Twist
Mr. Chitling,C,0,56,Oliver_Twist
Mr. Chitling,I,0,56,Oliver_Twist
Mr. Chitling,A,0,56,Oliver_Twist
Mr. Chitling,DC,0,56,Oliver_Twist
Mr. Chitling,DN,0,56,Oliver_Twist
Mr. Dawkins,N,0,56,Oliver_Twist
Mr. Dawkins,C,0,56,Oliver_Twist
Mr. Dawkins,I,0,56,Oliver_Twist
Mr. Dawkins,A,0,56,Oliver_Twist
Mr. Dawkins,DC,0,56,Oliver_Twist
Mr. Dawkins,DN,0,56,Oliver_Twist
Mr. Fang,N,0,56,Oliver_Twist
Mr. Fang,C,0,56,Oliver_Twist
Mr. Fang,I,0,56,Oliver_Twist
Mr. Fang,A,0,56,Oliver_Twist
Mr. Fang,DC,0,56,Oliver_Twist
Mr. Fang,DN,0,56,Oliver_Twist
Mr. Gamfield,N,0,56,Oliver_Twist
Mr. Gamfield,C,0,56,Oliver_Twist
Mr. Gamfield,I,0,56,Oliver_Twist
Mr. Gamfield,A,0,56,Oliver_Twist
Mr. Gamfield,DC,0,56,Oliver_Twist
Mr. Gamfield,DN,0,56,Oliver_Twist
Mr. Giles,N,0,56,Oliver_Twist
Mr. Giles,C,0,56,Oliver_Twist
Mr. Giles,I,0,56,Oliver_Twist
Mr. Giles,A,0,56,Oliver_Twist
Mr. Giles,DC,0,56,Oliver_Twist
Mr. Giles,DN,0,56,Oliver_Twist
Mr. Grimwig,N,0,56,Oliver_Twist
Mr. Grimwig,C,0,56,Oliver_Twist
Mr. Grimwig,I,0,56,Oliver_Twist
Mr. Grimwig,A,0,56,Oliver_Twist
Mr. Grimwig,DC,0,56,Oliver_Twist
Mr. Grimwig,DN,0,56,Oliver_Twist
Mr. Limbkins,N,0,56,Oliver_Twist
Mr. Limbkins,C,0,56,Oliver_Twist
Mr. Limbkins,I,0,56,Oliver_Twist
Mr. Limbkins,A,0,56,Oliver_Twist
Mr. Limbkins,DC,0,56,Oliver_Twist
Mr. Limbkins,DN,0,56,Oliver_Twist
Mr. Lively,N,0,56,Oliver_Twist
Mr. Lively,C,0,56,Oliver_Twist
Mr. Lively,I,0,56,Oliver_Twist
Mr. Lively,A,0,56,Oliver_Twist
Mr. Lively,DC,0,56,Oliver_Twist
Mr. Lively,DN,0,56,Oliver_Twist
Mr. Losberne,N,0,56,Oliver_Twist
Mr. Losberne,C,0,56,Oliver_Twist
Mr. Losberne,I,0,56,Oliver_Twist
Mr. Losberne,A,0,56,Oliver_Twist
Mr. Losberne,DC,0,56,Oliver_Twist
Mr. Losberne,DN,0,56,Oliver_Twist
Mr. Maylie,N,0,56,Oliver_Twist
Mr. Maylie,C,0,56,Oliver_Twist
Mr. Maylie,I,0,56,Oliver_Twist
Mr. Maylie,A,0,56,Oliver_Twist
Mr. Maylie,DC,0,56,Oliver_Twist
Mr. Maylie,DN,0,56,Oliver_Twist
Mr. Sikes,N,0,56,Oliver_Twist
Mr. Sikes,C,0,56,Oliver_Twist
Mr. Sikes,I,0,56,Oliver_Twist
Mr. Sikes,A,0,56,Oliver_Twist
Mr. Sikes,DC,0,56,Oliver_Twist
Mr. Sikes,DN,0,56,Oliver_Twist
Mr. Sowerberry,N,0,56,Oliver_Twist
Mr. Sowerberry,C,0,56,Oliver_Twist
Mr. Sowerberry,I,0,56,Oliver_Twist
Mr. Sowerberry,A,0,56,Oliver_Twist
Mr. Sowerberry,DC,0,56,Oliver_Twist
Mr. Sowerberry,DN,0,56,Oliver_Twist
Mrs. Bedwin,N,0,56,Oliver_Twist
Mrs. Bedwin,C,0,56,Oliver_Twist
Mrs. Bedwin,I,0,56,Oliver_Twist
Mrs. Bedwin,A,0,56,Oliver_Twist
Mrs. Bedwin,DC,0,56,Oliver_Twist
Mrs. Bedwin,DN,0,56,Oliver_Twist
Mrs. Bolter,N,0,56,Oliver_Twist
Mrs. Bolter,C,0,56,Oliver_Twist
Mrs. Bolter,I,0,56,Oliver_Twist
Mrs. Bolter,A,0,56,Oliver_Twist
Mrs. Bolter,DC,0,56,Oliver_Twist
Mrs. Bolter,DN,0,56,Oliver_Twist
Mrs. Corney,N,0,56,Oliver_Twist
Mrs. Corney,C,0,56,Oliver_Twist
Mrs. Corney,I,0,56,Oliver_Twist
Mrs. Corney,A,0,56,Oliver_Twist
Mrs. Corney,DC,0,56,Oliver_Twist
Mrs. Corney,DN,0,56,Oliver_Twist
Mrs. Mann,N,0,56,Oliver_Twist
Mrs. Mann,C,0,56,Oliver_Twist
Mrs. Mann,I,0,56,Oliver_Twist
Mrs. Mann,A,0,56,Oliver_Twist
Mrs. Mann,DC,0,56,Oliver_Twist
Mrs. Mann,DN,0,56,Oliver_Twist
Mrs. Maylie,N,0,56,Oliver_Twist
Mrs. Maylie,C,0,56,Oliver_Twist
Mrs. Maylie,I,0,56,Oliver_Twist
Mrs. Maylie,A,0,56,Oliver_Twist
Mrs. Maylie,DC,0,56,Oliver_Twist
Mrs. Maylie,DN,0,56,Oliver_Twist
Mrs. Sowerberry,N,0,56,Oliver_Twist
Mrs. Sowerberry,C,0,56,Oliver_Twist
Mrs. Sowerberry,I,0,56,Oliver_Twist
Mrs. Sowerberry,A,0,56,Oliver_Twist
Mrs. Sowerberry,DC,0,56,Oliver_Twist
Mrs. Sowerberry,DN,0,56,Oliver_Twist
Nancy,N,0,56,Oliver_Twist
Nancy,C,0,56,Oliver_Twist
Nancy,I,0,56,Oliver_Twist
Nancy,A,0,56,Oliver_Twist
Nancy,DC,0,56,Oliver_Twist
Nancy,DN,0,56,Oliver_Twist
Noah,N,0,56,Oliver_Twist
Noah,C,0,56,Oliver_Twist
Noah,I,0,56,Oliver_Twist
Noah,A,0,56,Oliver_Twist
Noah,DC,0,56,Oliver_Twist
Noah,DN,0,56,Oliver_Twist
Oliver,N,13,56,Oliver_Twist
Oliver,C,3,56,Oliver_Twist
Oliver,I,3,56,Oliver_Twist
Oliver,A,3,56,Oliver_Twist
Oliver,DC,7,56,Oliver_Twist
Oliver,DN,0,56,Oliver_Twist
Rose,N,0,56,Oliver_Twist
Rose,C,0,56,Oliver_Twist
Rose,I,0,56,Oliver_Twist
Rose,A,0,56,Oliver_Twist
Rose,DC,0,56,Oliver_Twist
Rose,DN,0,56,Oliver_Twist
Sikes,N,2,56,Oliver_Twist
Sikes,C,0,56,Oliver_Twist
Sikes,I,0,56,Oliver_Twist
Sikes,A,1,56,Oliver_Twist
Sikes,DC,2,56,Oliver_Twist
Sikes,DN,0,56,Oliver_Twist
Spyers,N,0,56,Oliver_Twist
Spyers,C,0,56,Oliver_Twist
Spyers,I,0,56,Oliver_Twist
Spyers,A,0,56,Oliver_Twist
Spyers,DC,0,56,Oliver_Twist
Spyers,DN,0,56,Oliver_Twist
The Jew,N,0,56,Oliver_Twist
The Jew,C,0,56,Oliver_Twist
The Jew,I,0,56,Oliver_Twist
The Jew,A,0,56,Oliver_Twist
The Jew,DC,0,56,Oliver_Twist
The Jew,DN,0,56,Oliver_Twist
Toby,N,0,56,Oliver_Twist
Toby,C,0,56,Oliver_Twist
Toby,I,0,56,Oliver_Twist
Toby,A,0,56,Oliver_Twist
Toby,DC,0,56,Oliver_Twist
Toby,DN,0,56,Oliver_Twist
Tom,N,0,56,Oliver_Twist
Tom,C,0,56,Oliver_Twist
Tom,I,0,56,Oliver_Twist
Tom,A,0,56,Oliver_Twist
Tom,DC,0,56,Oliver_Twist
Tom,DN,0,56,Oliver_Twist
Work’us,N,0,56,Oliver_Twist
Work’us,C,0,56,Oliver_Twist
Work’us,I,0,56,Oliver_Twist
Work’us,A,0,56,Oliver_Twist
Work’us,DC,0,56,Oliver_Twist
Work’us,DN,0,56,Oliver_Twist
old Sally,N,0,56,Oliver_Twist
old Sally,C,0,56,Oliver_Twist
old Sally,I,0,56,Oliver_Twist
old Sally,A,0,56,Oliver_Twist
old Sally,DC,0,56,Oliver_Twist
old Sally,DN,0,56,Oliver_Twist
the Clerkinwell Sessions,N,0,56,Oliver_Twist
the Clerkinwell Sessions,C,0,56,Oliver_Twist
the Clerkinwell Sessions,I,0,56,Oliver_Twist
the Clerkinwell Sessions,A,0,56,Oliver_Twist
the Clerkinwell Sessions,DC,0,56,Oliver_Twist
the Clerkinwell Sessions,DN,0,56,Oliver_Twist
the Cripples,N,0,56,Oliver_Twist
the Cripples,C,0,56,Oliver_Twist
the Cripples,I,0,56,Oliver_Twist
the Cripples,A,0,56,Oliver_Twist
the Cripples,DC,0,56,Oliver_Twist
the Cripples,DN,0,56,Oliver_Twist
the Dodger,N,0,56,Oliver_Twist
the Dodger,C,0,56,Oliver_Twist
the Dodger,I,0,56,Oliver_Twist
the Dodger,A,0,56,Oliver_Twist
the Dodger,DC,0,56,Oliver_Twist
the Dodger,DN,0,56,Oliver_Twist
Agnes,N,2,57,Oliver_Twist
Agnes,C,0,57,Oliver_Twist
Agnes,I,0,57,Oliver_Twist
Agnes,A,0,57,Oliver_Twist
Agnes,DC,0,57,Oliver_Twist
Agnes,DN,1,57,Oliver_Twist
Barney,N,0,57,Oliver_Twist
Barney,C,0,57,Oliver_Twist
Barney,I,0,57,Oliver_Twist
Barney,A,0,57,Oliver_Twist
Barney,DC,0,57,Oliver_Twist
Barney,DN,0,57,Oliver_Twist
Bet,N,0,57,Oliver_Twist
Bet,C,0,57,Oliver_Twist
Bet,I,0,57,Oliver_Twist
Bet,A,0,57,Oliver_Twist
Bet,DC,0,57,Oliver_Twist
Bet,DN,0,57,Oliver_Twist
Blathers,N,0,57,Oliver_Twist
Blathers,C,0,57,Oliver_Twist
Blathers,I,0,57,Oliver_Twist
Blathers,A,0,57,Oliver_Twist
Blathers,DC,0,57,Oliver_Twist
Blathers,DN,0,57,Oliver_Twist
Brittles,N,1,57,Oliver_Twist
Brittles,C,0,57,Oliver_Twist
Brittles,I,0,57,Oliver_Twist
Brittles,A,0,57,Oliver_Twist
Brittles,DC,0,57,Oliver_Twist
Brittles,DN,0,57,Oliver_Twist
Charlotte,N,1,57,Oliver_Twist
Charlotte,C,0,57,Oliver_Twist
Charlotte,I,0,57,Oliver_Twist
Charlotte,A,0,57,Oliver_Twist
Charlotte,DC,0,57,Oliver_Twist
Charlotte,DN,0,57,Oliver_Twist
Chickweed,N,0,57,Oliver_Twist
Chickweed,C,0,57,Oliver_Twist
Chickweed,I,0,57,Oliver_Twist
Chickweed,A,0,57,Oliver_Twist
Chickweed,DC,0,57,Oliver_Twist
Chickweed,DN,0,57,Oliver_Twist
Cod,N,0,57,Oliver_Twist
Cod,C,0,57,Oliver_Twist
Cod,I,0,57,Oliver_Twist
Cod,A,0,57,Oliver_Twist
Cod,DC,0,57,Oliver_Twist
Cod,DN,0,57,Oliver_Twist
Dick,N,0,57,Oliver_Twist
Dick,C,0,57,Oliver_Twist
Dick,I,0,57,Oliver_Twist
Dick,A,0,57,Oliver_Twist
Dick,DC,0,57,Oliver_Twist
Dick,DN,0,57,Oliver_Twist
Duff,N,0,57,Oliver_Twist
Duff,C,0,57,Oliver_Twist
Duff,I,0,57,Oliver_Twist
Duff,A,0,57,Oliver_Twist
Duff,DC,0,57,Oliver_Twist
Duff,DN,0,57,Oliver_Twist
Fagin,N,2,57,Oliver_Twist
Fagin,C,0,57,Oliver_Twist
Fagin,I,0,57,Oliver_Twist
Fagin,A,0,57,Oliver_Twist
Fagin,DC,0,57,Oliver_Twist
Fagin,DN,0,57,Oliver_Twist
Faguey,N,0,57,Oliver_Twist
Faguey,C,0,57,Oliver_Twist
Faguey,I,0,57,Oliver_Twist
Faguey,A,0,57,Oliver_Twist
Faguey,DC,0,57,Oliver_Twist
Faguey,DN,0,57,Oliver_Twist
God,N,0,57,Oliver_Twist
God,C,0,57,Oliver_Twist
God,I,0,57,Oliver_Twist
God,A,0,57,Oliver_Twist
God,DC,0,57,Oliver_Twist
God,DN,0,57,Oliver_Twist
Harry,N,1,57,Oliver_Twist
Harry,C,0,57,Oliver_Twist
Harry,I,0,57,Oliver_Twist
Harry,A,0,57,Oliver_Twist
Harry,DC,0,57,Oliver_Twist
Harry,DN,0,57,Oliver_Twist
Heaven,N,0,57,Oliver_Twist
Heaven,C,0,57,Oliver_Twist
Heaven,I,0,57,Oliver_Twist
Heaven,A,0,57,Oliver_Twist
Heaven,DC,0,57,Oliver_Twist
Heaven,DN,0,57,Oliver_Twist
Jack Dawkins,N,0,57,Oliver_Twist
Jack Dawkins,C,0,57,Oliver_Twist
Jack Dawkins,I,0,57,Oliver_Twist
Jack Dawkins,A,0,57,Oliver_Twist
Jack Dawkins,DC,0,57,Oliver_Twist
Jack Dawkins,DN,0,57,Oliver_Twist
Kags,N,0,57,Oliver_Twist
Kags,C,0,57,Oliver_Twist
Kags,I,0,57,Oliver_Twist
Kags,A,0,57,Oliver_Twist
Kags,DC,0,57,Oliver_Twist
Kags,DN,0,57,Oliver_Twist
Little Oliver,N,0,57,Oliver_Twist
Little Oliver,C,0,57,Oliver_Twist
Little Oliver,I,0,57,Oliver_Twist
Little Oliver,A,0,57,Oliver_Twist
Little Oliver,DC,0,57,Oliver_Twist
Little Oliver,DN,0,57,Oliver_Twist
Lor,N,0,57,Oliver_Twist
Lor,C,0,57,Oliver_Twist
Lor,I,0,57,Oliver_Twist
Lor,A,0,57,Oliver_Twist
Lor,DC,0,57,Oliver_Twist
Lor,DN,0,57,Oliver_Twist
Master Bates,N,1,57,Oliver_Twist
Master Bates,C,0,57,Oliver_Twist
Master Bates,I,1,57,Oliver_Twist
Master Bates,A,2,57,Oliver_Twist
Master Bates,DC,0,57,Oliver_Twist
Master Bates,DN,1,57,Oliver_Twist
Messrs. Blathers,N,0,57,Oliver_Twist
Messrs. Blathers,C,0,57,Oliver_Twist
Messrs. Blathers,I,0,57,Oliver_Twist
Messrs. Blathers,A,0,57,Oliver_Twist
Messrs. Blathers,DC,0,57,Oliver_Twist
Messrs. Blathers,DN,0,57,Oliver_Twist
Miss Maylie,N,0,57,Oliver_Twist
Miss Maylie,C,0,57,Oliver_Twist
Miss Maylie,I,0,57,Oliver_Twist
Miss Maylie,A,0,57,Oliver_Twist
Miss Maylie,DC,0,57,Oliver_Twist
Miss Maylie,DN,0,57,Oliver_Twist
Monks,N,0,57,Oliver_Twist
Monks,C,0,57,Oliver_Twist
Monks,I,0,57,Oliver_Twist
Monks,A,0,57,Oliver_Twist
Monks,DC,0,57,Oliver_Twist
Monks,DN,0,57,Oliver_Twist
Mr. Bolter,N,0,57,Oliver_Twist
Mr. Bolter,C,0,57,Oliver_Twist
Mr. Bolter,I,0,57,Oliver_Twist
Mr. Bolter,A,0,57,Oliver_Twist
Mr. Bolter,DC,0,57,Oliver_Twist
Mr. Bolter,DN,0,57,Oliver_Twist
Mr. Browlow,N,0,57,Oliver_Twist
Mr. Browlow,C,0,57,Oliver_Twist
Mr. Browlow,I,0,57,Oliver_Twist
Mr. Browlow,A,0,57,Oliver_Twist
Mr. Browlow,DC,0,57,Oliver_Twist
Mr. Browlow,DN,0,57,Oliver_Twist
Mr. Brownlow,N,5,57,Oliver_Twist
Mr. Brownlow,C,0,57,Oliver_Twist
Mr. Brownlow,I,5,57,Oliver_Twist
Mr. Brownlow,A,0,57,Oliver_Twist
Mr. Brownlow,DC,0,57,Oliver_Twist
Mr. Brownlow,DN,0,57,Oliver_Twist
Mr. Bumble,N,2,57,Oliver_Twist
Mr. Bumble,C,0,57,Oliver_Twist
Mr. Bumble,I,1,57,Oliver_Twist
Mr. Bumble,A,0,57,Oliver_Twist
Mr. Bumble,DC,0,57,Oliver_Twist
Mr. Bumble,DN,0,57,Oliver_Twist
Mr. Chitling,N,0,57,Oliver_Twist
Mr. Chitling,C,0,57,Oliver_Twist
Mr. Chitling,I,0,57,Oliver_Twist
Mr. Chitling,A,0,57,Oliver_Twist
Mr. Chitling,DC,0,57,Oliver_Twist
Mr. Chitling,DN,0,57,Oliver_Twist
Mr. Dawkins,N,0,57,Oliver_Twist
Mr. Dawkins,C,0,57,Oliver_Twist
Mr. Dawkins,I,0,57,Oliver_Twist
Mr. Dawkins,A,0,57,Oliver_Twist
Mr. Dawkins,DC,0,57,Oliver_Twist
Mr. Dawkins,DN,0,57,Oliver_Twist
Mr. Fang,N,0,57,Oliver_Twist
Mr. Fang,C,0,57,Oliver_Twist
Mr. Fang,I,0,57,Oliver_Twist
Mr. Fang,A,0,57,Oliver_Twist
Mr. Fang,DC,0,57,Oliver_Twist
Mr. Fang,DN,0,57,Oliver_Twist
Mr. Gamfield,N,0,57,Oliver_Twist
Mr. Gamfield,C,0,57,Oliver_Twist
Mr. Gamfield,I,0,57,Oliver_Twist
Mr. Gamfield,A,0,57,Oliver_Twist
Mr. Gamfield,DC,0,57,Oliver_Twist
Mr. Gamfield,DN,0,57,Oliver_Twist
Mr. Giles,N,1,57,Oliver_Twist
Mr. Giles,C,0,57,Oliver_Twist
Mr. Giles,I,0,57,Oliver_Twist
Mr. Giles,A,0,57,Oliver_Twist
Mr. Giles,DC,0,57,Oliver_Twist
Mr. Giles,DN,0,57,Oliver_Twist
Mr. Grimwig,N,4,57,Oliver_Twist
Mr. Grimwig,C,0,57,Oliver_Twist
Mr. Grimwig,I,0,57,Oliver_Twist
Mr. Grimwig,A,1,57,Oliver_Twist
Mr. Grimwig,DC,0,57,Oliver_Twist
Mr. Grimwig,DN,1,57,Oliver_Twist
Mr. Limbkins,N,0,57,Oliver_Twist
Mr. Limbkins,C,0,57,Oliver_Twist
Mr. Limbkins,I,0,57,Oliver_Twist
Mr. Limbkins,A,0,57,Oliver_Twist
Mr. Limbkins,DC,0,57,Oliver_Twist
Mr. Limbkins,DN,0,57,Oliver_Twist
Mr. Lively,N,0,57,Oliver_Twist
Mr. Lively,C,0,57,Oliver_Twist
Mr. Lively,I,0,57,Oliver_Twist
Mr. Lively,A,0,57,Oliver_Twist
Mr. Lively,DC,0,57,Oliver_Twist
Mr. Lively,DN,0,57,Oliver_Twist
Mr. Losberne,N,2,57,Oliver_Twist
Mr. Losberne,C,0,57,Oliver_Twist
Mr. Losberne,I,0,57,Oliver_Twist
Mr. Losberne,A,0,57,Oliver_Twist
Mr. Losberne,DC,0,57,Oliver_Twist
Mr. Losberne,DN,0,57,Oliver_Twist
Mr. Maylie,N,0,57,Oliver_Twist
Mr. Maylie,C,0,57,Oliver_Twist
Mr. Maylie,I,0,57,Oliver_Twist
Mr. Maylie,A,0,57,Oliver_Twist
Mr. Maylie,DC,0,57,Oliver_Twist
Mr. Maylie,DN,0,57,Oliver_Twist
Mr. Sikes,N,0,57,Oliver_Twist
Mr. Sikes,C,0,57,Oliver_Twist
Mr. Sikes,I,0,57,Oliver_Twist
Mr. Sikes,A,0,57,Oliver_Twist
Mr. Sikes,DC,0,57,Oliver_Twist
Mr. Sikes,DN,0,57,Oliver_Twist
Mr. Sowerberry,N,0,57,Oliver_Twist
Mr. Sowerberry,C,0,57,Oliver_Twist
Mr. Sowerberry,I,0,57,Oliver_Twist
Mr. Sowerberry,A,0,57,Oliver_Twist
Mr. Sowerberry,DC,0,57,Oliver_Twist
Mr. Sowerberry,DN,0,57,Oliver_Twist
Mrs. Bedwin,N,0,57,Oliver_Twist
Mrs. Bedwin,C,0,57,Oliver_Twist
Mrs. Bedwin,I,0,57,Oliver_Twist
Mrs. Bedwin,A,0,57,Oliver_Twist
Mrs. Bedwin,DC,0,57,Oliver_Twist
Mrs. Bedwin,DN,0,57,Oliver_Twist
Mrs. Bolter,N,0,57,Oliver_Twist
Mrs. Bolter,C,0,57,Oliver_Twist
Mrs. Bolter,I,0,57,Oliver_Twist
Mrs. Bolter,A,0,57,Oliver_Twist
Mrs. Bolter,DC,0,57,Oliver_Twist
Mrs. Bolter,DN,0,57,Oliver_Twist
Mrs. Corney,N,0,57,Oliver_Twist
Mrs. Corney,C,0,57,Oliver_Twist
Mrs. Corney,I,0,57,Oliver_Twist
Mrs. Corney,A,0,57,Oliver_Twist
Mrs. Corney,DC,0,57,Oliver_Twist
Mrs. Corney,DN,0,57,Oliver_Twist
Mrs. Mann,N,0,57,Oliver_Twist
Mrs. Mann,C,0,57,Oliver_Twist
Mrs. Mann,I,0,57,Oliver_Twist
Mrs. Mann,A,0,57,Oliver_Twist
Mrs. Mann,DC,0,57,Oliver_Twist
Mrs. Mann,DN,0,57,Oliver_Twist
Mrs. Maylie,N,1,57,Oliver_Twist
Mrs. Maylie,C,0,57,Oliver_Twist
Mrs. Maylie,I,1,57,Oliver_Twist
Mrs. Maylie,A,0,57,Oliver_Twist
Mrs. Maylie,DC,0,57,Oliver_Twist
Mrs. Maylie,DN,0,57,Oliver_Twist
Mrs. Sowerberry,N,0,57,Oliver_Twist
Mrs. Sowerberry,C,0,57,Oliver_Twist
Mrs. Sowerberry,I,0,57,Oliver_Twist
Mrs. Sowerberry,A,0,57,Oliver_Twist
Mrs. Sowerberry,DC,0,57,Oliver_Twist
Mrs. Sowerberry,DN,0,57,Oliver_Twist
Nancy,N,0,57,Oliver_Twist
Nancy,C,0,57,Oliver_Twist
Nancy,I,0,57,Oliver_Twist
Nancy,A,0,57,Oliver_Twist
Nancy,DC,0,57,Oliver_Twist
Nancy,DN,0,57,Oliver_Twist
Noah,N,2,57,Oliver_Twist
Noah,C,0,57,Oliver_Twist
Noah,I,3,57,Oliver_Twist
Noah,A,2,57,Oliver_Twist
Noah,DC,0,57,Oliver_Twist
Noah,DN,1,57,Oliver_Twist
Oliver,N,7,57,Oliver_Twist
Oliver,C,0,57,Oliver_Twist
Oliver,I,0,57,Oliver_Twist
Oliver,A,3,57,Oliver_Twist
Oliver,DC,0,57,Oliver_Twist
Oliver,DN,1,57,Oliver_Twist
Rose,N,1,57,Oliver_Twist
Rose,C,0,57,Oliver_Twist
Rose,I,0,57,Oliver_Twist
Rose,A,0,57,Oliver_Twist
Rose,DC,0,57,Oliver_Twist
Rose,DN,0,57,Oliver_Twist
Sikes,N,1,57,Oliver_Twist
Sikes,C,0,57,Oliver_Twist
Sikes,I,0,57,Oliver_Twist
Sikes,A,0,57,Oliver_Twist
Sikes,DC,0,57,Oliver_Twist
Sikes,DN,0,57,Oliver_Twist
Spyers,N,0,57,Oliver_Twist
Spyers,C,0,57,Oliver_Twist
Spyers,I,0,57,Oliver_Twist
Spyers,A,0,57,Oliver_Twist
Spyers,DC,0,57,Oliver_Twist
Spyers,DN,0,57,Oliver_Twist
The Jew,N,0,57,Oliver_Twist
The Jew,C,0,57,Oliver_Twist
The Jew,I,0,57,Oliver_Twist
The Jew,A,0,57,Oliver_Twist
The Jew,DC,0,57,Oliver_Twist
The Jew,DN,0,57,Oliver_Twist
Toby,N,0,57,Oliver_Twist
Toby,C,0,57,Oliver_Twist
Toby,I,0,57,Oliver_Twist
Toby,A,0,57,Oliver_Twist
Toby,DC,0,57,Oliver_Twist
Toby,DN,0,57,Oliver_Twist
Tom,N,0,57,Oliver_Twist
Tom,C,0,57,Oliver_Twist
Tom,I,0,57,Oliver_Twist
Tom,A,0,57,Oliver_Twist
Tom,DC,0,57,Oliver_Twist
Tom,DN,0,57,Oliver_Twist
Work’us,N,0,57,Oliver_Twist
Work’us,C,0,57,Oliver_Twist
Work’us,I,0,57,Oliver_Twist
Work’us,A,0,57,Oliver_Twist
Work’us,DC,0,57,Oliver_Twist
Work’us,DN,0,57,Oliver_Twist
old Sally,N,0,57,Oliver_Twist
old Sally,C,0,57,Oliver_Twist
old Sally,I,0,57,Oliver_Twist
old Sally,A,0,57,Oliver_Twist
old Sally,DC,0,57,Oliver_Twist
old Sally,DN,0,57,Oliver_Twist
the Clerkinwell Sessions,N,0,57,Oliver_Twist
the Clerkinwell Sessions,C,0,57,Oliver_Twist
the Clerkinwell Sessions,I,0,57,Oliver_Twist
the Clerkinwell Sessions,A,0,57,Oliver_Twist
the Clerkinwell Sessions,DC,0,57,Oliver_Twist
the Clerkinwell Sessions,DN,0,57,Oliver_Twist
the Cripples,N,0,57,Oliver_Twist
the Cripples,C,0,57,Oliver_Twist
the Cripples,I,0,57,Oliver_Twist
the Cripples,A,0,57,Oliver_Twist
the Cripples,DC,0,57,Oliver_Twist
the Cripples,DN,0,57,Oliver_Twist
the Dodger,N,0,57,Oliver_Twist
the Dodger,C,0,57,Oliver_Twist
the Dodger,I,0,57,Oliver_Twist
the Dodger,A,0,57,Oliver_Twist
the Dodger,DC,0,57,Oliver_Twist
the Dodger,DN,0,57,Oliver_Twist
