character,tag,count,chapter,novel
Admiral Baldwin,N,0,1,Persuasion
Admiral Baldwin,C,0,1,Persuasion
Admiral Baldwin,I,0,1,Persuasion
Admiral Baldwin,A,0,1,Persuasion
Admiral Baldwin,DC,0,1,Persuasion
Admiral Baldwin,DN,0,1,Persuasion
Admiral Croft,N,0,1,Persuasion
Admiral Croft,C,0,1,Persuasion
Admiral Croft,I,0,1,Persuasion
Admiral Croft,A,0,1,Persuasion
Admiral Croft,DC,0,1,Persuasion
Admiral Croft,DN,0,1,Persuasion
Anne,N,0,1,Persuasion
Anne,C,0,1,Persuasion
Anne,I,0,1,Persuasion
Anne,A,0,1,Persuasion
Anne,DC,0,1,Persuasion
Anne,DN,0,1,Persuasion
Captain Benwick,N,0,1,Persuasion
Captain Benwick,C,0,1,Persuasion
Captain Benwick,I,0,1,Persuasion
Captain Benwick,A,0,1,Persuasion
Captain Benwick,DC,0,1,Persuasion
Captain Benwick,DN,0,1,Persuasion
Captain Harville,N,0,1,Persuasion
Captain Harville,C,0,1,Persuasion
Captain Harville,I,0,1,Persuasion
Captain Harville,A,0,1,Persuasion
Captain Harville,DC,0,1,Persuasion
Captain Harville,DN,0,1,Persuasion
Captain Wentworth,N,0,1,Persuasion
Captain Wentworth,C,0,1,Persuasion
Captain Wentworth,I,0,1,Persuasion
Captain Wentworth,A,0,1,Persuasion
Captain Wentworth,DC,0,1,Persuasion
Captain Wentworth,DN,0,1,Persuasion
Charles,N,0,1,Persuasion
Charles,C,0,1,Persuasion
Charles,I,0,1,Persuasion
Charles,A,0,1,Persuasion
Charles,DC,0,1,Persuasion
Charles,DN,0,1,Persuasion
Colonel Wallis,N,0,1,Persuasion
Colonel Wallis,C,0,1,Persuasion
Colonel Wallis,I,0,1,Persuasion
Colonel Wallis,A,0,1,Persuasion
Colonel Wallis,DC,0,1,Persuasion
Colonel Wallis,DN,0,1,Persuasion
Dear Smith,N,0,1,Persuasion
Dear Smith,C,0,1,Persuasion
Dear Smith,I,0,1,Persuasion
Dear Smith,A,0,1,Persuasion
Dear Smith,DC,0,1,Persuasion
Dear Smith,DN,0,1,Persuasion
Dick,N,0,1,Persuasion
Dick,C,0,1,Persuasion
Dick,I,0,1,Persuasion
Dick,A,0,1,Persuasion
Dick,DC,0,1,Persuasion
Dick,DN,0,1,Persuasion
Dr Shirley,N,0,1,Persuasion
Dr Shirley,C,0,1,Persuasion
Dr Shirley,I,0,1,Persuasion
Dr Shirley,A,0,1,Persuasion
Dr Shirley,DC,0,1,Persuasion
Dr Shirley,DN,0,1,Persuasion
Edward,N,0,1,Persuasion
Edward,C,0,1,Persuasion
Edward,I,0,1,Persuasion
Edward,A,0,1,Persuasion
Edward,DC,0,1,Persuasion
Edward,DN,0,1,Persuasion
Elizabeth,N,0,1,Persuasion
Elizabeth,C,0,1,Persuasion
Elizabeth,I,0,1,Persuasion
Elizabeth,A,0,1,Persuasion
Elizabeth,DC,0,1,Persuasion
Elizabeth,DN,0,1,Persuasion
Frederick,N,0,1,Persuasion
Frederick,C,0,1,Persuasion
Frederick,I,0,1,Persuasion
Frederick,A,0,1,Persuasion
Frederick,DC,0,1,Persuasion
Frederick,DN,0,1,Persuasion
God,N,0,1,Persuasion
God,C,0,1,Persuasion
God,I,0,1,Persuasion
God,A,0,1,Persuasion
God,DC,0,1,Persuasion
God,DN,0,1,Persuasion
Henrietta,N,0,1,Persuasion
Henrietta,C,0,1,Persuasion
Henrietta,I,0,1,Persuasion
Henrietta,A,0,1,Persuasion
Henrietta,DC,0,1,Persuasion
Henrietta,DN,0,1,Persuasion
Jemima,N,0,1,Persuasion
Jemima,C,0,1,Persuasion
Jemima,I,0,1,Persuasion
Jemima,A,0,1,Persuasion
Jemima,DC,0,1,Persuasion
Jemima,DN,0,1,Persuasion
Kellynch,N,0,1,Persuasion
Kellynch,C,0,1,Persuasion
Kellynch,I,0,1,Persuasion
Kellynch,A,0,1,Persuasion
Kellynch,DC,0,1,Persuasion
Kellynch,DN,0,1,Persuasion
Lady Dalrymple,N,0,1,Persuasion
Lady Dalrymple,C,0,1,Persuasion
Lady Dalrymple,I,0,1,Persuasion
Lady Dalrymple,A,0,1,Persuasion
Lady Dalrymple,DC,0,1,Persuasion
Lady Dalrymple,DN,0,1,Persuasion
Lady Elliot,N,0,1,Persuasion
Lady Elliot,C,0,1,Persuasion
Lady Elliot,I,0,1,Persuasion
Lady Elliot,A,0,1,Persuasion
Lady Elliot,DC,0,1,Persuasion
Lady Elliot,DN,0,1,Persuasion
Lady Russell,N,0,1,Persuasion
Lady Russell,C,0,1,Persuasion
Lady Russell,I,0,1,Persuasion
Lady Russell,A,0,1,Persuasion
Lady Russell,DC,0,1,Persuasion
Lady Russell,DN,0,1,Persuasion
Louisa,N,0,1,Persuasion
Louisa,C,0,1,Persuasion
Louisa,I,0,1,Persuasion
Louisa,A,0,1,Persuasion
Louisa,DC,0,1,Persuasion
Louisa,DN,0,1,Persuasion
Mary,N,0,1,Persuasion
Mary,C,0,1,Persuasion
Mary,I,0,1,Persuasion
Mary,A,0,1,Persuasion
Mary,DC,0,1,Persuasion
Mary,DN,0,1,Persuasion
Miss Atkinson,N,0,1,Persuasion
Miss Atkinson,C,0,1,Persuasion
Miss Atkinson,I,0,1,Persuasion
Miss Atkinson,A,0,1,Persuasion
Miss Atkinson,DC,0,1,Persuasion
Miss Atkinson,DN,0,1,Persuasion
Miss Carteret,N,0,1,Persuasion
Miss Carteret,C,0,1,Persuasion
Miss Carteret,I,0,1,Persuasion
Miss Carteret,A,0,1,Persuasion
Miss Carteret,DC,0,1,Persuasion
Miss Carteret,DN,0,1,Persuasion
Miss Hamilton,N,0,1,Persuasion
Miss Hamilton,C,0,1,Persuasion
Miss Hamilton,I,0,1,Persuasion
Miss Hamilton,A,0,1,Persuasion
Miss Hamilton,DC,0,1,Persuasion
Miss Hamilton,DN,0,1,Persuasion
Mr Elliot,N,0,1,Persuasion
Mr Elliot,C,0,1,Persuasion
Mr Elliot,I,0,1,Persuasion
Mr Elliot,A,0,1,Persuasion
Mr Elliot,DC,0,1,Persuasion
Mr Elliot,DN,0,1,Persuasion
Mr Shepherd,N,0,1,Persuasion
Mr Shepherd,C,0,1,Persuasion
Mr Shepherd,I,0,1,Persuasion
Mr Shepherd,A,0,1,Persuasion
Mr Shepherd,DC,0,1,Persuasion
Mr Shepherd,DN,0,1,Persuasion
Mr Smith,N,0,1,Persuasion
Mr Smith,C,0,1,Persuasion
Mr Smith,I,0,1,Persuasion
Mr Smith,A,0,1,Persuasion
Mr Smith,DC,0,1,Persuasion
Mr Smith,DN,0,1,Persuasion
Mr Wentworth,N,0,1,Persuasion
Mr Wentworth,C,0,1,Persuasion
Mr Wentworth,I,0,1,Persuasion
Mr Wentworth,A,0,1,Persuasion
Mr Wentworth,DC,0,1,Persuasion
Mr Wentworth,DN,0,1,Persuasion
Mrs Clay,N,0,1,Persuasion
Mrs Clay,C,0,1,Persuasion
Mrs Clay,I,0,1,Persuasion
Mrs Clay,A,0,1,Persuasion
Mrs Clay,DC,0,1,Persuasion
Mrs Clay,DN,0,1,Persuasion
Mrs Croft,N,0,1,Persuasion
Mrs Croft,C,0,1,Persuasion
Mrs Croft,I,0,1,Persuasion
Mrs Croft,A,0,1,Persuasion
Mrs Croft,DC,0,1,Persuasion
Mrs Croft,DN,0,1,Persuasion
Mrs Harville,N,0,1,Persuasion
Mrs Harville,C,0,1,Persuasion
Mrs Harville,I,0,1,Persuasion
Mrs Harville,A,0,1,Persuasion
Mrs Harville,DC,0,1,Persuasion
Mrs Harville,DN,0,1,Persuasion
Mrs Musgrove,N,0,1,Persuasion
Mrs Musgrove,C,0,1,Persuasion
Mrs Musgrove,I,0,1,Persuasion
Mrs Musgrove,A,0,1,Persuasion
Mrs Musgrove,DC,0,1,Persuasion
Mrs Musgrove,DN,0,1,Persuasion
Mrs Rooke,N,0,1,Persuasion
Mrs Rooke,C,0,1,Persuasion
Mrs Rooke,I,0,1,Persuasion
Mrs Rooke,A,0,1,Persuasion
Mrs Rooke,DC,0,1,Persuasion
Mrs Rooke,DN,0,1,Persuasion
Mrs Shirley,N,0,1,Persuasion
Mrs Shirley,C,0,1,Persuasion
Mrs Shirley,I,0,1,Persuasion
Mrs Shirley,A,0,1,Persuasion
Mrs Shirley,DC,0,1,Persuasion
Mrs Shirley,DN,0,1,Persuasion
Mrs Smith,N,0,1,Persuasion
Mrs Smith,C,0,1,Persuasion
Mrs Smith,I,0,1,Persuasion
Mrs Smith,A,0,1,Persuasion
Mrs Smith,DC,0,1,Persuasion
Mrs Smith,DN,0,1,Persuasion
Mrs Wallis,N,0,1,Persuasion
Mrs Wallis,C,0,1,Persuasion
Mrs Wallis,I,0,1,Persuasion
Mrs Wallis,A,0,1,Persuasion
Mrs Wallis,DC,0,1,Persuasion
Mrs Wallis,DN,0,1,Persuasion
Nurse Rooke,N,0,1,Persuasion
Nurse Rooke,C,0,1,Persuasion
Nurse Rooke,I,0,1,Persuasion
Nurse Rooke,A,0,1,Persuasion
Nurse Rooke,DC,0,1,Persuasion
Nurse Rooke,DN,0,1,Persuasion
Penelope,N,0,1,Persuasion
Penelope,C,0,1,Persuasion
Penelope,I,0,1,Persuasion
Penelope,A,0,1,Persuasion
Penelope,DC,0,1,Persuasion
Penelope,DN,0,1,Persuasion
Sir Walter,N,0,1,Persuasion
Sir Walter,C,0,1,Persuasion
Sir Walter,I,0,1,Persuasion
Sir Walter,A,0,1,Persuasion
Sir Walter,DC,0,1,Persuasion
Sir Walter,DN,0,1,Persuasion
Sophy,N,0,1,Persuasion
Sophy,C,0,1,Persuasion
Sophy,I,0,1,Persuasion
Sophy,A,0,1,Persuasion
Sophy,DC,0,1,Persuasion
Sophy,DN,0,1,Persuasion
The Mr Musgroves,N,0,1,Persuasion
The Mr Musgroves,C,0,1,Persuasion
The Mr Musgroves,I,0,1,Persuasion
The Mr Musgroves,A,0,1,Persuasion
The Mr Musgroves,DC,0,1,Persuasion
The Mr Musgroves,DN,0,1,Persuasion
The little Durands,N,0,1,Persuasion
The little Durands,C,0,1,Persuasion
The little Durands,I,0,1,Persuasion
The little Durands,A,0,1,Persuasion
The little Durands,DC,0,1,Persuasion
The little Durands,DN,0,1,Persuasion
Winthrop,N,0,1,Persuasion
Winthrop,C,0,1,Persuasion
Winthrop,I,0,1,Persuasion
Winthrop,A,0,1,Persuasion
Winthrop,DC,0,1,Persuasion
Winthrop,DN,0,1,Persuasion
old Sir Archibald Drew,N,0,1,Persuasion
old Sir Archibald Drew,C,0,1,Persuasion
old Sir Archibald Drew,I,0,1,Persuasion
old Sir Archibald Drew,A,0,1,Persuasion
old Sir Archibald Drew,DC,0,1,Persuasion
old Sir Archibald Drew,DN,0,1,Persuasion
the Asp,N,0,1,Persuasion
the Asp,C,0,1,Persuasion
the Asp,I,0,1,Persuasion
the Asp,A,0,1,Persuasion
the Asp,DC,0,1,Persuasion
the Asp,DN,0,1,Persuasion
the Crofts,N,0,1,Persuasion
the Crofts,C,0,1,Persuasion
the Crofts,I,0,1,Persuasion
the Crofts,A,0,1,Persuasion
the Crofts,DC,0,1,Persuasion
the Crofts,DN,0,1,Persuasion
the Dalrymples,N,0,1,Persuasion
the Dalrymples,C,0,1,Persuasion
the Dalrymples,I,0,1,Persuasion
the Dalrymples,A,0,1,Persuasion
the Dalrymples,DC,0,1,Persuasion
the Dalrymples,DN,0,1,Persuasion
the Harvilles,N,0,1,Persuasion
the Harvilles,C,0,1,Persuasion
the Harvilles,I,0,1,Persuasion
the Harvilles,A,0,1,Persuasion
the Harvilles,DC,0,1,Persuasion
the Harvilles,DN,0,1,Persuasion
the Hayters,N,0,1,Persuasion
the Hayters,C,0,1,Persuasion
the Hayters,I,0,1,Persuasion
the Hayters,A,0,1,Persuasion
the Hayters,DC,0,1,Persuasion
the Hayters,DN,0,1,Persuasion
the Miss Musgroves,N,0,1,Persuasion
the Miss Musgroves,C,0,1,Persuasion
the Miss Musgroves,I,0,1,Persuasion
the Miss Musgroves,A,0,1,Persuasion
the Miss Musgroves,DC,0,1,Persuasion
the Miss Musgroves,DN,0,1,Persuasion
Admiral Baldwin,N,0,2,Persuasion
Admiral Baldwin,C,0,2,Persuasion
Admiral Baldwin,I,0,2,Persuasion
Admiral Baldwin,A,0,2,Persuasion
Admiral Baldwin,DC,0,2,Persuasion
Admiral Baldwin,DN,0,2,Persuasion
Admiral Croft,N,0,2,Persuasion
Admiral Croft,C,0,2,Persuasion
Admiral Croft,I,0,2,Persuasion
Admiral Croft,A,0,2,Persuasion
Admiral Croft,DC,0,2,Persuasion
Admiral Croft,DN,0,2,Persuasion
Anne,N,0,2,Persuasion
Anne,C,0,2,Persuasion
Anne,I,0,2,Persuasion
Anne,A,0,2,Persuasion
Anne,DC,0,2,Persuasion
Anne,DN,0,2,Persuasion
Captain Benwick,N,0,2,Persuasion
Captain Benwick,C,0,2,Persuasion
Captain Benwick,I,0,2,Persuasion
Captain Benwick,A,0,2,Persuasion
Captain Benwick,DC,0,2,Persuasion
Captain Benwick,DN,0,2,Persuasion
Captain Harville,N,0,2,Persuasion
Captain Harville,C,0,2,Persuasion
Captain Harville,I,0,2,Persuasion
Captain Harville,A,0,2,Persuasion
Captain Harville,DC,0,2,Persuasion
Captain Harville,DN,0,2,Persuasion
Captain Wentworth,N,0,2,Persuasion
Captain Wentworth,C,0,2,Persuasion
Captain Wentworth,I,0,2,Persuasion
Captain Wentworth,A,0,2,Persuasion
Captain Wentworth,DC,0,2,Persuasion
Captain Wentworth,DN,0,2,Persuasion
Charles,N,0,2,Persuasion
Charles,C,0,2,Persuasion
Charles,I,0,2,Persuasion
Charles,A,0,2,Persuasion
Charles,DC,0,2,Persuasion
Charles,DN,0,2,Persuasion
Colonel Wallis,N,0,2,Persuasion
Colonel Wallis,C,0,2,Persuasion
Colonel Wallis,I,0,2,Persuasion
Colonel Wallis,A,0,2,Persuasion
Colonel Wallis,DC,0,2,Persuasion
Colonel Wallis,DN,0,2,Persuasion
Dear Smith,N,0,2,Persuasion
Dear Smith,C,0,2,Persuasion
Dear Smith,I,0,2,Persuasion
Dear Smith,A,0,2,Persuasion
Dear Smith,DC,0,2,Persuasion
Dear Smith,DN,0,2,Persuasion
Dick,N,0,2,Persuasion
Dick,C,0,2,Persuasion
Dick,I,0,2,Persuasion
Dick,A,0,2,Persuasion
Dick,DC,0,2,Persuasion
Dick,DN,0,2,Persuasion
Dr Shirley,N,0,2,Persuasion
Dr Shirley,C,0,2,Persuasion
Dr Shirley,I,0,2,Persuasion
Dr Shirley,A,0,2,Persuasion
Dr Shirley,DC,0,2,Persuasion
Dr Shirley,DN,0,2,Persuasion
Edward,N,0,2,Persuasion
Edward,C,0,2,Persuasion
Edward,I,0,2,Persuasion
Edward,A,0,2,Persuasion
Edward,DC,0,2,Persuasion
Edward,DN,0,2,Persuasion
Elizabeth,N,0,2,Persuasion
Elizabeth,C,0,2,Persuasion
Elizabeth,I,0,2,Persuasion
Elizabeth,A,0,2,Persuasion
Elizabeth,DC,0,2,Persuasion
Elizabeth,DN,0,2,Persuasion
Frederick,N,0,2,Persuasion
Frederick,C,0,2,Persuasion
Frederick,I,0,2,Persuasion
Frederick,A,0,2,Persuasion
Frederick,DC,0,2,Persuasion
Frederick,DN,0,2,Persuasion
God,N,0,2,Persuasion
God,C,0,2,Persuasion
God,I,0,2,Persuasion
God,A,0,2,Persuasion
God,DC,0,2,Persuasion
God,DN,0,2,Persuasion
Henrietta,N,0,2,Persuasion
Henrietta,C,0,2,Persuasion
Henrietta,I,0,2,Persuasion
Henrietta,A,0,2,Persuasion
Henrietta,DC,0,2,Persuasion
Henrietta,DN,0,2,Persuasion
Jemima,N,0,2,Persuasion
Jemima,C,0,2,Persuasion
Jemima,I,0,2,Persuasion
Jemima,A,0,2,Persuasion
Jemima,DC,0,2,Persuasion
Jemima,DN,0,2,Persuasion
Kellynch,N,0,2,Persuasion
Kellynch,C,0,2,Persuasion
Kellynch,I,0,2,Persuasion
Kellynch,A,0,2,Persuasion
Kellynch,DC,0,2,Persuasion
Kellynch,DN,0,2,Persuasion
Lady Dalrymple,N,0,2,Persuasion
Lady Dalrymple,C,0,2,Persuasion
Lady Dalrymple,I,0,2,Persuasion
Lady Dalrymple,A,0,2,Persuasion
Lady Dalrymple,DC,0,2,Persuasion
Lady Dalrymple,DN,0,2,Persuasion
Lady Elliot,N,0,2,Persuasion
Lady Elliot,C,0,2,Persuasion
Lady Elliot,I,0,2,Persuasion
Lady Elliot,A,0,2,Persuasion
Lady Elliot,DC,0,2,Persuasion
Lady Elliot,DN,0,2,Persuasion
Lady Russell,N,0,2,Persuasion
Lady Russell,C,0,2,Persuasion
Lady Russell,I,0,2,Persuasion
Lady Russell,A,0,2,Persuasion
Lady Russell,DC,0,2,Persuasion
Lady Russell,DN,0,2,Persuasion
Louisa,N,0,2,Persuasion
Louisa,C,0,2,Persuasion
Louisa,I,0,2,Persuasion
Louisa,A,0,2,Persuasion
Louisa,DC,0,2,Persuasion
Louisa,DN,0,2,Persuasion
Mary,N,0,2,Persuasion
Mary,C,0,2,Persuasion
Mary,I,0,2,Persuasion
Mary,A,0,2,Persuasion
Mary,DC,0,2,Persuasion
Mary,DN,0,2,Persuasion
Miss Atkinson,N,0,2,Persuasion
Miss Atkinson,C,0,2,Persuasion
Miss Atkinson,I,0,2,Persuasion
Miss Atkinson,A,0,2,Persuasion
Miss Atkinson,DC,0,2,Persuasion
Miss Atkinson,DN,0,2,Persuasion
Miss Carteret,N,0,2,Persuasion
Miss Carteret,C,0,2,Persuasion
Miss Carteret,I,0,2,Persuasion
Miss Carteret,A,0,2,Persuasion
Miss Carteret,DC,0,2,Persuasion
Miss Carteret,DN,0,2,Persuasion
Miss Hamilton,N,0,2,Persuasion
Miss Hamilton,C,0,2,Persuasion
Miss Hamilton,I,0,2,Persuasion
Miss Hamilton,A,0,2,Persuasion
Miss Hamilton,DC,0,2,Persuasion
Miss Hamilton,DN,0,2,Persuasion
Mr Elliot,N,0,2,Persuasion
Mr Elliot,C,0,2,Persuasion
Mr Elliot,I,0,2,Persuasion
Mr Elliot,A,0,2,Persuasion
Mr Elliot,DC,0,2,Persuasion
Mr Elliot,DN,0,2,Persuasion
Mr Shepherd,N,0,2,Persuasion
Mr Shepherd,C,0,2,Persuasion
Mr Shepherd,I,0,2,Persuasion
Mr Shepherd,A,0,2,Persuasion
Mr Shepherd,DC,0,2,Persuasion
Mr Shepherd,DN,0,2,Persuasion
Mr Smith,N,0,2,Persuasion
Mr Smith,C,0,2,Persuasion
Mr Smith,I,0,2,Persuasion
Mr Smith,A,0,2,Persuasion
Mr Smith,DC,0,2,Persuasion
Mr Smith,DN,0,2,Persuasion
Mr Wentworth,N,0,2,Persuasion
Mr Wentworth,C,0,2,Persuasion
Mr Wentworth,I,0,2,Persuasion
Mr Wentworth,A,0,2,Persuasion
Mr Wentworth,DC,0,2,Persuasion
Mr Wentworth,DN,0,2,Persuasion
Mrs Clay,N,0,2,Persuasion
Mrs Clay,C,0,2,Persuasion
Mrs Clay,I,0,2,Persuasion
Mrs Clay,A,0,2,Persuasion
Mrs Clay,DC,0,2,Persuasion
Mrs Clay,DN,0,2,Persuasion
Mrs Croft,N,0,2,Persuasion
Mrs Croft,C,0,2,Persuasion
Mrs Croft,I,0,2,Persuasion
Mrs Croft,A,0,2,Persuasion
Mrs Croft,DC,0,2,Persuasion
Mrs Croft,DN,0,2,Persuasion
Mrs Harville,N,0,2,Persuasion
Mrs Harville,C,0,2,Persuasion
Mrs Harville,I,0,2,Persuasion
Mrs Harville,A,0,2,Persuasion
Mrs Harville,DC,0,2,Persuasion
Mrs Harville,DN,0,2,Persuasion
Mrs Musgrove,N,0,2,Persuasion
Mrs Musgrove,C,0,2,Persuasion
Mrs Musgrove,I,0,2,Persuasion
Mrs Musgrove,A,0,2,Persuasion
Mrs Musgrove,DC,0,2,Persuasion
Mrs Musgrove,DN,0,2,Persuasion
Mrs Rooke,N,0,2,Persuasion
Mrs Rooke,C,0,2,Persuasion
Mrs Rooke,I,0,2,Persuasion
Mrs Rooke,A,0,2,Persuasion
Mrs Rooke,DC,0,2,Persuasion
Mrs Rooke,DN,0,2,Persuasion
Mrs Shirley,N,0,2,Persuasion
Mrs Shirley,C,0,2,Persuasion
Mrs Shirley,I,0,2,Persuasion
Mrs Shirley,A,0,2,Persuasion
Mrs Shirley,DC,0,2,Persuasion
Mrs Shirley,DN,0,2,Persuasion
Mrs Smith,N,0,2,Persuasion
Mrs Smith,C,0,2,Persuasion
Mrs Smith,I,0,2,Persuasion
Mrs Smith,A,0,2,Persuasion
Mrs Smith,DC,0,2,Persuasion
Mrs Smith,DN,0,2,Persuasion
Mrs Wallis,N,0,2,Persuasion
Mrs Wallis,C,0,2,Persuasion
Mrs Wallis,I,0,2,Persuasion
Mrs Wallis,A,0,2,Persuasion
Mrs Wallis,DC,0,2,Persuasion
Mrs Wallis,DN,0,2,Persuasion
Nurse Rooke,N,0,2,Persuasion
Nurse Rooke,C,0,2,Persuasion
Nurse Rooke,I,0,2,Persuasion
Nurse Rooke,A,0,2,Persuasion
Nurse Rooke,DC,0,2,Persuasion
Nurse Rooke,DN,0,2,Persuasion
Penelope,N,0,2,Persuasion
Penelope,C,0,2,Persuasion
Penelope,I,0,2,Persuasion
Penelope,A,0,2,Persuasion
Penelope,DC,0,2,Persuasion
Penelope,DN,0,2,Persuasion
Sir Walter,N,0,2,Persuasion
Sir Walter,C,0,2,Persuasion
Sir Walter,I,0,2,Persuasion
Sir Walter,A,0,2,Persuasion
Sir Walter,DC,0,2,Persuasion
Sir Walter,DN,0,2,Persuasion
Sophy,N,0,2,Persuasion
Sophy,C,0,2,Persuasion
Sophy,I,0,2,Persuasion
Sophy,A,0,2,Persuasion
Sophy,DC,0,2,Persuasion
Sophy,DN,0,2,Persuasion
The Mr Musgroves,N,0,2,Persuasion
The Mr Musgroves,C,0,2,Persuasion
The Mr Musgroves,I,0,2,Persuasion
The Mr Musgroves,A,0,2,Persuasion
The Mr Musgroves,DC,0,2,Persuasion
The Mr Musgroves,DN,0,2,Persuasion
The little Durands,N,0,2,Persuasion
The little Durands,C,0,2,Persuasion
The little Durands,I,0,2,Persuasion
The little Durands,A,0,2,Persuasion
The little Durands,DC,0,2,Persuasion
The little Durands,DN,0,2,Persuasion
Winthrop,N,0,2,Persuasion
Winthrop,C,0,2,Persuasion
Winthrop,I,0,2,Persuasion
Winthrop,A,0,2,Persuasion
Winthrop,DC,0,2,Persuasion
Winthrop,DN,0,2,Persuasion
old Sir Archibald Drew,N,0,2,Persuasion
old Sir Archibald Drew,C,0,2,Persuasion
old Sir Archibald Drew,I,0,2,Persuasion
old Sir Archibald Drew,A,0,2,Persuasion
old Sir Archibald Drew,DC,0,2,Persuasion
old Sir Archibald Drew,DN,0,2,Persuasion
the Asp,N,0,2,Persuasion
the Asp,C,0,2,Persuasion
the Asp,I,0,2,Persuasion
the Asp,A,0,2,Persuasion
the Asp,DC,0,2,Persuasion
the Asp,DN,0,2,Persuasion
the Crofts,N,0,2,Persuasion
the Crofts,C,0,2,Persuasion
the Crofts,I,0,2,Persuasion
the Crofts,A,0,2,Persuasion
the Crofts,DC,0,2,Persuasion
the Crofts,DN,0,2,Persuasion
the Dalrymples,N,0,2,Persuasion
the Dalrymples,C,0,2,Persuasion
the Dalrymples,I,0,2,Persuasion
the Dalrymples,A,0,2,Persuasion
the Dalrymples,DC,0,2,Persuasion
the Dalrymples,DN,0,2,Persuasion
the Harvilles,N,0,2,Persuasion
the Harvilles,C,0,2,Persuasion
the Harvilles,I,0,2,Persuasion
the Harvilles,A,0,2,Persuasion
the Harvilles,DC,0,2,Persuasion
the Harvilles,DN,0,2,Persuasion
the Hayters,N,0,2,Persuasion
the Hayters,C,0,2,Persuasion
the Hayters,I,0,2,Persuasion
the Hayters,A,0,2,Persuasion
the Hayters,DC,0,2,Persuasion
the Hayters,DN,0,2,Persuasion
the Miss Musgroves,N,0,2,Persuasion
the Miss Musgroves,C,0,2,Persuasion
the Miss Musgroves,I,0,2,Persuasion
the Miss Musgroves,A,0,2,Persuasion
the Miss Musgroves,DC,0,2,Persuasion
the Miss Musgroves,DN,0,2,Persuasion
Admiral Baldwin,N,0,3,Persuasion
Admiral Baldwin,C,0,3,Persuasion
Admiral Baldwin,I,0,3,Persuasion
Admiral Baldwin,A,0,3,Persuasion
Admiral Baldwin,DC,0,3,Persuasion
Admiral Baldwin,DN,0,3,Persuasion
Admiral Croft,N,0,3,Persuasion
Admiral Croft,C,0,3,Persuasion
Admiral Croft,I,0,3,Persuasion
Admiral Croft,A,0,3,Persuasion
Admiral Croft,DC,0,3,Persuasion
Admiral Croft,DN,0,3,Persuasion
Anne,N,0,3,Persuasion
Anne,C,0,3,Persuasion
Anne,I,0,3,Persuasion
Anne,A,0,3,Persuasion
Anne,DC,0,3,Persuasion
Anne,DN,0,3,Persuasion
Captain Benwick,N,0,3,Persuasion
Captain Benwick,C,0,3,Persuasion
Captain Benwick,I,0,3,Persuasion
Captain Benwick,A,0,3,Persuasion
Captain Benwick,DC,0,3,Persuasion
Captain Benwick,DN,0,3,Persuasion
Captain Harville,N,0,3,Persuasion
Captain Harville,C,0,3,Persuasion
Captain Harville,I,0,3,Persuasion
Captain Harville,A,0,3,Persuasion
Captain Harville,DC,0,3,Persuasion
Captain Harville,DN,0,3,Persuasion
Captain Wentworth,N,0,3,Persuasion
Captain Wentworth,C,0,3,Persuasion
Captain Wentworth,I,0,3,Persuasion
Captain Wentworth,A,0,3,Persuasion
Captain Wentworth,DC,0,3,Persuasion
Captain Wentworth,DN,0,3,Persuasion
Charles,N,0,3,Persuasion
Charles,C,0,3,Persuasion
Charles,I,0,3,Persuasion
Charles,A,0,3,Persuasion
Charles,DC,0,3,Persuasion
Charles,DN,0,3,Persuasion
Colonel Wallis,N,0,3,Persuasion
Colonel Wallis,C,0,3,Persuasion
Colonel Wallis,I,0,3,Persuasion
Colonel Wallis,A,0,3,Persuasion
Colonel Wallis,DC,0,3,Persuasion
Colonel Wallis,DN,0,3,Persuasion
Dear Smith,N,0,3,Persuasion
Dear Smith,C,0,3,Persuasion
Dear Smith,I,0,3,Persuasion
Dear Smith,A,0,3,Persuasion
Dear Smith,DC,0,3,Persuasion
Dear Smith,DN,0,3,Persuasion
Dick,N,0,3,Persuasion
Dick,C,0,3,Persuasion
Dick,I,0,3,Persuasion
Dick,A,0,3,Persuasion
Dick,DC,0,3,Persuasion
Dick,DN,0,3,Persuasion
Dr Shirley,N,0,3,Persuasion
Dr Shirley,C,0,3,Persuasion
Dr Shirley,I,0,3,Persuasion
Dr Shirley,A,0,3,Persuasion
Dr Shirley,DC,0,3,Persuasion
Dr Shirley,DN,0,3,Persuasion
Edward,N,0,3,Persuasion
Edward,C,0,3,Persuasion
Edward,I,0,3,Persuasion
Edward,A,0,3,Persuasion
Edward,DC,0,3,Persuasion
Edward,DN,0,3,Persuasion
Elizabeth,N,0,3,Persuasion
Elizabeth,C,0,3,Persuasion
Elizabeth,I,0,3,Persuasion
Elizabeth,A,0,3,Persuasion
Elizabeth,DC,0,3,Persuasion
Elizabeth,DN,0,3,Persuasion
Frederick,N,0,3,Persuasion
Frederick,C,0,3,Persuasion
Frederick,I,0,3,Persuasion
Frederick,A,0,3,Persuasion
Frederick,DC,0,3,Persuasion
Frederick,DN,0,3,Persuasion
God,N,0,3,Persuasion
God,C,0,3,Persuasion
God,I,0,3,Persuasion
God,A,0,3,Persuasion
God,DC,0,3,Persuasion
God,DN,0,3,Persuasion
Henrietta,N,0,3,Persuasion
Henrietta,C,0,3,Persuasion
Henrietta,I,0,3,Persuasion
Henrietta,A,0,3,Persuasion
Henrietta,DC,0,3,Persuasion
Henrietta,DN,0,3,Persuasion
Jemima,N,0,3,Persuasion
Jemima,C,0,3,Persuasion
Jemima,I,0,3,Persuasion
Jemima,A,0,3,Persuasion
Jemima,DC,0,3,Persuasion
Jemima,DN,0,3,Persuasion
Kellynch,N,0,3,Persuasion
Kellynch,C,0,3,Persuasion
Kellynch,I,0,3,Persuasion
Kellynch,A,0,3,Persuasion
Kellynch,DC,0,3,Persuasion
Kellynch,DN,0,3,Persuasion
Lady Dalrymple,N,0,3,Persuasion
Lady Dalrymple,C,0,3,Persuasion
Lady Dalrymple,I,0,3,Persuasion
Lady Dalrymple,A,0,3,Persuasion
Lady Dalrymple,DC,0,3,Persuasion
Lady Dalrymple,DN,0,3,Persuasion
Lady Elliot,N,0,3,Persuasion
Lady Elliot,C,0,3,Persuasion
Lady Elliot,I,0,3,Persuasion
Lady Elliot,A,0,3,Persuasion
Lady Elliot,DC,0,3,Persuasion
Lady Elliot,DN,0,3,Persuasion
Lady Russell,N,0,3,Persuasion
Lady Russell,C,0,3,Persuasion
Lady Russell,I,0,3,Persuasion
Lady Russell,A,0,3,Persuasion
Lady Russell,DC,0,3,Persuasion
Lady Russell,DN,0,3,Persuasion
Louisa,N,0,3,Persuasion
Louisa,C,0,3,Persuasion
Louisa,I,0,3,Persuasion
Louisa,A,0,3,Persuasion
Louisa,DC,0,3,Persuasion
Louisa,DN,0,3,Persuasion
Mary,N,0,3,Persuasion
Mary,C,0,3,Persuasion
Mary,I,0,3,Persuasion
Mary,A,0,3,Persuasion
Mary,DC,0,3,Persuasion
Mary,DN,0,3,Persuasion
Miss Atkinson,N,0,3,Persuasion
Miss Atkinson,C,0,3,Persuasion
Miss Atkinson,I,0,3,Persuasion
Miss Atkinson,A,0,3,Persuasion
Miss Atkinson,DC,0,3,Persuasion
Miss Atkinson,DN,0,3,Persuasion
Miss Carteret,N,0,3,Persuasion
Miss Carteret,C,0,3,Persuasion
Miss Carteret,I,0,3,Persuasion
Miss Carteret,A,0,3,Persuasion
Miss Carteret,DC,0,3,Persuasion
Miss Carteret,DN,0,3,Persuasion
Miss Hamilton,N,0,3,Persuasion
Miss Hamilton,C,0,3,Persuasion
Miss Hamilton,I,0,3,Persuasion
Miss Hamilton,A,0,3,Persuasion
Miss Hamilton,DC,0,3,Persuasion
Miss Hamilton,DN,0,3,Persuasion
Mr Elliot,N,0,3,Persuasion
Mr Elliot,C,0,3,Persuasion
Mr Elliot,I,0,3,Persuasion
Mr Elliot,A,0,3,Persuasion
Mr Elliot,DC,0,3,Persuasion
Mr Elliot,DN,0,3,Persuasion
Mr Shepherd,N,0,3,Persuasion
Mr Shepherd,C,0,3,Persuasion
Mr Shepherd,I,0,3,Persuasion
Mr Shepherd,A,0,3,Persuasion
Mr Shepherd,DC,0,3,Persuasion
Mr Shepherd,DN,0,3,Persuasion
Mr Smith,N,0,3,Persuasion
Mr Smith,C,0,3,Persuasion
Mr Smith,I,0,3,Persuasion
Mr Smith,A,0,3,Persuasion
Mr Smith,DC,0,3,Persuasion
Mr Smith,DN,0,3,Persuasion
Mr Wentworth,N,0,3,Persuasion
Mr Wentworth,C,0,3,Persuasion
Mr Wentworth,I,0,3,Persuasion
Mr Wentworth,A,0,3,Persuasion
Mr Wentworth,DC,0,3,Persuasion
Mr Wentworth,DN,0,3,Persuasion
Mrs Clay,N,0,3,Persuasion
Mrs Clay,C,0,3,Persuasion
Mrs Clay,I,0,3,Persuasion
Mrs Clay,A,0,3,Persuasion
Mrs Clay,DC,0,3,Persuasion
Mrs Clay,DN,0,3,Persuasion
Mrs Croft,N,0,3,Persuasion
Mrs Croft,C,0,3,Persuasion
Mrs Croft,I,0,3,Persuasion
Mrs Croft,A,0,3,Persuasion
Mrs Croft,DC,0,3,Persuasion
Mrs Croft,DN,0,3,Persuasion
Mrs Harville,N,0,3,Persuasion
Mrs Harville,C,0,3,Persuasion
Mrs Harville,I,0,3,Persuasion
Mrs Harville,A,0,3,Persuasion
Mrs Harville,DC,0,3,Persuasion
Mrs Harville,DN,0,3,Persuasion
Mrs Musgrove,N,0,3,Persuasion
Mrs Musgrove,C,0,3,Persuasion
Mrs Musgrove,I,0,3,Persuasion
Mrs Musgrove,A,0,3,Persuasion
Mrs Musgrove,DC,0,3,Persuasion
Mrs Musgrove,DN,0,3,Persuasion
Mrs Rooke,N,0,3,Persuasion
Mrs Rooke,C,0,3,Persuasion
Mrs Rooke,I,0,3,Persuasion
Mrs Rooke,A,0,3,Persuasion
Mrs Rooke,DC,0,3,Persuasion
Mrs Rooke,DN,0,3,Persuasion
Mrs Shirley,N,0,3,Persuasion
Mrs Shirley,C,0,3,Persuasion
Mrs Shirley,I,0,3,Persuasion
Mrs Shirley,A,0,3,Persuasion
Mrs Shirley,DC,0,3,Persuasion
Mrs Shirley,DN,0,3,Persuasion
Mrs Smith,N,0,3,Persuasion
Mrs Smith,C,0,3,Persuasion
Mrs Smith,I,0,3,Persuasion
Mrs Smith,A,0,3,Persuasion
Mrs Smith,DC,0,3,Persuasion
Mrs Smith,DN,0,3,Persuasion
Mrs Wallis,N,0,3,Persuasion
Mrs Wallis,C,0,3,Persuasion
Mrs Wallis,I,0,3,Persuasion
Mrs Wallis,A,0,3,Persuasion
Mrs Wallis,DC,0,3,Persuasion
Mrs Wallis,DN,0,3,Persuasion
Nurse Rooke,N,0,3,Persuasion
Nurse Rooke,C,0,3,Persuasion
Nurse Rooke,I,0,3,Persuasion
Nurse Rooke,A,0,3,Persuasion
Nurse Rooke,DC,0,3,Persuasion
Nurse Rooke,DN,0,3,Persuasion
Penelope,N,0,3,Persuasion
Penelope,C,0,3,Persuasion
Penelope,I,0,3,Persuasion
Penelope,A,0,3,Persuasion
Penelope,DC,0,3,Persuasion
Penelope,DN,0,3,Persuasion
Sir Walter,N,0,3,Persuasion
Sir Walter,C,0,3,Persuasion
Sir Walter,I,0,3,Persuasion
Sir Walter,A,0,3,Persuasion
Sir Walter,DC,0,3,Persuasion
Sir Walter,DN,0,3,Persuasion
Sophy,N,0,3,Persuasion
Sophy,C,0,3,Persuasion
Sophy,I,0,3,Persuasion
Sophy,A,0,3,Persuasion
Sophy,DC,0,3,Persuasion
Sophy,DN,0,3,Persuasion
The Mr Musgroves,N,0,3,Persuasion
The Mr Musgroves,C,0,3,Persuasion
The Mr Musgroves,I,0,3,Persuasion
The Mr Musgroves,A,0,3,Persuasion
The Mr Musgroves,DC,0,3,Persuasion
The Mr Musgroves,DN,0,3,Persuasion
The little Durands,N,0,3,Persuasion
The little Durands,C,0,3,Persuasion
The little Durands,I,0,3,Persuasion
The little Durands,A,0,3,Persuasion
The little Durands,DC,0,3,Persuasion
The little Durands,DN,0,3,Persuasion
Winthrop,N,0,3,Persuasion
Winthrop,C,0,3,Persuasion
Winthrop,I,0,3,Persuasion
Winthrop,A,0,3,Persuasion
Winthrop,DC,0,3,Persuasion
Winthrop,DN,0,3,Persuasion
old Sir Archibald Drew,N,0,3,Persuasion
old Sir Archibald Drew,C,0,3,Persuasion
old Sir Archibald Drew,I,0,3,Persuasion
old Sir Archibald Drew,A,0,3,Persuasion
old Sir Archibald Drew,DC,0,3,Persuasion
old Sir Archibald Drew,DN,0,3,Persuasion
the Asp,N,0,3,Persuasion
the Asp,C,0,3,Persuasion
the Asp,I,0,3,Persuasion
the Asp,A,0,3,Persuasion
the Asp,DC,0,3,Persuasion
the Asp,DN,0,3,Persuasion
the Crofts,N,0,3,Persuasion
the Crofts,C,0,3,Persuasion
the Crofts,I,0,3,Persuasion
the Crofts,A,0,3,Persuasion
the Crofts,DC,0,3,Persuasion
the Crofts,DN,0,3,Persuasion
the Dalrymples,N,0,3,Persuasion
the Dalrymples,C,0,3,Persuasion
the Dalrymples,I,0,3,Persuasion
the Dalrymples,A,0,3,Persuasion
the Dalrymples,DC,0,3,Persuasion
the Dalrymples,DN,0,3,Persuasion
the Harvilles,N,0,3,Persuasion
the Harvilles,C,0,3,Persuasion
the Harvilles,I,0,3,Persuasion
the Harvilles,A,0,3,Persuasion
the Harvilles,DC,0,3,Persuasion
the Harvilles,DN,0,3,Persuasion
the Hayters,N,0,3,Persuasion
the Hayters,C,0,3,Persuasion
the Hayters,I,0,3,Persuasion
the Hayters,A,0,3,Persuasion
the Hayters,DC,0,3,Persuasion
the Hayters,DN,0,3,Persuasion
the Miss Musgroves,N,0,3,Persuasion
the Miss Musgroves,C,0,3,Persuasion
the Miss Musgroves,I,0,3,Persuasion
the Miss Musgroves,A,0,3,Persuasion
the Miss Musgroves,DC,0,3,Persuasion
the Miss Musgroves,DN,0,3,Persuasion
Admiral Baldwin,N,0,4,Persuasion
Admiral Baldwin,C,0,4,Persuasion
Admiral Baldwin,I,0,4,Persuasion
Admiral Baldwin,A,0,4,Persuasion
Admiral Baldwin,DC,0,4,Persuasion
Admiral Baldwin,DN,0,4,Persuasion
Admiral Croft,N,0,4,Persuasion
Admiral Croft,C,0,4,Persuasion
Admiral Croft,I,0,4,Persuasion
Admiral Croft,A,0,4,Persuasion
Admiral Croft,DC,0,4,Persuasion
Admiral Croft,DN,0,4,Persuasion
Anne,N,0,4,Persuasion
Anne,C,0,4,Persuasion
Anne,I,0,4,Persuasion
Anne,A,0,4,Persuasion
Anne,DC,0,4,Persuasion
Anne,DN,0,4,Persuasion
Captain Benwick,N,0,4,Persuasion
Captain Benwick,C,0,4,Persuasion
Captain Benwick,I,0,4,Persuasion
Captain Benwick,A,0,4,Persuasion
Captain Benwick,DC,0,4,Persuasion
Captain Benwick,DN,0,4,Persuasion
Captain Harville,N,0,4,Persuasion
Captain Harville,C,0,4,Persuasion
Captain Harville,I,0,4,Persuasion
Captain Harville,A,0,4,Persuasion
Captain Harville,DC,0,4,Persuasion
Captain Harville,DN,0,4,Persuasion
Captain Wentworth,N,0,4,Persuasion
Captain Wentworth,C,0,4,Persuasion
Captain Wentworth,I,0,4,Persuasion
Captain Wentworth,A,0,4,Persuasion
Captain Wentworth,DC,0,4,Persuasion
Captain Wentworth,DN,0,4,Persuasion
Charles,N,0,4,Persuasion
Charles,C,0,4,Persuasion
Charles,I,0,4,Persuasion
Charles,A,0,4,Persuasion
Charles,DC,0,4,Persuasion
Charles,DN,0,4,Persuasion
Colonel Wallis,N,0,4,Persuasion
Colonel Wallis,C,0,4,Persuasion
Colonel Wallis,I,0,4,Persuasion
Colonel Wallis,A,0,4,Persuasion
Colonel Wallis,DC,0,4,Persuasion
Colonel Wallis,DN,0,4,Persuasion
Dear Smith,N,0,4,Persuasion
Dear Smith,C,0,4,Persuasion
Dear Smith,I,0,4,Persuasion
Dear Smith,A,0,4,Persuasion
Dear Smith,DC,0,4,Persuasion
Dear Smith,DN,0,4,Persuasion
Dick,N,0,4,Persuasion
Dick,C,0,4,Persuasion
Dick,I,0,4,Persuasion
Dick,A,0,4,Persuasion
Dick,DC,0,4,Persuasion
Dick,DN,0,4,Persuasion
Dr Shirley,N,0,4,Persuasion
Dr Shirley,C,0,4,Persuasion
Dr Shirley,I,0,4,Persuasion
Dr Shirley,A,0,4,Persuasion
Dr Shirley,DC,0,4,Persuasion
Dr Shirley,DN,0,4,Persuasion
Edward,N,0,4,Persuasion
Edward,C,0,4,Persuasion
Edward,I,0,4,Persuasion
Edward,A,0,4,Persuasion
Edward,DC,0,4,Persuasion
Edward,DN,0,4,Persuasion
Elizabeth,N,0,4,Persuasion
Elizabeth,C,0,4,Persuasion
Elizabeth,I,0,4,Persuasion
Elizabeth,A,0,4,Persuasion
Elizabeth,DC,0,4,Persuasion
Elizabeth,DN,0,4,Persuasion
Frederick,N,0,4,Persuasion
Frederick,C,0,4,Persuasion
Frederick,I,0,4,Persuasion
Frederick,A,0,4,Persuasion
Frederick,DC,0,4,Persuasion
Frederick,DN,0,4,Persuasion
God,N,0,4,Persuasion
God,C,0,4,Persuasion
God,I,0,4,Persuasion
God,A,0,4,Persuasion
God,DC,0,4,Persuasion
God,DN,0,4,Persuasion
Henrietta,N,0,4,Persuasion
Henrietta,C,0,4,Persuasion
Henrietta,I,0,4,Persuasion
Henrietta,A,0,4,Persuasion
Henrietta,DC,0,4,Persuasion
Henrietta,DN,0,4,Persuasion
Jemima,N,0,4,Persuasion
Jemima,C,0,4,Persuasion
Jemima,I,0,4,Persuasion
Jemima,A,0,4,Persuasion
Jemima,DC,0,4,Persuasion
Jemima,DN,0,4,Persuasion
Kellynch,N,0,4,Persuasion
Kellynch,C,0,4,Persuasion
Kellynch,I,0,4,Persuasion
Kellynch,A,0,4,Persuasion
Kellynch,DC,0,4,Persuasion
Kellynch,DN,0,4,Persuasion
Lady Dalrymple,N,0,4,Persuasion
Lady Dalrymple,C,0,4,Persuasion
Lady Dalrymple,I,0,4,Persuasion
Lady Dalrymple,A,0,4,Persuasion
Lady Dalrymple,DC,0,4,Persuasion
Lady Dalrymple,DN,0,4,Persuasion
Lady Elliot,N,0,4,Persuasion
Lady Elliot,C,0,4,Persuasion
Lady Elliot,I,0,4,Persuasion
Lady Elliot,A,0,4,Persuasion
Lady Elliot,DC,0,4,Persuasion
Lady Elliot,DN,0,4,Persuasion
Lady Russell,N,0,4,Persuasion
Lady Russell,C,0,4,Persuasion
Lady Russell,I,0,4,Persuasion
Lady Russell,A,0,4,Persuasion
Lady Russell,DC,0,4,Persuasion
Lady Russell,DN,0,4,Persuasion
Louisa,N,0,4,Persuasion
Louisa,C,0,4,Persuasion
Louisa,I,0,4,Persuasion
Louisa,A,0,4,Persuasion
Louisa,DC,0,4,Persuasion
Louisa,DN,0,4,Persuasion
Mary,N,0,4,Persuasion
Mary,C,0,4,Persuasion
Mary,I,0,4,Persuasion
Mary,A,0,4,Persuasion
Mary,DC,0,4,Persuasion
Mary,DN,0,4,Persuasion
Miss Atkinson,N,0,4,Persuasion
Miss Atkinson,C,0,4,Persuasion
Miss Atkinson,I,0,4,Persuasion
Miss Atkinson,A,0,4,Persuasion
Miss Atkinson,DC,0,4,Persuasion
Miss Atkinson,DN,0,4,Persuasion
Miss Carteret,N,0,4,Persuasion
Miss Carteret,C,0,4,Persuasion
Miss Carteret,I,0,4,Persuasion
Miss Carteret,A,0,4,Persuasion
Miss Carteret,DC,0,4,Persuasion
Miss Carteret,DN,0,4,Persuasion
Miss Hamilton,N,0,4,Persuasion
Miss Hamilton,C,0,4,Persuasion
Miss Hamilton,I,0,4,Persuasion
Miss Hamilton,A,0,4,Persuasion
Miss Hamilton,DC,0,4,Persuasion
Miss Hamilton,DN,0,4,Persuasion
Mr Elliot,N,0,4,Persuasion
Mr Elliot,C,0,4,Persuasion
Mr Elliot,I,0,4,Persuasion
Mr Elliot,A,0,4,Persuasion
Mr Elliot,DC,0,4,Persuasion
Mr Elliot,DN,0,4,Persuasion
Mr Shepherd,N,0,4,Persuasion
Mr Shepherd,C,0,4,Persuasion
Mr Shepherd,I,0,4,Persuasion
Mr Shepherd,A,0,4,Persuasion
Mr Shepherd,DC,0,4,Persuasion
Mr Shepherd,DN,0,4,Persuasion
Mr Smith,N,0,4,Persuasion
Mr Smith,C,0,4,Persuasion
Mr Smith,I,0,4,Persuasion
Mr Smith,A,0,4,Persuasion
Mr Smith,DC,0,4,Persuasion
Mr Smith,DN,0,4,Persuasion
Mr Wentworth,N,0,4,Persuasion
Mr Wentworth,C,0,4,Persuasion
Mr Wentworth,I,0,4,Persuasion
Mr Wentworth,A,0,4,Persuasion
Mr Wentworth,DC,0,4,Persuasion
Mr Wentworth,DN,0,4,Persuasion
Mrs Clay,N,0,4,Persuasion
Mrs Clay,C,0,4,Persuasion
Mrs Clay,I,0,4,Persuasion
Mrs Clay,A,0,4,Persuasion
Mrs Clay,DC,0,4,Persuasion
Mrs Clay,DN,0,4,Persuasion
Mrs Croft,N,0,4,Persuasion
Mrs Croft,C,0,4,Persuasion
Mrs Croft,I,0,4,Persuasion
Mrs Croft,A,0,4,Persuasion
Mrs Croft,DC,0,4,Persuasion
Mrs Croft,DN,0,4,Persuasion
Mrs Harville,N,0,4,Persuasion
Mrs Harville,C,0,4,Persuasion
Mrs Harville,I,0,4,Persuasion
Mrs Harville,A,0,4,Persuasion
Mrs Harville,DC,0,4,Persuasion
Mrs Harville,DN,0,4,Persuasion
Mrs Musgrove,N,0,4,Persuasion
Mrs Musgrove,C,0,4,Persuasion
Mrs Musgrove,I,0,4,Persuasion
Mrs Musgrove,A,0,4,Persuasion
Mrs Musgrove,DC,0,4,Persuasion
Mrs Musgrove,DN,0,4,Persuasion
Mrs Rooke,N,0,4,Persuasion
Mrs Rooke,C,0,4,Persuasion
Mrs Rooke,I,0,4,Persuasion
Mrs Rooke,A,0,4,Persuasion
Mrs Rooke,DC,0,4,Persuasion
Mrs Rooke,DN,0,4,Persuasion
Mrs Shirley,N,0,4,Persuasion
Mrs Shirley,C,0,4,Persuasion
Mrs Shirley,I,0,4,Persuasion
Mrs Shirley,A,0,4,Persuasion
Mrs Shirley,DC,0,4,Persuasion
Mrs Shirley,DN,0,4,Persuasion
Mrs Smith,N,0,4,Persuasion
Mrs Smith,C,0,4,Persuasion
Mrs Smith,I,0,4,Persuasion
Mrs Smith,A,0,4,Persuasion
Mrs Smith,DC,0,4,Persuasion
Mrs Smith,DN,0,4,Persuasion
Mrs Wallis,N,0,4,Persuasion
Mrs Wallis,C,0,4,Persuasion
Mrs Wallis,I,0,4,Persuasion
Mrs Wallis,A,0,4,Persuasion
Mrs Wallis,DC,0,4,Persuasion
Mrs Wallis,DN,0,4,Persuasion
Nurse Rooke,N,0,4,Persuasion
Nurse Rooke,C,0,4,Persuasion
Nurse Rooke,I,0,4,Persuasion
Nurse Rooke,A,0,4,Persuasion
Nurse Rooke,DC,0,4,Persuasion
Nurse Rooke,DN,0,4,Persuasion
Penelope,N,0,4,Persuasion
Penelope,C,0,4,Persuasion
Penelope,I,0,4,Persuasion
Penelope,A,0,4,Persuasion
Penelope,DC,0,4,Persuasion
Penelope,DN,0,4,Persuasion
Sir Walter,N,0,4,Persuasion
Sir Walter,C,0,4,Persuasion
Sir Walter,I,0,4,Persuasion
Sir Walter,A,0,4,Persuasion
Sir Walter,DC,0,4,Persuasion
Sir Walter,DN,0,4,Persuasion
Sophy,N,0,4,Persuasion
Sophy,C,0,4,Persuasion
Sophy,I,0,4,Persuasion
Sophy,A,0,4,Persuasion
Sophy,DC,0,4,Persuasion
Sophy,DN,0,4,Persuasion
The Mr Musgroves,N,0,4,Persuasion
The Mr Musgroves,C,0,4,Persuasion
The Mr Musgroves,I,0,4,Persuasion
The Mr Musgroves,A,0,4,Persuasion
The Mr Musgroves,DC,0,4,Persuasion
The Mr Musgroves,DN,0,4,Persuasion
The little Durands,N,0,4,Persuasion
The little Durands,C,0,4,Persuasion
The little Durands,I,0,4,Persuasion
The little Durands,A,0,4,Persuasion
The little Durands,DC,0,4,Persuasion
The little Durands,DN,0,4,Persuasion
Winthrop,N,0,4,Persuasion
Winthrop,C,0,4,Persuasion
Winthrop,I,0,4,Persuasion
Winthrop,A,0,4,Persuasion
Winthrop,DC,0,4,Persuasion
Winthrop,DN,0,4,Persuasion
old Sir Archibald Drew,N,0,4,Persuasion
old Sir Archibald Drew,C,0,4,Persuasion
old Sir Archibald Drew,I,0,4,Persuasion
old Sir Archibald Drew,A,0,4,Persuasion
old Sir Archibald Drew,DC,0,4,Persuasion
old Sir Archibald Drew,DN,0,4,Persuasion
the Asp,N,0,4,Persuasion
the Asp,C,0,4,Persuasion
the Asp,I,0,4,Persuasion
the Asp,A,0,4,Persuasion
the Asp,DC,0,4,Persuasion
the Asp,DN,0,4,Persuasion
the Crofts,N,0,4,Persuasion
the Crofts,C,0,4,Persuasion
the Crofts,I,0,4,Persuasion
the Crofts,A,0,4,Persuasion
the Crofts,DC,0,4,Persuasion
the Crofts,DN,0,4,Persuasion
the Dalrymples,N,0,4,Persuasion
the Dalrymples,C,0,4,Persuasion
the Dalrymples,I,0,4,Persuasion
the Dalrymples,A,0,4,Persuasion
the Dalrymples,DC,0,4,Persuasion
the Dalrymples,DN,0,4,Persuasion
the Harvilles,N,0,4,Persuasion
the Harvilles,C,0,4,Persuasion
the Harvilles,I,0,4,Persuasion
the Harvilles,A,0,4,Persuasion
the Harvilles,DC,0,4,Persuasion
the Harvilles,DN,0,4,Persuasion
the Hayters,N,0,4,Persuasion
the Hayters,C,0,4,Persuasion
the Hayters,I,0,4,Persuasion
the Hayters,A,0,4,Persuasion
the Hayters,DC,0,4,Persuasion
the Hayters,DN,0,4,Persuasion
the Miss Musgroves,N,0,4,Persuasion
the Miss Musgroves,C,0,4,Persuasion
the Miss Musgroves,I,0,4,Persuasion
the Miss Musgroves,A,0,4,Persuasion
the Miss Musgroves,DC,0,4,Persuasion
the Miss Musgroves,DN,0,4,Persuasion
Admiral Baldwin,N,0,5,Persuasion
Admiral Baldwin,C,0,5,Persuasion
Admiral Baldwin,I,0,5,Persuasion
Admiral Baldwin,A,0,5,Persuasion
Admiral Baldwin,DC,0,5,Persuasion
Admiral Baldwin,DN,0,5,Persuasion
Admiral Croft,N,0,5,Persuasion
Admiral Croft,C,0,5,Persuasion
Admiral Croft,I,0,5,Persuasion
Admiral Croft,A,0,5,Persuasion
Admiral Croft,DC,0,5,Persuasion
Admiral Croft,DN,0,5,Persuasion
Anne,N,0,5,Persuasion
Anne,C,0,5,Persuasion
Anne,I,0,5,Persuasion
Anne,A,0,5,Persuasion
Anne,DC,0,5,Persuasion
Anne,DN,0,5,Persuasion
Captain Benwick,N,0,5,Persuasion
Captain Benwick,C,0,5,Persuasion
Captain Benwick,I,0,5,Persuasion
Captain Benwick,A,0,5,Persuasion
Captain Benwick,DC,0,5,Persuasion
Captain Benwick,DN,0,5,Persuasion
Captain Harville,N,0,5,Persuasion
Captain Harville,C,0,5,Persuasion
Captain Harville,I,0,5,Persuasion
Captain Harville,A,0,5,Persuasion
Captain Harville,DC,0,5,Persuasion
Captain Harville,DN,0,5,Persuasion
Captain Wentworth,N,0,5,Persuasion
Captain Wentworth,C,0,5,Persuasion
Captain Wentworth,I,0,5,Persuasion
Captain Wentworth,A,0,5,Persuasion
Captain Wentworth,DC,0,5,Persuasion
Captain Wentworth,DN,0,5,Persuasion
Charles,N,0,5,Persuasion
Charles,C,0,5,Persuasion
Charles,I,0,5,Persuasion
Charles,A,0,5,Persuasion
Charles,DC,0,5,Persuasion
Charles,DN,0,5,Persuasion
Colonel Wallis,N,0,5,Persuasion
Colonel Wallis,C,0,5,Persuasion
Colonel Wallis,I,0,5,Persuasion
Colonel Wallis,A,0,5,Persuasion
Colonel Wallis,DC,0,5,Persuasion
Colonel Wallis,DN,0,5,Persuasion
Dear Smith,N,0,5,Persuasion
Dear Smith,C,0,5,Persuasion
Dear Smith,I,0,5,Persuasion
Dear Smith,A,0,5,Persuasion
Dear Smith,DC,0,5,Persuasion
Dear Smith,DN,0,5,Persuasion
Dick,N,0,5,Persuasion
Dick,C,0,5,Persuasion
Dick,I,0,5,Persuasion
Dick,A,0,5,Persuasion
Dick,DC,0,5,Persuasion
Dick,DN,0,5,Persuasion
Dr Shirley,N,0,5,Persuasion
Dr Shirley,C,0,5,Persuasion
Dr Shirley,I,0,5,Persuasion
Dr Shirley,A,0,5,Persuasion
Dr Shirley,DC,0,5,Persuasion
Dr Shirley,DN,0,5,Persuasion
Edward,N,0,5,Persuasion
Edward,C,0,5,Persuasion
Edward,I,0,5,Persuasion
Edward,A,0,5,Persuasion
Edward,DC,0,5,Persuasion
Edward,DN,0,5,Persuasion
Elizabeth,N,0,5,Persuasion
Elizabeth,C,0,5,Persuasion
Elizabeth,I,0,5,Persuasion
Elizabeth,A,0,5,Persuasion
Elizabeth,DC,0,5,Persuasion
Elizabeth,DN,0,5,Persuasion
Frederick,N,0,5,Persuasion
Frederick,C,0,5,Persuasion
Frederick,I,0,5,Persuasion
Frederick,A,0,5,Persuasion
Frederick,DC,0,5,Persuasion
Frederick,DN,0,5,Persuasion
God,N,0,5,Persuasion
God,C,0,5,Persuasion
God,I,0,5,Persuasion
God,A,0,5,Persuasion
God,DC,0,5,Persuasion
God,DN,0,5,Persuasion
Henrietta,N,0,5,Persuasion
Henrietta,C,0,5,Persuasion
Henrietta,I,0,5,Persuasion
Henrietta,A,0,5,Persuasion
Henrietta,DC,0,5,Persuasion
Henrietta,DN,0,5,Persuasion
Jemima,N,0,5,Persuasion
Jemima,C,0,5,Persuasion
Jemima,I,0,5,Persuasion
Jemima,A,0,5,Persuasion
Jemima,DC,0,5,Persuasion
Jemima,DN,0,5,Persuasion
Kellynch,N,0,5,Persuasion
Kellynch,C,0,5,Persuasion
Kellynch,I,0,5,Persuasion
Kellynch,A,0,5,Persuasion
Kellynch,DC,0,5,Persuasion
Kellynch,DN,0,5,Persuasion
Lady Dalrymple,N,0,5,Persuasion
Lady Dalrymple,C,0,5,Persuasion
Lady Dalrymple,I,0,5,Persuasion
Lady Dalrymple,A,0,5,Persuasion
Lady Dalrymple,DC,0,5,Persuasion
Lady Dalrymple,DN,0,5,Persuasion
Lady Elliot,N,0,5,Persuasion
Lady Elliot,C,0,5,Persuasion
Lady Elliot,I,0,5,Persuasion
Lady Elliot,A,0,5,Persuasion
Lady Elliot,DC,0,5,Persuasion
Lady Elliot,DN,0,5,Persuasion
Lady Russell,N,0,5,Persuasion
Lady Russell,C,0,5,Persuasion
Lady Russell,I,0,5,Persuasion
Lady Russell,A,0,5,Persuasion
Lady Russell,DC,0,5,Persuasion
Lady Russell,DN,0,5,Persuasion
Louisa,N,0,5,Persuasion
Louisa,C,0,5,Persuasion
Louisa,I,0,5,Persuasion
Louisa,A,0,5,Persuasion
Louisa,DC,0,5,Persuasion
Louisa,DN,0,5,Persuasion
Mary,N,0,5,Persuasion
Mary,C,0,5,Persuasion
Mary,I,0,5,Persuasion
Mary,A,0,5,Persuasion
Mary,DC,0,5,Persuasion
Mary,DN,0,5,Persuasion
Miss Atkinson,N,0,5,Persuasion
Miss Atkinson,C,0,5,Persuasion
Miss Atkinson,I,0,5,Persuasion
Miss Atkinson,A,0,5,Persuasion
Miss Atkinson,DC,0,5,Persuasion
Miss Atkinson,DN,0,5,Persuasion
Miss Carteret,N,0,5,Persuasion
Miss Carteret,C,0,5,Persuasion
Miss Carteret,I,0,5,Persuasion
Miss Carteret,A,0,5,Persuasion
Miss Carteret,DC,0,5,Persuasion
Miss Carteret,DN,0,5,Persuasion
Miss Hamilton,N,0,5,Persuasion
Miss Hamilton,C,0,5,Persuasion
Miss Hamilton,I,0,5,Persuasion
Miss Hamilton,A,0,5,Persuasion
Miss Hamilton,DC,0,5,Persuasion
Miss Hamilton,DN,0,5,Persuasion
Mr Elliot,N,0,5,Persuasion
Mr Elliot,C,0,5,Persuasion
Mr Elliot,I,0,5,Persuasion
Mr Elliot,A,0,5,Persuasion
Mr Elliot,DC,0,5,Persuasion
Mr Elliot,DN,0,5,Persuasion
Mr Shepherd,N,0,5,Persuasion
Mr Shepherd,C,0,5,Persuasion
Mr Shepherd,I,0,5,Persuasion
Mr Shepherd,A,0,5,Persuasion
Mr Shepherd,DC,0,5,Persuasion
Mr Shepherd,DN,0,5,Persuasion
Mr Smith,N,0,5,Persuasion
Mr Smith,C,0,5,Persuasion
Mr Smith,I,0,5,Persuasion
Mr Smith,A,0,5,Persuasion
Mr Smith,DC,0,5,Persuasion
Mr Smith,DN,0,5,Persuasion
Mr Wentworth,N,0,5,Persuasion
Mr Wentworth,C,0,5,Persuasion
Mr Wentworth,I,0,5,Persuasion
Mr Wentworth,A,0,5,Persuasion
Mr Wentworth,DC,0,5,Persuasion
Mr Wentworth,DN,0,5,Persuasion
Mrs Clay,N,0,5,Persuasion
Mrs Clay,C,0,5,Persuasion
Mrs Clay,I,0,5,Persuasion
Mrs Clay,A,0,5,Persuasion
Mrs Clay,DC,0,5,Persuasion
Mrs Clay,DN,0,5,Persuasion
Mrs Croft,N,0,5,Persuasion
Mrs Croft,C,0,5,Persuasion
Mrs Croft,I,0,5,Persuasion
Mrs Croft,A,0,5,Persuasion
Mrs Croft,DC,0,5,Persuasion
Mrs Croft,DN,0,5,Persuasion
Mrs Harville,N,0,5,Persuasion
Mrs Harville,C,0,5,Persuasion
Mrs Harville,I,0,5,Persuasion
Mrs Harville,A,0,5,Persuasion
Mrs Harville,DC,0,5,Persuasion
Mrs Harville,DN,0,5,Persuasion
Mrs Musgrove,N,0,5,Persuasion
Mrs Musgrove,C,0,5,Persuasion
Mrs Musgrove,I,0,5,Persuasion
Mrs Musgrove,A,0,5,Persuasion
Mrs Musgrove,DC,0,5,Persuasion
Mrs Musgrove,DN,0,5,Persuasion
Mrs Rooke,N,0,5,Persuasion
Mrs Rooke,C,0,5,Persuasion
Mrs Rooke,I,0,5,Persuasion
Mrs Rooke,A,0,5,Persuasion
Mrs Rooke,DC,0,5,Persuasion
Mrs Rooke,DN,0,5,Persuasion
Mrs Shirley,N,0,5,Persuasion
Mrs Shirley,C,0,5,Persuasion
Mrs Shirley,I,0,5,Persuasion
Mrs Shirley,A,0,5,Persuasion
Mrs Shirley,DC,0,5,Persuasion
Mrs Shirley,DN,0,5,Persuasion
Mrs Smith,N,0,5,Persuasion
Mrs Smith,C,0,5,Persuasion
Mrs Smith,I,0,5,Persuasion
Mrs Smith,A,0,5,Persuasion
Mrs Smith,DC,0,5,Persuasion
Mrs Smith,DN,0,5,Persuasion
Mrs Wallis,N,0,5,Persuasion
Mrs Wallis,C,0,5,Persuasion
Mrs Wallis,I,0,5,Persuasion
Mrs Wallis,A,0,5,Persuasion
Mrs Wallis,DC,0,5,Persuasion
Mrs Wallis,DN,0,5,Persuasion
Nurse Rooke,N,0,5,Persuasion
Nurse Rooke,C,0,5,Persuasion
Nurse Rooke,I,0,5,Persuasion
Nurse Rooke,A,0,5,Persuasion
Nurse Rooke,DC,0,5,Persuasion
Nurse Rooke,DN,0,5,Persuasion
Penelope,N,0,5,Persuasion
Penelope,C,0,5,Persuasion
Penelope,I,0,5,Persuasion
Penelope,A,0,5,Persuasion
Penelope,DC,0,5,Persuasion
Penelope,DN,0,5,Persuasion
Sir Walter,N,0,5,Persuasion
Sir Walter,C,0,5,Persuasion
Sir Walter,I,0,5,Persuasion
Sir Walter,A,0,5,Persuasion
Sir Walter,DC,0,5,Persuasion
Sir Walter,DN,0,5,Persuasion
Sophy,N,0,5,Persuasion
Sophy,C,0,5,Persuasion
Sophy,I,0,5,Persuasion
Sophy,A,0,5,Persuasion
Sophy,DC,0,5,Persuasion
Sophy,DN,0,5,Persuasion
The Mr Musgroves,N,0,5,Persuasion
The Mr Musgroves,C,0,5,Persuasion
The Mr Musgroves,I,0,5,Persuasion
The Mr Musgroves,A,0,5,Persuasion
The Mr Musgroves,DC,0,5,Persuasion
The Mr Musgroves,DN,0,5,Persuasion
The little Durands,N,0,5,Persuasion
The little Durands,C,0,5,Persuasion
The little Durands,I,0,5,Persuasion
The little Durands,A,0,5,Persuasion
The little Durands,DC,0,5,Persuasion
The little Durands,DN,0,5,Persuasion
Winthrop,N,0,5,Persuasion
Winthrop,C,0,5,Persuasion
Winthrop,I,0,5,Persuasion
Winthrop,A,0,5,Persuasion
Winthrop,DC,0,5,Persuasion
Winthrop,DN,0,5,Persuasion
old Sir Archibald Drew,N,0,5,Persuasion
old Sir Archibald Drew,C,0,5,Persuasion
old Sir Archibald Drew,I,0,5,Persuasion
old Sir Archibald Drew,A,0,5,Persuasion
old Sir Archibald Drew,DC,0,5,Persuasion
old Sir Archibald Drew,DN,0,5,Persuasion
the Asp,N,0,5,Persuasion
the Asp,C,0,5,Persuasion
the Asp,I,0,5,Persuasion
the Asp,A,0,5,Persuasion
the Asp,DC,0,5,Persuasion
the Asp,DN,0,5,Persuasion
the Crofts,N,0,5,Persuasion
the Crofts,C,0,5,Persuasion
the Crofts,I,0,5,Persuasion
the Crofts,A,0,5,Persuasion
the Crofts,DC,0,5,Persuasion
the Crofts,DN,0,5,Persuasion
the Dalrymples,N,0,5,Persuasion
the Dalrymples,C,0,5,Persuasion
the Dalrymples,I,0,5,Persuasion
the Dalrymples,A,0,5,Persuasion
the Dalrymples,DC,0,5,Persuasion
the Dalrymples,DN,0,5,Persuasion
the Harvilles,N,0,5,Persuasion
the Harvilles,C,0,5,Persuasion
the Harvilles,I,0,5,Persuasion
the Harvilles,A,0,5,Persuasion
the Harvilles,DC,0,5,Persuasion
the Harvilles,DN,0,5,Persuasion
the Hayters,N,0,5,Persuasion
the Hayters,C,0,5,Persuasion
the Hayters,I,0,5,Persuasion
the Hayters,A,0,5,Persuasion
the Hayters,DC,0,5,Persuasion
the Hayters,DN,0,5,Persuasion
the Miss Musgroves,N,0,5,Persuasion
the Miss Musgroves,C,0,5,Persuasion
the Miss Musgroves,I,0,5,Persuasion
the Miss Musgroves,A,0,5,Persuasion
the Miss Musgroves,DC,0,5,Persuasion
the Miss Musgroves,DN,0,5,Persuasion
Admiral Baldwin,N,0,6,Persuasion
Admiral Baldwin,C,0,6,Persuasion
Admiral Baldwin,I,0,6,Persuasion
Admiral Baldwin,A,0,6,Persuasion
Admiral Baldwin,DC,0,6,Persuasion
Admiral Baldwin,DN,0,6,Persuasion
Admiral Croft,N,0,6,Persuasion
Admiral Croft,C,0,6,Persuasion
Admiral Croft,I,0,6,Persuasion
Admiral Croft,A,0,6,Persuasion
Admiral Croft,DC,0,6,Persuasion
Admiral Croft,DN,0,6,Persuasion
Anne,N,0,6,Persuasion
Anne,C,0,6,Persuasion
Anne,I,0,6,Persuasion
Anne,A,0,6,Persuasion
Anne,DC,0,6,Persuasion
Anne,DN,0,6,Persuasion
Captain Benwick,N,0,6,Persuasion
Captain Benwick,C,0,6,Persuasion
Captain Benwick,I,0,6,Persuasion
Captain Benwick,A,0,6,Persuasion
Captain Benwick,DC,0,6,Persuasion
Captain Benwick,DN,0,6,Persuasion
Captain Harville,N,0,6,Persuasion
Captain Harville,C,0,6,Persuasion
Captain Harville,I,0,6,Persuasion
Captain Harville,A,0,6,Persuasion
Captain Harville,DC,0,6,Persuasion
Captain Harville,DN,0,6,Persuasion
Captain Wentworth,N,0,6,Persuasion
Captain Wentworth,C,0,6,Persuasion
Captain Wentworth,I,0,6,Persuasion
Captain Wentworth,A,0,6,Persuasion
Captain Wentworth,DC,0,6,Persuasion
Captain Wentworth,DN,0,6,Persuasion
Charles,N,0,6,Persuasion
Charles,C,0,6,Persuasion
Charles,I,0,6,Persuasion
Charles,A,0,6,Persuasion
Charles,DC,0,6,Persuasion
Charles,DN,0,6,Persuasion
Colonel Wallis,N,0,6,Persuasion
Colonel Wallis,C,0,6,Persuasion
Colonel Wallis,I,0,6,Persuasion
Colonel Wallis,A,0,6,Persuasion
Colonel Wallis,DC,0,6,Persuasion
Colonel Wallis,DN,0,6,Persuasion
Dear Smith,N,0,6,Persuasion
Dear Smith,C,0,6,Persuasion
Dear Smith,I,0,6,Persuasion
Dear Smith,A,0,6,Persuasion
Dear Smith,DC,0,6,Persuasion
Dear Smith,DN,0,6,Persuasion
Dick,N,0,6,Persuasion
Dick,C,0,6,Persuasion
Dick,I,0,6,Persuasion
Dick,A,0,6,Persuasion
Dick,DC,0,6,Persuasion
Dick,DN,0,6,Persuasion
Dr Shirley,N,0,6,Persuasion
Dr Shirley,C,0,6,Persuasion
Dr Shirley,I,0,6,Persuasion
Dr Shirley,A,0,6,Persuasion
Dr Shirley,DC,0,6,Persuasion
Dr Shirley,DN,0,6,Persuasion
Edward,N,0,6,Persuasion
Edward,C,0,6,Persuasion
Edward,I,0,6,Persuasion
Edward,A,0,6,Persuasion
Edward,DC,0,6,Persuasion
Edward,DN,0,6,Persuasion
Elizabeth,N,0,6,Persuasion
Elizabeth,C,0,6,Persuasion
Elizabeth,I,0,6,Persuasion
Elizabeth,A,0,6,Persuasion
Elizabeth,DC,0,6,Persuasion
Elizabeth,DN,0,6,Persuasion
Frederick,N,0,6,Persuasion
Frederick,C,0,6,Persuasion
Frederick,I,0,6,Persuasion
Frederick,A,0,6,Persuasion
Frederick,DC,0,6,Persuasion
Frederick,DN,0,6,Persuasion
God,N,0,6,Persuasion
God,C,0,6,Persuasion
God,I,0,6,Persuasion
God,A,0,6,Persuasion
God,DC,0,6,Persuasion
God,DN,0,6,Persuasion
Henrietta,N,0,6,Persuasion
Henrietta,C,0,6,Persuasion
Henrietta,I,0,6,Persuasion
Henrietta,A,0,6,Persuasion
Henrietta,DC,0,6,Persuasion
Henrietta,DN,0,6,Persuasion
Jemima,N,0,6,Persuasion
Jemima,C,0,6,Persuasion
Jemima,I,0,6,Persuasion
Jemima,A,0,6,Persuasion
Jemima,DC,0,6,Persuasion
Jemima,DN,0,6,Persuasion
Kellynch,N,0,6,Persuasion
Kellynch,C,0,6,Persuasion
Kellynch,I,0,6,Persuasion
Kellynch,A,0,6,Persuasion
Kellynch,DC,0,6,Persuasion
Kellynch,DN,0,6,Persuasion
Lady Dalrymple,N,0,6,Persuasion
Lady Dalrymple,C,0,6,Persuasion
Lady Dalrymple,I,0,6,Persuasion
Lady Dalrymple,A,0,6,Persuasion
Lady Dalrymple,DC,0,6,Persuasion
Lady Dalrymple,DN,0,6,Persuasion
Lady Elliot,N,0,6,Persuasion
Lady Elliot,C,0,6,Persuasion
Lady Elliot,I,0,6,Persuasion
Lady Elliot,A,0,6,Persuasion
Lady Elliot,DC,0,6,Persuasion
Lady Elliot,DN,0,6,Persuasion
Lady Russell,N,0,6,Persuasion
Lady Russell,C,0,6,Persuasion
Lady Russell,I,0,6,Persuasion
Lady Russell,A,0,6,Persuasion
Lady Russell,DC,0,6,Persuasion
Lady Russell,DN,0,6,Persuasion
Louisa,N,0,6,Persuasion
Louisa,C,0,6,Persuasion
Louisa,I,0,6,Persuasion
Louisa,A,0,6,Persuasion
Louisa,DC,0,6,Persuasion
Louisa,DN,0,6,Persuasion
Mary,N,0,6,Persuasion
Mary,C,0,6,Persuasion
Mary,I,0,6,Persuasion
Mary,A,0,6,Persuasion
Mary,DC,0,6,Persuasion
Mary,DN,0,6,Persuasion
Miss Atkinson,N,0,6,Persuasion
Miss Atkinson,C,0,6,Persuasion
Miss Atkinson,I,0,6,Persuasion
Miss Atkinson,A,0,6,Persuasion
Miss Atkinson,DC,0,6,Persuasion
Miss Atkinson,DN,0,6,Persuasion
Miss Carteret,N,0,6,Persuasion
Miss Carteret,C,0,6,Persuasion
Miss Carteret,I,0,6,Persuasion
Miss Carteret,A,0,6,Persuasion
Miss Carteret,DC,0,6,Persuasion
Miss Carteret,DN,0,6,Persuasion
Miss Hamilton,N,0,6,Persuasion
Miss Hamilton,C,0,6,Persuasion
Miss Hamilton,I,0,6,Persuasion
Miss Hamilton,A,0,6,Persuasion
Miss Hamilton,DC,0,6,Persuasion
Miss Hamilton,DN,0,6,Persuasion
Mr Elliot,N,0,6,Persuasion
Mr Elliot,C,0,6,Persuasion
Mr Elliot,I,0,6,Persuasion
Mr Elliot,A,0,6,Persuasion
Mr Elliot,DC,0,6,Persuasion
Mr Elliot,DN,0,6,Persuasion
Mr Shepherd,N,0,6,Persuasion
Mr Shepherd,C,0,6,Persuasion
Mr Shepherd,I,0,6,Persuasion
Mr Shepherd,A,0,6,Persuasion
Mr Shepherd,DC,0,6,Persuasion
Mr Shepherd,DN,0,6,Persuasion
Mr Smith,N,0,6,Persuasion
Mr Smith,C,0,6,Persuasion
Mr Smith,I,0,6,Persuasion
Mr Smith,A,0,6,Persuasion
Mr Smith,DC,0,6,Persuasion
Mr Smith,DN,0,6,Persuasion
Mr Wentworth,N,0,6,Persuasion
Mr Wentworth,C,0,6,Persuasion
Mr Wentworth,I,0,6,Persuasion
Mr Wentworth,A,0,6,Persuasion
Mr Wentworth,DC,0,6,Persuasion
Mr Wentworth,DN,0,6,Persuasion
Mrs Clay,N,0,6,Persuasion
Mrs Clay,C,0,6,Persuasion
Mrs Clay,I,0,6,Persuasion
Mrs Clay,A,0,6,Persuasion
Mrs Clay,DC,0,6,Persuasion
Mrs Clay,DN,0,6,Persuasion
Mrs Croft,N,0,6,Persuasion
Mrs Croft,C,0,6,Persuasion
Mrs Croft,I,0,6,Persuasion
Mrs Croft,A,0,6,Persuasion
Mrs Croft,DC,0,6,Persuasion
Mrs Croft,DN,0,6,Persuasion
Mrs Harville,N,0,6,Persuasion
Mrs Harville,C,0,6,Persuasion
Mrs Harville,I,0,6,Persuasion
Mrs Harville,A,0,6,Persuasion
Mrs Harville,DC,0,6,Persuasion
Mrs Harville,DN,0,6,Persuasion
Mrs Musgrove,N,0,6,Persuasion
Mrs Musgrove,C,0,6,Persuasion
Mrs Musgrove,I,0,6,Persuasion
Mrs Musgrove,A,0,6,Persuasion
Mrs Musgrove,DC,0,6,Persuasion
Mrs Musgrove,DN,0,6,Persuasion
Mrs Rooke,N,0,6,Persuasion
Mrs Rooke,C,0,6,Persuasion
Mrs Rooke,I,0,6,Persuasion
Mrs Rooke,A,0,6,Persuasion
Mrs Rooke,DC,0,6,Persuasion
Mrs Rooke,DN,0,6,Persuasion
Mrs Shirley,N,0,6,Persuasion
Mrs Shirley,C,0,6,Persuasion
Mrs Shirley,I,0,6,Persuasion
Mrs Shirley,A,0,6,Persuasion
Mrs Shirley,DC,0,6,Persuasion
Mrs Shirley,DN,0,6,Persuasion
Mrs Smith,N,0,6,Persuasion
Mrs Smith,C,0,6,Persuasion
Mrs Smith,I,0,6,Persuasion
Mrs Smith,A,0,6,Persuasion
Mrs Smith,DC,0,6,Persuasion
Mrs Smith,DN,0,6,Persuasion
Mrs Wallis,N,0,6,Persuasion
Mrs Wallis,C,0,6,Persuasion
Mrs Wallis,I,0,6,Persuasion
Mrs Wallis,A,0,6,Persuasion
Mrs Wallis,DC,0,6,Persuasion
Mrs Wallis,DN,0,6,Persuasion
Nurse Rooke,N,0,6,Persuasion
Nurse Rooke,C,0,6,Persuasion
Nurse Rooke,I,0,6,Persuasion
Nurse Rooke,A,0,6,Persuasion
Nurse Rooke,DC,0,6,Persuasion
Nurse Rooke,DN,0,6,Persuasion
Penelope,N,0,6,Persuasion
Penelope,C,0,6,Persuasion
Penelope,I,0,6,Persuasion
Penelope,A,0,6,Persuasion
Penelope,DC,0,6,Persuasion
Penelope,DN,0,6,Persuasion
Sir Walter,N,0,6,Persuasion
Sir Walter,C,0,6,Persuasion
Sir Walter,I,0,6,Persuasion
Sir Walter,A,0,6,Persuasion
Sir Walter,DC,0,6,Persuasion
Sir Walter,DN,0,6,Persuasion
Sophy,N,0,6,Persuasion
Sophy,C,0,6,Persuasion
Sophy,I,0,6,Persuasion
Sophy,A,0,6,Persuasion
Sophy,DC,0,6,Persuasion
Sophy,DN,0,6,Persuasion
The Mr Musgroves,N,0,6,Persuasion
The Mr Musgroves,C,0,6,Persuasion
The Mr Musgroves,I,0,6,Persuasion
The Mr Musgroves,A,0,6,Persuasion
The Mr Musgroves,DC,0,6,Persuasion
The Mr Musgroves,DN,0,6,Persuasion
The little Durands,N,0,6,Persuasion
The little Durands,C,0,6,Persuasion
The little Durands,I,0,6,Persuasion
The little Durands,A,0,6,Persuasion
The little Durands,DC,0,6,Persuasion
The little Durands,DN,0,6,Persuasion
Winthrop,N,0,6,Persuasion
Winthrop,C,0,6,Persuasion
Winthrop,I,0,6,Persuasion
Winthrop,A,0,6,Persuasion
Winthrop,DC,0,6,Persuasion
Winthrop,DN,0,6,Persuasion
old Sir Archibald Drew,N,0,6,Persuasion
old Sir Archibald Drew,C,0,6,Persuasion
old Sir Archibald Drew,I,0,6,Persuasion
old Sir Archibald Drew,A,0,6,Persuasion
old Sir Archibald Drew,DC,0,6,Persuasion
old Sir Archibald Drew,DN,0,6,Persuasion
the Asp,N,0,6,Persuasion
the Asp,C,0,6,Persuasion
the Asp,I,0,6,Persuasion
the Asp,A,0,6,Persuasion
the Asp,DC,0,6,Persuasion
the Asp,DN,0,6,Persuasion
the Crofts,N,0,6,Persuasion
the Crofts,C,0,6,Persuasion
the Crofts,I,0,6,Persuasion
the Crofts,A,0,6,Persuasion
the Crofts,DC,0,6,Persuasion
the Crofts,DN,0,6,Persuasion
the Dalrymples,N,0,6,Persuasion
the Dalrymples,C,0,6,Persuasion
the Dalrymples,I,0,6,Persuasion
the Dalrymples,A,0,6,Persuasion
the Dalrymples,DC,0,6,Persuasion
the Dalrymples,DN,0,6,Persuasion
the Harvilles,N,0,6,Persuasion
the Harvilles,C,0,6,Persuasion
the Harvilles,I,0,6,Persuasion
the Harvilles,A,0,6,Persuasion
the Harvilles,DC,0,6,Persuasion
the Harvilles,DN,0,6,Persuasion
the Hayters,N,0,6,Persuasion
the Hayters,C,0,6,Persuasion
the Hayters,I,0,6,Persuasion
the Hayters,A,0,6,Persuasion
the Hayters,DC,0,6,Persuasion
the Hayters,DN,0,6,Persuasion
the Miss Musgroves,N,0,6,Persuasion
the Miss Musgroves,C,0,6,Persuasion
the Miss Musgroves,I,0,6,Persuasion
the Miss Musgroves,A,0,6,Persuasion
the Miss Musgroves,DC,0,6,Persuasion
the Miss Musgroves,DN,0,6,Persuasion
Admiral Baldwin,N,0,7,Persuasion
Admiral Baldwin,C,0,7,Persuasion
Admiral Baldwin,I,0,7,Persuasion
Admiral Baldwin,A,0,7,Persuasion
Admiral Baldwin,DC,0,7,Persuasion
Admiral Baldwin,DN,0,7,Persuasion
Admiral Croft,N,0,7,Persuasion
Admiral Croft,C,0,7,Persuasion
Admiral Croft,I,0,7,Persuasion
Admiral Croft,A,0,7,Persuasion
Admiral Croft,DC,0,7,Persuasion
Admiral Croft,DN,0,7,Persuasion
Anne,N,0,7,Persuasion
Anne,C,0,7,Persuasion
Anne,I,0,7,Persuasion
Anne,A,0,7,Persuasion
Anne,DC,0,7,Persuasion
Anne,DN,0,7,Persuasion
Captain Benwick,N,0,7,Persuasion
Captain Benwick,C,0,7,Persuasion
Captain Benwick,I,0,7,Persuasion
Captain Benwick,A,0,7,Persuasion
Captain Benwick,DC,0,7,Persuasion
Captain Benwick,DN,0,7,Persuasion
Captain Harville,N,0,7,Persuasion
Captain Harville,C,0,7,Persuasion
Captain Harville,I,0,7,Persuasion
Captain Harville,A,0,7,Persuasion
Captain Harville,DC,0,7,Persuasion
Captain Harville,DN,0,7,Persuasion
Captain Wentworth,N,0,7,Persuasion
Captain Wentworth,C,0,7,Persuasion
Captain Wentworth,I,0,7,Persuasion
Captain Wentworth,A,0,7,Persuasion
Captain Wentworth,DC,0,7,Persuasion
Captain Wentworth,DN,0,7,Persuasion
Charles,N,0,7,Persuasion
Charles,C,0,7,Persuasion
Charles,I,0,7,Persuasion
Charles,A,0,7,Persuasion
Charles,DC,0,7,Persuasion
Charles,DN,0,7,Persuasion
Colonel Wallis,N,0,7,Persuasion
Colonel Wallis,C,0,7,Persuasion
Colonel Wallis,I,0,7,Persuasion
Colonel Wallis,A,0,7,Persuasion
Colonel Wallis,DC,0,7,Persuasion
Colonel Wallis,DN,0,7,Persuasion
Dear Smith,N,0,7,Persuasion
Dear Smith,C,0,7,Persuasion
Dear Smith,I,0,7,Persuasion
Dear Smith,A,0,7,Persuasion
Dear Smith,DC,0,7,Persuasion
Dear Smith,DN,0,7,Persuasion
Dick,N,0,7,Persuasion
Dick,C,0,7,Persuasion
Dick,I,0,7,Persuasion
Dick,A,0,7,Persuasion
Dick,DC,0,7,Persuasion
Dick,DN,0,7,Persuasion
Dr Shirley,N,0,7,Persuasion
Dr Shirley,C,0,7,Persuasion
Dr Shirley,I,0,7,Persuasion
Dr Shirley,A,0,7,Persuasion
Dr Shirley,DC,0,7,Persuasion
Dr Shirley,DN,0,7,Persuasion
Edward,N,0,7,Persuasion
Edward,C,0,7,Persuasion
Edward,I,0,7,Persuasion
Edward,A,0,7,Persuasion
Edward,DC,0,7,Persuasion
Edward,DN,0,7,Persuasion
Elizabeth,N,0,7,Persuasion
Elizabeth,C,0,7,Persuasion
Elizabeth,I,0,7,Persuasion
Elizabeth,A,0,7,Persuasion
Elizabeth,DC,0,7,Persuasion
Elizabeth,DN,0,7,Persuasion
Frederick,N,0,7,Persuasion
Frederick,C,0,7,Persuasion
Frederick,I,0,7,Persuasion
Frederick,A,0,7,Persuasion
Frederick,DC,0,7,Persuasion
Frederick,DN,0,7,Persuasion
God,N,0,7,Persuasion
God,C,0,7,Persuasion
God,I,0,7,Persuasion
God,A,0,7,Persuasion
God,DC,0,7,Persuasion
God,DN,0,7,Persuasion
Henrietta,N,0,7,Persuasion
Henrietta,C,0,7,Persuasion
Henrietta,I,0,7,Persuasion
Henrietta,A,0,7,Persuasion
Henrietta,DC,0,7,Persuasion
Henrietta,DN,0,7,Persuasion
Jemima,N,0,7,Persuasion
Jemima,C,0,7,Persuasion
Jemima,I,0,7,Persuasion
Jemima,A,0,7,Persuasion
Jemima,DC,0,7,Persuasion
Jemima,DN,0,7,Persuasion
Kellynch,N,0,7,Persuasion
Kellynch,C,0,7,Persuasion
Kellynch,I,0,7,Persuasion
Kellynch,A,0,7,Persuasion
Kellynch,DC,0,7,Persuasion
Kellynch,DN,0,7,Persuasion
Lady Dalrymple,N,0,7,Persuasion
Lady Dalrymple,C,0,7,Persuasion
Lady Dalrymple,I,0,7,Persuasion
Lady Dalrymple,A,0,7,Persuasion
Lady Dalrymple,DC,0,7,Persuasion
Lady Dalrymple,DN,0,7,Persuasion
Lady Elliot,N,0,7,Persuasion
Lady Elliot,C,0,7,Persuasion
Lady Elliot,I,0,7,Persuasion
Lady Elliot,A,0,7,Persuasion
Lady Elliot,DC,0,7,Persuasion
Lady Elliot,DN,0,7,Persuasion
Lady Russell,N,0,7,Persuasion
Lady Russell,C,0,7,Persuasion
Lady Russell,I,0,7,Persuasion
Lady Russell,A,0,7,Persuasion
Lady Russell,DC,0,7,Persuasion
Lady Russell,DN,0,7,Persuasion
Louisa,N,0,7,Persuasion
Louisa,C,0,7,Persuasion
Louisa,I,0,7,Persuasion
Louisa,A,0,7,Persuasion
Louisa,DC,0,7,Persuasion
Louisa,DN,0,7,Persuasion
Mary,N,0,7,Persuasion
Mary,C,0,7,Persuasion
Mary,I,0,7,Persuasion
Mary,A,0,7,Persuasion
Mary,DC,0,7,Persuasion
Mary,DN,0,7,Persuasion
Miss Atkinson,N,0,7,Persuasion
Miss Atkinson,C,0,7,Persuasion
Miss Atkinson,I,0,7,Persuasion
Miss Atkinson,A,0,7,Persuasion
Miss Atkinson,DC,0,7,Persuasion
Miss Atkinson,DN,0,7,Persuasion
Miss Carteret,N,0,7,Persuasion
Miss Carteret,C,0,7,Persuasion
Miss Carteret,I,0,7,Persuasion
Miss Carteret,A,0,7,Persuasion
Miss Carteret,DC,0,7,Persuasion
Miss Carteret,DN,0,7,Persuasion
Miss Hamilton,N,0,7,Persuasion
Miss Hamilton,C,0,7,Persuasion
Miss Hamilton,I,0,7,Persuasion
Miss Hamilton,A,0,7,Persuasion
Miss Hamilton,DC,0,7,Persuasion
Miss Hamilton,DN,0,7,Persuasion
Mr Elliot,N,0,7,Persuasion
Mr Elliot,C,0,7,Persuasion
Mr Elliot,I,0,7,Persuasion
Mr Elliot,A,0,7,Persuasion
Mr Elliot,DC,0,7,Persuasion
Mr Elliot,DN,0,7,Persuasion
Mr Shepherd,N,0,7,Persuasion
Mr Shepherd,C,0,7,Persuasion
Mr Shepherd,I,0,7,Persuasion
Mr Shepherd,A,0,7,Persuasion
Mr Shepherd,DC,0,7,Persuasion
Mr Shepherd,DN,0,7,Persuasion
Mr Smith,N,0,7,Persuasion
Mr Smith,C,0,7,Persuasion
Mr Smith,I,0,7,Persuasion
Mr Smith,A,0,7,Persuasion
Mr Smith,DC,0,7,Persuasion
Mr Smith,DN,0,7,Persuasion
Mr Wentworth,N,0,7,Persuasion
Mr Wentworth,C,0,7,Persuasion
Mr Wentworth,I,0,7,Persuasion
Mr Wentworth,A,0,7,Persuasion
Mr Wentworth,DC,0,7,Persuasion
Mr Wentworth,DN,0,7,Persuasion
Mrs Clay,N,0,7,Persuasion
Mrs Clay,C,0,7,Persuasion
Mrs Clay,I,0,7,Persuasion
Mrs Clay,A,0,7,Persuasion
Mrs Clay,DC,0,7,Persuasion
Mrs Clay,DN,0,7,Persuasion
Mrs Croft,N,0,7,Persuasion
Mrs Croft,C,0,7,Persuasion
Mrs Croft,I,0,7,Persuasion
Mrs Croft,A,0,7,Persuasion
Mrs Croft,DC,0,7,Persuasion
Mrs Croft,DN,0,7,Persuasion
Mrs Harville,N,0,7,Persuasion
Mrs Harville,C,0,7,Persuasion
Mrs Harville,I,0,7,Persuasion
Mrs Harville,A,0,7,Persuasion
Mrs Harville,DC,0,7,Persuasion
Mrs Harville,DN,0,7,Persuasion
Mrs Musgrove,N,0,7,Persuasion
Mrs Musgrove,C,0,7,Persuasion
Mrs Musgrove,I,0,7,Persuasion
Mrs Musgrove,A,0,7,Persuasion
Mrs Musgrove,DC,0,7,Persuasion
Mrs Musgrove,DN,0,7,Persuasion
Mrs Rooke,N,0,7,Persuasion
Mrs Rooke,C,0,7,Persuasion
Mrs Rooke,I,0,7,Persuasion
Mrs Rooke,A,0,7,Persuasion
Mrs Rooke,DC,0,7,Persuasion
Mrs Rooke,DN,0,7,Persuasion
Mrs Shirley,N,0,7,Persuasion
Mrs Shirley,C,0,7,Persuasion
Mrs Shirley,I,0,7,Persuasion
Mrs Shirley,A,0,7,Persuasion
Mrs Shirley,DC,0,7,Persuasion
Mrs Shirley,DN,0,7,Persuasion
Mrs Smith,N,0,7,Persuasion
Mrs Smith,C,0,7,Persuasion
Mrs Smith,I,0,7,Persuasion
Mrs Smith,A,0,7,Persuasion
Mrs Smith,DC,0,7,Persuasion
Mrs Smith,DN,0,7,Persuasion
Mrs Wallis,N,0,7,Persuasion
Mrs Wallis,C,0,7,Persuasion
Mrs Wallis,I,0,7,Persuasion
Mrs Wallis,A,0,7,Persuasion
Mrs Wallis,DC,0,7,Persuasion
Mrs Wallis,DN,0,7,Persuasion
Nurse Rooke,N,0,7,Persuasion
Nurse Rooke,C,0,7,Persuasion
Nurse Rooke,I,0,7,Persuasion
Nurse Rooke,A,0,7,Persuasion
Nurse Rooke,DC,0,7,Persuasion
Nurse Rooke,DN,0,7,Persuasion
Penelope,N,0,7,Persuasion
Penelope,C,0,7,Persuasion
Penelope,I,0,7,Persuasion
Penelope,A,0,7,Persuasion
Penelope,DC,0,7,Persuasion
Penelope,DN,0,7,Persuasion
Sir Walter,N,0,7,Persuasion
Sir Walter,C,0,7,Persuasion
Sir Walter,I,0,7,Persuasion
Sir Walter,A,0,7,Persuasion
Sir Walter,DC,0,7,Persuasion
Sir Walter,DN,0,7,Persuasion
Sophy,N,0,7,Persuasion
Sophy,C,0,7,Persuasion
Sophy,I,0,7,Persuasion
Sophy,A,0,7,Persuasion
Sophy,DC,0,7,Persuasion
Sophy,DN,0,7,Persuasion
The Mr Musgroves,N,0,7,Persuasion
The Mr Musgroves,C,0,7,Persuasion
The Mr Musgroves,I,0,7,Persuasion
The Mr Musgroves,A,0,7,Persuasion
The Mr Musgroves,DC,0,7,Persuasion
The Mr Musgroves,DN,0,7,Persuasion
The little Durands,N,0,7,Persuasion
The little Durands,C,0,7,Persuasion
The little Durands,I,0,7,Persuasion
The little Durands,A,0,7,Persuasion
The little Durands,DC,0,7,Persuasion
The little Durands,DN,0,7,Persuasion
Winthrop,N,0,7,Persuasion
Winthrop,C,0,7,Persuasion
Winthrop,I,0,7,Persuasion
Winthrop,A,0,7,Persuasion
Winthrop,DC,0,7,Persuasion
Winthrop,DN,0,7,Persuasion
old Sir Archibald Drew,N,0,7,Persuasion
old Sir Archibald Drew,C,0,7,Persuasion
old Sir Archibald Drew,I,0,7,Persuasion
old Sir Archibald Drew,A,0,7,Persuasion
old Sir Archibald Drew,DC,0,7,Persuasion
old Sir Archibald Drew,DN,0,7,Persuasion
the Asp,N,0,7,Persuasion
the Asp,C,0,7,Persuasion
the Asp,I,0,7,Persuasion
the Asp,A,0,7,Persuasion
the Asp,DC,0,7,Persuasion
the Asp,DN,0,7,Persuasion
the Crofts,N,0,7,Persuasion
the Crofts,C,0,7,Persuasion
the Crofts,I,0,7,Persuasion
the Crofts,A,0,7,Persuasion
the Crofts,DC,0,7,Persuasion
the Crofts,DN,0,7,Persuasion
the Dalrymples,N,0,7,Persuasion
the Dalrymples,C,0,7,Persuasion
the Dalrymples,I,0,7,Persuasion
the Dalrymples,A,0,7,Persuasion
the Dalrymples,DC,0,7,Persuasion
the Dalrymples,DN,0,7,Persuasion
the Harvilles,N,0,7,Persuasion
the Harvilles,C,0,7,Persuasion
the Harvilles,I,0,7,Persuasion
the Harvilles,A,0,7,Persuasion
the Harvilles,DC,0,7,Persuasion
the Harvilles,DN,0,7,Persuasion
the Hayters,N,0,7,Persuasion
the Hayters,C,0,7,Persuasion
the Hayters,I,0,7,Persuasion
the Hayters,A,0,7,Persuasion
the Hayters,DC,0,7,Persuasion
the Hayters,DN,0,7,Persuasion
the Miss Musgroves,N,0,7,Persuasion
the Miss Musgroves,C,0,7,Persuasion
the Miss Musgroves,I,0,7,Persuasion
the Miss Musgroves,A,0,7,Persuasion
the Miss Musgroves,DC,0,7,Persuasion
the Miss Musgroves,DN,0,7,Persuasion
Admiral Baldwin,N,0,8,Persuasion
Admiral Baldwin,C,0,8,Persuasion
Admiral Baldwin,I,0,8,Persuasion
Admiral Baldwin,A,0,8,Persuasion
Admiral Baldwin,DC,0,8,Persuasion
Admiral Baldwin,DN,0,8,Persuasion
Admiral Croft,N,0,8,Persuasion
Admiral Croft,C,0,8,Persuasion
Admiral Croft,I,0,8,Persuasion
Admiral Croft,A,0,8,Persuasion
Admiral Croft,DC,0,8,Persuasion
Admiral Croft,DN,0,8,Persuasion
Anne,N,0,8,Persuasion
Anne,C,0,8,Persuasion
Anne,I,0,8,Persuasion
Anne,A,0,8,Persuasion
Anne,DC,0,8,Persuasion
Anne,DN,0,8,Persuasion
Captain Benwick,N,0,8,Persuasion
Captain Benwick,C,0,8,Persuasion
Captain Benwick,I,0,8,Persuasion
Captain Benwick,A,0,8,Persuasion
Captain Benwick,DC,0,8,Persuasion
Captain Benwick,DN,0,8,Persuasion
Captain Harville,N,0,8,Persuasion
Captain Harville,C,0,8,Persuasion
Captain Harville,I,0,8,Persuasion
Captain Harville,A,0,8,Persuasion
Captain Harville,DC,0,8,Persuasion
Captain Harville,DN,0,8,Persuasion
Captain Wentworth,N,0,8,Persuasion
Captain Wentworth,C,0,8,Persuasion
Captain Wentworth,I,0,8,Persuasion
Captain Wentworth,A,0,8,Persuasion
Captain Wentworth,DC,0,8,Persuasion
Captain Wentworth,DN,0,8,Persuasion
Charles,N,0,8,Persuasion
Charles,C,0,8,Persuasion
Charles,I,0,8,Persuasion
Charles,A,0,8,Persuasion
Charles,DC,0,8,Persuasion
Charles,DN,0,8,Persuasion
Colonel Wallis,N,0,8,Persuasion
Colonel Wallis,C,0,8,Persuasion
Colonel Wallis,I,0,8,Persuasion
Colonel Wallis,A,0,8,Persuasion
Colonel Wallis,DC,0,8,Persuasion
Colonel Wallis,DN,0,8,Persuasion
Dear Smith,N,0,8,Persuasion
Dear Smith,C,0,8,Persuasion
Dear Smith,I,0,8,Persuasion
Dear Smith,A,0,8,Persuasion
Dear Smith,DC,0,8,Persuasion
Dear Smith,DN,0,8,Persuasion
Dick,N,0,8,Persuasion
Dick,C,0,8,Persuasion
Dick,I,0,8,Persuasion
Dick,A,0,8,Persuasion
Dick,DC,0,8,Persuasion
Dick,DN,0,8,Persuasion
Dr Shirley,N,0,8,Persuasion
Dr Shirley,C,0,8,Persuasion
Dr Shirley,I,0,8,Persuasion
Dr Shirley,A,0,8,Persuasion
Dr Shirley,DC,0,8,Persuasion
Dr Shirley,DN,0,8,Persuasion
Edward,N,0,8,Persuasion
Edward,C,0,8,Persuasion
Edward,I,0,8,Persuasion
Edward,A,0,8,Persuasion
Edward,DC,0,8,Persuasion
Edward,DN,0,8,Persuasion
Elizabeth,N,0,8,Persuasion
Elizabeth,C,0,8,Persuasion
Elizabeth,I,0,8,Persuasion
Elizabeth,A,0,8,Persuasion
Elizabeth,DC,0,8,Persuasion
Elizabeth,DN,0,8,Persuasion
Frederick,N,0,8,Persuasion
Frederick,C,0,8,Persuasion
Frederick,I,0,8,Persuasion
Frederick,A,0,8,Persuasion
Frederick,DC,0,8,Persuasion
Frederick,DN,0,8,Persuasion
God,N,0,8,Persuasion
God,C,0,8,Persuasion
God,I,0,8,Persuasion
God,A,0,8,Persuasion
God,DC,0,8,Persuasion
God,DN,0,8,Persuasion
Henrietta,N,0,8,Persuasion
Henrietta,C,0,8,Persuasion
Henrietta,I,0,8,Persuasion
Henrietta,A,0,8,Persuasion
Henrietta,DC,0,8,Persuasion
Henrietta,DN,0,8,Persuasion
Jemima,N,0,8,Persuasion
Jemima,C,0,8,Persuasion
Jemima,I,0,8,Persuasion
Jemima,A,0,8,Persuasion
Jemima,DC,0,8,Persuasion
Jemima,DN,0,8,Persuasion
Kellynch,N,0,8,Persuasion
Kellynch,C,0,8,Persuasion
Kellynch,I,0,8,Persuasion
Kellynch,A,0,8,Persuasion
Kellynch,DC,0,8,Persuasion
Kellynch,DN,0,8,Persuasion
Lady Dalrymple,N,0,8,Persuasion
Lady Dalrymple,C,0,8,Persuasion
Lady Dalrymple,I,0,8,Persuasion
Lady Dalrymple,A,0,8,Persuasion
Lady Dalrymple,DC,0,8,Persuasion
Lady Dalrymple,DN,0,8,Persuasion
Lady Elliot,N,0,8,Persuasion
Lady Elliot,C,0,8,Persuasion
Lady Elliot,I,0,8,Persuasion
Lady Elliot,A,0,8,Persuasion
Lady Elliot,DC,0,8,Persuasion
Lady Elliot,DN,0,8,Persuasion
Lady Russell,N,0,8,Persuasion
Lady Russell,C,0,8,Persuasion
Lady Russell,I,0,8,Persuasion
Lady Russell,A,0,8,Persuasion
Lady Russell,DC,0,8,Persuasion
Lady Russell,DN,0,8,Persuasion
Louisa,N,0,8,Persuasion
Louisa,C,0,8,Persuasion
Louisa,I,0,8,Persuasion
Louisa,A,0,8,Persuasion
Louisa,DC,0,8,Persuasion
Louisa,DN,0,8,Persuasion
Mary,N,0,8,Persuasion
Mary,C,0,8,Persuasion
Mary,I,0,8,Persuasion
Mary,A,0,8,Persuasion
Mary,DC,0,8,Persuasion
Mary,DN,0,8,Persuasion
Miss Atkinson,N,0,8,Persuasion
Miss Atkinson,C,0,8,Persuasion
Miss Atkinson,I,0,8,Persuasion
Miss Atkinson,A,0,8,Persuasion
Miss Atkinson,DC,0,8,Persuasion
Miss Atkinson,DN,0,8,Persuasion
Miss Carteret,N,0,8,Persuasion
Miss Carteret,C,0,8,Persuasion
Miss Carteret,I,0,8,Persuasion
Miss Carteret,A,0,8,Persuasion
Miss Carteret,DC,0,8,Persuasion
Miss Carteret,DN,0,8,Persuasion
Miss Hamilton,N,0,8,Persuasion
Miss Hamilton,C,0,8,Persuasion
Miss Hamilton,I,0,8,Persuasion
Miss Hamilton,A,0,8,Persuasion
Miss Hamilton,DC,0,8,Persuasion
Miss Hamilton,DN,0,8,Persuasion
Mr Elliot,N,0,8,Persuasion
Mr Elliot,C,0,8,Persuasion
Mr Elliot,I,0,8,Persuasion
Mr Elliot,A,0,8,Persuasion
Mr Elliot,DC,0,8,Persuasion
Mr Elliot,DN,0,8,Persuasion
Mr Shepherd,N,0,8,Persuasion
Mr Shepherd,C,0,8,Persuasion
Mr Shepherd,I,0,8,Persuasion
Mr Shepherd,A,0,8,Persuasion
Mr Shepherd,DC,0,8,Persuasion
Mr Shepherd,DN,0,8,Persuasion
Mr Smith,N,0,8,Persuasion
Mr Smith,C,0,8,Persuasion
Mr Smith,I,0,8,Persuasion
Mr Smith,A,0,8,Persuasion
Mr Smith,DC,0,8,Persuasion
Mr Smith,DN,0,8,Persuasion
Mr Wentworth,N,0,8,Persuasion
Mr Wentworth,C,0,8,Persuasion
Mr Wentworth,I,0,8,Persuasion
Mr Wentworth,A,0,8,Persuasion
Mr Wentworth,DC,0,8,Persuasion
Mr Wentworth,DN,0,8,Persuasion
Mrs Clay,N,0,8,Persuasion
Mrs Clay,C,0,8,Persuasion
Mrs Clay,I,0,8,Persuasion
Mrs Clay,A,0,8,Persuasion
Mrs Clay,DC,0,8,Persuasion
Mrs Clay,DN,0,8,Persuasion
Mrs Croft,N,0,8,Persuasion
Mrs Croft,C,0,8,Persuasion
Mrs Croft,I,0,8,Persuasion
Mrs Croft,A,0,8,Persuasion
Mrs Croft,DC,0,8,Persuasion
Mrs Croft,DN,0,8,Persuasion
Mrs Harville,N,0,8,Persuasion
Mrs Harville,C,0,8,Persuasion
Mrs Harville,I,0,8,Persuasion
Mrs Harville,A,0,8,Persuasion
Mrs Harville,DC,0,8,Persuasion
Mrs Harville,DN,0,8,Persuasion
Mrs Musgrove,N,0,8,Persuasion
Mrs Musgrove,C,0,8,Persuasion
Mrs Musgrove,I,0,8,Persuasion
Mrs Musgrove,A,0,8,Persuasion
Mrs Musgrove,DC,0,8,Persuasion
Mrs Musgrove,DN,0,8,Persuasion
Mrs Rooke,N,0,8,Persuasion
Mrs Rooke,C,0,8,Persuasion
Mrs Rooke,I,0,8,Persuasion
Mrs Rooke,A,0,8,Persuasion
Mrs Rooke,DC,0,8,Persuasion
Mrs Rooke,DN,0,8,Persuasion
Mrs Shirley,N,0,8,Persuasion
Mrs Shirley,C,0,8,Persuasion
Mrs Shirley,I,0,8,Persuasion
Mrs Shirley,A,0,8,Persuasion
Mrs Shirley,DC,0,8,Persuasion
Mrs Shirley,DN,0,8,Persuasion
Mrs Smith,N,0,8,Persuasion
Mrs Smith,C,0,8,Persuasion
Mrs Smith,I,0,8,Persuasion
Mrs Smith,A,0,8,Persuasion
Mrs Smith,DC,0,8,Persuasion
Mrs Smith,DN,0,8,Persuasion
Mrs Wallis,N,0,8,Persuasion
Mrs Wallis,C,0,8,Persuasion
Mrs Wallis,I,0,8,Persuasion
Mrs Wallis,A,0,8,Persuasion
Mrs Wallis,DC,0,8,Persuasion
Mrs Wallis,DN,0,8,Persuasion
Nurse Rooke,N,0,8,Persuasion
Nurse Rooke,C,0,8,Persuasion
Nurse Rooke,I,0,8,Persuasion
Nurse Rooke,A,0,8,Persuasion
Nurse Rooke,DC,0,8,Persuasion
Nurse Rooke,DN,0,8,Persuasion
Penelope,N,0,8,Persuasion
Penelope,C,0,8,Persuasion
Penelope,I,0,8,Persuasion
Penelope,A,0,8,Persuasion
Penelope,DC,0,8,Persuasion
Penelope,DN,0,8,Persuasion
Sir Walter,N,0,8,Persuasion
Sir Walter,C,0,8,Persuasion
Sir Walter,I,0,8,Persuasion
Sir Walter,A,0,8,Persuasion
Sir Walter,DC,0,8,Persuasion
Sir Walter,DN,0,8,Persuasion
Sophy,N,0,8,Persuasion
Sophy,C,0,8,Persuasion
Sophy,I,0,8,Persuasion
Sophy,A,0,8,Persuasion
Sophy,DC,0,8,Persuasion
Sophy,DN,0,8,Persuasion
The Mr Musgroves,N,0,8,Persuasion
The Mr Musgroves,C,0,8,Persuasion
The Mr Musgroves,I,0,8,Persuasion
The Mr Musgroves,A,0,8,Persuasion
The Mr Musgroves,DC,0,8,Persuasion
The Mr Musgroves,DN,0,8,Persuasion
The little Durands,N,0,8,Persuasion
The little Durands,C,0,8,Persuasion
The little Durands,I,0,8,Persuasion
The little Durands,A,0,8,Persuasion
The little Durands,DC,0,8,Persuasion
The little Durands,DN,0,8,Persuasion
Winthrop,N,0,8,Persuasion
Winthrop,C,0,8,Persuasion
Winthrop,I,0,8,Persuasion
Winthrop,A,0,8,Persuasion
Winthrop,DC,0,8,Persuasion
Winthrop,DN,0,8,Persuasion
old Sir Archibald Drew,N,0,8,Persuasion
old Sir Archibald Drew,C,0,8,Persuasion
old Sir Archibald Drew,I,0,8,Persuasion
old Sir Archibald Drew,A,0,8,Persuasion
old Sir Archibald Drew,DC,0,8,Persuasion
old Sir Archibald Drew,DN,0,8,Persuasion
the Asp,N,0,8,Persuasion
the Asp,C,0,8,Persuasion
the Asp,I,0,8,Persuasion
the Asp,A,0,8,Persuasion
the Asp,DC,0,8,Persuasion
the Asp,DN,0,8,Persuasion
the Crofts,N,0,8,Persuasion
the Crofts,C,0,8,Persuasion
the Crofts,I,0,8,Persuasion
the Crofts,A,0,8,Persuasion
the Crofts,DC,0,8,Persuasion
the Crofts,DN,0,8,Persuasion
the Dalrymples,N,0,8,Persuasion
the Dalrymples,C,0,8,Persuasion
the Dalrymples,I,0,8,Persuasion
the Dalrymples,A,0,8,Persuasion
the Dalrymples,DC,0,8,Persuasion
the Dalrymples,DN,0,8,Persuasion
the Harvilles,N,0,8,Persuasion
the Harvilles,C,0,8,Persuasion
the Harvilles,I,0,8,Persuasion
the Harvilles,A,0,8,Persuasion
the Harvilles,DC,0,8,Persuasion
the Harvilles,DN,0,8,Persuasion
the Hayters,N,0,8,Persuasion
the Hayters,C,0,8,Persuasion
the Hayters,I,0,8,Persuasion
the Hayters,A,0,8,Persuasion
the Hayters,DC,0,8,Persuasion
the Hayters,DN,0,8,Persuasion
the Miss Musgroves,N,0,8,Persuasion
the Miss Musgroves,C,0,8,Persuasion
the Miss Musgroves,I,0,8,Persuasion
the Miss Musgroves,A,0,8,Persuasion
the Miss Musgroves,DC,0,8,Persuasion
the Miss Musgroves,DN,0,8,Persuasion
Admiral Baldwin,N,0,9,Persuasion
Admiral Baldwin,C,0,9,Persuasion
Admiral Baldwin,I,0,9,Persuasion
Admiral Baldwin,A,0,9,Persuasion
Admiral Baldwin,DC,0,9,Persuasion
Admiral Baldwin,DN,0,9,Persuasion
Admiral Croft,N,0,9,Persuasion
Admiral Croft,C,0,9,Persuasion
Admiral Croft,I,0,9,Persuasion
Admiral Croft,A,0,9,Persuasion
Admiral Croft,DC,0,9,Persuasion
Admiral Croft,DN,0,9,Persuasion
Anne,N,0,9,Persuasion
Anne,C,0,9,Persuasion
Anne,I,0,9,Persuasion
Anne,A,0,9,Persuasion
Anne,DC,0,9,Persuasion
Anne,DN,0,9,Persuasion
Captain Benwick,N,0,9,Persuasion
Captain Benwick,C,0,9,Persuasion
Captain Benwick,I,0,9,Persuasion
Captain Benwick,A,0,9,Persuasion
Captain Benwick,DC,0,9,Persuasion
Captain Benwick,DN,0,9,Persuasion
Captain Harville,N,0,9,Persuasion
Captain Harville,C,0,9,Persuasion
Captain Harville,I,0,9,Persuasion
Captain Harville,A,0,9,Persuasion
Captain Harville,DC,0,9,Persuasion
Captain Harville,DN,0,9,Persuasion
Captain Wentworth,N,0,9,Persuasion
Captain Wentworth,C,0,9,Persuasion
Captain Wentworth,I,0,9,Persuasion
Captain Wentworth,A,0,9,Persuasion
Captain Wentworth,DC,0,9,Persuasion
Captain Wentworth,DN,0,9,Persuasion
Charles,N,0,9,Persuasion
Charles,C,0,9,Persuasion
Charles,I,0,9,Persuasion
Charles,A,0,9,Persuasion
Charles,DC,0,9,Persuasion
Charles,DN,0,9,Persuasion
Colonel Wallis,N,0,9,Persuasion
Colonel Wallis,C,0,9,Persuasion
Colonel Wallis,I,0,9,Persuasion
Colonel Wallis,A,0,9,Persuasion
Colonel Wallis,DC,0,9,Persuasion
Colonel Wallis,DN,0,9,Persuasion
Dear Smith,N,0,9,Persuasion
Dear Smith,C,0,9,Persuasion
Dear Smith,I,0,9,Persuasion
Dear Smith,A,0,9,Persuasion
Dear Smith,DC,0,9,Persuasion
Dear Smith,DN,0,9,Persuasion
Dick,N,0,9,Persuasion
Dick,C,0,9,Persuasion
Dick,I,0,9,Persuasion
Dick,A,0,9,Persuasion
Dick,DC,0,9,Persuasion
Dick,DN,0,9,Persuasion
Dr Shirley,N,0,9,Persuasion
Dr Shirley,C,0,9,Persuasion
Dr Shirley,I,0,9,Persuasion
Dr Shirley,A,0,9,Persuasion
Dr Shirley,DC,0,9,Persuasion
Dr Shirley,DN,0,9,Persuasion
Edward,N,0,9,Persuasion
Edward,C,0,9,Persuasion
Edward,I,0,9,Persuasion
Edward,A,0,9,Persuasion
Edward,DC,0,9,Persuasion
Edward,DN,0,9,Persuasion
Elizabeth,N,0,9,Persuasion
Elizabeth,C,0,9,Persuasion
Elizabeth,I,0,9,Persuasion
Elizabeth,A,0,9,Persuasion
Elizabeth,DC,0,9,Persuasion
Elizabeth,DN,0,9,Persuasion
Frederick,N,0,9,Persuasion
Frederick,C,0,9,Persuasion
Frederick,I,0,9,Persuasion
Frederick,A,0,9,Persuasion
Frederick,DC,0,9,Persuasion
Frederick,DN,0,9,Persuasion
God,N,0,9,Persuasion
God,C,0,9,Persuasion
God,I,0,9,Persuasion
God,A,0,9,Persuasion
God,DC,0,9,Persuasion
God,DN,0,9,Persuasion
Henrietta,N,0,9,Persuasion
Henrietta,C,0,9,Persuasion
Henrietta,I,0,9,Persuasion
Henrietta,A,0,9,Persuasion
Henrietta,DC,0,9,Persuasion
Henrietta,DN,0,9,Persuasion
Jemima,N,0,9,Persuasion
Jemima,C,0,9,Persuasion
Jemima,I,0,9,Persuasion
Jemima,A,0,9,Persuasion
Jemima,DC,0,9,Persuasion
Jemima,DN,0,9,Persuasion
Kellynch,N,0,9,Persuasion
Kellynch,C,0,9,Persuasion
Kellynch,I,0,9,Persuasion
Kellynch,A,0,9,Persuasion
Kellynch,DC,0,9,Persuasion
Kellynch,DN,0,9,Persuasion
Lady Dalrymple,N,0,9,Persuasion
Lady Dalrymple,C,0,9,Persuasion
Lady Dalrymple,I,0,9,Persuasion
Lady Dalrymple,A,0,9,Persuasion
Lady Dalrymple,DC,0,9,Persuasion
Lady Dalrymple,DN,0,9,Persuasion
Lady Elliot,N,0,9,Persuasion
Lady Elliot,C,0,9,Persuasion
Lady Elliot,I,0,9,Persuasion
Lady Elliot,A,0,9,Persuasion
Lady Elliot,DC,0,9,Persuasion
Lady Elliot,DN,0,9,Persuasion
Lady Russell,N,0,9,Persuasion
Lady Russell,C,0,9,Persuasion
Lady Russell,I,0,9,Persuasion
Lady Russell,A,0,9,Persuasion
Lady Russell,DC,0,9,Persuasion
Lady Russell,DN,0,9,Persuasion
Louisa,N,0,9,Persuasion
Louisa,C,0,9,Persuasion
Louisa,I,0,9,Persuasion
Louisa,A,0,9,Persuasion
Louisa,DC,0,9,Persuasion
Louisa,DN,0,9,Persuasion
Mary,N,0,9,Persuasion
Mary,C,0,9,Persuasion
Mary,I,0,9,Persuasion
Mary,A,0,9,Persuasion
Mary,DC,0,9,Persuasion
Mary,DN,0,9,Persuasion
Miss Atkinson,N,0,9,Persuasion
Miss Atkinson,C,0,9,Persuasion
Miss Atkinson,I,0,9,Persuasion
Miss Atkinson,A,0,9,Persuasion
Miss Atkinson,DC,0,9,Persuasion
Miss Atkinson,DN,0,9,Persuasion
Miss Carteret,N,0,9,Persuasion
Miss Carteret,C,0,9,Persuasion
Miss Carteret,I,0,9,Persuasion
Miss Carteret,A,0,9,Persuasion
Miss Carteret,DC,0,9,Persuasion
Miss Carteret,DN,0,9,Persuasion
Miss Hamilton,N,0,9,Persuasion
Miss Hamilton,C,0,9,Persuasion
Miss Hamilton,I,0,9,Persuasion
Miss Hamilton,A,0,9,Persuasion
Miss Hamilton,DC,0,9,Persuasion
Miss Hamilton,DN,0,9,Persuasion
Mr Elliot,N,0,9,Persuasion
Mr Elliot,C,0,9,Persuasion
Mr Elliot,I,0,9,Persuasion
Mr Elliot,A,0,9,Persuasion
Mr Elliot,DC,0,9,Persuasion
Mr Elliot,DN,0,9,Persuasion
Mr Shepherd,N,0,9,Persuasion
Mr Shepherd,C,0,9,Persuasion
Mr Shepherd,I,0,9,Persuasion
Mr Shepherd,A,0,9,Persuasion
Mr Shepherd,DC,0,9,Persuasion
Mr Shepherd,DN,0,9,Persuasion
Mr Smith,N,0,9,Persuasion
Mr Smith,C,0,9,Persuasion
Mr Smith,I,0,9,Persuasion
Mr Smith,A,0,9,Persuasion
Mr Smith,DC,0,9,Persuasion
Mr Smith,DN,0,9,Persuasion
Mr Wentworth,N,0,9,Persuasion
Mr Wentworth,C,0,9,Persuasion
Mr Wentworth,I,0,9,Persuasion
Mr Wentworth,A,0,9,Persuasion
Mr Wentworth,DC,0,9,Persuasion
Mr Wentworth,DN,0,9,Persuasion
Mrs Clay,N,0,9,Persuasion
Mrs Clay,C,0,9,Persuasion
Mrs Clay,I,0,9,Persuasion
Mrs Clay,A,0,9,Persuasion
Mrs Clay,DC,0,9,Persuasion
Mrs Clay,DN,0,9,Persuasion
Mrs Croft,N,0,9,Persuasion
Mrs Croft,C,0,9,Persuasion
Mrs Croft,I,0,9,Persuasion
Mrs Croft,A,0,9,Persuasion
Mrs Croft,DC,0,9,Persuasion
Mrs Croft,DN,0,9,Persuasion
Mrs Harville,N,0,9,Persuasion
Mrs Harville,C,0,9,Persuasion
Mrs Harville,I,0,9,Persuasion
Mrs Harville,A,0,9,Persuasion
Mrs Harville,DC,0,9,Persuasion
Mrs Harville,DN,0,9,Persuasion
Mrs Musgrove,N,0,9,Persuasion
Mrs Musgrove,C,0,9,Persuasion
Mrs Musgrove,I,0,9,Persuasion
Mrs Musgrove,A,0,9,Persuasion
Mrs Musgrove,DC,0,9,Persuasion
Mrs Musgrove,DN,0,9,Persuasion
Mrs Rooke,N,0,9,Persuasion
Mrs Rooke,C,0,9,Persuasion
Mrs Rooke,I,0,9,Persuasion
Mrs Rooke,A,0,9,Persuasion
Mrs Rooke,DC,0,9,Persuasion
Mrs Rooke,DN,0,9,Persuasion
Mrs Shirley,N,0,9,Persuasion
Mrs Shirley,C,0,9,Persuasion
Mrs Shirley,I,0,9,Persuasion
Mrs Shirley,A,0,9,Persuasion
Mrs Shirley,DC,0,9,Persuasion
Mrs Shirley,DN,0,9,Persuasion
Mrs Smith,N,0,9,Persuasion
Mrs Smith,C,0,9,Persuasion
Mrs Smith,I,0,9,Persuasion
Mrs Smith,A,0,9,Persuasion
Mrs Smith,DC,0,9,Persuasion
Mrs Smith,DN,0,9,Persuasion
Mrs Wallis,N,0,9,Persuasion
Mrs Wallis,C,0,9,Persuasion
Mrs Wallis,I,0,9,Persuasion
Mrs Wallis,A,0,9,Persuasion
Mrs Wallis,DC,0,9,Persuasion
Mrs Wallis,DN,0,9,Persuasion
Nurse Rooke,N,0,9,Persuasion
Nurse Rooke,C,0,9,Persuasion
Nurse Rooke,I,0,9,Persuasion
Nurse Rooke,A,0,9,Persuasion
Nurse Rooke,DC,0,9,Persuasion
Nurse Rooke,DN,0,9,Persuasion
Penelope,N,0,9,Persuasion
Penelope,C,0,9,Persuasion
Penelope,I,0,9,Persuasion
Penelope,A,0,9,Persuasion
Penelope,DC,0,9,Persuasion
Penelope,DN,0,9,Persuasion
Sir Walter,N,0,9,Persuasion
Sir Walter,C,0,9,Persuasion
Sir Walter,I,0,9,Persuasion
Sir Walter,A,0,9,Persuasion
Sir Walter,DC,0,9,Persuasion
Sir Walter,DN,0,9,Persuasion
Sophy,N,0,9,Persuasion
Sophy,C,0,9,Persuasion
Sophy,I,0,9,Persuasion
Sophy,A,0,9,Persuasion
Sophy,DC,0,9,Persuasion
Sophy,DN,0,9,Persuasion
The Mr Musgroves,N,0,9,Persuasion
The Mr Musgroves,C,0,9,Persuasion
The Mr Musgroves,I,0,9,Persuasion
The Mr Musgroves,A,0,9,Persuasion
The Mr Musgroves,DC,0,9,Persuasion
The Mr Musgroves,DN,0,9,Persuasion
The little Durands,N,0,9,Persuasion
The little Durands,C,0,9,Persuasion
The little Durands,I,0,9,Persuasion
The little Durands,A,0,9,Persuasion
The little Durands,DC,0,9,Persuasion
The little Durands,DN,0,9,Persuasion
Winthrop,N,0,9,Persuasion
Winthrop,C,0,9,Persuasion
Winthrop,I,0,9,Persuasion
Winthrop,A,0,9,Persuasion
Winthrop,DC,0,9,Persuasion
Winthrop,DN,0,9,Persuasion
old Sir Archibald Drew,N,0,9,Persuasion
old Sir Archibald Drew,C,0,9,Persuasion
old Sir Archibald Drew,I,0,9,Persuasion
old Sir Archibald Drew,A,0,9,Persuasion
old Sir Archibald Drew,DC,0,9,Persuasion
old Sir Archibald Drew,DN,0,9,Persuasion
the Asp,N,0,9,Persuasion
the Asp,C,0,9,Persuasion
the Asp,I,0,9,Persuasion
the Asp,A,0,9,Persuasion
the Asp,DC,0,9,Persuasion
the Asp,DN,0,9,Persuasion
the Crofts,N,0,9,Persuasion
the Crofts,C,0,9,Persuasion
the Crofts,I,0,9,Persuasion
the Crofts,A,0,9,Persuasion
the Crofts,DC,0,9,Persuasion
the Crofts,DN,0,9,Persuasion
the Dalrymples,N,0,9,Persuasion
the Dalrymples,C,0,9,Persuasion
the Dalrymples,I,0,9,Persuasion
the Dalrymples,A,0,9,Persuasion
the Dalrymples,DC,0,9,Persuasion
the Dalrymples,DN,0,9,Persuasion
the Harvilles,N,0,9,Persuasion
the Harvilles,C,0,9,Persuasion
the Harvilles,I,0,9,Persuasion
the Harvilles,A,0,9,Persuasion
the Harvilles,DC,0,9,Persuasion
the Harvilles,DN,0,9,Persuasion
the Hayters,N,0,9,Persuasion
the Hayters,C,0,9,Persuasion
the Hayters,I,0,9,Persuasion
the Hayters,A,0,9,Persuasion
the Hayters,DC,0,9,Persuasion
the Hayters,DN,0,9,Persuasion
the Miss Musgroves,N,0,9,Persuasion
the Miss Musgroves,C,0,9,Persuasion
the Miss Musgroves,I,0,9,Persuasion
the Miss Musgroves,A,0,9,Persuasion
the Miss Musgroves,DC,0,9,Persuasion
the Miss Musgroves,DN,0,9,Persuasion
Admiral Baldwin,N,0,10,Persuasion
Admiral Baldwin,C,0,10,Persuasion
Admiral Baldwin,I,0,10,Persuasion
Admiral Baldwin,A,0,10,Persuasion
Admiral Baldwin,DC,0,10,Persuasion
Admiral Baldwin,DN,0,10,Persuasion
Admiral Croft,N,0,10,Persuasion
Admiral Croft,C,0,10,Persuasion
Admiral Croft,I,0,10,Persuasion
Admiral Croft,A,0,10,Persuasion
Admiral Croft,DC,0,10,Persuasion
Admiral Croft,DN,0,10,Persuasion
Anne,N,0,10,Persuasion
Anne,C,0,10,Persuasion
Anne,I,0,10,Persuasion
Anne,A,0,10,Persuasion
Anne,DC,0,10,Persuasion
Anne,DN,0,10,Persuasion
Captain Benwick,N,0,10,Persuasion
Captain Benwick,C,0,10,Persuasion
Captain Benwick,I,0,10,Persuasion
Captain Benwick,A,0,10,Persuasion
Captain Benwick,DC,0,10,Persuasion
Captain Benwick,DN,0,10,Persuasion
Captain Harville,N,0,10,Persuasion
Captain Harville,C,0,10,Persuasion
Captain Harville,I,0,10,Persuasion
Captain Harville,A,0,10,Persuasion
Captain Harville,DC,0,10,Persuasion
Captain Harville,DN,0,10,Persuasion
Captain Wentworth,N,0,10,Persuasion
Captain Wentworth,C,0,10,Persuasion
Captain Wentworth,I,0,10,Persuasion
Captain Wentworth,A,0,10,Persuasion
Captain Wentworth,DC,0,10,Persuasion
Captain Wentworth,DN,0,10,Persuasion
Charles,N,0,10,Persuasion
Charles,C,0,10,Persuasion
Charles,I,0,10,Persuasion
Charles,A,0,10,Persuasion
Charles,DC,0,10,Persuasion
Charles,DN,0,10,Persuasion
Colonel Wallis,N,0,10,Persuasion
Colonel Wallis,C,0,10,Persuasion
Colonel Wallis,I,0,10,Persuasion
Colonel Wallis,A,0,10,Persuasion
Colonel Wallis,DC,0,10,Persuasion
Colonel Wallis,DN,0,10,Persuasion
Dear Smith,N,0,10,Persuasion
Dear Smith,C,0,10,Persuasion
Dear Smith,I,0,10,Persuasion
Dear Smith,A,0,10,Persuasion
Dear Smith,DC,0,10,Persuasion
Dear Smith,DN,0,10,Persuasion
Dick,N,0,10,Persuasion
Dick,C,0,10,Persuasion
Dick,I,0,10,Persuasion
Dick,A,0,10,Persuasion
Dick,DC,0,10,Persuasion
Dick,DN,0,10,Persuasion
Dr Shirley,N,0,10,Persuasion
Dr Shirley,C,0,10,Persuasion
Dr Shirley,I,0,10,Persuasion
Dr Shirley,A,0,10,Persuasion
Dr Shirley,DC,0,10,Persuasion
Dr Shirley,DN,0,10,Persuasion
Edward,N,0,10,Persuasion
Edward,C,0,10,Persuasion
Edward,I,0,10,Persuasion
Edward,A,0,10,Persuasion
Edward,DC,0,10,Persuasion
Edward,DN,0,10,Persuasion
Elizabeth,N,0,10,Persuasion
Elizabeth,C,0,10,Persuasion
Elizabeth,I,0,10,Persuasion
Elizabeth,A,0,10,Persuasion
Elizabeth,DC,0,10,Persuasion
Elizabeth,DN,0,10,Persuasion
Frederick,N,0,10,Persuasion
Frederick,C,0,10,Persuasion
Frederick,I,0,10,Persuasion
Frederick,A,0,10,Persuasion
Frederick,DC,0,10,Persuasion
Frederick,DN,0,10,Persuasion
God,N,0,10,Persuasion
God,C,0,10,Persuasion
God,I,0,10,Persuasion
God,A,0,10,Persuasion
God,DC,0,10,Persuasion
God,DN,0,10,Persuasion
Henrietta,N,0,10,Persuasion
Henrietta,C,0,10,Persuasion
Henrietta,I,0,10,Persuasion
Henrietta,A,0,10,Persuasion
Henrietta,DC,0,10,Persuasion
Henrietta,DN,0,10,Persuasion
Jemima,N,0,10,Persuasion
Jemima,C,0,10,Persuasion
Jemima,I,0,10,Persuasion
Jemima,A,0,10,Persuasion
Jemima,DC,0,10,Persuasion
Jemima,DN,0,10,Persuasion
Kellynch,N,0,10,Persuasion
Kellynch,C,0,10,Persuasion
Kellynch,I,0,10,Persuasion
Kellynch,A,0,10,Persuasion
Kellynch,DC,0,10,Persuasion
Kellynch,DN,0,10,Persuasion
Lady Dalrymple,N,0,10,Persuasion
Lady Dalrymple,C,0,10,Persuasion
Lady Dalrymple,I,0,10,Persuasion
Lady Dalrymple,A,0,10,Persuasion
Lady Dalrymple,DC,0,10,Persuasion
Lady Dalrymple,DN,0,10,Persuasion
Lady Elliot,N,0,10,Persuasion
Lady Elliot,C,0,10,Persuasion
Lady Elliot,I,0,10,Persuasion
Lady Elliot,A,0,10,Persuasion
Lady Elliot,DC,0,10,Persuasion
Lady Elliot,DN,0,10,Persuasion
Lady Russell,N,0,10,Persuasion
Lady Russell,C,0,10,Persuasion
Lady Russell,I,0,10,Persuasion
Lady Russell,A,0,10,Persuasion
Lady Russell,DC,0,10,Persuasion
Lady Russell,DN,0,10,Persuasion
Louisa,N,0,10,Persuasion
Louisa,C,0,10,Persuasion
Louisa,I,0,10,Persuasion
Louisa,A,0,10,Persuasion
Louisa,DC,0,10,Persuasion
Louisa,DN,0,10,Persuasion
Mary,N,0,10,Persuasion
Mary,C,0,10,Persuasion
Mary,I,0,10,Persuasion
Mary,A,0,10,Persuasion
Mary,DC,0,10,Persuasion
Mary,DN,0,10,Persuasion
Miss Atkinson,N,0,10,Persuasion
Miss Atkinson,C,0,10,Persuasion
Miss Atkinson,I,0,10,Persuasion
Miss Atkinson,A,0,10,Persuasion
Miss Atkinson,DC,0,10,Persuasion
Miss Atkinson,DN,0,10,Persuasion
Miss Carteret,N,0,10,Persuasion
Miss Carteret,C,0,10,Persuasion
Miss Carteret,I,0,10,Persuasion
Miss Carteret,A,0,10,Persuasion
Miss Carteret,DC,0,10,Persuasion
Miss Carteret,DN,0,10,Persuasion
Miss Hamilton,N,0,10,Persuasion
Miss Hamilton,C,0,10,Persuasion
Miss Hamilton,I,0,10,Persuasion
Miss Hamilton,A,0,10,Persuasion
Miss Hamilton,DC,0,10,Persuasion
Miss Hamilton,DN,0,10,Persuasion
Mr Elliot,N,0,10,Persuasion
Mr Elliot,C,0,10,Persuasion
Mr Elliot,I,0,10,Persuasion
Mr Elliot,A,0,10,Persuasion
Mr Elliot,DC,0,10,Persuasion
Mr Elliot,DN,0,10,Persuasion
Mr Shepherd,N,0,10,Persuasion
Mr Shepherd,C,0,10,Persuasion
Mr Shepherd,I,0,10,Persuasion
Mr Shepherd,A,0,10,Persuasion
Mr Shepherd,DC,0,10,Persuasion
Mr Shepherd,DN,0,10,Persuasion
Mr Smith,N,0,10,Persuasion
Mr Smith,C,0,10,Persuasion
Mr Smith,I,0,10,Persuasion
Mr Smith,A,0,10,Persuasion
Mr Smith,DC,0,10,Persuasion
Mr Smith,DN,0,10,Persuasion
Mr Wentworth,N,0,10,Persuasion
Mr Wentworth,C,0,10,Persuasion
Mr Wentworth,I,0,10,Persuasion
Mr Wentworth,A,0,10,Persuasion
Mr Wentworth,DC,0,10,Persuasion
Mr Wentworth,DN,0,10,Persuasion
Mrs Clay,N,0,10,Persuasion
Mrs Clay,C,0,10,Persuasion
Mrs Clay,I,0,10,Persuasion
Mrs Clay,A,0,10,Persuasion
Mrs Clay,DC,0,10,Persuasion
Mrs Clay,DN,0,10,Persuasion
Mrs Croft,N,0,10,Persuasion
Mrs Croft,C,0,10,Persuasion
Mrs Croft,I,0,10,Persuasion
Mrs Croft,A,0,10,Persuasion
Mrs Croft,DC,0,10,Persuasion
Mrs Croft,DN,0,10,Persuasion
Mrs Harville,N,0,10,Persuasion
Mrs Harville,C,0,10,Persuasion
Mrs Harville,I,0,10,Persuasion
Mrs Harville,A,0,10,Persuasion
Mrs Harville,DC,0,10,Persuasion
Mrs Harville,DN,0,10,Persuasion
Mrs Musgrove,N,0,10,Persuasion
Mrs Musgrove,C,0,10,Persuasion
Mrs Musgrove,I,0,10,Persuasion
Mrs Musgrove,A,0,10,Persuasion
Mrs Musgrove,DC,0,10,Persuasion
Mrs Musgrove,DN,0,10,Persuasion
Mrs Rooke,N,0,10,Persuasion
Mrs Rooke,C,0,10,Persuasion
Mrs Rooke,I,0,10,Persuasion
Mrs Rooke,A,0,10,Persuasion
Mrs Rooke,DC,0,10,Persuasion
Mrs Rooke,DN,0,10,Persuasion
Mrs Shirley,N,0,10,Persuasion
Mrs Shirley,C,0,10,Persuasion
Mrs Shirley,I,0,10,Persuasion
Mrs Shirley,A,0,10,Persuasion
Mrs Shirley,DC,0,10,Persuasion
Mrs Shirley,DN,0,10,Persuasion
Mrs Smith,N,0,10,Persuasion
Mrs Smith,C,0,10,Persuasion
Mrs Smith,I,0,10,Persuasion
Mrs Smith,A,0,10,Persuasion
Mrs Smith,DC,0,10,Persuasion
Mrs Smith,DN,0,10,Persuasion
Mrs Wallis,N,0,10,Persuasion
Mrs Wallis,C,0,10,Persuasion
Mrs Wallis,I,0,10,Persuasion
Mrs Wallis,A,0,10,Persuasion
Mrs Wallis,DC,0,10,Persuasion
Mrs Wallis,DN,0,10,Persuasion
Nurse Rooke,N,0,10,Persuasion
Nurse Rooke,C,0,10,Persuasion
Nurse Rooke,I,0,10,Persuasion
Nurse Rooke,A,0,10,Persuasion
Nurse Rooke,DC,0,10,Persuasion
Nurse Rooke,DN,0,10,Persuasion
Penelope,N,0,10,Persuasion
Penelope,C,0,10,Persuasion
Penelope,I,0,10,Persuasion
Penelope,A,0,10,Persuasion
Penelope,DC,0,10,Persuasion
Penelope,DN,0,10,Persuasion
Sir Walter,N,0,10,Persuasion
Sir Walter,C,0,10,Persuasion
Sir Walter,I,0,10,Persuasion
Sir Walter,A,0,10,Persuasion
Sir Walter,DC,0,10,Persuasion
Sir Walter,DN,0,10,Persuasion
Sophy,N,0,10,Persuasion
Sophy,C,0,10,Persuasion
Sophy,I,0,10,Persuasion
Sophy,A,0,10,Persuasion
Sophy,DC,0,10,Persuasion
Sophy,DN,0,10,Persuasion
The Mr Musgroves,N,0,10,Persuasion
The Mr Musgroves,C,0,10,Persuasion
The Mr Musgroves,I,0,10,Persuasion
The Mr Musgroves,A,0,10,Persuasion
The Mr Musgroves,DC,0,10,Persuasion
The Mr Musgroves,DN,0,10,Persuasion
The little Durands,N,0,10,Persuasion
The little Durands,C,0,10,Persuasion
The little Durands,I,0,10,Persuasion
The little Durands,A,0,10,Persuasion
The little Durands,DC,0,10,Persuasion
The little Durands,DN,0,10,Persuasion
Winthrop,N,0,10,Persuasion
Winthrop,C,0,10,Persuasion
Winthrop,I,0,10,Persuasion
Winthrop,A,0,10,Persuasion
Winthrop,DC,0,10,Persuasion
Winthrop,DN,0,10,Persuasion
old Sir Archibald Drew,N,0,10,Persuasion
old Sir Archibald Drew,C,0,10,Persuasion
old Sir Archibald Drew,I,0,10,Persuasion
old Sir Archibald Drew,A,0,10,Persuasion
old Sir Archibald Drew,DC,0,10,Persuasion
old Sir Archibald Drew,DN,0,10,Persuasion
the Asp,N,0,10,Persuasion
the Asp,C,0,10,Persuasion
the Asp,I,0,10,Persuasion
the Asp,A,0,10,Persuasion
the Asp,DC,0,10,Persuasion
the Asp,DN,0,10,Persuasion
the Crofts,N,0,10,Persuasion
the Crofts,C,0,10,Persuasion
the Crofts,I,0,10,Persuasion
the Crofts,A,0,10,Persuasion
the Crofts,DC,0,10,Persuasion
the Crofts,DN,0,10,Persuasion
the Dalrymples,N,0,10,Persuasion
the Dalrymples,C,0,10,Persuasion
the Dalrymples,I,0,10,Persuasion
the Dalrymples,A,0,10,Persuasion
the Dalrymples,DC,0,10,Persuasion
the Dalrymples,DN,0,10,Persuasion
the Harvilles,N,0,10,Persuasion
the Harvilles,C,0,10,Persuasion
the Harvilles,I,0,10,Persuasion
the Harvilles,A,0,10,Persuasion
the Harvilles,DC,0,10,Persuasion
the Harvilles,DN,0,10,Persuasion
the Hayters,N,0,10,Persuasion
the Hayters,C,0,10,Persuasion
the Hayters,I,0,10,Persuasion
the Hayters,A,0,10,Persuasion
the Hayters,DC,0,10,Persuasion
the Hayters,DN,0,10,Persuasion
the Miss Musgroves,N,0,10,Persuasion
the Miss Musgroves,C,0,10,Persuasion
the Miss Musgroves,I,0,10,Persuasion
the Miss Musgroves,A,0,10,Persuasion
the Miss Musgroves,DC,0,10,Persuasion
the Miss Musgroves,DN,0,10,Persuasion
Admiral Baldwin,N,0,11,Persuasion
Admiral Baldwin,C,0,11,Persuasion
Admiral Baldwin,I,0,11,Persuasion
Admiral Baldwin,A,0,11,Persuasion
Admiral Baldwin,DC,0,11,Persuasion
Admiral Baldwin,DN,0,11,Persuasion
Admiral Croft,N,0,11,Persuasion
Admiral Croft,C,0,11,Persuasion
Admiral Croft,I,0,11,Persuasion
Admiral Croft,A,0,11,Persuasion
Admiral Croft,DC,0,11,Persuasion
Admiral Croft,DN,0,11,Persuasion
Anne,N,0,11,Persuasion
Anne,C,0,11,Persuasion
Anne,I,0,11,Persuasion
Anne,A,0,11,Persuasion
Anne,DC,0,11,Persuasion
Anne,DN,0,11,Persuasion
Captain Benwick,N,0,11,Persuasion
Captain Benwick,C,0,11,Persuasion
Captain Benwick,I,0,11,Persuasion
Captain Benwick,A,0,11,Persuasion
Captain Benwick,DC,0,11,Persuasion
Captain Benwick,DN,0,11,Persuasion
Captain Harville,N,0,11,Persuasion
Captain Harville,C,0,11,Persuasion
Captain Harville,I,0,11,Persuasion
Captain Harville,A,0,11,Persuasion
Captain Harville,DC,0,11,Persuasion
Captain Harville,DN,0,11,Persuasion
Captain Wentworth,N,0,11,Persuasion
Captain Wentworth,C,0,11,Persuasion
Captain Wentworth,I,0,11,Persuasion
Captain Wentworth,A,0,11,Persuasion
Captain Wentworth,DC,0,11,Persuasion
Captain Wentworth,DN,0,11,Persuasion
Charles,N,0,11,Persuasion
Charles,C,0,11,Persuasion
Charles,I,0,11,Persuasion
Charles,A,0,11,Persuasion
Charles,DC,0,11,Persuasion
Charles,DN,0,11,Persuasion
Colonel Wallis,N,0,11,Persuasion
Colonel Wallis,C,0,11,Persuasion
Colonel Wallis,I,0,11,Persuasion
Colonel Wallis,A,0,11,Persuasion
Colonel Wallis,DC,0,11,Persuasion
Colonel Wallis,DN,0,11,Persuasion
Dear Smith,N,0,11,Persuasion
Dear Smith,C,0,11,Persuasion
Dear Smith,I,0,11,Persuasion
Dear Smith,A,0,11,Persuasion
Dear Smith,DC,0,11,Persuasion
Dear Smith,DN,0,11,Persuasion
Dick,N,0,11,Persuasion
Dick,C,0,11,Persuasion
Dick,I,0,11,Persuasion
Dick,A,0,11,Persuasion
Dick,DC,0,11,Persuasion
Dick,DN,0,11,Persuasion
Dr Shirley,N,0,11,Persuasion
Dr Shirley,C,0,11,Persuasion
Dr Shirley,I,0,11,Persuasion
Dr Shirley,A,0,11,Persuasion
Dr Shirley,DC,0,11,Persuasion
Dr Shirley,DN,0,11,Persuasion
Edward,N,0,11,Persuasion
Edward,C,0,11,Persuasion
Edward,I,0,11,Persuasion
Edward,A,0,11,Persuasion
Edward,DC,0,11,Persuasion
Edward,DN,0,11,Persuasion
Elizabeth,N,0,11,Persuasion
Elizabeth,C,0,11,Persuasion
Elizabeth,I,0,11,Persuasion
Elizabeth,A,0,11,Persuasion
Elizabeth,DC,0,11,Persuasion
Elizabeth,DN,0,11,Persuasion
Frederick,N,0,11,Persuasion
Frederick,C,0,11,Persuasion
Frederick,I,0,11,Persuasion
Frederick,A,0,11,Persuasion
Frederick,DC,0,11,Persuasion
Frederick,DN,0,11,Persuasion
God,N,0,11,Persuasion
God,C,0,11,Persuasion
God,I,0,11,Persuasion
God,A,0,11,Persuasion
God,DC,0,11,Persuasion
God,DN,0,11,Persuasion
Henrietta,N,0,11,Persuasion
Henrietta,C,0,11,Persuasion
Henrietta,I,0,11,Persuasion
Henrietta,A,0,11,Persuasion
Henrietta,DC,0,11,Persuasion
Henrietta,DN,0,11,Persuasion
Jemima,N,0,11,Persuasion
Jemima,C,0,11,Persuasion
Jemima,I,0,11,Persuasion
Jemima,A,0,11,Persuasion
Jemima,DC,0,11,Persuasion
Jemima,DN,0,11,Persuasion
Kellynch,N,0,11,Persuasion
Kellynch,C,0,11,Persuasion
Kellynch,I,0,11,Persuasion
Kellynch,A,0,11,Persuasion
Kellynch,DC,0,11,Persuasion
Kellynch,DN,0,11,Persuasion
Lady Dalrymple,N,0,11,Persuasion
Lady Dalrymple,C,0,11,Persuasion
Lady Dalrymple,I,0,11,Persuasion
Lady Dalrymple,A,0,11,Persuasion
Lady Dalrymple,DC,0,11,Persuasion
Lady Dalrymple,DN,0,11,Persuasion
Lady Elliot,N,0,11,Persuasion
Lady Elliot,C,0,11,Persuasion
Lady Elliot,I,0,11,Persuasion
Lady Elliot,A,0,11,Persuasion
Lady Elliot,DC,0,11,Persuasion
Lady Elliot,DN,0,11,Persuasion
Lady Russell,N,0,11,Persuasion
Lady Russell,C,0,11,Persuasion
Lady Russell,I,0,11,Persuasion
Lady Russell,A,0,11,Persuasion
Lady Russell,DC,0,11,Persuasion
Lady Russell,DN,0,11,Persuasion
Louisa,N,0,11,Persuasion
Louisa,C,0,11,Persuasion
Louisa,I,0,11,Persuasion
Louisa,A,0,11,Persuasion
Louisa,DC,0,11,Persuasion
Louisa,DN,0,11,Persuasion
Mary,N,0,11,Persuasion
Mary,C,0,11,Persuasion
Mary,I,0,11,Persuasion
Mary,A,0,11,Persuasion
Mary,DC,0,11,Persuasion
Mary,DN,0,11,Persuasion
Miss Atkinson,N,0,11,Persuasion
Miss Atkinson,C,0,11,Persuasion
Miss Atkinson,I,0,11,Persuasion
Miss Atkinson,A,0,11,Persuasion
Miss Atkinson,DC,0,11,Persuasion
Miss Atkinson,DN,0,11,Persuasion
Miss Carteret,N,0,11,Persuasion
Miss Carteret,C,0,11,Persuasion
Miss Carteret,I,0,11,Persuasion
Miss Carteret,A,0,11,Persuasion
Miss Carteret,DC,0,11,Persuasion
Miss Carteret,DN,0,11,Persuasion
Miss Hamilton,N,0,11,Persuasion
Miss Hamilton,C,0,11,Persuasion
Miss Hamilton,I,0,11,Persuasion
Miss Hamilton,A,0,11,Persuasion
Miss Hamilton,DC,0,11,Persuasion
Miss Hamilton,DN,0,11,Persuasion
Mr Elliot,N,0,11,Persuasion
Mr Elliot,C,0,11,Persuasion
Mr Elliot,I,0,11,Persuasion
Mr Elliot,A,0,11,Persuasion
Mr Elliot,DC,0,11,Persuasion
Mr Elliot,DN,0,11,Persuasion
Mr Shepherd,N,0,11,Persuasion
Mr Shepherd,C,0,11,Persuasion
Mr Shepherd,I,0,11,Persuasion
Mr Shepherd,A,0,11,Persuasion
Mr Shepherd,DC,0,11,Persuasion
Mr Shepherd,DN,0,11,Persuasion
Mr Smith,N,0,11,Persuasion
Mr Smith,C,0,11,Persuasion
Mr Smith,I,0,11,Persuasion
Mr Smith,A,0,11,Persuasion
Mr Smith,DC,0,11,Persuasion
Mr Smith,DN,0,11,Persuasion
Mr Wentworth,N,0,11,Persuasion
Mr Wentworth,C,0,11,Persuasion
Mr Wentworth,I,0,11,Persuasion
Mr Wentworth,A,0,11,Persuasion
Mr Wentworth,DC,0,11,Persuasion
Mr Wentworth,DN,0,11,Persuasion
Mrs Clay,N,0,11,Persuasion
Mrs Clay,C,0,11,Persuasion
Mrs Clay,I,0,11,Persuasion
Mrs Clay,A,0,11,Persuasion
Mrs Clay,DC,0,11,Persuasion
Mrs Clay,DN,0,11,Persuasion
Mrs Croft,N,0,11,Persuasion
Mrs Croft,C,0,11,Persuasion
Mrs Croft,I,0,11,Persuasion
Mrs Croft,A,0,11,Persuasion
Mrs Croft,DC,0,11,Persuasion
Mrs Croft,DN,0,11,Persuasion
Mrs Harville,N,0,11,Persuasion
Mrs Harville,C,0,11,Persuasion
Mrs Harville,I,0,11,Persuasion
Mrs Harville,A,0,11,Persuasion
Mrs Harville,DC,0,11,Persuasion
Mrs Harville,DN,0,11,Persuasion
Mrs Musgrove,N,0,11,Persuasion
Mrs Musgrove,C,0,11,Persuasion
Mrs Musgrove,I,0,11,Persuasion
Mrs Musgrove,A,0,11,Persuasion
Mrs Musgrove,DC,0,11,Persuasion
Mrs Musgrove,DN,0,11,Persuasion
Mrs Rooke,N,0,11,Persuasion
Mrs Rooke,C,0,11,Persuasion
Mrs Rooke,I,0,11,Persuasion
Mrs Rooke,A,0,11,Persuasion
Mrs Rooke,DC,0,11,Persuasion
Mrs Rooke,DN,0,11,Persuasion
Mrs Shirley,N,0,11,Persuasion
Mrs Shirley,C,0,11,Persuasion
Mrs Shirley,I,0,11,Persuasion
Mrs Shirley,A,0,11,Persuasion
Mrs Shirley,DC,0,11,Persuasion
Mrs Shirley,DN,0,11,Persuasion
Mrs Smith,N,0,11,Persuasion
Mrs Smith,C,0,11,Persuasion
Mrs Smith,I,0,11,Persuasion
Mrs Smith,A,0,11,Persuasion
Mrs Smith,DC,0,11,Persuasion
Mrs Smith,DN,0,11,Persuasion
Mrs Wallis,N,0,11,Persuasion
Mrs Wallis,C,0,11,Persuasion
Mrs Wallis,I,0,11,Persuasion
Mrs Wallis,A,0,11,Persuasion
Mrs Wallis,DC,0,11,Persuasion
Mrs Wallis,DN,0,11,Persuasion
Nurse Rooke,N,0,11,Persuasion
Nurse Rooke,C,0,11,Persuasion
Nurse Rooke,I,0,11,Persuasion
Nurse Rooke,A,0,11,Persuasion
Nurse Rooke,DC,0,11,Persuasion
Nurse Rooke,DN,0,11,Persuasion
Penelope,N,0,11,Persuasion
Penelope,C,0,11,Persuasion
Penelope,I,0,11,Persuasion
Penelope,A,0,11,Persuasion
Penelope,DC,0,11,Persuasion
Penelope,DN,0,11,Persuasion
Sir Walter,N,0,11,Persuasion
Sir Walter,C,0,11,Persuasion
Sir Walter,I,0,11,Persuasion
Sir Walter,A,0,11,Persuasion
Sir Walter,DC,0,11,Persuasion
Sir Walter,DN,0,11,Persuasion
Sophy,N,0,11,Persuasion
Sophy,C,0,11,Persuasion
Sophy,I,0,11,Persuasion
Sophy,A,0,11,Persuasion
Sophy,DC,0,11,Persuasion
Sophy,DN,0,11,Persuasion
The Mr Musgroves,N,0,11,Persuasion
The Mr Musgroves,C,0,11,Persuasion
The Mr Musgroves,I,0,11,Persuasion
The Mr Musgroves,A,0,11,Persuasion
The Mr Musgroves,DC,0,11,Persuasion
The Mr Musgroves,DN,0,11,Persuasion
The little Durands,N,0,11,Persuasion
The little Durands,C,0,11,Persuasion
The little Durands,I,0,11,Persuasion
The little Durands,A,0,11,Persuasion
The little Durands,DC,0,11,Persuasion
The little Durands,DN,0,11,Persuasion
Winthrop,N,0,11,Persuasion
Winthrop,C,0,11,Persuasion
Winthrop,I,0,11,Persuasion
Winthrop,A,0,11,Persuasion
Winthrop,DC,0,11,Persuasion
Winthrop,DN,0,11,Persuasion
old Sir Archibald Drew,N,0,11,Persuasion
old Sir Archibald Drew,C,0,11,Persuasion
old Sir Archibald Drew,I,0,11,Persuasion
old Sir Archibald Drew,A,0,11,Persuasion
old Sir Archibald Drew,DC,0,11,Persuasion
old Sir Archibald Drew,DN,0,11,Persuasion
the Asp,N,0,11,Persuasion
the Asp,C,0,11,Persuasion
the Asp,I,0,11,Persuasion
the Asp,A,0,11,Persuasion
the Asp,DC,0,11,Persuasion
the Asp,DN,0,11,Persuasion
the Crofts,N,0,11,Persuasion
the Crofts,C,0,11,Persuasion
the Crofts,I,0,11,Persuasion
the Crofts,A,0,11,Persuasion
the Crofts,DC,0,11,Persuasion
the Crofts,DN,0,11,Persuasion
the Dalrymples,N,0,11,Persuasion
the Dalrymples,C,0,11,Persuasion
the Dalrymples,I,0,11,Persuasion
the Dalrymples,A,0,11,Persuasion
the Dalrymples,DC,0,11,Persuasion
the Dalrymples,DN,0,11,Persuasion
the Harvilles,N,0,11,Persuasion
the Harvilles,C,0,11,Persuasion
the Harvilles,I,0,11,Persuasion
the Harvilles,A,0,11,Persuasion
the Harvilles,DC,0,11,Persuasion
the Harvilles,DN,0,11,Persuasion
the Hayters,N,0,11,Persuasion
the Hayters,C,0,11,Persuasion
the Hayters,I,0,11,Persuasion
the Hayters,A,0,11,Persuasion
the Hayters,DC,0,11,Persuasion
the Hayters,DN,0,11,Persuasion
the Miss Musgroves,N,0,11,Persuasion
the Miss Musgroves,C,0,11,Persuasion
the Miss Musgroves,I,0,11,Persuasion
the Miss Musgroves,A,0,11,Persuasion
the Miss Musgroves,DC,0,11,Persuasion
the Miss Musgroves,DN,0,11,Persuasion
Admiral Baldwin,N,0,12,Persuasion
Admiral Baldwin,C,0,12,Persuasion
Admiral Baldwin,I,0,12,Persuasion
Admiral Baldwin,A,0,12,Persuasion
Admiral Baldwin,DC,0,12,Persuasion
Admiral Baldwin,DN,0,12,Persuasion
Admiral Croft,N,0,12,Persuasion
Admiral Croft,C,0,12,Persuasion
Admiral Croft,I,0,12,Persuasion
Admiral Croft,A,0,12,Persuasion
Admiral Croft,DC,0,12,Persuasion
Admiral Croft,DN,0,12,Persuasion
Anne,N,0,12,Persuasion
Anne,C,0,12,Persuasion
Anne,I,0,12,Persuasion
Anne,A,0,12,Persuasion
Anne,DC,0,12,Persuasion
Anne,DN,0,12,Persuasion
Captain Benwick,N,0,12,Persuasion
Captain Benwick,C,0,12,Persuasion
Captain Benwick,I,0,12,Persuasion
Captain Benwick,A,0,12,Persuasion
Captain Benwick,DC,0,12,Persuasion
Captain Benwick,DN,0,12,Persuasion
Captain Harville,N,0,12,Persuasion
Captain Harville,C,0,12,Persuasion
Captain Harville,I,0,12,Persuasion
Captain Harville,A,0,12,Persuasion
Captain Harville,DC,0,12,Persuasion
Captain Harville,DN,0,12,Persuasion
Captain Wentworth,N,0,12,Persuasion
Captain Wentworth,C,0,12,Persuasion
Captain Wentworth,I,0,12,Persuasion
Captain Wentworth,A,0,12,Persuasion
Captain Wentworth,DC,0,12,Persuasion
Captain Wentworth,DN,0,12,Persuasion
Charles,N,0,12,Persuasion
Charles,C,0,12,Persuasion
Charles,I,0,12,Persuasion
Charles,A,0,12,Persuasion
Charles,DC,0,12,Persuasion
Charles,DN,0,12,Persuasion
Colonel Wallis,N,0,12,Persuasion
Colonel Wallis,C,0,12,Persuasion
Colonel Wallis,I,0,12,Persuasion
Colonel Wallis,A,0,12,Persuasion
Colonel Wallis,DC,0,12,Persuasion
Colonel Wallis,DN,0,12,Persuasion
Dear Smith,N,0,12,Persuasion
Dear Smith,C,0,12,Persuasion
Dear Smith,I,0,12,Persuasion
Dear Smith,A,0,12,Persuasion
Dear Smith,DC,0,12,Persuasion
Dear Smith,DN,0,12,Persuasion
Dick,N,0,12,Persuasion
Dick,C,0,12,Persuasion
Dick,I,0,12,Persuasion
Dick,A,0,12,Persuasion
Dick,DC,0,12,Persuasion
Dick,DN,0,12,Persuasion
Dr Shirley,N,0,12,Persuasion
Dr Shirley,C,0,12,Persuasion
Dr Shirley,I,0,12,Persuasion
Dr Shirley,A,0,12,Persuasion
Dr Shirley,DC,0,12,Persuasion
Dr Shirley,DN,0,12,Persuasion
Edward,N,0,12,Persuasion
Edward,C,0,12,Persuasion
Edward,I,0,12,Persuasion
Edward,A,0,12,Persuasion
Edward,DC,0,12,Persuasion
Edward,DN,0,12,Persuasion
Elizabeth,N,0,12,Persuasion
Elizabeth,C,0,12,Persuasion
Elizabeth,I,0,12,Persuasion
Elizabeth,A,0,12,Persuasion
Elizabeth,DC,0,12,Persuasion
Elizabeth,DN,0,12,Persuasion
Frederick,N,0,12,Persuasion
Frederick,C,0,12,Persuasion
Frederick,I,0,12,Persuasion
Frederick,A,0,12,Persuasion
Frederick,DC,0,12,Persuasion
Frederick,DN,0,12,Persuasion
God,N,0,12,Persuasion
God,C,0,12,Persuasion
God,I,0,12,Persuasion
God,A,0,12,Persuasion
God,DC,0,12,Persuasion
God,DN,0,12,Persuasion
Henrietta,N,0,12,Persuasion
Henrietta,C,0,12,Persuasion
Henrietta,I,0,12,Persuasion
Henrietta,A,0,12,Persuasion
Henrietta,DC,0,12,Persuasion
Henrietta,DN,0,12,Persuasion
Jemima,N,0,12,Persuasion
Jemima,C,0,12,Persuasion
Jemima,I,0,12,Persuasion
Jemima,A,0,12,Persuasion
Jemima,DC,0,12,Persuasion
Jemima,DN,0,12,Persuasion
Kellynch,N,0,12,Persuasion
Kellynch,C,0,12,Persuasion
Kellynch,I,0,12,Persuasion
Kellynch,A,0,12,Persuasion
Kellynch,DC,0,12,Persuasion
Kellynch,DN,0,12,Persuasion
Lady Dalrymple,N,0,12,Persuasion
Lady Dalrymple,C,0,12,Persuasion
Lady Dalrymple,I,0,12,Persuasion
Lady Dalrymple,A,0,12,Persuasion
Lady Dalrymple,DC,0,12,Persuasion
Lady Dalrymple,DN,0,12,Persuasion
Lady Elliot,N,0,12,Persuasion
Lady Elliot,C,0,12,Persuasion
Lady Elliot,I,0,12,Persuasion
Lady Elliot,A,0,12,Persuasion
Lady Elliot,DC,0,12,Persuasion
Lady Elliot,DN,0,12,Persuasion
Lady Russell,N,0,12,Persuasion
Lady Russell,C,0,12,Persuasion
Lady Russell,I,0,12,Persuasion
Lady Russell,A,0,12,Persuasion
Lady Russell,DC,0,12,Persuasion
Lady Russell,DN,0,12,Persuasion
Louisa,N,0,12,Persuasion
Louisa,C,0,12,Persuasion
Louisa,I,0,12,Persuasion
Louisa,A,0,12,Persuasion
Louisa,DC,0,12,Persuasion
Louisa,DN,0,12,Persuasion
Mary,N,0,12,Persuasion
Mary,C,0,12,Persuasion
Mary,I,0,12,Persuasion
Mary,A,0,12,Persuasion
Mary,DC,0,12,Persuasion
Mary,DN,0,12,Persuasion
Miss Atkinson,N,0,12,Persuasion
Miss Atkinson,C,0,12,Persuasion
Miss Atkinson,I,0,12,Persuasion
Miss Atkinson,A,0,12,Persuasion
Miss Atkinson,DC,0,12,Persuasion
Miss Atkinson,DN,0,12,Persuasion
Miss Carteret,N,0,12,Persuasion
Miss Carteret,C,0,12,Persuasion
Miss Carteret,I,0,12,Persuasion
Miss Carteret,A,0,12,Persuasion
Miss Carteret,DC,0,12,Persuasion
Miss Carteret,DN,0,12,Persuasion
Miss Hamilton,N,0,12,Persuasion
Miss Hamilton,C,0,12,Persuasion
Miss Hamilton,I,0,12,Persuasion
Miss Hamilton,A,0,12,Persuasion
Miss Hamilton,DC,0,12,Persuasion
Miss Hamilton,DN,0,12,Persuasion
Mr Elliot,N,0,12,Persuasion
Mr Elliot,C,0,12,Persuasion
Mr Elliot,I,0,12,Persuasion
Mr Elliot,A,0,12,Persuasion
Mr Elliot,DC,0,12,Persuasion
Mr Elliot,DN,0,12,Persuasion
Mr Shepherd,N,0,12,Persuasion
Mr Shepherd,C,0,12,Persuasion
Mr Shepherd,I,0,12,Persuasion
Mr Shepherd,A,0,12,Persuasion
Mr Shepherd,DC,0,12,Persuasion
Mr Shepherd,DN,0,12,Persuasion
Mr Smith,N,0,12,Persuasion
Mr Smith,C,0,12,Persuasion
Mr Smith,I,0,12,Persuasion
Mr Smith,A,0,12,Persuasion
Mr Smith,DC,0,12,Persuasion
Mr Smith,DN,0,12,Persuasion
Mr Wentworth,N,0,12,Persuasion
Mr Wentworth,C,0,12,Persuasion
Mr Wentworth,I,0,12,Persuasion
Mr Wentworth,A,0,12,Persuasion
Mr Wentworth,DC,0,12,Persuasion
Mr Wentworth,DN,0,12,Persuasion
Mrs Clay,N,0,12,Persuasion
Mrs Clay,C,0,12,Persuasion
Mrs Clay,I,0,12,Persuasion
Mrs Clay,A,0,12,Persuasion
Mrs Clay,DC,0,12,Persuasion
Mrs Clay,DN,0,12,Persuasion
Mrs Croft,N,0,12,Persuasion
Mrs Croft,C,0,12,Persuasion
Mrs Croft,I,0,12,Persuasion
Mrs Croft,A,0,12,Persuasion
Mrs Croft,DC,0,12,Persuasion
Mrs Croft,DN,0,12,Persuasion
Mrs Harville,N,0,12,Persuasion
Mrs Harville,C,0,12,Persuasion
Mrs Harville,I,0,12,Persuasion
Mrs Harville,A,0,12,Persuasion
Mrs Harville,DC,0,12,Persuasion
Mrs Harville,DN,0,12,Persuasion
Mrs Musgrove,N,0,12,Persuasion
Mrs Musgrove,C,0,12,Persuasion
Mrs Musgrove,I,0,12,Persuasion
Mrs Musgrove,A,0,12,Persuasion
Mrs Musgrove,DC,0,12,Persuasion
Mrs Musgrove,DN,0,12,Persuasion
Mrs Rooke,N,0,12,Persuasion
Mrs Rooke,C,0,12,Persuasion
Mrs Rooke,I,0,12,Persuasion
Mrs Rooke,A,0,12,Persuasion
Mrs Rooke,DC,0,12,Persuasion
Mrs Rooke,DN,0,12,Persuasion
Mrs Shirley,N,0,12,Persuasion
Mrs Shirley,C,0,12,Persuasion
Mrs Shirley,I,0,12,Persuasion
Mrs Shirley,A,0,12,Persuasion
Mrs Shirley,DC,0,12,Persuasion
Mrs Shirley,DN,0,12,Persuasion
Mrs Smith,N,0,12,Persuasion
Mrs Smith,C,0,12,Persuasion
Mrs Smith,I,0,12,Persuasion
Mrs Smith,A,0,12,Persuasion
Mrs Smith,DC,0,12,Persuasion
Mrs Smith,DN,0,12,Persuasion
Mrs Wallis,N,0,12,Persuasion
Mrs Wallis,C,0,12,Persuasion
Mrs Wallis,I,0,12,Persuasion
Mrs Wallis,A,0,12,Persuasion
Mrs Wallis,DC,0,12,Persuasion
Mrs Wallis,DN,0,12,Persuasion
Nurse Rooke,N,0,12,Persuasion
Nurse Rooke,C,0,12,Persuasion
Nurse Rooke,I,0,12,Persuasion
Nurse Rooke,A,0,12,Persuasion
Nurse Rooke,DC,0,12,Persuasion
Nurse Rooke,DN,0,12,Persuasion
Penelope,N,0,12,Persuasion
Penelope,C,0,12,Persuasion
Penelope,I,0,12,Persuasion
Penelope,A,0,12,Persuasion
Penelope,DC,0,12,Persuasion
Penelope,DN,0,12,Persuasion
Sir Walter,N,0,12,Persuasion
Sir Walter,C,0,12,Persuasion
Sir Walter,I,0,12,Persuasion
Sir Walter,A,0,12,Persuasion
Sir Walter,DC,0,12,Persuasion
Sir Walter,DN,0,12,Persuasion
Sophy,N,0,12,Persuasion
Sophy,C,0,12,Persuasion
Sophy,I,0,12,Persuasion
Sophy,A,0,12,Persuasion
Sophy,DC,0,12,Persuasion
Sophy,DN,0,12,Persuasion
The Mr Musgroves,N,0,12,Persuasion
The Mr Musgroves,C,0,12,Persuasion
The Mr Musgroves,I,0,12,Persuasion
The Mr Musgroves,A,0,12,Persuasion
The Mr Musgroves,DC,0,12,Persuasion
The Mr Musgroves,DN,0,12,Persuasion
The little Durands,N,0,12,Persuasion
The little Durands,C,0,12,Persuasion
The little Durands,I,0,12,Persuasion
The little Durands,A,0,12,Persuasion
The little Durands,DC,0,12,Persuasion
The little Durands,DN,0,12,Persuasion
Winthrop,N,0,12,Persuasion
Winthrop,C,0,12,Persuasion
Winthrop,I,0,12,Persuasion
Winthrop,A,0,12,Persuasion
Winthrop,DC,0,12,Persuasion
Winthrop,DN,0,12,Persuasion
old Sir Archibald Drew,N,0,12,Persuasion
old Sir Archibald Drew,C,0,12,Persuasion
old Sir Archibald Drew,I,0,12,Persuasion
old Sir Archibald Drew,A,0,12,Persuasion
old Sir Archibald Drew,DC,0,12,Persuasion
old Sir Archibald Drew,DN,0,12,Persuasion
the Asp,N,0,12,Persuasion
the Asp,C,0,12,Persuasion
the Asp,I,0,12,Persuasion
the Asp,A,0,12,Persuasion
the Asp,DC,0,12,Persuasion
the Asp,DN,0,12,Persuasion
the Crofts,N,0,12,Persuasion
the Crofts,C,0,12,Persuasion
the Crofts,I,0,12,Persuasion
the Crofts,A,0,12,Persuasion
the Crofts,DC,0,12,Persuasion
the Crofts,DN,0,12,Persuasion
the Dalrymples,N,0,12,Persuasion
the Dalrymples,C,0,12,Persuasion
the Dalrymples,I,0,12,Persuasion
the Dalrymples,A,0,12,Persuasion
the Dalrymples,DC,0,12,Persuasion
the Dalrymples,DN,0,12,Persuasion
the Harvilles,N,0,12,Persuasion
the Harvilles,C,0,12,Persuasion
the Harvilles,I,0,12,Persuasion
the Harvilles,A,0,12,Persuasion
the Harvilles,DC,0,12,Persuasion
the Harvilles,DN,0,12,Persuasion
the Hayters,N,0,12,Persuasion
the Hayters,C,0,12,Persuasion
the Hayters,I,0,12,Persuasion
the Hayters,A,0,12,Persuasion
the Hayters,DC,0,12,Persuasion
the Hayters,DN,0,12,Persuasion
the Miss Musgroves,N,0,12,Persuasion
the Miss Musgroves,C,0,12,Persuasion
the Miss Musgroves,I,0,12,Persuasion
the Miss Musgroves,A,0,12,Persuasion
the Miss Musgroves,DC,0,12,Persuasion
the Miss Musgroves,DN,0,12,Persuasion
Admiral Baldwin,N,0,13,Persuasion
Admiral Baldwin,C,0,13,Persuasion
Admiral Baldwin,I,0,13,Persuasion
Admiral Baldwin,A,0,13,Persuasion
Admiral Baldwin,DC,0,13,Persuasion
Admiral Baldwin,DN,0,13,Persuasion
Admiral Croft,N,0,13,Persuasion
Admiral Croft,C,0,13,Persuasion
Admiral Croft,I,0,13,Persuasion
Admiral Croft,A,0,13,Persuasion
Admiral Croft,DC,0,13,Persuasion
Admiral Croft,DN,0,13,Persuasion
Anne,N,0,13,Persuasion
Anne,C,0,13,Persuasion
Anne,I,0,13,Persuasion
Anne,A,0,13,Persuasion
Anne,DC,0,13,Persuasion
Anne,DN,0,13,Persuasion
Captain Benwick,N,0,13,Persuasion
Captain Benwick,C,0,13,Persuasion
Captain Benwick,I,0,13,Persuasion
Captain Benwick,A,0,13,Persuasion
Captain Benwick,DC,0,13,Persuasion
Captain Benwick,DN,0,13,Persuasion
Captain Harville,N,0,13,Persuasion
Captain Harville,C,0,13,Persuasion
Captain Harville,I,0,13,Persuasion
Captain Harville,A,0,13,Persuasion
Captain Harville,DC,0,13,Persuasion
Captain Harville,DN,0,13,Persuasion
Captain Wentworth,N,0,13,Persuasion
Captain Wentworth,C,0,13,Persuasion
Captain Wentworth,I,0,13,Persuasion
Captain Wentworth,A,0,13,Persuasion
Captain Wentworth,DC,0,13,Persuasion
Captain Wentworth,DN,0,13,Persuasion
Charles,N,0,13,Persuasion
Charles,C,0,13,Persuasion
Charles,I,0,13,Persuasion
Charles,A,0,13,Persuasion
Charles,DC,0,13,Persuasion
Charles,DN,0,13,Persuasion
Colonel Wallis,N,0,13,Persuasion
Colonel Wallis,C,0,13,Persuasion
Colonel Wallis,I,0,13,Persuasion
Colonel Wallis,A,0,13,Persuasion
Colonel Wallis,DC,0,13,Persuasion
Colonel Wallis,DN,0,13,Persuasion
Dear Smith,N,0,13,Persuasion
Dear Smith,C,0,13,Persuasion
Dear Smith,I,0,13,Persuasion
Dear Smith,A,0,13,Persuasion
Dear Smith,DC,0,13,Persuasion
Dear Smith,DN,0,13,Persuasion
Dick,N,0,13,Persuasion
Dick,C,0,13,Persuasion
Dick,I,0,13,Persuasion
Dick,A,0,13,Persuasion
Dick,DC,0,13,Persuasion
Dick,DN,0,13,Persuasion
Dr Shirley,N,0,13,Persuasion
Dr Shirley,C,0,13,Persuasion
Dr Shirley,I,0,13,Persuasion
Dr Shirley,A,0,13,Persuasion
Dr Shirley,DC,0,13,Persuasion
Dr Shirley,DN,0,13,Persuasion
Edward,N,0,13,Persuasion
Edward,C,0,13,Persuasion
Edward,I,0,13,Persuasion
Edward,A,0,13,Persuasion
Edward,DC,0,13,Persuasion
Edward,DN,0,13,Persuasion
Elizabeth,N,0,13,Persuasion
Elizabeth,C,0,13,Persuasion
Elizabeth,I,0,13,Persuasion
Elizabeth,A,0,13,Persuasion
Elizabeth,DC,0,13,Persuasion
Elizabeth,DN,0,13,Persuasion
Frederick,N,0,13,Persuasion
Frederick,C,0,13,Persuasion
Frederick,I,0,13,Persuasion
Frederick,A,0,13,Persuasion
Frederick,DC,0,13,Persuasion
Frederick,DN,0,13,Persuasion
God,N,0,13,Persuasion
God,C,0,13,Persuasion
God,I,0,13,Persuasion
God,A,0,13,Persuasion
God,DC,0,13,Persuasion
God,DN,0,13,Persuasion
Henrietta,N,0,13,Persuasion
Henrietta,C,0,13,Persuasion
Henrietta,I,0,13,Persuasion
Henrietta,A,0,13,Persuasion
Henrietta,DC,0,13,Persuasion
Henrietta,DN,0,13,Persuasion
Jemima,N,0,13,Persuasion
Jemima,C,0,13,Persuasion
Jemima,I,0,13,Persuasion
Jemima,A,0,13,Persuasion
Jemima,DC,0,13,Persuasion
Jemima,DN,0,13,Persuasion
Kellynch,N,0,13,Persuasion
Kellynch,C,0,13,Persuasion
Kellynch,I,0,13,Persuasion
Kellynch,A,0,13,Persuasion
Kellynch,DC,0,13,Persuasion
Kellynch,DN,0,13,Persuasion
Lady Dalrymple,N,0,13,Persuasion
Lady Dalrymple,C,0,13,Persuasion
Lady Dalrymple,I,0,13,Persuasion
Lady Dalrymple,A,0,13,Persuasion
Lady Dalrymple,DC,0,13,Persuasion
Lady Dalrymple,DN,0,13,Persuasion
Lady Elliot,N,0,13,Persuasion
Lady Elliot,C,0,13,Persuasion
Lady Elliot,I,0,13,Persuasion
Lady Elliot,A,0,13,Persuasion
Lady Elliot,DC,0,13,Persuasion
Lady Elliot,DN,0,13,Persuasion
Lady Russell,N,0,13,Persuasion
Lady Russell,C,0,13,Persuasion
Lady Russell,I,0,13,Persuasion
Lady Russell,A,0,13,Persuasion
Lady Russell,DC,0,13,Persuasion
Lady Russell,DN,0,13,Persuasion
Louisa,N,0,13,Persuasion
Louisa,C,0,13,Persuasion
Louisa,I,0,13,Persuasion
Louisa,A,0,13,Persuasion
Louisa,DC,0,13,Persuasion
Louisa,DN,0,13,Persuasion
Mary,N,0,13,Persuasion
Mary,C,0,13,Persuasion
Mary,I,0,13,Persuasion
Mary,A,0,13,Persuasion
Mary,DC,0,13,Persuasion
Mary,DN,0,13,Persuasion
Miss Atkinson,N,0,13,Persuasion
Miss Atkinson,C,0,13,Persuasion
Miss Atkinson,I,0,13,Persuasion
Miss Atkinson,A,0,13,Persuasion
Miss Atkinson,DC,0,13,Persuasion
Miss Atkinson,DN,0,13,Persuasion
Miss Carteret,N,0,13,Persuasion
Miss Carteret,C,0,13,Persuasion
Miss Carteret,I,0,13,Persuasion
Miss Carteret,A,0,13,Persuasion
Miss Carteret,DC,0,13,Persuasion
Miss Carteret,DN,0,13,Persuasion
Miss Hamilton,N,0,13,Persuasion
Miss Hamilton,C,0,13,Persuasion
Miss Hamilton,I,0,13,Persuasion
Miss Hamilton,A,0,13,Persuasion
Miss Hamilton,DC,0,13,Persuasion
Miss Hamilton,DN,0,13,Persuasion
Mr Elliot,N,0,13,Persuasion
Mr Elliot,C,0,13,Persuasion
Mr Elliot,I,0,13,Persuasion
Mr Elliot,A,0,13,Persuasion
Mr Elliot,DC,0,13,Persuasion
Mr Elliot,DN,0,13,Persuasion
Mr Shepherd,N,0,13,Persuasion
Mr Shepherd,C,0,13,Persuasion
Mr Shepherd,I,0,13,Persuasion
Mr Shepherd,A,0,13,Persuasion
Mr Shepherd,DC,0,13,Persuasion
Mr Shepherd,DN,0,13,Persuasion
Mr Smith,N,0,13,Persuasion
Mr Smith,C,0,13,Persuasion
Mr Smith,I,0,13,Persuasion
Mr Smith,A,0,13,Persuasion
Mr Smith,DC,0,13,Persuasion
Mr Smith,DN,0,13,Persuasion
Mr Wentworth,N,0,13,Persuasion
Mr Wentworth,C,0,13,Persuasion
Mr Wentworth,I,0,13,Persuasion
Mr Wentworth,A,0,13,Persuasion
Mr Wentworth,DC,0,13,Persuasion
Mr Wentworth,DN,0,13,Persuasion
Mrs Clay,N,0,13,Persuasion
Mrs Clay,C,0,13,Persuasion
Mrs Clay,I,0,13,Persuasion
Mrs Clay,A,0,13,Persuasion
Mrs Clay,DC,0,13,Persuasion
Mrs Clay,DN,0,13,Persuasion
Mrs Croft,N,0,13,Persuasion
Mrs Croft,C,0,13,Persuasion
Mrs Croft,I,0,13,Persuasion
Mrs Croft,A,0,13,Persuasion
Mrs Croft,DC,0,13,Persuasion
Mrs Croft,DN,0,13,Persuasion
Mrs Harville,N,0,13,Persuasion
Mrs Harville,C,0,13,Persuasion
Mrs Harville,I,0,13,Persuasion
Mrs Harville,A,0,13,Persuasion
Mrs Harville,DC,0,13,Persuasion
Mrs Harville,DN,0,13,Persuasion
Mrs Musgrove,N,0,13,Persuasion
Mrs Musgrove,C,0,13,Persuasion
Mrs Musgrove,I,0,13,Persuasion
Mrs Musgrove,A,0,13,Persuasion
Mrs Musgrove,DC,0,13,Persuasion
Mrs Musgrove,DN,0,13,Persuasion
Mrs Rooke,N,0,13,Persuasion
Mrs Rooke,C,0,13,Persuasion
Mrs Rooke,I,0,13,Persuasion
Mrs Rooke,A,0,13,Persuasion
Mrs Rooke,DC,0,13,Persuasion
Mrs Rooke,DN,0,13,Persuasion
Mrs Shirley,N,0,13,Persuasion
Mrs Shirley,C,0,13,Persuasion
Mrs Shirley,I,0,13,Persuasion
Mrs Shirley,A,0,13,Persuasion
Mrs Shirley,DC,0,13,Persuasion
Mrs Shirley,DN,0,13,Persuasion
Mrs Smith,N,0,13,Persuasion
Mrs Smith,C,0,13,Persuasion
Mrs Smith,I,0,13,Persuasion
Mrs Smith,A,0,13,Persuasion
Mrs Smith,DC,0,13,Persuasion
Mrs Smith,DN,0,13,Persuasion
Mrs Wallis,N,0,13,Persuasion
Mrs Wallis,C,0,13,Persuasion
Mrs Wallis,I,0,13,Persuasion
Mrs Wallis,A,0,13,Persuasion
Mrs Wallis,DC,0,13,Persuasion
Mrs Wallis,DN,0,13,Persuasion
Nurse Rooke,N,0,13,Persuasion
Nurse Rooke,C,0,13,Persuasion
Nurse Rooke,I,0,13,Persuasion
Nurse Rooke,A,0,13,Persuasion
Nurse Rooke,DC,0,13,Persuasion
Nurse Rooke,DN,0,13,Persuasion
Penelope,N,0,13,Persuasion
Penelope,C,0,13,Persuasion
Penelope,I,0,13,Persuasion
Penelope,A,0,13,Persuasion
Penelope,DC,0,13,Persuasion
Penelope,DN,0,13,Persuasion
Sir Walter,N,0,13,Persuasion
Sir Walter,C,0,13,Persuasion
Sir Walter,I,0,13,Persuasion
Sir Walter,A,0,13,Persuasion
Sir Walter,DC,0,13,Persuasion
Sir Walter,DN,0,13,Persuasion
Sophy,N,0,13,Persuasion
Sophy,C,0,13,Persuasion
Sophy,I,0,13,Persuasion
Sophy,A,0,13,Persuasion
Sophy,DC,0,13,Persuasion
Sophy,DN,0,13,Persuasion
The Mr Musgroves,N,0,13,Persuasion
The Mr Musgroves,C,0,13,Persuasion
The Mr Musgroves,I,0,13,Persuasion
The Mr Musgroves,A,0,13,Persuasion
The Mr Musgroves,DC,0,13,Persuasion
The Mr Musgroves,DN,0,13,Persuasion
The little Durands,N,0,13,Persuasion
The little Durands,C,0,13,Persuasion
The little Durands,I,0,13,Persuasion
The little Durands,A,0,13,Persuasion
The little Durands,DC,0,13,Persuasion
The little Durands,DN,0,13,Persuasion
Winthrop,N,0,13,Persuasion
Winthrop,C,0,13,Persuasion
Winthrop,I,0,13,Persuasion
Winthrop,A,0,13,Persuasion
Winthrop,DC,0,13,Persuasion
Winthrop,DN,0,13,Persuasion
old Sir Archibald Drew,N,0,13,Persuasion
old Sir Archibald Drew,C,0,13,Persuasion
old Sir Archibald Drew,I,0,13,Persuasion
old Sir Archibald Drew,A,0,13,Persuasion
old Sir Archibald Drew,DC,0,13,Persuasion
old Sir Archibald Drew,DN,0,13,Persuasion
the Asp,N,0,13,Persuasion
the Asp,C,0,13,Persuasion
the Asp,I,0,13,Persuasion
the Asp,A,0,13,Persuasion
the Asp,DC,0,13,Persuasion
the Asp,DN,0,13,Persuasion
the Crofts,N,0,13,Persuasion
the Crofts,C,0,13,Persuasion
the Crofts,I,0,13,Persuasion
the Crofts,A,0,13,Persuasion
the Crofts,DC,0,13,Persuasion
the Crofts,DN,0,13,Persuasion
the Dalrymples,N,0,13,Persuasion
the Dalrymples,C,0,13,Persuasion
the Dalrymples,I,0,13,Persuasion
the Dalrymples,A,0,13,Persuasion
the Dalrymples,DC,0,13,Persuasion
the Dalrymples,DN,0,13,Persuasion
the Harvilles,N,0,13,Persuasion
the Harvilles,C,0,13,Persuasion
the Harvilles,I,0,13,Persuasion
the Harvilles,A,0,13,Persuasion
the Harvilles,DC,0,13,Persuasion
the Harvilles,DN,0,13,Persuasion
the Hayters,N,0,13,Persuasion
the Hayters,C,0,13,Persuasion
the Hayters,I,0,13,Persuasion
the Hayters,A,0,13,Persuasion
the Hayters,DC,0,13,Persuasion
the Hayters,DN,0,13,Persuasion
the Miss Musgroves,N,0,13,Persuasion
the Miss Musgroves,C,0,13,Persuasion
the Miss Musgroves,I,0,13,Persuasion
the Miss Musgroves,A,0,13,Persuasion
the Miss Musgroves,DC,0,13,Persuasion
the Miss Musgroves,DN,0,13,Persuasion
Admiral Baldwin,N,0,14,Persuasion
Admiral Baldwin,C,0,14,Persuasion
Admiral Baldwin,I,0,14,Persuasion
Admiral Baldwin,A,0,14,Persuasion
Admiral Baldwin,DC,0,14,Persuasion
Admiral Baldwin,DN,0,14,Persuasion
Admiral Croft,N,0,14,Persuasion
Admiral Croft,C,0,14,Persuasion
Admiral Croft,I,0,14,Persuasion
Admiral Croft,A,0,14,Persuasion
Admiral Croft,DC,0,14,Persuasion
Admiral Croft,DN,0,14,Persuasion
Anne,N,0,14,Persuasion
Anne,C,0,14,Persuasion
Anne,I,0,14,Persuasion
Anne,A,0,14,Persuasion
Anne,DC,0,14,Persuasion
Anne,DN,0,14,Persuasion
Captain Benwick,N,0,14,Persuasion
Captain Benwick,C,0,14,Persuasion
Captain Benwick,I,0,14,Persuasion
Captain Benwick,A,0,14,Persuasion
Captain Benwick,DC,0,14,Persuasion
Captain Benwick,DN,0,14,Persuasion
Captain Harville,N,0,14,Persuasion
Captain Harville,C,0,14,Persuasion
Captain Harville,I,0,14,Persuasion
Captain Harville,A,0,14,Persuasion
Captain Harville,DC,0,14,Persuasion
Captain Harville,DN,0,14,Persuasion
Captain Wentworth,N,0,14,Persuasion
Captain Wentworth,C,0,14,Persuasion
Captain Wentworth,I,0,14,Persuasion
Captain Wentworth,A,0,14,Persuasion
Captain Wentworth,DC,0,14,Persuasion
Captain Wentworth,DN,0,14,Persuasion
Charles,N,0,14,Persuasion
Charles,C,0,14,Persuasion
Charles,I,0,14,Persuasion
Charles,A,0,14,Persuasion
Charles,DC,0,14,Persuasion
Charles,DN,0,14,Persuasion
Colonel Wallis,N,0,14,Persuasion
Colonel Wallis,C,0,14,Persuasion
Colonel Wallis,I,0,14,Persuasion
Colonel Wallis,A,0,14,Persuasion
Colonel Wallis,DC,0,14,Persuasion
Colonel Wallis,DN,0,14,Persuasion
Dear Smith,N,0,14,Persuasion
Dear Smith,C,0,14,Persuasion
Dear Smith,I,0,14,Persuasion
Dear Smith,A,0,14,Persuasion
Dear Smith,DC,0,14,Persuasion
Dear Smith,DN,0,14,Persuasion
Dick,N,0,14,Persuasion
Dick,C,0,14,Persuasion
Dick,I,0,14,Persuasion
Dick,A,0,14,Persuasion
Dick,DC,0,14,Persuasion
Dick,DN,0,14,Persuasion
Dr Shirley,N,0,14,Persuasion
Dr Shirley,C,0,14,Persuasion
Dr Shirley,I,0,14,Persuasion
Dr Shirley,A,0,14,Persuasion
Dr Shirley,DC,0,14,Persuasion
Dr Shirley,DN,0,14,Persuasion
Edward,N,0,14,Persuasion
Edward,C,0,14,Persuasion
Edward,I,0,14,Persuasion
Edward,A,0,14,Persuasion
Edward,DC,0,14,Persuasion
Edward,DN,0,14,Persuasion
Elizabeth,N,0,14,Persuasion
Elizabeth,C,0,14,Persuasion
Elizabeth,I,0,14,Persuasion
Elizabeth,A,0,14,Persuasion
Elizabeth,DC,0,14,Persuasion
Elizabeth,DN,0,14,Persuasion
Frederick,N,0,14,Persuasion
Frederick,C,0,14,Persuasion
Frederick,I,0,14,Persuasion
Frederick,A,0,14,Persuasion
Frederick,DC,0,14,Persuasion
Frederick,DN,0,14,Persuasion
God,N,0,14,Persuasion
God,C,0,14,Persuasion
God,I,0,14,Persuasion
God,A,0,14,Persuasion
God,DC,0,14,Persuasion
God,DN,0,14,Persuasion
Henrietta,N,0,14,Persuasion
Henrietta,C,0,14,Persuasion
Henrietta,I,0,14,Persuasion
Henrietta,A,0,14,Persuasion
Henrietta,DC,0,14,Persuasion
Henrietta,DN,0,14,Persuasion
Jemima,N,0,14,Persuasion
Jemima,C,0,14,Persuasion
Jemima,I,0,14,Persuasion
Jemima,A,0,14,Persuasion
Jemima,DC,0,14,Persuasion
Jemima,DN,0,14,Persuasion
Kellynch,N,0,14,Persuasion
Kellynch,C,0,14,Persuasion
Kellynch,I,0,14,Persuasion
Kellynch,A,0,14,Persuasion
Kellynch,DC,0,14,Persuasion
Kellynch,DN,0,14,Persuasion
Lady Dalrymple,N,0,14,Persuasion
Lady Dalrymple,C,0,14,Persuasion
Lady Dalrymple,I,0,14,Persuasion
Lady Dalrymple,A,0,14,Persuasion
Lady Dalrymple,DC,0,14,Persuasion
Lady Dalrymple,DN,0,14,Persuasion
Lady Elliot,N,0,14,Persuasion
Lady Elliot,C,0,14,Persuasion
Lady Elliot,I,0,14,Persuasion
Lady Elliot,A,0,14,Persuasion
Lady Elliot,DC,0,14,Persuasion
Lady Elliot,DN,0,14,Persuasion
Lady Russell,N,0,14,Persuasion
Lady Russell,C,0,14,Persuasion
Lady Russell,I,0,14,Persuasion
Lady Russell,A,0,14,Persuasion
Lady Russell,DC,0,14,Persuasion
Lady Russell,DN,0,14,Persuasion
Louisa,N,0,14,Persuasion
Louisa,C,0,14,Persuasion
Louisa,I,0,14,Persuasion
Louisa,A,0,14,Persuasion
Louisa,DC,0,14,Persuasion
Louisa,DN,0,14,Persuasion
Mary,N,0,14,Persuasion
Mary,C,0,14,Persuasion
Mary,I,0,14,Persuasion
Mary,A,0,14,Persuasion
Mary,DC,0,14,Persuasion
Mary,DN,0,14,Persuasion
Miss Atkinson,N,0,14,Persuasion
Miss Atkinson,C,0,14,Persuasion
Miss Atkinson,I,0,14,Persuasion
Miss Atkinson,A,0,14,Persuasion
Miss Atkinson,DC,0,14,Persuasion
Miss Atkinson,DN,0,14,Persuasion
Miss Carteret,N,0,14,Persuasion
Miss Carteret,C,0,14,Persuasion
Miss Carteret,I,0,14,Persuasion
Miss Carteret,A,0,14,Persuasion
Miss Carteret,DC,0,14,Persuasion
Miss Carteret,DN,0,14,Persuasion
Miss Hamilton,N,0,14,Persuasion
Miss Hamilton,C,0,14,Persuasion
Miss Hamilton,I,0,14,Persuasion
Miss Hamilton,A,0,14,Persuasion
Miss Hamilton,DC,0,14,Persuasion
Miss Hamilton,DN,0,14,Persuasion
Mr Elliot,N,0,14,Persuasion
Mr Elliot,C,0,14,Persuasion
Mr Elliot,I,0,14,Persuasion
Mr Elliot,A,0,14,Persuasion
Mr Elliot,DC,0,14,Persuasion
Mr Elliot,DN,0,14,Persuasion
Mr Shepherd,N,0,14,Persuasion
Mr Shepherd,C,0,14,Persuasion
Mr Shepherd,I,0,14,Persuasion
Mr Shepherd,A,0,14,Persuasion
Mr Shepherd,DC,0,14,Persuasion
Mr Shepherd,DN,0,14,Persuasion
Mr Smith,N,0,14,Persuasion
Mr Smith,C,0,14,Persuasion
Mr Smith,I,0,14,Persuasion
Mr Smith,A,0,14,Persuasion
Mr Smith,DC,0,14,Persuasion
Mr Smith,DN,0,14,Persuasion
Mr Wentworth,N,0,14,Persuasion
Mr Wentworth,C,0,14,Persuasion
Mr Wentworth,I,0,14,Persuasion
Mr Wentworth,A,0,14,Persuasion
Mr Wentworth,DC,0,14,Persuasion
Mr Wentworth,DN,0,14,Persuasion
Mrs Clay,N,0,14,Persuasion
Mrs Clay,C,0,14,Persuasion
Mrs Clay,I,0,14,Persuasion
Mrs Clay,A,0,14,Persuasion
Mrs Clay,DC,0,14,Persuasion
Mrs Clay,DN,0,14,Persuasion
Mrs Croft,N,0,14,Persuasion
Mrs Croft,C,0,14,Persuasion
Mrs Croft,I,0,14,Persuasion
Mrs Croft,A,0,14,Persuasion
Mrs Croft,DC,0,14,Persuasion
Mrs Croft,DN,0,14,Persuasion
Mrs Harville,N,0,14,Persuasion
Mrs Harville,C,0,14,Persuasion
Mrs Harville,I,0,14,Persuasion
Mrs Harville,A,0,14,Persuasion
Mrs Harville,DC,0,14,Persuasion
Mrs Harville,DN,0,14,Persuasion
Mrs Musgrove,N,0,14,Persuasion
Mrs Musgrove,C,0,14,Persuasion
Mrs Musgrove,I,0,14,Persuasion
Mrs Musgrove,A,0,14,Persuasion
Mrs Musgrove,DC,0,14,Persuasion
Mrs Musgrove,DN,0,14,Persuasion
Mrs Rooke,N,0,14,Persuasion
Mrs Rooke,C,0,14,Persuasion
Mrs Rooke,I,0,14,Persuasion
Mrs Rooke,A,0,14,Persuasion
Mrs Rooke,DC,0,14,Persuasion
Mrs Rooke,DN,0,14,Persuasion
Mrs Shirley,N,0,14,Persuasion
Mrs Shirley,C,0,14,Persuasion
Mrs Shirley,I,0,14,Persuasion
Mrs Shirley,A,0,14,Persuasion
Mrs Shirley,DC,0,14,Persuasion
Mrs Shirley,DN,0,14,Persuasion
Mrs Smith,N,0,14,Persuasion
Mrs Smith,C,0,14,Persuasion
Mrs Smith,I,0,14,Persuasion
Mrs Smith,A,0,14,Persuasion
Mrs Smith,DC,0,14,Persuasion
Mrs Smith,DN,0,14,Persuasion
Mrs Wallis,N,0,14,Persuasion
Mrs Wallis,C,0,14,Persuasion
Mrs Wallis,I,0,14,Persuasion
Mrs Wallis,A,0,14,Persuasion
Mrs Wallis,DC,0,14,Persuasion
Mrs Wallis,DN,0,14,Persuasion
Nurse Rooke,N,0,14,Persuasion
Nurse Rooke,C,0,14,Persuasion
Nurse Rooke,I,0,14,Persuasion
Nurse Rooke,A,0,14,Persuasion
Nurse Rooke,DC,0,14,Persuasion
Nurse Rooke,DN,0,14,Persuasion
Penelope,N,0,14,Persuasion
Penelope,C,0,14,Persuasion
Penelope,I,0,14,Persuasion
Penelope,A,0,14,Persuasion
Penelope,DC,0,14,Persuasion
Penelope,DN,0,14,Persuasion
Sir Walter,N,0,14,Persuasion
Sir Walter,C,0,14,Persuasion
Sir Walter,I,0,14,Persuasion
Sir Walter,A,0,14,Persuasion
Sir Walter,DC,0,14,Persuasion
Sir Walter,DN,0,14,Persuasion
Sophy,N,0,14,Persuasion
Sophy,C,0,14,Persuasion
Sophy,I,0,14,Persuasion
Sophy,A,0,14,Persuasion
Sophy,DC,0,14,Persuasion
Sophy,DN,0,14,Persuasion
The Mr Musgroves,N,0,14,Persuasion
The Mr Musgroves,C,0,14,Persuasion
The Mr Musgroves,I,0,14,Persuasion
The Mr Musgroves,A,0,14,Persuasion
The Mr Musgroves,DC,0,14,Persuasion
The Mr Musgroves,DN,0,14,Persuasion
The little Durands,N,0,14,Persuasion
The little Durands,C,0,14,Persuasion
The little Durands,I,0,14,Persuasion
The little Durands,A,0,14,Persuasion
The little Durands,DC,0,14,Persuasion
The little Durands,DN,0,14,Persuasion
Winthrop,N,0,14,Persuasion
Winthrop,C,0,14,Persuasion
Winthrop,I,0,14,Persuasion
Winthrop,A,0,14,Persuasion
Winthrop,DC,0,14,Persuasion
Winthrop,DN,0,14,Persuasion
old Sir Archibald Drew,N,0,14,Persuasion
old Sir Archibald Drew,C,0,14,Persuasion
old Sir Archibald Drew,I,0,14,Persuasion
old Sir Archibald Drew,A,0,14,Persuasion
old Sir Archibald Drew,DC,0,14,Persuasion
old Sir Archibald Drew,DN,0,14,Persuasion
the Asp,N,0,14,Persuasion
the Asp,C,0,14,Persuasion
the Asp,I,0,14,Persuasion
the Asp,A,0,14,Persuasion
the Asp,DC,0,14,Persuasion
the Asp,DN,0,14,Persuasion
the Crofts,N,0,14,Persuasion
the Crofts,C,0,14,Persuasion
the Crofts,I,0,14,Persuasion
the Crofts,A,0,14,Persuasion
the Crofts,DC,0,14,Persuasion
the Crofts,DN,0,14,Persuasion
the Dalrymples,N,0,14,Persuasion
the Dalrymples,C,0,14,Persuasion
the Dalrymples,I,0,14,Persuasion
the Dalrymples,A,0,14,Persuasion
the Dalrymples,DC,0,14,Persuasion
the Dalrymples,DN,0,14,Persuasion
the Harvilles,N,0,14,Persuasion
the Harvilles,C,0,14,Persuasion
the Harvilles,I,0,14,Persuasion
the Harvilles,A,0,14,Persuasion
the Harvilles,DC,0,14,Persuasion
the Harvilles,DN,0,14,Persuasion
the Hayters,N,0,14,Persuasion
the Hayters,C,0,14,Persuasion
the Hayters,I,0,14,Persuasion
the Hayters,A,0,14,Persuasion
the Hayters,DC,0,14,Persuasion
the Hayters,DN,0,14,Persuasion
the Miss Musgroves,N,0,14,Persuasion
the Miss Musgroves,C,0,14,Persuasion
the Miss Musgroves,I,0,14,Persuasion
the Miss Musgroves,A,0,14,Persuasion
the Miss Musgroves,DC,0,14,Persuasion
the Miss Musgroves,DN,0,14,Persuasion
Admiral Baldwin,N,0,15,Persuasion
Admiral Baldwin,C,0,15,Persuasion
Admiral Baldwin,I,0,15,Persuasion
Admiral Baldwin,A,0,15,Persuasion
Admiral Baldwin,DC,0,15,Persuasion
Admiral Baldwin,DN,0,15,Persuasion
Admiral Croft,N,0,15,Persuasion
Admiral Croft,C,0,15,Persuasion
Admiral Croft,I,0,15,Persuasion
Admiral Croft,A,0,15,Persuasion
Admiral Croft,DC,0,15,Persuasion
Admiral Croft,DN,0,15,Persuasion
Anne,N,0,15,Persuasion
Anne,C,0,15,Persuasion
Anne,I,0,15,Persuasion
Anne,A,0,15,Persuasion
Anne,DC,0,15,Persuasion
Anne,DN,0,15,Persuasion
Captain Benwick,N,0,15,Persuasion
Captain Benwick,C,0,15,Persuasion
Captain Benwick,I,0,15,Persuasion
Captain Benwick,A,0,15,Persuasion
Captain Benwick,DC,0,15,Persuasion
Captain Benwick,DN,0,15,Persuasion
Captain Harville,N,0,15,Persuasion
Captain Harville,C,0,15,Persuasion
Captain Harville,I,0,15,Persuasion
Captain Harville,A,0,15,Persuasion
Captain Harville,DC,0,15,Persuasion
Captain Harville,DN,0,15,Persuasion
Captain Wentworth,N,0,15,Persuasion
Captain Wentworth,C,0,15,Persuasion
Captain Wentworth,I,0,15,Persuasion
Captain Wentworth,A,0,15,Persuasion
Captain Wentworth,DC,0,15,Persuasion
Captain Wentworth,DN,0,15,Persuasion
Charles,N,0,15,Persuasion
Charles,C,0,15,Persuasion
Charles,I,0,15,Persuasion
Charles,A,0,15,Persuasion
Charles,DC,0,15,Persuasion
Charles,DN,0,15,Persuasion
Colonel Wallis,N,0,15,Persuasion
Colonel Wallis,C,0,15,Persuasion
Colonel Wallis,I,0,15,Persuasion
Colonel Wallis,A,0,15,Persuasion
Colonel Wallis,DC,0,15,Persuasion
Colonel Wallis,DN,0,15,Persuasion
Dear Smith,N,0,15,Persuasion
Dear Smith,C,0,15,Persuasion
Dear Smith,I,0,15,Persuasion
Dear Smith,A,0,15,Persuasion
Dear Smith,DC,0,15,Persuasion
Dear Smith,DN,0,15,Persuasion
Dick,N,0,15,Persuasion
Dick,C,0,15,Persuasion
Dick,I,0,15,Persuasion
Dick,A,0,15,Persuasion
Dick,DC,0,15,Persuasion
Dick,DN,0,15,Persuasion
Dr Shirley,N,0,15,Persuasion
Dr Shirley,C,0,15,Persuasion
Dr Shirley,I,0,15,Persuasion
Dr Shirley,A,0,15,Persuasion
Dr Shirley,DC,0,15,Persuasion
Dr Shirley,DN,0,15,Persuasion
Edward,N,0,15,Persuasion
Edward,C,0,15,Persuasion
Edward,I,0,15,Persuasion
Edward,A,0,15,Persuasion
Edward,DC,0,15,Persuasion
Edward,DN,0,15,Persuasion
Elizabeth,N,0,15,Persuasion
Elizabeth,C,0,15,Persuasion
Elizabeth,I,0,15,Persuasion
Elizabeth,A,0,15,Persuasion
Elizabeth,DC,0,15,Persuasion
Elizabeth,DN,0,15,Persuasion
Frederick,N,0,15,Persuasion
Frederick,C,0,15,Persuasion
Frederick,I,0,15,Persuasion
Frederick,A,0,15,Persuasion
Frederick,DC,0,15,Persuasion
Frederick,DN,0,15,Persuasion
God,N,0,15,Persuasion
God,C,0,15,Persuasion
God,I,0,15,Persuasion
God,A,0,15,Persuasion
God,DC,0,15,Persuasion
God,DN,0,15,Persuasion
Henrietta,N,0,15,Persuasion
Henrietta,C,0,15,Persuasion
Henrietta,I,0,15,Persuasion
Henrietta,A,0,15,Persuasion
Henrietta,DC,0,15,Persuasion
Henrietta,DN,0,15,Persuasion
Jemima,N,0,15,Persuasion
Jemima,C,0,15,Persuasion
Jemima,I,0,15,Persuasion
Jemima,A,0,15,Persuasion
Jemima,DC,0,15,Persuasion
Jemima,DN,0,15,Persuasion
Kellynch,N,0,15,Persuasion
Kellynch,C,0,15,Persuasion
Kellynch,I,0,15,Persuasion
Kellynch,A,0,15,Persuasion
Kellynch,DC,0,15,Persuasion
Kellynch,DN,0,15,Persuasion
Lady Dalrymple,N,0,15,Persuasion
Lady Dalrymple,C,0,15,Persuasion
Lady Dalrymple,I,0,15,Persuasion
Lady Dalrymple,A,0,15,Persuasion
Lady Dalrymple,DC,0,15,Persuasion
Lady Dalrymple,DN,0,15,Persuasion
Lady Elliot,N,0,15,Persuasion
Lady Elliot,C,0,15,Persuasion
Lady Elliot,I,0,15,Persuasion
Lady Elliot,A,0,15,Persuasion
Lady Elliot,DC,0,15,Persuasion
Lady Elliot,DN,0,15,Persuasion
Lady Russell,N,0,15,Persuasion
Lady Russell,C,0,15,Persuasion
Lady Russell,I,0,15,Persuasion
Lady Russell,A,0,15,Persuasion
Lady Russell,DC,0,15,Persuasion
Lady Russell,DN,0,15,Persuasion
Louisa,N,0,15,Persuasion
Louisa,C,0,15,Persuasion
Louisa,I,0,15,Persuasion
Louisa,A,0,15,Persuasion
Louisa,DC,0,15,Persuasion
Louisa,DN,0,15,Persuasion
Mary,N,0,15,Persuasion
Mary,C,0,15,Persuasion
Mary,I,0,15,Persuasion
Mary,A,0,15,Persuasion
Mary,DC,0,15,Persuasion
Mary,DN,0,15,Persuasion
Miss Atkinson,N,0,15,Persuasion
Miss Atkinson,C,0,15,Persuasion
Miss Atkinson,I,0,15,Persuasion
Miss Atkinson,A,0,15,Persuasion
Miss Atkinson,DC,0,15,Persuasion
Miss Atkinson,DN,0,15,Persuasion
Miss Carteret,N,0,15,Persuasion
Miss Carteret,C,0,15,Persuasion
Miss Carteret,I,0,15,Persuasion
Miss Carteret,A,0,15,Persuasion
Miss Carteret,DC,0,15,Persuasion
Miss Carteret,DN,0,15,Persuasion
Miss Hamilton,N,0,15,Persuasion
Miss Hamilton,C,0,15,Persuasion
Miss Hamilton,I,0,15,Persuasion
Miss Hamilton,A,0,15,Persuasion
Miss Hamilton,DC,0,15,Persuasion
Miss Hamilton,DN,0,15,Persuasion
Mr Elliot,N,0,15,Persuasion
Mr Elliot,C,0,15,Persuasion
Mr Elliot,I,0,15,Persuasion
Mr Elliot,A,0,15,Persuasion
Mr Elliot,DC,0,15,Persuasion
Mr Elliot,DN,0,15,Persuasion
Mr Shepherd,N,0,15,Persuasion
Mr Shepherd,C,0,15,Persuasion
Mr Shepherd,I,0,15,Persuasion
Mr Shepherd,A,0,15,Persuasion
Mr Shepherd,DC,0,15,Persuasion
Mr Shepherd,DN,0,15,Persuasion
Mr Smith,N,0,15,Persuasion
Mr Smith,C,0,15,Persuasion
Mr Smith,I,0,15,Persuasion
Mr Smith,A,0,15,Persuasion
Mr Smith,DC,0,15,Persuasion
Mr Smith,DN,0,15,Persuasion
Mr Wentworth,N,0,15,Persuasion
Mr Wentworth,C,0,15,Persuasion
Mr Wentworth,I,0,15,Persuasion
Mr Wentworth,A,0,15,Persuasion
Mr Wentworth,DC,0,15,Persuasion
Mr Wentworth,DN,0,15,Persuasion
Mrs Clay,N,0,15,Persuasion
Mrs Clay,C,0,15,Persuasion
Mrs Clay,I,0,15,Persuasion
Mrs Clay,A,0,15,Persuasion
Mrs Clay,DC,0,15,Persuasion
Mrs Clay,DN,0,15,Persuasion
Mrs Croft,N,0,15,Persuasion
Mrs Croft,C,0,15,Persuasion
Mrs Croft,I,0,15,Persuasion
Mrs Croft,A,0,15,Persuasion
Mrs Croft,DC,0,15,Persuasion
Mrs Croft,DN,0,15,Persuasion
Mrs Harville,N,0,15,Persuasion
Mrs Harville,C,0,15,Persuasion
Mrs Harville,I,0,15,Persuasion
Mrs Harville,A,0,15,Persuasion
Mrs Harville,DC,0,15,Persuasion
Mrs Harville,DN,0,15,Persuasion
Mrs Musgrove,N,0,15,Persuasion
Mrs Musgrove,C,0,15,Persuasion
Mrs Musgrove,I,0,15,Persuasion
Mrs Musgrove,A,0,15,Persuasion
Mrs Musgrove,DC,0,15,Persuasion
Mrs Musgrove,DN,0,15,Persuasion
Mrs Rooke,N,0,15,Persuasion
Mrs Rooke,C,0,15,Persuasion
Mrs Rooke,I,0,15,Persuasion
Mrs Rooke,A,0,15,Persuasion
Mrs Rooke,DC,0,15,Persuasion
Mrs Rooke,DN,0,15,Persuasion
Mrs Shirley,N,0,15,Persuasion
Mrs Shirley,C,0,15,Persuasion
Mrs Shirley,I,0,15,Persuasion
Mrs Shirley,A,0,15,Persuasion
Mrs Shirley,DC,0,15,Persuasion
Mrs Shirley,DN,0,15,Persuasion
Mrs Smith,N,0,15,Persuasion
Mrs Smith,C,0,15,Persuasion
Mrs Smith,I,0,15,Persuasion
Mrs Smith,A,0,15,Persuasion
Mrs Smith,DC,0,15,Persuasion
Mrs Smith,DN,0,15,Persuasion
Mrs Wallis,N,0,15,Persuasion
Mrs Wallis,C,0,15,Persuasion
Mrs Wallis,I,0,15,Persuasion
Mrs Wallis,A,0,15,Persuasion
Mrs Wallis,DC,0,15,Persuasion
Mrs Wallis,DN,0,15,Persuasion
Nurse Rooke,N,0,15,Persuasion
Nurse Rooke,C,0,15,Persuasion
Nurse Rooke,I,0,15,Persuasion
Nurse Rooke,A,0,15,Persuasion
Nurse Rooke,DC,0,15,Persuasion
Nurse Rooke,DN,0,15,Persuasion
Penelope,N,0,15,Persuasion
Penelope,C,0,15,Persuasion
Penelope,I,0,15,Persuasion
Penelope,A,0,15,Persuasion
Penelope,DC,0,15,Persuasion
Penelope,DN,0,15,Persuasion
Sir Walter,N,0,15,Persuasion
Sir Walter,C,0,15,Persuasion
Sir Walter,I,0,15,Persuasion
Sir Walter,A,0,15,Persuasion
Sir Walter,DC,0,15,Persuasion
Sir Walter,DN,0,15,Persuasion
Sophy,N,0,15,Persuasion
Sophy,C,0,15,Persuasion
Sophy,I,0,15,Persuasion
Sophy,A,0,15,Persuasion
Sophy,DC,0,15,Persuasion
Sophy,DN,0,15,Persuasion
The Mr Musgroves,N,0,15,Persuasion
The Mr Musgroves,C,0,15,Persuasion
The Mr Musgroves,I,0,15,Persuasion
The Mr Musgroves,A,0,15,Persuasion
The Mr Musgroves,DC,0,15,Persuasion
The Mr Musgroves,DN,0,15,Persuasion
The little Durands,N,0,15,Persuasion
The little Durands,C,0,15,Persuasion
The little Durands,I,0,15,Persuasion
The little Durands,A,0,15,Persuasion
The little Durands,DC,0,15,Persuasion
The little Durands,DN,0,15,Persuasion
Winthrop,N,0,15,Persuasion
Winthrop,C,0,15,Persuasion
Winthrop,I,0,15,Persuasion
Winthrop,A,0,15,Persuasion
Winthrop,DC,0,15,Persuasion
Winthrop,DN,0,15,Persuasion
old Sir Archibald Drew,N,0,15,Persuasion
old Sir Archibald Drew,C,0,15,Persuasion
old Sir Archibald Drew,I,0,15,Persuasion
old Sir Archibald Drew,A,0,15,Persuasion
old Sir Archibald Drew,DC,0,15,Persuasion
old Sir Archibald Drew,DN,0,15,Persuasion
the Asp,N,0,15,Persuasion
the Asp,C,0,15,Persuasion
the Asp,I,0,15,Persuasion
the Asp,A,0,15,Persuasion
the Asp,DC,0,15,Persuasion
the Asp,DN,0,15,Persuasion
the Crofts,N,0,15,Persuasion
the Crofts,C,0,15,Persuasion
the Crofts,I,0,15,Persuasion
the Crofts,A,0,15,Persuasion
the Crofts,DC,0,15,Persuasion
the Crofts,DN,0,15,Persuasion
the Dalrymples,N,0,15,Persuasion
the Dalrymples,C,0,15,Persuasion
the Dalrymples,I,0,15,Persuasion
the Dalrymples,A,0,15,Persuasion
the Dalrymples,DC,0,15,Persuasion
the Dalrymples,DN,0,15,Persuasion
the Harvilles,N,0,15,Persuasion
the Harvilles,C,0,15,Persuasion
the Harvilles,I,0,15,Persuasion
the Harvilles,A,0,15,Persuasion
the Harvilles,DC,0,15,Persuasion
the Harvilles,DN,0,15,Persuasion
the Hayters,N,0,15,Persuasion
the Hayters,C,0,15,Persuasion
the Hayters,I,0,15,Persuasion
the Hayters,A,0,15,Persuasion
the Hayters,DC,0,15,Persuasion
the Hayters,DN,0,15,Persuasion
the Miss Musgroves,N,0,15,Persuasion
the Miss Musgroves,C,0,15,Persuasion
the Miss Musgroves,I,0,15,Persuasion
the Miss Musgroves,A,0,15,Persuasion
the Miss Musgroves,DC,0,15,Persuasion
the Miss Musgroves,DN,0,15,Persuasion
Admiral Baldwin,N,0,16,Persuasion
Admiral Baldwin,C,0,16,Persuasion
Admiral Baldwin,I,0,16,Persuasion
Admiral Baldwin,A,0,16,Persuasion
Admiral Baldwin,DC,0,16,Persuasion
Admiral Baldwin,DN,0,16,Persuasion
Admiral Croft,N,0,16,Persuasion
Admiral Croft,C,0,16,Persuasion
Admiral Croft,I,0,16,Persuasion
Admiral Croft,A,0,16,Persuasion
Admiral Croft,DC,0,16,Persuasion
Admiral Croft,DN,0,16,Persuasion
Anne,N,0,16,Persuasion
Anne,C,0,16,Persuasion
Anne,I,0,16,Persuasion
Anne,A,0,16,Persuasion
Anne,DC,0,16,Persuasion
Anne,DN,0,16,Persuasion
Captain Benwick,N,0,16,Persuasion
Captain Benwick,C,0,16,Persuasion
Captain Benwick,I,0,16,Persuasion
Captain Benwick,A,0,16,Persuasion
Captain Benwick,DC,0,16,Persuasion
Captain Benwick,DN,0,16,Persuasion
Captain Harville,N,0,16,Persuasion
Captain Harville,C,0,16,Persuasion
Captain Harville,I,0,16,Persuasion
Captain Harville,A,0,16,Persuasion
Captain Harville,DC,0,16,Persuasion
Captain Harville,DN,0,16,Persuasion
Captain Wentworth,N,0,16,Persuasion
Captain Wentworth,C,0,16,Persuasion
Captain Wentworth,I,0,16,Persuasion
Captain Wentworth,A,0,16,Persuasion
Captain Wentworth,DC,0,16,Persuasion
Captain Wentworth,DN,0,16,Persuasion
Charles,N,0,16,Persuasion
Charles,C,0,16,Persuasion
Charles,I,0,16,Persuasion
Charles,A,0,16,Persuasion
Charles,DC,0,16,Persuasion
Charles,DN,0,16,Persuasion
Colonel Wallis,N,0,16,Persuasion
Colonel Wallis,C,0,16,Persuasion
Colonel Wallis,I,0,16,Persuasion
Colonel Wallis,A,0,16,Persuasion
Colonel Wallis,DC,0,16,Persuasion
Colonel Wallis,DN,0,16,Persuasion
Dear Smith,N,0,16,Persuasion
Dear Smith,C,0,16,Persuasion
Dear Smith,I,0,16,Persuasion
Dear Smith,A,0,16,Persuasion
Dear Smith,DC,0,16,Persuasion
Dear Smith,DN,0,16,Persuasion
Dick,N,0,16,Persuasion
Dick,C,0,16,Persuasion
Dick,I,0,16,Persuasion
Dick,A,0,16,Persuasion
Dick,DC,0,16,Persuasion
Dick,DN,0,16,Persuasion
Dr Shirley,N,0,16,Persuasion
Dr Shirley,C,0,16,Persuasion
Dr Shirley,I,0,16,Persuasion
Dr Shirley,A,0,16,Persuasion
Dr Shirley,DC,0,16,Persuasion
Dr Shirley,DN,0,16,Persuasion
Edward,N,0,16,Persuasion
Edward,C,0,16,Persuasion
Edward,I,0,16,Persuasion
Edward,A,0,16,Persuasion
Edward,DC,0,16,Persuasion
Edward,DN,0,16,Persuasion
Elizabeth,N,0,16,Persuasion
Elizabeth,C,0,16,Persuasion
Elizabeth,I,0,16,Persuasion
Elizabeth,A,0,16,Persuasion
Elizabeth,DC,0,16,Persuasion
Elizabeth,DN,0,16,Persuasion
Frederick,N,0,16,Persuasion
Frederick,C,0,16,Persuasion
Frederick,I,0,16,Persuasion
Frederick,A,0,16,Persuasion
Frederick,DC,0,16,Persuasion
Frederick,DN,0,16,Persuasion
God,N,0,16,Persuasion
God,C,0,16,Persuasion
God,I,0,16,Persuasion
God,A,0,16,Persuasion
God,DC,0,16,Persuasion
God,DN,0,16,Persuasion
Henrietta,N,0,16,Persuasion
Henrietta,C,0,16,Persuasion
Henrietta,I,0,16,Persuasion
Henrietta,A,0,16,Persuasion
Henrietta,DC,0,16,Persuasion
Henrietta,DN,0,16,Persuasion
Jemima,N,0,16,Persuasion
Jemima,C,0,16,Persuasion
Jemima,I,0,16,Persuasion
Jemima,A,0,16,Persuasion
Jemima,DC,0,16,Persuasion
Jemima,DN,0,16,Persuasion
Kellynch,N,0,16,Persuasion
Kellynch,C,0,16,Persuasion
Kellynch,I,0,16,Persuasion
Kellynch,A,0,16,Persuasion
Kellynch,DC,0,16,Persuasion
Kellynch,DN,0,16,Persuasion
Lady Dalrymple,N,0,16,Persuasion
Lady Dalrymple,C,0,16,Persuasion
Lady Dalrymple,I,0,16,Persuasion
Lady Dalrymple,A,0,16,Persuasion
Lady Dalrymple,DC,0,16,Persuasion
Lady Dalrymple,DN,0,16,Persuasion
Lady Elliot,N,0,16,Persuasion
Lady Elliot,C,0,16,Persuasion
Lady Elliot,I,0,16,Persuasion
Lady Elliot,A,0,16,Persuasion
Lady Elliot,DC,0,16,Persuasion
Lady Elliot,DN,0,16,Persuasion
Lady Russell,N,0,16,Persuasion
Lady Russell,C,0,16,Persuasion
Lady Russell,I,0,16,Persuasion
Lady Russell,A,0,16,Persuasion
Lady Russell,DC,0,16,Persuasion
Lady Russell,DN,0,16,Persuasion
Louisa,N,0,16,Persuasion
Louisa,C,0,16,Persuasion
Louisa,I,0,16,Persuasion
Louisa,A,0,16,Persuasion
Louisa,DC,0,16,Persuasion
Louisa,DN,0,16,Persuasion
Mary,N,0,16,Persuasion
Mary,C,0,16,Persuasion
Mary,I,0,16,Persuasion
Mary,A,0,16,Persuasion
Mary,DC,0,16,Persuasion
Mary,DN,0,16,Persuasion
Miss Atkinson,N,0,16,Persuasion
Miss Atkinson,C,0,16,Persuasion
Miss Atkinson,I,0,16,Persuasion
Miss Atkinson,A,0,16,Persuasion
Miss Atkinson,DC,0,16,Persuasion
Miss Atkinson,DN,0,16,Persuasion
Miss Carteret,N,0,16,Persuasion
Miss Carteret,C,0,16,Persuasion
Miss Carteret,I,0,16,Persuasion
Miss Carteret,A,0,16,Persuasion
Miss Carteret,DC,0,16,Persuasion
Miss Carteret,DN,0,16,Persuasion
Miss Hamilton,N,0,16,Persuasion
Miss Hamilton,C,0,16,Persuasion
Miss Hamilton,I,0,16,Persuasion
Miss Hamilton,A,0,16,Persuasion
Miss Hamilton,DC,0,16,Persuasion
Miss Hamilton,DN,0,16,Persuasion
Mr Elliot,N,0,16,Persuasion
Mr Elliot,C,0,16,Persuasion
Mr Elliot,I,0,16,Persuasion
Mr Elliot,A,0,16,Persuasion
Mr Elliot,DC,0,16,Persuasion
Mr Elliot,DN,0,16,Persuasion
Mr Shepherd,N,0,16,Persuasion
Mr Shepherd,C,0,16,Persuasion
Mr Shepherd,I,0,16,Persuasion
Mr Shepherd,A,0,16,Persuasion
Mr Shepherd,DC,0,16,Persuasion
Mr Shepherd,DN,0,16,Persuasion
Mr Smith,N,0,16,Persuasion
Mr Smith,C,0,16,Persuasion
Mr Smith,I,0,16,Persuasion
Mr Smith,A,0,16,Persuasion
Mr Smith,DC,0,16,Persuasion
Mr Smith,DN,0,16,Persuasion
Mr Wentworth,N,0,16,Persuasion
Mr Wentworth,C,0,16,Persuasion
Mr Wentworth,I,0,16,Persuasion
Mr Wentworth,A,0,16,Persuasion
Mr Wentworth,DC,0,16,Persuasion
Mr Wentworth,DN,0,16,Persuasion
Mrs Clay,N,0,16,Persuasion
Mrs Clay,C,0,16,Persuasion
Mrs Clay,I,0,16,Persuasion
Mrs Clay,A,0,16,Persuasion
Mrs Clay,DC,0,16,Persuasion
Mrs Clay,DN,0,16,Persuasion
Mrs Croft,N,0,16,Persuasion
Mrs Croft,C,0,16,Persuasion
Mrs Croft,I,0,16,Persuasion
Mrs Croft,A,0,16,Persuasion
Mrs Croft,DC,0,16,Persuasion
Mrs Croft,DN,0,16,Persuasion
Mrs Harville,N,0,16,Persuasion
Mrs Harville,C,0,16,Persuasion
Mrs Harville,I,0,16,Persuasion
Mrs Harville,A,0,16,Persuasion
Mrs Harville,DC,0,16,Persuasion
Mrs Harville,DN,0,16,Persuasion
Mrs Musgrove,N,0,16,Persuasion
Mrs Musgrove,C,0,16,Persuasion
Mrs Musgrove,I,0,16,Persuasion
Mrs Musgrove,A,0,16,Persuasion
Mrs Musgrove,DC,0,16,Persuasion
Mrs Musgrove,DN,0,16,Persuasion
Mrs Rooke,N,0,16,Persuasion
Mrs Rooke,C,0,16,Persuasion
Mrs Rooke,I,0,16,Persuasion
Mrs Rooke,A,0,16,Persuasion
Mrs Rooke,DC,0,16,Persuasion
Mrs Rooke,DN,0,16,Persuasion
Mrs Shirley,N,0,16,Persuasion
Mrs Shirley,C,0,16,Persuasion
Mrs Shirley,I,0,16,Persuasion
Mrs Shirley,A,0,16,Persuasion
Mrs Shirley,DC,0,16,Persuasion
Mrs Shirley,DN,0,16,Persuasion
Mrs Smith,N,0,16,Persuasion
Mrs Smith,C,0,16,Persuasion
Mrs Smith,I,0,16,Persuasion
Mrs Smith,A,0,16,Persuasion
Mrs Smith,DC,0,16,Persuasion
Mrs Smith,DN,0,16,Persuasion
Mrs Wallis,N,0,16,Persuasion
Mrs Wallis,C,0,16,Persuasion
Mrs Wallis,I,0,16,Persuasion
Mrs Wallis,A,0,16,Persuasion
Mrs Wallis,DC,0,16,Persuasion
Mrs Wallis,DN,0,16,Persuasion
Nurse Rooke,N,0,16,Persuasion
Nurse Rooke,C,0,16,Persuasion
Nurse Rooke,I,0,16,Persuasion
Nurse Rooke,A,0,16,Persuasion
Nurse Rooke,DC,0,16,Persuasion
Nurse Rooke,DN,0,16,Persuasion
Penelope,N,0,16,Persuasion
Penelope,C,0,16,Persuasion
Penelope,I,0,16,Persuasion
Penelope,A,0,16,Persuasion
Penelope,DC,0,16,Persuasion
Penelope,DN,0,16,Persuasion
Sir Walter,N,0,16,Persuasion
Sir Walter,C,0,16,Persuasion
Sir Walter,I,0,16,Persuasion
Sir Walter,A,0,16,Persuasion
Sir Walter,DC,0,16,Persuasion
Sir Walter,DN,0,16,Persuasion
Sophy,N,0,16,Persuasion
Sophy,C,0,16,Persuasion
Sophy,I,0,16,Persuasion
Sophy,A,0,16,Persuasion
Sophy,DC,0,16,Persuasion
Sophy,DN,0,16,Persuasion
The Mr Musgroves,N,0,16,Persuasion
The Mr Musgroves,C,0,16,Persuasion
The Mr Musgroves,I,0,16,Persuasion
The Mr Musgroves,A,0,16,Persuasion
The Mr Musgroves,DC,0,16,Persuasion
The Mr Musgroves,DN,0,16,Persuasion
The little Durands,N,0,16,Persuasion
The little Durands,C,0,16,Persuasion
The little Durands,I,0,16,Persuasion
The little Durands,A,0,16,Persuasion
The little Durands,DC,0,16,Persuasion
The little Durands,DN,0,16,Persuasion
Winthrop,N,0,16,Persuasion
Winthrop,C,0,16,Persuasion
Winthrop,I,0,16,Persuasion
Winthrop,A,0,16,Persuasion
Winthrop,DC,0,16,Persuasion
Winthrop,DN,0,16,Persuasion
old Sir Archibald Drew,N,0,16,Persuasion
old Sir Archibald Drew,C,0,16,Persuasion
old Sir Archibald Drew,I,0,16,Persuasion
old Sir Archibald Drew,A,0,16,Persuasion
old Sir Archibald Drew,DC,0,16,Persuasion
old Sir Archibald Drew,DN,0,16,Persuasion
the Asp,N,0,16,Persuasion
the Asp,C,0,16,Persuasion
the Asp,I,0,16,Persuasion
the Asp,A,0,16,Persuasion
the Asp,DC,0,16,Persuasion
the Asp,DN,0,16,Persuasion
the Crofts,N,0,16,Persuasion
the Crofts,C,0,16,Persuasion
the Crofts,I,0,16,Persuasion
the Crofts,A,0,16,Persuasion
the Crofts,DC,0,16,Persuasion
the Crofts,DN,0,16,Persuasion
the Dalrymples,N,0,16,Persuasion
the Dalrymples,C,0,16,Persuasion
the Dalrymples,I,0,16,Persuasion
the Dalrymples,A,0,16,Persuasion
the Dalrymples,DC,0,16,Persuasion
the Dalrymples,DN,0,16,Persuasion
the Harvilles,N,0,16,Persuasion
the Harvilles,C,0,16,Persuasion
the Harvilles,I,0,16,Persuasion
the Harvilles,A,0,16,Persuasion
the Harvilles,DC,0,16,Persuasion
the Harvilles,DN,0,16,Persuasion
the Hayters,N,0,16,Persuasion
the Hayters,C,0,16,Persuasion
the Hayters,I,0,16,Persuasion
the Hayters,A,0,16,Persuasion
the Hayters,DC,0,16,Persuasion
the Hayters,DN,0,16,Persuasion
the Miss Musgroves,N,0,16,Persuasion
the Miss Musgroves,C,0,16,Persuasion
the Miss Musgroves,I,0,16,Persuasion
the Miss Musgroves,A,0,16,Persuasion
the Miss Musgroves,DC,0,16,Persuasion
the Miss Musgroves,DN,0,16,Persuasion
Admiral Baldwin,N,0,17,Persuasion
Admiral Baldwin,C,0,17,Persuasion
Admiral Baldwin,I,0,17,Persuasion
Admiral Baldwin,A,0,17,Persuasion
Admiral Baldwin,DC,0,17,Persuasion
Admiral Baldwin,DN,0,17,Persuasion
Admiral Croft,N,0,17,Persuasion
Admiral Croft,C,0,17,Persuasion
Admiral Croft,I,0,17,Persuasion
Admiral Croft,A,0,17,Persuasion
Admiral Croft,DC,0,17,Persuasion
Admiral Croft,DN,0,17,Persuasion
Anne,N,0,17,Persuasion
Anne,C,0,17,Persuasion
Anne,I,0,17,Persuasion
Anne,A,0,17,Persuasion
Anne,DC,0,17,Persuasion
Anne,DN,0,17,Persuasion
Captain Benwick,N,0,17,Persuasion
Captain Benwick,C,0,17,Persuasion
Captain Benwick,I,0,17,Persuasion
Captain Benwick,A,0,17,Persuasion
Captain Benwick,DC,0,17,Persuasion
Captain Benwick,DN,0,17,Persuasion
Captain Harville,N,0,17,Persuasion
Captain Harville,C,0,17,Persuasion
Captain Harville,I,0,17,Persuasion
Captain Harville,A,0,17,Persuasion
Captain Harville,DC,0,17,Persuasion
Captain Harville,DN,0,17,Persuasion
Captain Wentworth,N,0,17,Persuasion
Captain Wentworth,C,0,17,Persuasion
Captain Wentworth,I,0,17,Persuasion
Captain Wentworth,A,0,17,Persuasion
Captain Wentworth,DC,0,17,Persuasion
Captain Wentworth,DN,0,17,Persuasion
Charles,N,0,17,Persuasion
Charles,C,0,17,Persuasion
Charles,I,0,17,Persuasion
Charles,A,0,17,Persuasion
Charles,DC,0,17,Persuasion
Charles,DN,0,17,Persuasion
Colonel Wallis,N,0,17,Persuasion
Colonel Wallis,C,0,17,Persuasion
Colonel Wallis,I,0,17,Persuasion
Colonel Wallis,A,0,17,Persuasion
Colonel Wallis,DC,0,17,Persuasion
Colonel Wallis,DN,0,17,Persuasion
Dear Smith,N,0,17,Persuasion
Dear Smith,C,0,17,Persuasion
Dear Smith,I,0,17,Persuasion
Dear Smith,A,0,17,Persuasion
Dear Smith,DC,0,17,Persuasion
Dear Smith,DN,0,17,Persuasion
Dick,N,0,17,Persuasion
Dick,C,0,17,Persuasion
Dick,I,0,17,Persuasion
Dick,A,0,17,Persuasion
Dick,DC,0,17,Persuasion
Dick,DN,0,17,Persuasion
Dr Shirley,N,0,17,Persuasion
Dr Shirley,C,0,17,Persuasion
Dr Shirley,I,0,17,Persuasion
Dr Shirley,A,0,17,Persuasion
Dr Shirley,DC,0,17,Persuasion
Dr Shirley,DN,0,17,Persuasion
Edward,N,0,17,Persuasion
Edward,C,0,17,Persuasion
Edward,I,0,17,Persuasion
Edward,A,0,17,Persuasion
Edward,DC,0,17,Persuasion
Edward,DN,0,17,Persuasion
Elizabeth,N,0,17,Persuasion
Elizabeth,C,0,17,Persuasion
Elizabeth,I,0,17,Persuasion
Elizabeth,A,0,17,Persuasion
Elizabeth,DC,0,17,Persuasion
Elizabeth,DN,0,17,Persuasion
Frederick,N,0,17,Persuasion
Frederick,C,0,17,Persuasion
Frederick,I,0,17,Persuasion
Frederick,A,0,17,Persuasion
Frederick,DC,0,17,Persuasion
Frederick,DN,0,17,Persuasion
God,N,0,17,Persuasion
God,C,0,17,Persuasion
God,I,0,17,Persuasion
God,A,0,17,Persuasion
God,DC,0,17,Persuasion
God,DN,0,17,Persuasion
Henrietta,N,0,17,Persuasion
Henrietta,C,0,17,Persuasion
Henrietta,I,0,17,Persuasion
Henrietta,A,0,17,Persuasion
Henrietta,DC,0,17,Persuasion
Henrietta,DN,0,17,Persuasion
Jemima,N,0,17,Persuasion
Jemima,C,0,17,Persuasion
Jemima,I,0,17,Persuasion
Jemima,A,0,17,Persuasion
Jemima,DC,0,17,Persuasion
Jemima,DN,0,17,Persuasion
Kellynch,N,0,17,Persuasion
Kellynch,C,0,17,Persuasion
Kellynch,I,0,17,Persuasion
Kellynch,A,0,17,Persuasion
Kellynch,DC,0,17,Persuasion
Kellynch,DN,0,17,Persuasion
Lady Dalrymple,N,0,17,Persuasion
Lady Dalrymple,C,0,17,Persuasion
Lady Dalrymple,I,0,17,Persuasion
Lady Dalrymple,A,0,17,Persuasion
Lady Dalrymple,DC,0,17,Persuasion
Lady Dalrymple,DN,0,17,Persuasion
Lady Elliot,N,0,17,Persuasion
Lady Elliot,C,0,17,Persuasion
Lady Elliot,I,0,17,Persuasion
Lady Elliot,A,0,17,Persuasion
Lady Elliot,DC,0,17,Persuasion
Lady Elliot,DN,0,17,Persuasion
Lady Russell,N,0,17,Persuasion
Lady Russell,C,0,17,Persuasion
Lady Russell,I,0,17,Persuasion
Lady Russell,A,0,17,Persuasion
Lady Russell,DC,0,17,Persuasion
Lady Russell,DN,0,17,Persuasion
Louisa,N,0,17,Persuasion
Louisa,C,0,17,Persuasion
Louisa,I,0,17,Persuasion
Louisa,A,0,17,Persuasion
Louisa,DC,0,17,Persuasion
Louisa,DN,0,17,Persuasion
Mary,N,0,17,Persuasion
Mary,C,0,17,Persuasion
Mary,I,0,17,Persuasion
Mary,A,0,17,Persuasion
Mary,DC,0,17,Persuasion
Mary,DN,0,17,Persuasion
Miss Atkinson,N,0,17,Persuasion
Miss Atkinson,C,0,17,Persuasion
Miss Atkinson,I,0,17,Persuasion
Miss Atkinson,A,0,17,Persuasion
Miss Atkinson,DC,0,17,Persuasion
Miss Atkinson,DN,0,17,Persuasion
Miss Carteret,N,0,17,Persuasion
Miss Carteret,C,0,17,Persuasion
Miss Carteret,I,0,17,Persuasion
Miss Carteret,A,0,17,Persuasion
Miss Carteret,DC,0,17,Persuasion
Miss Carteret,DN,0,17,Persuasion
Miss Hamilton,N,0,17,Persuasion
Miss Hamilton,C,0,17,Persuasion
Miss Hamilton,I,0,17,Persuasion
Miss Hamilton,A,0,17,Persuasion
Miss Hamilton,DC,0,17,Persuasion
Miss Hamilton,DN,0,17,Persuasion
Mr Elliot,N,0,17,Persuasion
Mr Elliot,C,0,17,Persuasion
Mr Elliot,I,0,17,Persuasion
Mr Elliot,A,0,17,Persuasion
Mr Elliot,DC,0,17,Persuasion
Mr Elliot,DN,0,17,Persuasion
Mr Shepherd,N,0,17,Persuasion
Mr Shepherd,C,0,17,Persuasion
Mr Shepherd,I,0,17,Persuasion
Mr Shepherd,A,0,17,Persuasion
Mr Shepherd,DC,0,17,Persuasion
Mr Shepherd,DN,0,17,Persuasion
Mr Smith,N,0,17,Persuasion
Mr Smith,C,0,17,Persuasion
Mr Smith,I,0,17,Persuasion
Mr Smith,A,0,17,Persuasion
Mr Smith,DC,0,17,Persuasion
Mr Smith,DN,0,17,Persuasion
Mr Wentworth,N,0,17,Persuasion
Mr Wentworth,C,0,17,Persuasion
Mr Wentworth,I,0,17,Persuasion
Mr Wentworth,A,0,17,Persuasion
Mr Wentworth,DC,0,17,Persuasion
Mr Wentworth,DN,0,17,Persuasion
Mrs Clay,N,0,17,Persuasion
Mrs Clay,C,0,17,Persuasion
Mrs Clay,I,0,17,Persuasion
Mrs Clay,A,0,17,Persuasion
Mrs Clay,DC,0,17,Persuasion
Mrs Clay,DN,0,17,Persuasion
Mrs Croft,N,0,17,Persuasion
Mrs Croft,C,0,17,Persuasion
Mrs Croft,I,0,17,Persuasion
Mrs Croft,A,0,17,Persuasion
Mrs Croft,DC,0,17,Persuasion
Mrs Croft,DN,0,17,Persuasion
Mrs Harville,N,0,17,Persuasion
Mrs Harville,C,0,17,Persuasion
Mrs Harville,I,0,17,Persuasion
Mrs Harville,A,0,17,Persuasion
Mrs Harville,DC,0,17,Persuasion
Mrs Harville,DN,0,17,Persuasion
Mrs Musgrove,N,0,17,Persuasion
Mrs Musgrove,C,0,17,Persuasion
Mrs Musgrove,I,0,17,Persuasion
Mrs Musgrove,A,0,17,Persuasion
Mrs Musgrove,DC,0,17,Persuasion
Mrs Musgrove,DN,0,17,Persuasion
Mrs Rooke,N,0,17,Persuasion
Mrs Rooke,C,0,17,Persuasion
Mrs Rooke,I,0,17,Persuasion
Mrs Rooke,A,0,17,Persuasion
Mrs Rooke,DC,0,17,Persuasion
Mrs Rooke,DN,0,17,Persuasion
Mrs Shirley,N,0,17,Persuasion
Mrs Shirley,C,0,17,Persuasion
Mrs Shirley,I,0,17,Persuasion
Mrs Shirley,A,0,17,Persuasion
Mrs Shirley,DC,0,17,Persuasion
Mrs Shirley,DN,0,17,Persuasion
Mrs Smith,N,0,17,Persuasion
Mrs Smith,C,0,17,Persuasion
Mrs Smith,I,0,17,Persuasion
Mrs Smith,A,0,17,Persuasion
Mrs Smith,DC,0,17,Persuasion
Mrs Smith,DN,0,17,Persuasion
Mrs Wallis,N,0,17,Persuasion
Mrs Wallis,C,0,17,Persuasion
Mrs Wallis,I,0,17,Persuasion
Mrs Wallis,A,0,17,Persuasion
Mrs Wallis,DC,0,17,Persuasion
Mrs Wallis,DN,0,17,Persuasion
Nurse Rooke,N,0,17,Persuasion
Nurse Rooke,C,0,17,Persuasion
Nurse Rooke,I,0,17,Persuasion
Nurse Rooke,A,0,17,Persuasion
Nurse Rooke,DC,0,17,Persuasion
Nurse Rooke,DN,0,17,Persuasion
Penelope,N,0,17,Persuasion
Penelope,C,0,17,Persuasion
Penelope,I,0,17,Persuasion
Penelope,A,0,17,Persuasion
Penelope,DC,0,17,Persuasion
Penelope,DN,0,17,Persuasion
Sir Walter,N,0,17,Persuasion
Sir Walter,C,0,17,Persuasion
Sir Walter,I,0,17,Persuasion
Sir Walter,A,0,17,Persuasion
Sir Walter,DC,0,17,Persuasion
Sir Walter,DN,0,17,Persuasion
Sophy,N,0,17,Persuasion
Sophy,C,0,17,Persuasion
Sophy,I,0,17,Persuasion
Sophy,A,0,17,Persuasion
Sophy,DC,0,17,Persuasion
Sophy,DN,0,17,Persuasion
The Mr Musgroves,N,0,17,Persuasion
The Mr Musgroves,C,0,17,Persuasion
The Mr Musgroves,I,0,17,Persuasion
The Mr Musgroves,A,0,17,Persuasion
The Mr Musgroves,DC,0,17,Persuasion
The Mr Musgroves,DN,0,17,Persuasion
The little Durands,N,0,17,Persuasion
The little Durands,C,0,17,Persuasion
The little Durands,I,0,17,Persuasion
The little Durands,A,0,17,Persuasion
The little Durands,DC,0,17,Persuasion
The little Durands,DN,0,17,Persuasion
Winthrop,N,0,17,Persuasion
Winthrop,C,0,17,Persuasion
Winthrop,I,0,17,Persuasion
Winthrop,A,0,17,Persuasion
Winthrop,DC,0,17,Persuasion
Winthrop,DN,0,17,Persuasion
old Sir Archibald Drew,N,0,17,Persuasion
old Sir Archibald Drew,C,0,17,Persuasion
old Sir Archibald Drew,I,0,17,Persuasion
old Sir Archibald Drew,A,0,17,Persuasion
old Sir Archibald Drew,DC,0,17,Persuasion
old Sir Archibald Drew,DN,0,17,Persuasion
the Asp,N,0,17,Persuasion
the Asp,C,0,17,Persuasion
the Asp,I,0,17,Persuasion
the Asp,A,0,17,Persuasion
the Asp,DC,0,17,Persuasion
the Asp,DN,0,17,Persuasion
the Crofts,N,0,17,Persuasion
the Crofts,C,0,17,Persuasion
the Crofts,I,0,17,Persuasion
the Crofts,A,0,17,Persuasion
the Crofts,DC,0,17,Persuasion
the Crofts,DN,0,17,Persuasion
the Dalrymples,N,0,17,Persuasion
the Dalrymples,C,0,17,Persuasion
the Dalrymples,I,0,17,Persuasion
the Dalrymples,A,0,17,Persuasion
the Dalrymples,DC,0,17,Persuasion
the Dalrymples,DN,0,17,Persuasion
the Harvilles,N,0,17,Persuasion
the Harvilles,C,0,17,Persuasion
the Harvilles,I,0,17,Persuasion
the Harvilles,A,0,17,Persuasion
the Harvilles,DC,0,17,Persuasion
the Harvilles,DN,0,17,Persuasion
the Hayters,N,0,17,Persuasion
the Hayters,C,0,17,Persuasion
the Hayters,I,0,17,Persuasion
the Hayters,A,0,17,Persuasion
the Hayters,DC,0,17,Persuasion
the Hayters,DN,0,17,Persuasion
the Miss Musgroves,N,0,17,Persuasion
the Miss Musgroves,C,0,17,Persuasion
the Miss Musgroves,I,0,17,Persuasion
the Miss Musgroves,A,0,17,Persuasion
the Miss Musgroves,DC,0,17,Persuasion
the Miss Musgroves,DN,0,17,Persuasion
Admiral Baldwin,N,0,18,Persuasion
Admiral Baldwin,C,0,18,Persuasion
Admiral Baldwin,I,0,18,Persuasion
Admiral Baldwin,A,0,18,Persuasion
Admiral Baldwin,DC,0,18,Persuasion
Admiral Baldwin,DN,0,18,Persuasion
Admiral Croft,N,0,18,Persuasion
Admiral Croft,C,0,18,Persuasion
Admiral Croft,I,0,18,Persuasion
Admiral Croft,A,0,18,Persuasion
Admiral Croft,DC,0,18,Persuasion
Admiral Croft,DN,0,18,Persuasion
Anne,N,0,18,Persuasion
Anne,C,0,18,Persuasion
Anne,I,0,18,Persuasion
Anne,A,0,18,Persuasion
Anne,DC,0,18,Persuasion
Anne,DN,0,18,Persuasion
Captain Benwick,N,0,18,Persuasion
Captain Benwick,C,0,18,Persuasion
Captain Benwick,I,0,18,Persuasion
Captain Benwick,A,0,18,Persuasion
Captain Benwick,DC,0,18,Persuasion
Captain Benwick,DN,0,18,Persuasion
Captain Harville,N,0,18,Persuasion
Captain Harville,C,0,18,Persuasion
Captain Harville,I,0,18,Persuasion
Captain Harville,A,0,18,Persuasion
Captain Harville,DC,0,18,Persuasion
Captain Harville,DN,0,18,Persuasion
Captain Wentworth,N,0,18,Persuasion
Captain Wentworth,C,0,18,Persuasion
Captain Wentworth,I,0,18,Persuasion
Captain Wentworth,A,0,18,Persuasion
Captain Wentworth,DC,0,18,Persuasion
Captain Wentworth,DN,0,18,Persuasion
Charles,N,0,18,Persuasion
Charles,C,0,18,Persuasion
Charles,I,0,18,Persuasion
Charles,A,0,18,Persuasion
Charles,DC,0,18,Persuasion
Charles,DN,0,18,Persuasion
Colonel Wallis,N,0,18,Persuasion
Colonel Wallis,C,0,18,Persuasion
Colonel Wallis,I,0,18,Persuasion
Colonel Wallis,A,0,18,Persuasion
Colonel Wallis,DC,0,18,Persuasion
Colonel Wallis,DN,0,18,Persuasion
Dear Smith,N,0,18,Persuasion
Dear Smith,C,0,18,Persuasion
Dear Smith,I,0,18,Persuasion
Dear Smith,A,0,18,Persuasion
Dear Smith,DC,0,18,Persuasion
Dear Smith,DN,0,18,Persuasion
Dick,N,0,18,Persuasion
Dick,C,0,18,Persuasion
Dick,I,0,18,Persuasion
Dick,A,0,18,Persuasion
Dick,DC,0,18,Persuasion
Dick,DN,0,18,Persuasion
Dr Shirley,N,0,18,Persuasion
Dr Shirley,C,0,18,Persuasion
Dr Shirley,I,0,18,Persuasion
Dr Shirley,A,0,18,Persuasion
Dr Shirley,DC,0,18,Persuasion
Dr Shirley,DN,0,18,Persuasion
Edward,N,0,18,Persuasion
Edward,C,0,18,Persuasion
Edward,I,0,18,Persuasion
Edward,A,0,18,Persuasion
Edward,DC,0,18,Persuasion
Edward,DN,0,18,Persuasion
Elizabeth,N,0,18,Persuasion
Elizabeth,C,0,18,Persuasion
Elizabeth,I,0,18,Persuasion
Elizabeth,A,0,18,Persuasion
Elizabeth,DC,0,18,Persuasion
Elizabeth,DN,0,18,Persuasion
Frederick,N,0,18,Persuasion
Frederick,C,0,18,Persuasion
Frederick,I,0,18,Persuasion
Frederick,A,0,18,Persuasion
Frederick,DC,0,18,Persuasion
Frederick,DN,0,18,Persuasion
God,N,0,18,Persuasion
God,C,0,18,Persuasion
God,I,0,18,Persuasion
God,A,0,18,Persuasion
God,DC,0,18,Persuasion
God,DN,0,18,Persuasion
Henrietta,N,0,18,Persuasion
Henrietta,C,0,18,Persuasion
Henrietta,I,0,18,Persuasion
Henrietta,A,0,18,Persuasion
Henrietta,DC,0,18,Persuasion
Henrietta,DN,0,18,Persuasion
Jemima,N,0,18,Persuasion
Jemima,C,0,18,Persuasion
Jemima,I,0,18,Persuasion
Jemima,A,0,18,Persuasion
Jemima,DC,0,18,Persuasion
Jemima,DN,0,18,Persuasion
Kellynch,N,0,18,Persuasion
Kellynch,C,0,18,Persuasion
Kellynch,I,0,18,Persuasion
Kellynch,A,0,18,Persuasion
Kellynch,DC,0,18,Persuasion
Kellynch,DN,0,18,Persuasion
Lady Dalrymple,N,0,18,Persuasion
Lady Dalrymple,C,0,18,Persuasion
Lady Dalrymple,I,0,18,Persuasion
Lady Dalrymple,A,0,18,Persuasion
Lady Dalrymple,DC,0,18,Persuasion
Lady Dalrymple,DN,0,18,Persuasion
Lady Elliot,N,0,18,Persuasion
Lady Elliot,C,0,18,Persuasion
Lady Elliot,I,0,18,Persuasion
Lady Elliot,A,0,18,Persuasion
Lady Elliot,DC,0,18,Persuasion
Lady Elliot,DN,0,18,Persuasion
Lady Russell,N,0,18,Persuasion
Lady Russell,C,0,18,Persuasion
Lady Russell,I,0,18,Persuasion
Lady Russell,A,0,18,Persuasion
Lady Russell,DC,0,18,Persuasion
Lady Russell,DN,0,18,Persuasion
Louisa,N,0,18,Persuasion
Louisa,C,0,18,Persuasion
Louisa,I,0,18,Persuasion
Louisa,A,0,18,Persuasion
Louisa,DC,0,18,Persuasion
Louisa,DN,0,18,Persuasion
Mary,N,0,18,Persuasion
Mary,C,0,18,Persuasion
Mary,I,0,18,Persuasion
Mary,A,0,18,Persuasion
Mary,DC,0,18,Persuasion
Mary,DN,0,18,Persuasion
Miss Atkinson,N,0,18,Persuasion
Miss Atkinson,C,0,18,Persuasion
Miss Atkinson,I,0,18,Persuasion
Miss Atkinson,A,0,18,Persuasion
Miss Atkinson,DC,0,18,Persuasion
Miss Atkinson,DN,0,18,Persuasion
Miss Carteret,N,0,18,Persuasion
Miss Carteret,C,0,18,Persuasion
Miss Carteret,I,0,18,Persuasion
Miss Carteret,A,0,18,Persuasion
Miss Carteret,DC,0,18,Persuasion
Miss Carteret,DN,0,18,Persuasion
Miss Hamilton,N,0,18,Persuasion
Miss Hamilton,C,0,18,Persuasion
Miss Hamilton,I,0,18,Persuasion
Miss Hamilton,A,0,18,Persuasion
Miss Hamilton,DC,0,18,Persuasion
Miss Hamilton,DN,0,18,Persuasion
Mr Elliot,N,0,18,Persuasion
Mr Elliot,C,0,18,Persuasion
Mr Elliot,I,0,18,Persuasion
Mr Elliot,A,0,18,Persuasion
Mr Elliot,DC,0,18,Persuasion
Mr Elliot,DN,0,18,Persuasion
Mr Shepherd,N,0,18,Persuasion
Mr Shepherd,C,0,18,Persuasion
Mr Shepherd,I,0,18,Persuasion
Mr Shepherd,A,0,18,Persuasion
Mr Shepherd,DC,0,18,Persuasion
Mr Shepherd,DN,0,18,Persuasion
Mr Smith,N,0,18,Persuasion
Mr Smith,C,0,18,Persuasion
Mr Smith,I,0,18,Persuasion
Mr Smith,A,0,18,Persuasion
Mr Smith,DC,0,18,Persuasion
Mr Smith,DN,0,18,Persuasion
Mr Wentworth,N,0,18,Persuasion
Mr Wentworth,C,0,18,Persuasion
Mr Wentworth,I,0,18,Persuasion
Mr Wentworth,A,0,18,Persuasion
Mr Wentworth,DC,0,18,Persuasion
Mr Wentworth,DN,0,18,Persuasion
Mrs Clay,N,0,18,Persuasion
Mrs Clay,C,0,18,Persuasion
Mrs Clay,I,0,18,Persuasion
Mrs Clay,A,0,18,Persuasion
Mrs Clay,DC,0,18,Persuasion
Mrs Clay,DN,0,18,Persuasion
Mrs Croft,N,0,18,Persuasion
Mrs Croft,C,0,18,Persuasion
Mrs Croft,I,0,18,Persuasion
Mrs Croft,A,0,18,Persuasion
Mrs Croft,DC,0,18,Persuasion
Mrs Croft,DN,0,18,Persuasion
Mrs Harville,N,0,18,Persuasion
Mrs Harville,C,0,18,Persuasion
Mrs Harville,I,0,18,Persuasion
Mrs Harville,A,0,18,Persuasion
Mrs Harville,DC,0,18,Persuasion
Mrs Harville,DN,0,18,Persuasion
Mrs Musgrove,N,0,18,Persuasion
Mrs Musgrove,C,0,18,Persuasion
Mrs Musgrove,I,0,18,Persuasion
Mrs Musgrove,A,0,18,Persuasion
Mrs Musgrove,DC,0,18,Persuasion
Mrs Musgrove,DN,0,18,Persuasion
Mrs Rooke,N,0,18,Persuasion
Mrs Rooke,C,0,18,Persuasion
Mrs Rooke,I,0,18,Persuasion
Mrs Rooke,A,0,18,Persuasion
Mrs Rooke,DC,0,18,Persuasion
Mrs Rooke,DN,0,18,Persuasion
Mrs Shirley,N,0,18,Persuasion
Mrs Shirley,C,0,18,Persuasion
Mrs Shirley,I,0,18,Persuasion
Mrs Shirley,A,0,18,Persuasion
Mrs Shirley,DC,0,18,Persuasion
Mrs Shirley,DN,0,18,Persuasion
Mrs Smith,N,0,18,Persuasion
Mrs Smith,C,0,18,Persuasion
Mrs Smith,I,0,18,Persuasion
Mrs Smith,A,0,18,Persuasion
Mrs Smith,DC,0,18,Persuasion
Mrs Smith,DN,0,18,Persuasion
Mrs Wallis,N,0,18,Persuasion
Mrs Wallis,C,0,18,Persuasion
Mrs Wallis,I,0,18,Persuasion
Mrs Wallis,A,0,18,Persuasion
Mrs Wallis,DC,0,18,Persuasion
Mrs Wallis,DN,0,18,Persuasion
Nurse Rooke,N,0,18,Persuasion
Nurse Rooke,C,0,18,Persuasion
Nurse Rooke,I,0,18,Persuasion
Nurse Rooke,A,0,18,Persuasion
Nurse Rooke,DC,0,18,Persuasion
Nurse Rooke,DN,0,18,Persuasion
Penelope,N,0,18,Persuasion
Penelope,C,0,18,Persuasion
Penelope,I,0,18,Persuasion
Penelope,A,0,18,Persuasion
Penelope,DC,0,18,Persuasion
Penelope,DN,0,18,Persuasion
Sir Walter,N,0,18,Persuasion
Sir Walter,C,0,18,Persuasion
Sir Walter,I,0,18,Persuasion
Sir Walter,A,0,18,Persuasion
Sir Walter,DC,0,18,Persuasion
Sir Walter,DN,0,18,Persuasion
Sophy,N,0,18,Persuasion
Sophy,C,0,18,Persuasion
Sophy,I,0,18,Persuasion
Sophy,A,0,18,Persuasion
Sophy,DC,0,18,Persuasion
Sophy,DN,0,18,Persuasion
The Mr Musgroves,N,0,18,Persuasion
The Mr Musgroves,C,0,18,Persuasion
The Mr Musgroves,I,0,18,Persuasion
The Mr Musgroves,A,0,18,Persuasion
The Mr Musgroves,DC,0,18,Persuasion
The Mr Musgroves,DN,0,18,Persuasion
The little Durands,N,0,18,Persuasion
The little Durands,C,0,18,Persuasion
The little Durands,I,0,18,Persuasion
The little Durands,A,0,18,Persuasion
The little Durands,DC,0,18,Persuasion
The little Durands,DN,0,18,Persuasion
Winthrop,N,0,18,Persuasion
Winthrop,C,0,18,Persuasion
Winthrop,I,0,18,Persuasion
Winthrop,A,0,18,Persuasion
Winthrop,DC,0,18,Persuasion
Winthrop,DN,0,18,Persuasion
old Sir Archibald Drew,N,0,18,Persuasion
old Sir Archibald Drew,C,0,18,Persuasion
old Sir Archibald Drew,I,0,18,Persuasion
old Sir Archibald Drew,A,0,18,Persuasion
old Sir Archibald Drew,DC,0,18,Persuasion
old Sir Archibald Drew,DN,0,18,Persuasion
the Asp,N,0,18,Persuasion
the Asp,C,0,18,Persuasion
the Asp,I,0,18,Persuasion
the Asp,A,0,18,Persuasion
the Asp,DC,0,18,Persuasion
the Asp,DN,0,18,Persuasion
the Crofts,N,0,18,Persuasion
the Crofts,C,0,18,Persuasion
the Crofts,I,0,18,Persuasion
the Crofts,A,0,18,Persuasion
the Crofts,DC,0,18,Persuasion
the Crofts,DN,0,18,Persuasion
the Dalrymples,N,0,18,Persuasion
the Dalrymples,C,0,18,Persuasion
the Dalrymples,I,0,18,Persuasion
the Dalrymples,A,0,18,Persuasion
the Dalrymples,DC,0,18,Persuasion
the Dalrymples,DN,0,18,Persuasion
the Harvilles,N,0,18,Persuasion
the Harvilles,C,0,18,Persuasion
the Harvilles,I,0,18,Persuasion
the Harvilles,A,0,18,Persuasion
the Harvilles,DC,0,18,Persuasion
the Harvilles,DN,0,18,Persuasion
the Hayters,N,0,18,Persuasion
the Hayters,C,0,18,Persuasion
the Hayters,I,0,18,Persuasion
the Hayters,A,0,18,Persuasion
the Hayters,DC,0,18,Persuasion
the Hayters,DN,0,18,Persuasion
the Miss Musgroves,N,0,18,Persuasion
the Miss Musgroves,C,0,18,Persuasion
the Miss Musgroves,I,0,18,Persuasion
the Miss Musgroves,A,0,18,Persuasion
the Miss Musgroves,DC,0,18,Persuasion
the Miss Musgroves,DN,0,18,Persuasion
Admiral Baldwin,N,0,19,Persuasion
Admiral Baldwin,C,0,19,Persuasion
Admiral Baldwin,I,0,19,Persuasion
Admiral Baldwin,A,0,19,Persuasion
Admiral Baldwin,DC,0,19,Persuasion
Admiral Baldwin,DN,0,19,Persuasion
Admiral Croft,N,0,19,Persuasion
Admiral Croft,C,0,19,Persuasion
Admiral Croft,I,0,19,Persuasion
Admiral Croft,A,0,19,Persuasion
Admiral Croft,DC,0,19,Persuasion
Admiral Croft,DN,0,19,Persuasion
Anne,N,0,19,Persuasion
Anne,C,0,19,Persuasion
Anne,I,0,19,Persuasion
Anne,A,0,19,Persuasion
Anne,DC,0,19,Persuasion
Anne,DN,0,19,Persuasion
Captain Benwick,N,0,19,Persuasion
Captain Benwick,C,0,19,Persuasion
Captain Benwick,I,0,19,Persuasion
Captain Benwick,A,0,19,Persuasion
Captain Benwick,DC,0,19,Persuasion
Captain Benwick,DN,0,19,Persuasion
Captain Harville,N,0,19,Persuasion
Captain Harville,C,0,19,Persuasion
Captain Harville,I,0,19,Persuasion
Captain Harville,A,0,19,Persuasion
Captain Harville,DC,0,19,Persuasion
Captain Harville,DN,0,19,Persuasion
Captain Wentworth,N,0,19,Persuasion
Captain Wentworth,C,0,19,Persuasion
Captain Wentworth,I,0,19,Persuasion
Captain Wentworth,A,0,19,Persuasion
Captain Wentworth,DC,0,19,Persuasion
Captain Wentworth,DN,0,19,Persuasion
Charles,N,0,19,Persuasion
Charles,C,0,19,Persuasion
Charles,I,0,19,Persuasion
Charles,A,0,19,Persuasion
Charles,DC,0,19,Persuasion
Charles,DN,0,19,Persuasion
Colonel Wallis,N,0,19,Persuasion
Colonel Wallis,C,0,19,Persuasion
Colonel Wallis,I,0,19,Persuasion
Colonel Wallis,A,0,19,Persuasion
Colonel Wallis,DC,0,19,Persuasion
Colonel Wallis,DN,0,19,Persuasion
Dear Smith,N,0,19,Persuasion
Dear Smith,C,0,19,Persuasion
Dear Smith,I,0,19,Persuasion
Dear Smith,A,0,19,Persuasion
Dear Smith,DC,0,19,Persuasion
Dear Smith,DN,0,19,Persuasion
Dick,N,0,19,Persuasion
Dick,C,0,19,Persuasion
Dick,I,0,19,Persuasion
Dick,A,0,19,Persuasion
Dick,DC,0,19,Persuasion
Dick,DN,0,19,Persuasion
Dr Shirley,N,0,19,Persuasion
Dr Shirley,C,0,19,Persuasion
Dr Shirley,I,0,19,Persuasion
Dr Shirley,A,0,19,Persuasion
Dr Shirley,DC,0,19,Persuasion
Dr Shirley,DN,0,19,Persuasion
Edward,N,0,19,Persuasion
Edward,C,0,19,Persuasion
Edward,I,0,19,Persuasion
Edward,A,0,19,Persuasion
Edward,DC,0,19,Persuasion
Edward,DN,0,19,Persuasion
Elizabeth,N,0,19,Persuasion
Elizabeth,C,0,19,Persuasion
Elizabeth,I,0,19,Persuasion
Elizabeth,A,0,19,Persuasion
Elizabeth,DC,0,19,Persuasion
Elizabeth,DN,0,19,Persuasion
Frederick,N,0,19,Persuasion
Frederick,C,0,19,Persuasion
Frederick,I,0,19,Persuasion
Frederick,A,0,19,Persuasion
Frederick,DC,0,19,Persuasion
Frederick,DN,0,19,Persuasion
God,N,0,19,Persuasion
God,C,0,19,Persuasion
God,I,0,19,Persuasion
God,A,0,19,Persuasion
God,DC,0,19,Persuasion
God,DN,0,19,Persuasion
Henrietta,N,0,19,Persuasion
Henrietta,C,0,19,Persuasion
Henrietta,I,0,19,Persuasion
Henrietta,A,0,19,Persuasion
Henrietta,DC,0,19,Persuasion
Henrietta,DN,0,19,Persuasion
Jemima,N,0,19,Persuasion
Jemima,C,0,19,Persuasion
Jemima,I,0,19,Persuasion
Jemima,A,0,19,Persuasion
Jemima,DC,0,19,Persuasion
Jemima,DN,0,19,Persuasion
Kellynch,N,0,19,Persuasion
Kellynch,C,0,19,Persuasion
Kellynch,I,0,19,Persuasion
Kellynch,A,0,19,Persuasion
Kellynch,DC,0,19,Persuasion
Kellynch,DN,0,19,Persuasion
Lady Dalrymple,N,0,19,Persuasion
Lady Dalrymple,C,0,19,Persuasion
Lady Dalrymple,I,0,19,Persuasion
Lady Dalrymple,A,0,19,Persuasion
Lady Dalrymple,DC,0,19,Persuasion
Lady Dalrymple,DN,0,19,Persuasion
Lady Elliot,N,0,19,Persuasion
Lady Elliot,C,0,19,Persuasion
Lady Elliot,I,0,19,Persuasion
Lady Elliot,A,0,19,Persuasion
Lady Elliot,DC,0,19,Persuasion
Lady Elliot,DN,0,19,Persuasion
Lady Russell,N,0,19,Persuasion
Lady Russell,C,0,19,Persuasion
Lady Russell,I,0,19,Persuasion
Lady Russell,A,0,19,Persuasion
Lady Russell,DC,0,19,Persuasion
Lady Russell,DN,0,19,Persuasion
Louisa,N,0,19,Persuasion
Louisa,C,0,19,Persuasion
Louisa,I,0,19,Persuasion
Louisa,A,0,19,Persuasion
Louisa,DC,0,19,Persuasion
Louisa,DN,0,19,Persuasion
Mary,N,0,19,Persuasion
Mary,C,0,19,Persuasion
Mary,I,0,19,Persuasion
Mary,A,0,19,Persuasion
Mary,DC,0,19,Persuasion
Mary,DN,0,19,Persuasion
Miss Atkinson,N,0,19,Persuasion
Miss Atkinson,C,0,19,Persuasion
Miss Atkinson,I,0,19,Persuasion
Miss Atkinson,A,0,19,Persuasion
Miss Atkinson,DC,0,19,Persuasion
Miss Atkinson,DN,0,19,Persuasion
Miss Carteret,N,0,19,Persuasion
Miss Carteret,C,0,19,Persuasion
Miss Carteret,I,0,19,Persuasion
Miss Carteret,A,0,19,Persuasion
Miss Carteret,DC,0,19,Persuasion
Miss Carteret,DN,0,19,Persuasion
Miss Hamilton,N,0,19,Persuasion
Miss Hamilton,C,0,19,Persuasion
Miss Hamilton,I,0,19,Persuasion
Miss Hamilton,A,0,19,Persuasion
Miss Hamilton,DC,0,19,Persuasion
Miss Hamilton,DN,0,19,Persuasion
Mr Elliot,N,0,19,Persuasion
Mr Elliot,C,0,19,Persuasion
Mr Elliot,I,0,19,Persuasion
Mr Elliot,A,0,19,Persuasion
Mr Elliot,DC,0,19,Persuasion
Mr Elliot,DN,0,19,Persuasion
Mr Shepherd,N,0,19,Persuasion
Mr Shepherd,C,0,19,Persuasion
Mr Shepherd,I,0,19,Persuasion
Mr Shepherd,A,0,19,Persuasion
Mr Shepherd,DC,0,19,Persuasion
Mr Shepherd,DN,0,19,Persuasion
Mr Smith,N,0,19,Persuasion
Mr Smith,C,0,19,Persuasion
Mr Smith,I,0,19,Persuasion
Mr Smith,A,0,19,Persuasion
Mr Smith,DC,0,19,Persuasion
Mr Smith,DN,0,19,Persuasion
Mr Wentworth,N,0,19,Persuasion
Mr Wentworth,C,0,19,Persuasion
Mr Wentworth,I,0,19,Persuasion
Mr Wentworth,A,0,19,Persuasion
Mr Wentworth,DC,0,19,Persuasion
Mr Wentworth,DN,0,19,Persuasion
Mrs Clay,N,0,19,Persuasion
Mrs Clay,C,0,19,Persuasion
Mrs Clay,I,0,19,Persuasion
Mrs Clay,A,0,19,Persuasion
Mrs Clay,DC,0,19,Persuasion
Mrs Clay,DN,0,19,Persuasion
Mrs Croft,N,0,19,Persuasion
Mrs Croft,C,0,19,Persuasion
Mrs Croft,I,0,19,Persuasion
Mrs Croft,A,0,19,Persuasion
Mrs Croft,DC,0,19,Persuasion
Mrs Croft,DN,0,19,Persuasion
Mrs Harville,N,0,19,Persuasion
Mrs Harville,C,0,19,Persuasion
Mrs Harville,I,0,19,Persuasion
Mrs Harville,A,0,19,Persuasion
Mrs Harville,DC,0,19,Persuasion
Mrs Harville,DN,0,19,Persuasion
Mrs Musgrove,N,0,19,Persuasion
Mrs Musgrove,C,0,19,Persuasion
Mrs Musgrove,I,0,19,Persuasion
Mrs Musgrove,A,0,19,Persuasion
Mrs Musgrove,DC,0,19,Persuasion
Mrs Musgrove,DN,0,19,Persuasion
Mrs Rooke,N,0,19,Persuasion
Mrs Rooke,C,0,19,Persuasion
Mrs Rooke,I,0,19,Persuasion
Mrs Rooke,A,0,19,Persuasion
Mrs Rooke,DC,0,19,Persuasion
Mrs Rooke,DN,0,19,Persuasion
Mrs Shirley,N,0,19,Persuasion
Mrs Shirley,C,0,19,Persuasion
Mrs Shirley,I,0,19,Persuasion
Mrs Shirley,A,0,19,Persuasion
Mrs Shirley,DC,0,19,Persuasion
Mrs Shirley,DN,0,19,Persuasion
Mrs Smith,N,0,19,Persuasion
Mrs Smith,C,0,19,Persuasion
Mrs Smith,I,0,19,Persuasion
Mrs Smith,A,0,19,Persuasion
Mrs Smith,DC,0,19,Persuasion
Mrs Smith,DN,0,19,Persuasion
Mrs Wallis,N,0,19,Persuasion
Mrs Wallis,C,0,19,Persuasion
Mrs Wallis,I,0,19,Persuasion
Mrs Wallis,A,0,19,Persuasion
Mrs Wallis,DC,0,19,Persuasion
Mrs Wallis,DN,0,19,Persuasion
Nurse Rooke,N,0,19,Persuasion
Nurse Rooke,C,0,19,Persuasion
Nurse Rooke,I,0,19,Persuasion
Nurse Rooke,A,0,19,Persuasion
Nurse Rooke,DC,0,19,Persuasion
Nurse Rooke,DN,0,19,Persuasion
Penelope,N,0,19,Persuasion
Penelope,C,0,19,Persuasion
Penelope,I,0,19,Persuasion
Penelope,A,0,19,Persuasion
Penelope,DC,0,19,Persuasion
Penelope,DN,0,19,Persuasion
Sir Walter,N,0,19,Persuasion
Sir Walter,C,0,19,Persuasion
Sir Walter,I,0,19,Persuasion
Sir Walter,A,0,19,Persuasion
Sir Walter,DC,0,19,Persuasion
Sir Walter,DN,0,19,Persuasion
Sophy,N,0,19,Persuasion
Sophy,C,0,19,Persuasion
Sophy,I,0,19,Persuasion
Sophy,A,0,19,Persuasion
Sophy,DC,0,19,Persuasion
Sophy,DN,0,19,Persuasion
The Mr Musgroves,N,0,19,Persuasion
The Mr Musgroves,C,0,19,Persuasion
The Mr Musgroves,I,0,19,Persuasion
The Mr Musgroves,A,0,19,Persuasion
The Mr Musgroves,DC,0,19,Persuasion
The Mr Musgroves,DN,0,19,Persuasion
The little Durands,N,0,19,Persuasion
The little Durands,C,0,19,Persuasion
The little Durands,I,0,19,Persuasion
The little Durands,A,0,19,Persuasion
The little Durands,DC,0,19,Persuasion
The little Durands,DN,0,19,Persuasion
Winthrop,N,0,19,Persuasion
Winthrop,C,0,19,Persuasion
Winthrop,I,0,19,Persuasion
Winthrop,A,0,19,Persuasion
Winthrop,DC,0,19,Persuasion
Winthrop,DN,0,19,Persuasion
old Sir Archibald Drew,N,0,19,Persuasion
old Sir Archibald Drew,C,0,19,Persuasion
old Sir Archibald Drew,I,0,19,Persuasion
old Sir Archibald Drew,A,0,19,Persuasion
old Sir Archibald Drew,DC,0,19,Persuasion
old Sir Archibald Drew,DN,0,19,Persuasion
the Asp,N,0,19,Persuasion
the Asp,C,0,19,Persuasion
the Asp,I,0,19,Persuasion
the Asp,A,0,19,Persuasion
the Asp,DC,0,19,Persuasion
the Asp,DN,0,19,Persuasion
the Crofts,N,0,19,Persuasion
the Crofts,C,0,19,Persuasion
the Crofts,I,0,19,Persuasion
the Crofts,A,0,19,Persuasion
the Crofts,DC,0,19,Persuasion
the Crofts,DN,0,19,Persuasion
the Dalrymples,N,0,19,Persuasion
the Dalrymples,C,0,19,Persuasion
the Dalrymples,I,0,19,Persuasion
the Dalrymples,A,0,19,Persuasion
the Dalrymples,DC,0,19,Persuasion
the Dalrymples,DN,0,19,Persuasion
the Harvilles,N,0,19,Persuasion
the Harvilles,C,0,19,Persuasion
the Harvilles,I,0,19,Persuasion
the Harvilles,A,0,19,Persuasion
the Harvilles,DC,0,19,Persuasion
the Harvilles,DN,0,19,Persuasion
the Hayters,N,0,19,Persuasion
the Hayters,C,0,19,Persuasion
the Hayters,I,0,19,Persuasion
the Hayters,A,0,19,Persuasion
the Hayters,DC,0,19,Persuasion
the Hayters,DN,0,19,Persuasion
the Miss Musgroves,N,0,19,Persuasion
the Miss Musgroves,C,0,19,Persuasion
the Miss Musgroves,I,0,19,Persuasion
the Miss Musgroves,A,0,19,Persuasion
the Miss Musgroves,DC,0,19,Persuasion
the Miss Musgroves,DN,0,19,Persuasion
Admiral Baldwin,N,0,20,Persuasion
Admiral Baldwin,C,0,20,Persuasion
Admiral Baldwin,I,0,20,Persuasion
Admiral Baldwin,A,0,20,Persuasion
Admiral Baldwin,DC,0,20,Persuasion
Admiral Baldwin,DN,0,20,Persuasion
Admiral Croft,N,0,20,Persuasion
Admiral Croft,C,0,20,Persuasion
Admiral Croft,I,0,20,Persuasion
Admiral Croft,A,0,20,Persuasion
Admiral Croft,DC,0,20,Persuasion
Admiral Croft,DN,0,20,Persuasion
Anne,N,0,20,Persuasion
Anne,C,0,20,Persuasion
Anne,I,0,20,Persuasion
Anne,A,0,20,Persuasion
Anne,DC,0,20,Persuasion
Anne,DN,0,20,Persuasion
Captain Benwick,N,0,20,Persuasion
Captain Benwick,C,0,20,Persuasion
Captain Benwick,I,0,20,Persuasion
Captain Benwick,A,0,20,Persuasion
Captain Benwick,DC,0,20,Persuasion
Captain Benwick,DN,0,20,Persuasion
Captain Harville,N,0,20,Persuasion
Captain Harville,C,0,20,Persuasion
Captain Harville,I,0,20,Persuasion
Captain Harville,A,0,20,Persuasion
Captain Harville,DC,0,20,Persuasion
Captain Harville,DN,0,20,Persuasion
Captain Wentworth,N,0,20,Persuasion
Captain Wentworth,C,0,20,Persuasion
Captain Wentworth,I,0,20,Persuasion
Captain Wentworth,A,0,20,Persuasion
Captain Wentworth,DC,0,20,Persuasion
Captain Wentworth,DN,0,20,Persuasion
Charles,N,0,20,Persuasion
Charles,C,0,20,Persuasion
Charles,I,0,20,Persuasion
Charles,A,0,20,Persuasion
Charles,DC,0,20,Persuasion
Charles,DN,0,20,Persuasion
Colonel Wallis,N,0,20,Persuasion
Colonel Wallis,C,0,20,Persuasion
Colonel Wallis,I,0,20,Persuasion
Colonel Wallis,A,0,20,Persuasion
Colonel Wallis,DC,0,20,Persuasion
Colonel Wallis,DN,0,20,Persuasion
Dear Smith,N,0,20,Persuasion
Dear Smith,C,0,20,Persuasion
Dear Smith,I,0,20,Persuasion
Dear Smith,A,0,20,Persuasion
Dear Smith,DC,0,20,Persuasion
Dear Smith,DN,0,20,Persuasion
Dick,N,0,20,Persuasion
Dick,C,0,20,Persuasion
Dick,I,0,20,Persuasion
Dick,A,0,20,Persuasion
Dick,DC,0,20,Persuasion
Dick,DN,0,20,Persuasion
Dr Shirley,N,0,20,Persuasion
Dr Shirley,C,0,20,Persuasion
Dr Shirley,I,0,20,Persuasion
Dr Shirley,A,0,20,Persuasion
Dr Shirley,DC,0,20,Persuasion
Dr Shirley,DN,0,20,Persuasion
Edward,N,0,20,Persuasion
Edward,C,0,20,Persuasion
Edward,I,0,20,Persuasion
Edward,A,0,20,Persuasion
Edward,DC,0,20,Persuasion
Edward,DN,0,20,Persuasion
Elizabeth,N,0,20,Persuasion
Elizabeth,C,0,20,Persuasion
Elizabeth,I,0,20,Persuasion
Elizabeth,A,0,20,Persuasion
Elizabeth,DC,0,20,Persuasion
Elizabeth,DN,0,20,Persuasion
Frederick,N,0,20,Persuasion
Frederick,C,0,20,Persuasion
Frederick,I,0,20,Persuasion
Frederick,A,0,20,Persuasion
Frederick,DC,0,20,Persuasion
Frederick,DN,0,20,Persuasion
God,N,0,20,Persuasion
God,C,0,20,Persuasion
God,I,0,20,Persuasion
God,A,0,20,Persuasion
God,DC,0,20,Persuasion
God,DN,0,20,Persuasion
Henrietta,N,0,20,Persuasion
Henrietta,C,0,20,Persuasion
Henrietta,I,0,20,Persuasion
Henrietta,A,0,20,Persuasion
Henrietta,DC,0,20,Persuasion
Henrietta,DN,0,20,Persuasion
Jemima,N,0,20,Persuasion
Jemima,C,0,20,Persuasion
Jemima,I,0,20,Persuasion
Jemima,A,0,20,Persuasion
Jemima,DC,0,20,Persuasion
Jemima,DN,0,20,Persuasion
Kellynch,N,0,20,Persuasion
Kellynch,C,0,20,Persuasion
Kellynch,I,0,20,Persuasion
Kellynch,A,0,20,Persuasion
Kellynch,DC,0,20,Persuasion
Kellynch,DN,0,20,Persuasion
Lady Dalrymple,N,0,20,Persuasion
Lady Dalrymple,C,0,20,Persuasion
Lady Dalrymple,I,0,20,Persuasion
Lady Dalrymple,A,0,20,Persuasion
Lady Dalrymple,DC,0,20,Persuasion
Lady Dalrymple,DN,0,20,Persuasion
Lady Elliot,N,0,20,Persuasion
Lady Elliot,C,0,20,Persuasion
Lady Elliot,I,0,20,Persuasion
Lady Elliot,A,0,20,Persuasion
Lady Elliot,DC,0,20,Persuasion
Lady Elliot,DN,0,20,Persuasion
Lady Russell,N,0,20,Persuasion
Lady Russell,C,0,20,Persuasion
Lady Russell,I,0,20,Persuasion
Lady Russell,A,0,20,Persuasion
Lady Russell,DC,0,20,Persuasion
Lady Russell,DN,0,20,Persuasion
Louisa,N,0,20,Persuasion
Louisa,C,0,20,Persuasion
Louisa,I,0,20,Persuasion
Louisa,A,0,20,Persuasion
Louisa,DC,0,20,Persuasion
Louisa,DN,0,20,Persuasion
Mary,N,0,20,Persuasion
Mary,C,0,20,Persuasion
Mary,I,0,20,Persuasion
Mary,A,0,20,Persuasion
Mary,DC,0,20,Persuasion
Mary,DN,0,20,Persuasion
Miss Atkinson,N,0,20,Persuasion
Miss Atkinson,C,0,20,Persuasion
Miss Atkinson,I,0,20,Persuasion
Miss Atkinson,A,0,20,Persuasion
Miss Atkinson,DC,0,20,Persuasion
Miss Atkinson,DN,0,20,Persuasion
Miss Carteret,N,0,20,Persuasion
Miss Carteret,C,0,20,Persuasion
Miss Carteret,I,0,20,Persuasion
Miss Carteret,A,0,20,Persuasion
Miss Carteret,DC,0,20,Persuasion
Miss Carteret,DN,0,20,Persuasion
Miss Hamilton,N,0,20,Persuasion
Miss Hamilton,C,0,20,Persuasion
Miss Hamilton,I,0,20,Persuasion
Miss Hamilton,A,0,20,Persuasion
Miss Hamilton,DC,0,20,Persuasion
Miss Hamilton,DN,0,20,Persuasion
Mr Elliot,N,0,20,Persuasion
Mr Elliot,C,0,20,Persuasion
Mr Elliot,I,0,20,Persuasion
Mr Elliot,A,0,20,Persuasion
Mr Elliot,DC,0,20,Persuasion
Mr Elliot,DN,0,20,Persuasion
Mr Shepherd,N,0,20,Persuasion
Mr Shepherd,C,0,20,Persuasion
Mr Shepherd,I,0,20,Persuasion
Mr Shepherd,A,0,20,Persuasion
Mr Shepherd,DC,0,20,Persuasion
Mr Shepherd,DN,0,20,Persuasion
Mr Smith,N,0,20,Persuasion
Mr Smith,C,0,20,Persuasion
Mr Smith,I,0,20,Persuasion
Mr Smith,A,0,20,Persuasion
Mr Smith,DC,0,20,Persuasion
Mr Smith,DN,0,20,Persuasion
Mr Wentworth,N,0,20,Persuasion
Mr Wentworth,C,0,20,Persuasion
Mr Wentworth,I,0,20,Persuasion
Mr Wentworth,A,0,20,Persuasion
Mr Wentworth,DC,0,20,Persuasion
Mr Wentworth,DN,0,20,Persuasion
Mrs Clay,N,0,20,Persuasion
Mrs Clay,C,0,20,Persuasion
Mrs Clay,I,0,20,Persuasion
Mrs Clay,A,0,20,Persuasion
Mrs Clay,DC,0,20,Persuasion
Mrs Clay,DN,0,20,Persuasion
Mrs Croft,N,0,20,Persuasion
Mrs Croft,C,0,20,Persuasion
Mrs Croft,I,0,20,Persuasion
Mrs Croft,A,0,20,Persuasion
Mrs Croft,DC,0,20,Persuasion
Mrs Croft,DN,0,20,Persuasion
Mrs Harville,N,0,20,Persuasion
Mrs Harville,C,0,20,Persuasion
Mrs Harville,I,0,20,Persuasion
Mrs Harville,A,0,20,Persuasion
Mrs Harville,DC,0,20,Persuasion
Mrs Harville,DN,0,20,Persuasion
Mrs Musgrove,N,0,20,Persuasion
Mrs Musgrove,C,0,20,Persuasion
Mrs Musgrove,I,0,20,Persuasion
Mrs Musgrove,A,0,20,Persuasion
Mrs Musgrove,DC,0,20,Persuasion
Mrs Musgrove,DN,0,20,Persuasion
Mrs Rooke,N,0,20,Persuasion
Mrs Rooke,C,0,20,Persuasion
Mrs Rooke,I,0,20,Persuasion
Mrs Rooke,A,0,20,Persuasion
Mrs Rooke,DC,0,20,Persuasion
Mrs Rooke,DN,0,20,Persuasion
Mrs Shirley,N,0,20,Persuasion
Mrs Shirley,C,0,20,Persuasion
Mrs Shirley,I,0,20,Persuasion
Mrs Shirley,A,0,20,Persuasion
Mrs Shirley,DC,0,20,Persuasion
Mrs Shirley,DN,0,20,Persuasion
Mrs Smith,N,0,20,Persuasion
Mrs Smith,C,0,20,Persuasion
Mrs Smith,I,0,20,Persuasion
Mrs Smith,A,0,20,Persuasion
Mrs Smith,DC,0,20,Persuasion
Mrs Smith,DN,0,20,Persuasion
Mrs Wallis,N,0,20,Persuasion
Mrs Wallis,C,0,20,Persuasion
Mrs Wallis,I,0,20,Persuasion
Mrs Wallis,A,0,20,Persuasion
Mrs Wallis,DC,0,20,Persuasion
Mrs Wallis,DN,0,20,Persuasion
Nurse Rooke,N,0,20,Persuasion
Nurse Rooke,C,0,20,Persuasion
Nurse Rooke,I,0,20,Persuasion
Nurse Rooke,A,0,20,Persuasion
Nurse Rooke,DC,0,20,Persuasion
Nurse Rooke,DN,0,20,Persuasion
Penelope,N,0,20,Persuasion
Penelope,C,0,20,Persuasion
Penelope,I,0,20,Persuasion
Penelope,A,0,20,Persuasion
Penelope,DC,0,20,Persuasion
Penelope,DN,0,20,Persuasion
Sir Walter,N,0,20,Persuasion
Sir Walter,C,0,20,Persuasion
Sir Walter,I,0,20,Persuasion
Sir Walter,A,0,20,Persuasion
Sir Walter,DC,0,20,Persuasion
Sir Walter,DN,0,20,Persuasion
Sophy,N,0,20,Persuasion
Sophy,C,0,20,Persuasion
Sophy,I,0,20,Persuasion
Sophy,A,0,20,Persuasion
Sophy,DC,0,20,Persuasion
Sophy,DN,0,20,Persuasion
The Mr Musgroves,N,0,20,Persuasion
The Mr Musgroves,C,0,20,Persuasion
The Mr Musgroves,I,0,20,Persuasion
The Mr Musgroves,A,0,20,Persuasion
The Mr Musgroves,DC,0,20,Persuasion
The Mr Musgroves,DN,0,20,Persuasion
The little Durands,N,0,20,Persuasion
The little Durands,C,0,20,Persuasion
The little Durands,I,0,20,Persuasion
The little Durands,A,0,20,Persuasion
The little Durands,DC,0,20,Persuasion
The little Durands,DN,0,20,Persuasion
Winthrop,N,0,20,Persuasion
Winthrop,C,0,20,Persuasion
Winthrop,I,0,20,Persuasion
Winthrop,A,0,20,Persuasion
Winthrop,DC,0,20,Persuasion
Winthrop,DN,0,20,Persuasion
old Sir Archibald Drew,N,0,20,Persuasion
old Sir Archibald Drew,C,0,20,Persuasion
old Sir Archibald Drew,I,0,20,Persuasion
old Sir Archibald Drew,A,0,20,Persuasion
old Sir Archibald Drew,DC,0,20,Persuasion
old Sir Archibald Drew,DN,0,20,Persuasion
the Asp,N,0,20,Persuasion
the Asp,C,0,20,Persuasion
the Asp,I,0,20,Persuasion
the Asp,A,0,20,Persuasion
the Asp,DC,0,20,Persuasion
the Asp,DN,0,20,Persuasion
the Crofts,N,0,20,Persuasion
the Crofts,C,0,20,Persuasion
the Crofts,I,0,20,Persuasion
the Crofts,A,0,20,Persuasion
the Crofts,DC,0,20,Persuasion
the Crofts,DN,0,20,Persuasion
the Dalrymples,N,0,20,Persuasion
the Dalrymples,C,0,20,Persuasion
the Dalrymples,I,0,20,Persuasion
the Dalrymples,A,0,20,Persuasion
the Dalrymples,DC,0,20,Persuasion
the Dalrymples,DN,0,20,Persuasion
the Harvilles,N,0,20,Persuasion
the Harvilles,C,0,20,Persuasion
the Harvilles,I,0,20,Persuasion
the Harvilles,A,0,20,Persuasion
the Harvilles,DC,0,20,Persuasion
the Harvilles,DN,0,20,Persuasion
the Hayters,N,0,20,Persuasion
the Hayters,C,0,20,Persuasion
the Hayters,I,0,20,Persuasion
the Hayters,A,0,20,Persuasion
the Hayters,DC,0,20,Persuasion
the Hayters,DN,0,20,Persuasion
the Miss Musgroves,N,0,20,Persuasion
the Miss Musgroves,C,0,20,Persuasion
the Miss Musgroves,I,0,20,Persuasion
the Miss Musgroves,A,0,20,Persuasion
the Miss Musgroves,DC,0,20,Persuasion
the Miss Musgroves,DN,0,20,Persuasion
Admiral Baldwin,N,0,21,Persuasion
Admiral Baldwin,C,0,21,Persuasion
Admiral Baldwin,I,0,21,Persuasion
Admiral Baldwin,A,0,21,Persuasion
Admiral Baldwin,DC,0,21,Persuasion
Admiral Baldwin,DN,0,21,Persuasion
Admiral Croft,N,0,21,Persuasion
Admiral Croft,C,0,21,Persuasion
Admiral Croft,I,0,21,Persuasion
Admiral Croft,A,0,21,Persuasion
Admiral Croft,DC,0,21,Persuasion
Admiral Croft,DN,0,21,Persuasion
Anne,N,0,21,Persuasion
Anne,C,0,21,Persuasion
Anne,I,0,21,Persuasion
Anne,A,0,21,Persuasion
Anne,DC,0,21,Persuasion
Anne,DN,0,21,Persuasion
Captain Benwick,N,0,21,Persuasion
Captain Benwick,C,0,21,Persuasion
Captain Benwick,I,0,21,Persuasion
Captain Benwick,A,0,21,Persuasion
Captain Benwick,DC,0,21,Persuasion
Captain Benwick,DN,0,21,Persuasion
Captain Harville,N,0,21,Persuasion
Captain Harville,C,0,21,Persuasion
Captain Harville,I,0,21,Persuasion
Captain Harville,A,0,21,Persuasion
Captain Harville,DC,0,21,Persuasion
Captain Harville,DN,0,21,Persuasion
Captain Wentworth,N,0,21,Persuasion
Captain Wentworth,C,0,21,Persuasion
Captain Wentworth,I,0,21,Persuasion
Captain Wentworth,A,0,21,Persuasion
Captain Wentworth,DC,0,21,Persuasion
Captain Wentworth,DN,0,21,Persuasion
Charles,N,0,21,Persuasion
Charles,C,0,21,Persuasion
Charles,I,0,21,Persuasion
Charles,A,0,21,Persuasion
Charles,DC,0,21,Persuasion
Charles,DN,0,21,Persuasion
Colonel Wallis,N,0,21,Persuasion
Colonel Wallis,C,0,21,Persuasion
Colonel Wallis,I,0,21,Persuasion
Colonel Wallis,A,0,21,Persuasion
Colonel Wallis,DC,0,21,Persuasion
Colonel Wallis,DN,0,21,Persuasion
Dear Smith,N,0,21,Persuasion
Dear Smith,C,0,21,Persuasion
Dear Smith,I,0,21,Persuasion
Dear Smith,A,0,21,Persuasion
Dear Smith,DC,0,21,Persuasion
Dear Smith,DN,0,21,Persuasion
Dick,N,0,21,Persuasion
Dick,C,0,21,Persuasion
Dick,I,0,21,Persuasion
Dick,A,0,21,Persuasion
Dick,DC,0,21,Persuasion
Dick,DN,0,21,Persuasion
Dr Shirley,N,0,21,Persuasion
Dr Shirley,C,0,21,Persuasion
Dr Shirley,I,0,21,Persuasion
Dr Shirley,A,0,21,Persuasion
Dr Shirley,DC,0,21,Persuasion
Dr Shirley,DN,0,21,Persuasion
Edward,N,0,21,Persuasion
Edward,C,0,21,Persuasion
Edward,I,0,21,Persuasion
Edward,A,0,21,Persuasion
Edward,DC,0,21,Persuasion
Edward,DN,0,21,Persuasion
Elizabeth,N,0,21,Persuasion
Elizabeth,C,0,21,Persuasion
Elizabeth,I,0,21,Persuasion
Elizabeth,A,0,21,Persuasion
Elizabeth,DC,0,21,Persuasion
Elizabeth,DN,0,21,Persuasion
Frederick,N,0,21,Persuasion
Frederick,C,0,21,Persuasion
Frederick,I,0,21,Persuasion
Frederick,A,0,21,Persuasion
Frederick,DC,0,21,Persuasion
Frederick,DN,0,21,Persuasion
God,N,0,21,Persuasion
God,C,0,21,Persuasion
God,I,0,21,Persuasion
God,A,0,21,Persuasion
God,DC,0,21,Persuasion
God,DN,0,21,Persuasion
Henrietta,N,0,21,Persuasion
Henrietta,C,0,21,Persuasion
Henrietta,I,0,21,Persuasion
Henrietta,A,0,21,Persuasion
Henrietta,DC,0,21,Persuasion
Henrietta,DN,0,21,Persuasion
Jemima,N,0,21,Persuasion
Jemima,C,0,21,Persuasion
Jemima,I,0,21,Persuasion
Jemima,A,0,21,Persuasion
Jemima,DC,0,21,Persuasion
Jemima,DN,0,21,Persuasion
Kellynch,N,0,21,Persuasion
Kellynch,C,0,21,Persuasion
Kellynch,I,0,21,Persuasion
Kellynch,A,0,21,Persuasion
Kellynch,DC,0,21,Persuasion
Kellynch,DN,0,21,Persuasion
Lady Dalrymple,N,0,21,Persuasion
Lady Dalrymple,C,0,21,Persuasion
Lady Dalrymple,I,0,21,Persuasion
Lady Dalrymple,A,0,21,Persuasion
Lady Dalrymple,DC,0,21,Persuasion
Lady Dalrymple,DN,0,21,Persuasion
Lady Elliot,N,0,21,Persuasion
Lady Elliot,C,0,21,Persuasion
Lady Elliot,I,0,21,Persuasion
Lady Elliot,A,0,21,Persuasion
Lady Elliot,DC,0,21,Persuasion
Lady Elliot,DN,0,21,Persuasion
Lady Russell,N,0,21,Persuasion
Lady Russell,C,0,21,Persuasion
Lady Russell,I,0,21,Persuasion
Lady Russell,A,0,21,Persuasion
Lady Russell,DC,0,21,Persuasion
Lady Russell,DN,0,21,Persuasion
Louisa,N,0,21,Persuasion
Louisa,C,0,21,Persuasion
Louisa,I,0,21,Persuasion
Louisa,A,0,21,Persuasion
Louisa,DC,0,21,Persuasion
Louisa,DN,0,21,Persuasion
Mary,N,0,21,Persuasion
Mary,C,0,21,Persuasion
Mary,I,0,21,Persuasion
Mary,A,0,21,Persuasion
Mary,DC,0,21,Persuasion
Mary,DN,0,21,Persuasion
Miss Atkinson,N,0,21,Persuasion
Miss Atkinson,C,0,21,Persuasion
Miss Atkinson,I,0,21,Persuasion
Miss Atkinson,A,0,21,Persuasion
Miss Atkinson,DC,0,21,Persuasion
Miss Atkinson,DN,0,21,Persuasion
Miss Carteret,N,0,21,Persuasion
Miss Carteret,C,0,21,Persuasion
Miss Carteret,I,0,21,Persuasion
Miss Carteret,A,0,21,Persuasion
Miss Carteret,DC,0,21,Persuasion
Miss Carteret,DN,0,21,Persuasion
Miss Hamilton,N,0,21,Persuasion
Miss Hamilton,C,0,21,Persuasion
Miss Hamilton,I,0,21,Persuasion
Miss Hamilton,A,0,21,Persuasion
Miss Hamilton,DC,0,21,Persuasion
Miss Hamilton,DN,0,21,Persuasion
Mr Elliot,N,0,21,Persuasion
Mr Elliot,C,0,21,Persuasion
Mr Elliot,I,0,21,Persuasion
Mr Elliot,A,0,21,Persuasion
Mr Elliot,DC,0,21,Persuasion
Mr Elliot,DN,0,21,Persuasion
Mr Shepherd,N,0,21,Persuasion
Mr Shepherd,C,0,21,Persuasion
Mr Shepherd,I,0,21,Persuasion
Mr Shepherd,A,0,21,Persuasion
Mr Shepherd,DC,0,21,Persuasion
Mr Shepherd,DN,0,21,Persuasion
Mr Smith,N,0,21,Persuasion
Mr Smith,C,0,21,Persuasion
Mr Smith,I,0,21,Persuasion
Mr Smith,A,0,21,Persuasion
Mr Smith,DC,0,21,Persuasion
Mr Smith,DN,0,21,Persuasion
Mr Wentworth,N,0,21,Persuasion
Mr Wentworth,C,0,21,Persuasion
Mr Wentworth,I,0,21,Persuasion
Mr Wentworth,A,0,21,Persuasion
Mr Wentworth,DC,0,21,Persuasion
Mr Wentworth,DN,0,21,Persuasion
Mrs Clay,N,0,21,Persuasion
Mrs Clay,C,0,21,Persuasion
Mrs Clay,I,0,21,Persuasion
Mrs Clay,A,0,21,Persuasion
Mrs Clay,DC,0,21,Persuasion
Mrs Clay,DN,0,21,Persuasion
Mrs Croft,N,0,21,Persuasion
Mrs Croft,C,0,21,Persuasion
Mrs Croft,I,0,21,Persuasion
Mrs Croft,A,0,21,Persuasion
Mrs Croft,DC,0,21,Persuasion
Mrs Croft,DN,0,21,Persuasion
Mrs Harville,N,0,21,Persuasion
Mrs Harville,C,0,21,Persuasion
Mrs Harville,I,0,21,Persuasion
Mrs Harville,A,0,21,Persuasion
Mrs Harville,DC,0,21,Persuasion
Mrs Harville,DN,0,21,Persuasion
Mrs Musgrove,N,0,21,Persuasion
Mrs Musgrove,C,0,21,Persuasion
Mrs Musgrove,I,0,21,Persuasion
Mrs Musgrove,A,0,21,Persuasion
Mrs Musgrove,DC,0,21,Persuasion
Mrs Musgrove,DN,0,21,Persuasion
Mrs Rooke,N,0,21,Persuasion
Mrs Rooke,C,0,21,Persuasion
Mrs Rooke,I,0,21,Persuasion
Mrs Rooke,A,0,21,Persuasion
Mrs Rooke,DC,0,21,Persuasion
Mrs Rooke,DN,0,21,Persuasion
Mrs Shirley,N,0,21,Persuasion
Mrs Shirley,C,0,21,Persuasion
Mrs Shirley,I,0,21,Persuasion
Mrs Shirley,A,0,21,Persuasion
Mrs Shirley,DC,0,21,Persuasion
Mrs Shirley,DN,0,21,Persuasion
Mrs Smith,N,0,21,Persuasion
Mrs Smith,C,0,21,Persuasion
Mrs Smith,I,0,21,Persuasion
Mrs Smith,A,0,21,Persuasion
Mrs Smith,DC,0,21,Persuasion
Mrs Smith,DN,0,21,Persuasion
Mrs Wallis,N,0,21,Persuasion
Mrs Wallis,C,0,21,Persuasion
Mrs Wallis,I,0,21,Persuasion
Mrs Wallis,A,0,21,Persuasion
Mrs Wallis,DC,0,21,Persuasion
Mrs Wallis,DN,0,21,Persuasion
Nurse Rooke,N,0,21,Persuasion
Nurse Rooke,C,0,21,Persuasion
Nurse Rooke,I,0,21,Persuasion
Nurse Rooke,A,0,21,Persuasion
Nurse Rooke,DC,0,21,Persuasion
Nurse Rooke,DN,0,21,Persuasion
Penelope,N,0,21,Persuasion
Penelope,C,0,21,Persuasion
Penelope,I,0,21,Persuasion
Penelope,A,0,21,Persuasion
Penelope,DC,0,21,Persuasion
Penelope,DN,0,21,Persuasion
Sir Walter,N,0,21,Persuasion
Sir Walter,C,0,21,Persuasion
Sir Walter,I,0,21,Persuasion
Sir Walter,A,0,21,Persuasion
Sir Walter,DC,0,21,Persuasion
Sir Walter,DN,0,21,Persuasion
Sophy,N,0,21,Persuasion
Sophy,C,0,21,Persuasion
Sophy,I,0,21,Persuasion
Sophy,A,0,21,Persuasion
Sophy,DC,0,21,Persuasion
Sophy,DN,0,21,Persuasion
The Mr Musgroves,N,0,21,Persuasion
The Mr Musgroves,C,0,21,Persuasion
The Mr Musgroves,I,0,21,Persuasion
The Mr Musgroves,A,0,21,Persuasion
The Mr Musgroves,DC,0,21,Persuasion
The Mr Musgroves,DN,0,21,Persuasion
The little Durands,N,0,21,Persuasion
The little Durands,C,0,21,Persuasion
The little Durands,I,0,21,Persuasion
The little Durands,A,0,21,Persuasion
The little Durands,DC,0,21,Persuasion
The little Durands,DN,0,21,Persuasion
Winthrop,N,0,21,Persuasion
Winthrop,C,0,21,Persuasion
Winthrop,I,0,21,Persuasion
Winthrop,A,0,21,Persuasion
Winthrop,DC,0,21,Persuasion
Winthrop,DN,0,21,Persuasion
old Sir Archibald Drew,N,0,21,Persuasion
old Sir Archibald Drew,C,0,21,Persuasion
old Sir Archibald Drew,I,0,21,Persuasion
old Sir Archibald Drew,A,0,21,Persuasion
old Sir Archibald Drew,DC,0,21,Persuasion
old Sir Archibald Drew,DN,0,21,Persuasion
the Asp,N,0,21,Persuasion
the Asp,C,0,21,Persuasion
the Asp,I,0,21,Persuasion
the Asp,A,0,21,Persuasion
the Asp,DC,0,21,Persuasion
the Asp,DN,0,21,Persuasion
the Crofts,N,0,21,Persuasion
the Crofts,C,0,21,Persuasion
the Crofts,I,0,21,Persuasion
the Crofts,A,0,21,Persuasion
the Crofts,DC,0,21,Persuasion
the Crofts,DN,0,21,Persuasion
the Dalrymples,N,0,21,Persuasion
the Dalrymples,C,0,21,Persuasion
the Dalrymples,I,0,21,Persuasion
the Dalrymples,A,0,21,Persuasion
the Dalrymples,DC,0,21,Persuasion
the Dalrymples,DN,0,21,Persuasion
the Harvilles,N,0,21,Persuasion
the Harvilles,C,0,21,Persuasion
the Harvilles,I,0,21,Persuasion
the Harvilles,A,0,21,Persuasion
the Harvilles,DC,0,21,Persuasion
the Harvilles,DN,0,21,Persuasion
the Hayters,N,0,21,Persuasion
the Hayters,C,0,21,Persuasion
the Hayters,I,0,21,Persuasion
the Hayters,A,0,21,Persuasion
the Hayters,DC,0,21,Persuasion
the Hayters,DN,0,21,Persuasion
the Miss Musgroves,N,0,21,Persuasion
the Miss Musgroves,C,0,21,Persuasion
the Miss Musgroves,I,0,21,Persuasion
the Miss Musgroves,A,0,21,Persuasion
the Miss Musgroves,DC,0,21,Persuasion
the Miss Musgroves,DN,0,21,Persuasion
Admiral Baldwin,N,0,22,Persuasion
Admiral Baldwin,C,0,22,Persuasion
Admiral Baldwin,I,0,22,Persuasion
Admiral Baldwin,A,0,22,Persuasion
Admiral Baldwin,DC,0,22,Persuasion
Admiral Baldwin,DN,0,22,Persuasion
Admiral Croft,N,0,22,Persuasion
Admiral Croft,C,0,22,Persuasion
Admiral Croft,I,0,22,Persuasion
Admiral Croft,A,0,22,Persuasion
Admiral Croft,DC,0,22,Persuasion
Admiral Croft,DN,0,22,Persuasion
Anne,N,0,22,Persuasion
Anne,C,0,22,Persuasion
Anne,I,0,22,Persuasion
Anne,A,0,22,Persuasion
Anne,DC,0,22,Persuasion
Anne,DN,0,22,Persuasion
Captain Benwick,N,0,22,Persuasion
Captain Benwick,C,0,22,Persuasion
Captain Benwick,I,0,22,Persuasion
Captain Benwick,A,0,22,Persuasion
Captain Benwick,DC,0,22,Persuasion
Captain Benwick,DN,0,22,Persuasion
Captain Harville,N,0,22,Persuasion
Captain Harville,C,0,22,Persuasion
Captain Harville,I,0,22,Persuasion
Captain Harville,A,0,22,Persuasion
Captain Harville,DC,0,22,Persuasion
Captain Harville,DN,0,22,Persuasion
Captain Wentworth,N,0,22,Persuasion
Captain Wentworth,C,0,22,Persuasion
Captain Wentworth,I,0,22,Persuasion
Captain Wentworth,A,0,22,Persuasion
Captain Wentworth,DC,0,22,Persuasion
Captain Wentworth,DN,0,22,Persuasion
Charles,N,0,22,Persuasion
Charles,C,0,22,Persuasion
Charles,I,0,22,Persuasion
Charles,A,0,22,Persuasion
Charles,DC,0,22,Persuasion
Charles,DN,0,22,Persuasion
Colonel Wallis,N,0,22,Persuasion
Colonel Wallis,C,0,22,Persuasion
Colonel Wallis,I,0,22,Persuasion
Colonel Wallis,A,0,22,Persuasion
Colonel Wallis,DC,0,22,Persuasion
Colonel Wallis,DN,0,22,Persuasion
Dear Smith,N,0,22,Persuasion
Dear Smith,C,0,22,Persuasion
Dear Smith,I,0,22,Persuasion
Dear Smith,A,0,22,Persuasion
Dear Smith,DC,0,22,Persuasion
Dear Smith,DN,0,22,Persuasion
Dick,N,0,22,Persuasion
Dick,C,0,22,Persuasion
Dick,I,0,22,Persuasion
Dick,A,0,22,Persuasion
Dick,DC,0,22,Persuasion
Dick,DN,0,22,Persuasion
Dr Shirley,N,0,22,Persuasion
Dr Shirley,C,0,22,Persuasion
Dr Shirley,I,0,22,Persuasion
Dr Shirley,A,0,22,Persuasion
Dr Shirley,DC,0,22,Persuasion
Dr Shirley,DN,0,22,Persuasion
Edward,N,0,22,Persuasion
Edward,C,0,22,Persuasion
Edward,I,0,22,Persuasion
Edward,A,0,22,Persuasion
Edward,DC,0,22,Persuasion
Edward,DN,0,22,Persuasion
Elizabeth,N,0,22,Persuasion
Elizabeth,C,0,22,Persuasion
Elizabeth,I,0,22,Persuasion
Elizabeth,A,0,22,Persuasion
Elizabeth,DC,0,22,Persuasion
Elizabeth,DN,0,22,Persuasion
Frederick,N,0,22,Persuasion
Frederick,C,0,22,Persuasion
Frederick,I,0,22,Persuasion
Frederick,A,0,22,Persuasion
Frederick,DC,0,22,Persuasion
Frederick,DN,0,22,Persuasion
God,N,0,22,Persuasion
God,C,0,22,Persuasion
God,I,0,22,Persuasion
God,A,0,22,Persuasion
God,DC,0,22,Persuasion
God,DN,0,22,Persuasion
Henrietta,N,0,22,Persuasion
Henrietta,C,0,22,Persuasion
Henrietta,I,0,22,Persuasion
Henrietta,A,0,22,Persuasion
Henrietta,DC,0,22,Persuasion
Henrietta,DN,0,22,Persuasion
Jemima,N,0,22,Persuasion
Jemima,C,0,22,Persuasion
Jemima,I,0,22,Persuasion
Jemima,A,0,22,Persuasion
Jemima,DC,0,22,Persuasion
Jemima,DN,0,22,Persuasion
Kellynch,N,0,22,Persuasion
Kellynch,C,0,22,Persuasion
Kellynch,I,0,22,Persuasion
Kellynch,A,0,22,Persuasion
Kellynch,DC,0,22,Persuasion
Kellynch,DN,0,22,Persuasion
Lady Dalrymple,N,0,22,Persuasion
Lady Dalrymple,C,0,22,Persuasion
Lady Dalrymple,I,0,22,Persuasion
Lady Dalrymple,A,0,22,Persuasion
Lady Dalrymple,DC,0,22,Persuasion
Lady Dalrymple,DN,0,22,Persuasion
Lady Elliot,N,0,22,Persuasion
Lady Elliot,C,0,22,Persuasion
Lady Elliot,I,0,22,Persuasion
Lady Elliot,A,0,22,Persuasion
Lady Elliot,DC,0,22,Persuasion
Lady Elliot,DN,0,22,Persuasion
Lady Russell,N,0,22,Persuasion
Lady Russell,C,0,22,Persuasion
Lady Russell,I,0,22,Persuasion
Lady Russell,A,0,22,Persuasion
Lady Russell,DC,0,22,Persuasion
Lady Russell,DN,0,22,Persuasion
Louisa,N,0,22,Persuasion
Louisa,C,0,22,Persuasion
Louisa,I,0,22,Persuasion
Louisa,A,0,22,Persuasion
Louisa,DC,0,22,Persuasion
Louisa,DN,0,22,Persuasion
Mary,N,0,22,Persuasion
Mary,C,0,22,Persuasion
Mary,I,0,22,Persuasion
Mary,A,0,22,Persuasion
Mary,DC,0,22,Persuasion
Mary,DN,0,22,Persuasion
Miss Atkinson,N,0,22,Persuasion
Miss Atkinson,C,0,22,Persuasion
Miss Atkinson,I,0,22,Persuasion
Miss Atkinson,A,0,22,Persuasion
Miss Atkinson,DC,0,22,Persuasion
Miss Atkinson,DN,0,22,Persuasion
Miss Carteret,N,0,22,Persuasion
Miss Carteret,C,0,22,Persuasion
Miss Carteret,I,0,22,Persuasion
Miss Carteret,A,0,22,Persuasion
Miss Carteret,DC,0,22,Persuasion
Miss Carteret,DN,0,22,Persuasion
Miss Hamilton,N,0,22,Persuasion
Miss Hamilton,C,0,22,Persuasion
Miss Hamilton,I,0,22,Persuasion
Miss Hamilton,A,0,22,Persuasion
Miss Hamilton,DC,0,22,Persuasion
Miss Hamilton,DN,0,22,Persuasion
Mr Elliot,N,0,22,Persuasion
Mr Elliot,C,0,22,Persuasion
Mr Elliot,I,0,22,Persuasion
Mr Elliot,A,0,22,Persuasion
Mr Elliot,DC,0,22,Persuasion
Mr Elliot,DN,0,22,Persuasion
Mr Shepherd,N,0,22,Persuasion
Mr Shepherd,C,0,22,Persuasion
Mr Shepherd,I,0,22,Persuasion
Mr Shepherd,A,0,22,Persuasion
Mr Shepherd,DC,0,22,Persuasion
Mr Shepherd,DN,0,22,Persuasion
Mr Smith,N,0,22,Persuasion
Mr Smith,C,0,22,Persuasion
Mr Smith,I,0,22,Persuasion
Mr Smith,A,0,22,Persuasion
Mr Smith,DC,0,22,Persuasion
Mr Smith,DN,0,22,Persuasion
Mr Wentworth,N,0,22,Persuasion
Mr Wentworth,C,0,22,Persuasion
Mr Wentworth,I,0,22,Persuasion
Mr Wentworth,A,0,22,Persuasion
Mr Wentworth,DC,0,22,Persuasion
Mr Wentworth,DN,0,22,Persuasion
Mrs Clay,N,0,22,Persuasion
Mrs Clay,C,0,22,Persuasion
Mrs Clay,I,0,22,Persuasion
Mrs Clay,A,0,22,Persuasion
Mrs Clay,DC,0,22,Persuasion
Mrs Clay,DN,0,22,Persuasion
Mrs Croft,N,0,22,Persuasion
Mrs Croft,C,0,22,Persuasion
Mrs Croft,I,0,22,Persuasion
Mrs Croft,A,0,22,Persuasion
Mrs Croft,DC,0,22,Persuasion
Mrs Croft,DN,0,22,Persuasion
Mrs Harville,N,0,22,Persuasion
Mrs Harville,C,0,22,Persuasion
Mrs Harville,I,0,22,Persuasion
Mrs Harville,A,0,22,Persuasion
Mrs Harville,DC,0,22,Persuasion
Mrs Harville,DN,0,22,Persuasion
Mrs Musgrove,N,0,22,Persuasion
Mrs Musgrove,C,0,22,Persuasion
Mrs Musgrove,I,0,22,Persuasion
Mrs Musgrove,A,0,22,Persuasion
Mrs Musgrove,DC,0,22,Persuasion
Mrs Musgrove,DN,0,22,Persuasion
Mrs Rooke,N,0,22,Persuasion
Mrs Rooke,C,0,22,Persuasion
Mrs Rooke,I,0,22,Persuasion
Mrs Rooke,A,0,22,Persuasion
Mrs Rooke,DC,0,22,Persuasion
Mrs Rooke,DN,0,22,Persuasion
Mrs Shirley,N,0,22,Persuasion
Mrs Shirley,C,0,22,Persuasion
Mrs Shirley,I,0,22,Persuasion
Mrs Shirley,A,0,22,Persuasion
Mrs Shirley,DC,0,22,Persuasion
Mrs Shirley,DN,0,22,Persuasion
Mrs Smith,N,0,22,Persuasion
Mrs Smith,C,0,22,Persuasion
Mrs Smith,I,0,22,Persuasion
Mrs Smith,A,0,22,Persuasion
Mrs Smith,DC,0,22,Persuasion
Mrs Smith,DN,0,22,Persuasion
Mrs Wallis,N,0,22,Persuasion
Mrs Wallis,C,0,22,Persuasion
Mrs Wallis,I,0,22,Persuasion
Mrs Wallis,A,0,22,Persuasion
Mrs Wallis,DC,0,22,Persuasion
Mrs Wallis,DN,0,22,Persuasion
Nurse Rooke,N,0,22,Persuasion
Nurse Rooke,C,0,22,Persuasion
Nurse Rooke,I,0,22,Persuasion
Nurse Rooke,A,0,22,Persuasion
Nurse Rooke,DC,0,22,Persuasion
Nurse Rooke,DN,0,22,Persuasion
Penelope,N,0,22,Persuasion
Penelope,C,0,22,Persuasion
Penelope,I,0,22,Persuasion
Penelope,A,0,22,Persuasion
Penelope,DC,0,22,Persuasion
Penelope,DN,0,22,Persuasion
Sir Walter,N,0,22,Persuasion
Sir Walter,C,0,22,Persuasion
Sir Walter,I,0,22,Persuasion
Sir Walter,A,0,22,Persuasion
Sir Walter,DC,0,22,Persuasion
Sir Walter,DN,0,22,Persuasion
Sophy,N,0,22,Persuasion
Sophy,C,0,22,Persuasion
Sophy,I,0,22,Persuasion
Sophy,A,0,22,Persuasion
Sophy,DC,0,22,Persuasion
Sophy,DN,0,22,Persuasion
The Mr Musgroves,N,0,22,Persuasion
The Mr Musgroves,C,0,22,Persuasion
The Mr Musgroves,I,0,22,Persuasion
The Mr Musgroves,A,0,22,Persuasion
The Mr Musgroves,DC,0,22,Persuasion
The Mr Musgroves,DN,0,22,Persuasion
The little Durands,N,0,22,Persuasion
The little Durands,C,0,22,Persuasion
The little Durands,I,0,22,Persuasion
The little Durands,A,0,22,Persuasion
The little Durands,DC,0,22,Persuasion
The little Durands,DN,0,22,Persuasion
Winthrop,N,0,22,Persuasion
Winthrop,C,0,22,Persuasion
Winthrop,I,0,22,Persuasion
Winthrop,A,0,22,Persuasion
Winthrop,DC,0,22,Persuasion
Winthrop,DN,0,22,Persuasion
old Sir Archibald Drew,N,0,22,Persuasion
old Sir Archibald Drew,C,0,22,Persuasion
old Sir Archibald Drew,I,0,22,Persuasion
old Sir Archibald Drew,A,0,22,Persuasion
old Sir Archibald Drew,DC,0,22,Persuasion
old Sir Archibald Drew,DN,0,22,Persuasion
the Asp,N,0,22,Persuasion
the Asp,C,0,22,Persuasion
the Asp,I,0,22,Persuasion
the Asp,A,0,22,Persuasion
the Asp,DC,0,22,Persuasion
the Asp,DN,0,22,Persuasion
the Crofts,N,0,22,Persuasion
the Crofts,C,0,22,Persuasion
the Crofts,I,0,22,Persuasion
the Crofts,A,0,22,Persuasion
the Crofts,DC,0,22,Persuasion
the Crofts,DN,0,22,Persuasion
the Dalrymples,N,0,22,Persuasion
the Dalrymples,C,0,22,Persuasion
the Dalrymples,I,0,22,Persuasion
the Dalrymples,A,0,22,Persuasion
the Dalrymples,DC,0,22,Persuasion
the Dalrymples,DN,0,22,Persuasion
the Harvilles,N,0,22,Persuasion
the Harvilles,C,0,22,Persuasion
the Harvilles,I,0,22,Persuasion
the Harvilles,A,0,22,Persuasion
the Harvilles,DC,0,22,Persuasion
the Harvilles,DN,0,22,Persuasion
the Hayters,N,0,22,Persuasion
the Hayters,C,0,22,Persuasion
the Hayters,I,0,22,Persuasion
the Hayters,A,0,22,Persuasion
the Hayters,DC,0,22,Persuasion
the Hayters,DN,0,22,Persuasion
the Miss Musgroves,N,0,22,Persuasion
the Miss Musgroves,C,0,22,Persuasion
the Miss Musgroves,I,0,22,Persuasion
the Miss Musgroves,A,0,22,Persuasion
the Miss Musgroves,DC,0,22,Persuasion
the Miss Musgroves,DN,0,22,Persuasion
Admiral Baldwin,N,0,23,Persuasion
Admiral Baldwin,C,0,23,Persuasion
Admiral Baldwin,I,0,23,Persuasion
Admiral Baldwin,A,0,23,Persuasion
Admiral Baldwin,DC,0,23,Persuasion
Admiral Baldwin,DN,0,23,Persuasion
Admiral Croft,N,0,23,Persuasion
Admiral Croft,C,0,23,Persuasion
Admiral Croft,I,0,23,Persuasion
Admiral Croft,A,0,23,Persuasion
Admiral Croft,DC,0,23,Persuasion
Admiral Croft,DN,0,23,Persuasion
Anne,N,0,23,Persuasion
Anne,C,0,23,Persuasion
Anne,I,0,23,Persuasion
Anne,A,0,23,Persuasion
Anne,DC,0,23,Persuasion
Anne,DN,0,23,Persuasion
Captain Benwick,N,0,23,Persuasion
Captain Benwick,C,0,23,Persuasion
Captain Benwick,I,0,23,Persuasion
Captain Benwick,A,0,23,Persuasion
Captain Benwick,DC,0,23,Persuasion
Captain Benwick,DN,0,23,Persuasion
Captain Harville,N,0,23,Persuasion
Captain Harville,C,0,23,Persuasion
Captain Harville,I,0,23,Persuasion
Captain Harville,A,0,23,Persuasion
Captain Harville,DC,0,23,Persuasion
Captain Harville,DN,0,23,Persuasion
Captain Wentworth,N,0,23,Persuasion
Captain Wentworth,C,0,23,Persuasion
Captain Wentworth,I,0,23,Persuasion
Captain Wentworth,A,0,23,Persuasion
Captain Wentworth,DC,0,23,Persuasion
Captain Wentworth,DN,0,23,Persuasion
Charles,N,0,23,Persuasion
Charles,C,0,23,Persuasion
Charles,I,0,23,Persuasion
Charles,A,0,23,Persuasion
Charles,DC,0,23,Persuasion
Charles,DN,0,23,Persuasion
Colonel Wallis,N,0,23,Persuasion
Colonel Wallis,C,0,23,Persuasion
Colonel Wallis,I,0,23,Persuasion
Colonel Wallis,A,0,23,Persuasion
Colonel Wallis,DC,0,23,Persuasion
Colonel Wallis,DN,0,23,Persuasion
Dear Smith,N,0,23,Persuasion
Dear Smith,C,0,23,Persuasion
Dear Smith,I,0,23,Persuasion
Dear Smith,A,0,23,Persuasion
Dear Smith,DC,0,23,Persuasion
Dear Smith,DN,0,23,Persuasion
Dick,N,0,23,Persuasion
Dick,C,0,23,Persuasion
Dick,I,0,23,Persuasion
Dick,A,0,23,Persuasion
Dick,DC,0,23,Persuasion
Dick,DN,0,23,Persuasion
Dr Shirley,N,0,23,Persuasion
Dr Shirley,C,0,23,Persuasion
Dr Shirley,I,0,23,Persuasion
Dr Shirley,A,0,23,Persuasion
Dr Shirley,DC,0,23,Persuasion
Dr Shirley,DN,0,23,Persuasion
Edward,N,0,23,Persuasion
Edward,C,0,23,Persuasion
Edward,I,0,23,Persuasion
Edward,A,0,23,Persuasion
Edward,DC,0,23,Persuasion
Edward,DN,0,23,Persuasion
Elizabeth,N,0,23,Persuasion
Elizabeth,C,0,23,Persuasion
Elizabeth,I,0,23,Persuasion
Elizabeth,A,0,23,Persuasion
Elizabeth,DC,0,23,Persuasion
Elizabeth,DN,0,23,Persuasion
Frederick,N,0,23,Persuasion
Frederick,C,0,23,Persuasion
Frederick,I,0,23,Persuasion
Frederick,A,0,23,Persuasion
Frederick,DC,0,23,Persuasion
Frederick,DN,0,23,Persuasion
God,N,0,23,Persuasion
God,C,0,23,Persuasion
God,I,0,23,Persuasion
God,A,0,23,Persuasion
God,DC,0,23,Persuasion
God,DN,0,23,Persuasion
Henrietta,N,0,23,Persuasion
Henrietta,C,0,23,Persuasion
Henrietta,I,0,23,Persuasion
Henrietta,A,0,23,Persuasion
Henrietta,DC,0,23,Persuasion
Henrietta,DN,0,23,Persuasion
Jemima,N,0,23,Persuasion
Jemima,C,0,23,Persuasion
Jemima,I,0,23,Persuasion
Jemima,A,0,23,Persuasion
Jemima,DC,0,23,Persuasion
Jemima,DN,0,23,Persuasion
Kellynch,N,0,23,Persuasion
Kellynch,C,0,23,Persuasion
Kellynch,I,0,23,Persuasion
Kellynch,A,0,23,Persuasion
Kellynch,DC,0,23,Persuasion
Kellynch,DN,0,23,Persuasion
Lady Dalrymple,N,0,23,Persuasion
Lady Dalrymple,C,0,23,Persuasion
Lady Dalrymple,I,0,23,Persuasion
Lady Dalrymple,A,0,23,Persuasion
Lady Dalrymple,DC,0,23,Persuasion
Lady Dalrymple,DN,0,23,Persuasion
Lady Elliot,N,0,23,Persuasion
Lady Elliot,C,0,23,Persuasion
Lady Elliot,I,0,23,Persuasion
Lady Elliot,A,0,23,Persuasion
Lady Elliot,DC,0,23,Persuasion
Lady Elliot,DN,0,23,Persuasion
Lady Russell,N,0,23,Persuasion
Lady Russell,C,0,23,Persuasion
Lady Russell,I,0,23,Persuasion
Lady Russell,A,0,23,Persuasion
Lady Russell,DC,0,23,Persuasion
Lady Russell,DN,0,23,Persuasion
Louisa,N,0,23,Persuasion
Louisa,C,0,23,Persuasion
Louisa,I,0,23,Persuasion
Louisa,A,0,23,Persuasion
Louisa,DC,0,23,Persuasion
Louisa,DN,0,23,Persuasion
Mary,N,0,23,Persuasion
Mary,C,0,23,Persuasion
Mary,I,0,23,Persuasion
Mary,A,0,23,Persuasion
Mary,DC,0,23,Persuasion
Mary,DN,0,23,Persuasion
Miss Atkinson,N,0,23,Persuasion
Miss Atkinson,C,0,23,Persuasion
Miss Atkinson,I,0,23,Persuasion
Miss Atkinson,A,0,23,Persuasion
Miss Atkinson,DC,0,23,Persuasion
Miss Atkinson,DN,0,23,Persuasion
Miss Carteret,N,0,23,Persuasion
Miss Carteret,C,0,23,Persuasion
Miss Carteret,I,0,23,Persuasion
Miss Carteret,A,0,23,Persuasion
Miss Carteret,DC,0,23,Persuasion
Miss Carteret,DN,0,23,Persuasion
Miss Hamilton,N,0,23,Persuasion
Miss Hamilton,C,0,23,Persuasion
Miss Hamilton,I,0,23,Persuasion
Miss Hamilton,A,0,23,Persuasion
Miss Hamilton,DC,0,23,Persuasion
Miss Hamilton,DN,0,23,Persuasion
Mr Elliot,N,0,23,Persuasion
Mr Elliot,C,0,23,Persuasion
Mr Elliot,I,0,23,Persuasion
Mr Elliot,A,0,23,Persuasion
Mr Elliot,DC,0,23,Persuasion
Mr Elliot,DN,0,23,Persuasion
Mr Shepherd,N,0,23,Persuasion
Mr Shepherd,C,0,23,Persuasion
Mr Shepherd,I,0,23,Persuasion
Mr Shepherd,A,0,23,Persuasion
Mr Shepherd,DC,0,23,Persuasion
Mr Shepherd,DN,0,23,Persuasion
Mr Smith,N,0,23,Persuasion
Mr Smith,C,0,23,Persuasion
Mr Smith,I,0,23,Persuasion
Mr Smith,A,0,23,Persuasion
Mr Smith,DC,0,23,Persuasion
Mr Smith,DN,0,23,Persuasion
Mr Wentworth,N,0,23,Persuasion
Mr Wentworth,C,0,23,Persuasion
Mr Wentworth,I,0,23,Persuasion
Mr Wentworth,A,0,23,Persuasion
Mr Wentworth,DC,0,23,Persuasion
Mr Wentworth,DN,0,23,Persuasion
Mrs Clay,N,0,23,Persuasion
Mrs Clay,C,0,23,Persuasion
Mrs Clay,I,0,23,Persuasion
Mrs Clay,A,0,23,Persuasion
Mrs Clay,DC,0,23,Persuasion
Mrs Clay,DN,0,23,Persuasion
Mrs Croft,N,0,23,Persuasion
Mrs Croft,C,0,23,Persuasion
Mrs Croft,I,0,23,Persuasion
Mrs Croft,A,0,23,Persuasion
Mrs Croft,DC,0,23,Persuasion
Mrs Croft,DN,0,23,Persuasion
Mrs Harville,N,0,23,Persuasion
Mrs Harville,C,0,23,Persuasion
Mrs Harville,I,0,23,Persuasion
Mrs Harville,A,0,23,Persuasion
Mrs Harville,DC,0,23,Persuasion
Mrs Harville,DN,0,23,Persuasion
Mrs Musgrove,N,0,23,Persuasion
Mrs Musgrove,C,0,23,Persuasion
Mrs Musgrove,I,0,23,Persuasion
Mrs Musgrove,A,0,23,Persuasion
Mrs Musgrove,DC,0,23,Persuasion
Mrs Musgrove,DN,0,23,Persuasion
Mrs Rooke,N,0,23,Persuasion
Mrs Rooke,C,0,23,Persuasion
Mrs Rooke,I,0,23,Persuasion
Mrs Rooke,A,0,23,Persuasion
Mrs Rooke,DC,0,23,Persuasion
Mrs Rooke,DN,0,23,Persuasion
Mrs Shirley,N,0,23,Persuasion
Mrs Shirley,C,0,23,Persuasion
Mrs Shirley,I,0,23,Persuasion
Mrs Shirley,A,0,23,Persuasion
Mrs Shirley,DC,0,23,Persuasion
Mrs Shirley,DN,0,23,Persuasion
Mrs Smith,N,0,23,Persuasion
Mrs Smith,C,0,23,Persuasion
Mrs Smith,I,0,23,Persuasion
Mrs Smith,A,0,23,Persuasion
Mrs Smith,DC,0,23,Persuasion
Mrs Smith,DN,0,23,Persuasion
Mrs Wallis,N,0,23,Persuasion
Mrs Wallis,C,0,23,Persuasion
Mrs Wallis,I,0,23,Persuasion
Mrs Wallis,A,0,23,Persuasion
Mrs Wallis,DC,0,23,Persuasion
Mrs Wallis,DN,0,23,Persuasion
Nurse Rooke,N,0,23,Persuasion
Nurse Rooke,C,0,23,Persuasion
Nurse Rooke,I,0,23,Persuasion
Nurse Rooke,A,0,23,Persuasion
Nurse Rooke,DC,0,23,Persuasion
Nurse Rooke,DN,0,23,Persuasion
Penelope,N,0,23,Persuasion
Penelope,C,0,23,Persuasion
Penelope,I,0,23,Persuasion
Penelope,A,0,23,Persuasion
Penelope,DC,0,23,Persuasion
Penelope,DN,0,23,Persuasion
Sir Walter,N,0,23,Persuasion
Sir Walter,C,0,23,Persuasion
Sir Walter,I,0,23,Persuasion
Sir Walter,A,0,23,Persuasion
Sir Walter,DC,0,23,Persuasion
Sir Walter,DN,0,23,Persuasion
Sophy,N,0,23,Persuasion
Sophy,C,0,23,Persuasion
Sophy,I,0,23,Persuasion
Sophy,A,0,23,Persuasion
Sophy,DC,0,23,Persuasion
Sophy,DN,0,23,Persuasion
The Mr Musgroves,N,0,23,Persuasion
The Mr Musgroves,C,0,23,Persuasion
The Mr Musgroves,I,0,23,Persuasion
The Mr Musgroves,A,0,23,Persuasion
The Mr Musgroves,DC,0,23,Persuasion
The Mr Musgroves,DN,0,23,Persuasion
The little Durands,N,0,23,Persuasion
The little Durands,C,0,23,Persuasion
The little Durands,I,0,23,Persuasion
The little Durands,A,0,23,Persuasion
The little Durands,DC,0,23,Persuasion
The little Durands,DN,0,23,Persuasion
Winthrop,N,0,23,Persuasion
Winthrop,C,0,23,Persuasion
Winthrop,I,0,23,Persuasion
Winthrop,A,0,23,Persuasion
Winthrop,DC,0,23,Persuasion
Winthrop,DN,0,23,Persuasion
old Sir Archibald Drew,N,0,23,Persuasion
old Sir Archibald Drew,C,0,23,Persuasion
old Sir Archibald Drew,I,0,23,Persuasion
old Sir Archibald Drew,A,0,23,Persuasion
old Sir Archibald Drew,DC,0,23,Persuasion
old Sir Archibald Drew,DN,0,23,Persuasion
the Asp,N,0,23,Persuasion
the Asp,C,0,23,Persuasion
the Asp,I,0,23,Persuasion
the Asp,A,0,23,Persuasion
the Asp,DC,0,23,Persuasion
the Asp,DN,0,23,Persuasion
the Crofts,N,0,23,Persuasion
the Crofts,C,0,23,Persuasion
the Crofts,I,0,23,Persuasion
the Crofts,A,0,23,Persuasion
the Crofts,DC,0,23,Persuasion
the Crofts,DN,0,23,Persuasion
the Dalrymples,N,0,23,Persuasion
the Dalrymples,C,0,23,Persuasion
the Dalrymples,I,0,23,Persuasion
the Dalrymples,A,0,23,Persuasion
the Dalrymples,DC,0,23,Persuasion
the Dalrymples,DN,0,23,Persuasion
the Harvilles,N,0,23,Persuasion
the Harvilles,C,0,23,Persuasion
the Harvilles,I,0,23,Persuasion
the Harvilles,A,0,23,Persuasion
the Harvilles,DC,0,23,Persuasion
the Harvilles,DN,0,23,Persuasion
the Hayters,N,0,23,Persuasion
the Hayters,C,0,23,Persuasion
the Hayters,I,0,23,Persuasion
the Hayters,A,0,23,Persuasion
the Hayters,DC,0,23,Persuasion
the Hayters,DN,0,23,Persuasion
the Miss Musgroves,N,0,23,Persuasion
the Miss Musgroves,C,0,23,Persuasion
the Miss Musgroves,I,0,23,Persuasion
the Miss Musgroves,A,0,23,Persuasion
the Miss Musgroves,DC,0,23,Persuasion
the Miss Musgroves,DN,0,23,Persuasion
Admiral Baldwin,N,0,24,Persuasion
Admiral Baldwin,C,0,24,Persuasion
Admiral Baldwin,I,0,24,Persuasion
Admiral Baldwin,A,0,24,Persuasion
Admiral Baldwin,DC,0,24,Persuasion
Admiral Baldwin,DN,0,24,Persuasion
Admiral Croft,N,0,24,Persuasion
Admiral Croft,C,0,24,Persuasion
Admiral Croft,I,0,24,Persuasion
Admiral Croft,A,0,24,Persuasion
Admiral Croft,DC,0,24,Persuasion
Admiral Croft,DN,0,24,Persuasion
Anne,N,0,24,Persuasion
Anne,C,0,24,Persuasion
Anne,I,0,24,Persuasion
Anne,A,0,24,Persuasion
Anne,DC,0,24,Persuasion
Anne,DN,0,24,Persuasion
Captain Benwick,N,0,24,Persuasion
Captain Benwick,C,0,24,Persuasion
Captain Benwick,I,0,24,Persuasion
Captain Benwick,A,0,24,Persuasion
Captain Benwick,DC,0,24,Persuasion
Captain Benwick,DN,0,24,Persuasion
Captain Harville,N,0,24,Persuasion
Captain Harville,C,0,24,Persuasion
Captain Harville,I,0,24,Persuasion
Captain Harville,A,0,24,Persuasion
Captain Harville,DC,0,24,Persuasion
Captain Harville,DN,0,24,Persuasion
Captain Wentworth,N,0,24,Persuasion
Captain Wentworth,C,0,24,Persuasion
Captain Wentworth,I,0,24,Persuasion
Captain Wentworth,A,0,24,Persuasion
Captain Wentworth,DC,0,24,Persuasion
Captain Wentworth,DN,0,24,Persuasion
Charles,N,0,24,Persuasion
Charles,C,0,24,Persuasion
Charles,I,0,24,Persuasion
Charles,A,0,24,Persuasion
Charles,DC,0,24,Persuasion
Charles,DN,0,24,Persuasion
Colonel Wallis,N,0,24,Persuasion
Colonel Wallis,C,0,24,Persuasion
Colonel Wallis,I,0,24,Persuasion
Colonel Wallis,A,0,24,Persuasion
Colonel Wallis,DC,0,24,Persuasion
Colonel Wallis,DN,0,24,Persuasion
Dear Smith,N,0,24,Persuasion
Dear Smith,C,0,24,Persuasion
Dear Smith,I,0,24,Persuasion
Dear Smith,A,0,24,Persuasion
Dear Smith,DC,0,24,Persuasion
Dear Smith,DN,0,24,Persuasion
Dick,N,0,24,Persuasion
Dick,C,0,24,Persuasion
Dick,I,0,24,Persuasion
Dick,A,0,24,Persuasion
Dick,DC,0,24,Persuasion
Dick,DN,0,24,Persuasion
Dr Shirley,N,0,24,Persuasion
Dr Shirley,C,0,24,Persuasion
Dr Shirley,I,0,24,Persuasion
Dr Shirley,A,0,24,Persuasion
Dr Shirley,DC,0,24,Persuasion
Dr Shirley,DN,0,24,Persuasion
Edward,N,0,24,Persuasion
Edward,C,0,24,Persuasion
Edward,I,0,24,Persuasion
Edward,A,0,24,Persuasion
Edward,DC,0,24,Persuasion
Edward,DN,0,24,Persuasion
Elizabeth,N,0,24,Persuasion
Elizabeth,C,0,24,Persuasion
Elizabeth,I,0,24,Persuasion
Elizabeth,A,0,24,Persuasion
Elizabeth,DC,0,24,Persuasion
Elizabeth,DN,0,24,Persuasion
Frederick,N,0,24,Persuasion
Frederick,C,0,24,Persuasion
Frederick,I,0,24,Persuasion
Frederick,A,0,24,Persuasion
Frederick,DC,0,24,Persuasion
Frederick,DN,0,24,Persuasion
God,N,0,24,Persuasion
God,C,0,24,Persuasion
God,I,0,24,Persuasion
God,A,0,24,Persuasion
God,DC,0,24,Persuasion
God,DN,0,24,Persuasion
Henrietta,N,0,24,Persuasion
Henrietta,C,0,24,Persuasion
Henrietta,I,0,24,Persuasion
Henrietta,A,0,24,Persuasion
Henrietta,DC,0,24,Persuasion
Henrietta,DN,0,24,Persuasion
Jemima,N,0,24,Persuasion
Jemima,C,0,24,Persuasion
Jemima,I,0,24,Persuasion
Jemima,A,0,24,Persuasion
Jemima,DC,0,24,Persuasion
Jemima,DN,0,24,Persuasion
Kellynch,N,0,24,Persuasion
Kellynch,C,0,24,Persuasion
Kellynch,I,0,24,Persuasion
Kellynch,A,0,24,Persuasion
Kellynch,DC,0,24,Persuasion
Kellynch,DN,0,24,Persuasion
Lady Dalrymple,N,0,24,Persuasion
Lady Dalrymple,C,0,24,Persuasion
Lady Dalrymple,I,0,24,Persuasion
Lady Dalrymple,A,0,24,Persuasion
Lady Dalrymple,DC,0,24,Persuasion
Lady Dalrymple,DN,0,24,Persuasion
Lady Elliot,N,0,24,Persuasion
Lady Elliot,C,0,24,Persuasion
Lady Elliot,I,0,24,Persuasion
Lady Elliot,A,0,24,Persuasion
Lady Elliot,DC,0,24,Persuasion
Lady Elliot,DN,0,24,Persuasion
Lady Russell,N,0,24,Persuasion
Lady Russell,C,0,24,Persuasion
Lady Russell,I,0,24,Persuasion
Lady Russell,A,0,24,Persuasion
Lady Russell,DC,0,24,Persuasion
Lady Russell,DN,0,24,Persuasion
Louisa,N,0,24,Persuasion
Louisa,C,0,24,Persuasion
Louisa,I,0,24,Persuasion
Louisa,A,0,24,Persuasion
Louisa,DC,0,24,Persuasion
Louisa,DN,0,24,Persuasion
Mary,N,0,24,Persuasion
Mary,C,0,24,Persuasion
Mary,I,0,24,Persuasion
Mary,A,0,24,Persuasion
Mary,DC,0,24,Persuasion
Mary,DN,0,24,Persuasion
Miss Atkinson,N,0,24,Persuasion
Miss Atkinson,C,0,24,Persuasion
Miss Atkinson,I,0,24,Persuasion
Miss Atkinson,A,0,24,Persuasion
Miss Atkinson,DC,0,24,Persuasion
Miss Atkinson,DN,0,24,Persuasion
Miss Carteret,N,0,24,Persuasion
Miss Carteret,C,0,24,Persuasion
Miss Carteret,I,0,24,Persuasion
Miss Carteret,A,0,24,Persuasion
Miss Carteret,DC,0,24,Persuasion
Miss Carteret,DN,0,24,Persuasion
Miss Hamilton,N,0,24,Persuasion
Miss Hamilton,C,0,24,Persuasion
Miss Hamilton,I,0,24,Persuasion
Miss Hamilton,A,0,24,Persuasion
Miss Hamilton,DC,0,24,Persuasion
Miss Hamilton,DN,0,24,Persuasion
Mr Elliot,N,0,24,Persuasion
Mr Elliot,C,0,24,Persuasion
Mr Elliot,I,0,24,Persuasion
Mr Elliot,A,0,24,Persuasion
Mr Elliot,DC,0,24,Persuasion
Mr Elliot,DN,0,24,Persuasion
Mr Shepherd,N,0,24,Persuasion
Mr Shepherd,C,0,24,Persuasion
Mr Shepherd,I,0,24,Persuasion
Mr Shepherd,A,0,24,Persuasion
Mr Shepherd,DC,0,24,Persuasion
Mr Shepherd,DN,0,24,Persuasion
Mr Smith,N,0,24,Persuasion
Mr Smith,C,0,24,Persuasion
Mr Smith,I,0,24,Persuasion
Mr Smith,A,0,24,Persuasion
Mr Smith,DC,0,24,Persuasion
Mr Smith,DN,0,24,Persuasion
Mr Wentworth,N,0,24,Persuasion
Mr Wentworth,C,0,24,Persuasion
Mr Wentworth,I,0,24,Persuasion
Mr Wentworth,A,0,24,Persuasion
Mr Wentworth,DC,0,24,Persuasion
Mr Wentworth,DN,0,24,Persuasion
Mrs Clay,N,0,24,Persuasion
Mrs Clay,C,0,24,Persuasion
Mrs Clay,I,0,24,Persuasion
Mrs Clay,A,0,24,Persuasion
Mrs Clay,DC,0,24,Persuasion
Mrs Clay,DN,0,24,Persuasion
Mrs Croft,N,0,24,Persuasion
Mrs Croft,C,0,24,Persuasion
Mrs Croft,I,0,24,Persuasion
Mrs Croft,A,0,24,Persuasion
Mrs Croft,DC,0,24,Persuasion
Mrs Croft,DN,0,24,Persuasion
Mrs Harville,N,0,24,Persuasion
Mrs Harville,C,0,24,Persuasion
Mrs Harville,I,0,24,Persuasion
Mrs Harville,A,0,24,Persuasion
Mrs Harville,DC,0,24,Persuasion
Mrs Harville,DN,0,24,Persuasion
Mrs Musgrove,N,0,24,Persuasion
Mrs Musgrove,C,0,24,Persuasion
Mrs Musgrove,I,0,24,Persuasion
Mrs Musgrove,A,0,24,Persuasion
Mrs Musgrove,DC,0,24,Persuasion
Mrs Musgrove,DN,0,24,Persuasion
Mrs Rooke,N,0,24,Persuasion
Mrs Rooke,C,0,24,Persuasion
Mrs Rooke,I,0,24,Persuasion
Mrs Rooke,A,0,24,Persuasion
Mrs Rooke,DC,0,24,Persuasion
Mrs Rooke,DN,0,24,Persuasion
Mrs Shirley,N,0,24,Persuasion
Mrs Shirley,C,0,24,Persuasion
Mrs Shirley,I,0,24,Persuasion
Mrs Shirley,A,0,24,Persuasion
Mrs Shirley,DC,0,24,Persuasion
Mrs Shirley,DN,0,24,Persuasion
Mrs Smith,N,0,24,Persuasion
Mrs Smith,C,0,24,Persuasion
Mrs Smith,I,0,24,Persuasion
Mrs Smith,A,0,24,Persuasion
Mrs Smith,DC,0,24,Persuasion
Mrs Smith,DN,0,24,Persuasion
Mrs Wallis,N,0,24,Persuasion
Mrs Wallis,C,0,24,Persuasion
Mrs Wallis,I,0,24,Persuasion
Mrs Wallis,A,0,24,Persuasion
Mrs Wallis,DC,0,24,Persuasion
Mrs Wallis,DN,0,24,Persuasion
Nurse Rooke,N,0,24,Persuasion
Nurse Rooke,C,0,24,Persuasion
Nurse Rooke,I,0,24,Persuasion
Nurse Rooke,A,0,24,Persuasion
Nurse Rooke,DC,0,24,Persuasion
Nurse Rooke,DN,0,24,Persuasion
Penelope,N,0,24,Persuasion
Penelope,C,0,24,Persuasion
Penelope,I,0,24,Persuasion
Penelope,A,0,24,Persuasion
Penelope,DC,0,24,Persuasion
Penelope,DN,0,24,Persuasion
Sir Walter,N,0,24,Persuasion
Sir Walter,C,0,24,Persuasion
Sir Walter,I,0,24,Persuasion
Sir Walter,A,0,24,Persuasion
Sir Walter,DC,0,24,Persuasion
Sir Walter,DN,0,24,Persuasion
Sophy,N,0,24,Persuasion
Sophy,C,0,24,Persuasion
Sophy,I,0,24,Persuasion
Sophy,A,0,24,Persuasion
Sophy,DC,0,24,Persuasion
Sophy,DN,0,24,Persuasion
The Mr Musgroves,N,0,24,Persuasion
The Mr Musgroves,C,0,24,Persuasion
The Mr Musgroves,I,0,24,Persuasion
The Mr Musgroves,A,0,24,Persuasion
The Mr Musgroves,DC,0,24,Persuasion
The Mr Musgroves,DN,0,24,Persuasion
The little Durands,N,0,24,Persuasion
The little Durands,C,0,24,Persuasion
The little Durands,I,0,24,Persuasion
The little Durands,A,0,24,Persuasion
The little Durands,DC,0,24,Persuasion
The little Durands,DN,0,24,Persuasion
Winthrop,N,0,24,Persuasion
Winthrop,C,0,24,Persuasion
Winthrop,I,0,24,Persuasion
Winthrop,A,0,24,Persuasion
Winthrop,DC,0,24,Persuasion
Winthrop,DN,0,24,Persuasion
old Sir Archibald Drew,N,0,24,Persuasion
old Sir Archibald Drew,C,0,24,Persuasion
old Sir Archibald Drew,I,0,24,Persuasion
old Sir Archibald Drew,A,0,24,Persuasion
old Sir Archibald Drew,DC,0,24,Persuasion
old Sir Archibald Drew,DN,0,24,Persuasion
the Asp,N,0,24,Persuasion
the Asp,C,0,24,Persuasion
the Asp,I,0,24,Persuasion
the Asp,A,0,24,Persuasion
the Asp,DC,0,24,Persuasion
the Asp,DN,0,24,Persuasion
the Crofts,N,0,24,Persuasion
the Crofts,C,0,24,Persuasion
the Crofts,I,0,24,Persuasion
the Crofts,A,0,24,Persuasion
the Crofts,DC,0,24,Persuasion
the Crofts,DN,0,24,Persuasion
the Dalrymples,N,0,24,Persuasion
the Dalrymples,C,0,24,Persuasion
the Dalrymples,I,0,24,Persuasion
the Dalrymples,A,0,24,Persuasion
the Dalrymples,DC,0,24,Persuasion
the Dalrymples,DN,0,24,Persuasion
the Harvilles,N,0,24,Persuasion
the Harvilles,C,0,24,Persuasion
the Harvilles,I,0,24,Persuasion
the Harvilles,A,0,24,Persuasion
the Harvilles,DC,0,24,Persuasion
the Harvilles,DN,0,24,Persuasion
the Hayters,N,0,24,Persuasion
the Hayters,C,0,24,Persuasion
the Hayters,I,0,24,Persuasion
the Hayters,A,0,24,Persuasion
the Hayters,DC,0,24,Persuasion
the Hayters,DN,0,24,Persuasion
the Miss Musgroves,N,0,24,Persuasion
the Miss Musgroves,C,0,24,Persuasion
the Miss Musgroves,I,0,24,Persuasion
the Miss Musgroves,A,0,24,Persuasion
the Miss Musgroves,DC,0,24,Persuasion
the Miss Musgroves,DN,0,24,Persuasion
Admiral Baldwin,N,0,25,Persuasion
Admiral Baldwin,C,0,25,Persuasion
Admiral Baldwin,I,0,25,Persuasion
Admiral Baldwin,A,0,25,Persuasion
Admiral Baldwin,DC,0,25,Persuasion
Admiral Baldwin,DN,0,25,Persuasion
Admiral Croft,N,0,25,Persuasion
Admiral Croft,C,0,25,Persuasion
Admiral Croft,I,0,25,Persuasion
Admiral Croft,A,0,25,Persuasion
Admiral Croft,DC,0,25,Persuasion
Admiral Croft,DN,0,25,Persuasion
Anne,N,8,25,Persuasion
Anne,C,0,25,Persuasion
Anne,I,0,25,Persuasion
Anne,A,1,25,Persuasion
Anne,DC,0,25,Persuasion
Anne,DN,5,25,Persuasion
Captain Benwick,N,0,25,Persuasion
Captain Benwick,C,0,25,Persuasion
Captain Benwick,I,0,25,Persuasion
Captain Benwick,A,0,25,Persuasion
Captain Benwick,DC,0,25,Persuasion
Captain Benwick,DN,0,25,Persuasion
Captain Harville,N,0,25,Persuasion
Captain Harville,C,0,25,Persuasion
Captain Harville,I,0,25,Persuasion
Captain Harville,A,0,25,Persuasion
Captain Harville,DC,0,25,Persuasion
Captain Harville,DN,0,25,Persuasion
Captain Wentworth,N,0,25,Persuasion
Captain Wentworth,C,0,25,Persuasion
Captain Wentworth,I,0,25,Persuasion
Captain Wentworth,A,0,25,Persuasion
Captain Wentworth,DC,0,25,Persuasion
Captain Wentworth,DN,0,25,Persuasion
Charles,N,3,25,Persuasion
Charles,C,1,25,Persuasion
Charles,I,0,25,Persuasion
Charles,A,0,25,Persuasion
Charles,DC,0,25,Persuasion
Charles,DN,0,25,Persuasion
Colonel Wallis,N,0,25,Persuasion
Colonel Wallis,C,0,25,Persuasion
Colonel Wallis,I,0,25,Persuasion
Colonel Wallis,A,0,25,Persuasion
Colonel Wallis,DC,0,25,Persuasion
Colonel Wallis,DN,0,25,Persuasion
Dear Smith,N,0,25,Persuasion
Dear Smith,C,0,25,Persuasion
Dear Smith,I,0,25,Persuasion
Dear Smith,A,0,25,Persuasion
Dear Smith,DC,0,25,Persuasion
Dear Smith,DN,0,25,Persuasion
Dick,N,0,25,Persuasion
Dick,C,0,25,Persuasion
Dick,I,0,25,Persuasion
Dick,A,0,25,Persuasion
Dick,DC,0,25,Persuasion
Dick,DN,0,25,Persuasion
Dr Shirley,N,0,25,Persuasion
Dr Shirley,C,0,25,Persuasion
Dr Shirley,I,0,25,Persuasion
Dr Shirley,A,0,25,Persuasion
Dr Shirley,DC,0,25,Persuasion
Dr Shirley,DN,0,25,Persuasion
Edward,N,0,25,Persuasion
Edward,C,0,25,Persuasion
Edward,I,0,25,Persuasion
Edward,A,0,25,Persuasion
Edward,DC,0,25,Persuasion
Edward,DN,0,25,Persuasion
Elizabeth,N,14,25,Persuasion
Elizabeth,C,0,25,Persuasion
Elizabeth,I,8,25,Persuasion
Elizabeth,A,15,25,Persuasion
Elizabeth,DC,0,25,Persuasion
Elizabeth,DN,5,25,Persuasion
Frederick,N,0,25,Persuasion
Frederick,C,0,25,Persuasion
Frederick,I,0,25,Persuasion
Frederick,A,0,25,Persuasion
Frederick,DC,0,25,Persuasion
Frederick,DN,0,25,Persuasion
God,N,0,25,Persuasion
God,C,0,25,Persuasion
God,I,0,25,Persuasion
God,A,0,25,Persuasion
God,DC,0,25,Persuasion
God,DN,0,25,Persuasion
Henrietta,N,0,25,Persuasion
Henrietta,C,0,25,Persuasion
Henrietta,I,0,25,Persuasion
Henrietta,A,0,25,Persuasion
Henrietta,DC,0,25,Persuasion
Henrietta,DN,0,25,Persuasion
Jemima,N,0,25,Persuasion
Jemima,C,0,25,Persuasion
Jemima,I,0,25,Persuasion
Jemima,A,0,25,Persuasion
Jemima,DC,0,25,Persuasion
Jemima,DN,0,25,Persuasion
Kellynch,N,0,25,Persuasion
Kellynch,C,0,25,Persuasion
Kellynch,I,0,25,Persuasion
Kellynch,A,0,25,Persuasion
Kellynch,DC,0,25,Persuasion
Kellynch,DN,0,25,Persuasion
Lady Dalrymple,N,0,25,Persuasion
Lady Dalrymple,C,0,25,Persuasion
Lady Dalrymple,I,0,25,Persuasion
Lady Dalrymple,A,0,25,Persuasion
Lady Dalrymple,DC,0,25,Persuasion
Lady Dalrymple,DN,0,25,Persuasion
Lady Elliot,N,6,25,Persuasion
Lady Elliot,C,0,25,Persuasion
Lady Elliot,I,3,25,Persuasion
Lady Elliot,A,1,25,Persuasion
Lady Elliot,DC,0,25,Persuasion
Lady Elliot,DN,1,25,Persuasion
Lady Russell,N,6,25,Persuasion
Lady Russell,C,0,25,Persuasion
Lady Russell,I,2,25,Persuasion
Lady Russell,A,1,25,Persuasion
Lady Russell,DC,0,25,Persuasion
Lady Russell,DN,0,25,Persuasion
Louisa,N,0,25,Persuasion
Louisa,C,0,25,Persuasion
Louisa,I,0,25,Persuasion
Louisa,A,0,25,Persuasion
Louisa,DC,0,25,Persuasion
Louisa,DN,0,25,Persuasion
Mary,N,5,25,Persuasion
Mary,C,0,25,Persuasion
Mary,I,0,25,Persuasion
Mary,A,2,25,Persuasion
Mary,DC,0,25,Persuasion
Mary,DN,0,25,Persuasion
Miss Atkinson,N,0,25,Persuasion
Miss Atkinson,C,0,25,Persuasion
Miss Atkinson,I,0,25,Persuasion
Miss Atkinson,A,0,25,Persuasion
Miss Atkinson,DC,0,25,Persuasion
Miss Atkinson,DN,0,25,Persuasion
Miss Carteret,N,0,25,Persuasion
Miss Carteret,C,0,25,Persuasion
Miss Carteret,I,0,25,Persuasion
Miss Carteret,A,0,25,Persuasion
Miss Carteret,DC,0,25,Persuasion
Miss Carteret,DN,0,25,Persuasion
Miss Hamilton,N,0,25,Persuasion
Miss Hamilton,C,0,25,Persuasion
Miss Hamilton,I,0,25,Persuasion
Miss Hamilton,A,0,25,Persuasion
Miss Hamilton,DC,0,25,Persuasion
Miss Hamilton,DN,0,25,Persuasion
Mr Elliot,N,4,25,Persuasion
Mr Elliot,C,0,25,Persuasion
Mr Elliot,I,1,25,Persuasion
Mr Elliot,A,10,25,Persuasion
Mr Elliot,DC,1,25,Persuasion
Mr Elliot,DN,3,25,Persuasion
Mr Shepherd,N,2,25,Persuasion
Mr Shepherd,C,0,25,Persuasion
Mr Shepherd,I,0,25,Persuasion
Mr Shepherd,A,0,25,Persuasion
Mr Shepherd,DC,0,25,Persuasion
Mr Shepherd,DN,0,25,Persuasion
Mr Smith,N,0,25,Persuasion
Mr Smith,C,0,25,Persuasion
Mr Smith,I,0,25,Persuasion
Mr Smith,A,0,25,Persuasion
Mr Smith,DC,0,25,Persuasion
Mr Smith,DN,0,25,Persuasion
Mr Wentworth,N,0,25,Persuasion
Mr Wentworth,C,0,25,Persuasion
Mr Wentworth,I,0,25,Persuasion
Mr Wentworth,A,0,25,Persuasion
Mr Wentworth,DC,0,25,Persuasion
Mr Wentworth,DN,0,25,Persuasion
Mrs Clay,N,0,25,Persuasion
Mrs Clay,C,0,25,Persuasion
Mrs Clay,I,0,25,Persuasion
Mrs Clay,A,0,25,Persuasion
Mrs Clay,DC,0,25,Persuasion
Mrs Clay,DN,0,25,Persuasion
Mrs Croft,N,0,25,Persuasion
Mrs Croft,C,0,25,Persuasion
Mrs Croft,I,0,25,Persuasion
Mrs Croft,A,0,25,Persuasion
Mrs Croft,DC,0,25,Persuasion
Mrs Croft,DN,0,25,Persuasion
Mrs Harville,N,0,25,Persuasion
Mrs Harville,C,0,25,Persuasion
Mrs Harville,I,0,25,Persuasion
Mrs Harville,A,0,25,Persuasion
Mrs Harville,DC,0,25,Persuasion
Mrs Harville,DN,0,25,Persuasion
Mrs Musgrove,N,0,25,Persuasion
Mrs Musgrove,C,0,25,Persuasion
Mrs Musgrove,I,0,25,Persuasion
Mrs Musgrove,A,0,25,Persuasion
Mrs Musgrove,DC,0,25,Persuasion
Mrs Musgrove,DN,0,25,Persuasion
Mrs Rooke,N,0,25,Persuasion
Mrs Rooke,C,0,25,Persuasion
Mrs Rooke,I,0,25,Persuasion
Mrs Rooke,A,0,25,Persuasion
Mrs Rooke,DC,0,25,Persuasion
Mrs Rooke,DN,0,25,Persuasion
Mrs Shirley,N,0,25,Persuasion
Mrs Shirley,C,0,25,Persuasion
Mrs Shirley,I,0,25,Persuasion
Mrs Shirley,A,0,25,Persuasion
Mrs Shirley,DC,0,25,Persuasion
Mrs Shirley,DN,0,25,Persuasion
Mrs Smith,N,0,25,Persuasion
Mrs Smith,C,0,25,Persuasion
Mrs Smith,I,0,25,Persuasion
Mrs Smith,A,0,25,Persuasion
Mrs Smith,DC,0,25,Persuasion
Mrs Smith,DN,0,25,Persuasion
Mrs Wallis,N,0,25,Persuasion
Mrs Wallis,C,0,25,Persuasion
Mrs Wallis,I,0,25,Persuasion
Mrs Wallis,A,0,25,Persuasion
Mrs Wallis,DC,0,25,Persuasion
Mrs Wallis,DN,0,25,Persuasion
Nurse Rooke,N,0,25,Persuasion
Nurse Rooke,C,0,25,Persuasion
Nurse Rooke,I,0,25,Persuasion
Nurse Rooke,A,0,25,Persuasion
Nurse Rooke,DC,0,25,Persuasion
Nurse Rooke,DN,0,25,Persuasion
Penelope,N,0,25,Persuasion
Penelope,C,0,25,Persuasion
Penelope,I,0,25,Persuasion
Penelope,A,0,25,Persuasion
Penelope,DC,0,25,Persuasion
Penelope,DN,0,25,Persuasion
Sir Walter,N,19,25,Persuasion
Sir Walter,C,3,25,Persuasion
Sir Walter,I,9,25,Persuasion
Sir Walter,A,18,25,Persuasion
Sir Walter,DC,1,25,Persuasion
Sir Walter,DN,4,25,Persuasion
Sophy,N,0,25,Persuasion
Sophy,C,0,25,Persuasion
Sophy,I,0,25,Persuasion
Sophy,A,0,25,Persuasion
Sophy,DC,0,25,Persuasion
Sophy,DN,0,25,Persuasion
The Mr Musgroves,N,0,25,Persuasion
The Mr Musgroves,C,0,25,Persuasion
The Mr Musgroves,I,0,25,Persuasion
The Mr Musgroves,A,0,25,Persuasion
The Mr Musgroves,DC,0,25,Persuasion
The Mr Musgroves,DN,0,25,Persuasion
The little Durands,N,0,25,Persuasion
The little Durands,C,0,25,Persuasion
The little Durands,I,0,25,Persuasion
The little Durands,A,0,25,Persuasion
The little Durands,DC,0,25,Persuasion
The little Durands,DN,0,25,Persuasion
Winthrop,N,0,25,Persuasion
Winthrop,C,0,25,Persuasion
Winthrop,I,0,25,Persuasion
Winthrop,A,0,25,Persuasion
Winthrop,DC,0,25,Persuasion
Winthrop,DN,0,25,Persuasion
old Sir Archibald Drew,N,0,25,Persuasion
old Sir Archibald Drew,C,0,25,Persuasion
old Sir Archibald Drew,I,0,25,Persuasion
old Sir Archibald Drew,A,0,25,Persuasion
old Sir Archibald Drew,DC,0,25,Persuasion
old Sir Archibald Drew,DN,0,25,Persuasion
the Asp,N,0,25,Persuasion
the Asp,C,0,25,Persuasion
the Asp,I,0,25,Persuasion
the Asp,A,0,25,Persuasion
the Asp,DC,0,25,Persuasion
the Asp,DN,0,25,Persuasion
the Crofts,N,0,25,Persuasion
the Crofts,C,0,25,Persuasion
the Crofts,I,0,25,Persuasion
the Crofts,A,0,25,Persuasion
the Crofts,DC,0,25,Persuasion
the Crofts,DN,0,25,Persuasion
the Dalrymples,N,0,25,Persuasion
the Dalrymples,C,0,25,Persuasion
the Dalrymples,I,0,25,Persuasion
the Dalrymples,A,0,25,Persuasion
the Dalrymples,DC,0,25,Persuasion
the Dalrymples,DN,0,25,Persuasion
the Harvilles,N,0,25,Persuasion
the Harvilles,C,0,25,Persuasion
the Harvilles,I,0,25,Persuasion
the Harvilles,A,0,25,Persuasion
the Harvilles,DC,0,25,Persuasion
the Harvilles,DN,0,25,Persuasion
the Hayters,N,0,25,Persuasion
the Hayters,C,0,25,Persuasion
the Hayters,I,0,25,Persuasion
the Hayters,A,0,25,Persuasion
the Hayters,DC,0,25,Persuasion
the Hayters,DN,0,25,Persuasion
the Miss Musgroves,N,0,25,Persuasion
the Miss Musgroves,C,0,25,Persuasion
the Miss Musgroves,I,0,25,Persuasion
the Miss Musgroves,A,0,25,Persuasion
the Miss Musgroves,DC,0,25,Persuasion
the Miss Musgroves,DN,0,25,Persuasion
Admiral Baldwin,N,0,26,Persuasion
Admiral Baldwin,C,0,26,Persuasion
Admiral Baldwin,I,0,26,Persuasion
Admiral Baldwin,A,0,26,Persuasion
Admiral Baldwin,DC,0,26,Persuasion
Admiral Baldwin,DN,0,26,Persuasion
Admiral Croft,N,0,26,Persuasion
Admiral Croft,C,0,26,Persuasion
Admiral Croft,I,0,26,Persuasion
Admiral Croft,A,0,26,Persuasion
Admiral Croft,DC,0,26,Persuasion
Admiral Croft,DN,0,26,Persuasion
Anne,N,14,26,Persuasion
Anne,C,0,26,Persuasion
Anne,I,8,26,Persuasion
Anne,A,2,26,Persuasion
Anne,DC,2,26,Persuasion
Anne,DN,3,26,Persuasion
Captain Benwick,N,0,26,Persuasion
Captain Benwick,C,0,26,Persuasion
Captain Benwick,I,0,26,Persuasion
Captain Benwick,A,0,26,Persuasion
Captain Benwick,DC,0,26,Persuasion
Captain Benwick,DN,0,26,Persuasion
Captain Harville,N,0,26,Persuasion
Captain Harville,C,0,26,Persuasion
Captain Harville,I,0,26,Persuasion
Captain Harville,A,0,26,Persuasion
Captain Harville,DC,0,26,Persuasion
Captain Harville,DN,0,26,Persuasion
Captain Wentworth,N,0,26,Persuasion
Captain Wentworth,C,0,26,Persuasion
Captain Wentworth,I,0,26,Persuasion
Captain Wentworth,A,0,26,Persuasion
Captain Wentworth,DC,0,26,Persuasion
Captain Wentworth,DN,0,26,Persuasion
Charles,N,0,26,Persuasion
Charles,C,0,26,Persuasion
Charles,I,0,26,Persuasion
Charles,A,0,26,Persuasion
Charles,DC,0,26,Persuasion
Charles,DN,0,26,Persuasion
Colonel Wallis,N,0,26,Persuasion
Colonel Wallis,C,0,26,Persuasion
Colonel Wallis,I,0,26,Persuasion
Colonel Wallis,A,0,26,Persuasion
Colonel Wallis,DC,0,26,Persuasion
Colonel Wallis,DN,0,26,Persuasion
Dear Smith,N,0,26,Persuasion
Dear Smith,C,0,26,Persuasion
Dear Smith,I,0,26,Persuasion
Dear Smith,A,0,26,Persuasion
Dear Smith,DC,0,26,Persuasion
Dear Smith,DN,0,26,Persuasion
Dick,N,0,26,Persuasion
Dick,C,0,26,Persuasion
Dick,I,0,26,Persuasion
Dick,A,0,26,Persuasion
Dick,DC,0,26,Persuasion
Dick,DN,0,26,Persuasion
Dr Shirley,N,0,26,Persuasion
Dr Shirley,C,0,26,Persuasion
Dr Shirley,I,0,26,Persuasion
Dr Shirley,A,0,26,Persuasion
Dr Shirley,DC,0,26,Persuasion
Dr Shirley,DN,0,26,Persuasion
Edward,N,0,26,Persuasion
Edward,C,0,26,Persuasion
Edward,I,0,26,Persuasion
Edward,A,0,26,Persuasion
Edward,DC,0,26,Persuasion
Edward,DN,0,26,Persuasion
Elizabeth,N,9,26,Persuasion
Elizabeth,C,0,26,Persuasion
Elizabeth,I,2,26,Persuasion
Elizabeth,A,4,26,Persuasion
Elizabeth,DC,1,26,Persuasion
Elizabeth,DN,1,26,Persuasion
Frederick,N,0,26,Persuasion
Frederick,C,0,26,Persuasion
Frederick,I,0,26,Persuasion
Frederick,A,0,26,Persuasion
Frederick,DC,0,26,Persuasion
Frederick,DN,0,26,Persuasion
God,N,0,26,Persuasion
God,C,0,26,Persuasion
God,I,0,26,Persuasion
God,A,0,26,Persuasion
God,DC,0,26,Persuasion
God,DN,0,26,Persuasion
Henrietta,N,0,26,Persuasion
Henrietta,C,0,26,Persuasion
Henrietta,I,0,26,Persuasion
Henrietta,A,0,26,Persuasion
Henrietta,DC,0,26,Persuasion
Henrietta,DN,0,26,Persuasion
Jemima,N,0,26,Persuasion
Jemima,C,0,26,Persuasion
Jemima,I,0,26,Persuasion
Jemima,A,0,26,Persuasion
Jemima,DC,0,26,Persuasion
Jemima,DN,0,26,Persuasion
Kellynch,N,0,26,Persuasion
Kellynch,C,0,26,Persuasion
Kellynch,I,0,26,Persuasion
Kellynch,A,0,26,Persuasion
Kellynch,DC,0,26,Persuasion
Kellynch,DN,0,26,Persuasion
Lady Dalrymple,N,0,26,Persuasion
Lady Dalrymple,C,0,26,Persuasion
Lady Dalrymple,I,0,26,Persuasion
Lady Dalrymple,A,0,26,Persuasion
Lady Dalrymple,DC,0,26,Persuasion
Lady Dalrymple,DN,0,26,Persuasion
Lady Elliot,N,0,26,Persuasion
Lady Elliot,C,0,26,Persuasion
Lady Elliot,I,0,26,Persuasion
Lady Elliot,A,0,26,Persuasion
Lady Elliot,DC,0,26,Persuasion
Lady Elliot,DN,0,26,Persuasion
Lady Russell,N,16,26,Persuasion
Lady Russell,C,3,26,Persuasion
Lady Russell,I,5,26,Persuasion
Lady Russell,A,13,26,Persuasion
Lady Russell,DC,0,26,Persuasion
Lady Russell,DN,8,26,Persuasion
Louisa,N,0,26,Persuasion
Louisa,C,0,26,Persuasion
Louisa,I,0,26,Persuasion
Louisa,A,0,26,Persuasion
Louisa,DC,0,26,Persuasion
Louisa,DN,0,26,Persuasion
Mary,N,1,26,Persuasion
Mary,C,0,26,Persuasion
Mary,I,0,26,Persuasion
Mary,A,0,26,Persuasion
Mary,DC,0,26,Persuasion
Mary,DN,0,26,Persuasion
Miss Atkinson,N,0,26,Persuasion
Miss Atkinson,C,0,26,Persuasion
Miss Atkinson,I,0,26,Persuasion
Miss Atkinson,A,0,26,Persuasion
Miss Atkinson,DC,0,26,Persuasion
Miss Atkinson,DN,0,26,Persuasion
Miss Carteret,N,0,26,Persuasion
Miss Carteret,C,0,26,Persuasion
Miss Carteret,I,0,26,Persuasion
Miss Carteret,A,0,26,Persuasion
Miss Carteret,DC,0,26,Persuasion
Miss Carteret,DN,0,26,Persuasion
Miss Hamilton,N,0,26,Persuasion
Miss Hamilton,C,0,26,Persuasion
Miss Hamilton,I,0,26,Persuasion
Miss Hamilton,A,0,26,Persuasion
Miss Hamilton,DC,0,26,Persuasion
Miss Hamilton,DN,0,26,Persuasion
Mr Elliot,N,0,26,Persuasion
Mr Elliot,C,0,26,Persuasion
Mr Elliot,I,0,26,Persuasion
Mr Elliot,A,0,26,Persuasion
Mr Elliot,DC,0,26,Persuasion
Mr Elliot,DN,0,26,Persuasion
Mr Shepherd,N,4,26,Persuasion
Mr Shepherd,C,4,26,Persuasion
Mr Shepherd,I,4,26,Persuasion
Mr Shepherd,A,1,26,Persuasion
Mr Shepherd,DC,0,26,Persuasion
Mr Shepherd,DN,0,26,Persuasion
Mr Smith,N,0,26,Persuasion
Mr Smith,C,0,26,Persuasion
Mr Smith,I,0,26,Persuasion
Mr Smith,A,0,26,Persuasion
Mr Smith,DC,0,26,Persuasion
Mr Smith,DN,0,26,Persuasion
Mr Wentworth,N,0,26,Persuasion
Mr Wentworth,C,0,26,Persuasion
Mr Wentworth,I,0,26,Persuasion
Mr Wentworth,A,0,26,Persuasion
Mr Wentworth,DC,0,26,Persuasion
Mr Wentworth,DN,0,26,Persuasion
Mrs Clay,N,3,26,Persuasion
Mrs Clay,C,0,26,Persuasion
Mrs Clay,I,1,26,Persuasion
Mrs Clay,A,0,26,Persuasion
Mrs Clay,DC,0,26,Persuasion
Mrs Clay,DN,1,26,Persuasion
Mrs Croft,N,0,26,Persuasion
Mrs Croft,C,0,26,Persuasion
Mrs Croft,I,0,26,Persuasion
Mrs Croft,A,0,26,Persuasion
Mrs Croft,DC,0,26,Persuasion
Mrs Croft,DN,0,26,Persuasion
Mrs Harville,N,0,26,Persuasion
Mrs Harville,C,0,26,Persuasion
Mrs Harville,I,0,26,Persuasion
Mrs Harville,A,0,26,Persuasion
Mrs Harville,DC,0,26,Persuasion
Mrs Harville,DN,0,26,Persuasion
Mrs Musgrove,N,0,26,Persuasion
Mrs Musgrove,C,0,26,Persuasion
Mrs Musgrove,I,0,26,Persuasion
Mrs Musgrove,A,0,26,Persuasion
Mrs Musgrove,DC,0,26,Persuasion
Mrs Musgrove,DN,0,26,Persuasion
Mrs Rooke,N,0,26,Persuasion
Mrs Rooke,C,0,26,Persuasion
Mrs Rooke,I,0,26,Persuasion
Mrs Rooke,A,0,26,Persuasion
Mrs Rooke,DC,0,26,Persuasion
Mrs Rooke,DN,0,26,Persuasion
Mrs Shirley,N,0,26,Persuasion
Mrs Shirley,C,0,26,Persuasion
Mrs Shirley,I,0,26,Persuasion
Mrs Shirley,A,0,26,Persuasion
Mrs Shirley,DC,0,26,Persuasion
Mrs Shirley,DN,0,26,Persuasion
Mrs Smith,N,0,26,Persuasion
Mrs Smith,C,0,26,Persuasion
Mrs Smith,I,0,26,Persuasion
Mrs Smith,A,0,26,Persuasion
Mrs Smith,DC,0,26,Persuasion
Mrs Smith,DN,0,26,Persuasion
Mrs Wallis,N,0,26,Persuasion
Mrs Wallis,C,0,26,Persuasion
Mrs Wallis,I,0,26,Persuasion
Mrs Wallis,A,0,26,Persuasion
Mrs Wallis,DC,0,26,Persuasion
Mrs Wallis,DN,0,26,Persuasion
Nurse Rooke,N,0,26,Persuasion
Nurse Rooke,C,0,26,Persuasion
Nurse Rooke,I,0,26,Persuasion
Nurse Rooke,A,0,26,Persuasion
Nurse Rooke,DC,0,26,Persuasion
Nurse Rooke,DN,0,26,Persuasion
Penelope,N,0,26,Persuasion
Penelope,C,0,26,Persuasion
Penelope,I,0,26,Persuasion
Penelope,A,0,26,Persuasion
Penelope,DC,0,26,Persuasion
Penelope,DN,0,26,Persuasion
Sir Walter,N,19,26,Persuasion
Sir Walter,C,0,26,Persuasion
Sir Walter,I,4,26,Persuasion
Sir Walter,A,12,26,Persuasion
Sir Walter,DC,6,26,Persuasion
Sir Walter,DN,3,26,Persuasion
Sophy,N,0,26,Persuasion
Sophy,C,0,26,Persuasion
Sophy,I,0,26,Persuasion
Sophy,A,0,26,Persuasion
Sophy,DC,0,26,Persuasion
Sophy,DN,0,26,Persuasion
The Mr Musgroves,N,0,26,Persuasion
The Mr Musgroves,C,0,26,Persuasion
The Mr Musgroves,I,0,26,Persuasion
The Mr Musgroves,A,0,26,Persuasion
The Mr Musgroves,DC,0,26,Persuasion
The Mr Musgroves,DN,0,26,Persuasion
The little Durands,N,0,26,Persuasion
The little Durands,C,0,26,Persuasion
The little Durands,I,0,26,Persuasion
The little Durands,A,0,26,Persuasion
The little Durands,DC,0,26,Persuasion
The little Durands,DN,0,26,Persuasion
Winthrop,N,0,26,Persuasion
Winthrop,C,0,26,Persuasion
Winthrop,I,0,26,Persuasion
Winthrop,A,0,26,Persuasion
Winthrop,DC,0,26,Persuasion
Winthrop,DN,0,26,Persuasion
old Sir Archibald Drew,N,0,26,Persuasion
old Sir Archibald Drew,C,0,26,Persuasion
old Sir Archibald Drew,I,0,26,Persuasion
old Sir Archibald Drew,A,0,26,Persuasion
old Sir Archibald Drew,DC,0,26,Persuasion
old Sir Archibald Drew,DN,0,26,Persuasion
the Asp,N,0,26,Persuasion
the Asp,C,0,26,Persuasion
the Asp,I,0,26,Persuasion
the Asp,A,0,26,Persuasion
the Asp,DC,0,26,Persuasion
the Asp,DN,0,26,Persuasion
the Crofts,N,0,26,Persuasion
the Crofts,C,0,26,Persuasion
the Crofts,I,0,26,Persuasion
the Crofts,A,0,26,Persuasion
the Crofts,DC,0,26,Persuasion
the Crofts,DN,0,26,Persuasion
the Dalrymples,N,0,26,Persuasion
the Dalrymples,C,0,26,Persuasion
the Dalrymples,I,0,26,Persuasion
the Dalrymples,A,0,26,Persuasion
the Dalrymples,DC,0,26,Persuasion
the Dalrymples,DN,0,26,Persuasion
the Harvilles,N,0,26,Persuasion
the Harvilles,C,0,26,Persuasion
the Harvilles,I,0,26,Persuasion
the Harvilles,A,0,26,Persuasion
the Harvilles,DC,0,26,Persuasion
the Harvilles,DN,0,26,Persuasion
the Hayters,N,0,26,Persuasion
the Hayters,C,0,26,Persuasion
the Hayters,I,0,26,Persuasion
the Hayters,A,0,26,Persuasion
the Hayters,DC,0,26,Persuasion
the Hayters,DN,0,26,Persuasion
the Miss Musgroves,N,0,26,Persuasion
the Miss Musgroves,C,0,26,Persuasion
the Miss Musgroves,I,0,26,Persuasion
the Miss Musgroves,A,0,26,Persuasion
the Miss Musgroves,DC,0,26,Persuasion
the Miss Musgroves,DN,0,26,Persuasion
Admiral Baldwin,N,4,27,Persuasion
Admiral Baldwin,C,0,27,Persuasion
Admiral Baldwin,I,0,27,Persuasion
Admiral Baldwin,A,0,27,Persuasion
Admiral Baldwin,DC,5,27,Persuasion
Admiral Baldwin,DN,0,27,Persuasion
Admiral Croft,N,7,27,Persuasion
Admiral Croft,C,0,27,Persuasion
Admiral Croft,I,2,27,Persuasion
Admiral Croft,A,3,27,Persuasion
Admiral Croft,DC,4,27,Persuasion
Admiral Croft,DN,3,27,Persuasion
Anne,N,8,27,Persuasion
Anne,C,7,27,Persuasion
Anne,I,7,27,Persuasion
Anne,A,3,27,Persuasion
Anne,DC,4,27,Persuasion
Anne,DN,0,27,Persuasion
Captain Benwick,N,0,27,Persuasion
Captain Benwick,C,0,27,Persuasion
Captain Benwick,I,0,27,Persuasion
Captain Benwick,A,0,27,Persuasion
Captain Benwick,DC,0,27,Persuasion
Captain Benwick,DN,0,27,Persuasion
Captain Harville,N,0,27,Persuasion
Captain Harville,C,0,27,Persuasion
Captain Harville,I,0,27,Persuasion
Captain Harville,A,0,27,Persuasion
Captain Harville,DC,0,27,Persuasion
Captain Harville,DN,0,27,Persuasion
Captain Wentworth,N,0,27,Persuasion
Captain Wentworth,C,0,27,Persuasion
Captain Wentworth,I,0,27,Persuasion
Captain Wentworth,A,0,27,Persuasion
Captain Wentworth,DC,0,27,Persuasion
Captain Wentworth,DN,0,27,Persuasion
Charles,N,0,27,Persuasion
Charles,C,0,27,Persuasion
Charles,I,0,27,Persuasion
Charles,A,0,27,Persuasion
Charles,DC,0,27,Persuasion
Charles,DN,0,27,Persuasion
Colonel Wallis,N,0,27,Persuasion
Colonel Wallis,C,0,27,Persuasion
Colonel Wallis,I,0,27,Persuasion
Colonel Wallis,A,0,27,Persuasion
Colonel Wallis,DC,0,27,Persuasion
Colonel Wallis,DN,0,27,Persuasion
Dear Smith,N,0,27,Persuasion
Dear Smith,C,0,27,Persuasion
Dear Smith,I,0,27,Persuasion
Dear Smith,A,0,27,Persuasion
Dear Smith,DC,0,27,Persuasion
Dear Smith,DN,0,27,Persuasion
Dick,N,0,27,Persuasion
Dick,C,0,27,Persuasion
Dick,I,0,27,Persuasion
Dick,A,0,27,Persuasion
Dick,DC,0,27,Persuasion
Dick,DN,0,27,Persuasion
Dr Shirley,N,0,27,Persuasion
Dr Shirley,C,0,27,Persuasion
Dr Shirley,I,0,27,Persuasion
Dr Shirley,A,0,27,Persuasion
Dr Shirley,DC,0,27,Persuasion
Dr Shirley,DN,0,27,Persuasion
Edward,N,0,27,Persuasion
Edward,C,0,27,Persuasion
Edward,I,0,27,Persuasion
Edward,A,0,27,Persuasion
Edward,DC,0,27,Persuasion
Edward,DN,0,27,Persuasion
Elizabeth,N,1,27,Persuasion
Elizabeth,C,0,27,Persuasion
Elizabeth,I,0,27,Persuasion
Elizabeth,A,0,27,Persuasion
Elizabeth,DC,0,27,Persuasion
Elizabeth,DN,1,27,Persuasion
Frederick,N,0,27,Persuasion
Frederick,C,0,27,Persuasion
Frederick,I,0,27,Persuasion
Frederick,A,0,27,Persuasion
Frederick,DC,0,27,Persuasion
Frederick,DN,0,27,Persuasion
God,N,0,27,Persuasion
God,C,0,27,Persuasion
God,I,0,27,Persuasion
God,A,0,27,Persuasion
God,DC,0,27,Persuasion
God,DN,0,27,Persuasion
Henrietta,N,0,27,Persuasion
Henrietta,C,0,27,Persuasion
Henrietta,I,0,27,Persuasion
Henrietta,A,0,27,Persuasion
Henrietta,DC,0,27,Persuasion
Henrietta,DN,0,27,Persuasion
Jemima,N,0,27,Persuasion
Jemima,C,0,27,Persuasion
Jemima,I,0,27,Persuasion
Jemima,A,0,27,Persuasion
Jemima,DC,0,27,Persuasion
Jemima,DN,0,27,Persuasion
Kellynch,N,3,27,Persuasion
Kellynch,C,0,27,Persuasion
Kellynch,I,0,27,Persuasion
Kellynch,A,1,27,Persuasion
Kellynch,DC,1,27,Persuasion
Kellynch,DN,1,27,Persuasion
Lady Dalrymple,N,0,27,Persuasion
Lady Dalrymple,C,0,27,Persuasion
Lady Dalrymple,I,0,27,Persuasion
Lady Dalrymple,A,0,27,Persuasion
Lady Dalrymple,DC,0,27,Persuasion
Lady Dalrymple,DN,0,27,Persuasion
Lady Elliot,N,0,27,Persuasion
Lady Elliot,C,0,27,Persuasion
Lady Elliot,I,0,27,Persuasion
Lady Elliot,A,0,27,Persuasion
Lady Elliot,DC,0,27,Persuasion
Lady Elliot,DN,0,27,Persuasion
Lady Russell,N,0,27,Persuasion
Lady Russell,C,0,27,Persuasion
Lady Russell,I,0,27,Persuasion
Lady Russell,A,0,27,Persuasion
Lady Russell,DC,0,27,Persuasion
Lady Russell,DN,0,27,Persuasion
Louisa,N,0,27,Persuasion
Louisa,C,0,27,Persuasion
Louisa,I,0,27,Persuasion
Louisa,A,0,27,Persuasion
Louisa,DC,0,27,Persuasion
Louisa,DN,0,27,Persuasion
Mary,N,0,27,Persuasion
Mary,C,0,27,Persuasion
Mary,I,0,27,Persuasion
Mary,A,0,27,Persuasion
Mary,DC,0,27,Persuasion
Mary,DN,0,27,Persuasion
Miss Atkinson,N,0,27,Persuasion
Miss Atkinson,C,0,27,Persuasion
Miss Atkinson,I,0,27,Persuasion
Miss Atkinson,A,0,27,Persuasion
Miss Atkinson,DC,0,27,Persuasion
Miss Atkinson,DN,0,27,Persuasion
Miss Carteret,N,0,27,Persuasion
Miss Carteret,C,0,27,Persuasion
Miss Carteret,I,0,27,Persuasion
Miss Carteret,A,0,27,Persuasion
Miss Carteret,DC,0,27,Persuasion
Miss Carteret,DN,0,27,Persuasion
Miss Hamilton,N,0,27,Persuasion
Miss Hamilton,C,0,27,Persuasion
Miss Hamilton,I,0,27,Persuasion
Miss Hamilton,A,0,27,Persuasion
Miss Hamilton,DC,0,27,Persuasion
Miss Hamilton,DN,0,27,Persuasion
Mr Elliot,N,0,27,Persuasion
Mr Elliot,C,0,27,Persuasion
Mr Elliot,I,0,27,Persuasion
Mr Elliot,A,0,27,Persuasion
Mr Elliot,DC,0,27,Persuasion
Mr Elliot,DN,0,27,Persuasion
Mr Shepherd,N,19,27,Persuasion
Mr Shepherd,C,8,27,Persuasion
Mr Shepherd,I,22,27,Persuasion
Mr Shepherd,A,9,27,Persuasion
Mr Shepherd,DC,6,27,Persuasion
Mr Shepherd,DN,3,27,Persuasion
Mr Smith,N,0,27,Persuasion
Mr Smith,C,0,27,Persuasion
Mr Smith,I,0,27,Persuasion
Mr Smith,A,0,27,Persuasion
Mr Smith,DC,0,27,Persuasion
Mr Smith,DN,0,27,Persuasion
Mr Wentworth,N,6,27,Persuasion
Mr Wentworth,C,0,27,Persuasion
Mr Wentworth,I,1,27,Persuasion
Mr Wentworth,A,1,27,Persuasion
Mr Wentworth,DC,8,27,Persuasion
Mr Wentworth,DN,0,27,Persuasion
Mrs Clay,N,5,27,Persuasion
Mrs Clay,C,6,27,Persuasion
Mrs Clay,I,8,27,Persuasion
Mrs Clay,A,1,27,Persuasion
Mrs Clay,DC,0,27,Persuasion
Mrs Clay,DN,0,27,Persuasion
Mrs Croft,N,2,27,Persuasion
Mrs Croft,C,0,27,Persuasion
Mrs Croft,I,0,27,Persuasion
Mrs Croft,A,1,27,Persuasion
Mrs Croft,DC,3,27,Persuasion
Mrs Croft,DN,1,27,Persuasion
Mrs Harville,N,0,27,Persuasion
Mrs Harville,C,0,27,Persuasion
Mrs Harville,I,0,27,Persuasion
Mrs Harville,A,0,27,Persuasion
Mrs Harville,DC,0,27,Persuasion
Mrs Harville,DN,0,27,Persuasion
Mrs Musgrove,N,0,27,Persuasion
Mrs Musgrove,C,0,27,Persuasion
Mrs Musgrove,I,0,27,Persuasion
Mrs Musgrove,A,0,27,Persuasion
Mrs Musgrove,DC,0,27,Persuasion
Mrs Musgrove,DN,0,27,Persuasion
Mrs Rooke,N,0,27,Persuasion
Mrs Rooke,C,0,27,Persuasion
Mrs Rooke,I,0,27,Persuasion
Mrs Rooke,A,0,27,Persuasion
Mrs Rooke,DC,0,27,Persuasion
Mrs Rooke,DN,0,27,Persuasion
Mrs Shirley,N,0,27,Persuasion
Mrs Shirley,C,0,27,Persuasion
Mrs Shirley,I,0,27,Persuasion
Mrs Shirley,A,0,27,Persuasion
Mrs Shirley,DC,0,27,Persuasion
Mrs Shirley,DN,0,27,Persuasion
Mrs Smith,N,0,27,Persuasion
Mrs Smith,C,0,27,Persuasion
Mrs Smith,I,0,27,Persuasion
Mrs Smith,A,0,27,Persuasion
Mrs Smith,DC,0,27,Persuasion
Mrs Smith,DN,0,27,Persuasion
Mrs Wallis,N,0,27,Persuasion
Mrs Wallis,C,0,27,Persuasion
Mrs Wallis,I,0,27,Persuasion
Mrs Wallis,A,0,27,Persuasion
Mrs Wallis,DC,0,27,Persuasion
Mrs Wallis,DN,0,27,Persuasion
Nurse Rooke,N,0,27,Persuasion
Nurse Rooke,C,0,27,Persuasion
Nurse Rooke,I,0,27,Persuasion
Nurse Rooke,A,0,27,Persuasion
Nurse Rooke,DC,0,27,Persuasion
Nurse Rooke,DN,0,27,Persuasion
Penelope,N,1,27,Persuasion
Penelope,C,0,27,Persuasion
Penelope,I,1,27,Persuasion
Penelope,A,1,27,Persuasion
Penelope,DC,2,27,Persuasion
Penelope,DN,0,27,Persuasion
Sir Walter,N,27,27,Persuasion
Sir Walter,C,9,27,Persuasion
Sir Walter,I,8,27,Persuasion
Sir Walter,A,8,27,Persuasion
Sir Walter,DC,11,27,Persuasion
Sir Walter,DN,1,27,Persuasion
Sophy,N,0,27,Persuasion
Sophy,C,0,27,Persuasion
Sophy,I,0,27,Persuasion
Sophy,A,0,27,Persuasion
Sophy,DC,0,27,Persuasion
Sophy,DN,0,27,Persuasion
The Mr Musgroves,N,0,27,Persuasion
The Mr Musgroves,C,0,27,Persuasion
The Mr Musgroves,I,0,27,Persuasion
The Mr Musgroves,A,0,27,Persuasion
The Mr Musgroves,DC,0,27,Persuasion
The Mr Musgroves,DN,0,27,Persuasion
The little Durands,N,0,27,Persuasion
The little Durands,C,0,27,Persuasion
The little Durands,I,0,27,Persuasion
The little Durands,A,0,27,Persuasion
The little Durands,DC,0,27,Persuasion
The little Durands,DN,0,27,Persuasion
Winthrop,N,0,27,Persuasion
Winthrop,C,0,27,Persuasion
Winthrop,I,0,27,Persuasion
Winthrop,A,0,27,Persuasion
Winthrop,DC,0,27,Persuasion
Winthrop,DN,0,27,Persuasion
old Sir Archibald Drew,N,0,27,Persuasion
old Sir Archibald Drew,C,0,27,Persuasion
old Sir Archibald Drew,I,0,27,Persuasion
old Sir Archibald Drew,A,0,27,Persuasion
old Sir Archibald Drew,DC,0,27,Persuasion
old Sir Archibald Drew,DN,0,27,Persuasion
the Asp,N,0,27,Persuasion
the Asp,C,0,27,Persuasion
the Asp,I,0,27,Persuasion
the Asp,A,0,27,Persuasion
the Asp,DC,0,27,Persuasion
the Asp,DN,0,27,Persuasion
the Crofts,N,1,27,Persuasion
the Crofts,C,0,27,Persuasion
the Crofts,I,2,27,Persuasion
the Crofts,A,2,27,Persuasion
the Crofts,DC,0,27,Persuasion
the Crofts,DN,0,27,Persuasion
the Dalrymples,N,0,27,Persuasion
the Dalrymples,C,0,27,Persuasion
the Dalrymples,I,0,27,Persuasion
the Dalrymples,A,0,27,Persuasion
the Dalrymples,DC,0,27,Persuasion
the Dalrymples,DN,0,27,Persuasion
the Harvilles,N,0,27,Persuasion
the Harvilles,C,0,27,Persuasion
the Harvilles,I,0,27,Persuasion
the Harvilles,A,0,27,Persuasion
the Harvilles,DC,0,27,Persuasion
the Harvilles,DN,0,27,Persuasion
the Hayters,N,0,27,Persuasion
the Hayters,C,0,27,Persuasion
the Hayters,I,0,27,Persuasion
the Hayters,A,0,27,Persuasion
the Hayters,DC,0,27,Persuasion
the Hayters,DN,0,27,Persuasion
the Miss Musgroves,N,0,27,Persuasion
the Miss Musgroves,C,0,27,Persuasion
the Miss Musgroves,I,0,27,Persuasion
the Miss Musgroves,A,0,27,Persuasion
the Miss Musgroves,DC,0,27,Persuasion
the Miss Musgroves,DN,0,27,Persuasion
Admiral Baldwin,N,0,28,Persuasion
Admiral Baldwin,C,0,28,Persuasion
Admiral Baldwin,I,0,28,Persuasion
Admiral Baldwin,A,0,28,Persuasion
Admiral Baldwin,DC,0,28,Persuasion
Admiral Baldwin,DN,0,28,Persuasion
Admiral Croft,N,1,28,Persuasion
Admiral Croft,C,0,28,Persuasion
Admiral Croft,I,0,28,Persuasion
Admiral Croft,A,0,28,Persuasion
Admiral Croft,DC,0,28,Persuasion
Admiral Croft,DN,0,28,Persuasion
Anne,N,12,28,Persuasion
Anne,C,0,28,Persuasion
Anne,I,10,28,Persuasion
Anne,A,13,28,Persuasion
Anne,DC,0,28,Persuasion
Anne,DN,4,28,Persuasion
Captain Benwick,N,0,28,Persuasion
Captain Benwick,C,0,28,Persuasion
Captain Benwick,I,0,28,Persuasion
Captain Benwick,A,0,28,Persuasion
Captain Benwick,DC,0,28,Persuasion
Captain Benwick,DN,0,28,Persuasion
Captain Harville,N,0,28,Persuasion
Captain Harville,C,0,28,Persuasion
Captain Harville,I,0,28,Persuasion
Captain Harville,A,0,28,Persuasion
Captain Harville,DC,0,28,Persuasion
Captain Harville,DN,0,28,Persuasion
Captain Wentworth,N,4,28,Persuasion
Captain Wentworth,C,0,28,Persuasion
Captain Wentworth,I,4,28,Persuasion
Captain Wentworth,A,6,28,Persuasion
Captain Wentworth,DC,0,28,Persuasion
Captain Wentworth,DN,7,28,Persuasion
Charles,N,1,28,Persuasion
Charles,C,0,28,Persuasion
Charles,I,0,28,Persuasion
Charles,A,0,28,Persuasion
Charles,DC,0,28,Persuasion
Charles,DN,1,28,Persuasion
Colonel Wallis,N,0,28,Persuasion
Colonel Wallis,C,0,28,Persuasion
Colonel Wallis,I,0,28,Persuasion
Colonel Wallis,A,0,28,Persuasion
Colonel Wallis,DC,0,28,Persuasion
Colonel Wallis,DN,0,28,Persuasion
Dear Smith,N,0,28,Persuasion
Dear Smith,C,0,28,Persuasion
Dear Smith,I,0,28,Persuasion
Dear Smith,A,0,28,Persuasion
Dear Smith,DC,0,28,Persuasion
Dear Smith,DN,0,28,Persuasion
Dick,N,0,28,Persuasion
Dick,C,0,28,Persuasion
Dick,I,0,28,Persuasion
Dick,A,0,28,Persuasion
Dick,DC,0,28,Persuasion
Dick,DN,0,28,Persuasion
Dr Shirley,N,0,28,Persuasion
Dr Shirley,C,0,28,Persuasion
Dr Shirley,I,0,28,Persuasion
Dr Shirley,A,0,28,Persuasion
Dr Shirley,DC,0,28,Persuasion
Dr Shirley,DN,0,28,Persuasion
Edward,N,0,28,Persuasion
Edward,C,0,28,Persuasion
Edward,I,0,28,Persuasion
Edward,A,0,28,Persuasion
Edward,DC,0,28,Persuasion
Edward,DN,0,28,Persuasion
Elizabeth,N,1,28,Persuasion
Elizabeth,C,0,28,Persuasion
Elizabeth,I,0,28,Persuasion
Elizabeth,A,0,28,Persuasion
Elizabeth,DC,0,28,Persuasion
Elizabeth,DN,0,28,Persuasion
Frederick,N,0,28,Persuasion
Frederick,C,0,28,Persuasion
Frederick,I,0,28,Persuasion
Frederick,A,0,28,Persuasion
Frederick,DC,0,28,Persuasion
Frederick,DN,0,28,Persuasion
God,N,0,28,Persuasion
God,C,0,28,Persuasion
God,I,0,28,Persuasion
God,A,0,28,Persuasion
God,DC,0,28,Persuasion
God,DN,0,28,Persuasion
Henrietta,N,0,28,Persuasion
Henrietta,C,0,28,Persuasion
Henrietta,I,0,28,Persuasion
Henrietta,A,0,28,Persuasion
Henrietta,DC,0,28,Persuasion
Henrietta,DN,0,28,Persuasion
Jemima,N,0,28,Persuasion
Jemima,C,0,28,Persuasion
Jemima,I,0,28,Persuasion
Jemima,A,0,28,Persuasion
Jemima,DC,0,28,Persuasion
Jemima,DN,0,28,Persuasion
Kellynch,N,0,28,Persuasion
Kellynch,C,0,28,Persuasion
Kellynch,I,0,28,Persuasion
Kellynch,A,0,28,Persuasion
Kellynch,DC,0,28,Persuasion
Kellynch,DN,0,28,Persuasion
Lady Dalrymple,N,0,28,Persuasion
Lady Dalrymple,C,0,28,Persuasion
Lady Dalrymple,I,0,28,Persuasion
Lady Dalrymple,A,0,28,Persuasion
Lady Dalrymple,DC,0,28,Persuasion
Lady Dalrymple,DN,0,28,Persuasion
Lady Elliot,N,0,28,Persuasion
Lady Elliot,C,0,28,Persuasion
Lady Elliot,I,0,28,Persuasion
Lady Elliot,A,0,28,Persuasion
Lady Elliot,DC,0,28,Persuasion
Lady Elliot,DN,0,28,Persuasion
Lady Russell,N,10,28,Persuasion
Lady Russell,C,0,28,Persuasion
Lady Russell,I,9,28,Persuasion
Lady Russell,A,6,28,Persuasion
Lady Russell,DC,0,28,Persuasion
Lady Russell,DN,2,28,Persuasion
Louisa,N,0,28,Persuasion
Louisa,C,0,28,Persuasion
Louisa,I,0,28,Persuasion
Louisa,A,0,28,Persuasion
Louisa,DC,0,28,Persuasion
Louisa,DN,0,28,Persuasion
Mary,N,2,28,Persuasion
Mary,C,0,28,Persuasion
Mary,I,0,28,Persuasion
Mary,A,0,28,Persuasion
Mary,DC,0,28,Persuasion
Mary,DN,0,28,Persuasion
Miss Atkinson,N,0,28,Persuasion
Miss Atkinson,C,0,28,Persuasion
Miss Atkinson,I,0,28,Persuasion
Miss Atkinson,A,0,28,Persuasion
Miss Atkinson,DC,0,28,Persuasion
Miss Atkinson,DN,0,28,Persuasion
Miss Carteret,N,0,28,Persuasion
Miss Carteret,C,0,28,Persuasion
Miss Carteret,I,0,28,Persuasion
Miss Carteret,A,0,28,Persuasion
Miss Carteret,DC,0,28,Persuasion
Miss Carteret,DN,0,28,Persuasion
Miss Hamilton,N,0,28,Persuasion
Miss Hamilton,C,0,28,Persuasion
Miss Hamilton,I,0,28,Persuasion
Miss Hamilton,A,0,28,Persuasion
Miss Hamilton,DC,0,28,Persuasion
Miss Hamilton,DN,0,28,Persuasion
Mr Elliot,N,0,28,Persuasion
Mr Elliot,C,0,28,Persuasion
Mr Elliot,I,0,28,Persuasion
Mr Elliot,A,0,28,Persuasion
Mr Elliot,DC,0,28,Persuasion
Mr Elliot,DN,0,28,Persuasion
Mr Shepherd,N,0,28,Persuasion
Mr Shepherd,C,0,28,Persuasion
Mr Shepherd,I,0,28,Persuasion
Mr Shepherd,A,0,28,Persuasion
Mr Shepherd,DC,0,28,Persuasion
Mr Shepherd,DN,0,28,Persuasion
Mr Smith,N,0,28,Persuasion
Mr Smith,C,0,28,Persuasion
Mr Smith,I,0,28,Persuasion
Mr Smith,A,0,28,Persuasion
Mr Smith,DC,0,28,Persuasion
Mr Smith,DN,0,28,Persuasion
Mr Wentworth,N,1,28,Persuasion
Mr Wentworth,C,0,28,Persuasion
Mr Wentworth,I,0,28,Persuasion
Mr Wentworth,A,0,28,Persuasion
Mr Wentworth,DC,0,28,Persuasion
Mr Wentworth,DN,0,28,Persuasion
Mrs Clay,N,0,28,Persuasion
Mrs Clay,C,0,28,Persuasion
Mrs Clay,I,0,28,Persuasion
Mrs Clay,A,0,28,Persuasion
Mrs Clay,DC,0,28,Persuasion
Mrs Clay,DN,0,28,Persuasion
Mrs Croft,N,1,28,Persuasion
Mrs Croft,C,0,28,Persuasion
Mrs Croft,I,0,28,Persuasion
Mrs Croft,A,0,28,Persuasion
Mrs Croft,DC,0,28,Persuasion
Mrs Croft,DN,0,28,Persuasion
Mrs Harville,N,0,28,Persuasion
Mrs Harville,C,0,28,Persuasion
Mrs Harville,I,0,28,Persuasion
Mrs Harville,A,0,28,Persuasion
Mrs Harville,DC,0,28,Persuasion
Mrs Harville,DN,0,28,Persuasion
Mrs Musgrove,N,0,28,Persuasion
Mrs Musgrove,C,0,28,Persuasion
Mrs Musgrove,I,0,28,Persuasion
Mrs Musgrove,A,0,28,Persuasion
Mrs Musgrove,DC,0,28,Persuasion
Mrs Musgrove,DN,0,28,Persuasion
Mrs Rooke,N,0,28,Persuasion
Mrs Rooke,C,0,28,Persuasion
Mrs Rooke,I,0,28,Persuasion
Mrs Rooke,A,0,28,Persuasion
Mrs Rooke,DC,0,28,Persuasion
Mrs Rooke,DN,0,28,Persuasion
Mrs Shirley,N,0,28,Persuasion
Mrs Shirley,C,0,28,Persuasion
Mrs Shirley,I,0,28,Persuasion
Mrs Shirley,A,0,28,Persuasion
Mrs Shirley,DC,0,28,Persuasion
Mrs Shirley,DN,0,28,Persuasion
Mrs Smith,N,0,28,Persuasion
Mrs Smith,C,0,28,Persuasion
Mrs Smith,I,0,28,Persuasion
Mrs Smith,A,0,28,Persuasion
Mrs Smith,DC,0,28,Persuasion
Mrs Smith,DN,0,28,Persuasion
Mrs Wallis,N,0,28,Persuasion
Mrs Wallis,C,0,28,Persuasion
Mrs Wallis,I,0,28,Persuasion
Mrs Wallis,A,0,28,Persuasion
Mrs Wallis,DC,0,28,Persuasion
Mrs Wallis,DN,0,28,Persuasion
Nurse Rooke,N,0,28,Persuasion
Nurse Rooke,C,0,28,Persuasion
Nurse Rooke,I,0,28,Persuasion
Nurse Rooke,A,0,28,Persuasion
Nurse Rooke,DC,0,28,Persuasion
Nurse Rooke,DN,0,28,Persuasion
Penelope,N,0,28,Persuasion
Penelope,C,0,28,Persuasion
Penelope,I,0,28,Persuasion
Penelope,A,0,28,Persuasion
Penelope,DC,0,28,Persuasion
Penelope,DN,0,28,Persuasion
Sir Walter,N,2,28,Persuasion
Sir Walter,C,0,28,Persuasion
Sir Walter,I,1,28,Persuasion
Sir Walter,A,2,28,Persuasion
Sir Walter,DC,0,28,Persuasion
Sir Walter,DN,2,28,Persuasion
Sophy,N,0,28,Persuasion
Sophy,C,0,28,Persuasion
Sophy,I,0,28,Persuasion
Sophy,A,0,28,Persuasion
Sophy,DC,0,28,Persuasion
Sophy,DN,0,28,Persuasion
The Mr Musgroves,N,0,28,Persuasion
The Mr Musgroves,C,0,28,Persuasion
The Mr Musgroves,I,0,28,Persuasion
The Mr Musgroves,A,0,28,Persuasion
The Mr Musgroves,DC,0,28,Persuasion
The Mr Musgroves,DN,0,28,Persuasion
The little Durands,N,0,28,Persuasion
The little Durands,C,0,28,Persuasion
The little Durands,I,0,28,Persuasion
The little Durands,A,0,28,Persuasion
The little Durands,DC,0,28,Persuasion
The little Durands,DN,0,28,Persuasion
Winthrop,N,0,28,Persuasion
Winthrop,C,0,28,Persuasion
Winthrop,I,0,28,Persuasion
Winthrop,A,0,28,Persuasion
Winthrop,DC,0,28,Persuasion
Winthrop,DN,0,28,Persuasion
old Sir Archibald Drew,N,0,28,Persuasion
old Sir Archibald Drew,C,0,28,Persuasion
old Sir Archibald Drew,I,0,28,Persuasion
old Sir Archibald Drew,A,0,28,Persuasion
old Sir Archibald Drew,DC,0,28,Persuasion
old Sir Archibald Drew,DN,0,28,Persuasion
the Asp,N,0,28,Persuasion
the Asp,C,0,28,Persuasion
the Asp,I,0,28,Persuasion
the Asp,A,0,28,Persuasion
the Asp,DC,0,28,Persuasion
the Asp,DN,0,28,Persuasion
the Crofts,N,2,28,Persuasion
the Crofts,C,0,28,Persuasion
the Crofts,I,0,28,Persuasion
the Crofts,A,0,28,Persuasion
the Crofts,DC,0,28,Persuasion
the Crofts,DN,0,28,Persuasion
the Dalrymples,N,0,28,Persuasion
the Dalrymples,C,0,28,Persuasion
the Dalrymples,I,0,28,Persuasion
the Dalrymples,A,0,28,Persuasion
the Dalrymples,DC,0,28,Persuasion
the Dalrymples,DN,0,28,Persuasion
the Harvilles,N,0,28,Persuasion
the Harvilles,C,0,28,Persuasion
the Harvilles,I,0,28,Persuasion
the Harvilles,A,0,28,Persuasion
the Harvilles,DC,0,28,Persuasion
the Harvilles,DN,0,28,Persuasion
the Hayters,N,0,28,Persuasion
the Hayters,C,0,28,Persuasion
the Hayters,I,0,28,Persuasion
the Hayters,A,0,28,Persuasion
the Hayters,DC,0,28,Persuasion
the Hayters,DN,0,28,Persuasion
the Miss Musgroves,N,0,28,Persuasion
the Miss Musgroves,C,0,28,Persuasion
the Miss Musgroves,I,0,28,Persuasion
the Miss Musgroves,A,0,28,Persuasion
the Miss Musgroves,DC,0,28,Persuasion
the Miss Musgroves,DN,0,28,Persuasion
Admiral Baldwin,N,0,29,Persuasion
Admiral Baldwin,C,0,29,Persuasion
Admiral Baldwin,I,0,29,Persuasion
Admiral Baldwin,A,0,29,Persuasion
Admiral Baldwin,DC,0,29,Persuasion
Admiral Baldwin,DN,0,29,Persuasion
Admiral Croft,N,1,29,Persuasion
Admiral Croft,C,0,29,Persuasion
Admiral Croft,I,0,29,Persuasion
Admiral Croft,A,1,29,Persuasion
Admiral Croft,DC,0,29,Persuasion
Admiral Croft,DN,0,29,Persuasion
Anne,N,30,29,Persuasion
Anne,C,25,29,Persuasion
Anne,I,28,29,Persuasion
Anne,A,30,29,Persuasion
Anne,DC,3,29,Persuasion
Anne,DN,9,29,Persuasion
Captain Benwick,N,0,29,Persuasion
Captain Benwick,C,0,29,Persuasion
Captain Benwick,I,0,29,Persuasion
Captain Benwick,A,0,29,Persuasion
Captain Benwick,DC,0,29,Persuasion
Captain Benwick,DN,0,29,Persuasion
Captain Harville,N,0,29,Persuasion
Captain Harville,C,0,29,Persuasion
Captain Harville,I,0,29,Persuasion
Captain Harville,A,0,29,Persuasion
Captain Harville,DC,0,29,Persuasion
Captain Harville,DN,0,29,Persuasion
Captain Wentworth,N,0,29,Persuasion
Captain Wentworth,C,0,29,Persuasion
Captain Wentworth,I,0,29,Persuasion
Captain Wentworth,A,0,29,Persuasion
Captain Wentworth,DC,0,29,Persuasion
Captain Wentworth,DN,0,29,Persuasion
Charles,N,3,29,Persuasion
Charles,C,0,29,Persuasion
Charles,I,1,29,Persuasion
Charles,A,0,29,Persuasion
Charles,DC,2,29,Persuasion
Charles,DN,0,29,Persuasion
Colonel Wallis,N,0,29,Persuasion
Colonel Wallis,C,0,29,Persuasion
Colonel Wallis,I,0,29,Persuasion
Colonel Wallis,A,0,29,Persuasion
Colonel Wallis,DC,0,29,Persuasion
Colonel Wallis,DN,0,29,Persuasion
Dear Smith,N,0,29,Persuasion
Dear Smith,C,0,29,Persuasion
Dear Smith,I,0,29,Persuasion
Dear Smith,A,0,29,Persuasion
Dear Smith,DC,0,29,Persuasion
Dear Smith,DN,0,29,Persuasion
Dick,N,0,29,Persuasion
Dick,C,0,29,Persuasion
Dick,I,0,29,Persuasion
Dick,A,0,29,Persuasion
Dick,DC,0,29,Persuasion
Dick,DN,0,29,Persuasion
Dr Shirley,N,0,29,Persuasion
Dr Shirley,C,0,29,Persuasion
Dr Shirley,I,0,29,Persuasion
Dr Shirley,A,0,29,Persuasion
Dr Shirley,DC,0,29,Persuasion
Dr Shirley,DN,0,29,Persuasion
Edward,N,0,29,Persuasion
Edward,C,0,29,Persuasion
Edward,I,0,29,Persuasion
Edward,A,0,29,Persuasion
Edward,DC,0,29,Persuasion
Edward,DN,0,29,Persuasion
Elizabeth,N,7,29,Persuasion
Elizabeth,C,5,29,Persuasion
Elizabeth,I,9,29,Persuasion
Elizabeth,A,3,29,Persuasion
Elizabeth,DC,1,29,Persuasion
Elizabeth,DN,0,29,Persuasion
Frederick,N,0,29,Persuasion
Frederick,C,0,29,Persuasion
Frederick,I,0,29,Persuasion
Frederick,A,0,29,Persuasion
Frederick,DC,0,29,Persuasion
Frederick,DN,0,29,Persuasion
God,N,0,29,Persuasion
God,C,0,29,Persuasion
God,I,0,29,Persuasion
God,A,0,29,Persuasion
God,DC,0,29,Persuasion
God,DN,0,29,Persuasion
Henrietta,N,2,29,Persuasion
Henrietta,C,0,29,Persuasion
Henrietta,I,0,29,Persuasion
Henrietta,A,0,29,Persuasion
Henrietta,DC,1,29,Persuasion
Henrietta,DN,0,29,Persuasion
Jemima,N,0,29,Persuasion
Jemima,C,0,29,Persuasion
Jemima,I,0,29,Persuasion
Jemima,A,0,29,Persuasion
Jemima,DC,0,29,Persuasion
Jemima,DN,0,29,Persuasion
Kellynch,N,1,29,Persuasion
Kellynch,C,0,29,Persuasion
Kellynch,I,0,29,Persuasion
Kellynch,A,0,29,Persuasion
Kellynch,DC,0,29,Persuasion
Kellynch,DN,0,29,Persuasion
Lady Dalrymple,N,0,29,Persuasion
Lady Dalrymple,C,0,29,Persuasion
Lady Dalrymple,I,0,29,Persuasion
Lady Dalrymple,A,0,29,Persuasion
Lady Dalrymple,DC,0,29,Persuasion
Lady Dalrymple,DN,0,29,Persuasion
Lady Elliot,N,0,29,Persuasion
Lady Elliot,C,0,29,Persuasion
Lady Elliot,I,0,29,Persuasion
Lady Elliot,A,0,29,Persuasion
Lady Elliot,DC,0,29,Persuasion
Lady Elliot,DN,0,29,Persuasion
Lady Russell,N,12,29,Persuasion
Lady Russell,C,0,29,Persuasion
Lady Russell,I,4,29,Persuasion
Lady Russell,A,3,29,Persuasion
Lady Russell,DC,4,29,Persuasion
Lady Russell,DN,1,29,Persuasion
Louisa,N,2,29,Persuasion
Louisa,C,0,29,Persuasion
Louisa,I,0,29,Persuasion
Louisa,A,0,29,Persuasion
Louisa,DC,1,29,Persuasion
Louisa,DN,0,29,Persuasion
Mary,N,9,29,Persuasion
Mary,C,5,29,Persuasion
Mary,I,4,29,Persuasion
Mary,A,13,29,Persuasion
Mary,DC,8,29,Persuasion
Mary,DN,2,29,Persuasion
Miss Atkinson,N,0,29,Persuasion
Miss Atkinson,C,0,29,Persuasion
Miss Atkinson,I,0,29,Persuasion
Miss Atkinson,A,0,29,Persuasion
Miss Atkinson,DC,0,29,Persuasion
Miss Atkinson,DN,0,29,Persuasion
Miss Carteret,N,0,29,Persuasion
Miss Carteret,C,0,29,Persuasion
Miss Carteret,I,0,29,Persuasion
Miss Carteret,A,0,29,Persuasion
Miss Carteret,DC,0,29,Persuasion
Miss Carteret,DN,0,29,Persuasion
Miss Hamilton,N,0,29,Persuasion
Miss Hamilton,C,0,29,Persuasion
Miss Hamilton,I,0,29,Persuasion
Miss Hamilton,A,0,29,Persuasion
Miss Hamilton,DC,0,29,Persuasion
Miss Hamilton,DN,0,29,Persuasion
Mr Elliot,N,0,29,Persuasion
Mr Elliot,C,0,29,Persuasion
Mr Elliot,I,0,29,Persuasion
Mr Elliot,A,0,29,Persuasion
Mr Elliot,DC,0,29,Persuasion
Mr Elliot,DN,0,29,Persuasion
Mr Shepherd,N,2,29,Persuasion
Mr Shepherd,C,1,29,Persuasion
Mr Shepherd,I,0,29,Persuasion
Mr Shepherd,A,0,29,Persuasion
Mr Shepherd,DC,0,29,Persuasion
Mr Shepherd,DN,0,29,Persuasion
Mr Smith,N,0,29,Persuasion
Mr Smith,C,0,29,Persuasion
Mr Smith,I,0,29,Persuasion
Mr Smith,A,0,29,Persuasion
Mr Smith,DC,0,29,Persuasion
Mr Smith,DN,0,29,Persuasion
Mr Wentworth,N,0,29,Persuasion
Mr Wentworth,C,0,29,Persuasion
Mr Wentworth,I,0,29,Persuasion
Mr Wentworth,A,0,29,Persuasion
Mr Wentworth,DC,0,29,Persuasion
Mr Wentworth,DN,0,29,Persuasion
Mrs Clay,N,9,29,Persuasion
Mrs Clay,C,0,29,Persuasion
Mrs Clay,I,1,29,Persuasion
Mrs Clay,A,0,29,Persuasion
Mrs Clay,DC,7,29,Persuasion
Mrs Clay,DN,1,29,Persuasion
Mrs Croft,N,2,29,Persuasion
Mrs Croft,C,0,29,Persuasion
Mrs Croft,I,0,29,Persuasion
Mrs Croft,A,0,29,Persuasion
Mrs Croft,DC,0,29,Persuasion
Mrs Croft,DN,0,29,Persuasion
Mrs Harville,N,0,29,Persuasion
Mrs Harville,C,0,29,Persuasion
Mrs Harville,I,0,29,Persuasion
Mrs Harville,A,0,29,Persuasion
Mrs Harville,DC,0,29,Persuasion
Mrs Harville,DN,0,29,Persuasion
Mrs Musgrove,N,4,29,Persuasion
Mrs Musgrove,C,0,29,Persuasion
Mrs Musgrove,I,0,29,Persuasion
Mrs Musgrove,A,1,29,Persuasion
Mrs Musgrove,DC,3,29,Persuasion
Mrs Musgrove,DN,0,29,Persuasion
Mrs Rooke,N,0,29,Persuasion
Mrs Rooke,C,0,29,Persuasion
Mrs Rooke,I,0,29,Persuasion
Mrs Rooke,A,0,29,Persuasion
Mrs Rooke,DC,0,29,Persuasion
Mrs Rooke,DN,0,29,Persuasion
Mrs Shirley,N,0,29,Persuasion
Mrs Shirley,C,0,29,Persuasion
Mrs Shirley,I,0,29,Persuasion
Mrs Shirley,A,0,29,Persuasion
Mrs Shirley,DC,0,29,Persuasion
Mrs Shirley,DN,0,29,Persuasion
Mrs Smith,N,0,29,Persuasion
Mrs Smith,C,0,29,Persuasion
Mrs Smith,I,0,29,Persuasion
Mrs Smith,A,0,29,Persuasion
Mrs Smith,DC,0,29,Persuasion
Mrs Smith,DN,0,29,Persuasion
Mrs Wallis,N,0,29,Persuasion
Mrs Wallis,C,0,29,Persuasion
Mrs Wallis,I,0,29,Persuasion
Mrs Wallis,A,0,29,Persuasion
Mrs Wallis,DC,0,29,Persuasion
Mrs Wallis,DN,0,29,Persuasion
Nurse Rooke,N,0,29,Persuasion
Nurse Rooke,C,0,29,Persuasion
Nurse Rooke,I,0,29,Persuasion
Nurse Rooke,A,0,29,Persuasion
Nurse Rooke,DC,0,29,Persuasion
Nurse Rooke,DN,0,29,Persuasion
Penelope,N,0,29,Persuasion
Penelope,C,0,29,Persuasion
Penelope,I,0,29,Persuasion
Penelope,A,0,29,Persuasion
Penelope,DC,0,29,Persuasion
Penelope,DN,0,29,Persuasion
Sir Walter,N,7,29,Persuasion
Sir Walter,C,0,29,Persuasion
Sir Walter,I,2,29,Persuasion
Sir Walter,A,4,29,Persuasion
Sir Walter,DC,1,29,Persuasion
Sir Walter,DN,1,29,Persuasion
Sophy,N,0,29,Persuasion
Sophy,C,0,29,Persuasion
Sophy,I,0,29,Persuasion
Sophy,A,0,29,Persuasion
Sophy,DC,0,29,Persuasion
Sophy,DN,0,29,Persuasion
The Mr Musgroves,N,0,29,Persuasion
The Mr Musgroves,C,0,29,Persuasion
The Mr Musgroves,I,0,29,Persuasion
The Mr Musgroves,A,0,29,Persuasion
The Mr Musgroves,DC,0,29,Persuasion
The Mr Musgroves,DN,0,29,Persuasion
The little Durands,N,0,29,Persuasion
The little Durands,C,0,29,Persuasion
The little Durands,I,0,29,Persuasion
The little Durands,A,0,29,Persuasion
The little Durands,DC,0,29,Persuasion
The little Durands,DN,0,29,Persuasion
Winthrop,N,0,29,Persuasion
Winthrop,C,0,29,Persuasion
Winthrop,I,0,29,Persuasion
Winthrop,A,0,29,Persuasion
Winthrop,DC,0,29,Persuasion
Winthrop,DN,0,29,Persuasion
old Sir Archibald Drew,N,0,29,Persuasion
old Sir Archibald Drew,C,0,29,Persuasion
old Sir Archibald Drew,I,0,29,Persuasion
old Sir Archibald Drew,A,0,29,Persuasion
old Sir Archibald Drew,DC,0,29,Persuasion
old Sir Archibald Drew,DN,0,29,Persuasion
the Asp,N,0,29,Persuasion
the Asp,C,0,29,Persuasion
the Asp,I,0,29,Persuasion
the Asp,A,0,29,Persuasion
the Asp,DC,0,29,Persuasion
the Asp,DN,0,29,Persuasion
the Crofts,N,2,29,Persuasion
the Crofts,C,0,29,Persuasion
the Crofts,I,1,29,Persuasion
the Crofts,A,1,29,Persuasion
the Crofts,DC,0,29,Persuasion
the Crofts,DN,1,29,Persuasion
the Dalrymples,N,0,29,Persuasion
the Dalrymples,C,0,29,Persuasion
the Dalrymples,I,0,29,Persuasion
the Dalrymples,A,0,29,Persuasion
the Dalrymples,DC,0,29,Persuasion
the Dalrymples,DN,0,29,Persuasion
the Harvilles,N,0,29,Persuasion
the Harvilles,C,0,29,Persuasion
the Harvilles,I,0,29,Persuasion
the Harvilles,A,0,29,Persuasion
the Harvilles,DC,0,29,Persuasion
the Harvilles,DN,0,29,Persuasion
the Hayters,N,0,29,Persuasion
the Hayters,C,0,29,Persuasion
the Hayters,I,0,29,Persuasion
the Hayters,A,0,29,Persuasion
the Hayters,DC,0,29,Persuasion
the Hayters,DN,0,29,Persuasion
the Miss Musgroves,N,4,29,Persuasion
the Miss Musgroves,C,0,29,Persuasion
the Miss Musgroves,I,0,29,Persuasion
the Miss Musgroves,A,0,29,Persuasion
the Miss Musgroves,DC,2,29,Persuasion
the Miss Musgroves,DN,1,29,Persuasion
Admiral Baldwin,N,0,30,Persuasion
Admiral Baldwin,C,0,30,Persuasion
Admiral Baldwin,I,0,30,Persuasion
Admiral Baldwin,A,0,30,Persuasion
Admiral Baldwin,DC,0,30,Persuasion
Admiral Baldwin,DN,0,30,Persuasion
Admiral Croft,N,0,30,Persuasion
Admiral Croft,C,0,30,Persuasion
Admiral Croft,I,0,30,Persuasion
Admiral Croft,A,0,30,Persuasion
Admiral Croft,DC,0,30,Persuasion
Admiral Croft,DN,0,30,Persuasion
Anne,N,21,30,Persuasion
Anne,C,2,30,Persuasion
Anne,I,23,30,Persuasion
Anne,A,24,30,Persuasion
Anne,DC,12,30,Persuasion
Anne,DN,4,30,Persuasion
Captain Benwick,N,0,30,Persuasion
Captain Benwick,C,0,30,Persuasion
Captain Benwick,I,0,30,Persuasion
Captain Benwick,A,0,30,Persuasion
Captain Benwick,DC,0,30,Persuasion
Captain Benwick,DN,0,30,Persuasion
Captain Harville,N,0,30,Persuasion
Captain Harville,C,0,30,Persuasion
Captain Harville,I,0,30,Persuasion
Captain Harville,A,0,30,Persuasion
Captain Harville,DC,0,30,Persuasion
Captain Harville,DN,0,30,Persuasion
Captain Wentworth,N,11,30,Persuasion
Captain Wentworth,C,0,30,Persuasion
Captain Wentworth,I,2,30,Persuasion
Captain Wentworth,A,1,30,Persuasion
Captain Wentworth,DC,3,30,Persuasion
Captain Wentworth,DN,0,30,Persuasion
Charles,N,19,30,Persuasion
Charles,C,5,30,Persuasion
Charles,I,12,30,Persuasion
Charles,A,8,30,Persuasion
Charles,DC,2,30,Persuasion
Charles,DN,2,30,Persuasion
Colonel Wallis,N,0,30,Persuasion
Colonel Wallis,C,0,30,Persuasion
Colonel Wallis,I,0,30,Persuasion
Colonel Wallis,A,0,30,Persuasion
Colonel Wallis,DC,0,30,Persuasion
Colonel Wallis,DN,0,30,Persuasion
Dear Smith,N,0,30,Persuasion
Dear Smith,C,0,30,Persuasion
Dear Smith,I,0,30,Persuasion
Dear Smith,A,0,30,Persuasion
Dear Smith,DC,0,30,Persuasion
Dear Smith,DN,0,30,Persuasion
Dick,N,4,30,Persuasion
Dick,C,0,30,Persuasion
Dick,I,0,30,Persuasion
Dick,A,1,30,Persuasion
Dick,DC,0,30,Persuasion
Dick,DN,0,30,Persuasion
Dr Shirley,N,0,30,Persuasion
Dr Shirley,C,0,30,Persuasion
Dr Shirley,I,0,30,Persuasion
Dr Shirley,A,0,30,Persuasion
Dr Shirley,DC,0,30,Persuasion
Dr Shirley,DN,0,30,Persuasion
Edward,N,1,30,Persuasion
Edward,C,0,30,Persuasion
Edward,I,0,30,Persuasion
Edward,A,0,30,Persuasion
Edward,DC,0,30,Persuasion
Edward,DN,0,30,Persuasion
Elizabeth,N,1,30,Persuasion
Elizabeth,C,0,30,Persuasion
Elizabeth,I,0,30,Persuasion
Elizabeth,A,0,30,Persuasion
Elizabeth,DC,0,30,Persuasion
Elizabeth,DN,0,30,Persuasion
Frederick,N,0,30,Persuasion
Frederick,C,0,30,Persuasion
Frederick,I,0,30,Persuasion
Frederick,A,0,30,Persuasion
Frederick,DC,0,30,Persuasion
Frederick,DN,0,30,Persuasion
God,N,0,30,Persuasion
God,C,0,30,Persuasion
God,I,0,30,Persuasion
God,A,0,30,Persuasion
God,DC,0,30,Persuasion
God,DN,0,30,Persuasion
Henrietta,N,0,30,Persuasion
Henrietta,C,0,30,Persuasion
Henrietta,I,0,30,Persuasion
Henrietta,A,0,30,Persuasion
Henrietta,DC,0,30,Persuasion
Henrietta,DN,0,30,Persuasion
Jemima,N,1,30,Persuasion
Jemima,C,0,30,Persuasion
Jemima,I,0,30,Persuasion
Jemima,A,0,30,Persuasion
Jemima,DC,0,30,Persuasion
Jemima,DN,1,30,Persuasion
Kellynch,N,1,30,Persuasion
Kellynch,C,0,30,Persuasion
Kellynch,I,0,30,Persuasion
Kellynch,A,0,30,Persuasion
Kellynch,DC,0,30,Persuasion
Kellynch,DN,0,30,Persuasion
Lady Dalrymple,N,0,30,Persuasion
Lady Dalrymple,C,0,30,Persuasion
Lady Dalrymple,I,0,30,Persuasion
Lady Dalrymple,A,0,30,Persuasion
Lady Dalrymple,DC,0,30,Persuasion
Lady Dalrymple,DN,0,30,Persuasion
Lady Elliot,N,0,30,Persuasion
Lady Elliot,C,0,30,Persuasion
Lady Elliot,I,0,30,Persuasion
Lady Elliot,A,0,30,Persuasion
Lady Elliot,DC,0,30,Persuasion
Lady Elliot,DN,0,30,Persuasion
Lady Russell,N,2,30,Persuasion
Lady Russell,C,0,30,Persuasion
Lady Russell,I,0,30,Persuasion
Lady Russell,A,0,30,Persuasion
Lady Russell,DC,0,30,Persuasion
Lady Russell,DN,0,30,Persuasion
Louisa,N,2,30,Persuasion
Louisa,C,2,30,Persuasion
Louisa,I,1,30,Persuasion
Louisa,A,3,30,Persuasion
Louisa,DC,0,30,Persuasion
Louisa,DN,0,30,Persuasion
Mary,N,16,30,Persuasion
Mary,C,4,30,Persuasion
Mary,I,9,30,Persuasion
Mary,A,8,30,Persuasion
Mary,DC,3,30,Persuasion
Mary,DN,4,30,Persuasion
Miss Atkinson,N,0,30,Persuasion
Miss Atkinson,C,0,30,Persuasion
Miss Atkinson,I,0,30,Persuasion
Miss Atkinson,A,0,30,Persuasion
Miss Atkinson,DC,0,30,Persuasion
Miss Atkinson,DN,0,30,Persuasion
Miss Carteret,N,0,30,Persuasion
Miss Carteret,C,0,30,Persuasion
Miss Carteret,I,0,30,Persuasion
Miss Carteret,A,0,30,Persuasion
Miss Carteret,DC,0,30,Persuasion
Miss Carteret,DN,0,30,Persuasion
Miss Hamilton,N,0,30,Persuasion
Miss Hamilton,C,0,30,Persuasion
Miss Hamilton,I,0,30,Persuasion
Miss Hamilton,A,0,30,Persuasion
Miss Hamilton,DC,0,30,Persuasion
Miss Hamilton,DN,0,30,Persuasion
Mr Elliot,N,0,30,Persuasion
Mr Elliot,C,0,30,Persuasion
Mr Elliot,I,0,30,Persuasion
Mr Elliot,A,0,30,Persuasion
Mr Elliot,DC,0,30,Persuasion
Mr Elliot,DN,0,30,Persuasion
Mr Shepherd,N,0,30,Persuasion
Mr Shepherd,C,0,30,Persuasion
Mr Shepherd,I,0,30,Persuasion
Mr Shepherd,A,0,30,Persuasion
Mr Shepherd,DC,0,30,Persuasion
Mr Shepherd,DN,0,30,Persuasion
Mr Smith,N,0,30,Persuasion
Mr Smith,C,0,30,Persuasion
Mr Smith,I,0,30,Persuasion
Mr Smith,A,0,30,Persuasion
Mr Smith,DC,0,30,Persuasion
Mr Smith,DN,0,30,Persuasion
Mr Wentworth,N,1,30,Persuasion
Mr Wentworth,C,0,30,Persuasion
Mr Wentworth,I,0,30,Persuasion
Mr Wentworth,A,0,30,Persuasion
Mr Wentworth,DC,0,30,Persuasion
Mr Wentworth,DN,0,30,Persuasion
Mrs Clay,N,0,30,Persuasion
Mrs Clay,C,0,30,Persuasion
Mrs Clay,I,0,30,Persuasion
Mrs Clay,A,0,30,Persuasion
Mrs Clay,DC,0,30,Persuasion
Mrs Clay,DN,0,30,Persuasion
Mrs Croft,N,8,30,Persuasion
Mrs Croft,C,2,30,Persuasion
Mrs Croft,I,2,30,Persuasion
Mrs Croft,A,1,30,Persuasion
Mrs Croft,DC,0,30,Persuasion
Mrs Croft,DN,1,30,Persuasion
Mrs Harville,N,0,30,Persuasion
Mrs Harville,C,0,30,Persuasion
Mrs Harville,I,0,30,Persuasion
Mrs Harville,A,0,30,Persuasion
Mrs Harville,DC,0,30,Persuasion
Mrs Harville,DN,0,30,Persuasion
Mrs Musgrove,N,1,30,Persuasion
Mrs Musgrove,C,0,30,Persuasion
Mrs Musgrove,I,0,30,Persuasion
Mrs Musgrove,A,1,30,Persuasion
Mrs Musgrove,DC,0,30,Persuasion
Mrs Musgrove,DN,1,30,Persuasion
Mrs Rooke,N,0,30,Persuasion
Mrs Rooke,C,0,30,Persuasion
Mrs Rooke,I,0,30,Persuasion
Mrs Rooke,A,0,30,Persuasion
Mrs Rooke,DC,0,30,Persuasion
Mrs Rooke,DN,0,30,Persuasion
Mrs Shirley,N,0,30,Persuasion
Mrs Shirley,C,0,30,Persuasion
Mrs Shirley,I,0,30,Persuasion
Mrs Shirley,A,0,30,Persuasion
Mrs Shirley,DC,0,30,Persuasion
Mrs Shirley,DN,0,30,Persuasion
Mrs Smith,N,0,30,Persuasion
Mrs Smith,C,0,30,Persuasion
Mrs Smith,I,0,30,Persuasion
Mrs Smith,A,0,30,Persuasion
Mrs Smith,DC,0,30,Persuasion
Mrs Smith,DN,0,30,Persuasion
Mrs Wallis,N,0,30,Persuasion
Mrs Wallis,C,0,30,Persuasion
Mrs Wallis,I,0,30,Persuasion
Mrs Wallis,A,0,30,Persuasion
Mrs Wallis,DC,0,30,Persuasion
Mrs Wallis,DN,0,30,Persuasion
Nurse Rooke,N,0,30,Persuasion
Nurse Rooke,C,0,30,Persuasion
Nurse Rooke,I,0,30,Persuasion
Nurse Rooke,A,0,30,Persuasion
Nurse Rooke,DC,0,30,Persuasion
Nurse Rooke,DN,0,30,Persuasion
Penelope,N,0,30,Persuasion
Penelope,C,0,30,Persuasion
Penelope,I,0,30,Persuasion
Penelope,A,0,30,Persuasion
Penelope,DC,0,30,Persuasion
Penelope,DN,0,30,Persuasion
Sir Walter,N,1,30,Persuasion
Sir Walter,C,0,30,Persuasion
Sir Walter,I,0,30,Persuasion
Sir Walter,A,0,30,Persuasion
Sir Walter,DC,0,30,Persuasion
Sir Walter,DN,0,30,Persuasion
Sophy,N,0,30,Persuasion
Sophy,C,0,30,Persuasion
Sophy,I,0,30,Persuasion
Sophy,A,0,30,Persuasion
Sophy,DC,0,30,Persuasion
Sophy,DN,0,30,Persuasion
The Mr Musgroves,N,2,30,Persuasion
The Mr Musgroves,C,1,30,Persuasion
The Mr Musgroves,I,2,30,Persuasion
The Mr Musgroves,A,1,30,Persuasion
The Mr Musgroves,DC,0,30,Persuasion
The Mr Musgroves,DN,0,30,Persuasion
The little Durands,N,0,30,Persuasion
The little Durands,C,0,30,Persuasion
The little Durands,I,0,30,Persuasion
The little Durands,A,0,30,Persuasion
The little Durands,DC,0,30,Persuasion
The little Durands,DN,0,30,Persuasion
Winthrop,N,0,30,Persuasion
Winthrop,C,0,30,Persuasion
Winthrop,I,0,30,Persuasion
Winthrop,A,0,30,Persuasion
Winthrop,DC,0,30,Persuasion
Winthrop,DN,0,30,Persuasion
old Sir Archibald Drew,N,0,30,Persuasion
old Sir Archibald Drew,C,0,30,Persuasion
old Sir Archibald Drew,I,0,30,Persuasion
old Sir Archibald Drew,A,0,30,Persuasion
old Sir Archibald Drew,DC,0,30,Persuasion
old Sir Archibald Drew,DN,0,30,Persuasion
the Asp,N,0,30,Persuasion
the Asp,C,0,30,Persuasion
the Asp,I,0,30,Persuasion
the Asp,A,0,30,Persuasion
the Asp,DC,0,30,Persuasion
the Asp,DN,0,30,Persuasion
the Crofts,N,5,30,Persuasion
the Crofts,C,0,30,Persuasion
the Crofts,I,1,30,Persuasion
the Crofts,A,4,30,Persuasion
the Crofts,DC,3,30,Persuasion
the Crofts,DN,1,30,Persuasion
the Dalrymples,N,0,30,Persuasion
the Dalrymples,C,0,30,Persuasion
the Dalrymples,I,0,30,Persuasion
the Dalrymples,A,0,30,Persuasion
the Dalrymples,DC,0,30,Persuasion
the Dalrymples,DN,0,30,Persuasion
the Harvilles,N,0,30,Persuasion
the Harvilles,C,0,30,Persuasion
the Harvilles,I,0,30,Persuasion
the Harvilles,A,0,30,Persuasion
the Harvilles,DC,0,30,Persuasion
the Harvilles,DN,0,30,Persuasion
the Hayters,N,0,30,Persuasion
the Hayters,C,0,30,Persuasion
the Hayters,I,0,30,Persuasion
the Hayters,A,0,30,Persuasion
the Hayters,DC,0,30,Persuasion
the Hayters,DN,0,30,Persuasion
the Miss Musgroves,N,5,30,Persuasion
the Miss Musgroves,C,0,30,Persuasion
the Miss Musgroves,I,1,30,Persuasion
the Miss Musgroves,A,2,30,Persuasion
the Miss Musgroves,DC,0,30,Persuasion
the Miss Musgroves,DN,0,30,Persuasion
Admiral Baldwin,N,0,31,Persuasion
Admiral Baldwin,C,0,31,Persuasion
Admiral Baldwin,I,0,31,Persuasion
Admiral Baldwin,A,0,31,Persuasion
Admiral Baldwin,DC,0,31,Persuasion
Admiral Baldwin,DN,0,31,Persuasion
Admiral Croft,N,0,31,Persuasion
Admiral Croft,C,0,31,Persuasion
Admiral Croft,I,0,31,Persuasion
Admiral Croft,A,0,31,Persuasion
Admiral Croft,DC,0,31,Persuasion
Admiral Croft,DN,0,31,Persuasion
Anne,N,21,31,Persuasion
Anne,C,2,31,Persuasion
Anne,I,16,31,Persuasion
Anne,A,22,31,Persuasion
Anne,DC,4,31,Persuasion
Anne,DN,4,31,Persuasion
Captain Benwick,N,0,31,Persuasion
Captain Benwick,C,0,31,Persuasion
Captain Benwick,I,0,31,Persuasion
Captain Benwick,A,0,31,Persuasion
Captain Benwick,DC,0,31,Persuasion
Captain Benwick,DN,0,31,Persuasion
Captain Harville,N,0,31,Persuasion
Captain Harville,C,0,31,Persuasion
Captain Harville,I,0,31,Persuasion
Captain Harville,A,0,31,Persuasion
Captain Harville,DC,0,31,Persuasion
Captain Harville,DN,0,31,Persuasion
Captain Wentworth,N,18,31,Persuasion
Captain Wentworth,C,0,31,Persuasion
Captain Wentworth,I,8,31,Persuasion
Captain Wentworth,A,12,31,Persuasion
Captain Wentworth,DC,3,31,Persuasion
Captain Wentworth,DN,4,31,Persuasion
Charles,N,22,31,Persuasion
Charles,C,0,31,Persuasion
Charles,I,0,31,Persuasion
Charles,A,5,31,Persuasion
Charles,DC,10,31,Persuasion
Charles,DN,0,31,Persuasion
Colonel Wallis,N,0,31,Persuasion
Colonel Wallis,C,0,31,Persuasion
Colonel Wallis,I,0,31,Persuasion
Colonel Wallis,A,0,31,Persuasion
Colonel Wallis,DC,0,31,Persuasion
Colonel Wallis,DN,0,31,Persuasion
Dear Smith,N,0,31,Persuasion
Dear Smith,C,0,31,Persuasion
Dear Smith,I,0,31,Persuasion
Dear Smith,A,0,31,Persuasion
Dear Smith,DC,0,31,Persuasion
Dear Smith,DN,0,31,Persuasion
Dick,N,0,31,Persuasion
Dick,C,0,31,Persuasion
Dick,I,0,31,Persuasion
Dick,A,0,31,Persuasion
Dick,DC,0,31,Persuasion
Dick,DN,0,31,Persuasion
Dr Shirley,N,0,31,Persuasion
Dr Shirley,C,0,31,Persuasion
Dr Shirley,I,0,31,Persuasion
Dr Shirley,A,0,31,Persuasion
Dr Shirley,DC,0,31,Persuasion
Dr Shirley,DN,0,31,Persuasion
Edward,N,0,31,Persuasion
Edward,C,0,31,Persuasion
Edward,I,0,31,Persuasion
Edward,A,0,31,Persuasion
Edward,DC,0,31,Persuasion
Edward,DN,0,31,Persuasion
Elizabeth,N,0,31,Persuasion
Elizabeth,C,0,31,Persuasion
Elizabeth,I,0,31,Persuasion
Elizabeth,A,0,31,Persuasion
Elizabeth,DC,0,31,Persuasion
Elizabeth,DN,0,31,Persuasion
Frederick,N,0,31,Persuasion
Frederick,C,0,31,Persuasion
Frederick,I,0,31,Persuasion
Frederick,A,0,31,Persuasion
Frederick,DC,0,31,Persuasion
Frederick,DN,0,31,Persuasion
God,N,0,31,Persuasion
God,C,0,31,Persuasion
God,I,0,31,Persuasion
God,A,0,31,Persuasion
God,DC,0,31,Persuasion
God,DN,0,31,Persuasion
Henrietta,N,1,31,Persuasion
Henrietta,C,0,31,Persuasion
Henrietta,I,0,31,Persuasion
Henrietta,A,0,31,Persuasion
Henrietta,DC,1,31,Persuasion
Henrietta,DN,0,31,Persuasion
Jemima,N,2,31,Persuasion
Jemima,C,0,31,Persuasion
Jemima,I,0,31,Persuasion
Jemima,A,0,31,Persuasion
Jemima,DC,2,31,Persuasion
Jemima,DN,0,31,Persuasion
Kellynch,N,0,31,Persuasion
Kellynch,C,0,31,Persuasion
Kellynch,I,0,31,Persuasion
Kellynch,A,0,31,Persuasion
Kellynch,DC,0,31,Persuasion
Kellynch,DN,0,31,Persuasion
Lady Dalrymple,N,0,31,Persuasion
Lady Dalrymple,C,0,31,Persuasion
Lady Dalrymple,I,0,31,Persuasion
Lady Dalrymple,A,0,31,Persuasion
Lady Dalrymple,DC,0,31,Persuasion
Lady Dalrymple,DN,0,31,Persuasion
Lady Elliot,N,0,31,Persuasion
Lady Elliot,C,0,31,Persuasion
Lady Elliot,I,0,31,Persuasion
Lady Elliot,A,0,31,Persuasion
Lady Elliot,DC,0,31,Persuasion
Lady Elliot,DN,0,31,Persuasion
Lady Russell,N,0,31,Persuasion
Lady Russell,C,0,31,Persuasion
Lady Russell,I,0,31,Persuasion
Lady Russell,A,0,31,Persuasion
Lady Russell,DC,0,31,Persuasion
Lady Russell,DN,0,31,Persuasion
Louisa,N,0,31,Persuasion
Louisa,C,0,31,Persuasion
Louisa,I,0,31,Persuasion
Louisa,A,0,31,Persuasion
Louisa,DC,0,31,Persuasion
Louisa,DN,0,31,Persuasion
Mary,N,12,31,Persuasion
Mary,C,9,31,Persuasion
Mary,I,18,31,Persuasion
Mary,A,25,31,Persuasion
Mary,DC,0,31,Persuasion
Mary,DN,6,31,Persuasion
Miss Atkinson,N,0,31,Persuasion
Miss Atkinson,C,0,31,Persuasion
Miss Atkinson,I,0,31,Persuasion
Miss Atkinson,A,0,31,Persuasion
Miss Atkinson,DC,0,31,Persuasion
Miss Atkinson,DN,0,31,Persuasion
Miss Carteret,N,0,31,Persuasion
Miss Carteret,C,0,31,Persuasion
Miss Carteret,I,0,31,Persuasion
Miss Carteret,A,0,31,Persuasion
Miss Carteret,DC,0,31,Persuasion
Miss Carteret,DN,0,31,Persuasion
Miss Hamilton,N,0,31,Persuasion
Miss Hamilton,C,0,31,Persuasion
Miss Hamilton,I,0,31,Persuasion
Miss Hamilton,A,0,31,Persuasion
Miss Hamilton,DC,0,31,Persuasion
Miss Hamilton,DN,0,31,Persuasion
Mr Elliot,N,0,31,Persuasion
Mr Elliot,C,0,31,Persuasion
Mr Elliot,I,0,31,Persuasion
Mr Elliot,A,0,31,Persuasion
Mr Elliot,DC,0,31,Persuasion
Mr Elliot,DN,0,31,Persuasion
Mr Shepherd,N,0,31,Persuasion
Mr Shepherd,C,0,31,Persuasion
Mr Shepherd,I,0,31,Persuasion
Mr Shepherd,A,0,31,Persuasion
Mr Shepherd,DC,0,31,Persuasion
Mr Shepherd,DN,0,31,Persuasion
Mr Smith,N,0,31,Persuasion
Mr Smith,C,0,31,Persuasion
Mr Smith,I,0,31,Persuasion
Mr Smith,A,0,31,Persuasion
Mr Smith,DC,0,31,Persuasion
Mr Smith,DN,0,31,Persuasion
Mr Wentworth,N,0,31,Persuasion
Mr Wentworth,C,0,31,Persuasion
Mr Wentworth,I,0,31,Persuasion
Mr Wentworth,A,0,31,Persuasion
Mr Wentworth,DC,0,31,Persuasion
Mr Wentworth,DN,0,31,Persuasion
Mrs Clay,N,0,31,Persuasion
Mrs Clay,C,0,31,Persuasion
Mrs Clay,I,0,31,Persuasion
Mrs Clay,A,0,31,Persuasion
Mrs Clay,DC,0,31,Persuasion
Mrs Clay,DN,0,31,Persuasion
Mrs Croft,N,0,31,Persuasion
Mrs Croft,C,0,31,Persuasion
Mrs Croft,I,0,31,Persuasion
Mrs Croft,A,0,31,Persuasion
Mrs Croft,DC,0,31,Persuasion
Mrs Croft,DN,0,31,Persuasion
Mrs Harville,N,0,31,Persuasion
Mrs Harville,C,0,31,Persuasion
Mrs Harville,I,0,31,Persuasion
Mrs Harville,A,0,31,Persuasion
Mrs Harville,DC,0,31,Persuasion
Mrs Harville,DN,0,31,Persuasion
Mrs Musgrove,N,5,31,Persuasion
Mrs Musgrove,C,0,31,Persuasion
Mrs Musgrove,I,1,31,Persuasion
Mrs Musgrove,A,0,31,Persuasion
Mrs Musgrove,DC,0,31,Persuasion
Mrs Musgrove,DN,0,31,Persuasion
Mrs Rooke,N,0,31,Persuasion
Mrs Rooke,C,0,31,Persuasion
Mrs Rooke,I,0,31,Persuasion
Mrs Rooke,A,0,31,Persuasion
Mrs Rooke,DC,0,31,Persuasion
Mrs Rooke,DN,0,31,Persuasion
Mrs Shirley,N,0,31,Persuasion
Mrs Shirley,C,0,31,Persuasion
Mrs Shirley,I,0,31,Persuasion
Mrs Shirley,A,0,31,Persuasion
Mrs Shirley,DC,0,31,Persuasion
Mrs Shirley,DN,0,31,Persuasion
Mrs Smith,N,0,31,Persuasion
Mrs Smith,C,0,31,Persuasion
Mrs Smith,I,0,31,Persuasion
Mrs Smith,A,0,31,Persuasion
Mrs Smith,DC,0,31,Persuasion
Mrs Smith,DN,0,31,Persuasion
Mrs Wallis,N,0,31,Persuasion
Mrs Wallis,C,0,31,Persuasion
Mrs Wallis,I,0,31,Persuasion
Mrs Wallis,A,0,31,Persuasion
Mrs Wallis,DC,0,31,Persuasion
Mrs Wallis,DN,0,31,Persuasion
Nurse Rooke,N,0,31,Persuasion
Nurse Rooke,C,0,31,Persuasion
Nurse Rooke,I,0,31,Persuasion
Nurse Rooke,A,0,31,Persuasion
Nurse Rooke,DC,0,31,Persuasion
Nurse Rooke,DN,0,31,Persuasion
Penelope,N,0,31,Persuasion
Penelope,C,0,31,Persuasion
Penelope,I,0,31,Persuasion
Penelope,A,0,31,Persuasion
Penelope,DC,0,31,Persuasion
Penelope,DN,0,31,Persuasion
Sir Walter,N,0,31,Persuasion
Sir Walter,C,0,31,Persuasion
Sir Walter,I,0,31,Persuasion
Sir Walter,A,0,31,Persuasion
Sir Walter,DC,0,31,Persuasion
Sir Walter,DN,0,31,Persuasion
Sophy,N,1,31,Persuasion
Sophy,C,0,31,Persuasion
Sophy,I,0,31,Persuasion
Sophy,A,0,31,Persuasion
Sophy,DC,0,31,Persuasion
Sophy,DN,0,31,Persuasion
The Mr Musgroves,N,0,31,Persuasion
The Mr Musgroves,C,0,31,Persuasion
The Mr Musgroves,I,0,31,Persuasion
The Mr Musgroves,A,0,31,Persuasion
The Mr Musgroves,DC,0,31,Persuasion
The Mr Musgroves,DN,0,31,Persuasion
The little Durands,N,0,31,Persuasion
The little Durands,C,0,31,Persuasion
The little Durands,I,0,31,Persuasion
The little Durands,A,0,31,Persuasion
The little Durands,DC,0,31,Persuasion
The little Durands,DN,0,31,Persuasion
Winthrop,N,0,31,Persuasion
Winthrop,C,0,31,Persuasion
Winthrop,I,0,31,Persuasion
Winthrop,A,0,31,Persuasion
Winthrop,DC,0,31,Persuasion
Winthrop,DN,0,31,Persuasion
old Sir Archibald Drew,N,0,31,Persuasion
old Sir Archibald Drew,C,0,31,Persuasion
old Sir Archibald Drew,I,0,31,Persuasion
old Sir Archibald Drew,A,0,31,Persuasion
old Sir Archibald Drew,DC,0,31,Persuasion
old Sir Archibald Drew,DN,0,31,Persuasion
the Asp,N,0,31,Persuasion
the Asp,C,0,31,Persuasion
the Asp,I,0,31,Persuasion
the Asp,A,0,31,Persuasion
the Asp,DC,0,31,Persuasion
the Asp,DN,0,31,Persuasion
the Crofts,N,0,31,Persuasion
the Crofts,C,0,31,Persuasion
the Crofts,I,0,31,Persuasion
the Crofts,A,0,31,Persuasion
the Crofts,DC,0,31,Persuasion
the Crofts,DN,0,31,Persuasion
the Dalrymples,N,0,31,Persuasion
the Dalrymples,C,0,31,Persuasion
the Dalrymples,I,0,31,Persuasion
the Dalrymples,A,0,31,Persuasion
the Dalrymples,DC,0,31,Persuasion
the Dalrymples,DN,0,31,Persuasion
the Harvilles,N,0,31,Persuasion
the Harvilles,C,0,31,Persuasion
the Harvilles,I,0,31,Persuasion
the Harvilles,A,0,31,Persuasion
the Harvilles,DC,0,31,Persuasion
the Harvilles,DN,0,31,Persuasion
the Hayters,N,0,31,Persuasion
the Hayters,C,0,31,Persuasion
the Hayters,I,0,31,Persuasion
the Hayters,A,0,31,Persuasion
the Hayters,DC,0,31,Persuasion
the Hayters,DN,0,31,Persuasion
the Miss Musgroves,N,4,31,Persuasion
the Miss Musgroves,C,0,31,Persuasion
the Miss Musgroves,I,0,31,Persuasion
the Miss Musgroves,A,2,31,Persuasion
the Miss Musgroves,DC,0,31,Persuasion
the Miss Musgroves,DN,0,31,Persuasion
Admiral Baldwin,N,0,32,Persuasion
Admiral Baldwin,C,0,32,Persuasion
Admiral Baldwin,I,0,32,Persuasion
Admiral Baldwin,A,0,32,Persuasion
Admiral Baldwin,DC,0,32,Persuasion
Admiral Baldwin,DN,0,32,Persuasion
Admiral Croft,N,2,32,Persuasion
Admiral Croft,C,0,32,Persuasion
Admiral Croft,I,1,32,Persuasion
Admiral Croft,A,2,32,Persuasion
Admiral Croft,DC,4,32,Persuasion
Admiral Croft,DN,0,32,Persuasion
Anne,N,14,32,Persuasion
Anne,C,8,32,Persuasion
Anne,I,13,32,Persuasion
Anne,A,19,32,Persuasion
Anne,DC,6,32,Persuasion
Anne,DN,5,32,Persuasion
Captain Benwick,N,0,32,Persuasion
Captain Benwick,C,0,32,Persuasion
Captain Benwick,I,0,32,Persuasion
Captain Benwick,A,0,32,Persuasion
Captain Benwick,DC,0,32,Persuasion
Captain Benwick,DN,0,32,Persuasion
Captain Harville,N,1,32,Persuasion
Captain Harville,C,0,32,Persuasion
Captain Harville,I,2,32,Persuasion
Captain Harville,A,1,32,Persuasion
Captain Harville,DC,6,32,Persuasion
Captain Harville,DN,0,32,Persuasion
Captain Wentworth,N,20,32,Persuasion
Captain Wentworth,C,8,32,Persuasion
Captain Wentworth,I,11,32,Persuasion
Captain Wentworth,A,22,32,Persuasion
Captain Wentworth,DC,16,32,Persuasion
Captain Wentworth,DN,4,32,Persuasion
Charles,N,13,32,Persuasion
Charles,C,9,32,Persuasion
Charles,I,3,32,Persuasion
Charles,A,6,32,Persuasion
Charles,DC,3,32,Persuasion
Charles,DN,1,32,Persuasion
Colonel Wallis,N,0,32,Persuasion
Colonel Wallis,C,0,32,Persuasion
Colonel Wallis,I,0,32,Persuasion
Colonel Wallis,A,0,32,Persuasion
Colonel Wallis,DC,0,32,Persuasion
Colonel Wallis,DN,0,32,Persuasion
Dear Smith,N,0,32,Persuasion
Dear Smith,C,0,32,Persuasion
Dear Smith,I,0,32,Persuasion
Dear Smith,A,0,32,Persuasion
Dear Smith,DC,0,32,Persuasion
Dear Smith,DN,0,32,Persuasion
Dick,N,3,32,Persuasion
Dick,C,0,32,Persuasion
Dick,I,1,32,Persuasion
Dick,A,0,32,Persuasion
Dick,DC,2,32,Persuasion
Dick,DN,0,32,Persuasion
Dr Shirley,N,0,32,Persuasion
Dr Shirley,C,0,32,Persuasion
Dr Shirley,I,0,32,Persuasion
Dr Shirley,A,0,32,Persuasion
Dr Shirley,DC,0,32,Persuasion
Dr Shirley,DN,0,32,Persuasion
Edward,N,0,32,Persuasion
Edward,C,0,32,Persuasion
Edward,I,0,32,Persuasion
Edward,A,0,32,Persuasion
Edward,DC,0,32,Persuasion
Edward,DN,0,32,Persuasion
Elizabeth,N,0,32,Persuasion
Elizabeth,C,0,32,Persuasion
Elizabeth,I,0,32,Persuasion
Elizabeth,A,0,32,Persuasion
Elizabeth,DC,0,32,Persuasion
Elizabeth,DN,0,32,Persuasion
Frederick,N,0,32,Persuasion
Frederick,C,0,32,Persuasion
Frederick,I,0,32,Persuasion
Frederick,A,0,32,Persuasion
Frederick,DC,0,32,Persuasion
Frederick,DN,0,32,Persuasion
God,N,1,32,Persuasion
God,C,0,32,Persuasion
God,I,0,32,Persuasion
God,A,0,32,Persuasion
God,DC,1,32,Persuasion
God,DN,0,32,Persuasion
Henrietta,N,1,32,Persuasion
Henrietta,C,0,32,Persuasion
Henrietta,I,0,32,Persuasion
Henrietta,A,0,32,Persuasion
Henrietta,DC,0,32,Persuasion
Henrietta,DN,0,32,Persuasion
Jemima,N,0,32,Persuasion
Jemima,C,0,32,Persuasion
Jemima,I,0,32,Persuasion
Jemima,A,0,32,Persuasion
Jemima,DC,0,32,Persuasion
Jemima,DN,0,32,Persuasion
Kellynch,N,0,32,Persuasion
Kellynch,C,0,32,Persuasion
Kellynch,I,0,32,Persuasion
Kellynch,A,0,32,Persuasion
Kellynch,DC,0,32,Persuasion
Kellynch,DN,0,32,Persuasion
Lady Dalrymple,N,0,32,Persuasion
Lady Dalrymple,C,0,32,Persuasion
Lady Dalrymple,I,0,32,Persuasion
Lady Dalrymple,A,0,32,Persuasion
Lady Dalrymple,DC,0,32,Persuasion
Lady Dalrymple,DN,0,32,Persuasion
Lady Elliot,N,0,32,Persuasion
Lady Elliot,C,0,32,Persuasion
Lady Elliot,I,0,32,Persuasion
Lady Elliot,A,0,32,Persuasion
Lady Elliot,DC,0,32,Persuasion
Lady Elliot,DN,0,32,Persuasion
Lady Russell,N,0,32,Persuasion
Lady Russell,C,0,32,Persuasion
Lady Russell,I,0,32,Persuasion
Lady Russell,A,0,32,Persuasion
Lady Russell,DC,0,32,Persuasion
Lady Russell,DN,0,32,Persuasion
Louisa,N,2,32,Persuasion
Louisa,C,2,32,Persuasion
Louisa,I,3,32,Persuasion
Louisa,A,1,32,Persuasion
Louisa,DC,0,32,Persuasion
Louisa,DN,0,32,Persuasion
Mary,N,1,32,Persuasion
Mary,C,0,32,Persuasion
Mary,I,0,32,Persuasion
Mary,A,0,32,Persuasion
Mary,DC,0,32,Persuasion
Mary,DN,0,32,Persuasion
Miss Atkinson,N,0,32,Persuasion
Miss Atkinson,C,0,32,Persuasion
Miss Atkinson,I,0,32,Persuasion
Miss Atkinson,A,0,32,Persuasion
Miss Atkinson,DC,0,32,Persuasion
Miss Atkinson,DN,0,32,Persuasion
Miss Carteret,N,0,32,Persuasion
Miss Carteret,C,0,32,Persuasion
Miss Carteret,I,0,32,Persuasion
Miss Carteret,A,0,32,Persuasion
Miss Carteret,DC,0,32,Persuasion
Miss Carteret,DN,0,32,Persuasion
Miss Hamilton,N,0,32,Persuasion
Miss Hamilton,C,0,32,Persuasion
Miss Hamilton,I,0,32,Persuasion
Miss Hamilton,A,0,32,Persuasion
Miss Hamilton,DC,0,32,Persuasion
Miss Hamilton,DN,0,32,Persuasion
Mr Elliot,N,0,32,Persuasion
Mr Elliot,C,0,32,Persuasion
Mr Elliot,I,0,32,Persuasion
Mr Elliot,A,0,32,Persuasion
Mr Elliot,DC,0,32,Persuasion
Mr Elliot,DN,0,32,Persuasion
Mr Shepherd,N,0,32,Persuasion
Mr Shepherd,C,0,32,Persuasion
Mr Shepherd,I,0,32,Persuasion
Mr Shepherd,A,0,32,Persuasion
Mr Shepherd,DC,0,32,Persuasion
Mr Shepherd,DN,0,32,Persuasion
Mr Smith,N,0,32,Persuasion
Mr Smith,C,0,32,Persuasion
Mr Smith,I,0,32,Persuasion
Mr Smith,A,0,32,Persuasion
Mr Smith,DC,0,32,Persuasion
Mr Smith,DN,0,32,Persuasion
Mr Wentworth,N,0,32,Persuasion
Mr Wentworth,C,0,32,Persuasion
Mr Wentworth,I,0,32,Persuasion
Mr Wentworth,A,0,32,Persuasion
Mr Wentworth,DC,0,32,Persuasion
Mr Wentworth,DN,0,32,Persuasion
Mrs Clay,N,0,32,Persuasion
Mrs Clay,C,0,32,Persuasion
Mrs Clay,I,0,32,Persuasion
Mrs Clay,A,0,32,Persuasion
Mrs Clay,DC,0,32,Persuasion
Mrs Clay,DN,0,32,Persuasion
Mrs Croft,N,4,32,Persuasion
Mrs Croft,C,2,32,Persuasion
Mrs Croft,I,3,32,Persuasion
Mrs Croft,A,3,32,Persuasion
Mrs Croft,DC,1,32,Persuasion
Mrs Croft,DN,0,32,Persuasion
Mrs Harville,N,3,32,Persuasion
Mrs Harville,C,0,32,Persuasion
Mrs Harville,I,0,32,Persuasion
Mrs Harville,A,0,32,Persuasion
Mrs Harville,DC,1,32,Persuasion
Mrs Harville,DN,0,32,Persuasion
Mrs Musgrove,N,5,32,Persuasion
Mrs Musgrove,C,6,32,Persuasion
Mrs Musgrove,I,3,32,Persuasion
Mrs Musgrove,A,2,32,Persuasion
Mrs Musgrove,DC,1,32,Persuasion
Mrs Musgrove,DN,0,32,Persuasion
Mrs Rooke,N,0,32,Persuasion
Mrs Rooke,C,0,32,Persuasion
Mrs Rooke,I,0,32,Persuasion
Mrs Rooke,A,0,32,Persuasion
Mrs Rooke,DC,0,32,Persuasion
Mrs Rooke,DN,0,32,Persuasion
Mrs Shirley,N,0,32,Persuasion
Mrs Shirley,C,0,32,Persuasion
Mrs Shirley,I,0,32,Persuasion
Mrs Shirley,A,0,32,Persuasion
Mrs Shirley,DC,0,32,Persuasion
Mrs Shirley,DN,0,32,Persuasion
Mrs Smith,N,0,32,Persuasion
Mrs Smith,C,0,32,Persuasion
Mrs Smith,I,0,32,Persuasion
Mrs Smith,A,0,32,Persuasion
Mrs Smith,DC,0,32,Persuasion
Mrs Smith,DN,0,32,Persuasion
Mrs Wallis,N,0,32,Persuasion
Mrs Wallis,C,0,32,Persuasion
Mrs Wallis,I,0,32,Persuasion
Mrs Wallis,A,0,32,Persuasion
Mrs Wallis,DC,0,32,Persuasion
Mrs Wallis,DN,0,32,Persuasion
Nurse Rooke,N,0,32,Persuasion
Nurse Rooke,C,0,32,Persuasion
Nurse Rooke,I,0,32,Persuasion
Nurse Rooke,A,0,32,Persuasion
Nurse Rooke,DC,0,32,Persuasion
Nurse Rooke,DN,0,32,Persuasion
Penelope,N,0,32,Persuasion
Penelope,C,0,32,Persuasion
Penelope,I,0,32,Persuasion
Penelope,A,0,32,Persuasion
Penelope,DC,0,32,Persuasion
Penelope,DN,0,32,Persuasion
Sir Walter,N,0,32,Persuasion
Sir Walter,C,0,32,Persuasion
Sir Walter,I,0,32,Persuasion
Sir Walter,A,0,32,Persuasion
Sir Walter,DC,0,32,Persuasion
Sir Walter,DN,0,32,Persuasion
Sophy,N,1,32,Persuasion
Sophy,C,0,32,Persuasion
Sophy,I,0,32,Persuasion
Sophy,A,0,32,Persuasion
Sophy,DC,0,32,Persuasion
Sophy,DN,0,32,Persuasion
The Mr Musgroves,N,0,32,Persuasion
The Mr Musgroves,C,0,32,Persuasion
The Mr Musgroves,I,0,32,Persuasion
The Mr Musgroves,A,0,32,Persuasion
The Mr Musgroves,DC,0,32,Persuasion
The Mr Musgroves,DN,0,32,Persuasion
The little Durands,N,0,32,Persuasion
The little Durands,C,0,32,Persuasion
The little Durands,I,0,32,Persuasion
The little Durands,A,0,32,Persuasion
The little Durands,DC,0,32,Persuasion
The little Durands,DN,0,32,Persuasion
Winthrop,N,0,32,Persuasion
Winthrop,C,0,32,Persuasion
Winthrop,I,0,32,Persuasion
Winthrop,A,0,32,Persuasion
Winthrop,DC,0,32,Persuasion
Winthrop,DN,0,32,Persuasion
old Sir Archibald Drew,N,0,32,Persuasion
old Sir Archibald Drew,C,0,32,Persuasion
old Sir Archibald Drew,I,0,32,Persuasion
old Sir Archibald Drew,A,0,32,Persuasion
old Sir Archibald Drew,DC,0,32,Persuasion
old Sir Archibald Drew,DN,0,32,Persuasion
the Asp,N,3,32,Persuasion
the Asp,C,0,32,Persuasion
the Asp,I,0,32,Persuasion
the Asp,A,1,32,Persuasion
the Asp,DC,3,32,Persuasion
the Asp,DN,0,32,Persuasion
the Crofts,N,0,32,Persuasion
the Crofts,C,0,32,Persuasion
the Crofts,I,0,32,Persuasion
the Crofts,A,0,32,Persuasion
the Crofts,DC,0,32,Persuasion
the Crofts,DN,0,32,Persuasion
the Dalrymples,N,0,32,Persuasion
the Dalrymples,C,0,32,Persuasion
the Dalrymples,I,0,32,Persuasion
the Dalrymples,A,0,32,Persuasion
the Dalrymples,DC,0,32,Persuasion
the Dalrymples,DN,0,32,Persuasion
the Harvilles,N,0,32,Persuasion
the Harvilles,C,0,32,Persuasion
the Harvilles,I,0,32,Persuasion
the Harvilles,A,0,32,Persuasion
the Harvilles,DC,0,32,Persuasion
the Harvilles,DN,0,32,Persuasion
the Hayters,N,1,32,Persuasion
the Hayters,C,0,32,Persuasion
the Hayters,I,1,32,Persuasion
the Hayters,A,0,32,Persuasion
the Hayters,DC,0,32,Persuasion
the Hayters,DN,0,32,Persuasion
the Miss Musgroves,N,3,32,Persuasion
the Miss Musgroves,C,2,32,Persuasion
the Miss Musgroves,I,1,32,Persuasion
the Miss Musgroves,A,2,32,Persuasion
the Miss Musgroves,DC,0,32,Persuasion
the Miss Musgroves,DN,1,32,Persuasion
Admiral Baldwin,N,0,33,Persuasion
Admiral Baldwin,C,0,33,Persuasion
Admiral Baldwin,I,0,33,Persuasion
Admiral Baldwin,A,0,33,Persuasion
Admiral Baldwin,DC,0,33,Persuasion
Admiral Baldwin,DN,0,33,Persuasion
Admiral Croft,N,0,33,Persuasion
Admiral Croft,C,0,33,Persuasion
Admiral Croft,I,0,33,Persuasion
Admiral Croft,A,0,33,Persuasion
Admiral Croft,DC,0,33,Persuasion
Admiral Croft,DN,0,33,Persuasion
Anne,N,8,33,Persuasion
Anne,C,2,33,Persuasion
Anne,I,6,33,Persuasion
Anne,A,8,33,Persuasion
Anne,DC,2,33,Persuasion
Anne,DN,3,33,Persuasion
Captain Benwick,N,0,33,Persuasion
Captain Benwick,C,0,33,Persuasion
Captain Benwick,I,0,33,Persuasion
Captain Benwick,A,0,33,Persuasion
Captain Benwick,DC,0,33,Persuasion
Captain Benwick,DN,0,33,Persuasion
Captain Harville,N,0,33,Persuasion
Captain Harville,C,0,33,Persuasion
Captain Harville,I,0,33,Persuasion
Captain Harville,A,0,33,Persuasion
Captain Harville,DC,0,33,Persuasion
Captain Harville,DN,0,33,Persuasion
Captain Wentworth,N,28,33,Persuasion
Captain Wentworth,C,2,33,Persuasion
Captain Wentworth,I,7,33,Persuasion
Captain Wentworth,A,25,33,Persuasion
Captain Wentworth,DC,10,33,Persuasion
Captain Wentworth,DN,3,33,Persuasion
Charles,N,28,33,Persuasion
Charles,C,5,33,Persuasion
Charles,I,7,33,Persuasion
Charles,A,15,33,Persuasion
Charles,DC,7,33,Persuasion
Charles,DN,5,33,Persuasion
Colonel Wallis,N,0,33,Persuasion
Colonel Wallis,C,0,33,Persuasion
Colonel Wallis,I,0,33,Persuasion
Colonel Wallis,A,0,33,Persuasion
Colonel Wallis,DC,0,33,Persuasion
Colonel Wallis,DN,0,33,Persuasion
Dear Smith,N,0,33,Persuasion
Dear Smith,C,0,33,Persuasion
Dear Smith,I,0,33,Persuasion
Dear Smith,A,0,33,Persuasion
Dear Smith,DC,0,33,Persuasion
Dear Smith,DN,0,33,Persuasion
Dick,N,0,33,Persuasion
Dick,C,0,33,Persuasion
Dick,I,0,33,Persuasion
Dick,A,0,33,Persuasion
Dick,DC,0,33,Persuasion
Dick,DN,0,33,Persuasion
Dr Shirley,N,5,33,Persuasion
Dr Shirley,C,0,33,Persuasion
Dr Shirley,I,0,33,Persuasion
Dr Shirley,A,2,33,Persuasion
Dr Shirley,DC,1,33,Persuasion
Dr Shirley,DN,0,33,Persuasion
Edward,N,1,33,Persuasion
Edward,C,0,33,Persuasion
Edward,I,0,33,Persuasion
Edward,A,0,33,Persuasion
Edward,DC,0,33,Persuasion
Edward,DN,0,33,Persuasion
Elizabeth,N,0,33,Persuasion
Elizabeth,C,0,33,Persuasion
Elizabeth,I,0,33,Persuasion
Elizabeth,A,0,33,Persuasion
Elizabeth,DC,0,33,Persuasion
Elizabeth,DN,0,33,Persuasion
Frederick,N,1,33,Persuasion
Frederick,C,0,33,Persuasion
Frederick,I,0,33,Persuasion
Frederick,A,0,33,Persuasion
Frederick,DC,1,33,Persuasion
Frederick,DN,0,33,Persuasion
God,N,0,33,Persuasion
God,C,0,33,Persuasion
God,I,0,33,Persuasion
God,A,0,33,Persuasion
God,DC,0,33,Persuasion
God,DN,0,33,Persuasion
Henrietta,N,22,33,Persuasion
Henrietta,C,0,33,Persuasion
Henrietta,I,7,33,Persuasion
Henrietta,A,9,33,Persuasion
Henrietta,DC,10,33,Persuasion
Henrietta,DN,1,33,Persuasion
Jemima,N,0,33,Persuasion
Jemima,C,0,33,Persuasion
Jemima,I,0,33,Persuasion
Jemima,A,0,33,Persuasion
Jemima,DC,0,33,Persuasion
Jemima,DN,0,33,Persuasion
Kellynch,N,0,33,Persuasion
Kellynch,C,0,33,Persuasion
Kellynch,I,0,33,Persuasion
Kellynch,A,0,33,Persuasion
Kellynch,DC,0,33,Persuasion
Kellynch,DN,0,33,Persuasion
Lady Dalrymple,N,0,33,Persuasion
Lady Dalrymple,C,0,33,Persuasion
Lady Dalrymple,I,0,33,Persuasion
Lady Dalrymple,A,0,33,Persuasion
Lady Dalrymple,DC,0,33,Persuasion
Lady Dalrymple,DN,0,33,Persuasion
Lady Elliot,N,0,33,Persuasion
Lady Elliot,C,0,33,Persuasion
Lady Elliot,I,0,33,Persuasion
Lady Elliot,A,0,33,Persuasion
Lady Elliot,DC,0,33,Persuasion
Lady Elliot,DN,0,33,Persuasion
Lady Russell,N,0,33,Persuasion
Lady Russell,C,0,33,Persuasion
Lady Russell,I,0,33,Persuasion
Lady Russell,A,0,33,Persuasion
Lady Russell,DC,0,33,Persuasion
Lady Russell,DN,0,33,Persuasion
Louisa,N,10,33,Persuasion
Louisa,C,1,33,Persuasion
Louisa,I,3,33,Persuasion
Louisa,A,6,33,Persuasion
Louisa,DC,3,33,Persuasion
Louisa,DN,1,33,Persuasion
Mary,N,6,33,Persuasion
Mary,C,6,33,Persuasion
Mary,I,8,33,Persuasion
Mary,A,3,33,Persuasion
Mary,DC,3,33,Persuasion
Mary,DN,0,33,Persuasion
Miss Atkinson,N,0,33,Persuasion
Miss Atkinson,C,0,33,Persuasion
Miss Atkinson,I,0,33,Persuasion
Miss Atkinson,A,0,33,Persuasion
Miss Atkinson,DC,0,33,Persuasion
Miss Atkinson,DN,0,33,Persuasion
Miss Carteret,N,0,33,Persuasion
Miss Carteret,C,0,33,Persuasion
Miss Carteret,I,0,33,Persuasion
Miss Carteret,A,0,33,Persuasion
Miss Carteret,DC,0,33,Persuasion
Miss Carteret,DN,0,33,Persuasion
Miss Hamilton,N,0,33,Persuasion
Miss Hamilton,C,0,33,Persuasion
Miss Hamilton,I,0,33,Persuasion
Miss Hamilton,A,0,33,Persuasion
Miss Hamilton,DC,0,33,Persuasion
Miss Hamilton,DN,0,33,Persuasion
Mr Elliot,N,0,33,Persuasion
Mr Elliot,C,0,33,Persuasion
Mr Elliot,I,0,33,Persuasion
Mr Elliot,A,0,33,Persuasion
Mr Elliot,DC,0,33,Persuasion
Mr Elliot,DN,0,33,Persuasion
Mr Shepherd,N,0,33,Persuasion
Mr Shepherd,C,0,33,Persuasion
Mr Shepherd,I,0,33,Persuasion
Mr Shepherd,A,0,33,Persuasion
Mr Shepherd,DC,0,33,Persuasion
Mr Shepherd,DN,0,33,Persuasion
Mr Smith,N,0,33,Persuasion
Mr Smith,C,0,33,Persuasion
Mr Smith,I,0,33,Persuasion
Mr Smith,A,0,33,Persuasion
Mr Smith,DC,0,33,Persuasion
Mr Smith,DN,0,33,Persuasion
Mr Wentworth,N,0,33,Persuasion
Mr Wentworth,C,0,33,Persuasion
Mr Wentworth,I,0,33,Persuasion
Mr Wentworth,A,0,33,Persuasion
Mr Wentworth,DC,0,33,Persuasion
Mr Wentworth,DN,0,33,Persuasion
Mrs Clay,N,0,33,Persuasion
Mrs Clay,C,0,33,Persuasion
Mrs Clay,I,0,33,Persuasion
Mrs Clay,A,0,33,Persuasion
Mrs Clay,DC,0,33,Persuasion
Mrs Clay,DN,0,33,Persuasion
Mrs Croft,N,1,33,Persuasion
Mrs Croft,C,0,33,Persuasion
Mrs Croft,I,0,33,Persuasion
Mrs Croft,A,0,33,Persuasion
Mrs Croft,DC,0,33,Persuasion
Mrs Croft,DN,0,33,Persuasion
Mrs Harville,N,0,33,Persuasion
Mrs Harville,C,0,33,Persuasion
Mrs Harville,I,0,33,Persuasion
Mrs Harville,A,0,33,Persuasion
Mrs Harville,DC,0,33,Persuasion
Mrs Harville,DN,0,33,Persuasion
Mrs Musgrove,N,5,33,Persuasion
Mrs Musgrove,C,0,33,Persuasion
Mrs Musgrove,I,0,33,Persuasion
Mrs Musgrove,A,0,33,Persuasion
Mrs Musgrove,DC,1,33,Persuasion
Mrs Musgrove,DN,1,33,Persuasion
Mrs Rooke,N,0,33,Persuasion
Mrs Rooke,C,0,33,Persuasion
Mrs Rooke,I,0,33,Persuasion
Mrs Rooke,A,0,33,Persuasion
Mrs Rooke,DC,0,33,Persuasion
Mrs Rooke,DN,0,33,Persuasion
Mrs Shirley,N,0,33,Persuasion
Mrs Shirley,C,0,33,Persuasion
Mrs Shirley,I,0,33,Persuasion
Mrs Shirley,A,0,33,Persuasion
Mrs Shirley,DC,0,33,Persuasion
Mrs Shirley,DN,0,33,Persuasion
Mrs Smith,N,0,33,Persuasion
Mrs Smith,C,0,33,Persuasion
Mrs Smith,I,0,33,Persuasion
Mrs Smith,A,0,33,Persuasion
Mrs Smith,DC,0,33,Persuasion
Mrs Smith,DN,0,33,Persuasion
Mrs Wallis,N,0,33,Persuasion
Mrs Wallis,C,0,33,Persuasion
Mrs Wallis,I,0,33,Persuasion
Mrs Wallis,A,0,33,Persuasion
Mrs Wallis,DC,0,33,Persuasion
Mrs Wallis,DN,0,33,Persuasion
Nurse Rooke,N,0,33,Persuasion
Nurse Rooke,C,0,33,Persuasion
Nurse Rooke,I,0,33,Persuasion
Nurse Rooke,A,0,33,Persuasion
Nurse Rooke,DC,0,33,Persuasion
Nurse Rooke,DN,0,33,Persuasion
Penelope,N,0,33,Persuasion
Penelope,C,0,33,Persuasion
Penelope,I,0,33,Persuasion
Penelope,A,0,33,Persuasion
Penelope,DC,0,33,Persuasion
Penelope,DN,0,33,Persuasion
Sir Walter,N,5,33,Persuasion
Sir Walter,C,1,33,Persuasion
Sir Walter,I,4,33,Persuasion
Sir Walter,A,5,33,Persuasion
Sir Walter,DC,4,33,Persuasion
Sir Walter,DN,1,33,Persuasion
Sophy,N,0,33,Persuasion
Sophy,C,0,33,Persuasion
Sophy,I,0,33,Persuasion
Sophy,A,0,33,Persuasion
Sophy,DC,0,33,Persuasion
Sophy,DN,0,33,Persuasion
The Mr Musgroves,N,0,33,Persuasion
The Mr Musgroves,C,0,33,Persuasion
The Mr Musgroves,I,0,33,Persuasion
The Mr Musgroves,A,0,33,Persuasion
The Mr Musgroves,DC,0,33,Persuasion
The Mr Musgroves,DN,0,33,Persuasion
The little Durands,N,0,33,Persuasion
The little Durands,C,0,33,Persuasion
The little Durands,I,0,33,Persuasion
The little Durands,A,0,33,Persuasion
The little Durands,DC,0,33,Persuasion
The little Durands,DN,0,33,Persuasion
Winthrop,N,1,33,Persuasion
Winthrop,C,0,33,Persuasion
Winthrop,I,0,33,Persuasion
Winthrop,A,1,33,Persuasion
Winthrop,DC,1,33,Persuasion
Winthrop,DN,0,33,Persuasion
old Sir Archibald Drew,N,0,33,Persuasion
old Sir Archibald Drew,C,0,33,Persuasion
old Sir Archibald Drew,I,0,33,Persuasion
old Sir Archibald Drew,A,0,33,Persuasion
old Sir Archibald Drew,DC,0,33,Persuasion
old Sir Archibald Drew,DN,0,33,Persuasion
the Asp,N,0,33,Persuasion
the Asp,C,0,33,Persuasion
the Asp,I,0,33,Persuasion
the Asp,A,0,33,Persuasion
the Asp,DC,0,33,Persuasion
the Asp,DN,0,33,Persuasion
the Crofts,N,0,33,Persuasion
the Crofts,C,0,33,Persuasion
the Crofts,I,0,33,Persuasion
the Crofts,A,0,33,Persuasion
the Crofts,DC,0,33,Persuasion
the Crofts,DN,0,33,Persuasion
the Dalrymples,N,0,33,Persuasion
the Dalrymples,C,0,33,Persuasion
the Dalrymples,I,0,33,Persuasion
the Dalrymples,A,0,33,Persuasion
the Dalrymples,DC,0,33,Persuasion
the Dalrymples,DN,0,33,Persuasion
the Harvilles,N,0,33,Persuasion
the Harvilles,C,0,33,Persuasion
the Harvilles,I,0,33,Persuasion
the Harvilles,A,0,33,Persuasion
the Harvilles,DC,0,33,Persuasion
the Harvilles,DN,0,33,Persuasion
the Hayters,N,1,33,Persuasion
the Hayters,C,0,33,Persuasion
the Hayters,I,1,33,Persuasion
the Hayters,A,0,33,Persuasion
the Hayters,DC,2,33,Persuasion
the Hayters,DN,0,33,Persuasion
the Miss Musgroves,N,8,33,Persuasion
the Miss Musgroves,C,0,33,Persuasion
the Miss Musgroves,I,0,33,Persuasion
the Miss Musgroves,A,2,33,Persuasion
the Miss Musgroves,DC,2,33,Persuasion
the Miss Musgroves,DN,2,33,Persuasion
Admiral Baldwin,N,0,34,Persuasion
Admiral Baldwin,C,0,34,Persuasion
Admiral Baldwin,I,0,34,Persuasion
Admiral Baldwin,A,0,34,Persuasion
Admiral Baldwin,DC,0,34,Persuasion
Admiral Baldwin,DN,0,34,Persuasion
Admiral Croft,N,2,34,Persuasion
Admiral Croft,C,0,34,Persuasion
Admiral Croft,I,1,34,Persuasion
Admiral Croft,A,0,34,Persuasion
Admiral Croft,DC,1,34,Persuasion
Admiral Croft,DN,0,34,Persuasion
Anne,N,26,34,Persuasion
Anne,C,1,34,Persuasion
Anne,I,20,34,Persuasion
Anne,A,25,34,Persuasion
Anne,DC,11,34,Persuasion
Anne,DN,6,34,Persuasion
Captain Benwick,N,0,34,Persuasion
Captain Benwick,C,0,34,Persuasion
Captain Benwick,I,0,34,Persuasion
Captain Benwick,A,0,34,Persuasion
Captain Benwick,DC,0,34,Persuasion
Captain Benwick,DN,0,34,Persuasion
Captain Harville,N,0,34,Persuasion
Captain Harville,C,0,34,Persuasion
Captain Harville,I,0,34,Persuasion
Captain Harville,A,0,34,Persuasion
Captain Harville,DC,0,34,Persuasion
Captain Harville,DN,0,34,Persuasion
Captain Wentworth,N,15,34,Persuasion
Captain Wentworth,C,5,34,Persuasion
Captain Wentworth,I,9,34,Persuasion
Captain Wentworth,A,8,34,Persuasion
Captain Wentworth,DC,2,34,Persuasion
Captain Wentworth,DN,4,34,Persuasion
Charles,N,17,34,Persuasion
Charles,C,1,34,Persuasion
Charles,I,3,34,Persuasion
Charles,A,15,34,Persuasion
Charles,DC,6,34,Persuasion
Charles,DN,3,34,Persuasion
Colonel Wallis,N,0,34,Persuasion
Colonel Wallis,C,0,34,Persuasion
Colonel Wallis,I,0,34,Persuasion
Colonel Wallis,A,0,34,Persuasion
Colonel Wallis,DC,0,34,Persuasion
Colonel Wallis,DN,0,34,Persuasion
Dear Smith,N,0,34,Persuasion
Dear Smith,C,0,34,Persuasion
Dear Smith,I,0,34,Persuasion
Dear Smith,A,0,34,Persuasion
Dear Smith,DC,0,34,Persuasion
Dear Smith,DN,0,34,Persuasion
Dick,N,0,34,Persuasion
Dick,C,0,34,Persuasion
Dick,I,0,34,Persuasion
Dick,A,0,34,Persuasion
Dick,DC,0,34,Persuasion
Dick,DN,0,34,Persuasion
Dr Shirley,N,0,34,Persuasion
Dr Shirley,C,0,34,Persuasion
Dr Shirley,I,0,34,Persuasion
Dr Shirley,A,0,34,Persuasion
Dr Shirley,DC,0,34,Persuasion
Dr Shirley,DN,0,34,Persuasion
Edward,N,0,34,Persuasion
Edward,C,0,34,Persuasion
Edward,I,0,34,Persuasion
Edward,A,0,34,Persuasion
Edward,DC,0,34,Persuasion
Edward,DN,0,34,Persuasion
Elizabeth,N,0,34,Persuasion
Elizabeth,C,0,34,Persuasion
Elizabeth,I,0,34,Persuasion
Elizabeth,A,0,34,Persuasion
Elizabeth,DC,0,34,Persuasion
Elizabeth,DN,0,34,Persuasion
Frederick,N,2,34,Persuasion
Frederick,C,0,34,Persuasion
Frederick,I,0,34,Persuasion
Frederick,A,1,34,Persuasion
Frederick,DC,0,34,Persuasion
Frederick,DN,0,34,Persuasion
God,N,0,34,Persuasion
God,C,0,34,Persuasion
God,I,0,34,Persuasion
God,A,0,34,Persuasion
God,DC,0,34,Persuasion
God,DN,0,34,Persuasion
Henrietta,N,10,34,Persuasion
Henrietta,C,0,34,Persuasion
Henrietta,I,0,34,Persuasion
Henrietta,A,5,34,Persuasion
Henrietta,DC,3,34,Persuasion
Henrietta,DN,1,34,Persuasion
Jemima,N,0,34,Persuasion
Jemima,C,0,34,Persuasion
Jemima,I,0,34,Persuasion
Jemima,A,0,34,Persuasion
Jemima,DC,0,34,Persuasion
Jemima,DN,0,34,Persuasion
Kellynch,N,1,34,Persuasion
Kellynch,C,0,34,Persuasion
Kellynch,I,0,34,Persuasion
Kellynch,A,0,34,Persuasion
Kellynch,DC,0,34,Persuasion
Kellynch,DN,0,34,Persuasion
Lady Dalrymple,N,0,34,Persuasion
Lady Dalrymple,C,0,34,Persuasion
Lady Dalrymple,I,0,34,Persuasion
Lady Dalrymple,A,0,34,Persuasion
Lady Dalrymple,DC,0,34,Persuasion
Lady Dalrymple,DN,0,34,Persuasion
Lady Elliot,N,0,34,Persuasion
Lady Elliot,C,0,34,Persuasion
Lady Elliot,I,0,34,Persuasion
Lady Elliot,A,0,34,Persuasion
Lady Elliot,DC,0,34,Persuasion
Lady Elliot,DN,0,34,Persuasion
Lady Russell,N,2,34,Persuasion
Lady Russell,C,0,34,Persuasion
Lady Russell,I,0,34,Persuasion
Lady Russell,A,0,34,Persuasion
Lady Russell,DC,2,34,Persuasion
Lady Russell,DN,0,34,Persuasion
Louisa,N,19,34,Persuasion
Louisa,C,8,34,Persuasion
Louisa,I,13,34,Persuasion
Louisa,A,21,34,Persuasion
Louisa,DC,1,34,Persuasion
Louisa,DN,3,34,Persuasion
Mary,N,18,34,Persuasion
Mary,C,5,34,Persuasion
Mary,I,9,34,Persuasion
Mary,A,11,34,Persuasion
Mary,DC,8,34,Persuasion
Mary,DN,5,34,Persuasion
Miss Atkinson,N,0,34,Persuasion
Miss Atkinson,C,0,34,Persuasion
Miss Atkinson,I,0,34,Persuasion
Miss Atkinson,A,0,34,Persuasion
Miss Atkinson,DC,0,34,Persuasion
Miss Atkinson,DN,0,34,Persuasion
Miss Carteret,N,0,34,Persuasion
Miss Carteret,C,0,34,Persuasion
Miss Carteret,I,0,34,Persuasion
Miss Carteret,A,0,34,Persuasion
Miss Carteret,DC,0,34,Persuasion
Miss Carteret,DN,0,34,Persuasion
Miss Hamilton,N,0,34,Persuasion
Miss Hamilton,C,0,34,Persuasion
Miss Hamilton,I,0,34,Persuasion
Miss Hamilton,A,0,34,Persuasion
Miss Hamilton,DC,0,34,Persuasion
Miss Hamilton,DN,0,34,Persuasion
Mr Elliot,N,0,34,Persuasion
Mr Elliot,C,0,34,Persuasion
Mr Elliot,I,0,34,Persuasion
Mr Elliot,A,0,34,Persuasion
Mr Elliot,DC,0,34,Persuasion
Mr Elliot,DN,0,34,Persuasion
Mr Shepherd,N,0,34,Persuasion
Mr Shepherd,C,0,34,Persuasion
Mr Shepherd,I,0,34,Persuasion
Mr Shepherd,A,0,34,Persuasion
Mr Shepherd,DC,0,34,Persuasion
Mr Shepherd,DN,0,34,Persuasion
Mr Smith,N,0,34,Persuasion
Mr Smith,C,0,34,Persuasion
Mr Smith,I,0,34,Persuasion
Mr Smith,A,0,34,Persuasion
Mr Smith,DC,0,34,Persuasion
Mr Smith,DN,0,34,Persuasion
Mr Wentworth,N,0,34,Persuasion
Mr Wentworth,C,0,34,Persuasion
Mr Wentworth,I,0,34,Persuasion
Mr Wentworth,A,0,34,Persuasion
Mr Wentworth,DC,0,34,Persuasion
Mr Wentworth,DN,0,34,Persuasion
Mrs Clay,N,0,34,Persuasion
Mrs Clay,C,0,34,Persuasion
Mrs Clay,I,0,34,Persuasion
Mrs Clay,A,0,34,Persuasion
Mrs Clay,DC,0,34,Persuasion
Mrs Clay,DN,0,34,Persuasion
Mrs Croft,N,3,34,Persuasion
Mrs Croft,C,6,34,Persuasion
Mrs Croft,I,3,34,Persuasion
Mrs Croft,A,0,34,Persuasion
Mrs Croft,DC,0,34,Persuasion
Mrs Croft,DN,0,34,Persuasion
Mrs Harville,N,0,34,Persuasion
Mrs Harville,C,0,34,Persuasion
Mrs Harville,I,0,34,Persuasion
Mrs Harville,A,0,34,Persuasion
Mrs Harville,DC,0,34,Persuasion
Mrs Harville,DN,0,34,Persuasion
Mrs Musgrove,N,2,34,Persuasion
Mrs Musgrove,C,0,34,Persuasion
Mrs Musgrove,I,0,34,Persuasion
Mrs Musgrove,A,0,34,Persuasion
Mrs Musgrove,DC,0,34,Persuasion
Mrs Musgrove,DN,0,34,Persuasion
Mrs Rooke,N,0,34,Persuasion
Mrs Rooke,C,0,34,Persuasion
Mrs Rooke,I,0,34,Persuasion
Mrs Rooke,A,0,34,Persuasion
Mrs Rooke,DC,0,34,Persuasion
Mrs Rooke,DN,0,34,Persuasion
Mrs Shirley,N,0,34,Persuasion
Mrs Shirley,C,0,34,Persuasion
Mrs Shirley,I,0,34,Persuasion
Mrs Shirley,A,0,34,Persuasion
Mrs Shirley,DC,0,34,Persuasion
Mrs Shirley,DN,0,34,Persuasion
Mrs Smith,N,0,34,Persuasion
Mrs Smith,C,0,34,Persuasion
Mrs Smith,I,0,34,Persuasion
Mrs Smith,A,0,34,Persuasion
Mrs Smith,DC,0,34,Persuasion
Mrs Smith,DN,0,34,Persuasion
Mrs Wallis,N,0,34,Persuasion
Mrs Wallis,C,0,34,Persuasion
Mrs Wallis,I,0,34,Persuasion
Mrs Wallis,A,0,34,Persuasion
Mrs Wallis,DC,0,34,Persuasion
Mrs Wallis,DN,0,34,Persuasion
Nurse Rooke,N,0,34,Persuasion
Nurse Rooke,C,0,34,Persuasion
Nurse Rooke,I,0,34,Persuasion
Nurse Rooke,A,0,34,Persuasion
Nurse Rooke,DC,0,34,Persuasion
Nurse Rooke,DN,0,34,Persuasion
Penelope,N,0,34,Persuasion
Penelope,C,0,34,Persuasion
Penelope,I,0,34,Persuasion
Penelope,A,0,34,Persuasion
Penelope,DC,0,34,Persuasion
Penelope,DN,0,34,Persuasion
Sir Walter,N,0,34,Persuasion
Sir Walter,C,0,34,Persuasion
Sir Walter,I,0,34,Persuasion
Sir Walter,A,0,34,Persuasion
Sir Walter,DC,0,34,Persuasion
Sir Walter,DN,0,34,Persuasion
Sophy,N,1,34,Persuasion
Sophy,C,0,34,Persuasion
Sophy,I,0,34,Persuasion
Sophy,A,0,34,Persuasion
Sophy,DC,0,34,Persuasion
Sophy,DN,0,34,Persuasion
The Mr Musgroves,N,0,34,Persuasion
The Mr Musgroves,C,0,34,Persuasion
The Mr Musgroves,I,0,34,Persuasion
The Mr Musgroves,A,0,34,Persuasion
The Mr Musgroves,DC,0,34,Persuasion
The Mr Musgroves,DN,0,34,Persuasion
The little Durands,N,0,34,Persuasion
The little Durands,C,0,34,Persuasion
The little Durands,I,0,34,Persuasion
The little Durands,A,0,34,Persuasion
The little Durands,DC,0,34,Persuasion
The little Durands,DN,0,34,Persuasion
Winthrop,N,4,34,Persuasion
Winthrop,C,0,34,Persuasion
Winthrop,I,0,34,Persuasion
Winthrop,A,1,34,Persuasion
Winthrop,DC,2,34,Persuasion
Winthrop,DN,0,34,Persuasion
old Sir Archibald Drew,N,0,34,Persuasion
old Sir Archibald Drew,C,0,34,Persuasion
old Sir Archibald Drew,I,0,34,Persuasion
old Sir Archibald Drew,A,0,34,Persuasion
old Sir Archibald Drew,DC,0,34,Persuasion
old Sir Archibald Drew,DN,0,34,Persuasion
the Asp,N,0,34,Persuasion
the Asp,C,0,34,Persuasion
the Asp,I,0,34,Persuasion
the Asp,A,0,34,Persuasion
the Asp,DC,0,34,Persuasion
the Asp,DN,0,34,Persuasion
the Crofts,N,0,34,Persuasion
the Crofts,C,0,34,Persuasion
the Crofts,I,0,34,Persuasion
the Crofts,A,0,34,Persuasion
the Crofts,DC,0,34,Persuasion
the Crofts,DN,0,34,Persuasion
the Dalrymples,N,0,34,Persuasion
the Dalrymples,C,0,34,Persuasion
the Dalrymples,I,0,34,Persuasion
the Dalrymples,A,0,34,Persuasion
the Dalrymples,DC,0,34,Persuasion
the Dalrymples,DN,0,34,Persuasion
the Harvilles,N,0,34,Persuasion
the Harvilles,C,0,34,Persuasion
the Harvilles,I,0,34,Persuasion
the Harvilles,A,0,34,Persuasion
the Harvilles,DC,0,34,Persuasion
the Harvilles,DN,0,34,Persuasion
the Hayters,N,0,34,Persuasion
the Hayters,C,0,34,Persuasion
the Hayters,I,0,34,Persuasion
the Hayters,A,0,34,Persuasion
the Hayters,DC,0,34,Persuasion
the Hayters,DN,0,34,Persuasion
the Miss Musgroves,N,4,34,Persuasion
the Miss Musgroves,C,0,34,Persuasion
the Miss Musgroves,I,0,34,Persuasion
the Miss Musgroves,A,1,34,Persuasion
the Miss Musgroves,DC,0,34,Persuasion
the Miss Musgroves,DN,1,34,Persuasion
Admiral Baldwin,N,0,35,Persuasion
Admiral Baldwin,C,0,35,Persuasion
Admiral Baldwin,I,0,35,Persuasion
Admiral Baldwin,A,0,35,Persuasion
Admiral Baldwin,DC,0,35,Persuasion
Admiral Baldwin,DN,0,35,Persuasion
Admiral Croft,N,0,35,Persuasion
Admiral Croft,C,0,35,Persuasion
Admiral Croft,I,0,35,Persuasion
Admiral Croft,A,0,35,Persuasion
Admiral Croft,DC,0,35,Persuasion
Admiral Croft,DN,0,35,Persuasion
Anne,N,11,35,Persuasion
Anne,C,3,35,Persuasion
Anne,I,13,35,Persuasion
Anne,A,21,35,Persuasion
Anne,DC,0,35,Persuasion
Anne,DN,3,35,Persuasion
Captain Benwick,N,11,35,Persuasion
Captain Benwick,C,0,35,Persuasion
Captain Benwick,I,4,35,Persuasion
Captain Benwick,A,11,35,Persuasion
Captain Benwick,DC,4,35,Persuasion
Captain Benwick,DN,3,35,Persuasion
Captain Harville,N,12,35,Persuasion
Captain Harville,C,0,35,Persuasion
Captain Harville,I,1,35,Persuasion
Captain Harville,A,10,35,Persuasion
Captain Harville,DC,0,35,Persuasion
Captain Harville,DN,4,35,Persuasion
Captain Wentworth,N,19,35,Persuasion
Captain Wentworth,C,0,35,Persuasion
Captain Wentworth,I,3,35,Persuasion
Captain Wentworth,A,7,35,Persuasion
Captain Wentworth,DC,0,35,Persuasion
Captain Wentworth,DN,2,35,Persuasion
Charles,N,3,35,Persuasion
Charles,C,0,35,Persuasion
Charles,I,0,35,Persuasion
Charles,A,0,35,Persuasion
Charles,DC,0,35,Persuasion
Charles,DN,0,35,Persuasion
Colonel Wallis,N,0,35,Persuasion
Colonel Wallis,C,0,35,Persuasion
Colonel Wallis,I,0,35,Persuasion
Colonel Wallis,A,0,35,Persuasion
Colonel Wallis,DC,0,35,Persuasion
Colonel Wallis,DN,0,35,Persuasion
Dear Smith,N,0,35,Persuasion
Dear Smith,C,0,35,Persuasion
Dear Smith,I,0,35,Persuasion
Dear Smith,A,0,35,Persuasion
Dear Smith,DC,0,35,Persuasion
Dear Smith,DN,0,35,Persuasion
Dick,N,0,35,Persuasion
Dick,C,0,35,Persuasion
Dick,I,0,35,Persuasion
Dick,A,0,35,Persuasion
Dick,DC,0,35,Persuasion
Dick,DN,0,35,Persuasion
Dr Shirley,N,0,35,Persuasion
Dr Shirley,C,0,35,Persuasion
Dr Shirley,I,0,35,Persuasion
Dr Shirley,A,0,35,Persuasion
Dr Shirley,DC,0,35,Persuasion
Dr Shirley,DN,0,35,Persuasion
Edward,N,0,35,Persuasion
Edward,C,0,35,Persuasion
Edward,I,0,35,Persuasion
Edward,A,0,35,Persuasion
Edward,DC,0,35,Persuasion
Edward,DN,0,35,Persuasion
Elizabeth,N,0,35,Persuasion
Elizabeth,C,0,35,Persuasion
Elizabeth,I,0,35,Persuasion
Elizabeth,A,0,35,Persuasion
Elizabeth,DC,0,35,Persuasion
Elizabeth,DN,0,35,Persuasion
Frederick,N,0,35,Persuasion
Frederick,C,0,35,Persuasion
Frederick,I,0,35,Persuasion
Frederick,A,0,35,Persuasion
Frederick,DC,0,35,Persuasion
Frederick,DN,0,35,Persuasion
God,N,0,35,Persuasion
God,C,0,35,Persuasion
God,I,0,35,Persuasion
God,A,0,35,Persuasion
God,DC,0,35,Persuasion
God,DN,0,35,Persuasion
Henrietta,N,1,35,Persuasion
Henrietta,C,0,35,Persuasion
Henrietta,I,0,35,Persuasion
Henrietta,A,0,35,Persuasion
Henrietta,DC,0,35,Persuasion
Henrietta,DN,0,35,Persuasion
Jemima,N,0,35,Persuasion
Jemima,C,0,35,Persuasion
Jemima,I,0,35,Persuasion
Jemima,A,0,35,Persuasion
Jemima,DC,0,35,Persuasion
Jemima,DN,0,35,Persuasion
Kellynch,N,0,35,Persuasion
Kellynch,C,0,35,Persuasion
Kellynch,I,0,35,Persuasion
Kellynch,A,0,35,Persuasion
Kellynch,DC,0,35,Persuasion
Kellynch,DN,0,35,Persuasion
Lady Dalrymple,N,0,35,Persuasion
Lady Dalrymple,C,0,35,Persuasion
Lady Dalrymple,I,0,35,Persuasion
Lady Dalrymple,A,0,35,Persuasion
Lady Dalrymple,DC,0,35,Persuasion
Lady Dalrymple,DN,0,35,Persuasion
Lady Elliot,N,0,35,Persuasion
Lady Elliot,C,0,35,Persuasion
Lady Elliot,I,0,35,Persuasion
Lady Elliot,A,0,35,Persuasion
Lady Elliot,DC,0,35,Persuasion
Lady Elliot,DN,0,35,Persuasion
Lady Russell,N,4,35,Persuasion
Lady Russell,C,0,35,Persuasion
Lady Russell,I,0,35,Persuasion
Lady Russell,A,2,35,Persuasion
Lady Russell,DC,0,35,Persuasion
Lady Russell,DN,1,35,Persuasion
Louisa,N,4,35,Persuasion
Louisa,C,0,35,Persuasion
Louisa,I,1,35,Persuasion
Louisa,A,2,35,Persuasion
Louisa,DC,0,35,Persuasion
Louisa,DN,0,35,Persuasion
Mary,N,2,35,Persuasion
Mary,C,0,35,Persuasion
Mary,I,0,35,Persuasion
Mary,A,0,35,Persuasion
Mary,DC,0,35,Persuasion
Mary,DN,0,35,Persuasion
Miss Atkinson,N,0,35,Persuasion
Miss Atkinson,C,0,35,Persuasion
Miss Atkinson,I,0,35,Persuasion
Miss Atkinson,A,0,35,Persuasion
Miss Atkinson,DC,0,35,Persuasion
Miss Atkinson,DN,0,35,Persuasion
Miss Carteret,N,0,35,Persuasion
Miss Carteret,C,0,35,Persuasion
Miss Carteret,I,0,35,Persuasion
Miss Carteret,A,0,35,Persuasion
Miss Carteret,DC,0,35,Persuasion
Miss Carteret,DN,0,35,Persuasion
Miss Hamilton,N,0,35,Persuasion
Miss Hamilton,C,0,35,Persuasion
Miss Hamilton,I,0,35,Persuasion
Miss Hamilton,A,0,35,Persuasion
Miss Hamilton,DC,0,35,Persuasion
Miss Hamilton,DN,0,35,Persuasion
Mr Elliot,N,0,35,Persuasion
Mr Elliot,C,0,35,Persuasion
Mr Elliot,I,0,35,Persuasion
Mr Elliot,A,0,35,Persuasion
Mr Elliot,DC,0,35,Persuasion
Mr Elliot,DN,0,35,Persuasion
Mr Shepherd,N,0,35,Persuasion
Mr Shepherd,C,0,35,Persuasion
Mr Shepherd,I,0,35,Persuasion
Mr Shepherd,A,0,35,Persuasion
Mr Shepherd,DC,0,35,Persuasion
Mr Shepherd,DN,0,35,Persuasion
Mr Smith,N,0,35,Persuasion
Mr Smith,C,0,35,Persuasion
Mr Smith,I,0,35,Persuasion
Mr Smith,A,0,35,Persuasion
Mr Smith,DC,0,35,Persuasion
Mr Smith,DN,0,35,Persuasion
Mr Wentworth,N,0,35,Persuasion
Mr Wentworth,C,0,35,Persuasion
Mr Wentworth,I,0,35,Persuasion
Mr Wentworth,A,0,35,Persuasion
Mr Wentworth,DC,0,35,Persuasion
Mr Wentworth,DN,0,35,Persuasion
Mrs Clay,N,0,35,Persuasion
Mrs Clay,C,0,35,Persuasion
Mrs Clay,I,0,35,Persuasion
Mrs Clay,A,0,35,Persuasion
Mrs Clay,DC,0,35,Persuasion
Mrs Clay,DN,0,35,Persuasion
Mrs Croft,N,0,35,Persuasion
Mrs Croft,C,0,35,Persuasion
Mrs Croft,I,0,35,Persuasion
Mrs Croft,A,0,35,Persuasion
Mrs Croft,DC,0,35,Persuasion
Mrs Croft,DN,0,35,Persuasion
Mrs Harville,N,2,35,Persuasion
Mrs Harville,C,0,35,Persuasion
Mrs Harville,I,0,35,Persuasion
Mrs Harville,A,1,35,Persuasion
Mrs Harville,DC,0,35,Persuasion
Mrs Harville,DN,0,35,Persuasion
Mrs Musgrove,N,2,35,Persuasion
Mrs Musgrove,C,0,35,Persuasion
Mrs Musgrove,I,0,35,Persuasion
Mrs Musgrove,A,1,35,Persuasion
Mrs Musgrove,DC,0,35,Persuasion
Mrs Musgrove,DN,0,35,Persuasion
Mrs Rooke,N,0,35,Persuasion
Mrs Rooke,C,0,35,Persuasion
Mrs Rooke,I,0,35,Persuasion
Mrs Rooke,A,0,35,Persuasion
Mrs Rooke,DC,0,35,Persuasion
Mrs Rooke,DN,0,35,Persuasion
Mrs Shirley,N,0,35,Persuasion
Mrs Shirley,C,0,35,Persuasion
Mrs Shirley,I,0,35,Persuasion
Mrs Shirley,A,0,35,Persuasion
Mrs Shirley,DC,0,35,Persuasion
Mrs Shirley,DN,0,35,Persuasion
Mrs Smith,N,0,35,Persuasion
Mrs Smith,C,0,35,Persuasion
Mrs Smith,I,0,35,Persuasion
Mrs Smith,A,0,35,Persuasion
Mrs Smith,DC,0,35,Persuasion
Mrs Smith,DN,0,35,Persuasion
Mrs Wallis,N,0,35,Persuasion
Mrs Wallis,C,0,35,Persuasion
Mrs Wallis,I,0,35,Persuasion
Mrs Wallis,A,0,35,Persuasion
Mrs Wallis,DC,0,35,Persuasion
Mrs Wallis,DN,0,35,Persuasion
Nurse Rooke,N,0,35,Persuasion
Nurse Rooke,C,0,35,Persuasion
Nurse Rooke,I,0,35,Persuasion
Nurse Rooke,A,0,35,Persuasion
Nurse Rooke,DC,0,35,Persuasion
Nurse Rooke,DN,0,35,Persuasion
Penelope,N,0,35,Persuasion
Penelope,C,0,35,Persuasion
Penelope,I,0,35,Persuasion
Penelope,A,0,35,Persuasion
Penelope,DC,0,35,Persuasion
Penelope,DN,0,35,Persuasion
Sir Walter,N,0,35,Persuasion
Sir Walter,C,0,35,Persuasion
Sir Walter,I,0,35,Persuasion
Sir Walter,A,0,35,Persuasion
Sir Walter,DC,0,35,Persuasion
Sir Walter,DN,0,35,Persuasion
Sophy,N,0,35,Persuasion
Sophy,C,0,35,Persuasion
Sophy,I,0,35,Persuasion
Sophy,A,0,35,Persuasion
Sophy,DC,0,35,Persuasion
Sophy,DN,0,35,Persuasion
The Mr Musgroves,N,0,35,Persuasion
The Mr Musgroves,C,0,35,Persuasion
The Mr Musgroves,I,0,35,Persuasion
The Mr Musgroves,A,0,35,Persuasion
The Mr Musgroves,DC,0,35,Persuasion
The Mr Musgroves,DN,0,35,Persuasion
The little Durands,N,0,35,Persuasion
The little Durands,C,0,35,Persuasion
The little Durands,I,0,35,Persuasion
The little Durands,A,0,35,Persuasion
The little Durands,DC,0,35,Persuasion
The little Durands,DN,0,35,Persuasion
Winthrop,N,0,35,Persuasion
Winthrop,C,0,35,Persuasion
Winthrop,I,0,35,Persuasion
Winthrop,A,0,35,Persuasion
Winthrop,DC,0,35,Persuasion
Winthrop,DN,0,35,Persuasion
old Sir Archibald Drew,N,0,35,Persuasion
old Sir Archibald Drew,C,0,35,Persuasion
old Sir Archibald Drew,I,0,35,Persuasion
old Sir Archibald Drew,A,0,35,Persuasion
old Sir Archibald Drew,DC,0,35,Persuasion
old Sir Archibald Drew,DN,0,35,Persuasion
the Asp,N,0,35,Persuasion
the Asp,C,0,35,Persuasion
the Asp,I,0,35,Persuasion
the Asp,A,0,35,Persuasion
the Asp,DC,0,35,Persuasion
the Asp,DN,0,35,Persuasion
the Crofts,N,0,35,Persuasion
the Crofts,C,0,35,Persuasion
the Crofts,I,0,35,Persuasion
the Crofts,A,0,35,Persuasion
the Crofts,DC,0,35,Persuasion
the Crofts,DN,0,35,Persuasion
the Dalrymples,N,0,35,Persuasion
the Dalrymples,C,0,35,Persuasion
the Dalrymples,I,0,35,Persuasion
the Dalrymples,A,0,35,Persuasion
the Dalrymples,DC,0,35,Persuasion
the Dalrymples,DN,0,35,Persuasion
the Harvilles,N,2,35,Persuasion
the Harvilles,C,0,35,Persuasion
the Harvilles,I,0,35,Persuasion
the Harvilles,A,1,35,Persuasion
the Harvilles,DC,0,35,Persuasion
the Harvilles,DN,0,35,Persuasion
the Hayters,N,0,35,Persuasion
the Hayters,C,0,35,Persuasion
the Hayters,I,0,35,Persuasion
the Hayters,A,0,35,Persuasion
the Hayters,DC,0,35,Persuasion
the Hayters,DN,0,35,Persuasion
the Miss Musgroves,N,0,35,Persuasion
the Miss Musgroves,C,0,35,Persuasion
the Miss Musgroves,I,0,35,Persuasion
the Miss Musgroves,A,0,35,Persuasion
the Miss Musgroves,DC,0,35,Persuasion
the Miss Musgroves,DN,0,35,Persuasion
Admiral Baldwin,N,0,36,Persuasion
Admiral Baldwin,C,0,36,Persuasion
Admiral Baldwin,I,0,36,Persuasion
Admiral Baldwin,A,0,36,Persuasion
Admiral Baldwin,DC,0,36,Persuasion
Admiral Baldwin,DN,0,36,Persuasion
Admiral Croft,N,0,36,Persuasion
Admiral Croft,C,0,36,Persuasion
Admiral Croft,I,0,36,Persuasion
Admiral Croft,A,0,36,Persuasion
Admiral Croft,DC,0,36,Persuasion
Admiral Croft,DN,0,36,Persuasion
Anne,N,49,36,Persuasion
Anne,C,8,36,Persuasion
Anne,I,21,36,Persuasion
Anne,A,22,36,Persuasion
Anne,DC,15,36,Persuasion
Anne,DN,4,36,Persuasion
Captain Benwick,N,14,36,Persuasion
Captain Benwick,C,7,36,Persuasion
Captain Benwick,I,5,36,Persuasion
Captain Benwick,A,9,36,Persuasion
Captain Benwick,DC,2,36,Persuasion
Captain Benwick,DN,2,36,Persuasion
Captain Harville,N,3,36,Persuasion
Captain Harville,C,0,36,Persuasion
Captain Harville,I,0,36,Persuasion
Captain Harville,A,1,36,Persuasion
Captain Harville,DC,1,36,Persuasion
Captain Harville,DN,1,36,Persuasion
Captain Wentworth,N,22,36,Persuasion
Captain Wentworth,C,20,36,Persuasion
Captain Wentworth,I,15,36,Persuasion
Captain Wentworth,A,14,36,Persuasion
Captain Wentworth,DC,0,36,Persuasion
Captain Wentworth,DN,4,36,Persuasion
Charles,N,16,36,Persuasion
Charles,C,2,36,Persuasion
Charles,I,4,36,Persuasion
Charles,A,2,36,Persuasion
Charles,DC,3,36,Persuasion
Charles,DN,1,36,Persuasion
Colonel Wallis,N,0,36,Persuasion
Colonel Wallis,C,0,36,Persuasion
Colonel Wallis,I,0,36,Persuasion
Colonel Wallis,A,0,36,Persuasion
Colonel Wallis,DC,0,36,Persuasion
Colonel Wallis,DN,0,36,Persuasion
Dear Smith,N,0,36,Persuasion
Dear Smith,C,0,36,Persuasion
Dear Smith,I,0,36,Persuasion
Dear Smith,A,0,36,Persuasion
Dear Smith,DC,0,36,Persuasion
Dear Smith,DN,0,36,Persuasion
Dick,N,0,36,Persuasion
Dick,C,0,36,Persuasion
Dick,I,0,36,Persuasion
Dick,A,0,36,Persuasion
Dick,DC,0,36,Persuasion
Dick,DN,0,36,Persuasion
Dr Shirley,N,5,36,Persuasion
Dr Shirley,C,0,36,Persuasion
Dr Shirley,I,2,36,Persuasion
Dr Shirley,A,5,36,Persuasion
Dr Shirley,DC,14,36,Persuasion
Dr Shirley,DN,0,36,Persuasion
Edward,N,0,36,Persuasion
Edward,C,0,36,Persuasion
Edward,I,0,36,Persuasion
Edward,A,0,36,Persuasion
Edward,DC,0,36,Persuasion
Edward,DN,0,36,Persuasion
Elizabeth,N,2,36,Persuasion
Elizabeth,C,0,36,Persuasion
Elizabeth,I,0,36,Persuasion
Elizabeth,A,0,36,Persuasion
Elizabeth,DC,0,36,Persuasion
Elizabeth,DN,0,36,Persuasion
Frederick,N,0,36,Persuasion
Frederick,C,0,36,Persuasion
Frederick,I,0,36,Persuasion
Frederick,A,0,36,Persuasion
Frederick,DC,0,36,Persuasion
Frederick,DN,0,36,Persuasion
God,N,3,36,Persuasion
God,C,0,36,Persuasion
God,I,0,36,Persuasion
God,A,0,36,Persuasion
God,DC,3,36,Persuasion
God,DN,0,36,Persuasion
Henrietta,N,16,36,Persuasion
Henrietta,C,3,36,Persuasion
Henrietta,I,11,36,Persuasion
Henrietta,A,10,36,Persuasion
Henrietta,DC,10,36,Persuasion
Henrietta,DN,2,36,Persuasion
Jemima,N,0,36,Persuasion
Jemima,C,0,36,Persuasion
Jemima,I,0,36,Persuasion
Jemima,A,0,36,Persuasion
Jemima,DC,0,36,Persuasion
Jemima,DN,0,36,Persuasion
Kellynch,N,0,36,Persuasion
Kellynch,C,0,36,Persuasion
Kellynch,I,0,36,Persuasion
Kellynch,A,0,36,Persuasion
Kellynch,DC,0,36,Persuasion
Kellynch,DN,0,36,Persuasion
Lady Dalrymple,N,0,36,Persuasion
Lady Dalrymple,C,0,36,Persuasion
Lady Dalrymple,I,0,36,Persuasion
Lady Dalrymple,A,0,36,Persuasion
Lady Dalrymple,DC,0,36,Persuasion
Lady Dalrymple,DN,0,36,Persuasion
Lady Elliot,N,0,36,Persuasion
Lady Elliot,C,0,36,Persuasion
Lady Elliot,I,0,36,Persuasion
Lady Elliot,A,0,36,Persuasion
Lady Elliot,DC,0,36,Persuasion
Lady Elliot,DN,0,36,Persuasion
Lady Russell,N,2,36,Persuasion
Lady Russell,C,0,36,Persuasion
Lady Russell,I,0,36,Persuasion
Lady Russell,A,0,36,Persuasion
Lady Russell,DC,4,36,Persuasion
Lady Russell,DN,0,36,Persuasion
Louisa,N,23,36,Persuasion
Louisa,C,1,36,Persuasion
Louisa,I,4,36,Persuasion
Louisa,A,13,36,Persuasion
Louisa,DC,6,36,Persuasion
Louisa,DN,3,36,Persuasion
Mary,N,12,36,Persuasion
Mary,C,9,36,Persuasion
Mary,I,14,36,Persuasion
Mary,A,8,36,Persuasion
Mary,DC,0,36,Persuasion
Mary,DN,3,36,Persuasion
Miss Atkinson,N,0,36,Persuasion
Miss Atkinson,C,0,36,Persuasion
Miss Atkinson,I,0,36,Persuasion
Miss Atkinson,A,0,36,Persuasion
Miss Atkinson,DC,0,36,Persuasion
Miss Atkinson,DN,0,36,Persuasion
Miss Carteret,N,0,36,Persuasion
Miss Carteret,C,0,36,Persuasion
Miss Carteret,I,0,36,Persuasion
Miss Carteret,A,0,36,Persuasion
Miss Carteret,DC,0,36,Persuasion
Miss Carteret,DN,0,36,Persuasion
Miss Hamilton,N,0,36,Persuasion
Miss Hamilton,C,0,36,Persuasion
Miss Hamilton,I,0,36,Persuasion
Miss Hamilton,A,0,36,Persuasion
Miss Hamilton,DC,0,36,Persuasion
Miss Hamilton,DN,0,36,Persuasion
Mr Elliot,N,9,36,Persuasion
Mr Elliot,C,0,36,Persuasion
Mr Elliot,I,0,36,Persuasion
Mr Elliot,A,4,36,Persuasion
Mr Elliot,DC,13,36,Persuasion
Mr Elliot,DN,0,36,Persuasion
Mr Shepherd,N,0,36,Persuasion
Mr Shepherd,C,0,36,Persuasion
Mr Shepherd,I,0,36,Persuasion
Mr Shepherd,A,0,36,Persuasion
Mr Shepherd,DC,0,36,Persuasion
Mr Shepherd,DN,0,36,Persuasion
Mr Smith,N,0,36,Persuasion
Mr Smith,C,0,36,Persuasion
Mr Smith,I,0,36,Persuasion
Mr Smith,A,0,36,Persuasion
Mr Smith,DC,0,36,Persuasion
Mr Smith,DN,0,36,Persuasion
Mr Wentworth,N,0,36,Persuasion
Mr Wentworth,C,0,36,Persuasion
Mr Wentworth,I,0,36,Persuasion
Mr Wentworth,A,0,36,Persuasion
Mr Wentworth,DC,0,36,Persuasion
Mr Wentworth,DN,0,36,Persuasion
Mrs Clay,N,0,36,Persuasion
Mrs Clay,C,0,36,Persuasion
Mrs Clay,I,0,36,Persuasion
Mrs Clay,A,0,36,Persuasion
Mrs Clay,DC,0,36,Persuasion
Mrs Clay,DN,0,36,Persuasion
Mrs Croft,N,0,36,Persuasion
Mrs Croft,C,0,36,Persuasion
Mrs Croft,I,0,36,Persuasion
Mrs Croft,A,0,36,Persuasion
Mrs Croft,DC,0,36,Persuasion
Mrs Croft,DN,0,36,Persuasion
Mrs Harville,N,9,36,Persuasion
Mrs Harville,C,0,36,Persuasion
Mrs Harville,I,1,36,Persuasion
Mrs Harville,A,1,36,Persuasion
Mrs Harville,DC,3,36,Persuasion
Mrs Harville,DN,1,36,Persuasion
Mrs Musgrove,N,4,36,Persuasion
Mrs Musgrove,C,0,36,Persuasion
Mrs Musgrove,I,0,36,Persuasion
Mrs Musgrove,A,1,36,Persuasion
Mrs Musgrove,DC,2,36,Persuasion
Mrs Musgrove,DN,0,36,Persuasion
Mrs Rooke,N,0,36,Persuasion
Mrs Rooke,C,0,36,Persuasion
Mrs Rooke,I,0,36,Persuasion
Mrs Rooke,A,0,36,Persuasion
Mrs Rooke,DC,0,36,Persuasion
Mrs Rooke,DN,0,36,Persuasion
Mrs Shirley,N,2,36,Persuasion
Mrs Shirley,C,0,36,Persuasion
Mrs Shirley,I,0,36,Persuasion
Mrs Shirley,A,2,36,Persuasion
Mrs Shirley,DC,3,36,Persuasion
Mrs Shirley,DN,0,36,Persuasion
Mrs Smith,N,0,36,Persuasion
Mrs Smith,C,0,36,Persuasion
Mrs Smith,I,0,36,Persuasion
Mrs Smith,A,0,36,Persuasion
Mrs Smith,DC,0,36,Persuasion
Mrs Smith,DN,0,36,Persuasion
Mrs Wallis,N,0,36,Persuasion
Mrs Wallis,C,0,36,Persuasion
Mrs Wallis,I,0,36,Persuasion
Mrs Wallis,A,0,36,Persuasion
Mrs Wallis,DC,0,36,Persuasion
Mrs Wallis,DN,0,36,Persuasion
Nurse Rooke,N,0,36,Persuasion
Nurse Rooke,C,0,36,Persuasion
Nurse Rooke,I,0,36,Persuasion
Nurse Rooke,A,0,36,Persuasion
Nurse Rooke,DC,0,36,Persuasion
Nurse Rooke,DN,0,36,Persuasion
Penelope,N,0,36,Persuasion
Penelope,C,0,36,Persuasion
Penelope,I,0,36,Persuasion
Penelope,A,0,36,Persuasion
Penelope,DC,0,36,Persuasion
Penelope,DN,0,36,Persuasion
Sir Walter,N,1,36,Persuasion
Sir Walter,C,0,36,Persuasion
Sir Walter,I,0,36,Persuasion
Sir Walter,A,0,36,Persuasion
Sir Walter,DC,1,36,Persuasion
Sir Walter,DN,0,36,Persuasion
Sophy,N,0,36,Persuasion
Sophy,C,0,36,Persuasion
Sophy,I,0,36,Persuasion
Sophy,A,0,36,Persuasion
Sophy,DC,0,36,Persuasion
Sophy,DN,0,36,Persuasion
The Mr Musgroves,N,0,36,Persuasion
The Mr Musgroves,C,0,36,Persuasion
The Mr Musgroves,I,0,36,Persuasion
The Mr Musgroves,A,0,36,Persuasion
The Mr Musgroves,DC,0,36,Persuasion
The Mr Musgroves,DN,0,36,Persuasion
The little Durands,N,0,36,Persuasion
The little Durands,C,0,36,Persuasion
The little Durands,I,0,36,Persuasion
The little Durands,A,0,36,Persuasion
The little Durands,DC,0,36,Persuasion
The little Durands,DN,0,36,Persuasion
Winthrop,N,0,36,Persuasion
Winthrop,C,0,36,Persuasion
Winthrop,I,0,36,Persuasion
Winthrop,A,0,36,Persuasion
Winthrop,DC,0,36,Persuasion
Winthrop,DN,0,36,Persuasion
old Sir Archibald Drew,N,0,36,Persuasion
old Sir Archibald Drew,C,0,36,Persuasion
old Sir Archibald Drew,I,0,36,Persuasion
old Sir Archibald Drew,A,0,36,Persuasion
old Sir Archibald Drew,DC,0,36,Persuasion
old Sir Archibald Drew,DN,0,36,Persuasion
the Asp,N,0,36,Persuasion
the Asp,C,0,36,Persuasion
the Asp,I,0,36,Persuasion
the Asp,A,0,36,Persuasion
the Asp,DC,0,36,Persuasion
the Asp,DN,0,36,Persuasion
the Crofts,N,0,36,Persuasion
the Crofts,C,0,36,Persuasion
the Crofts,I,0,36,Persuasion
the Crofts,A,0,36,Persuasion
the Crofts,DC,0,36,Persuasion
the Crofts,DN,0,36,Persuasion
the Dalrymples,N,0,36,Persuasion
the Dalrymples,C,0,36,Persuasion
the Dalrymples,I,0,36,Persuasion
the Dalrymples,A,0,36,Persuasion
the Dalrymples,DC,0,36,Persuasion
the Dalrymples,DN,0,36,Persuasion
the Harvilles,N,3,36,Persuasion
the Harvilles,C,0,36,Persuasion
the Harvilles,I,0,36,Persuasion
the Harvilles,A,2,36,Persuasion
the Harvilles,DC,0,36,Persuasion
the Harvilles,DN,0,36,Persuasion
the Hayters,N,0,36,Persuasion
the Hayters,C,0,36,Persuasion
the Hayters,I,0,36,Persuasion
the Hayters,A,0,36,Persuasion
the Hayters,DC,0,36,Persuasion
the Hayters,DN,0,36,Persuasion
the Miss Musgroves,N,1,36,Persuasion
the Miss Musgroves,C,0,36,Persuasion
the Miss Musgroves,I,0,36,Persuasion
the Miss Musgroves,A,0,36,Persuasion
the Miss Musgroves,DC,0,36,Persuasion
the Miss Musgroves,DN,0,36,Persuasion
Admiral Baldwin,N,0,37,Persuasion
Admiral Baldwin,C,0,37,Persuasion
Admiral Baldwin,I,0,37,Persuasion
Admiral Baldwin,A,0,37,Persuasion
Admiral Baldwin,DC,0,37,Persuasion
Admiral Baldwin,DN,0,37,Persuasion
Admiral Croft,N,1,37,Persuasion
Admiral Croft,C,0,37,Persuasion
Admiral Croft,I,0,37,Persuasion
Admiral Croft,A,0,37,Persuasion
Admiral Croft,DC,0,37,Persuasion
Admiral Croft,DN,0,37,Persuasion
Anne,N,25,37,Persuasion
Anne,C,4,37,Persuasion
Anne,I,12,37,Persuasion
Anne,A,31,37,Persuasion
Anne,DC,2,37,Persuasion
Anne,DN,11,37,Persuasion
Captain Benwick,N,2,37,Persuasion
Captain Benwick,C,0,37,Persuasion
Captain Benwick,I,0,37,Persuasion
Captain Benwick,A,0,37,Persuasion
Captain Benwick,DC,1,37,Persuasion
Captain Benwick,DN,0,37,Persuasion
Captain Harville,N,0,37,Persuasion
Captain Harville,C,0,37,Persuasion
Captain Harville,I,0,37,Persuasion
Captain Harville,A,0,37,Persuasion
Captain Harville,DC,0,37,Persuasion
Captain Harville,DN,0,37,Persuasion
Captain Wentworth,N,6,37,Persuasion
Captain Wentworth,C,4,37,Persuasion
Captain Wentworth,I,4,37,Persuasion
Captain Wentworth,A,3,37,Persuasion
Captain Wentworth,DC,3,37,Persuasion
Captain Wentworth,DN,2,37,Persuasion
Charles,N,5,37,Persuasion
Charles,C,0,37,Persuasion
Charles,I,0,37,Persuasion
Charles,A,3,37,Persuasion
Charles,DC,0,37,Persuasion
Charles,DN,1,37,Persuasion
Colonel Wallis,N,0,37,Persuasion
Colonel Wallis,C,0,37,Persuasion
Colonel Wallis,I,0,37,Persuasion
Colonel Wallis,A,0,37,Persuasion
Colonel Wallis,DC,0,37,Persuasion
Colonel Wallis,DN,0,37,Persuasion
Dear Smith,N,0,37,Persuasion
Dear Smith,C,0,37,Persuasion
Dear Smith,I,0,37,Persuasion
Dear Smith,A,0,37,Persuasion
Dear Smith,DC,0,37,Persuasion
Dear Smith,DN,0,37,Persuasion
Dick,N,0,37,Persuasion
Dick,C,0,37,Persuasion
Dick,I,0,37,Persuasion
Dick,A,0,37,Persuasion
Dick,DC,0,37,Persuasion
Dick,DN,0,37,Persuasion
Dr Shirley,N,0,37,Persuasion
Dr Shirley,C,0,37,Persuasion
Dr Shirley,I,0,37,Persuasion
Dr Shirley,A,0,37,Persuasion
Dr Shirley,DC,0,37,Persuasion
Dr Shirley,DN,0,37,Persuasion
Edward,N,0,37,Persuasion
Edward,C,0,37,Persuasion
Edward,I,0,37,Persuasion
Edward,A,0,37,Persuasion
Edward,DC,0,37,Persuasion
Edward,DN,0,37,Persuasion
Elizabeth,N,0,37,Persuasion
Elizabeth,C,0,37,Persuasion
Elizabeth,I,0,37,Persuasion
Elizabeth,A,0,37,Persuasion
Elizabeth,DC,0,37,Persuasion
Elizabeth,DN,0,37,Persuasion
Frederick,N,0,37,Persuasion
Frederick,C,0,37,Persuasion
Frederick,I,0,37,Persuasion
Frederick,A,0,37,Persuasion
Frederick,DC,0,37,Persuasion
Frederick,DN,0,37,Persuasion
God,N,0,37,Persuasion
God,C,0,37,Persuasion
God,I,0,37,Persuasion
God,A,0,37,Persuasion
God,DC,0,37,Persuasion
God,DN,0,37,Persuasion
Henrietta,N,1,37,Persuasion
Henrietta,C,0,37,Persuasion
Henrietta,I,0,37,Persuasion
Henrietta,A,0,37,Persuasion
Henrietta,DC,0,37,Persuasion
Henrietta,DN,0,37,Persuasion
Jemima,N,0,37,Persuasion
Jemima,C,0,37,Persuasion
Jemima,I,0,37,Persuasion
Jemima,A,0,37,Persuasion
Jemima,DC,0,37,Persuasion
Jemima,DN,0,37,Persuasion
Kellynch,N,0,37,Persuasion
Kellynch,C,0,37,Persuasion
Kellynch,I,0,37,Persuasion
Kellynch,A,0,37,Persuasion
Kellynch,DC,0,37,Persuasion
Kellynch,DN,0,37,Persuasion
Lady Dalrymple,N,0,37,Persuasion
Lady Dalrymple,C,0,37,Persuasion
Lady Dalrymple,I,0,37,Persuasion
Lady Dalrymple,A,0,37,Persuasion
Lady Dalrymple,DC,0,37,Persuasion
Lady Dalrymple,DN,0,37,Persuasion
Lady Elliot,N,0,37,Persuasion
Lady Elliot,C,0,37,Persuasion
Lady Elliot,I,0,37,Persuasion
Lady Elliot,A,0,37,Persuasion
Lady Elliot,DC,0,37,Persuasion
Lady Elliot,DN,0,37,Persuasion
Lady Russell,N,15,37,Persuasion
Lady Russell,C,0,37,Persuasion
Lady Russell,I,3,37,Persuasion
Lady Russell,A,5,37,Persuasion
Lady Russell,DC,0,37,Persuasion
Lady Russell,DN,1,37,Persuasion
Louisa,N,10,37,Persuasion
Louisa,C,0,37,Persuasion
Louisa,I,0,37,Persuasion
Louisa,A,2,37,Persuasion
Louisa,DC,1,37,Persuasion
Louisa,DN,1,37,Persuasion
Mary,N,3,37,Persuasion
Mary,C,0,37,Persuasion
Mary,I,0,37,Persuasion
Mary,A,2,37,Persuasion
Mary,DC,3,37,Persuasion
Mary,DN,0,37,Persuasion
Miss Atkinson,N,0,37,Persuasion
Miss Atkinson,C,0,37,Persuasion
Miss Atkinson,I,0,37,Persuasion
Miss Atkinson,A,0,37,Persuasion
Miss Atkinson,DC,0,37,Persuasion
Miss Atkinson,DN,0,37,Persuasion
Miss Carteret,N,0,37,Persuasion
Miss Carteret,C,0,37,Persuasion
Miss Carteret,I,0,37,Persuasion
Miss Carteret,A,0,37,Persuasion
Miss Carteret,DC,0,37,Persuasion
Miss Carteret,DN,0,37,Persuasion
Miss Hamilton,N,0,37,Persuasion
Miss Hamilton,C,0,37,Persuasion
Miss Hamilton,I,0,37,Persuasion
Miss Hamilton,A,0,37,Persuasion
Miss Hamilton,DC,0,37,Persuasion
Miss Hamilton,DN,0,37,Persuasion
Mr Elliot,N,0,37,Persuasion
Mr Elliot,C,0,37,Persuasion
Mr Elliot,I,0,37,Persuasion
Mr Elliot,A,0,37,Persuasion
Mr Elliot,DC,0,37,Persuasion
Mr Elliot,DN,0,37,Persuasion
Mr Shepherd,N,1,37,Persuasion
Mr Shepherd,C,0,37,Persuasion
Mr Shepherd,I,1,37,Persuasion
Mr Shepherd,A,0,37,Persuasion
Mr Shepherd,DC,0,37,Persuasion
Mr Shepherd,DN,0,37,Persuasion
Mr Smith,N,0,37,Persuasion
Mr Smith,C,0,37,Persuasion
Mr Smith,I,0,37,Persuasion
Mr Smith,A,0,37,Persuasion
Mr Smith,DC,0,37,Persuasion
Mr Smith,DN,0,37,Persuasion
Mr Wentworth,N,0,37,Persuasion
Mr Wentworth,C,0,37,Persuasion
Mr Wentworth,I,0,37,Persuasion
Mr Wentworth,A,0,37,Persuasion
Mr Wentworth,DC,0,37,Persuasion
Mr Wentworth,DN,0,37,Persuasion
Mrs Clay,N,2,37,Persuasion
Mrs Clay,C,0,37,Persuasion
Mrs Clay,I,0,37,Persuasion
Mrs Clay,A,0,37,Persuasion
Mrs Clay,DC,0,37,Persuasion
Mrs Clay,DN,1,37,Persuasion
Mrs Croft,N,4,37,Persuasion
Mrs Croft,C,0,37,Persuasion
Mrs Croft,I,0,37,Persuasion
Mrs Croft,A,1,37,Persuasion
Mrs Croft,DC,1,37,Persuasion
Mrs Croft,DN,0,37,Persuasion
Mrs Harville,N,3,37,Persuasion
Mrs Harville,C,1,37,Persuasion
Mrs Harville,I,0,37,Persuasion
Mrs Harville,A,3,37,Persuasion
Mrs Harville,DC,0,37,Persuasion
Mrs Harville,DN,0,37,Persuasion
Mrs Musgrove,N,1,37,Persuasion
Mrs Musgrove,C,0,37,Persuasion
Mrs Musgrove,I,0,37,Persuasion
Mrs Musgrove,A,0,37,Persuasion
Mrs Musgrove,DC,0,37,Persuasion
Mrs Musgrove,DN,0,37,Persuasion
Mrs Rooke,N,0,37,Persuasion
Mrs Rooke,C,0,37,Persuasion
Mrs Rooke,I,0,37,Persuasion
Mrs Rooke,A,0,37,Persuasion
Mrs Rooke,DC,0,37,Persuasion
Mrs Rooke,DN,0,37,Persuasion
Mrs Shirley,N,0,37,Persuasion
Mrs Shirley,C,0,37,Persuasion
Mrs Shirley,I,0,37,Persuasion
Mrs Shirley,A,0,37,Persuasion
Mrs Shirley,DC,0,37,Persuasion
Mrs Shirley,DN,0,37,Persuasion
Mrs Smith,N,0,37,Persuasion
Mrs Smith,C,0,37,Persuasion
Mrs Smith,I,0,37,Persuasion
Mrs Smith,A,0,37,Persuasion
Mrs Smith,DC,0,37,Persuasion
Mrs Smith,DN,0,37,Persuasion
Mrs Wallis,N,0,37,Persuasion
Mrs Wallis,C,0,37,Persuasion
Mrs Wallis,I,0,37,Persuasion
Mrs Wallis,A,0,37,Persuasion
Mrs Wallis,DC,0,37,Persuasion
Mrs Wallis,DN,0,37,Persuasion
Nurse Rooke,N,0,37,Persuasion
Nurse Rooke,C,0,37,Persuasion
Nurse Rooke,I,0,37,Persuasion
Nurse Rooke,A,0,37,Persuasion
Nurse Rooke,DC,0,37,Persuasion
Nurse Rooke,DN,0,37,Persuasion
Penelope,N,0,37,Persuasion
Penelope,C,0,37,Persuasion
Penelope,I,0,37,Persuasion
Penelope,A,0,37,Persuasion
Penelope,DC,0,37,Persuasion
Penelope,DN,0,37,Persuasion
Sir Walter,N,1,37,Persuasion
Sir Walter,C,0,37,Persuasion
Sir Walter,I,0,37,Persuasion
Sir Walter,A,0,37,Persuasion
Sir Walter,DC,0,37,Persuasion
Sir Walter,DN,0,37,Persuasion
Sophy,N,1,37,Persuasion
Sophy,C,0,37,Persuasion
Sophy,I,0,37,Persuasion
Sophy,A,1,37,Persuasion
Sophy,DC,0,37,Persuasion
Sophy,DN,0,37,Persuasion
The Mr Musgroves,N,0,37,Persuasion
The Mr Musgroves,C,0,37,Persuasion
The Mr Musgroves,I,0,37,Persuasion
The Mr Musgroves,A,0,37,Persuasion
The Mr Musgroves,DC,0,37,Persuasion
The Mr Musgroves,DN,0,37,Persuasion
The little Durands,N,0,37,Persuasion
The little Durands,C,0,37,Persuasion
The little Durands,I,0,37,Persuasion
The little Durands,A,0,37,Persuasion
The little Durands,DC,0,37,Persuasion
The little Durands,DN,0,37,Persuasion
Winthrop,N,0,37,Persuasion
Winthrop,C,0,37,Persuasion
Winthrop,I,0,37,Persuasion
Winthrop,A,0,37,Persuasion
Winthrop,DC,0,37,Persuasion
Winthrop,DN,0,37,Persuasion
old Sir Archibald Drew,N,0,37,Persuasion
old Sir Archibald Drew,C,0,37,Persuasion
old Sir Archibald Drew,I,0,37,Persuasion
old Sir Archibald Drew,A,0,37,Persuasion
old Sir Archibald Drew,DC,0,37,Persuasion
old Sir Archibald Drew,DN,0,37,Persuasion
the Asp,N,0,37,Persuasion
the Asp,C,0,37,Persuasion
the Asp,I,0,37,Persuasion
the Asp,A,0,37,Persuasion
the Asp,DC,0,37,Persuasion
the Asp,DN,0,37,Persuasion
the Crofts,N,2,37,Persuasion
the Crofts,C,0,37,Persuasion
the Crofts,I,0,37,Persuasion
the Crofts,A,1,37,Persuasion
the Crofts,DC,2,37,Persuasion
the Crofts,DN,0,37,Persuasion
the Dalrymples,N,0,37,Persuasion
the Dalrymples,C,0,37,Persuasion
the Dalrymples,I,0,37,Persuasion
the Dalrymples,A,0,37,Persuasion
the Dalrymples,DC,0,37,Persuasion
the Dalrymples,DN,0,37,Persuasion
the Harvilles,N,2,37,Persuasion
the Harvilles,C,0,37,Persuasion
the Harvilles,I,0,37,Persuasion
the Harvilles,A,0,37,Persuasion
the Harvilles,DC,0,37,Persuasion
the Harvilles,DN,0,37,Persuasion
the Hayters,N,0,37,Persuasion
the Hayters,C,0,37,Persuasion
the Hayters,I,0,37,Persuasion
the Hayters,A,0,37,Persuasion
the Hayters,DC,0,37,Persuasion
the Hayters,DN,0,37,Persuasion
the Miss Musgroves,N,1,37,Persuasion
the Miss Musgroves,C,0,37,Persuasion
the Miss Musgroves,I,0,37,Persuasion
the Miss Musgroves,A,0,37,Persuasion
the Miss Musgroves,DC,0,37,Persuasion
the Miss Musgroves,DN,0,37,Persuasion
Admiral Baldwin,N,0,38,Persuasion
Admiral Baldwin,C,0,38,Persuasion
Admiral Baldwin,I,0,38,Persuasion
Admiral Baldwin,A,0,38,Persuasion
Admiral Baldwin,DC,0,38,Persuasion
Admiral Baldwin,DN,0,38,Persuasion
Admiral Croft,N,0,38,Persuasion
Admiral Croft,C,0,38,Persuasion
Admiral Croft,I,0,38,Persuasion
Admiral Croft,A,0,38,Persuasion
Admiral Croft,DC,0,38,Persuasion
Admiral Croft,DN,0,38,Persuasion
Anne,N,22,38,Persuasion
Anne,C,3,38,Persuasion
Anne,I,10,38,Persuasion
Anne,A,11,38,Persuasion
Anne,DC,10,38,Persuasion
Anne,DN,0,38,Persuasion
Captain Benwick,N,10,38,Persuasion
Captain Benwick,C,0,38,Persuasion
Captain Benwick,I,11,38,Persuasion
Captain Benwick,A,18,38,Persuasion
Captain Benwick,DC,34,38,Persuasion
Captain Benwick,DN,2,38,Persuasion
Captain Harville,N,0,38,Persuasion
Captain Harville,C,0,38,Persuasion
Captain Harville,I,0,38,Persuasion
Captain Harville,A,0,38,Persuasion
Captain Harville,DC,0,38,Persuasion
Captain Harville,DN,0,38,Persuasion
Captain Wentworth,N,3,38,Persuasion
Captain Wentworth,C,0,38,Persuasion
Captain Wentworth,I,1,38,Persuasion
Captain Wentworth,A,1,38,Persuasion
Captain Wentworth,DC,1,38,Persuasion
Captain Wentworth,DN,3,38,Persuasion
Charles,N,18,38,Persuasion
Charles,C,11,38,Persuasion
Charles,I,14,38,Persuasion
Charles,A,8,38,Persuasion
Charles,DC,1,38,Persuasion
Charles,DN,1,38,Persuasion
Colonel Wallis,N,0,38,Persuasion
Colonel Wallis,C,0,38,Persuasion
Colonel Wallis,I,0,38,Persuasion
Colonel Wallis,A,0,38,Persuasion
Colonel Wallis,DC,0,38,Persuasion
Colonel Wallis,DN,0,38,Persuasion
Dear Smith,N,0,38,Persuasion
Dear Smith,C,0,38,Persuasion
Dear Smith,I,0,38,Persuasion
Dear Smith,A,0,38,Persuasion
Dear Smith,DC,0,38,Persuasion
Dear Smith,DN,0,38,Persuasion
Dick,N,0,38,Persuasion
Dick,C,0,38,Persuasion
Dick,I,0,38,Persuasion
Dick,A,0,38,Persuasion
Dick,DC,0,38,Persuasion
Dick,DN,0,38,Persuasion
Dr Shirley,N,0,38,Persuasion
Dr Shirley,C,0,38,Persuasion
Dr Shirley,I,0,38,Persuasion
Dr Shirley,A,0,38,Persuasion
Dr Shirley,DC,0,38,Persuasion
Dr Shirley,DN,0,38,Persuasion
Edward,N,0,38,Persuasion
Edward,C,0,38,Persuasion
Edward,I,0,38,Persuasion
Edward,A,0,38,Persuasion
Edward,DC,0,38,Persuasion
Edward,DN,0,38,Persuasion
Elizabeth,N,2,38,Persuasion
Elizabeth,C,0,38,Persuasion
Elizabeth,I,0,38,Persuasion
Elizabeth,A,1,38,Persuasion
Elizabeth,DC,0,38,Persuasion
Elizabeth,DN,0,38,Persuasion
Frederick,N,0,38,Persuasion
Frederick,C,0,38,Persuasion
Frederick,I,0,38,Persuasion
Frederick,A,0,38,Persuasion
Frederick,DC,0,38,Persuasion
Frederick,DN,0,38,Persuasion
God,N,0,38,Persuasion
God,C,0,38,Persuasion
God,I,0,38,Persuasion
God,A,0,38,Persuasion
God,DC,0,38,Persuasion
God,DN,0,38,Persuasion
Henrietta,N,3,38,Persuasion
Henrietta,C,0,38,Persuasion
Henrietta,I,0,38,Persuasion
Henrietta,A,1,38,Persuasion
Henrietta,DC,1,38,Persuasion
Henrietta,DN,1,38,Persuasion
Jemima,N,0,38,Persuasion
Jemima,C,0,38,Persuasion
Jemima,I,0,38,Persuasion
Jemima,A,0,38,Persuasion
Jemima,DC,0,38,Persuasion
Jemima,DN,0,38,Persuasion
Kellynch,N,1,38,Persuasion
Kellynch,C,0,38,Persuasion
Kellynch,I,0,38,Persuasion
Kellynch,A,0,38,Persuasion
Kellynch,DC,0,38,Persuasion
Kellynch,DN,0,38,Persuasion
Lady Dalrymple,N,0,38,Persuasion
Lady Dalrymple,C,0,38,Persuasion
Lady Dalrymple,I,0,38,Persuasion
Lady Dalrymple,A,0,38,Persuasion
Lady Dalrymple,DC,0,38,Persuasion
Lady Dalrymple,DN,0,38,Persuasion
Lady Elliot,N,0,38,Persuasion
Lady Elliot,C,0,38,Persuasion
Lady Elliot,I,0,38,Persuasion
Lady Elliot,A,0,38,Persuasion
Lady Elliot,DC,0,38,Persuasion
Lady Elliot,DN,0,38,Persuasion
Lady Russell,N,21,38,Persuasion
Lady Russell,C,9,38,Persuasion
Lady Russell,I,14,38,Persuasion
Lady Russell,A,11,38,Persuasion
Lady Russell,DC,9,38,Persuasion
Lady Russell,DN,2,38,Persuasion
Louisa,N,7,38,Persuasion
Louisa,C,0,38,Persuasion
Louisa,I,0,38,Persuasion
Louisa,A,3,38,Persuasion
Louisa,DC,0,38,Persuasion
Louisa,DN,2,38,Persuasion
Mary,N,17,38,Persuasion
Mary,C,9,38,Persuasion
Mary,I,10,38,Persuasion
Mary,A,5,38,Persuasion
Mary,DC,13,38,Persuasion
Mary,DN,0,38,Persuasion
Miss Atkinson,N,0,38,Persuasion
Miss Atkinson,C,0,38,Persuasion
Miss Atkinson,I,0,38,Persuasion
Miss Atkinson,A,0,38,Persuasion
Miss Atkinson,DC,0,38,Persuasion
Miss Atkinson,DN,0,38,Persuasion
Miss Carteret,N,0,38,Persuasion
Miss Carteret,C,0,38,Persuasion
Miss Carteret,I,0,38,Persuasion
Miss Carteret,A,0,38,Persuasion
Miss Carteret,DC,0,38,Persuasion
Miss Carteret,DN,0,38,Persuasion
Miss Hamilton,N,0,38,Persuasion
Miss Hamilton,C,0,38,Persuasion
Miss Hamilton,I,0,38,Persuasion
Miss Hamilton,A,0,38,Persuasion
Miss Hamilton,DC,0,38,Persuasion
Miss Hamilton,DN,0,38,Persuasion
Mr Elliot,N,4,38,Persuasion
Mr Elliot,C,0,38,Persuasion
Mr Elliot,I,1,38,Persuasion
Mr Elliot,A,1,38,Persuasion
Mr Elliot,DC,0,38,Persuasion
Mr Elliot,DN,2,38,Persuasion
Mr Shepherd,N,0,38,Persuasion
Mr Shepherd,C,0,38,Persuasion
Mr Shepherd,I,0,38,Persuasion
Mr Shepherd,A,0,38,Persuasion
Mr Shepherd,DC,0,38,Persuasion
Mr Shepherd,DN,0,38,Persuasion
Mr Smith,N,0,38,Persuasion
Mr Smith,C,0,38,Persuasion
Mr Smith,I,0,38,Persuasion
Mr Smith,A,0,38,Persuasion
Mr Smith,DC,0,38,Persuasion
Mr Smith,DN,0,38,Persuasion
Mr Wentworth,N,0,38,Persuasion
Mr Wentworth,C,0,38,Persuasion
Mr Wentworth,I,0,38,Persuasion
Mr Wentworth,A,0,38,Persuasion
Mr Wentworth,DC,0,38,Persuasion
Mr Wentworth,DN,0,38,Persuasion
Mrs Clay,N,0,38,Persuasion
Mrs Clay,C,0,38,Persuasion
Mrs Clay,I,0,38,Persuasion
Mrs Clay,A,0,38,Persuasion
Mrs Clay,DC,0,38,Persuasion
Mrs Clay,DN,0,38,Persuasion
Mrs Croft,N,0,38,Persuasion
Mrs Croft,C,0,38,Persuasion
Mrs Croft,I,0,38,Persuasion
Mrs Croft,A,0,38,Persuasion
Mrs Croft,DC,0,38,Persuasion
Mrs Croft,DN,0,38,Persuasion
Mrs Harville,N,3,38,Persuasion
Mrs Harville,C,0,38,Persuasion
Mrs Harville,I,1,38,Persuasion
Mrs Harville,A,5,38,Persuasion
Mrs Harville,DC,0,38,Persuasion
Mrs Harville,DN,1,38,Persuasion
Mrs Musgrove,N,3,38,Persuasion
Mrs Musgrove,C,0,38,Persuasion
Mrs Musgrove,I,0,38,Persuasion
Mrs Musgrove,A,1,38,Persuasion
Mrs Musgrove,DC,0,38,Persuasion
Mrs Musgrove,DN,0,38,Persuasion
Mrs Rooke,N,0,38,Persuasion
Mrs Rooke,C,0,38,Persuasion
Mrs Rooke,I,0,38,Persuasion
Mrs Rooke,A,0,38,Persuasion
Mrs Rooke,DC,0,38,Persuasion
Mrs Rooke,DN,0,38,Persuasion
Mrs Shirley,N,0,38,Persuasion
Mrs Shirley,C,0,38,Persuasion
Mrs Shirley,I,0,38,Persuasion
Mrs Shirley,A,0,38,Persuasion
Mrs Shirley,DC,0,38,Persuasion
Mrs Shirley,DN,0,38,Persuasion
Mrs Smith,N,0,38,Persuasion
Mrs Smith,C,0,38,Persuasion
Mrs Smith,I,0,38,Persuasion
Mrs Smith,A,0,38,Persuasion
Mrs Smith,DC,0,38,Persuasion
Mrs Smith,DN,0,38,Persuasion
Mrs Wallis,N,0,38,Persuasion
Mrs Wallis,C,0,38,Persuasion
Mrs Wallis,I,0,38,Persuasion
Mrs Wallis,A,0,38,Persuasion
Mrs Wallis,DC,0,38,Persuasion
Mrs Wallis,DN,0,38,Persuasion
Nurse Rooke,N,0,38,Persuasion
Nurse Rooke,C,0,38,Persuasion
Nurse Rooke,I,0,38,Persuasion
Nurse Rooke,A,0,38,Persuasion
Nurse Rooke,DC,0,38,Persuasion
Nurse Rooke,DN,0,38,Persuasion
Penelope,N,0,38,Persuasion
Penelope,C,0,38,Persuasion
Penelope,I,0,38,Persuasion
Penelope,A,0,38,Persuasion
Penelope,DC,0,38,Persuasion
Penelope,DN,0,38,Persuasion
Sir Walter,N,0,38,Persuasion
Sir Walter,C,0,38,Persuasion
Sir Walter,I,0,38,Persuasion
Sir Walter,A,0,38,Persuasion
Sir Walter,DC,0,38,Persuasion
Sir Walter,DN,0,38,Persuasion
Sophy,N,0,38,Persuasion
Sophy,C,0,38,Persuasion
Sophy,I,0,38,Persuasion
Sophy,A,0,38,Persuasion
Sophy,DC,0,38,Persuasion
Sophy,DN,0,38,Persuasion
The Mr Musgroves,N,0,38,Persuasion
The Mr Musgroves,C,0,38,Persuasion
The Mr Musgroves,I,0,38,Persuasion
The Mr Musgroves,A,0,38,Persuasion
The Mr Musgroves,DC,0,38,Persuasion
The Mr Musgroves,DN,0,38,Persuasion
The little Durands,N,0,38,Persuasion
The little Durands,C,0,38,Persuasion
The little Durands,I,0,38,Persuasion
The little Durands,A,0,38,Persuasion
The little Durands,DC,0,38,Persuasion
The little Durands,DN,0,38,Persuasion
Winthrop,N,0,38,Persuasion
Winthrop,C,0,38,Persuasion
Winthrop,I,0,38,Persuasion
Winthrop,A,0,38,Persuasion
Winthrop,DC,0,38,Persuasion
Winthrop,DN,0,38,Persuasion
old Sir Archibald Drew,N,0,38,Persuasion
old Sir Archibald Drew,C,0,38,Persuasion
old Sir Archibald Drew,I,0,38,Persuasion
old Sir Archibald Drew,A,0,38,Persuasion
old Sir Archibald Drew,DC,0,38,Persuasion
old Sir Archibald Drew,DN,0,38,Persuasion
the Asp,N,0,38,Persuasion
the Asp,C,0,38,Persuasion
the Asp,I,0,38,Persuasion
the Asp,A,0,38,Persuasion
the Asp,DC,0,38,Persuasion
the Asp,DN,0,38,Persuasion
the Crofts,N,0,38,Persuasion
the Crofts,C,0,38,Persuasion
the Crofts,I,0,38,Persuasion
the Crofts,A,0,38,Persuasion
the Crofts,DC,0,38,Persuasion
the Crofts,DN,0,38,Persuasion
the Dalrymples,N,0,38,Persuasion
the Dalrymples,C,0,38,Persuasion
the Dalrymples,I,0,38,Persuasion
the Dalrymples,A,0,38,Persuasion
the Dalrymples,DC,0,38,Persuasion
the Dalrymples,DN,0,38,Persuasion
the Harvilles,N,4,38,Persuasion
the Harvilles,C,0,38,Persuasion
the Harvilles,I,1,38,Persuasion
the Harvilles,A,0,38,Persuasion
the Harvilles,DC,0,38,Persuasion
the Harvilles,DN,0,38,Persuasion
the Hayters,N,0,38,Persuasion
the Hayters,C,0,38,Persuasion
the Hayters,I,0,38,Persuasion
the Hayters,A,0,38,Persuasion
the Hayters,DC,0,38,Persuasion
the Hayters,DN,0,38,Persuasion
the Miss Musgroves,N,1,38,Persuasion
the Miss Musgroves,C,0,38,Persuasion
the Miss Musgroves,I,0,38,Persuasion
the Miss Musgroves,A,1,38,Persuasion
the Miss Musgroves,DC,0,38,Persuasion
the Miss Musgroves,DN,0,38,Persuasion
Admiral Baldwin,N,0,39,Persuasion
Admiral Baldwin,C,0,39,Persuasion
Admiral Baldwin,I,0,39,Persuasion
Admiral Baldwin,A,0,39,Persuasion
Admiral Baldwin,DC,0,39,Persuasion
Admiral Baldwin,DN,0,39,Persuasion
Admiral Croft,N,0,39,Persuasion
Admiral Croft,C,0,39,Persuasion
Admiral Croft,I,0,39,Persuasion
Admiral Croft,A,0,39,Persuasion
Admiral Croft,DC,0,39,Persuasion
Admiral Croft,DN,0,39,Persuasion
Anne,N,12,39,Persuasion
Anne,C,2,39,Persuasion
Anne,I,14,39,Persuasion
Anne,A,12,39,Persuasion
Anne,DC,1,39,Persuasion
Anne,DN,2,39,Persuasion
Captain Benwick,N,0,39,Persuasion
Captain Benwick,C,0,39,Persuasion
Captain Benwick,I,0,39,Persuasion
Captain Benwick,A,0,39,Persuasion
Captain Benwick,DC,0,39,Persuasion
Captain Benwick,DN,0,39,Persuasion
Captain Harville,N,0,39,Persuasion
Captain Harville,C,0,39,Persuasion
Captain Harville,I,0,39,Persuasion
Captain Harville,A,0,39,Persuasion
Captain Harville,DC,0,39,Persuasion
Captain Harville,DN,0,39,Persuasion
Captain Wentworth,N,1,39,Persuasion
Captain Wentworth,C,0,39,Persuasion
Captain Wentworth,I,0,39,Persuasion
Captain Wentworth,A,0,39,Persuasion
Captain Wentworth,DC,0,39,Persuasion
Captain Wentworth,DN,0,39,Persuasion
Charles,N,0,39,Persuasion
Charles,C,0,39,Persuasion
Charles,I,0,39,Persuasion
Charles,A,0,39,Persuasion
Charles,DC,0,39,Persuasion
Charles,DN,0,39,Persuasion
Colonel Wallis,N,7,39,Persuasion
Colonel Wallis,C,0,39,Persuasion
Colonel Wallis,I,1,39,Persuasion
Colonel Wallis,A,1,39,Persuasion
Colonel Wallis,DC,2,39,Persuasion
Colonel Wallis,DN,0,39,Persuasion
Dear Smith,N,0,39,Persuasion
Dear Smith,C,0,39,Persuasion
Dear Smith,I,0,39,Persuasion
Dear Smith,A,0,39,Persuasion
Dear Smith,DC,0,39,Persuasion
Dear Smith,DN,0,39,Persuasion
Dick,N,0,39,Persuasion
Dick,C,0,39,Persuasion
Dick,I,0,39,Persuasion
Dick,A,0,39,Persuasion
Dick,DC,0,39,Persuasion
Dick,DN,0,39,Persuasion
Dr Shirley,N,0,39,Persuasion
Dr Shirley,C,0,39,Persuasion
Dr Shirley,I,0,39,Persuasion
Dr Shirley,A,0,39,Persuasion
Dr Shirley,DC,0,39,Persuasion
Dr Shirley,DN,0,39,Persuasion
Edward,N,0,39,Persuasion
Edward,C,0,39,Persuasion
Edward,I,0,39,Persuasion
Edward,A,0,39,Persuasion
Edward,DC,0,39,Persuasion
Edward,DN,0,39,Persuasion
Elizabeth,N,8,39,Persuasion
Elizabeth,C,0,39,Persuasion
Elizabeth,I,2,39,Persuasion
Elizabeth,A,2,39,Persuasion
Elizabeth,DC,0,39,Persuasion
Elizabeth,DN,3,39,Persuasion
Frederick,N,0,39,Persuasion
Frederick,C,0,39,Persuasion
Frederick,I,0,39,Persuasion
Frederick,A,0,39,Persuasion
Frederick,DC,0,39,Persuasion
Frederick,DN,0,39,Persuasion
God,N,0,39,Persuasion
God,C,0,39,Persuasion
God,I,0,39,Persuasion
God,A,0,39,Persuasion
God,DC,0,39,Persuasion
God,DN,0,39,Persuasion
Henrietta,N,0,39,Persuasion
Henrietta,C,0,39,Persuasion
Henrietta,I,0,39,Persuasion
Henrietta,A,0,39,Persuasion
Henrietta,DC,0,39,Persuasion
Henrietta,DN,0,39,Persuasion
Jemima,N,0,39,Persuasion
Jemima,C,0,39,Persuasion
Jemima,I,0,39,Persuasion
Jemima,A,0,39,Persuasion
Jemima,DC,0,39,Persuasion
Jemima,DN,0,39,Persuasion
Kellynch,N,1,39,Persuasion
Kellynch,C,0,39,Persuasion
Kellynch,I,0,39,Persuasion
Kellynch,A,1,39,Persuasion
Kellynch,DC,0,39,Persuasion
Kellynch,DN,0,39,Persuasion
Lady Dalrymple,N,0,39,Persuasion
Lady Dalrymple,C,0,39,Persuasion
Lady Dalrymple,I,0,39,Persuasion
Lady Dalrymple,A,0,39,Persuasion
Lady Dalrymple,DC,0,39,Persuasion
Lady Dalrymple,DN,0,39,Persuasion
Lady Elliot,N,0,39,Persuasion
Lady Elliot,C,0,39,Persuasion
Lady Elliot,I,0,39,Persuasion
Lady Elliot,A,0,39,Persuasion
Lady Elliot,DC,0,39,Persuasion
Lady Elliot,DN,0,39,Persuasion
Lady Russell,N,1,39,Persuasion
Lady Russell,C,0,39,Persuasion
Lady Russell,I,0,39,Persuasion
Lady Russell,A,0,39,Persuasion
Lady Russell,DC,0,39,Persuasion
Lady Russell,DN,0,39,Persuasion
Louisa,N,0,39,Persuasion
Louisa,C,0,39,Persuasion
Louisa,I,0,39,Persuasion
Louisa,A,0,39,Persuasion
Louisa,DC,0,39,Persuasion
Louisa,DN,0,39,Persuasion
Mary,N,2,39,Persuasion
Mary,C,0,39,Persuasion
Mary,I,0,39,Persuasion
Mary,A,3,39,Persuasion
Mary,DC,4,39,Persuasion
Mary,DN,0,39,Persuasion
Miss Atkinson,N,0,39,Persuasion
Miss Atkinson,C,0,39,Persuasion
Miss Atkinson,I,0,39,Persuasion
Miss Atkinson,A,0,39,Persuasion
Miss Atkinson,DC,0,39,Persuasion
Miss Atkinson,DN,0,39,Persuasion
Miss Carteret,N,0,39,Persuasion
Miss Carteret,C,0,39,Persuasion
Miss Carteret,I,0,39,Persuasion
Miss Carteret,A,0,39,Persuasion
Miss Carteret,DC,0,39,Persuasion
Miss Carteret,DN,0,39,Persuasion
Miss Hamilton,N,0,39,Persuasion
Miss Hamilton,C,0,39,Persuasion
Miss Hamilton,I,0,39,Persuasion
Miss Hamilton,A,0,39,Persuasion
Miss Hamilton,DC,0,39,Persuasion
Miss Hamilton,DN,0,39,Persuasion
Mr Elliot,N,22,39,Persuasion
Mr Elliot,C,6,39,Persuasion
Mr Elliot,I,9,39,Persuasion
Mr Elliot,A,33,39,Persuasion
Mr Elliot,DC,12,39,Persuasion
Mr Elliot,DN,11,39,Persuasion
Mr Shepherd,N,0,39,Persuasion
Mr Shepherd,C,0,39,Persuasion
Mr Shepherd,I,0,39,Persuasion
Mr Shepherd,A,0,39,Persuasion
Mr Shepherd,DC,0,39,Persuasion
Mr Shepherd,DN,0,39,Persuasion
Mr Smith,N,0,39,Persuasion
Mr Smith,C,0,39,Persuasion
Mr Smith,I,0,39,Persuasion
Mr Smith,A,0,39,Persuasion
Mr Smith,DC,0,39,Persuasion
Mr Smith,DN,0,39,Persuasion
Mr Wentworth,N,0,39,Persuasion
Mr Wentworth,C,0,39,Persuasion
Mr Wentworth,I,0,39,Persuasion
Mr Wentworth,A,0,39,Persuasion
Mr Wentworth,DC,0,39,Persuasion
Mr Wentworth,DN,0,39,Persuasion
Mrs Clay,N,5,39,Persuasion
Mrs Clay,C,0,39,Persuasion
Mrs Clay,I,1,39,Persuasion
Mrs Clay,A,0,39,Persuasion
Mrs Clay,DC,1,39,Persuasion
Mrs Clay,DN,2,39,Persuasion
Mrs Croft,N,0,39,Persuasion
Mrs Croft,C,0,39,Persuasion
Mrs Croft,I,0,39,Persuasion
Mrs Croft,A,0,39,Persuasion
Mrs Croft,DC,0,39,Persuasion
Mrs Croft,DN,0,39,Persuasion
Mrs Harville,N,0,39,Persuasion
Mrs Harville,C,0,39,Persuasion
Mrs Harville,I,0,39,Persuasion
Mrs Harville,A,0,39,Persuasion
Mrs Harville,DC,0,39,Persuasion
Mrs Harville,DN,0,39,Persuasion
Mrs Musgrove,N,1,39,Persuasion
Mrs Musgrove,C,1,39,Persuasion
Mrs Musgrove,I,0,39,Persuasion
Mrs Musgrove,A,0,39,Persuasion
Mrs Musgrove,DC,0,39,Persuasion
Mrs Musgrove,DN,0,39,Persuasion
Mrs Rooke,N,0,39,Persuasion
Mrs Rooke,C,0,39,Persuasion
Mrs Rooke,I,0,39,Persuasion
Mrs Rooke,A,0,39,Persuasion
Mrs Rooke,DC,0,39,Persuasion
Mrs Rooke,DN,0,39,Persuasion
Mrs Shirley,N,0,39,Persuasion
Mrs Shirley,C,0,39,Persuasion
Mrs Shirley,I,0,39,Persuasion
Mrs Shirley,A,0,39,Persuasion
Mrs Shirley,DC,0,39,Persuasion
Mrs Shirley,DN,0,39,Persuasion
Mrs Smith,N,0,39,Persuasion
Mrs Smith,C,0,39,Persuasion
Mrs Smith,I,0,39,Persuasion
Mrs Smith,A,0,39,Persuasion
Mrs Smith,DC,0,39,Persuasion
Mrs Smith,DN,0,39,Persuasion
Mrs Wallis,N,2,39,Persuasion
Mrs Wallis,C,2,39,Persuasion
Mrs Wallis,I,1,39,Persuasion
Mrs Wallis,A,1,39,Persuasion
Mrs Wallis,DC,0,39,Persuasion
Mrs Wallis,DN,1,39,Persuasion
Nurse Rooke,N,0,39,Persuasion
Nurse Rooke,C,0,39,Persuasion
Nurse Rooke,I,0,39,Persuasion
Nurse Rooke,A,0,39,Persuasion
Nurse Rooke,DC,0,39,Persuasion
Nurse Rooke,DN,0,39,Persuasion
Penelope,N,0,39,Persuasion
Penelope,C,0,39,Persuasion
Penelope,I,0,39,Persuasion
Penelope,A,0,39,Persuasion
Penelope,DC,0,39,Persuasion
Penelope,DN,0,39,Persuasion
Sir Walter,N,15,39,Persuasion
Sir Walter,C,7,39,Persuasion
Sir Walter,I,11,39,Persuasion
Sir Walter,A,10,39,Persuasion
Sir Walter,DC,7,39,Persuasion
Sir Walter,DN,2,39,Persuasion
Sophy,N,0,39,Persuasion
Sophy,C,0,39,Persuasion
Sophy,I,0,39,Persuasion
Sophy,A,0,39,Persuasion
Sophy,DC,0,39,Persuasion
Sophy,DN,0,39,Persuasion
The Mr Musgroves,N,0,39,Persuasion
The Mr Musgroves,C,0,39,Persuasion
The Mr Musgroves,I,0,39,Persuasion
The Mr Musgroves,A,0,39,Persuasion
The Mr Musgroves,DC,0,39,Persuasion
The Mr Musgroves,DN,0,39,Persuasion
The little Durands,N,0,39,Persuasion
The little Durands,C,0,39,Persuasion
The little Durands,I,0,39,Persuasion
The little Durands,A,0,39,Persuasion
The little Durands,DC,0,39,Persuasion
The little Durands,DN,0,39,Persuasion
Winthrop,N,0,39,Persuasion
Winthrop,C,0,39,Persuasion
Winthrop,I,0,39,Persuasion
Winthrop,A,0,39,Persuasion
Winthrop,DC,0,39,Persuasion
Winthrop,DN,0,39,Persuasion
old Sir Archibald Drew,N,0,39,Persuasion
old Sir Archibald Drew,C,0,39,Persuasion
old Sir Archibald Drew,I,0,39,Persuasion
old Sir Archibald Drew,A,0,39,Persuasion
old Sir Archibald Drew,DC,0,39,Persuasion
old Sir Archibald Drew,DN,0,39,Persuasion
the Asp,N,0,39,Persuasion
the Asp,C,0,39,Persuasion
the Asp,I,0,39,Persuasion
the Asp,A,0,39,Persuasion
the Asp,DC,0,39,Persuasion
the Asp,DN,0,39,Persuasion
the Crofts,N,0,39,Persuasion
the Crofts,C,0,39,Persuasion
the Crofts,I,0,39,Persuasion
the Crofts,A,0,39,Persuasion
the Crofts,DC,0,39,Persuasion
the Crofts,DN,0,39,Persuasion
the Dalrymples,N,0,39,Persuasion
the Dalrymples,C,0,39,Persuasion
the Dalrymples,I,0,39,Persuasion
the Dalrymples,A,0,39,Persuasion
the Dalrymples,DC,0,39,Persuasion
the Dalrymples,DN,0,39,Persuasion
the Harvilles,N,0,39,Persuasion
the Harvilles,C,0,39,Persuasion
the Harvilles,I,0,39,Persuasion
the Harvilles,A,0,39,Persuasion
the Harvilles,DC,0,39,Persuasion
the Harvilles,DN,0,39,Persuasion
the Hayters,N,0,39,Persuasion
the Hayters,C,0,39,Persuasion
the Hayters,I,0,39,Persuasion
the Hayters,A,0,39,Persuasion
the Hayters,DC,0,39,Persuasion
the Hayters,DN,0,39,Persuasion
the Miss Musgroves,N,0,39,Persuasion
the Miss Musgroves,C,0,39,Persuasion
the Miss Musgroves,I,0,39,Persuasion
the Miss Musgroves,A,0,39,Persuasion
the Miss Musgroves,DC,0,39,Persuasion
the Miss Musgroves,DN,0,39,Persuasion
Admiral Baldwin,N,0,40,Persuasion
Admiral Baldwin,C,0,40,Persuasion
Admiral Baldwin,I,0,40,Persuasion
Admiral Baldwin,A,0,40,Persuasion
Admiral Baldwin,DC,0,40,Persuasion
Admiral Baldwin,DN,0,40,Persuasion
Admiral Croft,N,0,40,Persuasion
Admiral Croft,C,0,40,Persuasion
Admiral Croft,I,0,40,Persuasion
Admiral Croft,A,0,40,Persuasion
Admiral Croft,DC,0,40,Persuasion
Admiral Croft,DN,0,40,Persuasion
Anne,N,21,40,Persuasion
Anne,C,8,40,Persuasion
Anne,I,26,40,Persuasion
Anne,A,10,40,Persuasion
Anne,DC,8,40,Persuasion
Anne,DN,13,40,Persuasion
Captain Benwick,N,0,40,Persuasion
Captain Benwick,C,0,40,Persuasion
Captain Benwick,I,0,40,Persuasion
Captain Benwick,A,0,40,Persuasion
Captain Benwick,DC,0,40,Persuasion
Captain Benwick,DN,0,40,Persuasion
Captain Harville,N,0,40,Persuasion
Captain Harville,C,0,40,Persuasion
Captain Harville,I,0,40,Persuasion
Captain Harville,A,0,40,Persuasion
Captain Harville,DC,0,40,Persuasion
Captain Harville,DN,0,40,Persuasion
Captain Wentworth,N,0,40,Persuasion
Captain Wentworth,C,0,40,Persuasion
Captain Wentworth,I,0,40,Persuasion
Captain Wentworth,A,0,40,Persuasion
Captain Wentworth,DC,0,40,Persuasion
Captain Wentworth,DN,0,40,Persuasion
Charles,N,0,40,Persuasion
Charles,C,0,40,Persuasion
Charles,I,0,40,Persuasion
Charles,A,0,40,Persuasion
Charles,DC,0,40,Persuasion
Charles,DN,0,40,Persuasion
Colonel Wallis,N,1,40,Persuasion
Colonel Wallis,C,0,40,Persuasion
Colonel Wallis,I,0,40,Persuasion
Colonel Wallis,A,0,40,Persuasion
Colonel Wallis,DC,0,40,Persuasion
Colonel Wallis,DN,0,40,Persuasion
Dear Smith,N,0,40,Persuasion
Dear Smith,C,0,40,Persuasion
Dear Smith,I,0,40,Persuasion
Dear Smith,A,0,40,Persuasion
Dear Smith,DC,0,40,Persuasion
Dear Smith,DN,0,40,Persuasion
Dick,N,0,40,Persuasion
Dick,C,0,40,Persuasion
Dick,I,0,40,Persuasion
Dick,A,0,40,Persuasion
Dick,DC,0,40,Persuasion
Dick,DN,0,40,Persuasion
Dr Shirley,N,0,40,Persuasion
Dr Shirley,C,0,40,Persuasion
Dr Shirley,I,0,40,Persuasion
Dr Shirley,A,0,40,Persuasion
Dr Shirley,DC,0,40,Persuasion
Dr Shirley,DN,0,40,Persuasion
Edward,N,0,40,Persuasion
Edward,C,0,40,Persuasion
Edward,I,0,40,Persuasion
Edward,A,0,40,Persuasion
Edward,DC,0,40,Persuasion
Edward,DN,0,40,Persuasion
Elizabeth,N,7,40,Persuasion
Elizabeth,C,2,40,Persuasion
Elizabeth,I,2,40,Persuasion
Elizabeth,A,1,40,Persuasion
Elizabeth,DC,1,40,Persuasion
Elizabeth,DN,3,40,Persuasion
Frederick,N,0,40,Persuasion
Frederick,C,0,40,Persuasion
Frederick,I,0,40,Persuasion
Frederick,A,0,40,Persuasion
Frederick,DC,0,40,Persuasion
Frederick,DN,0,40,Persuasion
God,N,0,40,Persuasion
God,C,0,40,Persuasion
God,I,0,40,Persuasion
God,A,0,40,Persuasion
God,DC,0,40,Persuasion
God,DN,0,40,Persuasion
Henrietta,N,0,40,Persuasion
Henrietta,C,0,40,Persuasion
Henrietta,I,0,40,Persuasion
Henrietta,A,0,40,Persuasion
Henrietta,DC,0,40,Persuasion
Henrietta,DN,0,40,Persuasion
Jemima,N,0,40,Persuasion
Jemima,C,0,40,Persuasion
Jemima,I,0,40,Persuasion
Jemima,A,0,40,Persuasion
Jemima,DC,0,40,Persuasion
Jemima,DN,0,40,Persuasion
Kellynch,N,0,40,Persuasion
Kellynch,C,0,40,Persuasion
Kellynch,I,0,40,Persuasion
Kellynch,A,0,40,Persuasion
Kellynch,DC,0,40,Persuasion
Kellynch,DN,0,40,Persuasion
Lady Dalrymple,N,5,40,Persuasion
Lady Dalrymple,C,1,40,Persuasion
Lady Dalrymple,I,1,40,Persuasion
Lady Dalrymple,A,2,40,Persuasion
Lady Dalrymple,DC,3,40,Persuasion
Lady Dalrymple,DN,1,40,Persuasion
Lady Elliot,N,1,40,Persuasion
Lady Elliot,C,0,40,Persuasion
Lady Elliot,I,0,40,Persuasion
Lady Elliot,A,1,40,Persuasion
Lady Elliot,DC,0,40,Persuasion
Lady Elliot,DN,0,40,Persuasion
Lady Russell,N,10,40,Persuasion
Lady Russell,C,3,40,Persuasion
Lady Russell,I,6,40,Persuasion
Lady Russell,A,1,40,Persuasion
Lady Russell,DC,1,40,Persuasion
Lady Russell,DN,0,40,Persuasion
Louisa,N,0,40,Persuasion
Louisa,C,0,40,Persuasion
Louisa,I,0,40,Persuasion
Louisa,A,0,40,Persuasion
Louisa,DC,0,40,Persuasion
Louisa,DN,0,40,Persuasion
Mary,N,0,40,Persuasion
Mary,C,0,40,Persuasion
Mary,I,0,40,Persuasion
Mary,A,0,40,Persuasion
Mary,DC,0,40,Persuasion
Mary,DN,0,40,Persuasion
Miss Atkinson,N,0,40,Persuasion
Miss Atkinson,C,0,40,Persuasion
Miss Atkinson,I,0,40,Persuasion
Miss Atkinson,A,0,40,Persuasion
Miss Atkinson,DC,0,40,Persuasion
Miss Atkinson,DN,0,40,Persuasion
Miss Carteret,N,5,40,Persuasion
Miss Carteret,C,0,40,Persuasion
Miss Carteret,I,1,40,Persuasion
Miss Carteret,A,0,40,Persuasion
Miss Carteret,DC,1,40,Persuasion
Miss Carteret,DN,1,40,Persuasion
Miss Hamilton,N,0,40,Persuasion
Miss Hamilton,C,0,40,Persuasion
Miss Hamilton,I,0,40,Persuasion
Miss Hamilton,A,0,40,Persuasion
Miss Hamilton,DC,0,40,Persuasion
Miss Hamilton,DN,0,40,Persuasion
Mr Elliot,N,11,40,Persuasion
Mr Elliot,C,4,40,Persuasion
Mr Elliot,I,5,40,Persuasion
Mr Elliot,A,4,40,Persuasion
Mr Elliot,DC,2,40,Persuasion
Mr Elliot,DN,5,40,Persuasion
Mr Shepherd,N,0,40,Persuasion
Mr Shepherd,C,0,40,Persuasion
Mr Shepherd,I,0,40,Persuasion
Mr Shepherd,A,0,40,Persuasion
Mr Shepherd,DC,0,40,Persuasion
Mr Shepherd,DN,0,40,Persuasion
Mr Smith,N,0,40,Persuasion
Mr Smith,C,0,40,Persuasion
Mr Smith,I,0,40,Persuasion
Mr Smith,A,0,40,Persuasion
Mr Smith,DC,0,40,Persuasion
Mr Smith,DN,0,40,Persuasion
Mr Wentworth,N,0,40,Persuasion
Mr Wentworth,C,0,40,Persuasion
Mr Wentworth,I,0,40,Persuasion
Mr Wentworth,A,0,40,Persuasion
Mr Wentworth,DC,0,40,Persuasion
Mr Wentworth,DN,0,40,Persuasion
Mrs Clay,N,8,40,Persuasion
Mrs Clay,C,2,40,Persuasion
Mrs Clay,I,1,40,Persuasion
Mrs Clay,A,6,40,Persuasion
Mrs Clay,DC,0,40,Persuasion
Mrs Clay,DN,3,40,Persuasion
Mrs Croft,N,0,40,Persuasion
Mrs Croft,C,0,40,Persuasion
Mrs Croft,I,0,40,Persuasion
Mrs Croft,A,0,40,Persuasion
Mrs Croft,DC,0,40,Persuasion
Mrs Croft,DN,0,40,Persuasion
Mrs Harville,N,0,40,Persuasion
Mrs Harville,C,0,40,Persuasion
Mrs Harville,I,0,40,Persuasion
Mrs Harville,A,0,40,Persuasion
Mrs Harville,DC,0,40,Persuasion
Mrs Harville,DN,0,40,Persuasion
Mrs Musgrove,N,0,40,Persuasion
Mrs Musgrove,C,0,40,Persuasion
Mrs Musgrove,I,0,40,Persuasion
Mrs Musgrove,A,0,40,Persuasion
Mrs Musgrove,DC,0,40,Persuasion
Mrs Musgrove,DN,0,40,Persuasion
Mrs Rooke,N,0,40,Persuasion
Mrs Rooke,C,0,40,Persuasion
Mrs Rooke,I,0,40,Persuasion
Mrs Rooke,A,0,40,Persuasion
Mrs Rooke,DC,0,40,Persuasion
Mrs Rooke,DN,0,40,Persuasion
Mrs Shirley,N,0,40,Persuasion
Mrs Shirley,C,0,40,Persuasion
Mrs Shirley,I,0,40,Persuasion
Mrs Shirley,A,0,40,Persuasion
Mrs Shirley,DC,0,40,Persuasion
Mrs Shirley,DN,0,40,Persuasion
Mrs Smith,N,0,40,Persuasion
Mrs Smith,C,0,40,Persuasion
Mrs Smith,I,0,40,Persuasion
Mrs Smith,A,0,40,Persuasion
Mrs Smith,DC,0,40,Persuasion
Mrs Smith,DN,0,40,Persuasion
Mrs Wallis,N,2,40,Persuasion
Mrs Wallis,C,0,40,Persuasion
Mrs Wallis,I,0,40,Persuasion
Mrs Wallis,A,0,40,Persuasion
Mrs Wallis,DC,0,40,Persuasion
Mrs Wallis,DN,0,40,Persuasion
Nurse Rooke,N,0,40,Persuasion
Nurse Rooke,C,0,40,Persuasion
Nurse Rooke,I,0,40,Persuasion
Nurse Rooke,A,0,40,Persuasion
Nurse Rooke,DC,0,40,Persuasion
Nurse Rooke,DN,0,40,Persuasion
Penelope,N,0,40,Persuasion
Penelope,C,0,40,Persuasion
Penelope,I,0,40,Persuasion
Penelope,A,0,40,Persuasion
Penelope,DC,0,40,Persuasion
Penelope,DN,0,40,Persuasion
Sir Walter,N,5,40,Persuasion
Sir Walter,C,2,40,Persuasion
Sir Walter,I,1,40,Persuasion
Sir Walter,A,0,40,Persuasion
Sir Walter,DC,1,40,Persuasion
Sir Walter,DN,1,40,Persuasion
Sophy,N,0,40,Persuasion
Sophy,C,0,40,Persuasion
Sophy,I,0,40,Persuasion
Sophy,A,0,40,Persuasion
Sophy,DC,0,40,Persuasion
Sophy,DN,0,40,Persuasion
The Mr Musgroves,N,0,40,Persuasion
The Mr Musgroves,C,0,40,Persuasion
The Mr Musgroves,I,0,40,Persuasion
The Mr Musgroves,A,0,40,Persuasion
The Mr Musgroves,DC,0,40,Persuasion
The Mr Musgroves,DN,0,40,Persuasion
The little Durands,N,0,40,Persuasion
The little Durands,C,0,40,Persuasion
The little Durands,I,0,40,Persuasion
The little Durands,A,0,40,Persuasion
The little Durands,DC,0,40,Persuasion
The little Durands,DN,0,40,Persuasion
Winthrop,N,0,40,Persuasion
Winthrop,C,0,40,Persuasion
Winthrop,I,0,40,Persuasion
Winthrop,A,0,40,Persuasion
Winthrop,DC,0,40,Persuasion
Winthrop,DN,0,40,Persuasion
old Sir Archibald Drew,N,0,40,Persuasion
old Sir Archibald Drew,C,0,40,Persuasion
old Sir Archibald Drew,I,0,40,Persuasion
old Sir Archibald Drew,A,0,40,Persuasion
old Sir Archibald Drew,DC,0,40,Persuasion
old Sir Archibald Drew,DN,0,40,Persuasion
the Asp,N,0,40,Persuasion
the Asp,C,0,40,Persuasion
the Asp,I,0,40,Persuasion
the Asp,A,0,40,Persuasion
the Asp,DC,0,40,Persuasion
the Asp,DN,0,40,Persuasion
the Crofts,N,0,40,Persuasion
the Crofts,C,0,40,Persuasion
the Crofts,I,0,40,Persuasion
the Crofts,A,0,40,Persuasion
the Crofts,DC,0,40,Persuasion
the Crofts,DN,0,40,Persuasion
the Dalrymples,N,3,40,Persuasion
the Dalrymples,C,0,40,Persuasion
the Dalrymples,I,1,40,Persuasion
the Dalrymples,A,0,40,Persuasion
the Dalrymples,DC,1,40,Persuasion
the Dalrymples,DN,0,40,Persuasion
the Harvilles,N,0,40,Persuasion
the Harvilles,C,0,40,Persuasion
the Harvilles,I,0,40,Persuasion
the Harvilles,A,0,40,Persuasion
the Harvilles,DC,0,40,Persuasion
the Harvilles,DN,0,40,Persuasion
the Hayters,N,0,40,Persuasion
the Hayters,C,0,40,Persuasion
the Hayters,I,0,40,Persuasion
the Hayters,A,0,40,Persuasion
the Hayters,DC,0,40,Persuasion
the Hayters,DN,0,40,Persuasion
the Miss Musgroves,N,0,40,Persuasion
the Miss Musgroves,C,0,40,Persuasion
the Miss Musgroves,I,0,40,Persuasion
the Miss Musgroves,A,0,40,Persuasion
the Miss Musgroves,DC,0,40,Persuasion
the Miss Musgroves,DN,0,40,Persuasion
Admiral Baldwin,N,0,41,Persuasion
Admiral Baldwin,C,0,41,Persuasion
Admiral Baldwin,I,0,41,Persuasion
Admiral Baldwin,A,0,41,Persuasion
Admiral Baldwin,DC,0,41,Persuasion
Admiral Baldwin,DN,0,41,Persuasion
Admiral Croft,N,0,41,Persuasion
Admiral Croft,C,0,41,Persuasion
Admiral Croft,I,0,41,Persuasion
Admiral Croft,A,0,41,Persuasion
Admiral Croft,DC,0,41,Persuasion
Admiral Croft,DN,0,41,Persuasion
Anne,N,34,41,Persuasion
Anne,C,5,41,Persuasion
Anne,I,28,41,Persuasion
Anne,A,30,41,Persuasion
Anne,DC,11,41,Persuasion
Anne,DN,8,41,Persuasion
Captain Benwick,N,0,41,Persuasion
Captain Benwick,C,0,41,Persuasion
Captain Benwick,I,0,41,Persuasion
Captain Benwick,A,0,41,Persuasion
Captain Benwick,DC,0,41,Persuasion
Captain Benwick,DN,0,41,Persuasion
Captain Harville,N,0,41,Persuasion
Captain Harville,C,0,41,Persuasion
Captain Harville,I,0,41,Persuasion
Captain Harville,A,0,41,Persuasion
Captain Harville,DC,0,41,Persuasion
Captain Harville,DN,0,41,Persuasion
Captain Wentworth,N,0,41,Persuasion
Captain Wentworth,C,0,41,Persuasion
Captain Wentworth,I,0,41,Persuasion
Captain Wentworth,A,0,41,Persuasion
Captain Wentworth,DC,0,41,Persuasion
Captain Wentworth,DN,0,41,Persuasion
Charles,N,0,41,Persuasion
Charles,C,0,41,Persuasion
Charles,I,0,41,Persuasion
Charles,A,0,41,Persuasion
Charles,DC,0,41,Persuasion
Charles,DN,0,41,Persuasion
Colonel Wallis,N,1,41,Persuasion
Colonel Wallis,C,0,41,Persuasion
Colonel Wallis,I,0,41,Persuasion
Colonel Wallis,A,0,41,Persuasion
Colonel Wallis,DC,0,41,Persuasion
Colonel Wallis,DN,0,41,Persuasion
Dear Smith,N,0,41,Persuasion
Dear Smith,C,0,41,Persuasion
Dear Smith,I,0,41,Persuasion
Dear Smith,A,0,41,Persuasion
Dear Smith,DC,0,41,Persuasion
Dear Smith,DN,0,41,Persuasion
Dick,N,0,41,Persuasion
Dick,C,0,41,Persuasion
Dick,I,0,41,Persuasion
Dick,A,0,41,Persuasion
Dick,DC,0,41,Persuasion
Dick,DN,0,41,Persuasion
Dr Shirley,N,0,41,Persuasion
Dr Shirley,C,0,41,Persuasion
Dr Shirley,I,0,41,Persuasion
Dr Shirley,A,0,41,Persuasion
Dr Shirley,DC,0,41,Persuasion
Dr Shirley,DN,0,41,Persuasion
Edward,N,0,41,Persuasion
Edward,C,0,41,Persuasion
Edward,I,0,41,Persuasion
Edward,A,0,41,Persuasion
Edward,DC,0,41,Persuasion
Edward,DN,0,41,Persuasion
Elizabeth,N,5,41,Persuasion
Elizabeth,C,1,41,Persuasion
Elizabeth,I,0,41,Persuasion
Elizabeth,A,0,41,Persuasion
Elizabeth,DC,0,41,Persuasion
Elizabeth,DN,1,41,Persuasion
Frederick,N,0,41,Persuasion
Frederick,C,0,41,Persuasion
Frederick,I,0,41,Persuasion
Frederick,A,0,41,Persuasion
Frederick,DC,0,41,Persuasion
Frederick,DN,0,41,Persuasion
God,N,0,41,Persuasion
God,C,0,41,Persuasion
God,I,0,41,Persuasion
God,A,0,41,Persuasion
God,DC,0,41,Persuasion
God,DN,0,41,Persuasion
Henrietta,N,0,41,Persuasion
Henrietta,C,0,41,Persuasion
Henrietta,I,0,41,Persuasion
Henrietta,A,0,41,Persuasion
Henrietta,DC,0,41,Persuasion
Henrietta,DN,0,41,Persuasion
Jemima,N,0,41,Persuasion
Jemima,C,0,41,Persuasion
Jemima,I,0,41,Persuasion
Jemima,A,0,41,Persuasion
Jemima,DC,0,41,Persuasion
Jemima,DN,0,41,Persuasion
Kellynch,N,3,41,Persuasion
Kellynch,C,1,41,Persuasion
Kellynch,I,0,41,Persuasion
Kellynch,A,0,41,Persuasion
Kellynch,DC,1,41,Persuasion
Kellynch,DN,0,41,Persuasion
Lady Dalrymple,N,2,41,Persuasion
Lady Dalrymple,C,0,41,Persuasion
Lady Dalrymple,I,0,41,Persuasion
Lady Dalrymple,A,0,41,Persuasion
Lady Dalrymple,DC,0,41,Persuasion
Lady Dalrymple,DN,0,41,Persuasion
Lady Elliot,N,2,41,Persuasion
Lady Elliot,C,0,41,Persuasion
Lady Elliot,I,0,41,Persuasion
Lady Elliot,A,0,41,Persuasion
Lady Elliot,DC,2,41,Persuasion
Lady Elliot,DN,0,41,Persuasion
Lady Russell,N,11,41,Persuasion
Lady Russell,C,4,41,Persuasion
Lady Russell,I,11,41,Persuasion
Lady Russell,A,2,41,Persuasion
Lady Russell,DC,3,41,Persuasion
Lady Russell,DN,1,41,Persuasion
Louisa,N,0,41,Persuasion
Louisa,C,0,41,Persuasion
Louisa,I,0,41,Persuasion
Louisa,A,0,41,Persuasion
Louisa,DC,0,41,Persuasion
Louisa,DN,0,41,Persuasion
Mary,N,0,41,Persuasion
Mary,C,0,41,Persuasion
Mary,I,0,41,Persuasion
Mary,A,0,41,Persuasion
Mary,DC,0,41,Persuasion
Mary,DN,0,41,Persuasion
Miss Atkinson,N,0,41,Persuasion
Miss Atkinson,C,0,41,Persuasion
Miss Atkinson,I,0,41,Persuasion
Miss Atkinson,A,0,41,Persuasion
Miss Atkinson,DC,0,41,Persuasion
Miss Atkinson,DN,0,41,Persuasion
Miss Carteret,N,0,41,Persuasion
Miss Carteret,C,0,41,Persuasion
Miss Carteret,I,0,41,Persuasion
Miss Carteret,A,0,41,Persuasion
Miss Carteret,DC,0,41,Persuasion
Miss Carteret,DN,0,41,Persuasion
Miss Hamilton,N,3,41,Persuasion
Miss Hamilton,C,0,41,Persuasion
Miss Hamilton,I,1,41,Persuasion
Miss Hamilton,A,3,41,Persuasion
Miss Hamilton,DC,0,41,Persuasion
Miss Hamilton,DN,1,41,Persuasion
Mr Elliot,N,13,41,Persuasion
Mr Elliot,C,0,41,Persuasion
Mr Elliot,I,5,41,Persuasion
Mr Elliot,A,6,41,Persuasion
Mr Elliot,DC,2,41,Persuasion
Mr Elliot,DN,6,41,Persuasion
Mr Shepherd,N,0,41,Persuasion
Mr Shepherd,C,0,41,Persuasion
Mr Shepherd,I,0,41,Persuasion
Mr Shepherd,A,0,41,Persuasion
Mr Shepherd,DC,0,41,Persuasion
Mr Shepherd,DN,0,41,Persuasion
Mr Smith,N,0,41,Persuasion
Mr Smith,C,0,41,Persuasion
Mr Smith,I,0,41,Persuasion
Mr Smith,A,0,41,Persuasion
Mr Smith,DC,0,41,Persuasion
Mr Smith,DN,0,41,Persuasion
Mr Wentworth,N,0,41,Persuasion
Mr Wentworth,C,0,41,Persuasion
Mr Wentworth,I,0,41,Persuasion
Mr Wentworth,A,0,41,Persuasion
Mr Wentworth,DC,0,41,Persuasion
Mr Wentworth,DN,0,41,Persuasion
Mrs Clay,N,5,41,Persuasion
Mrs Clay,C,0,41,Persuasion
Mrs Clay,I,1,41,Persuasion
Mrs Clay,A,0,41,Persuasion
Mrs Clay,DC,0,41,Persuasion
Mrs Clay,DN,1,41,Persuasion
Mrs Croft,N,0,41,Persuasion
Mrs Croft,C,0,41,Persuasion
Mrs Croft,I,0,41,Persuasion
Mrs Croft,A,0,41,Persuasion
Mrs Croft,DC,0,41,Persuasion
Mrs Croft,DN,0,41,Persuasion
Mrs Harville,N,0,41,Persuasion
Mrs Harville,C,0,41,Persuasion
Mrs Harville,I,0,41,Persuasion
Mrs Harville,A,0,41,Persuasion
Mrs Harville,DC,0,41,Persuasion
Mrs Harville,DN,0,41,Persuasion
Mrs Musgrove,N,0,41,Persuasion
Mrs Musgrove,C,0,41,Persuasion
Mrs Musgrove,I,0,41,Persuasion
Mrs Musgrove,A,0,41,Persuasion
Mrs Musgrove,DC,0,41,Persuasion
Mrs Musgrove,DN,0,41,Persuasion
Mrs Rooke,N,1,41,Persuasion
Mrs Rooke,C,0,41,Persuasion
Mrs Rooke,I,0,41,Persuasion
Mrs Rooke,A,0,41,Persuasion
Mrs Rooke,DC,1,41,Persuasion
Mrs Rooke,DN,0,41,Persuasion
Mrs Shirley,N,0,41,Persuasion
Mrs Shirley,C,0,41,Persuasion
Mrs Shirley,I,0,41,Persuasion
Mrs Shirley,A,0,41,Persuasion
Mrs Shirley,DC,0,41,Persuasion
Mrs Shirley,DN,0,41,Persuasion
Mrs Smith,N,16,41,Persuasion
Mrs Smith,C,6,41,Persuasion
Mrs Smith,I,5,41,Persuasion
Mrs Smith,A,3,41,Persuasion
Mrs Smith,DC,4,41,Persuasion
Mrs Smith,DN,3,41,Persuasion
Mrs Wallis,N,2,41,Persuasion
Mrs Wallis,C,0,41,Persuasion
Mrs Wallis,I,0,41,Persuasion
Mrs Wallis,A,2,41,Persuasion
Mrs Wallis,DC,3,41,Persuasion
Mrs Wallis,DN,0,41,Persuasion
Nurse Rooke,N,2,41,Persuasion
Nurse Rooke,C,0,41,Persuasion
Nurse Rooke,I,1,41,Persuasion
Nurse Rooke,A,2,41,Persuasion
Nurse Rooke,DC,5,41,Persuasion
Nurse Rooke,DN,0,41,Persuasion
Penelope,N,0,41,Persuasion
Penelope,C,0,41,Persuasion
Penelope,I,0,41,Persuasion
Penelope,A,0,41,Persuasion
Penelope,DC,0,41,Persuasion
Penelope,DN,0,41,Persuasion
Sir Walter,N,5,41,Persuasion
Sir Walter,C,2,41,Persuasion
Sir Walter,I,1,41,Persuasion
Sir Walter,A,2,41,Persuasion
Sir Walter,DC,0,41,Persuasion
Sir Walter,DN,0,41,Persuasion
Sophy,N,0,41,Persuasion
Sophy,C,0,41,Persuasion
Sophy,I,0,41,Persuasion
Sophy,A,0,41,Persuasion
Sophy,DC,0,41,Persuasion
Sophy,DN,0,41,Persuasion
The Mr Musgroves,N,0,41,Persuasion
The Mr Musgroves,C,0,41,Persuasion
The Mr Musgroves,I,0,41,Persuasion
The Mr Musgroves,A,0,41,Persuasion
The Mr Musgroves,DC,0,41,Persuasion
The Mr Musgroves,DN,0,41,Persuasion
The little Durands,N,0,41,Persuasion
The little Durands,C,0,41,Persuasion
The little Durands,I,0,41,Persuasion
The little Durands,A,0,41,Persuasion
The little Durands,DC,0,41,Persuasion
The little Durands,DN,0,41,Persuasion
Winthrop,N,0,41,Persuasion
Winthrop,C,0,41,Persuasion
Winthrop,I,0,41,Persuasion
Winthrop,A,0,41,Persuasion
Winthrop,DC,0,41,Persuasion
Winthrop,DN,0,41,Persuasion
old Sir Archibald Drew,N,0,41,Persuasion
old Sir Archibald Drew,C,0,41,Persuasion
old Sir Archibald Drew,I,0,41,Persuasion
old Sir Archibald Drew,A,0,41,Persuasion
old Sir Archibald Drew,DC,0,41,Persuasion
old Sir Archibald Drew,DN,0,41,Persuasion
the Asp,N,0,41,Persuasion
the Asp,C,0,41,Persuasion
the Asp,I,0,41,Persuasion
the Asp,A,0,41,Persuasion
the Asp,DC,0,41,Persuasion
the Asp,DN,0,41,Persuasion
the Crofts,N,0,41,Persuasion
the Crofts,C,0,41,Persuasion
the Crofts,I,0,41,Persuasion
the Crofts,A,0,41,Persuasion
the Crofts,DC,0,41,Persuasion
the Crofts,DN,0,41,Persuasion
the Dalrymples,N,0,41,Persuasion
the Dalrymples,C,0,41,Persuasion
the Dalrymples,I,0,41,Persuasion
the Dalrymples,A,0,41,Persuasion
the Dalrymples,DC,0,41,Persuasion
the Dalrymples,DN,0,41,Persuasion
the Harvilles,N,0,41,Persuasion
the Harvilles,C,0,41,Persuasion
the Harvilles,I,0,41,Persuasion
the Harvilles,A,0,41,Persuasion
the Harvilles,DC,0,41,Persuasion
the Harvilles,DN,0,41,Persuasion
the Hayters,N,0,41,Persuasion
the Hayters,C,0,41,Persuasion
the Hayters,I,0,41,Persuasion
the Hayters,A,0,41,Persuasion
the Hayters,DC,0,41,Persuasion
the Hayters,DN,0,41,Persuasion
the Miss Musgroves,N,0,41,Persuasion
the Miss Musgroves,C,0,41,Persuasion
the Miss Musgroves,I,0,41,Persuasion
the Miss Musgroves,A,0,41,Persuasion
the Miss Musgroves,DC,0,41,Persuasion
the Miss Musgroves,DN,0,41,Persuasion
Admiral Baldwin,N,0,42,Persuasion
Admiral Baldwin,C,0,42,Persuasion
Admiral Baldwin,I,0,42,Persuasion
Admiral Baldwin,A,0,42,Persuasion
Admiral Baldwin,DC,0,42,Persuasion
Admiral Baldwin,DN,0,42,Persuasion
Admiral Croft,N,4,42,Persuasion
Admiral Croft,C,0,42,Persuasion
Admiral Croft,I,0,42,Persuasion
Admiral Croft,A,2,42,Persuasion
Admiral Croft,DC,4,42,Persuasion
Admiral Croft,DN,0,42,Persuasion
Anne,N,18,42,Persuasion
Anne,C,11,42,Persuasion
Anne,I,33,42,Persuasion
Anne,A,20,42,Persuasion
Anne,DC,1,42,Persuasion
Anne,DN,8,42,Persuasion
Captain Benwick,N,13,42,Persuasion
Captain Benwick,C,0,42,Persuasion
Captain Benwick,I,4,42,Persuasion
Captain Benwick,A,4,42,Persuasion
Captain Benwick,DC,5,42,Persuasion
Captain Benwick,DN,2,42,Persuasion
Captain Harville,N,1,42,Persuasion
Captain Harville,C,0,42,Persuasion
Captain Harville,I,0,42,Persuasion
Captain Harville,A,0,42,Persuasion
Captain Harville,DC,0,42,Persuasion
Captain Harville,DN,0,42,Persuasion
Captain Wentworth,N,8,42,Persuasion
Captain Wentworth,C,0,42,Persuasion
Captain Wentworth,I,2,42,Persuasion
Captain Wentworth,A,3,42,Persuasion
Captain Wentworth,DC,2,42,Persuasion
Captain Wentworth,DN,0,42,Persuasion
Charles,N,8,42,Persuasion
Charles,C,0,42,Persuasion
Charles,I,4,42,Persuasion
Charles,A,0,42,Persuasion
Charles,DC,0,42,Persuasion
Charles,DN,1,42,Persuasion
Colonel Wallis,N,0,42,Persuasion
Colonel Wallis,C,0,42,Persuasion
Colonel Wallis,I,0,42,Persuasion
Colonel Wallis,A,0,42,Persuasion
Colonel Wallis,DC,0,42,Persuasion
Colonel Wallis,DN,0,42,Persuasion
Dear Smith,N,0,42,Persuasion
Dear Smith,C,0,42,Persuasion
Dear Smith,I,0,42,Persuasion
Dear Smith,A,0,42,Persuasion
Dear Smith,DC,0,42,Persuasion
Dear Smith,DN,0,42,Persuasion
Dick,N,0,42,Persuasion
Dick,C,0,42,Persuasion
Dick,I,0,42,Persuasion
Dick,A,0,42,Persuasion
Dick,DC,0,42,Persuasion
Dick,DN,0,42,Persuasion
Dr Shirley,N,0,42,Persuasion
Dr Shirley,C,0,42,Persuasion
Dr Shirley,I,0,42,Persuasion
Dr Shirley,A,0,42,Persuasion
Dr Shirley,DC,0,42,Persuasion
Dr Shirley,DN,0,42,Persuasion
Edward,N,2,42,Persuasion
Edward,C,0,42,Persuasion
Edward,I,0,42,Persuasion
Edward,A,0,42,Persuasion
Edward,DC,0,42,Persuasion
Edward,DN,0,42,Persuasion
Elizabeth,N,5,42,Persuasion
Elizabeth,C,5,42,Persuasion
Elizabeth,I,2,42,Persuasion
Elizabeth,A,1,42,Persuasion
Elizabeth,DC,1,42,Persuasion
Elizabeth,DN,0,42,Persuasion
Frederick,N,7,42,Persuasion
Frederick,C,0,42,Persuasion
Frederick,I,3,42,Persuasion
Frederick,A,7,42,Persuasion
Frederick,DC,8,42,Persuasion
Frederick,DN,1,42,Persuasion
God,N,0,42,Persuasion
God,C,0,42,Persuasion
God,I,0,42,Persuasion
God,A,0,42,Persuasion
God,DC,0,42,Persuasion
God,DN,0,42,Persuasion
Henrietta,N,3,42,Persuasion
Henrietta,C,0,42,Persuasion
Henrietta,I,1,42,Persuasion
Henrietta,A,0,42,Persuasion
Henrietta,DC,0,42,Persuasion
Henrietta,DN,1,42,Persuasion
Jemima,N,1,42,Persuasion
Jemima,C,0,42,Persuasion
Jemima,I,0,42,Persuasion
Jemima,A,0,42,Persuasion
Jemima,DC,0,42,Persuasion
Jemima,DN,0,42,Persuasion
Kellynch,N,0,42,Persuasion
Kellynch,C,0,42,Persuasion
Kellynch,I,0,42,Persuasion
Kellynch,A,0,42,Persuasion
Kellynch,DC,0,42,Persuasion
Kellynch,DN,0,42,Persuasion
Lady Dalrymple,N,1,42,Persuasion
Lady Dalrymple,C,0,42,Persuasion
Lady Dalrymple,I,2,42,Persuasion
Lady Dalrymple,A,0,42,Persuasion
Lady Dalrymple,DC,2,42,Persuasion
Lady Dalrymple,DN,0,42,Persuasion
Lady Elliot,N,0,42,Persuasion
Lady Elliot,C,0,42,Persuasion
Lady Elliot,I,0,42,Persuasion
Lady Elliot,A,0,42,Persuasion
Lady Elliot,DC,0,42,Persuasion
Lady Elliot,DN,0,42,Persuasion
Lady Russell,N,2,42,Persuasion
Lady Russell,C,0,42,Persuasion
Lady Russell,I,3,42,Persuasion
Lady Russell,A,5,42,Persuasion
Lady Russell,DC,0,42,Persuasion
Lady Russell,DN,0,42,Persuasion
Louisa,N,24,42,Persuasion
Louisa,C,0,42,Persuasion
Louisa,I,3,42,Persuasion
Louisa,A,7,42,Persuasion
Louisa,DC,1,42,Persuasion
Louisa,DN,4,42,Persuasion
Mary,N,7,42,Persuasion
Mary,C,0,42,Persuasion
Mary,I,2,42,Persuasion
Mary,A,2,42,Persuasion
Mary,DC,1,42,Persuasion
Mary,DN,1,42,Persuasion
Miss Atkinson,N,0,42,Persuasion
Miss Atkinson,C,0,42,Persuasion
Miss Atkinson,I,0,42,Persuasion
Miss Atkinson,A,0,42,Persuasion
Miss Atkinson,DC,0,42,Persuasion
Miss Atkinson,DN,0,42,Persuasion
Miss Carteret,N,0,42,Persuasion
Miss Carteret,C,0,42,Persuasion
Miss Carteret,I,0,42,Persuasion
Miss Carteret,A,0,42,Persuasion
Miss Carteret,DC,0,42,Persuasion
Miss Carteret,DN,0,42,Persuasion
Miss Hamilton,N,0,42,Persuasion
Miss Hamilton,C,0,42,Persuasion
Miss Hamilton,I,0,42,Persuasion
Miss Hamilton,A,0,42,Persuasion
Miss Hamilton,DC,0,42,Persuasion
Miss Hamilton,DN,0,42,Persuasion
Mr Elliot,N,1,42,Persuasion
Mr Elliot,C,0,42,Persuasion
Mr Elliot,I,0,42,Persuasion
Mr Elliot,A,1,42,Persuasion
Mr Elliot,DC,0,42,Persuasion
Mr Elliot,DN,0,42,Persuasion
Mr Shepherd,N,0,42,Persuasion
Mr Shepherd,C,0,42,Persuasion
Mr Shepherd,I,0,42,Persuasion
Mr Shepherd,A,0,42,Persuasion
Mr Shepherd,DC,0,42,Persuasion
Mr Shepherd,DN,0,42,Persuasion
Mr Smith,N,0,42,Persuasion
Mr Smith,C,0,42,Persuasion
Mr Smith,I,0,42,Persuasion
Mr Smith,A,0,42,Persuasion
Mr Smith,DC,0,42,Persuasion
Mr Smith,DN,0,42,Persuasion
Mr Wentworth,N,0,42,Persuasion
Mr Wentworth,C,0,42,Persuasion
Mr Wentworth,I,0,42,Persuasion
Mr Wentworth,A,0,42,Persuasion
Mr Wentworth,DC,0,42,Persuasion
Mr Wentworth,DN,0,42,Persuasion
Mrs Clay,N,2,42,Persuasion
Mrs Clay,C,0,42,Persuasion
Mrs Clay,I,1,42,Persuasion
Mrs Clay,A,1,42,Persuasion
Mrs Clay,DC,0,42,Persuasion
Mrs Clay,DN,1,42,Persuasion
Mrs Croft,N,7,42,Persuasion
Mrs Croft,C,0,42,Persuasion
Mrs Croft,I,0,42,Persuasion
Mrs Croft,A,1,42,Persuasion
Mrs Croft,DC,1,42,Persuasion
Mrs Croft,DN,0,42,Persuasion
Mrs Harville,N,3,42,Persuasion
Mrs Harville,C,0,42,Persuasion
Mrs Harville,I,0,42,Persuasion
Mrs Harville,A,0,42,Persuasion
Mrs Harville,DC,0,42,Persuasion
Mrs Harville,DN,1,42,Persuasion
Mrs Musgrove,N,6,42,Persuasion
Mrs Musgrove,C,0,42,Persuasion
Mrs Musgrove,I,0,42,Persuasion
Mrs Musgrove,A,1,42,Persuasion
Mrs Musgrove,DC,0,42,Persuasion
Mrs Musgrove,DN,1,42,Persuasion
Mrs Rooke,N,0,42,Persuasion
Mrs Rooke,C,0,42,Persuasion
Mrs Rooke,I,0,42,Persuasion
Mrs Rooke,A,0,42,Persuasion
Mrs Rooke,DC,0,42,Persuasion
Mrs Rooke,DN,0,42,Persuasion
Mrs Shirley,N,0,42,Persuasion
Mrs Shirley,C,0,42,Persuasion
Mrs Shirley,I,0,42,Persuasion
Mrs Shirley,A,0,42,Persuasion
Mrs Shirley,DC,0,42,Persuasion
Mrs Shirley,DN,0,42,Persuasion
Mrs Smith,N,0,42,Persuasion
Mrs Smith,C,0,42,Persuasion
Mrs Smith,I,0,42,Persuasion
Mrs Smith,A,0,42,Persuasion
Mrs Smith,DC,0,42,Persuasion
Mrs Smith,DN,0,42,Persuasion
Mrs Wallis,N,0,42,Persuasion
Mrs Wallis,C,0,42,Persuasion
Mrs Wallis,I,0,42,Persuasion
Mrs Wallis,A,0,42,Persuasion
Mrs Wallis,DC,0,42,Persuasion
Mrs Wallis,DN,0,42,Persuasion
Nurse Rooke,N,0,42,Persuasion
Nurse Rooke,C,0,42,Persuasion
Nurse Rooke,I,0,42,Persuasion
Nurse Rooke,A,0,42,Persuasion
Nurse Rooke,DC,0,42,Persuasion
Nurse Rooke,DN,0,42,Persuasion
Penelope,N,0,42,Persuasion
Penelope,C,0,42,Persuasion
Penelope,I,0,42,Persuasion
Penelope,A,0,42,Persuasion
Penelope,DC,0,42,Persuasion
Penelope,DN,0,42,Persuasion
Sir Walter,N,6,42,Persuasion
Sir Walter,C,8,42,Persuasion
Sir Walter,I,5,42,Persuasion
Sir Walter,A,1,42,Persuasion
Sir Walter,DC,0,42,Persuasion
Sir Walter,DN,1,42,Persuasion
Sophy,N,4,42,Persuasion
Sophy,C,0,42,Persuasion
Sophy,I,2,42,Persuasion
Sophy,A,0,42,Persuasion
Sophy,DC,0,42,Persuasion
Sophy,DN,0,42,Persuasion
The Mr Musgroves,N,0,42,Persuasion
The Mr Musgroves,C,0,42,Persuasion
The Mr Musgroves,I,0,42,Persuasion
The Mr Musgroves,A,0,42,Persuasion
The Mr Musgroves,DC,0,42,Persuasion
The Mr Musgroves,DN,0,42,Persuasion
The little Durands,N,0,42,Persuasion
The little Durands,C,0,42,Persuasion
The little Durands,I,0,42,Persuasion
The little Durands,A,0,42,Persuasion
The little Durands,DC,0,42,Persuasion
The little Durands,DN,0,42,Persuasion
Winthrop,N,0,42,Persuasion
Winthrop,C,0,42,Persuasion
Winthrop,I,0,42,Persuasion
Winthrop,A,0,42,Persuasion
Winthrop,DC,0,42,Persuasion
Winthrop,DN,0,42,Persuasion
old Sir Archibald Drew,N,2,42,Persuasion
old Sir Archibald Drew,C,0,42,Persuasion
old Sir Archibald Drew,I,2,42,Persuasion
old Sir Archibald Drew,A,2,42,Persuasion
old Sir Archibald Drew,DC,0,42,Persuasion
old Sir Archibald Drew,DN,0,42,Persuasion
the Asp,N,0,42,Persuasion
the Asp,C,0,42,Persuasion
the Asp,I,0,42,Persuasion
the Asp,A,0,42,Persuasion
the Asp,DC,0,42,Persuasion
the Asp,DN,0,42,Persuasion
the Crofts,N,10,42,Persuasion
the Crofts,C,1,42,Persuasion
the Crofts,I,4,42,Persuasion
the Crofts,A,10,42,Persuasion
the Crofts,DC,7,42,Persuasion
the Crofts,DN,3,42,Persuasion
the Dalrymples,N,0,42,Persuasion
the Dalrymples,C,0,42,Persuasion
the Dalrymples,I,0,42,Persuasion
the Dalrymples,A,0,42,Persuasion
the Dalrymples,DC,0,42,Persuasion
the Dalrymples,DN,0,42,Persuasion
the Harvilles,N,4,42,Persuasion
the Harvilles,C,0,42,Persuasion
the Harvilles,I,0,42,Persuasion
the Harvilles,A,1,42,Persuasion
the Harvilles,DC,0,42,Persuasion
the Harvilles,DN,1,42,Persuasion
the Hayters,N,2,42,Persuasion
the Hayters,C,0,42,Persuasion
the Hayters,I,0,42,Persuasion
the Hayters,A,0,42,Persuasion
the Hayters,DC,0,42,Persuasion
the Hayters,DN,0,42,Persuasion
the Miss Musgroves,N,0,42,Persuasion
the Miss Musgroves,C,0,42,Persuasion
the Miss Musgroves,I,0,42,Persuasion
the Miss Musgroves,A,0,42,Persuasion
the Miss Musgroves,DC,0,42,Persuasion
the Miss Musgroves,DN,0,42,Persuasion
Admiral Baldwin,N,0,43,Persuasion
Admiral Baldwin,C,0,43,Persuasion
Admiral Baldwin,I,0,43,Persuasion
Admiral Baldwin,A,0,43,Persuasion
Admiral Baldwin,DC,0,43,Persuasion
Admiral Baldwin,DN,0,43,Persuasion
Admiral Croft,N,1,43,Persuasion
Admiral Croft,C,0,43,Persuasion
Admiral Croft,I,1,43,Persuasion
Admiral Croft,A,0,43,Persuasion
Admiral Croft,DC,0,43,Persuasion
Admiral Croft,DN,0,43,Persuasion
Anne,N,27,43,Persuasion
Anne,C,10,43,Persuasion
Anne,I,34,43,Persuasion
Anne,A,37,43,Persuasion
Anne,DC,2,43,Persuasion
Anne,DN,11,43,Persuasion
Captain Benwick,N,1,43,Persuasion
Captain Benwick,C,0,43,Persuasion
Captain Benwick,I,0,43,Persuasion
Captain Benwick,A,0,43,Persuasion
Captain Benwick,DC,0,43,Persuasion
Captain Benwick,DN,0,43,Persuasion
Captain Harville,N,0,43,Persuasion
Captain Harville,C,0,43,Persuasion
Captain Harville,I,0,43,Persuasion
Captain Harville,A,0,43,Persuasion
Captain Harville,DC,0,43,Persuasion
Captain Harville,DN,0,43,Persuasion
Captain Wentworth,N,13,43,Persuasion
Captain Wentworth,C,3,43,Persuasion
Captain Wentworth,I,9,43,Persuasion
Captain Wentworth,A,14,43,Persuasion
Captain Wentworth,DC,3,43,Persuasion
Captain Wentworth,DN,5,43,Persuasion
Charles,N,0,43,Persuasion
Charles,C,0,43,Persuasion
Charles,I,0,43,Persuasion
Charles,A,0,43,Persuasion
Charles,DC,0,43,Persuasion
Charles,DN,0,43,Persuasion
Colonel Wallis,N,0,43,Persuasion
Colonel Wallis,C,0,43,Persuasion
Colonel Wallis,I,0,43,Persuasion
Colonel Wallis,A,0,43,Persuasion
Colonel Wallis,DC,0,43,Persuasion
Colonel Wallis,DN,0,43,Persuasion
Dear Smith,N,0,43,Persuasion
Dear Smith,C,0,43,Persuasion
Dear Smith,I,0,43,Persuasion
Dear Smith,A,0,43,Persuasion
Dear Smith,DC,0,43,Persuasion
Dear Smith,DN,0,43,Persuasion
Dick,N,0,43,Persuasion
Dick,C,0,43,Persuasion
Dick,I,0,43,Persuasion
Dick,A,0,43,Persuasion
Dick,DC,0,43,Persuasion
Dick,DN,0,43,Persuasion
Dr Shirley,N,0,43,Persuasion
Dr Shirley,C,0,43,Persuasion
Dr Shirley,I,0,43,Persuasion
Dr Shirley,A,0,43,Persuasion
Dr Shirley,DC,0,43,Persuasion
Dr Shirley,DN,0,43,Persuasion
Edward,N,0,43,Persuasion
Edward,C,0,43,Persuasion
Edward,I,0,43,Persuasion
Edward,A,0,43,Persuasion
Edward,DC,0,43,Persuasion
Edward,DN,0,43,Persuasion
Elizabeth,N,4,43,Persuasion
Elizabeth,C,0,43,Persuasion
Elizabeth,I,2,43,Persuasion
Elizabeth,A,1,43,Persuasion
Elizabeth,DC,0,43,Persuasion
Elizabeth,DN,0,43,Persuasion
Frederick,N,0,43,Persuasion
Frederick,C,0,43,Persuasion
Frederick,I,0,43,Persuasion
Frederick,A,0,43,Persuasion
Frederick,DC,0,43,Persuasion
Frederick,DN,0,43,Persuasion
God,N,0,43,Persuasion
God,C,0,43,Persuasion
God,I,0,43,Persuasion
God,A,0,43,Persuasion
God,DC,0,43,Persuasion
God,DN,0,43,Persuasion
Henrietta,N,0,43,Persuasion
Henrietta,C,0,43,Persuasion
Henrietta,I,0,43,Persuasion
Henrietta,A,0,43,Persuasion
Henrietta,DC,0,43,Persuasion
Henrietta,DN,0,43,Persuasion
Jemima,N,0,43,Persuasion
Jemima,C,0,43,Persuasion
Jemima,I,0,43,Persuasion
Jemima,A,0,43,Persuasion
Jemima,DC,0,43,Persuasion
Jemima,DN,0,43,Persuasion
Kellynch,N,0,43,Persuasion
Kellynch,C,0,43,Persuasion
Kellynch,I,0,43,Persuasion
Kellynch,A,0,43,Persuasion
Kellynch,DC,0,43,Persuasion
Kellynch,DN,0,43,Persuasion
Lady Dalrymple,N,6,43,Persuasion
Lady Dalrymple,C,0,43,Persuasion
Lady Dalrymple,I,0,43,Persuasion
Lady Dalrymple,A,1,43,Persuasion
Lady Dalrymple,DC,0,43,Persuasion
Lady Dalrymple,DN,1,43,Persuasion
Lady Elliot,N,0,43,Persuasion
Lady Elliot,C,0,43,Persuasion
Lady Elliot,I,0,43,Persuasion
Lady Elliot,A,0,43,Persuasion
Lady Elliot,DC,0,43,Persuasion
Lady Elliot,DN,0,43,Persuasion
Lady Russell,N,10,43,Persuasion
Lady Russell,C,1,43,Persuasion
Lady Russell,I,2,43,Persuasion
Lady Russell,A,2,43,Persuasion
Lady Russell,DC,0,43,Persuasion
Lady Russell,DN,0,43,Persuasion
Louisa,N,3,43,Persuasion
Louisa,C,0,43,Persuasion
Louisa,I,0,43,Persuasion
Louisa,A,2,43,Persuasion
Louisa,DC,0,43,Persuasion
Louisa,DN,1,43,Persuasion
Mary,N,0,43,Persuasion
Mary,C,0,43,Persuasion
Mary,I,0,43,Persuasion
Mary,A,0,43,Persuasion
Mary,DC,0,43,Persuasion
Mary,DN,0,43,Persuasion
Miss Atkinson,N,1,43,Persuasion
Miss Atkinson,C,0,43,Persuasion
Miss Atkinson,I,0,43,Persuasion
Miss Atkinson,A,0,43,Persuasion
Miss Atkinson,DC,2,43,Persuasion
Miss Atkinson,DN,1,43,Persuasion
Miss Carteret,N,1,43,Persuasion
Miss Carteret,C,0,43,Persuasion
Miss Carteret,I,0,43,Persuasion
Miss Carteret,A,0,43,Persuasion
Miss Carteret,DC,0,43,Persuasion
Miss Carteret,DN,1,43,Persuasion
Miss Hamilton,N,0,43,Persuasion
Miss Hamilton,C,0,43,Persuasion
Miss Hamilton,I,0,43,Persuasion
Miss Hamilton,A,0,43,Persuasion
Miss Hamilton,DC,0,43,Persuasion
Miss Hamilton,DN,0,43,Persuasion
Mr Elliot,N,9,43,Persuasion
Mr Elliot,C,0,43,Persuasion
Mr Elliot,I,2,43,Persuasion
Mr Elliot,A,6,43,Persuasion
Mr Elliot,DC,4,43,Persuasion
Mr Elliot,DN,1,43,Persuasion
Mr Shepherd,N,0,43,Persuasion
Mr Shepherd,C,0,43,Persuasion
Mr Shepherd,I,0,43,Persuasion
Mr Shepherd,A,0,43,Persuasion
Mr Shepherd,DC,0,43,Persuasion
Mr Shepherd,DN,0,43,Persuasion
Mr Smith,N,0,43,Persuasion
Mr Smith,C,0,43,Persuasion
Mr Smith,I,0,43,Persuasion
Mr Smith,A,0,43,Persuasion
Mr Smith,DC,0,43,Persuasion
Mr Smith,DN,0,43,Persuasion
Mr Wentworth,N,0,43,Persuasion
Mr Wentworth,C,0,43,Persuasion
Mr Wentworth,I,0,43,Persuasion
Mr Wentworth,A,0,43,Persuasion
Mr Wentworth,DC,0,43,Persuasion
Mr Wentworth,DN,0,43,Persuasion
Mrs Clay,N,7,43,Persuasion
Mrs Clay,C,0,43,Persuasion
Mrs Clay,I,1,43,Persuasion
Mrs Clay,A,2,43,Persuasion
Mrs Clay,DC,0,43,Persuasion
Mrs Clay,DN,1,43,Persuasion
Mrs Croft,N,1,43,Persuasion
Mrs Croft,C,0,43,Persuasion
Mrs Croft,I,0,43,Persuasion
Mrs Croft,A,0,43,Persuasion
Mrs Croft,DC,0,43,Persuasion
Mrs Croft,DN,0,43,Persuasion
Mrs Harville,N,0,43,Persuasion
Mrs Harville,C,0,43,Persuasion
Mrs Harville,I,0,43,Persuasion
Mrs Harville,A,0,43,Persuasion
Mrs Harville,DC,0,43,Persuasion
Mrs Harville,DN,0,43,Persuasion
Mrs Musgrove,N,0,43,Persuasion
Mrs Musgrove,C,0,43,Persuasion
Mrs Musgrove,I,0,43,Persuasion
Mrs Musgrove,A,0,43,Persuasion
Mrs Musgrove,DC,0,43,Persuasion
Mrs Musgrove,DN,0,43,Persuasion
Mrs Rooke,N,0,43,Persuasion
Mrs Rooke,C,0,43,Persuasion
Mrs Rooke,I,0,43,Persuasion
Mrs Rooke,A,0,43,Persuasion
Mrs Rooke,DC,0,43,Persuasion
Mrs Rooke,DN,0,43,Persuasion
Mrs Shirley,N,0,43,Persuasion
Mrs Shirley,C,0,43,Persuasion
Mrs Shirley,I,0,43,Persuasion
Mrs Shirley,A,0,43,Persuasion
Mrs Shirley,DC,0,43,Persuasion
Mrs Shirley,DN,0,43,Persuasion
Mrs Smith,N,3,43,Persuasion
Mrs Smith,C,3,43,Persuasion
Mrs Smith,I,1,43,Persuasion
Mrs Smith,A,6,43,Persuasion
Mrs Smith,DC,0,43,Persuasion
Mrs Smith,DN,0,43,Persuasion
Mrs Wallis,N,0,43,Persuasion
Mrs Wallis,C,0,43,Persuasion
Mrs Wallis,I,0,43,Persuasion
Mrs Wallis,A,0,43,Persuasion
Mrs Wallis,DC,0,43,Persuasion
Mrs Wallis,DN,0,43,Persuasion
Nurse Rooke,N,0,43,Persuasion
Nurse Rooke,C,0,43,Persuasion
Nurse Rooke,I,0,43,Persuasion
Nurse Rooke,A,0,43,Persuasion
Nurse Rooke,DC,0,43,Persuasion
Nurse Rooke,DN,0,43,Persuasion
Penelope,N,0,43,Persuasion
Penelope,C,0,43,Persuasion
Penelope,I,0,43,Persuasion
Penelope,A,0,43,Persuasion
Penelope,DC,0,43,Persuasion
Penelope,DN,0,43,Persuasion
Sir Walter,N,0,43,Persuasion
Sir Walter,C,0,43,Persuasion
Sir Walter,I,0,43,Persuasion
Sir Walter,A,0,43,Persuasion
Sir Walter,DC,0,43,Persuasion
Sir Walter,DN,0,43,Persuasion
Sophy,N,0,43,Persuasion
Sophy,C,0,43,Persuasion
Sophy,I,0,43,Persuasion
Sophy,A,0,43,Persuasion
Sophy,DC,0,43,Persuasion
Sophy,DN,0,43,Persuasion
The Mr Musgroves,N,0,43,Persuasion
The Mr Musgroves,C,0,43,Persuasion
The Mr Musgroves,I,0,43,Persuasion
The Mr Musgroves,A,0,43,Persuasion
The Mr Musgroves,DC,0,43,Persuasion
The Mr Musgroves,DN,0,43,Persuasion
The little Durands,N,0,43,Persuasion
The little Durands,C,0,43,Persuasion
The little Durands,I,0,43,Persuasion
The little Durands,A,0,43,Persuasion
The little Durands,DC,0,43,Persuasion
The little Durands,DN,0,43,Persuasion
Winthrop,N,0,43,Persuasion
Winthrop,C,0,43,Persuasion
Winthrop,I,0,43,Persuasion
Winthrop,A,0,43,Persuasion
Winthrop,DC,0,43,Persuasion
Winthrop,DN,0,43,Persuasion
old Sir Archibald Drew,N,0,43,Persuasion
old Sir Archibald Drew,C,0,43,Persuasion
old Sir Archibald Drew,I,0,43,Persuasion
old Sir Archibald Drew,A,0,43,Persuasion
old Sir Archibald Drew,DC,0,43,Persuasion
old Sir Archibald Drew,DN,0,43,Persuasion
the Asp,N,0,43,Persuasion
the Asp,C,0,43,Persuasion
the Asp,I,0,43,Persuasion
the Asp,A,0,43,Persuasion
the Asp,DC,0,43,Persuasion
the Asp,DN,0,43,Persuasion
the Crofts,N,0,43,Persuasion
the Crofts,C,0,43,Persuasion
the Crofts,I,0,43,Persuasion
the Crofts,A,0,43,Persuasion
the Crofts,DC,0,43,Persuasion
the Crofts,DN,0,43,Persuasion
the Dalrymples,N,0,43,Persuasion
the Dalrymples,C,0,43,Persuasion
the Dalrymples,I,0,43,Persuasion
the Dalrymples,A,0,43,Persuasion
the Dalrymples,DC,0,43,Persuasion
the Dalrymples,DN,0,43,Persuasion
the Harvilles,N,0,43,Persuasion
the Harvilles,C,0,43,Persuasion
the Harvilles,I,0,43,Persuasion
the Harvilles,A,0,43,Persuasion
the Harvilles,DC,0,43,Persuasion
the Harvilles,DN,0,43,Persuasion
the Hayters,N,0,43,Persuasion
the Hayters,C,0,43,Persuasion
the Hayters,I,0,43,Persuasion
the Hayters,A,0,43,Persuasion
the Hayters,DC,0,43,Persuasion
the Hayters,DN,0,43,Persuasion
the Miss Musgroves,N,1,43,Persuasion
the Miss Musgroves,C,0,43,Persuasion
the Miss Musgroves,I,0,43,Persuasion
the Miss Musgroves,A,0,43,Persuasion
the Miss Musgroves,DC,0,43,Persuasion
the Miss Musgroves,DN,0,43,Persuasion
Admiral Baldwin,N,0,44,Persuasion
Admiral Baldwin,C,0,44,Persuasion
Admiral Baldwin,I,0,44,Persuasion
Admiral Baldwin,A,0,44,Persuasion
Admiral Baldwin,DC,0,44,Persuasion
Admiral Baldwin,DN,0,44,Persuasion
Admiral Croft,N,0,44,Persuasion
Admiral Croft,C,0,44,Persuasion
Admiral Croft,I,0,44,Persuasion
Admiral Croft,A,0,44,Persuasion
Admiral Croft,DC,0,44,Persuasion
Admiral Croft,DN,0,44,Persuasion
Anne,N,28,44,Persuasion
Anne,C,14,44,Persuasion
Anne,I,41,44,Persuasion
Anne,A,32,44,Persuasion
Anne,DC,9,44,Persuasion
Anne,DN,13,44,Persuasion
Captain Benwick,N,3,44,Persuasion
Captain Benwick,C,0,44,Persuasion
Captain Benwick,I,2,44,Persuasion
Captain Benwick,A,1,44,Persuasion
Captain Benwick,DC,7,44,Persuasion
Captain Benwick,DN,0,44,Persuasion
Captain Harville,N,0,44,Persuasion
Captain Harville,C,0,44,Persuasion
Captain Harville,I,0,44,Persuasion
Captain Harville,A,0,44,Persuasion
Captain Harville,DC,0,44,Persuasion
Captain Harville,DN,0,44,Persuasion
Captain Wentworth,N,13,44,Persuasion
Captain Wentworth,C,12,44,Persuasion
Captain Wentworth,I,12,44,Persuasion
Captain Wentworth,A,28,44,Persuasion
Captain Wentworth,DC,3,44,Persuasion
Captain Wentworth,DN,4,44,Persuasion
Charles,N,0,44,Persuasion
Charles,C,0,44,Persuasion
Charles,I,0,44,Persuasion
Charles,A,0,44,Persuasion
Charles,DC,0,44,Persuasion
Charles,DN,0,44,Persuasion
Colonel Wallis,N,3,44,Persuasion
Colonel Wallis,C,0,44,Persuasion
Colonel Wallis,I,0,44,Persuasion
Colonel Wallis,A,1,44,Persuasion
Colonel Wallis,DC,0,44,Persuasion
Colonel Wallis,DN,0,44,Persuasion
Dear Smith,N,0,44,Persuasion
Dear Smith,C,0,44,Persuasion
Dear Smith,I,0,44,Persuasion
Dear Smith,A,0,44,Persuasion
Dear Smith,DC,0,44,Persuasion
Dear Smith,DN,0,44,Persuasion
Dick,N,0,44,Persuasion
Dick,C,0,44,Persuasion
Dick,I,0,44,Persuasion
Dick,A,0,44,Persuasion
Dick,DC,0,44,Persuasion
Dick,DN,0,44,Persuasion
Dr Shirley,N,0,44,Persuasion
Dr Shirley,C,0,44,Persuasion
Dr Shirley,I,0,44,Persuasion
Dr Shirley,A,0,44,Persuasion
Dr Shirley,DC,0,44,Persuasion
Dr Shirley,DN,0,44,Persuasion
Edward,N,0,44,Persuasion
Edward,C,0,44,Persuasion
Edward,I,0,44,Persuasion
Edward,A,0,44,Persuasion
Edward,DC,0,44,Persuasion
Edward,DN,0,44,Persuasion
Elizabeth,N,5,44,Persuasion
Elizabeth,C,0,44,Persuasion
Elizabeth,I,0,44,Persuasion
Elizabeth,A,1,44,Persuasion
Elizabeth,DC,0,44,Persuasion
Elizabeth,DN,1,44,Persuasion
Frederick,N,0,44,Persuasion
Frederick,C,0,44,Persuasion
Frederick,I,0,44,Persuasion
Frederick,A,0,44,Persuasion
Frederick,DC,0,44,Persuasion
Frederick,DN,0,44,Persuasion
God,N,0,44,Persuasion
God,C,0,44,Persuasion
God,I,0,44,Persuasion
God,A,0,44,Persuasion
God,DC,0,44,Persuasion
God,DN,0,44,Persuasion
Henrietta,N,0,44,Persuasion
Henrietta,C,0,44,Persuasion
Henrietta,I,0,44,Persuasion
Henrietta,A,0,44,Persuasion
Henrietta,DC,0,44,Persuasion
Henrietta,DN,0,44,Persuasion
Jemima,N,0,44,Persuasion
Jemima,C,0,44,Persuasion
Jemima,I,0,44,Persuasion
Jemima,A,0,44,Persuasion
Jemima,DC,0,44,Persuasion
Jemima,DN,0,44,Persuasion
Kellynch,N,1,44,Persuasion
Kellynch,C,0,44,Persuasion
Kellynch,I,0,44,Persuasion
Kellynch,A,0,44,Persuasion
Kellynch,DC,1,44,Persuasion
Kellynch,DN,0,44,Persuasion
Lady Dalrymple,N,6,44,Persuasion
Lady Dalrymple,C,2,44,Persuasion
Lady Dalrymple,I,0,44,Persuasion
Lady Dalrymple,A,2,44,Persuasion
Lady Dalrymple,DC,0,44,Persuasion
Lady Dalrymple,DN,1,44,Persuasion
Lady Elliot,N,0,44,Persuasion
Lady Elliot,C,0,44,Persuasion
Lady Elliot,I,0,44,Persuasion
Lady Elliot,A,0,44,Persuasion
Lady Elliot,DC,0,44,Persuasion
Lady Elliot,DN,0,44,Persuasion
Lady Russell,N,5,44,Persuasion
Lady Russell,C,0,44,Persuasion
Lady Russell,I,0,44,Persuasion
Lady Russell,A,1,44,Persuasion
Lady Russell,DC,0,44,Persuasion
Lady Russell,DN,0,44,Persuasion
Louisa,N,4,44,Persuasion
Louisa,C,0,44,Persuasion
Louisa,I,1,44,Persuasion
Louisa,A,1,44,Persuasion
Louisa,DC,6,44,Persuasion
Louisa,DN,0,44,Persuasion
Mary,N,0,44,Persuasion
Mary,C,0,44,Persuasion
Mary,I,0,44,Persuasion
Mary,A,0,44,Persuasion
Mary,DC,0,44,Persuasion
Mary,DN,0,44,Persuasion
Miss Atkinson,N,0,44,Persuasion
Miss Atkinson,C,0,44,Persuasion
Miss Atkinson,I,0,44,Persuasion
Miss Atkinson,A,0,44,Persuasion
Miss Atkinson,DC,0,44,Persuasion
Miss Atkinson,DN,0,44,Persuasion
Miss Carteret,N,4,44,Persuasion
Miss Carteret,C,0,44,Persuasion
Miss Carteret,I,0,44,Persuasion
Miss Carteret,A,0,44,Persuasion
Miss Carteret,DC,0,44,Persuasion
Miss Carteret,DN,1,44,Persuasion
Miss Hamilton,N,0,44,Persuasion
Miss Hamilton,C,0,44,Persuasion
Miss Hamilton,I,0,44,Persuasion
Miss Hamilton,A,0,44,Persuasion
Miss Hamilton,DC,0,44,Persuasion
Miss Hamilton,DN,0,44,Persuasion
Mr Elliot,N,12,44,Persuasion
Mr Elliot,C,9,44,Persuasion
Mr Elliot,I,9,44,Persuasion
Mr Elliot,A,12,44,Persuasion
Mr Elliot,DC,5,44,Persuasion
Mr Elliot,DN,0,44,Persuasion
Mr Shepherd,N,0,44,Persuasion
Mr Shepherd,C,0,44,Persuasion
Mr Shepherd,I,0,44,Persuasion
Mr Shepherd,A,0,44,Persuasion
Mr Shepherd,DC,0,44,Persuasion
Mr Shepherd,DN,0,44,Persuasion
Mr Smith,N,0,44,Persuasion
Mr Smith,C,0,44,Persuasion
Mr Smith,I,0,44,Persuasion
Mr Smith,A,0,44,Persuasion
Mr Smith,DC,0,44,Persuasion
Mr Smith,DN,0,44,Persuasion
Mr Wentworth,N,0,44,Persuasion
Mr Wentworth,C,0,44,Persuasion
Mr Wentworth,I,0,44,Persuasion
Mr Wentworth,A,0,44,Persuasion
Mr Wentworth,DC,0,44,Persuasion
Mr Wentworth,DN,0,44,Persuasion
Mrs Clay,N,1,44,Persuasion
Mrs Clay,C,0,44,Persuasion
Mrs Clay,I,0,44,Persuasion
Mrs Clay,A,0,44,Persuasion
Mrs Clay,DC,0,44,Persuasion
Mrs Clay,DN,0,44,Persuasion
Mrs Croft,N,0,44,Persuasion
Mrs Croft,C,0,44,Persuasion
Mrs Croft,I,0,44,Persuasion
Mrs Croft,A,0,44,Persuasion
Mrs Croft,DC,0,44,Persuasion
Mrs Croft,DN,0,44,Persuasion
Mrs Harville,N,0,44,Persuasion
Mrs Harville,C,0,44,Persuasion
Mrs Harville,I,0,44,Persuasion
Mrs Harville,A,0,44,Persuasion
Mrs Harville,DC,0,44,Persuasion
Mrs Harville,DN,0,44,Persuasion
Mrs Musgrove,N,0,44,Persuasion
Mrs Musgrove,C,0,44,Persuasion
Mrs Musgrove,I,0,44,Persuasion
Mrs Musgrove,A,0,44,Persuasion
Mrs Musgrove,DC,0,44,Persuasion
Mrs Musgrove,DN,0,44,Persuasion
Mrs Rooke,N,0,44,Persuasion
Mrs Rooke,C,0,44,Persuasion
Mrs Rooke,I,0,44,Persuasion
Mrs Rooke,A,0,44,Persuasion
Mrs Rooke,DC,0,44,Persuasion
Mrs Rooke,DN,0,44,Persuasion
Mrs Shirley,N,0,44,Persuasion
Mrs Shirley,C,0,44,Persuasion
Mrs Shirley,I,0,44,Persuasion
Mrs Shirley,A,0,44,Persuasion
Mrs Shirley,DC,0,44,Persuasion
Mrs Shirley,DN,0,44,Persuasion
Mrs Smith,N,0,44,Persuasion
Mrs Smith,C,0,44,Persuasion
Mrs Smith,I,0,44,Persuasion
Mrs Smith,A,0,44,Persuasion
Mrs Smith,DC,0,44,Persuasion
Mrs Smith,DN,0,44,Persuasion
Mrs Wallis,N,0,44,Persuasion
Mrs Wallis,C,0,44,Persuasion
Mrs Wallis,I,0,44,Persuasion
Mrs Wallis,A,0,44,Persuasion
Mrs Wallis,DC,0,44,Persuasion
Mrs Wallis,DN,0,44,Persuasion
Nurse Rooke,N,0,44,Persuasion
Nurse Rooke,C,0,44,Persuasion
Nurse Rooke,I,0,44,Persuasion
Nurse Rooke,A,0,44,Persuasion
Nurse Rooke,DC,0,44,Persuasion
Nurse Rooke,DN,0,44,Persuasion
Penelope,N,0,44,Persuasion
Penelope,C,0,44,Persuasion
Penelope,I,0,44,Persuasion
Penelope,A,0,44,Persuasion
Penelope,DC,0,44,Persuasion
Penelope,DN,0,44,Persuasion
Sir Walter,N,4,44,Persuasion
Sir Walter,C,3,44,Persuasion
Sir Walter,I,1,44,Persuasion
Sir Walter,A,2,44,Persuasion
Sir Walter,DC,0,44,Persuasion
Sir Walter,DN,1,44,Persuasion
Sophy,N,0,44,Persuasion
Sophy,C,0,44,Persuasion
Sophy,I,0,44,Persuasion
Sophy,A,0,44,Persuasion
Sophy,DC,0,44,Persuasion
Sophy,DN,0,44,Persuasion
The Mr Musgroves,N,0,44,Persuasion
The Mr Musgroves,C,0,44,Persuasion
The Mr Musgroves,I,0,44,Persuasion
The Mr Musgroves,A,0,44,Persuasion
The Mr Musgroves,DC,0,44,Persuasion
The Mr Musgroves,DN,0,44,Persuasion
The little Durands,N,0,44,Persuasion
The little Durands,C,0,44,Persuasion
The little Durands,I,0,44,Persuasion
The little Durands,A,0,44,Persuasion
The little Durands,DC,0,44,Persuasion
The little Durands,DN,0,44,Persuasion
Winthrop,N,0,44,Persuasion
Winthrop,C,0,44,Persuasion
Winthrop,I,0,44,Persuasion
Winthrop,A,0,44,Persuasion
Winthrop,DC,0,44,Persuasion
Winthrop,DN,0,44,Persuasion
old Sir Archibald Drew,N,0,44,Persuasion
old Sir Archibald Drew,C,0,44,Persuasion
old Sir Archibald Drew,I,0,44,Persuasion
old Sir Archibald Drew,A,0,44,Persuasion
old Sir Archibald Drew,DC,0,44,Persuasion
old Sir Archibald Drew,DN,0,44,Persuasion
the Asp,N,0,44,Persuasion
the Asp,C,0,44,Persuasion
the Asp,I,0,44,Persuasion
the Asp,A,0,44,Persuasion
the Asp,DC,0,44,Persuasion
the Asp,DN,0,44,Persuasion
the Crofts,N,0,44,Persuasion
the Crofts,C,0,44,Persuasion
the Crofts,I,0,44,Persuasion
the Crofts,A,0,44,Persuasion
the Crofts,DC,0,44,Persuasion
the Crofts,DN,0,44,Persuasion
the Dalrymples,N,0,44,Persuasion
the Dalrymples,C,0,44,Persuasion
the Dalrymples,I,0,44,Persuasion
the Dalrymples,A,0,44,Persuasion
the Dalrymples,DC,0,44,Persuasion
the Dalrymples,DN,0,44,Persuasion
the Harvilles,N,0,44,Persuasion
the Harvilles,C,0,44,Persuasion
the Harvilles,I,0,44,Persuasion
the Harvilles,A,0,44,Persuasion
the Harvilles,DC,0,44,Persuasion
the Harvilles,DN,0,44,Persuasion
the Hayters,N,0,44,Persuasion
the Hayters,C,0,44,Persuasion
the Hayters,I,0,44,Persuasion
the Hayters,A,0,44,Persuasion
the Hayters,DC,0,44,Persuasion
the Hayters,DN,0,44,Persuasion
the Miss Musgroves,N,1,44,Persuasion
the Miss Musgroves,C,0,44,Persuasion
the Miss Musgroves,I,0,44,Persuasion
the Miss Musgroves,A,1,44,Persuasion
the Miss Musgroves,DC,1,44,Persuasion
the Miss Musgroves,DN,0,44,Persuasion
Admiral Baldwin,N,0,45,Persuasion
Admiral Baldwin,C,0,45,Persuasion
Admiral Baldwin,I,0,45,Persuasion
Admiral Baldwin,A,0,45,Persuasion
Admiral Baldwin,DC,0,45,Persuasion
Admiral Baldwin,DN,0,45,Persuasion
Admiral Croft,N,0,45,Persuasion
Admiral Croft,C,0,45,Persuasion
Admiral Croft,I,0,45,Persuasion
Admiral Croft,A,0,45,Persuasion
Admiral Croft,DC,0,45,Persuasion
Admiral Croft,DN,0,45,Persuasion
Anne,N,48,45,Persuasion
Anne,C,49,45,Persuasion
Anne,I,85,45,Persuasion
Anne,A,57,45,Persuasion
Anne,DC,54,45,Persuasion
Anne,DN,6,45,Persuasion
Captain Benwick,N,0,45,Persuasion
Captain Benwick,C,0,45,Persuasion
Captain Benwick,I,0,45,Persuasion
Captain Benwick,A,0,45,Persuasion
Captain Benwick,DC,0,45,Persuasion
Captain Benwick,DN,0,45,Persuasion
Captain Harville,N,0,45,Persuasion
Captain Harville,C,0,45,Persuasion
Captain Harville,I,0,45,Persuasion
Captain Harville,A,0,45,Persuasion
Captain Harville,DC,0,45,Persuasion
Captain Harville,DN,0,45,Persuasion
Captain Wentworth,N,3,45,Persuasion
Captain Wentworth,C,0,45,Persuasion
Captain Wentworth,I,0,45,Persuasion
Captain Wentworth,A,0,45,Persuasion
Captain Wentworth,DC,0,45,Persuasion
Captain Wentworth,DN,0,45,Persuasion
Charles,N,0,45,Persuasion
Charles,C,0,45,Persuasion
Charles,I,0,45,Persuasion
Charles,A,0,45,Persuasion
Charles,DC,0,45,Persuasion
Charles,DN,0,45,Persuasion
Colonel Wallis,N,10,45,Persuasion
Colonel Wallis,C,0,45,Persuasion
Colonel Wallis,I,0,45,Persuasion
Colonel Wallis,A,7,45,Persuasion
Colonel Wallis,DC,6,45,Persuasion
Colonel Wallis,DN,0,45,Persuasion
Dear Smith,N,1,45,Persuasion
Dear Smith,C,0,45,Persuasion
Dear Smith,I,0,45,Persuasion
Dear Smith,A,0,45,Persuasion
Dear Smith,DC,5,45,Persuasion
Dear Smith,DN,0,45,Persuasion
Dick,N,0,45,Persuasion
Dick,C,0,45,Persuasion
Dick,I,0,45,Persuasion
Dick,A,0,45,Persuasion
Dick,DC,0,45,Persuasion
Dick,DN,0,45,Persuasion
Dr Shirley,N,0,45,Persuasion
Dr Shirley,C,0,45,Persuasion
Dr Shirley,I,0,45,Persuasion
Dr Shirley,A,0,45,Persuasion
Dr Shirley,DC,0,45,Persuasion
Dr Shirley,DN,0,45,Persuasion
Edward,N,0,45,Persuasion
Edward,C,0,45,Persuasion
Edward,I,0,45,Persuasion
Edward,A,0,45,Persuasion
Edward,DC,0,45,Persuasion
Edward,DN,0,45,Persuasion
Elizabeth,N,0,45,Persuasion
Elizabeth,C,0,45,Persuasion
Elizabeth,I,0,45,Persuasion
Elizabeth,A,0,45,Persuasion
Elizabeth,DC,0,45,Persuasion
Elizabeth,DN,0,45,Persuasion
Frederick,N,0,45,Persuasion
Frederick,C,0,45,Persuasion
Frederick,I,0,45,Persuasion
Frederick,A,0,45,Persuasion
Frederick,DC,0,45,Persuasion
Frederick,DN,0,45,Persuasion
God,N,1,45,Persuasion
God,C,0,45,Persuasion
God,I,0,45,Persuasion
God,A,0,45,Persuasion
God,DC,1,45,Persuasion
God,DN,0,45,Persuasion
Henrietta,N,0,45,Persuasion
Henrietta,C,0,45,Persuasion
Henrietta,I,0,45,Persuasion
Henrietta,A,0,45,Persuasion
Henrietta,DC,0,45,Persuasion
Henrietta,DN,0,45,Persuasion
Jemima,N,0,45,Persuasion
Jemima,C,0,45,Persuasion
Jemima,I,0,45,Persuasion
Jemima,A,0,45,Persuasion
Jemima,DC,0,45,Persuasion
Jemima,DN,0,45,Persuasion
Kellynch,N,0,45,Persuasion
Kellynch,C,0,45,Persuasion
Kellynch,I,0,45,Persuasion
Kellynch,A,0,45,Persuasion
Kellynch,DC,0,45,Persuasion
Kellynch,DN,0,45,Persuasion
Lady Dalrymple,N,2,45,Persuasion
Lady Dalrymple,C,0,45,Persuasion
Lady Dalrymple,I,1,45,Persuasion
Lady Dalrymple,A,0,45,Persuasion
Lady Dalrymple,DC,2,45,Persuasion
Lady Dalrymple,DN,0,45,Persuasion
Lady Elliot,N,2,45,Persuasion
Lady Elliot,C,0,45,Persuasion
Lady Elliot,I,0,45,Persuasion
Lady Elliot,A,0,45,Persuasion
Lady Elliot,DC,2,45,Persuasion
Lady Elliot,DN,0,45,Persuasion
Lady Russell,N,2,45,Persuasion
Lady Russell,C,0,45,Persuasion
Lady Russell,I,0,45,Persuasion
Lady Russell,A,1,45,Persuasion
Lady Russell,DC,0,45,Persuasion
Lady Russell,DN,0,45,Persuasion
Louisa,N,0,45,Persuasion
Louisa,C,0,45,Persuasion
Louisa,I,0,45,Persuasion
Louisa,A,0,45,Persuasion
Louisa,DC,0,45,Persuasion
Louisa,DN,0,45,Persuasion
Mary,N,2,45,Persuasion
Mary,C,0,45,Persuasion
Mary,I,1,45,Persuasion
Mary,A,0,45,Persuasion
Mary,DC,5,45,Persuasion
Mary,DN,0,45,Persuasion
Miss Atkinson,N,0,45,Persuasion
Miss Atkinson,C,0,45,Persuasion
Miss Atkinson,I,0,45,Persuasion
Miss Atkinson,A,0,45,Persuasion
Miss Atkinson,DC,0,45,Persuasion
Miss Atkinson,DN,0,45,Persuasion
Miss Carteret,N,0,45,Persuasion
Miss Carteret,C,0,45,Persuasion
Miss Carteret,I,0,45,Persuasion
Miss Carteret,A,0,45,Persuasion
Miss Carteret,DC,0,45,Persuasion
Miss Carteret,DN,0,45,Persuasion
Miss Hamilton,N,0,45,Persuasion
Miss Hamilton,C,0,45,Persuasion
Miss Hamilton,I,0,45,Persuasion
Miss Hamilton,A,0,45,Persuasion
Miss Hamilton,DC,0,45,Persuasion
Miss Hamilton,DN,0,45,Persuasion
Mr Elliot,N,64,45,Persuasion
Mr Elliot,C,0,45,Persuasion
Mr Elliot,I,28,45,Persuasion
Mr Elliot,A,55,45,Persuasion
Mr Elliot,DC,144,45,Persuasion
Mr Elliot,DN,3,45,Persuasion
Mr Shepherd,N,0,45,Persuasion
Mr Shepherd,C,0,45,Persuasion
Mr Shepherd,I,0,45,Persuasion
Mr Shepherd,A,0,45,Persuasion
Mr Shepherd,DC,0,45,Persuasion
Mr Shepherd,DN,0,45,Persuasion
Mr Smith,N,2,45,Persuasion
Mr Smith,C,0,45,Persuasion
Mr Smith,I,0,45,Persuasion
Mr Smith,A,1,45,Persuasion
Mr Smith,DC,0,45,Persuasion
Mr Smith,DN,0,45,Persuasion
Mr Wentworth,N,0,45,Persuasion
Mr Wentworth,C,0,45,Persuasion
Mr Wentworth,I,0,45,Persuasion
Mr Wentworth,A,0,45,Persuasion
Mr Wentworth,DC,0,45,Persuasion
Mr Wentworth,DN,0,45,Persuasion
Mrs Clay,N,3,45,Persuasion
Mrs Clay,C,0,45,Persuasion
Mrs Clay,I,1,45,Persuasion
Mrs Clay,A,1,45,Persuasion
Mrs Clay,DC,4,45,Persuasion
Mrs Clay,DN,0,45,Persuasion
Mrs Croft,N,0,45,Persuasion
Mrs Croft,C,0,45,Persuasion
Mrs Croft,I,0,45,Persuasion
Mrs Croft,A,0,45,Persuasion
Mrs Croft,DC,0,45,Persuasion
Mrs Croft,DN,0,45,Persuasion
Mrs Harville,N,0,45,Persuasion
Mrs Harville,C,0,45,Persuasion
Mrs Harville,I,0,45,Persuasion
Mrs Harville,A,0,45,Persuasion
Mrs Harville,DC,0,45,Persuasion
Mrs Harville,DN,0,45,Persuasion
Mrs Musgrove,N,0,45,Persuasion
Mrs Musgrove,C,0,45,Persuasion
Mrs Musgrove,I,0,45,Persuasion
Mrs Musgrove,A,0,45,Persuasion
Mrs Musgrove,DC,0,45,Persuasion
Mrs Musgrove,DN,0,45,Persuasion
Mrs Rooke,N,3,45,Persuasion
Mrs Rooke,C,0,45,Persuasion
Mrs Rooke,I,1,45,Persuasion
Mrs Rooke,A,0,45,Persuasion
Mrs Rooke,DC,4,45,Persuasion
Mrs Rooke,DN,0,45,Persuasion
Mrs Shirley,N,0,45,Persuasion
Mrs Shirley,C,0,45,Persuasion
Mrs Shirley,I,0,45,Persuasion
Mrs Shirley,A,0,45,Persuasion
Mrs Shirley,DC,0,45,Persuasion
Mrs Shirley,DN,0,45,Persuasion
Mrs Smith,N,37,45,Persuasion
Mrs Smith,C,57,45,Persuasion
Mrs Smith,I,62,45,Persuasion
Mrs Smith,A,40,45,Persuasion
Mrs Smith,DC,15,45,Persuasion
Mrs Smith,DN,0,45,Persuasion
Mrs Wallis,N,5,45,Persuasion
Mrs Wallis,C,0,45,Persuasion
Mrs Wallis,I,0,45,Persuasion
Mrs Wallis,A,2,45,Persuasion
Mrs Wallis,DC,5,45,Persuasion
Mrs Wallis,DN,0,45,Persuasion
Nurse Rooke,N,1,45,Persuasion
Nurse Rooke,C,0,45,Persuasion
Nurse Rooke,I,0,45,Persuasion
Nurse Rooke,A,0,45,Persuasion
Nurse Rooke,DC,1,45,Persuasion
Nurse Rooke,DN,0,45,Persuasion
Penelope,N,0,45,Persuasion
Penelope,C,0,45,Persuasion
Penelope,I,0,45,Persuasion
Penelope,A,0,45,Persuasion
Penelope,DC,0,45,Persuasion
Penelope,DN,0,45,Persuasion
Sir Walter,N,7,45,Persuasion
Sir Walter,C,0,45,Persuasion
Sir Walter,I,0,45,Persuasion
Sir Walter,A,0,45,Persuasion
Sir Walter,DC,6,45,Persuasion
Sir Walter,DN,0,45,Persuasion
Sophy,N,0,45,Persuasion
Sophy,C,0,45,Persuasion
Sophy,I,0,45,Persuasion
Sophy,A,0,45,Persuasion
Sophy,DC,0,45,Persuasion
Sophy,DN,0,45,Persuasion
The Mr Musgroves,N,0,45,Persuasion
The Mr Musgroves,C,0,45,Persuasion
The Mr Musgroves,I,0,45,Persuasion
The Mr Musgroves,A,0,45,Persuasion
The Mr Musgroves,DC,0,45,Persuasion
The Mr Musgroves,DN,0,45,Persuasion
The little Durands,N,1,45,Persuasion
The little Durands,C,0,45,Persuasion
The little Durands,I,1,45,Persuasion
The little Durands,A,1,45,Persuasion
The little Durands,DC,6,45,Persuasion
The little Durands,DN,0,45,Persuasion
Winthrop,N,0,45,Persuasion
Winthrop,C,0,45,Persuasion
Winthrop,I,0,45,Persuasion
Winthrop,A,0,45,Persuasion
Winthrop,DC,0,45,Persuasion
Winthrop,DN,0,45,Persuasion
old Sir Archibald Drew,N,0,45,Persuasion
old Sir Archibald Drew,C,0,45,Persuasion
old Sir Archibald Drew,I,0,45,Persuasion
old Sir Archibald Drew,A,0,45,Persuasion
old Sir Archibald Drew,DC,0,45,Persuasion
old Sir Archibald Drew,DN,0,45,Persuasion
the Asp,N,0,45,Persuasion
the Asp,C,0,45,Persuasion
the Asp,I,0,45,Persuasion
the Asp,A,0,45,Persuasion
the Asp,DC,0,45,Persuasion
the Asp,DN,0,45,Persuasion
the Crofts,N,0,45,Persuasion
the Crofts,C,0,45,Persuasion
the Crofts,I,0,45,Persuasion
the Crofts,A,0,45,Persuasion
the Crofts,DC,0,45,Persuasion
the Crofts,DN,0,45,Persuasion
the Dalrymples,N,0,45,Persuasion
the Dalrymples,C,0,45,Persuasion
the Dalrymples,I,0,45,Persuasion
the Dalrymples,A,0,45,Persuasion
the Dalrymples,DC,0,45,Persuasion
the Dalrymples,DN,0,45,Persuasion
the Harvilles,N,0,45,Persuasion
the Harvilles,C,0,45,Persuasion
the Harvilles,I,0,45,Persuasion
the Harvilles,A,0,45,Persuasion
the Harvilles,DC,0,45,Persuasion
the Harvilles,DN,0,45,Persuasion
the Hayters,N,0,45,Persuasion
the Hayters,C,0,45,Persuasion
the Hayters,I,0,45,Persuasion
the Hayters,A,0,45,Persuasion
the Hayters,DC,0,45,Persuasion
the Hayters,DN,0,45,Persuasion
the Miss Musgroves,N,0,45,Persuasion
the Miss Musgroves,C,0,45,Persuasion
the Miss Musgroves,I,0,45,Persuasion
the Miss Musgroves,A,0,45,Persuasion
the Miss Musgroves,DC,0,45,Persuasion
the Miss Musgroves,DN,0,45,Persuasion
Admiral Baldwin,N,0,46,Persuasion
Admiral Baldwin,C,0,46,Persuasion
Admiral Baldwin,I,0,46,Persuasion
Admiral Baldwin,A,0,46,Persuasion
Admiral Baldwin,DC,0,46,Persuasion
Admiral Baldwin,DN,0,46,Persuasion
Admiral Croft,N,0,46,Persuasion
Admiral Croft,C,0,46,Persuasion
Admiral Croft,I,0,46,Persuasion
Admiral Croft,A,0,46,Persuasion
Admiral Croft,DC,0,46,Persuasion
Admiral Croft,DN,0,46,Persuasion
Anne,N,45,46,Persuasion
Anne,C,15,46,Persuasion
Anne,I,65,46,Persuasion
Anne,A,43,46,Persuasion
Anne,DC,18,46,Persuasion
Anne,DN,10,46,Persuasion
Captain Benwick,N,3,46,Persuasion
Captain Benwick,C,0,46,Persuasion
Captain Benwick,I,0,46,Persuasion
Captain Benwick,A,4,46,Persuasion
Captain Benwick,DC,7,46,Persuasion
Captain Benwick,DN,0,46,Persuasion
Captain Harville,N,3,46,Persuasion
Captain Harville,C,0,46,Persuasion
Captain Harville,I,1,46,Persuasion
Captain Harville,A,1,46,Persuasion
Captain Harville,DC,0,46,Persuasion
Captain Harville,DN,0,46,Persuasion
Captain Wentworth,N,10,46,Persuasion
Captain Wentworth,C,5,46,Persuasion
Captain Wentworth,I,5,46,Persuasion
Captain Wentworth,A,8,46,Persuasion
Captain Wentworth,DC,3,46,Persuasion
Captain Wentworth,DN,1,46,Persuasion
Charles,N,25,46,Persuasion
Charles,C,10,46,Persuasion
Charles,I,13,46,Persuasion
Charles,A,20,46,Persuasion
Charles,DC,9,46,Persuasion
Charles,DN,0,46,Persuasion
Colonel Wallis,N,0,46,Persuasion
Colonel Wallis,C,0,46,Persuasion
Colonel Wallis,I,0,46,Persuasion
Colonel Wallis,A,0,46,Persuasion
Colonel Wallis,DC,0,46,Persuasion
Colonel Wallis,DN,0,46,Persuasion
Dear Smith,N,0,46,Persuasion
Dear Smith,C,0,46,Persuasion
Dear Smith,I,0,46,Persuasion
Dear Smith,A,0,46,Persuasion
Dear Smith,DC,0,46,Persuasion
Dear Smith,DN,0,46,Persuasion
Dick,N,0,46,Persuasion
Dick,C,0,46,Persuasion
Dick,I,0,46,Persuasion
Dick,A,0,46,Persuasion
Dick,DC,0,46,Persuasion
Dick,DN,0,46,Persuasion
Dr Shirley,N,0,46,Persuasion
Dr Shirley,C,0,46,Persuasion
Dr Shirley,I,0,46,Persuasion
Dr Shirley,A,0,46,Persuasion
Dr Shirley,DC,0,46,Persuasion
Dr Shirley,DN,0,46,Persuasion
Edward,N,0,46,Persuasion
Edward,C,0,46,Persuasion
Edward,I,0,46,Persuasion
Edward,A,0,46,Persuasion
Edward,DC,0,46,Persuasion
Edward,DN,0,46,Persuasion
Elizabeth,N,15,46,Persuasion
Elizabeth,C,12,46,Persuasion
Elizabeth,I,13,46,Persuasion
Elizabeth,A,9,46,Persuasion
Elizabeth,DC,1,46,Persuasion
Elizabeth,DN,5,46,Persuasion
Frederick,N,0,46,Persuasion
Frederick,C,0,46,Persuasion
Frederick,I,0,46,Persuasion
Frederick,A,0,46,Persuasion
Frederick,DC,0,46,Persuasion
Frederick,DN,0,46,Persuasion
God,N,0,46,Persuasion
God,C,0,46,Persuasion
God,I,0,46,Persuasion
God,A,0,46,Persuasion
God,DC,0,46,Persuasion
God,DN,0,46,Persuasion
Henrietta,N,11,46,Persuasion
Henrietta,C,0,46,Persuasion
Henrietta,I,6,46,Persuasion
Henrietta,A,2,46,Persuasion
Henrietta,DC,2,46,Persuasion
Henrietta,DN,1,46,Persuasion
Jemima,N,0,46,Persuasion
Jemima,C,0,46,Persuasion
Jemima,I,0,46,Persuasion
Jemima,A,0,46,Persuasion
Jemima,DC,0,46,Persuasion
Jemima,DN,0,46,Persuasion
Kellynch,N,0,46,Persuasion
Kellynch,C,0,46,Persuasion
Kellynch,I,0,46,Persuasion
Kellynch,A,0,46,Persuasion
Kellynch,DC,0,46,Persuasion
Kellynch,DN,0,46,Persuasion
Lady Dalrymple,N,2,46,Persuasion
Lady Dalrymple,C,0,46,Persuasion
Lady Dalrymple,I,0,46,Persuasion
Lady Dalrymple,A,0,46,Persuasion
Lady Dalrymple,DC,1,46,Persuasion
Lady Dalrymple,DN,0,46,Persuasion
Lady Elliot,N,0,46,Persuasion
Lady Elliot,C,0,46,Persuasion
Lady Elliot,I,0,46,Persuasion
Lady Elliot,A,0,46,Persuasion
Lady Elliot,DC,0,46,Persuasion
Lady Elliot,DN,0,46,Persuasion
Lady Russell,N,6,46,Persuasion
Lady Russell,C,0,46,Persuasion
Lady Russell,I,2,46,Persuasion
Lady Russell,A,4,46,Persuasion
Lady Russell,DC,9,46,Persuasion
Lady Russell,DN,0,46,Persuasion
Louisa,N,4,46,Persuasion
Louisa,C,0,46,Persuasion
Louisa,I,0,46,Persuasion
Louisa,A,3,46,Persuasion
Louisa,DC,1,46,Persuasion
Louisa,DN,0,46,Persuasion
Mary,N,19,46,Persuasion
Mary,C,9,46,Persuasion
Mary,I,9,46,Persuasion
Mary,A,10,46,Persuasion
Mary,DC,5,46,Persuasion
Mary,DN,5,46,Persuasion
Miss Atkinson,N,0,46,Persuasion
Miss Atkinson,C,0,46,Persuasion
Miss Atkinson,I,0,46,Persuasion
Miss Atkinson,A,0,46,Persuasion
Miss Atkinson,DC,0,46,Persuasion
Miss Atkinson,DN,0,46,Persuasion
Miss Carteret,N,1,46,Persuasion
Miss Carteret,C,0,46,Persuasion
Miss Carteret,I,0,46,Persuasion
Miss Carteret,A,0,46,Persuasion
Miss Carteret,DC,0,46,Persuasion
Miss Carteret,DN,0,46,Persuasion
Miss Hamilton,N,0,46,Persuasion
Miss Hamilton,C,0,46,Persuasion
Miss Hamilton,I,0,46,Persuasion
Miss Hamilton,A,0,46,Persuasion
Miss Hamilton,DC,0,46,Persuasion
Miss Hamilton,DN,0,46,Persuasion
Mr Elliot,N,20,46,Persuasion
Mr Elliot,C,0,46,Persuasion
Mr Elliot,I,9,46,Persuasion
Mr Elliot,A,14,46,Persuasion
Mr Elliot,DC,26,46,Persuasion
Mr Elliot,DN,1,46,Persuasion
Mr Shepherd,N,0,46,Persuasion
Mr Shepherd,C,0,46,Persuasion
Mr Shepherd,I,0,46,Persuasion
Mr Shepherd,A,0,46,Persuasion
Mr Shepherd,DC,0,46,Persuasion
Mr Shepherd,DN,0,46,Persuasion
Mr Smith,N,0,46,Persuasion
Mr Smith,C,0,46,Persuasion
Mr Smith,I,0,46,Persuasion
Mr Smith,A,0,46,Persuasion
Mr Smith,DC,0,46,Persuasion
Mr Smith,DN,0,46,Persuasion
Mr Wentworth,N,0,46,Persuasion
Mr Wentworth,C,0,46,Persuasion
Mr Wentworth,I,0,46,Persuasion
Mr Wentworth,A,0,46,Persuasion
Mr Wentworth,DC,0,46,Persuasion
Mr Wentworth,DN,0,46,Persuasion
Mrs Clay,N,12,46,Persuasion
Mrs Clay,C,3,46,Persuasion
Mrs Clay,I,4,46,Persuasion
Mrs Clay,A,5,46,Persuasion
Mrs Clay,DC,3,46,Persuasion
Mrs Clay,DN,1,46,Persuasion
Mrs Croft,N,0,46,Persuasion
Mrs Croft,C,0,46,Persuasion
Mrs Croft,I,0,46,Persuasion
Mrs Croft,A,0,46,Persuasion
Mrs Croft,DC,0,46,Persuasion
Mrs Croft,DN,0,46,Persuasion
Mrs Harville,N,2,46,Persuasion
Mrs Harville,C,0,46,Persuasion
Mrs Harville,I,0,46,Persuasion
Mrs Harville,A,1,46,Persuasion
Mrs Harville,DC,0,46,Persuasion
Mrs Harville,DN,0,46,Persuasion
Mrs Musgrove,N,11,46,Persuasion
Mrs Musgrove,C,1,46,Persuasion
Mrs Musgrove,I,0,46,Persuasion
Mrs Musgrove,A,1,46,Persuasion
Mrs Musgrove,DC,2,46,Persuasion
Mrs Musgrove,DN,1,46,Persuasion
Mrs Rooke,N,0,46,Persuasion
Mrs Rooke,C,0,46,Persuasion
Mrs Rooke,I,0,46,Persuasion
Mrs Rooke,A,0,46,Persuasion
Mrs Rooke,DC,0,46,Persuasion
Mrs Rooke,DN,0,46,Persuasion
Mrs Shirley,N,0,46,Persuasion
Mrs Shirley,C,0,46,Persuasion
Mrs Shirley,I,0,46,Persuasion
Mrs Shirley,A,0,46,Persuasion
Mrs Shirley,DC,0,46,Persuasion
Mrs Shirley,DN,0,46,Persuasion
Mrs Smith,N,3,46,Persuasion
Mrs Smith,C,0,46,Persuasion
Mrs Smith,I,0,46,Persuasion
Mrs Smith,A,1,46,Persuasion
Mrs Smith,DC,0,46,Persuasion
Mrs Smith,DN,1,46,Persuasion
Mrs Wallis,N,0,46,Persuasion
Mrs Wallis,C,0,46,Persuasion
Mrs Wallis,I,0,46,Persuasion
Mrs Wallis,A,0,46,Persuasion
Mrs Wallis,DC,0,46,Persuasion
Mrs Wallis,DN,0,46,Persuasion
Nurse Rooke,N,0,46,Persuasion
Nurse Rooke,C,0,46,Persuasion
Nurse Rooke,I,0,46,Persuasion
Nurse Rooke,A,0,46,Persuasion
Nurse Rooke,DC,0,46,Persuasion
Nurse Rooke,DN,0,46,Persuasion
Penelope,N,1,46,Persuasion
Penelope,C,0,46,Persuasion
Penelope,I,1,46,Persuasion
Penelope,A,1,46,Persuasion
Penelope,DC,2,46,Persuasion
Penelope,DN,0,46,Persuasion
Sir Walter,N,8,46,Persuasion
Sir Walter,C,2,46,Persuasion
Sir Walter,I,3,46,Persuasion
Sir Walter,A,2,46,Persuasion
Sir Walter,DC,1,46,Persuasion
Sir Walter,DN,1,46,Persuasion
Sophy,N,0,46,Persuasion
Sophy,C,0,46,Persuasion
Sophy,I,0,46,Persuasion
Sophy,A,0,46,Persuasion
Sophy,DC,0,46,Persuasion
Sophy,DN,0,46,Persuasion
The Mr Musgroves,N,0,46,Persuasion
The Mr Musgroves,C,0,46,Persuasion
The Mr Musgroves,I,0,46,Persuasion
The Mr Musgroves,A,0,46,Persuasion
The Mr Musgroves,DC,0,46,Persuasion
The Mr Musgroves,DN,0,46,Persuasion
The little Durands,N,0,46,Persuasion
The little Durands,C,0,46,Persuasion
The little Durands,I,0,46,Persuasion
The little Durands,A,0,46,Persuasion
The little Durands,DC,0,46,Persuasion
The little Durands,DN,0,46,Persuasion
Winthrop,N,1,46,Persuasion
Winthrop,C,0,46,Persuasion
Winthrop,I,0,46,Persuasion
Winthrop,A,0,46,Persuasion
Winthrop,DC,1,46,Persuasion
Winthrop,DN,0,46,Persuasion
old Sir Archibald Drew,N,0,46,Persuasion
old Sir Archibald Drew,C,0,46,Persuasion
old Sir Archibald Drew,I,0,46,Persuasion
old Sir Archibald Drew,A,0,46,Persuasion
old Sir Archibald Drew,DC,0,46,Persuasion
old Sir Archibald Drew,DN,0,46,Persuasion
the Asp,N,0,46,Persuasion
the Asp,C,0,46,Persuasion
the Asp,I,0,46,Persuasion
the Asp,A,0,46,Persuasion
the Asp,DC,0,46,Persuasion
the Asp,DN,0,46,Persuasion
the Crofts,N,0,46,Persuasion
the Crofts,C,0,46,Persuasion
the Crofts,I,0,46,Persuasion
the Crofts,A,0,46,Persuasion
the Crofts,DC,0,46,Persuasion
the Crofts,DN,0,46,Persuasion
the Dalrymples,N,1,46,Persuasion
the Dalrymples,C,0,46,Persuasion
the Dalrymples,I,0,46,Persuasion
the Dalrymples,A,0,46,Persuasion
the Dalrymples,DC,1,46,Persuasion
the Dalrymples,DN,0,46,Persuasion
the Harvilles,N,0,46,Persuasion
the Harvilles,C,0,46,Persuasion
the Harvilles,I,0,46,Persuasion
the Harvilles,A,0,46,Persuasion
the Harvilles,DC,0,46,Persuasion
the Harvilles,DN,0,46,Persuasion
the Hayters,N,0,46,Persuasion
the Hayters,C,0,46,Persuasion
the Hayters,I,0,46,Persuasion
the Hayters,A,0,46,Persuasion
the Hayters,DC,0,46,Persuasion
the Hayters,DN,0,46,Persuasion
the Miss Musgroves,N,1,46,Persuasion
the Miss Musgroves,C,0,46,Persuasion
the Miss Musgroves,I,0,46,Persuasion
the Miss Musgroves,A,0,46,Persuasion
the Miss Musgroves,DC,0,46,Persuasion
the Miss Musgroves,DN,0,46,Persuasion
Admiral Baldwin,N,0,47,Persuasion
Admiral Baldwin,C,0,47,Persuasion
Admiral Baldwin,I,0,47,Persuasion
Admiral Baldwin,A,0,47,Persuasion
Admiral Baldwin,DC,0,47,Persuasion
Admiral Baldwin,DN,0,47,Persuasion
Admiral Croft,N,1,47,Persuasion
Admiral Croft,C,0,47,Persuasion
Admiral Croft,I,0,47,Persuasion
Admiral Croft,A,0,47,Persuasion
Admiral Croft,DC,0,47,Persuasion
Admiral Croft,DN,0,47,Persuasion
Anne,N,30,47,Persuasion
Anne,C,24,47,Persuasion
Anne,I,50,47,Persuasion
Anne,A,45,47,Persuasion
Anne,DC,19,47,Persuasion
Anne,DN,6,47,Persuasion
Captain Benwick,N,7,47,Persuasion
Captain Benwick,C,0,47,Persuasion
Captain Benwick,I,0,47,Persuasion
Captain Benwick,A,1,47,Persuasion
Captain Benwick,DC,7,47,Persuasion
Captain Benwick,DN,0,47,Persuasion
Captain Harville,N,24,47,Persuasion
Captain Harville,C,20,47,Persuasion
Captain Harville,I,16,47,Persuasion
Captain Harville,A,26,47,Persuasion
Captain Harville,DC,17,47,Persuasion
Captain Harville,DN,0,47,Persuasion
Captain Wentworth,N,15,47,Persuasion
Captain Wentworth,C,10,47,Persuasion
Captain Wentworth,I,8,47,Persuasion
Captain Wentworth,A,10,47,Persuasion
Captain Wentworth,DC,11,47,Persuasion
Captain Wentworth,DN,1,47,Persuasion
Charles,N,10,47,Persuasion
Charles,C,4,47,Persuasion
Charles,I,15,47,Persuasion
Charles,A,19,47,Persuasion
Charles,DC,4,47,Persuasion
Charles,DN,6,47,Persuasion
Colonel Wallis,N,0,47,Persuasion
Colonel Wallis,C,0,47,Persuasion
Colonel Wallis,I,0,47,Persuasion
Colonel Wallis,A,0,47,Persuasion
Colonel Wallis,DC,0,47,Persuasion
Colonel Wallis,DN,0,47,Persuasion
Dear Smith,N,0,47,Persuasion
Dear Smith,C,0,47,Persuasion
Dear Smith,I,0,47,Persuasion
Dear Smith,A,0,47,Persuasion
Dear Smith,DC,0,47,Persuasion
Dear Smith,DN,0,47,Persuasion
Dick,N,0,47,Persuasion
Dick,C,0,47,Persuasion
Dick,I,0,47,Persuasion
Dick,A,0,47,Persuasion
Dick,DC,0,47,Persuasion
Dick,DN,0,47,Persuasion
Dr Shirley,N,0,47,Persuasion
Dr Shirley,C,0,47,Persuasion
Dr Shirley,I,0,47,Persuasion
Dr Shirley,A,0,47,Persuasion
Dr Shirley,DC,0,47,Persuasion
Dr Shirley,DN,0,47,Persuasion
Edward,N,1,47,Persuasion
Edward,C,0,47,Persuasion
Edward,I,0,47,Persuasion
Edward,A,1,47,Persuasion
Edward,DC,0,47,Persuasion
Edward,DN,0,47,Persuasion
Elizabeth,N,0,47,Persuasion
Elizabeth,C,0,47,Persuasion
Elizabeth,I,0,47,Persuasion
Elizabeth,A,0,47,Persuasion
Elizabeth,DC,0,47,Persuasion
Elizabeth,DN,0,47,Persuasion
Frederick,N,3,47,Persuasion
Frederick,C,0,47,Persuasion
Frederick,I,0,47,Persuasion
Frederick,A,5,47,Persuasion
Frederick,DC,8,47,Persuasion
Frederick,DN,0,47,Persuasion
God,N,2,47,Persuasion
God,C,0,47,Persuasion
God,I,1,47,Persuasion
God,A,0,47,Persuasion
God,DC,1,47,Persuasion
God,DN,0,47,Persuasion
Henrietta,N,3,47,Persuasion
Henrietta,C,0,47,Persuasion
Henrietta,I,0,47,Persuasion
Henrietta,A,0,47,Persuasion
Henrietta,DC,1,47,Persuasion
Henrietta,DN,0,47,Persuasion
Jemima,N,0,47,Persuasion
Jemima,C,0,47,Persuasion
Jemima,I,0,47,Persuasion
Jemima,A,0,47,Persuasion
Jemima,DC,0,47,Persuasion
Jemima,DN,0,47,Persuasion
Kellynch,N,0,47,Persuasion
Kellynch,C,0,47,Persuasion
Kellynch,I,0,47,Persuasion
Kellynch,A,0,47,Persuasion
Kellynch,DC,0,47,Persuasion
Kellynch,DN,0,47,Persuasion
Lady Dalrymple,N,1,47,Persuasion
Lady Dalrymple,C,0,47,Persuasion
Lady Dalrymple,I,0,47,Persuasion
Lady Dalrymple,A,0,47,Persuasion
Lady Dalrymple,DC,0,47,Persuasion
Lady Dalrymple,DN,0,47,Persuasion
Lady Elliot,N,0,47,Persuasion
Lady Elliot,C,0,47,Persuasion
Lady Elliot,I,0,47,Persuasion
Lady Elliot,A,0,47,Persuasion
Lady Elliot,DC,0,47,Persuasion
Lady Elliot,DN,0,47,Persuasion
Lady Russell,N,2,47,Persuasion
Lady Russell,C,0,47,Persuasion
Lady Russell,I,0,47,Persuasion
Lady Russell,A,0,47,Persuasion
Lady Russell,DC,0,47,Persuasion
Lady Russell,DN,0,47,Persuasion
Louisa,N,6,47,Persuasion
Louisa,C,0,47,Persuasion
Louisa,I,1,47,Persuasion
Louisa,A,1,47,Persuasion
Louisa,DC,2,47,Persuasion
Louisa,DN,0,47,Persuasion
Mary,N,2,47,Persuasion
Mary,C,0,47,Persuasion
Mary,I,0,47,Persuasion
Mary,A,1,47,Persuasion
Mary,DC,0,47,Persuasion
Mary,DN,0,47,Persuasion
Miss Atkinson,N,0,47,Persuasion
Miss Atkinson,C,0,47,Persuasion
Miss Atkinson,I,0,47,Persuasion
Miss Atkinson,A,0,47,Persuasion
Miss Atkinson,DC,0,47,Persuasion
Miss Atkinson,DN,0,47,Persuasion
Miss Carteret,N,1,47,Persuasion
Miss Carteret,C,0,47,Persuasion
Miss Carteret,I,0,47,Persuasion
Miss Carteret,A,0,47,Persuasion
Miss Carteret,DC,0,47,Persuasion
Miss Carteret,DN,0,47,Persuasion
Miss Hamilton,N,0,47,Persuasion
Miss Hamilton,C,0,47,Persuasion
Miss Hamilton,I,0,47,Persuasion
Miss Hamilton,A,0,47,Persuasion
Miss Hamilton,DC,0,47,Persuasion
Miss Hamilton,DN,0,47,Persuasion
Mr Elliot,N,6,47,Persuasion
Mr Elliot,C,0,47,Persuasion
Mr Elliot,I,0,47,Persuasion
Mr Elliot,A,0,47,Persuasion
Mr Elliot,DC,0,47,Persuasion
Mr Elliot,DN,1,47,Persuasion
Mr Shepherd,N,0,47,Persuasion
Mr Shepherd,C,0,47,Persuasion
Mr Shepherd,I,0,47,Persuasion
Mr Shepherd,A,0,47,Persuasion
Mr Shepherd,DC,0,47,Persuasion
Mr Shepherd,DN,0,47,Persuasion
Mr Smith,N,0,47,Persuasion
Mr Smith,C,0,47,Persuasion
Mr Smith,I,0,47,Persuasion
Mr Smith,A,0,47,Persuasion
Mr Smith,DC,0,47,Persuasion
Mr Smith,DN,0,47,Persuasion
Mr Wentworth,N,0,47,Persuasion
Mr Wentworth,C,0,47,Persuasion
Mr Wentworth,I,0,47,Persuasion
Mr Wentworth,A,0,47,Persuasion
Mr Wentworth,DC,0,47,Persuasion
Mr Wentworth,DN,0,47,Persuasion
Mrs Clay,N,1,47,Persuasion
Mrs Clay,C,0,47,Persuasion
Mrs Clay,I,0,47,Persuasion
Mrs Clay,A,0,47,Persuasion
Mrs Clay,DC,0,47,Persuasion
Mrs Clay,DN,0,47,Persuasion
Mrs Croft,N,9,47,Persuasion
Mrs Croft,C,8,47,Persuasion
Mrs Croft,I,9,47,Persuasion
Mrs Croft,A,4,47,Persuasion
Mrs Croft,DC,1,47,Persuasion
Mrs Croft,DN,0,47,Persuasion
Mrs Harville,N,0,47,Persuasion
Mrs Harville,C,0,47,Persuasion
Mrs Harville,I,0,47,Persuasion
Mrs Harville,A,0,47,Persuasion
Mrs Harville,DC,0,47,Persuasion
Mrs Harville,DN,0,47,Persuasion
Mrs Musgrove,N,12,47,Persuasion
Mrs Musgrove,C,6,47,Persuasion
Mrs Musgrove,I,3,47,Persuasion
Mrs Musgrove,A,7,47,Persuasion
Mrs Musgrove,DC,1,47,Persuasion
Mrs Musgrove,DN,1,47,Persuasion
Mrs Rooke,N,0,47,Persuasion
Mrs Rooke,C,0,47,Persuasion
Mrs Rooke,I,0,47,Persuasion
Mrs Rooke,A,0,47,Persuasion
Mrs Rooke,DC,0,47,Persuasion
Mrs Rooke,DN,0,47,Persuasion
Mrs Shirley,N,0,47,Persuasion
Mrs Shirley,C,0,47,Persuasion
Mrs Shirley,I,0,47,Persuasion
Mrs Shirley,A,0,47,Persuasion
Mrs Shirley,DC,0,47,Persuasion
Mrs Shirley,DN,0,47,Persuasion
Mrs Smith,N,1,47,Persuasion
Mrs Smith,C,0,47,Persuasion
Mrs Smith,I,0,47,Persuasion
Mrs Smith,A,0,47,Persuasion
Mrs Smith,DC,0,47,Persuasion
Mrs Smith,DN,0,47,Persuasion
Mrs Wallis,N,0,47,Persuasion
Mrs Wallis,C,0,47,Persuasion
Mrs Wallis,I,0,47,Persuasion
Mrs Wallis,A,0,47,Persuasion
Mrs Wallis,DC,0,47,Persuasion
Mrs Wallis,DN,0,47,Persuasion
Nurse Rooke,N,0,47,Persuasion
Nurse Rooke,C,0,47,Persuasion
Nurse Rooke,I,0,47,Persuasion
Nurse Rooke,A,0,47,Persuasion
Nurse Rooke,DC,0,47,Persuasion
Nurse Rooke,DN,0,47,Persuasion
Penelope,N,0,47,Persuasion
Penelope,C,0,47,Persuasion
Penelope,I,0,47,Persuasion
Penelope,A,0,47,Persuasion
Penelope,DC,0,47,Persuasion
Penelope,DN,0,47,Persuasion
Sir Walter,N,0,47,Persuasion
Sir Walter,C,0,47,Persuasion
Sir Walter,I,0,47,Persuasion
Sir Walter,A,0,47,Persuasion
Sir Walter,DC,0,47,Persuasion
Sir Walter,DN,0,47,Persuasion
Sophy,N,0,47,Persuasion
Sophy,C,0,47,Persuasion
Sophy,I,0,47,Persuasion
Sophy,A,0,47,Persuasion
Sophy,DC,0,47,Persuasion
Sophy,DN,0,47,Persuasion
The Mr Musgroves,N,0,47,Persuasion
The Mr Musgroves,C,0,47,Persuasion
The Mr Musgroves,I,0,47,Persuasion
The Mr Musgroves,A,0,47,Persuasion
The Mr Musgroves,DC,0,47,Persuasion
The Mr Musgroves,DN,0,47,Persuasion
The little Durands,N,0,47,Persuasion
The little Durands,C,0,47,Persuasion
The little Durands,I,0,47,Persuasion
The little Durands,A,0,47,Persuasion
The little Durands,DC,0,47,Persuasion
The little Durands,DN,0,47,Persuasion
Winthrop,N,0,47,Persuasion
Winthrop,C,0,47,Persuasion
Winthrop,I,0,47,Persuasion
Winthrop,A,0,47,Persuasion
Winthrop,DC,0,47,Persuasion
Winthrop,DN,0,47,Persuasion
old Sir Archibald Drew,N,0,47,Persuasion
old Sir Archibald Drew,C,0,47,Persuasion
old Sir Archibald Drew,I,0,47,Persuasion
old Sir Archibald Drew,A,0,47,Persuasion
old Sir Archibald Drew,DC,0,47,Persuasion
old Sir Archibald Drew,DN,0,47,Persuasion
the Asp,N,0,47,Persuasion
the Asp,C,0,47,Persuasion
the Asp,I,0,47,Persuasion
the Asp,A,0,47,Persuasion
the Asp,DC,0,47,Persuasion
the Asp,DN,0,47,Persuasion
the Crofts,N,0,47,Persuasion
the Crofts,C,0,47,Persuasion
the Crofts,I,0,47,Persuasion
the Crofts,A,0,47,Persuasion
the Crofts,DC,0,47,Persuasion
the Crofts,DN,0,47,Persuasion
the Dalrymples,N,0,47,Persuasion
the Dalrymples,C,0,47,Persuasion
the Dalrymples,I,0,47,Persuasion
the Dalrymples,A,0,47,Persuasion
the Dalrymples,DC,0,47,Persuasion
the Dalrymples,DN,0,47,Persuasion
the Harvilles,N,1,47,Persuasion
the Harvilles,C,0,47,Persuasion
the Harvilles,I,1,47,Persuasion
the Harvilles,A,0,47,Persuasion
the Harvilles,DC,0,47,Persuasion
the Harvilles,DN,0,47,Persuasion
the Hayters,N,0,47,Persuasion
the Hayters,C,0,47,Persuasion
the Hayters,I,0,47,Persuasion
the Hayters,A,0,47,Persuasion
the Hayters,DC,0,47,Persuasion
the Hayters,DN,0,47,Persuasion
the Miss Musgroves,N,2,47,Persuasion
the Miss Musgroves,C,0,47,Persuasion
the Miss Musgroves,I,0,47,Persuasion
the Miss Musgroves,A,0,47,Persuasion
the Miss Musgroves,DC,0,47,Persuasion
the Miss Musgroves,DN,0,47,Persuasion
Admiral Baldwin,N,0,48,Persuasion
Admiral Baldwin,C,0,48,Persuasion
Admiral Baldwin,I,0,48,Persuasion
Admiral Baldwin,A,0,48,Persuasion
Admiral Baldwin,DC,0,48,Persuasion
Admiral Baldwin,DN,0,48,Persuasion
Admiral Croft,N,0,48,Persuasion
Admiral Croft,C,0,48,Persuasion
Admiral Croft,I,0,48,Persuasion
Admiral Croft,A,0,48,Persuasion
Admiral Croft,DC,0,48,Persuasion
Admiral Croft,DN,0,48,Persuasion
Anne,N,13,48,Persuasion
Anne,C,0,48,Persuasion
Anne,I,5,48,Persuasion
Anne,A,10,48,Persuasion
Anne,DC,0,48,Persuasion
Anne,DN,3,48,Persuasion
Captain Benwick,N,1,48,Persuasion
Captain Benwick,C,0,48,Persuasion
Captain Benwick,I,0,48,Persuasion
Captain Benwick,A,0,48,Persuasion
Captain Benwick,DC,0,48,Persuasion
Captain Benwick,DN,0,48,Persuasion
Captain Harville,N,0,48,Persuasion
Captain Harville,C,0,48,Persuasion
Captain Harville,I,0,48,Persuasion
Captain Harville,A,0,48,Persuasion
Captain Harville,DC,0,48,Persuasion
Captain Harville,DN,0,48,Persuasion
Captain Wentworth,N,10,48,Persuasion
Captain Wentworth,C,0,48,Persuasion
Captain Wentworth,I,4,48,Persuasion
Captain Wentworth,A,1,48,Persuasion
Captain Wentworth,DC,0,48,Persuasion
Captain Wentworth,DN,3,48,Persuasion
Charles,N,1,48,Persuasion
Charles,C,0,48,Persuasion
Charles,I,0,48,Persuasion
Charles,A,0,48,Persuasion
Charles,DC,0,48,Persuasion
Charles,DN,0,48,Persuasion
Colonel Wallis,N,0,48,Persuasion
Colonel Wallis,C,0,48,Persuasion
Colonel Wallis,I,0,48,Persuasion
Colonel Wallis,A,0,48,Persuasion
Colonel Wallis,DC,0,48,Persuasion
Colonel Wallis,DN,0,48,Persuasion
Dear Smith,N,0,48,Persuasion
Dear Smith,C,0,48,Persuasion
Dear Smith,I,0,48,Persuasion
Dear Smith,A,0,48,Persuasion
Dear Smith,DC,0,48,Persuasion
Dear Smith,DN,0,48,Persuasion
Dick,N,0,48,Persuasion
Dick,C,0,48,Persuasion
Dick,I,0,48,Persuasion
Dick,A,0,48,Persuasion
Dick,DC,0,48,Persuasion
Dick,DN,0,48,Persuasion
Dr Shirley,N,0,48,Persuasion
Dr Shirley,C,0,48,Persuasion
Dr Shirley,I,0,48,Persuasion
Dr Shirley,A,0,48,Persuasion
Dr Shirley,DC,0,48,Persuasion
Dr Shirley,DN,0,48,Persuasion
Edward,N,0,48,Persuasion
Edward,C,0,48,Persuasion
Edward,I,0,48,Persuasion
Edward,A,0,48,Persuasion
Edward,DC,0,48,Persuasion
Edward,DN,0,48,Persuasion
Elizabeth,N,2,48,Persuasion
Elizabeth,C,0,48,Persuasion
Elizabeth,I,0,48,Persuasion
Elizabeth,A,1,48,Persuasion
Elizabeth,DC,0,48,Persuasion
Elizabeth,DN,0,48,Persuasion
Frederick,N,0,48,Persuasion
Frederick,C,0,48,Persuasion
Frederick,I,0,48,Persuasion
Frederick,A,0,48,Persuasion
Frederick,DC,0,48,Persuasion
Frederick,DN,0,48,Persuasion
God,N,0,48,Persuasion
God,C,0,48,Persuasion
God,I,0,48,Persuasion
God,A,0,48,Persuasion
God,DC,0,48,Persuasion
God,DN,0,48,Persuasion
Henrietta,N,0,48,Persuasion
Henrietta,C,0,48,Persuasion
Henrietta,I,0,48,Persuasion
Henrietta,A,0,48,Persuasion
Henrietta,DC,0,48,Persuasion
Henrietta,DN,0,48,Persuasion
Jemima,N,0,48,Persuasion
Jemima,C,0,48,Persuasion
Jemima,I,0,48,Persuasion
Jemima,A,0,48,Persuasion
Jemima,DC,0,48,Persuasion
Jemima,DN,0,48,Persuasion
Kellynch,N,0,48,Persuasion
Kellynch,C,0,48,Persuasion
Kellynch,I,0,48,Persuasion
Kellynch,A,0,48,Persuasion
Kellynch,DC,0,48,Persuasion
Kellynch,DN,0,48,Persuasion
Lady Dalrymple,N,0,48,Persuasion
Lady Dalrymple,C,0,48,Persuasion
Lady Dalrymple,I,0,48,Persuasion
Lady Dalrymple,A,0,48,Persuasion
Lady Dalrymple,DC,0,48,Persuasion
Lady Dalrymple,DN,0,48,Persuasion
Lady Elliot,N,0,48,Persuasion
Lady Elliot,C,0,48,Persuasion
Lady Elliot,I,0,48,Persuasion
Lady Elliot,A,0,48,Persuasion
Lady Elliot,DC,0,48,Persuasion
Lady Elliot,DN,0,48,Persuasion
Lady Russell,N,8,48,Persuasion
Lady Russell,C,0,48,Persuasion
Lady Russell,I,4,48,Persuasion
Lady Russell,A,5,48,Persuasion
Lady Russell,DC,0,48,Persuasion
Lady Russell,DN,5,48,Persuasion
Louisa,N,0,48,Persuasion
Louisa,C,0,48,Persuasion
Louisa,I,0,48,Persuasion
Louisa,A,0,48,Persuasion
Louisa,DC,0,48,Persuasion
Louisa,DN,0,48,Persuasion
Mary,N,1,48,Persuasion
Mary,C,0,48,Persuasion
Mary,I,0,48,Persuasion
Mary,A,0,48,Persuasion
Mary,DC,0,48,Persuasion
Mary,DN,1,48,Persuasion
Miss Atkinson,N,0,48,Persuasion
Miss Atkinson,C,0,48,Persuasion
Miss Atkinson,I,0,48,Persuasion
Miss Atkinson,A,0,48,Persuasion
Miss Atkinson,DC,0,48,Persuasion
Miss Atkinson,DN,0,48,Persuasion
Miss Carteret,N,0,48,Persuasion
Miss Carteret,C,0,48,Persuasion
Miss Carteret,I,0,48,Persuasion
Miss Carteret,A,0,48,Persuasion
Miss Carteret,DC,0,48,Persuasion
Miss Carteret,DN,0,48,Persuasion
Miss Hamilton,N,0,48,Persuasion
Miss Hamilton,C,0,48,Persuasion
Miss Hamilton,I,0,48,Persuasion
Miss Hamilton,A,0,48,Persuasion
Miss Hamilton,DC,0,48,Persuasion
Miss Hamilton,DN,0,48,Persuasion
Mr Elliot,N,4,48,Persuasion
Mr Elliot,C,0,48,Persuasion
Mr Elliot,I,0,48,Persuasion
Mr Elliot,A,4,48,Persuasion
Mr Elliot,DC,0,48,Persuasion
Mr Elliot,DN,1,48,Persuasion
Mr Shepherd,N,0,48,Persuasion
Mr Shepherd,C,0,48,Persuasion
Mr Shepherd,I,0,48,Persuasion
Mr Shepherd,A,0,48,Persuasion
Mr Shepherd,DC,0,48,Persuasion
Mr Shepherd,DN,0,48,Persuasion
Mr Smith,N,0,48,Persuasion
Mr Smith,C,0,48,Persuasion
Mr Smith,I,0,48,Persuasion
Mr Smith,A,0,48,Persuasion
Mr Smith,DC,0,48,Persuasion
Mr Smith,DN,0,48,Persuasion
Mr Wentworth,N,0,48,Persuasion
Mr Wentworth,C,0,48,Persuasion
Mr Wentworth,I,0,48,Persuasion
Mr Wentworth,A,0,48,Persuasion
Mr Wentworth,DC,0,48,Persuasion
Mr Wentworth,DN,0,48,Persuasion
Mrs Clay,N,2,48,Persuasion
Mrs Clay,C,0,48,Persuasion
Mrs Clay,I,1,48,Persuasion
Mrs Clay,A,2,48,Persuasion
Mrs Clay,DC,0,48,Persuasion
Mrs Clay,DN,0,48,Persuasion
Mrs Croft,N,0,48,Persuasion
Mrs Croft,C,0,48,Persuasion
Mrs Croft,I,0,48,Persuasion
Mrs Croft,A,0,48,Persuasion
Mrs Croft,DC,0,48,Persuasion
Mrs Croft,DN,0,48,Persuasion
Mrs Harville,N,0,48,Persuasion
Mrs Harville,C,0,48,Persuasion
Mrs Harville,I,0,48,Persuasion
Mrs Harville,A,0,48,Persuasion
Mrs Harville,DC,0,48,Persuasion
Mrs Harville,DN,0,48,Persuasion
Mrs Musgrove,N,0,48,Persuasion
Mrs Musgrove,C,0,48,Persuasion
Mrs Musgrove,I,0,48,Persuasion
Mrs Musgrove,A,0,48,Persuasion
Mrs Musgrove,DC,0,48,Persuasion
Mrs Musgrove,DN,0,48,Persuasion
Mrs Rooke,N,0,48,Persuasion
Mrs Rooke,C,0,48,Persuasion
Mrs Rooke,I,0,48,Persuasion
Mrs Rooke,A,0,48,Persuasion
Mrs Rooke,DC,0,48,Persuasion
Mrs Rooke,DN,0,48,Persuasion
Mrs Shirley,N,0,48,Persuasion
Mrs Shirley,C,0,48,Persuasion
Mrs Shirley,I,0,48,Persuasion
Mrs Shirley,A,0,48,Persuasion
Mrs Shirley,DC,0,48,Persuasion
Mrs Shirley,DN,0,48,Persuasion
Mrs Smith,N,3,48,Persuasion
Mrs Smith,C,0,48,Persuasion
Mrs Smith,I,2,48,Persuasion
Mrs Smith,A,2,48,Persuasion
Mrs Smith,DC,0,48,Persuasion
Mrs Smith,DN,1,48,Persuasion
Mrs Wallis,N,0,48,Persuasion
Mrs Wallis,C,0,48,Persuasion
Mrs Wallis,I,0,48,Persuasion
Mrs Wallis,A,0,48,Persuasion
Mrs Wallis,DC,0,48,Persuasion
Mrs Wallis,DN,0,48,Persuasion
Nurse Rooke,N,0,48,Persuasion
Nurse Rooke,C,0,48,Persuasion
Nurse Rooke,I,0,48,Persuasion
Nurse Rooke,A,0,48,Persuasion
Nurse Rooke,DC,0,48,Persuasion
Nurse Rooke,DN,0,48,Persuasion
Penelope,N,0,48,Persuasion
Penelope,C,0,48,Persuasion
Penelope,I,0,48,Persuasion
Penelope,A,0,48,Persuasion
Penelope,DC,0,48,Persuasion
Penelope,DN,0,48,Persuasion
Sir Walter,N,7,48,Persuasion
Sir Walter,C,0,48,Persuasion
Sir Walter,I,1,48,Persuasion
Sir Walter,A,6,48,Persuasion
Sir Walter,DC,0,48,Persuasion
Sir Walter,DN,2,48,Persuasion
Sophy,N,0,48,Persuasion
Sophy,C,0,48,Persuasion
Sophy,I,0,48,Persuasion
Sophy,A,0,48,Persuasion
Sophy,DC,0,48,Persuasion
Sophy,DN,0,48,Persuasion
The Mr Musgroves,N,0,48,Persuasion
The Mr Musgroves,C,0,48,Persuasion
The Mr Musgroves,I,0,48,Persuasion
The Mr Musgroves,A,0,48,Persuasion
The Mr Musgroves,DC,0,48,Persuasion
The Mr Musgroves,DN,0,48,Persuasion
The little Durands,N,0,48,Persuasion
The little Durands,C,0,48,Persuasion
The little Durands,I,0,48,Persuasion
The little Durands,A,0,48,Persuasion
The little Durands,DC,0,48,Persuasion
The little Durands,DN,0,48,Persuasion
Winthrop,N,0,48,Persuasion
Winthrop,C,0,48,Persuasion
Winthrop,I,0,48,Persuasion
Winthrop,A,0,48,Persuasion
Winthrop,DC,0,48,Persuasion
Winthrop,DN,0,48,Persuasion
old Sir Archibald Drew,N,0,48,Persuasion
old Sir Archibald Drew,C,0,48,Persuasion
old Sir Archibald Drew,I,0,48,Persuasion
old Sir Archibald Drew,A,0,48,Persuasion
old Sir Archibald Drew,DC,0,48,Persuasion
old Sir Archibald Drew,DN,0,48,Persuasion
the Asp,N,0,48,Persuasion
the Asp,C,0,48,Persuasion
the Asp,I,0,48,Persuasion
the Asp,A,0,48,Persuasion
the Asp,DC,0,48,Persuasion
the Asp,DN,0,48,Persuasion
the Crofts,N,0,48,Persuasion
the Crofts,C,0,48,Persuasion
the Crofts,I,0,48,Persuasion
the Crofts,A,0,48,Persuasion
the Crofts,DC,0,48,Persuasion
the Crofts,DN,0,48,Persuasion
the Dalrymples,N,0,48,Persuasion
the Dalrymples,C,0,48,Persuasion
the Dalrymples,I,0,48,Persuasion
the Dalrymples,A,0,48,Persuasion
the Dalrymples,DC,0,48,Persuasion
the Dalrymples,DN,0,48,Persuasion
the Harvilles,N,0,48,Persuasion
the Harvilles,C,0,48,Persuasion
the Harvilles,I,0,48,Persuasion
the Harvilles,A,0,48,Persuasion
the Harvilles,DC,0,48,Persuasion
the Harvilles,DN,0,48,Persuasion
the Hayters,N,0,48,Persuasion
the Hayters,C,0,48,Persuasion
the Hayters,I,0,48,Persuasion
the Hayters,A,0,48,Persuasion
the Hayters,DC,0,48,Persuasion
the Hayters,DN,0,48,Persuasion
the Miss Musgroves,N,0,48,Persuasion
the Miss Musgroves,C,0,48,Persuasion
the Miss Musgroves,I,0,48,Persuasion
the Miss Musgroves,A,0,48,Persuasion
the Miss Musgroves,DC,0,48,Persuasion
the Miss Musgroves,DN,0,48,Persuasion
