character,tag,count,chapter,novel
Abraham,N,1,1,Shirley
Abraham,C,1,1,Shirley
Abraham,I,1,1,Shirley
Abraham,A,1,1,Shirley
Abraham,DC,0,1,Shirley
Abraham,DN,0,1,Shirley
Adam,N,0,1,Shirley
Adam,C,0,1,Shirley
Adam,I,0,1,Shirley
Adam,A,0,1,Shirley
Adam,DC,0,1,Shirley
Adam,DN,0,1,Shirley
Bob,N,0,1,Shirley
Bob,C,0,1,Shirley
Bob,I,0,1,Shirley
Bob,A,0,1,Shirley
Bob,DC,0,1,Shirley
Bob,DN,0,1,Shirley
Bonaparte,N,0,1,Shirley
Bonaparte,C,0,1,Shirley
Bonaparte,I,0,1,Shirley
Bonaparte,A,0,1,Shirley
Bonaparte,DC,0,1,Shirley
Bonaparte,DN,0,1,Shirley
Boultby,N,2,1,Shirley
Boultby,C,0,1,Shirley
Boultby,I,0,1,Shirley
Boultby,A,0,1,Shirley
Boultby,DC,2,1,Shirley
Boultby,DN,0,1,Shirley
Briarmains,N,0,1,Shirley
Briarmains,C,0,1,Shirley
Briarmains,I,0,1,Shirley
Briarmains,A,0,1,Shirley
Briarmains,DC,0,1,Shirley
Briarmains,DN,0,1,Shirley
CHARLES DICKENS,N,0,1,Shirley
CHARLES DICKENS,C,0,1,Shirley
CHARLES DICKENS,I,0,1,Shirley
CHARLES DICKENS,A,0,1,Shirley
CHARLES DICKENS,DC,0,1,Shirley
CHARLES DICKENS,DN,0,1,Shirley
Captain Keeldar,N,0,1,Shirley
Captain Keeldar,C,0,1,Shirley
Captain Keeldar,I,0,1,Shirley
Captain Keeldar,A,0,1,Shirley
Captain Keeldar,DC,0,1,Shirley
Captain Keeldar,DN,0,1,Shirley
Caroline,N,0,1,Shirley
Caroline,C,0,1,Shirley
Caroline,I,0,1,Shirley
Caroline,A,0,1,Shirley
Caroline,DC,0,1,Shirley
Caroline,DN,0,1,Shirley
"Caroline--""She",N,0,1,Shirley
"Caroline--""She",C,0,1,Shirley
"Caroline--""She",I,0,1,Shirley
"Caroline--""She",A,0,1,Shirley
"Caroline--""She",DC,0,1,Shirley
"Caroline--""She",DN,0,1,Shirley
Cary,N,0,1,Shirley
Cary,C,0,1,Shirley
Cary,I,0,1,Shirley
Cary,A,0,1,Shirley
Cary,DC,0,1,Shirley
Cary,DN,0,1,Shirley
Castlereagh,N,0,1,Shirley
Castlereagh,C,0,1,Shirley
Castlereagh,I,0,1,Shirley
Castlereagh,A,0,1,Shirley
Castlereagh,DC,0,1,Shirley
Castlereagh,DN,0,1,Shirley
Chénier,N,0,1,Shirley
Chénier,C,0,1,Shirley
Chénier,I,0,1,Shirley
Chénier,A,0,1,Shirley
Chénier,DC,0,1,Shirley
Chénier,DN,0,1,Shirley
Coriolanus,N,0,1,Shirley
Coriolanus,C,0,1,Shirley
Coriolanus,I,0,1,Shirley
Coriolanus,A,0,1,Shirley
Coriolanus,DC,0,1,Shirley
Coriolanus,DN,0,1,Shirley
Cowper,N,0,1,Shirley
Cowper,C,0,1,Shirley
Cowper,I,0,1,Shirley
Cowper,A,0,1,Shirley
Cowper,DC,0,1,Shirley
Cowper,DN,0,1,Shirley
Cyril Hall,N,0,1,Shirley
Cyril Hall,C,0,1,Shirley
Cyril Hall,I,0,1,Shirley
Cyril Hall,A,0,1,Shirley
Cyril Hall,DC,0,1,Shirley
Cyril Hall,DN,0,1,Shirley
Daniel,N,2,1,Shirley
Daniel,C,0,1,Shirley
Daniel,I,0,1,Shirley
Daniel,A,0,1,Shirley
Daniel,DC,1,1,Shirley
Daniel,DN,0,1,Shirley
Davy,N,4,1,Shirley
Davy,C,0,1,Shirley
Davy,I,1,1,Shirley
Davy,A,0,1,Shirley
Davy,DC,6,1,Shirley
Davy,DN,0,1,Shirley
Donne,N,15,1,Shirley
Donne,C,4,1,Shirley
Donne,I,2,1,Shirley
Donne,A,8,1,Shirley
Donne,DC,1,1,Shirley
Donne,DN,4,1,Shirley
Dora,N,0,1,Shirley
Dora,C,0,1,Shirley
Dora,I,0,1,Shirley
Dora,A,0,1,Shirley
Dora,DC,0,1,Shirley
Dora,DN,0,1,Shirley
Dr. Boultby,N,0,1,Shirley
Dr. Boultby,C,0,1,Shirley
Dr. Boultby,I,0,1,Shirley
Dr. Boultby,A,0,1,Shirley
Dr. Boultby,DC,0,1,Shirley
Dr. Boultby,DN,0,1,Shirley
Eliza,N,0,1,Shirley
Eliza,C,0,1,Shirley
Eliza,I,0,1,Shirley
Eliza,A,0,1,Shirley
Eliza,DC,0,1,Shirley
Eliza,DN,0,1,Shirley
Eva,N,0,1,Shirley
Eva,C,0,1,Shirley
Eva,I,0,1,Shirley
Eva,A,0,1,Shirley
Eva,DC,0,1,Shirley
Eva,DN,0,1,Shirley
Eve,N,0,1,Shirley
Eve,C,0,1,Shirley
Eve,I,0,1,Shirley
Eve,A,0,1,Shirley
Eve,DC,0,1,Shirley
Eve,DN,0,1,Shirley
Fanny,N,0,1,Shirley
Fanny,C,0,1,Shirley
Fanny,I,0,1,Shirley
Fanny,A,0,1,Shirley
Fanny,DC,0,1,Shirley
Fanny,DN,0,1,Shirley
Farrens,N,0,1,Shirley
Farrens,C,0,1,Shirley
Farrens,I,0,1,Shirley
Farrens,A,0,1,Shirley
Farrens,DC,0,1,Shirley
Farrens,DN,0,1,Shirley
Fieldhead,N,0,1,Shirley
Fieldhead,C,0,1,Shirley
Fieldhead,I,0,1,Shirley
Fieldhead,A,0,1,Shirley
Fieldhead,DC,0,1,Shirley
Fieldhead,DN,0,1,Shirley
Fortune,N,0,1,Shirley
Fortune,C,0,1,Shirley
Fortune,I,0,1,Shirley
Fortune,A,0,1,Shirley
Fortune,DC,0,1,Shirley
Fortune,DN,0,1,Shirley
God,N,0,1,Shirley
God,C,0,1,Shirley
God,I,0,1,Shirley
God,A,0,1,Shirley
God,DC,0,1,Shirley
God,DN,0,1,Shirley
Grace,N,0,1,Shirley
Grace,C,0,1,Shirley
Grace,I,0,1,Shirley
Grace,A,0,1,Shirley
Grace,DC,0,1,Shirley
Grace,DN,0,1,Shirley
Hannah,N,0,1,Shirley
Hannah,C,0,1,Shirley
Hannah,I,0,1,Shirley
Hannah,A,0,1,Shirley
Hannah,DC,0,1,Shirley
Hannah,DN,0,1,Shirley
Harriet,N,0,1,Shirley
Harriet,C,0,1,Shirley
Harriet,I,0,1,Shirley
Harriet,A,0,1,Shirley
Harriet,DC,0,1,Shirley
Harriet,DN,0,1,Shirley
Helstone,N,0,1,Shirley
Helstone,C,0,1,Shirley
Helstone,I,0,1,Shirley
Helstone,A,0,1,Shirley
Helstone,DC,0,1,Shirley
Helstone,DN,0,1,Shirley
Henry,N,0,1,Shirley
Henry,C,0,1,Shirley
Henry,I,0,1,Shirley
Henry,A,0,1,Shirley
Henry,DC,0,1,Shirley
Henry,DN,0,1,Shirley
Hiram Yorke,N,0,1,Shirley
Hiram Yorke,C,0,1,Shirley
Hiram Yorke,I,0,1,Shirley
Hiram Yorke,A,0,1,Shirley
Hiram Yorke,DC,0,1,Shirley
Hiram Yorke,DN,0,1,Shirley
Hollow,N,0,1,Shirley
Hollow,C,0,1,Shirley
Hollow,I,0,1,Shirley
Hollow,A,0,1,Shirley
Hollow,DC,0,1,Shirley
Hollow,DN,0,1,Shirley
Hortense,N,0,1,Shirley
Hortense,C,0,1,Shirley
Hortense,I,0,1,Shirley
Hortense,A,0,1,Shirley
Hortense,DC,0,1,Shirley
Hortense,DN,0,1,Shirley
Isabella,N,0,1,Shirley
Isabella,C,0,1,Shirley
Isabella,I,0,1,Shirley
Isabella,A,0,1,Shirley
Isabella,DC,0,1,Shirley
Isabella,DN,0,1,Shirley
James,N,0,1,Shirley
James,C,0,1,Shirley
James,I,0,1,Shirley
James,A,0,1,Shirley
James,DC,0,1,Shirley
James,DN,0,1,Shirley
Jessy,N,0,1,Shirley
Jessy,C,0,1,Shirley
Jessy,I,0,1,Shirley
Jessy,A,0,1,Shirley
Jessy,DC,0,1,Shirley
Jessy,DN,0,1,Shirley
Joe,N,1,1,Shirley
Joe,C,0,1,Shirley
Joe,I,0,1,Shirley
Joe,A,1,1,Shirley
Joe,DC,1,1,Shirley
Joe,DN,0,1,Shirley
John,N,1,1,Shirley
John,C,0,1,Shirley
John,I,0,1,Shirley
John,A,0,1,Shirley
John,DC,0,1,Shirley
John,DN,0,1,Shirley
John Wesley,N,0,1,Shirley
John Wesley,C,0,1,Shirley
John Wesley,I,0,1,Shirley
John Wesley,A,0,1,Shirley
John Wesley,DC,0,1,Shirley
John Wesley,DN,0,1,Shirley
Lamb,N,0,1,Shirley
Lamb,C,0,1,Shirley
Lamb,I,0,1,Shirley
Lamb,A,0,1,Shirley
Lamb,DC,0,1,Shirley
Lamb,DN,0,1,Shirley
Lina,N,0,1,Shirley
Lina,C,0,1,Shirley
Lina,I,0,1,Shirley
Lina,A,0,1,Shirley
Lina,DC,0,1,Shirley
Lina,DN,0,1,Shirley
Lord Wellington,N,0,1,Shirley
Lord Wellington,C,0,1,Shirley
Lord Wellington,I,0,1,Shirley
Lord Wellington,A,0,1,Shirley
Lord Wellington,DC,0,1,Shirley
Lord Wellington,DN,0,1,Shirley
Louis,N,0,1,Shirley
Louis,C,0,1,Shirley
Louis,I,0,1,Shirley
Louis,A,0,1,Shirley
Louis,DC,0,1,Shirley
Louis,DN,0,1,Shirley
Lucretia,N,0,1,Shirley
Lucretia,C,0,1,Shirley
Lucretia,I,0,1,Shirley
Lucretia,A,0,1,Shirley
Lucretia,DC,0,1,Shirley
Lucretia,DN,0,1,Shirley
MATTERS,N,0,1,Shirley
MATTERS,C,0,1,Shirley
MATTERS,I,0,1,Shirley
MATTERS,A,0,1,Shirley
MATTERS,DC,0,1,Shirley
MATTERS,DN,0,1,Shirley
MacTurk,N,0,1,Shirley
MacTurk,C,0,1,Shirley
MacTurk,I,0,1,Shirley
MacTurk,A,0,1,Shirley
MacTurk,DC,0,1,Shirley
MacTurk,DN,0,1,Shirley
Malone,N,22,1,Shirley
Malone,C,4,1,Shirley
Malone,I,4,1,Shirley
Malone,A,13,1,Shirley
Malone,DC,6,1,Shirley
Malone,DN,3,1,Shirley
Malone.--I,N,1,1,Shirley
Malone.--I,C,0,1,Shirley
Malone.--I,I,0,1,Shirley
Malone.--I,A,4,1,Shirley
Malone.--I,DC,4,1,Shirley
Malone.--I,DN,0,1,Shirley
Mamma,N,0,1,Shirley
Mamma,C,0,1,Shirley
Mamma,I,0,1,Shirley
Mamma,A,0,1,Shirley
Mamma,DC,0,1,Shirley
Mamma,DN,0,1,Shirley
Margaret,N,1,1,Shirley
Margaret,C,0,1,Shirley
Margaret,I,0,1,Shirley
Margaret,A,0,1,Shirley
Margaret,DC,1,1,Shirley
Margaret,DN,0,1,Shirley
Mark,N,0,1,Shirley
Mark,C,0,1,Shirley
Mark,I,0,1,Shirley
Mark,A,0,1,Shirley
Mark,DC,0,1,Shirley
Mark,DN,0,1,Shirley
Martin,N,0,1,Shirley
Martin,C,0,1,Shirley
Martin,I,0,1,Shirley
Martin,A,0,1,Shirley
Martin,DC,0,1,Shirley
Martin,DN,0,1,Shirley
Mary,N,0,1,Shirley
Mary,C,0,1,Shirley
Mary,I,0,1,Shirley
Mary,A,0,1,Shirley
Mary,DC,0,1,Shirley
Mary,DN,0,1,Shirley
Mary Ann Ainley,N,0,1,Shirley
Mary Ann Ainley,C,0,1,Shirley
Mary Ann Ainley,I,0,1,Shirley
Mary Ann Ainley,A,0,1,Shirley
Mary Ann Ainley,DC,0,1,Shirley
Mary Ann Ainley,DN,0,1,Shirley
Matthew,N,0,1,Shirley
Matthew,C,0,1,Shirley
Matthew,I,0,1,Shirley
Matthew,A,0,1,Shirley
Matthew,DC,0,1,Shirley
Matthew,DN,0,1,Shirley
Matthewson Helstone,N,0,1,Shirley
Matthewson Helstone,C,0,1,Shirley
Matthewson Helstone,I,0,1,Shirley
Matthewson Helstone,A,0,1,Shirley
Matthewson Helstone,DC,0,1,Shirley
Matthewson Helstone,DN,0,1,Shirley
Mike,N,10,1,Shirley
Mike,C,0,1,Shirley
Mike,I,10,1,Shirley
Mike,A,17,1,Shirley
Mike,DC,43,1,Shirley
Mike,DN,0,1,Shirley
Miss Ainley,N,0,1,Shirley
Miss Ainley,C,0,1,Shirley
Miss Ainley,I,0,1,Shirley
Miss Ainley,A,0,1,Shirley
Miss Ainley,DC,0,1,Shirley
Miss Ainley,DN,0,1,Shirley
Miss Austen,N,0,1,Shirley
Miss Austen,C,0,1,Shirley
Miss Austen,I,0,1,Shirley
Miss Austen,A,0,1,Shirley
Miss Austen,DC,0,1,Shirley
Miss Austen,DN,0,1,Shirley
Miss Cave,N,0,1,Shirley
Miss Cave,C,0,1,Shirley
Miss Cave,I,0,1,Shirley
Miss Cave,A,0,1,Shirley
Miss Cave,DC,0,1,Shirley
Miss Cave,DN,0,1,Shirley
Miss Grey,N,0,1,Shirley
Miss Grey,C,0,1,Shirley
Miss Grey,I,0,1,Shirley
Miss Grey,A,0,1,Shirley
Miss Grey,DC,0,1,Shirley
Miss Grey,DN,0,1,Shirley
Miss Hardman,N,0,1,Shirley
Miss Hardman,C,0,1,Shirley
Miss Hardman,I,0,1,Shirley
Miss Hardman,A,0,1,Shirley
Miss Hardman,DC,0,1,Shirley
Miss Hardman,DN,0,1,Shirley
Miss Mann,N,0,1,Shirley
Miss Mann,C,0,1,Shirley
Miss Mann,I,0,1,Shirley
Miss Mann,A,0,1,Shirley
Miss Mann,DC,0,1,Shirley
Miss Mann,DN,0,1,Shirley
Miss Mary,N,0,1,Shirley
Miss Mary,C,0,1,Shirley
Miss Mary,I,0,1,Shirley
Miss Mary,A,0,1,Shirley
Miss Mary,DC,0,1,Shirley
Miss Mary,DN,0,1,Shirley
Miss Moore,N,0,1,Shirley
Miss Moore,C,0,1,Shirley
Miss Moore,I,0,1,Shirley
Miss Moore,A,0,1,Shirley
Miss Moore,DC,0,1,Shirley
Miss Moore,DN,0,1,Shirley
Miss Pearson,N,0,1,Shirley
Miss Pearson,C,0,1,Shirley
Miss Pearson,I,0,1,Shirley
Miss Pearson,A,0,1,Shirley
Miss Pearson,DC,0,1,Shirley
Miss Pearson,DN,0,1,Shirley
Moore,N,0,1,Shirley
Moore,C,0,1,Shirley
Moore,I,0,1,Shirley
Moore,A,0,1,Shirley
Moore,DC,0,1,Shirley
Moore,DN,0,1,Shirley
Moses,N,3,1,Shirley
Moses,C,0,1,Shirley
Moses,I,0,1,Shirley
Moses,A,0,1,Shirley
Moses,DC,2,1,Shirley
Moses,DN,0,1,Shirley
Mother,N,0,1,Shirley
Mother,C,0,1,Shirley
Mother,I,0,1,Shirley
Mother,A,0,1,Shirley
Mother,DC,0,1,Shirley
Mother,DN,0,1,Shirley
Mr. Barraclough,N,0,1,Shirley
Mr. Barraclough,C,0,1,Shirley
Mr. Barraclough,I,0,1,Shirley
Mr. Barraclough,A,0,1,Shirley
Mr. Barraclough,DC,0,1,Shirley
Mr. Barraclough,DN,0,1,Shirley
Mr. Gale,N,2,1,Shirley
Mr. Gale,C,10,1,Shirley
Mr. Gale,I,3,1,Shirley
Mr. Gale,A,6,1,Shirley
Mr. Gale,DC,0,1,Shirley
Mr. Gale,DN,1,1,Shirley
Mr. Hall,N,3,1,Shirley
Mr. Hall,C,0,1,Shirley
Mr. Hall,I,2,1,Shirley
Mr. Hall,A,1,1,Shirley
Mr. Hall,DC,3,1,Shirley
Mr. Hall,DN,0,1,Shirley
Mr. Helstone,N,5,1,Shirley
Mr. Helstone,C,31,1,Shirley
Mr. Helstone,I,10,1,Shirley
Mr. Helstone,A,17,1,Shirley
Mr. Helstone,DC,4,1,Shirley
Mr. Helstone,DN,0,1,Shirley
Mr. Moore,N,13,1,Shirley
Mr. Moore,C,0,1,Shirley
Mr. Moore,I,10,1,Shirley
Mr. Moore,A,8,1,Shirley
Mr. Moore,DC,29,1,Shirley
Mr. Moore,DN,0,1,Shirley
Mr. Moore----,N,0,1,Shirley
Mr. Moore----,C,0,1,Shirley
Mr. Moore----,I,0,1,Shirley
Mr. Moore----,A,0,1,Shirley
Mr. Moore----,DC,0,1,Shirley
Mr. Moore----,DN,0,1,Shirley
Mr. Ramsden,N,0,1,Shirley
Mr. Ramsden,C,0,1,Shirley
Mr. Ramsden,I,0,1,Shirley
Mr. Ramsden,A,0,1,Shirley
Mr. Ramsden,DC,0,1,Shirley
Mr. Ramsden,DN,0,1,Shirley
Mr. Sykes,N,0,1,Shirley
Mr. Sykes,C,0,1,Shirley
Mr. Sykes,I,0,1,Shirley
Mr. Sykes,A,0,1,Shirley
Mr. Sykes,DC,0,1,Shirley
Mr. Sykes,DN,0,1,Shirley
Mr. Sympson,N,0,1,Shirley
Mr. Sympson,C,0,1,Shirley
Mr. Sympson,I,0,1,Shirley
Mr. Sympson,A,0,1,Shirley
Mr. Sympson,DC,0,1,Shirley
Mr. Sympson,DN,0,1,Shirley
Mr. Wynne,N,0,1,Shirley
Mr. Wynne,C,0,1,Shirley
Mr. Wynne,I,0,1,Shirley
Mr. Wynne,A,0,1,Shirley
Mr. Wynne,DC,0,1,Shirley
Mr. Wynne,DN,0,1,Shirley
Mr. Yorke,N,0,1,Shirley
Mr. Yorke,C,0,1,Shirley
Mr. Yorke,I,0,1,Shirley
Mr. Yorke,A,0,1,Shirley
Mr. Yorke,DC,0,1,Shirley
Mr. Yorke,DN,0,1,Shirley
Mrs. Gale,N,8,1,Shirley
Mrs. Gale,C,9,1,Shirley
Mrs. Gale,I,5,1,Shirley
Mrs. Gale,A,4,1,Shirley
Mrs. Gale,DC,0,1,Shirley
Mrs. Gale,DN,1,1,Shirley
Mrs. Gill,N,0,1,Shirley
Mrs. Gill,C,0,1,Shirley
Mrs. Gill,I,0,1,Shirley
Mrs. Gill,A,0,1,Shirley
Mrs. Gill,DC,0,1,Shirley
Mrs. Gill,DN,0,1,Shirley
Mrs. Hardman,N,0,1,Shirley
Mrs. Hardman,C,0,1,Shirley
Mrs. Hardman,I,0,1,Shirley
Mrs. Hardman,A,0,1,Shirley
Mrs. Hardman,DC,0,1,Shirley
Mrs. Hardman,DN,0,1,Shirley
Mrs. Horsfall,N,0,1,Shirley
Mrs. Horsfall,C,0,1,Shirley
Mrs. Horsfall,I,0,1,Shirley
Mrs. Horsfall,A,0,1,Shirley
Mrs. Horsfall,DC,0,1,Shirley
Mrs. Horsfall,DN,0,1,Shirley
Mrs. Louis,N,0,1,Shirley
Mrs. Louis,C,0,1,Shirley
Mrs. Louis,I,0,1,Shirley
Mrs. Louis,A,0,1,Shirley
Mrs. Louis,DC,0,1,Shirley
Mrs. Louis,DN,0,1,Shirley
Mrs. Pryor,N,0,1,Shirley
Mrs. Pryor,C,0,1,Shirley
Mrs. Pryor,I,0,1,Shirley
Mrs. Pryor,A,0,1,Shirley
Mrs. Pryor,DC,0,1,Shirley
Mrs. Pryor,DN,0,1,Shirley
Mrs. Sykes,N,0,1,Shirley
Mrs. Sykes,C,0,1,Shirley
Mrs. Sykes,I,0,1,Shirley
Mrs. Sykes,A,0,1,Shirley
Mrs. Sykes,DC,0,1,Shirley
Mrs. Sykes,DN,0,1,Shirley
Mrs. Yorke,N,0,1,Shirley
Mrs. Yorke,C,0,1,Shirley
Mrs. Yorke,I,0,1,Shirley
Mrs. Yorke,A,0,1,Shirley
Mrs. Yorke,DC,0,1,Shirley
Mrs. Yorke,DN,0,1,Shirley
Murgatroyd,N,0,1,Shirley
Murgatroyd,C,0,1,Shirley
Murgatroyd,I,0,1,Shirley
Murgatroyd,A,0,1,Shirley
Murgatroyd,DC,0,1,Shirley
Murgatroyd,DN,0,1,Shirley
Napoleon,N,0,1,Shirley
Napoleon,C,0,1,Shirley
Napoleon,I,0,1,Shirley
Napoleon,A,0,1,Shirley
Napoleon,DC,0,1,Shirley
Napoleon,DN,0,1,Shirley
Nature,N,0,1,Shirley
Nature,C,0,1,Shirley
Nature,I,0,1,Shirley
Nature,A,0,1,Shirley
Nature,DC,0,1,Shirley
Nature,DN,0,1,Shirley
Pearson,N,1,1,Shirley
Pearson,C,0,1,Shirley
Pearson,I,0,1,Shirley
Pearson,A,0,1,Shirley
Pearson,DC,1,1,Shirley
Pearson,DN,0,1,Shirley
Peg Woffington.= CHARLES READE,N,0,1,Shirley
Peg Woffington.= CHARLES READE,C,0,1,Shirley
Peg Woffington.= CHARLES READE,I,0,1,Shirley
Peg Woffington.= CHARLES READE,A,0,1,Shirley
Peg Woffington.= CHARLES READE,DC,0,1,Shirley
Peg Woffington.= CHARLES READE,DN,0,1,Shirley
Peter,N,6,1,Shirley
Peter,C,1,1,Shirley
Peter,I,2,1,Shirley
Peter,A,4,1,Shirley
Peter,DC,3,1,Shirley
Peter,DN,0,1,Shirley
Phœbe,N,0,1,Shirley
Phœbe,C,0,1,Shirley
Phœbe,I,0,1,Shirley
Phœbe,A,0,1,Shirley
Phœbe,DC,0,1,Shirley
Phœbe,DN,0,1,Shirley
Providence,N,0,1,Shirley
Providence,C,0,1,Shirley
Providence,I,0,1,Shirley
Providence,A,0,1,Shirley
Providence,DC,0,1,Shirley
Providence,DN,0,1,Shirley
Robert,N,0,1,Shirley
Robert,C,0,1,Shirley
Robert,I,0,1,Shirley
Robert,A,0,1,Shirley
Robert,DC,0,1,Shirley
Robert,DN,0,1,Shirley
Rose,N,0,1,Shirley
Rose,C,0,1,Shirley
Rose,I,0,1,Shirley
Rose,A,0,1,Shirley
Rose,DC,0,1,Shirley
Rose,DN,0,1,Shirley
Sarah,N,0,1,Shirley
Sarah,C,0,1,Shirley
Sarah,I,0,1,Shirley
Sarah,A,0,1,Shirley
Sarah,DC,0,1,Shirley
Sarah,DN,0,1,Shirley
Saturnia,N,0,1,Shirley
Saturnia,C,0,1,Shirley
Saturnia,I,0,1,Shirley
Saturnia,A,0,1,Shirley
Saturnia,DC,0,1,Shirley
Saturnia,DN,0,1,Shirley
Shakespeare,N,0,1,Shirley
Shakespeare,C,0,1,Shirley
Shakespeare,I,0,1,Shirley
Shakespeare,A,0,1,Shirley
Shakespeare,DC,0,1,Shirley
Shakespeare,DN,0,1,Shirley
Shirley,N,0,1,Shirley
Shirley,C,0,1,Shirley
Shirley,I,0,1,Shirley
Shirley,A,0,1,Shirley
Shirley,DC,0,1,Shirley
Shirley,DN,0,1,Shirley
Sir Philip,N,1,1,Shirley
Sir Philip,C,0,1,Shirley
Sir Philip,I,0,1,Shirley
Sir Philip,A,0,1,Shirley
Sir Philip,DC,1,1,Shirley
Sir Philip,DN,0,1,Shirley
Sir Walter Scott,N,0,1,Shirley
Sir Walter Scott,C,0,1,Shirley
Sir Walter Scott,I,0,1,Shirley
Sir Walter Scott,A,0,1,Shirley
Sir Walter Scott,DC,0,1,Shirley
Sir Walter Scott,DN,0,1,Shirley
Sister,N,0,1,Shirley
Sister,C,0,1,Shirley
Sister,I,0,1,Shirley
Sister,A,0,1,Shirley
Sister,DC,0,1,Shirley
Sister,DN,0,1,Shirley
St. Paul,N,1,1,Shirley
St. Paul,C,0,1,Shirley
St. Paul,I,0,1,Shirley
St. Paul,A,0,1,Shirley
St. Paul,DC,0,1,Shirley
St. Paul,DN,0,1,Shirley
Stilbro,N,2,1,Shirley
Stilbro,C,0,1,Shirley
Stilbro,I,0,1,Shirley
Stilbro,A,0,1,Shirley
Stilbro,DC,2,1,Shirley
Stilbro,DN,0,1,Shirley
Sudgen,N,0,1,Shirley
Sudgen,C,0,1,Shirley
Sudgen,I,0,1,Shirley
Sudgen,A,0,1,Shirley
Sudgen,DC,0,1,Shirley
Sudgen,DN,0,1,Shirley
Sugden,N,0,1,Shirley
Sugden,C,0,1,Shirley
Sugden,I,0,1,Shirley
Sugden,A,0,1,Shirley
Sugden,DC,0,1,Shirley
Sugden,DN,0,1,Shirley
Sweeting,N,17,1,Shirley
Sweeting,C,12,1,Shirley
Sweeting,I,4,1,Shirley
Sweeting,A,3,1,Shirley
Sweeting,DC,4,1,Shirley
Sweeting,DN,2,1,Shirley
Tartar,N,0,1,Shirley
Tartar,C,0,1,Shirley
Tartar,I,0,1,Shirley
Tartar,A,0,1,Shirley
Tartar,DC,0,1,Shirley
Tartar,DN,0,1,Shirley
The Cossack,N,0,1,Shirley
The Cossack,C,0,1,Shirley
The Cossack,I,0,1,Shirley
The Cossack,A,0,1,Shirley
The Cossack,DC,0,1,Shirley
The Cossack,DN,0,1,Shirley
These Oreads,N,0,1,Shirley
These Oreads,C,0,1,Shirley
These Oreads,I,0,1,Shirley
These Oreads,A,0,1,Shirley
These Oreads,DC,0,1,Shirley
These Oreads,DN,0,1,Shirley
Tom Cringle,N,0,1,Shirley
Tom Cringle,C,0,1,Shirley
Tom Cringle,I,0,1,Shirley
Tom Cringle,A,0,1,Shirley
Tom Cringle,DC,0,1,Shirley
Tom Cringle,DN,0,1,Shirley
Uncle,N,0,1,Shirley
Uncle,C,0,1,Shirley
Uncle,I,0,1,Shirley
Uncle,A,0,1,Shirley
Uncle,DC,0,1,Shirley
Uncle,DN,0,1,Shirley
VICTOR HUGO,N,0,1,Shirley
VICTOR HUGO,C,0,1,Shirley
VICTOR HUGO,I,0,1,Shirley
VICTOR HUGO,A,0,1,Shirley
VICTOR HUGO,DC,0,1,Shirley
VICTOR HUGO,DN,0,1,Shirley
Whinbury,N,0,1,Shirley
Whinbury,C,0,1,Shirley
Whinbury,I,0,1,Shirley
Whinbury,A,0,1,Shirley
Whinbury,DC,0,1,Shirley
Whinbury,DN,0,1,Shirley
William,N,0,1,Shirley
William,C,0,1,Shirley
William,I,0,1,Shirley
William,A,0,1,Shirley
William,DC,0,1,Shirley
William,DN,0,1,Shirley
mademoiselle,N,0,1,Shirley
mademoiselle,C,0,1,Shirley
mademoiselle,I,0,1,Shirley
mademoiselle,A,0,1,Shirley
mademoiselle,DC,0,1,Shirley
mademoiselle,DN,0,1,Shirley
old Lady Nunnely,N,0,1,Shirley
old Lady Nunnely,C,0,1,Shirley
old Lady Nunnely,I,0,1,Shirley
old Lady Nunnely,A,0,1,Shirley
old Lady Nunnely,DC,0,1,Shirley
old Lady Nunnely,DN,0,1,Shirley
old Queen Charlotte,N,0,1,Shirley
old Queen Charlotte,C,0,1,Shirley
old Queen Charlotte,I,0,1,Shirley
old Queen Charlotte,A,0,1,Shirley
old Queen Charlotte,DC,0,1,Shirley
old Queen Charlotte,DN,0,1,Shirley
the Misses Sykes,N,0,1,Shirley
the Misses Sykes,C,0,1,Shirley
the Misses Sykes,I,0,1,Shirley
the Misses Sykes,A,0,1,Shirley
the Misses Sykes,DC,0,1,Shirley
the Misses Sykes,DN,0,1,Shirley
the Misses Sympson,N,0,1,Shirley
the Misses Sympson,C,0,1,Shirley
the Misses Sympson,I,0,1,Shirley
the Misses Sympson,A,0,1,Shirley
the Misses Sympson,DC,0,1,Shirley
the Misses Sympson,DN,0,1,Shirley
the Moores,N,0,1,Shirley
the Moores,C,0,1,Shirley
the Moores,I,0,1,Shirley
the Moores,A,0,1,Shirley
the Moores,DC,0,1,Shirley
the Moores,DN,0,1,Shirley
the Sympsons,N,0,1,Shirley
the Sympsons,C,0,1,Shirley
the Sympsons,I,0,1,Shirley
the Sympsons,A,0,1,Shirley
the Sympsons,DC,0,1,Shirley
the Sympsons,DN,0,1,Shirley
Abraham,N,0,2,Shirley
Abraham,C,0,2,Shirley
Abraham,I,0,2,Shirley
Abraham,A,0,2,Shirley
Abraham,DC,0,2,Shirley
Abraham,DN,0,2,Shirley
Adam,N,0,2,Shirley
Adam,C,0,2,Shirley
Adam,I,0,2,Shirley
Adam,A,0,2,Shirley
Adam,DC,0,2,Shirley
Adam,DN,0,2,Shirley
Bob,N,0,2,Shirley
Bob,C,0,2,Shirley
Bob,I,0,2,Shirley
Bob,A,0,2,Shirley
Bob,DC,0,2,Shirley
Bob,DN,0,2,Shirley
Bonaparte,N,0,2,Shirley
Bonaparte,C,0,2,Shirley
Bonaparte,I,0,2,Shirley
Bonaparte,A,0,2,Shirley
Bonaparte,DC,0,2,Shirley
Bonaparte,DN,0,2,Shirley
Boultby,N,1,2,Shirley
Boultby,C,0,2,Shirley
Boultby,I,0,2,Shirley
Boultby,A,0,2,Shirley
Boultby,DC,1,2,Shirley
Boultby,DN,0,2,Shirley
Briarmains,N,0,2,Shirley
Briarmains,C,0,2,Shirley
Briarmains,I,0,2,Shirley
Briarmains,A,0,2,Shirley
Briarmains,DC,0,2,Shirley
Briarmains,DN,0,2,Shirley
CHARLES DICKENS,N,0,2,Shirley
CHARLES DICKENS,C,0,2,Shirley
CHARLES DICKENS,I,0,2,Shirley
CHARLES DICKENS,A,0,2,Shirley
CHARLES DICKENS,DC,0,2,Shirley
CHARLES DICKENS,DN,0,2,Shirley
Captain Keeldar,N,0,2,Shirley
Captain Keeldar,C,0,2,Shirley
Captain Keeldar,I,0,2,Shirley
Captain Keeldar,A,0,2,Shirley
Captain Keeldar,DC,0,2,Shirley
Captain Keeldar,DN,0,2,Shirley
Caroline,N,1,2,Shirley
Caroline,C,0,2,Shirley
Caroline,I,0,2,Shirley
Caroline,A,0,2,Shirley
Caroline,DC,0,2,Shirley
Caroline,DN,0,2,Shirley
"Caroline--""She",N,0,2,Shirley
"Caroline--""She",C,0,2,Shirley
"Caroline--""She",I,0,2,Shirley
"Caroline--""She",A,0,2,Shirley
"Caroline--""She",DC,0,2,Shirley
"Caroline--""She",DN,0,2,Shirley
Cary,N,0,2,Shirley
Cary,C,0,2,Shirley
Cary,I,0,2,Shirley
Cary,A,0,2,Shirley
Cary,DC,0,2,Shirley
Cary,DN,0,2,Shirley
Castlereagh,N,1,2,Shirley
Castlereagh,C,0,2,Shirley
Castlereagh,I,0,2,Shirley
Castlereagh,A,0,2,Shirley
Castlereagh,DC,1,2,Shirley
Castlereagh,DN,0,2,Shirley
Chénier,N,0,2,Shirley
Chénier,C,0,2,Shirley
Chénier,I,0,2,Shirley
Chénier,A,0,2,Shirley
Chénier,DC,0,2,Shirley
Chénier,DN,0,2,Shirley
Coriolanus,N,0,2,Shirley
Coriolanus,C,0,2,Shirley
Coriolanus,I,0,2,Shirley
Coriolanus,A,0,2,Shirley
Coriolanus,DC,0,2,Shirley
Coriolanus,DN,0,2,Shirley
Cowper,N,0,2,Shirley
Cowper,C,0,2,Shirley
Cowper,I,0,2,Shirley
Cowper,A,0,2,Shirley
Cowper,DC,0,2,Shirley
Cowper,DN,0,2,Shirley
Cyril Hall,N,0,2,Shirley
Cyril Hall,C,0,2,Shirley
Cyril Hall,I,0,2,Shirley
Cyril Hall,A,0,2,Shirley
Cyril Hall,DC,0,2,Shirley
Cyril Hall,DN,0,2,Shirley
Daniel,N,0,2,Shirley
Daniel,C,0,2,Shirley
Daniel,I,0,2,Shirley
Daniel,A,0,2,Shirley
Daniel,DC,0,2,Shirley
Daniel,DN,0,2,Shirley
Davy,N,0,2,Shirley
Davy,C,0,2,Shirley
Davy,I,0,2,Shirley
Davy,A,0,2,Shirley
Davy,DC,0,2,Shirley
Davy,DN,0,2,Shirley
Donne,N,1,2,Shirley
Donne,C,0,2,Shirley
Donne,I,0,2,Shirley
Donne,A,0,2,Shirley
Donne,DC,1,2,Shirley
Donne,DN,0,2,Shirley
Dora,N,6,2,Shirley
Dora,C,0,2,Shirley
Dora,I,0,2,Shirley
Dora,A,0,2,Shirley
Dora,DC,7,2,Shirley
Dora,DN,0,2,Shirley
Dr. Boultby,N,0,2,Shirley
Dr. Boultby,C,0,2,Shirley
Dr. Boultby,I,0,2,Shirley
Dr. Boultby,A,0,2,Shirley
Dr. Boultby,DC,0,2,Shirley
Dr. Boultby,DN,0,2,Shirley
Eliza,N,0,2,Shirley
Eliza,C,0,2,Shirley
Eliza,I,0,2,Shirley
Eliza,A,0,2,Shirley
Eliza,DC,0,2,Shirley
Eliza,DN,0,2,Shirley
Eva,N,0,2,Shirley
Eva,C,0,2,Shirley
Eva,I,0,2,Shirley
Eva,A,0,2,Shirley
Eva,DC,0,2,Shirley
Eva,DN,0,2,Shirley
Eve,N,0,2,Shirley
Eve,C,0,2,Shirley
Eve,I,0,2,Shirley
Eve,A,0,2,Shirley
Eve,DC,0,2,Shirley
Eve,DN,0,2,Shirley
Fanny,N,0,2,Shirley
Fanny,C,0,2,Shirley
Fanny,I,0,2,Shirley
Fanny,A,0,2,Shirley
Fanny,DC,0,2,Shirley
Fanny,DN,0,2,Shirley
Farrens,N,0,2,Shirley
Farrens,C,0,2,Shirley
Farrens,I,0,2,Shirley
Farrens,A,0,2,Shirley
Farrens,DC,0,2,Shirley
Farrens,DN,0,2,Shirley
Fieldhead,N,0,2,Shirley
Fieldhead,C,0,2,Shirley
Fieldhead,I,0,2,Shirley
Fieldhead,A,0,2,Shirley
Fieldhead,DC,0,2,Shirley
Fieldhead,DN,0,2,Shirley
Fortune,N,0,2,Shirley
Fortune,C,0,2,Shirley
Fortune,I,0,2,Shirley
Fortune,A,0,2,Shirley
Fortune,DC,0,2,Shirley
Fortune,DN,0,2,Shirley
God,N,0,2,Shirley
God,C,0,2,Shirley
God,I,0,2,Shirley
God,A,0,2,Shirley
God,DC,0,2,Shirley
God,DN,0,2,Shirley
Grace,N,0,2,Shirley
Grace,C,0,2,Shirley
Grace,I,0,2,Shirley
Grace,A,0,2,Shirley
Grace,DC,0,2,Shirley
Grace,DN,0,2,Shirley
Hannah,N,0,2,Shirley
Hannah,C,0,2,Shirley
Hannah,I,0,2,Shirley
Hannah,A,0,2,Shirley
Hannah,DC,0,2,Shirley
Hannah,DN,0,2,Shirley
Harriet,N,1,2,Shirley
Harriet,C,0,2,Shirley
Harriet,I,0,2,Shirley
Harriet,A,0,2,Shirley
Harriet,DC,1,2,Shirley
Harriet,DN,0,2,Shirley
Helstone,N,0,2,Shirley
Helstone,C,0,2,Shirley
Helstone,I,0,2,Shirley
Helstone,A,0,2,Shirley
Helstone,DC,0,2,Shirley
Helstone,DN,0,2,Shirley
Henry,N,0,2,Shirley
Henry,C,0,2,Shirley
Henry,I,0,2,Shirley
Henry,A,0,2,Shirley
Henry,DC,0,2,Shirley
Henry,DN,0,2,Shirley
Hiram Yorke,N,0,2,Shirley
Hiram Yorke,C,0,2,Shirley
Hiram Yorke,I,0,2,Shirley
Hiram Yorke,A,0,2,Shirley
Hiram Yorke,DC,0,2,Shirley
Hiram Yorke,DN,0,2,Shirley
Hollow,N,0,2,Shirley
Hollow,C,0,2,Shirley
Hollow,I,0,2,Shirley
Hollow,A,0,2,Shirley
Hollow,DC,0,2,Shirley
Hollow,DN,0,2,Shirley
Hortense,N,1,2,Shirley
Hortense,C,0,2,Shirley
Hortense,I,0,2,Shirley
Hortense,A,1,2,Shirley
Hortense,DC,0,2,Shirley
Hortense,DN,0,2,Shirley
Isabella,N,0,2,Shirley
Isabella,C,0,2,Shirley
Isabella,I,0,2,Shirley
Isabella,A,0,2,Shirley
Isabella,DC,0,2,Shirley
Isabella,DN,0,2,Shirley
James,N,0,2,Shirley
James,C,0,2,Shirley
James,I,0,2,Shirley
James,A,0,2,Shirley
James,DC,0,2,Shirley
James,DN,0,2,Shirley
Jessy,N,0,2,Shirley
Jessy,C,0,2,Shirley
Jessy,I,0,2,Shirley
Jessy,A,0,2,Shirley
Jessy,DC,0,2,Shirley
Jessy,DN,0,2,Shirley
Joe,N,9,2,Shirley
Joe,C,2,2,Shirley
Joe,I,0,2,Shirley
Joe,A,2,2,Shirley
Joe,DC,6,2,Shirley
Joe,DN,1,2,Shirley
John,N,0,2,Shirley
John,C,0,2,Shirley
John,I,0,2,Shirley
John,A,0,2,Shirley
John,DC,0,2,Shirley
John,DN,0,2,Shirley
John Wesley,N,0,2,Shirley
John Wesley,C,0,2,Shirley
John Wesley,I,0,2,Shirley
John Wesley,A,0,2,Shirley
John Wesley,DC,0,2,Shirley
John Wesley,DN,0,2,Shirley
Lamb,N,0,2,Shirley
Lamb,C,0,2,Shirley
Lamb,I,0,2,Shirley
Lamb,A,0,2,Shirley
Lamb,DC,0,2,Shirley
Lamb,DN,0,2,Shirley
Lina,N,0,2,Shirley
Lina,C,0,2,Shirley
Lina,I,0,2,Shirley
Lina,A,0,2,Shirley
Lina,DC,0,2,Shirley
Lina,DN,0,2,Shirley
Lord Wellington,N,0,2,Shirley
Lord Wellington,C,0,2,Shirley
Lord Wellington,I,0,2,Shirley
Lord Wellington,A,0,2,Shirley
Lord Wellington,DC,0,2,Shirley
Lord Wellington,DN,0,2,Shirley
Louis,N,0,2,Shirley
Louis,C,0,2,Shirley
Louis,I,0,2,Shirley
Louis,A,0,2,Shirley
Louis,DC,0,2,Shirley
Louis,DN,0,2,Shirley
Lucretia,N,0,2,Shirley
Lucretia,C,0,2,Shirley
Lucretia,I,0,2,Shirley
Lucretia,A,0,2,Shirley
Lucretia,DC,0,2,Shirley
Lucretia,DN,0,2,Shirley
MATTERS,N,0,2,Shirley
MATTERS,C,0,2,Shirley
MATTERS,I,0,2,Shirley
MATTERS,A,0,2,Shirley
MATTERS,DC,0,2,Shirley
MATTERS,DN,0,2,Shirley
MacTurk,N,0,2,Shirley
MacTurk,C,0,2,Shirley
MacTurk,I,0,2,Shirley
MacTurk,A,0,2,Shirley
MacTurk,DC,0,2,Shirley
MacTurk,DN,0,2,Shirley
Malone,N,20,2,Shirley
Malone,C,19,2,Shirley
Malone,I,14,2,Shirley
Malone,A,33,2,Shirley
Malone,DC,13,2,Shirley
Malone,DN,4,2,Shirley
Malone.--I,N,0,2,Shirley
Malone.--I,C,0,2,Shirley
Malone.--I,I,0,2,Shirley
Malone.--I,A,0,2,Shirley
Malone.--I,DC,0,2,Shirley
Malone.--I,DN,0,2,Shirley
Mamma,N,0,2,Shirley
Mamma,C,0,2,Shirley
Mamma,I,0,2,Shirley
Mamma,A,0,2,Shirley
Mamma,DC,0,2,Shirley
Mamma,DN,0,2,Shirley
Margaret,N,0,2,Shirley
Margaret,C,0,2,Shirley
Margaret,I,0,2,Shirley
Margaret,A,0,2,Shirley
Margaret,DC,0,2,Shirley
Margaret,DN,0,2,Shirley
Mark,N,0,2,Shirley
Mark,C,0,2,Shirley
Mark,I,0,2,Shirley
Mark,A,0,2,Shirley
Mark,DC,0,2,Shirley
Mark,DN,0,2,Shirley
Martin,N,0,2,Shirley
Martin,C,0,2,Shirley
Martin,I,0,2,Shirley
Martin,A,0,2,Shirley
Martin,DC,0,2,Shirley
Martin,DN,0,2,Shirley
Mary,N,0,2,Shirley
Mary,C,0,2,Shirley
Mary,I,0,2,Shirley
Mary,A,0,2,Shirley
Mary,DC,0,2,Shirley
Mary,DN,0,2,Shirley
Mary Ann Ainley,N,0,2,Shirley
Mary Ann Ainley,C,0,2,Shirley
Mary Ann Ainley,I,0,2,Shirley
Mary Ann Ainley,A,0,2,Shirley
Mary Ann Ainley,DC,0,2,Shirley
Mary Ann Ainley,DN,0,2,Shirley
Matthew,N,0,2,Shirley
Matthew,C,0,2,Shirley
Matthew,I,0,2,Shirley
Matthew,A,0,2,Shirley
Matthew,DC,0,2,Shirley
Matthew,DN,0,2,Shirley
Matthewson Helstone,N,0,2,Shirley
Matthewson Helstone,C,0,2,Shirley
Matthewson Helstone,I,0,2,Shirley
Matthewson Helstone,A,0,2,Shirley
Matthewson Helstone,DC,0,2,Shirley
Matthewson Helstone,DN,0,2,Shirley
Mike,N,0,2,Shirley
Mike,C,0,2,Shirley
Mike,I,0,2,Shirley
Mike,A,0,2,Shirley
Mike,DC,0,2,Shirley
Mike,DN,0,2,Shirley
Miss Ainley,N,0,2,Shirley
Miss Ainley,C,0,2,Shirley
Miss Ainley,I,0,2,Shirley
Miss Ainley,A,0,2,Shirley
Miss Ainley,DC,0,2,Shirley
Miss Ainley,DN,0,2,Shirley
Miss Austen,N,0,2,Shirley
Miss Austen,C,0,2,Shirley
Miss Austen,I,0,2,Shirley
Miss Austen,A,0,2,Shirley
Miss Austen,DC,0,2,Shirley
Miss Austen,DN,0,2,Shirley
Miss Cave,N,0,2,Shirley
Miss Cave,C,0,2,Shirley
Miss Cave,I,0,2,Shirley
Miss Cave,A,0,2,Shirley
Miss Cave,DC,0,2,Shirley
Miss Cave,DN,0,2,Shirley
Miss Grey,N,0,2,Shirley
Miss Grey,C,0,2,Shirley
Miss Grey,I,0,2,Shirley
Miss Grey,A,0,2,Shirley
Miss Grey,DC,0,2,Shirley
Miss Grey,DN,0,2,Shirley
Miss Hardman,N,0,2,Shirley
Miss Hardman,C,0,2,Shirley
Miss Hardman,I,0,2,Shirley
Miss Hardman,A,0,2,Shirley
Miss Hardman,DC,0,2,Shirley
Miss Hardman,DN,0,2,Shirley
Miss Mann,N,0,2,Shirley
Miss Mann,C,0,2,Shirley
Miss Mann,I,0,2,Shirley
Miss Mann,A,0,2,Shirley
Miss Mann,DC,0,2,Shirley
Miss Mann,DN,0,2,Shirley
Miss Mary,N,0,2,Shirley
Miss Mary,C,0,2,Shirley
Miss Mary,I,0,2,Shirley
Miss Mary,A,0,2,Shirley
Miss Mary,DC,0,2,Shirley
Miss Mary,DN,0,2,Shirley
Miss Moore,N,0,2,Shirley
Miss Moore,C,0,2,Shirley
Miss Moore,I,0,2,Shirley
Miss Moore,A,0,2,Shirley
Miss Moore,DC,0,2,Shirley
Miss Moore,DN,0,2,Shirley
Miss Pearson,N,0,2,Shirley
Miss Pearson,C,0,2,Shirley
Miss Pearson,I,0,2,Shirley
Miss Pearson,A,0,2,Shirley
Miss Pearson,DC,0,2,Shirley
Miss Pearson,DN,0,2,Shirley
Moore,N,0,2,Shirley
Moore,C,0,2,Shirley
Moore,I,0,2,Shirley
Moore,A,0,2,Shirley
Moore,DC,0,2,Shirley
Moore,DN,0,2,Shirley
Moses,N,0,2,Shirley
Moses,C,0,2,Shirley
Moses,I,0,2,Shirley
Moses,A,0,2,Shirley
Moses,DC,0,2,Shirley
Moses,DN,0,2,Shirley
Mother,N,0,2,Shirley
Mother,C,0,2,Shirley
Mother,I,0,2,Shirley
Mother,A,0,2,Shirley
Mother,DC,0,2,Shirley
Mother,DN,0,2,Shirley
Mr. Barraclough,N,0,2,Shirley
Mr. Barraclough,C,0,2,Shirley
Mr. Barraclough,I,0,2,Shirley
Mr. Barraclough,A,0,2,Shirley
Mr. Barraclough,DC,0,2,Shirley
Mr. Barraclough,DN,0,2,Shirley
Mr. Gale,N,0,2,Shirley
Mr. Gale,C,0,2,Shirley
Mr. Gale,I,0,2,Shirley
Mr. Gale,A,0,2,Shirley
Mr. Gale,DC,0,2,Shirley
Mr. Gale,DN,0,2,Shirley
Mr. Hall,N,0,2,Shirley
Mr. Hall,C,0,2,Shirley
Mr. Hall,I,0,2,Shirley
Mr. Hall,A,0,2,Shirley
Mr. Hall,DC,0,2,Shirley
Mr. Hall,DN,0,2,Shirley
Mr. Helstone,N,6,2,Shirley
Mr. Helstone,C,3,2,Shirley
Mr. Helstone,I,4,2,Shirley
Mr. Helstone,A,3,2,Shirley
Mr. Helstone,DC,2,2,Shirley
Mr. Helstone,DN,0,2,Shirley
Mr. Moore,N,23,2,Shirley
Mr. Moore,C,50,2,Shirley
Mr. Moore,I,31,2,Shirley
Mr. Moore,A,47,2,Shirley
Mr. Moore,DC,10,2,Shirley
Mr. Moore,DN,4,2,Shirley
Mr. Moore----,N,0,2,Shirley
Mr. Moore----,C,0,2,Shirley
Mr. Moore----,I,0,2,Shirley
Mr. Moore----,A,0,2,Shirley
Mr. Moore----,DC,0,2,Shirley
Mr. Moore----,DN,0,2,Shirley
Mr. Ramsden,N,0,2,Shirley
Mr. Ramsden,C,0,2,Shirley
Mr. Ramsden,I,0,2,Shirley
Mr. Ramsden,A,0,2,Shirley
Mr. Ramsden,DC,0,2,Shirley
Mr. Ramsden,DN,0,2,Shirley
Mr. Sykes,N,0,2,Shirley
Mr. Sykes,C,0,2,Shirley
Mr. Sykes,I,0,2,Shirley
Mr. Sykes,A,0,2,Shirley
Mr. Sykes,DC,0,2,Shirley
Mr. Sykes,DN,0,2,Shirley
Mr. Sympson,N,0,2,Shirley
Mr. Sympson,C,0,2,Shirley
Mr. Sympson,I,0,2,Shirley
Mr. Sympson,A,0,2,Shirley
Mr. Sympson,DC,0,2,Shirley
Mr. Sympson,DN,0,2,Shirley
Mr. Wynne,N,0,2,Shirley
Mr. Wynne,C,0,2,Shirley
Mr. Wynne,I,0,2,Shirley
Mr. Wynne,A,0,2,Shirley
Mr. Wynne,DC,0,2,Shirley
Mr. Wynne,DN,0,2,Shirley
Mr. Yorke,N,0,2,Shirley
Mr. Yorke,C,0,2,Shirley
Mr. Yorke,I,0,2,Shirley
Mr. Yorke,A,0,2,Shirley
Mr. Yorke,DC,0,2,Shirley
Mr. Yorke,DN,0,2,Shirley
Mrs. Gale,N,0,2,Shirley
Mrs. Gale,C,0,2,Shirley
Mrs. Gale,I,0,2,Shirley
Mrs. Gale,A,0,2,Shirley
Mrs. Gale,DC,0,2,Shirley
Mrs. Gale,DN,0,2,Shirley
Mrs. Gill,N,0,2,Shirley
Mrs. Gill,C,0,2,Shirley
Mrs. Gill,I,0,2,Shirley
Mrs. Gill,A,0,2,Shirley
Mrs. Gill,DC,0,2,Shirley
Mrs. Gill,DN,0,2,Shirley
Mrs. Hardman,N,0,2,Shirley
Mrs. Hardman,C,0,2,Shirley
Mrs. Hardman,I,0,2,Shirley
Mrs. Hardman,A,0,2,Shirley
Mrs. Hardman,DC,0,2,Shirley
Mrs. Hardman,DN,0,2,Shirley
Mrs. Horsfall,N,0,2,Shirley
Mrs. Horsfall,C,0,2,Shirley
Mrs. Horsfall,I,0,2,Shirley
Mrs. Horsfall,A,0,2,Shirley
Mrs. Horsfall,DC,0,2,Shirley
Mrs. Horsfall,DN,0,2,Shirley
Mrs. Louis,N,0,2,Shirley
Mrs. Louis,C,0,2,Shirley
Mrs. Louis,I,0,2,Shirley
Mrs. Louis,A,0,2,Shirley
Mrs. Louis,DC,0,2,Shirley
Mrs. Louis,DN,0,2,Shirley
Mrs. Pryor,N,0,2,Shirley
Mrs. Pryor,C,0,2,Shirley
Mrs. Pryor,I,0,2,Shirley
Mrs. Pryor,A,0,2,Shirley
Mrs. Pryor,DC,0,2,Shirley
Mrs. Pryor,DN,0,2,Shirley
Mrs. Sykes,N,0,2,Shirley
Mrs. Sykes,C,0,2,Shirley
Mrs. Sykes,I,0,2,Shirley
Mrs. Sykes,A,0,2,Shirley
Mrs. Sykes,DC,0,2,Shirley
Mrs. Sykes,DN,0,2,Shirley
Mrs. Yorke,N,0,2,Shirley
Mrs. Yorke,C,0,2,Shirley
Mrs. Yorke,I,0,2,Shirley
Mrs. Yorke,A,0,2,Shirley
Mrs. Yorke,DC,0,2,Shirley
Mrs. Yorke,DN,0,2,Shirley
Murgatroyd,N,0,2,Shirley
Murgatroyd,C,0,2,Shirley
Murgatroyd,I,0,2,Shirley
Murgatroyd,A,0,2,Shirley
Murgatroyd,DC,0,2,Shirley
Murgatroyd,DN,0,2,Shirley
Napoleon,N,1,2,Shirley
Napoleon,C,1,2,Shirley
Napoleon,I,0,2,Shirley
Napoleon,A,0,2,Shirley
Napoleon,DC,0,2,Shirley
Napoleon,DN,0,2,Shirley
Nature,N,0,2,Shirley
Nature,C,0,2,Shirley
Nature,I,0,2,Shirley
Nature,A,0,2,Shirley
Nature,DC,0,2,Shirley
Nature,DN,0,2,Shirley
Pearson,N,3,2,Shirley
Pearson,C,0,2,Shirley
Pearson,I,0,2,Shirley
Pearson,A,0,2,Shirley
Pearson,DC,3,2,Shirley
Pearson,DN,0,2,Shirley
Peg Woffington.= CHARLES READE,N,0,2,Shirley
Peg Woffington.= CHARLES READE,C,0,2,Shirley
Peg Woffington.= CHARLES READE,I,0,2,Shirley
Peg Woffington.= CHARLES READE,A,0,2,Shirley
Peg Woffington.= CHARLES READE,DC,0,2,Shirley
Peg Woffington.= CHARLES READE,DN,0,2,Shirley
Peter,N,6,2,Shirley
Peter,C,7,2,Shirley
Peter,I,5,2,Shirley
Peter,A,18,2,Shirley
Peter,DC,0,2,Shirley
Peter,DN,2,2,Shirley
Phœbe,N,0,2,Shirley
Phœbe,C,0,2,Shirley
Phœbe,I,0,2,Shirley
Phœbe,A,0,2,Shirley
Phœbe,DC,0,2,Shirley
Phœbe,DN,0,2,Shirley
Providence,N,0,2,Shirley
Providence,C,0,2,Shirley
Providence,I,0,2,Shirley
Providence,A,0,2,Shirley
Providence,DC,0,2,Shirley
Providence,DN,0,2,Shirley
Robert,N,15,2,Shirley
Robert,C,4,2,Shirley
Robert,I,9,2,Shirley
Robert,A,16,2,Shirley
Robert,DC,0,2,Shirley
Robert,DN,0,2,Shirley
Rose,N,0,2,Shirley
Rose,C,0,2,Shirley
Rose,I,0,2,Shirley
Rose,A,0,2,Shirley
Rose,DC,0,2,Shirley
Rose,DN,0,2,Shirley
Sarah,N,4,2,Shirley
Sarah,C,0,2,Shirley
Sarah,I,0,2,Shirley
Sarah,A,3,2,Shirley
Sarah,DC,1,2,Shirley
Sarah,DN,0,2,Shirley
Saturnia,N,0,2,Shirley
Saturnia,C,0,2,Shirley
Saturnia,I,0,2,Shirley
Saturnia,A,0,2,Shirley
Saturnia,DC,0,2,Shirley
Saturnia,DN,0,2,Shirley
Shakespeare,N,0,2,Shirley
Shakespeare,C,0,2,Shirley
Shakespeare,I,0,2,Shirley
Shakespeare,A,0,2,Shirley
Shakespeare,DC,0,2,Shirley
Shakespeare,DN,0,2,Shirley
Shirley,N,0,2,Shirley
Shirley,C,0,2,Shirley
Shirley,I,0,2,Shirley
Shirley,A,0,2,Shirley
Shirley,DC,0,2,Shirley
Shirley,DN,0,2,Shirley
Sir Philip,N,0,2,Shirley
Sir Philip,C,0,2,Shirley
Sir Philip,I,0,2,Shirley
Sir Philip,A,0,2,Shirley
Sir Philip,DC,0,2,Shirley
Sir Philip,DN,0,2,Shirley
Sir Walter Scott,N,0,2,Shirley
Sir Walter Scott,C,0,2,Shirley
Sir Walter Scott,I,0,2,Shirley
Sir Walter Scott,A,0,2,Shirley
Sir Walter Scott,DC,0,2,Shirley
Sir Walter Scott,DN,0,2,Shirley
Sister,N,0,2,Shirley
Sister,C,0,2,Shirley
Sister,I,0,2,Shirley
Sister,A,0,2,Shirley
Sister,DC,0,2,Shirley
Sister,DN,0,2,Shirley
St. Paul,N,0,2,Shirley
St. Paul,C,0,2,Shirley
St. Paul,I,0,2,Shirley
St. Paul,A,0,2,Shirley
St. Paul,DC,0,2,Shirley
St. Paul,DN,0,2,Shirley
Stilbro,N,1,2,Shirley
Stilbro,C,0,2,Shirley
Stilbro,I,0,2,Shirley
Stilbro,A,0,2,Shirley
Stilbro,DC,1,2,Shirley
Stilbro,DN,0,2,Shirley
Sudgen,N,0,2,Shirley
Sudgen,C,0,2,Shirley
Sudgen,I,0,2,Shirley
Sudgen,A,0,2,Shirley
Sudgen,DC,0,2,Shirley
Sudgen,DN,0,2,Shirley
Sugden,N,0,2,Shirley
Sugden,C,0,2,Shirley
Sugden,I,0,2,Shirley
Sugden,A,0,2,Shirley
Sugden,DC,0,2,Shirley
Sugden,DN,0,2,Shirley
Sweeting,N,5,2,Shirley
Sweeting,C,0,2,Shirley
Sweeting,I,3,2,Shirley
Sweeting,A,8,2,Shirley
Sweeting,DC,15,2,Shirley
Sweeting,DN,0,2,Shirley
Tartar,N,0,2,Shirley
Tartar,C,0,2,Shirley
Tartar,I,0,2,Shirley
Tartar,A,0,2,Shirley
Tartar,DC,0,2,Shirley
Tartar,DN,0,2,Shirley
The Cossack,N,0,2,Shirley
The Cossack,C,0,2,Shirley
The Cossack,I,0,2,Shirley
The Cossack,A,0,2,Shirley
The Cossack,DC,0,2,Shirley
The Cossack,DN,0,2,Shirley
These Oreads,N,0,2,Shirley
These Oreads,C,0,2,Shirley
These Oreads,I,0,2,Shirley
These Oreads,A,0,2,Shirley
These Oreads,DC,0,2,Shirley
These Oreads,DN,0,2,Shirley
Tom Cringle,N,2,2,Shirley
Tom Cringle,C,0,2,Shirley
Tom Cringle,I,0,2,Shirley
Tom Cringle,A,0,2,Shirley
Tom Cringle,DC,2,2,Shirley
Tom Cringle,DN,0,2,Shirley
Uncle,N,0,2,Shirley
Uncle,C,0,2,Shirley
Uncle,I,0,2,Shirley
Uncle,A,0,2,Shirley
Uncle,DC,0,2,Shirley
Uncle,DN,0,2,Shirley
VICTOR HUGO,N,0,2,Shirley
VICTOR HUGO,C,0,2,Shirley
VICTOR HUGO,I,0,2,Shirley
VICTOR HUGO,A,0,2,Shirley
VICTOR HUGO,DC,0,2,Shirley
VICTOR HUGO,DN,0,2,Shirley
Whinbury,N,2,2,Shirley
Whinbury,C,0,2,Shirley
Whinbury,I,0,2,Shirley
Whinbury,A,1,2,Shirley
Whinbury,DC,2,2,Shirley
Whinbury,DN,0,2,Shirley
William,N,0,2,Shirley
William,C,0,2,Shirley
William,I,0,2,Shirley
William,A,0,2,Shirley
William,DC,0,2,Shirley
William,DN,0,2,Shirley
mademoiselle,N,0,2,Shirley
mademoiselle,C,0,2,Shirley
mademoiselle,I,0,2,Shirley
mademoiselle,A,0,2,Shirley
mademoiselle,DC,0,2,Shirley
mademoiselle,DN,0,2,Shirley
old Lady Nunnely,N,0,2,Shirley
old Lady Nunnely,C,0,2,Shirley
old Lady Nunnely,I,0,2,Shirley
old Lady Nunnely,A,0,2,Shirley
old Lady Nunnely,DC,0,2,Shirley
old Lady Nunnely,DN,0,2,Shirley
old Queen Charlotte,N,0,2,Shirley
old Queen Charlotte,C,0,2,Shirley
old Queen Charlotte,I,0,2,Shirley
old Queen Charlotte,A,0,2,Shirley
old Queen Charlotte,DC,0,2,Shirley
old Queen Charlotte,DN,0,2,Shirley
the Misses Sykes,N,5,2,Shirley
the Misses Sykes,C,0,2,Shirley
the Misses Sykes,I,1,2,Shirley
the Misses Sykes,A,0,2,Shirley
the Misses Sykes,DC,5,2,Shirley
the Misses Sykes,DN,0,2,Shirley
the Misses Sympson,N,0,2,Shirley
the Misses Sympson,C,0,2,Shirley
the Misses Sympson,I,0,2,Shirley
the Misses Sympson,A,0,2,Shirley
the Misses Sympson,DC,0,2,Shirley
the Misses Sympson,DN,0,2,Shirley
the Moores,N,0,2,Shirley
the Moores,C,0,2,Shirley
the Moores,I,0,2,Shirley
the Moores,A,0,2,Shirley
the Moores,DC,0,2,Shirley
the Moores,DN,0,2,Shirley
the Sympsons,N,0,2,Shirley
the Sympsons,C,0,2,Shirley
the Sympsons,I,0,2,Shirley
the Sympsons,A,0,2,Shirley
the Sympsons,DC,0,2,Shirley
the Sympsons,DN,0,2,Shirley
Abraham,N,0,3,Shirley
Abraham,C,0,3,Shirley
Abraham,I,0,3,Shirley
Abraham,A,0,3,Shirley
Abraham,DC,0,3,Shirley
Abraham,DN,0,3,Shirley
Adam,N,0,3,Shirley
Adam,C,0,3,Shirley
Adam,I,0,3,Shirley
Adam,A,0,3,Shirley
Adam,DC,0,3,Shirley
Adam,DN,0,3,Shirley
Bob,N,1,3,Shirley
Bob,C,0,3,Shirley
Bob,I,0,3,Shirley
Bob,A,0,3,Shirley
Bob,DC,1,3,Shirley
Bob,DN,0,3,Shirley
Bonaparte,N,3,3,Shirley
Bonaparte,C,0,3,Shirley
Bonaparte,I,0,3,Shirley
Bonaparte,A,0,3,Shirley
Bonaparte,DC,0,3,Shirley
Bonaparte,DN,0,3,Shirley
Boultby,N,0,3,Shirley
Boultby,C,0,3,Shirley
Boultby,I,0,3,Shirley
Boultby,A,0,3,Shirley
Boultby,DC,0,3,Shirley
Boultby,DN,0,3,Shirley
Briarmains,N,0,3,Shirley
Briarmains,C,0,3,Shirley
Briarmains,I,0,3,Shirley
Briarmains,A,0,3,Shirley
Briarmains,DC,0,3,Shirley
Briarmains,DN,0,3,Shirley
CHARLES DICKENS,N,0,3,Shirley
CHARLES DICKENS,C,0,3,Shirley
CHARLES DICKENS,I,0,3,Shirley
CHARLES DICKENS,A,0,3,Shirley
CHARLES DICKENS,DC,0,3,Shirley
CHARLES DICKENS,DN,0,3,Shirley
Captain Keeldar,N,0,3,Shirley
Captain Keeldar,C,0,3,Shirley
Captain Keeldar,I,0,3,Shirley
Captain Keeldar,A,0,3,Shirley
Captain Keeldar,DC,0,3,Shirley
Captain Keeldar,DN,0,3,Shirley
Caroline,N,1,3,Shirley
Caroline,C,0,3,Shirley
Caroline,I,0,3,Shirley
Caroline,A,0,3,Shirley
Caroline,DC,1,3,Shirley
Caroline,DN,0,3,Shirley
"Caroline--""She",N,0,3,Shirley
"Caroline--""She",C,0,3,Shirley
"Caroline--""She",I,0,3,Shirley
"Caroline--""She",A,0,3,Shirley
"Caroline--""She",DC,0,3,Shirley
"Caroline--""She",DN,0,3,Shirley
Cary,N,0,3,Shirley
Cary,C,0,3,Shirley
Cary,I,0,3,Shirley
Cary,A,0,3,Shirley
Cary,DC,0,3,Shirley
Cary,DN,0,3,Shirley
Castlereagh,N,0,3,Shirley
Castlereagh,C,0,3,Shirley
Castlereagh,I,0,3,Shirley
Castlereagh,A,0,3,Shirley
Castlereagh,DC,0,3,Shirley
Castlereagh,DN,0,3,Shirley
Chénier,N,0,3,Shirley
Chénier,C,0,3,Shirley
Chénier,I,0,3,Shirley
Chénier,A,0,3,Shirley
Chénier,DC,0,3,Shirley
Chénier,DN,0,3,Shirley
Coriolanus,N,0,3,Shirley
Coriolanus,C,0,3,Shirley
Coriolanus,I,0,3,Shirley
Coriolanus,A,0,3,Shirley
Coriolanus,DC,0,3,Shirley
Coriolanus,DN,0,3,Shirley
Cowper,N,0,3,Shirley
Cowper,C,0,3,Shirley
Cowper,I,0,3,Shirley
Cowper,A,0,3,Shirley
Cowper,DC,0,3,Shirley
Cowper,DN,0,3,Shirley
Cyril Hall,N,0,3,Shirley
Cyril Hall,C,0,3,Shirley
Cyril Hall,I,0,3,Shirley
Cyril Hall,A,0,3,Shirley
Cyril Hall,DC,0,3,Shirley
Cyril Hall,DN,0,3,Shirley
Daniel,N,0,3,Shirley
Daniel,C,0,3,Shirley
Daniel,I,0,3,Shirley
Daniel,A,0,3,Shirley
Daniel,DC,0,3,Shirley
Daniel,DN,0,3,Shirley
Davy,N,0,3,Shirley
Davy,C,0,3,Shirley
Davy,I,0,3,Shirley
Davy,A,0,3,Shirley
Davy,DC,0,3,Shirley
Davy,DN,0,3,Shirley
Donne,N,0,3,Shirley
Donne,C,0,3,Shirley
Donne,I,0,3,Shirley
Donne,A,0,3,Shirley
Donne,DC,0,3,Shirley
Donne,DN,0,3,Shirley
Dora,N,0,3,Shirley
Dora,C,0,3,Shirley
Dora,I,0,3,Shirley
Dora,A,0,3,Shirley
Dora,DC,0,3,Shirley
Dora,DN,0,3,Shirley
Dr. Boultby,N,0,3,Shirley
Dr. Boultby,C,0,3,Shirley
Dr. Boultby,I,0,3,Shirley
Dr. Boultby,A,0,3,Shirley
Dr. Boultby,DC,0,3,Shirley
Dr. Boultby,DN,0,3,Shirley
Eliza,N,0,3,Shirley
Eliza,C,0,3,Shirley
Eliza,I,0,3,Shirley
Eliza,A,0,3,Shirley
Eliza,DC,0,3,Shirley
Eliza,DN,0,3,Shirley
Eva,N,0,3,Shirley
Eva,C,0,3,Shirley
Eva,I,0,3,Shirley
Eva,A,0,3,Shirley
Eva,DC,0,3,Shirley
Eva,DN,0,3,Shirley
Eve,N,0,3,Shirley
Eve,C,0,3,Shirley
Eve,I,0,3,Shirley
Eve,A,0,3,Shirley
Eve,DC,0,3,Shirley
Eve,DN,0,3,Shirley
Fanny,N,0,3,Shirley
Fanny,C,0,3,Shirley
Fanny,I,0,3,Shirley
Fanny,A,0,3,Shirley
Fanny,DC,0,3,Shirley
Fanny,DN,0,3,Shirley
Farrens,N,0,3,Shirley
Farrens,C,0,3,Shirley
Farrens,I,0,3,Shirley
Farrens,A,0,3,Shirley
Farrens,DC,0,3,Shirley
Farrens,DN,0,3,Shirley
Fieldhead,N,0,3,Shirley
Fieldhead,C,0,3,Shirley
Fieldhead,I,0,3,Shirley
Fieldhead,A,0,3,Shirley
Fieldhead,DC,0,3,Shirley
Fieldhead,DN,0,3,Shirley
Fortune,N,0,3,Shirley
Fortune,C,0,3,Shirley
Fortune,I,0,3,Shirley
Fortune,A,0,3,Shirley
Fortune,DC,0,3,Shirley
Fortune,DN,0,3,Shirley
God,N,2,3,Shirley
God,C,0,3,Shirley
God,I,0,3,Shirley
God,A,1,3,Shirley
God,DC,0,3,Shirley
God,DN,0,3,Shirley
Grace,N,0,3,Shirley
Grace,C,0,3,Shirley
Grace,I,0,3,Shirley
Grace,A,0,3,Shirley
Grace,DC,0,3,Shirley
Grace,DN,0,3,Shirley
Hannah,N,0,3,Shirley
Hannah,C,0,3,Shirley
Hannah,I,0,3,Shirley
Hannah,A,0,3,Shirley
Hannah,DC,0,3,Shirley
Hannah,DN,0,3,Shirley
Harriet,N,0,3,Shirley
Harriet,C,0,3,Shirley
Harriet,I,0,3,Shirley
Harriet,A,0,3,Shirley
Harriet,DC,0,3,Shirley
Harriet,DN,0,3,Shirley
Helstone,N,7,3,Shirley
Helstone,C,1,3,Shirley
Helstone,I,2,3,Shirley
Helstone,A,1,3,Shirley
Helstone,DC,0,3,Shirley
Helstone,DN,2,3,Shirley
Henry,N,0,3,Shirley
Henry,C,0,3,Shirley
Henry,I,0,3,Shirley
Henry,A,0,3,Shirley
Henry,DC,0,3,Shirley
Henry,DN,0,3,Shirley
Hiram Yorke,N,0,3,Shirley
Hiram Yorke,C,0,3,Shirley
Hiram Yorke,I,0,3,Shirley
Hiram Yorke,A,0,3,Shirley
Hiram Yorke,DC,0,3,Shirley
Hiram Yorke,DN,0,3,Shirley
Hollow,N,0,3,Shirley
Hollow,C,0,3,Shirley
Hollow,I,0,3,Shirley
Hollow,A,0,3,Shirley
Hollow,DC,0,3,Shirley
Hollow,DN,0,3,Shirley
Hortense,N,0,3,Shirley
Hortense,C,0,3,Shirley
Hortense,I,0,3,Shirley
Hortense,A,0,3,Shirley
Hortense,DC,0,3,Shirley
Hortense,DN,0,3,Shirley
Isabella,N,0,3,Shirley
Isabella,C,0,3,Shirley
Isabella,I,0,3,Shirley
Isabella,A,0,3,Shirley
Isabella,DC,0,3,Shirley
Isabella,DN,0,3,Shirley
James,N,0,3,Shirley
James,C,0,3,Shirley
James,I,0,3,Shirley
James,A,0,3,Shirley
James,DC,0,3,Shirley
James,DN,0,3,Shirley
Jessy,N,0,3,Shirley
Jessy,C,0,3,Shirley
Jessy,I,0,3,Shirley
Jessy,A,0,3,Shirley
Jessy,DC,0,3,Shirley
Jessy,DN,0,3,Shirley
Joe,N,6,3,Shirley
Joe,C,0,3,Shirley
Joe,I,0,3,Shirley
Joe,A,1,3,Shirley
Joe,DC,1,3,Shirley
Joe,DN,0,3,Shirley
John,N,0,3,Shirley
John,C,0,3,Shirley
John,I,0,3,Shirley
John,A,0,3,Shirley
John,DC,0,3,Shirley
John,DN,0,3,Shirley
John Wesley,N,0,3,Shirley
John Wesley,C,0,3,Shirley
John Wesley,I,0,3,Shirley
John Wesley,A,0,3,Shirley
John Wesley,DC,0,3,Shirley
John Wesley,DN,0,3,Shirley
Lamb,N,0,3,Shirley
Lamb,C,0,3,Shirley
Lamb,I,0,3,Shirley
Lamb,A,0,3,Shirley
Lamb,DC,0,3,Shirley
Lamb,DN,0,3,Shirley
Lina,N,0,3,Shirley
Lina,C,0,3,Shirley
Lina,I,0,3,Shirley
Lina,A,0,3,Shirley
Lina,DC,0,3,Shirley
Lina,DN,0,3,Shirley
Lord Wellington,N,4,3,Shirley
Lord Wellington,C,0,3,Shirley
Lord Wellington,I,0,3,Shirley
Lord Wellington,A,1,3,Shirley
Lord Wellington,DC,0,3,Shirley
Lord Wellington,DN,2,3,Shirley
Louis,N,0,3,Shirley
Louis,C,0,3,Shirley
Louis,I,0,3,Shirley
Louis,A,0,3,Shirley
Louis,DC,0,3,Shirley
Louis,DN,0,3,Shirley
Lucretia,N,0,3,Shirley
Lucretia,C,0,3,Shirley
Lucretia,I,0,3,Shirley
Lucretia,A,0,3,Shirley
Lucretia,DC,0,3,Shirley
Lucretia,DN,0,3,Shirley
MATTERS,N,0,3,Shirley
MATTERS,C,0,3,Shirley
MATTERS,I,0,3,Shirley
MATTERS,A,0,3,Shirley
MATTERS,DC,0,3,Shirley
MATTERS,DN,0,3,Shirley
MacTurk,N,0,3,Shirley
MacTurk,C,0,3,Shirley
MacTurk,I,0,3,Shirley
MacTurk,A,0,3,Shirley
MacTurk,DC,0,3,Shirley
MacTurk,DN,0,3,Shirley
Malone,N,0,3,Shirley
Malone,C,0,3,Shirley
Malone,I,0,3,Shirley
Malone,A,0,3,Shirley
Malone,DC,0,3,Shirley
Malone,DN,0,3,Shirley
Malone.--I,N,0,3,Shirley
Malone.--I,C,0,3,Shirley
Malone.--I,I,0,3,Shirley
Malone.--I,A,0,3,Shirley
Malone.--I,DC,0,3,Shirley
Malone.--I,DN,0,3,Shirley
Mamma,N,0,3,Shirley
Mamma,C,0,3,Shirley
Mamma,I,0,3,Shirley
Mamma,A,0,3,Shirley
Mamma,DC,0,3,Shirley
Mamma,DN,0,3,Shirley
Margaret,N,0,3,Shirley
Margaret,C,0,3,Shirley
Margaret,I,0,3,Shirley
Margaret,A,0,3,Shirley
Margaret,DC,0,3,Shirley
Margaret,DN,0,3,Shirley
Mark,N,0,3,Shirley
Mark,C,0,3,Shirley
Mark,I,0,3,Shirley
Mark,A,0,3,Shirley
Mark,DC,0,3,Shirley
Mark,DN,0,3,Shirley
Martin,N,0,3,Shirley
Martin,C,0,3,Shirley
Martin,I,0,3,Shirley
Martin,A,0,3,Shirley
Martin,DC,0,3,Shirley
Martin,DN,0,3,Shirley
Mary,N,0,3,Shirley
Mary,C,0,3,Shirley
Mary,I,0,3,Shirley
Mary,A,0,3,Shirley
Mary,DC,0,3,Shirley
Mary,DN,0,3,Shirley
Mary Ann Ainley,N,0,3,Shirley
Mary Ann Ainley,C,0,3,Shirley
Mary Ann Ainley,I,0,3,Shirley
Mary Ann Ainley,A,0,3,Shirley
Mary Ann Ainley,DC,0,3,Shirley
Mary Ann Ainley,DN,0,3,Shirley
Matthew,N,0,3,Shirley
Matthew,C,0,3,Shirley
Matthew,I,0,3,Shirley
Matthew,A,0,3,Shirley
Matthew,DC,0,3,Shirley
Matthew,DN,0,3,Shirley
Matthewson Helstone,N,0,3,Shirley
Matthewson Helstone,C,0,3,Shirley
Matthewson Helstone,I,0,3,Shirley
Matthewson Helstone,A,0,3,Shirley
Matthewson Helstone,DC,0,3,Shirley
Matthewson Helstone,DN,0,3,Shirley
Mike,N,0,3,Shirley
Mike,C,0,3,Shirley
Mike,I,0,3,Shirley
Mike,A,0,3,Shirley
Mike,DC,0,3,Shirley
Mike,DN,0,3,Shirley
Miss Ainley,N,0,3,Shirley
Miss Ainley,C,0,3,Shirley
Miss Ainley,I,0,3,Shirley
Miss Ainley,A,0,3,Shirley
Miss Ainley,DC,0,3,Shirley
Miss Ainley,DN,0,3,Shirley
Miss Austen,N,0,3,Shirley
Miss Austen,C,0,3,Shirley
Miss Austen,I,0,3,Shirley
Miss Austen,A,0,3,Shirley
Miss Austen,DC,0,3,Shirley
Miss Austen,DN,0,3,Shirley
Miss Cave,N,0,3,Shirley
Miss Cave,C,0,3,Shirley
Miss Cave,I,0,3,Shirley
Miss Cave,A,0,3,Shirley
Miss Cave,DC,0,3,Shirley
Miss Cave,DN,0,3,Shirley
Miss Grey,N,0,3,Shirley
Miss Grey,C,0,3,Shirley
Miss Grey,I,0,3,Shirley
Miss Grey,A,0,3,Shirley
Miss Grey,DC,0,3,Shirley
Miss Grey,DN,0,3,Shirley
Miss Hardman,N,0,3,Shirley
Miss Hardman,C,0,3,Shirley
Miss Hardman,I,0,3,Shirley
Miss Hardman,A,0,3,Shirley
Miss Hardman,DC,0,3,Shirley
Miss Hardman,DN,0,3,Shirley
Miss Mann,N,0,3,Shirley
Miss Mann,C,0,3,Shirley
Miss Mann,I,0,3,Shirley
Miss Mann,A,0,3,Shirley
Miss Mann,DC,0,3,Shirley
Miss Mann,DN,0,3,Shirley
Miss Mary,N,0,3,Shirley
Miss Mary,C,0,3,Shirley
Miss Mary,I,0,3,Shirley
Miss Mary,A,0,3,Shirley
Miss Mary,DC,0,3,Shirley
Miss Mary,DN,0,3,Shirley
Miss Moore,N,0,3,Shirley
Miss Moore,C,0,3,Shirley
Miss Moore,I,0,3,Shirley
Miss Moore,A,0,3,Shirley
Miss Moore,DC,0,3,Shirley
Miss Moore,DN,0,3,Shirley
Miss Pearson,N,0,3,Shirley
Miss Pearson,C,0,3,Shirley
Miss Pearson,I,0,3,Shirley
Miss Pearson,A,0,3,Shirley
Miss Pearson,DC,0,3,Shirley
Miss Pearson,DN,0,3,Shirley
Moore,N,0,3,Shirley
Moore,C,0,3,Shirley
Moore,I,0,3,Shirley
Moore,A,0,3,Shirley
Moore,DC,0,3,Shirley
Moore,DN,0,3,Shirley
Moses,N,1,3,Shirley
Moses,C,0,3,Shirley
Moses,I,0,3,Shirley
Moses,A,0,3,Shirley
Moses,DC,0,3,Shirley
Moses,DN,0,3,Shirley
Mother,N,0,3,Shirley
Mother,C,0,3,Shirley
Mother,I,0,3,Shirley
Mother,A,0,3,Shirley
Mother,DC,0,3,Shirley
Mother,DN,0,3,Shirley
Mr. Barraclough,N,0,3,Shirley
Mr. Barraclough,C,0,3,Shirley
Mr. Barraclough,I,0,3,Shirley
Mr. Barraclough,A,0,3,Shirley
Mr. Barraclough,DC,0,3,Shirley
Mr. Barraclough,DN,0,3,Shirley
Mr. Gale,N,0,3,Shirley
Mr. Gale,C,0,3,Shirley
Mr. Gale,I,0,3,Shirley
Mr. Gale,A,0,3,Shirley
Mr. Gale,DC,0,3,Shirley
Mr. Gale,DN,0,3,Shirley
Mr. Hall,N,0,3,Shirley
Mr. Hall,C,0,3,Shirley
Mr. Hall,I,0,3,Shirley
Mr. Hall,A,0,3,Shirley
Mr. Hall,DC,0,3,Shirley
Mr. Hall,DN,0,3,Shirley
Mr. Helstone,N,8,3,Shirley
Mr. Helstone,C,4,3,Shirley
Mr. Helstone,I,2,3,Shirley
Mr. Helstone,A,1,3,Shirley
Mr. Helstone,DC,3,3,Shirley
Mr. Helstone,DN,0,3,Shirley
Mr. Moore,N,15,3,Shirley
Mr. Moore,C,6,3,Shirley
Mr. Moore,I,17,3,Shirley
Mr. Moore,A,11,3,Shirley
Mr. Moore,DC,7,3,Shirley
Mr. Moore,DN,3,3,Shirley
Mr. Moore----,N,0,3,Shirley
Mr. Moore----,C,0,3,Shirley
Mr. Moore----,I,0,3,Shirley
Mr. Moore----,A,0,3,Shirley
Mr. Moore----,DC,0,3,Shirley
Mr. Moore----,DN,0,3,Shirley
Mr. Ramsden,N,0,3,Shirley
Mr. Ramsden,C,0,3,Shirley
Mr. Ramsden,I,0,3,Shirley
Mr. Ramsden,A,0,3,Shirley
Mr. Ramsden,DC,0,3,Shirley
Mr. Ramsden,DN,0,3,Shirley
Mr. Sykes,N,0,3,Shirley
Mr. Sykes,C,0,3,Shirley
Mr. Sykes,I,0,3,Shirley
Mr. Sykes,A,0,3,Shirley
Mr. Sykes,DC,0,3,Shirley
Mr. Sykes,DN,0,3,Shirley
Mr. Sympson,N,0,3,Shirley
Mr. Sympson,C,0,3,Shirley
Mr. Sympson,I,0,3,Shirley
Mr. Sympson,A,0,3,Shirley
Mr. Sympson,DC,0,3,Shirley
Mr. Sympson,DN,0,3,Shirley
Mr. Wynne,N,0,3,Shirley
Mr. Wynne,C,0,3,Shirley
Mr. Wynne,I,0,3,Shirley
Mr. Wynne,A,0,3,Shirley
Mr. Wynne,DC,0,3,Shirley
Mr. Wynne,DN,0,3,Shirley
Mr. Yorke,N,12,3,Shirley
Mr. Yorke,C,9,3,Shirley
Mr. Yorke,I,6,3,Shirley
Mr. Yorke,A,4,3,Shirley
Mr. Yorke,DC,1,3,Shirley
Mr. Yorke,DN,2,3,Shirley
Mrs. Gale,N,0,3,Shirley
Mrs. Gale,C,0,3,Shirley
Mrs. Gale,I,0,3,Shirley
Mrs. Gale,A,0,3,Shirley
Mrs. Gale,DC,0,3,Shirley
Mrs. Gale,DN,0,3,Shirley
Mrs. Gill,N,0,3,Shirley
Mrs. Gill,C,0,3,Shirley
Mrs. Gill,I,0,3,Shirley
Mrs. Gill,A,0,3,Shirley
Mrs. Gill,DC,0,3,Shirley
Mrs. Gill,DN,0,3,Shirley
Mrs. Hardman,N,0,3,Shirley
Mrs. Hardman,C,0,3,Shirley
Mrs. Hardman,I,0,3,Shirley
Mrs. Hardman,A,0,3,Shirley
Mrs. Hardman,DC,0,3,Shirley
Mrs. Hardman,DN,0,3,Shirley
Mrs. Horsfall,N,0,3,Shirley
Mrs. Horsfall,C,0,3,Shirley
Mrs. Horsfall,I,0,3,Shirley
Mrs. Horsfall,A,0,3,Shirley
Mrs. Horsfall,DC,0,3,Shirley
Mrs. Horsfall,DN,0,3,Shirley
Mrs. Louis,N,0,3,Shirley
Mrs. Louis,C,0,3,Shirley
Mrs. Louis,I,0,3,Shirley
Mrs. Louis,A,0,3,Shirley
Mrs. Louis,DC,0,3,Shirley
Mrs. Louis,DN,0,3,Shirley
Mrs. Pryor,N,0,3,Shirley
Mrs. Pryor,C,0,3,Shirley
Mrs. Pryor,I,0,3,Shirley
Mrs. Pryor,A,0,3,Shirley
Mrs. Pryor,DC,0,3,Shirley
Mrs. Pryor,DN,0,3,Shirley
Mrs. Sykes,N,0,3,Shirley
Mrs. Sykes,C,0,3,Shirley
Mrs. Sykes,I,0,3,Shirley
Mrs. Sykes,A,0,3,Shirley
Mrs. Sykes,DC,0,3,Shirley
Mrs. Sykes,DN,0,3,Shirley
Mrs. Yorke,N,0,3,Shirley
Mrs. Yorke,C,0,3,Shirley
Mrs. Yorke,I,0,3,Shirley
Mrs. Yorke,A,0,3,Shirley
Mrs. Yorke,DC,0,3,Shirley
Mrs. Yorke,DN,0,3,Shirley
Murgatroyd,N,0,3,Shirley
Murgatroyd,C,0,3,Shirley
Murgatroyd,I,0,3,Shirley
Murgatroyd,A,0,3,Shirley
Murgatroyd,DC,0,3,Shirley
Murgatroyd,DN,0,3,Shirley
Napoleon,N,1,3,Shirley
Napoleon,C,0,3,Shirley
Napoleon,I,0,3,Shirley
Napoleon,A,0,3,Shirley
Napoleon,DC,0,3,Shirley
Napoleon,DN,3,3,Shirley
Nature,N,0,3,Shirley
Nature,C,0,3,Shirley
Nature,I,0,3,Shirley
Nature,A,0,3,Shirley
Nature,DC,0,3,Shirley
Nature,DN,0,3,Shirley
Pearson,N,0,3,Shirley
Pearson,C,0,3,Shirley
Pearson,I,0,3,Shirley
Pearson,A,0,3,Shirley
Pearson,DC,0,3,Shirley
Pearson,DN,0,3,Shirley
Peg Woffington.= CHARLES READE,N,0,3,Shirley
Peg Woffington.= CHARLES READE,C,0,3,Shirley
Peg Woffington.= CHARLES READE,I,0,3,Shirley
Peg Woffington.= CHARLES READE,A,0,3,Shirley
Peg Woffington.= CHARLES READE,DC,0,3,Shirley
Peg Woffington.= CHARLES READE,DN,0,3,Shirley
Peter,N,0,3,Shirley
Peter,C,0,3,Shirley
Peter,I,0,3,Shirley
Peter,A,0,3,Shirley
Peter,DC,0,3,Shirley
Peter,DN,0,3,Shirley
Phœbe,N,0,3,Shirley
Phœbe,C,0,3,Shirley
Phœbe,I,0,3,Shirley
Phœbe,A,0,3,Shirley
Phœbe,DC,0,3,Shirley
Phœbe,DN,0,3,Shirley
Providence,N,0,3,Shirley
Providence,C,0,3,Shirley
Providence,I,0,3,Shirley
Providence,A,0,3,Shirley
Providence,DC,0,3,Shirley
Providence,DN,0,3,Shirley
Robert,N,7,3,Shirley
Robert,C,13,3,Shirley
Robert,I,1,3,Shirley
Robert,A,8,3,Shirley
Robert,DC,0,3,Shirley
Robert,DN,2,3,Shirley
Rose,N,0,3,Shirley
Rose,C,0,3,Shirley
Rose,I,0,3,Shirley
Rose,A,0,3,Shirley
Rose,DC,0,3,Shirley
Rose,DN,0,3,Shirley
Sarah,N,0,3,Shirley
Sarah,C,0,3,Shirley
Sarah,I,0,3,Shirley
Sarah,A,0,3,Shirley
Sarah,DC,0,3,Shirley
Sarah,DN,0,3,Shirley
Saturnia,N,0,3,Shirley
Saturnia,C,0,3,Shirley
Saturnia,I,0,3,Shirley
Saturnia,A,0,3,Shirley
Saturnia,DC,0,3,Shirley
Saturnia,DN,0,3,Shirley
Shakespeare,N,0,3,Shirley
Shakespeare,C,0,3,Shirley
Shakespeare,I,0,3,Shirley
Shakespeare,A,0,3,Shirley
Shakespeare,DC,0,3,Shirley
Shakespeare,DN,0,3,Shirley
Shirley,N,0,3,Shirley
Shirley,C,0,3,Shirley
Shirley,I,0,3,Shirley
Shirley,A,0,3,Shirley
Shirley,DC,0,3,Shirley
Shirley,DN,0,3,Shirley
Sir Philip,N,0,3,Shirley
Sir Philip,C,0,3,Shirley
Sir Philip,I,0,3,Shirley
Sir Philip,A,0,3,Shirley
Sir Philip,DC,0,3,Shirley
Sir Philip,DN,0,3,Shirley
Sir Walter Scott,N,0,3,Shirley
Sir Walter Scott,C,0,3,Shirley
Sir Walter Scott,I,0,3,Shirley
Sir Walter Scott,A,0,3,Shirley
Sir Walter Scott,DC,0,3,Shirley
Sir Walter Scott,DN,0,3,Shirley
Sister,N,0,3,Shirley
Sister,C,0,3,Shirley
Sister,I,0,3,Shirley
Sister,A,0,3,Shirley
Sister,DC,0,3,Shirley
Sister,DN,0,3,Shirley
St. Paul,N,0,3,Shirley
St. Paul,C,0,3,Shirley
St. Paul,I,0,3,Shirley
St. Paul,A,0,3,Shirley
St. Paul,DC,0,3,Shirley
St. Paul,DN,0,3,Shirley
Stilbro,N,0,3,Shirley
Stilbro,C,0,3,Shirley
Stilbro,I,0,3,Shirley
Stilbro,A,0,3,Shirley
Stilbro,DC,0,3,Shirley
Stilbro,DN,0,3,Shirley
Sudgen,N,0,3,Shirley
Sudgen,C,0,3,Shirley
Sudgen,I,0,3,Shirley
Sudgen,A,0,3,Shirley
Sudgen,DC,0,3,Shirley
Sudgen,DN,0,3,Shirley
Sugden,N,0,3,Shirley
Sugden,C,0,3,Shirley
Sugden,I,0,3,Shirley
Sugden,A,0,3,Shirley
Sugden,DC,0,3,Shirley
Sugden,DN,0,3,Shirley
Sweeting,N,0,3,Shirley
Sweeting,C,0,3,Shirley
Sweeting,I,0,3,Shirley
Sweeting,A,0,3,Shirley
Sweeting,DC,0,3,Shirley
Sweeting,DN,0,3,Shirley
Tartar,N,0,3,Shirley
Tartar,C,0,3,Shirley
Tartar,I,0,3,Shirley
Tartar,A,0,3,Shirley
Tartar,DC,0,3,Shirley
Tartar,DN,0,3,Shirley
The Cossack,N,0,3,Shirley
The Cossack,C,0,3,Shirley
The Cossack,I,0,3,Shirley
The Cossack,A,0,3,Shirley
The Cossack,DC,0,3,Shirley
The Cossack,DN,0,3,Shirley
These Oreads,N,0,3,Shirley
These Oreads,C,0,3,Shirley
These Oreads,I,0,3,Shirley
These Oreads,A,0,3,Shirley
These Oreads,DC,0,3,Shirley
These Oreads,DN,0,3,Shirley
Tom Cringle,N,0,3,Shirley
Tom Cringle,C,0,3,Shirley
Tom Cringle,I,0,3,Shirley
Tom Cringle,A,0,3,Shirley
Tom Cringle,DC,0,3,Shirley
Tom Cringle,DN,0,3,Shirley
Uncle,N,0,3,Shirley
Uncle,C,0,3,Shirley
Uncle,I,0,3,Shirley
Uncle,A,0,3,Shirley
Uncle,DC,0,3,Shirley
Uncle,DN,0,3,Shirley
VICTOR HUGO,N,0,3,Shirley
VICTOR HUGO,C,0,3,Shirley
VICTOR HUGO,I,0,3,Shirley
VICTOR HUGO,A,0,3,Shirley
VICTOR HUGO,DC,0,3,Shirley
VICTOR HUGO,DN,0,3,Shirley
Whinbury,N,0,3,Shirley
Whinbury,C,0,3,Shirley
Whinbury,I,0,3,Shirley
Whinbury,A,0,3,Shirley
Whinbury,DC,0,3,Shirley
Whinbury,DN,0,3,Shirley
William,N,0,3,Shirley
William,C,0,3,Shirley
William,I,0,3,Shirley
William,A,0,3,Shirley
William,DC,0,3,Shirley
William,DN,0,3,Shirley
mademoiselle,N,0,3,Shirley
mademoiselle,C,0,3,Shirley
mademoiselle,I,0,3,Shirley
mademoiselle,A,0,3,Shirley
mademoiselle,DC,0,3,Shirley
mademoiselle,DN,0,3,Shirley
old Lady Nunnely,N,0,3,Shirley
old Lady Nunnely,C,0,3,Shirley
old Lady Nunnely,I,0,3,Shirley
old Lady Nunnely,A,0,3,Shirley
old Lady Nunnely,DC,0,3,Shirley
old Lady Nunnely,DN,0,3,Shirley
old Queen Charlotte,N,0,3,Shirley
old Queen Charlotte,C,0,3,Shirley
old Queen Charlotte,I,0,3,Shirley
old Queen Charlotte,A,0,3,Shirley
old Queen Charlotte,DC,0,3,Shirley
old Queen Charlotte,DN,0,3,Shirley
the Misses Sykes,N,0,3,Shirley
the Misses Sykes,C,0,3,Shirley
the Misses Sykes,I,0,3,Shirley
the Misses Sykes,A,0,3,Shirley
the Misses Sykes,DC,0,3,Shirley
the Misses Sykes,DN,0,3,Shirley
the Misses Sympson,N,0,3,Shirley
the Misses Sympson,C,0,3,Shirley
the Misses Sympson,I,0,3,Shirley
the Misses Sympson,A,0,3,Shirley
the Misses Sympson,DC,0,3,Shirley
the Misses Sympson,DN,0,3,Shirley
the Moores,N,0,3,Shirley
the Moores,C,0,3,Shirley
the Moores,I,0,3,Shirley
the Moores,A,0,3,Shirley
the Moores,DC,0,3,Shirley
the Moores,DN,0,3,Shirley
the Sympsons,N,0,3,Shirley
the Sympsons,C,0,3,Shirley
the Sympsons,I,0,3,Shirley
the Sympsons,A,0,3,Shirley
the Sympsons,DC,0,3,Shirley
the Sympsons,DN,0,3,Shirley
Abraham,N,0,4,Shirley
Abraham,C,0,4,Shirley
Abraham,I,0,4,Shirley
Abraham,A,0,4,Shirley
Abraham,DC,0,4,Shirley
Abraham,DN,0,4,Shirley
Adam,N,0,4,Shirley
Adam,C,0,4,Shirley
Adam,I,0,4,Shirley
Adam,A,0,4,Shirley
Adam,DC,0,4,Shirley
Adam,DN,0,4,Shirley
Bob,N,0,4,Shirley
Bob,C,0,4,Shirley
Bob,I,0,4,Shirley
Bob,A,0,4,Shirley
Bob,DC,0,4,Shirley
Bob,DN,0,4,Shirley
Bonaparte,N,0,4,Shirley
Bonaparte,C,0,4,Shirley
Bonaparte,I,0,4,Shirley
Bonaparte,A,0,4,Shirley
Bonaparte,DC,0,4,Shirley
Bonaparte,DN,0,4,Shirley
Boultby,N,0,4,Shirley
Boultby,C,0,4,Shirley
Boultby,I,0,4,Shirley
Boultby,A,0,4,Shirley
Boultby,DC,0,4,Shirley
Boultby,DN,0,4,Shirley
Briarmains,N,0,4,Shirley
Briarmains,C,0,4,Shirley
Briarmains,I,0,4,Shirley
Briarmains,A,0,4,Shirley
Briarmains,DC,0,4,Shirley
Briarmains,DN,0,4,Shirley
CHARLES DICKENS,N,0,4,Shirley
CHARLES DICKENS,C,0,4,Shirley
CHARLES DICKENS,I,0,4,Shirley
CHARLES DICKENS,A,0,4,Shirley
CHARLES DICKENS,DC,0,4,Shirley
CHARLES DICKENS,DN,0,4,Shirley
Captain Keeldar,N,0,4,Shirley
Captain Keeldar,C,0,4,Shirley
Captain Keeldar,I,0,4,Shirley
Captain Keeldar,A,0,4,Shirley
Captain Keeldar,DC,0,4,Shirley
Captain Keeldar,DN,0,4,Shirley
Caroline,N,0,4,Shirley
Caroline,C,0,4,Shirley
Caroline,I,0,4,Shirley
Caroline,A,0,4,Shirley
Caroline,DC,0,4,Shirley
Caroline,DN,0,4,Shirley
"Caroline--""She",N,0,4,Shirley
"Caroline--""She",C,0,4,Shirley
"Caroline--""She",I,0,4,Shirley
"Caroline--""She",A,0,4,Shirley
"Caroline--""She",DC,0,4,Shirley
"Caroline--""She",DN,0,4,Shirley
Cary,N,0,4,Shirley
Cary,C,0,4,Shirley
Cary,I,0,4,Shirley
Cary,A,0,4,Shirley
Cary,DC,0,4,Shirley
Cary,DN,0,4,Shirley
Castlereagh,N,1,4,Shirley
Castlereagh,C,0,4,Shirley
Castlereagh,I,0,4,Shirley
Castlereagh,A,0,4,Shirley
Castlereagh,DC,0,4,Shirley
Castlereagh,DN,0,4,Shirley
Chénier,N,0,4,Shirley
Chénier,C,0,4,Shirley
Chénier,I,0,4,Shirley
Chénier,A,0,4,Shirley
Chénier,DC,0,4,Shirley
Chénier,DN,0,4,Shirley
Coriolanus,N,0,4,Shirley
Coriolanus,C,0,4,Shirley
Coriolanus,I,0,4,Shirley
Coriolanus,A,0,4,Shirley
Coriolanus,DC,0,4,Shirley
Coriolanus,DN,0,4,Shirley
Cowper,N,0,4,Shirley
Cowper,C,0,4,Shirley
Cowper,I,0,4,Shirley
Cowper,A,0,4,Shirley
Cowper,DC,0,4,Shirley
Cowper,DN,0,4,Shirley
Cyril Hall,N,0,4,Shirley
Cyril Hall,C,0,4,Shirley
Cyril Hall,I,0,4,Shirley
Cyril Hall,A,0,4,Shirley
Cyril Hall,DC,0,4,Shirley
Cyril Hall,DN,0,4,Shirley
Daniel,N,0,4,Shirley
Daniel,C,0,4,Shirley
Daniel,I,0,4,Shirley
Daniel,A,0,4,Shirley
Daniel,DC,0,4,Shirley
Daniel,DN,0,4,Shirley
Davy,N,0,4,Shirley
Davy,C,0,4,Shirley
Davy,I,0,4,Shirley
Davy,A,0,4,Shirley
Davy,DC,0,4,Shirley
Davy,DN,0,4,Shirley
Donne,N,0,4,Shirley
Donne,C,0,4,Shirley
Donne,I,0,4,Shirley
Donne,A,0,4,Shirley
Donne,DC,0,4,Shirley
Donne,DN,0,4,Shirley
Dora,N,0,4,Shirley
Dora,C,0,4,Shirley
Dora,I,0,4,Shirley
Dora,A,0,4,Shirley
Dora,DC,0,4,Shirley
Dora,DN,0,4,Shirley
Dr. Boultby,N,0,4,Shirley
Dr. Boultby,C,0,4,Shirley
Dr. Boultby,I,0,4,Shirley
Dr. Boultby,A,0,4,Shirley
Dr. Boultby,DC,0,4,Shirley
Dr. Boultby,DN,0,4,Shirley
Eliza,N,0,4,Shirley
Eliza,C,0,4,Shirley
Eliza,I,0,4,Shirley
Eliza,A,0,4,Shirley
Eliza,DC,0,4,Shirley
Eliza,DN,0,4,Shirley
Eva,N,0,4,Shirley
Eva,C,0,4,Shirley
Eva,I,0,4,Shirley
Eva,A,0,4,Shirley
Eva,DC,0,4,Shirley
Eva,DN,0,4,Shirley
Eve,N,0,4,Shirley
Eve,C,0,4,Shirley
Eve,I,0,4,Shirley
Eve,A,0,4,Shirley
Eve,DC,0,4,Shirley
Eve,DN,0,4,Shirley
Fanny,N,0,4,Shirley
Fanny,C,0,4,Shirley
Fanny,I,0,4,Shirley
Fanny,A,0,4,Shirley
Fanny,DC,0,4,Shirley
Fanny,DN,0,4,Shirley
Farrens,N,0,4,Shirley
Farrens,C,0,4,Shirley
Farrens,I,0,4,Shirley
Farrens,A,0,4,Shirley
Farrens,DC,0,4,Shirley
Farrens,DN,0,4,Shirley
Fieldhead,N,0,4,Shirley
Fieldhead,C,0,4,Shirley
Fieldhead,I,0,4,Shirley
Fieldhead,A,0,4,Shirley
Fieldhead,DC,0,4,Shirley
Fieldhead,DN,0,4,Shirley
Fortune,N,0,4,Shirley
Fortune,C,0,4,Shirley
Fortune,I,0,4,Shirley
Fortune,A,0,4,Shirley
Fortune,DC,0,4,Shirley
Fortune,DN,0,4,Shirley
God,N,1,4,Shirley
God,C,0,4,Shirley
God,I,0,4,Shirley
God,A,0,4,Shirley
God,DC,1,4,Shirley
God,DN,0,4,Shirley
Grace,N,0,4,Shirley
Grace,C,0,4,Shirley
Grace,I,0,4,Shirley
Grace,A,0,4,Shirley
Grace,DC,0,4,Shirley
Grace,DN,0,4,Shirley
Hannah,N,0,4,Shirley
Hannah,C,0,4,Shirley
Hannah,I,0,4,Shirley
Hannah,A,0,4,Shirley
Hannah,DC,0,4,Shirley
Hannah,DN,0,4,Shirley
Harriet,N,0,4,Shirley
Harriet,C,0,4,Shirley
Harriet,I,0,4,Shirley
Harriet,A,0,4,Shirley
Harriet,DC,0,4,Shirley
Harriet,DN,0,4,Shirley
Helstone,N,0,4,Shirley
Helstone,C,0,4,Shirley
Helstone,I,0,4,Shirley
Helstone,A,0,4,Shirley
Helstone,DC,0,4,Shirley
Helstone,DN,0,4,Shirley
Henry,N,0,4,Shirley
Henry,C,0,4,Shirley
Henry,I,0,4,Shirley
Henry,A,0,4,Shirley
Henry,DC,0,4,Shirley
Henry,DN,0,4,Shirley
Hiram Yorke,N,1,4,Shirley
Hiram Yorke,C,0,4,Shirley
Hiram Yorke,I,0,4,Shirley
Hiram Yorke,A,0,4,Shirley
Hiram Yorke,DC,0,4,Shirley
Hiram Yorke,DN,0,4,Shirley
Hollow,N,0,4,Shirley
Hollow,C,0,4,Shirley
Hollow,I,0,4,Shirley
Hollow,A,0,4,Shirley
Hollow,DC,0,4,Shirley
Hollow,DN,0,4,Shirley
Hortense,N,0,4,Shirley
Hortense,C,0,4,Shirley
Hortense,I,0,4,Shirley
Hortense,A,0,4,Shirley
Hortense,DC,0,4,Shirley
Hortense,DN,0,4,Shirley
Isabella,N,0,4,Shirley
Isabella,C,0,4,Shirley
Isabella,I,0,4,Shirley
Isabella,A,0,4,Shirley
Isabella,DC,0,4,Shirley
Isabella,DN,0,4,Shirley
James,N,2,4,Shirley
James,C,0,4,Shirley
James,I,0,4,Shirley
James,A,1,4,Shirley
James,DC,0,4,Shirley
James,DN,1,4,Shirley
Jessy,N,0,4,Shirley
Jessy,C,0,4,Shirley
Jessy,I,0,4,Shirley
Jessy,A,0,4,Shirley
Jessy,DC,0,4,Shirley
Jessy,DN,0,4,Shirley
Joe,N,0,4,Shirley
Joe,C,0,4,Shirley
Joe,I,0,4,Shirley
Joe,A,0,4,Shirley
Joe,DC,0,4,Shirley
Joe,DN,0,4,Shirley
John,N,0,4,Shirley
John,C,0,4,Shirley
John,I,0,4,Shirley
John,A,0,4,Shirley
John,DC,0,4,Shirley
John,DN,0,4,Shirley
John Wesley,N,0,4,Shirley
John Wesley,C,0,4,Shirley
John Wesley,I,0,4,Shirley
John Wesley,A,0,4,Shirley
John Wesley,DC,0,4,Shirley
John Wesley,DN,0,4,Shirley
Lamb,N,0,4,Shirley
Lamb,C,0,4,Shirley
Lamb,I,0,4,Shirley
Lamb,A,0,4,Shirley
Lamb,DC,0,4,Shirley
Lamb,DN,0,4,Shirley
Lina,N,0,4,Shirley
Lina,C,0,4,Shirley
Lina,I,0,4,Shirley
Lina,A,0,4,Shirley
Lina,DC,0,4,Shirley
Lina,DN,0,4,Shirley
Lord Wellington,N,0,4,Shirley
Lord Wellington,C,0,4,Shirley
Lord Wellington,I,0,4,Shirley
Lord Wellington,A,0,4,Shirley
Lord Wellington,DC,0,4,Shirley
Lord Wellington,DN,0,4,Shirley
Louis,N,0,4,Shirley
Louis,C,0,4,Shirley
Louis,I,0,4,Shirley
Louis,A,0,4,Shirley
Louis,DC,0,4,Shirley
Louis,DN,0,4,Shirley
Lucretia,N,0,4,Shirley
Lucretia,C,0,4,Shirley
Lucretia,I,0,4,Shirley
Lucretia,A,0,4,Shirley
Lucretia,DC,0,4,Shirley
Lucretia,DN,0,4,Shirley
MATTERS,N,0,4,Shirley
MATTERS,C,0,4,Shirley
MATTERS,I,0,4,Shirley
MATTERS,A,0,4,Shirley
MATTERS,DC,0,4,Shirley
MATTERS,DN,0,4,Shirley
MacTurk,N,0,4,Shirley
MacTurk,C,0,4,Shirley
MacTurk,I,0,4,Shirley
MacTurk,A,0,4,Shirley
MacTurk,DC,0,4,Shirley
MacTurk,DN,0,4,Shirley
Malone,N,0,4,Shirley
Malone,C,0,4,Shirley
Malone,I,0,4,Shirley
Malone,A,0,4,Shirley
Malone,DC,0,4,Shirley
Malone,DN,0,4,Shirley
Malone.--I,N,0,4,Shirley
Malone.--I,C,0,4,Shirley
Malone.--I,I,0,4,Shirley
Malone.--I,A,0,4,Shirley
Malone.--I,DC,0,4,Shirley
Malone.--I,DN,0,4,Shirley
Mamma,N,0,4,Shirley
Mamma,C,0,4,Shirley
Mamma,I,0,4,Shirley
Mamma,A,0,4,Shirley
Mamma,DC,0,4,Shirley
Mamma,DN,0,4,Shirley
Margaret,N,0,4,Shirley
Margaret,C,0,4,Shirley
Margaret,I,0,4,Shirley
Margaret,A,0,4,Shirley
Margaret,DC,0,4,Shirley
Margaret,DN,0,4,Shirley
Mark,N,0,4,Shirley
Mark,C,0,4,Shirley
Mark,I,0,4,Shirley
Mark,A,0,4,Shirley
Mark,DC,0,4,Shirley
Mark,DN,0,4,Shirley
Martin,N,0,4,Shirley
Martin,C,0,4,Shirley
Martin,I,0,4,Shirley
Martin,A,0,4,Shirley
Martin,DC,0,4,Shirley
Martin,DN,0,4,Shirley
Mary,N,4,4,Shirley
Mary,C,0,4,Shirley
Mary,I,0,4,Shirley
Mary,A,0,4,Shirley
Mary,DC,0,4,Shirley
Mary,DN,1,4,Shirley
Mary Ann Ainley,N,0,4,Shirley
Mary Ann Ainley,C,0,4,Shirley
Mary Ann Ainley,I,0,4,Shirley
Mary Ann Ainley,A,0,4,Shirley
Mary Ann Ainley,DC,0,4,Shirley
Mary Ann Ainley,DN,0,4,Shirley
Matthew,N,0,4,Shirley
Matthew,C,0,4,Shirley
Matthew,I,0,4,Shirley
Matthew,A,0,4,Shirley
Matthew,DC,0,4,Shirley
Matthew,DN,0,4,Shirley
Matthewson Helstone,N,0,4,Shirley
Matthewson Helstone,C,0,4,Shirley
Matthewson Helstone,I,0,4,Shirley
Matthewson Helstone,A,0,4,Shirley
Matthewson Helstone,DC,0,4,Shirley
Matthewson Helstone,DN,0,4,Shirley
Mike,N,0,4,Shirley
Mike,C,0,4,Shirley
Mike,I,0,4,Shirley
Mike,A,0,4,Shirley
Mike,DC,0,4,Shirley
Mike,DN,0,4,Shirley
Miss Ainley,N,0,4,Shirley
Miss Ainley,C,0,4,Shirley
Miss Ainley,I,0,4,Shirley
Miss Ainley,A,0,4,Shirley
Miss Ainley,DC,0,4,Shirley
Miss Ainley,DN,0,4,Shirley
Miss Austen,N,0,4,Shirley
Miss Austen,C,0,4,Shirley
Miss Austen,I,0,4,Shirley
Miss Austen,A,0,4,Shirley
Miss Austen,DC,0,4,Shirley
Miss Austen,DN,0,4,Shirley
Miss Cave,N,1,4,Shirley
Miss Cave,C,0,4,Shirley
Miss Cave,I,0,4,Shirley
Miss Cave,A,1,4,Shirley
Miss Cave,DC,0,4,Shirley
Miss Cave,DN,0,4,Shirley
Miss Grey,N,0,4,Shirley
Miss Grey,C,0,4,Shirley
Miss Grey,I,0,4,Shirley
Miss Grey,A,0,4,Shirley
Miss Grey,DC,0,4,Shirley
Miss Grey,DN,0,4,Shirley
Miss Hardman,N,0,4,Shirley
Miss Hardman,C,0,4,Shirley
Miss Hardman,I,0,4,Shirley
Miss Hardman,A,0,4,Shirley
Miss Hardman,DC,0,4,Shirley
Miss Hardman,DN,0,4,Shirley
Miss Mann,N,0,4,Shirley
Miss Mann,C,0,4,Shirley
Miss Mann,I,0,4,Shirley
Miss Mann,A,0,4,Shirley
Miss Mann,DC,0,4,Shirley
Miss Mann,DN,0,4,Shirley
Miss Mary,N,0,4,Shirley
Miss Mary,C,0,4,Shirley
Miss Mary,I,0,4,Shirley
Miss Mary,A,0,4,Shirley
Miss Mary,DC,0,4,Shirley
Miss Mary,DN,0,4,Shirley
Miss Moore,N,0,4,Shirley
Miss Moore,C,0,4,Shirley
Miss Moore,I,0,4,Shirley
Miss Moore,A,0,4,Shirley
Miss Moore,DC,0,4,Shirley
Miss Moore,DN,0,4,Shirley
Miss Pearson,N,0,4,Shirley
Miss Pearson,C,0,4,Shirley
Miss Pearson,I,0,4,Shirley
Miss Pearson,A,0,4,Shirley
Miss Pearson,DC,0,4,Shirley
Miss Pearson,DN,0,4,Shirley
Moore,N,0,4,Shirley
Moore,C,0,4,Shirley
Moore,I,0,4,Shirley
Moore,A,0,4,Shirley
Moore,DC,0,4,Shirley
Moore,DN,0,4,Shirley
Moses,N,0,4,Shirley
Moses,C,0,4,Shirley
Moses,I,0,4,Shirley
Moses,A,0,4,Shirley
Moses,DC,0,4,Shirley
Moses,DN,0,4,Shirley
Mother,N,0,4,Shirley
Mother,C,0,4,Shirley
Mother,I,0,4,Shirley
Mother,A,0,4,Shirley
Mother,DC,0,4,Shirley
Mother,DN,0,4,Shirley
Mr. Barraclough,N,0,4,Shirley
Mr. Barraclough,C,0,4,Shirley
Mr. Barraclough,I,0,4,Shirley
Mr. Barraclough,A,0,4,Shirley
Mr. Barraclough,DC,0,4,Shirley
Mr. Barraclough,DN,0,4,Shirley
Mr. Gale,N,0,4,Shirley
Mr. Gale,C,0,4,Shirley
Mr. Gale,I,0,4,Shirley
Mr. Gale,A,0,4,Shirley
Mr. Gale,DC,0,4,Shirley
Mr. Gale,DN,0,4,Shirley
Mr. Hall,N,0,4,Shirley
Mr. Hall,C,0,4,Shirley
Mr. Hall,I,0,4,Shirley
Mr. Hall,A,0,4,Shirley
Mr. Hall,DC,0,4,Shirley
Mr. Hall,DN,0,4,Shirley
Mr. Helstone,N,11,4,Shirley
Mr. Helstone,C,11,4,Shirley
Mr. Helstone,I,16,4,Shirley
Mr. Helstone,A,11,4,Shirley
Mr. Helstone,DC,2,4,Shirley
Mr. Helstone,DN,3,4,Shirley
Mr. Moore,N,9,4,Shirley
Mr. Moore,C,2,4,Shirley
Mr. Moore,I,3,4,Shirley
Mr. Moore,A,4,4,Shirley
Mr. Moore,DC,2,4,Shirley
Mr. Moore,DN,0,4,Shirley
Mr. Moore----,N,0,4,Shirley
Mr. Moore----,C,0,4,Shirley
Mr. Moore----,I,0,4,Shirley
Mr. Moore----,A,0,4,Shirley
Mr. Moore----,DC,0,4,Shirley
Mr. Moore----,DN,0,4,Shirley
Mr. Ramsden,N,0,4,Shirley
Mr. Ramsden,C,0,4,Shirley
Mr. Ramsden,I,0,4,Shirley
Mr. Ramsden,A,0,4,Shirley
Mr. Ramsden,DC,0,4,Shirley
Mr. Ramsden,DN,0,4,Shirley
Mr. Sykes,N,0,4,Shirley
Mr. Sykes,C,0,4,Shirley
Mr. Sykes,I,0,4,Shirley
Mr. Sykes,A,0,4,Shirley
Mr. Sykes,DC,0,4,Shirley
Mr. Sykes,DN,0,4,Shirley
Mr. Sympson,N,0,4,Shirley
Mr. Sympson,C,0,4,Shirley
Mr. Sympson,I,0,4,Shirley
Mr. Sympson,A,0,4,Shirley
Mr. Sympson,DC,0,4,Shirley
Mr. Sympson,DN,0,4,Shirley
Mr. Wynne,N,0,4,Shirley
Mr. Wynne,C,0,4,Shirley
Mr. Wynne,I,0,4,Shirley
Mr. Wynne,A,0,4,Shirley
Mr. Wynne,DC,0,4,Shirley
Mr. Wynne,DN,0,4,Shirley
Mr. Yorke,N,27,4,Shirley
Mr. Yorke,C,10,4,Shirley
Mr. Yorke,I,43,4,Shirley
Mr. Yorke,A,36,4,Shirley
Mr. Yorke,DC,3,4,Shirley
Mr. Yorke,DN,17,4,Shirley
Mrs. Gale,N,0,4,Shirley
Mrs. Gale,C,0,4,Shirley
Mrs. Gale,I,0,4,Shirley
Mrs. Gale,A,0,4,Shirley
Mrs. Gale,DC,0,4,Shirley
Mrs. Gale,DN,0,4,Shirley
Mrs. Gill,N,0,4,Shirley
Mrs. Gill,C,0,4,Shirley
Mrs. Gill,I,0,4,Shirley
Mrs. Gill,A,0,4,Shirley
Mrs. Gill,DC,0,4,Shirley
Mrs. Gill,DN,0,4,Shirley
Mrs. Hardman,N,0,4,Shirley
Mrs. Hardman,C,0,4,Shirley
Mrs. Hardman,I,0,4,Shirley
Mrs. Hardman,A,0,4,Shirley
Mrs. Hardman,DC,0,4,Shirley
Mrs. Hardman,DN,0,4,Shirley
Mrs. Horsfall,N,0,4,Shirley
Mrs. Horsfall,C,0,4,Shirley
Mrs. Horsfall,I,0,4,Shirley
Mrs. Horsfall,A,0,4,Shirley
Mrs. Horsfall,DC,0,4,Shirley
Mrs. Horsfall,DN,0,4,Shirley
Mrs. Louis,N,0,4,Shirley
Mrs. Louis,C,0,4,Shirley
Mrs. Louis,I,0,4,Shirley
Mrs. Louis,A,0,4,Shirley
Mrs. Louis,DC,0,4,Shirley
Mrs. Louis,DN,0,4,Shirley
Mrs. Pryor,N,0,4,Shirley
Mrs. Pryor,C,0,4,Shirley
Mrs. Pryor,I,0,4,Shirley
Mrs. Pryor,A,0,4,Shirley
Mrs. Pryor,DC,0,4,Shirley
Mrs. Pryor,DN,0,4,Shirley
Mrs. Sykes,N,0,4,Shirley
Mrs. Sykes,C,0,4,Shirley
Mrs. Sykes,I,0,4,Shirley
Mrs. Sykes,A,0,4,Shirley
Mrs. Sykes,DC,0,4,Shirley
Mrs. Sykes,DN,0,4,Shirley
Mrs. Yorke,N,0,4,Shirley
Mrs. Yorke,C,0,4,Shirley
Mrs. Yorke,I,0,4,Shirley
Mrs. Yorke,A,0,4,Shirley
Mrs. Yorke,DC,0,4,Shirley
Mrs. Yorke,DN,0,4,Shirley
Murgatroyd,N,0,4,Shirley
Murgatroyd,C,0,4,Shirley
Murgatroyd,I,0,4,Shirley
Murgatroyd,A,0,4,Shirley
Murgatroyd,DC,0,4,Shirley
Murgatroyd,DN,0,4,Shirley
Napoleon,N,0,4,Shirley
Napoleon,C,0,4,Shirley
Napoleon,I,0,4,Shirley
Napoleon,A,0,4,Shirley
Napoleon,DC,0,4,Shirley
Napoleon,DN,0,4,Shirley
Nature,N,1,4,Shirley
Nature,C,0,4,Shirley
Nature,I,1,4,Shirley
Nature,A,0,4,Shirley
Nature,DC,0,4,Shirley
Nature,DN,0,4,Shirley
Pearson,N,0,4,Shirley
Pearson,C,0,4,Shirley
Pearson,I,0,4,Shirley
Pearson,A,0,4,Shirley
Pearson,DC,0,4,Shirley
Pearson,DN,0,4,Shirley
Peg Woffington.= CHARLES READE,N,0,4,Shirley
Peg Woffington.= CHARLES READE,C,0,4,Shirley
Peg Woffington.= CHARLES READE,I,0,4,Shirley
Peg Woffington.= CHARLES READE,A,0,4,Shirley
Peg Woffington.= CHARLES READE,DC,0,4,Shirley
Peg Woffington.= CHARLES READE,DN,0,4,Shirley
Peter,N,0,4,Shirley
Peter,C,0,4,Shirley
Peter,I,0,4,Shirley
Peter,A,0,4,Shirley
Peter,DC,0,4,Shirley
Peter,DN,0,4,Shirley
Phœbe,N,0,4,Shirley
Phœbe,C,0,4,Shirley
Phœbe,I,0,4,Shirley
Phœbe,A,0,4,Shirley
Phœbe,DC,0,4,Shirley
Phœbe,DN,0,4,Shirley
Providence,N,0,4,Shirley
Providence,C,0,4,Shirley
Providence,I,0,4,Shirley
Providence,A,0,4,Shirley
Providence,DC,0,4,Shirley
Providence,DN,0,4,Shirley
Robert,N,3,4,Shirley
Robert,C,0,4,Shirley
Robert,I,0,4,Shirley
Robert,A,2,4,Shirley
Robert,DC,0,4,Shirley
Robert,DN,0,4,Shirley
Rose,N,0,4,Shirley
Rose,C,0,4,Shirley
Rose,I,0,4,Shirley
Rose,A,0,4,Shirley
Rose,DC,0,4,Shirley
Rose,DN,0,4,Shirley
Sarah,N,0,4,Shirley
Sarah,C,0,4,Shirley
Sarah,I,0,4,Shirley
Sarah,A,0,4,Shirley
Sarah,DC,0,4,Shirley
Sarah,DN,0,4,Shirley
Saturnia,N,0,4,Shirley
Saturnia,C,0,4,Shirley
Saturnia,I,0,4,Shirley
Saturnia,A,0,4,Shirley
Saturnia,DC,0,4,Shirley
Saturnia,DN,0,4,Shirley
Shakespeare,N,0,4,Shirley
Shakespeare,C,0,4,Shirley
Shakespeare,I,0,4,Shirley
Shakespeare,A,0,4,Shirley
Shakespeare,DC,0,4,Shirley
Shakespeare,DN,0,4,Shirley
Shirley,N,0,4,Shirley
Shirley,C,0,4,Shirley
Shirley,I,0,4,Shirley
Shirley,A,0,4,Shirley
Shirley,DC,0,4,Shirley
Shirley,DN,0,4,Shirley
Sir Philip,N,0,4,Shirley
Sir Philip,C,0,4,Shirley
Sir Philip,I,0,4,Shirley
Sir Philip,A,0,4,Shirley
Sir Philip,DC,0,4,Shirley
Sir Philip,DN,0,4,Shirley
Sir Walter Scott,N,0,4,Shirley
Sir Walter Scott,C,0,4,Shirley
Sir Walter Scott,I,0,4,Shirley
Sir Walter Scott,A,0,4,Shirley
Sir Walter Scott,DC,0,4,Shirley
Sir Walter Scott,DN,0,4,Shirley
Sister,N,0,4,Shirley
Sister,C,0,4,Shirley
Sister,I,0,4,Shirley
Sister,A,0,4,Shirley
Sister,DC,0,4,Shirley
Sister,DN,0,4,Shirley
St. Paul,N,0,4,Shirley
St. Paul,C,0,4,Shirley
St. Paul,I,0,4,Shirley
St. Paul,A,0,4,Shirley
St. Paul,DC,0,4,Shirley
St. Paul,DN,0,4,Shirley
Stilbro,N,0,4,Shirley
Stilbro,C,0,4,Shirley
Stilbro,I,0,4,Shirley
Stilbro,A,0,4,Shirley
Stilbro,DC,0,4,Shirley
Stilbro,DN,0,4,Shirley
Sudgen,N,0,4,Shirley
Sudgen,C,0,4,Shirley
Sudgen,I,0,4,Shirley
Sudgen,A,0,4,Shirley
Sudgen,DC,0,4,Shirley
Sudgen,DN,0,4,Shirley
Sugden,N,0,4,Shirley
Sugden,C,0,4,Shirley
Sugden,I,0,4,Shirley
Sugden,A,0,4,Shirley
Sugden,DC,0,4,Shirley
Sugden,DN,0,4,Shirley
Sweeting,N,0,4,Shirley
Sweeting,C,0,4,Shirley
Sweeting,I,0,4,Shirley
Sweeting,A,0,4,Shirley
Sweeting,DC,0,4,Shirley
Sweeting,DN,0,4,Shirley
Tartar,N,0,4,Shirley
Tartar,C,0,4,Shirley
Tartar,I,0,4,Shirley
Tartar,A,0,4,Shirley
Tartar,DC,0,4,Shirley
Tartar,DN,0,4,Shirley
The Cossack,N,0,4,Shirley
The Cossack,C,0,4,Shirley
The Cossack,I,0,4,Shirley
The Cossack,A,0,4,Shirley
The Cossack,DC,0,4,Shirley
The Cossack,DN,0,4,Shirley
These Oreads,N,0,4,Shirley
These Oreads,C,0,4,Shirley
These Oreads,I,0,4,Shirley
These Oreads,A,0,4,Shirley
These Oreads,DC,0,4,Shirley
These Oreads,DN,0,4,Shirley
Tom Cringle,N,0,4,Shirley
Tom Cringle,C,0,4,Shirley
Tom Cringle,I,0,4,Shirley
Tom Cringle,A,0,4,Shirley
Tom Cringle,DC,0,4,Shirley
Tom Cringle,DN,0,4,Shirley
Uncle,N,0,4,Shirley
Uncle,C,0,4,Shirley
Uncle,I,0,4,Shirley
Uncle,A,0,4,Shirley
Uncle,DC,0,4,Shirley
Uncle,DN,0,4,Shirley
VICTOR HUGO,N,0,4,Shirley
VICTOR HUGO,C,0,4,Shirley
VICTOR HUGO,I,0,4,Shirley
VICTOR HUGO,A,0,4,Shirley
VICTOR HUGO,DC,0,4,Shirley
VICTOR HUGO,DN,0,4,Shirley
Whinbury,N,0,4,Shirley
Whinbury,C,0,4,Shirley
Whinbury,I,0,4,Shirley
Whinbury,A,0,4,Shirley
Whinbury,DC,0,4,Shirley
Whinbury,DN,0,4,Shirley
William,N,0,4,Shirley
William,C,0,4,Shirley
William,I,0,4,Shirley
William,A,0,4,Shirley
William,DC,0,4,Shirley
William,DN,0,4,Shirley
mademoiselle,N,0,4,Shirley
mademoiselle,C,0,4,Shirley
mademoiselle,I,0,4,Shirley
mademoiselle,A,0,4,Shirley
mademoiselle,DC,0,4,Shirley
mademoiselle,DN,0,4,Shirley
old Lady Nunnely,N,0,4,Shirley
old Lady Nunnely,C,0,4,Shirley
old Lady Nunnely,I,0,4,Shirley
old Lady Nunnely,A,0,4,Shirley
old Lady Nunnely,DC,0,4,Shirley
old Lady Nunnely,DN,0,4,Shirley
old Queen Charlotte,N,0,4,Shirley
old Queen Charlotte,C,0,4,Shirley
old Queen Charlotte,I,0,4,Shirley
old Queen Charlotte,A,0,4,Shirley
old Queen Charlotte,DC,0,4,Shirley
old Queen Charlotte,DN,0,4,Shirley
the Misses Sykes,N,0,4,Shirley
the Misses Sykes,C,0,4,Shirley
the Misses Sykes,I,0,4,Shirley
the Misses Sykes,A,0,4,Shirley
the Misses Sykes,DC,0,4,Shirley
the Misses Sykes,DN,0,4,Shirley
the Misses Sympson,N,0,4,Shirley
the Misses Sympson,C,0,4,Shirley
the Misses Sympson,I,0,4,Shirley
the Misses Sympson,A,0,4,Shirley
the Misses Sympson,DC,0,4,Shirley
the Misses Sympson,DN,0,4,Shirley
the Moores,N,0,4,Shirley
the Moores,C,0,4,Shirley
the Moores,I,0,4,Shirley
the Moores,A,0,4,Shirley
the Moores,DC,0,4,Shirley
the Moores,DN,0,4,Shirley
the Sympsons,N,0,4,Shirley
the Sympsons,C,0,4,Shirley
the Sympsons,I,0,4,Shirley
the Sympsons,A,0,4,Shirley
the Sympsons,DC,0,4,Shirley
the Sympsons,DN,0,4,Shirley
Abraham,N,0,5,Shirley
Abraham,C,0,5,Shirley
Abraham,I,0,5,Shirley
Abraham,A,0,5,Shirley
Abraham,DC,0,5,Shirley
Abraham,DN,0,5,Shirley
Adam,N,0,5,Shirley
Adam,C,0,5,Shirley
Adam,I,0,5,Shirley
Adam,A,0,5,Shirley
Adam,DC,0,5,Shirley
Adam,DN,0,5,Shirley
Bob,N,0,5,Shirley
Bob,C,0,5,Shirley
Bob,I,0,5,Shirley
Bob,A,0,5,Shirley
Bob,DC,0,5,Shirley
Bob,DN,0,5,Shirley
Bonaparte,N,0,5,Shirley
Bonaparte,C,0,5,Shirley
Bonaparte,I,0,5,Shirley
Bonaparte,A,0,5,Shirley
Bonaparte,DC,0,5,Shirley
Bonaparte,DN,0,5,Shirley
Boultby,N,0,5,Shirley
Boultby,C,0,5,Shirley
Boultby,I,0,5,Shirley
Boultby,A,0,5,Shirley
Boultby,DC,0,5,Shirley
Boultby,DN,0,5,Shirley
Briarmains,N,0,5,Shirley
Briarmains,C,0,5,Shirley
Briarmains,I,0,5,Shirley
Briarmains,A,0,5,Shirley
Briarmains,DC,0,5,Shirley
Briarmains,DN,0,5,Shirley
CHARLES DICKENS,N,0,5,Shirley
CHARLES DICKENS,C,0,5,Shirley
CHARLES DICKENS,I,0,5,Shirley
CHARLES DICKENS,A,0,5,Shirley
CHARLES DICKENS,DC,0,5,Shirley
CHARLES DICKENS,DN,0,5,Shirley
Captain Keeldar,N,0,5,Shirley
Captain Keeldar,C,0,5,Shirley
Captain Keeldar,I,0,5,Shirley
Captain Keeldar,A,0,5,Shirley
Captain Keeldar,DC,0,5,Shirley
Captain Keeldar,DN,0,5,Shirley
Caroline,N,18,5,Shirley
Caroline,C,4,5,Shirley
Caroline,I,8,5,Shirley
Caroline,A,26,5,Shirley
Caroline,DC,58,5,Shirley
Caroline,DN,0,5,Shirley
"Caroline--""She",N,0,5,Shirley
"Caroline--""She",C,0,5,Shirley
"Caroline--""She",I,0,5,Shirley
"Caroline--""She",A,0,5,Shirley
"Caroline--""She",DC,0,5,Shirley
"Caroline--""She",DN,0,5,Shirley
Cary,N,0,5,Shirley
Cary,C,0,5,Shirley
Cary,I,0,5,Shirley
Cary,A,0,5,Shirley
Cary,DC,0,5,Shirley
Cary,DN,0,5,Shirley
Castlereagh,N,0,5,Shirley
Castlereagh,C,0,5,Shirley
Castlereagh,I,0,5,Shirley
Castlereagh,A,0,5,Shirley
Castlereagh,DC,0,5,Shirley
Castlereagh,DN,0,5,Shirley
Chénier,N,0,5,Shirley
Chénier,C,0,5,Shirley
Chénier,I,0,5,Shirley
Chénier,A,0,5,Shirley
Chénier,DC,0,5,Shirley
Chénier,DN,0,5,Shirley
Coriolanus,N,0,5,Shirley
Coriolanus,C,0,5,Shirley
Coriolanus,I,0,5,Shirley
Coriolanus,A,0,5,Shirley
Coriolanus,DC,0,5,Shirley
Coriolanus,DN,0,5,Shirley
Cowper,N,0,5,Shirley
Cowper,C,0,5,Shirley
Cowper,I,0,5,Shirley
Cowper,A,0,5,Shirley
Cowper,DC,0,5,Shirley
Cowper,DN,0,5,Shirley
Cyril Hall,N,0,5,Shirley
Cyril Hall,C,0,5,Shirley
Cyril Hall,I,0,5,Shirley
Cyril Hall,A,0,5,Shirley
Cyril Hall,DC,0,5,Shirley
Cyril Hall,DN,0,5,Shirley
Daniel,N,0,5,Shirley
Daniel,C,0,5,Shirley
Daniel,I,0,5,Shirley
Daniel,A,0,5,Shirley
Daniel,DC,0,5,Shirley
Daniel,DN,0,5,Shirley
Davy,N,0,5,Shirley
Davy,C,0,5,Shirley
Davy,I,0,5,Shirley
Davy,A,0,5,Shirley
Davy,DC,0,5,Shirley
Davy,DN,0,5,Shirley
Donne,N,0,5,Shirley
Donne,C,0,5,Shirley
Donne,I,0,5,Shirley
Donne,A,0,5,Shirley
Donne,DC,0,5,Shirley
Donne,DN,0,5,Shirley
Dora,N,0,5,Shirley
Dora,C,0,5,Shirley
Dora,I,0,5,Shirley
Dora,A,0,5,Shirley
Dora,DC,0,5,Shirley
Dora,DN,0,5,Shirley
Dr. Boultby,N,0,5,Shirley
Dr. Boultby,C,0,5,Shirley
Dr. Boultby,I,0,5,Shirley
Dr. Boultby,A,0,5,Shirley
Dr. Boultby,DC,0,5,Shirley
Dr. Boultby,DN,0,5,Shirley
Eliza,N,0,5,Shirley
Eliza,C,0,5,Shirley
Eliza,I,0,5,Shirley
Eliza,A,0,5,Shirley
Eliza,DC,0,5,Shirley
Eliza,DN,0,5,Shirley
Eva,N,0,5,Shirley
Eva,C,0,5,Shirley
Eva,I,0,5,Shirley
Eva,A,0,5,Shirley
Eva,DC,0,5,Shirley
Eva,DN,0,5,Shirley
Eve,N,0,5,Shirley
Eve,C,0,5,Shirley
Eve,I,0,5,Shirley
Eve,A,0,5,Shirley
Eve,DC,0,5,Shirley
Eve,DN,0,5,Shirley
Fanny,N,0,5,Shirley
Fanny,C,0,5,Shirley
Fanny,I,0,5,Shirley
Fanny,A,0,5,Shirley
Fanny,DC,0,5,Shirley
Fanny,DN,0,5,Shirley
Farrens,N,0,5,Shirley
Farrens,C,0,5,Shirley
Farrens,I,0,5,Shirley
Farrens,A,0,5,Shirley
Farrens,DC,0,5,Shirley
Farrens,DN,0,5,Shirley
Fieldhead,N,0,5,Shirley
Fieldhead,C,0,5,Shirley
Fieldhead,I,0,5,Shirley
Fieldhead,A,0,5,Shirley
Fieldhead,DC,0,5,Shirley
Fieldhead,DN,0,5,Shirley
Fortune,N,0,5,Shirley
Fortune,C,0,5,Shirley
Fortune,I,0,5,Shirley
Fortune,A,0,5,Shirley
Fortune,DC,0,5,Shirley
Fortune,DN,0,5,Shirley
God,N,0,5,Shirley
God,C,0,5,Shirley
God,I,0,5,Shirley
God,A,0,5,Shirley
God,DC,0,5,Shirley
God,DN,0,5,Shirley
Grace,N,0,5,Shirley
Grace,C,0,5,Shirley
Grace,I,0,5,Shirley
Grace,A,0,5,Shirley
Grace,DC,0,5,Shirley
Grace,DN,0,5,Shirley
Hannah,N,0,5,Shirley
Hannah,C,0,5,Shirley
Hannah,I,0,5,Shirley
Hannah,A,0,5,Shirley
Hannah,DC,0,5,Shirley
Hannah,DN,0,5,Shirley
Harriet,N,0,5,Shirley
Harriet,C,0,5,Shirley
Harriet,I,0,5,Shirley
Harriet,A,0,5,Shirley
Harriet,DC,0,5,Shirley
Harriet,DN,0,5,Shirley
Helstone,N,0,5,Shirley
Helstone,C,0,5,Shirley
Helstone,I,0,5,Shirley
Helstone,A,0,5,Shirley
Helstone,DC,0,5,Shirley
Helstone,DN,0,5,Shirley
Henry,N,0,5,Shirley
Henry,C,0,5,Shirley
Henry,I,0,5,Shirley
Henry,A,0,5,Shirley
Henry,DC,0,5,Shirley
Henry,DN,0,5,Shirley
Hiram Yorke,N,0,5,Shirley
Hiram Yorke,C,0,5,Shirley
Hiram Yorke,I,0,5,Shirley
Hiram Yorke,A,0,5,Shirley
Hiram Yorke,DC,0,5,Shirley
Hiram Yorke,DN,0,5,Shirley
Hollow,N,0,5,Shirley
Hollow,C,0,5,Shirley
Hollow,I,0,5,Shirley
Hollow,A,0,5,Shirley
Hollow,DC,0,5,Shirley
Hollow,DN,0,5,Shirley
Hortense,N,13,5,Shirley
Hortense,C,2,5,Shirley
Hortense,I,3,5,Shirley
Hortense,A,3,5,Shirley
Hortense,DC,5,5,Shirley
Hortense,DN,2,5,Shirley
Isabella,N,0,5,Shirley
Isabella,C,0,5,Shirley
Isabella,I,0,5,Shirley
Isabella,A,0,5,Shirley
Isabella,DC,0,5,Shirley
Isabella,DN,0,5,Shirley
James,N,0,5,Shirley
James,C,0,5,Shirley
James,I,0,5,Shirley
James,A,0,5,Shirley
James,DC,0,5,Shirley
James,DN,0,5,Shirley
Jessy,N,0,5,Shirley
Jessy,C,0,5,Shirley
Jessy,I,0,5,Shirley
Jessy,A,0,5,Shirley
Jessy,DC,0,5,Shirley
Jessy,DN,0,5,Shirley
Joe,N,15,5,Shirley
Joe,C,3,5,Shirley
Joe,I,11,5,Shirley
Joe,A,8,5,Shirley
Joe,DC,1,5,Shirley
Joe,DN,7,5,Shirley
John,N,0,5,Shirley
John,C,0,5,Shirley
John,I,0,5,Shirley
John,A,0,5,Shirley
John,DC,0,5,Shirley
John,DN,0,5,Shirley
John Wesley,N,0,5,Shirley
John Wesley,C,0,5,Shirley
John Wesley,I,0,5,Shirley
John Wesley,A,0,5,Shirley
John Wesley,DC,0,5,Shirley
John Wesley,DN,0,5,Shirley
Lamb,N,0,5,Shirley
Lamb,C,0,5,Shirley
Lamb,I,0,5,Shirley
Lamb,A,0,5,Shirley
Lamb,DC,0,5,Shirley
Lamb,DN,0,5,Shirley
Lina,N,1,5,Shirley
Lina,C,0,5,Shirley
Lina,I,0,5,Shirley
Lina,A,0,5,Shirley
Lina,DC,1,5,Shirley
Lina,DN,0,5,Shirley
Lord Wellington,N,0,5,Shirley
Lord Wellington,C,0,5,Shirley
Lord Wellington,I,0,5,Shirley
Lord Wellington,A,0,5,Shirley
Lord Wellington,DC,0,5,Shirley
Lord Wellington,DN,0,5,Shirley
Louis,N,0,5,Shirley
Louis,C,0,5,Shirley
Louis,I,0,5,Shirley
Louis,A,0,5,Shirley
Louis,DC,0,5,Shirley
Louis,DN,0,5,Shirley
Lucretia,N,0,5,Shirley
Lucretia,C,0,5,Shirley
Lucretia,I,0,5,Shirley
Lucretia,A,0,5,Shirley
Lucretia,DC,0,5,Shirley
Lucretia,DN,0,5,Shirley
MATTERS,N,0,5,Shirley
MATTERS,C,0,5,Shirley
MATTERS,I,0,5,Shirley
MATTERS,A,0,5,Shirley
MATTERS,DC,0,5,Shirley
MATTERS,DN,0,5,Shirley
MacTurk,N,0,5,Shirley
MacTurk,C,0,5,Shirley
MacTurk,I,0,5,Shirley
MacTurk,A,0,5,Shirley
MacTurk,DC,0,5,Shirley
MacTurk,DN,0,5,Shirley
Malone,N,0,5,Shirley
Malone,C,0,5,Shirley
Malone,I,0,5,Shirley
Malone,A,0,5,Shirley
Malone,DC,0,5,Shirley
Malone,DN,0,5,Shirley
Malone.--I,N,0,5,Shirley
Malone.--I,C,0,5,Shirley
Malone.--I,I,0,5,Shirley
Malone.--I,A,0,5,Shirley
Malone.--I,DC,0,5,Shirley
Malone.--I,DN,0,5,Shirley
Mamma,N,0,5,Shirley
Mamma,C,0,5,Shirley
Mamma,I,0,5,Shirley
Mamma,A,0,5,Shirley
Mamma,DC,0,5,Shirley
Mamma,DN,0,5,Shirley
Margaret,N,0,5,Shirley
Margaret,C,0,5,Shirley
Margaret,I,0,5,Shirley
Margaret,A,0,5,Shirley
Margaret,DC,0,5,Shirley
Margaret,DN,0,5,Shirley
Mark,N,0,5,Shirley
Mark,C,0,5,Shirley
Mark,I,0,5,Shirley
Mark,A,0,5,Shirley
Mark,DC,0,5,Shirley
Mark,DN,0,5,Shirley
Martin,N,0,5,Shirley
Martin,C,0,5,Shirley
Martin,I,0,5,Shirley
Martin,A,0,5,Shirley
Martin,DC,0,5,Shirley
Martin,DN,0,5,Shirley
Mary,N,0,5,Shirley
Mary,C,0,5,Shirley
Mary,I,0,5,Shirley
Mary,A,0,5,Shirley
Mary,DC,0,5,Shirley
Mary,DN,0,5,Shirley
Mary Ann Ainley,N,0,5,Shirley
Mary Ann Ainley,C,0,5,Shirley
Mary Ann Ainley,I,0,5,Shirley
Mary Ann Ainley,A,0,5,Shirley
Mary Ann Ainley,DC,0,5,Shirley
Mary Ann Ainley,DN,0,5,Shirley
Matthew,N,0,5,Shirley
Matthew,C,0,5,Shirley
Matthew,I,0,5,Shirley
Matthew,A,0,5,Shirley
Matthew,DC,0,5,Shirley
Matthew,DN,0,5,Shirley
Matthewson Helstone,N,0,5,Shirley
Matthewson Helstone,C,0,5,Shirley
Matthewson Helstone,I,0,5,Shirley
Matthewson Helstone,A,0,5,Shirley
Matthewson Helstone,DC,0,5,Shirley
Matthewson Helstone,DN,0,5,Shirley
Mike,N,0,5,Shirley
Mike,C,0,5,Shirley
Mike,I,0,5,Shirley
Mike,A,0,5,Shirley
Mike,DC,0,5,Shirley
Mike,DN,0,5,Shirley
Miss Ainley,N,0,5,Shirley
Miss Ainley,C,0,5,Shirley
Miss Ainley,I,0,5,Shirley
Miss Ainley,A,0,5,Shirley
Miss Ainley,DC,0,5,Shirley
Miss Ainley,DN,0,5,Shirley
Miss Austen,N,0,5,Shirley
Miss Austen,C,0,5,Shirley
Miss Austen,I,0,5,Shirley
Miss Austen,A,0,5,Shirley
Miss Austen,DC,0,5,Shirley
Miss Austen,DN,0,5,Shirley
Miss Cave,N,0,5,Shirley
Miss Cave,C,0,5,Shirley
Miss Cave,I,0,5,Shirley
Miss Cave,A,0,5,Shirley
Miss Cave,DC,0,5,Shirley
Miss Cave,DN,0,5,Shirley
Miss Grey,N,0,5,Shirley
Miss Grey,C,0,5,Shirley
Miss Grey,I,0,5,Shirley
Miss Grey,A,0,5,Shirley
Miss Grey,DC,0,5,Shirley
Miss Grey,DN,0,5,Shirley
Miss Hardman,N,0,5,Shirley
Miss Hardman,C,0,5,Shirley
Miss Hardman,I,0,5,Shirley
Miss Hardman,A,0,5,Shirley
Miss Hardman,DC,0,5,Shirley
Miss Hardman,DN,0,5,Shirley
Miss Mann,N,0,5,Shirley
Miss Mann,C,0,5,Shirley
Miss Mann,I,0,5,Shirley
Miss Mann,A,0,5,Shirley
Miss Mann,DC,0,5,Shirley
Miss Mann,DN,0,5,Shirley
Miss Mary,N,0,5,Shirley
Miss Mary,C,0,5,Shirley
Miss Mary,I,0,5,Shirley
Miss Mary,A,0,5,Shirley
Miss Mary,DC,0,5,Shirley
Miss Mary,DN,0,5,Shirley
Miss Moore,N,0,5,Shirley
Miss Moore,C,0,5,Shirley
Miss Moore,I,0,5,Shirley
Miss Moore,A,0,5,Shirley
Miss Moore,DC,0,5,Shirley
Miss Moore,DN,0,5,Shirley
Miss Pearson,N,0,5,Shirley
Miss Pearson,C,0,5,Shirley
Miss Pearson,I,0,5,Shirley
Miss Pearson,A,0,5,Shirley
Miss Pearson,DC,0,5,Shirley
Miss Pearson,DN,0,5,Shirley
Moore,N,0,5,Shirley
Moore,C,0,5,Shirley
Moore,I,0,5,Shirley
Moore,A,0,5,Shirley
Moore,DC,0,5,Shirley
Moore,DN,0,5,Shirley
Moses,N,0,5,Shirley
Moses,C,0,5,Shirley
Moses,I,0,5,Shirley
Moses,A,0,5,Shirley
Moses,DC,0,5,Shirley
Moses,DN,0,5,Shirley
Mother,N,0,5,Shirley
Mother,C,0,5,Shirley
Mother,I,0,5,Shirley
Mother,A,0,5,Shirley
Mother,DC,0,5,Shirley
Mother,DN,0,5,Shirley
Mr. Barraclough,N,0,5,Shirley
Mr. Barraclough,C,0,5,Shirley
Mr. Barraclough,I,0,5,Shirley
Mr. Barraclough,A,0,5,Shirley
Mr. Barraclough,DC,0,5,Shirley
Mr. Barraclough,DN,0,5,Shirley
Mr. Gale,N,0,5,Shirley
Mr. Gale,C,0,5,Shirley
Mr. Gale,I,0,5,Shirley
Mr. Gale,A,0,5,Shirley
Mr. Gale,DC,0,5,Shirley
Mr. Gale,DN,0,5,Shirley
Mr. Hall,N,0,5,Shirley
Mr. Hall,C,0,5,Shirley
Mr. Hall,I,0,5,Shirley
Mr. Hall,A,0,5,Shirley
Mr. Hall,DC,0,5,Shirley
Mr. Hall,DN,0,5,Shirley
Mr. Helstone,N,0,5,Shirley
Mr. Helstone,C,0,5,Shirley
Mr. Helstone,I,0,5,Shirley
Mr. Helstone,A,0,5,Shirley
Mr. Helstone,DC,0,5,Shirley
Mr. Helstone,DN,0,5,Shirley
Mr. Moore,N,16,5,Shirley
Mr. Moore,C,50,5,Shirley
Mr. Moore,I,26,5,Shirley
Mr. Moore,A,35,5,Shirley
Mr. Moore,DC,1,5,Shirley
Mr. Moore,DN,0,5,Shirley
Mr. Moore----,N,0,5,Shirley
Mr. Moore----,C,0,5,Shirley
Mr. Moore----,I,0,5,Shirley
Mr. Moore----,A,0,5,Shirley
Mr. Moore----,DC,0,5,Shirley
Mr. Moore----,DN,0,5,Shirley
Mr. Ramsden,N,0,5,Shirley
Mr. Ramsden,C,0,5,Shirley
Mr. Ramsden,I,0,5,Shirley
Mr. Ramsden,A,0,5,Shirley
Mr. Ramsden,DC,0,5,Shirley
Mr. Ramsden,DN,0,5,Shirley
Mr. Sykes,N,0,5,Shirley
Mr. Sykes,C,0,5,Shirley
Mr. Sykes,I,0,5,Shirley
Mr. Sykes,A,0,5,Shirley
Mr. Sykes,DC,0,5,Shirley
Mr. Sykes,DN,0,5,Shirley
Mr. Sympson,N,0,5,Shirley
Mr. Sympson,C,0,5,Shirley
Mr. Sympson,I,0,5,Shirley
Mr. Sympson,A,0,5,Shirley
Mr. Sympson,DC,0,5,Shirley
Mr. Sympson,DN,0,5,Shirley
Mr. Wynne,N,0,5,Shirley
Mr. Wynne,C,0,5,Shirley
Mr. Wynne,I,0,5,Shirley
Mr. Wynne,A,0,5,Shirley
Mr. Wynne,DC,0,5,Shirley
Mr. Wynne,DN,0,5,Shirley
Mr. Yorke,N,4,5,Shirley
Mr. Yorke,C,0,5,Shirley
Mr. Yorke,I,0,5,Shirley
Mr. Yorke,A,2,5,Shirley
Mr. Yorke,DC,8,5,Shirley
Mr. Yorke,DN,0,5,Shirley
Mrs. Gale,N,0,5,Shirley
Mrs. Gale,C,0,5,Shirley
Mrs. Gale,I,0,5,Shirley
Mrs. Gale,A,0,5,Shirley
Mrs. Gale,DC,0,5,Shirley
Mrs. Gale,DN,0,5,Shirley
Mrs. Gill,N,0,5,Shirley
Mrs. Gill,C,0,5,Shirley
Mrs. Gill,I,0,5,Shirley
Mrs. Gill,A,0,5,Shirley
Mrs. Gill,DC,0,5,Shirley
Mrs. Gill,DN,0,5,Shirley
Mrs. Hardman,N,0,5,Shirley
Mrs. Hardman,C,0,5,Shirley
Mrs. Hardman,I,0,5,Shirley
Mrs. Hardman,A,0,5,Shirley
Mrs. Hardman,DC,0,5,Shirley
Mrs. Hardman,DN,0,5,Shirley
Mrs. Horsfall,N,0,5,Shirley
Mrs. Horsfall,C,0,5,Shirley
Mrs. Horsfall,I,0,5,Shirley
Mrs. Horsfall,A,0,5,Shirley
Mrs. Horsfall,DC,0,5,Shirley
Mrs. Horsfall,DN,0,5,Shirley
Mrs. Louis,N,0,5,Shirley
Mrs. Louis,C,0,5,Shirley
Mrs. Louis,I,0,5,Shirley
Mrs. Louis,A,0,5,Shirley
Mrs. Louis,DC,0,5,Shirley
Mrs. Louis,DN,0,5,Shirley
Mrs. Pryor,N,0,5,Shirley
Mrs. Pryor,C,0,5,Shirley
Mrs. Pryor,I,0,5,Shirley
Mrs. Pryor,A,0,5,Shirley
Mrs. Pryor,DC,0,5,Shirley
Mrs. Pryor,DN,0,5,Shirley
Mrs. Sykes,N,0,5,Shirley
Mrs. Sykes,C,0,5,Shirley
Mrs. Sykes,I,0,5,Shirley
Mrs. Sykes,A,0,5,Shirley
Mrs. Sykes,DC,0,5,Shirley
Mrs. Sykes,DN,0,5,Shirley
Mrs. Yorke,N,0,5,Shirley
Mrs. Yorke,C,0,5,Shirley
Mrs. Yorke,I,0,5,Shirley
Mrs. Yorke,A,0,5,Shirley
Mrs. Yorke,DC,0,5,Shirley
Mrs. Yorke,DN,0,5,Shirley
Murgatroyd,N,4,5,Shirley
Murgatroyd,C,0,5,Shirley
Murgatroyd,I,1,5,Shirley
Murgatroyd,A,2,5,Shirley
Murgatroyd,DC,1,5,Shirley
Murgatroyd,DN,1,5,Shirley
Napoleon,N,0,5,Shirley
Napoleon,C,0,5,Shirley
Napoleon,I,0,5,Shirley
Napoleon,A,0,5,Shirley
Napoleon,DC,0,5,Shirley
Napoleon,DN,0,5,Shirley
Nature,N,0,5,Shirley
Nature,C,0,5,Shirley
Nature,I,0,5,Shirley
Nature,A,0,5,Shirley
Nature,DC,0,5,Shirley
Nature,DN,0,5,Shirley
Pearson,N,2,5,Shirley
Pearson,C,0,5,Shirley
Pearson,I,1,5,Shirley
Pearson,A,2,5,Shirley
Pearson,DC,3,5,Shirley
Pearson,DN,0,5,Shirley
Peg Woffington.= CHARLES READE,N,0,5,Shirley
Peg Woffington.= CHARLES READE,C,0,5,Shirley
Peg Woffington.= CHARLES READE,I,0,5,Shirley
Peg Woffington.= CHARLES READE,A,0,5,Shirley
Peg Woffington.= CHARLES READE,DC,0,5,Shirley
Peg Woffington.= CHARLES READE,DN,0,5,Shirley
Peter,N,0,5,Shirley
Peter,C,0,5,Shirley
Peter,I,0,5,Shirley
Peter,A,0,5,Shirley
Peter,DC,0,5,Shirley
Peter,DN,0,5,Shirley
Phœbe,N,0,5,Shirley
Phœbe,C,0,5,Shirley
Phœbe,I,0,5,Shirley
Phœbe,A,0,5,Shirley
Phœbe,DC,0,5,Shirley
Phœbe,DN,0,5,Shirley
Providence,N,0,5,Shirley
Providence,C,0,5,Shirley
Providence,I,0,5,Shirley
Providence,A,0,5,Shirley
Providence,DC,0,5,Shirley
Providence,DN,0,5,Shirley
Robert,N,15,5,Shirley
Robert,C,31,5,Shirley
Robert,I,15,5,Shirley
Robert,A,20,5,Shirley
Robert,DC,4,5,Shirley
Robert,DN,1,5,Shirley
Rose,N,0,5,Shirley
Rose,C,0,5,Shirley
Rose,I,0,5,Shirley
Rose,A,0,5,Shirley
Rose,DC,0,5,Shirley
Rose,DN,0,5,Shirley
Sarah,N,2,5,Shirley
Sarah,C,0,5,Shirley
Sarah,I,0,5,Shirley
Sarah,A,0,5,Shirley
Sarah,DC,2,5,Shirley
Sarah,DN,0,5,Shirley
Saturnia,N,0,5,Shirley
Saturnia,C,0,5,Shirley
Saturnia,I,0,5,Shirley
Saturnia,A,0,5,Shirley
Saturnia,DC,0,5,Shirley
Saturnia,DN,0,5,Shirley
Shakespeare,N,0,5,Shirley
Shakespeare,C,0,5,Shirley
Shakespeare,I,0,5,Shirley
Shakespeare,A,0,5,Shirley
Shakespeare,DC,0,5,Shirley
Shakespeare,DN,0,5,Shirley
Shirley,N,0,5,Shirley
Shirley,C,0,5,Shirley
Shirley,I,0,5,Shirley
Shirley,A,0,5,Shirley
Shirley,DC,0,5,Shirley
Shirley,DN,0,5,Shirley
Sir Philip,N,0,5,Shirley
Sir Philip,C,0,5,Shirley
Sir Philip,I,0,5,Shirley
Sir Philip,A,0,5,Shirley
Sir Philip,DC,0,5,Shirley
Sir Philip,DN,0,5,Shirley
Sir Walter Scott,N,0,5,Shirley
Sir Walter Scott,C,0,5,Shirley
Sir Walter Scott,I,0,5,Shirley
Sir Walter Scott,A,0,5,Shirley
Sir Walter Scott,DC,0,5,Shirley
Sir Walter Scott,DN,0,5,Shirley
Sister,N,0,5,Shirley
Sister,C,0,5,Shirley
Sister,I,0,5,Shirley
Sister,A,0,5,Shirley
Sister,DC,0,5,Shirley
Sister,DN,0,5,Shirley
St. Paul,N,0,5,Shirley
St. Paul,C,0,5,Shirley
St. Paul,I,0,5,Shirley
St. Paul,A,0,5,Shirley
St. Paul,DC,0,5,Shirley
St. Paul,DN,0,5,Shirley
Stilbro,N,0,5,Shirley
Stilbro,C,0,5,Shirley
Stilbro,I,0,5,Shirley
Stilbro,A,0,5,Shirley
Stilbro,DC,0,5,Shirley
Stilbro,DN,0,5,Shirley
Sudgen,N,0,5,Shirley
Sudgen,C,0,5,Shirley
Sudgen,I,0,5,Shirley
Sudgen,A,0,5,Shirley
Sudgen,DC,0,5,Shirley
Sudgen,DN,0,5,Shirley
Sugden,N,0,5,Shirley
Sugden,C,0,5,Shirley
Sugden,I,0,5,Shirley
Sugden,A,0,5,Shirley
Sugden,DC,0,5,Shirley
Sugden,DN,0,5,Shirley
Sweeting,N,0,5,Shirley
Sweeting,C,0,5,Shirley
Sweeting,I,0,5,Shirley
Sweeting,A,0,5,Shirley
Sweeting,DC,0,5,Shirley
Sweeting,DN,0,5,Shirley
Tartar,N,0,5,Shirley
Tartar,C,0,5,Shirley
Tartar,I,0,5,Shirley
Tartar,A,0,5,Shirley
Tartar,DC,0,5,Shirley
Tartar,DN,0,5,Shirley
The Cossack,N,0,5,Shirley
The Cossack,C,0,5,Shirley
The Cossack,I,0,5,Shirley
The Cossack,A,0,5,Shirley
The Cossack,DC,0,5,Shirley
The Cossack,DN,0,5,Shirley
These Oreads,N,0,5,Shirley
These Oreads,C,0,5,Shirley
These Oreads,I,0,5,Shirley
These Oreads,A,0,5,Shirley
These Oreads,DC,0,5,Shirley
These Oreads,DN,0,5,Shirley
Tom Cringle,N,0,5,Shirley
Tom Cringle,C,0,5,Shirley
Tom Cringle,I,0,5,Shirley
Tom Cringle,A,0,5,Shirley
Tom Cringle,DC,0,5,Shirley
Tom Cringle,DN,0,5,Shirley
Uncle,N,0,5,Shirley
Uncle,C,0,5,Shirley
Uncle,I,0,5,Shirley
Uncle,A,0,5,Shirley
Uncle,DC,0,5,Shirley
Uncle,DN,0,5,Shirley
VICTOR HUGO,N,0,5,Shirley
VICTOR HUGO,C,0,5,Shirley
VICTOR HUGO,I,0,5,Shirley
VICTOR HUGO,A,0,5,Shirley
VICTOR HUGO,DC,0,5,Shirley
VICTOR HUGO,DN,0,5,Shirley
Whinbury,N,1,5,Shirley
Whinbury,C,0,5,Shirley
Whinbury,I,0,5,Shirley
Whinbury,A,0,5,Shirley
Whinbury,DC,0,5,Shirley
Whinbury,DN,0,5,Shirley
William,N,0,5,Shirley
William,C,0,5,Shirley
William,I,0,5,Shirley
William,A,0,5,Shirley
William,DC,0,5,Shirley
William,DN,0,5,Shirley
mademoiselle,N,2,5,Shirley
mademoiselle,C,2,5,Shirley
mademoiselle,I,5,5,Shirley
mademoiselle,A,6,5,Shirley
mademoiselle,DC,4,5,Shirley
mademoiselle,DN,5,5,Shirley
old Lady Nunnely,N,0,5,Shirley
old Lady Nunnely,C,0,5,Shirley
old Lady Nunnely,I,0,5,Shirley
old Lady Nunnely,A,0,5,Shirley
old Lady Nunnely,DC,0,5,Shirley
old Lady Nunnely,DN,0,5,Shirley
old Queen Charlotte,N,0,5,Shirley
old Queen Charlotte,C,0,5,Shirley
old Queen Charlotte,I,0,5,Shirley
old Queen Charlotte,A,0,5,Shirley
old Queen Charlotte,DC,0,5,Shirley
old Queen Charlotte,DN,0,5,Shirley
the Misses Sykes,N,0,5,Shirley
the Misses Sykes,C,0,5,Shirley
the Misses Sykes,I,0,5,Shirley
the Misses Sykes,A,0,5,Shirley
the Misses Sykes,DC,0,5,Shirley
the Misses Sykes,DN,0,5,Shirley
the Misses Sympson,N,0,5,Shirley
the Misses Sympson,C,0,5,Shirley
the Misses Sympson,I,0,5,Shirley
the Misses Sympson,A,0,5,Shirley
the Misses Sympson,DC,0,5,Shirley
the Misses Sympson,DN,0,5,Shirley
the Moores,N,1,5,Shirley
the Moores,C,0,5,Shirley
the Moores,I,0,5,Shirley
the Moores,A,0,5,Shirley
the Moores,DC,1,5,Shirley
the Moores,DN,0,5,Shirley
the Sympsons,N,0,5,Shirley
the Sympsons,C,0,5,Shirley
the Sympsons,I,0,5,Shirley
the Sympsons,A,0,5,Shirley
the Sympsons,DC,0,5,Shirley
the Sympsons,DN,0,5,Shirley
Abraham,N,0,6,Shirley
Abraham,C,0,6,Shirley
Abraham,I,0,6,Shirley
Abraham,A,0,6,Shirley
Abraham,DC,0,6,Shirley
Abraham,DN,0,6,Shirley
Adam,N,0,6,Shirley
Adam,C,0,6,Shirley
Adam,I,0,6,Shirley
Adam,A,0,6,Shirley
Adam,DC,0,6,Shirley
Adam,DN,0,6,Shirley
Bob,N,0,6,Shirley
Bob,C,0,6,Shirley
Bob,I,0,6,Shirley
Bob,A,0,6,Shirley
Bob,DC,0,6,Shirley
Bob,DN,0,6,Shirley
Bonaparte,N,0,6,Shirley
Bonaparte,C,0,6,Shirley
Bonaparte,I,0,6,Shirley
Bonaparte,A,0,6,Shirley
Bonaparte,DC,0,6,Shirley
Bonaparte,DN,0,6,Shirley
Boultby,N,0,6,Shirley
Boultby,C,0,6,Shirley
Boultby,I,0,6,Shirley
Boultby,A,0,6,Shirley
Boultby,DC,0,6,Shirley
Boultby,DN,0,6,Shirley
Briarmains,N,0,6,Shirley
Briarmains,C,0,6,Shirley
Briarmains,I,0,6,Shirley
Briarmains,A,0,6,Shirley
Briarmains,DC,0,6,Shirley
Briarmains,DN,0,6,Shirley
CHARLES DICKENS,N,0,6,Shirley
CHARLES DICKENS,C,0,6,Shirley
CHARLES DICKENS,I,0,6,Shirley
CHARLES DICKENS,A,0,6,Shirley
CHARLES DICKENS,DC,0,6,Shirley
CHARLES DICKENS,DN,0,6,Shirley
Captain Keeldar,N,0,6,Shirley
Captain Keeldar,C,0,6,Shirley
Captain Keeldar,I,0,6,Shirley
Captain Keeldar,A,0,6,Shirley
Captain Keeldar,DC,0,6,Shirley
Captain Keeldar,DN,0,6,Shirley
Caroline,N,44,6,Shirley
Caroline,C,36,6,Shirley
Caroline,I,33,6,Shirley
Caroline,A,53,6,Shirley
Caroline,DC,7,6,Shirley
Caroline,DN,9,6,Shirley
"Caroline--""She",N,0,6,Shirley
"Caroline--""She",C,0,6,Shirley
"Caroline--""She",I,0,6,Shirley
"Caroline--""She",A,0,6,Shirley
"Caroline--""She",DC,0,6,Shirley
"Caroline--""She",DN,0,6,Shirley
Cary,N,0,6,Shirley
Cary,C,0,6,Shirley
Cary,I,0,6,Shirley
Cary,A,0,6,Shirley
Cary,DC,0,6,Shirley
Cary,DN,0,6,Shirley
Castlereagh,N,0,6,Shirley
Castlereagh,C,0,6,Shirley
Castlereagh,I,0,6,Shirley
Castlereagh,A,0,6,Shirley
Castlereagh,DC,0,6,Shirley
Castlereagh,DN,0,6,Shirley
Chénier,N,1,6,Shirley
Chénier,C,9,6,Shirley
Chénier,I,0,6,Shirley
Chénier,A,2,6,Shirley
Chénier,DC,0,6,Shirley
Chénier,DN,0,6,Shirley
Coriolanus,N,6,6,Shirley
Coriolanus,C,0,6,Shirley
Coriolanus,I,1,6,Shirley
Coriolanus,A,4,6,Shirley
Coriolanus,DC,6,6,Shirley
Coriolanus,DN,0,6,Shirley
Cowper,N,0,6,Shirley
Cowper,C,0,6,Shirley
Cowper,I,0,6,Shirley
Cowper,A,0,6,Shirley
Cowper,DC,0,6,Shirley
Cowper,DN,0,6,Shirley
Cyril Hall,N,0,6,Shirley
Cyril Hall,C,0,6,Shirley
Cyril Hall,I,0,6,Shirley
Cyril Hall,A,0,6,Shirley
Cyril Hall,DC,0,6,Shirley
Cyril Hall,DN,0,6,Shirley
Daniel,N,0,6,Shirley
Daniel,C,0,6,Shirley
Daniel,I,0,6,Shirley
Daniel,A,0,6,Shirley
Daniel,DC,0,6,Shirley
Daniel,DN,0,6,Shirley
Davy,N,0,6,Shirley
Davy,C,0,6,Shirley
Davy,I,0,6,Shirley
Davy,A,0,6,Shirley
Davy,DC,0,6,Shirley
Davy,DN,0,6,Shirley
Donne,N,0,6,Shirley
Donne,C,0,6,Shirley
Donne,I,0,6,Shirley
Donne,A,0,6,Shirley
Donne,DC,0,6,Shirley
Donne,DN,0,6,Shirley
Dora,N,0,6,Shirley
Dora,C,0,6,Shirley
Dora,I,0,6,Shirley
Dora,A,0,6,Shirley
Dora,DC,0,6,Shirley
Dora,DN,0,6,Shirley
Dr. Boultby,N,0,6,Shirley
Dr. Boultby,C,0,6,Shirley
Dr. Boultby,I,0,6,Shirley
Dr. Boultby,A,0,6,Shirley
Dr. Boultby,DC,0,6,Shirley
Dr. Boultby,DN,0,6,Shirley
Eliza,N,0,6,Shirley
Eliza,C,0,6,Shirley
Eliza,I,0,6,Shirley
Eliza,A,0,6,Shirley
Eliza,DC,0,6,Shirley
Eliza,DN,0,6,Shirley
Eva,N,0,6,Shirley
Eva,C,0,6,Shirley
Eva,I,0,6,Shirley
Eva,A,0,6,Shirley
Eva,DC,0,6,Shirley
Eva,DN,0,6,Shirley
Eve,N,0,6,Shirley
Eve,C,0,6,Shirley
Eve,I,0,6,Shirley
Eve,A,0,6,Shirley
Eve,DC,0,6,Shirley
Eve,DN,0,6,Shirley
Fanny,N,1,6,Shirley
Fanny,C,0,6,Shirley
Fanny,I,0,6,Shirley
Fanny,A,1,6,Shirley
Fanny,DC,1,6,Shirley
Fanny,DN,0,6,Shirley
Farrens,N,0,6,Shirley
Farrens,C,0,6,Shirley
Farrens,I,0,6,Shirley
Farrens,A,0,6,Shirley
Farrens,DC,0,6,Shirley
Farrens,DN,0,6,Shirley
Fieldhead,N,0,6,Shirley
Fieldhead,C,0,6,Shirley
Fieldhead,I,0,6,Shirley
Fieldhead,A,0,6,Shirley
Fieldhead,DC,0,6,Shirley
Fieldhead,DN,0,6,Shirley
Fortune,N,0,6,Shirley
Fortune,C,0,6,Shirley
Fortune,I,0,6,Shirley
Fortune,A,0,6,Shirley
Fortune,DC,0,6,Shirley
Fortune,DN,0,6,Shirley
God,N,1,6,Shirley
God,C,2,6,Shirley
God,I,0,6,Shirley
God,A,0,6,Shirley
God,DC,0,6,Shirley
God,DN,0,6,Shirley
Grace,N,0,6,Shirley
Grace,C,0,6,Shirley
Grace,I,0,6,Shirley
Grace,A,0,6,Shirley
Grace,DC,0,6,Shirley
Grace,DN,0,6,Shirley
Hannah,N,0,6,Shirley
Hannah,C,0,6,Shirley
Hannah,I,0,6,Shirley
Hannah,A,0,6,Shirley
Hannah,DC,0,6,Shirley
Hannah,DN,0,6,Shirley
Harriet,N,0,6,Shirley
Harriet,C,0,6,Shirley
Harriet,I,0,6,Shirley
Harriet,A,0,6,Shirley
Harriet,DC,0,6,Shirley
Harriet,DN,0,6,Shirley
Helstone,N,0,6,Shirley
Helstone,C,0,6,Shirley
Helstone,I,0,6,Shirley
Helstone,A,0,6,Shirley
Helstone,DC,0,6,Shirley
Helstone,DN,0,6,Shirley
Henry,N,0,6,Shirley
Henry,C,0,6,Shirley
Henry,I,0,6,Shirley
Henry,A,0,6,Shirley
Henry,DC,0,6,Shirley
Henry,DN,0,6,Shirley
Hiram Yorke,N,0,6,Shirley
Hiram Yorke,C,0,6,Shirley
Hiram Yorke,I,0,6,Shirley
Hiram Yorke,A,0,6,Shirley
Hiram Yorke,DC,0,6,Shirley
Hiram Yorke,DN,0,6,Shirley
Hollow,N,1,6,Shirley
Hollow,C,0,6,Shirley
Hollow,I,0,6,Shirley
Hollow,A,0,6,Shirley
Hollow,DC,0,6,Shirley
Hollow,DN,0,6,Shirley
Hortense,N,24,6,Shirley
Hortense,C,6,6,Shirley
Hortense,I,7,6,Shirley
Hortense,A,15,6,Shirley
Hortense,DC,9,6,Shirley
Hortense,DN,2,6,Shirley
Isabella,N,0,6,Shirley
Isabella,C,0,6,Shirley
Isabella,I,0,6,Shirley
Isabella,A,0,6,Shirley
Isabella,DC,0,6,Shirley
Isabella,DN,0,6,Shirley
James,N,0,6,Shirley
James,C,0,6,Shirley
James,I,0,6,Shirley
James,A,0,6,Shirley
James,DC,0,6,Shirley
James,DN,0,6,Shirley
Jessy,N,0,6,Shirley
Jessy,C,0,6,Shirley
Jessy,I,0,6,Shirley
Jessy,A,0,6,Shirley
Jessy,DC,0,6,Shirley
Jessy,DN,0,6,Shirley
Joe,N,2,6,Shirley
Joe,C,0,6,Shirley
Joe,I,0,6,Shirley
Joe,A,0,6,Shirley
Joe,DC,0,6,Shirley
Joe,DN,0,6,Shirley
John,N,0,6,Shirley
John,C,0,6,Shirley
John,I,0,6,Shirley
John,A,0,6,Shirley
John,DC,0,6,Shirley
John,DN,0,6,Shirley
John Wesley,N,0,6,Shirley
John Wesley,C,0,6,Shirley
John Wesley,I,0,6,Shirley
John Wesley,A,0,6,Shirley
John Wesley,DC,0,6,Shirley
John Wesley,DN,0,6,Shirley
Lamb,N,0,6,Shirley
Lamb,C,0,6,Shirley
Lamb,I,0,6,Shirley
Lamb,A,0,6,Shirley
Lamb,DC,0,6,Shirley
Lamb,DN,0,6,Shirley
Lina,N,7,6,Shirley
Lina,C,0,6,Shirley
Lina,I,0,6,Shirley
Lina,A,0,6,Shirley
Lina,DC,6,6,Shirley
Lina,DN,0,6,Shirley
Lord Wellington,N,0,6,Shirley
Lord Wellington,C,0,6,Shirley
Lord Wellington,I,0,6,Shirley
Lord Wellington,A,0,6,Shirley
Lord Wellington,DC,0,6,Shirley
Lord Wellington,DN,0,6,Shirley
Louis,N,0,6,Shirley
Louis,C,0,6,Shirley
Louis,I,0,6,Shirley
Louis,A,0,6,Shirley
Louis,DC,0,6,Shirley
Louis,DN,0,6,Shirley
Lucretia,N,0,6,Shirley
Lucretia,C,0,6,Shirley
Lucretia,I,0,6,Shirley
Lucretia,A,0,6,Shirley
Lucretia,DC,0,6,Shirley
Lucretia,DN,0,6,Shirley
MATTERS,N,0,6,Shirley
MATTERS,C,0,6,Shirley
MATTERS,I,0,6,Shirley
MATTERS,A,0,6,Shirley
MATTERS,DC,0,6,Shirley
MATTERS,DN,0,6,Shirley
MacTurk,N,0,6,Shirley
MacTurk,C,0,6,Shirley
MacTurk,I,0,6,Shirley
MacTurk,A,0,6,Shirley
MacTurk,DC,0,6,Shirley
MacTurk,DN,0,6,Shirley
Malone,N,0,6,Shirley
Malone,C,0,6,Shirley
Malone,I,0,6,Shirley
Malone,A,0,6,Shirley
Malone,DC,0,6,Shirley
Malone,DN,0,6,Shirley
Malone.--I,N,0,6,Shirley
Malone.--I,C,0,6,Shirley
Malone.--I,I,0,6,Shirley
Malone.--I,A,0,6,Shirley
Malone.--I,DC,0,6,Shirley
Malone.--I,DN,0,6,Shirley
Mamma,N,0,6,Shirley
Mamma,C,0,6,Shirley
Mamma,I,0,6,Shirley
Mamma,A,0,6,Shirley
Mamma,DC,0,6,Shirley
Mamma,DN,0,6,Shirley
Margaret,N,0,6,Shirley
Margaret,C,0,6,Shirley
Margaret,I,0,6,Shirley
Margaret,A,0,6,Shirley
Margaret,DC,0,6,Shirley
Margaret,DN,0,6,Shirley
Mark,N,0,6,Shirley
Mark,C,0,6,Shirley
Mark,I,0,6,Shirley
Mark,A,0,6,Shirley
Mark,DC,0,6,Shirley
Mark,DN,0,6,Shirley
Martin,N,0,6,Shirley
Martin,C,0,6,Shirley
Martin,I,0,6,Shirley
Martin,A,0,6,Shirley
Martin,DC,0,6,Shirley
Martin,DN,0,6,Shirley
Mary,N,0,6,Shirley
Mary,C,0,6,Shirley
Mary,I,0,6,Shirley
Mary,A,0,6,Shirley
Mary,DC,0,6,Shirley
Mary,DN,0,6,Shirley
Mary Ann Ainley,N,0,6,Shirley
Mary Ann Ainley,C,0,6,Shirley
Mary Ann Ainley,I,0,6,Shirley
Mary Ann Ainley,A,0,6,Shirley
Mary Ann Ainley,DC,0,6,Shirley
Mary Ann Ainley,DN,0,6,Shirley
Matthew,N,0,6,Shirley
Matthew,C,0,6,Shirley
Matthew,I,0,6,Shirley
Matthew,A,0,6,Shirley
Matthew,DC,0,6,Shirley
Matthew,DN,0,6,Shirley
Matthewson Helstone,N,0,6,Shirley
Matthewson Helstone,C,0,6,Shirley
Matthewson Helstone,I,0,6,Shirley
Matthewson Helstone,A,0,6,Shirley
Matthewson Helstone,DC,0,6,Shirley
Matthewson Helstone,DN,0,6,Shirley
Mike,N,0,6,Shirley
Mike,C,0,6,Shirley
Mike,I,0,6,Shirley
Mike,A,0,6,Shirley
Mike,DC,0,6,Shirley
Mike,DN,0,6,Shirley
Miss Ainley,N,0,6,Shirley
Miss Ainley,C,0,6,Shirley
Miss Ainley,I,0,6,Shirley
Miss Ainley,A,0,6,Shirley
Miss Ainley,DC,0,6,Shirley
Miss Ainley,DN,0,6,Shirley
Miss Austen,N,0,6,Shirley
Miss Austen,C,0,6,Shirley
Miss Austen,I,0,6,Shirley
Miss Austen,A,0,6,Shirley
Miss Austen,DC,0,6,Shirley
Miss Austen,DN,0,6,Shirley
Miss Cave,N,0,6,Shirley
Miss Cave,C,0,6,Shirley
Miss Cave,I,0,6,Shirley
Miss Cave,A,0,6,Shirley
Miss Cave,DC,0,6,Shirley
Miss Cave,DN,0,6,Shirley
Miss Grey,N,0,6,Shirley
Miss Grey,C,0,6,Shirley
Miss Grey,I,0,6,Shirley
Miss Grey,A,0,6,Shirley
Miss Grey,DC,0,6,Shirley
Miss Grey,DN,0,6,Shirley
Miss Hardman,N,0,6,Shirley
Miss Hardman,C,0,6,Shirley
Miss Hardman,I,0,6,Shirley
Miss Hardman,A,0,6,Shirley
Miss Hardman,DC,0,6,Shirley
Miss Hardman,DN,0,6,Shirley
Miss Mann,N,0,6,Shirley
Miss Mann,C,0,6,Shirley
Miss Mann,I,0,6,Shirley
Miss Mann,A,0,6,Shirley
Miss Mann,DC,0,6,Shirley
Miss Mann,DN,0,6,Shirley
Miss Mary,N,0,6,Shirley
Miss Mary,C,0,6,Shirley
Miss Mary,I,0,6,Shirley
Miss Mary,A,0,6,Shirley
Miss Mary,DC,0,6,Shirley
Miss Mary,DN,0,6,Shirley
Miss Moore,N,0,6,Shirley
Miss Moore,C,0,6,Shirley
Miss Moore,I,0,6,Shirley
Miss Moore,A,0,6,Shirley
Miss Moore,DC,0,6,Shirley
Miss Moore,DN,0,6,Shirley
Miss Pearson,N,0,6,Shirley
Miss Pearson,C,0,6,Shirley
Miss Pearson,I,0,6,Shirley
Miss Pearson,A,0,6,Shirley
Miss Pearson,DC,0,6,Shirley
Miss Pearson,DN,0,6,Shirley
Moore,N,0,6,Shirley
Moore,C,0,6,Shirley
Moore,I,0,6,Shirley
Moore,A,0,6,Shirley
Moore,DC,0,6,Shirley
Moore,DN,0,6,Shirley
Moses,N,0,6,Shirley
Moses,C,0,6,Shirley
Moses,I,0,6,Shirley
Moses,A,0,6,Shirley
Moses,DC,0,6,Shirley
Moses,DN,0,6,Shirley
Mother,N,0,6,Shirley
Mother,C,0,6,Shirley
Mother,I,0,6,Shirley
Mother,A,0,6,Shirley
Mother,DC,0,6,Shirley
Mother,DN,0,6,Shirley
Mr. Barraclough,N,0,6,Shirley
Mr. Barraclough,C,0,6,Shirley
Mr. Barraclough,I,0,6,Shirley
Mr. Barraclough,A,0,6,Shirley
Mr. Barraclough,DC,0,6,Shirley
Mr. Barraclough,DN,0,6,Shirley
Mr. Gale,N,0,6,Shirley
Mr. Gale,C,0,6,Shirley
Mr. Gale,I,0,6,Shirley
Mr. Gale,A,0,6,Shirley
Mr. Gale,DC,0,6,Shirley
Mr. Gale,DN,0,6,Shirley
Mr. Hall,N,0,6,Shirley
Mr. Hall,C,0,6,Shirley
Mr. Hall,I,0,6,Shirley
Mr. Hall,A,0,6,Shirley
Mr. Hall,DC,0,6,Shirley
Mr. Hall,DN,0,6,Shirley
Mr. Helstone,N,2,6,Shirley
Mr. Helstone,C,0,6,Shirley
Mr. Helstone,I,0,6,Shirley
Mr. Helstone,A,0,6,Shirley
Mr. Helstone,DC,0,6,Shirley
Mr. Helstone,DN,0,6,Shirley
Mr. Moore,N,20,6,Shirley
Mr. Moore,C,33,6,Shirley
Mr. Moore,I,41,6,Shirley
Mr. Moore,A,28,6,Shirley
Mr. Moore,DC,2,6,Shirley
Mr. Moore,DN,15,6,Shirley
Mr. Moore----,N,0,6,Shirley
Mr. Moore----,C,0,6,Shirley
Mr. Moore----,I,0,6,Shirley
Mr. Moore----,A,0,6,Shirley
Mr. Moore----,DC,0,6,Shirley
Mr. Moore----,DN,0,6,Shirley
Mr. Ramsden,N,0,6,Shirley
Mr. Ramsden,C,0,6,Shirley
Mr. Ramsden,I,0,6,Shirley
Mr. Ramsden,A,0,6,Shirley
Mr. Ramsden,DC,0,6,Shirley
Mr. Ramsden,DN,0,6,Shirley
Mr. Sykes,N,1,6,Shirley
Mr. Sykes,C,0,6,Shirley
Mr. Sykes,I,0,6,Shirley
Mr. Sykes,A,0,6,Shirley
Mr. Sykes,DC,0,6,Shirley
Mr. Sykes,DN,0,6,Shirley
Mr. Sympson,N,0,6,Shirley
Mr. Sympson,C,0,6,Shirley
Mr. Sympson,I,0,6,Shirley
Mr. Sympson,A,0,6,Shirley
Mr. Sympson,DC,0,6,Shirley
Mr. Sympson,DN,0,6,Shirley
Mr. Wynne,N,0,6,Shirley
Mr. Wynne,C,0,6,Shirley
Mr. Wynne,I,0,6,Shirley
Mr. Wynne,A,0,6,Shirley
Mr. Wynne,DC,0,6,Shirley
Mr. Wynne,DN,0,6,Shirley
Mr. Yorke,N,2,6,Shirley
Mr. Yorke,C,0,6,Shirley
Mr. Yorke,I,0,6,Shirley
Mr. Yorke,A,0,6,Shirley
Mr. Yorke,DC,0,6,Shirley
Mr. Yorke,DN,0,6,Shirley
Mrs. Gale,N,0,6,Shirley
Mrs. Gale,C,0,6,Shirley
Mrs. Gale,I,0,6,Shirley
Mrs. Gale,A,0,6,Shirley
Mrs. Gale,DC,0,6,Shirley
Mrs. Gale,DN,0,6,Shirley
Mrs. Gill,N,0,6,Shirley
Mrs. Gill,C,0,6,Shirley
Mrs. Gill,I,0,6,Shirley
Mrs. Gill,A,0,6,Shirley
Mrs. Gill,DC,0,6,Shirley
Mrs. Gill,DN,0,6,Shirley
Mrs. Hardman,N,0,6,Shirley
Mrs. Hardman,C,0,6,Shirley
Mrs. Hardman,I,0,6,Shirley
Mrs. Hardman,A,0,6,Shirley
Mrs. Hardman,DC,0,6,Shirley
Mrs. Hardman,DN,0,6,Shirley
Mrs. Horsfall,N,0,6,Shirley
Mrs. Horsfall,C,0,6,Shirley
Mrs. Horsfall,I,0,6,Shirley
Mrs. Horsfall,A,0,6,Shirley
Mrs. Horsfall,DC,0,6,Shirley
Mrs. Horsfall,DN,0,6,Shirley
Mrs. Louis,N,0,6,Shirley
Mrs. Louis,C,0,6,Shirley
Mrs. Louis,I,0,6,Shirley
Mrs. Louis,A,0,6,Shirley
Mrs. Louis,DC,0,6,Shirley
Mrs. Louis,DN,0,6,Shirley
Mrs. Pryor,N,0,6,Shirley
Mrs. Pryor,C,0,6,Shirley
Mrs. Pryor,I,0,6,Shirley
Mrs. Pryor,A,0,6,Shirley
Mrs. Pryor,DC,0,6,Shirley
Mrs. Pryor,DN,0,6,Shirley
Mrs. Sykes,N,0,6,Shirley
Mrs. Sykes,C,0,6,Shirley
Mrs. Sykes,I,0,6,Shirley
Mrs. Sykes,A,0,6,Shirley
Mrs. Sykes,DC,0,6,Shirley
Mrs. Sykes,DN,0,6,Shirley
Mrs. Yorke,N,0,6,Shirley
Mrs. Yorke,C,0,6,Shirley
Mrs. Yorke,I,0,6,Shirley
Mrs. Yorke,A,0,6,Shirley
Mrs. Yorke,DC,0,6,Shirley
Mrs. Yorke,DN,0,6,Shirley
Murgatroyd,N,1,6,Shirley
Murgatroyd,C,0,6,Shirley
Murgatroyd,I,0,6,Shirley
Murgatroyd,A,1,6,Shirley
Murgatroyd,DC,0,6,Shirley
Murgatroyd,DN,0,6,Shirley
Napoleon,N,0,6,Shirley
Napoleon,C,0,6,Shirley
Napoleon,I,0,6,Shirley
Napoleon,A,0,6,Shirley
Napoleon,DC,0,6,Shirley
Napoleon,DN,0,6,Shirley
Nature,N,0,6,Shirley
Nature,C,0,6,Shirley
Nature,I,0,6,Shirley
Nature,A,0,6,Shirley
Nature,DC,0,6,Shirley
Nature,DN,0,6,Shirley
Pearson,N,0,6,Shirley
Pearson,C,0,6,Shirley
Pearson,I,0,6,Shirley
Pearson,A,0,6,Shirley
Pearson,DC,0,6,Shirley
Pearson,DN,0,6,Shirley
Peg Woffington.= CHARLES READE,N,0,6,Shirley
Peg Woffington.= CHARLES READE,C,0,6,Shirley
Peg Woffington.= CHARLES READE,I,0,6,Shirley
Peg Woffington.= CHARLES READE,A,0,6,Shirley
Peg Woffington.= CHARLES READE,DC,0,6,Shirley
Peg Woffington.= CHARLES READE,DN,0,6,Shirley
Peter,N,0,6,Shirley
Peter,C,0,6,Shirley
Peter,I,0,6,Shirley
Peter,A,0,6,Shirley
Peter,DC,0,6,Shirley
Peter,DN,0,6,Shirley
Phœbe,N,0,6,Shirley
Phœbe,C,0,6,Shirley
Phœbe,I,0,6,Shirley
Phœbe,A,0,6,Shirley
Phœbe,DC,0,6,Shirley
Phœbe,DN,0,6,Shirley
Providence,N,0,6,Shirley
Providence,C,0,6,Shirley
Providence,I,0,6,Shirley
Providence,A,0,6,Shirley
Providence,DC,0,6,Shirley
Providence,DN,0,6,Shirley
Robert,N,22,6,Shirley
Robert,C,9,6,Shirley
Robert,I,13,6,Shirley
Robert,A,12,6,Shirley
Robert,DC,2,6,Shirley
Robert,DN,4,6,Shirley
Rose,N,0,6,Shirley
Rose,C,0,6,Shirley
Rose,I,0,6,Shirley
Rose,A,0,6,Shirley
Rose,DC,0,6,Shirley
Rose,DN,0,6,Shirley
Sarah,N,14,6,Shirley
Sarah,C,1,6,Shirley
Sarah,I,3,6,Shirley
Sarah,A,11,6,Shirley
Sarah,DC,1,6,Shirley
Sarah,DN,5,6,Shirley
Saturnia,N,0,6,Shirley
Saturnia,C,0,6,Shirley
Saturnia,I,0,6,Shirley
Saturnia,A,0,6,Shirley
Saturnia,DC,0,6,Shirley
Saturnia,DN,0,6,Shirley
Shakespeare,N,5,6,Shirley
Shakespeare,C,0,6,Shirley
Shakespeare,I,0,6,Shirley
Shakespeare,A,1,6,Shirley
Shakespeare,DC,5,6,Shirley
Shakespeare,DN,0,6,Shirley
Shirley,N,0,6,Shirley
Shirley,C,0,6,Shirley
Shirley,I,0,6,Shirley
Shirley,A,0,6,Shirley
Shirley,DC,0,6,Shirley
Shirley,DN,0,6,Shirley
Sir Philip,N,0,6,Shirley
Sir Philip,C,0,6,Shirley
Sir Philip,I,0,6,Shirley
Sir Philip,A,0,6,Shirley
Sir Philip,DC,0,6,Shirley
Sir Philip,DN,0,6,Shirley
Sir Walter Scott,N,0,6,Shirley
Sir Walter Scott,C,0,6,Shirley
Sir Walter Scott,I,0,6,Shirley
Sir Walter Scott,A,0,6,Shirley
Sir Walter Scott,DC,0,6,Shirley
Sir Walter Scott,DN,0,6,Shirley
Sister,N,0,6,Shirley
Sister,C,0,6,Shirley
Sister,I,0,6,Shirley
Sister,A,0,6,Shirley
Sister,DC,0,6,Shirley
Sister,DN,0,6,Shirley
St. Paul,N,1,6,Shirley
St. Paul,C,1,6,Shirley
St. Paul,I,0,6,Shirley
St. Paul,A,0,6,Shirley
St. Paul,DC,0,6,Shirley
St. Paul,DN,0,6,Shirley
Stilbro,N,1,6,Shirley
Stilbro,C,0,6,Shirley
Stilbro,I,0,6,Shirley
Stilbro,A,0,6,Shirley
Stilbro,DC,0,6,Shirley
Stilbro,DN,0,6,Shirley
Sudgen,N,0,6,Shirley
Sudgen,C,0,6,Shirley
Sudgen,I,0,6,Shirley
Sudgen,A,0,6,Shirley
Sudgen,DC,0,6,Shirley
Sudgen,DN,0,6,Shirley
Sugden,N,0,6,Shirley
Sugden,C,0,6,Shirley
Sugden,I,0,6,Shirley
Sugden,A,0,6,Shirley
Sugden,DC,0,6,Shirley
Sugden,DN,0,6,Shirley
Sweeting,N,0,6,Shirley
Sweeting,C,0,6,Shirley
Sweeting,I,0,6,Shirley
Sweeting,A,0,6,Shirley
Sweeting,DC,0,6,Shirley
Sweeting,DN,0,6,Shirley
Tartar,N,0,6,Shirley
Tartar,C,0,6,Shirley
Tartar,I,0,6,Shirley
Tartar,A,0,6,Shirley
Tartar,DC,0,6,Shirley
Tartar,DN,0,6,Shirley
The Cossack,N,0,6,Shirley
The Cossack,C,0,6,Shirley
The Cossack,I,0,6,Shirley
The Cossack,A,0,6,Shirley
The Cossack,DC,0,6,Shirley
The Cossack,DN,0,6,Shirley
These Oreads,N,0,6,Shirley
These Oreads,C,0,6,Shirley
These Oreads,I,0,6,Shirley
These Oreads,A,0,6,Shirley
These Oreads,DC,0,6,Shirley
These Oreads,DN,0,6,Shirley
Tom Cringle,N,0,6,Shirley
Tom Cringle,C,0,6,Shirley
Tom Cringle,I,0,6,Shirley
Tom Cringle,A,0,6,Shirley
Tom Cringle,DC,0,6,Shirley
Tom Cringle,DN,0,6,Shirley
Uncle,N,0,6,Shirley
Uncle,C,0,6,Shirley
Uncle,I,0,6,Shirley
Uncle,A,0,6,Shirley
Uncle,DC,0,6,Shirley
Uncle,DN,0,6,Shirley
VICTOR HUGO,N,0,6,Shirley
VICTOR HUGO,C,0,6,Shirley
VICTOR HUGO,I,0,6,Shirley
VICTOR HUGO,A,0,6,Shirley
VICTOR HUGO,DC,0,6,Shirley
VICTOR HUGO,DN,0,6,Shirley
Whinbury,N,0,6,Shirley
Whinbury,C,0,6,Shirley
Whinbury,I,0,6,Shirley
Whinbury,A,0,6,Shirley
Whinbury,DC,0,6,Shirley
Whinbury,DN,0,6,Shirley
William,N,1,6,Shirley
William,C,0,6,Shirley
William,I,0,6,Shirley
William,A,2,6,Shirley
William,DC,0,6,Shirley
William,DN,0,6,Shirley
mademoiselle,N,12,6,Shirley
mademoiselle,C,21,6,Shirley
mademoiselle,I,8,6,Shirley
mademoiselle,A,17,6,Shirley
mademoiselle,DC,1,6,Shirley
mademoiselle,DN,3,6,Shirley
old Lady Nunnely,N,0,6,Shirley
old Lady Nunnely,C,0,6,Shirley
old Lady Nunnely,I,0,6,Shirley
old Lady Nunnely,A,0,6,Shirley
old Lady Nunnely,DC,0,6,Shirley
old Lady Nunnely,DN,0,6,Shirley
old Queen Charlotte,N,0,6,Shirley
old Queen Charlotte,C,0,6,Shirley
old Queen Charlotte,I,0,6,Shirley
old Queen Charlotte,A,0,6,Shirley
old Queen Charlotte,DC,0,6,Shirley
old Queen Charlotte,DN,0,6,Shirley
the Misses Sykes,N,0,6,Shirley
the Misses Sykes,C,0,6,Shirley
the Misses Sykes,I,0,6,Shirley
the Misses Sykes,A,0,6,Shirley
the Misses Sykes,DC,0,6,Shirley
the Misses Sykes,DN,0,6,Shirley
the Misses Sympson,N,0,6,Shirley
the Misses Sympson,C,0,6,Shirley
the Misses Sympson,I,0,6,Shirley
the Misses Sympson,A,0,6,Shirley
the Misses Sympson,DC,0,6,Shirley
the Misses Sympson,DN,0,6,Shirley
the Moores,N,0,6,Shirley
the Moores,C,0,6,Shirley
the Moores,I,0,6,Shirley
the Moores,A,0,6,Shirley
the Moores,DC,0,6,Shirley
the Moores,DN,0,6,Shirley
the Sympsons,N,0,6,Shirley
the Sympsons,C,0,6,Shirley
the Sympsons,I,0,6,Shirley
the Sympsons,A,0,6,Shirley
the Sympsons,DC,0,6,Shirley
the Sympsons,DN,0,6,Shirley
Abraham,N,0,7,Shirley
Abraham,C,0,7,Shirley
Abraham,I,0,7,Shirley
Abraham,A,0,7,Shirley
Abraham,DC,0,7,Shirley
Abraham,DN,0,7,Shirley
Adam,N,0,7,Shirley
Adam,C,0,7,Shirley
Adam,I,0,7,Shirley
Adam,A,0,7,Shirley
Adam,DC,0,7,Shirley
Adam,DN,0,7,Shirley
Bob,N,3,7,Shirley
Bob,C,0,7,Shirley
Bob,I,0,7,Shirley
Bob,A,0,7,Shirley
Bob,DC,2,7,Shirley
Bob,DN,0,7,Shirley
Bonaparte,N,0,7,Shirley
Bonaparte,C,0,7,Shirley
Bonaparte,I,0,7,Shirley
Bonaparte,A,0,7,Shirley
Bonaparte,DC,0,7,Shirley
Bonaparte,DN,0,7,Shirley
Boultby,N,0,7,Shirley
Boultby,C,0,7,Shirley
Boultby,I,0,7,Shirley
Boultby,A,0,7,Shirley
Boultby,DC,0,7,Shirley
Boultby,DN,0,7,Shirley
Briarmains,N,0,7,Shirley
Briarmains,C,0,7,Shirley
Briarmains,I,0,7,Shirley
Briarmains,A,0,7,Shirley
Briarmains,DC,0,7,Shirley
Briarmains,DN,0,7,Shirley
CHARLES DICKENS,N,0,7,Shirley
CHARLES DICKENS,C,0,7,Shirley
CHARLES DICKENS,I,0,7,Shirley
CHARLES DICKENS,A,0,7,Shirley
CHARLES DICKENS,DC,0,7,Shirley
CHARLES DICKENS,DN,0,7,Shirley
Captain Keeldar,N,0,7,Shirley
Captain Keeldar,C,0,7,Shirley
Captain Keeldar,I,0,7,Shirley
Captain Keeldar,A,0,7,Shirley
Captain Keeldar,DC,0,7,Shirley
Captain Keeldar,DN,0,7,Shirley
Caroline,N,47,7,Shirley
Caroline,C,32,7,Shirley
Caroline,I,31,7,Shirley
Caroline,A,49,7,Shirley
Caroline,DC,5,7,Shirley
Caroline,DN,11,7,Shirley
"Caroline--""She",N,0,7,Shirley
"Caroline--""She",C,0,7,Shirley
"Caroline--""She",I,0,7,Shirley
"Caroline--""She",A,0,7,Shirley
"Caroline--""She",DC,0,7,Shirley
"Caroline--""She",DN,0,7,Shirley
Cary,N,0,7,Shirley
Cary,C,0,7,Shirley
Cary,I,0,7,Shirley
Cary,A,0,7,Shirley
Cary,DC,0,7,Shirley
Cary,DN,0,7,Shirley
Castlereagh,N,0,7,Shirley
Castlereagh,C,0,7,Shirley
Castlereagh,I,0,7,Shirley
Castlereagh,A,0,7,Shirley
Castlereagh,DC,0,7,Shirley
Castlereagh,DN,0,7,Shirley
Chénier,N,1,7,Shirley
Chénier,C,0,7,Shirley
Chénier,I,0,7,Shirley
Chénier,A,0,7,Shirley
Chénier,DC,0,7,Shirley
Chénier,DN,0,7,Shirley
Coriolanus,N,0,7,Shirley
Coriolanus,C,0,7,Shirley
Coriolanus,I,0,7,Shirley
Coriolanus,A,0,7,Shirley
Coriolanus,DC,0,7,Shirley
Coriolanus,DN,0,7,Shirley
Cowper,N,0,7,Shirley
Cowper,C,0,7,Shirley
Cowper,I,0,7,Shirley
Cowper,A,0,7,Shirley
Cowper,DC,0,7,Shirley
Cowper,DN,0,7,Shirley
Cyril Hall,N,0,7,Shirley
Cyril Hall,C,0,7,Shirley
Cyril Hall,I,0,7,Shirley
Cyril Hall,A,0,7,Shirley
Cyril Hall,DC,0,7,Shirley
Cyril Hall,DN,0,7,Shirley
Daniel,N,0,7,Shirley
Daniel,C,0,7,Shirley
Daniel,I,0,7,Shirley
Daniel,A,0,7,Shirley
Daniel,DC,0,7,Shirley
Daniel,DN,0,7,Shirley
Davy,N,0,7,Shirley
Davy,C,0,7,Shirley
Davy,I,0,7,Shirley
Davy,A,0,7,Shirley
Davy,DC,0,7,Shirley
Davy,DN,0,7,Shirley
Donne,N,14,7,Shirley
Donne,C,7,7,Shirley
Donne,I,10,7,Shirley
Donne,A,30,7,Shirley
Donne,DC,0,7,Shirley
Donne,DN,4,7,Shirley
Dora,N,2,7,Shirley
Dora,C,0,7,Shirley
Dora,I,0,7,Shirley
Dora,A,2,7,Shirley
Dora,DC,0,7,Shirley
Dora,DN,3,7,Shirley
Dr. Boultby,N,0,7,Shirley
Dr. Boultby,C,0,7,Shirley
Dr. Boultby,I,0,7,Shirley
Dr. Boultby,A,0,7,Shirley
Dr. Boultby,DC,0,7,Shirley
Dr. Boultby,DN,0,7,Shirley
Eliza,N,4,7,Shirley
Eliza,C,2,7,Shirley
Eliza,I,2,7,Shirley
Eliza,A,2,7,Shirley
Eliza,DC,1,7,Shirley
Eliza,DN,0,7,Shirley
Eva,N,0,7,Shirley
Eva,C,0,7,Shirley
Eva,I,0,7,Shirley
Eva,A,0,7,Shirley
Eva,DC,0,7,Shirley
Eva,DN,0,7,Shirley
Eve,N,0,7,Shirley
Eve,C,0,7,Shirley
Eve,I,0,7,Shirley
Eve,A,0,7,Shirley
Eve,DC,0,7,Shirley
Eve,DN,0,7,Shirley
Fanny,N,9,7,Shirley
Fanny,C,1,7,Shirley
Fanny,I,2,7,Shirley
Fanny,A,7,7,Shirley
Fanny,DC,3,7,Shirley
Fanny,DN,0,7,Shirley
Farrens,N,0,7,Shirley
Farrens,C,0,7,Shirley
Farrens,I,0,7,Shirley
Farrens,A,0,7,Shirley
Farrens,DC,0,7,Shirley
Farrens,DN,0,7,Shirley
Fieldhead,N,0,7,Shirley
Fieldhead,C,0,7,Shirley
Fieldhead,I,0,7,Shirley
Fieldhead,A,0,7,Shirley
Fieldhead,DC,0,7,Shirley
Fieldhead,DN,0,7,Shirley
Fortune,N,1,7,Shirley
Fortune,C,0,7,Shirley
Fortune,I,0,7,Shirley
Fortune,A,1,7,Shirley
Fortune,DC,0,7,Shirley
Fortune,DN,1,7,Shirley
God,N,0,7,Shirley
God,C,0,7,Shirley
God,I,0,7,Shirley
God,A,0,7,Shirley
God,DC,0,7,Shirley
God,DN,0,7,Shirley
Grace,N,0,7,Shirley
Grace,C,0,7,Shirley
Grace,I,0,7,Shirley
Grace,A,0,7,Shirley
Grace,DC,0,7,Shirley
Grace,DN,0,7,Shirley
Hannah,N,9,7,Shirley
Hannah,C,0,7,Shirley
Hannah,I,0,7,Shirley
Hannah,A,2,7,Shirley
Hannah,DC,0,7,Shirley
Hannah,DN,2,7,Shirley
Harriet,N,5,7,Shirley
Harriet,C,2,7,Shirley
Harriet,I,2,7,Shirley
Harriet,A,6,7,Shirley
Harriet,DC,0,7,Shirley
Harriet,DN,1,7,Shirley
Helstone,N,0,7,Shirley
Helstone,C,0,7,Shirley
Helstone,I,0,7,Shirley
Helstone,A,0,7,Shirley
Helstone,DC,0,7,Shirley
Helstone,DN,0,7,Shirley
Henry,N,0,7,Shirley
Henry,C,0,7,Shirley
Henry,I,0,7,Shirley
Henry,A,0,7,Shirley
Henry,DC,0,7,Shirley
Henry,DN,0,7,Shirley
Hiram Yorke,N,0,7,Shirley
Hiram Yorke,C,0,7,Shirley
Hiram Yorke,I,0,7,Shirley
Hiram Yorke,A,0,7,Shirley
Hiram Yorke,DC,0,7,Shirley
Hiram Yorke,DN,0,7,Shirley
Hollow,N,2,7,Shirley
Hollow,C,0,7,Shirley
Hollow,I,0,7,Shirley
Hollow,A,0,7,Shirley
Hollow,DC,0,7,Shirley
Hollow,DN,0,7,Shirley
Hortense,N,2,7,Shirley
Hortense,C,0,7,Shirley
Hortense,I,0,7,Shirley
Hortense,A,0,7,Shirley
Hortense,DC,0,7,Shirley
Hortense,DN,0,7,Shirley
Isabella,N,0,7,Shirley
Isabella,C,0,7,Shirley
Isabella,I,0,7,Shirley
Isabella,A,0,7,Shirley
Isabella,DC,0,7,Shirley
Isabella,DN,0,7,Shirley
James,N,0,7,Shirley
James,C,0,7,Shirley
James,I,0,7,Shirley
James,A,0,7,Shirley
James,DC,0,7,Shirley
James,DN,0,7,Shirley
Jessy,N,0,7,Shirley
Jessy,C,0,7,Shirley
Jessy,I,0,7,Shirley
Jessy,A,0,7,Shirley
Jessy,DC,0,7,Shirley
Jessy,DN,0,7,Shirley
Joe,N,0,7,Shirley
Joe,C,0,7,Shirley
Joe,I,0,7,Shirley
Joe,A,0,7,Shirley
Joe,DC,0,7,Shirley
Joe,DN,0,7,Shirley
John,N,0,7,Shirley
John,C,0,7,Shirley
John,I,0,7,Shirley
John,A,0,7,Shirley
John,DC,0,7,Shirley
John,DN,0,7,Shirley
John Wesley,N,0,7,Shirley
John Wesley,C,0,7,Shirley
John Wesley,I,0,7,Shirley
John Wesley,A,0,7,Shirley
John Wesley,DC,0,7,Shirley
John Wesley,DN,0,7,Shirley
Lamb,N,0,7,Shirley
Lamb,C,0,7,Shirley
Lamb,I,0,7,Shirley
Lamb,A,0,7,Shirley
Lamb,DC,0,7,Shirley
Lamb,DN,0,7,Shirley
Lina,N,2,7,Shirley
Lina,C,1,7,Shirley
Lina,I,1,7,Shirley
Lina,A,1,7,Shirley
Lina,DC,0,7,Shirley
Lina,DN,0,7,Shirley
Lord Wellington,N,1,7,Shirley
Lord Wellington,C,0,7,Shirley
Lord Wellington,I,0,7,Shirley
Lord Wellington,A,0,7,Shirley
Lord Wellington,DC,0,7,Shirley
Lord Wellington,DN,0,7,Shirley
Louis,N,0,7,Shirley
Louis,C,0,7,Shirley
Louis,I,0,7,Shirley
Louis,A,0,7,Shirley
Louis,DC,0,7,Shirley
Louis,DN,0,7,Shirley
Lucretia,N,0,7,Shirley
Lucretia,C,0,7,Shirley
Lucretia,I,0,7,Shirley
Lucretia,A,0,7,Shirley
Lucretia,DC,0,7,Shirley
Lucretia,DN,0,7,Shirley
MATTERS,N,0,7,Shirley
MATTERS,C,0,7,Shirley
MATTERS,I,0,7,Shirley
MATTERS,A,0,7,Shirley
MATTERS,DC,0,7,Shirley
MATTERS,DN,0,7,Shirley
MacTurk,N,0,7,Shirley
MacTurk,C,0,7,Shirley
MacTurk,I,0,7,Shirley
MacTurk,A,0,7,Shirley
MacTurk,DC,0,7,Shirley
MacTurk,DN,0,7,Shirley
Malone,N,8,7,Shirley
Malone,C,0,7,Shirley
Malone,I,4,7,Shirley
Malone,A,10,7,Shirley
Malone,DC,0,7,Shirley
Malone,DN,6,7,Shirley
Malone.--I,N,0,7,Shirley
Malone.--I,C,0,7,Shirley
Malone.--I,I,0,7,Shirley
Malone.--I,A,0,7,Shirley
Malone.--I,DC,0,7,Shirley
Malone.--I,DN,0,7,Shirley
Mamma,N,0,7,Shirley
Mamma,C,0,7,Shirley
Mamma,I,0,7,Shirley
Mamma,A,0,7,Shirley
Mamma,DC,0,7,Shirley
Mamma,DN,0,7,Shirley
Margaret,N,0,7,Shirley
Margaret,C,0,7,Shirley
Margaret,I,0,7,Shirley
Margaret,A,0,7,Shirley
Margaret,DC,0,7,Shirley
Margaret,DN,0,7,Shirley
Mark,N,0,7,Shirley
Mark,C,0,7,Shirley
Mark,I,0,7,Shirley
Mark,A,0,7,Shirley
Mark,DC,0,7,Shirley
Mark,DN,0,7,Shirley
Martin,N,0,7,Shirley
Martin,C,0,7,Shirley
Martin,I,0,7,Shirley
Martin,A,0,7,Shirley
Martin,DC,0,7,Shirley
Martin,DN,0,7,Shirley
Mary,N,2,7,Shirley
Mary,C,0,7,Shirley
Mary,I,0,7,Shirley
Mary,A,2,7,Shirley
Mary,DC,5,7,Shirley
Mary,DN,0,7,Shirley
Mary Ann Ainley,N,0,7,Shirley
Mary Ann Ainley,C,0,7,Shirley
Mary Ann Ainley,I,0,7,Shirley
Mary Ann Ainley,A,0,7,Shirley
Mary Ann Ainley,DC,0,7,Shirley
Mary Ann Ainley,DN,0,7,Shirley
Matthew,N,0,7,Shirley
Matthew,C,0,7,Shirley
Matthew,I,0,7,Shirley
Matthew,A,0,7,Shirley
Matthew,DC,0,7,Shirley
Matthew,DN,0,7,Shirley
Matthewson Helstone,N,2,7,Shirley
Matthewson Helstone,C,0,7,Shirley
Matthewson Helstone,I,0,7,Shirley
Matthewson Helstone,A,1,7,Shirley
Matthewson Helstone,DC,0,7,Shirley
Matthewson Helstone,DN,0,7,Shirley
Mike,N,0,7,Shirley
Mike,C,0,7,Shirley
Mike,I,0,7,Shirley
Mike,A,0,7,Shirley
Mike,DC,0,7,Shirley
Mike,DN,0,7,Shirley
Miss Ainley,N,0,7,Shirley
Miss Ainley,C,0,7,Shirley
Miss Ainley,I,0,7,Shirley
Miss Ainley,A,0,7,Shirley
Miss Ainley,DC,0,7,Shirley
Miss Ainley,DN,0,7,Shirley
Miss Austen,N,0,7,Shirley
Miss Austen,C,0,7,Shirley
Miss Austen,I,0,7,Shirley
Miss Austen,A,0,7,Shirley
Miss Austen,DC,0,7,Shirley
Miss Austen,DN,0,7,Shirley
Miss Cave,N,0,7,Shirley
Miss Cave,C,0,7,Shirley
Miss Cave,I,0,7,Shirley
Miss Cave,A,0,7,Shirley
Miss Cave,DC,0,7,Shirley
Miss Cave,DN,0,7,Shirley
Miss Grey,N,0,7,Shirley
Miss Grey,C,0,7,Shirley
Miss Grey,I,0,7,Shirley
Miss Grey,A,0,7,Shirley
Miss Grey,DC,0,7,Shirley
Miss Grey,DN,0,7,Shirley
Miss Hardman,N,0,7,Shirley
Miss Hardman,C,0,7,Shirley
Miss Hardman,I,0,7,Shirley
Miss Hardman,A,0,7,Shirley
Miss Hardman,DC,0,7,Shirley
Miss Hardman,DN,0,7,Shirley
Miss Mann,N,0,7,Shirley
Miss Mann,C,0,7,Shirley
Miss Mann,I,0,7,Shirley
Miss Mann,A,0,7,Shirley
Miss Mann,DC,0,7,Shirley
Miss Mann,DN,0,7,Shirley
Miss Mary,N,8,7,Shirley
Miss Mary,C,1,7,Shirley
Miss Mary,I,0,7,Shirley
Miss Mary,A,1,7,Shirley
Miss Mary,DC,0,7,Shirley
Miss Mary,DN,1,7,Shirley
Miss Moore,N,0,7,Shirley
Miss Moore,C,0,7,Shirley
Miss Moore,I,0,7,Shirley
Miss Moore,A,0,7,Shirley
Miss Moore,DC,0,7,Shirley
Miss Moore,DN,0,7,Shirley
Miss Pearson,N,0,7,Shirley
Miss Pearson,C,0,7,Shirley
Miss Pearson,I,0,7,Shirley
Miss Pearson,A,0,7,Shirley
Miss Pearson,DC,0,7,Shirley
Miss Pearson,DN,0,7,Shirley
Moore,N,0,7,Shirley
Moore,C,0,7,Shirley
Moore,I,0,7,Shirley
Moore,A,0,7,Shirley
Moore,DC,0,7,Shirley
Moore,DN,0,7,Shirley
Moses,N,0,7,Shirley
Moses,C,0,7,Shirley
Moses,I,0,7,Shirley
Moses,A,0,7,Shirley
Moses,DC,0,7,Shirley
Moses,DN,0,7,Shirley
Mother,N,0,7,Shirley
Mother,C,0,7,Shirley
Mother,I,0,7,Shirley
Mother,A,0,7,Shirley
Mother,DC,0,7,Shirley
Mother,DN,0,7,Shirley
Mr. Barraclough,N,0,7,Shirley
Mr. Barraclough,C,0,7,Shirley
Mr. Barraclough,I,0,7,Shirley
Mr. Barraclough,A,0,7,Shirley
Mr. Barraclough,DC,0,7,Shirley
Mr. Barraclough,DN,0,7,Shirley
Mr. Gale,N,0,7,Shirley
Mr. Gale,C,0,7,Shirley
Mr. Gale,I,0,7,Shirley
Mr. Gale,A,0,7,Shirley
Mr. Gale,DC,0,7,Shirley
Mr. Gale,DN,0,7,Shirley
Mr. Hall,N,0,7,Shirley
Mr. Hall,C,0,7,Shirley
Mr. Hall,I,0,7,Shirley
Mr. Hall,A,0,7,Shirley
Mr. Hall,DC,0,7,Shirley
Mr. Hall,DN,0,7,Shirley
Mr. Helstone,N,19,7,Shirley
Mr. Helstone,C,12,7,Shirley
Mr. Helstone,I,11,7,Shirley
Mr. Helstone,A,23,7,Shirley
Mr. Helstone,DC,13,7,Shirley
Mr. Helstone,DN,7,7,Shirley
Mr. Moore,N,5,7,Shirley
Mr. Moore,C,0,7,Shirley
Mr. Moore,I,6,7,Shirley
Mr. Moore,A,3,7,Shirley
Mr. Moore,DC,6,7,Shirley
Mr. Moore,DN,0,7,Shirley
Mr. Moore----,N,0,7,Shirley
Mr. Moore----,C,0,7,Shirley
Mr. Moore----,I,0,7,Shirley
Mr. Moore----,A,0,7,Shirley
Mr. Moore----,DC,0,7,Shirley
Mr. Moore----,DN,0,7,Shirley
Mr. Ramsden,N,0,7,Shirley
Mr. Ramsden,C,0,7,Shirley
Mr. Ramsden,I,0,7,Shirley
Mr. Ramsden,A,0,7,Shirley
Mr. Ramsden,DC,0,7,Shirley
Mr. Ramsden,DN,0,7,Shirley
Mr. Sykes,N,0,7,Shirley
Mr. Sykes,C,0,7,Shirley
Mr. Sykes,I,0,7,Shirley
Mr. Sykes,A,0,7,Shirley
Mr. Sykes,DC,0,7,Shirley
Mr. Sykes,DN,0,7,Shirley
Mr. Sympson,N,0,7,Shirley
Mr. Sympson,C,0,7,Shirley
Mr. Sympson,I,0,7,Shirley
Mr. Sympson,A,0,7,Shirley
Mr. Sympson,DC,0,7,Shirley
Mr. Sympson,DN,0,7,Shirley
Mr. Wynne,N,0,7,Shirley
Mr. Wynne,C,0,7,Shirley
Mr. Wynne,I,0,7,Shirley
Mr. Wynne,A,0,7,Shirley
Mr. Wynne,DC,0,7,Shirley
Mr. Wynne,DN,0,7,Shirley
Mr. Yorke,N,0,7,Shirley
Mr. Yorke,C,0,7,Shirley
Mr. Yorke,I,0,7,Shirley
Mr. Yorke,A,0,7,Shirley
Mr. Yorke,DC,0,7,Shirley
Mr. Yorke,DN,0,7,Shirley
Mrs. Gale,N,0,7,Shirley
Mrs. Gale,C,0,7,Shirley
Mrs. Gale,I,0,7,Shirley
Mrs. Gale,A,0,7,Shirley
Mrs. Gale,DC,0,7,Shirley
Mrs. Gale,DN,0,7,Shirley
Mrs. Gill,N,0,7,Shirley
Mrs. Gill,C,0,7,Shirley
Mrs. Gill,I,0,7,Shirley
Mrs. Gill,A,0,7,Shirley
Mrs. Gill,DC,0,7,Shirley
Mrs. Gill,DN,0,7,Shirley
Mrs. Hardman,N,0,7,Shirley
Mrs. Hardman,C,0,7,Shirley
Mrs. Hardman,I,0,7,Shirley
Mrs. Hardman,A,0,7,Shirley
Mrs. Hardman,DC,0,7,Shirley
Mrs. Hardman,DN,0,7,Shirley
Mrs. Horsfall,N,0,7,Shirley
Mrs. Horsfall,C,0,7,Shirley
Mrs. Horsfall,I,0,7,Shirley
Mrs. Horsfall,A,0,7,Shirley
Mrs. Horsfall,DC,0,7,Shirley
Mrs. Horsfall,DN,0,7,Shirley
Mrs. Louis,N,0,7,Shirley
Mrs. Louis,C,0,7,Shirley
Mrs. Louis,I,0,7,Shirley
Mrs. Louis,A,0,7,Shirley
Mrs. Louis,DC,0,7,Shirley
Mrs. Louis,DN,0,7,Shirley
Mrs. Pryor,N,0,7,Shirley
Mrs. Pryor,C,0,7,Shirley
Mrs. Pryor,I,0,7,Shirley
Mrs. Pryor,A,0,7,Shirley
Mrs. Pryor,DC,0,7,Shirley
Mrs. Pryor,DN,0,7,Shirley
Mrs. Sykes,N,15,7,Shirley
Mrs. Sykes,C,5,7,Shirley
Mrs. Sykes,I,5,7,Shirley
Mrs. Sykes,A,7,7,Shirley
Mrs. Sykes,DC,4,7,Shirley
Mrs. Sykes,DN,0,7,Shirley
Mrs. Yorke,N,0,7,Shirley
Mrs. Yorke,C,0,7,Shirley
Mrs. Yorke,I,0,7,Shirley
Mrs. Yorke,A,0,7,Shirley
Mrs. Yorke,DC,0,7,Shirley
Mrs. Yorke,DN,0,7,Shirley
Murgatroyd,N,0,7,Shirley
Murgatroyd,C,0,7,Shirley
Murgatroyd,I,0,7,Shirley
Murgatroyd,A,0,7,Shirley
Murgatroyd,DC,0,7,Shirley
Murgatroyd,DN,0,7,Shirley
Napoleon,N,0,7,Shirley
Napoleon,C,0,7,Shirley
Napoleon,I,0,7,Shirley
Napoleon,A,0,7,Shirley
Napoleon,DC,0,7,Shirley
Napoleon,DN,0,7,Shirley
Nature,N,2,7,Shirley
Nature,C,0,7,Shirley
Nature,I,1,7,Shirley
Nature,A,0,7,Shirley
Nature,DC,0,7,Shirley
Nature,DN,1,7,Shirley
Pearson,N,1,7,Shirley
Pearson,C,0,7,Shirley
Pearson,I,0,7,Shirley
Pearson,A,0,7,Shirley
Pearson,DC,1,7,Shirley
Pearson,DN,0,7,Shirley
Peg Woffington.= CHARLES READE,N,0,7,Shirley
Peg Woffington.= CHARLES READE,C,0,7,Shirley
Peg Woffington.= CHARLES READE,I,0,7,Shirley
Peg Woffington.= CHARLES READE,A,0,7,Shirley
Peg Woffington.= CHARLES READE,DC,0,7,Shirley
Peg Woffington.= CHARLES READE,DN,0,7,Shirley
Peter,N,4,7,Shirley
Peter,C,0,7,Shirley
Peter,I,0,7,Shirley
Peter,A,1,7,Shirley
Peter,DC,0,7,Shirley
Peter,DN,0,7,Shirley
Phœbe,N,0,7,Shirley
Phœbe,C,0,7,Shirley
Phœbe,I,0,7,Shirley
Phœbe,A,0,7,Shirley
Phœbe,DC,0,7,Shirley
Phœbe,DN,0,7,Shirley
Providence,N,0,7,Shirley
Providence,C,0,7,Shirley
Providence,I,0,7,Shirley
Providence,A,0,7,Shirley
Providence,DC,0,7,Shirley
Providence,DN,0,7,Shirley
Robert,N,30,7,Shirley
Robert,C,11,7,Shirley
Robert,I,10,7,Shirley
Robert,A,26,7,Shirley
Robert,DC,12,7,Shirley
Robert,DN,8,7,Shirley
Rose,N,0,7,Shirley
Rose,C,0,7,Shirley
Rose,I,0,7,Shirley
Rose,A,0,7,Shirley
Rose,DC,0,7,Shirley
Rose,DN,0,7,Shirley
Sarah,N,0,7,Shirley
Sarah,C,0,7,Shirley
Sarah,I,0,7,Shirley
Sarah,A,0,7,Shirley
Sarah,DC,0,7,Shirley
Sarah,DN,0,7,Shirley
Saturnia,N,0,7,Shirley
Saturnia,C,0,7,Shirley
Saturnia,I,0,7,Shirley
Saturnia,A,0,7,Shirley
Saturnia,DC,0,7,Shirley
Saturnia,DN,0,7,Shirley
Shakespeare,N,0,7,Shirley
Shakespeare,C,0,7,Shirley
Shakespeare,I,0,7,Shirley
Shakespeare,A,0,7,Shirley
Shakespeare,DC,0,7,Shirley
Shakespeare,DN,0,7,Shirley
Shirley,N,0,7,Shirley
Shirley,C,0,7,Shirley
Shirley,I,0,7,Shirley
Shirley,A,0,7,Shirley
Shirley,DC,0,7,Shirley
Shirley,DN,0,7,Shirley
Sir Philip,N,0,7,Shirley
Sir Philip,C,0,7,Shirley
Sir Philip,I,0,7,Shirley
Sir Philip,A,0,7,Shirley
Sir Philip,DC,0,7,Shirley
Sir Philip,DN,0,7,Shirley
Sir Walter Scott,N,0,7,Shirley
Sir Walter Scott,C,0,7,Shirley
Sir Walter Scott,I,0,7,Shirley
Sir Walter Scott,A,0,7,Shirley
Sir Walter Scott,DC,0,7,Shirley
Sir Walter Scott,DN,0,7,Shirley
Sister,N,0,7,Shirley
Sister,C,0,7,Shirley
Sister,I,0,7,Shirley
Sister,A,0,7,Shirley
Sister,DC,0,7,Shirley
Sister,DN,0,7,Shirley
St. Paul,N,0,7,Shirley
St. Paul,C,0,7,Shirley
St. Paul,I,0,7,Shirley
St. Paul,A,0,7,Shirley
St. Paul,DC,0,7,Shirley
St. Paul,DN,0,7,Shirley
Stilbro,N,0,7,Shirley
Stilbro,C,0,7,Shirley
Stilbro,I,0,7,Shirley
Stilbro,A,0,7,Shirley
Stilbro,DC,0,7,Shirley
Stilbro,DN,0,7,Shirley
Sudgen,N,0,7,Shirley
Sudgen,C,0,7,Shirley
Sudgen,I,0,7,Shirley
Sudgen,A,0,7,Shirley
Sudgen,DC,0,7,Shirley
Sudgen,DN,0,7,Shirley
Sugden,N,0,7,Shirley
Sugden,C,0,7,Shirley
Sugden,I,0,7,Shirley
Sugden,A,0,7,Shirley
Sugden,DC,0,7,Shirley
Sugden,DN,0,7,Shirley
Sweeting,N,9,7,Shirley
Sweeting,C,0,7,Shirley
Sweeting,I,5,7,Shirley
Sweeting,A,7,7,Shirley
Sweeting,DC,0,7,Shirley
Sweeting,DN,2,7,Shirley
Tartar,N,0,7,Shirley
Tartar,C,0,7,Shirley
Tartar,I,0,7,Shirley
Tartar,A,0,7,Shirley
Tartar,DC,0,7,Shirley
Tartar,DN,0,7,Shirley
The Cossack,N,0,7,Shirley
The Cossack,C,0,7,Shirley
The Cossack,I,0,7,Shirley
The Cossack,A,0,7,Shirley
The Cossack,DC,0,7,Shirley
The Cossack,DN,0,7,Shirley
These Oreads,N,0,7,Shirley
These Oreads,C,0,7,Shirley
These Oreads,I,0,7,Shirley
These Oreads,A,0,7,Shirley
These Oreads,DC,0,7,Shirley
These Oreads,DN,0,7,Shirley
Tom Cringle,N,0,7,Shirley
Tom Cringle,C,0,7,Shirley
Tom Cringle,I,0,7,Shirley
Tom Cringle,A,0,7,Shirley
Tom Cringle,DC,0,7,Shirley
Tom Cringle,DN,0,7,Shirley
Uncle,N,1,7,Shirley
Uncle,C,0,7,Shirley
Uncle,I,1,7,Shirley
Uncle,A,1,7,Shirley
Uncle,DC,4,7,Shirley
Uncle,DN,0,7,Shirley
VICTOR HUGO,N,0,7,Shirley
VICTOR HUGO,C,0,7,Shirley
VICTOR HUGO,I,0,7,Shirley
VICTOR HUGO,A,0,7,Shirley
VICTOR HUGO,DC,0,7,Shirley
VICTOR HUGO,DN,0,7,Shirley
Whinbury,N,0,7,Shirley
Whinbury,C,0,7,Shirley
Whinbury,I,0,7,Shirley
Whinbury,A,0,7,Shirley
Whinbury,DC,0,7,Shirley
Whinbury,DN,0,7,Shirley
William,N,0,7,Shirley
William,C,0,7,Shirley
William,I,0,7,Shirley
William,A,0,7,Shirley
William,DC,0,7,Shirley
William,DN,0,7,Shirley
mademoiselle,N,0,7,Shirley
mademoiselle,C,0,7,Shirley
mademoiselle,I,0,7,Shirley
mademoiselle,A,0,7,Shirley
mademoiselle,DC,0,7,Shirley
mademoiselle,DN,0,7,Shirley
old Lady Nunnely,N,0,7,Shirley
old Lady Nunnely,C,0,7,Shirley
old Lady Nunnely,I,0,7,Shirley
old Lady Nunnely,A,0,7,Shirley
old Lady Nunnely,DC,0,7,Shirley
old Lady Nunnely,DN,0,7,Shirley
old Queen Charlotte,N,0,7,Shirley
old Queen Charlotte,C,0,7,Shirley
old Queen Charlotte,I,0,7,Shirley
old Queen Charlotte,A,0,7,Shirley
old Queen Charlotte,DC,0,7,Shirley
old Queen Charlotte,DN,0,7,Shirley
the Misses Sykes,N,5,7,Shirley
the Misses Sykes,C,0,7,Shirley
the Misses Sykes,I,0,7,Shirley
the Misses Sykes,A,2,7,Shirley
the Misses Sykes,DC,0,7,Shirley
the Misses Sykes,DN,0,7,Shirley
the Misses Sympson,N,0,7,Shirley
the Misses Sympson,C,0,7,Shirley
the Misses Sympson,I,0,7,Shirley
the Misses Sympson,A,0,7,Shirley
the Misses Sympson,DC,0,7,Shirley
the Misses Sympson,DN,0,7,Shirley
the Moores,N,0,7,Shirley
the Moores,C,0,7,Shirley
the Moores,I,0,7,Shirley
the Moores,A,0,7,Shirley
the Moores,DC,0,7,Shirley
the Moores,DN,0,7,Shirley
the Sympsons,N,0,7,Shirley
the Sympsons,C,0,7,Shirley
the Sympsons,I,0,7,Shirley
the Sympsons,A,0,7,Shirley
the Sympsons,DC,0,7,Shirley
the Sympsons,DN,0,7,Shirley
Abraham,N,0,8,Shirley
Abraham,C,0,8,Shirley
Abraham,I,0,8,Shirley
Abraham,A,0,8,Shirley
Abraham,DC,0,8,Shirley
Abraham,DN,0,8,Shirley
Adam,N,0,8,Shirley
Adam,C,0,8,Shirley
Adam,I,0,8,Shirley
Adam,A,0,8,Shirley
Adam,DC,0,8,Shirley
Adam,DN,0,8,Shirley
Bob,N,0,8,Shirley
Bob,C,0,8,Shirley
Bob,I,0,8,Shirley
Bob,A,0,8,Shirley
Bob,DC,0,8,Shirley
Bob,DN,0,8,Shirley
Bonaparte,N,0,8,Shirley
Bonaparte,C,0,8,Shirley
Bonaparte,I,0,8,Shirley
Bonaparte,A,0,8,Shirley
Bonaparte,DC,0,8,Shirley
Bonaparte,DN,0,8,Shirley
Boultby,N,0,8,Shirley
Boultby,C,0,8,Shirley
Boultby,I,0,8,Shirley
Boultby,A,0,8,Shirley
Boultby,DC,0,8,Shirley
Boultby,DN,0,8,Shirley
Briarmains,N,1,8,Shirley
Briarmains,C,0,8,Shirley
Briarmains,I,0,8,Shirley
Briarmains,A,0,8,Shirley
Briarmains,DC,0,8,Shirley
Briarmains,DN,0,8,Shirley
CHARLES DICKENS,N,0,8,Shirley
CHARLES DICKENS,C,0,8,Shirley
CHARLES DICKENS,I,0,8,Shirley
CHARLES DICKENS,A,0,8,Shirley
CHARLES DICKENS,DC,0,8,Shirley
CHARLES DICKENS,DN,0,8,Shirley
Captain Keeldar,N,0,8,Shirley
Captain Keeldar,C,0,8,Shirley
Captain Keeldar,I,0,8,Shirley
Captain Keeldar,A,0,8,Shirley
Captain Keeldar,DC,0,8,Shirley
Captain Keeldar,DN,0,8,Shirley
Caroline,N,6,8,Shirley
Caroline,C,1,8,Shirley
Caroline,I,2,8,Shirley
Caroline,A,4,8,Shirley
Caroline,DC,0,8,Shirley
Caroline,DN,2,8,Shirley
"Caroline--""She",N,0,8,Shirley
"Caroline--""She",C,0,8,Shirley
"Caroline--""She",I,0,8,Shirley
"Caroline--""She",A,0,8,Shirley
"Caroline--""She",DC,0,8,Shirley
"Caroline--""She",DN,0,8,Shirley
Cary,N,0,8,Shirley
Cary,C,0,8,Shirley
Cary,I,0,8,Shirley
Cary,A,0,8,Shirley
Cary,DC,0,8,Shirley
Cary,DN,0,8,Shirley
Castlereagh,N,0,8,Shirley
Castlereagh,C,0,8,Shirley
Castlereagh,I,0,8,Shirley
Castlereagh,A,0,8,Shirley
Castlereagh,DC,0,8,Shirley
Castlereagh,DN,0,8,Shirley
Chénier,N,1,8,Shirley
Chénier,C,0,8,Shirley
Chénier,I,0,8,Shirley
Chénier,A,0,8,Shirley
Chénier,DC,0,8,Shirley
Chénier,DN,0,8,Shirley
Coriolanus,N,0,8,Shirley
Coriolanus,C,0,8,Shirley
Coriolanus,I,0,8,Shirley
Coriolanus,A,0,8,Shirley
Coriolanus,DC,0,8,Shirley
Coriolanus,DN,0,8,Shirley
Cowper,N,0,8,Shirley
Cowper,C,0,8,Shirley
Cowper,I,0,8,Shirley
Cowper,A,0,8,Shirley
Cowper,DC,0,8,Shirley
Cowper,DN,0,8,Shirley
Cyril Hall,N,0,8,Shirley
Cyril Hall,C,0,8,Shirley
Cyril Hall,I,0,8,Shirley
Cyril Hall,A,0,8,Shirley
Cyril Hall,DC,0,8,Shirley
Cyril Hall,DN,0,8,Shirley
Daniel,N,0,8,Shirley
Daniel,C,0,8,Shirley
Daniel,I,0,8,Shirley
Daniel,A,0,8,Shirley
Daniel,DC,0,8,Shirley
Daniel,DN,0,8,Shirley
Davy,N,0,8,Shirley
Davy,C,0,8,Shirley
Davy,I,0,8,Shirley
Davy,A,0,8,Shirley
Davy,DC,0,8,Shirley
Davy,DN,0,8,Shirley
Donne,N,1,8,Shirley
Donne,C,0,8,Shirley
Donne,I,0,8,Shirley
Donne,A,0,8,Shirley
Donne,DC,0,8,Shirley
Donne,DN,0,8,Shirley
Dora,N,0,8,Shirley
Dora,C,0,8,Shirley
Dora,I,0,8,Shirley
Dora,A,0,8,Shirley
Dora,DC,0,8,Shirley
Dora,DN,0,8,Shirley
Dr. Boultby,N,0,8,Shirley
Dr. Boultby,C,0,8,Shirley
Dr. Boultby,I,0,8,Shirley
Dr. Boultby,A,0,8,Shirley
Dr. Boultby,DC,0,8,Shirley
Dr. Boultby,DN,0,8,Shirley
Eliza,N,0,8,Shirley
Eliza,C,0,8,Shirley
Eliza,I,0,8,Shirley
Eliza,A,0,8,Shirley
Eliza,DC,0,8,Shirley
Eliza,DN,0,8,Shirley
Eva,N,0,8,Shirley
Eva,C,0,8,Shirley
Eva,I,0,8,Shirley
Eva,A,0,8,Shirley
Eva,DC,0,8,Shirley
Eva,DN,0,8,Shirley
Eve,N,0,8,Shirley
Eve,C,0,8,Shirley
Eve,I,0,8,Shirley
Eve,A,0,8,Shirley
Eve,DC,0,8,Shirley
Eve,DN,0,8,Shirley
Fanny,N,0,8,Shirley
Fanny,C,0,8,Shirley
Fanny,I,0,8,Shirley
Fanny,A,0,8,Shirley
Fanny,DC,0,8,Shirley
Fanny,DN,0,8,Shirley
Farrens,N,0,8,Shirley
Farrens,C,0,8,Shirley
Farrens,I,0,8,Shirley
Farrens,A,0,8,Shirley
Farrens,DC,0,8,Shirley
Farrens,DN,0,8,Shirley
Fieldhead,N,0,8,Shirley
Fieldhead,C,0,8,Shirley
Fieldhead,I,0,8,Shirley
Fieldhead,A,0,8,Shirley
Fieldhead,DC,0,8,Shirley
Fieldhead,DN,0,8,Shirley
Fortune,N,0,8,Shirley
Fortune,C,0,8,Shirley
Fortune,I,0,8,Shirley
Fortune,A,0,8,Shirley
Fortune,DC,0,8,Shirley
Fortune,DN,0,8,Shirley
God,N,5,8,Shirley
God,C,0,8,Shirley
God,I,1,8,Shirley
God,A,6,8,Shirley
God,DC,10,8,Shirley
God,DN,0,8,Shirley
Grace,N,4,8,Shirley
Grace,C,3,8,Shirley
Grace,I,2,8,Shirley
Grace,A,4,8,Shirley
Grace,DC,2,8,Shirley
Grace,DN,0,8,Shirley
Hannah,N,0,8,Shirley
Hannah,C,0,8,Shirley
Hannah,I,0,8,Shirley
Hannah,A,0,8,Shirley
Hannah,DC,0,8,Shirley
Hannah,DN,0,8,Shirley
Harriet,N,0,8,Shirley
Harriet,C,0,8,Shirley
Harriet,I,0,8,Shirley
Harriet,A,0,8,Shirley
Harriet,DC,0,8,Shirley
Harriet,DN,0,8,Shirley
Helstone,N,0,8,Shirley
Helstone,C,0,8,Shirley
Helstone,I,0,8,Shirley
Helstone,A,0,8,Shirley
Helstone,DC,0,8,Shirley
Helstone,DN,0,8,Shirley
Henry,N,2,8,Shirley
Henry,C,0,8,Shirley
Henry,I,0,8,Shirley
Henry,A,1,8,Shirley
Henry,DC,0,8,Shirley
Henry,DN,0,8,Shirley
Hiram Yorke,N,0,8,Shirley
Hiram Yorke,C,0,8,Shirley
Hiram Yorke,I,0,8,Shirley
Hiram Yorke,A,0,8,Shirley
Hiram Yorke,DC,0,8,Shirley
Hiram Yorke,DN,0,8,Shirley
Hollow,N,0,8,Shirley
Hollow,C,0,8,Shirley
Hollow,I,0,8,Shirley
Hollow,A,0,8,Shirley
Hollow,DC,0,8,Shirley
Hollow,DN,0,8,Shirley
Hortense,N,3,8,Shirley
Hortense,C,0,8,Shirley
Hortense,I,0,8,Shirley
Hortense,A,2,8,Shirley
Hortense,DC,0,8,Shirley
Hortense,DN,0,8,Shirley
Isabella,N,0,8,Shirley
Isabella,C,0,8,Shirley
Isabella,I,0,8,Shirley
Isabella,A,0,8,Shirley
Isabella,DC,0,8,Shirley
Isabella,DN,0,8,Shirley
James,N,0,8,Shirley
James,C,0,8,Shirley
James,I,0,8,Shirley
James,A,0,8,Shirley
James,DC,0,8,Shirley
James,DN,0,8,Shirley
Jessy,N,0,8,Shirley
Jessy,C,0,8,Shirley
Jessy,I,0,8,Shirley
Jessy,A,0,8,Shirley
Jessy,DC,0,8,Shirley
Jessy,DN,0,8,Shirley
Joe,N,19,8,Shirley
Joe,C,21,8,Shirley
Joe,I,3,8,Shirley
Joe,A,5,8,Shirley
Joe,DC,3,8,Shirley
Joe,DN,1,8,Shirley
John,N,0,8,Shirley
John,C,0,8,Shirley
John,I,0,8,Shirley
John,A,0,8,Shirley
John,DC,0,8,Shirley
John,DN,0,8,Shirley
John Wesley,N,0,8,Shirley
John Wesley,C,0,8,Shirley
John Wesley,I,0,8,Shirley
John Wesley,A,0,8,Shirley
John Wesley,DC,0,8,Shirley
John Wesley,DN,0,8,Shirley
Lamb,N,0,8,Shirley
Lamb,C,0,8,Shirley
Lamb,I,0,8,Shirley
Lamb,A,0,8,Shirley
Lamb,DC,0,8,Shirley
Lamb,DN,0,8,Shirley
Lina,N,0,8,Shirley
Lina,C,0,8,Shirley
Lina,I,0,8,Shirley
Lina,A,0,8,Shirley
Lina,DC,0,8,Shirley
Lina,DN,0,8,Shirley
Lord Wellington,N,0,8,Shirley
Lord Wellington,C,0,8,Shirley
Lord Wellington,I,0,8,Shirley
Lord Wellington,A,0,8,Shirley
Lord Wellington,DC,0,8,Shirley
Lord Wellington,DN,0,8,Shirley
Louis,N,0,8,Shirley
Louis,C,0,8,Shirley
Louis,I,0,8,Shirley
Louis,A,0,8,Shirley
Louis,DC,0,8,Shirley
Louis,DN,0,8,Shirley
Lucretia,N,0,8,Shirley
Lucretia,C,0,8,Shirley
Lucretia,I,0,8,Shirley
Lucretia,A,0,8,Shirley
Lucretia,DC,0,8,Shirley
Lucretia,DN,0,8,Shirley
MATTERS,N,0,8,Shirley
MATTERS,C,0,8,Shirley
MATTERS,I,0,8,Shirley
MATTERS,A,0,8,Shirley
MATTERS,DC,0,8,Shirley
MATTERS,DN,0,8,Shirley
MacTurk,N,0,8,Shirley
MacTurk,C,0,8,Shirley
MacTurk,I,0,8,Shirley
MacTurk,A,0,8,Shirley
MacTurk,DC,0,8,Shirley
MacTurk,DN,0,8,Shirley
Malone,N,2,8,Shirley
Malone,C,0,8,Shirley
Malone,I,0,8,Shirley
Malone,A,0,8,Shirley
Malone,DC,0,8,Shirley
Malone,DN,0,8,Shirley
Malone.--I,N,0,8,Shirley
Malone.--I,C,0,8,Shirley
Malone.--I,I,0,8,Shirley
Malone.--I,A,0,8,Shirley
Malone.--I,DC,0,8,Shirley
Malone.--I,DN,0,8,Shirley
Mamma,N,0,8,Shirley
Mamma,C,0,8,Shirley
Mamma,I,0,8,Shirley
Mamma,A,0,8,Shirley
Mamma,DC,0,8,Shirley
Mamma,DN,0,8,Shirley
Margaret,N,1,8,Shirley
Margaret,C,0,8,Shirley
Margaret,I,0,8,Shirley
Margaret,A,0,8,Shirley
Margaret,DC,0,8,Shirley
Margaret,DN,0,8,Shirley
Mark,N,0,8,Shirley
Mark,C,0,8,Shirley
Mark,I,0,8,Shirley
Mark,A,0,8,Shirley
Mark,DC,0,8,Shirley
Mark,DN,0,8,Shirley
Martin,N,0,8,Shirley
Martin,C,0,8,Shirley
Martin,I,0,8,Shirley
Martin,A,0,8,Shirley
Martin,DC,0,8,Shirley
Martin,DN,0,8,Shirley
Mary,N,0,8,Shirley
Mary,C,0,8,Shirley
Mary,I,0,8,Shirley
Mary,A,0,8,Shirley
Mary,DC,0,8,Shirley
Mary,DN,0,8,Shirley
Mary Ann Ainley,N,0,8,Shirley
Mary Ann Ainley,C,0,8,Shirley
Mary Ann Ainley,I,0,8,Shirley
Mary Ann Ainley,A,0,8,Shirley
Mary Ann Ainley,DC,0,8,Shirley
Mary Ann Ainley,DN,0,8,Shirley
Matthew,N,0,8,Shirley
Matthew,C,0,8,Shirley
Matthew,I,0,8,Shirley
Matthew,A,0,8,Shirley
Matthew,DC,0,8,Shirley
Matthew,DN,0,8,Shirley
Matthewson Helstone,N,0,8,Shirley
Matthewson Helstone,C,0,8,Shirley
Matthewson Helstone,I,0,8,Shirley
Matthewson Helstone,A,0,8,Shirley
Matthewson Helstone,DC,0,8,Shirley
Matthewson Helstone,DN,0,8,Shirley
Mike,N,0,8,Shirley
Mike,C,0,8,Shirley
Mike,I,0,8,Shirley
Mike,A,0,8,Shirley
Mike,DC,0,8,Shirley
Mike,DN,0,8,Shirley
Miss Ainley,N,0,8,Shirley
Miss Ainley,C,0,8,Shirley
Miss Ainley,I,0,8,Shirley
Miss Ainley,A,0,8,Shirley
Miss Ainley,DC,0,8,Shirley
Miss Ainley,DN,0,8,Shirley
Miss Austen,N,0,8,Shirley
Miss Austen,C,0,8,Shirley
Miss Austen,I,0,8,Shirley
Miss Austen,A,0,8,Shirley
Miss Austen,DC,0,8,Shirley
Miss Austen,DN,0,8,Shirley
Miss Cave,N,0,8,Shirley
Miss Cave,C,0,8,Shirley
Miss Cave,I,0,8,Shirley
Miss Cave,A,0,8,Shirley
Miss Cave,DC,0,8,Shirley
Miss Cave,DN,0,8,Shirley
Miss Grey,N,0,8,Shirley
Miss Grey,C,0,8,Shirley
Miss Grey,I,0,8,Shirley
Miss Grey,A,0,8,Shirley
Miss Grey,DC,0,8,Shirley
Miss Grey,DN,0,8,Shirley
Miss Hardman,N,0,8,Shirley
Miss Hardman,C,0,8,Shirley
Miss Hardman,I,0,8,Shirley
Miss Hardman,A,0,8,Shirley
Miss Hardman,DC,0,8,Shirley
Miss Hardman,DN,0,8,Shirley
Miss Mann,N,0,8,Shirley
Miss Mann,C,0,8,Shirley
Miss Mann,I,0,8,Shirley
Miss Mann,A,0,8,Shirley
Miss Mann,DC,0,8,Shirley
Miss Mann,DN,0,8,Shirley
Miss Mary,N,0,8,Shirley
Miss Mary,C,0,8,Shirley
Miss Mary,I,0,8,Shirley
Miss Mary,A,0,8,Shirley
Miss Mary,DC,0,8,Shirley
Miss Mary,DN,0,8,Shirley
Miss Moore,N,0,8,Shirley
Miss Moore,C,0,8,Shirley
Miss Moore,I,0,8,Shirley
Miss Moore,A,0,8,Shirley
Miss Moore,DC,0,8,Shirley
Miss Moore,DN,0,8,Shirley
Miss Pearson,N,0,8,Shirley
Miss Pearson,C,0,8,Shirley
Miss Pearson,I,0,8,Shirley
Miss Pearson,A,0,8,Shirley
Miss Pearson,DC,0,8,Shirley
Miss Pearson,DN,0,8,Shirley
Moore,N,0,8,Shirley
Moore,C,0,8,Shirley
Moore,I,0,8,Shirley
Moore,A,0,8,Shirley
Moore,DC,0,8,Shirley
Moore,DN,0,8,Shirley
Moses,N,15,8,Shirley
Moses,C,7,8,Shirley
Moses,I,5,8,Shirley
Moses,A,13,8,Shirley
Moses,DC,12,8,Shirley
Moses,DN,1,8,Shirley
Mother,N,0,8,Shirley
Mother,C,0,8,Shirley
Mother,I,0,8,Shirley
Mother,A,0,8,Shirley
Mother,DC,0,8,Shirley
Mother,DN,0,8,Shirley
Mr. Barraclough,N,9,8,Shirley
Mr. Barraclough,C,10,8,Shirley
Mr. Barraclough,I,5,8,Shirley
Mr. Barraclough,A,11,8,Shirley
Mr. Barraclough,DC,5,8,Shirley
Mr. Barraclough,DN,0,8,Shirley
Mr. Gale,N,0,8,Shirley
Mr. Gale,C,0,8,Shirley
Mr. Gale,I,0,8,Shirley
Mr. Gale,A,0,8,Shirley
Mr. Gale,DC,0,8,Shirley
Mr. Gale,DN,0,8,Shirley
Mr. Hall,N,5,8,Shirley
Mr. Hall,C,12,8,Shirley
Mr. Hall,I,8,8,Shirley
Mr. Hall,A,14,8,Shirley
Mr. Hall,DC,0,8,Shirley
Mr. Hall,DN,1,8,Shirley
Mr. Helstone,N,6,8,Shirley
Mr. Helstone,C,4,8,Shirley
Mr. Helstone,I,2,8,Shirley
Mr. Helstone,A,3,8,Shirley
Mr. Helstone,DC,3,8,Shirley
Mr. Helstone,DN,0,8,Shirley
Mr. Moore,N,31,8,Shirley
Mr. Moore,C,21,8,Shirley
Mr. Moore,I,13,8,Shirley
Mr. Moore,A,41,8,Shirley
Mr. Moore,DC,8,8,Shirley
Mr. Moore,DN,0,8,Shirley
Mr. Moore----,N,0,8,Shirley
Mr. Moore----,C,0,8,Shirley
Mr. Moore----,I,0,8,Shirley
Mr. Moore----,A,0,8,Shirley
Mr. Moore----,DC,0,8,Shirley
Mr. Moore----,DN,0,8,Shirley
Mr. Ramsden,N,0,8,Shirley
Mr. Ramsden,C,0,8,Shirley
Mr. Ramsden,I,0,8,Shirley
Mr. Ramsden,A,0,8,Shirley
Mr. Ramsden,DC,0,8,Shirley
Mr. Ramsden,DN,0,8,Shirley
Mr. Sykes,N,11,8,Shirley
Mr. Sykes,C,4,8,Shirley
Mr. Sykes,I,8,8,Shirley
Mr. Sykes,A,15,8,Shirley
Mr. Sykes,DC,3,8,Shirley
Mr. Sykes,DN,3,8,Shirley
Mr. Sympson,N,0,8,Shirley
Mr. Sympson,C,0,8,Shirley
Mr. Sympson,I,0,8,Shirley
Mr. Sympson,A,0,8,Shirley
Mr. Sympson,DC,0,8,Shirley
Mr. Sympson,DN,0,8,Shirley
Mr. Wynne,N,0,8,Shirley
Mr. Wynne,C,0,8,Shirley
Mr. Wynne,I,0,8,Shirley
Mr. Wynne,A,0,8,Shirley
Mr. Wynne,DC,0,8,Shirley
Mr. Wynne,DN,0,8,Shirley
Mr. Yorke,N,0,8,Shirley
Mr. Yorke,C,0,8,Shirley
Mr. Yorke,I,0,8,Shirley
Mr. Yorke,A,0,8,Shirley
Mr. Yorke,DC,0,8,Shirley
Mr. Yorke,DN,0,8,Shirley
Mrs. Gale,N,0,8,Shirley
Mrs. Gale,C,0,8,Shirley
Mrs. Gale,I,0,8,Shirley
Mrs. Gale,A,0,8,Shirley
Mrs. Gale,DC,0,8,Shirley
Mrs. Gale,DN,0,8,Shirley
Mrs. Gill,N,0,8,Shirley
Mrs. Gill,C,0,8,Shirley
Mrs. Gill,I,0,8,Shirley
Mrs. Gill,A,0,8,Shirley
Mrs. Gill,DC,0,8,Shirley
Mrs. Gill,DN,0,8,Shirley
Mrs. Hardman,N,0,8,Shirley
Mrs. Hardman,C,0,8,Shirley
Mrs. Hardman,I,0,8,Shirley
Mrs. Hardman,A,0,8,Shirley
Mrs. Hardman,DC,0,8,Shirley
Mrs. Hardman,DN,0,8,Shirley
Mrs. Horsfall,N,0,8,Shirley
Mrs. Horsfall,C,0,8,Shirley
Mrs. Horsfall,I,0,8,Shirley
Mrs. Horsfall,A,0,8,Shirley
Mrs. Horsfall,DC,0,8,Shirley
Mrs. Horsfall,DN,0,8,Shirley
Mrs. Louis,N,0,8,Shirley
Mrs. Louis,C,0,8,Shirley
Mrs. Louis,I,0,8,Shirley
Mrs. Louis,A,0,8,Shirley
Mrs. Louis,DC,0,8,Shirley
Mrs. Louis,DN,0,8,Shirley
Mrs. Pryor,N,0,8,Shirley
Mrs. Pryor,C,0,8,Shirley
Mrs. Pryor,I,0,8,Shirley
Mrs. Pryor,A,0,8,Shirley
Mrs. Pryor,DC,0,8,Shirley
Mrs. Pryor,DN,0,8,Shirley
Mrs. Sykes,N,1,8,Shirley
Mrs. Sykes,C,0,8,Shirley
Mrs. Sykes,I,0,8,Shirley
Mrs. Sykes,A,0,8,Shirley
Mrs. Sykes,DC,0,8,Shirley
Mrs. Sykes,DN,2,8,Shirley
Mrs. Yorke,N,0,8,Shirley
Mrs. Yorke,C,0,8,Shirley
Mrs. Yorke,I,0,8,Shirley
Mrs. Yorke,A,0,8,Shirley
Mrs. Yorke,DC,0,8,Shirley
Mrs. Yorke,DN,0,8,Shirley
Murgatroyd,N,6,8,Shirley
Murgatroyd,C,0,8,Shirley
Murgatroyd,I,1,8,Shirley
Murgatroyd,A,5,8,Shirley
Murgatroyd,DC,4,8,Shirley
Murgatroyd,DN,0,8,Shirley
Napoleon,N,0,8,Shirley
Napoleon,C,0,8,Shirley
Napoleon,I,0,8,Shirley
Napoleon,A,0,8,Shirley
Napoleon,DC,0,8,Shirley
Napoleon,DN,0,8,Shirley
Nature,N,0,8,Shirley
Nature,C,0,8,Shirley
Nature,I,0,8,Shirley
Nature,A,0,8,Shirley
Nature,DC,0,8,Shirley
Nature,DN,0,8,Shirley
Pearson,N,1,8,Shirley
Pearson,C,0,8,Shirley
Pearson,I,0,8,Shirley
Pearson,A,0,8,Shirley
Pearson,DC,2,8,Shirley
Pearson,DN,0,8,Shirley
Peg Woffington.= CHARLES READE,N,0,8,Shirley
Peg Woffington.= CHARLES READE,C,0,8,Shirley
Peg Woffington.= CHARLES READE,I,0,8,Shirley
Peg Woffington.= CHARLES READE,A,0,8,Shirley
Peg Woffington.= CHARLES READE,DC,0,8,Shirley
Peg Woffington.= CHARLES READE,DN,0,8,Shirley
Peter,N,0,8,Shirley
Peter,C,0,8,Shirley
Peter,I,0,8,Shirley
Peter,A,0,8,Shirley
Peter,DC,0,8,Shirley
Peter,DN,0,8,Shirley
Phœbe,N,0,8,Shirley
Phœbe,C,0,8,Shirley
Phœbe,I,0,8,Shirley
Phœbe,A,0,8,Shirley
Phœbe,DC,0,8,Shirley
Phœbe,DN,0,8,Shirley
Providence,N,1,8,Shirley
Providence,C,0,8,Shirley
Providence,I,0,8,Shirley
Providence,A,0,8,Shirley
Providence,DC,1,8,Shirley
Providence,DN,0,8,Shirley
Robert,N,9,8,Shirley
Robert,C,3,8,Shirley
Robert,I,10,8,Shirley
Robert,A,21,8,Shirley
Robert,DC,9,8,Shirley
Robert,DN,3,8,Shirley
Rose,N,0,8,Shirley
Rose,C,0,8,Shirley
Rose,I,0,8,Shirley
Rose,A,0,8,Shirley
Rose,DC,0,8,Shirley
Rose,DN,0,8,Shirley
Sarah,N,3,8,Shirley
Sarah,C,0,8,Shirley
Sarah,I,1,8,Shirley
Sarah,A,3,8,Shirley
Sarah,DC,5,8,Shirley
Sarah,DN,0,8,Shirley
Saturnia,N,0,8,Shirley
Saturnia,C,0,8,Shirley
Saturnia,I,0,8,Shirley
Saturnia,A,0,8,Shirley
Saturnia,DC,0,8,Shirley
Saturnia,DN,0,8,Shirley
Shakespeare,N,0,8,Shirley
Shakespeare,C,0,8,Shirley
Shakespeare,I,0,8,Shirley
Shakespeare,A,0,8,Shirley
Shakespeare,DC,0,8,Shirley
Shakespeare,DN,0,8,Shirley
Shirley,N,0,8,Shirley
Shirley,C,0,8,Shirley
Shirley,I,0,8,Shirley
Shirley,A,0,8,Shirley
Shirley,DC,0,8,Shirley
Shirley,DN,0,8,Shirley
Sir Philip,N,0,8,Shirley
Sir Philip,C,0,8,Shirley
Sir Philip,I,0,8,Shirley
Sir Philip,A,0,8,Shirley
Sir Philip,DC,0,8,Shirley
Sir Philip,DN,0,8,Shirley
Sir Walter Scott,N,0,8,Shirley
Sir Walter Scott,C,0,8,Shirley
Sir Walter Scott,I,0,8,Shirley
Sir Walter Scott,A,0,8,Shirley
Sir Walter Scott,DC,0,8,Shirley
Sir Walter Scott,DN,0,8,Shirley
Sister,N,0,8,Shirley
Sister,C,0,8,Shirley
Sister,I,0,8,Shirley
Sister,A,0,8,Shirley
Sister,DC,0,8,Shirley
Sister,DN,0,8,Shirley
St. Paul,N,0,8,Shirley
St. Paul,C,0,8,Shirley
St. Paul,I,0,8,Shirley
St. Paul,A,0,8,Shirley
St. Paul,DC,0,8,Shirley
St. Paul,DN,0,8,Shirley
Stilbro,N,0,8,Shirley
Stilbro,C,0,8,Shirley
Stilbro,I,0,8,Shirley
Stilbro,A,0,8,Shirley
Stilbro,DC,0,8,Shirley
Stilbro,DN,0,8,Shirley
Sudgen,N,0,8,Shirley
Sudgen,C,0,8,Shirley
Sudgen,I,0,8,Shirley
Sudgen,A,0,8,Shirley
Sudgen,DC,0,8,Shirley
Sudgen,DN,0,8,Shirley
Sugden,N,6,8,Shirley
Sugden,C,0,8,Shirley
Sugden,I,2,8,Shirley
Sugden,A,8,8,Shirley
Sugden,DC,1,8,Shirley
Sugden,DN,2,8,Shirley
Sweeting,N,1,8,Shirley
Sweeting,C,0,8,Shirley
Sweeting,I,0,8,Shirley
Sweeting,A,0,8,Shirley
Sweeting,DC,0,8,Shirley
Sweeting,DN,0,8,Shirley
Tartar,N,0,8,Shirley
Tartar,C,0,8,Shirley
Tartar,I,0,8,Shirley
Tartar,A,0,8,Shirley
Tartar,DC,0,8,Shirley
Tartar,DN,0,8,Shirley
The Cossack,N,0,8,Shirley
The Cossack,C,0,8,Shirley
The Cossack,I,0,8,Shirley
The Cossack,A,0,8,Shirley
The Cossack,DC,0,8,Shirley
The Cossack,DN,0,8,Shirley
These Oreads,N,0,8,Shirley
These Oreads,C,0,8,Shirley
These Oreads,I,0,8,Shirley
These Oreads,A,0,8,Shirley
These Oreads,DC,0,8,Shirley
These Oreads,DN,0,8,Shirley
Tom Cringle,N,0,8,Shirley
Tom Cringle,C,0,8,Shirley
Tom Cringle,I,0,8,Shirley
Tom Cringle,A,0,8,Shirley
Tom Cringle,DC,0,8,Shirley
Tom Cringle,DN,0,8,Shirley
Uncle,N,0,8,Shirley
Uncle,C,0,8,Shirley
Uncle,I,0,8,Shirley
Uncle,A,0,8,Shirley
Uncle,DC,0,8,Shirley
Uncle,DN,0,8,Shirley
VICTOR HUGO,N,0,8,Shirley
VICTOR HUGO,C,0,8,Shirley
VICTOR HUGO,I,0,8,Shirley
VICTOR HUGO,A,0,8,Shirley
VICTOR HUGO,DC,0,8,Shirley
VICTOR HUGO,DN,0,8,Shirley
Whinbury,N,0,8,Shirley
Whinbury,C,0,8,Shirley
Whinbury,I,0,8,Shirley
Whinbury,A,0,8,Shirley
Whinbury,DC,0,8,Shirley
Whinbury,DN,0,8,Shirley
William,N,17,8,Shirley
William,C,9,8,Shirley
William,I,7,8,Shirley
William,A,13,8,Shirley
William,DC,7,8,Shirley
William,DN,2,8,Shirley
mademoiselle,N,0,8,Shirley
mademoiselle,C,0,8,Shirley
mademoiselle,I,0,8,Shirley
mademoiselle,A,0,8,Shirley
mademoiselle,DC,0,8,Shirley
mademoiselle,DN,0,8,Shirley
old Lady Nunnely,N,0,8,Shirley
old Lady Nunnely,C,0,8,Shirley
old Lady Nunnely,I,0,8,Shirley
old Lady Nunnely,A,0,8,Shirley
old Lady Nunnely,DC,0,8,Shirley
old Lady Nunnely,DN,0,8,Shirley
old Queen Charlotte,N,0,8,Shirley
old Queen Charlotte,C,0,8,Shirley
old Queen Charlotte,I,0,8,Shirley
old Queen Charlotte,A,0,8,Shirley
old Queen Charlotte,DC,0,8,Shirley
old Queen Charlotte,DN,0,8,Shirley
the Misses Sykes,N,0,8,Shirley
the Misses Sykes,C,0,8,Shirley
the Misses Sykes,I,0,8,Shirley
the Misses Sykes,A,0,8,Shirley
the Misses Sykes,DC,0,8,Shirley
the Misses Sykes,DN,0,8,Shirley
the Misses Sympson,N,0,8,Shirley
the Misses Sympson,C,0,8,Shirley
the Misses Sympson,I,0,8,Shirley
the Misses Sympson,A,0,8,Shirley
the Misses Sympson,DC,0,8,Shirley
the Misses Sympson,DN,0,8,Shirley
the Moores,N,0,8,Shirley
the Moores,C,0,8,Shirley
the Moores,I,0,8,Shirley
the Moores,A,0,8,Shirley
the Moores,DC,0,8,Shirley
the Moores,DN,0,8,Shirley
the Sympsons,N,0,8,Shirley
the Sympsons,C,0,8,Shirley
the Sympsons,I,0,8,Shirley
the Sympsons,A,0,8,Shirley
the Sympsons,DC,0,8,Shirley
the Sympsons,DN,0,8,Shirley
Abraham,N,0,9,Shirley
Abraham,C,0,9,Shirley
Abraham,I,0,9,Shirley
Abraham,A,0,9,Shirley
Abraham,DC,0,9,Shirley
Abraham,DN,0,9,Shirley
Adam,N,0,9,Shirley
Adam,C,0,9,Shirley
Adam,I,0,9,Shirley
Adam,A,0,9,Shirley
Adam,DC,0,9,Shirley
Adam,DN,0,9,Shirley
Bob,N,2,9,Shirley
Bob,C,0,9,Shirley
Bob,I,1,9,Shirley
Bob,A,5,9,Shirley
Bob,DC,14,9,Shirley
Bob,DN,0,9,Shirley
Bonaparte,N,0,9,Shirley
Bonaparte,C,0,9,Shirley
Bonaparte,I,0,9,Shirley
Bonaparte,A,0,9,Shirley
Bonaparte,DC,0,9,Shirley
Bonaparte,DN,0,9,Shirley
Boultby,N,0,9,Shirley
Boultby,C,0,9,Shirley
Boultby,I,0,9,Shirley
Boultby,A,0,9,Shirley
Boultby,DC,0,9,Shirley
Boultby,DN,0,9,Shirley
Briarmains,N,3,9,Shirley
Briarmains,C,0,9,Shirley
Briarmains,I,0,9,Shirley
Briarmains,A,1,9,Shirley
Briarmains,DC,0,9,Shirley
Briarmains,DN,0,9,Shirley
CHARLES DICKENS,N,0,9,Shirley
CHARLES DICKENS,C,0,9,Shirley
CHARLES DICKENS,I,0,9,Shirley
CHARLES DICKENS,A,0,9,Shirley
CHARLES DICKENS,DC,0,9,Shirley
CHARLES DICKENS,DN,0,9,Shirley
Captain Keeldar,N,0,9,Shirley
Captain Keeldar,C,0,9,Shirley
Captain Keeldar,I,0,9,Shirley
Captain Keeldar,A,0,9,Shirley
Captain Keeldar,DC,0,9,Shirley
Captain Keeldar,DN,0,9,Shirley
Caroline,N,5,9,Shirley
Caroline,C,0,9,Shirley
Caroline,I,1,9,Shirley
Caroline,A,1,9,Shirley
Caroline,DC,7,9,Shirley
Caroline,DN,1,9,Shirley
"Caroline--""She",N,0,9,Shirley
"Caroline--""She",C,0,9,Shirley
"Caroline--""She",I,0,9,Shirley
"Caroline--""She",A,0,9,Shirley
"Caroline--""She",DC,0,9,Shirley
"Caroline--""She",DN,0,9,Shirley
Cary,N,0,9,Shirley
Cary,C,0,9,Shirley
Cary,I,0,9,Shirley
Cary,A,0,9,Shirley
Cary,DC,0,9,Shirley
Cary,DN,0,9,Shirley
Castlereagh,N,0,9,Shirley
Castlereagh,C,0,9,Shirley
Castlereagh,I,0,9,Shirley
Castlereagh,A,0,9,Shirley
Castlereagh,DC,0,9,Shirley
Castlereagh,DN,0,9,Shirley
Chénier,N,0,9,Shirley
Chénier,C,0,9,Shirley
Chénier,I,0,9,Shirley
Chénier,A,0,9,Shirley
Chénier,DC,0,9,Shirley
Chénier,DN,0,9,Shirley
Coriolanus,N,0,9,Shirley
Coriolanus,C,0,9,Shirley
Coriolanus,I,0,9,Shirley
Coriolanus,A,0,9,Shirley
Coriolanus,DC,0,9,Shirley
Coriolanus,DN,0,9,Shirley
Cowper,N,0,9,Shirley
Cowper,C,0,9,Shirley
Cowper,I,0,9,Shirley
Cowper,A,0,9,Shirley
Cowper,DC,0,9,Shirley
Cowper,DN,0,9,Shirley
Cyril Hall,N,0,9,Shirley
Cyril Hall,C,0,9,Shirley
Cyril Hall,I,0,9,Shirley
Cyril Hall,A,0,9,Shirley
Cyril Hall,DC,0,9,Shirley
Cyril Hall,DN,0,9,Shirley
Daniel,N,0,9,Shirley
Daniel,C,0,9,Shirley
Daniel,I,0,9,Shirley
Daniel,A,0,9,Shirley
Daniel,DC,0,9,Shirley
Daniel,DN,0,9,Shirley
Davy,N,0,9,Shirley
Davy,C,0,9,Shirley
Davy,I,0,9,Shirley
Davy,A,0,9,Shirley
Davy,DC,0,9,Shirley
Davy,DN,0,9,Shirley
Donne,N,0,9,Shirley
Donne,C,0,9,Shirley
Donne,I,0,9,Shirley
Donne,A,0,9,Shirley
Donne,DC,0,9,Shirley
Donne,DN,0,9,Shirley
Dora,N,1,9,Shirley
Dora,C,0,9,Shirley
Dora,I,0,9,Shirley
Dora,A,0,9,Shirley
Dora,DC,1,9,Shirley
Dora,DN,0,9,Shirley
Dr. Boultby,N,0,9,Shirley
Dr. Boultby,C,0,9,Shirley
Dr. Boultby,I,0,9,Shirley
Dr. Boultby,A,0,9,Shirley
Dr. Boultby,DC,0,9,Shirley
Dr. Boultby,DN,0,9,Shirley
Eliza,N,0,9,Shirley
Eliza,C,0,9,Shirley
Eliza,I,0,9,Shirley
Eliza,A,0,9,Shirley
Eliza,DC,0,9,Shirley
Eliza,DN,0,9,Shirley
Eva,N,0,9,Shirley
Eva,C,0,9,Shirley
Eva,I,0,9,Shirley
Eva,A,0,9,Shirley
Eva,DC,0,9,Shirley
Eva,DN,0,9,Shirley
Eve,N,0,9,Shirley
Eve,C,0,9,Shirley
Eve,I,0,9,Shirley
Eve,A,0,9,Shirley
Eve,DC,0,9,Shirley
Eve,DN,0,9,Shirley
Fanny,N,0,9,Shirley
Fanny,C,0,9,Shirley
Fanny,I,0,9,Shirley
Fanny,A,0,9,Shirley
Fanny,DC,0,9,Shirley
Fanny,DN,0,9,Shirley
Farrens,N,1,9,Shirley
Farrens,C,0,9,Shirley
Farrens,I,0,9,Shirley
Farrens,A,3,9,Shirley
Farrens,DC,5,9,Shirley
Farrens,DN,0,9,Shirley
Fieldhead,N,0,9,Shirley
Fieldhead,C,0,9,Shirley
Fieldhead,I,0,9,Shirley
Fieldhead,A,0,9,Shirley
Fieldhead,DC,0,9,Shirley
Fieldhead,DN,0,9,Shirley
Fortune,N,0,9,Shirley
Fortune,C,0,9,Shirley
Fortune,I,0,9,Shirley
Fortune,A,0,9,Shirley
Fortune,DC,0,9,Shirley
Fortune,DN,0,9,Shirley
God,N,3,9,Shirley
God,C,0,9,Shirley
God,I,0,9,Shirley
God,A,0,9,Shirley
God,DC,0,9,Shirley
God,DN,0,9,Shirley
Grace,N,0,9,Shirley
Grace,C,0,9,Shirley
Grace,I,0,9,Shirley
Grace,A,0,9,Shirley
Grace,DC,0,9,Shirley
Grace,DN,0,9,Shirley
Hannah,N,1,9,Shirley
Hannah,C,0,9,Shirley
Hannah,I,0,9,Shirley
Hannah,A,1,9,Shirley
Hannah,DC,1,9,Shirley
Hannah,DN,0,9,Shirley
Harriet,N,1,9,Shirley
Harriet,C,0,9,Shirley
Harriet,I,0,9,Shirley
Harriet,A,0,9,Shirley
Harriet,DC,1,9,Shirley
Harriet,DN,0,9,Shirley
Helstone,N,2,9,Shirley
Helstone,C,2,9,Shirley
Helstone,I,1,9,Shirley
Helstone,A,1,9,Shirley
Helstone,DC,0,9,Shirley
Helstone,DN,0,9,Shirley
Henry,N,0,9,Shirley
Henry,C,0,9,Shirley
Henry,I,0,9,Shirley
Henry,A,0,9,Shirley
Henry,DC,0,9,Shirley
Henry,DN,0,9,Shirley
Hiram Yorke,N,0,9,Shirley
Hiram Yorke,C,0,9,Shirley
Hiram Yorke,I,0,9,Shirley
Hiram Yorke,A,0,9,Shirley
Hiram Yorke,DC,0,9,Shirley
Hiram Yorke,DN,0,9,Shirley
Hollow,N,0,9,Shirley
Hollow,C,0,9,Shirley
Hollow,I,0,9,Shirley
Hollow,A,0,9,Shirley
Hollow,DC,0,9,Shirley
Hollow,DN,0,9,Shirley
Hortense,N,2,9,Shirley
Hortense,C,0,9,Shirley
Hortense,I,1,9,Shirley
Hortense,A,0,9,Shirley
Hortense,DC,3,9,Shirley
Hortense,DN,0,9,Shirley
Isabella,N,0,9,Shirley
Isabella,C,0,9,Shirley
Isabella,I,0,9,Shirley
Isabella,A,0,9,Shirley
Isabella,DC,0,9,Shirley
Isabella,DN,0,9,Shirley
James,N,0,9,Shirley
James,C,0,9,Shirley
James,I,0,9,Shirley
James,A,0,9,Shirley
James,DC,0,9,Shirley
James,DN,0,9,Shirley
Jessy,N,26,9,Shirley
Jessy,C,11,9,Shirley
Jessy,I,8,9,Shirley
Jessy,A,19,9,Shirley
Jessy,DC,5,9,Shirley
Jessy,DN,6,9,Shirley
Joe,N,5,9,Shirley
Joe,C,1,9,Shirley
Joe,I,5,9,Shirley
Joe,A,5,9,Shirley
Joe,DC,7,9,Shirley
Joe,DN,0,9,Shirley
John,N,1,9,Shirley
John,C,0,9,Shirley
John,I,0,9,Shirley
John,A,0,9,Shirley
John,DC,0,9,Shirley
John,DN,0,9,Shirley
John Wesley,N,0,9,Shirley
John Wesley,C,0,9,Shirley
John Wesley,I,0,9,Shirley
John Wesley,A,0,9,Shirley
John Wesley,DC,0,9,Shirley
John Wesley,DN,0,9,Shirley
Lamb,N,0,9,Shirley
Lamb,C,0,9,Shirley
Lamb,I,0,9,Shirley
Lamb,A,0,9,Shirley
Lamb,DC,0,9,Shirley
Lamb,DN,0,9,Shirley
Lina,N,0,9,Shirley
Lina,C,0,9,Shirley
Lina,I,0,9,Shirley
Lina,A,0,9,Shirley
Lina,DC,0,9,Shirley
Lina,DN,0,9,Shirley
Lord Wellington,N,0,9,Shirley
Lord Wellington,C,0,9,Shirley
Lord Wellington,I,0,9,Shirley
Lord Wellington,A,0,9,Shirley
Lord Wellington,DC,0,9,Shirley
Lord Wellington,DN,0,9,Shirley
Louis,N,0,9,Shirley
Louis,C,0,9,Shirley
Louis,I,0,9,Shirley
Louis,A,0,9,Shirley
Louis,DC,0,9,Shirley
Louis,DN,0,9,Shirley
Lucretia,N,0,9,Shirley
Lucretia,C,0,9,Shirley
Lucretia,I,0,9,Shirley
Lucretia,A,0,9,Shirley
Lucretia,DC,0,9,Shirley
Lucretia,DN,0,9,Shirley
MATTERS,N,0,9,Shirley
MATTERS,C,0,9,Shirley
MATTERS,I,0,9,Shirley
MATTERS,A,0,9,Shirley
MATTERS,DC,0,9,Shirley
MATTERS,DN,0,9,Shirley
MacTurk,N,0,9,Shirley
MacTurk,C,0,9,Shirley
MacTurk,I,0,9,Shirley
MacTurk,A,0,9,Shirley
MacTurk,DC,0,9,Shirley
MacTurk,DN,0,9,Shirley
Malone,N,0,9,Shirley
Malone,C,0,9,Shirley
Malone,I,0,9,Shirley
Malone,A,0,9,Shirley
Malone,DC,0,9,Shirley
Malone,DN,0,9,Shirley
Malone.--I,N,0,9,Shirley
Malone.--I,C,0,9,Shirley
Malone.--I,I,0,9,Shirley
Malone.--I,A,0,9,Shirley
Malone.--I,DC,0,9,Shirley
Malone.--I,DN,0,9,Shirley
Mamma,N,0,9,Shirley
Mamma,C,0,9,Shirley
Mamma,I,0,9,Shirley
Mamma,A,0,9,Shirley
Mamma,DC,0,9,Shirley
Mamma,DN,0,9,Shirley
Margaret,N,0,9,Shirley
Margaret,C,0,9,Shirley
Margaret,I,0,9,Shirley
Margaret,A,0,9,Shirley
Margaret,DC,0,9,Shirley
Margaret,DN,0,9,Shirley
Mark,N,10,9,Shirley
Mark,C,2,9,Shirley
Mark,I,1,9,Shirley
Mark,A,5,9,Shirley
Mark,DC,1,9,Shirley
Mark,DN,5,9,Shirley
Martin,N,22,9,Shirley
Martin,C,7,9,Shirley
Martin,I,6,9,Shirley
Martin,A,11,9,Shirley
Martin,DC,3,9,Shirley
Martin,DN,3,9,Shirley
Mary,N,0,9,Shirley
Mary,C,0,9,Shirley
Mary,I,0,9,Shirley
Mary,A,0,9,Shirley
Mary,DC,0,9,Shirley
Mary,DN,0,9,Shirley
Mary Ann Ainley,N,0,9,Shirley
Mary Ann Ainley,C,0,9,Shirley
Mary Ann Ainley,I,0,9,Shirley
Mary Ann Ainley,A,0,9,Shirley
Mary Ann Ainley,DC,0,9,Shirley
Mary Ann Ainley,DN,0,9,Shirley
Matthew,N,14,9,Shirley
Matthew,C,4,9,Shirley
Matthew,I,1,9,Shirley
Matthew,A,14,9,Shirley
Matthew,DC,7,9,Shirley
Matthew,DN,3,9,Shirley
Matthewson Helstone,N,0,9,Shirley
Matthewson Helstone,C,0,9,Shirley
Matthewson Helstone,I,0,9,Shirley
Matthewson Helstone,A,0,9,Shirley
Matthewson Helstone,DC,0,9,Shirley
Matthewson Helstone,DN,0,9,Shirley
Mike,N,0,9,Shirley
Mike,C,0,9,Shirley
Mike,I,0,9,Shirley
Mike,A,0,9,Shirley
Mike,DC,0,9,Shirley
Mike,DN,0,9,Shirley
Miss Ainley,N,0,9,Shirley
Miss Ainley,C,0,9,Shirley
Miss Ainley,I,0,9,Shirley
Miss Ainley,A,0,9,Shirley
Miss Ainley,DC,0,9,Shirley
Miss Ainley,DN,0,9,Shirley
Miss Austen,N,0,9,Shirley
Miss Austen,C,0,9,Shirley
Miss Austen,I,0,9,Shirley
Miss Austen,A,0,9,Shirley
Miss Austen,DC,0,9,Shirley
Miss Austen,DN,0,9,Shirley
Miss Cave,N,0,9,Shirley
Miss Cave,C,0,9,Shirley
Miss Cave,I,0,9,Shirley
Miss Cave,A,0,9,Shirley
Miss Cave,DC,0,9,Shirley
Miss Cave,DN,0,9,Shirley
Miss Grey,N,0,9,Shirley
Miss Grey,C,0,9,Shirley
Miss Grey,I,0,9,Shirley
Miss Grey,A,0,9,Shirley
Miss Grey,DC,0,9,Shirley
Miss Grey,DN,0,9,Shirley
Miss Hardman,N,0,9,Shirley
Miss Hardman,C,0,9,Shirley
Miss Hardman,I,0,9,Shirley
Miss Hardman,A,0,9,Shirley
Miss Hardman,DC,0,9,Shirley
Miss Hardman,DN,0,9,Shirley
Miss Mann,N,0,9,Shirley
Miss Mann,C,0,9,Shirley
Miss Mann,I,0,9,Shirley
Miss Mann,A,0,9,Shirley
Miss Mann,DC,0,9,Shirley
Miss Mann,DN,0,9,Shirley
Miss Mary,N,0,9,Shirley
Miss Mary,C,0,9,Shirley
Miss Mary,I,0,9,Shirley
Miss Mary,A,0,9,Shirley
Miss Mary,DC,0,9,Shirley
Miss Mary,DN,0,9,Shirley
Miss Moore,N,0,9,Shirley
Miss Moore,C,0,9,Shirley
Miss Moore,I,0,9,Shirley
Miss Moore,A,0,9,Shirley
Miss Moore,DC,0,9,Shirley
Miss Moore,DN,0,9,Shirley
Miss Pearson,N,2,9,Shirley
Miss Pearson,C,0,9,Shirley
Miss Pearson,I,2,9,Shirley
Miss Pearson,A,1,9,Shirley
Miss Pearson,DC,4,9,Shirley
Miss Pearson,DN,0,9,Shirley
Moore,N,0,9,Shirley
Moore,C,0,9,Shirley
Moore,I,0,9,Shirley
Moore,A,0,9,Shirley
Moore,DC,0,9,Shirley
Moore,DN,0,9,Shirley
Moses,N,3,9,Shirley
Moses,C,0,9,Shirley
Moses,I,0,9,Shirley
Moses,A,0,9,Shirley
Moses,DC,4,9,Shirley
Moses,DN,0,9,Shirley
Mother,N,0,9,Shirley
Mother,C,0,9,Shirley
Mother,I,0,9,Shirley
Mother,A,0,9,Shirley
Mother,DC,0,9,Shirley
Mother,DN,0,9,Shirley
Mr. Barraclough,N,0,9,Shirley
Mr. Barraclough,C,0,9,Shirley
Mr. Barraclough,I,0,9,Shirley
Mr. Barraclough,A,0,9,Shirley
Mr. Barraclough,DC,0,9,Shirley
Mr. Barraclough,DN,0,9,Shirley
Mr. Gale,N,0,9,Shirley
Mr. Gale,C,0,9,Shirley
Mr. Gale,I,0,9,Shirley
Mr. Gale,A,0,9,Shirley
Mr. Gale,DC,0,9,Shirley
Mr. Gale,DN,0,9,Shirley
Mr. Hall,N,0,9,Shirley
Mr. Hall,C,0,9,Shirley
Mr. Hall,I,0,9,Shirley
Mr. Hall,A,0,9,Shirley
Mr. Hall,DC,0,9,Shirley
Mr. Hall,DN,0,9,Shirley
Mr. Helstone,N,0,9,Shirley
Mr. Helstone,C,0,9,Shirley
Mr. Helstone,I,0,9,Shirley
Mr. Helstone,A,0,9,Shirley
Mr. Helstone,DC,0,9,Shirley
Mr. Helstone,DN,0,9,Shirley
Mr. Moore,N,29,9,Shirley
Mr. Moore,C,73,9,Shirley
Mr. Moore,I,45,9,Shirley
Mr. Moore,A,52,9,Shirley
Mr. Moore,DC,17,9,Shirley
Mr. Moore,DN,5,9,Shirley
Mr. Moore----,N,0,9,Shirley
Mr. Moore----,C,0,9,Shirley
Mr. Moore----,I,0,9,Shirley
Mr. Moore----,A,0,9,Shirley
Mr. Moore----,DC,0,9,Shirley
Mr. Moore----,DN,0,9,Shirley
Mr. Ramsden,N,0,9,Shirley
Mr. Ramsden,C,0,9,Shirley
Mr. Ramsden,I,0,9,Shirley
Mr. Ramsden,A,0,9,Shirley
Mr. Ramsden,DC,0,9,Shirley
Mr. Ramsden,DN,0,9,Shirley
Mr. Sykes,N,4,9,Shirley
Mr. Sykes,C,0,9,Shirley
Mr. Sykes,I,0,9,Shirley
Mr. Sykes,A,1,9,Shirley
Mr. Sykes,DC,4,9,Shirley
Mr. Sykes,DN,0,9,Shirley
Mr. Sympson,N,0,9,Shirley
Mr. Sympson,C,0,9,Shirley
Mr. Sympson,I,0,9,Shirley
Mr. Sympson,A,0,9,Shirley
Mr. Sympson,DC,0,9,Shirley
Mr. Sympson,DN,0,9,Shirley
Mr. Wynne,N,0,9,Shirley
Mr. Wynne,C,0,9,Shirley
Mr. Wynne,I,0,9,Shirley
Mr. Wynne,A,0,9,Shirley
Mr. Wynne,DC,0,9,Shirley
Mr. Wynne,DN,0,9,Shirley
Mr. Yorke,N,26,9,Shirley
Mr. Yorke,C,14,9,Shirley
Mr. Yorke,I,14,9,Shirley
Mr. Yorke,A,12,9,Shirley
Mr. Yorke,DC,5,9,Shirley
Mr. Yorke,DN,0,9,Shirley
Mrs. Gale,N,0,9,Shirley
Mrs. Gale,C,0,9,Shirley
Mrs. Gale,I,0,9,Shirley
Mrs. Gale,A,0,9,Shirley
Mrs. Gale,DC,0,9,Shirley
Mrs. Gale,DN,0,9,Shirley
Mrs. Gill,N,0,9,Shirley
Mrs. Gill,C,0,9,Shirley
Mrs. Gill,I,0,9,Shirley
Mrs. Gill,A,0,9,Shirley
Mrs. Gill,DC,0,9,Shirley
Mrs. Gill,DN,0,9,Shirley
Mrs. Hardman,N,0,9,Shirley
Mrs. Hardman,C,0,9,Shirley
Mrs. Hardman,I,0,9,Shirley
Mrs. Hardman,A,0,9,Shirley
Mrs. Hardman,DC,0,9,Shirley
Mrs. Hardman,DN,0,9,Shirley
Mrs. Horsfall,N,0,9,Shirley
Mrs. Horsfall,C,0,9,Shirley
Mrs. Horsfall,I,0,9,Shirley
Mrs. Horsfall,A,0,9,Shirley
Mrs. Horsfall,DC,0,9,Shirley
Mrs. Horsfall,DN,0,9,Shirley
Mrs. Louis,N,0,9,Shirley
Mrs. Louis,C,0,9,Shirley
Mrs. Louis,I,0,9,Shirley
Mrs. Louis,A,0,9,Shirley
Mrs. Louis,DC,0,9,Shirley
Mrs. Louis,DN,0,9,Shirley
Mrs. Pryor,N,0,9,Shirley
Mrs. Pryor,C,0,9,Shirley
Mrs. Pryor,I,0,9,Shirley
Mrs. Pryor,A,0,9,Shirley
Mrs. Pryor,DC,0,9,Shirley
Mrs. Pryor,DN,0,9,Shirley
Mrs. Sykes,N,0,9,Shirley
Mrs. Sykes,C,0,9,Shirley
Mrs. Sykes,I,0,9,Shirley
Mrs. Sykes,A,0,9,Shirley
Mrs. Sykes,DC,0,9,Shirley
Mrs. Sykes,DN,0,9,Shirley
Mrs. Yorke,N,10,9,Shirley
Mrs. Yorke,C,15,9,Shirley
Mrs. Yorke,I,3,9,Shirley
Mrs. Yorke,A,12,9,Shirley
Mrs. Yorke,DC,0,9,Shirley
Mrs. Yorke,DN,3,9,Shirley
Murgatroyd,N,1,9,Shirley
Murgatroyd,C,0,9,Shirley
Murgatroyd,I,0,9,Shirley
Murgatroyd,A,0,9,Shirley
Murgatroyd,DC,1,9,Shirley
Murgatroyd,DN,0,9,Shirley
Napoleon,N,0,9,Shirley
Napoleon,C,0,9,Shirley
Napoleon,I,0,9,Shirley
Napoleon,A,0,9,Shirley
Napoleon,DC,0,9,Shirley
Napoleon,DN,0,9,Shirley
Nature,N,0,9,Shirley
Nature,C,0,9,Shirley
Nature,I,0,9,Shirley
Nature,A,0,9,Shirley
Nature,DC,0,9,Shirley
Nature,DN,0,9,Shirley
Pearson,N,1,9,Shirley
Pearson,C,0,9,Shirley
Pearson,I,1,9,Shirley
Pearson,A,0,9,Shirley
Pearson,DC,3,9,Shirley
Pearson,DN,0,9,Shirley
Peg Woffington.= CHARLES READE,N,0,9,Shirley
Peg Woffington.= CHARLES READE,C,0,9,Shirley
Peg Woffington.= CHARLES READE,I,0,9,Shirley
Peg Woffington.= CHARLES READE,A,0,9,Shirley
Peg Woffington.= CHARLES READE,DC,0,9,Shirley
Peg Woffington.= CHARLES READE,DN,0,9,Shirley
Peter,N,0,9,Shirley
Peter,C,0,9,Shirley
Peter,I,0,9,Shirley
Peter,A,0,9,Shirley
Peter,DC,0,9,Shirley
Peter,DN,0,9,Shirley
Phœbe,N,0,9,Shirley
Phœbe,C,0,9,Shirley
Phœbe,I,0,9,Shirley
Phœbe,A,0,9,Shirley
Phœbe,DC,0,9,Shirley
Phœbe,DN,0,9,Shirley
Providence,N,0,9,Shirley
Providence,C,0,9,Shirley
Providence,I,0,9,Shirley
Providence,A,0,9,Shirley
Providence,DC,0,9,Shirley
Providence,DN,0,9,Shirley
Robert,N,8,9,Shirley
Robert,C,5,9,Shirley
Robert,I,5,9,Shirley
Robert,A,10,9,Shirley
Robert,DC,5,9,Shirley
Robert,DN,1,9,Shirley
Rose,N,36,9,Shirley
Rose,C,21,9,Shirley
Rose,I,14,9,Shirley
Rose,A,18,9,Shirley
Rose,DC,14,9,Shirley
Rose,DN,7,9,Shirley
Sarah,N,0,9,Shirley
Sarah,C,0,9,Shirley
Sarah,I,0,9,Shirley
Sarah,A,0,9,Shirley
Sarah,DC,0,9,Shirley
Sarah,DN,0,9,Shirley
Saturnia,N,0,9,Shirley
Saturnia,C,0,9,Shirley
Saturnia,I,0,9,Shirley
Saturnia,A,0,9,Shirley
Saturnia,DC,0,9,Shirley
Saturnia,DN,0,9,Shirley
Shakespeare,N,1,9,Shirley
Shakespeare,C,0,9,Shirley
Shakespeare,I,0,9,Shirley
Shakespeare,A,0,9,Shirley
Shakespeare,DC,0,9,Shirley
Shakespeare,DN,0,9,Shirley
Shirley,N,0,9,Shirley
Shirley,C,0,9,Shirley
Shirley,I,0,9,Shirley
Shirley,A,0,9,Shirley
Shirley,DC,0,9,Shirley
Shirley,DN,0,9,Shirley
Sir Philip,N,0,9,Shirley
Sir Philip,C,0,9,Shirley
Sir Philip,I,0,9,Shirley
Sir Philip,A,0,9,Shirley
Sir Philip,DC,0,9,Shirley
Sir Philip,DN,0,9,Shirley
Sir Walter Scott,N,0,9,Shirley
Sir Walter Scott,C,0,9,Shirley
Sir Walter Scott,I,0,9,Shirley
Sir Walter Scott,A,0,9,Shirley
Sir Walter Scott,DC,0,9,Shirley
Sir Walter Scott,DN,0,9,Shirley
Sister,N,0,9,Shirley
Sister,C,0,9,Shirley
Sister,I,0,9,Shirley
Sister,A,0,9,Shirley
Sister,DC,0,9,Shirley
Sister,DN,0,9,Shirley
St. Paul,N,0,9,Shirley
St. Paul,C,0,9,Shirley
St. Paul,I,0,9,Shirley
St. Paul,A,0,9,Shirley
St. Paul,DC,0,9,Shirley
St. Paul,DN,0,9,Shirley
Stilbro,N,0,9,Shirley
Stilbro,C,0,9,Shirley
Stilbro,I,0,9,Shirley
Stilbro,A,0,9,Shirley
Stilbro,DC,0,9,Shirley
Stilbro,DN,0,9,Shirley
Sudgen,N,0,9,Shirley
Sudgen,C,0,9,Shirley
Sudgen,I,0,9,Shirley
Sudgen,A,0,9,Shirley
Sudgen,DC,0,9,Shirley
Sudgen,DN,0,9,Shirley
Sugden,N,3,9,Shirley
Sugden,C,0,9,Shirley
Sugden,I,1,9,Shirley
Sugden,A,1,9,Shirley
Sugden,DC,3,9,Shirley
Sugden,DN,0,9,Shirley
Sweeting,N,0,9,Shirley
Sweeting,C,0,9,Shirley
Sweeting,I,0,9,Shirley
Sweeting,A,0,9,Shirley
Sweeting,DC,0,9,Shirley
Sweeting,DN,0,9,Shirley
Tartar,N,0,9,Shirley
Tartar,C,0,9,Shirley
Tartar,I,0,9,Shirley
Tartar,A,0,9,Shirley
Tartar,DC,0,9,Shirley
Tartar,DN,0,9,Shirley
The Cossack,N,0,9,Shirley
The Cossack,C,0,9,Shirley
The Cossack,I,0,9,Shirley
The Cossack,A,0,9,Shirley
The Cossack,DC,0,9,Shirley
The Cossack,DN,0,9,Shirley
These Oreads,N,0,9,Shirley
These Oreads,C,0,9,Shirley
These Oreads,I,0,9,Shirley
These Oreads,A,0,9,Shirley
These Oreads,DC,0,9,Shirley
These Oreads,DN,0,9,Shirley
Tom Cringle,N,0,9,Shirley
Tom Cringle,C,0,9,Shirley
Tom Cringle,I,0,9,Shirley
Tom Cringle,A,0,9,Shirley
Tom Cringle,DC,0,9,Shirley
Tom Cringle,DN,0,9,Shirley
Uncle,N,0,9,Shirley
Uncle,C,0,9,Shirley
Uncle,I,0,9,Shirley
Uncle,A,0,9,Shirley
Uncle,DC,0,9,Shirley
Uncle,DN,0,9,Shirley
VICTOR HUGO,N,0,9,Shirley
VICTOR HUGO,C,0,9,Shirley
VICTOR HUGO,I,0,9,Shirley
VICTOR HUGO,A,0,9,Shirley
VICTOR HUGO,DC,0,9,Shirley
VICTOR HUGO,DN,0,9,Shirley
Whinbury,N,0,9,Shirley
Whinbury,C,0,9,Shirley
Whinbury,I,0,9,Shirley
Whinbury,A,0,9,Shirley
Whinbury,DC,0,9,Shirley
Whinbury,DN,0,9,Shirley
William,N,8,9,Shirley
William,C,0,9,Shirley
William,I,1,9,Shirley
William,A,3,9,Shirley
William,DC,17,9,Shirley
William,DN,0,9,Shirley
mademoiselle,N,0,9,Shirley
mademoiselle,C,0,9,Shirley
mademoiselle,I,0,9,Shirley
mademoiselle,A,0,9,Shirley
mademoiselle,DC,0,9,Shirley
mademoiselle,DN,0,9,Shirley
old Lady Nunnely,N,0,9,Shirley
old Lady Nunnely,C,0,9,Shirley
old Lady Nunnely,I,0,9,Shirley
old Lady Nunnely,A,0,9,Shirley
old Lady Nunnely,DC,0,9,Shirley
old Lady Nunnely,DN,0,9,Shirley
old Queen Charlotte,N,0,9,Shirley
old Queen Charlotte,C,0,9,Shirley
old Queen Charlotte,I,0,9,Shirley
old Queen Charlotte,A,0,9,Shirley
old Queen Charlotte,DC,0,9,Shirley
old Queen Charlotte,DN,0,9,Shirley
the Misses Sykes,N,0,9,Shirley
the Misses Sykes,C,0,9,Shirley
the Misses Sykes,I,0,9,Shirley
the Misses Sykes,A,0,9,Shirley
the Misses Sykes,DC,0,9,Shirley
the Misses Sykes,DN,0,9,Shirley
the Misses Sympson,N,0,9,Shirley
the Misses Sympson,C,0,9,Shirley
the Misses Sympson,I,0,9,Shirley
the Misses Sympson,A,0,9,Shirley
the Misses Sympson,DC,0,9,Shirley
the Misses Sympson,DN,0,9,Shirley
the Moores,N,0,9,Shirley
the Moores,C,0,9,Shirley
the Moores,I,0,9,Shirley
the Moores,A,0,9,Shirley
the Moores,DC,0,9,Shirley
the Moores,DN,0,9,Shirley
the Sympsons,N,0,9,Shirley
the Sympsons,C,0,9,Shirley
the Sympsons,I,0,9,Shirley
the Sympsons,A,0,9,Shirley
the Sympsons,DC,0,9,Shirley
the Sympsons,DN,0,9,Shirley
Abraham,N,0,10,Shirley
Abraham,C,0,10,Shirley
Abraham,I,0,10,Shirley
Abraham,A,0,10,Shirley
Abraham,DC,0,10,Shirley
Abraham,DN,0,10,Shirley
Adam,N,0,10,Shirley
Adam,C,0,10,Shirley
Adam,I,0,10,Shirley
Adam,A,0,10,Shirley
Adam,DC,0,10,Shirley
Adam,DN,0,10,Shirley
Bob,N,0,10,Shirley
Bob,C,0,10,Shirley
Bob,I,0,10,Shirley
Bob,A,0,10,Shirley
Bob,DC,0,10,Shirley
Bob,DN,0,10,Shirley
Bonaparte,N,2,10,Shirley
Bonaparte,C,0,10,Shirley
Bonaparte,I,0,10,Shirley
Bonaparte,A,0,10,Shirley
Bonaparte,DC,0,10,Shirley
Bonaparte,DN,0,10,Shirley
Boultby,N,0,10,Shirley
Boultby,C,0,10,Shirley
Boultby,I,0,10,Shirley
Boultby,A,0,10,Shirley
Boultby,DC,0,10,Shirley
Boultby,DN,0,10,Shirley
Briarmains,N,0,10,Shirley
Briarmains,C,0,10,Shirley
Briarmains,I,0,10,Shirley
Briarmains,A,0,10,Shirley
Briarmains,DC,0,10,Shirley
Briarmains,DN,0,10,Shirley
CHARLES DICKENS,N,0,10,Shirley
CHARLES DICKENS,C,0,10,Shirley
CHARLES DICKENS,I,0,10,Shirley
CHARLES DICKENS,A,0,10,Shirley
CHARLES DICKENS,DC,0,10,Shirley
CHARLES DICKENS,DN,0,10,Shirley
Captain Keeldar,N,0,10,Shirley
Captain Keeldar,C,0,10,Shirley
Captain Keeldar,I,0,10,Shirley
Captain Keeldar,A,0,10,Shirley
Captain Keeldar,DC,0,10,Shirley
Captain Keeldar,DN,0,10,Shirley
Caroline,N,42,10,Shirley
Caroline,C,13,10,Shirley
Caroline,I,28,10,Shirley
Caroline,A,46,10,Shirley
Caroline,DC,3,10,Shirley
Caroline,DN,9,10,Shirley
"Caroline--""She",N,0,10,Shirley
"Caroline--""She",C,0,10,Shirley
"Caroline--""She",I,0,10,Shirley
"Caroline--""She",A,0,10,Shirley
"Caroline--""She",DC,0,10,Shirley
"Caroline--""She",DN,0,10,Shirley
Cary,N,1,10,Shirley
Cary,C,0,10,Shirley
Cary,I,0,10,Shirley
Cary,A,0,10,Shirley
Cary,DC,1,10,Shirley
Cary,DN,0,10,Shirley
Castlereagh,N,0,10,Shirley
Castlereagh,C,0,10,Shirley
Castlereagh,I,0,10,Shirley
Castlereagh,A,0,10,Shirley
Castlereagh,DC,0,10,Shirley
Castlereagh,DN,0,10,Shirley
Chénier,N,0,10,Shirley
Chénier,C,0,10,Shirley
Chénier,I,0,10,Shirley
Chénier,A,0,10,Shirley
Chénier,DC,0,10,Shirley
Chénier,DN,0,10,Shirley
Coriolanus,N,0,10,Shirley
Coriolanus,C,0,10,Shirley
Coriolanus,I,0,10,Shirley
Coriolanus,A,0,10,Shirley
Coriolanus,DC,0,10,Shirley
Coriolanus,DN,0,10,Shirley
Cowper,N,0,10,Shirley
Cowper,C,0,10,Shirley
Cowper,I,0,10,Shirley
Cowper,A,0,10,Shirley
Cowper,DC,0,10,Shirley
Cowper,DN,0,10,Shirley
Cyril Hall,N,0,10,Shirley
Cyril Hall,C,0,10,Shirley
Cyril Hall,I,0,10,Shirley
Cyril Hall,A,0,10,Shirley
Cyril Hall,DC,0,10,Shirley
Cyril Hall,DN,0,10,Shirley
Daniel,N,0,10,Shirley
Daniel,C,0,10,Shirley
Daniel,I,0,10,Shirley
Daniel,A,0,10,Shirley
Daniel,DC,0,10,Shirley
Daniel,DN,0,10,Shirley
Davy,N,0,10,Shirley
Davy,C,0,10,Shirley
Davy,I,0,10,Shirley
Davy,A,0,10,Shirley
Davy,DC,0,10,Shirley
Davy,DN,0,10,Shirley
Donne,N,0,10,Shirley
Donne,C,0,10,Shirley
Donne,I,0,10,Shirley
Donne,A,0,10,Shirley
Donne,DC,0,10,Shirley
Donne,DN,0,10,Shirley
Dora,N,0,10,Shirley
Dora,C,0,10,Shirley
Dora,I,0,10,Shirley
Dora,A,0,10,Shirley
Dora,DC,0,10,Shirley
Dora,DN,0,10,Shirley
Dr. Boultby,N,1,10,Shirley
Dr. Boultby,C,0,10,Shirley
Dr. Boultby,I,0,10,Shirley
Dr. Boultby,A,0,10,Shirley
Dr. Boultby,DC,0,10,Shirley
Dr. Boultby,DN,0,10,Shirley
Eliza,N,1,10,Shirley
Eliza,C,0,10,Shirley
Eliza,I,0,10,Shirley
Eliza,A,0,10,Shirley
Eliza,DC,0,10,Shirley
Eliza,DN,0,10,Shirley
Eva,N,0,10,Shirley
Eva,C,0,10,Shirley
Eva,I,0,10,Shirley
Eva,A,0,10,Shirley
Eva,DC,0,10,Shirley
Eva,DN,0,10,Shirley
Eve,N,0,10,Shirley
Eve,C,0,10,Shirley
Eve,I,0,10,Shirley
Eve,A,0,10,Shirley
Eve,DC,0,10,Shirley
Eve,DN,0,10,Shirley
Fanny,N,10,10,Shirley
Fanny,C,7,10,Shirley
Fanny,I,2,10,Shirley
Fanny,A,10,10,Shirley
Fanny,DC,0,10,Shirley
Fanny,DN,2,10,Shirley
Farrens,N,0,10,Shirley
Farrens,C,0,10,Shirley
Farrens,I,0,10,Shirley
Farrens,A,0,10,Shirley
Farrens,DC,0,10,Shirley
Farrens,DN,0,10,Shirley
Fieldhead,N,0,10,Shirley
Fieldhead,C,0,10,Shirley
Fieldhead,I,0,10,Shirley
Fieldhead,A,0,10,Shirley
Fieldhead,DC,0,10,Shirley
Fieldhead,DN,0,10,Shirley
Fortune,N,0,10,Shirley
Fortune,C,0,10,Shirley
Fortune,I,0,10,Shirley
Fortune,A,0,10,Shirley
Fortune,DC,0,10,Shirley
Fortune,DN,0,10,Shirley
God,N,0,10,Shirley
God,C,0,10,Shirley
God,I,0,10,Shirley
God,A,0,10,Shirley
God,DC,0,10,Shirley
God,DN,0,10,Shirley
Grace,N,0,10,Shirley
Grace,C,0,10,Shirley
Grace,I,0,10,Shirley
Grace,A,0,10,Shirley
Grace,DC,0,10,Shirley
Grace,DN,0,10,Shirley
Hannah,N,0,10,Shirley
Hannah,C,0,10,Shirley
Hannah,I,0,10,Shirley
Hannah,A,0,10,Shirley
Hannah,DC,0,10,Shirley
Hannah,DN,0,10,Shirley
Harriet,N,0,10,Shirley
Harriet,C,0,10,Shirley
Harriet,I,0,10,Shirley
Harriet,A,0,10,Shirley
Harriet,DC,0,10,Shirley
Harriet,DN,0,10,Shirley
Helstone,N,0,10,Shirley
Helstone,C,0,10,Shirley
Helstone,I,0,10,Shirley
Helstone,A,0,10,Shirley
Helstone,DC,0,10,Shirley
Helstone,DN,0,10,Shirley
Henry,N,0,10,Shirley
Henry,C,0,10,Shirley
Henry,I,0,10,Shirley
Henry,A,0,10,Shirley
Henry,DC,0,10,Shirley
Henry,DN,0,10,Shirley
Hiram Yorke,N,0,10,Shirley
Hiram Yorke,C,0,10,Shirley
Hiram Yorke,I,0,10,Shirley
Hiram Yorke,A,0,10,Shirley
Hiram Yorke,DC,0,10,Shirley
Hiram Yorke,DN,0,10,Shirley
Hollow,N,2,10,Shirley
Hollow,C,0,10,Shirley
Hollow,I,0,10,Shirley
Hollow,A,0,10,Shirley
Hollow,DC,0,10,Shirley
Hollow,DN,0,10,Shirley
Hortense,N,3,10,Shirley
Hortense,C,0,10,Shirley
Hortense,I,1,10,Shirley
Hortense,A,0,10,Shirley
Hortense,DC,1,10,Shirley
Hortense,DN,0,10,Shirley
Isabella,N,0,10,Shirley
Isabella,C,0,10,Shirley
Isabella,I,0,10,Shirley
Isabella,A,0,10,Shirley
Isabella,DC,0,10,Shirley
Isabella,DN,0,10,Shirley
James,N,0,10,Shirley
James,C,0,10,Shirley
James,I,0,10,Shirley
James,A,0,10,Shirley
James,DC,0,10,Shirley
James,DN,0,10,Shirley
Jessy,N,0,10,Shirley
Jessy,C,0,10,Shirley
Jessy,I,0,10,Shirley
Jessy,A,0,10,Shirley
Jessy,DC,0,10,Shirley
Jessy,DN,0,10,Shirley
Joe,N,0,10,Shirley
Joe,C,0,10,Shirley
Joe,I,0,10,Shirley
Joe,A,0,10,Shirley
Joe,DC,0,10,Shirley
Joe,DN,0,10,Shirley
John,N,0,10,Shirley
John,C,0,10,Shirley
John,I,0,10,Shirley
John,A,0,10,Shirley
John,DC,0,10,Shirley
John,DN,0,10,Shirley
John Wesley,N,0,10,Shirley
John Wesley,C,0,10,Shirley
John Wesley,I,0,10,Shirley
John Wesley,A,0,10,Shirley
John Wesley,DC,0,10,Shirley
John Wesley,DN,0,10,Shirley
Lamb,N,0,10,Shirley
Lamb,C,0,10,Shirley
Lamb,I,0,10,Shirley
Lamb,A,0,10,Shirley
Lamb,DC,0,10,Shirley
Lamb,DN,0,10,Shirley
Lina,N,0,10,Shirley
Lina,C,0,10,Shirley
Lina,I,0,10,Shirley
Lina,A,0,10,Shirley
Lina,DC,0,10,Shirley
Lina,DN,0,10,Shirley
Lord Wellington,N,1,10,Shirley
Lord Wellington,C,0,10,Shirley
Lord Wellington,I,0,10,Shirley
Lord Wellington,A,0,10,Shirley
Lord Wellington,DC,0,10,Shirley
Lord Wellington,DN,0,10,Shirley
Louis,N,0,10,Shirley
Louis,C,0,10,Shirley
Louis,I,0,10,Shirley
Louis,A,0,10,Shirley
Louis,DC,0,10,Shirley
Louis,DN,0,10,Shirley
Lucretia,N,0,10,Shirley
Lucretia,C,0,10,Shirley
Lucretia,I,0,10,Shirley
Lucretia,A,0,10,Shirley
Lucretia,DC,0,10,Shirley
Lucretia,DN,0,10,Shirley
MATTERS,N,0,10,Shirley
MATTERS,C,0,10,Shirley
MATTERS,I,0,10,Shirley
MATTERS,A,0,10,Shirley
MATTERS,DC,0,10,Shirley
MATTERS,DN,0,10,Shirley
MacTurk,N,0,10,Shirley
MacTurk,C,0,10,Shirley
MacTurk,I,0,10,Shirley
MacTurk,A,0,10,Shirley
MacTurk,DC,0,10,Shirley
MacTurk,DN,0,10,Shirley
Malone,N,3,10,Shirley
Malone,C,0,10,Shirley
Malone,I,0,10,Shirley
Malone,A,4,10,Shirley
Malone,DC,0,10,Shirley
Malone,DN,0,10,Shirley
Malone.--I,N,0,10,Shirley
Malone.--I,C,0,10,Shirley
Malone.--I,I,0,10,Shirley
Malone.--I,A,0,10,Shirley
Malone.--I,DC,0,10,Shirley
Malone.--I,DN,0,10,Shirley
Mamma,N,0,10,Shirley
Mamma,C,0,10,Shirley
Mamma,I,0,10,Shirley
Mamma,A,0,10,Shirley
Mamma,DC,0,10,Shirley
Mamma,DN,0,10,Shirley
Margaret,N,0,10,Shirley
Margaret,C,0,10,Shirley
Margaret,I,0,10,Shirley
Margaret,A,0,10,Shirley
Margaret,DC,0,10,Shirley
Margaret,DN,0,10,Shirley
Mark,N,0,10,Shirley
Mark,C,0,10,Shirley
Mark,I,0,10,Shirley
Mark,A,0,10,Shirley
Mark,DC,0,10,Shirley
Mark,DN,0,10,Shirley
Martin,N,0,10,Shirley
Martin,C,0,10,Shirley
Martin,I,0,10,Shirley
Martin,A,0,10,Shirley
Martin,DC,0,10,Shirley
Martin,DN,0,10,Shirley
Mary,N,0,10,Shirley
Mary,C,0,10,Shirley
Mary,I,0,10,Shirley
Mary,A,0,10,Shirley
Mary,DC,0,10,Shirley
Mary,DN,0,10,Shirley
Mary Ann Ainley,N,0,10,Shirley
Mary Ann Ainley,C,0,10,Shirley
Mary Ann Ainley,I,0,10,Shirley
Mary Ann Ainley,A,0,10,Shirley
Mary Ann Ainley,DC,0,10,Shirley
Mary Ann Ainley,DN,0,10,Shirley
Matthew,N,0,10,Shirley
Matthew,C,0,10,Shirley
Matthew,I,0,10,Shirley
Matthew,A,0,10,Shirley
Matthew,DC,0,10,Shirley
Matthew,DN,0,10,Shirley
Matthewson Helstone,N,0,10,Shirley
Matthewson Helstone,C,0,10,Shirley
Matthewson Helstone,I,0,10,Shirley
Matthewson Helstone,A,0,10,Shirley
Matthewson Helstone,DC,0,10,Shirley
Matthewson Helstone,DN,0,10,Shirley
Mike,N,0,10,Shirley
Mike,C,0,10,Shirley
Mike,I,0,10,Shirley
Mike,A,0,10,Shirley
Mike,DC,0,10,Shirley
Mike,DN,0,10,Shirley
Miss Ainley,N,12,10,Shirley
Miss Ainley,C,2,10,Shirley
Miss Ainley,I,5,10,Shirley
Miss Ainley,A,13,10,Shirley
Miss Ainley,DC,9,10,Shirley
Miss Ainley,DN,1,10,Shirley
Miss Austen,N,0,10,Shirley
Miss Austen,C,0,10,Shirley
Miss Austen,I,0,10,Shirley
Miss Austen,A,0,10,Shirley
Miss Austen,DC,0,10,Shirley
Miss Austen,DN,0,10,Shirley
Miss Cave,N,0,10,Shirley
Miss Cave,C,0,10,Shirley
Miss Cave,I,0,10,Shirley
Miss Cave,A,0,10,Shirley
Miss Cave,DC,0,10,Shirley
Miss Cave,DN,0,10,Shirley
Miss Grey,N,0,10,Shirley
Miss Grey,C,0,10,Shirley
Miss Grey,I,0,10,Shirley
Miss Grey,A,0,10,Shirley
Miss Grey,DC,0,10,Shirley
Miss Grey,DN,0,10,Shirley
Miss Hardman,N,0,10,Shirley
Miss Hardman,C,0,10,Shirley
Miss Hardman,I,0,10,Shirley
Miss Hardman,A,0,10,Shirley
Miss Hardman,DC,0,10,Shirley
Miss Hardman,DN,0,10,Shirley
Miss Mann,N,18,10,Shirley
Miss Mann,C,0,10,Shirley
Miss Mann,I,7,10,Shirley
Miss Mann,A,19,10,Shirley
Miss Mann,DC,4,10,Shirley
Miss Mann,DN,10,10,Shirley
Miss Mary,N,0,10,Shirley
Miss Mary,C,0,10,Shirley
Miss Mary,I,0,10,Shirley
Miss Mary,A,0,10,Shirley
Miss Mary,DC,0,10,Shirley
Miss Mary,DN,0,10,Shirley
Miss Moore,N,0,10,Shirley
Miss Moore,C,0,10,Shirley
Miss Moore,I,0,10,Shirley
Miss Moore,A,0,10,Shirley
Miss Moore,DC,0,10,Shirley
Miss Moore,DN,0,10,Shirley
Miss Pearson,N,0,10,Shirley
Miss Pearson,C,0,10,Shirley
Miss Pearson,I,0,10,Shirley
Miss Pearson,A,0,10,Shirley
Miss Pearson,DC,0,10,Shirley
Miss Pearson,DN,0,10,Shirley
Moore,N,0,10,Shirley
Moore,C,0,10,Shirley
Moore,I,0,10,Shirley
Moore,A,0,10,Shirley
Moore,DC,0,10,Shirley
Moore,DN,0,10,Shirley
Moses,N,0,10,Shirley
Moses,C,0,10,Shirley
Moses,I,0,10,Shirley
Moses,A,0,10,Shirley
Moses,DC,0,10,Shirley
Moses,DN,0,10,Shirley
Mother,N,0,10,Shirley
Mother,C,0,10,Shirley
Mother,I,0,10,Shirley
Mother,A,0,10,Shirley
Mother,DC,0,10,Shirley
Mother,DN,0,10,Shirley
Mr. Barraclough,N,0,10,Shirley
Mr. Barraclough,C,0,10,Shirley
Mr. Barraclough,I,0,10,Shirley
Mr. Barraclough,A,0,10,Shirley
Mr. Barraclough,DC,0,10,Shirley
Mr. Barraclough,DN,0,10,Shirley
Mr. Gale,N,0,10,Shirley
Mr. Gale,C,0,10,Shirley
Mr. Gale,I,0,10,Shirley
Mr. Gale,A,0,10,Shirley
Mr. Gale,DC,0,10,Shirley
Mr. Gale,DN,0,10,Shirley
Mr. Hall,N,1,10,Shirley
Mr. Hall,C,0,10,Shirley
Mr. Hall,I,0,10,Shirley
Mr. Hall,A,1,10,Shirley
Mr. Hall,DC,0,10,Shirley
Mr. Hall,DN,0,10,Shirley
Mr. Helstone,N,5,10,Shirley
Mr. Helstone,C,4,10,Shirley
Mr. Helstone,I,13,10,Shirley
Mr. Helstone,A,2,10,Shirley
Mr. Helstone,DC,0,10,Shirley
Mr. Helstone,DN,1,10,Shirley
Mr. Moore,N,4,10,Shirley
Mr. Moore,C,0,10,Shirley
Mr. Moore,I,0,10,Shirley
Mr. Moore,A,2,10,Shirley
Mr. Moore,DC,0,10,Shirley
Mr. Moore,DN,0,10,Shirley
Mr. Moore----,N,0,10,Shirley
Mr. Moore----,C,0,10,Shirley
Mr. Moore----,I,0,10,Shirley
Mr. Moore----,A,0,10,Shirley
Mr. Moore----,DC,0,10,Shirley
Mr. Moore----,DN,0,10,Shirley
Mr. Ramsden,N,0,10,Shirley
Mr. Ramsden,C,0,10,Shirley
Mr. Ramsden,I,0,10,Shirley
Mr. Ramsden,A,0,10,Shirley
Mr. Ramsden,DC,0,10,Shirley
Mr. Ramsden,DN,0,10,Shirley
Mr. Sykes,N,0,10,Shirley
Mr. Sykes,C,0,10,Shirley
Mr. Sykes,I,0,10,Shirley
Mr. Sykes,A,0,10,Shirley
Mr. Sykes,DC,0,10,Shirley
Mr. Sykes,DN,0,10,Shirley
Mr. Sympson,N,0,10,Shirley
Mr. Sympson,C,0,10,Shirley
Mr. Sympson,I,0,10,Shirley
Mr. Sympson,A,0,10,Shirley
Mr. Sympson,DC,0,10,Shirley
Mr. Sympson,DN,0,10,Shirley
Mr. Wynne,N,0,10,Shirley
Mr. Wynne,C,0,10,Shirley
Mr. Wynne,I,0,10,Shirley
Mr. Wynne,A,0,10,Shirley
Mr. Wynne,DC,0,10,Shirley
Mr. Wynne,DN,0,10,Shirley
Mr. Yorke,N,1,10,Shirley
Mr. Yorke,C,0,10,Shirley
Mr. Yorke,I,0,10,Shirley
Mr. Yorke,A,0,10,Shirley
Mr. Yorke,DC,0,10,Shirley
Mr. Yorke,DN,0,10,Shirley
Mrs. Gale,N,0,10,Shirley
Mrs. Gale,C,0,10,Shirley
Mrs. Gale,I,0,10,Shirley
Mrs. Gale,A,0,10,Shirley
Mrs. Gale,DC,0,10,Shirley
Mrs. Gale,DN,0,10,Shirley
Mrs. Gill,N,0,10,Shirley
Mrs. Gill,C,0,10,Shirley
Mrs. Gill,I,0,10,Shirley
Mrs. Gill,A,0,10,Shirley
Mrs. Gill,DC,0,10,Shirley
Mrs. Gill,DN,0,10,Shirley
Mrs. Hardman,N,0,10,Shirley
Mrs. Hardman,C,0,10,Shirley
Mrs. Hardman,I,0,10,Shirley
Mrs. Hardman,A,0,10,Shirley
Mrs. Hardman,DC,0,10,Shirley
Mrs. Hardman,DN,0,10,Shirley
Mrs. Horsfall,N,0,10,Shirley
Mrs. Horsfall,C,0,10,Shirley
Mrs. Horsfall,I,0,10,Shirley
Mrs. Horsfall,A,0,10,Shirley
Mrs. Horsfall,DC,0,10,Shirley
Mrs. Horsfall,DN,0,10,Shirley
Mrs. Louis,N,0,10,Shirley
Mrs. Louis,C,0,10,Shirley
Mrs. Louis,I,0,10,Shirley
Mrs. Louis,A,0,10,Shirley
Mrs. Louis,DC,0,10,Shirley
Mrs. Louis,DN,0,10,Shirley
Mrs. Pryor,N,0,10,Shirley
Mrs. Pryor,C,0,10,Shirley
Mrs. Pryor,I,0,10,Shirley
Mrs. Pryor,A,0,10,Shirley
Mrs. Pryor,DC,0,10,Shirley
Mrs. Pryor,DN,0,10,Shirley
Mrs. Sykes,N,0,10,Shirley
Mrs. Sykes,C,0,10,Shirley
Mrs. Sykes,I,0,10,Shirley
Mrs. Sykes,A,0,10,Shirley
Mrs. Sykes,DC,0,10,Shirley
Mrs. Sykes,DN,0,10,Shirley
Mrs. Yorke,N,0,10,Shirley
Mrs. Yorke,C,0,10,Shirley
Mrs. Yorke,I,0,10,Shirley
Mrs. Yorke,A,0,10,Shirley
Mrs. Yorke,DC,0,10,Shirley
Mrs. Yorke,DN,0,10,Shirley
Murgatroyd,N,0,10,Shirley
Murgatroyd,C,0,10,Shirley
Murgatroyd,I,0,10,Shirley
Murgatroyd,A,0,10,Shirley
Murgatroyd,DC,0,10,Shirley
Murgatroyd,DN,0,10,Shirley
Napoleon,N,1,10,Shirley
Napoleon,C,0,10,Shirley
Napoleon,I,0,10,Shirley
Napoleon,A,0,10,Shirley
Napoleon,DC,0,10,Shirley
Napoleon,DN,0,10,Shirley
Nature,N,0,10,Shirley
Nature,C,0,10,Shirley
Nature,I,0,10,Shirley
Nature,A,0,10,Shirley
Nature,DC,0,10,Shirley
Nature,DN,0,10,Shirley
Pearson,N,0,10,Shirley
Pearson,C,0,10,Shirley
Pearson,I,0,10,Shirley
Pearson,A,0,10,Shirley
Pearson,DC,0,10,Shirley
Pearson,DN,0,10,Shirley
Peg Woffington.= CHARLES READE,N,0,10,Shirley
Peg Woffington.= CHARLES READE,C,0,10,Shirley
Peg Woffington.= CHARLES READE,I,0,10,Shirley
Peg Woffington.= CHARLES READE,A,0,10,Shirley
Peg Woffington.= CHARLES READE,DC,0,10,Shirley
Peg Woffington.= CHARLES READE,DN,0,10,Shirley
Peter,N,0,10,Shirley
Peter,C,0,10,Shirley
Peter,I,0,10,Shirley
Peter,A,0,10,Shirley
Peter,DC,0,10,Shirley
Peter,DN,0,10,Shirley
Phœbe,N,0,10,Shirley
Phœbe,C,0,10,Shirley
Phœbe,I,0,10,Shirley
Phœbe,A,0,10,Shirley
Phœbe,DC,0,10,Shirley
Phœbe,DN,0,10,Shirley
Providence,N,0,10,Shirley
Providence,C,0,10,Shirley
Providence,I,0,10,Shirley
Providence,A,0,10,Shirley
Providence,DC,0,10,Shirley
Providence,DN,0,10,Shirley
Robert,N,24,10,Shirley
Robert,C,4,10,Shirley
Robert,I,16,10,Shirley
Robert,A,27,10,Shirley
Robert,DC,3,10,Shirley
Robert,DN,7,10,Shirley
Rose,N,0,10,Shirley
Rose,C,0,10,Shirley
Rose,I,0,10,Shirley
Rose,A,0,10,Shirley
Rose,DC,0,10,Shirley
Rose,DN,0,10,Shirley
Sarah,N,0,10,Shirley
Sarah,C,0,10,Shirley
Sarah,I,0,10,Shirley
Sarah,A,0,10,Shirley
Sarah,DC,0,10,Shirley
Sarah,DN,0,10,Shirley
Saturnia,N,0,10,Shirley
Saturnia,C,0,10,Shirley
Saturnia,I,0,10,Shirley
Saturnia,A,0,10,Shirley
Saturnia,DC,0,10,Shirley
Saturnia,DN,0,10,Shirley
Shakespeare,N,0,10,Shirley
Shakespeare,C,0,10,Shirley
Shakespeare,I,0,10,Shirley
Shakespeare,A,0,10,Shirley
Shakespeare,DC,0,10,Shirley
Shakespeare,DN,0,10,Shirley
Shirley,N,0,10,Shirley
Shirley,C,0,10,Shirley
Shirley,I,0,10,Shirley
Shirley,A,0,10,Shirley
Shirley,DC,0,10,Shirley
Shirley,DN,0,10,Shirley
Sir Philip,N,0,10,Shirley
Sir Philip,C,0,10,Shirley
Sir Philip,I,0,10,Shirley
Sir Philip,A,0,10,Shirley
Sir Philip,DC,0,10,Shirley
Sir Philip,DN,0,10,Shirley
Sir Walter Scott,N,0,10,Shirley
Sir Walter Scott,C,0,10,Shirley
Sir Walter Scott,I,0,10,Shirley
Sir Walter Scott,A,0,10,Shirley
Sir Walter Scott,DC,0,10,Shirley
Sir Walter Scott,DN,0,10,Shirley
Sister,N,0,10,Shirley
Sister,C,0,10,Shirley
Sister,I,0,10,Shirley
Sister,A,0,10,Shirley
Sister,DC,0,10,Shirley
Sister,DN,0,10,Shirley
St. Paul,N,0,10,Shirley
St. Paul,C,0,10,Shirley
St. Paul,I,0,10,Shirley
St. Paul,A,0,10,Shirley
St. Paul,DC,0,10,Shirley
St. Paul,DN,0,10,Shirley
Stilbro,N,0,10,Shirley
Stilbro,C,0,10,Shirley
Stilbro,I,0,10,Shirley
Stilbro,A,0,10,Shirley
Stilbro,DC,0,10,Shirley
Stilbro,DN,0,10,Shirley
Sudgen,N,0,10,Shirley
Sudgen,C,0,10,Shirley
Sudgen,I,0,10,Shirley
Sudgen,A,0,10,Shirley
Sudgen,DC,0,10,Shirley
Sudgen,DN,0,10,Shirley
Sugden,N,0,10,Shirley
Sugden,C,0,10,Shirley
Sugden,I,0,10,Shirley
Sugden,A,0,10,Shirley
Sugden,DC,0,10,Shirley
Sugden,DN,0,10,Shirley
Sweeting,N,0,10,Shirley
Sweeting,C,0,10,Shirley
Sweeting,I,0,10,Shirley
Sweeting,A,0,10,Shirley
Sweeting,DC,0,10,Shirley
Sweeting,DN,0,10,Shirley
Tartar,N,0,10,Shirley
Tartar,C,0,10,Shirley
Tartar,I,0,10,Shirley
Tartar,A,0,10,Shirley
Tartar,DC,0,10,Shirley
Tartar,DN,0,10,Shirley
The Cossack,N,1,10,Shirley
The Cossack,C,0,10,Shirley
The Cossack,I,1,10,Shirley
The Cossack,A,0,10,Shirley
The Cossack,DC,0,10,Shirley
The Cossack,DN,0,10,Shirley
These Oreads,N,0,10,Shirley
These Oreads,C,0,10,Shirley
These Oreads,I,0,10,Shirley
These Oreads,A,0,10,Shirley
These Oreads,DC,0,10,Shirley
These Oreads,DN,0,10,Shirley
Tom Cringle,N,0,10,Shirley
Tom Cringle,C,0,10,Shirley
Tom Cringle,I,0,10,Shirley
Tom Cringle,A,0,10,Shirley
Tom Cringle,DC,0,10,Shirley
Tom Cringle,DN,0,10,Shirley
Uncle,N,0,10,Shirley
Uncle,C,0,10,Shirley
Uncle,I,0,10,Shirley
Uncle,A,0,10,Shirley
Uncle,DC,0,10,Shirley
Uncle,DN,0,10,Shirley
VICTOR HUGO,N,0,10,Shirley
VICTOR HUGO,C,0,10,Shirley
VICTOR HUGO,I,0,10,Shirley
VICTOR HUGO,A,0,10,Shirley
VICTOR HUGO,DC,0,10,Shirley
VICTOR HUGO,DN,0,10,Shirley
Whinbury,N,0,10,Shirley
Whinbury,C,0,10,Shirley
Whinbury,I,0,10,Shirley
Whinbury,A,0,10,Shirley
Whinbury,DC,0,10,Shirley
Whinbury,DN,0,10,Shirley
William,N,0,10,Shirley
William,C,0,10,Shirley
William,I,0,10,Shirley
William,A,0,10,Shirley
William,DC,0,10,Shirley
William,DN,0,10,Shirley
mademoiselle,N,0,10,Shirley
mademoiselle,C,0,10,Shirley
mademoiselle,I,0,10,Shirley
mademoiselle,A,0,10,Shirley
mademoiselle,DC,0,10,Shirley
mademoiselle,DN,0,10,Shirley
old Lady Nunnely,N,0,10,Shirley
old Lady Nunnely,C,0,10,Shirley
old Lady Nunnely,I,0,10,Shirley
old Lady Nunnely,A,0,10,Shirley
old Lady Nunnely,DC,0,10,Shirley
old Lady Nunnely,DN,0,10,Shirley
old Queen Charlotte,N,0,10,Shirley
old Queen Charlotte,C,0,10,Shirley
old Queen Charlotte,I,0,10,Shirley
old Queen Charlotte,A,0,10,Shirley
old Queen Charlotte,DC,0,10,Shirley
old Queen Charlotte,DN,0,10,Shirley
the Misses Sykes,N,0,10,Shirley
the Misses Sykes,C,0,10,Shirley
the Misses Sykes,I,0,10,Shirley
the Misses Sykes,A,0,10,Shirley
the Misses Sykes,DC,0,10,Shirley
the Misses Sykes,DN,0,10,Shirley
the Misses Sympson,N,0,10,Shirley
the Misses Sympson,C,0,10,Shirley
the Misses Sympson,I,0,10,Shirley
the Misses Sympson,A,0,10,Shirley
the Misses Sympson,DC,0,10,Shirley
the Misses Sympson,DN,0,10,Shirley
the Moores,N,0,10,Shirley
the Moores,C,0,10,Shirley
the Moores,I,0,10,Shirley
the Moores,A,0,10,Shirley
the Moores,DC,0,10,Shirley
the Moores,DN,0,10,Shirley
the Sympsons,N,0,10,Shirley
the Sympsons,C,0,10,Shirley
the Sympsons,I,0,10,Shirley
the Sympsons,A,0,10,Shirley
the Sympsons,DC,0,10,Shirley
the Sympsons,DN,0,10,Shirley
Abraham,N,0,11,Shirley
Abraham,C,0,11,Shirley
Abraham,I,0,11,Shirley
Abraham,A,0,11,Shirley
Abraham,DC,0,11,Shirley
Abraham,DN,0,11,Shirley
Adam,N,0,11,Shirley
Adam,C,0,11,Shirley
Adam,I,0,11,Shirley
Adam,A,0,11,Shirley
Adam,DC,0,11,Shirley
Adam,DN,0,11,Shirley
Bob,N,0,11,Shirley
Bob,C,0,11,Shirley
Bob,I,0,11,Shirley
Bob,A,0,11,Shirley
Bob,DC,0,11,Shirley
Bob,DN,0,11,Shirley
Bonaparte,N,0,11,Shirley
Bonaparte,C,0,11,Shirley
Bonaparte,I,0,11,Shirley
Bonaparte,A,0,11,Shirley
Bonaparte,DC,0,11,Shirley
Bonaparte,DN,0,11,Shirley
Boultby,N,0,11,Shirley
Boultby,C,0,11,Shirley
Boultby,I,0,11,Shirley
Boultby,A,0,11,Shirley
Boultby,DC,0,11,Shirley
Boultby,DN,0,11,Shirley
Briarmains,N,0,11,Shirley
Briarmains,C,0,11,Shirley
Briarmains,I,0,11,Shirley
Briarmains,A,0,11,Shirley
Briarmains,DC,0,11,Shirley
Briarmains,DN,0,11,Shirley
CHARLES DICKENS,N,0,11,Shirley
CHARLES DICKENS,C,0,11,Shirley
CHARLES DICKENS,I,0,11,Shirley
CHARLES DICKENS,A,0,11,Shirley
CHARLES DICKENS,DC,0,11,Shirley
CHARLES DICKENS,DN,0,11,Shirley
Captain Keeldar,N,1,11,Shirley
Captain Keeldar,C,0,11,Shirley
Captain Keeldar,I,0,11,Shirley
Captain Keeldar,A,4,11,Shirley
Captain Keeldar,DC,1,11,Shirley
Captain Keeldar,DN,1,11,Shirley
Caroline,N,30,11,Shirley
Caroline,C,12,11,Shirley
Caroline,I,46,11,Shirley
Caroline,A,62,11,Shirley
Caroline,DC,4,11,Shirley
Caroline,DN,11,11,Shirley
"Caroline--""She",N,0,11,Shirley
"Caroline--""She",C,0,11,Shirley
"Caroline--""She",I,0,11,Shirley
"Caroline--""She",A,0,11,Shirley
"Caroline--""She",DC,0,11,Shirley
"Caroline--""She",DN,0,11,Shirley
Cary,N,1,11,Shirley
Cary,C,0,11,Shirley
Cary,I,0,11,Shirley
Cary,A,0,11,Shirley
Cary,DC,0,11,Shirley
Cary,DN,0,11,Shirley
Castlereagh,N,0,11,Shirley
Castlereagh,C,0,11,Shirley
Castlereagh,I,0,11,Shirley
Castlereagh,A,0,11,Shirley
Castlereagh,DC,0,11,Shirley
Castlereagh,DN,0,11,Shirley
Chénier,N,0,11,Shirley
Chénier,C,0,11,Shirley
Chénier,I,0,11,Shirley
Chénier,A,0,11,Shirley
Chénier,DC,0,11,Shirley
Chénier,DN,0,11,Shirley
Coriolanus,N,0,11,Shirley
Coriolanus,C,0,11,Shirley
Coriolanus,I,0,11,Shirley
Coriolanus,A,0,11,Shirley
Coriolanus,DC,0,11,Shirley
Coriolanus,DN,0,11,Shirley
Cowper,N,0,11,Shirley
Cowper,C,0,11,Shirley
Cowper,I,0,11,Shirley
Cowper,A,0,11,Shirley
Cowper,DC,0,11,Shirley
Cowper,DN,0,11,Shirley
Cyril Hall,N,0,11,Shirley
Cyril Hall,C,0,11,Shirley
Cyril Hall,I,0,11,Shirley
Cyril Hall,A,0,11,Shirley
Cyril Hall,DC,0,11,Shirley
Cyril Hall,DN,0,11,Shirley
Daniel,N,0,11,Shirley
Daniel,C,0,11,Shirley
Daniel,I,0,11,Shirley
Daniel,A,0,11,Shirley
Daniel,DC,0,11,Shirley
Daniel,DN,0,11,Shirley
Davy,N,0,11,Shirley
Davy,C,0,11,Shirley
Davy,I,0,11,Shirley
Davy,A,0,11,Shirley
Davy,DC,0,11,Shirley
Davy,DN,0,11,Shirley
Donne,N,0,11,Shirley
Donne,C,0,11,Shirley
Donne,I,0,11,Shirley
Donne,A,0,11,Shirley
Donne,DC,0,11,Shirley
Donne,DN,0,11,Shirley
Dora,N,0,11,Shirley
Dora,C,0,11,Shirley
Dora,I,0,11,Shirley
Dora,A,0,11,Shirley
Dora,DC,0,11,Shirley
Dora,DN,0,11,Shirley
Dr. Boultby,N,0,11,Shirley
Dr. Boultby,C,0,11,Shirley
Dr. Boultby,I,0,11,Shirley
Dr. Boultby,A,0,11,Shirley
Dr. Boultby,DC,0,11,Shirley
Dr. Boultby,DN,0,11,Shirley
Eliza,N,0,11,Shirley
Eliza,C,0,11,Shirley
Eliza,I,0,11,Shirley
Eliza,A,0,11,Shirley
Eliza,DC,0,11,Shirley
Eliza,DN,0,11,Shirley
Eva,N,0,11,Shirley
Eva,C,0,11,Shirley
Eva,I,0,11,Shirley
Eva,A,0,11,Shirley
Eva,DC,0,11,Shirley
Eva,DN,0,11,Shirley
Eve,N,0,11,Shirley
Eve,C,0,11,Shirley
Eve,I,0,11,Shirley
Eve,A,0,11,Shirley
Eve,DC,0,11,Shirley
Eve,DN,0,11,Shirley
Fanny,N,1,11,Shirley
Fanny,C,0,11,Shirley
Fanny,I,0,11,Shirley
Fanny,A,1,11,Shirley
Fanny,DC,0,11,Shirley
Fanny,DN,0,11,Shirley
Farrens,N,0,11,Shirley
Farrens,C,0,11,Shirley
Farrens,I,0,11,Shirley
Farrens,A,0,11,Shirley
Farrens,DC,0,11,Shirley
Farrens,DN,0,11,Shirley
Fieldhead,N,0,11,Shirley
Fieldhead,C,0,11,Shirley
Fieldhead,I,0,11,Shirley
Fieldhead,A,0,11,Shirley
Fieldhead,DC,0,11,Shirley
Fieldhead,DN,0,11,Shirley
Fortune,N,0,11,Shirley
Fortune,C,0,11,Shirley
Fortune,I,0,11,Shirley
Fortune,A,0,11,Shirley
Fortune,DC,0,11,Shirley
Fortune,DN,0,11,Shirley
God,N,1,11,Shirley
God,C,0,11,Shirley
God,I,0,11,Shirley
God,A,0,11,Shirley
God,DC,0,11,Shirley
God,DN,0,11,Shirley
Grace,N,0,11,Shirley
Grace,C,0,11,Shirley
Grace,I,0,11,Shirley
Grace,A,0,11,Shirley
Grace,DC,0,11,Shirley
Grace,DN,0,11,Shirley
Hannah,N,0,11,Shirley
Hannah,C,0,11,Shirley
Hannah,I,0,11,Shirley
Hannah,A,0,11,Shirley
Hannah,DC,0,11,Shirley
Hannah,DN,0,11,Shirley
Harriet,N,0,11,Shirley
Harriet,C,0,11,Shirley
Harriet,I,0,11,Shirley
Harriet,A,0,11,Shirley
Harriet,DC,0,11,Shirley
Harriet,DN,0,11,Shirley
Helstone,N,0,11,Shirley
Helstone,C,0,11,Shirley
Helstone,I,0,11,Shirley
Helstone,A,0,11,Shirley
Helstone,DC,0,11,Shirley
Helstone,DN,0,11,Shirley
Henry,N,0,11,Shirley
Henry,C,0,11,Shirley
Henry,I,0,11,Shirley
Henry,A,0,11,Shirley
Henry,DC,0,11,Shirley
Henry,DN,0,11,Shirley
Hiram Yorke,N,0,11,Shirley
Hiram Yorke,C,0,11,Shirley
Hiram Yorke,I,0,11,Shirley
Hiram Yorke,A,0,11,Shirley
Hiram Yorke,DC,0,11,Shirley
Hiram Yorke,DN,0,11,Shirley
Hollow,N,0,11,Shirley
Hollow,C,0,11,Shirley
Hollow,I,0,11,Shirley
Hollow,A,0,11,Shirley
Hollow,DC,0,11,Shirley
Hollow,DN,0,11,Shirley
Hortense,N,1,11,Shirley
Hortense,C,0,11,Shirley
Hortense,I,0,11,Shirley
Hortense,A,0,11,Shirley
Hortense,DC,0,11,Shirley
Hortense,DN,0,11,Shirley
Isabella,N,0,11,Shirley
Isabella,C,0,11,Shirley
Isabella,I,0,11,Shirley
Isabella,A,0,11,Shirley
Isabella,DC,0,11,Shirley
Isabella,DN,0,11,Shirley
James,N,1,11,Shirley
James,C,0,11,Shirley
James,I,0,11,Shirley
James,A,0,11,Shirley
James,DC,0,11,Shirley
James,DN,0,11,Shirley
Jessy,N,0,11,Shirley
Jessy,C,0,11,Shirley
Jessy,I,0,11,Shirley
Jessy,A,0,11,Shirley
Jessy,DC,0,11,Shirley
Jessy,DN,0,11,Shirley
Joe,N,0,11,Shirley
Joe,C,0,11,Shirley
Joe,I,0,11,Shirley
Joe,A,0,11,Shirley
Joe,DC,0,11,Shirley
Joe,DN,0,11,Shirley
John,N,0,11,Shirley
John,C,0,11,Shirley
John,I,0,11,Shirley
John,A,0,11,Shirley
John,DC,0,11,Shirley
John,DN,0,11,Shirley
John Wesley,N,0,11,Shirley
John Wesley,C,0,11,Shirley
John Wesley,I,0,11,Shirley
John Wesley,A,0,11,Shirley
John Wesley,DC,0,11,Shirley
John Wesley,DN,0,11,Shirley
Lamb,N,0,11,Shirley
Lamb,C,0,11,Shirley
Lamb,I,0,11,Shirley
Lamb,A,0,11,Shirley
Lamb,DC,0,11,Shirley
Lamb,DN,0,11,Shirley
Lina,N,0,11,Shirley
Lina,C,0,11,Shirley
Lina,I,0,11,Shirley
Lina,A,0,11,Shirley
Lina,DC,0,11,Shirley
Lina,DN,0,11,Shirley
Lord Wellington,N,0,11,Shirley
Lord Wellington,C,0,11,Shirley
Lord Wellington,I,0,11,Shirley
Lord Wellington,A,0,11,Shirley
Lord Wellington,DC,0,11,Shirley
Lord Wellington,DN,0,11,Shirley
Louis,N,0,11,Shirley
Louis,C,0,11,Shirley
Louis,I,0,11,Shirley
Louis,A,0,11,Shirley
Louis,DC,0,11,Shirley
Louis,DN,0,11,Shirley
Lucretia,N,0,11,Shirley
Lucretia,C,0,11,Shirley
Lucretia,I,0,11,Shirley
Lucretia,A,0,11,Shirley
Lucretia,DC,0,11,Shirley
Lucretia,DN,0,11,Shirley
MATTERS,N,0,11,Shirley
MATTERS,C,0,11,Shirley
MATTERS,I,0,11,Shirley
MATTERS,A,0,11,Shirley
MATTERS,DC,0,11,Shirley
MATTERS,DN,0,11,Shirley
MacTurk,N,0,11,Shirley
MacTurk,C,0,11,Shirley
MacTurk,I,0,11,Shirley
MacTurk,A,0,11,Shirley
MacTurk,DC,0,11,Shirley
MacTurk,DN,0,11,Shirley
Malone,N,1,11,Shirley
Malone,C,0,11,Shirley
Malone,I,0,11,Shirley
Malone,A,1,11,Shirley
Malone,DC,0,11,Shirley
Malone,DN,0,11,Shirley
Malone.--I,N,0,11,Shirley
Malone.--I,C,0,11,Shirley
Malone.--I,I,0,11,Shirley
Malone.--I,A,0,11,Shirley
Malone.--I,DC,0,11,Shirley
Malone.--I,DN,0,11,Shirley
Mamma,N,0,11,Shirley
Mamma,C,0,11,Shirley
Mamma,I,0,11,Shirley
Mamma,A,0,11,Shirley
Mamma,DC,0,11,Shirley
Mamma,DN,0,11,Shirley
Margaret,N,0,11,Shirley
Margaret,C,0,11,Shirley
Margaret,I,0,11,Shirley
Margaret,A,0,11,Shirley
Margaret,DC,0,11,Shirley
Margaret,DN,0,11,Shirley
Mark,N,0,11,Shirley
Mark,C,0,11,Shirley
Mark,I,0,11,Shirley
Mark,A,0,11,Shirley
Mark,DC,0,11,Shirley
Mark,DN,0,11,Shirley
Martin,N,0,11,Shirley
Martin,C,0,11,Shirley
Martin,I,0,11,Shirley
Martin,A,0,11,Shirley
Martin,DC,0,11,Shirley
Martin,DN,0,11,Shirley
Mary,N,0,11,Shirley
Mary,C,0,11,Shirley
Mary,I,0,11,Shirley
Mary,A,0,11,Shirley
Mary,DC,0,11,Shirley
Mary,DN,0,11,Shirley
Mary Ann Ainley,N,0,11,Shirley
Mary Ann Ainley,C,0,11,Shirley
Mary Ann Ainley,I,0,11,Shirley
Mary Ann Ainley,A,0,11,Shirley
Mary Ann Ainley,DC,0,11,Shirley
Mary Ann Ainley,DN,0,11,Shirley
Matthew,N,0,11,Shirley
Matthew,C,0,11,Shirley
Matthew,I,0,11,Shirley
Matthew,A,0,11,Shirley
Matthew,DC,0,11,Shirley
Matthew,DN,0,11,Shirley
Matthewson Helstone,N,0,11,Shirley
Matthewson Helstone,C,0,11,Shirley
Matthewson Helstone,I,0,11,Shirley
Matthewson Helstone,A,0,11,Shirley
Matthewson Helstone,DC,0,11,Shirley
Matthewson Helstone,DN,0,11,Shirley
Mike,N,0,11,Shirley
Mike,C,0,11,Shirley
Mike,I,0,11,Shirley
Mike,A,0,11,Shirley
Mike,DC,0,11,Shirley
Mike,DN,0,11,Shirley
Miss Ainley,N,0,11,Shirley
Miss Ainley,C,0,11,Shirley
Miss Ainley,I,0,11,Shirley
Miss Ainley,A,0,11,Shirley
Miss Ainley,DC,0,11,Shirley
Miss Ainley,DN,0,11,Shirley
Miss Austen,N,0,11,Shirley
Miss Austen,C,0,11,Shirley
Miss Austen,I,0,11,Shirley
Miss Austen,A,0,11,Shirley
Miss Austen,DC,0,11,Shirley
Miss Austen,DN,0,11,Shirley
Miss Cave,N,0,11,Shirley
Miss Cave,C,0,11,Shirley
Miss Cave,I,0,11,Shirley
Miss Cave,A,0,11,Shirley
Miss Cave,DC,0,11,Shirley
Miss Cave,DN,0,11,Shirley
Miss Grey,N,0,11,Shirley
Miss Grey,C,0,11,Shirley
Miss Grey,I,0,11,Shirley
Miss Grey,A,0,11,Shirley
Miss Grey,DC,0,11,Shirley
Miss Grey,DN,0,11,Shirley
Miss Hardman,N,0,11,Shirley
Miss Hardman,C,0,11,Shirley
Miss Hardman,I,0,11,Shirley
Miss Hardman,A,0,11,Shirley
Miss Hardman,DC,0,11,Shirley
Miss Hardman,DN,0,11,Shirley
Miss Mann,N,0,11,Shirley
Miss Mann,C,0,11,Shirley
Miss Mann,I,0,11,Shirley
Miss Mann,A,0,11,Shirley
Miss Mann,DC,0,11,Shirley
Miss Mann,DN,0,11,Shirley
Miss Mary,N,0,11,Shirley
Miss Mary,C,0,11,Shirley
Miss Mary,I,0,11,Shirley
Miss Mary,A,0,11,Shirley
Miss Mary,DC,0,11,Shirley
Miss Mary,DN,0,11,Shirley
Miss Moore,N,0,11,Shirley
Miss Moore,C,0,11,Shirley
Miss Moore,I,0,11,Shirley
Miss Moore,A,0,11,Shirley
Miss Moore,DC,0,11,Shirley
Miss Moore,DN,0,11,Shirley
Miss Pearson,N,0,11,Shirley
Miss Pearson,C,0,11,Shirley
Miss Pearson,I,0,11,Shirley
Miss Pearson,A,0,11,Shirley
Miss Pearson,DC,0,11,Shirley
Miss Pearson,DN,0,11,Shirley
Moore,N,0,11,Shirley
Moore,C,0,11,Shirley
Moore,I,0,11,Shirley
Moore,A,0,11,Shirley
Moore,DC,0,11,Shirley
Moore,DN,0,11,Shirley
Moses,N,0,11,Shirley
Moses,C,0,11,Shirley
Moses,I,0,11,Shirley
Moses,A,0,11,Shirley
Moses,DC,0,11,Shirley
Moses,DN,0,11,Shirley
Mother,N,0,11,Shirley
Mother,C,0,11,Shirley
Mother,I,0,11,Shirley
Mother,A,0,11,Shirley
Mother,DC,0,11,Shirley
Mother,DN,0,11,Shirley
Mr. Barraclough,N,0,11,Shirley
Mr. Barraclough,C,0,11,Shirley
Mr. Barraclough,I,0,11,Shirley
Mr. Barraclough,A,0,11,Shirley
Mr. Barraclough,DC,0,11,Shirley
Mr. Barraclough,DN,0,11,Shirley
Mr. Gale,N,0,11,Shirley
Mr. Gale,C,0,11,Shirley
Mr. Gale,I,0,11,Shirley
Mr. Gale,A,0,11,Shirley
Mr. Gale,DC,0,11,Shirley
Mr. Gale,DN,0,11,Shirley
Mr. Hall,N,0,11,Shirley
Mr. Hall,C,0,11,Shirley
Mr. Hall,I,0,11,Shirley
Mr. Hall,A,0,11,Shirley
Mr. Hall,DC,0,11,Shirley
Mr. Hall,DN,0,11,Shirley
Mr. Helstone,N,15,11,Shirley
Mr. Helstone,C,17,11,Shirley
Mr. Helstone,I,15,11,Shirley
Mr. Helstone,A,14,11,Shirley
Mr. Helstone,DC,9,11,Shirley
Mr. Helstone,DN,2,11,Shirley
Mr. Moore,N,2,11,Shirley
Mr. Moore,C,0,11,Shirley
Mr. Moore,I,0,11,Shirley
Mr. Moore,A,2,11,Shirley
Mr. Moore,DC,8,11,Shirley
Mr. Moore,DN,0,11,Shirley
Mr. Moore----,N,0,11,Shirley
Mr. Moore----,C,0,11,Shirley
Mr. Moore----,I,0,11,Shirley
Mr. Moore----,A,0,11,Shirley
Mr. Moore----,DC,0,11,Shirley
Mr. Moore----,DN,0,11,Shirley
Mr. Ramsden,N,0,11,Shirley
Mr. Ramsden,C,0,11,Shirley
Mr. Ramsden,I,0,11,Shirley
Mr. Ramsden,A,0,11,Shirley
Mr. Ramsden,DC,0,11,Shirley
Mr. Ramsden,DN,0,11,Shirley
Mr. Sykes,N,0,11,Shirley
Mr. Sykes,C,0,11,Shirley
Mr. Sykes,I,0,11,Shirley
Mr. Sykes,A,0,11,Shirley
Mr. Sykes,DC,0,11,Shirley
Mr. Sykes,DN,0,11,Shirley
Mr. Sympson,N,0,11,Shirley
Mr. Sympson,C,0,11,Shirley
Mr. Sympson,I,0,11,Shirley
Mr. Sympson,A,0,11,Shirley
Mr. Sympson,DC,0,11,Shirley
Mr. Sympson,DN,0,11,Shirley
Mr. Wynne,N,0,11,Shirley
Mr. Wynne,C,0,11,Shirley
Mr. Wynne,I,0,11,Shirley
Mr. Wynne,A,0,11,Shirley
Mr. Wynne,DC,0,11,Shirley
Mr. Wynne,DN,0,11,Shirley
Mr. Yorke,N,3,11,Shirley
Mr. Yorke,C,0,11,Shirley
Mr. Yorke,I,1,11,Shirley
Mr. Yorke,A,1,11,Shirley
Mr. Yorke,DC,1,11,Shirley
Mr. Yorke,DN,0,11,Shirley
Mrs. Gale,N,0,11,Shirley
Mrs. Gale,C,0,11,Shirley
Mrs. Gale,I,0,11,Shirley
Mrs. Gale,A,0,11,Shirley
Mrs. Gale,DC,0,11,Shirley
Mrs. Gale,DN,0,11,Shirley
Mrs. Gill,N,0,11,Shirley
Mrs. Gill,C,0,11,Shirley
Mrs. Gill,I,0,11,Shirley
Mrs. Gill,A,0,11,Shirley
Mrs. Gill,DC,0,11,Shirley
Mrs. Gill,DN,0,11,Shirley
Mrs. Hardman,N,0,11,Shirley
Mrs. Hardman,C,0,11,Shirley
Mrs. Hardman,I,0,11,Shirley
Mrs. Hardman,A,0,11,Shirley
Mrs. Hardman,DC,0,11,Shirley
Mrs. Hardman,DN,0,11,Shirley
Mrs. Horsfall,N,0,11,Shirley
Mrs. Horsfall,C,0,11,Shirley
Mrs. Horsfall,I,0,11,Shirley
Mrs. Horsfall,A,0,11,Shirley
Mrs. Horsfall,DC,0,11,Shirley
Mrs. Horsfall,DN,0,11,Shirley
Mrs. Louis,N,0,11,Shirley
Mrs. Louis,C,0,11,Shirley
Mrs. Louis,I,0,11,Shirley
Mrs. Louis,A,0,11,Shirley
Mrs. Louis,DC,0,11,Shirley
Mrs. Louis,DN,0,11,Shirley
Mrs. Pryor,N,11,11,Shirley
Mrs. Pryor,C,11,11,Shirley
Mrs. Pryor,I,13,11,Shirley
Mrs. Pryor,A,9,11,Shirley
Mrs. Pryor,DC,6,11,Shirley
Mrs. Pryor,DN,0,11,Shirley
Mrs. Sykes,N,0,11,Shirley
Mrs. Sykes,C,0,11,Shirley
Mrs. Sykes,I,0,11,Shirley
Mrs. Sykes,A,0,11,Shirley
Mrs. Sykes,DC,0,11,Shirley
Mrs. Sykes,DN,0,11,Shirley
Mrs. Yorke,N,0,11,Shirley
Mrs. Yorke,C,0,11,Shirley
Mrs. Yorke,I,0,11,Shirley
Mrs. Yorke,A,0,11,Shirley
Mrs. Yorke,DC,0,11,Shirley
Mrs. Yorke,DN,0,11,Shirley
Murgatroyd,N,0,11,Shirley
Murgatroyd,C,0,11,Shirley
Murgatroyd,I,0,11,Shirley
Murgatroyd,A,0,11,Shirley
Murgatroyd,DC,0,11,Shirley
Murgatroyd,DN,0,11,Shirley
Napoleon,N,0,11,Shirley
Napoleon,C,0,11,Shirley
Napoleon,I,0,11,Shirley
Napoleon,A,0,11,Shirley
Napoleon,DC,0,11,Shirley
Napoleon,DN,0,11,Shirley
Nature,N,0,11,Shirley
Nature,C,0,11,Shirley
Nature,I,0,11,Shirley
Nature,A,0,11,Shirley
Nature,DC,0,11,Shirley
Nature,DN,0,11,Shirley
Pearson,N,0,11,Shirley
Pearson,C,0,11,Shirley
Pearson,I,0,11,Shirley
Pearson,A,0,11,Shirley
Pearson,DC,0,11,Shirley
Pearson,DN,0,11,Shirley
Peg Woffington.= CHARLES READE,N,0,11,Shirley
Peg Woffington.= CHARLES READE,C,0,11,Shirley
Peg Woffington.= CHARLES READE,I,0,11,Shirley
Peg Woffington.= CHARLES READE,A,0,11,Shirley
Peg Woffington.= CHARLES READE,DC,0,11,Shirley
Peg Woffington.= CHARLES READE,DN,0,11,Shirley
Peter,N,0,11,Shirley
Peter,C,0,11,Shirley
Peter,I,0,11,Shirley
Peter,A,0,11,Shirley
Peter,DC,0,11,Shirley
Peter,DN,0,11,Shirley
Phœbe,N,0,11,Shirley
Phœbe,C,0,11,Shirley
Phœbe,I,0,11,Shirley
Phœbe,A,0,11,Shirley
Phœbe,DC,0,11,Shirley
Phœbe,DN,0,11,Shirley
Providence,N,2,11,Shirley
Providence,C,0,11,Shirley
Providence,I,1,11,Shirley
Providence,A,1,11,Shirley
Providence,DC,0,11,Shirley
Providence,DN,0,11,Shirley
Robert,N,12,11,Shirley
Robert,C,0,11,Shirley
Robert,I,2,11,Shirley
Robert,A,6,11,Shirley
Robert,DC,11,11,Shirley
Robert,DN,3,11,Shirley
Rose,N,0,11,Shirley
Rose,C,0,11,Shirley
Rose,I,0,11,Shirley
Rose,A,0,11,Shirley
Rose,DC,0,11,Shirley
Rose,DN,0,11,Shirley
Sarah,N,0,11,Shirley
Sarah,C,0,11,Shirley
Sarah,I,0,11,Shirley
Sarah,A,0,11,Shirley
Sarah,DC,0,11,Shirley
Sarah,DN,0,11,Shirley
Saturnia,N,0,11,Shirley
Saturnia,C,0,11,Shirley
Saturnia,I,0,11,Shirley
Saturnia,A,0,11,Shirley
Saturnia,DC,0,11,Shirley
Saturnia,DN,0,11,Shirley
Shakespeare,N,0,11,Shirley
Shakespeare,C,0,11,Shirley
Shakespeare,I,0,11,Shirley
Shakespeare,A,0,11,Shirley
Shakespeare,DC,0,11,Shirley
Shakespeare,DN,0,11,Shirley
Shirley,N,20,11,Shirley
Shirley,C,26,11,Shirley
Shirley,I,11,11,Shirley
Shirley,A,29,11,Shirley
Shirley,DC,17,11,Shirley
Shirley,DN,7,11,Shirley
Sir Philip,N,0,11,Shirley
Sir Philip,C,0,11,Shirley
Sir Philip,I,0,11,Shirley
Sir Philip,A,0,11,Shirley
Sir Philip,DC,0,11,Shirley
Sir Philip,DN,0,11,Shirley
Sir Walter Scott,N,0,11,Shirley
Sir Walter Scott,C,0,11,Shirley
Sir Walter Scott,I,0,11,Shirley
Sir Walter Scott,A,0,11,Shirley
Sir Walter Scott,DC,0,11,Shirley
Sir Walter Scott,DN,0,11,Shirley
Sister,N,0,11,Shirley
Sister,C,0,11,Shirley
Sister,I,0,11,Shirley
Sister,A,0,11,Shirley
Sister,DC,0,11,Shirley
Sister,DN,0,11,Shirley
St. Paul,N,0,11,Shirley
St. Paul,C,0,11,Shirley
St. Paul,I,0,11,Shirley
St. Paul,A,0,11,Shirley
St. Paul,DC,0,11,Shirley
St. Paul,DN,0,11,Shirley
Stilbro,N,0,11,Shirley
Stilbro,C,0,11,Shirley
Stilbro,I,0,11,Shirley
Stilbro,A,0,11,Shirley
Stilbro,DC,0,11,Shirley
Stilbro,DN,0,11,Shirley
Sudgen,N,0,11,Shirley
Sudgen,C,0,11,Shirley
Sudgen,I,0,11,Shirley
Sudgen,A,0,11,Shirley
Sudgen,DC,0,11,Shirley
Sudgen,DN,0,11,Shirley
Sugden,N,0,11,Shirley
Sugden,C,0,11,Shirley
Sugden,I,0,11,Shirley
Sugden,A,0,11,Shirley
Sugden,DC,0,11,Shirley
Sugden,DN,0,11,Shirley
Sweeting,N,0,11,Shirley
Sweeting,C,0,11,Shirley
Sweeting,I,0,11,Shirley
Sweeting,A,0,11,Shirley
Sweeting,DC,0,11,Shirley
Sweeting,DN,0,11,Shirley
Tartar,N,2,11,Shirley
Tartar,C,0,11,Shirley
Tartar,I,0,11,Shirley
Tartar,A,4,11,Shirley
Tartar,DC,0,11,Shirley
Tartar,DN,1,11,Shirley
The Cossack,N,0,11,Shirley
The Cossack,C,0,11,Shirley
The Cossack,I,0,11,Shirley
The Cossack,A,0,11,Shirley
The Cossack,DC,0,11,Shirley
The Cossack,DN,0,11,Shirley
These Oreads,N,0,11,Shirley
These Oreads,C,0,11,Shirley
These Oreads,I,0,11,Shirley
These Oreads,A,0,11,Shirley
These Oreads,DC,0,11,Shirley
These Oreads,DN,0,11,Shirley
Tom Cringle,N,0,11,Shirley
Tom Cringle,C,0,11,Shirley
Tom Cringle,I,0,11,Shirley
Tom Cringle,A,0,11,Shirley
Tom Cringle,DC,0,11,Shirley
Tom Cringle,DN,0,11,Shirley
Uncle,N,0,11,Shirley
Uncle,C,0,11,Shirley
Uncle,I,0,11,Shirley
Uncle,A,0,11,Shirley
Uncle,DC,0,11,Shirley
Uncle,DN,0,11,Shirley
VICTOR HUGO,N,0,11,Shirley
VICTOR HUGO,C,0,11,Shirley
VICTOR HUGO,I,0,11,Shirley
VICTOR HUGO,A,0,11,Shirley
VICTOR HUGO,DC,0,11,Shirley
VICTOR HUGO,DN,0,11,Shirley
Whinbury,N,0,11,Shirley
Whinbury,C,0,11,Shirley
Whinbury,I,0,11,Shirley
Whinbury,A,0,11,Shirley
Whinbury,DC,0,11,Shirley
Whinbury,DN,0,11,Shirley
William,N,0,11,Shirley
William,C,0,11,Shirley
William,I,0,11,Shirley
William,A,0,11,Shirley
William,DC,0,11,Shirley
William,DN,0,11,Shirley
mademoiselle,N,0,11,Shirley
mademoiselle,C,0,11,Shirley
mademoiselle,I,0,11,Shirley
mademoiselle,A,0,11,Shirley
mademoiselle,DC,0,11,Shirley
mademoiselle,DN,0,11,Shirley
old Lady Nunnely,N,0,11,Shirley
old Lady Nunnely,C,0,11,Shirley
old Lady Nunnely,I,0,11,Shirley
old Lady Nunnely,A,0,11,Shirley
old Lady Nunnely,DC,0,11,Shirley
old Lady Nunnely,DN,0,11,Shirley
old Queen Charlotte,N,0,11,Shirley
old Queen Charlotte,C,0,11,Shirley
old Queen Charlotte,I,0,11,Shirley
old Queen Charlotte,A,0,11,Shirley
old Queen Charlotte,DC,0,11,Shirley
old Queen Charlotte,DN,0,11,Shirley
the Misses Sykes,N,0,11,Shirley
the Misses Sykes,C,0,11,Shirley
the Misses Sykes,I,0,11,Shirley
the Misses Sykes,A,0,11,Shirley
the Misses Sykes,DC,0,11,Shirley
the Misses Sykes,DN,0,11,Shirley
the Misses Sympson,N,0,11,Shirley
the Misses Sympson,C,0,11,Shirley
the Misses Sympson,I,0,11,Shirley
the Misses Sympson,A,0,11,Shirley
the Misses Sympson,DC,0,11,Shirley
the Misses Sympson,DN,0,11,Shirley
the Moores,N,0,11,Shirley
the Moores,C,0,11,Shirley
the Moores,I,0,11,Shirley
the Moores,A,0,11,Shirley
the Moores,DC,0,11,Shirley
the Moores,DN,0,11,Shirley
the Sympsons,N,0,11,Shirley
the Sympsons,C,0,11,Shirley
the Sympsons,I,0,11,Shirley
the Sympsons,A,0,11,Shirley
the Sympsons,DC,0,11,Shirley
the Sympsons,DN,0,11,Shirley
Abraham,N,0,12,Shirley
Abraham,C,0,12,Shirley
Abraham,I,0,12,Shirley
Abraham,A,0,12,Shirley
Abraham,DC,0,12,Shirley
Abraham,DN,0,12,Shirley
Adam,N,0,12,Shirley
Adam,C,0,12,Shirley
Adam,I,0,12,Shirley
Adam,A,0,12,Shirley
Adam,DC,0,12,Shirley
Adam,DN,0,12,Shirley
Bob,N,1,12,Shirley
Bob,C,0,12,Shirley
Bob,I,0,12,Shirley
Bob,A,0,12,Shirley
Bob,DC,2,12,Shirley
Bob,DN,0,12,Shirley
Bonaparte,N,0,12,Shirley
Bonaparte,C,0,12,Shirley
Bonaparte,I,0,12,Shirley
Bonaparte,A,0,12,Shirley
Bonaparte,DC,0,12,Shirley
Bonaparte,DN,0,12,Shirley
Boultby,N,0,12,Shirley
Boultby,C,0,12,Shirley
Boultby,I,0,12,Shirley
Boultby,A,0,12,Shirley
Boultby,DC,0,12,Shirley
Boultby,DN,0,12,Shirley
Briarmains,N,0,12,Shirley
Briarmains,C,0,12,Shirley
Briarmains,I,0,12,Shirley
Briarmains,A,0,12,Shirley
Briarmains,DC,0,12,Shirley
Briarmains,DN,0,12,Shirley
CHARLES DICKENS,N,0,12,Shirley
CHARLES DICKENS,C,0,12,Shirley
CHARLES DICKENS,I,0,12,Shirley
CHARLES DICKENS,A,0,12,Shirley
CHARLES DICKENS,DC,0,12,Shirley
CHARLES DICKENS,DN,0,12,Shirley
Captain Keeldar,N,0,12,Shirley
Captain Keeldar,C,0,12,Shirley
Captain Keeldar,I,0,12,Shirley
Captain Keeldar,A,0,12,Shirley
Captain Keeldar,DC,0,12,Shirley
Captain Keeldar,DN,0,12,Shirley
Caroline,N,54,12,Shirley
Caroline,C,57,12,Shirley
Caroline,I,38,12,Shirley
Caroline,A,39,12,Shirley
Caroline,DC,17,12,Shirley
Caroline,DN,5,12,Shirley
"Caroline--""She",N,0,12,Shirley
"Caroline--""She",C,0,12,Shirley
"Caroline--""She",I,0,12,Shirley
"Caroline--""She",A,0,12,Shirley
"Caroline--""She",DC,0,12,Shirley
"Caroline--""She",DN,0,12,Shirley
Cary,N,1,12,Shirley
Cary,C,0,12,Shirley
Cary,I,0,12,Shirley
Cary,A,0,12,Shirley
Cary,DC,1,12,Shirley
Cary,DN,0,12,Shirley
Castlereagh,N,0,12,Shirley
Castlereagh,C,0,12,Shirley
Castlereagh,I,0,12,Shirley
Castlereagh,A,0,12,Shirley
Castlereagh,DC,0,12,Shirley
Castlereagh,DN,0,12,Shirley
Chénier,N,0,12,Shirley
Chénier,C,0,12,Shirley
Chénier,I,0,12,Shirley
Chénier,A,0,12,Shirley
Chénier,DC,0,12,Shirley
Chénier,DN,0,12,Shirley
Coriolanus,N,0,12,Shirley
Coriolanus,C,0,12,Shirley
Coriolanus,I,0,12,Shirley
Coriolanus,A,0,12,Shirley
Coriolanus,DC,0,12,Shirley
Coriolanus,DN,0,12,Shirley
Cowper,N,8,12,Shirley
Cowper,C,0,12,Shirley
Cowper,I,3,12,Shirley
Cowper,A,3,12,Shirley
Cowper,DC,15,12,Shirley
Cowper,DN,0,12,Shirley
Cyril Hall,N,0,12,Shirley
Cyril Hall,C,0,12,Shirley
Cyril Hall,I,0,12,Shirley
Cyril Hall,A,0,12,Shirley
Cyril Hall,DC,0,12,Shirley
Cyril Hall,DN,0,12,Shirley
Daniel,N,0,12,Shirley
Daniel,C,0,12,Shirley
Daniel,I,0,12,Shirley
Daniel,A,0,12,Shirley
Daniel,DC,0,12,Shirley
Daniel,DN,0,12,Shirley
Davy,N,0,12,Shirley
Davy,C,0,12,Shirley
Davy,I,0,12,Shirley
Davy,A,0,12,Shirley
Davy,DC,0,12,Shirley
Davy,DN,0,12,Shirley
Donne,N,0,12,Shirley
Donne,C,0,12,Shirley
Donne,I,0,12,Shirley
Donne,A,0,12,Shirley
Donne,DC,0,12,Shirley
Donne,DN,0,12,Shirley
Dora,N,0,12,Shirley
Dora,C,0,12,Shirley
Dora,I,0,12,Shirley
Dora,A,0,12,Shirley
Dora,DC,0,12,Shirley
Dora,DN,0,12,Shirley
Dr. Boultby,N,0,12,Shirley
Dr. Boultby,C,0,12,Shirley
Dr. Boultby,I,0,12,Shirley
Dr. Boultby,A,0,12,Shirley
Dr. Boultby,DC,0,12,Shirley
Dr. Boultby,DN,0,12,Shirley
Eliza,N,0,12,Shirley
Eliza,C,0,12,Shirley
Eliza,I,0,12,Shirley
Eliza,A,0,12,Shirley
Eliza,DC,0,12,Shirley
Eliza,DN,0,12,Shirley
Eva,N,0,12,Shirley
Eva,C,0,12,Shirley
Eva,I,0,12,Shirley
Eva,A,0,12,Shirley
Eva,DC,0,12,Shirley
Eva,DN,0,12,Shirley
Eve,N,0,12,Shirley
Eve,C,0,12,Shirley
Eve,I,0,12,Shirley
Eve,A,0,12,Shirley
Eve,DC,0,12,Shirley
Eve,DN,0,12,Shirley
Fanny,N,1,12,Shirley
Fanny,C,0,12,Shirley
Fanny,I,0,12,Shirley
Fanny,A,0,12,Shirley
Fanny,DC,1,12,Shirley
Fanny,DN,0,12,Shirley
Farrens,N,0,12,Shirley
Farrens,C,0,12,Shirley
Farrens,I,0,12,Shirley
Farrens,A,0,12,Shirley
Farrens,DC,0,12,Shirley
Farrens,DN,0,12,Shirley
Fieldhead,N,0,12,Shirley
Fieldhead,C,0,12,Shirley
Fieldhead,I,0,12,Shirley
Fieldhead,A,0,12,Shirley
Fieldhead,DC,0,12,Shirley
Fieldhead,DN,0,12,Shirley
Fortune,N,0,12,Shirley
Fortune,C,0,12,Shirley
Fortune,I,0,12,Shirley
Fortune,A,0,12,Shirley
Fortune,DC,0,12,Shirley
Fortune,DN,0,12,Shirley
God,N,2,12,Shirley
God,C,0,12,Shirley
God,I,0,12,Shirley
God,A,1,12,Shirley
God,DC,2,12,Shirley
God,DN,0,12,Shirley
Grace,N,0,12,Shirley
Grace,C,0,12,Shirley
Grace,I,0,12,Shirley
Grace,A,0,12,Shirley
Grace,DC,0,12,Shirley
Grace,DN,0,12,Shirley
Hannah,N,0,12,Shirley
Hannah,C,0,12,Shirley
Hannah,I,0,12,Shirley
Hannah,A,0,12,Shirley
Hannah,DC,0,12,Shirley
Hannah,DN,0,12,Shirley
Harriet,N,0,12,Shirley
Harriet,C,0,12,Shirley
Harriet,I,0,12,Shirley
Harriet,A,0,12,Shirley
Harriet,DC,0,12,Shirley
Harriet,DN,0,12,Shirley
Helstone,N,0,12,Shirley
Helstone,C,0,12,Shirley
Helstone,I,0,12,Shirley
Helstone,A,0,12,Shirley
Helstone,DC,0,12,Shirley
Helstone,DN,0,12,Shirley
Henry,N,0,12,Shirley
Henry,C,0,12,Shirley
Henry,I,0,12,Shirley
Henry,A,0,12,Shirley
Henry,DC,0,12,Shirley
Henry,DN,0,12,Shirley
Hiram Yorke,N,0,12,Shirley
Hiram Yorke,C,0,12,Shirley
Hiram Yorke,I,0,12,Shirley
Hiram Yorke,A,0,12,Shirley
Hiram Yorke,DC,0,12,Shirley
Hiram Yorke,DN,0,12,Shirley
Hollow,N,0,12,Shirley
Hollow,C,0,12,Shirley
Hollow,I,0,12,Shirley
Hollow,A,0,12,Shirley
Hollow,DC,0,12,Shirley
Hollow,DN,0,12,Shirley
Hortense,N,1,12,Shirley
Hortense,C,0,12,Shirley
Hortense,I,0,12,Shirley
Hortense,A,0,12,Shirley
Hortense,DC,1,12,Shirley
Hortense,DN,0,12,Shirley
Isabella,N,0,12,Shirley
Isabella,C,0,12,Shirley
Isabella,I,0,12,Shirley
Isabella,A,0,12,Shirley
Isabella,DC,0,12,Shirley
Isabella,DN,0,12,Shirley
James,N,3,12,Shirley
James,C,0,12,Shirley
James,I,1,12,Shirley
James,A,0,12,Shirley
James,DC,3,12,Shirley
James,DN,0,12,Shirley
Jessy,N,0,12,Shirley
Jessy,C,0,12,Shirley
Jessy,I,0,12,Shirley
Jessy,A,0,12,Shirley
Jessy,DC,0,12,Shirley
Jessy,DN,0,12,Shirley
Joe,N,0,12,Shirley
Joe,C,0,12,Shirley
Joe,I,0,12,Shirley
Joe,A,0,12,Shirley
Joe,DC,0,12,Shirley
Joe,DN,0,12,Shirley
John,N,0,12,Shirley
John,C,0,12,Shirley
John,I,0,12,Shirley
John,A,0,12,Shirley
John,DC,0,12,Shirley
John,DN,0,12,Shirley
John Wesley,N,0,12,Shirley
John Wesley,C,0,12,Shirley
John Wesley,I,0,12,Shirley
John Wesley,A,0,12,Shirley
John Wesley,DC,0,12,Shirley
John Wesley,DN,0,12,Shirley
Lamb,N,0,12,Shirley
Lamb,C,0,12,Shirley
Lamb,I,0,12,Shirley
Lamb,A,0,12,Shirley
Lamb,DC,0,12,Shirley
Lamb,DN,0,12,Shirley
Lina,N,3,12,Shirley
Lina,C,0,12,Shirley
Lina,I,1,12,Shirley
Lina,A,0,12,Shirley
Lina,DC,3,12,Shirley
Lina,DN,0,12,Shirley
Lord Wellington,N,0,12,Shirley
Lord Wellington,C,0,12,Shirley
Lord Wellington,I,0,12,Shirley
Lord Wellington,A,0,12,Shirley
Lord Wellington,DC,0,12,Shirley
Lord Wellington,DN,0,12,Shirley
Louis,N,0,12,Shirley
Louis,C,0,12,Shirley
Louis,I,0,12,Shirley
Louis,A,0,12,Shirley
Louis,DC,0,12,Shirley
Louis,DN,0,12,Shirley
Lucretia,N,0,12,Shirley
Lucretia,C,0,12,Shirley
Lucretia,I,0,12,Shirley
Lucretia,A,0,12,Shirley
Lucretia,DC,0,12,Shirley
Lucretia,DN,0,12,Shirley
MATTERS,N,0,12,Shirley
MATTERS,C,0,12,Shirley
MATTERS,I,0,12,Shirley
MATTERS,A,0,12,Shirley
MATTERS,DC,0,12,Shirley
MATTERS,DN,0,12,Shirley
MacTurk,N,0,12,Shirley
MacTurk,C,0,12,Shirley
MacTurk,I,0,12,Shirley
MacTurk,A,0,12,Shirley
MacTurk,DC,0,12,Shirley
MacTurk,DN,0,12,Shirley
Malone,N,0,12,Shirley
Malone,C,0,12,Shirley
Malone,I,0,12,Shirley
Malone,A,0,12,Shirley
Malone,DC,0,12,Shirley
Malone,DN,0,12,Shirley
Malone.--I,N,0,12,Shirley
Malone.--I,C,0,12,Shirley
Malone.--I,I,0,12,Shirley
Malone.--I,A,0,12,Shirley
Malone.--I,DC,0,12,Shirley
Malone.--I,DN,0,12,Shirley
Mamma,N,0,12,Shirley
Mamma,C,0,12,Shirley
Mamma,I,0,12,Shirley
Mamma,A,0,12,Shirley
Mamma,DC,0,12,Shirley
Mamma,DN,0,12,Shirley
Margaret,N,0,12,Shirley
Margaret,C,0,12,Shirley
Margaret,I,0,12,Shirley
Margaret,A,0,12,Shirley
Margaret,DC,0,12,Shirley
Margaret,DN,0,12,Shirley
Mark,N,0,12,Shirley
Mark,C,0,12,Shirley
Mark,I,0,12,Shirley
Mark,A,0,12,Shirley
Mark,DC,0,12,Shirley
Mark,DN,0,12,Shirley
Martin,N,0,12,Shirley
Martin,C,0,12,Shirley
Martin,I,0,12,Shirley
Martin,A,0,12,Shirley
Martin,DC,0,12,Shirley
Martin,DN,0,12,Shirley
Mary,N,0,12,Shirley
Mary,C,0,12,Shirley
Mary,I,0,12,Shirley
Mary,A,0,12,Shirley
Mary,DC,0,12,Shirley
Mary,DN,0,12,Shirley
Mary Ann Ainley,N,0,12,Shirley
Mary Ann Ainley,C,0,12,Shirley
Mary Ann Ainley,I,0,12,Shirley
Mary Ann Ainley,A,0,12,Shirley
Mary Ann Ainley,DC,0,12,Shirley
Mary Ann Ainley,DN,0,12,Shirley
Matthew,N,0,12,Shirley
Matthew,C,0,12,Shirley
Matthew,I,0,12,Shirley
Matthew,A,0,12,Shirley
Matthew,DC,0,12,Shirley
Matthew,DN,0,12,Shirley
Matthewson Helstone,N,2,12,Shirley
Matthewson Helstone,C,0,12,Shirley
Matthewson Helstone,I,0,12,Shirley
Matthewson Helstone,A,1,12,Shirley
Matthewson Helstone,DC,2,12,Shirley
Matthewson Helstone,DN,0,12,Shirley
Mike,N,0,12,Shirley
Mike,C,0,12,Shirley
Mike,I,0,12,Shirley
Mike,A,0,12,Shirley
Mike,DC,0,12,Shirley
Mike,DN,0,12,Shirley
Miss Ainley,N,0,12,Shirley
Miss Ainley,C,0,12,Shirley
Miss Ainley,I,0,12,Shirley
Miss Ainley,A,0,12,Shirley
Miss Ainley,DC,0,12,Shirley
Miss Ainley,DN,0,12,Shirley
Miss Austen,N,0,12,Shirley
Miss Austen,C,0,12,Shirley
Miss Austen,I,0,12,Shirley
Miss Austen,A,0,12,Shirley
Miss Austen,DC,0,12,Shirley
Miss Austen,DN,0,12,Shirley
Miss Cave,N,0,12,Shirley
Miss Cave,C,0,12,Shirley
Miss Cave,I,0,12,Shirley
Miss Cave,A,0,12,Shirley
Miss Cave,DC,0,12,Shirley
Miss Cave,DN,0,12,Shirley
Miss Grey,N,0,12,Shirley
Miss Grey,C,0,12,Shirley
Miss Grey,I,0,12,Shirley
Miss Grey,A,0,12,Shirley
Miss Grey,DC,0,12,Shirley
Miss Grey,DN,0,12,Shirley
Miss Hardman,N,0,12,Shirley
Miss Hardman,C,0,12,Shirley
Miss Hardman,I,0,12,Shirley
Miss Hardman,A,0,12,Shirley
Miss Hardman,DC,0,12,Shirley
Miss Hardman,DN,0,12,Shirley
Miss Mann,N,2,12,Shirley
Miss Mann,C,0,12,Shirley
Miss Mann,I,0,12,Shirley
Miss Mann,A,0,12,Shirley
Miss Mann,DC,2,12,Shirley
Miss Mann,DN,0,12,Shirley
Miss Mary,N,0,12,Shirley
Miss Mary,C,0,12,Shirley
Miss Mary,I,0,12,Shirley
Miss Mary,A,0,12,Shirley
Miss Mary,DC,0,12,Shirley
Miss Mary,DN,0,12,Shirley
Miss Moore,N,0,12,Shirley
Miss Moore,C,0,12,Shirley
Miss Moore,I,0,12,Shirley
Miss Moore,A,0,12,Shirley
Miss Moore,DC,0,12,Shirley
Miss Moore,DN,0,12,Shirley
Miss Pearson,N,0,12,Shirley
Miss Pearson,C,0,12,Shirley
Miss Pearson,I,0,12,Shirley
Miss Pearson,A,0,12,Shirley
Miss Pearson,DC,0,12,Shirley
Miss Pearson,DN,0,12,Shirley
Moore,N,0,12,Shirley
Moore,C,0,12,Shirley
Moore,I,0,12,Shirley
Moore,A,0,12,Shirley
Moore,DC,0,12,Shirley
Moore,DN,0,12,Shirley
Moses,N,0,12,Shirley
Moses,C,0,12,Shirley
Moses,I,0,12,Shirley
Moses,A,0,12,Shirley
Moses,DC,0,12,Shirley
Moses,DN,0,12,Shirley
Mother,N,0,12,Shirley
Mother,C,0,12,Shirley
Mother,I,0,12,Shirley
Mother,A,0,12,Shirley
Mother,DC,0,12,Shirley
Mother,DN,0,12,Shirley
Mr. Barraclough,N,0,12,Shirley
Mr. Barraclough,C,0,12,Shirley
Mr. Barraclough,I,0,12,Shirley
Mr. Barraclough,A,0,12,Shirley
Mr. Barraclough,DC,0,12,Shirley
Mr. Barraclough,DN,0,12,Shirley
Mr. Gale,N,0,12,Shirley
Mr. Gale,C,0,12,Shirley
Mr. Gale,I,0,12,Shirley
Mr. Gale,A,0,12,Shirley
Mr. Gale,DC,0,12,Shirley
Mr. Gale,DN,0,12,Shirley
Mr. Hall,N,0,12,Shirley
Mr. Hall,C,0,12,Shirley
Mr. Hall,I,0,12,Shirley
Mr. Hall,A,0,12,Shirley
Mr. Hall,DC,0,12,Shirley
Mr. Hall,DN,0,12,Shirley
Mr. Helstone,N,3,12,Shirley
Mr. Helstone,C,0,12,Shirley
Mr. Helstone,I,0,12,Shirley
Mr. Helstone,A,0,12,Shirley
Mr. Helstone,DC,4,12,Shirley
Mr. Helstone,DN,0,12,Shirley
Mr. Moore,N,2,12,Shirley
Mr. Moore,C,0,12,Shirley
Mr. Moore,I,0,12,Shirley
Mr. Moore,A,0,12,Shirley
Mr. Moore,DC,2,12,Shirley
Mr. Moore,DN,0,12,Shirley
Mr. Moore----,N,0,12,Shirley
Mr. Moore----,C,0,12,Shirley
Mr. Moore----,I,0,12,Shirley
Mr. Moore----,A,0,12,Shirley
Mr. Moore----,DC,0,12,Shirley
Mr. Moore----,DN,0,12,Shirley
Mr. Ramsden,N,0,12,Shirley
Mr. Ramsden,C,0,12,Shirley
Mr. Ramsden,I,0,12,Shirley
Mr. Ramsden,A,0,12,Shirley
Mr. Ramsden,DC,0,12,Shirley
Mr. Ramsden,DN,0,12,Shirley
Mr. Sykes,N,0,12,Shirley
Mr. Sykes,C,0,12,Shirley
Mr. Sykes,I,0,12,Shirley
Mr. Sykes,A,0,12,Shirley
Mr. Sykes,DC,0,12,Shirley
Mr. Sykes,DN,0,12,Shirley
Mr. Sympson,N,0,12,Shirley
Mr. Sympson,C,0,12,Shirley
Mr. Sympson,I,0,12,Shirley
Mr. Sympson,A,0,12,Shirley
Mr. Sympson,DC,0,12,Shirley
Mr. Sympson,DN,0,12,Shirley
Mr. Wynne,N,0,12,Shirley
Mr. Wynne,C,0,12,Shirley
Mr. Wynne,I,0,12,Shirley
Mr. Wynne,A,0,12,Shirley
Mr. Wynne,DC,0,12,Shirley
Mr. Wynne,DN,0,12,Shirley
Mr. Yorke,N,1,12,Shirley
Mr. Yorke,C,0,12,Shirley
Mr. Yorke,I,0,12,Shirley
Mr. Yorke,A,0,12,Shirley
Mr. Yorke,DC,1,12,Shirley
Mr. Yorke,DN,0,12,Shirley
Mrs. Gale,N,0,12,Shirley
Mrs. Gale,C,0,12,Shirley
Mrs. Gale,I,0,12,Shirley
Mrs. Gale,A,0,12,Shirley
Mrs. Gale,DC,0,12,Shirley
Mrs. Gale,DN,0,12,Shirley
Mrs. Gill,N,1,12,Shirley
Mrs. Gill,C,0,12,Shirley
Mrs. Gill,I,0,12,Shirley
Mrs. Gill,A,1,12,Shirley
Mrs. Gill,DC,1,12,Shirley
Mrs. Gill,DN,0,12,Shirley
Mrs. Hardman,N,0,12,Shirley
Mrs. Hardman,C,0,12,Shirley
Mrs. Hardman,I,0,12,Shirley
Mrs. Hardman,A,0,12,Shirley
Mrs. Hardman,DC,0,12,Shirley
Mrs. Hardman,DN,0,12,Shirley
Mrs. Horsfall,N,0,12,Shirley
Mrs. Horsfall,C,0,12,Shirley
Mrs. Horsfall,I,0,12,Shirley
Mrs. Horsfall,A,0,12,Shirley
Mrs. Horsfall,DC,0,12,Shirley
Mrs. Horsfall,DN,0,12,Shirley
Mrs. Louis,N,0,12,Shirley
Mrs. Louis,C,0,12,Shirley
Mrs. Louis,I,0,12,Shirley
Mrs. Louis,A,0,12,Shirley
Mrs. Louis,DC,0,12,Shirley
Mrs. Louis,DN,0,12,Shirley
Mrs. Pryor,N,19,12,Shirley
Mrs. Pryor,C,29,12,Shirley
Mrs. Pryor,I,18,12,Shirley
Mrs. Pryor,A,21,12,Shirley
Mrs. Pryor,DC,10,12,Shirley
Mrs. Pryor,DN,2,12,Shirley
Mrs. Sykes,N,0,12,Shirley
Mrs. Sykes,C,0,12,Shirley
Mrs. Sykes,I,0,12,Shirley
Mrs. Sykes,A,0,12,Shirley
Mrs. Sykes,DC,0,12,Shirley
Mrs. Sykes,DN,0,12,Shirley
Mrs. Yorke,N,2,12,Shirley
Mrs. Yorke,C,0,12,Shirley
Mrs. Yorke,I,0,12,Shirley
Mrs. Yorke,A,0,12,Shirley
Mrs. Yorke,DC,2,12,Shirley
Mrs. Yorke,DN,0,12,Shirley
Murgatroyd,N,0,12,Shirley
Murgatroyd,C,0,12,Shirley
Murgatroyd,I,0,12,Shirley
Murgatroyd,A,0,12,Shirley
Murgatroyd,DC,0,12,Shirley
Murgatroyd,DN,0,12,Shirley
Napoleon,N,0,12,Shirley
Napoleon,C,0,12,Shirley
Napoleon,I,0,12,Shirley
Napoleon,A,0,12,Shirley
Napoleon,DC,0,12,Shirley
Napoleon,DN,0,12,Shirley
Nature,N,2,12,Shirley
Nature,C,0,12,Shirley
Nature,I,1,12,Shirley
Nature,A,3,12,Shirley
Nature,DC,3,12,Shirley
Nature,DN,0,12,Shirley
Pearson,N,0,12,Shirley
Pearson,C,0,12,Shirley
Pearson,I,0,12,Shirley
Pearson,A,0,12,Shirley
Pearson,DC,0,12,Shirley
Pearson,DN,0,12,Shirley
Peg Woffington.= CHARLES READE,N,0,12,Shirley
Peg Woffington.= CHARLES READE,C,0,12,Shirley
Peg Woffington.= CHARLES READE,I,0,12,Shirley
Peg Woffington.= CHARLES READE,A,0,12,Shirley
Peg Woffington.= CHARLES READE,DC,0,12,Shirley
Peg Woffington.= CHARLES READE,DN,0,12,Shirley
Peter,N,0,12,Shirley
Peter,C,0,12,Shirley
Peter,I,0,12,Shirley
Peter,A,0,12,Shirley
Peter,DC,0,12,Shirley
Peter,DN,0,12,Shirley
Phœbe,N,0,12,Shirley
Phœbe,C,0,12,Shirley
Phœbe,I,0,12,Shirley
Phœbe,A,0,12,Shirley
Phœbe,DC,0,12,Shirley
Phœbe,DN,0,12,Shirley
Providence,N,0,12,Shirley
Providence,C,0,12,Shirley
Providence,I,0,12,Shirley
Providence,A,0,12,Shirley
Providence,DC,0,12,Shirley
Providence,DN,0,12,Shirley
Robert,N,10,12,Shirley
Robert,C,1,12,Shirley
Robert,I,5,12,Shirley
Robert,A,14,12,Shirley
Robert,DC,28,12,Shirley
Robert,DN,1,12,Shirley
Rose,N,0,12,Shirley
Rose,C,0,12,Shirley
Rose,I,0,12,Shirley
Rose,A,0,12,Shirley
Rose,DC,0,12,Shirley
Rose,DN,0,12,Shirley
Sarah,N,0,12,Shirley
Sarah,C,0,12,Shirley
Sarah,I,0,12,Shirley
Sarah,A,0,12,Shirley
Sarah,DC,0,12,Shirley
Sarah,DN,0,12,Shirley
Saturnia,N,0,12,Shirley
Saturnia,C,0,12,Shirley
Saturnia,I,0,12,Shirley
Saturnia,A,0,12,Shirley
Saturnia,DC,0,12,Shirley
Saturnia,DN,0,12,Shirley
Shakespeare,N,0,12,Shirley
Shakespeare,C,0,12,Shirley
Shakespeare,I,0,12,Shirley
Shakespeare,A,0,12,Shirley
Shakespeare,DC,0,12,Shirley
Shakespeare,DN,0,12,Shirley
Shirley,N,48,12,Shirley
Shirley,C,121,12,Shirley
Shirley,I,102,12,Shirley
Shirley,A,62,12,Shirley
Shirley,DC,22,12,Shirley
Shirley,DN,9,12,Shirley
Sir Philip,N,0,12,Shirley
Sir Philip,C,0,12,Shirley
Sir Philip,I,0,12,Shirley
Sir Philip,A,0,12,Shirley
Sir Philip,DC,0,12,Shirley
Sir Philip,DN,0,12,Shirley
Sir Walter Scott,N,0,12,Shirley
Sir Walter Scott,C,0,12,Shirley
Sir Walter Scott,I,0,12,Shirley
Sir Walter Scott,A,0,12,Shirley
Sir Walter Scott,DC,0,12,Shirley
Sir Walter Scott,DN,0,12,Shirley
Sister,N,0,12,Shirley
Sister,C,0,12,Shirley
Sister,I,0,12,Shirley
Sister,A,0,12,Shirley
Sister,DC,0,12,Shirley
Sister,DN,0,12,Shirley
St. Paul,N,0,12,Shirley
St. Paul,C,0,12,Shirley
St. Paul,I,0,12,Shirley
St. Paul,A,0,12,Shirley
St. Paul,DC,0,12,Shirley
St. Paul,DN,0,12,Shirley
Stilbro,N,0,12,Shirley
Stilbro,C,0,12,Shirley
Stilbro,I,0,12,Shirley
Stilbro,A,0,12,Shirley
Stilbro,DC,0,12,Shirley
Stilbro,DN,0,12,Shirley
Sudgen,N,0,12,Shirley
Sudgen,C,0,12,Shirley
Sudgen,I,0,12,Shirley
Sudgen,A,0,12,Shirley
Sudgen,DC,0,12,Shirley
Sudgen,DN,0,12,Shirley
Sugden,N,0,12,Shirley
Sugden,C,0,12,Shirley
Sugden,I,0,12,Shirley
Sugden,A,0,12,Shirley
Sugden,DC,0,12,Shirley
Sugden,DN,0,12,Shirley
Sweeting,N,0,12,Shirley
Sweeting,C,0,12,Shirley
Sweeting,I,0,12,Shirley
Sweeting,A,0,12,Shirley
Sweeting,DC,0,12,Shirley
Sweeting,DN,0,12,Shirley
Tartar,N,0,12,Shirley
Tartar,C,0,12,Shirley
Tartar,I,0,12,Shirley
Tartar,A,0,12,Shirley
Tartar,DC,0,12,Shirley
Tartar,DN,0,12,Shirley
The Cossack,N,0,12,Shirley
The Cossack,C,0,12,Shirley
The Cossack,I,0,12,Shirley
The Cossack,A,0,12,Shirley
The Cossack,DC,0,12,Shirley
The Cossack,DN,0,12,Shirley
These Oreads,N,0,12,Shirley
These Oreads,C,0,12,Shirley
These Oreads,I,0,12,Shirley
These Oreads,A,0,12,Shirley
These Oreads,DC,0,12,Shirley
These Oreads,DN,0,12,Shirley
Tom Cringle,N,0,12,Shirley
Tom Cringle,C,0,12,Shirley
Tom Cringle,I,0,12,Shirley
Tom Cringle,A,0,12,Shirley
Tom Cringle,DC,0,12,Shirley
Tom Cringle,DN,0,12,Shirley
Uncle,N,0,12,Shirley
Uncle,C,0,12,Shirley
Uncle,I,0,12,Shirley
Uncle,A,0,12,Shirley
Uncle,DC,0,12,Shirley
Uncle,DN,0,12,Shirley
VICTOR HUGO,N,0,12,Shirley
VICTOR HUGO,C,0,12,Shirley
VICTOR HUGO,I,0,12,Shirley
VICTOR HUGO,A,0,12,Shirley
VICTOR HUGO,DC,0,12,Shirley
VICTOR HUGO,DN,0,12,Shirley
Whinbury,N,0,12,Shirley
Whinbury,C,0,12,Shirley
Whinbury,I,0,12,Shirley
Whinbury,A,0,12,Shirley
Whinbury,DC,0,12,Shirley
Whinbury,DN,0,12,Shirley
William,N,0,12,Shirley
William,C,0,12,Shirley
William,I,0,12,Shirley
William,A,0,12,Shirley
William,DC,0,12,Shirley
William,DN,0,12,Shirley
mademoiselle,N,0,12,Shirley
mademoiselle,C,0,12,Shirley
mademoiselle,I,0,12,Shirley
mademoiselle,A,0,12,Shirley
mademoiselle,DC,0,12,Shirley
mademoiselle,DN,0,12,Shirley
old Lady Nunnely,N,0,12,Shirley
old Lady Nunnely,C,0,12,Shirley
old Lady Nunnely,I,0,12,Shirley
old Lady Nunnely,A,0,12,Shirley
old Lady Nunnely,DC,0,12,Shirley
old Lady Nunnely,DN,0,12,Shirley
old Queen Charlotte,N,0,12,Shirley
old Queen Charlotte,C,0,12,Shirley
old Queen Charlotte,I,0,12,Shirley
old Queen Charlotte,A,0,12,Shirley
old Queen Charlotte,DC,0,12,Shirley
old Queen Charlotte,DN,0,12,Shirley
the Misses Sykes,N,2,12,Shirley
the Misses Sykes,C,0,12,Shirley
the Misses Sykes,I,0,12,Shirley
the Misses Sykes,A,0,12,Shirley
the Misses Sykes,DC,1,12,Shirley
the Misses Sykes,DN,0,12,Shirley
the Misses Sympson,N,0,12,Shirley
the Misses Sympson,C,0,12,Shirley
the Misses Sympson,I,0,12,Shirley
the Misses Sympson,A,0,12,Shirley
the Misses Sympson,DC,0,12,Shirley
the Misses Sympson,DN,0,12,Shirley
the Moores,N,0,12,Shirley
the Moores,C,0,12,Shirley
the Moores,I,0,12,Shirley
the Moores,A,0,12,Shirley
the Moores,DC,0,12,Shirley
the Moores,DN,0,12,Shirley
the Sympsons,N,0,12,Shirley
the Sympsons,C,0,12,Shirley
the Sympsons,I,0,12,Shirley
the Sympsons,A,0,12,Shirley
the Sympsons,DC,0,12,Shirley
the Sympsons,DN,0,12,Shirley
Abraham,N,0,13,Shirley
Abraham,C,0,13,Shirley
Abraham,I,0,13,Shirley
Abraham,A,0,13,Shirley
Abraham,DC,0,13,Shirley
Abraham,DN,0,13,Shirley
Adam,N,0,13,Shirley
Adam,C,0,13,Shirley
Adam,I,0,13,Shirley
Adam,A,0,13,Shirley
Adam,DC,0,13,Shirley
Adam,DN,0,13,Shirley
Bob,N,0,13,Shirley
Bob,C,0,13,Shirley
Bob,I,0,13,Shirley
Bob,A,0,13,Shirley
Bob,DC,0,13,Shirley
Bob,DN,0,13,Shirley
Bonaparte,N,0,13,Shirley
Bonaparte,C,0,13,Shirley
Bonaparte,I,0,13,Shirley
Bonaparte,A,0,13,Shirley
Bonaparte,DC,0,13,Shirley
Bonaparte,DN,0,13,Shirley
Boultby,N,0,13,Shirley
Boultby,C,0,13,Shirley
Boultby,I,0,13,Shirley
Boultby,A,0,13,Shirley
Boultby,DC,0,13,Shirley
Boultby,DN,0,13,Shirley
Briarmains,N,0,13,Shirley
Briarmains,C,0,13,Shirley
Briarmains,I,0,13,Shirley
Briarmains,A,0,13,Shirley
Briarmains,DC,0,13,Shirley
Briarmains,DN,0,13,Shirley
CHARLES DICKENS,N,0,13,Shirley
CHARLES DICKENS,C,0,13,Shirley
CHARLES DICKENS,I,0,13,Shirley
CHARLES DICKENS,A,0,13,Shirley
CHARLES DICKENS,DC,0,13,Shirley
CHARLES DICKENS,DN,0,13,Shirley
Captain Keeldar,N,2,13,Shirley
Captain Keeldar,C,0,13,Shirley
Captain Keeldar,I,1,13,Shirley
Captain Keeldar,A,1,13,Shirley
Captain Keeldar,DC,2,13,Shirley
Captain Keeldar,DN,0,13,Shirley
Caroline,N,45,13,Shirley
Caroline,C,42,13,Shirley
Caroline,I,48,13,Shirley
Caroline,A,72,13,Shirley
Caroline,DC,57,13,Shirley
Caroline,DN,12,13,Shirley
"Caroline--""She",N,0,13,Shirley
"Caroline--""She",C,0,13,Shirley
"Caroline--""She",I,0,13,Shirley
"Caroline--""She",A,0,13,Shirley
"Caroline--""She",DC,0,13,Shirley
"Caroline--""She",DN,0,13,Shirley
Cary,N,0,13,Shirley
Cary,C,0,13,Shirley
Cary,I,0,13,Shirley
Cary,A,0,13,Shirley
Cary,DC,0,13,Shirley
Cary,DN,0,13,Shirley
Castlereagh,N,0,13,Shirley
Castlereagh,C,0,13,Shirley
Castlereagh,I,0,13,Shirley
Castlereagh,A,0,13,Shirley
Castlereagh,DC,0,13,Shirley
Castlereagh,DN,0,13,Shirley
Chénier,N,0,13,Shirley
Chénier,C,0,13,Shirley
Chénier,I,0,13,Shirley
Chénier,A,0,13,Shirley
Chénier,DC,0,13,Shirley
Chénier,DN,0,13,Shirley
Coriolanus,N,0,13,Shirley
Coriolanus,C,0,13,Shirley
Coriolanus,I,0,13,Shirley
Coriolanus,A,0,13,Shirley
Coriolanus,DC,0,13,Shirley
Coriolanus,DN,0,13,Shirley
Cowper,N,0,13,Shirley
Cowper,C,0,13,Shirley
Cowper,I,0,13,Shirley
Cowper,A,0,13,Shirley
Cowper,DC,0,13,Shirley
Cowper,DN,0,13,Shirley
Cyril Hall,N,0,13,Shirley
Cyril Hall,C,0,13,Shirley
Cyril Hall,I,0,13,Shirley
Cyril Hall,A,0,13,Shirley
Cyril Hall,DC,0,13,Shirley
Cyril Hall,DN,0,13,Shirley
Daniel,N,0,13,Shirley
Daniel,C,0,13,Shirley
Daniel,I,0,13,Shirley
Daniel,A,0,13,Shirley
Daniel,DC,0,13,Shirley
Daniel,DN,0,13,Shirley
Davy,N,0,13,Shirley
Davy,C,0,13,Shirley
Davy,I,0,13,Shirley
Davy,A,0,13,Shirley
Davy,DC,0,13,Shirley
Davy,DN,0,13,Shirley
Donne,N,0,13,Shirley
Donne,C,0,13,Shirley
Donne,I,0,13,Shirley
Donne,A,0,13,Shirley
Donne,DC,0,13,Shirley
Donne,DN,0,13,Shirley
Dora,N,0,13,Shirley
Dora,C,0,13,Shirley
Dora,I,0,13,Shirley
Dora,A,0,13,Shirley
Dora,DC,0,13,Shirley
Dora,DN,0,13,Shirley
Dr. Boultby,N,0,13,Shirley
Dr. Boultby,C,0,13,Shirley
Dr. Boultby,I,0,13,Shirley
Dr. Boultby,A,0,13,Shirley
Dr. Boultby,DC,0,13,Shirley
Dr. Boultby,DN,0,13,Shirley
Eliza,N,0,13,Shirley
Eliza,C,0,13,Shirley
Eliza,I,0,13,Shirley
Eliza,A,0,13,Shirley
Eliza,DC,0,13,Shirley
Eliza,DN,0,13,Shirley
Eva,N,0,13,Shirley
Eva,C,0,13,Shirley
Eva,I,0,13,Shirley
Eva,A,0,13,Shirley
Eva,DC,0,13,Shirley
Eva,DN,0,13,Shirley
Eve,N,0,13,Shirley
Eve,C,0,13,Shirley
Eve,I,0,13,Shirley
Eve,A,0,13,Shirley
Eve,DC,0,13,Shirley
Eve,DN,0,13,Shirley
Fanny,N,9,13,Shirley
Fanny,C,0,13,Shirley
Fanny,I,0,13,Shirley
Fanny,A,1,13,Shirley
Fanny,DC,7,13,Shirley
Fanny,DN,0,13,Shirley
Farrens,N,0,13,Shirley
Farrens,C,0,13,Shirley
Farrens,I,0,13,Shirley
Farrens,A,0,13,Shirley
Farrens,DC,0,13,Shirley
Farrens,DN,0,13,Shirley
Fieldhead,N,0,13,Shirley
Fieldhead,C,0,13,Shirley
Fieldhead,I,0,13,Shirley
Fieldhead,A,0,13,Shirley
Fieldhead,DC,0,13,Shirley
Fieldhead,DN,0,13,Shirley
Fortune,N,0,13,Shirley
Fortune,C,0,13,Shirley
Fortune,I,0,13,Shirley
Fortune,A,0,13,Shirley
Fortune,DC,0,13,Shirley
Fortune,DN,0,13,Shirley
God,N,1,13,Shirley
God,C,0,13,Shirley
God,I,0,13,Shirley
God,A,0,13,Shirley
God,DC,1,13,Shirley
God,DN,0,13,Shirley
Grace,N,0,13,Shirley
Grace,C,0,13,Shirley
Grace,I,0,13,Shirley
Grace,A,0,13,Shirley
Grace,DC,0,13,Shirley
Grace,DN,0,13,Shirley
Hannah,N,0,13,Shirley
Hannah,C,0,13,Shirley
Hannah,I,0,13,Shirley
Hannah,A,0,13,Shirley
Hannah,DC,0,13,Shirley
Hannah,DN,0,13,Shirley
Harriet,N,0,13,Shirley
Harriet,C,0,13,Shirley
Harriet,I,0,13,Shirley
Harriet,A,0,13,Shirley
Harriet,DC,0,13,Shirley
Harriet,DN,0,13,Shirley
Helstone,N,0,13,Shirley
Helstone,C,0,13,Shirley
Helstone,I,0,13,Shirley
Helstone,A,0,13,Shirley
Helstone,DC,0,13,Shirley
Helstone,DN,0,13,Shirley
Henry,N,0,13,Shirley
Henry,C,0,13,Shirley
Henry,I,0,13,Shirley
Henry,A,0,13,Shirley
Henry,DC,0,13,Shirley
Henry,DN,0,13,Shirley
Hiram Yorke,N,0,13,Shirley
Hiram Yorke,C,0,13,Shirley
Hiram Yorke,I,0,13,Shirley
Hiram Yorke,A,0,13,Shirley
Hiram Yorke,DC,0,13,Shirley
Hiram Yorke,DN,0,13,Shirley
Hollow,N,0,13,Shirley
Hollow,C,0,13,Shirley
Hollow,I,0,13,Shirley
Hollow,A,0,13,Shirley
Hollow,DC,0,13,Shirley
Hollow,DN,0,13,Shirley
Hortense,N,5,13,Shirley
Hortense,C,0,13,Shirley
Hortense,I,3,13,Shirley
Hortense,A,4,13,Shirley
Hortense,DC,9,13,Shirley
Hortense,DN,1,13,Shirley
Isabella,N,0,13,Shirley
Isabella,C,0,13,Shirley
Isabella,I,0,13,Shirley
Isabella,A,0,13,Shirley
Isabella,DC,0,13,Shirley
Isabella,DN,0,13,Shirley
James,N,0,13,Shirley
James,C,0,13,Shirley
James,I,0,13,Shirley
James,A,0,13,Shirley
James,DC,0,13,Shirley
James,DN,0,13,Shirley
Jessy,N,0,13,Shirley
Jessy,C,0,13,Shirley
Jessy,I,0,13,Shirley
Jessy,A,0,13,Shirley
Jessy,DC,0,13,Shirley
Jessy,DN,0,13,Shirley
Joe,N,2,13,Shirley
Joe,C,0,13,Shirley
Joe,I,0,13,Shirley
Joe,A,0,13,Shirley
Joe,DC,2,13,Shirley
Joe,DN,0,13,Shirley
John,N,0,13,Shirley
John,C,0,13,Shirley
John,I,0,13,Shirley
John,A,0,13,Shirley
John,DC,0,13,Shirley
John,DN,0,13,Shirley
John Wesley,N,0,13,Shirley
John Wesley,C,0,13,Shirley
John Wesley,I,0,13,Shirley
John Wesley,A,0,13,Shirley
John Wesley,DC,0,13,Shirley
John Wesley,DN,0,13,Shirley
Lamb,N,0,13,Shirley
Lamb,C,0,13,Shirley
Lamb,I,0,13,Shirley
Lamb,A,0,13,Shirley
Lamb,DC,0,13,Shirley
Lamb,DN,0,13,Shirley
Lina,N,4,13,Shirley
Lina,C,0,13,Shirley
Lina,I,0,13,Shirley
Lina,A,0,13,Shirley
Lina,DC,4,13,Shirley
Lina,DN,0,13,Shirley
Lord Wellington,N,0,13,Shirley
Lord Wellington,C,0,13,Shirley
Lord Wellington,I,0,13,Shirley
Lord Wellington,A,0,13,Shirley
Lord Wellington,DC,0,13,Shirley
Lord Wellington,DN,0,13,Shirley
Louis,N,0,13,Shirley
Louis,C,0,13,Shirley
Louis,I,0,13,Shirley
Louis,A,0,13,Shirley
Louis,DC,0,13,Shirley
Louis,DN,0,13,Shirley
Lucretia,N,0,13,Shirley
Lucretia,C,0,13,Shirley
Lucretia,I,0,13,Shirley
Lucretia,A,0,13,Shirley
Lucretia,DC,0,13,Shirley
Lucretia,DN,0,13,Shirley
MATTERS,N,0,13,Shirley
MATTERS,C,0,13,Shirley
MATTERS,I,0,13,Shirley
MATTERS,A,0,13,Shirley
MATTERS,DC,0,13,Shirley
MATTERS,DN,0,13,Shirley
MacTurk,N,0,13,Shirley
MacTurk,C,0,13,Shirley
MacTurk,I,0,13,Shirley
MacTurk,A,0,13,Shirley
MacTurk,DC,0,13,Shirley
MacTurk,DN,0,13,Shirley
Malone,N,0,13,Shirley
Malone,C,0,13,Shirley
Malone,I,0,13,Shirley
Malone,A,0,13,Shirley
Malone,DC,0,13,Shirley
Malone,DN,0,13,Shirley
Malone.--I,N,0,13,Shirley
Malone.--I,C,0,13,Shirley
Malone.--I,I,0,13,Shirley
Malone.--I,A,0,13,Shirley
Malone.--I,DC,0,13,Shirley
Malone.--I,DN,0,13,Shirley
Mamma,N,0,13,Shirley
Mamma,C,0,13,Shirley
Mamma,I,0,13,Shirley
Mamma,A,0,13,Shirley
Mamma,DC,0,13,Shirley
Mamma,DN,0,13,Shirley
Margaret,N,0,13,Shirley
Margaret,C,0,13,Shirley
Margaret,I,0,13,Shirley
Margaret,A,0,13,Shirley
Margaret,DC,0,13,Shirley
Margaret,DN,0,13,Shirley
Mark,N,0,13,Shirley
Mark,C,0,13,Shirley
Mark,I,0,13,Shirley
Mark,A,0,13,Shirley
Mark,DC,0,13,Shirley
Mark,DN,0,13,Shirley
Martin,N,0,13,Shirley
Martin,C,0,13,Shirley
Martin,I,0,13,Shirley
Martin,A,0,13,Shirley
Martin,DC,0,13,Shirley
Martin,DN,0,13,Shirley
Mary,N,0,13,Shirley
Mary,C,0,13,Shirley
Mary,I,0,13,Shirley
Mary,A,0,13,Shirley
Mary,DC,0,13,Shirley
Mary,DN,0,13,Shirley
Mary Ann Ainley,N,0,13,Shirley
Mary Ann Ainley,C,0,13,Shirley
Mary Ann Ainley,I,0,13,Shirley
Mary Ann Ainley,A,0,13,Shirley
Mary Ann Ainley,DC,0,13,Shirley
Mary Ann Ainley,DN,0,13,Shirley
Matthew,N,0,13,Shirley
Matthew,C,0,13,Shirley
Matthew,I,0,13,Shirley
Matthew,A,0,13,Shirley
Matthew,DC,0,13,Shirley
Matthew,DN,0,13,Shirley
Matthewson Helstone,N,0,13,Shirley
Matthewson Helstone,C,0,13,Shirley
Matthewson Helstone,I,0,13,Shirley
Matthewson Helstone,A,0,13,Shirley
Matthewson Helstone,DC,0,13,Shirley
Matthewson Helstone,DN,0,13,Shirley
Mike,N,5,13,Shirley
Mike,C,0,13,Shirley
Mike,I,3,13,Shirley
Mike,A,2,13,Shirley
Mike,DC,17,13,Shirley
Mike,DN,0,13,Shirley
Miss Ainley,N,0,13,Shirley
Miss Ainley,C,0,13,Shirley
Miss Ainley,I,0,13,Shirley
Miss Ainley,A,0,13,Shirley
Miss Ainley,DC,0,13,Shirley
Miss Ainley,DN,0,13,Shirley
Miss Austen,N,0,13,Shirley
Miss Austen,C,0,13,Shirley
Miss Austen,I,0,13,Shirley
Miss Austen,A,0,13,Shirley
Miss Austen,DC,0,13,Shirley
Miss Austen,DN,0,13,Shirley
Miss Cave,N,0,13,Shirley
Miss Cave,C,0,13,Shirley
Miss Cave,I,0,13,Shirley
Miss Cave,A,0,13,Shirley
Miss Cave,DC,0,13,Shirley
Miss Cave,DN,0,13,Shirley
Miss Grey,N,0,13,Shirley
Miss Grey,C,0,13,Shirley
Miss Grey,I,0,13,Shirley
Miss Grey,A,0,13,Shirley
Miss Grey,DC,0,13,Shirley
Miss Grey,DN,0,13,Shirley
Miss Hardman,N,0,13,Shirley
Miss Hardman,C,0,13,Shirley
Miss Hardman,I,0,13,Shirley
Miss Hardman,A,0,13,Shirley
Miss Hardman,DC,0,13,Shirley
Miss Hardman,DN,0,13,Shirley
Miss Mann,N,0,13,Shirley
Miss Mann,C,0,13,Shirley
Miss Mann,I,0,13,Shirley
Miss Mann,A,0,13,Shirley
Miss Mann,DC,0,13,Shirley
Miss Mann,DN,0,13,Shirley
Miss Mary,N,0,13,Shirley
Miss Mary,C,0,13,Shirley
Miss Mary,I,0,13,Shirley
Miss Mary,A,0,13,Shirley
Miss Mary,DC,0,13,Shirley
Miss Mary,DN,0,13,Shirley
Miss Moore,N,0,13,Shirley
Miss Moore,C,0,13,Shirley
Miss Moore,I,0,13,Shirley
Miss Moore,A,0,13,Shirley
Miss Moore,DC,0,13,Shirley
Miss Moore,DN,0,13,Shirley
Miss Pearson,N,0,13,Shirley
Miss Pearson,C,0,13,Shirley
Miss Pearson,I,0,13,Shirley
Miss Pearson,A,0,13,Shirley
Miss Pearson,DC,0,13,Shirley
Miss Pearson,DN,0,13,Shirley
Moore,N,3,13,Shirley
Moore,C,2,13,Shirley
Moore,I,6,13,Shirley
Moore,A,2,13,Shirley
Moore,DC,0,13,Shirley
Moore,DN,0,13,Shirley
Moses,N,2,13,Shirley
Moses,C,0,13,Shirley
Moses,I,0,13,Shirley
Moses,A,0,13,Shirley
Moses,DC,3,13,Shirley
Moses,DN,0,13,Shirley
Mother,N,0,13,Shirley
Mother,C,0,13,Shirley
Mother,I,0,13,Shirley
Mother,A,0,13,Shirley
Mother,DC,0,13,Shirley
Mother,DN,0,13,Shirley
Mr. Barraclough,N,0,13,Shirley
Mr. Barraclough,C,0,13,Shirley
Mr. Barraclough,I,0,13,Shirley
Mr. Barraclough,A,0,13,Shirley
Mr. Barraclough,DC,0,13,Shirley
Mr. Barraclough,DN,0,13,Shirley
Mr. Gale,N,0,13,Shirley
Mr. Gale,C,0,13,Shirley
Mr. Gale,I,0,13,Shirley
Mr. Gale,A,0,13,Shirley
Mr. Gale,DC,0,13,Shirley
Mr. Gale,DN,0,13,Shirley
Mr. Hall,N,0,13,Shirley
Mr. Hall,C,0,13,Shirley
Mr. Hall,I,0,13,Shirley
Mr. Hall,A,0,13,Shirley
Mr. Hall,DC,0,13,Shirley
Mr. Hall,DN,0,13,Shirley
Mr. Helstone,N,4,13,Shirley
Mr. Helstone,C,0,13,Shirley
Mr. Helstone,I,0,13,Shirley
Mr. Helstone,A,6,13,Shirley
Mr. Helstone,DC,6,13,Shirley
Mr. Helstone,DN,1,13,Shirley
Mr. Moore,N,13,13,Shirley
Mr. Moore,C,9,13,Shirley
Mr. Moore,I,6,13,Shirley
Mr. Moore,A,17,13,Shirley
Mr. Moore,DC,10,13,Shirley
Mr. Moore,DN,0,13,Shirley
Mr. Moore----,N,0,13,Shirley
Mr. Moore----,C,0,13,Shirley
Mr. Moore----,I,0,13,Shirley
Mr. Moore----,A,0,13,Shirley
Mr. Moore----,DC,0,13,Shirley
Mr. Moore----,DN,0,13,Shirley
Mr. Ramsden,N,0,13,Shirley
Mr. Ramsden,C,0,13,Shirley
Mr. Ramsden,I,0,13,Shirley
Mr. Ramsden,A,0,13,Shirley
Mr. Ramsden,DC,0,13,Shirley
Mr. Ramsden,DN,0,13,Shirley
Mr. Sykes,N,0,13,Shirley
Mr. Sykes,C,0,13,Shirley
Mr. Sykes,I,0,13,Shirley
Mr. Sykes,A,0,13,Shirley
Mr. Sykes,DC,0,13,Shirley
Mr. Sykes,DN,0,13,Shirley
Mr. Sympson,N,0,13,Shirley
Mr. Sympson,C,0,13,Shirley
Mr. Sympson,I,0,13,Shirley
Mr. Sympson,A,0,13,Shirley
Mr. Sympson,DC,0,13,Shirley
Mr. Sympson,DN,0,13,Shirley
Mr. Wynne,N,0,13,Shirley
Mr. Wynne,C,0,13,Shirley
Mr. Wynne,I,0,13,Shirley
Mr. Wynne,A,0,13,Shirley
Mr. Wynne,DC,0,13,Shirley
Mr. Wynne,DN,0,13,Shirley
Mr. Yorke,N,1,13,Shirley
Mr. Yorke,C,0,13,Shirley
Mr. Yorke,I,0,13,Shirley
Mr. Yorke,A,0,13,Shirley
Mr. Yorke,DC,1,13,Shirley
Mr. Yorke,DN,0,13,Shirley
Mrs. Gale,N,0,13,Shirley
Mrs. Gale,C,0,13,Shirley
Mrs. Gale,I,0,13,Shirley
Mrs. Gale,A,0,13,Shirley
Mrs. Gale,DC,0,13,Shirley
Mrs. Gale,DN,0,13,Shirley
Mrs. Gill,N,0,13,Shirley
Mrs. Gill,C,0,13,Shirley
Mrs. Gill,I,0,13,Shirley
Mrs. Gill,A,0,13,Shirley
Mrs. Gill,DC,0,13,Shirley
Mrs. Gill,DN,0,13,Shirley
Mrs. Hardman,N,0,13,Shirley
Mrs. Hardman,C,0,13,Shirley
Mrs. Hardman,I,0,13,Shirley
Mrs. Hardman,A,0,13,Shirley
Mrs. Hardman,DC,0,13,Shirley
Mrs. Hardman,DN,0,13,Shirley
Mrs. Horsfall,N,0,13,Shirley
Mrs. Horsfall,C,0,13,Shirley
Mrs. Horsfall,I,0,13,Shirley
Mrs. Horsfall,A,0,13,Shirley
Mrs. Horsfall,DC,0,13,Shirley
Mrs. Horsfall,DN,0,13,Shirley
Mrs. Louis,N,0,13,Shirley
Mrs. Louis,C,0,13,Shirley
Mrs. Louis,I,0,13,Shirley
Mrs. Louis,A,0,13,Shirley
Mrs. Louis,DC,0,13,Shirley
Mrs. Louis,DN,0,13,Shirley
Mrs. Pryor,N,23,13,Shirley
Mrs. Pryor,C,15,13,Shirley
Mrs. Pryor,I,19,13,Shirley
Mrs. Pryor,A,23,13,Shirley
Mrs. Pryor,DC,17,13,Shirley
Mrs. Pryor,DN,2,13,Shirley
Mrs. Sykes,N,0,13,Shirley
Mrs. Sykes,C,0,13,Shirley
Mrs. Sykes,I,0,13,Shirley
Mrs. Sykes,A,0,13,Shirley
Mrs. Sykes,DC,0,13,Shirley
Mrs. Sykes,DN,0,13,Shirley
Mrs. Yorke,N,0,13,Shirley
Mrs. Yorke,C,0,13,Shirley
Mrs. Yorke,I,0,13,Shirley
Mrs. Yorke,A,0,13,Shirley
Mrs. Yorke,DC,0,13,Shirley
Mrs. Yorke,DN,0,13,Shirley
Murgatroyd,N,0,13,Shirley
Murgatroyd,C,0,13,Shirley
Murgatroyd,I,0,13,Shirley
Murgatroyd,A,0,13,Shirley
Murgatroyd,DC,0,13,Shirley
Murgatroyd,DN,0,13,Shirley
Napoleon,N,0,13,Shirley
Napoleon,C,0,13,Shirley
Napoleon,I,0,13,Shirley
Napoleon,A,0,13,Shirley
Napoleon,DC,0,13,Shirley
Napoleon,DN,0,13,Shirley
Nature,N,0,13,Shirley
Nature,C,0,13,Shirley
Nature,I,0,13,Shirley
Nature,A,0,13,Shirley
Nature,DC,0,13,Shirley
Nature,DN,0,13,Shirley
Pearson,N,0,13,Shirley
Pearson,C,0,13,Shirley
Pearson,I,0,13,Shirley
Pearson,A,0,13,Shirley
Pearson,DC,0,13,Shirley
Pearson,DN,0,13,Shirley
Peg Woffington.= CHARLES READE,N,0,13,Shirley
Peg Woffington.= CHARLES READE,C,0,13,Shirley
Peg Woffington.= CHARLES READE,I,0,13,Shirley
Peg Woffington.= CHARLES READE,A,0,13,Shirley
Peg Woffington.= CHARLES READE,DC,0,13,Shirley
Peg Woffington.= CHARLES READE,DN,0,13,Shirley
Peter,N,0,13,Shirley
Peter,C,0,13,Shirley
Peter,I,0,13,Shirley
Peter,A,0,13,Shirley
Peter,DC,0,13,Shirley
Peter,DN,0,13,Shirley
Phœbe,N,0,13,Shirley
Phœbe,C,0,13,Shirley
Phœbe,I,0,13,Shirley
Phœbe,A,0,13,Shirley
Phœbe,DC,0,13,Shirley
Phœbe,DN,0,13,Shirley
Providence,N,0,13,Shirley
Providence,C,0,13,Shirley
Providence,I,0,13,Shirley
Providence,A,0,13,Shirley
Providence,DC,0,13,Shirley
Providence,DN,0,13,Shirley
Robert,N,32,13,Shirley
Robert,C,55,13,Shirley
Robert,I,52,13,Shirley
Robert,A,49,13,Shirley
Robert,DC,19,13,Shirley
Robert,DN,3,13,Shirley
Rose,N,0,13,Shirley
Rose,C,0,13,Shirley
Rose,I,0,13,Shirley
Rose,A,0,13,Shirley
Rose,DC,0,13,Shirley
Rose,DN,0,13,Shirley
Sarah,N,0,13,Shirley
Sarah,C,0,13,Shirley
Sarah,I,0,13,Shirley
Sarah,A,0,13,Shirley
Sarah,DC,0,13,Shirley
Sarah,DN,0,13,Shirley
Saturnia,N,0,13,Shirley
Saturnia,C,0,13,Shirley
Saturnia,I,0,13,Shirley
Saturnia,A,0,13,Shirley
Saturnia,DC,0,13,Shirley
Saturnia,DN,0,13,Shirley
Shakespeare,N,0,13,Shirley
Shakespeare,C,0,13,Shirley
Shakespeare,I,0,13,Shirley
Shakespeare,A,0,13,Shirley
Shakespeare,DC,0,13,Shirley
Shakespeare,DN,0,13,Shirley
Shirley,N,61,13,Shirley
Shirley,C,106,13,Shirley
Shirley,I,76,13,Shirley
Shirley,A,74,13,Shirley
Shirley,DC,11,13,Shirley
Shirley,DN,2,13,Shirley
Sir Philip,N,0,13,Shirley
Sir Philip,C,0,13,Shirley
Sir Philip,I,0,13,Shirley
Sir Philip,A,0,13,Shirley
Sir Philip,DC,0,13,Shirley
Sir Philip,DN,0,13,Shirley
Sir Walter Scott,N,0,13,Shirley
Sir Walter Scott,C,0,13,Shirley
Sir Walter Scott,I,0,13,Shirley
Sir Walter Scott,A,0,13,Shirley
Sir Walter Scott,DC,0,13,Shirley
Sir Walter Scott,DN,0,13,Shirley
Sister,N,0,13,Shirley
Sister,C,0,13,Shirley
Sister,I,0,13,Shirley
Sister,A,0,13,Shirley
Sister,DC,0,13,Shirley
Sister,DN,0,13,Shirley
St. Paul,N,0,13,Shirley
St. Paul,C,0,13,Shirley
St. Paul,I,0,13,Shirley
St. Paul,A,0,13,Shirley
St. Paul,DC,0,13,Shirley
St. Paul,DN,0,13,Shirley
Stilbro,N,0,13,Shirley
Stilbro,C,0,13,Shirley
Stilbro,I,0,13,Shirley
Stilbro,A,0,13,Shirley
Stilbro,DC,0,13,Shirley
Stilbro,DN,0,13,Shirley
Sudgen,N,0,13,Shirley
Sudgen,C,0,13,Shirley
Sudgen,I,0,13,Shirley
Sudgen,A,0,13,Shirley
Sudgen,DC,0,13,Shirley
Sudgen,DN,0,13,Shirley
Sugden,N,0,13,Shirley
Sugden,C,0,13,Shirley
Sugden,I,0,13,Shirley
Sugden,A,0,13,Shirley
Sugden,DC,0,13,Shirley
Sugden,DN,0,13,Shirley
Sweeting,N,0,13,Shirley
Sweeting,C,0,13,Shirley
Sweeting,I,0,13,Shirley
Sweeting,A,0,13,Shirley
Sweeting,DC,0,13,Shirley
Sweeting,DN,0,13,Shirley
Tartar,N,0,13,Shirley
Tartar,C,0,13,Shirley
Tartar,I,0,13,Shirley
Tartar,A,0,13,Shirley
Tartar,DC,0,13,Shirley
Tartar,DN,0,13,Shirley
The Cossack,N,0,13,Shirley
The Cossack,C,0,13,Shirley
The Cossack,I,0,13,Shirley
The Cossack,A,0,13,Shirley
The Cossack,DC,0,13,Shirley
The Cossack,DN,0,13,Shirley
These Oreads,N,0,13,Shirley
These Oreads,C,0,13,Shirley
These Oreads,I,0,13,Shirley
These Oreads,A,0,13,Shirley
These Oreads,DC,0,13,Shirley
These Oreads,DN,0,13,Shirley
Tom Cringle,N,0,13,Shirley
Tom Cringle,C,0,13,Shirley
Tom Cringle,I,0,13,Shirley
Tom Cringle,A,0,13,Shirley
Tom Cringle,DC,0,13,Shirley
Tom Cringle,DN,0,13,Shirley
Uncle,N,0,13,Shirley
Uncle,C,0,13,Shirley
Uncle,I,0,13,Shirley
Uncle,A,0,13,Shirley
Uncle,DC,0,13,Shirley
Uncle,DN,0,13,Shirley
VICTOR HUGO,N,0,13,Shirley
VICTOR HUGO,C,0,13,Shirley
VICTOR HUGO,I,0,13,Shirley
VICTOR HUGO,A,0,13,Shirley
VICTOR HUGO,DC,0,13,Shirley
VICTOR HUGO,DN,0,13,Shirley
Whinbury,N,0,13,Shirley
Whinbury,C,0,13,Shirley
Whinbury,I,0,13,Shirley
Whinbury,A,0,13,Shirley
Whinbury,DC,0,13,Shirley
Whinbury,DN,0,13,Shirley
William,N,0,13,Shirley
William,C,0,13,Shirley
William,I,0,13,Shirley
William,A,0,13,Shirley
William,DC,0,13,Shirley
William,DN,0,13,Shirley
mademoiselle,N,0,13,Shirley
mademoiselle,C,0,13,Shirley
mademoiselle,I,0,13,Shirley
mademoiselle,A,0,13,Shirley
mademoiselle,DC,0,13,Shirley
mademoiselle,DN,0,13,Shirley
old Lady Nunnely,N,0,13,Shirley
old Lady Nunnely,C,0,13,Shirley
old Lady Nunnely,I,0,13,Shirley
old Lady Nunnely,A,0,13,Shirley
old Lady Nunnely,DC,0,13,Shirley
old Lady Nunnely,DN,0,13,Shirley
old Queen Charlotte,N,0,13,Shirley
old Queen Charlotte,C,0,13,Shirley
old Queen Charlotte,I,0,13,Shirley
old Queen Charlotte,A,0,13,Shirley
old Queen Charlotte,DC,0,13,Shirley
old Queen Charlotte,DN,0,13,Shirley
the Misses Sykes,N,0,13,Shirley
the Misses Sykes,C,0,13,Shirley
the Misses Sykes,I,0,13,Shirley
the Misses Sykes,A,0,13,Shirley
the Misses Sykes,DC,0,13,Shirley
the Misses Sykes,DN,0,13,Shirley
the Misses Sympson,N,0,13,Shirley
the Misses Sympson,C,0,13,Shirley
the Misses Sympson,I,0,13,Shirley
the Misses Sympson,A,0,13,Shirley
the Misses Sympson,DC,0,13,Shirley
the Misses Sympson,DN,0,13,Shirley
the Moores,N,0,13,Shirley
the Moores,C,0,13,Shirley
the Moores,I,0,13,Shirley
the Moores,A,0,13,Shirley
the Moores,DC,0,13,Shirley
the Moores,DN,0,13,Shirley
the Sympsons,N,0,13,Shirley
the Sympsons,C,0,13,Shirley
the Sympsons,I,0,13,Shirley
the Sympsons,A,0,13,Shirley
the Sympsons,DC,0,13,Shirley
the Sympsons,DN,0,13,Shirley
Abraham,N,0,14,Shirley
Abraham,C,0,14,Shirley
Abraham,I,0,14,Shirley
Abraham,A,0,14,Shirley
Abraham,DC,0,14,Shirley
Abraham,DN,0,14,Shirley
Adam,N,0,14,Shirley
Adam,C,0,14,Shirley
Adam,I,0,14,Shirley
Adam,A,0,14,Shirley
Adam,DC,0,14,Shirley
Adam,DN,0,14,Shirley
Bob,N,0,14,Shirley
Bob,C,0,14,Shirley
Bob,I,0,14,Shirley
Bob,A,0,14,Shirley
Bob,DC,0,14,Shirley
Bob,DN,0,14,Shirley
Bonaparte,N,0,14,Shirley
Bonaparte,C,0,14,Shirley
Bonaparte,I,0,14,Shirley
Bonaparte,A,0,14,Shirley
Bonaparte,DC,0,14,Shirley
Bonaparte,DN,0,14,Shirley
Boultby,N,0,14,Shirley
Boultby,C,0,14,Shirley
Boultby,I,0,14,Shirley
Boultby,A,0,14,Shirley
Boultby,DC,0,14,Shirley
Boultby,DN,0,14,Shirley
Briarmains,N,0,14,Shirley
Briarmains,C,0,14,Shirley
Briarmains,I,0,14,Shirley
Briarmains,A,0,14,Shirley
Briarmains,DC,0,14,Shirley
Briarmains,DN,0,14,Shirley
CHARLES DICKENS,N,0,14,Shirley
CHARLES DICKENS,C,0,14,Shirley
CHARLES DICKENS,I,0,14,Shirley
CHARLES DICKENS,A,0,14,Shirley
CHARLES DICKENS,DC,0,14,Shirley
CHARLES DICKENS,DN,0,14,Shirley
Captain Keeldar,N,2,14,Shirley
Captain Keeldar,C,0,14,Shirley
Captain Keeldar,I,0,14,Shirley
Captain Keeldar,A,1,14,Shirley
Captain Keeldar,DC,1,14,Shirley
Captain Keeldar,DN,0,14,Shirley
Caroline,N,20,14,Shirley
Caroline,C,11,14,Shirley
Caroline,I,34,14,Shirley
Caroline,A,36,14,Shirley
Caroline,DC,14,14,Shirley
Caroline,DN,3,14,Shirley
"Caroline--""She",N,0,14,Shirley
"Caroline--""She",C,0,14,Shirley
"Caroline--""She",I,0,14,Shirley
"Caroline--""She",A,0,14,Shirley
"Caroline--""She",DC,0,14,Shirley
"Caroline--""She",DN,0,14,Shirley
Cary,N,0,14,Shirley
Cary,C,0,14,Shirley
Cary,I,0,14,Shirley
Cary,A,0,14,Shirley
Cary,DC,0,14,Shirley
Cary,DN,0,14,Shirley
Castlereagh,N,0,14,Shirley
Castlereagh,C,0,14,Shirley
Castlereagh,I,0,14,Shirley
Castlereagh,A,0,14,Shirley
Castlereagh,DC,0,14,Shirley
Castlereagh,DN,0,14,Shirley
Chénier,N,0,14,Shirley
Chénier,C,0,14,Shirley
Chénier,I,0,14,Shirley
Chénier,A,0,14,Shirley
Chénier,DC,0,14,Shirley
Chénier,DN,0,14,Shirley
Coriolanus,N,0,14,Shirley
Coriolanus,C,0,14,Shirley
Coriolanus,I,0,14,Shirley
Coriolanus,A,0,14,Shirley
Coriolanus,DC,0,14,Shirley
Coriolanus,DN,0,14,Shirley
Cowper,N,0,14,Shirley
Cowper,C,0,14,Shirley
Cowper,I,0,14,Shirley
Cowper,A,0,14,Shirley
Cowper,DC,0,14,Shirley
Cowper,DN,0,14,Shirley
Cyril Hall,N,1,14,Shirley
Cyril Hall,C,0,14,Shirley
Cyril Hall,I,4,14,Shirley
Cyril Hall,A,4,14,Shirley
Cyril Hall,DC,0,14,Shirley
Cyril Hall,DN,2,14,Shirley
Daniel,N,0,14,Shirley
Daniel,C,0,14,Shirley
Daniel,I,0,14,Shirley
Daniel,A,0,14,Shirley
Daniel,DC,0,14,Shirley
Daniel,DN,0,14,Shirley
Davy,N,0,14,Shirley
Davy,C,0,14,Shirley
Davy,I,0,14,Shirley
Davy,A,0,14,Shirley
Davy,DC,0,14,Shirley
Davy,DN,0,14,Shirley
Donne,N,3,14,Shirley
Donne,C,0,14,Shirley
Donne,I,0,14,Shirley
Donne,A,2,14,Shirley
Donne,DC,0,14,Shirley
Donne,DN,1,14,Shirley
Dora,N,0,14,Shirley
Dora,C,0,14,Shirley
Dora,I,0,14,Shirley
Dora,A,0,14,Shirley
Dora,DC,0,14,Shirley
Dora,DN,0,14,Shirley
Dr. Boultby,N,4,14,Shirley
Dr. Boultby,C,1,14,Shirley
Dr. Boultby,I,5,14,Shirley
Dr. Boultby,A,1,14,Shirley
Dr. Boultby,DC,2,14,Shirley
Dr. Boultby,DN,1,14,Shirley
Eliza,N,0,14,Shirley
Eliza,C,0,14,Shirley
Eliza,I,0,14,Shirley
Eliza,A,0,14,Shirley
Eliza,DC,0,14,Shirley
Eliza,DN,0,14,Shirley
Eva,N,0,14,Shirley
Eva,C,0,14,Shirley
Eva,I,0,14,Shirley
Eva,A,0,14,Shirley
Eva,DC,0,14,Shirley
Eva,DN,0,14,Shirley
Eve,N,0,14,Shirley
Eve,C,0,14,Shirley
Eve,I,0,14,Shirley
Eve,A,0,14,Shirley
Eve,DC,0,14,Shirley
Eve,DN,0,14,Shirley
Fanny,N,0,14,Shirley
Fanny,C,0,14,Shirley
Fanny,I,0,14,Shirley
Fanny,A,0,14,Shirley
Fanny,DC,0,14,Shirley
Fanny,DN,0,14,Shirley
Farrens,N,0,14,Shirley
Farrens,C,0,14,Shirley
Farrens,I,0,14,Shirley
Farrens,A,0,14,Shirley
Farrens,DC,0,14,Shirley
Farrens,DN,0,14,Shirley
Fieldhead,N,0,14,Shirley
Fieldhead,C,0,14,Shirley
Fieldhead,I,0,14,Shirley
Fieldhead,A,0,14,Shirley
Fieldhead,DC,0,14,Shirley
Fieldhead,DN,0,14,Shirley
Fortune,N,0,14,Shirley
Fortune,C,0,14,Shirley
Fortune,I,0,14,Shirley
Fortune,A,0,14,Shirley
Fortune,DC,0,14,Shirley
Fortune,DN,0,14,Shirley
God,N,0,14,Shirley
God,C,0,14,Shirley
God,I,0,14,Shirley
God,A,0,14,Shirley
God,DC,0,14,Shirley
God,DN,0,14,Shirley
Grace,N,0,14,Shirley
Grace,C,0,14,Shirley
Grace,I,0,14,Shirley
Grace,A,0,14,Shirley
Grace,DC,0,14,Shirley
Grace,DN,0,14,Shirley
Hannah,N,0,14,Shirley
Hannah,C,0,14,Shirley
Hannah,I,0,14,Shirley
Hannah,A,0,14,Shirley
Hannah,DC,0,14,Shirley
Hannah,DN,0,14,Shirley
Harriet,N,0,14,Shirley
Harriet,C,0,14,Shirley
Harriet,I,0,14,Shirley
Harriet,A,0,14,Shirley
Harriet,DC,0,14,Shirley
Harriet,DN,0,14,Shirley
Helstone,N,0,14,Shirley
Helstone,C,0,14,Shirley
Helstone,I,0,14,Shirley
Helstone,A,0,14,Shirley
Helstone,DC,0,14,Shirley
Helstone,DN,0,14,Shirley
Henry,N,0,14,Shirley
Henry,C,0,14,Shirley
Henry,I,0,14,Shirley
Henry,A,0,14,Shirley
Henry,DC,0,14,Shirley
Henry,DN,0,14,Shirley
Hiram Yorke,N,0,14,Shirley
Hiram Yorke,C,0,14,Shirley
Hiram Yorke,I,0,14,Shirley
Hiram Yorke,A,0,14,Shirley
Hiram Yorke,DC,0,14,Shirley
Hiram Yorke,DN,0,14,Shirley
Hollow,N,0,14,Shirley
Hollow,C,0,14,Shirley
Hollow,I,0,14,Shirley
Hollow,A,0,14,Shirley
Hollow,DC,0,14,Shirley
Hollow,DN,0,14,Shirley
Hortense,N,0,14,Shirley
Hortense,C,0,14,Shirley
Hortense,I,0,14,Shirley
Hortense,A,0,14,Shirley
Hortense,DC,0,14,Shirley
Hortense,DN,0,14,Shirley
Isabella,N,0,14,Shirley
Isabella,C,0,14,Shirley
Isabella,I,0,14,Shirley
Isabella,A,0,14,Shirley
Isabella,DC,0,14,Shirley
Isabella,DN,0,14,Shirley
James,N,0,14,Shirley
James,C,0,14,Shirley
James,I,0,14,Shirley
James,A,0,14,Shirley
James,DC,0,14,Shirley
James,DN,0,14,Shirley
Jessy,N,0,14,Shirley
Jessy,C,0,14,Shirley
Jessy,I,0,14,Shirley
Jessy,A,0,14,Shirley
Jessy,DC,0,14,Shirley
Jessy,DN,0,14,Shirley
Joe,N,0,14,Shirley
Joe,C,0,14,Shirley
Joe,I,0,14,Shirley
Joe,A,0,14,Shirley
Joe,DC,0,14,Shirley
Joe,DN,0,14,Shirley
John,N,0,14,Shirley
John,C,0,14,Shirley
John,I,0,14,Shirley
John,A,0,14,Shirley
John,DC,0,14,Shirley
John,DN,0,14,Shirley
John Wesley,N,0,14,Shirley
John Wesley,C,0,14,Shirley
John Wesley,I,0,14,Shirley
John Wesley,A,0,14,Shirley
John Wesley,DC,0,14,Shirley
John Wesley,DN,0,14,Shirley
Lamb,N,0,14,Shirley
Lamb,C,0,14,Shirley
Lamb,I,0,14,Shirley
Lamb,A,0,14,Shirley
Lamb,DC,0,14,Shirley
Lamb,DN,0,14,Shirley
Lina,N,6,14,Shirley
Lina,C,0,14,Shirley
Lina,I,0,14,Shirley
Lina,A,2,14,Shirley
Lina,DC,6,14,Shirley
Lina,DN,0,14,Shirley
Lord Wellington,N,0,14,Shirley
Lord Wellington,C,0,14,Shirley
Lord Wellington,I,0,14,Shirley
Lord Wellington,A,0,14,Shirley
Lord Wellington,DC,0,14,Shirley
Lord Wellington,DN,0,14,Shirley
Louis,N,0,14,Shirley
Louis,C,0,14,Shirley
Louis,I,0,14,Shirley
Louis,A,0,14,Shirley
Louis,DC,0,14,Shirley
Louis,DN,0,14,Shirley
Lucretia,N,0,14,Shirley
Lucretia,C,0,14,Shirley
Lucretia,I,0,14,Shirley
Lucretia,A,0,14,Shirley
Lucretia,DC,0,14,Shirley
Lucretia,DN,0,14,Shirley
MATTERS,N,0,14,Shirley
MATTERS,C,0,14,Shirley
MATTERS,I,0,14,Shirley
MATTERS,A,0,14,Shirley
MATTERS,DC,0,14,Shirley
MATTERS,DN,0,14,Shirley
MacTurk,N,0,14,Shirley
MacTurk,C,0,14,Shirley
MacTurk,I,0,14,Shirley
MacTurk,A,0,14,Shirley
MacTurk,DC,0,14,Shirley
MacTurk,DN,0,14,Shirley
Malone,N,0,14,Shirley
Malone,C,0,14,Shirley
Malone,I,0,14,Shirley
Malone,A,0,14,Shirley
Malone,DC,0,14,Shirley
Malone,DN,0,14,Shirley
Malone.--I,N,0,14,Shirley
Malone.--I,C,0,14,Shirley
Malone.--I,I,0,14,Shirley
Malone.--I,A,0,14,Shirley
Malone.--I,DC,0,14,Shirley
Malone.--I,DN,0,14,Shirley
Mamma,N,0,14,Shirley
Mamma,C,0,14,Shirley
Mamma,I,0,14,Shirley
Mamma,A,0,14,Shirley
Mamma,DC,0,14,Shirley
Mamma,DN,0,14,Shirley
Margaret,N,2,14,Shirley
Margaret,C,0,14,Shirley
Margaret,I,0,14,Shirley
Margaret,A,0,14,Shirley
Margaret,DC,0,14,Shirley
Margaret,DN,0,14,Shirley
Mark,N,0,14,Shirley
Mark,C,0,14,Shirley
Mark,I,0,14,Shirley
Mark,A,0,14,Shirley
Mark,DC,0,14,Shirley
Mark,DN,0,14,Shirley
Martin,N,0,14,Shirley
Martin,C,0,14,Shirley
Martin,I,0,14,Shirley
Martin,A,0,14,Shirley
Martin,DC,0,14,Shirley
Martin,DN,0,14,Shirley
Mary,N,0,14,Shirley
Mary,C,0,14,Shirley
Mary,I,0,14,Shirley
Mary,A,0,14,Shirley
Mary,DC,0,14,Shirley
Mary,DN,0,14,Shirley
Mary Ann Ainley,N,0,14,Shirley
Mary Ann Ainley,C,0,14,Shirley
Mary Ann Ainley,I,0,14,Shirley
Mary Ann Ainley,A,0,14,Shirley
Mary Ann Ainley,DC,0,14,Shirley
Mary Ann Ainley,DN,0,14,Shirley
Matthew,N,0,14,Shirley
Matthew,C,0,14,Shirley
Matthew,I,0,14,Shirley
Matthew,A,0,14,Shirley
Matthew,DC,0,14,Shirley
Matthew,DN,0,14,Shirley
Matthewson Helstone,N,0,14,Shirley
Matthewson Helstone,C,0,14,Shirley
Matthewson Helstone,I,0,14,Shirley
Matthewson Helstone,A,0,14,Shirley
Matthewson Helstone,DC,0,14,Shirley
Matthewson Helstone,DN,0,14,Shirley
Mike,N,0,14,Shirley
Mike,C,0,14,Shirley
Mike,I,0,14,Shirley
Mike,A,0,14,Shirley
Mike,DC,0,14,Shirley
Mike,DN,0,14,Shirley
Miss Ainley,N,14,14,Shirley
Miss Ainley,C,0,14,Shirley
Miss Ainley,I,2,14,Shirley
Miss Ainley,A,5,14,Shirley
Miss Ainley,DC,3,14,Shirley
Miss Ainley,DN,1,14,Shirley
Miss Austen,N,0,14,Shirley
Miss Austen,C,0,14,Shirley
Miss Austen,I,0,14,Shirley
Miss Austen,A,0,14,Shirley
Miss Austen,DC,0,14,Shirley
Miss Austen,DN,0,14,Shirley
Miss Cave,N,0,14,Shirley
Miss Cave,C,0,14,Shirley
Miss Cave,I,0,14,Shirley
Miss Cave,A,0,14,Shirley
Miss Cave,DC,0,14,Shirley
Miss Cave,DN,0,14,Shirley
Miss Grey,N,0,14,Shirley
Miss Grey,C,0,14,Shirley
Miss Grey,I,0,14,Shirley
Miss Grey,A,0,14,Shirley
Miss Grey,DC,0,14,Shirley
Miss Grey,DN,0,14,Shirley
Miss Hardman,N,0,14,Shirley
Miss Hardman,C,0,14,Shirley
Miss Hardman,I,0,14,Shirley
Miss Hardman,A,0,14,Shirley
Miss Hardman,DC,0,14,Shirley
Miss Hardman,DN,0,14,Shirley
Miss Mann,N,0,14,Shirley
Miss Mann,C,0,14,Shirley
Miss Mann,I,0,14,Shirley
Miss Mann,A,0,14,Shirley
Miss Mann,DC,0,14,Shirley
Miss Mann,DN,0,14,Shirley
Miss Mary,N,0,14,Shirley
Miss Mary,C,0,14,Shirley
Miss Mary,I,0,14,Shirley
Miss Mary,A,0,14,Shirley
Miss Mary,DC,0,14,Shirley
Miss Mary,DN,0,14,Shirley
Miss Moore,N,0,14,Shirley
Miss Moore,C,0,14,Shirley
Miss Moore,I,0,14,Shirley
Miss Moore,A,0,14,Shirley
Miss Moore,DC,0,14,Shirley
Miss Moore,DN,0,14,Shirley
Miss Pearson,N,0,14,Shirley
Miss Pearson,C,0,14,Shirley
Miss Pearson,I,0,14,Shirley
Miss Pearson,A,0,14,Shirley
Miss Pearson,DC,0,14,Shirley
Miss Pearson,DN,0,14,Shirley
Moore,N,0,14,Shirley
Moore,C,0,14,Shirley
Moore,I,0,14,Shirley
Moore,A,0,14,Shirley
Moore,DC,0,14,Shirley
Moore,DN,0,14,Shirley
Moses,N,0,14,Shirley
Moses,C,0,14,Shirley
Moses,I,0,14,Shirley
Moses,A,0,14,Shirley
Moses,DC,0,14,Shirley
Moses,DN,0,14,Shirley
Mother,N,0,14,Shirley
Mother,C,0,14,Shirley
Mother,I,0,14,Shirley
Mother,A,0,14,Shirley
Mother,DC,0,14,Shirley
Mother,DN,0,14,Shirley
Mr. Barraclough,N,0,14,Shirley
Mr. Barraclough,C,0,14,Shirley
Mr. Barraclough,I,0,14,Shirley
Mr. Barraclough,A,0,14,Shirley
Mr. Barraclough,DC,0,14,Shirley
Mr. Barraclough,DN,0,14,Shirley
Mr. Gale,N,0,14,Shirley
Mr. Gale,C,0,14,Shirley
Mr. Gale,I,0,14,Shirley
Mr. Gale,A,0,14,Shirley
Mr. Gale,DC,0,14,Shirley
Mr. Gale,DN,0,14,Shirley
Mr. Hall,N,8,14,Shirley
Mr. Hall,C,1,14,Shirley
Mr. Hall,I,4,14,Shirley
Mr. Hall,A,6,14,Shirley
Mr. Hall,DC,0,14,Shirley
Mr. Hall,DN,6,14,Shirley
Mr. Helstone,N,3,14,Shirley
Mr. Helstone,C,0,14,Shirley
Mr. Helstone,I,0,14,Shirley
Mr. Helstone,A,0,14,Shirley
Mr. Helstone,DC,0,14,Shirley
Mr. Helstone,DN,0,14,Shirley
Mr. Moore,N,0,14,Shirley
Mr. Moore,C,0,14,Shirley
Mr. Moore,I,0,14,Shirley
Mr. Moore,A,0,14,Shirley
Mr. Moore,DC,0,14,Shirley
Mr. Moore,DN,0,14,Shirley
Mr. Moore----,N,0,14,Shirley
Mr. Moore----,C,0,14,Shirley
Mr. Moore----,I,0,14,Shirley
Mr. Moore----,A,0,14,Shirley
Mr. Moore----,DC,0,14,Shirley
Mr. Moore----,DN,0,14,Shirley
Mr. Ramsden,N,0,14,Shirley
Mr. Ramsden,C,0,14,Shirley
Mr. Ramsden,I,0,14,Shirley
Mr. Ramsden,A,0,14,Shirley
Mr. Ramsden,DC,0,14,Shirley
Mr. Ramsden,DN,0,14,Shirley
Mr. Sykes,N,0,14,Shirley
Mr. Sykes,C,0,14,Shirley
Mr. Sykes,I,0,14,Shirley
Mr. Sykes,A,0,14,Shirley
Mr. Sykes,DC,0,14,Shirley
Mr. Sykes,DN,0,14,Shirley
Mr. Sympson,N,0,14,Shirley
Mr. Sympson,C,0,14,Shirley
Mr. Sympson,I,0,14,Shirley
Mr. Sympson,A,0,14,Shirley
Mr. Sympson,DC,0,14,Shirley
Mr. Sympson,DN,0,14,Shirley
Mr. Wynne,N,1,14,Shirley
Mr. Wynne,C,0,14,Shirley
Mr. Wynne,I,0,14,Shirley
Mr. Wynne,A,1,14,Shirley
Mr. Wynne,DC,2,14,Shirley
Mr. Wynne,DN,0,14,Shirley
Mr. Yorke,N,0,14,Shirley
Mr. Yorke,C,0,14,Shirley
Mr. Yorke,I,0,14,Shirley
Mr. Yorke,A,0,14,Shirley
Mr. Yorke,DC,0,14,Shirley
Mr. Yorke,DN,0,14,Shirley
Mrs. Gale,N,0,14,Shirley
Mrs. Gale,C,0,14,Shirley
Mrs. Gale,I,0,14,Shirley
Mrs. Gale,A,0,14,Shirley
Mrs. Gale,DC,0,14,Shirley
Mrs. Gale,DN,0,14,Shirley
Mrs. Gill,N,5,14,Shirley
Mrs. Gill,C,0,14,Shirley
Mrs. Gill,I,0,14,Shirley
Mrs. Gill,A,2,14,Shirley
Mrs. Gill,DC,4,14,Shirley
Mrs. Gill,DN,0,14,Shirley
Mrs. Hardman,N,0,14,Shirley
Mrs. Hardman,C,0,14,Shirley
Mrs. Hardman,I,0,14,Shirley
Mrs. Hardman,A,0,14,Shirley
Mrs. Hardman,DC,0,14,Shirley
Mrs. Hardman,DN,0,14,Shirley
Mrs. Horsfall,N,0,14,Shirley
Mrs. Horsfall,C,0,14,Shirley
Mrs. Horsfall,I,0,14,Shirley
Mrs. Horsfall,A,0,14,Shirley
Mrs. Horsfall,DC,0,14,Shirley
Mrs. Horsfall,DN,0,14,Shirley
Mrs. Louis,N,0,14,Shirley
Mrs. Louis,C,0,14,Shirley
Mrs. Louis,I,0,14,Shirley
Mrs. Louis,A,0,14,Shirley
Mrs. Louis,DC,0,14,Shirley
Mrs. Louis,DN,0,14,Shirley
Mrs. Pryor,N,4,14,Shirley
Mrs. Pryor,C,0,14,Shirley
Mrs. Pryor,I,0,14,Shirley
Mrs. Pryor,A,1,14,Shirley
Mrs. Pryor,DC,1,14,Shirley
Mrs. Pryor,DN,0,14,Shirley
Mrs. Sykes,N,0,14,Shirley
Mrs. Sykes,C,0,14,Shirley
Mrs. Sykes,I,0,14,Shirley
Mrs. Sykes,A,0,14,Shirley
Mrs. Sykes,DC,0,14,Shirley
Mrs. Sykes,DN,0,14,Shirley
Mrs. Yorke,N,0,14,Shirley
Mrs. Yorke,C,0,14,Shirley
Mrs. Yorke,I,0,14,Shirley
Mrs. Yorke,A,0,14,Shirley
Mrs. Yorke,DC,0,14,Shirley
Mrs. Yorke,DN,0,14,Shirley
Murgatroyd,N,0,14,Shirley
Murgatroyd,C,0,14,Shirley
Murgatroyd,I,0,14,Shirley
Murgatroyd,A,0,14,Shirley
Murgatroyd,DC,0,14,Shirley
Murgatroyd,DN,0,14,Shirley
Napoleon,N,0,14,Shirley
Napoleon,C,0,14,Shirley
Napoleon,I,0,14,Shirley
Napoleon,A,0,14,Shirley
Napoleon,DC,0,14,Shirley
Napoleon,DN,0,14,Shirley
Nature,N,0,14,Shirley
Nature,C,0,14,Shirley
Nature,I,0,14,Shirley
Nature,A,0,14,Shirley
Nature,DC,0,14,Shirley
Nature,DN,0,14,Shirley
Pearson,N,0,14,Shirley
Pearson,C,0,14,Shirley
Pearson,I,0,14,Shirley
Pearson,A,0,14,Shirley
Pearson,DC,0,14,Shirley
Pearson,DN,0,14,Shirley
Peg Woffington.= CHARLES READE,N,0,14,Shirley
Peg Woffington.= CHARLES READE,C,0,14,Shirley
Peg Woffington.= CHARLES READE,I,0,14,Shirley
Peg Woffington.= CHARLES READE,A,0,14,Shirley
Peg Woffington.= CHARLES READE,DC,0,14,Shirley
Peg Woffington.= CHARLES READE,DN,0,14,Shirley
Peter,N,1,14,Shirley
Peter,C,0,14,Shirley
Peter,I,0,14,Shirley
Peter,A,0,14,Shirley
Peter,DC,0,14,Shirley
Peter,DN,0,14,Shirley
Phœbe,N,0,14,Shirley
Phœbe,C,0,14,Shirley
Phœbe,I,0,14,Shirley
Phœbe,A,0,14,Shirley
Phœbe,DC,0,14,Shirley
Phœbe,DN,0,14,Shirley
Providence,N,1,14,Shirley
Providence,C,0,14,Shirley
Providence,I,0,14,Shirley
Providence,A,0,14,Shirley
Providence,DC,0,14,Shirley
Providence,DN,0,14,Shirley
Robert,N,16,14,Shirley
Robert,C,0,14,Shirley
Robert,I,4,14,Shirley
Robert,A,7,14,Shirley
Robert,DC,17,14,Shirley
Robert,DN,3,14,Shirley
Rose,N,0,14,Shirley
Rose,C,0,14,Shirley
Rose,I,0,14,Shirley
Rose,A,0,14,Shirley
Rose,DC,0,14,Shirley
Rose,DN,0,14,Shirley
Sarah,N,0,14,Shirley
Sarah,C,0,14,Shirley
Sarah,I,0,14,Shirley
Sarah,A,0,14,Shirley
Sarah,DC,0,14,Shirley
Sarah,DN,0,14,Shirley
Saturnia,N,0,14,Shirley
Saturnia,C,0,14,Shirley
Saturnia,I,0,14,Shirley
Saturnia,A,0,14,Shirley
Saturnia,DC,0,14,Shirley
Saturnia,DN,0,14,Shirley
Shakespeare,N,0,14,Shirley
Shakespeare,C,0,14,Shirley
Shakespeare,I,0,14,Shirley
Shakespeare,A,0,14,Shirley
Shakespeare,DC,0,14,Shirley
Shakespeare,DN,0,14,Shirley
Shirley,N,42,14,Shirley
Shirley,C,34,14,Shirley
Shirley,I,51,14,Shirley
Shirley,A,67,14,Shirley
Shirley,DC,4,14,Shirley
Shirley,DN,9,14,Shirley
Sir Philip,N,0,14,Shirley
Sir Philip,C,0,14,Shirley
Sir Philip,I,0,14,Shirley
Sir Philip,A,0,14,Shirley
Sir Philip,DC,0,14,Shirley
Sir Philip,DN,0,14,Shirley
Sir Walter Scott,N,0,14,Shirley
Sir Walter Scott,C,0,14,Shirley
Sir Walter Scott,I,0,14,Shirley
Sir Walter Scott,A,0,14,Shirley
Sir Walter Scott,DC,0,14,Shirley
Sir Walter Scott,DN,0,14,Shirley
Sister,N,0,14,Shirley
Sister,C,0,14,Shirley
Sister,I,0,14,Shirley
Sister,A,0,14,Shirley
Sister,DC,0,14,Shirley
Sister,DN,0,14,Shirley
St. Paul,N,0,14,Shirley
St. Paul,C,0,14,Shirley
St. Paul,I,0,14,Shirley
St. Paul,A,0,14,Shirley
St. Paul,DC,0,14,Shirley
St. Paul,DN,0,14,Shirley
Stilbro,N,0,14,Shirley
Stilbro,C,0,14,Shirley
Stilbro,I,0,14,Shirley
Stilbro,A,0,14,Shirley
Stilbro,DC,0,14,Shirley
Stilbro,DN,0,14,Shirley
Sudgen,N,0,14,Shirley
Sudgen,C,0,14,Shirley
Sudgen,I,0,14,Shirley
Sudgen,A,0,14,Shirley
Sudgen,DC,0,14,Shirley
Sudgen,DN,0,14,Shirley
Sugden,N,0,14,Shirley
Sugden,C,0,14,Shirley
Sugden,I,0,14,Shirley
Sugden,A,0,14,Shirley
Sugden,DC,0,14,Shirley
Sugden,DN,0,14,Shirley
Sweeting,N,4,14,Shirley
Sweeting,C,0,14,Shirley
Sweeting,I,0,14,Shirley
Sweeting,A,1,14,Shirley
Sweeting,DC,0,14,Shirley
Sweeting,DN,1,14,Shirley
Tartar,N,0,14,Shirley
Tartar,C,0,14,Shirley
Tartar,I,0,14,Shirley
Tartar,A,0,14,Shirley
Tartar,DC,0,14,Shirley
Tartar,DN,0,14,Shirley
The Cossack,N,0,14,Shirley
The Cossack,C,0,14,Shirley
The Cossack,I,0,14,Shirley
The Cossack,A,0,14,Shirley
The Cossack,DC,0,14,Shirley
The Cossack,DN,0,14,Shirley
These Oreads,N,0,14,Shirley
These Oreads,C,0,14,Shirley
These Oreads,I,0,14,Shirley
These Oreads,A,0,14,Shirley
These Oreads,DC,0,14,Shirley
These Oreads,DN,0,14,Shirley
Tom Cringle,N,0,14,Shirley
Tom Cringle,C,0,14,Shirley
Tom Cringle,I,0,14,Shirley
Tom Cringle,A,0,14,Shirley
Tom Cringle,DC,0,14,Shirley
Tom Cringle,DN,0,14,Shirley
Uncle,N,0,14,Shirley
Uncle,C,0,14,Shirley
Uncle,I,0,14,Shirley
Uncle,A,0,14,Shirley
Uncle,DC,0,14,Shirley
Uncle,DN,0,14,Shirley
VICTOR HUGO,N,0,14,Shirley
VICTOR HUGO,C,0,14,Shirley
VICTOR HUGO,I,0,14,Shirley
VICTOR HUGO,A,0,14,Shirley
VICTOR HUGO,DC,0,14,Shirley
VICTOR HUGO,DN,0,14,Shirley
Whinbury,N,1,14,Shirley
Whinbury,C,0,14,Shirley
Whinbury,I,0,14,Shirley
Whinbury,A,0,14,Shirley
Whinbury,DC,0,14,Shirley
Whinbury,DN,0,14,Shirley
William,N,0,14,Shirley
William,C,0,14,Shirley
William,I,0,14,Shirley
William,A,0,14,Shirley
William,DC,0,14,Shirley
William,DN,0,14,Shirley
mademoiselle,N,0,14,Shirley
mademoiselle,C,0,14,Shirley
mademoiselle,I,0,14,Shirley
mademoiselle,A,0,14,Shirley
mademoiselle,DC,0,14,Shirley
mademoiselle,DN,0,14,Shirley
old Lady Nunnely,N,0,14,Shirley
old Lady Nunnely,C,0,14,Shirley
old Lady Nunnely,I,0,14,Shirley
old Lady Nunnely,A,0,14,Shirley
old Lady Nunnely,DC,0,14,Shirley
old Lady Nunnely,DN,0,14,Shirley
old Queen Charlotte,N,0,14,Shirley
old Queen Charlotte,C,0,14,Shirley
old Queen Charlotte,I,0,14,Shirley
old Queen Charlotte,A,0,14,Shirley
old Queen Charlotte,DC,0,14,Shirley
old Queen Charlotte,DN,0,14,Shirley
the Misses Sykes,N,0,14,Shirley
the Misses Sykes,C,0,14,Shirley
the Misses Sykes,I,0,14,Shirley
the Misses Sykes,A,0,14,Shirley
the Misses Sykes,DC,0,14,Shirley
the Misses Sykes,DN,0,14,Shirley
the Misses Sympson,N,0,14,Shirley
the Misses Sympson,C,0,14,Shirley
the Misses Sympson,I,0,14,Shirley
the Misses Sympson,A,0,14,Shirley
the Misses Sympson,DC,0,14,Shirley
the Misses Sympson,DN,0,14,Shirley
the Moores,N,0,14,Shirley
the Moores,C,0,14,Shirley
the Moores,I,0,14,Shirley
the Moores,A,0,14,Shirley
the Moores,DC,0,14,Shirley
the Moores,DN,0,14,Shirley
the Sympsons,N,0,14,Shirley
the Sympsons,C,0,14,Shirley
the Sympsons,I,0,14,Shirley
the Sympsons,A,0,14,Shirley
the Sympsons,DC,0,14,Shirley
the Sympsons,DN,0,14,Shirley
Abraham,N,0,15,Shirley
Abraham,C,0,15,Shirley
Abraham,I,0,15,Shirley
Abraham,A,0,15,Shirley
Abraham,DC,0,15,Shirley
Abraham,DN,0,15,Shirley
Adam,N,0,15,Shirley
Adam,C,0,15,Shirley
Adam,I,0,15,Shirley
Adam,A,0,15,Shirley
Adam,DC,0,15,Shirley
Adam,DN,0,15,Shirley
Bob,N,0,15,Shirley
Bob,C,0,15,Shirley
Bob,I,0,15,Shirley
Bob,A,0,15,Shirley
Bob,DC,0,15,Shirley
Bob,DN,0,15,Shirley
Bonaparte,N,0,15,Shirley
Bonaparte,C,0,15,Shirley
Bonaparte,I,0,15,Shirley
Bonaparte,A,0,15,Shirley
Bonaparte,DC,0,15,Shirley
Bonaparte,DN,0,15,Shirley
Boultby,N,0,15,Shirley
Boultby,C,0,15,Shirley
Boultby,I,0,15,Shirley
Boultby,A,0,15,Shirley
Boultby,DC,0,15,Shirley
Boultby,DN,0,15,Shirley
Briarmains,N,0,15,Shirley
Briarmains,C,0,15,Shirley
Briarmains,I,0,15,Shirley
Briarmains,A,0,15,Shirley
Briarmains,DC,0,15,Shirley
Briarmains,DN,0,15,Shirley
CHARLES DICKENS,N,0,15,Shirley
CHARLES DICKENS,C,0,15,Shirley
CHARLES DICKENS,I,0,15,Shirley
CHARLES DICKENS,A,0,15,Shirley
CHARLES DICKENS,DC,0,15,Shirley
CHARLES DICKENS,DN,0,15,Shirley
Captain Keeldar,N,0,15,Shirley
Captain Keeldar,C,0,15,Shirley
Captain Keeldar,I,0,15,Shirley
Captain Keeldar,A,0,15,Shirley
Captain Keeldar,DC,0,15,Shirley
Captain Keeldar,DN,0,15,Shirley
Caroline,N,21,15,Shirley
Caroline,C,13,15,Shirley
Caroline,I,17,15,Shirley
Caroline,A,13,15,Shirley
Caroline,DC,5,15,Shirley
Caroline,DN,2,15,Shirley
"Caroline--""She",N,0,15,Shirley
"Caroline--""She",C,0,15,Shirley
"Caroline--""She",I,0,15,Shirley
"Caroline--""She",A,0,15,Shirley
"Caroline--""She",DC,0,15,Shirley
"Caroline--""She",DN,0,15,Shirley
Cary,N,0,15,Shirley
Cary,C,0,15,Shirley
Cary,I,0,15,Shirley
Cary,A,0,15,Shirley
Cary,DC,0,15,Shirley
Cary,DN,0,15,Shirley
Castlereagh,N,0,15,Shirley
Castlereagh,C,0,15,Shirley
Castlereagh,I,0,15,Shirley
Castlereagh,A,0,15,Shirley
Castlereagh,DC,0,15,Shirley
Castlereagh,DN,0,15,Shirley
Chénier,N,0,15,Shirley
Chénier,C,0,15,Shirley
Chénier,I,0,15,Shirley
Chénier,A,0,15,Shirley
Chénier,DC,0,15,Shirley
Chénier,DN,0,15,Shirley
Coriolanus,N,0,15,Shirley
Coriolanus,C,0,15,Shirley
Coriolanus,I,0,15,Shirley
Coriolanus,A,0,15,Shirley
Coriolanus,DC,0,15,Shirley
Coriolanus,DN,0,15,Shirley
Cowper,N,0,15,Shirley
Cowper,C,0,15,Shirley
Cowper,I,0,15,Shirley
Cowper,A,0,15,Shirley
Cowper,DC,0,15,Shirley
Cowper,DN,0,15,Shirley
Cyril Hall,N,2,15,Shirley
Cyril Hall,C,4,15,Shirley
Cyril Hall,I,1,15,Shirley
Cyril Hall,A,1,15,Shirley
Cyril Hall,DC,0,15,Shirley
Cyril Hall,DN,0,15,Shirley
Daniel,N,0,15,Shirley
Daniel,C,0,15,Shirley
Daniel,I,0,15,Shirley
Daniel,A,0,15,Shirley
Daniel,DC,0,15,Shirley
Daniel,DN,0,15,Shirley
Davy,N,0,15,Shirley
Davy,C,0,15,Shirley
Davy,I,0,15,Shirley
Davy,A,0,15,Shirley
Davy,DC,0,15,Shirley
Davy,DN,0,15,Shirley
Donne,N,20,15,Shirley
Donne,C,21,15,Shirley
Donne,I,14,15,Shirley
Donne,A,15,15,Shirley
Donne,DC,7,15,Shirley
Donne,DN,9,15,Shirley
Dora,N,1,15,Shirley
Dora,C,0,15,Shirley
Dora,I,0,15,Shirley
Dora,A,0,15,Shirley
Dora,DC,0,15,Shirley
Dora,DN,0,15,Shirley
Dr. Boultby,N,3,15,Shirley
Dr. Boultby,C,0,15,Shirley
Dr. Boultby,I,0,15,Shirley
Dr. Boultby,A,0,15,Shirley
Dr. Boultby,DC,3,15,Shirley
Dr. Boultby,DN,0,15,Shirley
Eliza,N,0,15,Shirley
Eliza,C,0,15,Shirley
Eliza,I,0,15,Shirley
Eliza,A,0,15,Shirley
Eliza,DC,0,15,Shirley
Eliza,DN,0,15,Shirley
Eva,N,0,15,Shirley
Eva,C,0,15,Shirley
Eva,I,0,15,Shirley
Eva,A,0,15,Shirley
Eva,DC,0,15,Shirley
Eva,DN,0,15,Shirley
Eve,N,0,15,Shirley
Eve,C,0,15,Shirley
Eve,I,0,15,Shirley
Eve,A,0,15,Shirley
Eve,DC,0,15,Shirley
Eve,DN,0,15,Shirley
Fanny,N,0,15,Shirley
Fanny,C,0,15,Shirley
Fanny,I,0,15,Shirley
Fanny,A,0,15,Shirley
Fanny,DC,0,15,Shirley
Fanny,DN,0,15,Shirley
Farrens,N,0,15,Shirley
Farrens,C,0,15,Shirley
Farrens,I,0,15,Shirley
Farrens,A,0,15,Shirley
Farrens,DC,0,15,Shirley
Farrens,DN,0,15,Shirley
Fieldhead,N,0,15,Shirley
Fieldhead,C,0,15,Shirley
Fieldhead,I,0,15,Shirley
Fieldhead,A,0,15,Shirley
Fieldhead,DC,0,15,Shirley
Fieldhead,DN,0,15,Shirley
Fortune,N,0,15,Shirley
Fortune,C,0,15,Shirley
Fortune,I,0,15,Shirley
Fortune,A,0,15,Shirley
Fortune,DC,0,15,Shirley
Fortune,DN,0,15,Shirley
God,N,1,15,Shirley
God,C,0,15,Shirley
God,I,0,15,Shirley
God,A,0,15,Shirley
God,DC,0,15,Shirley
God,DN,0,15,Shirley
Grace,N,0,15,Shirley
Grace,C,0,15,Shirley
Grace,I,0,15,Shirley
Grace,A,0,15,Shirley
Grace,DC,0,15,Shirley
Grace,DN,0,15,Shirley
Hannah,N,0,15,Shirley
Hannah,C,0,15,Shirley
Hannah,I,0,15,Shirley
Hannah,A,0,15,Shirley
Hannah,DC,0,15,Shirley
Hannah,DN,0,15,Shirley
Harriet,N,0,15,Shirley
Harriet,C,0,15,Shirley
Harriet,I,0,15,Shirley
Harriet,A,0,15,Shirley
Harriet,DC,0,15,Shirley
Harriet,DN,0,15,Shirley
Helstone,N,0,15,Shirley
Helstone,C,0,15,Shirley
Helstone,I,0,15,Shirley
Helstone,A,0,15,Shirley
Helstone,DC,0,15,Shirley
Helstone,DN,0,15,Shirley
Henry,N,0,15,Shirley
Henry,C,0,15,Shirley
Henry,I,0,15,Shirley
Henry,A,0,15,Shirley
Henry,DC,0,15,Shirley
Henry,DN,0,15,Shirley
Hiram Yorke,N,0,15,Shirley
Hiram Yorke,C,0,15,Shirley
Hiram Yorke,I,0,15,Shirley
Hiram Yorke,A,0,15,Shirley
Hiram Yorke,DC,0,15,Shirley
Hiram Yorke,DN,0,15,Shirley
Hollow,N,0,15,Shirley
Hollow,C,0,15,Shirley
Hollow,I,0,15,Shirley
Hollow,A,0,15,Shirley
Hollow,DC,0,15,Shirley
Hollow,DN,0,15,Shirley
Hortense,N,0,15,Shirley
Hortense,C,0,15,Shirley
Hortense,I,0,15,Shirley
Hortense,A,0,15,Shirley
Hortense,DC,0,15,Shirley
Hortense,DN,0,15,Shirley
Isabella,N,0,15,Shirley
Isabella,C,0,15,Shirley
Isabella,I,0,15,Shirley
Isabella,A,0,15,Shirley
Isabella,DC,0,15,Shirley
Isabella,DN,0,15,Shirley
James,N,0,15,Shirley
James,C,0,15,Shirley
James,I,0,15,Shirley
James,A,0,15,Shirley
James,DC,0,15,Shirley
James,DN,0,15,Shirley
Jessy,N,0,15,Shirley
Jessy,C,0,15,Shirley
Jessy,I,0,15,Shirley
Jessy,A,0,15,Shirley
Jessy,DC,0,15,Shirley
Jessy,DN,0,15,Shirley
Joe,N,0,15,Shirley
Joe,C,0,15,Shirley
Joe,I,0,15,Shirley
Joe,A,0,15,Shirley
Joe,DC,0,15,Shirley
Joe,DN,0,15,Shirley
John,N,0,15,Shirley
John,C,0,15,Shirley
John,I,0,15,Shirley
John,A,0,15,Shirley
John,DC,0,15,Shirley
John,DN,0,15,Shirley
John Wesley,N,0,15,Shirley
John Wesley,C,0,15,Shirley
John Wesley,I,0,15,Shirley
John Wesley,A,0,15,Shirley
John Wesley,DC,0,15,Shirley
John Wesley,DN,0,15,Shirley
Lamb,N,0,15,Shirley
Lamb,C,0,15,Shirley
Lamb,I,0,15,Shirley
Lamb,A,0,15,Shirley
Lamb,DC,0,15,Shirley
Lamb,DN,0,15,Shirley
Lina,N,1,15,Shirley
Lina,C,0,15,Shirley
Lina,I,0,15,Shirley
Lina,A,0,15,Shirley
Lina,DC,1,15,Shirley
Lina,DN,0,15,Shirley
Lord Wellington,N,0,15,Shirley
Lord Wellington,C,0,15,Shirley
Lord Wellington,I,0,15,Shirley
Lord Wellington,A,0,15,Shirley
Lord Wellington,DC,0,15,Shirley
Lord Wellington,DN,0,15,Shirley
Louis,N,0,15,Shirley
Louis,C,0,15,Shirley
Louis,I,0,15,Shirley
Louis,A,0,15,Shirley
Louis,DC,0,15,Shirley
Louis,DN,0,15,Shirley
Lucretia,N,0,15,Shirley
Lucretia,C,0,15,Shirley
Lucretia,I,0,15,Shirley
Lucretia,A,0,15,Shirley
Lucretia,DC,0,15,Shirley
Lucretia,DN,0,15,Shirley
MATTERS,N,0,15,Shirley
MATTERS,C,0,15,Shirley
MATTERS,I,0,15,Shirley
MATTERS,A,0,15,Shirley
MATTERS,DC,0,15,Shirley
MATTERS,DN,0,15,Shirley
MacTurk,N,0,15,Shirley
MacTurk,C,0,15,Shirley
MacTurk,I,0,15,Shirley
MacTurk,A,0,15,Shirley
MacTurk,DC,0,15,Shirley
MacTurk,DN,0,15,Shirley
Malone,N,10,15,Shirley
Malone,C,3,15,Shirley
Malone,I,3,15,Shirley
Malone,A,28,15,Shirley
Malone,DC,3,15,Shirley
Malone,DN,2,15,Shirley
Malone.--I,N,0,15,Shirley
Malone.--I,C,0,15,Shirley
Malone.--I,I,0,15,Shirley
Malone.--I,A,0,15,Shirley
Malone.--I,DC,0,15,Shirley
Malone.--I,DN,0,15,Shirley
Mamma,N,0,15,Shirley
Mamma,C,0,15,Shirley
Mamma,I,0,15,Shirley
Mamma,A,0,15,Shirley
Mamma,DC,0,15,Shirley
Mamma,DN,0,15,Shirley
Margaret,N,4,15,Shirley
Margaret,C,0,15,Shirley
Margaret,I,0,15,Shirley
Margaret,A,1,15,Shirley
Margaret,DC,3,15,Shirley
Margaret,DN,0,15,Shirley
Mark,N,0,15,Shirley
Mark,C,0,15,Shirley
Mark,I,0,15,Shirley
Mark,A,0,15,Shirley
Mark,DC,0,15,Shirley
Mark,DN,0,15,Shirley
Martin,N,0,15,Shirley
Martin,C,0,15,Shirley
Martin,I,0,15,Shirley
Martin,A,0,15,Shirley
Martin,DC,0,15,Shirley
Martin,DN,0,15,Shirley
Mary,N,0,15,Shirley
Mary,C,0,15,Shirley
Mary,I,0,15,Shirley
Mary,A,0,15,Shirley
Mary,DC,0,15,Shirley
Mary,DN,0,15,Shirley
Mary Ann Ainley,N,1,15,Shirley
Mary Ann Ainley,C,0,15,Shirley
Mary Ann Ainley,I,0,15,Shirley
Mary Ann Ainley,A,0,15,Shirley
Mary Ann Ainley,DC,0,15,Shirley
Mary Ann Ainley,DN,0,15,Shirley
Matthew,N,0,15,Shirley
Matthew,C,0,15,Shirley
Matthew,I,0,15,Shirley
Matthew,A,0,15,Shirley
Matthew,DC,0,15,Shirley
Matthew,DN,0,15,Shirley
Matthewson Helstone,N,0,15,Shirley
Matthewson Helstone,C,0,15,Shirley
Matthewson Helstone,I,0,15,Shirley
Matthewson Helstone,A,0,15,Shirley
Matthewson Helstone,DC,0,15,Shirley
Matthewson Helstone,DN,0,15,Shirley
Mike,N,0,15,Shirley
Mike,C,0,15,Shirley
Mike,I,0,15,Shirley
Mike,A,0,15,Shirley
Mike,DC,0,15,Shirley
Mike,DN,0,15,Shirley
Miss Ainley,N,0,15,Shirley
Miss Ainley,C,0,15,Shirley
Miss Ainley,I,0,15,Shirley
Miss Ainley,A,0,15,Shirley
Miss Ainley,DC,0,15,Shirley
Miss Ainley,DN,0,15,Shirley
Miss Austen,N,0,15,Shirley
Miss Austen,C,0,15,Shirley
Miss Austen,I,0,15,Shirley
Miss Austen,A,0,15,Shirley
Miss Austen,DC,0,15,Shirley
Miss Austen,DN,0,15,Shirley
Miss Cave,N,0,15,Shirley
Miss Cave,C,0,15,Shirley
Miss Cave,I,0,15,Shirley
Miss Cave,A,0,15,Shirley
Miss Cave,DC,0,15,Shirley
Miss Cave,DN,0,15,Shirley
Miss Grey,N,0,15,Shirley
Miss Grey,C,0,15,Shirley
Miss Grey,I,0,15,Shirley
Miss Grey,A,0,15,Shirley
Miss Grey,DC,0,15,Shirley
Miss Grey,DN,0,15,Shirley
Miss Hardman,N,0,15,Shirley
Miss Hardman,C,0,15,Shirley
Miss Hardman,I,0,15,Shirley
Miss Hardman,A,0,15,Shirley
Miss Hardman,DC,0,15,Shirley
Miss Hardman,DN,0,15,Shirley
Miss Mann,N,0,15,Shirley
Miss Mann,C,0,15,Shirley
Miss Mann,I,0,15,Shirley
Miss Mann,A,0,15,Shirley
Miss Mann,DC,0,15,Shirley
Miss Mann,DN,0,15,Shirley
Miss Mary,N,0,15,Shirley
Miss Mary,C,0,15,Shirley
Miss Mary,I,0,15,Shirley
Miss Mary,A,0,15,Shirley
Miss Mary,DC,0,15,Shirley
Miss Mary,DN,0,15,Shirley
Miss Moore,N,0,15,Shirley
Miss Moore,C,0,15,Shirley
Miss Moore,I,0,15,Shirley
Miss Moore,A,0,15,Shirley
Miss Moore,DC,0,15,Shirley
Miss Moore,DN,0,15,Shirley
Miss Pearson,N,0,15,Shirley
Miss Pearson,C,0,15,Shirley
Miss Pearson,I,0,15,Shirley
Miss Pearson,A,0,15,Shirley
Miss Pearson,DC,0,15,Shirley
Miss Pearson,DN,0,15,Shirley
Moore,N,0,15,Shirley
Moore,C,0,15,Shirley
Moore,I,0,15,Shirley
Moore,A,0,15,Shirley
Moore,DC,0,15,Shirley
Moore,DN,0,15,Shirley
Moses,N,0,15,Shirley
Moses,C,0,15,Shirley
Moses,I,0,15,Shirley
Moses,A,0,15,Shirley
Moses,DC,0,15,Shirley
Moses,DN,0,15,Shirley
Mother,N,0,15,Shirley
Mother,C,0,15,Shirley
Mother,I,0,15,Shirley
Mother,A,0,15,Shirley
Mother,DC,0,15,Shirley
Mother,DN,0,15,Shirley
Mr. Barraclough,N,0,15,Shirley
Mr. Barraclough,C,0,15,Shirley
Mr. Barraclough,I,0,15,Shirley
Mr. Barraclough,A,0,15,Shirley
Mr. Barraclough,DC,0,15,Shirley
Mr. Barraclough,DN,0,15,Shirley
Mr. Gale,N,0,15,Shirley
Mr. Gale,C,0,15,Shirley
Mr. Gale,I,0,15,Shirley
Mr. Gale,A,0,15,Shirley
Mr. Gale,DC,0,15,Shirley
Mr. Gale,DN,0,15,Shirley
Mr. Hall,N,11,15,Shirley
Mr. Hall,C,0,15,Shirley
Mr. Hall,I,3,15,Shirley
Mr. Hall,A,1,15,Shirley
Mr. Hall,DC,0,15,Shirley
Mr. Hall,DN,0,15,Shirley
Mr. Helstone,N,0,15,Shirley
Mr. Helstone,C,0,15,Shirley
Mr. Helstone,I,0,15,Shirley
Mr. Helstone,A,0,15,Shirley
Mr. Helstone,DC,0,15,Shirley
Mr. Helstone,DN,0,15,Shirley
Mr. Moore,N,0,15,Shirley
Mr. Moore,C,0,15,Shirley
Mr. Moore,I,0,15,Shirley
Mr. Moore,A,0,15,Shirley
Mr. Moore,DC,0,15,Shirley
Mr. Moore,DN,0,15,Shirley
Mr. Moore----,N,0,15,Shirley
Mr. Moore----,C,0,15,Shirley
Mr. Moore----,I,0,15,Shirley
Mr. Moore----,A,0,15,Shirley
Mr. Moore----,DC,0,15,Shirley
Mr. Moore----,DN,0,15,Shirley
Mr. Ramsden,N,0,15,Shirley
Mr. Ramsden,C,0,15,Shirley
Mr. Ramsden,I,0,15,Shirley
Mr. Ramsden,A,0,15,Shirley
Mr. Ramsden,DC,0,15,Shirley
Mr. Ramsden,DN,0,15,Shirley
Mr. Sykes,N,0,15,Shirley
Mr. Sykes,C,0,15,Shirley
Mr. Sykes,I,0,15,Shirley
Mr. Sykes,A,0,15,Shirley
Mr. Sykes,DC,0,15,Shirley
Mr. Sykes,DN,0,15,Shirley
Mr. Sympson,N,0,15,Shirley
Mr. Sympson,C,0,15,Shirley
Mr. Sympson,I,0,15,Shirley
Mr. Sympson,A,0,15,Shirley
Mr. Sympson,DC,0,15,Shirley
Mr. Sympson,DN,0,15,Shirley
Mr. Wynne,N,0,15,Shirley
Mr. Wynne,C,0,15,Shirley
Mr. Wynne,I,0,15,Shirley
Mr. Wynne,A,0,15,Shirley
Mr. Wynne,DC,0,15,Shirley
Mr. Wynne,DN,0,15,Shirley
Mr. Yorke,N,0,15,Shirley
Mr. Yorke,C,0,15,Shirley
Mr. Yorke,I,0,15,Shirley
Mr. Yorke,A,0,15,Shirley
Mr. Yorke,DC,0,15,Shirley
Mr. Yorke,DN,0,15,Shirley
Mrs. Gale,N,0,15,Shirley
Mrs. Gale,C,0,15,Shirley
Mrs. Gale,I,0,15,Shirley
Mrs. Gale,A,0,15,Shirley
Mrs. Gale,DC,0,15,Shirley
Mrs. Gale,DN,0,15,Shirley
Mrs. Gill,N,1,15,Shirley
Mrs. Gill,C,0,15,Shirley
Mrs. Gill,I,0,15,Shirley
Mrs. Gill,A,0,15,Shirley
Mrs. Gill,DC,1,15,Shirley
Mrs. Gill,DN,0,15,Shirley
Mrs. Hardman,N,0,15,Shirley
Mrs. Hardman,C,0,15,Shirley
Mrs. Hardman,I,0,15,Shirley
Mrs. Hardman,A,0,15,Shirley
Mrs. Hardman,DC,0,15,Shirley
Mrs. Hardman,DN,0,15,Shirley
Mrs. Horsfall,N,0,15,Shirley
Mrs. Horsfall,C,0,15,Shirley
Mrs. Horsfall,I,0,15,Shirley
Mrs. Horsfall,A,0,15,Shirley
Mrs. Horsfall,DC,0,15,Shirley
Mrs. Horsfall,DN,0,15,Shirley
Mrs. Louis,N,0,15,Shirley
Mrs. Louis,C,0,15,Shirley
Mrs. Louis,I,0,15,Shirley
Mrs. Louis,A,0,15,Shirley
Mrs. Louis,DC,0,15,Shirley
Mrs. Louis,DN,0,15,Shirley
Mrs. Pryor,N,1,15,Shirley
Mrs. Pryor,C,0,15,Shirley
Mrs. Pryor,I,0,15,Shirley
Mrs. Pryor,A,0,15,Shirley
Mrs. Pryor,DC,1,15,Shirley
Mrs. Pryor,DN,0,15,Shirley
Mrs. Sykes,N,0,15,Shirley
Mrs. Sykes,C,0,15,Shirley
Mrs. Sykes,I,0,15,Shirley
Mrs. Sykes,A,0,15,Shirley
Mrs. Sykes,DC,0,15,Shirley
Mrs. Sykes,DN,0,15,Shirley
Mrs. Yorke,N,0,15,Shirley
Mrs. Yorke,C,0,15,Shirley
Mrs. Yorke,I,0,15,Shirley
Mrs. Yorke,A,0,15,Shirley
Mrs. Yorke,DC,0,15,Shirley
Mrs. Yorke,DN,0,15,Shirley
Murgatroyd,N,0,15,Shirley
Murgatroyd,C,0,15,Shirley
Murgatroyd,I,0,15,Shirley
Murgatroyd,A,0,15,Shirley
Murgatroyd,DC,0,15,Shirley
Murgatroyd,DN,0,15,Shirley
Napoleon,N,0,15,Shirley
Napoleon,C,0,15,Shirley
Napoleon,I,0,15,Shirley
Napoleon,A,0,15,Shirley
Napoleon,DC,0,15,Shirley
Napoleon,DN,0,15,Shirley
Nature,N,0,15,Shirley
Nature,C,0,15,Shirley
Nature,I,0,15,Shirley
Nature,A,0,15,Shirley
Nature,DC,0,15,Shirley
Nature,DN,0,15,Shirley
Pearson,N,0,15,Shirley
Pearson,C,0,15,Shirley
Pearson,I,0,15,Shirley
Pearson,A,0,15,Shirley
Pearson,DC,0,15,Shirley
Pearson,DN,0,15,Shirley
Peg Woffington.= CHARLES READE,N,0,15,Shirley
Peg Woffington.= CHARLES READE,C,0,15,Shirley
Peg Woffington.= CHARLES READE,I,0,15,Shirley
Peg Woffington.= CHARLES READE,A,0,15,Shirley
Peg Woffington.= CHARLES READE,DC,0,15,Shirley
Peg Woffington.= CHARLES READE,DN,0,15,Shirley
Peter,N,5,15,Shirley
Peter,C,0,15,Shirley
Peter,I,6,15,Shirley
Peter,A,6,15,Shirley
Peter,DC,0,15,Shirley
Peter,DN,3,15,Shirley
Phœbe,N,0,15,Shirley
Phœbe,C,0,15,Shirley
Phœbe,I,0,15,Shirley
Phœbe,A,0,15,Shirley
Phœbe,DC,0,15,Shirley
Phœbe,DN,0,15,Shirley
Providence,N,0,15,Shirley
Providence,C,0,15,Shirley
Providence,I,0,15,Shirley
Providence,A,0,15,Shirley
Providence,DC,0,15,Shirley
Providence,DN,0,15,Shirley
Robert,N,2,15,Shirley
Robert,C,1,15,Shirley
Robert,I,1,15,Shirley
Robert,A,2,15,Shirley
Robert,DC,4,15,Shirley
Robert,DN,0,15,Shirley
Rose,N,0,15,Shirley
Rose,C,0,15,Shirley
Rose,I,0,15,Shirley
Rose,A,0,15,Shirley
Rose,DC,0,15,Shirley
Rose,DN,0,15,Shirley
Sarah,N,0,15,Shirley
Sarah,C,0,15,Shirley
Sarah,I,0,15,Shirley
Sarah,A,0,15,Shirley
Sarah,DC,0,15,Shirley
Sarah,DN,0,15,Shirley
Saturnia,N,0,15,Shirley
Saturnia,C,0,15,Shirley
Saturnia,I,0,15,Shirley
Saturnia,A,0,15,Shirley
Saturnia,DC,0,15,Shirley
Saturnia,DN,0,15,Shirley
Shakespeare,N,0,15,Shirley
Shakespeare,C,0,15,Shirley
Shakespeare,I,0,15,Shirley
Shakespeare,A,0,15,Shirley
Shakespeare,DC,0,15,Shirley
Shakespeare,DN,0,15,Shirley
Shirley,N,41,15,Shirley
Shirley,C,36,15,Shirley
Shirley,I,17,15,Shirley
Shirley,A,31,15,Shirley
Shirley,DC,10,15,Shirley
Shirley,DN,5,15,Shirley
Sir Philip,N,0,15,Shirley
Sir Philip,C,0,15,Shirley
Sir Philip,I,0,15,Shirley
Sir Philip,A,0,15,Shirley
Sir Philip,DC,0,15,Shirley
Sir Philip,DN,0,15,Shirley
Sir Walter Scott,N,0,15,Shirley
Sir Walter Scott,C,0,15,Shirley
Sir Walter Scott,I,0,15,Shirley
Sir Walter Scott,A,0,15,Shirley
Sir Walter Scott,DC,0,15,Shirley
Sir Walter Scott,DN,0,15,Shirley
Sister,N,0,15,Shirley
Sister,C,0,15,Shirley
Sister,I,0,15,Shirley
Sister,A,0,15,Shirley
Sister,DC,0,15,Shirley
Sister,DN,0,15,Shirley
St. Paul,N,0,15,Shirley
St. Paul,C,0,15,Shirley
St. Paul,I,0,15,Shirley
St. Paul,A,0,15,Shirley
St. Paul,DC,0,15,Shirley
St. Paul,DN,0,15,Shirley
Stilbro,N,0,15,Shirley
Stilbro,C,0,15,Shirley
Stilbro,I,0,15,Shirley
Stilbro,A,0,15,Shirley
Stilbro,DC,0,15,Shirley
Stilbro,DN,0,15,Shirley
Sudgen,N,0,15,Shirley
Sudgen,C,0,15,Shirley
Sudgen,I,0,15,Shirley
Sudgen,A,0,15,Shirley
Sudgen,DC,0,15,Shirley
Sudgen,DN,0,15,Shirley
Sugden,N,0,15,Shirley
Sugden,C,0,15,Shirley
Sugden,I,0,15,Shirley
Sugden,A,0,15,Shirley
Sugden,DC,0,15,Shirley
Sugden,DN,0,15,Shirley
Sweeting,N,8,15,Shirley
Sweeting,C,0,15,Shirley
Sweeting,I,0,15,Shirley
Sweeting,A,9,15,Shirley
Sweeting,DC,0,15,Shirley
Sweeting,DN,3,15,Shirley
Tartar,N,14,15,Shirley
Tartar,C,2,15,Shirley
Tartar,I,7,15,Shirley
Tartar,A,14,15,Shirley
Tartar,DC,3,15,Shirley
Tartar,DN,2,15,Shirley
The Cossack,N,0,15,Shirley
The Cossack,C,0,15,Shirley
The Cossack,I,0,15,Shirley
The Cossack,A,0,15,Shirley
The Cossack,DC,0,15,Shirley
The Cossack,DN,0,15,Shirley
These Oreads,N,0,15,Shirley
These Oreads,C,0,15,Shirley
These Oreads,I,0,15,Shirley
These Oreads,A,0,15,Shirley
These Oreads,DC,0,15,Shirley
These Oreads,DN,0,15,Shirley
Tom Cringle,N,0,15,Shirley
Tom Cringle,C,0,15,Shirley
Tom Cringle,I,0,15,Shirley
Tom Cringle,A,0,15,Shirley
Tom Cringle,DC,0,15,Shirley
Tom Cringle,DN,0,15,Shirley
Uncle,N,0,15,Shirley
Uncle,C,0,15,Shirley
Uncle,I,0,15,Shirley
Uncle,A,0,15,Shirley
Uncle,DC,0,15,Shirley
Uncle,DN,0,15,Shirley
VICTOR HUGO,N,0,15,Shirley
VICTOR HUGO,C,0,15,Shirley
VICTOR HUGO,I,0,15,Shirley
VICTOR HUGO,A,0,15,Shirley
VICTOR HUGO,DC,0,15,Shirley
VICTOR HUGO,DN,0,15,Shirley
Whinbury,N,0,15,Shirley
Whinbury,C,0,15,Shirley
Whinbury,I,0,15,Shirley
Whinbury,A,0,15,Shirley
Whinbury,DC,0,15,Shirley
Whinbury,DN,0,15,Shirley
William,N,0,15,Shirley
William,C,0,15,Shirley
William,I,0,15,Shirley
William,A,0,15,Shirley
William,DC,0,15,Shirley
William,DN,0,15,Shirley
mademoiselle,N,0,15,Shirley
mademoiselle,C,0,15,Shirley
mademoiselle,I,0,15,Shirley
mademoiselle,A,0,15,Shirley
mademoiselle,DC,0,15,Shirley
mademoiselle,DN,0,15,Shirley
old Lady Nunnely,N,0,15,Shirley
old Lady Nunnely,C,0,15,Shirley
old Lady Nunnely,I,0,15,Shirley
old Lady Nunnely,A,0,15,Shirley
old Lady Nunnely,DC,0,15,Shirley
old Lady Nunnely,DN,0,15,Shirley
old Queen Charlotte,N,0,15,Shirley
old Queen Charlotte,C,0,15,Shirley
old Queen Charlotte,I,0,15,Shirley
old Queen Charlotte,A,0,15,Shirley
old Queen Charlotte,DC,0,15,Shirley
old Queen Charlotte,DN,0,15,Shirley
the Misses Sykes,N,0,15,Shirley
the Misses Sykes,C,0,15,Shirley
the Misses Sykes,I,0,15,Shirley
the Misses Sykes,A,0,15,Shirley
the Misses Sykes,DC,0,15,Shirley
the Misses Sykes,DN,0,15,Shirley
the Misses Sympson,N,0,15,Shirley
the Misses Sympson,C,0,15,Shirley
the Misses Sympson,I,0,15,Shirley
the Misses Sympson,A,0,15,Shirley
the Misses Sympson,DC,0,15,Shirley
the Misses Sympson,DN,0,15,Shirley
the Moores,N,0,15,Shirley
the Moores,C,0,15,Shirley
the Moores,I,0,15,Shirley
the Moores,A,0,15,Shirley
the Moores,DC,0,15,Shirley
the Moores,DN,0,15,Shirley
the Sympsons,N,0,15,Shirley
the Sympsons,C,0,15,Shirley
the Sympsons,I,0,15,Shirley
the Sympsons,A,0,15,Shirley
the Sympsons,DC,0,15,Shirley
the Sympsons,DN,0,15,Shirley
Abraham,N,0,16,Shirley
Abraham,C,0,16,Shirley
Abraham,I,0,16,Shirley
Abraham,A,0,16,Shirley
Abraham,DC,0,16,Shirley
Abraham,DN,0,16,Shirley
Adam,N,0,16,Shirley
Adam,C,0,16,Shirley
Adam,I,0,16,Shirley
Adam,A,0,16,Shirley
Adam,DC,0,16,Shirley
Adam,DN,0,16,Shirley
Bob,N,0,16,Shirley
Bob,C,0,16,Shirley
Bob,I,0,16,Shirley
Bob,A,0,16,Shirley
Bob,DC,0,16,Shirley
Bob,DN,0,16,Shirley
Bonaparte,N,0,16,Shirley
Bonaparte,C,0,16,Shirley
Bonaparte,I,0,16,Shirley
Bonaparte,A,0,16,Shirley
Bonaparte,DC,0,16,Shirley
Bonaparte,DN,0,16,Shirley
Boultby,N,3,16,Shirley
Boultby,C,0,16,Shirley
Boultby,I,0,16,Shirley
Boultby,A,4,16,Shirley
Boultby,DC,2,16,Shirley
Boultby,DN,1,16,Shirley
Briarmains,N,0,16,Shirley
Briarmains,C,0,16,Shirley
Briarmains,I,0,16,Shirley
Briarmains,A,0,16,Shirley
Briarmains,DC,0,16,Shirley
Briarmains,DN,0,16,Shirley
CHARLES DICKENS,N,0,16,Shirley
CHARLES DICKENS,C,0,16,Shirley
CHARLES DICKENS,I,0,16,Shirley
CHARLES DICKENS,A,0,16,Shirley
CHARLES DICKENS,DC,0,16,Shirley
CHARLES DICKENS,DN,0,16,Shirley
Captain Keeldar,N,0,16,Shirley
Captain Keeldar,C,0,16,Shirley
Captain Keeldar,I,0,16,Shirley
Captain Keeldar,A,0,16,Shirley
Captain Keeldar,DC,0,16,Shirley
Captain Keeldar,DN,0,16,Shirley
Caroline,N,20,16,Shirley
Caroline,C,1,16,Shirley
Caroline,I,4,16,Shirley
Caroline,A,21,16,Shirley
Caroline,DC,1,16,Shirley
Caroline,DN,3,16,Shirley
"Caroline--""She",N,0,16,Shirley
"Caroline--""She",C,0,16,Shirley
"Caroline--""She",I,0,16,Shirley
"Caroline--""She",A,0,16,Shirley
"Caroline--""She",DC,0,16,Shirley
"Caroline--""She",DN,0,16,Shirley
Cary,N,0,16,Shirley
Cary,C,0,16,Shirley
Cary,I,0,16,Shirley
Cary,A,0,16,Shirley
Cary,DC,0,16,Shirley
Cary,DN,0,16,Shirley
Castlereagh,N,0,16,Shirley
Castlereagh,C,0,16,Shirley
Castlereagh,I,0,16,Shirley
Castlereagh,A,0,16,Shirley
Castlereagh,DC,0,16,Shirley
Castlereagh,DN,0,16,Shirley
Chénier,N,0,16,Shirley
Chénier,C,0,16,Shirley
Chénier,I,0,16,Shirley
Chénier,A,0,16,Shirley
Chénier,DC,0,16,Shirley
Chénier,DN,0,16,Shirley
Coriolanus,N,0,16,Shirley
Coriolanus,C,0,16,Shirley
Coriolanus,I,0,16,Shirley
Coriolanus,A,0,16,Shirley
Coriolanus,DC,0,16,Shirley
Coriolanus,DN,0,16,Shirley
Cowper,N,0,16,Shirley
Cowper,C,0,16,Shirley
Cowper,I,0,16,Shirley
Cowper,A,0,16,Shirley
Cowper,DC,0,16,Shirley
Cowper,DN,0,16,Shirley
Cyril Hall,N,3,16,Shirley
Cyril Hall,C,0,16,Shirley
Cyril Hall,I,0,16,Shirley
Cyril Hall,A,1,16,Shirley
Cyril Hall,DC,0,16,Shirley
Cyril Hall,DN,1,16,Shirley
Daniel,N,0,16,Shirley
Daniel,C,0,16,Shirley
Daniel,I,0,16,Shirley
Daniel,A,0,16,Shirley
Daniel,DC,0,16,Shirley
Daniel,DN,0,16,Shirley
Davy,N,0,16,Shirley
Davy,C,0,16,Shirley
Davy,I,0,16,Shirley
Davy,A,0,16,Shirley
Davy,DC,0,16,Shirley
Davy,DN,0,16,Shirley
Donne,N,6,16,Shirley
Donne,C,0,16,Shirley
Donne,I,2,16,Shirley
Donne,A,4,16,Shirley
Donne,DC,8,16,Shirley
Donne,DN,1,16,Shirley
Dora,N,1,16,Shirley
Dora,C,0,16,Shirley
Dora,I,0,16,Shirley
Dora,A,0,16,Shirley
Dora,DC,0,16,Shirley
Dora,DN,0,16,Shirley
Dr. Boultby,N,5,16,Shirley
Dr. Boultby,C,0,16,Shirley
Dr. Boultby,I,5,16,Shirley
Dr. Boultby,A,1,16,Shirley
Dr. Boultby,DC,0,16,Shirley
Dr. Boultby,DN,1,16,Shirley
Eliza,N,2,16,Shirley
Eliza,C,0,16,Shirley
Eliza,I,0,16,Shirley
Eliza,A,0,16,Shirley
Eliza,DC,0,16,Shirley
Eliza,DN,0,16,Shirley
Eva,N,0,16,Shirley
Eva,C,0,16,Shirley
Eva,I,0,16,Shirley
Eva,A,0,16,Shirley
Eva,DC,0,16,Shirley
Eva,DN,0,16,Shirley
Eve,N,0,16,Shirley
Eve,C,0,16,Shirley
Eve,I,0,16,Shirley
Eve,A,0,16,Shirley
Eve,DC,0,16,Shirley
Eve,DN,0,16,Shirley
Fanny,N,3,16,Shirley
Fanny,C,0,16,Shirley
Fanny,I,0,16,Shirley
Fanny,A,1,16,Shirley
Fanny,DC,0,16,Shirley
Fanny,DN,0,16,Shirley
Farrens,N,0,16,Shirley
Farrens,C,0,16,Shirley
Farrens,I,0,16,Shirley
Farrens,A,0,16,Shirley
Farrens,DC,0,16,Shirley
Farrens,DN,0,16,Shirley
Fieldhead,N,0,16,Shirley
Fieldhead,C,0,16,Shirley
Fieldhead,I,0,16,Shirley
Fieldhead,A,0,16,Shirley
Fieldhead,DC,0,16,Shirley
Fieldhead,DN,0,16,Shirley
Fortune,N,0,16,Shirley
Fortune,C,0,16,Shirley
Fortune,I,0,16,Shirley
Fortune,A,0,16,Shirley
Fortune,DC,0,16,Shirley
Fortune,DN,0,16,Shirley
God,N,2,16,Shirley
God,C,0,16,Shirley
God,I,0,16,Shirley
God,A,1,16,Shirley
God,DC,0,16,Shirley
God,DN,0,16,Shirley
Grace,N,1,16,Shirley
Grace,C,0,16,Shirley
Grace,I,0,16,Shirley
Grace,A,0,16,Shirley
Grace,DC,1,16,Shirley
Grace,DN,0,16,Shirley
Hannah,N,0,16,Shirley
Hannah,C,0,16,Shirley
Hannah,I,0,16,Shirley
Hannah,A,0,16,Shirley
Hannah,DC,0,16,Shirley
Hannah,DN,0,16,Shirley
Harriet,N,0,16,Shirley
Harriet,C,0,16,Shirley
Harriet,I,0,16,Shirley
Harriet,A,0,16,Shirley
Harriet,DC,0,16,Shirley
Harriet,DN,0,16,Shirley
Helstone,N,0,16,Shirley
Helstone,C,1,16,Shirley
Helstone,I,0,16,Shirley
Helstone,A,0,16,Shirley
Helstone,DC,0,16,Shirley
Helstone,DN,0,16,Shirley
Henry,N,0,16,Shirley
Henry,C,0,16,Shirley
Henry,I,0,16,Shirley
Henry,A,0,16,Shirley
Henry,DC,0,16,Shirley
Henry,DN,0,16,Shirley
Hiram Yorke,N,0,16,Shirley
Hiram Yorke,C,0,16,Shirley
Hiram Yorke,I,0,16,Shirley
Hiram Yorke,A,0,16,Shirley
Hiram Yorke,DC,0,16,Shirley
Hiram Yorke,DN,0,16,Shirley
Hollow,N,0,16,Shirley
Hollow,C,0,16,Shirley
Hollow,I,0,16,Shirley
Hollow,A,0,16,Shirley
Hollow,DC,0,16,Shirley
Hollow,DN,0,16,Shirley
Hortense,N,0,16,Shirley
Hortense,C,0,16,Shirley
Hortense,I,0,16,Shirley
Hortense,A,0,16,Shirley
Hortense,DC,0,16,Shirley
Hortense,DN,0,16,Shirley
Isabella,N,0,16,Shirley
Isabella,C,0,16,Shirley
Isabella,I,0,16,Shirley
Isabella,A,0,16,Shirley
Isabella,DC,0,16,Shirley
Isabella,DN,0,16,Shirley
James,N,0,16,Shirley
James,C,0,16,Shirley
James,I,0,16,Shirley
James,A,0,16,Shirley
James,DC,0,16,Shirley
James,DN,0,16,Shirley
Jessy,N,0,16,Shirley
Jessy,C,0,16,Shirley
Jessy,I,0,16,Shirley
Jessy,A,0,16,Shirley
Jessy,DC,0,16,Shirley
Jessy,DN,0,16,Shirley
Joe,N,0,16,Shirley
Joe,C,0,16,Shirley
Joe,I,0,16,Shirley
Joe,A,0,16,Shirley
Joe,DC,0,16,Shirley
Joe,DN,0,16,Shirley
John,N,0,16,Shirley
John,C,0,16,Shirley
John,I,0,16,Shirley
John,A,0,16,Shirley
John,DC,0,16,Shirley
John,DN,0,16,Shirley
John Wesley,N,0,16,Shirley
John Wesley,C,0,16,Shirley
John Wesley,I,0,16,Shirley
John Wesley,A,0,16,Shirley
John Wesley,DC,0,16,Shirley
John Wesley,DN,0,16,Shirley
Lamb,N,0,16,Shirley
Lamb,C,0,16,Shirley
Lamb,I,0,16,Shirley
Lamb,A,0,16,Shirley
Lamb,DC,0,16,Shirley
Lamb,DN,0,16,Shirley
Lina,N,0,16,Shirley
Lina,C,0,16,Shirley
Lina,I,0,16,Shirley
Lina,A,0,16,Shirley
Lina,DC,0,16,Shirley
Lina,DN,0,16,Shirley
Lord Wellington,N,0,16,Shirley
Lord Wellington,C,0,16,Shirley
Lord Wellington,I,0,16,Shirley
Lord Wellington,A,0,16,Shirley
Lord Wellington,DC,0,16,Shirley
Lord Wellington,DN,0,16,Shirley
Louis,N,0,16,Shirley
Louis,C,0,16,Shirley
Louis,I,0,16,Shirley
Louis,A,0,16,Shirley
Louis,DC,0,16,Shirley
Louis,DN,0,16,Shirley
Lucretia,N,0,16,Shirley
Lucretia,C,0,16,Shirley
Lucretia,I,0,16,Shirley
Lucretia,A,0,16,Shirley
Lucretia,DC,0,16,Shirley
Lucretia,DN,0,16,Shirley
MATTERS,N,0,16,Shirley
MATTERS,C,0,16,Shirley
MATTERS,I,0,16,Shirley
MATTERS,A,0,16,Shirley
MATTERS,DC,0,16,Shirley
MATTERS,DN,0,16,Shirley
MacTurk,N,0,16,Shirley
MacTurk,C,0,16,Shirley
MacTurk,I,0,16,Shirley
MacTurk,A,0,16,Shirley
MacTurk,DC,0,16,Shirley
MacTurk,DN,0,16,Shirley
Malone,N,3,16,Shirley
Malone,C,0,16,Shirley
Malone,I,1,16,Shirley
Malone,A,0,16,Shirley
Malone,DC,2,16,Shirley
Malone,DN,0,16,Shirley
Malone.--I,N,0,16,Shirley
Malone.--I,C,0,16,Shirley
Malone.--I,I,0,16,Shirley
Malone.--I,A,0,16,Shirley
Malone.--I,DC,0,16,Shirley
Malone.--I,DN,0,16,Shirley
Mamma,N,0,16,Shirley
Mamma,C,0,16,Shirley
Mamma,I,0,16,Shirley
Mamma,A,0,16,Shirley
Mamma,DC,0,16,Shirley
Mamma,DN,0,16,Shirley
Margaret,N,5,16,Shirley
Margaret,C,0,16,Shirley
Margaret,I,0,16,Shirley
Margaret,A,2,16,Shirley
Margaret,DC,1,16,Shirley
Margaret,DN,0,16,Shirley
Mark,N,0,16,Shirley
Mark,C,0,16,Shirley
Mark,I,0,16,Shirley
Mark,A,0,16,Shirley
Mark,DC,0,16,Shirley
Mark,DN,0,16,Shirley
Martin,N,0,16,Shirley
Martin,C,0,16,Shirley
Martin,I,0,16,Shirley
Martin,A,0,16,Shirley
Martin,DC,0,16,Shirley
Martin,DN,0,16,Shirley
Mary,N,0,16,Shirley
Mary,C,0,16,Shirley
Mary,I,0,16,Shirley
Mary,A,0,16,Shirley
Mary,DC,0,16,Shirley
Mary,DN,0,16,Shirley
Mary Ann Ainley,N,3,16,Shirley
Mary Ann Ainley,C,0,16,Shirley
Mary Ann Ainley,I,0,16,Shirley
Mary Ann Ainley,A,0,16,Shirley
Mary Ann Ainley,DC,2,16,Shirley
Mary Ann Ainley,DN,0,16,Shirley
Matthew,N,0,16,Shirley
Matthew,C,0,16,Shirley
Matthew,I,0,16,Shirley
Matthew,A,0,16,Shirley
Matthew,DC,0,16,Shirley
Matthew,DN,0,16,Shirley
Matthewson Helstone,N,0,16,Shirley
Matthewson Helstone,C,0,16,Shirley
Matthewson Helstone,I,0,16,Shirley
Matthewson Helstone,A,0,16,Shirley
Matthewson Helstone,DC,0,16,Shirley
Matthewson Helstone,DN,0,16,Shirley
Mike,N,0,16,Shirley
Mike,C,0,16,Shirley
Mike,I,0,16,Shirley
Mike,A,0,16,Shirley
Mike,DC,0,16,Shirley
Mike,DN,0,16,Shirley
Miss Ainley,N,4,16,Shirley
Miss Ainley,C,0,16,Shirley
Miss Ainley,I,0,16,Shirley
Miss Ainley,A,0,16,Shirley
Miss Ainley,DC,0,16,Shirley
Miss Ainley,DN,0,16,Shirley
Miss Austen,N,0,16,Shirley
Miss Austen,C,0,16,Shirley
Miss Austen,I,0,16,Shirley
Miss Austen,A,0,16,Shirley
Miss Austen,DC,0,16,Shirley
Miss Austen,DN,0,16,Shirley
Miss Cave,N,0,16,Shirley
Miss Cave,C,0,16,Shirley
Miss Cave,I,0,16,Shirley
Miss Cave,A,0,16,Shirley
Miss Cave,DC,0,16,Shirley
Miss Cave,DN,0,16,Shirley
Miss Grey,N,0,16,Shirley
Miss Grey,C,0,16,Shirley
Miss Grey,I,0,16,Shirley
Miss Grey,A,0,16,Shirley
Miss Grey,DC,0,16,Shirley
Miss Grey,DN,0,16,Shirley
Miss Hardman,N,0,16,Shirley
Miss Hardman,C,0,16,Shirley
Miss Hardman,I,0,16,Shirley
Miss Hardman,A,0,16,Shirley
Miss Hardman,DC,0,16,Shirley
Miss Hardman,DN,0,16,Shirley
Miss Mann,N,0,16,Shirley
Miss Mann,C,0,16,Shirley
Miss Mann,I,0,16,Shirley
Miss Mann,A,0,16,Shirley
Miss Mann,DC,0,16,Shirley
Miss Mann,DN,0,16,Shirley
Miss Mary,N,0,16,Shirley
Miss Mary,C,0,16,Shirley
Miss Mary,I,0,16,Shirley
Miss Mary,A,0,16,Shirley
Miss Mary,DC,0,16,Shirley
Miss Mary,DN,0,16,Shirley
Miss Moore,N,0,16,Shirley
Miss Moore,C,0,16,Shirley
Miss Moore,I,0,16,Shirley
Miss Moore,A,0,16,Shirley
Miss Moore,DC,0,16,Shirley
Miss Moore,DN,0,16,Shirley
Miss Pearson,N,0,16,Shirley
Miss Pearson,C,0,16,Shirley
Miss Pearson,I,0,16,Shirley
Miss Pearson,A,0,16,Shirley
Miss Pearson,DC,0,16,Shirley
Miss Pearson,DN,0,16,Shirley
Moore,N,0,16,Shirley
Moore,C,0,16,Shirley
Moore,I,0,16,Shirley
Moore,A,0,16,Shirley
Moore,DC,0,16,Shirley
Moore,DN,0,16,Shirley
Moses,N,0,16,Shirley
Moses,C,0,16,Shirley
Moses,I,0,16,Shirley
Moses,A,0,16,Shirley
Moses,DC,0,16,Shirley
Moses,DN,0,16,Shirley
Mother,N,0,16,Shirley
Mother,C,0,16,Shirley
Mother,I,0,16,Shirley
Mother,A,0,16,Shirley
Mother,DC,0,16,Shirley
Mother,DN,0,16,Shirley
Mr. Barraclough,N,0,16,Shirley
Mr. Barraclough,C,0,16,Shirley
Mr. Barraclough,I,0,16,Shirley
Mr. Barraclough,A,0,16,Shirley
Mr. Barraclough,DC,0,16,Shirley
Mr. Barraclough,DN,0,16,Shirley
Mr. Gale,N,0,16,Shirley
Mr. Gale,C,0,16,Shirley
Mr. Gale,I,0,16,Shirley
Mr. Gale,A,0,16,Shirley
Mr. Gale,DC,0,16,Shirley
Mr. Gale,DN,0,16,Shirley
Mr. Hall,N,2,16,Shirley
Mr. Hall,C,0,16,Shirley
Mr. Hall,I,1,16,Shirley
Mr. Hall,A,2,16,Shirley
Mr. Hall,DC,2,16,Shirley
Mr. Hall,DN,0,16,Shirley
Mr. Helstone,N,5,16,Shirley
Mr. Helstone,C,6,16,Shirley
Mr. Helstone,I,0,16,Shirley
Mr. Helstone,A,5,16,Shirley
Mr. Helstone,DC,0,16,Shirley
Mr. Helstone,DN,0,16,Shirley
Mr. Moore,N,1,16,Shirley
Mr. Moore,C,0,16,Shirley
Mr. Moore,I,2,16,Shirley
Mr. Moore,A,0,16,Shirley
Mr. Moore,DC,3,16,Shirley
Mr. Moore,DN,0,16,Shirley
Mr. Moore----,N,0,16,Shirley
Mr. Moore----,C,0,16,Shirley
Mr. Moore----,I,0,16,Shirley
Mr. Moore----,A,0,16,Shirley
Mr. Moore----,DC,0,16,Shirley
Mr. Moore----,DN,0,16,Shirley
Mr. Ramsden,N,0,16,Shirley
Mr. Ramsden,C,0,16,Shirley
Mr. Ramsden,I,0,16,Shirley
Mr. Ramsden,A,0,16,Shirley
Mr. Ramsden,DC,0,16,Shirley
Mr. Ramsden,DN,0,16,Shirley
Mr. Sykes,N,0,16,Shirley
Mr. Sykes,C,0,16,Shirley
Mr. Sykes,I,0,16,Shirley
Mr. Sykes,A,0,16,Shirley
Mr. Sykes,DC,0,16,Shirley
Mr. Sykes,DN,0,16,Shirley
Mr. Sympson,N,0,16,Shirley
Mr. Sympson,C,0,16,Shirley
Mr. Sympson,I,0,16,Shirley
Mr. Sympson,A,0,16,Shirley
Mr. Sympson,DC,0,16,Shirley
Mr. Sympson,DN,0,16,Shirley
Mr. Wynne,N,2,16,Shirley
Mr. Wynne,C,0,16,Shirley
Mr. Wynne,I,0,16,Shirley
Mr. Wynne,A,0,16,Shirley
Mr. Wynne,DC,0,16,Shirley
Mr. Wynne,DN,0,16,Shirley
Mr. Yorke,N,0,16,Shirley
Mr. Yorke,C,0,16,Shirley
Mr. Yorke,I,0,16,Shirley
Mr. Yorke,A,0,16,Shirley
Mr. Yorke,DC,0,16,Shirley
Mr. Yorke,DN,0,16,Shirley
Mrs. Gale,N,0,16,Shirley
Mrs. Gale,C,0,16,Shirley
Mrs. Gale,I,0,16,Shirley
Mrs. Gale,A,0,16,Shirley
Mrs. Gale,DC,0,16,Shirley
Mrs. Gale,DN,0,16,Shirley
Mrs. Gill,N,0,16,Shirley
Mrs. Gill,C,0,16,Shirley
Mrs. Gill,I,0,16,Shirley
Mrs. Gill,A,0,16,Shirley
Mrs. Gill,DC,0,16,Shirley
Mrs. Gill,DN,0,16,Shirley
Mrs. Hardman,N,0,16,Shirley
Mrs. Hardman,C,0,16,Shirley
Mrs. Hardman,I,0,16,Shirley
Mrs. Hardman,A,0,16,Shirley
Mrs. Hardman,DC,0,16,Shirley
Mrs. Hardman,DN,0,16,Shirley
Mrs. Horsfall,N,0,16,Shirley
Mrs. Horsfall,C,0,16,Shirley
Mrs. Horsfall,I,0,16,Shirley
Mrs. Horsfall,A,0,16,Shirley
Mrs. Horsfall,DC,0,16,Shirley
Mrs. Horsfall,DN,0,16,Shirley
Mrs. Louis,N,0,16,Shirley
Mrs. Louis,C,0,16,Shirley
Mrs. Louis,I,0,16,Shirley
Mrs. Louis,A,0,16,Shirley
Mrs. Louis,DC,0,16,Shirley
Mrs. Louis,DN,0,16,Shirley
Mrs. Pryor,N,1,16,Shirley
Mrs. Pryor,C,0,16,Shirley
Mrs. Pryor,I,1,16,Shirley
Mrs. Pryor,A,0,16,Shirley
Mrs. Pryor,DC,0,16,Shirley
Mrs. Pryor,DN,0,16,Shirley
Mrs. Sykes,N,1,16,Shirley
Mrs. Sykes,C,0,16,Shirley
Mrs. Sykes,I,0,16,Shirley
Mrs. Sykes,A,0,16,Shirley
Mrs. Sykes,DC,0,16,Shirley
Mrs. Sykes,DN,1,16,Shirley
Mrs. Yorke,N,0,16,Shirley
Mrs. Yorke,C,0,16,Shirley
Mrs. Yorke,I,0,16,Shirley
Mrs. Yorke,A,0,16,Shirley
Mrs. Yorke,DC,0,16,Shirley
Mrs. Yorke,DN,0,16,Shirley
Murgatroyd,N,0,16,Shirley
Murgatroyd,C,0,16,Shirley
Murgatroyd,I,0,16,Shirley
Murgatroyd,A,0,16,Shirley
Murgatroyd,DC,0,16,Shirley
Murgatroyd,DN,0,16,Shirley
Napoleon,N,0,16,Shirley
Napoleon,C,0,16,Shirley
Napoleon,I,0,16,Shirley
Napoleon,A,0,16,Shirley
Napoleon,DC,0,16,Shirley
Napoleon,DN,0,16,Shirley
Nature,N,0,16,Shirley
Nature,C,0,16,Shirley
Nature,I,0,16,Shirley
Nature,A,0,16,Shirley
Nature,DC,0,16,Shirley
Nature,DN,0,16,Shirley
Pearson,N,0,16,Shirley
Pearson,C,0,16,Shirley
Pearson,I,0,16,Shirley
Pearson,A,0,16,Shirley
Pearson,DC,0,16,Shirley
Pearson,DN,0,16,Shirley
Peg Woffington.= CHARLES READE,N,0,16,Shirley
Peg Woffington.= CHARLES READE,C,0,16,Shirley
Peg Woffington.= CHARLES READE,I,0,16,Shirley
Peg Woffington.= CHARLES READE,A,0,16,Shirley
Peg Woffington.= CHARLES READE,DC,0,16,Shirley
Peg Woffington.= CHARLES READE,DN,0,16,Shirley
Peter,N,7,16,Shirley
Peter,C,0,16,Shirley
Peter,I,6,16,Shirley
Peter,A,12,16,Shirley
Peter,DC,1,16,Shirley
Peter,DN,1,16,Shirley
Phœbe,N,0,16,Shirley
Phœbe,C,0,16,Shirley
Phœbe,I,0,16,Shirley
Phœbe,A,0,16,Shirley
Phœbe,DC,0,16,Shirley
Phœbe,DN,0,16,Shirley
Providence,N,0,16,Shirley
Providence,C,0,16,Shirley
Providence,I,0,16,Shirley
Providence,A,0,16,Shirley
Providence,DC,0,16,Shirley
Providence,DN,0,16,Shirley
Robert,N,2,16,Shirley
Robert,C,6,16,Shirley
Robert,I,9,16,Shirley
Robert,A,16,16,Shirley
Robert,DC,0,16,Shirley
Robert,DN,0,16,Shirley
Rose,N,0,16,Shirley
Rose,C,0,16,Shirley
Rose,I,0,16,Shirley
Rose,A,0,16,Shirley
Rose,DC,0,16,Shirley
Rose,DN,0,16,Shirley
Sarah,N,0,16,Shirley
Sarah,C,0,16,Shirley
Sarah,I,0,16,Shirley
Sarah,A,0,16,Shirley
Sarah,DC,0,16,Shirley
Sarah,DN,0,16,Shirley
Saturnia,N,0,16,Shirley
Saturnia,C,0,16,Shirley
Saturnia,I,0,16,Shirley
Saturnia,A,0,16,Shirley
Saturnia,DC,0,16,Shirley
Saturnia,DN,0,16,Shirley
Shakespeare,N,0,16,Shirley
Shakespeare,C,0,16,Shirley
Shakespeare,I,0,16,Shirley
Shakespeare,A,0,16,Shirley
Shakespeare,DC,0,16,Shirley
Shakespeare,DN,0,16,Shirley
Shirley,N,22,16,Shirley
Shirley,C,3,16,Shirley
Shirley,I,8,16,Shirley
Shirley,A,20,16,Shirley
Shirley,DC,1,16,Shirley
Shirley,DN,9,16,Shirley
Sir Philip,N,0,16,Shirley
Sir Philip,C,0,16,Shirley
Sir Philip,I,0,16,Shirley
Sir Philip,A,0,16,Shirley
Sir Philip,DC,0,16,Shirley
Sir Philip,DN,0,16,Shirley
Sir Walter Scott,N,0,16,Shirley
Sir Walter Scott,C,0,16,Shirley
Sir Walter Scott,I,0,16,Shirley
Sir Walter Scott,A,0,16,Shirley
Sir Walter Scott,DC,0,16,Shirley
Sir Walter Scott,DN,0,16,Shirley
Sister,N,0,16,Shirley
Sister,C,0,16,Shirley
Sister,I,0,16,Shirley
Sister,A,0,16,Shirley
Sister,DC,0,16,Shirley
Sister,DN,0,16,Shirley
St. Paul,N,0,16,Shirley
St. Paul,C,0,16,Shirley
St. Paul,I,0,16,Shirley
St. Paul,A,0,16,Shirley
St. Paul,DC,0,16,Shirley
St. Paul,DN,0,16,Shirley
Stilbro,N,0,16,Shirley
Stilbro,C,0,16,Shirley
Stilbro,I,0,16,Shirley
Stilbro,A,0,16,Shirley
Stilbro,DC,0,16,Shirley
Stilbro,DN,0,16,Shirley
Sudgen,N,0,16,Shirley
Sudgen,C,0,16,Shirley
Sudgen,I,0,16,Shirley
Sudgen,A,0,16,Shirley
Sudgen,DC,0,16,Shirley
Sudgen,DN,0,16,Shirley
Sugden,N,0,16,Shirley
Sugden,C,0,16,Shirley
Sugden,I,0,16,Shirley
Sugden,A,0,16,Shirley
Sugden,DC,0,16,Shirley
Sugden,DN,0,16,Shirley
Sweeting,N,3,16,Shirley
Sweeting,C,0,16,Shirley
Sweeting,I,0,16,Shirley
Sweeting,A,0,16,Shirley
Sweeting,DC,2,16,Shirley
Sweeting,DN,0,16,Shirley
Tartar,N,0,16,Shirley
Tartar,C,0,16,Shirley
Tartar,I,0,16,Shirley
Tartar,A,0,16,Shirley
Tartar,DC,0,16,Shirley
Tartar,DN,0,16,Shirley
The Cossack,N,0,16,Shirley
The Cossack,C,0,16,Shirley
The Cossack,I,0,16,Shirley
The Cossack,A,0,16,Shirley
The Cossack,DC,0,16,Shirley
The Cossack,DN,0,16,Shirley
These Oreads,N,0,16,Shirley
These Oreads,C,0,16,Shirley
These Oreads,I,0,16,Shirley
These Oreads,A,0,16,Shirley
These Oreads,DC,0,16,Shirley
These Oreads,DN,0,16,Shirley
Tom Cringle,N,0,16,Shirley
Tom Cringle,C,0,16,Shirley
Tom Cringle,I,0,16,Shirley
Tom Cringle,A,0,16,Shirley
Tom Cringle,DC,0,16,Shirley
Tom Cringle,DN,0,16,Shirley
Uncle,N,0,16,Shirley
Uncle,C,0,16,Shirley
Uncle,I,0,16,Shirley
Uncle,A,0,16,Shirley
Uncle,DC,0,16,Shirley
Uncle,DN,0,16,Shirley
VICTOR HUGO,N,0,16,Shirley
VICTOR HUGO,C,0,16,Shirley
VICTOR HUGO,I,0,16,Shirley
VICTOR HUGO,A,0,16,Shirley
VICTOR HUGO,DC,0,16,Shirley
VICTOR HUGO,DN,0,16,Shirley
Whinbury,N,0,16,Shirley
Whinbury,C,0,16,Shirley
Whinbury,I,0,16,Shirley
Whinbury,A,0,16,Shirley
Whinbury,DC,0,16,Shirley
Whinbury,DN,0,16,Shirley
William,N,0,16,Shirley
William,C,0,16,Shirley
William,I,0,16,Shirley
William,A,0,16,Shirley
William,DC,0,16,Shirley
William,DN,0,16,Shirley
mademoiselle,N,0,16,Shirley
mademoiselle,C,0,16,Shirley
mademoiselle,I,0,16,Shirley
mademoiselle,A,0,16,Shirley
mademoiselle,DC,0,16,Shirley
mademoiselle,DN,0,16,Shirley
old Lady Nunnely,N,0,16,Shirley
old Lady Nunnely,C,0,16,Shirley
old Lady Nunnely,I,0,16,Shirley
old Lady Nunnely,A,0,16,Shirley
old Lady Nunnely,DC,0,16,Shirley
old Lady Nunnely,DN,0,16,Shirley
old Queen Charlotte,N,0,16,Shirley
old Queen Charlotte,C,0,16,Shirley
old Queen Charlotte,I,0,16,Shirley
old Queen Charlotte,A,0,16,Shirley
old Queen Charlotte,DC,0,16,Shirley
old Queen Charlotte,DN,0,16,Shirley
the Misses Sykes,N,0,16,Shirley
the Misses Sykes,C,0,16,Shirley
the Misses Sykes,I,0,16,Shirley
the Misses Sykes,A,0,16,Shirley
the Misses Sykes,DC,0,16,Shirley
the Misses Sykes,DN,0,16,Shirley
the Misses Sympson,N,0,16,Shirley
the Misses Sympson,C,0,16,Shirley
the Misses Sympson,I,0,16,Shirley
the Misses Sympson,A,0,16,Shirley
the Misses Sympson,DC,0,16,Shirley
the Misses Sympson,DN,0,16,Shirley
the Moores,N,0,16,Shirley
the Moores,C,0,16,Shirley
the Moores,I,0,16,Shirley
the Moores,A,0,16,Shirley
the Moores,DC,0,16,Shirley
the Moores,DN,0,16,Shirley
the Sympsons,N,0,16,Shirley
the Sympsons,C,0,16,Shirley
the Sympsons,I,0,16,Shirley
the Sympsons,A,0,16,Shirley
the Sympsons,DC,0,16,Shirley
the Sympsons,DN,0,16,Shirley
Abraham,N,0,17,Shirley
Abraham,C,0,17,Shirley
Abraham,I,0,17,Shirley
Abraham,A,0,17,Shirley
Abraham,DC,0,17,Shirley
Abraham,DN,0,17,Shirley
Adam,N,0,17,Shirley
Adam,C,0,17,Shirley
Adam,I,0,17,Shirley
Adam,A,0,17,Shirley
Adam,DC,0,17,Shirley
Adam,DN,0,17,Shirley
Bob,N,0,17,Shirley
Bob,C,0,17,Shirley
Bob,I,0,17,Shirley
Bob,A,0,17,Shirley
Bob,DC,0,17,Shirley
Bob,DN,0,17,Shirley
Bonaparte,N,0,17,Shirley
Bonaparte,C,0,17,Shirley
Bonaparte,I,0,17,Shirley
Bonaparte,A,0,17,Shirley
Bonaparte,DC,0,17,Shirley
Bonaparte,DN,0,17,Shirley
Boultby,N,2,17,Shirley
Boultby,C,0,17,Shirley
Boultby,I,0,17,Shirley
Boultby,A,0,17,Shirley
Boultby,DC,1,17,Shirley
Boultby,DN,0,17,Shirley
Briarmains,N,0,17,Shirley
Briarmains,C,0,17,Shirley
Briarmains,I,0,17,Shirley
Briarmains,A,0,17,Shirley
Briarmains,DC,0,17,Shirley
Briarmains,DN,0,17,Shirley
CHARLES DICKENS,N,0,17,Shirley
CHARLES DICKENS,C,0,17,Shirley
CHARLES DICKENS,I,0,17,Shirley
CHARLES DICKENS,A,0,17,Shirley
CHARLES DICKENS,DC,0,17,Shirley
CHARLES DICKENS,DN,0,17,Shirley
Captain Keeldar,N,0,17,Shirley
Captain Keeldar,C,0,17,Shirley
Captain Keeldar,I,0,17,Shirley
Captain Keeldar,A,0,17,Shirley
Captain Keeldar,DC,0,17,Shirley
Captain Keeldar,DN,0,17,Shirley
Caroline,N,36,17,Shirley
Caroline,C,17,17,Shirley
Caroline,I,32,17,Shirley
Caroline,A,44,17,Shirley
Caroline,DC,21,17,Shirley
Caroline,DN,5,17,Shirley
"Caroline--""She",N,0,17,Shirley
"Caroline--""She",C,0,17,Shirley
"Caroline--""She",I,0,17,Shirley
"Caroline--""She",A,0,17,Shirley
"Caroline--""She",DC,0,17,Shirley
"Caroline--""She",DN,0,17,Shirley
Cary,N,1,17,Shirley
Cary,C,0,17,Shirley
Cary,I,1,17,Shirley
Cary,A,4,17,Shirley
Cary,DC,6,17,Shirley
Cary,DN,0,17,Shirley
Castlereagh,N,0,17,Shirley
Castlereagh,C,0,17,Shirley
Castlereagh,I,0,17,Shirley
Castlereagh,A,0,17,Shirley
Castlereagh,DC,0,17,Shirley
Castlereagh,DN,0,17,Shirley
Chénier,N,0,17,Shirley
Chénier,C,0,17,Shirley
Chénier,I,0,17,Shirley
Chénier,A,0,17,Shirley
Chénier,DC,0,17,Shirley
Chénier,DN,0,17,Shirley
Coriolanus,N,0,17,Shirley
Coriolanus,C,0,17,Shirley
Coriolanus,I,0,17,Shirley
Coriolanus,A,0,17,Shirley
Coriolanus,DC,0,17,Shirley
Coriolanus,DN,0,17,Shirley
Cowper,N,0,17,Shirley
Cowper,C,0,17,Shirley
Cowper,I,0,17,Shirley
Cowper,A,0,17,Shirley
Cowper,DC,0,17,Shirley
Cowper,DN,0,17,Shirley
Cyril Hall,N,0,17,Shirley
Cyril Hall,C,0,17,Shirley
Cyril Hall,I,0,17,Shirley
Cyril Hall,A,0,17,Shirley
Cyril Hall,DC,0,17,Shirley
Cyril Hall,DN,0,17,Shirley
Daniel,N,0,17,Shirley
Daniel,C,0,17,Shirley
Daniel,I,0,17,Shirley
Daniel,A,0,17,Shirley
Daniel,DC,0,17,Shirley
Daniel,DN,0,17,Shirley
Davy,N,0,17,Shirley
Davy,C,0,17,Shirley
Davy,I,0,17,Shirley
Davy,A,0,17,Shirley
Davy,DC,0,17,Shirley
Davy,DN,0,17,Shirley
Donne,N,0,17,Shirley
Donne,C,0,17,Shirley
Donne,I,0,17,Shirley
Donne,A,0,17,Shirley
Donne,DC,0,17,Shirley
Donne,DN,0,17,Shirley
Dora,N,0,17,Shirley
Dora,C,0,17,Shirley
Dora,I,0,17,Shirley
Dora,A,0,17,Shirley
Dora,DC,0,17,Shirley
Dora,DN,0,17,Shirley
Dr. Boultby,N,1,17,Shirley
Dr. Boultby,C,0,17,Shirley
Dr. Boultby,I,0,17,Shirley
Dr. Boultby,A,1,17,Shirley
Dr. Boultby,DC,0,17,Shirley
Dr. Boultby,DN,0,17,Shirley
Eliza,N,0,17,Shirley
Eliza,C,0,17,Shirley
Eliza,I,0,17,Shirley
Eliza,A,0,17,Shirley
Eliza,DC,0,17,Shirley
Eliza,DN,0,17,Shirley
Eva,N,0,17,Shirley
Eva,C,0,17,Shirley
Eva,I,0,17,Shirley
Eva,A,0,17,Shirley
Eva,DC,0,17,Shirley
Eva,DN,0,17,Shirley
Eve,N,0,17,Shirley
Eve,C,0,17,Shirley
Eve,I,0,17,Shirley
Eve,A,0,17,Shirley
Eve,DC,0,17,Shirley
Eve,DN,0,17,Shirley
Fanny,N,0,17,Shirley
Fanny,C,0,17,Shirley
Fanny,I,0,17,Shirley
Fanny,A,0,17,Shirley
Fanny,DC,0,17,Shirley
Fanny,DN,0,17,Shirley
Farrens,N,0,17,Shirley
Farrens,C,0,17,Shirley
Farrens,I,0,17,Shirley
Farrens,A,0,17,Shirley
Farrens,DC,0,17,Shirley
Farrens,DN,0,17,Shirley
Fieldhead,N,0,17,Shirley
Fieldhead,C,0,17,Shirley
Fieldhead,I,0,17,Shirley
Fieldhead,A,0,17,Shirley
Fieldhead,DC,0,17,Shirley
Fieldhead,DN,0,17,Shirley
Fortune,N,0,17,Shirley
Fortune,C,0,17,Shirley
Fortune,I,0,17,Shirley
Fortune,A,0,17,Shirley
Fortune,DC,0,17,Shirley
Fortune,DN,0,17,Shirley
God,N,0,17,Shirley
God,C,0,17,Shirley
God,I,0,17,Shirley
God,A,0,17,Shirley
God,DC,0,17,Shirley
God,DN,0,17,Shirley
Grace,N,2,17,Shirley
Grace,C,0,17,Shirley
Grace,I,1,17,Shirley
Grace,A,0,17,Shirley
Grace,DC,0,17,Shirley
Grace,DN,0,17,Shirley
Hannah,N,0,17,Shirley
Hannah,C,0,17,Shirley
Hannah,I,0,17,Shirley
Hannah,A,0,17,Shirley
Hannah,DC,0,17,Shirley
Hannah,DN,0,17,Shirley
Harriet,N,0,17,Shirley
Harriet,C,0,17,Shirley
Harriet,I,0,17,Shirley
Harriet,A,0,17,Shirley
Harriet,DC,0,17,Shirley
Harriet,DN,0,17,Shirley
Helstone,N,6,17,Shirley
Helstone,C,4,17,Shirley
Helstone,I,2,17,Shirley
Helstone,A,8,17,Shirley
Helstone,DC,0,17,Shirley
Helstone,DN,0,17,Shirley
Henry,N,0,17,Shirley
Henry,C,0,17,Shirley
Henry,I,0,17,Shirley
Henry,A,0,17,Shirley
Henry,DC,0,17,Shirley
Henry,DN,0,17,Shirley
Hiram Yorke,N,0,17,Shirley
Hiram Yorke,C,0,17,Shirley
Hiram Yorke,I,0,17,Shirley
Hiram Yorke,A,0,17,Shirley
Hiram Yorke,DC,0,17,Shirley
Hiram Yorke,DN,0,17,Shirley
Hollow,N,0,17,Shirley
Hollow,C,0,17,Shirley
Hollow,I,0,17,Shirley
Hollow,A,0,17,Shirley
Hollow,DC,0,17,Shirley
Hollow,DN,0,17,Shirley
Hortense,N,6,17,Shirley
Hortense,C,1,17,Shirley
Hortense,I,3,17,Shirley
Hortense,A,4,17,Shirley
Hortense,DC,2,17,Shirley
Hortense,DN,0,17,Shirley
Isabella,N,0,17,Shirley
Isabella,C,0,17,Shirley
Isabella,I,0,17,Shirley
Isabella,A,0,17,Shirley
Isabella,DC,0,17,Shirley
Isabella,DN,0,17,Shirley
James,N,0,17,Shirley
James,C,0,17,Shirley
James,I,0,17,Shirley
James,A,0,17,Shirley
James,DC,0,17,Shirley
James,DN,0,17,Shirley
Jessy,N,0,17,Shirley
Jessy,C,0,17,Shirley
Jessy,I,0,17,Shirley
Jessy,A,0,17,Shirley
Jessy,DC,0,17,Shirley
Jessy,DN,0,17,Shirley
Joe,N,0,17,Shirley
Joe,C,0,17,Shirley
Joe,I,0,17,Shirley
Joe,A,0,17,Shirley
Joe,DC,0,17,Shirley
Joe,DN,0,17,Shirley
John,N,0,17,Shirley
John,C,0,17,Shirley
John,I,0,17,Shirley
John,A,0,17,Shirley
John,DC,0,17,Shirley
John,DN,0,17,Shirley
John Wesley,N,0,17,Shirley
John Wesley,C,0,17,Shirley
John Wesley,I,0,17,Shirley
John Wesley,A,0,17,Shirley
John Wesley,DC,0,17,Shirley
John Wesley,DN,0,17,Shirley
Lamb,N,0,17,Shirley
Lamb,C,0,17,Shirley
Lamb,I,0,17,Shirley
Lamb,A,0,17,Shirley
Lamb,DC,0,17,Shirley
Lamb,DN,0,17,Shirley
Lina,N,5,17,Shirley
Lina,C,0,17,Shirley
Lina,I,0,17,Shirley
Lina,A,0,17,Shirley
Lina,DC,5,17,Shirley
Lina,DN,0,17,Shirley
Lord Wellington,N,0,17,Shirley
Lord Wellington,C,0,17,Shirley
Lord Wellington,I,0,17,Shirley
Lord Wellington,A,0,17,Shirley
Lord Wellington,DC,0,17,Shirley
Lord Wellington,DN,0,17,Shirley
Louis,N,0,17,Shirley
Louis,C,0,17,Shirley
Louis,I,0,17,Shirley
Louis,A,0,17,Shirley
Louis,DC,0,17,Shirley
Louis,DN,0,17,Shirley
Lucretia,N,0,17,Shirley
Lucretia,C,0,17,Shirley
Lucretia,I,0,17,Shirley
Lucretia,A,0,17,Shirley
Lucretia,DC,0,17,Shirley
Lucretia,DN,0,17,Shirley
MATTERS,N,0,17,Shirley
MATTERS,C,0,17,Shirley
MATTERS,I,0,17,Shirley
MATTERS,A,0,17,Shirley
MATTERS,DC,0,17,Shirley
MATTERS,DN,0,17,Shirley
MacTurk,N,0,17,Shirley
MacTurk,C,0,17,Shirley
MacTurk,I,0,17,Shirley
MacTurk,A,0,17,Shirley
MacTurk,DC,0,17,Shirley
MacTurk,DN,0,17,Shirley
Malone,N,2,17,Shirley
Malone,C,0,17,Shirley
Malone,I,0,17,Shirley
Malone,A,1,17,Shirley
Malone,DC,2,17,Shirley
Malone,DN,0,17,Shirley
Malone.--I,N,0,17,Shirley
Malone.--I,C,0,17,Shirley
Malone.--I,I,0,17,Shirley
Malone.--I,A,0,17,Shirley
Malone.--I,DC,0,17,Shirley
Malone.--I,DN,0,17,Shirley
Mamma,N,0,17,Shirley
Mamma,C,0,17,Shirley
Mamma,I,0,17,Shirley
Mamma,A,0,17,Shirley
Mamma,DC,0,17,Shirley
Mamma,DN,0,17,Shirley
Margaret,N,1,17,Shirley
Margaret,C,0,17,Shirley
Margaret,I,0,17,Shirley
Margaret,A,0,17,Shirley
Margaret,DC,0,17,Shirley
Margaret,DN,0,17,Shirley
Mark,N,0,17,Shirley
Mark,C,0,17,Shirley
Mark,I,0,17,Shirley
Mark,A,0,17,Shirley
Mark,DC,0,17,Shirley
Mark,DN,0,17,Shirley
Martin,N,0,17,Shirley
Martin,C,0,17,Shirley
Martin,I,0,17,Shirley
Martin,A,0,17,Shirley
Martin,DC,0,17,Shirley
Martin,DN,0,17,Shirley
Mary,N,0,17,Shirley
Mary,C,0,17,Shirley
Mary,I,0,17,Shirley
Mary,A,0,17,Shirley
Mary,DC,0,17,Shirley
Mary,DN,0,17,Shirley
Mary Ann Ainley,N,0,17,Shirley
Mary Ann Ainley,C,0,17,Shirley
Mary Ann Ainley,I,0,17,Shirley
Mary Ann Ainley,A,0,17,Shirley
Mary Ann Ainley,DC,0,17,Shirley
Mary Ann Ainley,DN,0,17,Shirley
Matthew,N,0,17,Shirley
Matthew,C,0,17,Shirley
Matthew,I,0,17,Shirley
Matthew,A,0,17,Shirley
Matthew,DC,0,17,Shirley
Matthew,DN,0,17,Shirley
Matthewson Helstone,N,0,17,Shirley
Matthewson Helstone,C,0,17,Shirley
Matthewson Helstone,I,0,17,Shirley
Matthewson Helstone,A,0,17,Shirley
Matthewson Helstone,DC,0,17,Shirley
Matthewson Helstone,DN,0,17,Shirley
Mike,N,0,17,Shirley
Mike,C,0,17,Shirley
Mike,I,0,17,Shirley
Mike,A,0,17,Shirley
Mike,DC,0,17,Shirley
Mike,DN,0,17,Shirley
Miss Ainley,N,1,17,Shirley
Miss Ainley,C,0,17,Shirley
Miss Ainley,I,0,17,Shirley
Miss Ainley,A,0,17,Shirley
Miss Ainley,DC,0,17,Shirley
Miss Ainley,DN,0,17,Shirley
Miss Austen,N,0,17,Shirley
Miss Austen,C,0,17,Shirley
Miss Austen,I,0,17,Shirley
Miss Austen,A,0,17,Shirley
Miss Austen,DC,0,17,Shirley
Miss Austen,DN,0,17,Shirley
Miss Cave,N,0,17,Shirley
Miss Cave,C,0,17,Shirley
Miss Cave,I,0,17,Shirley
Miss Cave,A,0,17,Shirley
Miss Cave,DC,0,17,Shirley
Miss Cave,DN,0,17,Shirley
Miss Grey,N,0,17,Shirley
Miss Grey,C,0,17,Shirley
Miss Grey,I,0,17,Shirley
Miss Grey,A,0,17,Shirley
Miss Grey,DC,0,17,Shirley
Miss Grey,DN,0,17,Shirley
Miss Hardman,N,0,17,Shirley
Miss Hardman,C,0,17,Shirley
Miss Hardman,I,0,17,Shirley
Miss Hardman,A,0,17,Shirley
Miss Hardman,DC,0,17,Shirley
Miss Hardman,DN,0,17,Shirley
Miss Mann,N,5,17,Shirley
Miss Mann,C,0,17,Shirley
Miss Mann,I,0,17,Shirley
Miss Mann,A,1,17,Shirley
Miss Mann,DC,0,17,Shirley
Miss Mann,DN,0,17,Shirley
Miss Mary,N,0,17,Shirley
Miss Mary,C,0,17,Shirley
Miss Mary,I,0,17,Shirley
Miss Mary,A,0,17,Shirley
Miss Mary,DC,0,17,Shirley
Miss Mary,DN,0,17,Shirley
Miss Moore,N,0,17,Shirley
Miss Moore,C,0,17,Shirley
Miss Moore,I,0,17,Shirley
Miss Moore,A,0,17,Shirley
Miss Moore,DC,0,17,Shirley
Miss Moore,DN,0,17,Shirley
Miss Pearson,N,0,17,Shirley
Miss Pearson,C,0,17,Shirley
Miss Pearson,I,0,17,Shirley
Miss Pearson,A,0,17,Shirley
Miss Pearson,DC,0,17,Shirley
Miss Pearson,DN,0,17,Shirley
Moore,N,0,17,Shirley
Moore,C,0,17,Shirley
Moore,I,0,17,Shirley
Moore,A,0,17,Shirley
Moore,DC,0,17,Shirley
Moore,DN,0,17,Shirley
Moses,N,0,17,Shirley
Moses,C,0,17,Shirley
Moses,I,0,17,Shirley
Moses,A,0,17,Shirley
Moses,DC,0,17,Shirley
Moses,DN,0,17,Shirley
Mother,N,0,17,Shirley
Mother,C,0,17,Shirley
Mother,I,0,17,Shirley
Mother,A,0,17,Shirley
Mother,DC,0,17,Shirley
Mother,DN,0,17,Shirley
Mr. Barraclough,N,0,17,Shirley
Mr. Barraclough,C,0,17,Shirley
Mr. Barraclough,I,0,17,Shirley
Mr. Barraclough,A,0,17,Shirley
Mr. Barraclough,DC,0,17,Shirley
Mr. Barraclough,DN,0,17,Shirley
Mr. Gale,N,0,17,Shirley
Mr. Gale,C,0,17,Shirley
Mr. Gale,I,0,17,Shirley
Mr. Gale,A,0,17,Shirley
Mr. Gale,DC,0,17,Shirley
Mr. Gale,DN,0,17,Shirley
Mr. Hall,N,6,17,Shirley
Mr. Hall,C,3,17,Shirley
Mr. Hall,I,3,17,Shirley
Mr. Hall,A,3,17,Shirley
Mr. Hall,DC,0,17,Shirley
Mr. Hall,DN,0,17,Shirley
Mr. Helstone,N,7,17,Shirley
Mr. Helstone,C,2,17,Shirley
Mr. Helstone,I,1,17,Shirley
Mr. Helstone,A,1,17,Shirley
Mr. Helstone,DC,1,17,Shirley
Mr. Helstone,DN,1,17,Shirley
Mr. Moore,N,15,17,Shirley
Mr. Moore,C,1,17,Shirley
Mr. Moore,I,10,17,Shirley
Mr. Moore,A,24,17,Shirley
Mr. Moore,DC,21,17,Shirley
Mr. Moore,DN,5,17,Shirley
Mr. Moore----,N,0,17,Shirley
Mr. Moore----,C,0,17,Shirley
Mr. Moore----,I,0,17,Shirley
Mr. Moore----,A,0,17,Shirley
Mr. Moore----,DC,0,17,Shirley
Mr. Moore----,DN,0,17,Shirley
Mr. Ramsden,N,3,17,Shirley
Mr. Ramsden,C,1,17,Shirley
Mr. Ramsden,I,1,17,Shirley
Mr. Ramsden,A,1,17,Shirley
Mr. Ramsden,DC,0,17,Shirley
Mr. Ramsden,DN,1,17,Shirley
Mr. Sykes,N,0,17,Shirley
Mr. Sykes,C,0,17,Shirley
Mr. Sykes,I,0,17,Shirley
Mr. Sykes,A,0,17,Shirley
Mr. Sykes,DC,0,17,Shirley
Mr. Sykes,DN,0,17,Shirley
Mr. Sympson,N,0,17,Shirley
Mr. Sympson,C,0,17,Shirley
Mr. Sympson,I,0,17,Shirley
Mr. Sympson,A,0,17,Shirley
Mr. Sympson,DC,0,17,Shirley
Mr. Sympson,DN,0,17,Shirley
Mr. Wynne,N,10,17,Shirley
Mr. Wynne,C,0,17,Shirley
Mr. Wynne,I,1,17,Shirley
Mr. Wynne,A,4,17,Shirley
Mr. Wynne,DC,1,17,Shirley
Mr. Wynne,DN,1,17,Shirley
Mr. Yorke,N,0,17,Shirley
Mr. Yorke,C,0,17,Shirley
Mr. Yorke,I,0,17,Shirley
Mr. Yorke,A,0,17,Shirley
Mr. Yorke,DC,0,17,Shirley
Mr. Yorke,DN,0,17,Shirley
Mrs. Gale,N,0,17,Shirley
Mrs. Gale,C,0,17,Shirley
Mrs. Gale,I,0,17,Shirley
Mrs. Gale,A,0,17,Shirley
Mrs. Gale,DC,0,17,Shirley
Mrs. Gale,DN,0,17,Shirley
Mrs. Gill,N,0,17,Shirley
Mrs. Gill,C,0,17,Shirley
Mrs. Gill,I,0,17,Shirley
Mrs. Gill,A,0,17,Shirley
Mrs. Gill,DC,0,17,Shirley
Mrs. Gill,DN,0,17,Shirley
Mrs. Hardman,N,0,17,Shirley
Mrs. Hardman,C,0,17,Shirley
Mrs. Hardman,I,0,17,Shirley
Mrs. Hardman,A,0,17,Shirley
Mrs. Hardman,DC,0,17,Shirley
Mrs. Hardman,DN,0,17,Shirley
Mrs. Horsfall,N,0,17,Shirley
Mrs. Horsfall,C,0,17,Shirley
Mrs. Horsfall,I,0,17,Shirley
Mrs. Horsfall,A,0,17,Shirley
Mrs. Horsfall,DC,0,17,Shirley
Mrs. Horsfall,DN,0,17,Shirley
Mrs. Louis,N,0,17,Shirley
Mrs. Louis,C,0,17,Shirley
Mrs. Louis,I,0,17,Shirley
Mrs. Louis,A,0,17,Shirley
Mrs. Louis,DC,0,17,Shirley
Mrs. Louis,DN,0,17,Shirley
Mrs. Pryor,N,0,17,Shirley
Mrs. Pryor,C,0,17,Shirley
Mrs. Pryor,I,0,17,Shirley
Mrs. Pryor,A,0,17,Shirley
Mrs. Pryor,DC,0,17,Shirley
Mrs. Pryor,DN,0,17,Shirley
Mrs. Sykes,N,0,17,Shirley
Mrs. Sykes,C,0,17,Shirley
Mrs. Sykes,I,0,17,Shirley
Mrs. Sykes,A,0,17,Shirley
Mrs. Sykes,DC,0,17,Shirley
Mrs. Sykes,DN,0,17,Shirley
Mrs. Yorke,N,0,17,Shirley
Mrs. Yorke,C,0,17,Shirley
Mrs. Yorke,I,0,17,Shirley
Mrs. Yorke,A,0,17,Shirley
Mrs. Yorke,DC,0,17,Shirley
Mrs. Yorke,DN,0,17,Shirley
Murgatroyd,N,0,17,Shirley
Murgatroyd,C,0,17,Shirley
Murgatroyd,I,0,17,Shirley
Murgatroyd,A,0,17,Shirley
Murgatroyd,DC,0,17,Shirley
Murgatroyd,DN,0,17,Shirley
Napoleon,N,0,17,Shirley
Napoleon,C,0,17,Shirley
Napoleon,I,0,17,Shirley
Napoleon,A,0,17,Shirley
Napoleon,DC,0,17,Shirley
Napoleon,DN,0,17,Shirley
Nature,N,0,17,Shirley
Nature,C,0,17,Shirley
Nature,I,0,17,Shirley
Nature,A,0,17,Shirley
Nature,DC,0,17,Shirley
Nature,DN,0,17,Shirley
Pearson,N,0,17,Shirley
Pearson,C,0,17,Shirley
Pearson,I,0,17,Shirley
Pearson,A,0,17,Shirley
Pearson,DC,0,17,Shirley
Pearson,DN,0,17,Shirley
Peg Woffington.= CHARLES READE,N,0,17,Shirley
Peg Woffington.= CHARLES READE,C,0,17,Shirley
Peg Woffington.= CHARLES READE,I,0,17,Shirley
Peg Woffington.= CHARLES READE,A,0,17,Shirley
Peg Woffington.= CHARLES READE,DC,0,17,Shirley
Peg Woffington.= CHARLES READE,DN,0,17,Shirley
Peter,N,0,17,Shirley
Peter,C,0,17,Shirley
Peter,I,0,17,Shirley
Peter,A,0,17,Shirley
Peter,DC,0,17,Shirley
Peter,DN,0,17,Shirley
Phœbe,N,0,17,Shirley
Phœbe,C,0,17,Shirley
Phœbe,I,0,17,Shirley
Phœbe,A,0,17,Shirley
Phœbe,DC,0,17,Shirley
Phœbe,DN,0,17,Shirley
Providence,N,0,17,Shirley
Providence,C,0,17,Shirley
Providence,I,0,17,Shirley
Providence,A,0,17,Shirley
Providence,DC,0,17,Shirley
Providence,DN,0,17,Shirley
Robert,N,12,17,Shirley
Robert,C,10,17,Shirley
Robert,I,12,17,Shirley
Robert,A,15,17,Shirley
Robert,DC,14,17,Shirley
Robert,DN,0,17,Shirley
Rose,N,0,17,Shirley
Rose,C,0,17,Shirley
Rose,I,0,17,Shirley
Rose,A,0,17,Shirley
Rose,DC,0,17,Shirley
Rose,DN,0,17,Shirley
Sarah,N,0,17,Shirley
Sarah,C,0,17,Shirley
Sarah,I,0,17,Shirley
Sarah,A,0,17,Shirley
Sarah,DC,0,17,Shirley
Sarah,DN,0,17,Shirley
Saturnia,N,0,17,Shirley
Saturnia,C,0,17,Shirley
Saturnia,I,0,17,Shirley
Saturnia,A,0,17,Shirley
Saturnia,DC,0,17,Shirley
Saturnia,DN,0,17,Shirley
Shakespeare,N,0,17,Shirley
Shakespeare,C,0,17,Shirley
Shakespeare,I,0,17,Shirley
Shakespeare,A,0,17,Shirley
Shakespeare,DC,0,17,Shirley
Shakespeare,DN,0,17,Shirley
Shirley,N,54,17,Shirley
Shirley,C,68,17,Shirley
Shirley,I,24,17,Shirley
Shirley,A,23,17,Shirley
Shirley,DC,5,17,Shirley
Shirley,DN,2,17,Shirley
Sir Philip,N,0,17,Shirley
Sir Philip,C,0,17,Shirley
Sir Philip,I,0,17,Shirley
Sir Philip,A,0,17,Shirley
Sir Philip,DC,0,17,Shirley
Sir Philip,DN,0,17,Shirley
Sir Walter Scott,N,0,17,Shirley
Sir Walter Scott,C,0,17,Shirley
Sir Walter Scott,I,0,17,Shirley
Sir Walter Scott,A,0,17,Shirley
Sir Walter Scott,DC,0,17,Shirley
Sir Walter Scott,DN,0,17,Shirley
Sister,N,0,17,Shirley
Sister,C,0,17,Shirley
Sister,I,0,17,Shirley
Sister,A,0,17,Shirley
Sister,DC,0,17,Shirley
Sister,DN,0,17,Shirley
St. Paul,N,0,17,Shirley
St. Paul,C,0,17,Shirley
St. Paul,I,0,17,Shirley
St. Paul,A,0,17,Shirley
St. Paul,DC,0,17,Shirley
St. Paul,DN,0,17,Shirley
Stilbro,N,0,17,Shirley
Stilbro,C,0,17,Shirley
Stilbro,I,0,17,Shirley
Stilbro,A,0,17,Shirley
Stilbro,DC,0,17,Shirley
Stilbro,DN,0,17,Shirley
Sudgen,N,0,17,Shirley
Sudgen,C,0,17,Shirley
Sudgen,I,0,17,Shirley
Sudgen,A,0,17,Shirley
Sudgen,DC,0,17,Shirley
Sudgen,DN,0,17,Shirley
Sugden,N,0,17,Shirley
Sugden,C,0,17,Shirley
Sugden,I,0,17,Shirley
Sugden,A,0,17,Shirley
Sugden,DC,0,17,Shirley
Sugden,DN,0,17,Shirley
Sweeting,N,0,17,Shirley
Sweeting,C,0,17,Shirley
Sweeting,I,0,17,Shirley
Sweeting,A,0,17,Shirley
Sweeting,DC,0,17,Shirley
Sweeting,DN,0,17,Shirley
Tartar,N,0,17,Shirley
Tartar,C,0,17,Shirley
Tartar,I,0,17,Shirley
Tartar,A,0,17,Shirley
Tartar,DC,0,17,Shirley
Tartar,DN,0,17,Shirley
The Cossack,N,0,17,Shirley
The Cossack,C,0,17,Shirley
The Cossack,I,0,17,Shirley
The Cossack,A,0,17,Shirley
The Cossack,DC,0,17,Shirley
The Cossack,DN,0,17,Shirley
These Oreads,N,0,17,Shirley
These Oreads,C,0,17,Shirley
These Oreads,I,0,17,Shirley
These Oreads,A,0,17,Shirley
These Oreads,DC,0,17,Shirley
These Oreads,DN,0,17,Shirley
Tom Cringle,N,0,17,Shirley
Tom Cringle,C,0,17,Shirley
Tom Cringle,I,0,17,Shirley
Tom Cringle,A,0,17,Shirley
Tom Cringle,DC,0,17,Shirley
Tom Cringle,DN,0,17,Shirley
Uncle,N,0,17,Shirley
Uncle,C,0,17,Shirley
Uncle,I,0,17,Shirley
Uncle,A,0,17,Shirley
Uncle,DC,0,17,Shirley
Uncle,DN,0,17,Shirley
VICTOR HUGO,N,0,17,Shirley
VICTOR HUGO,C,0,17,Shirley
VICTOR HUGO,I,0,17,Shirley
VICTOR HUGO,A,0,17,Shirley
VICTOR HUGO,DC,0,17,Shirley
VICTOR HUGO,DN,0,17,Shirley
Whinbury,N,1,17,Shirley
Whinbury,C,0,17,Shirley
Whinbury,I,0,17,Shirley
Whinbury,A,0,17,Shirley
Whinbury,DC,0,17,Shirley
Whinbury,DN,0,17,Shirley
William,N,0,17,Shirley
William,C,0,17,Shirley
William,I,0,17,Shirley
William,A,0,17,Shirley
William,DC,0,17,Shirley
William,DN,0,17,Shirley
mademoiselle,N,0,17,Shirley
mademoiselle,C,0,17,Shirley
mademoiselle,I,0,17,Shirley
mademoiselle,A,0,17,Shirley
mademoiselle,DC,0,17,Shirley
mademoiselle,DN,0,17,Shirley
old Lady Nunnely,N,0,17,Shirley
old Lady Nunnely,C,0,17,Shirley
old Lady Nunnely,I,0,17,Shirley
old Lady Nunnely,A,0,17,Shirley
old Lady Nunnely,DC,0,17,Shirley
old Lady Nunnely,DN,0,17,Shirley
old Queen Charlotte,N,0,17,Shirley
old Queen Charlotte,C,0,17,Shirley
old Queen Charlotte,I,0,17,Shirley
old Queen Charlotte,A,0,17,Shirley
old Queen Charlotte,DC,0,17,Shirley
old Queen Charlotte,DN,0,17,Shirley
the Misses Sykes,N,0,17,Shirley
the Misses Sykes,C,0,17,Shirley
the Misses Sykes,I,0,17,Shirley
the Misses Sykes,A,0,17,Shirley
the Misses Sykes,DC,0,17,Shirley
the Misses Sykes,DN,0,17,Shirley
the Misses Sympson,N,0,17,Shirley
the Misses Sympson,C,0,17,Shirley
the Misses Sympson,I,0,17,Shirley
the Misses Sympson,A,0,17,Shirley
the Misses Sympson,DC,0,17,Shirley
the Misses Sympson,DN,0,17,Shirley
the Moores,N,0,17,Shirley
the Moores,C,0,17,Shirley
the Moores,I,0,17,Shirley
the Moores,A,0,17,Shirley
the Moores,DC,0,17,Shirley
the Moores,DN,0,17,Shirley
the Sympsons,N,0,17,Shirley
the Sympsons,C,0,17,Shirley
the Sympsons,I,0,17,Shirley
the Sympsons,A,0,17,Shirley
the Sympsons,DC,0,17,Shirley
the Sympsons,DN,0,17,Shirley
Abraham,N,0,18,Shirley
Abraham,C,0,18,Shirley
Abraham,I,0,18,Shirley
Abraham,A,0,18,Shirley
Abraham,DC,0,18,Shirley
Abraham,DN,0,18,Shirley
Adam,N,5,18,Shirley
Adam,C,0,18,Shirley
Adam,I,2,18,Shirley
Adam,A,1,18,Shirley
Adam,DC,7,18,Shirley
Adam,DN,0,18,Shirley
Bob,N,0,18,Shirley
Bob,C,0,18,Shirley
Bob,I,0,18,Shirley
Bob,A,0,18,Shirley
Bob,DC,0,18,Shirley
Bob,DN,0,18,Shirley
Bonaparte,N,0,18,Shirley
Bonaparte,C,0,18,Shirley
Bonaparte,I,0,18,Shirley
Bonaparte,A,0,18,Shirley
Bonaparte,DC,0,18,Shirley
Bonaparte,DN,0,18,Shirley
Boultby,N,0,18,Shirley
Boultby,C,0,18,Shirley
Boultby,I,0,18,Shirley
Boultby,A,0,18,Shirley
Boultby,DC,0,18,Shirley
Boultby,DN,0,18,Shirley
Briarmains,N,0,18,Shirley
Briarmains,C,0,18,Shirley
Briarmains,I,0,18,Shirley
Briarmains,A,0,18,Shirley
Briarmains,DC,0,18,Shirley
Briarmains,DN,0,18,Shirley
CHARLES DICKENS,N,0,18,Shirley
CHARLES DICKENS,C,0,18,Shirley
CHARLES DICKENS,I,0,18,Shirley
CHARLES DICKENS,A,0,18,Shirley
CHARLES DICKENS,DC,0,18,Shirley
CHARLES DICKENS,DN,0,18,Shirley
Captain Keeldar,N,0,18,Shirley
Captain Keeldar,C,0,18,Shirley
Captain Keeldar,I,0,18,Shirley
Captain Keeldar,A,0,18,Shirley
Captain Keeldar,DC,0,18,Shirley
Captain Keeldar,DN,0,18,Shirley
Caroline,N,17,18,Shirley
Caroline,C,11,18,Shirley
Caroline,I,14,18,Shirley
Caroline,A,23,18,Shirley
Caroline,DC,20,18,Shirley
Caroline,DN,1,18,Shirley
"Caroline--""She",N,0,18,Shirley
"Caroline--""She",C,0,18,Shirley
"Caroline--""She",I,0,18,Shirley
"Caroline--""She",A,0,18,Shirley
"Caroline--""She",DC,0,18,Shirley
"Caroline--""She",DN,0,18,Shirley
Cary,N,2,18,Shirley
Cary,C,0,18,Shirley
Cary,I,0,18,Shirley
Cary,A,0,18,Shirley
Cary,DC,3,18,Shirley
Cary,DN,0,18,Shirley
Castlereagh,N,0,18,Shirley
Castlereagh,C,0,18,Shirley
Castlereagh,I,0,18,Shirley
Castlereagh,A,0,18,Shirley
Castlereagh,DC,0,18,Shirley
Castlereagh,DN,0,18,Shirley
Chénier,N,0,18,Shirley
Chénier,C,0,18,Shirley
Chénier,I,0,18,Shirley
Chénier,A,0,18,Shirley
Chénier,DC,0,18,Shirley
Chénier,DN,0,18,Shirley
Coriolanus,N,0,18,Shirley
Coriolanus,C,0,18,Shirley
Coriolanus,I,0,18,Shirley
Coriolanus,A,0,18,Shirley
Coriolanus,DC,0,18,Shirley
Coriolanus,DN,0,18,Shirley
Cowper,N,1,18,Shirley
Cowper,C,0,18,Shirley
Cowper,I,0,18,Shirley
Cowper,A,0,18,Shirley
Cowper,DC,0,18,Shirley
Cowper,DN,0,18,Shirley
Cyril Hall,N,0,18,Shirley
Cyril Hall,C,0,18,Shirley
Cyril Hall,I,0,18,Shirley
Cyril Hall,A,0,18,Shirley
Cyril Hall,DC,0,18,Shirley
Cyril Hall,DN,0,18,Shirley
Daniel,N,0,18,Shirley
Daniel,C,0,18,Shirley
Daniel,I,0,18,Shirley
Daniel,A,0,18,Shirley
Daniel,DC,0,18,Shirley
Daniel,DN,0,18,Shirley
Davy,N,0,18,Shirley
Davy,C,0,18,Shirley
Davy,I,0,18,Shirley
Davy,A,0,18,Shirley
Davy,DC,0,18,Shirley
Davy,DN,0,18,Shirley
Donne,N,5,18,Shirley
Donne,C,0,18,Shirley
Donne,I,0,18,Shirley
Donne,A,0,18,Shirley
Donne,DC,6,18,Shirley
Donne,DN,0,18,Shirley
Dora,N,0,18,Shirley
Dora,C,0,18,Shirley
Dora,I,0,18,Shirley
Dora,A,0,18,Shirley
Dora,DC,0,18,Shirley
Dora,DN,0,18,Shirley
Dr. Boultby,N,1,18,Shirley
Dr. Boultby,C,0,18,Shirley
Dr. Boultby,I,0,18,Shirley
Dr. Boultby,A,1,18,Shirley
Dr. Boultby,DC,1,18,Shirley
Dr. Boultby,DN,0,18,Shirley
Eliza,N,0,18,Shirley
Eliza,C,0,18,Shirley
Eliza,I,0,18,Shirley
Eliza,A,0,18,Shirley
Eliza,DC,0,18,Shirley
Eliza,DN,0,18,Shirley
Eva,N,0,18,Shirley
Eva,C,0,18,Shirley
Eva,I,0,18,Shirley
Eva,A,0,18,Shirley
Eva,DC,0,18,Shirley
Eva,DN,0,18,Shirley
Eve,N,5,18,Shirley
Eve,C,0,18,Shirley
Eve,I,1,18,Shirley
Eve,A,0,18,Shirley
Eve,DC,5,18,Shirley
Eve,DN,0,18,Shirley
Fanny,N,0,18,Shirley
Fanny,C,0,18,Shirley
Fanny,I,0,18,Shirley
Fanny,A,0,18,Shirley
Fanny,DC,0,18,Shirley
Fanny,DN,0,18,Shirley
Farrens,N,0,18,Shirley
Farrens,C,0,18,Shirley
Farrens,I,0,18,Shirley
Farrens,A,0,18,Shirley
Farrens,DC,0,18,Shirley
Farrens,DN,0,18,Shirley
Fieldhead,N,0,18,Shirley
Fieldhead,C,0,18,Shirley
Fieldhead,I,0,18,Shirley
Fieldhead,A,0,18,Shirley
Fieldhead,DC,0,18,Shirley
Fieldhead,DN,0,18,Shirley
Fortune,N,0,18,Shirley
Fortune,C,0,18,Shirley
Fortune,I,0,18,Shirley
Fortune,A,0,18,Shirley
Fortune,DC,0,18,Shirley
Fortune,DN,0,18,Shirley
God,N,2,18,Shirley
God,C,0,18,Shirley
God,I,0,18,Shirley
God,A,0,18,Shirley
God,DC,2,18,Shirley
God,DN,0,18,Shirley
Grace,N,0,18,Shirley
Grace,C,0,18,Shirley
Grace,I,0,18,Shirley
Grace,A,0,18,Shirley
Grace,DC,0,18,Shirley
Grace,DN,0,18,Shirley
Hannah,N,0,18,Shirley
Hannah,C,0,18,Shirley
Hannah,I,0,18,Shirley
Hannah,A,0,18,Shirley
Hannah,DC,0,18,Shirley
Hannah,DN,0,18,Shirley
Harriet,N,0,18,Shirley
Harriet,C,0,18,Shirley
Harriet,I,0,18,Shirley
Harriet,A,0,18,Shirley
Harriet,DC,0,18,Shirley
Harriet,DN,0,18,Shirley
Helstone,N,0,18,Shirley
Helstone,C,0,18,Shirley
Helstone,I,0,18,Shirley
Helstone,A,0,18,Shirley
Helstone,DC,0,18,Shirley
Helstone,DN,0,18,Shirley
Henry,N,1,18,Shirley
Henry,C,0,18,Shirley
Henry,I,0,18,Shirley
Henry,A,1,18,Shirley
Henry,DC,1,18,Shirley
Henry,DN,0,18,Shirley
Hiram Yorke,N,0,18,Shirley
Hiram Yorke,C,0,18,Shirley
Hiram Yorke,I,0,18,Shirley
Hiram Yorke,A,0,18,Shirley
Hiram Yorke,DC,0,18,Shirley
Hiram Yorke,DN,0,18,Shirley
Hollow,N,0,18,Shirley
Hollow,C,0,18,Shirley
Hollow,I,0,18,Shirley
Hollow,A,0,18,Shirley
Hollow,DC,0,18,Shirley
Hollow,DN,0,18,Shirley
Hortense,N,0,18,Shirley
Hortense,C,0,18,Shirley
Hortense,I,0,18,Shirley
Hortense,A,0,18,Shirley
Hortense,DC,0,18,Shirley
Hortense,DN,0,18,Shirley
Isabella,N,0,18,Shirley
Isabella,C,0,18,Shirley
Isabella,I,0,18,Shirley
Isabella,A,0,18,Shirley
Isabella,DC,0,18,Shirley
Isabella,DN,0,18,Shirley
James,N,0,18,Shirley
James,C,0,18,Shirley
James,I,0,18,Shirley
James,A,0,18,Shirley
James,DC,0,18,Shirley
James,DN,0,18,Shirley
Jessy,N,0,18,Shirley
Jessy,C,0,18,Shirley
Jessy,I,0,18,Shirley
Jessy,A,0,18,Shirley
Jessy,DC,0,18,Shirley
Jessy,DN,0,18,Shirley
Joe,N,25,18,Shirley
Joe,C,21,18,Shirley
Joe,I,16,18,Shirley
Joe,A,8,18,Shirley
Joe,DC,18,18,Shirley
Joe,DN,0,18,Shirley
John,N,5,18,Shirley
John,C,0,18,Shirley
John,I,4,18,Shirley
John,A,2,18,Shirley
John,DC,12,18,Shirley
John,DN,0,18,Shirley
John Wesley,N,0,18,Shirley
John Wesley,C,0,18,Shirley
John Wesley,I,0,18,Shirley
John Wesley,A,0,18,Shirley
John Wesley,DC,0,18,Shirley
John Wesley,DN,0,18,Shirley
Lamb,N,0,18,Shirley
Lamb,C,0,18,Shirley
Lamb,I,0,18,Shirley
Lamb,A,0,18,Shirley
Lamb,DC,0,18,Shirley
Lamb,DN,0,18,Shirley
Lina,N,0,18,Shirley
Lina,C,0,18,Shirley
Lina,I,0,18,Shirley
Lina,A,0,18,Shirley
Lina,DC,0,18,Shirley
Lina,DN,0,18,Shirley
Lord Wellington,N,0,18,Shirley
Lord Wellington,C,0,18,Shirley
Lord Wellington,I,0,18,Shirley
Lord Wellington,A,0,18,Shirley
Lord Wellington,DC,0,18,Shirley
Lord Wellington,DN,0,18,Shirley
Louis,N,0,18,Shirley
Louis,C,0,18,Shirley
Louis,I,0,18,Shirley
Louis,A,0,18,Shirley
Louis,DC,0,18,Shirley
Louis,DN,0,18,Shirley
Lucretia,N,0,18,Shirley
Lucretia,C,0,18,Shirley
Lucretia,I,0,18,Shirley
Lucretia,A,0,18,Shirley
Lucretia,DC,0,18,Shirley
Lucretia,DN,0,18,Shirley
MATTERS,N,0,18,Shirley
MATTERS,C,0,18,Shirley
MATTERS,I,0,18,Shirley
MATTERS,A,0,18,Shirley
MATTERS,DC,0,18,Shirley
MATTERS,DN,0,18,Shirley
MacTurk,N,0,18,Shirley
MacTurk,C,0,18,Shirley
MacTurk,I,0,18,Shirley
MacTurk,A,0,18,Shirley
MacTurk,DC,0,18,Shirley
MacTurk,DN,0,18,Shirley
Malone,N,2,18,Shirley
Malone,C,0,18,Shirley
Malone,I,0,18,Shirley
Malone,A,0,18,Shirley
Malone,DC,2,18,Shirley
Malone,DN,0,18,Shirley
Malone.--I,N,0,18,Shirley
Malone.--I,C,0,18,Shirley
Malone.--I,I,0,18,Shirley
Malone.--I,A,0,18,Shirley
Malone.--I,DC,0,18,Shirley
Malone.--I,DN,0,18,Shirley
Mamma,N,0,18,Shirley
Mamma,C,0,18,Shirley
Mamma,I,0,18,Shirley
Mamma,A,0,18,Shirley
Mamma,DC,0,18,Shirley
Mamma,DN,0,18,Shirley
Margaret,N,0,18,Shirley
Margaret,C,0,18,Shirley
Margaret,I,0,18,Shirley
Margaret,A,0,18,Shirley
Margaret,DC,0,18,Shirley
Margaret,DN,0,18,Shirley
Mark,N,0,18,Shirley
Mark,C,0,18,Shirley
Mark,I,0,18,Shirley
Mark,A,0,18,Shirley
Mark,DC,0,18,Shirley
Mark,DN,0,18,Shirley
Martin,N,0,18,Shirley
Martin,C,0,18,Shirley
Martin,I,0,18,Shirley
Martin,A,0,18,Shirley
Martin,DC,0,18,Shirley
Martin,DN,0,18,Shirley
Mary,N,0,18,Shirley
Mary,C,0,18,Shirley
Mary,I,0,18,Shirley
Mary,A,0,18,Shirley
Mary,DC,0,18,Shirley
Mary,DN,0,18,Shirley
Mary Ann Ainley,N,0,18,Shirley
Mary Ann Ainley,C,0,18,Shirley
Mary Ann Ainley,I,0,18,Shirley
Mary Ann Ainley,A,0,18,Shirley
Mary Ann Ainley,DC,0,18,Shirley
Mary Ann Ainley,DN,0,18,Shirley
Matthew,N,0,18,Shirley
Matthew,C,0,18,Shirley
Matthew,I,0,18,Shirley
Matthew,A,0,18,Shirley
Matthew,DC,0,18,Shirley
Matthew,DN,0,18,Shirley
Matthewson Helstone,N,0,18,Shirley
Matthewson Helstone,C,0,18,Shirley
Matthewson Helstone,I,0,18,Shirley
Matthewson Helstone,A,0,18,Shirley
Matthewson Helstone,DC,0,18,Shirley
Matthewson Helstone,DN,0,18,Shirley
Mike,N,1,18,Shirley
Mike,C,0,18,Shirley
Mike,I,0,18,Shirley
Mike,A,0,18,Shirley
Mike,DC,1,18,Shirley
Mike,DN,0,18,Shirley
Miss Ainley,N,0,18,Shirley
Miss Ainley,C,0,18,Shirley
Miss Ainley,I,0,18,Shirley
Miss Ainley,A,0,18,Shirley
Miss Ainley,DC,0,18,Shirley
Miss Ainley,DN,0,18,Shirley
Miss Austen,N,0,18,Shirley
Miss Austen,C,0,18,Shirley
Miss Austen,I,0,18,Shirley
Miss Austen,A,0,18,Shirley
Miss Austen,DC,0,18,Shirley
Miss Austen,DN,0,18,Shirley
Miss Cave,N,0,18,Shirley
Miss Cave,C,0,18,Shirley
Miss Cave,I,0,18,Shirley
Miss Cave,A,0,18,Shirley
Miss Cave,DC,0,18,Shirley
Miss Cave,DN,0,18,Shirley
Miss Grey,N,0,18,Shirley
Miss Grey,C,0,18,Shirley
Miss Grey,I,0,18,Shirley
Miss Grey,A,0,18,Shirley
Miss Grey,DC,0,18,Shirley
Miss Grey,DN,0,18,Shirley
Miss Hardman,N,0,18,Shirley
Miss Hardman,C,0,18,Shirley
Miss Hardman,I,0,18,Shirley
Miss Hardman,A,0,18,Shirley
Miss Hardman,DC,0,18,Shirley
Miss Hardman,DN,0,18,Shirley
Miss Mann,N,0,18,Shirley
Miss Mann,C,0,18,Shirley
Miss Mann,I,0,18,Shirley
Miss Mann,A,0,18,Shirley
Miss Mann,DC,0,18,Shirley
Miss Mann,DN,0,18,Shirley
Miss Mary,N,0,18,Shirley
Miss Mary,C,0,18,Shirley
Miss Mary,I,0,18,Shirley
Miss Mary,A,0,18,Shirley
Miss Mary,DC,0,18,Shirley
Miss Mary,DN,0,18,Shirley
Miss Moore,N,0,18,Shirley
Miss Moore,C,0,18,Shirley
Miss Moore,I,0,18,Shirley
Miss Moore,A,0,18,Shirley
Miss Moore,DC,0,18,Shirley
Miss Moore,DN,0,18,Shirley
Miss Pearson,N,0,18,Shirley
Miss Pearson,C,0,18,Shirley
Miss Pearson,I,0,18,Shirley
Miss Pearson,A,0,18,Shirley
Miss Pearson,DC,0,18,Shirley
Miss Pearson,DN,0,18,Shirley
Moore,N,0,18,Shirley
Moore,C,0,18,Shirley
Moore,I,0,18,Shirley
Moore,A,0,18,Shirley
Moore,DC,0,18,Shirley
Moore,DN,0,18,Shirley
Moses,N,0,18,Shirley
Moses,C,0,18,Shirley
Moses,I,0,18,Shirley
Moses,A,0,18,Shirley
Moses,DC,0,18,Shirley
Moses,DN,0,18,Shirley
Mother,N,0,18,Shirley
Mother,C,0,18,Shirley
Mother,I,0,18,Shirley
Mother,A,0,18,Shirley
Mother,DC,0,18,Shirley
Mother,DN,0,18,Shirley
Mr. Barraclough,N,0,18,Shirley
Mr. Barraclough,C,0,18,Shirley
Mr. Barraclough,I,0,18,Shirley
Mr. Barraclough,A,0,18,Shirley
Mr. Barraclough,DC,0,18,Shirley
Mr. Barraclough,DN,0,18,Shirley
Mr. Gale,N,0,18,Shirley
Mr. Gale,C,0,18,Shirley
Mr. Gale,I,0,18,Shirley
Mr. Gale,A,0,18,Shirley
Mr. Gale,DC,0,18,Shirley
Mr. Gale,DN,0,18,Shirley
Mr. Hall,N,2,18,Shirley
Mr. Hall,C,0,18,Shirley
Mr. Hall,I,0,18,Shirley
Mr. Hall,A,0,18,Shirley
Mr. Hall,DC,2,18,Shirley
Mr. Hall,DN,0,18,Shirley
Mr. Helstone,N,0,18,Shirley
Mr. Helstone,C,0,18,Shirley
Mr. Helstone,I,0,18,Shirley
Mr. Helstone,A,0,18,Shirley
Mr. Helstone,DC,0,18,Shirley
Mr. Helstone,DN,0,18,Shirley
Mr. Moore,N,8,18,Shirley
Mr. Moore,C,0,18,Shirley
Mr. Moore,I,3,18,Shirley
Mr. Moore,A,4,18,Shirley
Mr. Moore,DC,11,18,Shirley
Mr. Moore,DN,0,18,Shirley
Mr. Moore----,N,0,18,Shirley
Mr. Moore----,C,0,18,Shirley
Mr. Moore----,I,0,18,Shirley
Mr. Moore----,A,0,18,Shirley
Mr. Moore----,DC,0,18,Shirley
Mr. Moore----,DN,0,18,Shirley
Mr. Ramsden,N,0,18,Shirley
Mr. Ramsden,C,0,18,Shirley
Mr. Ramsden,I,0,18,Shirley
Mr. Ramsden,A,0,18,Shirley
Mr. Ramsden,DC,0,18,Shirley
Mr. Ramsden,DN,0,18,Shirley
Mr. Sykes,N,0,18,Shirley
Mr. Sykes,C,0,18,Shirley
Mr. Sykes,I,0,18,Shirley
Mr. Sykes,A,0,18,Shirley
Mr. Sykes,DC,0,18,Shirley
Mr. Sykes,DN,0,18,Shirley
Mr. Sympson,N,0,18,Shirley
Mr. Sympson,C,0,18,Shirley
Mr. Sympson,I,0,18,Shirley
Mr. Sympson,A,0,18,Shirley
Mr. Sympson,DC,0,18,Shirley
Mr. Sympson,DN,0,18,Shirley
Mr. Wynne,N,0,18,Shirley
Mr. Wynne,C,0,18,Shirley
Mr. Wynne,I,0,18,Shirley
Mr. Wynne,A,0,18,Shirley
Mr. Wynne,DC,0,18,Shirley
Mr. Wynne,DN,0,18,Shirley
Mr. Yorke,N,3,18,Shirley
Mr. Yorke,C,0,18,Shirley
Mr. Yorke,I,1,18,Shirley
Mr. Yorke,A,0,18,Shirley
Mr. Yorke,DC,2,18,Shirley
Mr. Yorke,DN,0,18,Shirley
Mrs. Gale,N,0,18,Shirley
Mrs. Gale,C,0,18,Shirley
Mrs. Gale,I,0,18,Shirley
Mrs. Gale,A,0,18,Shirley
Mrs. Gale,DC,0,18,Shirley
Mrs. Gale,DN,0,18,Shirley
Mrs. Gill,N,2,18,Shirley
Mrs. Gill,C,0,18,Shirley
Mrs. Gill,I,0,18,Shirley
Mrs. Gill,A,0,18,Shirley
Mrs. Gill,DC,2,18,Shirley
Mrs. Gill,DN,0,18,Shirley
Mrs. Hardman,N,0,18,Shirley
Mrs. Hardman,C,0,18,Shirley
Mrs. Hardman,I,0,18,Shirley
Mrs. Hardman,A,0,18,Shirley
Mrs. Hardman,DC,0,18,Shirley
Mrs. Hardman,DN,0,18,Shirley
Mrs. Horsfall,N,0,18,Shirley
Mrs. Horsfall,C,0,18,Shirley
Mrs. Horsfall,I,0,18,Shirley
Mrs. Horsfall,A,0,18,Shirley
Mrs. Horsfall,DC,0,18,Shirley
Mrs. Horsfall,DN,0,18,Shirley
Mrs. Louis,N,0,18,Shirley
Mrs. Louis,C,0,18,Shirley
Mrs. Louis,I,0,18,Shirley
Mrs. Louis,A,0,18,Shirley
Mrs. Louis,DC,0,18,Shirley
Mrs. Louis,DN,0,18,Shirley
Mrs. Pryor,N,0,18,Shirley
Mrs. Pryor,C,0,18,Shirley
Mrs. Pryor,I,0,18,Shirley
Mrs. Pryor,A,0,18,Shirley
Mrs. Pryor,DC,0,18,Shirley
Mrs. Pryor,DN,0,18,Shirley
Mrs. Sykes,N,0,18,Shirley
Mrs. Sykes,C,0,18,Shirley
Mrs. Sykes,I,0,18,Shirley
Mrs. Sykes,A,0,18,Shirley
Mrs. Sykes,DC,0,18,Shirley
Mrs. Sykes,DN,0,18,Shirley
Mrs. Yorke,N,0,18,Shirley
Mrs. Yorke,C,0,18,Shirley
Mrs. Yorke,I,0,18,Shirley
Mrs. Yorke,A,0,18,Shirley
Mrs. Yorke,DC,0,18,Shirley
Mrs. Yorke,DN,0,18,Shirley
Murgatroyd,N,0,18,Shirley
Murgatroyd,C,0,18,Shirley
Murgatroyd,I,0,18,Shirley
Murgatroyd,A,0,18,Shirley
Murgatroyd,DC,0,18,Shirley
Murgatroyd,DN,0,18,Shirley
Napoleon,N,0,18,Shirley
Napoleon,C,0,18,Shirley
Napoleon,I,0,18,Shirley
Napoleon,A,0,18,Shirley
Napoleon,DC,0,18,Shirley
Napoleon,DN,0,18,Shirley
Nature,N,0,18,Shirley
Nature,C,0,18,Shirley
Nature,I,0,18,Shirley
Nature,A,0,18,Shirley
Nature,DC,0,18,Shirley
Nature,DN,0,18,Shirley
Pearson,N,0,18,Shirley
Pearson,C,0,18,Shirley
Pearson,I,0,18,Shirley
Pearson,A,0,18,Shirley
Pearson,DC,0,18,Shirley
Pearson,DN,0,18,Shirley
Peg Woffington.= CHARLES READE,N,0,18,Shirley
Peg Woffington.= CHARLES READE,C,0,18,Shirley
Peg Woffington.= CHARLES READE,I,0,18,Shirley
Peg Woffington.= CHARLES READE,A,0,18,Shirley
Peg Woffington.= CHARLES READE,DC,0,18,Shirley
Peg Woffington.= CHARLES READE,DN,0,18,Shirley
Peter,N,0,18,Shirley
Peter,C,0,18,Shirley
Peter,I,0,18,Shirley
Peter,A,0,18,Shirley
Peter,DC,0,18,Shirley
Peter,DN,0,18,Shirley
Phœbe,N,0,18,Shirley
Phœbe,C,0,18,Shirley
Phœbe,I,0,18,Shirley
Phœbe,A,0,18,Shirley
Phœbe,DC,0,18,Shirley
Phœbe,DN,0,18,Shirley
Providence,N,0,18,Shirley
Providence,C,0,18,Shirley
Providence,I,0,18,Shirley
Providence,A,0,18,Shirley
Providence,DC,0,18,Shirley
Providence,DN,0,18,Shirley
Robert,N,0,18,Shirley
Robert,C,0,18,Shirley
Robert,I,0,18,Shirley
Robert,A,0,18,Shirley
Robert,DC,0,18,Shirley
Robert,DN,0,18,Shirley
Rose,N,0,18,Shirley
Rose,C,0,18,Shirley
Rose,I,0,18,Shirley
Rose,A,0,18,Shirley
Rose,DC,0,18,Shirley
Rose,DN,0,18,Shirley
Sarah,N,0,18,Shirley
Sarah,C,0,18,Shirley
Sarah,I,0,18,Shirley
Sarah,A,0,18,Shirley
Sarah,DC,0,18,Shirley
Sarah,DN,0,18,Shirley
Saturnia,N,0,18,Shirley
Saturnia,C,0,18,Shirley
Saturnia,I,0,18,Shirley
Saturnia,A,0,18,Shirley
Saturnia,DC,0,18,Shirley
Saturnia,DN,0,18,Shirley
Shakespeare,N,0,18,Shirley
Shakespeare,C,0,18,Shirley
Shakespeare,I,0,18,Shirley
Shakespeare,A,0,18,Shirley
Shakespeare,DC,0,18,Shirley
Shakespeare,DN,0,18,Shirley
Shirley,N,28,18,Shirley
Shirley,C,69,18,Shirley
Shirley,I,37,18,Shirley
Shirley,A,31,18,Shirley
Shirley,DC,4,18,Shirley
Shirley,DN,0,18,Shirley
Sir Philip,N,0,18,Shirley
Sir Philip,C,0,18,Shirley
Sir Philip,I,0,18,Shirley
Sir Philip,A,0,18,Shirley
Sir Philip,DC,0,18,Shirley
Sir Philip,DN,0,18,Shirley
Sir Walter Scott,N,0,18,Shirley
Sir Walter Scott,C,0,18,Shirley
Sir Walter Scott,I,0,18,Shirley
Sir Walter Scott,A,0,18,Shirley
Sir Walter Scott,DC,0,18,Shirley
Sir Walter Scott,DN,0,18,Shirley
Sister,N,0,18,Shirley
Sister,C,0,18,Shirley
Sister,I,0,18,Shirley
Sister,A,0,18,Shirley
Sister,DC,0,18,Shirley
Sister,DN,0,18,Shirley
St. Paul,N,2,18,Shirley
St. Paul,C,0,18,Shirley
St. Paul,I,0,18,Shirley
St. Paul,A,0,18,Shirley
St. Paul,DC,2,18,Shirley
St. Paul,DN,0,18,Shirley
Stilbro,N,0,18,Shirley
Stilbro,C,0,18,Shirley
Stilbro,I,0,18,Shirley
Stilbro,A,0,18,Shirley
Stilbro,DC,0,18,Shirley
Stilbro,DN,0,18,Shirley
Sudgen,N,0,18,Shirley
Sudgen,C,0,18,Shirley
Sudgen,I,0,18,Shirley
Sudgen,A,0,18,Shirley
Sudgen,DC,0,18,Shirley
Sudgen,DN,0,18,Shirley
Sugden,N,0,18,Shirley
Sugden,C,0,18,Shirley
Sugden,I,0,18,Shirley
Sugden,A,0,18,Shirley
Sugden,DC,0,18,Shirley
Sugden,DN,0,18,Shirley
Sweeting,N,0,18,Shirley
Sweeting,C,0,18,Shirley
Sweeting,I,0,18,Shirley
Sweeting,A,0,18,Shirley
Sweeting,DC,0,18,Shirley
Sweeting,DN,0,18,Shirley
Tartar,N,0,18,Shirley
Tartar,C,0,18,Shirley
Tartar,I,0,18,Shirley
Tartar,A,0,18,Shirley
Tartar,DC,0,18,Shirley
Tartar,DN,0,18,Shirley
The Cossack,N,0,18,Shirley
The Cossack,C,0,18,Shirley
The Cossack,I,0,18,Shirley
The Cossack,A,0,18,Shirley
The Cossack,DC,0,18,Shirley
The Cossack,DN,0,18,Shirley
These Oreads,N,0,18,Shirley
These Oreads,C,0,18,Shirley
These Oreads,I,0,18,Shirley
These Oreads,A,0,18,Shirley
These Oreads,DC,0,18,Shirley
These Oreads,DN,0,18,Shirley
Tom Cringle,N,0,18,Shirley
Tom Cringle,C,0,18,Shirley
Tom Cringle,I,0,18,Shirley
Tom Cringle,A,0,18,Shirley
Tom Cringle,DC,0,18,Shirley
Tom Cringle,DN,0,18,Shirley
Uncle,N,0,18,Shirley
Uncle,C,0,18,Shirley
Uncle,I,0,18,Shirley
Uncle,A,0,18,Shirley
Uncle,DC,0,18,Shirley
Uncle,DN,0,18,Shirley
VICTOR HUGO,N,0,18,Shirley
VICTOR HUGO,C,0,18,Shirley
VICTOR HUGO,I,0,18,Shirley
VICTOR HUGO,A,0,18,Shirley
VICTOR HUGO,DC,0,18,Shirley
VICTOR HUGO,DN,0,18,Shirley
Whinbury,N,0,18,Shirley
Whinbury,C,0,18,Shirley
Whinbury,I,0,18,Shirley
Whinbury,A,0,18,Shirley
Whinbury,DC,0,18,Shirley
Whinbury,DN,0,18,Shirley
William,N,13,18,Shirley
William,C,3,18,Shirley
William,I,5,18,Shirley
William,A,9,18,Shirley
William,DC,15,18,Shirley
William,DN,4,18,Shirley
mademoiselle,N,0,18,Shirley
mademoiselle,C,0,18,Shirley
mademoiselle,I,0,18,Shirley
mademoiselle,A,0,18,Shirley
mademoiselle,DC,0,18,Shirley
mademoiselle,DN,0,18,Shirley
old Lady Nunnely,N,0,18,Shirley
old Lady Nunnely,C,0,18,Shirley
old Lady Nunnely,I,0,18,Shirley
old Lady Nunnely,A,0,18,Shirley
old Lady Nunnely,DC,0,18,Shirley
old Lady Nunnely,DN,0,18,Shirley
old Queen Charlotte,N,0,18,Shirley
old Queen Charlotte,C,0,18,Shirley
old Queen Charlotte,I,0,18,Shirley
old Queen Charlotte,A,0,18,Shirley
old Queen Charlotte,DC,0,18,Shirley
old Queen Charlotte,DN,0,18,Shirley
the Misses Sykes,N,0,18,Shirley
the Misses Sykes,C,0,18,Shirley
the Misses Sykes,I,0,18,Shirley
the Misses Sykes,A,0,18,Shirley
the Misses Sykes,DC,0,18,Shirley
the Misses Sykes,DN,0,18,Shirley
the Misses Sympson,N,0,18,Shirley
the Misses Sympson,C,0,18,Shirley
the Misses Sympson,I,0,18,Shirley
the Misses Sympson,A,0,18,Shirley
the Misses Sympson,DC,0,18,Shirley
the Misses Sympson,DN,0,18,Shirley
the Moores,N,0,18,Shirley
the Moores,C,0,18,Shirley
the Moores,I,0,18,Shirley
the Moores,A,0,18,Shirley
the Moores,DC,0,18,Shirley
the Moores,DN,0,18,Shirley
the Sympsons,N,0,18,Shirley
the Sympsons,C,0,18,Shirley
the Sympsons,I,0,18,Shirley
the Sympsons,A,0,18,Shirley
the Sympsons,DC,0,18,Shirley
the Sympsons,DN,0,18,Shirley
Abraham,N,0,19,Shirley
Abraham,C,0,19,Shirley
Abraham,I,0,19,Shirley
Abraham,A,0,19,Shirley
Abraham,DC,0,19,Shirley
Abraham,DN,0,19,Shirley
Adam,N,0,19,Shirley
Adam,C,0,19,Shirley
Adam,I,0,19,Shirley
Adam,A,0,19,Shirley
Adam,DC,0,19,Shirley
Adam,DN,0,19,Shirley
Bob,N,0,19,Shirley
Bob,C,0,19,Shirley
Bob,I,0,19,Shirley
Bob,A,0,19,Shirley
Bob,DC,0,19,Shirley
Bob,DN,0,19,Shirley
Bonaparte,N,0,19,Shirley
Bonaparte,C,0,19,Shirley
Bonaparte,I,0,19,Shirley
Bonaparte,A,0,19,Shirley
Bonaparte,DC,0,19,Shirley
Bonaparte,DN,0,19,Shirley
Boultby,N,0,19,Shirley
Boultby,C,0,19,Shirley
Boultby,I,0,19,Shirley
Boultby,A,0,19,Shirley
Boultby,DC,0,19,Shirley
Boultby,DN,0,19,Shirley
Briarmains,N,0,19,Shirley
Briarmains,C,0,19,Shirley
Briarmains,I,0,19,Shirley
Briarmains,A,0,19,Shirley
Briarmains,DC,0,19,Shirley
Briarmains,DN,0,19,Shirley
CHARLES DICKENS,N,0,19,Shirley
CHARLES DICKENS,C,0,19,Shirley
CHARLES DICKENS,I,0,19,Shirley
CHARLES DICKENS,A,0,19,Shirley
CHARLES DICKENS,DC,0,19,Shirley
CHARLES DICKENS,DN,0,19,Shirley
Captain Keeldar,N,0,19,Shirley
Captain Keeldar,C,0,19,Shirley
Captain Keeldar,I,0,19,Shirley
Captain Keeldar,A,0,19,Shirley
Captain Keeldar,DC,0,19,Shirley
Captain Keeldar,DN,0,19,Shirley
Caroline,N,30,19,Shirley
Caroline,C,46,19,Shirley
Caroline,I,22,19,Shirley
Caroline,A,31,19,Shirley
Caroline,DC,8,19,Shirley
Caroline,DN,1,19,Shirley
"Caroline--""She",N,0,19,Shirley
"Caroline--""She",C,0,19,Shirley
"Caroline--""She",I,0,19,Shirley
"Caroline--""She",A,0,19,Shirley
"Caroline--""She",DC,0,19,Shirley
"Caroline--""She",DN,0,19,Shirley
Cary,N,3,19,Shirley
Cary,C,0,19,Shirley
Cary,I,0,19,Shirley
Cary,A,4,19,Shirley
Cary,DC,7,19,Shirley
Cary,DN,0,19,Shirley
Castlereagh,N,0,19,Shirley
Castlereagh,C,0,19,Shirley
Castlereagh,I,0,19,Shirley
Castlereagh,A,0,19,Shirley
Castlereagh,DC,0,19,Shirley
Castlereagh,DN,0,19,Shirley
Chénier,N,0,19,Shirley
Chénier,C,0,19,Shirley
Chénier,I,0,19,Shirley
Chénier,A,0,19,Shirley
Chénier,DC,0,19,Shirley
Chénier,DN,0,19,Shirley
Coriolanus,N,0,19,Shirley
Coriolanus,C,0,19,Shirley
Coriolanus,I,0,19,Shirley
Coriolanus,A,0,19,Shirley
Coriolanus,DC,0,19,Shirley
Coriolanus,DN,0,19,Shirley
Cowper,N,0,19,Shirley
Cowper,C,0,19,Shirley
Cowper,I,0,19,Shirley
Cowper,A,0,19,Shirley
Cowper,DC,0,19,Shirley
Cowper,DN,0,19,Shirley
Cyril Hall,N,0,19,Shirley
Cyril Hall,C,0,19,Shirley
Cyril Hall,I,0,19,Shirley
Cyril Hall,A,0,19,Shirley
Cyril Hall,DC,0,19,Shirley
Cyril Hall,DN,0,19,Shirley
Daniel,N,0,19,Shirley
Daniel,C,0,19,Shirley
Daniel,I,0,19,Shirley
Daniel,A,0,19,Shirley
Daniel,DC,0,19,Shirley
Daniel,DN,0,19,Shirley
Davy,N,0,19,Shirley
Davy,C,0,19,Shirley
Davy,I,0,19,Shirley
Davy,A,0,19,Shirley
Davy,DC,0,19,Shirley
Davy,DN,0,19,Shirley
Donne,N,0,19,Shirley
Donne,C,0,19,Shirley
Donne,I,0,19,Shirley
Donne,A,0,19,Shirley
Donne,DC,0,19,Shirley
Donne,DN,0,19,Shirley
Dora,N,0,19,Shirley
Dora,C,0,19,Shirley
Dora,I,0,19,Shirley
Dora,A,0,19,Shirley
Dora,DC,0,19,Shirley
Dora,DN,0,19,Shirley
Dr. Boultby,N,1,19,Shirley
Dr. Boultby,C,0,19,Shirley
Dr. Boultby,I,0,19,Shirley
Dr. Boultby,A,1,19,Shirley
Dr. Boultby,DC,1,19,Shirley
Dr. Boultby,DN,0,19,Shirley
Eliza,N,1,19,Shirley
Eliza,C,0,19,Shirley
Eliza,I,0,19,Shirley
Eliza,A,0,19,Shirley
Eliza,DC,0,19,Shirley
Eliza,DN,0,19,Shirley
Eva,N,0,19,Shirley
Eva,C,0,19,Shirley
Eva,I,0,19,Shirley
Eva,A,0,19,Shirley
Eva,DC,0,19,Shirley
Eva,DN,0,19,Shirley
Eve,N,0,19,Shirley
Eve,C,0,19,Shirley
Eve,I,0,19,Shirley
Eve,A,0,19,Shirley
Eve,DC,0,19,Shirley
Eve,DN,0,19,Shirley
Fanny,N,3,19,Shirley
Fanny,C,0,19,Shirley
Fanny,I,0,19,Shirley
Fanny,A,4,19,Shirley
Fanny,DC,2,19,Shirley
Fanny,DN,0,19,Shirley
Farrens,N,0,19,Shirley
Farrens,C,0,19,Shirley
Farrens,I,0,19,Shirley
Farrens,A,0,19,Shirley
Farrens,DC,0,19,Shirley
Farrens,DN,0,19,Shirley
Fieldhead,N,0,19,Shirley
Fieldhead,C,0,19,Shirley
Fieldhead,I,0,19,Shirley
Fieldhead,A,0,19,Shirley
Fieldhead,DC,0,19,Shirley
Fieldhead,DN,0,19,Shirley
Fortune,N,0,19,Shirley
Fortune,C,0,19,Shirley
Fortune,I,0,19,Shirley
Fortune,A,0,19,Shirley
Fortune,DC,0,19,Shirley
Fortune,DN,0,19,Shirley
God,N,4,19,Shirley
God,C,1,19,Shirley
God,I,0,19,Shirley
God,A,2,19,Shirley
God,DC,4,19,Shirley
God,DN,0,19,Shirley
Grace,N,0,19,Shirley
Grace,C,0,19,Shirley
Grace,I,0,19,Shirley
Grace,A,0,19,Shirley
Grace,DC,0,19,Shirley
Grace,DN,0,19,Shirley
Hannah,N,0,19,Shirley
Hannah,C,0,19,Shirley
Hannah,I,0,19,Shirley
Hannah,A,0,19,Shirley
Hannah,DC,0,19,Shirley
Hannah,DN,0,19,Shirley
Harriet,N,0,19,Shirley
Harriet,C,0,19,Shirley
Harriet,I,0,19,Shirley
Harriet,A,0,19,Shirley
Harriet,DC,0,19,Shirley
Harriet,DN,0,19,Shirley
Helstone,N,0,19,Shirley
Helstone,C,0,19,Shirley
Helstone,I,0,19,Shirley
Helstone,A,0,19,Shirley
Helstone,DC,0,19,Shirley
Helstone,DN,0,19,Shirley
Henry,N,0,19,Shirley
Henry,C,0,19,Shirley
Henry,I,0,19,Shirley
Henry,A,0,19,Shirley
Henry,DC,0,19,Shirley
Henry,DN,0,19,Shirley
Hiram Yorke,N,0,19,Shirley
Hiram Yorke,C,0,19,Shirley
Hiram Yorke,I,0,19,Shirley
Hiram Yorke,A,0,19,Shirley
Hiram Yorke,DC,0,19,Shirley
Hiram Yorke,DN,0,19,Shirley
Hollow,N,0,19,Shirley
Hollow,C,0,19,Shirley
Hollow,I,0,19,Shirley
Hollow,A,0,19,Shirley
Hollow,DC,0,19,Shirley
Hollow,DN,0,19,Shirley
Hortense,N,0,19,Shirley
Hortense,C,0,19,Shirley
Hortense,I,0,19,Shirley
Hortense,A,0,19,Shirley
Hortense,DC,0,19,Shirley
Hortense,DN,0,19,Shirley
Isabella,N,0,19,Shirley
Isabella,C,0,19,Shirley
Isabella,I,0,19,Shirley
Isabella,A,0,19,Shirley
Isabella,DC,0,19,Shirley
Isabella,DN,0,19,Shirley
James,N,0,19,Shirley
James,C,0,19,Shirley
James,I,0,19,Shirley
James,A,0,19,Shirley
James,DC,0,19,Shirley
James,DN,0,19,Shirley
Jessy,N,0,19,Shirley
Jessy,C,0,19,Shirley
Jessy,I,0,19,Shirley
Jessy,A,0,19,Shirley
Jessy,DC,0,19,Shirley
Jessy,DN,0,19,Shirley
Joe,N,1,19,Shirley
Joe,C,0,19,Shirley
Joe,I,0,19,Shirley
Joe,A,1,19,Shirley
Joe,DC,1,19,Shirley
Joe,DN,0,19,Shirley
John,N,0,19,Shirley
John,C,0,19,Shirley
John,I,0,19,Shirley
John,A,0,19,Shirley
John,DC,0,19,Shirley
John,DN,0,19,Shirley
John Wesley,N,0,19,Shirley
John Wesley,C,0,19,Shirley
John Wesley,I,0,19,Shirley
John Wesley,A,0,19,Shirley
John Wesley,DC,0,19,Shirley
John Wesley,DN,0,19,Shirley
Lamb,N,0,19,Shirley
Lamb,C,0,19,Shirley
Lamb,I,0,19,Shirley
Lamb,A,0,19,Shirley
Lamb,DC,0,19,Shirley
Lamb,DN,0,19,Shirley
Lina,N,4,19,Shirley
Lina,C,0,19,Shirley
Lina,I,1,19,Shirley
Lina,A,2,19,Shirley
Lina,DC,7,19,Shirley
Lina,DN,0,19,Shirley
Lord Wellington,N,0,19,Shirley
Lord Wellington,C,0,19,Shirley
Lord Wellington,I,0,19,Shirley
Lord Wellington,A,0,19,Shirley
Lord Wellington,DC,0,19,Shirley
Lord Wellington,DN,0,19,Shirley
Louis,N,0,19,Shirley
Louis,C,0,19,Shirley
Louis,I,0,19,Shirley
Louis,A,0,19,Shirley
Louis,DC,0,19,Shirley
Louis,DN,0,19,Shirley
Lucretia,N,0,19,Shirley
Lucretia,C,0,19,Shirley
Lucretia,I,0,19,Shirley
Lucretia,A,0,19,Shirley
Lucretia,DC,0,19,Shirley
Lucretia,DN,0,19,Shirley
MATTERS,N,0,19,Shirley
MATTERS,C,0,19,Shirley
MATTERS,I,0,19,Shirley
MATTERS,A,0,19,Shirley
MATTERS,DC,0,19,Shirley
MATTERS,DN,0,19,Shirley
MacTurk,N,0,19,Shirley
MacTurk,C,0,19,Shirley
MacTurk,I,0,19,Shirley
MacTurk,A,0,19,Shirley
MacTurk,DC,0,19,Shirley
MacTurk,DN,0,19,Shirley
Malone,N,3,19,Shirley
Malone,C,0,19,Shirley
Malone,I,0,19,Shirley
Malone,A,0,19,Shirley
Malone,DC,3,19,Shirley
Malone,DN,0,19,Shirley
Malone.--I,N,0,19,Shirley
Malone.--I,C,0,19,Shirley
Malone.--I,I,0,19,Shirley
Malone.--I,A,0,19,Shirley
Malone.--I,DC,0,19,Shirley
Malone.--I,DN,0,19,Shirley
Mamma,N,0,19,Shirley
Mamma,C,0,19,Shirley
Mamma,I,0,19,Shirley
Mamma,A,0,19,Shirley
Mamma,DC,0,19,Shirley
Mamma,DN,0,19,Shirley
Margaret,N,0,19,Shirley
Margaret,C,0,19,Shirley
Margaret,I,0,19,Shirley
Margaret,A,0,19,Shirley
Margaret,DC,0,19,Shirley
Margaret,DN,0,19,Shirley
Mark,N,0,19,Shirley
Mark,C,0,19,Shirley
Mark,I,0,19,Shirley
Mark,A,0,19,Shirley
Mark,DC,0,19,Shirley
Mark,DN,0,19,Shirley
Martin,N,0,19,Shirley
Martin,C,0,19,Shirley
Martin,I,0,19,Shirley
Martin,A,0,19,Shirley
Martin,DC,0,19,Shirley
Martin,DN,0,19,Shirley
Mary,N,0,19,Shirley
Mary,C,0,19,Shirley
Mary,I,0,19,Shirley
Mary,A,0,19,Shirley
Mary,DC,0,19,Shirley
Mary,DN,0,19,Shirley
Mary Ann Ainley,N,0,19,Shirley
Mary Ann Ainley,C,0,19,Shirley
Mary Ann Ainley,I,0,19,Shirley
Mary Ann Ainley,A,0,19,Shirley
Mary Ann Ainley,DC,0,19,Shirley
Mary Ann Ainley,DN,0,19,Shirley
Matthew,N,0,19,Shirley
Matthew,C,0,19,Shirley
Matthew,I,0,19,Shirley
Matthew,A,0,19,Shirley
Matthew,DC,0,19,Shirley
Matthew,DN,0,19,Shirley
Matthewson Helstone,N,0,19,Shirley
Matthewson Helstone,C,0,19,Shirley
Matthewson Helstone,I,0,19,Shirley
Matthewson Helstone,A,0,19,Shirley
Matthewson Helstone,DC,0,19,Shirley
Matthewson Helstone,DN,0,19,Shirley
Mike,N,0,19,Shirley
Mike,C,0,19,Shirley
Mike,I,0,19,Shirley
Mike,A,0,19,Shirley
Mike,DC,0,19,Shirley
Mike,DN,0,19,Shirley
Miss Ainley,N,0,19,Shirley
Miss Ainley,C,0,19,Shirley
Miss Ainley,I,0,19,Shirley
Miss Ainley,A,0,19,Shirley
Miss Ainley,DC,0,19,Shirley
Miss Ainley,DN,0,19,Shirley
Miss Austen,N,0,19,Shirley
Miss Austen,C,0,19,Shirley
Miss Austen,I,0,19,Shirley
Miss Austen,A,0,19,Shirley
Miss Austen,DC,0,19,Shirley
Miss Austen,DN,0,19,Shirley
Miss Cave,N,0,19,Shirley
Miss Cave,C,0,19,Shirley
Miss Cave,I,0,19,Shirley
Miss Cave,A,0,19,Shirley
Miss Cave,DC,0,19,Shirley
Miss Cave,DN,0,19,Shirley
Miss Grey,N,0,19,Shirley
Miss Grey,C,0,19,Shirley
Miss Grey,I,0,19,Shirley
Miss Grey,A,0,19,Shirley
Miss Grey,DC,0,19,Shirley
Miss Grey,DN,0,19,Shirley
Miss Hardman,N,0,19,Shirley
Miss Hardman,C,0,19,Shirley
Miss Hardman,I,0,19,Shirley
Miss Hardman,A,0,19,Shirley
Miss Hardman,DC,0,19,Shirley
Miss Hardman,DN,0,19,Shirley
Miss Mann,N,0,19,Shirley
Miss Mann,C,0,19,Shirley
Miss Mann,I,0,19,Shirley
Miss Mann,A,0,19,Shirley
Miss Mann,DC,0,19,Shirley
Miss Mann,DN,0,19,Shirley
Miss Mary,N,0,19,Shirley
Miss Mary,C,0,19,Shirley
Miss Mary,I,0,19,Shirley
Miss Mary,A,0,19,Shirley
Miss Mary,DC,0,19,Shirley
Miss Mary,DN,0,19,Shirley
Miss Moore,N,0,19,Shirley
Miss Moore,C,0,19,Shirley
Miss Moore,I,0,19,Shirley
Miss Moore,A,0,19,Shirley
Miss Moore,DC,0,19,Shirley
Miss Moore,DN,0,19,Shirley
Miss Pearson,N,0,19,Shirley
Miss Pearson,C,0,19,Shirley
Miss Pearson,I,0,19,Shirley
Miss Pearson,A,0,19,Shirley
Miss Pearson,DC,0,19,Shirley
Miss Pearson,DN,0,19,Shirley
Moore,N,0,19,Shirley
Moore,C,0,19,Shirley
Moore,I,0,19,Shirley
Moore,A,0,19,Shirley
Moore,DC,0,19,Shirley
Moore,DN,0,19,Shirley
Moses,N,0,19,Shirley
Moses,C,0,19,Shirley
Moses,I,0,19,Shirley
Moses,A,0,19,Shirley
Moses,DC,0,19,Shirley
Moses,DN,0,19,Shirley
Mother,N,0,19,Shirley
Mother,C,0,19,Shirley
Mother,I,0,19,Shirley
Mother,A,0,19,Shirley
Mother,DC,0,19,Shirley
Mother,DN,0,19,Shirley
Mr. Barraclough,N,0,19,Shirley
Mr. Barraclough,C,0,19,Shirley
Mr. Barraclough,I,0,19,Shirley
Mr. Barraclough,A,0,19,Shirley
Mr. Barraclough,DC,0,19,Shirley
Mr. Barraclough,DN,0,19,Shirley
Mr. Gale,N,0,19,Shirley
Mr. Gale,C,0,19,Shirley
Mr. Gale,I,0,19,Shirley
Mr. Gale,A,0,19,Shirley
Mr. Gale,DC,0,19,Shirley
Mr. Gale,DN,0,19,Shirley
Mr. Hall,N,0,19,Shirley
Mr. Hall,C,0,19,Shirley
Mr. Hall,I,0,19,Shirley
Mr. Hall,A,0,19,Shirley
Mr. Hall,DC,0,19,Shirley
Mr. Hall,DN,0,19,Shirley
Mr. Helstone,N,5,19,Shirley
Mr. Helstone,C,2,19,Shirley
Mr. Helstone,I,3,19,Shirley
Mr. Helstone,A,1,19,Shirley
Mr. Helstone,DC,1,19,Shirley
Mr. Helstone,DN,0,19,Shirley
Mr. Moore,N,7,19,Shirley
Mr. Moore,C,0,19,Shirley
Mr. Moore,I,2,19,Shirley
Mr. Moore,A,5,19,Shirley
Mr. Moore,DC,18,19,Shirley
Mr. Moore,DN,1,19,Shirley
Mr. Moore----,N,0,19,Shirley
Mr. Moore----,C,0,19,Shirley
Mr. Moore----,I,0,19,Shirley
Mr. Moore----,A,0,19,Shirley
Mr. Moore----,DC,0,19,Shirley
Mr. Moore----,DN,0,19,Shirley
Mr. Ramsden,N,0,19,Shirley
Mr. Ramsden,C,0,19,Shirley
Mr. Ramsden,I,0,19,Shirley
Mr. Ramsden,A,0,19,Shirley
Mr. Ramsden,DC,0,19,Shirley
Mr. Ramsden,DN,0,19,Shirley
Mr. Sykes,N,1,19,Shirley
Mr. Sykes,C,0,19,Shirley
Mr. Sykes,I,0,19,Shirley
Mr. Sykes,A,1,19,Shirley
Mr. Sykes,DC,1,19,Shirley
Mr. Sykes,DN,0,19,Shirley
Mr. Sympson,N,0,19,Shirley
Mr. Sympson,C,0,19,Shirley
Mr. Sympson,I,0,19,Shirley
Mr. Sympson,A,0,19,Shirley
Mr. Sympson,DC,0,19,Shirley
Mr. Sympson,DN,0,19,Shirley
Mr. Wynne,N,2,19,Shirley
Mr. Wynne,C,0,19,Shirley
Mr. Wynne,I,0,19,Shirley
Mr. Wynne,A,0,19,Shirley
Mr. Wynne,DC,2,19,Shirley
Mr. Wynne,DN,0,19,Shirley
Mr. Yorke,N,0,19,Shirley
Mr. Yorke,C,0,19,Shirley
Mr. Yorke,I,0,19,Shirley
Mr. Yorke,A,0,19,Shirley
Mr. Yorke,DC,0,19,Shirley
Mr. Yorke,DN,0,19,Shirley
Mrs. Gale,N,0,19,Shirley
Mrs. Gale,C,0,19,Shirley
Mrs. Gale,I,0,19,Shirley
Mrs. Gale,A,0,19,Shirley
Mrs. Gale,DC,0,19,Shirley
Mrs. Gale,DN,0,19,Shirley
Mrs. Gill,N,0,19,Shirley
Mrs. Gill,C,0,19,Shirley
Mrs. Gill,I,0,19,Shirley
Mrs. Gill,A,0,19,Shirley
Mrs. Gill,DC,0,19,Shirley
Mrs. Gill,DN,0,19,Shirley
Mrs. Hardman,N,0,19,Shirley
Mrs. Hardman,C,0,19,Shirley
Mrs. Hardman,I,0,19,Shirley
Mrs. Hardman,A,0,19,Shirley
Mrs. Hardman,DC,0,19,Shirley
Mrs. Hardman,DN,0,19,Shirley
Mrs. Horsfall,N,0,19,Shirley
Mrs. Horsfall,C,0,19,Shirley
Mrs. Horsfall,I,0,19,Shirley
Mrs. Horsfall,A,0,19,Shirley
Mrs. Horsfall,DC,0,19,Shirley
Mrs. Horsfall,DN,0,19,Shirley
Mrs. Louis,N,0,19,Shirley
Mrs. Louis,C,0,19,Shirley
Mrs. Louis,I,0,19,Shirley
Mrs. Louis,A,0,19,Shirley
Mrs. Louis,DC,0,19,Shirley
Mrs. Louis,DN,0,19,Shirley
Mrs. Pryor,N,1,19,Shirley
Mrs. Pryor,C,0,19,Shirley
Mrs. Pryor,I,1,19,Shirley
Mrs. Pryor,A,1,19,Shirley
Mrs. Pryor,DC,1,19,Shirley
Mrs. Pryor,DN,0,19,Shirley
Mrs. Sykes,N,1,19,Shirley
Mrs. Sykes,C,0,19,Shirley
Mrs. Sykes,I,0,19,Shirley
Mrs. Sykes,A,0,19,Shirley
Mrs. Sykes,DC,1,19,Shirley
Mrs. Sykes,DN,0,19,Shirley
Mrs. Yorke,N,0,19,Shirley
Mrs. Yorke,C,0,19,Shirley
Mrs. Yorke,I,0,19,Shirley
Mrs. Yorke,A,0,19,Shirley
Mrs. Yorke,DC,0,19,Shirley
Mrs. Yorke,DN,0,19,Shirley
Murgatroyd,N,0,19,Shirley
Murgatroyd,C,0,19,Shirley
Murgatroyd,I,0,19,Shirley
Murgatroyd,A,0,19,Shirley
Murgatroyd,DC,0,19,Shirley
Murgatroyd,DN,0,19,Shirley
Napoleon,N,0,19,Shirley
Napoleon,C,0,19,Shirley
Napoleon,I,0,19,Shirley
Napoleon,A,0,19,Shirley
Napoleon,DC,0,19,Shirley
Napoleon,DN,0,19,Shirley
Nature,N,0,19,Shirley
Nature,C,0,19,Shirley
Nature,I,0,19,Shirley
Nature,A,0,19,Shirley
Nature,DC,0,19,Shirley
Nature,DN,0,19,Shirley
Pearson,N,0,19,Shirley
Pearson,C,0,19,Shirley
Pearson,I,0,19,Shirley
Pearson,A,0,19,Shirley
Pearson,DC,0,19,Shirley
Pearson,DN,0,19,Shirley
Peg Woffington.= CHARLES READE,N,0,19,Shirley
Peg Woffington.= CHARLES READE,C,0,19,Shirley
Peg Woffington.= CHARLES READE,I,0,19,Shirley
Peg Woffington.= CHARLES READE,A,0,19,Shirley
Peg Woffington.= CHARLES READE,DC,0,19,Shirley
Peg Woffington.= CHARLES READE,DN,0,19,Shirley
Peter,N,0,19,Shirley
Peter,C,0,19,Shirley
Peter,I,0,19,Shirley
Peter,A,0,19,Shirley
Peter,DC,0,19,Shirley
Peter,DN,0,19,Shirley
Phœbe,N,0,19,Shirley
Phœbe,C,0,19,Shirley
Phœbe,I,0,19,Shirley
Phœbe,A,0,19,Shirley
Phœbe,DC,0,19,Shirley
Phœbe,DN,0,19,Shirley
Providence,N,0,19,Shirley
Providence,C,0,19,Shirley
Providence,I,0,19,Shirley
Providence,A,0,19,Shirley
Providence,DC,0,19,Shirley
Providence,DN,0,19,Shirley
Robert,N,18,19,Shirley
Robert,C,0,19,Shirley
Robert,I,7,19,Shirley
Robert,A,9,19,Shirley
Robert,DC,36,19,Shirley
Robert,DN,3,19,Shirley
Rose,N,0,19,Shirley
Rose,C,0,19,Shirley
Rose,I,0,19,Shirley
Rose,A,0,19,Shirley
Rose,DC,0,19,Shirley
Rose,DN,0,19,Shirley
Sarah,N,0,19,Shirley
Sarah,C,0,19,Shirley
Sarah,I,0,19,Shirley
Sarah,A,0,19,Shirley
Sarah,DC,0,19,Shirley
Sarah,DN,0,19,Shirley
Saturnia,N,0,19,Shirley
Saturnia,C,0,19,Shirley
Saturnia,I,0,19,Shirley
Saturnia,A,0,19,Shirley
Saturnia,DC,0,19,Shirley
Saturnia,DN,0,19,Shirley
Shakespeare,N,0,19,Shirley
Shakespeare,C,0,19,Shirley
Shakespeare,I,0,19,Shirley
Shakespeare,A,0,19,Shirley
Shakespeare,DC,0,19,Shirley
Shakespeare,DN,0,19,Shirley
Shirley,N,59,19,Shirley
Shirley,C,89,19,Shirley
Shirley,I,32,19,Shirley
Shirley,A,77,19,Shirley
Shirley,DC,12,19,Shirley
Shirley,DN,4,19,Shirley
Sir Philip,N,0,19,Shirley
Sir Philip,C,0,19,Shirley
Sir Philip,I,0,19,Shirley
Sir Philip,A,0,19,Shirley
Sir Philip,DC,0,19,Shirley
Sir Philip,DN,0,19,Shirley
Sir Walter Scott,N,0,19,Shirley
Sir Walter Scott,C,0,19,Shirley
Sir Walter Scott,I,0,19,Shirley
Sir Walter Scott,A,0,19,Shirley
Sir Walter Scott,DC,0,19,Shirley
Sir Walter Scott,DN,0,19,Shirley
Sister,N,0,19,Shirley
Sister,C,0,19,Shirley
Sister,I,0,19,Shirley
Sister,A,0,19,Shirley
Sister,DC,0,19,Shirley
Sister,DN,0,19,Shirley
St. Paul,N,0,19,Shirley
St. Paul,C,0,19,Shirley
St. Paul,I,0,19,Shirley
St. Paul,A,0,19,Shirley
St. Paul,DC,0,19,Shirley
St. Paul,DN,0,19,Shirley
Stilbro,N,0,19,Shirley
Stilbro,C,0,19,Shirley
Stilbro,I,0,19,Shirley
Stilbro,A,0,19,Shirley
Stilbro,DC,0,19,Shirley
Stilbro,DN,0,19,Shirley
Sudgen,N,0,19,Shirley
Sudgen,C,0,19,Shirley
Sudgen,I,0,19,Shirley
Sudgen,A,0,19,Shirley
Sudgen,DC,0,19,Shirley
Sudgen,DN,0,19,Shirley
Sugden,N,0,19,Shirley
Sugden,C,0,19,Shirley
Sugden,I,0,19,Shirley
Sugden,A,0,19,Shirley
Sugden,DC,0,19,Shirley
Sugden,DN,0,19,Shirley
Sweeting,N,0,19,Shirley
Sweeting,C,0,19,Shirley
Sweeting,I,0,19,Shirley
Sweeting,A,0,19,Shirley
Sweeting,DC,0,19,Shirley
Sweeting,DN,0,19,Shirley
Tartar,N,0,19,Shirley
Tartar,C,0,19,Shirley
Tartar,I,0,19,Shirley
Tartar,A,0,19,Shirley
Tartar,DC,0,19,Shirley
Tartar,DN,0,19,Shirley
The Cossack,N,0,19,Shirley
The Cossack,C,0,19,Shirley
The Cossack,I,0,19,Shirley
The Cossack,A,0,19,Shirley
The Cossack,DC,0,19,Shirley
The Cossack,DN,0,19,Shirley
These Oreads,N,0,19,Shirley
These Oreads,C,0,19,Shirley
These Oreads,I,0,19,Shirley
These Oreads,A,0,19,Shirley
These Oreads,DC,0,19,Shirley
These Oreads,DN,0,19,Shirley
Tom Cringle,N,0,19,Shirley
Tom Cringle,C,0,19,Shirley
Tom Cringle,I,0,19,Shirley
Tom Cringle,A,0,19,Shirley
Tom Cringle,DC,0,19,Shirley
Tom Cringle,DN,0,19,Shirley
Uncle,N,0,19,Shirley
Uncle,C,0,19,Shirley
Uncle,I,0,19,Shirley
Uncle,A,0,19,Shirley
Uncle,DC,0,19,Shirley
Uncle,DN,0,19,Shirley
VICTOR HUGO,N,0,19,Shirley
VICTOR HUGO,C,0,19,Shirley
VICTOR HUGO,I,0,19,Shirley
VICTOR HUGO,A,0,19,Shirley
VICTOR HUGO,DC,0,19,Shirley
VICTOR HUGO,DN,0,19,Shirley
Whinbury,N,0,19,Shirley
Whinbury,C,0,19,Shirley
Whinbury,I,0,19,Shirley
Whinbury,A,0,19,Shirley
Whinbury,DC,0,19,Shirley
Whinbury,DN,0,19,Shirley
William,N,0,19,Shirley
William,C,0,19,Shirley
William,I,0,19,Shirley
William,A,0,19,Shirley
William,DC,0,19,Shirley
William,DN,0,19,Shirley
mademoiselle,N,0,19,Shirley
mademoiselle,C,0,19,Shirley
mademoiselle,I,0,19,Shirley
mademoiselle,A,0,19,Shirley
mademoiselle,DC,0,19,Shirley
mademoiselle,DN,0,19,Shirley
old Lady Nunnely,N,0,19,Shirley
old Lady Nunnely,C,0,19,Shirley
old Lady Nunnely,I,0,19,Shirley
old Lady Nunnely,A,0,19,Shirley
old Lady Nunnely,DC,0,19,Shirley
old Lady Nunnely,DN,0,19,Shirley
old Queen Charlotte,N,0,19,Shirley
old Queen Charlotte,C,0,19,Shirley
old Queen Charlotte,I,0,19,Shirley
old Queen Charlotte,A,0,19,Shirley
old Queen Charlotte,DC,0,19,Shirley
old Queen Charlotte,DN,0,19,Shirley
the Misses Sykes,N,0,19,Shirley
the Misses Sykes,C,0,19,Shirley
the Misses Sykes,I,0,19,Shirley
the Misses Sykes,A,0,19,Shirley
the Misses Sykes,DC,0,19,Shirley
the Misses Sykes,DN,0,19,Shirley
the Misses Sympson,N,0,19,Shirley
the Misses Sympson,C,0,19,Shirley
the Misses Sympson,I,0,19,Shirley
the Misses Sympson,A,0,19,Shirley
the Misses Sympson,DC,0,19,Shirley
the Misses Sympson,DN,0,19,Shirley
the Moores,N,0,19,Shirley
the Moores,C,0,19,Shirley
the Moores,I,0,19,Shirley
the Moores,A,0,19,Shirley
the Moores,DC,0,19,Shirley
the Moores,DN,0,19,Shirley
the Sympsons,N,0,19,Shirley
the Sympsons,C,0,19,Shirley
the Sympsons,I,0,19,Shirley
the Sympsons,A,0,19,Shirley
the Sympsons,DC,0,19,Shirley
the Sympsons,DN,0,19,Shirley
Abraham,N,0,20,Shirley
Abraham,C,0,20,Shirley
Abraham,I,0,20,Shirley
Abraham,A,0,20,Shirley
Abraham,DC,0,20,Shirley
Abraham,DN,0,20,Shirley
Adam,N,0,20,Shirley
Adam,C,0,20,Shirley
Adam,I,0,20,Shirley
Adam,A,0,20,Shirley
Adam,DC,0,20,Shirley
Adam,DN,0,20,Shirley
Bob,N,0,20,Shirley
Bob,C,0,20,Shirley
Bob,I,0,20,Shirley
Bob,A,0,20,Shirley
Bob,DC,0,20,Shirley
Bob,DN,0,20,Shirley
Bonaparte,N,0,20,Shirley
Bonaparte,C,0,20,Shirley
Bonaparte,I,0,20,Shirley
Bonaparte,A,0,20,Shirley
Bonaparte,DC,0,20,Shirley
Bonaparte,DN,0,20,Shirley
Boultby,N,0,20,Shirley
Boultby,C,0,20,Shirley
Boultby,I,0,20,Shirley
Boultby,A,0,20,Shirley
Boultby,DC,0,20,Shirley
Boultby,DN,0,20,Shirley
Briarmains,N,0,20,Shirley
Briarmains,C,0,20,Shirley
Briarmains,I,0,20,Shirley
Briarmains,A,0,20,Shirley
Briarmains,DC,0,20,Shirley
Briarmains,DN,0,20,Shirley
CHARLES DICKENS,N,0,20,Shirley
CHARLES DICKENS,C,0,20,Shirley
CHARLES DICKENS,I,0,20,Shirley
CHARLES DICKENS,A,0,20,Shirley
CHARLES DICKENS,DC,0,20,Shirley
CHARLES DICKENS,DN,0,20,Shirley
Captain Keeldar,N,0,20,Shirley
Captain Keeldar,C,0,20,Shirley
Captain Keeldar,I,0,20,Shirley
Captain Keeldar,A,0,20,Shirley
Captain Keeldar,DC,0,20,Shirley
Captain Keeldar,DN,0,20,Shirley
Caroline,N,22,20,Shirley
Caroline,C,47,20,Shirley
Caroline,I,24,20,Shirley
Caroline,A,32,20,Shirley
Caroline,DC,2,20,Shirley
Caroline,DN,4,20,Shirley
"Caroline--""She",N,0,20,Shirley
"Caroline--""She",C,0,20,Shirley
"Caroline--""She",I,0,20,Shirley
"Caroline--""She",A,0,20,Shirley
"Caroline--""She",DC,0,20,Shirley
"Caroline--""She",DN,0,20,Shirley
Cary,N,1,20,Shirley
Cary,C,0,20,Shirley
Cary,I,0,20,Shirley
Cary,A,0,20,Shirley
Cary,DC,1,20,Shirley
Cary,DN,0,20,Shirley
Castlereagh,N,0,20,Shirley
Castlereagh,C,0,20,Shirley
Castlereagh,I,0,20,Shirley
Castlereagh,A,0,20,Shirley
Castlereagh,DC,0,20,Shirley
Castlereagh,DN,0,20,Shirley
Chénier,N,0,20,Shirley
Chénier,C,0,20,Shirley
Chénier,I,0,20,Shirley
Chénier,A,0,20,Shirley
Chénier,DC,0,20,Shirley
Chénier,DN,0,20,Shirley
Coriolanus,N,0,20,Shirley
Coriolanus,C,0,20,Shirley
Coriolanus,I,0,20,Shirley
Coriolanus,A,0,20,Shirley
Coriolanus,DC,0,20,Shirley
Coriolanus,DN,0,20,Shirley
Cowper,N,0,20,Shirley
Cowper,C,0,20,Shirley
Cowper,I,0,20,Shirley
Cowper,A,0,20,Shirley
Cowper,DC,0,20,Shirley
Cowper,DN,0,20,Shirley
Cyril Hall,N,0,20,Shirley
Cyril Hall,C,0,20,Shirley
Cyril Hall,I,0,20,Shirley
Cyril Hall,A,0,20,Shirley
Cyril Hall,DC,0,20,Shirley
Cyril Hall,DN,0,20,Shirley
Daniel,N,0,20,Shirley
Daniel,C,0,20,Shirley
Daniel,I,0,20,Shirley
Daniel,A,0,20,Shirley
Daniel,DC,0,20,Shirley
Daniel,DN,0,20,Shirley
Davy,N,0,20,Shirley
Davy,C,0,20,Shirley
Davy,I,0,20,Shirley
Davy,A,0,20,Shirley
Davy,DC,0,20,Shirley
Davy,DN,0,20,Shirley
Donne,N,0,20,Shirley
Donne,C,0,20,Shirley
Donne,I,0,20,Shirley
Donne,A,0,20,Shirley
Donne,DC,0,20,Shirley
Donne,DN,0,20,Shirley
Dora,N,0,20,Shirley
Dora,C,0,20,Shirley
Dora,I,0,20,Shirley
Dora,A,0,20,Shirley
Dora,DC,0,20,Shirley
Dora,DN,0,20,Shirley
Dr. Boultby,N,1,20,Shirley
Dr. Boultby,C,0,20,Shirley
Dr. Boultby,I,0,20,Shirley
Dr. Boultby,A,0,20,Shirley
Dr. Boultby,DC,0,20,Shirley
Dr. Boultby,DN,0,20,Shirley
Eliza,N,3,20,Shirley
Eliza,C,0,20,Shirley
Eliza,I,0,20,Shirley
Eliza,A,0,20,Shirley
Eliza,DC,2,20,Shirley
Eliza,DN,0,20,Shirley
Eva,N,0,20,Shirley
Eva,C,0,20,Shirley
Eva,I,0,20,Shirley
Eva,A,0,20,Shirley
Eva,DC,0,20,Shirley
Eva,DN,0,20,Shirley
Eve,N,0,20,Shirley
Eve,C,0,20,Shirley
Eve,I,0,20,Shirley
Eve,A,0,20,Shirley
Eve,DC,0,20,Shirley
Eve,DN,0,20,Shirley
Fanny,N,4,20,Shirley
Fanny,C,0,20,Shirley
Fanny,I,0,20,Shirley
Fanny,A,3,20,Shirley
Fanny,DC,2,20,Shirley
Fanny,DN,0,20,Shirley
Farrens,N,0,20,Shirley
Farrens,C,0,20,Shirley
Farrens,I,0,20,Shirley
Farrens,A,0,20,Shirley
Farrens,DC,0,20,Shirley
Farrens,DN,0,20,Shirley
Fieldhead,N,1,20,Shirley
Fieldhead,C,0,20,Shirley
Fieldhead,I,1,20,Shirley
Fieldhead,A,0,20,Shirley
Fieldhead,DC,0,20,Shirley
Fieldhead,DN,0,20,Shirley
Fortune,N,0,20,Shirley
Fortune,C,0,20,Shirley
Fortune,I,0,20,Shirley
Fortune,A,0,20,Shirley
Fortune,DC,0,20,Shirley
Fortune,DN,0,20,Shirley
God,N,4,20,Shirley
God,C,0,20,Shirley
God,I,2,20,Shirley
God,A,2,20,Shirley
God,DC,2,20,Shirley
God,DN,0,20,Shirley
Grace,N,0,20,Shirley
Grace,C,0,20,Shirley
Grace,I,0,20,Shirley
Grace,A,0,20,Shirley
Grace,DC,0,20,Shirley
Grace,DN,0,20,Shirley
Hannah,N,0,20,Shirley
Hannah,C,0,20,Shirley
Hannah,I,0,20,Shirley
Hannah,A,0,20,Shirley
Hannah,DC,0,20,Shirley
Hannah,DN,0,20,Shirley
Harriet,N,0,20,Shirley
Harriet,C,0,20,Shirley
Harriet,I,0,20,Shirley
Harriet,A,0,20,Shirley
Harriet,DC,0,20,Shirley
Harriet,DN,0,20,Shirley
Helstone,N,0,20,Shirley
Helstone,C,0,20,Shirley
Helstone,I,0,20,Shirley
Helstone,A,0,20,Shirley
Helstone,DC,0,20,Shirley
Helstone,DN,0,20,Shirley
Henry,N,0,20,Shirley
Henry,C,0,20,Shirley
Henry,I,0,20,Shirley
Henry,A,0,20,Shirley
Henry,DC,0,20,Shirley
Henry,DN,0,20,Shirley
Hiram Yorke,N,0,20,Shirley
Hiram Yorke,C,0,20,Shirley
Hiram Yorke,I,0,20,Shirley
Hiram Yorke,A,0,20,Shirley
Hiram Yorke,DC,0,20,Shirley
Hiram Yorke,DN,0,20,Shirley
Hollow,N,0,20,Shirley
Hollow,C,0,20,Shirley
Hollow,I,0,20,Shirley
Hollow,A,0,20,Shirley
Hollow,DC,0,20,Shirley
Hollow,DN,0,20,Shirley
Hortense,N,3,20,Shirley
Hortense,C,0,20,Shirley
Hortense,I,0,20,Shirley
Hortense,A,0,20,Shirley
Hortense,DC,3,20,Shirley
Hortense,DN,0,20,Shirley
Isabella,N,0,20,Shirley
Isabella,C,0,20,Shirley
Isabella,I,0,20,Shirley
Isabella,A,0,20,Shirley
Isabella,DC,0,20,Shirley
Isabella,DN,0,20,Shirley
James,N,0,20,Shirley
James,C,0,20,Shirley
James,I,0,20,Shirley
James,A,0,20,Shirley
James,DC,0,20,Shirley
James,DN,0,20,Shirley
Jessy,N,0,20,Shirley
Jessy,C,0,20,Shirley
Jessy,I,0,20,Shirley
Jessy,A,0,20,Shirley
Jessy,DC,0,20,Shirley
Jessy,DN,0,20,Shirley
Joe,N,2,20,Shirley
Joe,C,0,20,Shirley
Joe,I,0,20,Shirley
Joe,A,0,20,Shirley
Joe,DC,1,20,Shirley
Joe,DN,0,20,Shirley
John,N,3,20,Shirley
John,C,0,20,Shirley
John,I,0,20,Shirley
John,A,1,20,Shirley
John,DC,0,20,Shirley
John,DN,0,20,Shirley
John Wesley,N,0,20,Shirley
John Wesley,C,0,20,Shirley
John Wesley,I,0,20,Shirley
John Wesley,A,0,20,Shirley
John Wesley,DC,0,20,Shirley
John Wesley,DN,0,20,Shirley
Lamb,N,0,20,Shirley
Lamb,C,0,20,Shirley
Lamb,I,0,20,Shirley
Lamb,A,0,20,Shirley
Lamb,DC,0,20,Shirley
Lamb,DN,0,20,Shirley
Lina,N,1,20,Shirley
Lina,C,0,20,Shirley
Lina,I,0,20,Shirley
Lina,A,1,20,Shirley
Lina,DC,1,20,Shirley
Lina,DN,0,20,Shirley
Lord Wellington,N,0,20,Shirley
Lord Wellington,C,0,20,Shirley
Lord Wellington,I,0,20,Shirley
Lord Wellington,A,0,20,Shirley
Lord Wellington,DC,0,20,Shirley
Lord Wellington,DN,0,20,Shirley
Louis,N,0,20,Shirley
Louis,C,0,20,Shirley
Louis,I,0,20,Shirley
Louis,A,0,20,Shirley
Louis,DC,0,20,Shirley
Louis,DN,0,20,Shirley
Lucretia,N,0,20,Shirley
Lucretia,C,0,20,Shirley
Lucretia,I,0,20,Shirley
Lucretia,A,0,20,Shirley
Lucretia,DC,0,20,Shirley
Lucretia,DN,0,20,Shirley
MATTERS,N,0,20,Shirley
MATTERS,C,0,20,Shirley
MATTERS,I,0,20,Shirley
MATTERS,A,0,20,Shirley
MATTERS,DC,0,20,Shirley
MATTERS,DN,0,20,Shirley
MacTurk,N,0,20,Shirley
MacTurk,C,0,20,Shirley
MacTurk,I,0,20,Shirley
MacTurk,A,0,20,Shirley
MacTurk,DC,0,20,Shirley
MacTurk,DN,0,20,Shirley
Malone,N,1,20,Shirley
Malone,C,0,20,Shirley
Malone,I,1,20,Shirley
Malone,A,0,20,Shirley
Malone,DC,0,20,Shirley
Malone,DN,0,20,Shirley
Malone.--I,N,0,20,Shirley
Malone.--I,C,0,20,Shirley
Malone.--I,I,0,20,Shirley
Malone.--I,A,0,20,Shirley
Malone.--I,DC,0,20,Shirley
Malone.--I,DN,0,20,Shirley
Mamma,N,0,20,Shirley
Mamma,C,0,20,Shirley
Mamma,I,0,20,Shirley
Mamma,A,0,20,Shirley
Mamma,DC,0,20,Shirley
Mamma,DN,0,20,Shirley
Margaret,N,0,20,Shirley
Margaret,C,0,20,Shirley
Margaret,I,0,20,Shirley
Margaret,A,0,20,Shirley
Margaret,DC,0,20,Shirley
Margaret,DN,0,20,Shirley
Mark,N,0,20,Shirley
Mark,C,0,20,Shirley
Mark,I,0,20,Shirley
Mark,A,0,20,Shirley
Mark,DC,0,20,Shirley
Mark,DN,0,20,Shirley
Martin,N,0,20,Shirley
Martin,C,0,20,Shirley
Martin,I,0,20,Shirley
Martin,A,0,20,Shirley
Martin,DC,0,20,Shirley
Martin,DN,0,20,Shirley
Mary,N,0,20,Shirley
Mary,C,0,20,Shirley
Mary,I,0,20,Shirley
Mary,A,0,20,Shirley
Mary,DC,0,20,Shirley
Mary,DN,0,20,Shirley
Mary Ann Ainley,N,0,20,Shirley
Mary Ann Ainley,C,0,20,Shirley
Mary Ann Ainley,I,0,20,Shirley
Mary Ann Ainley,A,0,20,Shirley
Mary Ann Ainley,DC,0,20,Shirley
Mary Ann Ainley,DN,0,20,Shirley
Matthew,N,0,20,Shirley
Matthew,C,0,20,Shirley
Matthew,I,0,20,Shirley
Matthew,A,0,20,Shirley
Matthew,DC,0,20,Shirley
Matthew,DN,0,20,Shirley
Matthewson Helstone,N,0,20,Shirley
Matthewson Helstone,C,0,20,Shirley
Matthewson Helstone,I,0,20,Shirley
Matthewson Helstone,A,0,20,Shirley
Matthewson Helstone,DC,0,20,Shirley
Matthewson Helstone,DN,0,20,Shirley
Mike,N,0,20,Shirley
Mike,C,0,20,Shirley
Mike,I,0,20,Shirley
Mike,A,0,20,Shirley
Mike,DC,0,20,Shirley
Mike,DN,0,20,Shirley
Miss Ainley,N,1,20,Shirley
Miss Ainley,C,0,20,Shirley
Miss Ainley,I,0,20,Shirley
Miss Ainley,A,0,20,Shirley
Miss Ainley,DC,1,20,Shirley
Miss Ainley,DN,0,20,Shirley
Miss Austen,N,0,20,Shirley
Miss Austen,C,0,20,Shirley
Miss Austen,I,0,20,Shirley
Miss Austen,A,0,20,Shirley
Miss Austen,DC,0,20,Shirley
Miss Austen,DN,0,20,Shirley
Miss Cave,N,0,20,Shirley
Miss Cave,C,0,20,Shirley
Miss Cave,I,0,20,Shirley
Miss Cave,A,0,20,Shirley
Miss Cave,DC,0,20,Shirley
Miss Cave,DN,0,20,Shirley
Miss Grey,N,0,20,Shirley
Miss Grey,C,0,20,Shirley
Miss Grey,I,0,20,Shirley
Miss Grey,A,0,20,Shirley
Miss Grey,DC,0,20,Shirley
Miss Grey,DN,0,20,Shirley
Miss Hardman,N,0,20,Shirley
Miss Hardman,C,0,20,Shirley
Miss Hardman,I,0,20,Shirley
Miss Hardman,A,0,20,Shirley
Miss Hardman,DC,0,20,Shirley
Miss Hardman,DN,0,20,Shirley
Miss Mann,N,2,20,Shirley
Miss Mann,C,0,20,Shirley
Miss Mann,I,0,20,Shirley
Miss Mann,A,0,20,Shirley
Miss Mann,DC,2,20,Shirley
Miss Mann,DN,0,20,Shirley
Miss Mary,N,0,20,Shirley
Miss Mary,C,0,20,Shirley
Miss Mary,I,0,20,Shirley
Miss Mary,A,0,20,Shirley
Miss Mary,DC,0,20,Shirley
Miss Mary,DN,0,20,Shirley
Miss Moore,N,0,20,Shirley
Miss Moore,C,0,20,Shirley
Miss Moore,I,0,20,Shirley
Miss Moore,A,0,20,Shirley
Miss Moore,DC,0,20,Shirley
Miss Moore,DN,0,20,Shirley
Miss Pearson,N,0,20,Shirley
Miss Pearson,C,0,20,Shirley
Miss Pearson,I,0,20,Shirley
Miss Pearson,A,0,20,Shirley
Miss Pearson,DC,0,20,Shirley
Miss Pearson,DN,0,20,Shirley
Moore,N,0,20,Shirley
Moore,C,0,20,Shirley
Moore,I,0,20,Shirley
Moore,A,0,20,Shirley
Moore,DC,0,20,Shirley
Moore,DN,0,20,Shirley
Moses,N,0,20,Shirley
Moses,C,0,20,Shirley
Moses,I,0,20,Shirley
Moses,A,0,20,Shirley
Moses,DC,0,20,Shirley
Moses,DN,0,20,Shirley
Mother,N,0,20,Shirley
Mother,C,0,20,Shirley
Mother,I,0,20,Shirley
Mother,A,0,20,Shirley
Mother,DC,0,20,Shirley
Mother,DN,0,20,Shirley
Mr. Barraclough,N,0,20,Shirley
Mr. Barraclough,C,0,20,Shirley
Mr. Barraclough,I,0,20,Shirley
Mr. Barraclough,A,0,20,Shirley
Mr. Barraclough,DC,0,20,Shirley
Mr. Barraclough,DN,0,20,Shirley
Mr. Gale,N,0,20,Shirley
Mr. Gale,C,0,20,Shirley
Mr. Gale,I,0,20,Shirley
Mr. Gale,A,0,20,Shirley
Mr. Gale,DC,0,20,Shirley
Mr. Gale,DN,0,20,Shirley
Mr. Hall,N,1,20,Shirley
Mr. Hall,C,0,20,Shirley
Mr. Hall,I,0,20,Shirley
Mr. Hall,A,1,20,Shirley
Mr. Hall,DC,1,20,Shirley
Mr. Hall,DN,0,20,Shirley
Mr. Helstone,N,5,20,Shirley
Mr. Helstone,C,0,20,Shirley
Mr. Helstone,I,0,20,Shirley
Mr. Helstone,A,2,20,Shirley
Mr. Helstone,DC,5,20,Shirley
Mr. Helstone,DN,0,20,Shirley
Mr. Moore,N,14,20,Shirley
Mr. Moore,C,9,20,Shirley
Mr. Moore,I,15,20,Shirley
Mr. Moore,A,23,20,Shirley
Mr. Moore,DC,34,20,Shirley
Mr. Moore,DN,0,20,Shirley
Mr. Moore----,N,0,20,Shirley
Mr. Moore----,C,0,20,Shirley
Mr. Moore----,I,0,20,Shirley
Mr. Moore----,A,0,20,Shirley
Mr. Moore----,DC,0,20,Shirley
Mr. Moore----,DN,0,20,Shirley
Mr. Ramsden,N,0,20,Shirley
Mr. Ramsden,C,0,20,Shirley
Mr. Ramsden,I,0,20,Shirley
Mr. Ramsden,A,0,20,Shirley
Mr. Ramsden,DC,0,20,Shirley
Mr. Ramsden,DN,0,20,Shirley
Mr. Sykes,N,0,20,Shirley
Mr. Sykes,C,0,20,Shirley
Mr. Sykes,I,0,20,Shirley
Mr. Sykes,A,0,20,Shirley
Mr. Sykes,DC,0,20,Shirley
Mr. Sykes,DN,0,20,Shirley
Mr. Sympson,N,0,20,Shirley
Mr. Sympson,C,0,20,Shirley
Mr. Sympson,I,0,20,Shirley
Mr. Sympson,A,0,20,Shirley
Mr. Sympson,DC,0,20,Shirley
Mr. Sympson,DN,0,20,Shirley
Mr. Wynne,N,0,20,Shirley
Mr. Wynne,C,0,20,Shirley
Mr. Wynne,I,0,20,Shirley
Mr. Wynne,A,0,20,Shirley
Mr. Wynne,DC,0,20,Shirley
Mr. Wynne,DN,0,20,Shirley
Mr. Yorke,N,1,20,Shirley
Mr. Yorke,C,0,20,Shirley
Mr. Yorke,I,0,20,Shirley
Mr. Yorke,A,1,20,Shirley
Mr. Yorke,DC,2,20,Shirley
Mr. Yorke,DN,0,20,Shirley
Mrs. Gale,N,0,20,Shirley
Mrs. Gale,C,0,20,Shirley
Mrs. Gale,I,0,20,Shirley
Mrs. Gale,A,0,20,Shirley
Mrs. Gale,DC,0,20,Shirley
Mrs. Gale,DN,0,20,Shirley
Mrs. Gill,N,8,20,Shirley
Mrs. Gill,C,3,20,Shirley
Mrs. Gill,I,0,20,Shirley
Mrs. Gill,A,8,20,Shirley
Mrs. Gill,DC,1,20,Shirley
Mrs. Gill,DN,1,20,Shirley
Mrs. Hardman,N,0,20,Shirley
Mrs. Hardman,C,0,20,Shirley
Mrs. Hardman,I,0,20,Shirley
Mrs. Hardman,A,0,20,Shirley
Mrs. Hardman,DC,0,20,Shirley
Mrs. Hardman,DN,0,20,Shirley
Mrs. Horsfall,N,0,20,Shirley
Mrs. Horsfall,C,0,20,Shirley
Mrs. Horsfall,I,0,20,Shirley
Mrs. Horsfall,A,0,20,Shirley
Mrs. Horsfall,DC,0,20,Shirley
Mrs. Horsfall,DN,0,20,Shirley
Mrs. Louis,N,0,20,Shirley
Mrs. Louis,C,0,20,Shirley
Mrs. Louis,I,0,20,Shirley
Mrs. Louis,A,0,20,Shirley
Mrs. Louis,DC,0,20,Shirley
Mrs. Louis,DN,0,20,Shirley
Mrs. Pryor,N,6,20,Shirley
Mrs. Pryor,C,2,20,Shirley
Mrs. Pryor,I,1,20,Shirley
Mrs. Pryor,A,5,20,Shirley
Mrs. Pryor,DC,4,20,Shirley
Mrs. Pryor,DN,2,20,Shirley
Mrs. Sykes,N,0,20,Shirley
Mrs. Sykes,C,0,20,Shirley
Mrs. Sykes,I,0,20,Shirley
Mrs. Sykes,A,0,20,Shirley
Mrs. Sykes,DC,0,20,Shirley
Mrs. Sykes,DN,0,20,Shirley
Mrs. Yorke,N,1,20,Shirley
Mrs. Yorke,C,0,20,Shirley
Mrs. Yorke,I,0,20,Shirley
Mrs. Yorke,A,0,20,Shirley
Mrs. Yorke,DC,1,20,Shirley
Mrs. Yorke,DN,0,20,Shirley
Murgatroyd,N,0,20,Shirley
Murgatroyd,C,0,20,Shirley
Murgatroyd,I,0,20,Shirley
Murgatroyd,A,0,20,Shirley
Murgatroyd,DC,0,20,Shirley
Murgatroyd,DN,0,20,Shirley
Napoleon,N,0,20,Shirley
Napoleon,C,0,20,Shirley
Napoleon,I,0,20,Shirley
Napoleon,A,0,20,Shirley
Napoleon,DC,0,20,Shirley
Napoleon,DN,0,20,Shirley
Nature,N,0,20,Shirley
Nature,C,0,20,Shirley
Nature,I,0,20,Shirley
Nature,A,0,20,Shirley
Nature,DC,0,20,Shirley
Nature,DN,0,20,Shirley
Pearson,N,0,20,Shirley
Pearson,C,0,20,Shirley
Pearson,I,0,20,Shirley
Pearson,A,0,20,Shirley
Pearson,DC,0,20,Shirley
Pearson,DN,0,20,Shirley
Peg Woffington.= CHARLES READE,N,0,20,Shirley
Peg Woffington.= CHARLES READE,C,0,20,Shirley
Peg Woffington.= CHARLES READE,I,0,20,Shirley
Peg Woffington.= CHARLES READE,A,0,20,Shirley
Peg Woffington.= CHARLES READE,DC,0,20,Shirley
Peg Woffington.= CHARLES READE,DN,0,20,Shirley
Peter,N,0,20,Shirley
Peter,C,0,20,Shirley
Peter,I,0,20,Shirley
Peter,A,0,20,Shirley
Peter,DC,0,20,Shirley
Peter,DN,0,20,Shirley
Phœbe,N,0,20,Shirley
Phœbe,C,0,20,Shirley
Phœbe,I,0,20,Shirley
Phœbe,A,0,20,Shirley
Phœbe,DC,0,20,Shirley
Phœbe,DN,0,20,Shirley
Providence,N,0,20,Shirley
Providence,C,0,20,Shirley
Providence,I,0,20,Shirley
Providence,A,0,20,Shirley
Providence,DC,0,20,Shirley
Providence,DN,0,20,Shirley
Robert,N,2,20,Shirley
Robert,C,0,20,Shirley
Robert,I,2,20,Shirley
Robert,A,1,20,Shirley
Robert,DC,5,20,Shirley
Robert,DN,0,20,Shirley
Rose,N,0,20,Shirley
Rose,C,0,20,Shirley
Rose,I,0,20,Shirley
Rose,A,0,20,Shirley
Rose,DC,0,20,Shirley
Rose,DN,0,20,Shirley
Sarah,N,0,20,Shirley
Sarah,C,0,20,Shirley
Sarah,I,0,20,Shirley
Sarah,A,0,20,Shirley
Sarah,DC,0,20,Shirley
Sarah,DN,0,20,Shirley
Saturnia,N,0,20,Shirley
Saturnia,C,0,20,Shirley
Saturnia,I,0,20,Shirley
Saturnia,A,0,20,Shirley
Saturnia,DC,0,20,Shirley
Saturnia,DN,0,20,Shirley
Shakespeare,N,0,20,Shirley
Shakespeare,C,0,20,Shirley
Shakespeare,I,0,20,Shirley
Shakespeare,A,0,20,Shirley
Shakespeare,DC,0,20,Shirley
Shakespeare,DN,0,20,Shirley
Shirley,N,30,20,Shirley
Shirley,C,19,20,Shirley
Shirley,I,13,20,Shirley
Shirley,A,14,20,Shirley
Shirley,DC,9,20,Shirley
Shirley,DN,5,20,Shirley
Sir Philip,N,0,20,Shirley
Sir Philip,C,0,20,Shirley
Sir Philip,I,0,20,Shirley
Sir Philip,A,0,20,Shirley
Sir Philip,DC,0,20,Shirley
Sir Philip,DN,0,20,Shirley
Sir Walter Scott,N,0,20,Shirley
Sir Walter Scott,C,0,20,Shirley
Sir Walter Scott,I,0,20,Shirley
Sir Walter Scott,A,0,20,Shirley
Sir Walter Scott,DC,0,20,Shirley
Sir Walter Scott,DN,0,20,Shirley
Sister,N,0,20,Shirley
Sister,C,0,20,Shirley
Sister,I,0,20,Shirley
Sister,A,0,20,Shirley
Sister,DC,0,20,Shirley
Sister,DN,0,20,Shirley
St. Paul,N,0,20,Shirley
St. Paul,C,0,20,Shirley
St. Paul,I,0,20,Shirley
St. Paul,A,0,20,Shirley
St. Paul,DC,0,20,Shirley
St. Paul,DN,0,20,Shirley
Stilbro,N,0,20,Shirley
Stilbro,C,0,20,Shirley
Stilbro,I,0,20,Shirley
Stilbro,A,0,20,Shirley
Stilbro,DC,0,20,Shirley
Stilbro,DN,0,20,Shirley
Sudgen,N,0,20,Shirley
Sudgen,C,0,20,Shirley
Sudgen,I,0,20,Shirley
Sudgen,A,0,20,Shirley
Sudgen,DC,0,20,Shirley
Sudgen,DN,0,20,Shirley
Sugden,N,0,20,Shirley
Sugden,C,0,20,Shirley
Sugden,I,0,20,Shirley
Sugden,A,0,20,Shirley
Sugden,DC,0,20,Shirley
Sugden,DN,0,20,Shirley
Sweeting,N,0,20,Shirley
Sweeting,C,0,20,Shirley
Sweeting,I,0,20,Shirley
Sweeting,A,0,20,Shirley
Sweeting,DC,0,20,Shirley
Sweeting,DN,0,20,Shirley
Tartar,N,3,20,Shirley
Tartar,C,0,20,Shirley
Tartar,I,0,20,Shirley
Tartar,A,0,20,Shirley
Tartar,DC,0,20,Shirley
Tartar,DN,0,20,Shirley
The Cossack,N,0,20,Shirley
The Cossack,C,0,20,Shirley
The Cossack,I,0,20,Shirley
The Cossack,A,0,20,Shirley
The Cossack,DC,0,20,Shirley
The Cossack,DN,0,20,Shirley
These Oreads,N,0,20,Shirley
These Oreads,C,0,20,Shirley
These Oreads,I,0,20,Shirley
These Oreads,A,0,20,Shirley
These Oreads,DC,0,20,Shirley
These Oreads,DN,0,20,Shirley
Tom Cringle,N,0,20,Shirley
Tom Cringle,C,0,20,Shirley
Tom Cringle,I,0,20,Shirley
Tom Cringle,A,0,20,Shirley
Tom Cringle,DC,0,20,Shirley
Tom Cringle,DN,0,20,Shirley
Uncle,N,0,20,Shirley
Uncle,C,0,20,Shirley
Uncle,I,0,20,Shirley
Uncle,A,0,20,Shirley
Uncle,DC,0,20,Shirley
Uncle,DN,0,20,Shirley
VICTOR HUGO,N,0,20,Shirley
VICTOR HUGO,C,0,20,Shirley
VICTOR HUGO,I,0,20,Shirley
VICTOR HUGO,A,0,20,Shirley
VICTOR HUGO,DC,0,20,Shirley
VICTOR HUGO,DN,0,20,Shirley
Whinbury,N,0,20,Shirley
Whinbury,C,0,20,Shirley
Whinbury,I,0,20,Shirley
Whinbury,A,0,20,Shirley
Whinbury,DC,0,20,Shirley
Whinbury,DN,0,20,Shirley
William,N,0,20,Shirley
William,C,0,20,Shirley
William,I,0,20,Shirley
William,A,0,20,Shirley
William,DC,0,20,Shirley
William,DN,0,20,Shirley
mademoiselle,N,0,20,Shirley
mademoiselle,C,0,20,Shirley
mademoiselle,I,0,20,Shirley
mademoiselle,A,0,20,Shirley
mademoiselle,DC,0,20,Shirley
mademoiselle,DN,0,20,Shirley
old Lady Nunnely,N,0,20,Shirley
old Lady Nunnely,C,0,20,Shirley
old Lady Nunnely,I,0,20,Shirley
old Lady Nunnely,A,0,20,Shirley
old Lady Nunnely,DC,0,20,Shirley
old Lady Nunnely,DN,0,20,Shirley
old Queen Charlotte,N,0,20,Shirley
old Queen Charlotte,C,0,20,Shirley
old Queen Charlotte,I,0,20,Shirley
old Queen Charlotte,A,0,20,Shirley
old Queen Charlotte,DC,0,20,Shirley
old Queen Charlotte,DN,0,20,Shirley
the Misses Sykes,N,0,20,Shirley
the Misses Sykes,C,0,20,Shirley
the Misses Sykes,I,0,20,Shirley
the Misses Sykes,A,0,20,Shirley
the Misses Sykes,DC,0,20,Shirley
the Misses Sykes,DN,0,20,Shirley
the Misses Sympson,N,0,20,Shirley
the Misses Sympson,C,0,20,Shirley
the Misses Sympson,I,0,20,Shirley
the Misses Sympson,A,0,20,Shirley
the Misses Sympson,DC,0,20,Shirley
the Misses Sympson,DN,0,20,Shirley
the Moores,N,0,20,Shirley
the Moores,C,0,20,Shirley
the Moores,I,0,20,Shirley
the Moores,A,0,20,Shirley
the Moores,DC,0,20,Shirley
the Moores,DN,0,20,Shirley
the Sympsons,N,0,20,Shirley
the Sympsons,C,0,20,Shirley
the Sympsons,I,0,20,Shirley
the Sympsons,A,0,20,Shirley
the Sympsons,DC,0,20,Shirley
the Sympsons,DN,0,20,Shirley
Abraham,N,0,21,Shirley
Abraham,C,0,21,Shirley
Abraham,I,0,21,Shirley
Abraham,A,0,21,Shirley
Abraham,DC,0,21,Shirley
Abraham,DN,0,21,Shirley
Adam,N,0,21,Shirley
Adam,C,0,21,Shirley
Adam,I,0,21,Shirley
Adam,A,0,21,Shirley
Adam,DC,0,21,Shirley
Adam,DN,0,21,Shirley
Bob,N,0,21,Shirley
Bob,C,0,21,Shirley
Bob,I,0,21,Shirley
Bob,A,0,21,Shirley
Bob,DC,0,21,Shirley
Bob,DN,0,21,Shirley
Bonaparte,N,0,21,Shirley
Bonaparte,C,0,21,Shirley
Bonaparte,I,0,21,Shirley
Bonaparte,A,0,21,Shirley
Bonaparte,DC,0,21,Shirley
Bonaparte,DN,0,21,Shirley
Boultby,N,0,21,Shirley
Boultby,C,0,21,Shirley
Boultby,I,0,21,Shirley
Boultby,A,0,21,Shirley
Boultby,DC,0,21,Shirley
Boultby,DN,0,21,Shirley
Briarmains,N,0,21,Shirley
Briarmains,C,0,21,Shirley
Briarmains,I,0,21,Shirley
Briarmains,A,0,21,Shirley
Briarmains,DC,0,21,Shirley
Briarmains,DN,0,21,Shirley
CHARLES DICKENS,N,0,21,Shirley
CHARLES DICKENS,C,0,21,Shirley
CHARLES DICKENS,I,0,21,Shirley
CHARLES DICKENS,A,0,21,Shirley
CHARLES DICKENS,DC,0,21,Shirley
CHARLES DICKENS,DN,0,21,Shirley
Captain Keeldar,N,0,21,Shirley
Captain Keeldar,C,0,21,Shirley
Captain Keeldar,I,0,21,Shirley
Captain Keeldar,A,0,21,Shirley
Captain Keeldar,DC,0,21,Shirley
Captain Keeldar,DN,0,21,Shirley
Caroline,N,29,21,Shirley
Caroline,C,37,21,Shirley
Caroline,I,20,21,Shirley
Caroline,A,18,21,Shirley
Caroline,DC,0,21,Shirley
Caroline,DN,2,21,Shirley
"Caroline--""She",N,0,21,Shirley
"Caroline--""She",C,0,21,Shirley
"Caroline--""She",I,0,21,Shirley
"Caroline--""She",A,0,21,Shirley
"Caroline--""She",DC,0,21,Shirley
"Caroline--""She",DN,0,21,Shirley
Cary,N,0,21,Shirley
Cary,C,0,21,Shirley
Cary,I,0,21,Shirley
Cary,A,0,21,Shirley
Cary,DC,0,21,Shirley
Cary,DN,0,21,Shirley
Castlereagh,N,0,21,Shirley
Castlereagh,C,0,21,Shirley
Castlereagh,I,0,21,Shirley
Castlereagh,A,0,21,Shirley
Castlereagh,DC,0,21,Shirley
Castlereagh,DN,0,21,Shirley
Chénier,N,0,21,Shirley
Chénier,C,0,21,Shirley
Chénier,I,0,21,Shirley
Chénier,A,0,21,Shirley
Chénier,DC,0,21,Shirley
Chénier,DN,0,21,Shirley
Coriolanus,N,0,21,Shirley
Coriolanus,C,0,21,Shirley
Coriolanus,I,0,21,Shirley
Coriolanus,A,0,21,Shirley
Coriolanus,DC,0,21,Shirley
Coriolanus,DN,0,21,Shirley
Cowper,N,0,21,Shirley
Cowper,C,0,21,Shirley
Cowper,I,0,21,Shirley
Cowper,A,0,21,Shirley
Cowper,DC,0,21,Shirley
Cowper,DN,0,21,Shirley
Cyril Hall,N,0,21,Shirley
Cyril Hall,C,0,21,Shirley
Cyril Hall,I,0,21,Shirley
Cyril Hall,A,0,21,Shirley
Cyril Hall,DC,0,21,Shirley
Cyril Hall,DN,0,21,Shirley
Daniel,N,0,21,Shirley
Daniel,C,0,21,Shirley
Daniel,I,0,21,Shirley
Daniel,A,0,21,Shirley
Daniel,DC,0,21,Shirley
Daniel,DN,0,21,Shirley
Davy,N,0,21,Shirley
Davy,C,0,21,Shirley
Davy,I,0,21,Shirley
Davy,A,0,21,Shirley
Davy,DC,0,21,Shirley
Davy,DN,0,21,Shirley
Donne,N,1,21,Shirley
Donne,C,0,21,Shirley
Donne,I,0,21,Shirley
Donne,A,0,21,Shirley
Donne,DC,0,21,Shirley
Donne,DN,0,21,Shirley
Dora,N,0,21,Shirley
Dora,C,0,21,Shirley
Dora,I,0,21,Shirley
Dora,A,0,21,Shirley
Dora,DC,0,21,Shirley
Dora,DN,0,21,Shirley
Dr. Boultby,N,0,21,Shirley
Dr. Boultby,C,0,21,Shirley
Dr. Boultby,I,0,21,Shirley
Dr. Boultby,A,0,21,Shirley
Dr. Boultby,DC,0,21,Shirley
Dr. Boultby,DN,0,21,Shirley
Eliza,N,0,21,Shirley
Eliza,C,0,21,Shirley
Eliza,I,0,21,Shirley
Eliza,A,0,21,Shirley
Eliza,DC,0,21,Shirley
Eliza,DN,0,21,Shirley
Eva,N,0,21,Shirley
Eva,C,0,21,Shirley
Eva,I,0,21,Shirley
Eva,A,0,21,Shirley
Eva,DC,0,21,Shirley
Eva,DN,0,21,Shirley
Eve,N,0,21,Shirley
Eve,C,0,21,Shirley
Eve,I,0,21,Shirley
Eve,A,0,21,Shirley
Eve,DC,0,21,Shirley
Eve,DN,0,21,Shirley
Fanny,N,0,21,Shirley
Fanny,C,0,21,Shirley
Fanny,I,0,21,Shirley
Fanny,A,0,21,Shirley
Fanny,DC,0,21,Shirley
Fanny,DN,0,21,Shirley
Farrens,N,0,21,Shirley
Farrens,C,0,21,Shirley
Farrens,I,0,21,Shirley
Farrens,A,0,21,Shirley
Farrens,DC,0,21,Shirley
Farrens,DN,0,21,Shirley
Fieldhead,N,2,21,Shirley
Fieldhead,C,0,21,Shirley
Fieldhead,I,0,21,Shirley
Fieldhead,A,0,21,Shirley
Fieldhead,DC,2,21,Shirley
Fieldhead,DN,0,21,Shirley
Fortune,N,0,21,Shirley
Fortune,C,0,21,Shirley
Fortune,I,0,21,Shirley
Fortune,A,0,21,Shirley
Fortune,DC,0,21,Shirley
Fortune,DN,0,21,Shirley
God,N,3,21,Shirley
God,C,0,21,Shirley
God,I,0,21,Shirley
God,A,2,21,Shirley
God,DC,2,21,Shirley
God,DN,0,21,Shirley
Grace,N,0,21,Shirley
Grace,C,0,21,Shirley
Grace,I,0,21,Shirley
Grace,A,0,21,Shirley
Grace,DC,0,21,Shirley
Grace,DN,0,21,Shirley
Hannah,N,0,21,Shirley
Hannah,C,0,21,Shirley
Hannah,I,0,21,Shirley
Hannah,A,0,21,Shirley
Hannah,DC,0,21,Shirley
Hannah,DN,0,21,Shirley
Harriet,N,0,21,Shirley
Harriet,C,0,21,Shirley
Harriet,I,0,21,Shirley
Harriet,A,0,21,Shirley
Harriet,DC,0,21,Shirley
Harriet,DN,0,21,Shirley
Helstone,N,0,21,Shirley
Helstone,C,0,21,Shirley
Helstone,I,0,21,Shirley
Helstone,A,0,21,Shirley
Helstone,DC,0,21,Shirley
Helstone,DN,0,21,Shirley
Henry,N,0,21,Shirley
Henry,C,0,21,Shirley
Henry,I,0,21,Shirley
Henry,A,0,21,Shirley
Henry,DC,0,21,Shirley
Henry,DN,0,21,Shirley
Hiram Yorke,N,1,21,Shirley
Hiram Yorke,C,0,21,Shirley
Hiram Yorke,I,0,21,Shirley
Hiram Yorke,A,0,21,Shirley
Hiram Yorke,DC,1,21,Shirley
Hiram Yorke,DN,0,21,Shirley
Hollow,N,5,21,Shirley
Hollow,C,0,21,Shirley
Hollow,I,2,21,Shirley
Hollow,A,8,21,Shirley
Hollow,DC,8,21,Shirley
Hollow,DN,0,21,Shirley
Hortense,N,0,21,Shirley
Hortense,C,0,21,Shirley
Hortense,I,0,21,Shirley
Hortense,A,0,21,Shirley
Hortense,DC,0,21,Shirley
Hortense,DN,0,21,Shirley
Isabella,N,0,21,Shirley
Isabella,C,0,21,Shirley
Isabella,I,0,21,Shirley
Isabella,A,0,21,Shirley
Isabella,DC,0,21,Shirley
Isabella,DN,0,21,Shirley
James,N,0,21,Shirley
James,C,0,21,Shirley
James,I,0,21,Shirley
James,A,0,21,Shirley
James,DC,0,21,Shirley
James,DN,0,21,Shirley
Jessy,N,1,21,Shirley
Jessy,C,0,21,Shirley
Jessy,I,0,21,Shirley
Jessy,A,0,21,Shirley
Jessy,DC,1,21,Shirley
Jessy,DN,0,21,Shirley
Joe,N,0,21,Shirley
Joe,C,0,21,Shirley
Joe,I,0,21,Shirley
Joe,A,0,21,Shirley
Joe,DC,0,21,Shirley
Joe,DN,0,21,Shirley
John,N,0,21,Shirley
John,C,0,21,Shirley
John,I,0,21,Shirley
John,A,0,21,Shirley
John,DC,0,21,Shirley
John,DN,0,21,Shirley
John Wesley,N,0,21,Shirley
John Wesley,C,0,21,Shirley
John Wesley,I,0,21,Shirley
John Wesley,A,0,21,Shirley
John Wesley,DC,0,21,Shirley
John Wesley,DN,0,21,Shirley
Lamb,N,0,21,Shirley
Lamb,C,0,21,Shirley
Lamb,I,0,21,Shirley
Lamb,A,0,21,Shirley
Lamb,DC,0,21,Shirley
Lamb,DN,0,21,Shirley
Lina,N,0,21,Shirley
Lina,C,0,21,Shirley
Lina,I,0,21,Shirley
Lina,A,0,21,Shirley
Lina,DC,0,21,Shirley
Lina,DN,0,21,Shirley
Lord Wellington,N,0,21,Shirley
Lord Wellington,C,0,21,Shirley
Lord Wellington,I,0,21,Shirley
Lord Wellington,A,0,21,Shirley
Lord Wellington,DC,0,21,Shirley
Lord Wellington,DN,0,21,Shirley
Louis,N,0,21,Shirley
Louis,C,0,21,Shirley
Louis,I,0,21,Shirley
Louis,A,0,21,Shirley
Louis,DC,0,21,Shirley
Louis,DN,0,21,Shirley
Lucretia,N,0,21,Shirley
Lucretia,C,0,21,Shirley
Lucretia,I,0,21,Shirley
Lucretia,A,0,21,Shirley
Lucretia,DC,0,21,Shirley
Lucretia,DN,0,21,Shirley
MATTERS,N,0,21,Shirley
MATTERS,C,0,21,Shirley
MATTERS,I,0,21,Shirley
MATTERS,A,0,21,Shirley
MATTERS,DC,0,21,Shirley
MATTERS,DN,0,21,Shirley
MacTurk,N,0,21,Shirley
MacTurk,C,0,21,Shirley
MacTurk,I,0,21,Shirley
MacTurk,A,0,21,Shirley
MacTurk,DC,0,21,Shirley
MacTurk,DN,0,21,Shirley
Malone,N,0,21,Shirley
Malone,C,0,21,Shirley
Malone,I,0,21,Shirley
Malone,A,0,21,Shirley
Malone,DC,0,21,Shirley
Malone,DN,0,21,Shirley
Malone.--I,N,0,21,Shirley
Malone.--I,C,0,21,Shirley
Malone.--I,I,0,21,Shirley
Malone.--I,A,0,21,Shirley
Malone.--I,DC,0,21,Shirley
Malone.--I,DN,0,21,Shirley
Mamma,N,1,21,Shirley
Mamma,C,0,21,Shirley
Mamma,I,0,21,Shirley
Mamma,A,1,21,Shirley
Mamma,DC,1,21,Shirley
Mamma,DN,0,21,Shirley
Margaret,N,0,21,Shirley
Margaret,C,0,21,Shirley
Margaret,I,0,21,Shirley
Margaret,A,0,21,Shirley
Margaret,DC,0,21,Shirley
Margaret,DN,0,21,Shirley
Mark,N,0,21,Shirley
Mark,C,0,21,Shirley
Mark,I,0,21,Shirley
Mark,A,0,21,Shirley
Mark,DC,0,21,Shirley
Mark,DN,0,21,Shirley
Martin,N,0,21,Shirley
Martin,C,0,21,Shirley
Martin,I,0,21,Shirley
Martin,A,0,21,Shirley
Martin,DC,0,21,Shirley
Martin,DN,0,21,Shirley
Mary,N,0,21,Shirley
Mary,C,0,21,Shirley
Mary,I,0,21,Shirley
Mary,A,0,21,Shirley
Mary,DC,0,21,Shirley
Mary,DN,0,21,Shirley
Mary Ann Ainley,N,0,21,Shirley
Mary Ann Ainley,C,0,21,Shirley
Mary Ann Ainley,I,0,21,Shirley
Mary Ann Ainley,A,0,21,Shirley
Mary Ann Ainley,DC,0,21,Shirley
Mary Ann Ainley,DN,0,21,Shirley
Matthew,N,0,21,Shirley
Matthew,C,0,21,Shirley
Matthew,I,0,21,Shirley
Matthew,A,0,21,Shirley
Matthew,DC,0,21,Shirley
Matthew,DN,0,21,Shirley
Matthewson Helstone,N,1,21,Shirley
Matthewson Helstone,C,0,21,Shirley
Matthewson Helstone,I,0,21,Shirley
Matthewson Helstone,A,2,21,Shirley
Matthewson Helstone,DC,3,21,Shirley
Matthewson Helstone,DN,0,21,Shirley
Mike,N,0,21,Shirley
Mike,C,0,21,Shirley
Mike,I,0,21,Shirley
Mike,A,0,21,Shirley
Mike,DC,0,21,Shirley
Mike,DN,0,21,Shirley
Miss Ainley,N,0,21,Shirley
Miss Ainley,C,0,21,Shirley
Miss Ainley,I,0,21,Shirley
Miss Ainley,A,0,21,Shirley
Miss Ainley,DC,0,21,Shirley
Miss Ainley,DN,0,21,Shirley
Miss Austen,N,0,21,Shirley
Miss Austen,C,0,21,Shirley
Miss Austen,I,0,21,Shirley
Miss Austen,A,0,21,Shirley
Miss Austen,DC,0,21,Shirley
Miss Austen,DN,0,21,Shirley
Miss Cave,N,0,21,Shirley
Miss Cave,C,0,21,Shirley
Miss Cave,I,0,21,Shirley
Miss Cave,A,0,21,Shirley
Miss Cave,DC,0,21,Shirley
Miss Cave,DN,0,21,Shirley
Miss Grey,N,1,21,Shirley
Miss Grey,C,0,21,Shirley
Miss Grey,I,1,21,Shirley
Miss Grey,A,3,21,Shirley
Miss Grey,DC,4,21,Shirley
Miss Grey,DN,0,21,Shirley
Miss Hardman,N,4,21,Shirley
Miss Hardman,C,0,21,Shirley
Miss Hardman,I,2,21,Shirley
Miss Hardman,A,3,21,Shirley
Miss Hardman,DC,11,21,Shirley
Miss Hardman,DN,0,21,Shirley
Miss Mann,N,1,21,Shirley
Miss Mann,C,0,21,Shirley
Miss Mann,I,0,21,Shirley
Miss Mann,A,0,21,Shirley
Miss Mann,DC,1,21,Shirley
Miss Mann,DN,0,21,Shirley
Miss Mary,N,0,21,Shirley
Miss Mary,C,0,21,Shirley
Miss Mary,I,0,21,Shirley
Miss Mary,A,0,21,Shirley
Miss Mary,DC,0,21,Shirley
Miss Mary,DN,0,21,Shirley
Miss Moore,N,0,21,Shirley
Miss Moore,C,0,21,Shirley
Miss Moore,I,0,21,Shirley
Miss Moore,A,0,21,Shirley
Miss Moore,DC,0,21,Shirley
Miss Moore,DN,0,21,Shirley
Miss Pearson,N,0,21,Shirley
Miss Pearson,C,0,21,Shirley
Miss Pearson,I,0,21,Shirley
Miss Pearson,A,0,21,Shirley
Miss Pearson,DC,0,21,Shirley
Miss Pearson,DN,0,21,Shirley
Moore,N,0,21,Shirley
Moore,C,0,21,Shirley
Moore,I,0,21,Shirley
Moore,A,0,21,Shirley
Moore,DC,0,21,Shirley
Moore,DN,0,21,Shirley
Moses,N,0,21,Shirley
Moses,C,0,21,Shirley
Moses,I,0,21,Shirley
Moses,A,0,21,Shirley
Moses,DC,0,21,Shirley
Moses,DN,0,21,Shirley
Mother,N,0,21,Shirley
Mother,C,0,21,Shirley
Mother,I,0,21,Shirley
Mother,A,0,21,Shirley
Mother,DC,0,21,Shirley
Mother,DN,0,21,Shirley
Mr. Barraclough,N,0,21,Shirley
Mr. Barraclough,C,0,21,Shirley
Mr. Barraclough,I,0,21,Shirley
Mr. Barraclough,A,0,21,Shirley
Mr. Barraclough,DC,0,21,Shirley
Mr. Barraclough,DN,0,21,Shirley
Mr. Gale,N,0,21,Shirley
Mr. Gale,C,0,21,Shirley
Mr. Gale,I,0,21,Shirley
Mr. Gale,A,0,21,Shirley
Mr. Gale,DC,0,21,Shirley
Mr. Gale,DN,0,21,Shirley
Mr. Hall,N,2,21,Shirley
Mr. Hall,C,0,21,Shirley
Mr. Hall,I,0,21,Shirley
Mr. Hall,A,0,21,Shirley
Mr. Hall,DC,2,21,Shirley
Mr. Hall,DN,0,21,Shirley
Mr. Helstone,N,8,21,Shirley
Mr. Helstone,C,0,21,Shirley
Mr. Helstone,I,1,21,Shirley
Mr. Helstone,A,4,21,Shirley
Mr. Helstone,DC,3,21,Shirley
Mr. Helstone,DN,2,21,Shirley
Mr. Moore,N,4,21,Shirley
Mr. Moore,C,0,21,Shirley
Mr. Moore,I,1,21,Shirley
Mr. Moore,A,8,21,Shirley
Mr. Moore,DC,3,21,Shirley
Mr. Moore,DN,1,21,Shirley
Mr. Moore----,N,0,21,Shirley
Mr. Moore----,C,0,21,Shirley
Mr. Moore----,I,0,21,Shirley
Mr. Moore----,A,0,21,Shirley
Mr. Moore----,DC,0,21,Shirley
Mr. Moore----,DN,0,21,Shirley
Mr. Ramsden,N,0,21,Shirley
Mr. Ramsden,C,0,21,Shirley
Mr. Ramsden,I,0,21,Shirley
Mr. Ramsden,A,0,21,Shirley
Mr. Ramsden,DC,0,21,Shirley
Mr. Ramsden,DN,0,21,Shirley
Mr. Sykes,N,0,21,Shirley
Mr. Sykes,C,0,21,Shirley
Mr. Sykes,I,0,21,Shirley
Mr. Sykes,A,0,21,Shirley
Mr. Sykes,DC,0,21,Shirley
Mr. Sykes,DN,0,21,Shirley
Mr. Sympson,N,0,21,Shirley
Mr. Sympson,C,0,21,Shirley
Mr. Sympson,I,0,21,Shirley
Mr. Sympson,A,0,21,Shirley
Mr. Sympson,DC,0,21,Shirley
Mr. Sympson,DN,0,21,Shirley
Mr. Wynne,N,0,21,Shirley
Mr. Wynne,C,0,21,Shirley
Mr. Wynne,I,0,21,Shirley
Mr. Wynne,A,0,21,Shirley
Mr. Wynne,DC,0,21,Shirley
Mr. Wynne,DN,0,21,Shirley
Mr. Yorke,N,11,21,Shirley
Mr. Yorke,C,12,21,Shirley
Mr. Yorke,I,17,21,Shirley
Mr. Yorke,A,13,21,Shirley
Mr. Yorke,DC,1,21,Shirley
Mr. Yorke,DN,1,21,Shirley
Mrs. Gale,N,0,21,Shirley
Mrs. Gale,C,0,21,Shirley
Mrs. Gale,I,0,21,Shirley
Mrs. Gale,A,0,21,Shirley
Mrs. Gale,DC,0,21,Shirley
Mrs. Gale,DN,0,21,Shirley
Mrs. Gill,N,0,21,Shirley
Mrs. Gill,C,0,21,Shirley
Mrs. Gill,I,0,21,Shirley
Mrs. Gill,A,0,21,Shirley
Mrs. Gill,DC,0,21,Shirley
Mrs. Gill,DN,0,21,Shirley
Mrs. Hardman,N,1,21,Shirley
Mrs. Hardman,C,0,21,Shirley
Mrs. Hardman,I,3,21,Shirley
Mrs. Hardman,A,0,21,Shirley
Mrs. Hardman,DC,0,21,Shirley
Mrs. Hardman,DN,0,21,Shirley
Mrs. Horsfall,N,0,21,Shirley
Mrs. Horsfall,C,0,21,Shirley
Mrs. Horsfall,I,0,21,Shirley
Mrs. Horsfall,A,0,21,Shirley
Mrs. Horsfall,DC,0,21,Shirley
Mrs. Horsfall,DN,0,21,Shirley
Mrs. Louis,N,0,21,Shirley
Mrs. Louis,C,0,21,Shirley
Mrs. Louis,I,0,21,Shirley
Mrs. Louis,A,0,21,Shirley
Mrs. Louis,DC,0,21,Shirley
Mrs. Louis,DN,0,21,Shirley
Mrs. Pryor,N,22,21,Shirley
Mrs. Pryor,C,21,21,Shirley
Mrs. Pryor,I,30,21,Shirley
Mrs. Pryor,A,20,21,Shirley
Mrs. Pryor,DC,4,21,Shirley
Mrs. Pryor,DN,1,21,Shirley
Mrs. Sykes,N,0,21,Shirley
Mrs. Sykes,C,0,21,Shirley
Mrs. Sykes,I,0,21,Shirley
Mrs. Sykes,A,0,21,Shirley
Mrs. Sykes,DC,0,21,Shirley
Mrs. Sykes,DN,0,21,Shirley
Mrs. Yorke,N,1,21,Shirley
Mrs. Yorke,C,0,21,Shirley
Mrs. Yorke,I,0,21,Shirley
Mrs. Yorke,A,0,21,Shirley
Mrs. Yorke,DC,1,21,Shirley
Mrs. Yorke,DN,0,21,Shirley
Murgatroyd,N,0,21,Shirley
Murgatroyd,C,0,21,Shirley
Murgatroyd,I,0,21,Shirley
Murgatroyd,A,0,21,Shirley
Murgatroyd,DC,0,21,Shirley
Murgatroyd,DN,0,21,Shirley
Napoleon,N,0,21,Shirley
Napoleon,C,0,21,Shirley
Napoleon,I,0,21,Shirley
Napoleon,A,0,21,Shirley
Napoleon,DC,0,21,Shirley
Napoleon,DN,0,21,Shirley
Nature,N,0,21,Shirley
Nature,C,0,21,Shirley
Nature,I,0,21,Shirley
Nature,A,0,21,Shirley
Nature,DC,0,21,Shirley
Nature,DN,0,21,Shirley
Pearson,N,0,21,Shirley
Pearson,C,0,21,Shirley
Pearson,I,0,21,Shirley
Pearson,A,0,21,Shirley
Pearson,DC,0,21,Shirley
Pearson,DN,0,21,Shirley
Peg Woffington.= CHARLES READE,N,0,21,Shirley
Peg Woffington.= CHARLES READE,C,0,21,Shirley
Peg Woffington.= CHARLES READE,I,0,21,Shirley
Peg Woffington.= CHARLES READE,A,0,21,Shirley
Peg Woffington.= CHARLES READE,DC,0,21,Shirley
Peg Woffington.= CHARLES READE,DN,0,21,Shirley
Peter,N,0,21,Shirley
Peter,C,0,21,Shirley
Peter,I,0,21,Shirley
Peter,A,0,21,Shirley
Peter,DC,0,21,Shirley
Peter,DN,0,21,Shirley
Phœbe,N,0,21,Shirley
Phœbe,C,0,21,Shirley
Phœbe,I,0,21,Shirley
Phœbe,A,0,21,Shirley
Phœbe,DC,0,21,Shirley
Phœbe,DN,0,21,Shirley
Providence,N,0,21,Shirley
Providence,C,0,21,Shirley
Providence,I,0,21,Shirley
Providence,A,0,21,Shirley
Providence,DC,0,21,Shirley
Providence,DN,0,21,Shirley
Robert,N,12,21,Shirley
Robert,C,0,21,Shirley
Robert,I,1,21,Shirley
Robert,A,1,21,Shirley
Robert,DC,10,21,Shirley
Robert,DN,0,21,Shirley
Rose,N,0,21,Shirley
Rose,C,0,21,Shirley
Rose,I,0,21,Shirley
Rose,A,0,21,Shirley
Rose,DC,0,21,Shirley
Rose,DN,0,21,Shirley
Sarah,N,0,21,Shirley
Sarah,C,0,21,Shirley
Sarah,I,0,21,Shirley
Sarah,A,0,21,Shirley
Sarah,DC,0,21,Shirley
Sarah,DN,0,21,Shirley
Saturnia,N,0,21,Shirley
Saturnia,C,0,21,Shirley
Saturnia,I,0,21,Shirley
Saturnia,A,0,21,Shirley
Saturnia,DC,0,21,Shirley
Saturnia,DN,0,21,Shirley
Shakespeare,N,0,21,Shirley
Shakespeare,C,0,21,Shirley
Shakespeare,I,0,21,Shirley
Shakespeare,A,0,21,Shirley
Shakespeare,DC,0,21,Shirley
Shakespeare,DN,0,21,Shirley
Shirley,N,26,21,Shirley
Shirley,C,22,21,Shirley
Shirley,I,8,21,Shirley
Shirley,A,16,21,Shirley
Shirley,DC,7,21,Shirley
Shirley,DN,0,21,Shirley
Sir Philip,N,0,21,Shirley
Sir Philip,C,0,21,Shirley
Sir Philip,I,0,21,Shirley
Sir Philip,A,0,21,Shirley
Sir Philip,DC,0,21,Shirley
Sir Philip,DN,0,21,Shirley
Sir Walter Scott,N,0,21,Shirley
Sir Walter Scott,C,0,21,Shirley
Sir Walter Scott,I,0,21,Shirley
Sir Walter Scott,A,0,21,Shirley
Sir Walter Scott,DC,0,21,Shirley
Sir Walter Scott,DN,0,21,Shirley
Sister,N,0,21,Shirley
Sister,C,0,21,Shirley
Sister,I,0,21,Shirley
Sister,A,0,21,Shirley
Sister,DC,0,21,Shirley
Sister,DN,0,21,Shirley
St. Paul,N,0,21,Shirley
St. Paul,C,0,21,Shirley
St. Paul,I,0,21,Shirley
St. Paul,A,0,21,Shirley
St. Paul,DC,0,21,Shirley
St. Paul,DN,0,21,Shirley
Stilbro,N,0,21,Shirley
Stilbro,C,0,21,Shirley
Stilbro,I,0,21,Shirley
Stilbro,A,0,21,Shirley
Stilbro,DC,0,21,Shirley
Stilbro,DN,0,21,Shirley
Sudgen,N,0,21,Shirley
Sudgen,C,0,21,Shirley
Sudgen,I,0,21,Shirley
Sudgen,A,0,21,Shirley
Sudgen,DC,0,21,Shirley
Sudgen,DN,0,21,Shirley
Sugden,N,0,21,Shirley
Sugden,C,0,21,Shirley
Sugden,I,0,21,Shirley
Sugden,A,0,21,Shirley
Sugden,DC,0,21,Shirley
Sugden,DN,0,21,Shirley
Sweeting,N,0,21,Shirley
Sweeting,C,0,21,Shirley
Sweeting,I,0,21,Shirley
Sweeting,A,0,21,Shirley
Sweeting,DC,0,21,Shirley
Sweeting,DN,0,21,Shirley
Tartar,N,0,21,Shirley
Tartar,C,0,21,Shirley
Tartar,I,0,21,Shirley
Tartar,A,0,21,Shirley
Tartar,DC,0,21,Shirley
Tartar,DN,0,21,Shirley
The Cossack,N,0,21,Shirley
The Cossack,C,0,21,Shirley
The Cossack,I,0,21,Shirley
The Cossack,A,0,21,Shirley
The Cossack,DC,0,21,Shirley
The Cossack,DN,0,21,Shirley
These Oreads,N,0,21,Shirley
These Oreads,C,0,21,Shirley
These Oreads,I,0,21,Shirley
These Oreads,A,0,21,Shirley
These Oreads,DC,0,21,Shirley
These Oreads,DN,0,21,Shirley
Tom Cringle,N,0,21,Shirley
Tom Cringle,C,0,21,Shirley
Tom Cringle,I,0,21,Shirley
Tom Cringle,A,0,21,Shirley
Tom Cringle,DC,0,21,Shirley
Tom Cringle,DN,0,21,Shirley
Uncle,N,0,21,Shirley
Uncle,C,0,21,Shirley
Uncle,I,0,21,Shirley
Uncle,A,0,21,Shirley
Uncle,DC,0,21,Shirley
Uncle,DN,0,21,Shirley
VICTOR HUGO,N,0,21,Shirley
VICTOR HUGO,C,0,21,Shirley
VICTOR HUGO,I,0,21,Shirley
VICTOR HUGO,A,0,21,Shirley
VICTOR HUGO,DC,0,21,Shirley
VICTOR HUGO,DN,0,21,Shirley
Whinbury,N,0,21,Shirley
Whinbury,C,0,21,Shirley
Whinbury,I,0,21,Shirley
Whinbury,A,0,21,Shirley
Whinbury,DC,0,21,Shirley
Whinbury,DN,0,21,Shirley
William,N,0,21,Shirley
William,C,0,21,Shirley
William,I,0,21,Shirley
William,A,0,21,Shirley
William,DC,0,21,Shirley
William,DN,0,21,Shirley
mademoiselle,N,0,21,Shirley
mademoiselle,C,0,21,Shirley
mademoiselle,I,0,21,Shirley
mademoiselle,A,0,21,Shirley
mademoiselle,DC,0,21,Shirley
mademoiselle,DN,0,21,Shirley
old Lady Nunnely,N,0,21,Shirley
old Lady Nunnely,C,0,21,Shirley
old Lady Nunnely,I,0,21,Shirley
old Lady Nunnely,A,0,21,Shirley
old Lady Nunnely,DC,0,21,Shirley
old Lady Nunnely,DN,0,21,Shirley
old Queen Charlotte,N,0,21,Shirley
old Queen Charlotte,C,0,21,Shirley
old Queen Charlotte,I,0,21,Shirley
old Queen Charlotte,A,0,21,Shirley
old Queen Charlotte,DC,0,21,Shirley
old Queen Charlotte,DN,0,21,Shirley
the Misses Sykes,N,0,21,Shirley
the Misses Sykes,C,0,21,Shirley
the Misses Sykes,I,0,21,Shirley
the Misses Sykes,A,0,21,Shirley
the Misses Sykes,DC,0,21,Shirley
the Misses Sykes,DN,0,21,Shirley
the Misses Sympson,N,0,21,Shirley
the Misses Sympson,C,0,21,Shirley
the Misses Sympson,I,0,21,Shirley
the Misses Sympson,A,0,21,Shirley
the Misses Sympson,DC,0,21,Shirley
the Misses Sympson,DN,0,21,Shirley
the Moores,N,0,21,Shirley
the Moores,C,0,21,Shirley
the Moores,I,0,21,Shirley
the Moores,A,0,21,Shirley
the Moores,DC,0,21,Shirley
the Moores,DN,0,21,Shirley
the Sympsons,N,0,21,Shirley
the Sympsons,C,0,21,Shirley
the Sympsons,I,0,21,Shirley
the Sympsons,A,0,21,Shirley
the Sympsons,DC,0,21,Shirley
the Sympsons,DN,0,21,Shirley
Abraham,N,0,22,Shirley
Abraham,C,0,22,Shirley
Abraham,I,0,22,Shirley
Abraham,A,0,22,Shirley
Abraham,DC,0,22,Shirley
Abraham,DN,0,22,Shirley
Adam,N,0,22,Shirley
Adam,C,0,22,Shirley
Adam,I,0,22,Shirley
Adam,A,0,22,Shirley
Adam,DC,0,22,Shirley
Adam,DN,0,22,Shirley
Bob,N,0,22,Shirley
Bob,C,0,22,Shirley
Bob,I,0,22,Shirley
Bob,A,0,22,Shirley
Bob,DC,0,22,Shirley
Bob,DN,0,22,Shirley
Bonaparte,N,0,22,Shirley
Bonaparte,C,0,22,Shirley
Bonaparte,I,0,22,Shirley
Bonaparte,A,0,22,Shirley
Bonaparte,DC,0,22,Shirley
Bonaparte,DN,0,22,Shirley
Boultby,N,0,22,Shirley
Boultby,C,0,22,Shirley
Boultby,I,0,22,Shirley
Boultby,A,0,22,Shirley
Boultby,DC,0,22,Shirley
Boultby,DN,0,22,Shirley
Briarmains,N,0,22,Shirley
Briarmains,C,0,22,Shirley
Briarmains,I,0,22,Shirley
Briarmains,A,0,22,Shirley
Briarmains,DC,0,22,Shirley
Briarmains,DN,0,22,Shirley
CHARLES DICKENS,N,0,22,Shirley
CHARLES DICKENS,C,0,22,Shirley
CHARLES DICKENS,I,0,22,Shirley
CHARLES DICKENS,A,0,22,Shirley
CHARLES DICKENS,DC,0,22,Shirley
CHARLES DICKENS,DN,0,22,Shirley
Captain Keeldar,N,0,22,Shirley
Captain Keeldar,C,0,22,Shirley
Captain Keeldar,I,0,22,Shirley
Captain Keeldar,A,0,22,Shirley
Captain Keeldar,DC,0,22,Shirley
Captain Keeldar,DN,0,22,Shirley
Caroline,N,8,22,Shirley
Caroline,C,2,22,Shirley
Caroline,I,4,22,Shirley
Caroline,A,4,22,Shirley
Caroline,DC,0,22,Shirley
Caroline,DN,0,22,Shirley
"Caroline--""She",N,0,22,Shirley
"Caroline--""She",C,0,22,Shirley
"Caroline--""She",I,0,22,Shirley
"Caroline--""She",A,0,22,Shirley
"Caroline--""She",DC,0,22,Shirley
"Caroline--""She",DN,0,22,Shirley
Cary,N,0,22,Shirley
Cary,C,0,22,Shirley
Cary,I,0,22,Shirley
Cary,A,0,22,Shirley
Cary,DC,0,22,Shirley
Cary,DN,0,22,Shirley
Castlereagh,N,0,22,Shirley
Castlereagh,C,0,22,Shirley
Castlereagh,I,0,22,Shirley
Castlereagh,A,0,22,Shirley
Castlereagh,DC,0,22,Shirley
Castlereagh,DN,0,22,Shirley
Chénier,N,0,22,Shirley
Chénier,C,0,22,Shirley
Chénier,I,0,22,Shirley
Chénier,A,0,22,Shirley
Chénier,DC,0,22,Shirley
Chénier,DN,0,22,Shirley
Coriolanus,N,0,22,Shirley
Coriolanus,C,0,22,Shirley
Coriolanus,I,0,22,Shirley
Coriolanus,A,0,22,Shirley
Coriolanus,DC,0,22,Shirley
Coriolanus,DN,0,22,Shirley
Cowper,N,0,22,Shirley
Cowper,C,0,22,Shirley
Cowper,I,0,22,Shirley
Cowper,A,0,22,Shirley
Cowper,DC,0,22,Shirley
Cowper,DN,0,22,Shirley
Cyril Hall,N,0,22,Shirley
Cyril Hall,C,0,22,Shirley
Cyril Hall,I,0,22,Shirley
Cyril Hall,A,0,22,Shirley
Cyril Hall,DC,0,22,Shirley
Cyril Hall,DN,0,22,Shirley
Daniel,N,0,22,Shirley
Daniel,C,0,22,Shirley
Daniel,I,0,22,Shirley
Daniel,A,0,22,Shirley
Daniel,DC,0,22,Shirley
Daniel,DN,0,22,Shirley
Davy,N,0,22,Shirley
Davy,C,0,22,Shirley
Davy,I,0,22,Shirley
Davy,A,0,22,Shirley
Davy,DC,0,22,Shirley
Davy,DN,0,22,Shirley
Donne,N,0,22,Shirley
Donne,C,0,22,Shirley
Donne,I,0,22,Shirley
Donne,A,0,22,Shirley
Donne,DC,0,22,Shirley
Donne,DN,0,22,Shirley
Dora,N,0,22,Shirley
Dora,C,0,22,Shirley
Dora,I,0,22,Shirley
Dora,A,0,22,Shirley
Dora,DC,0,22,Shirley
Dora,DN,0,22,Shirley
Dr. Boultby,N,0,22,Shirley
Dr. Boultby,C,0,22,Shirley
Dr. Boultby,I,0,22,Shirley
Dr. Boultby,A,0,22,Shirley
Dr. Boultby,DC,0,22,Shirley
Dr. Boultby,DN,0,22,Shirley
Eliza,N,1,22,Shirley
Eliza,C,0,22,Shirley
Eliza,I,0,22,Shirley
Eliza,A,0,22,Shirley
Eliza,DC,0,22,Shirley
Eliza,DN,0,22,Shirley
Eva,N,0,22,Shirley
Eva,C,0,22,Shirley
Eva,I,0,22,Shirley
Eva,A,0,22,Shirley
Eva,DC,0,22,Shirley
Eva,DN,0,22,Shirley
Eve,N,0,22,Shirley
Eve,C,0,22,Shirley
Eve,I,0,22,Shirley
Eve,A,0,22,Shirley
Eve,DC,0,22,Shirley
Eve,DN,0,22,Shirley
Fanny,N,0,22,Shirley
Fanny,C,1,22,Shirley
Fanny,I,0,22,Shirley
Fanny,A,0,22,Shirley
Fanny,DC,0,22,Shirley
Fanny,DN,0,22,Shirley
Farrens,N,0,22,Shirley
Farrens,C,0,22,Shirley
Farrens,I,0,22,Shirley
Farrens,A,0,22,Shirley
Farrens,DC,0,22,Shirley
Farrens,DN,0,22,Shirley
Fieldhead,N,0,22,Shirley
Fieldhead,C,0,22,Shirley
Fieldhead,I,0,22,Shirley
Fieldhead,A,0,22,Shirley
Fieldhead,DC,0,22,Shirley
Fieldhead,DN,0,22,Shirley
Fortune,N,0,22,Shirley
Fortune,C,0,22,Shirley
Fortune,I,0,22,Shirley
Fortune,A,0,22,Shirley
Fortune,DC,0,22,Shirley
Fortune,DN,0,22,Shirley
God,N,4,22,Shirley
God,C,0,22,Shirley
God,I,1,22,Shirley
God,A,1,22,Shirley
God,DC,0,22,Shirley
God,DN,0,22,Shirley
Grace,N,0,22,Shirley
Grace,C,0,22,Shirley
Grace,I,0,22,Shirley
Grace,A,0,22,Shirley
Grace,DC,0,22,Shirley
Grace,DN,0,22,Shirley
Hannah,N,0,22,Shirley
Hannah,C,0,22,Shirley
Hannah,I,0,22,Shirley
Hannah,A,0,22,Shirley
Hannah,DC,0,22,Shirley
Hannah,DN,0,22,Shirley
Harriet,N,0,22,Shirley
Harriet,C,0,22,Shirley
Harriet,I,0,22,Shirley
Harriet,A,0,22,Shirley
Harriet,DC,0,22,Shirley
Harriet,DN,0,22,Shirley
Helstone,N,0,22,Shirley
Helstone,C,0,22,Shirley
Helstone,I,0,22,Shirley
Helstone,A,0,22,Shirley
Helstone,DC,0,22,Shirley
Helstone,DN,0,22,Shirley
Henry,N,1,22,Shirley
Henry,C,0,22,Shirley
Henry,I,0,22,Shirley
Henry,A,1,22,Shirley
Henry,DC,0,22,Shirley
Henry,DN,1,22,Shirley
Hiram Yorke,N,0,22,Shirley
Hiram Yorke,C,0,22,Shirley
Hiram Yorke,I,0,22,Shirley
Hiram Yorke,A,0,22,Shirley
Hiram Yorke,DC,0,22,Shirley
Hiram Yorke,DN,0,22,Shirley
Hollow,N,0,22,Shirley
Hollow,C,0,22,Shirley
Hollow,I,0,22,Shirley
Hollow,A,0,22,Shirley
Hollow,DC,0,22,Shirley
Hollow,DN,0,22,Shirley
Hortense,N,2,22,Shirley
Hortense,C,0,22,Shirley
Hortense,I,0,22,Shirley
Hortense,A,1,22,Shirley
Hortense,DC,0,22,Shirley
Hortense,DN,0,22,Shirley
Isabella,N,0,22,Shirley
Isabella,C,0,22,Shirley
Isabella,I,0,22,Shirley
Isabella,A,0,22,Shirley
Isabella,DC,0,22,Shirley
Isabella,DN,0,22,Shirley
James,N,0,22,Shirley
James,C,0,22,Shirley
James,I,0,22,Shirley
James,A,0,22,Shirley
James,DC,0,22,Shirley
James,DN,0,22,Shirley
Jessy,N,0,22,Shirley
Jessy,C,0,22,Shirley
Jessy,I,0,22,Shirley
Jessy,A,0,22,Shirley
Jessy,DC,0,22,Shirley
Jessy,DN,0,22,Shirley
Joe,N,0,22,Shirley
Joe,C,0,22,Shirley
Joe,I,0,22,Shirley
Joe,A,0,22,Shirley
Joe,DC,0,22,Shirley
Joe,DN,0,22,Shirley
John,N,4,22,Shirley
John,C,3,22,Shirley
John,I,0,22,Shirley
John,A,0,22,Shirley
John,DC,0,22,Shirley
John,DN,1,22,Shirley
John Wesley,N,0,22,Shirley
John Wesley,C,0,22,Shirley
John Wesley,I,0,22,Shirley
John Wesley,A,0,22,Shirley
John Wesley,DC,0,22,Shirley
John Wesley,DN,0,22,Shirley
Lamb,N,0,22,Shirley
Lamb,C,0,22,Shirley
Lamb,I,0,22,Shirley
Lamb,A,0,22,Shirley
Lamb,DC,0,22,Shirley
Lamb,DN,0,22,Shirley
Lina,N,0,22,Shirley
Lina,C,0,22,Shirley
Lina,I,0,22,Shirley
Lina,A,0,22,Shirley
Lina,DC,0,22,Shirley
Lina,DN,0,22,Shirley
Lord Wellington,N,0,22,Shirley
Lord Wellington,C,0,22,Shirley
Lord Wellington,I,0,22,Shirley
Lord Wellington,A,0,22,Shirley
Lord Wellington,DC,0,22,Shirley
Lord Wellington,DN,0,22,Shirley
Louis,N,0,22,Shirley
Louis,C,0,22,Shirley
Louis,I,0,22,Shirley
Louis,A,0,22,Shirley
Louis,DC,0,22,Shirley
Louis,DN,0,22,Shirley
Lucretia,N,3,22,Shirley
Lucretia,C,0,22,Shirley
Lucretia,I,0,22,Shirley
Lucretia,A,1,22,Shirley
Lucretia,DC,0,22,Shirley
Lucretia,DN,1,22,Shirley
MATTERS,N,0,22,Shirley
MATTERS,C,0,22,Shirley
MATTERS,I,0,22,Shirley
MATTERS,A,0,22,Shirley
MATTERS,DC,0,22,Shirley
MATTERS,DN,0,22,Shirley
MacTurk,N,0,22,Shirley
MacTurk,C,0,22,Shirley
MacTurk,I,0,22,Shirley
MacTurk,A,0,22,Shirley
MacTurk,DC,0,22,Shirley
MacTurk,DN,0,22,Shirley
Malone,N,0,22,Shirley
Malone,C,0,22,Shirley
Malone,I,0,22,Shirley
Malone,A,0,22,Shirley
Malone,DC,0,22,Shirley
Malone,DN,0,22,Shirley
Malone.--I,N,0,22,Shirley
Malone.--I,C,0,22,Shirley
Malone.--I,I,0,22,Shirley
Malone.--I,A,0,22,Shirley
Malone.--I,DC,0,22,Shirley
Malone.--I,DN,0,22,Shirley
Mamma,N,0,22,Shirley
Mamma,C,0,22,Shirley
Mamma,I,0,22,Shirley
Mamma,A,0,22,Shirley
Mamma,DC,0,22,Shirley
Mamma,DN,0,22,Shirley
Margaret,N,0,22,Shirley
Margaret,C,0,22,Shirley
Margaret,I,0,22,Shirley
Margaret,A,0,22,Shirley
Margaret,DC,0,22,Shirley
Margaret,DN,0,22,Shirley
Mark,N,0,22,Shirley
Mark,C,0,22,Shirley
Mark,I,0,22,Shirley
Mark,A,0,22,Shirley
Mark,DC,0,22,Shirley
Mark,DN,0,22,Shirley
Martin,N,0,22,Shirley
Martin,C,0,22,Shirley
Martin,I,0,22,Shirley
Martin,A,0,22,Shirley
Martin,DC,0,22,Shirley
Martin,DN,0,22,Shirley
Mary,N,0,22,Shirley
Mary,C,0,22,Shirley
Mary,I,0,22,Shirley
Mary,A,0,22,Shirley
Mary,DC,0,22,Shirley
Mary,DN,0,22,Shirley
Mary Ann Ainley,N,1,22,Shirley
Mary Ann Ainley,C,0,22,Shirley
Mary Ann Ainley,I,0,22,Shirley
Mary Ann Ainley,A,0,22,Shirley
Mary Ann Ainley,DC,0,22,Shirley
Mary Ann Ainley,DN,0,22,Shirley
Matthew,N,0,22,Shirley
Matthew,C,0,22,Shirley
Matthew,I,0,22,Shirley
Matthew,A,0,22,Shirley
Matthew,DC,0,22,Shirley
Matthew,DN,0,22,Shirley
Matthewson Helstone,N,0,22,Shirley
Matthewson Helstone,C,0,22,Shirley
Matthewson Helstone,I,0,22,Shirley
Matthewson Helstone,A,0,22,Shirley
Matthewson Helstone,DC,0,22,Shirley
Matthewson Helstone,DN,0,22,Shirley
Mike,N,0,22,Shirley
Mike,C,0,22,Shirley
Mike,I,0,22,Shirley
Mike,A,0,22,Shirley
Mike,DC,0,22,Shirley
Mike,DN,0,22,Shirley
Miss Ainley,N,3,22,Shirley
Miss Ainley,C,0,22,Shirley
Miss Ainley,I,2,22,Shirley
Miss Ainley,A,4,22,Shirley
Miss Ainley,DC,1,22,Shirley
Miss Ainley,DN,1,22,Shirley
Miss Austen,N,0,22,Shirley
Miss Austen,C,0,22,Shirley
Miss Austen,I,0,22,Shirley
Miss Austen,A,0,22,Shirley
Miss Austen,DC,0,22,Shirley
Miss Austen,DN,0,22,Shirley
Miss Cave,N,0,22,Shirley
Miss Cave,C,0,22,Shirley
Miss Cave,I,0,22,Shirley
Miss Cave,A,0,22,Shirley
Miss Cave,DC,0,22,Shirley
Miss Cave,DN,0,22,Shirley
Miss Grey,N,0,22,Shirley
Miss Grey,C,0,22,Shirley
Miss Grey,I,0,22,Shirley
Miss Grey,A,0,22,Shirley
Miss Grey,DC,0,22,Shirley
Miss Grey,DN,0,22,Shirley
Miss Hardman,N,0,22,Shirley
Miss Hardman,C,0,22,Shirley
Miss Hardman,I,0,22,Shirley
Miss Hardman,A,0,22,Shirley
Miss Hardman,DC,0,22,Shirley
Miss Hardman,DN,0,22,Shirley
Miss Mann,N,0,22,Shirley
Miss Mann,C,0,22,Shirley
Miss Mann,I,0,22,Shirley
Miss Mann,A,0,22,Shirley
Miss Mann,DC,0,22,Shirley
Miss Mann,DN,0,22,Shirley
Miss Mary,N,0,22,Shirley
Miss Mary,C,0,22,Shirley
Miss Mary,I,0,22,Shirley
Miss Mary,A,0,22,Shirley
Miss Mary,DC,0,22,Shirley
Miss Mary,DN,0,22,Shirley
Miss Moore,N,0,22,Shirley
Miss Moore,C,0,22,Shirley
Miss Moore,I,0,22,Shirley
Miss Moore,A,0,22,Shirley
Miss Moore,DC,0,22,Shirley
Miss Moore,DN,0,22,Shirley
Miss Pearson,N,0,22,Shirley
Miss Pearson,C,0,22,Shirley
Miss Pearson,I,0,22,Shirley
Miss Pearson,A,0,22,Shirley
Miss Pearson,DC,0,22,Shirley
Miss Pearson,DN,0,22,Shirley
Moore,N,0,22,Shirley
Moore,C,0,22,Shirley
Moore,I,0,22,Shirley
Moore,A,0,22,Shirley
Moore,DC,0,22,Shirley
Moore,DN,0,22,Shirley
Moses,N,0,22,Shirley
Moses,C,0,22,Shirley
Moses,I,0,22,Shirley
Moses,A,0,22,Shirley
Moses,DC,0,22,Shirley
Moses,DN,0,22,Shirley
Mother,N,0,22,Shirley
Mother,C,0,22,Shirley
Mother,I,0,22,Shirley
Mother,A,0,22,Shirley
Mother,DC,0,22,Shirley
Mother,DN,0,22,Shirley
Mr. Barraclough,N,0,22,Shirley
Mr. Barraclough,C,0,22,Shirley
Mr. Barraclough,I,0,22,Shirley
Mr. Barraclough,A,0,22,Shirley
Mr. Barraclough,DC,0,22,Shirley
Mr. Barraclough,DN,0,22,Shirley
Mr. Gale,N,0,22,Shirley
Mr. Gale,C,0,22,Shirley
Mr. Gale,I,0,22,Shirley
Mr. Gale,A,0,22,Shirley
Mr. Gale,DC,0,22,Shirley
Mr. Gale,DN,0,22,Shirley
Mr. Hall,N,0,22,Shirley
Mr. Hall,C,0,22,Shirley
Mr. Hall,I,0,22,Shirley
Mr. Hall,A,0,22,Shirley
Mr. Hall,DC,0,22,Shirley
Mr. Hall,DN,0,22,Shirley
Mr. Helstone,N,0,22,Shirley
Mr. Helstone,C,0,22,Shirley
Mr. Helstone,I,0,22,Shirley
Mr. Helstone,A,0,22,Shirley
Mr. Helstone,DC,0,22,Shirley
Mr. Helstone,DN,0,22,Shirley
Mr. Moore,N,0,22,Shirley
Mr. Moore,C,0,22,Shirley
Mr. Moore,I,0,22,Shirley
Mr. Moore,A,0,22,Shirley
Mr. Moore,DC,0,22,Shirley
Mr. Moore,DN,0,22,Shirley
Mr. Moore----,N,0,22,Shirley
Mr. Moore----,C,0,22,Shirley
Mr. Moore----,I,0,22,Shirley
Mr. Moore----,A,0,22,Shirley
Mr. Moore----,DC,0,22,Shirley
Mr. Moore----,DN,0,22,Shirley
Mr. Ramsden,N,0,22,Shirley
Mr. Ramsden,C,0,22,Shirley
Mr. Ramsden,I,0,22,Shirley
Mr. Ramsden,A,0,22,Shirley
Mr. Ramsden,DC,0,22,Shirley
Mr. Ramsden,DN,0,22,Shirley
Mr. Sykes,N,1,22,Shirley
Mr. Sykes,C,0,22,Shirley
Mr. Sykes,I,0,22,Shirley
Mr. Sykes,A,0,22,Shirley
Mr. Sykes,DC,0,22,Shirley
Mr. Sykes,DN,0,22,Shirley
Mr. Sympson,N,0,22,Shirley
Mr. Sympson,C,0,22,Shirley
Mr. Sympson,I,0,22,Shirley
Mr. Sympson,A,0,22,Shirley
Mr. Sympson,DC,0,22,Shirley
Mr. Sympson,DN,0,22,Shirley
Mr. Wynne,N,0,22,Shirley
Mr. Wynne,C,0,22,Shirley
Mr. Wynne,I,0,22,Shirley
Mr. Wynne,A,0,22,Shirley
Mr. Wynne,DC,0,22,Shirley
Mr. Wynne,DN,0,22,Shirley
Mr. Yorke,N,0,22,Shirley
Mr. Yorke,C,0,22,Shirley
Mr. Yorke,I,0,22,Shirley
Mr. Yorke,A,0,22,Shirley
Mr. Yorke,DC,0,22,Shirley
Mr. Yorke,DN,0,22,Shirley
Mrs. Gale,N,0,22,Shirley
Mrs. Gale,C,0,22,Shirley
Mrs. Gale,I,0,22,Shirley
Mrs. Gale,A,0,22,Shirley
Mrs. Gale,DC,0,22,Shirley
Mrs. Gale,DN,0,22,Shirley
Mrs. Gill,N,0,22,Shirley
Mrs. Gill,C,0,22,Shirley
Mrs. Gill,I,0,22,Shirley
Mrs. Gill,A,0,22,Shirley
Mrs. Gill,DC,0,22,Shirley
Mrs. Gill,DN,0,22,Shirley
Mrs. Hardman,N,0,22,Shirley
Mrs. Hardman,C,0,22,Shirley
Mrs. Hardman,I,0,22,Shirley
Mrs. Hardman,A,0,22,Shirley
Mrs. Hardman,DC,0,22,Shirley
Mrs. Hardman,DN,0,22,Shirley
Mrs. Horsfall,N,0,22,Shirley
Mrs. Horsfall,C,0,22,Shirley
Mrs. Horsfall,I,0,22,Shirley
Mrs. Horsfall,A,0,22,Shirley
Mrs. Horsfall,DC,0,22,Shirley
Mrs. Horsfall,DN,0,22,Shirley
Mrs. Louis,N,0,22,Shirley
Mrs. Louis,C,0,22,Shirley
Mrs. Louis,I,0,22,Shirley
Mrs. Louis,A,0,22,Shirley
Mrs. Louis,DC,0,22,Shirley
Mrs. Louis,DN,0,22,Shirley
Mrs. Pryor,N,3,22,Shirley
Mrs. Pryor,C,0,22,Shirley
Mrs. Pryor,I,0,22,Shirley
Mrs. Pryor,A,0,22,Shirley
Mrs. Pryor,DC,0,22,Shirley
Mrs. Pryor,DN,0,22,Shirley
Mrs. Sykes,N,1,22,Shirley
Mrs. Sykes,C,0,22,Shirley
Mrs. Sykes,I,0,22,Shirley
Mrs. Sykes,A,0,22,Shirley
Mrs. Sykes,DC,0,22,Shirley
Mrs. Sykes,DN,0,22,Shirley
Mrs. Yorke,N,0,22,Shirley
Mrs. Yorke,C,0,22,Shirley
Mrs. Yorke,I,0,22,Shirley
Mrs. Yorke,A,0,22,Shirley
Mrs. Yorke,DC,0,22,Shirley
Mrs. Yorke,DN,0,22,Shirley
Murgatroyd,N,0,22,Shirley
Murgatroyd,C,0,22,Shirley
Murgatroyd,I,0,22,Shirley
Murgatroyd,A,0,22,Shirley
Murgatroyd,DC,0,22,Shirley
Murgatroyd,DN,0,22,Shirley
Napoleon,N,0,22,Shirley
Napoleon,C,0,22,Shirley
Napoleon,I,0,22,Shirley
Napoleon,A,0,22,Shirley
Napoleon,DC,0,22,Shirley
Napoleon,DN,0,22,Shirley
Nature,N,0,22,Shirley
Nature,C,0,22,Shirley
Nature,I,0,22,Shirley
Nature,A,0,22,Shirley
Nature,DC,0,22,Shirley
Nature,DN,0,22,Shirley
Pearson,N,0,22,Shirley
Pearson,C,0,22,Shirley
Pearson,I,0,22,Shirley
Pearson,A,0,22,Shirley
Pearson,DC,0,22,Shirley
Pearson,DN,0,22,Shirley
Peg Woffington.= CHARLES READE,N,0,22,Shirley
Peg Woffington.= CHARLES READE,C,0,22,Shirley
Peg Woffington.= CHARLES READE,I,0,22,Shirley
Peg Woffington.= CHARLES READE,A,0,22,Shirley
Peg Woffington.= CHARLES READE,DC,0,22,Shirley
Peg Woffington.= CHARLES READE,DN,0,22,Shirley
Peter,N,0,22,Shirley
Peter,C,0,22,Shirley
Peter,I,0,22,Shirley
Peter,A,0,22,Shirley
Peter,DC,0,22,Shirley
Peter,DN,0,22,Shirley
Phœbe,N,0,22,Shirley
Phœbe,C,0,22,Shirley
Phœbe,I,0,22,Shirley
Phœbe,A,0,22,Shirley
Phœbe,DC,0,22,Shirley
Phœbe,DN,0,22,Shirley
Providence,N,0,22,Shirley
Providence,C,0,22,Shirley
Providence,I,0,22,Shirley
Providence,A,0,22,Shirley
Providence,DC,0,22,Shirley
Providence,DN,0,22,Shirley
Robert,N,5,22,Shirley
Robert,C,0,22,Shirley
Robert,I,10,22,Shirley
Robert,A,10,22,Shirley
Robert,DC,0,22,Shirley
Robert,DN,3,22,Shirley
Rose,N,0,22,Shirley
Rose,C,0,22,Shirley
Rose,I,0,22,Shirley
Rose,A,0,22,Shirley
Rose,DC,0,22,Shirley
Rose,DN,0,22,Shirley
Sarah,N,1,22,Shirley
Sarah,C,0,22,Shirley
Sarah,I,0,22,Shirley
Sarah,A,0,22,Shirley
Sarah,DC,0,22,Shirley
Sarah,DN,0,22,Shirley
Saturnia,N,0,22,Shirley
Saturnia,C,0,22,Shirley
Saturnia,I,0,22,Shirley
Saturnia,A,0,22,Shirley
Saturnia,DC,0,22,Shirley
Saturnia,DN,0,22,Shirley
Shakespeare,N,0,22,Shirley
Shakespeare,C,0,22,Shirley
Shakespeare,I,0,22,Shirley
Shakespeare,A,0,22,Shirley
Shakespeare,DC,0,22,Shirley
Shakespeare,DN,0,22,Shirley
Shirley,N,15,22,Shirley
Shirley,C,2,22,Shirley
Shirley,I,8,22,Shirley
Shirley,A,14,22,Shirley
Shirley,DC,1,22,Shirley
Shirley,DN,10,22,Shirley
Sir Philip,N,0,22,Shirley
Sir Philip,C,0,22,Shirley
Sir Philip,I,0,22,Shirley
Sir Philip,A,0,22,Shirley
Sir Philip,DC,0,22,Shirley
Sir Philip,DN,0,22,Shirley
Sir Walter Scott,N,0,22,Shirley
Sir Walter Scott,C,0,22,Shirley
Sir Walter Scott,I,0,22,Shirley
Sir Walter Scott,A,0,22,Shirley
Sir Walter Scott,DC,0,22,Shirley
Sir Walter Scott,DN,0,22,Shirley
Sister,N,0,22,Shirley
Sister,C,0,22,Shirley
Sister,I,0,22,Shirley
Sister,A,0,22,Shirley
Sister,DC,0,22,Shirley
Sister,DN,0,22,Shirley
St. Paul,N,0,22,Shirley
St. Paul,C,0,22,Shirley
St. Paul,I,0,22,Shirley
St. Paul,A,0,22,Shirley
St. Paul,DC,0,22,Shirley
St. Paul,DN,0,22,Shirley
Stilbro,N,0,22,Shirley
Stilbro,C,0,22,Shirley
Stilbro,I,0,22,Shirley
Stilbro,A,0,22,Shirley
Stilbro,DC,0,22,Shirley
Stilbro,DN,0,22,Shirley
Sudgen,N,0,22,Shirley
Sudgen,C,0,22,Shirley
Sudgen,I,0,22,Shirley
Sudgen,A,0,22,Shirley
Sudgen,DC,0,22,Shirley
Sudgen,DN,0,22,Shirley
Sugden,N,0,22,Shirley
Sugden,C,0,22,Shirley
Sugden,I,0,22,Shirley
Sugden,A,0,22,Shirley
Sugden,DC,0,22,Shirley
Sugden,DN,0,22,Shirley
Sweeting,N,0,22,Shirley
Sweeting,C,0,22,Shirley
Sweeting,I,0,22,Shirley
Sweeting,A,0,22,Shirley
Sweeting,DC,0,22,Shirley
Sweeting,DN,0,22,Shirley
Tartar,N,2,22,Shirley
Tartar,C,0,22,Shirley
Tartar,I,0,22,Shirley
Tartar,A,2,22,Shirley
Tartar,DC,0,22,Shirley
Tartar,DN,0,22,Shirley
The Cossack,N,1,22,Shirley
The Cossack,C,0,22,Shirley
The Cossack,I,2,22,Shirley
The Cossack,A,2,22,Shirley
The Cossack,DC,0,22,Shirley
The Cossack,DN,0,22,Shirley
These Oreads,N,0,22,Shirley
These Oreads,C,0,22,Shirley
These Oreads,I,0,22,Shirley
These Oreads,A,0,22,Shirley
These Oreads,DC,0,22,Shirley
These Oreads,DN,0,22,Shirley
Tom Cringle,N,0,22,Shirley
Tom Cringle,C,0,22,Shirley
Tom Cringle,I,0,22,Shirley
Tom Cringle,A,0,22,Shirley
Tom Cringle,DC,0,22,Shirley
Tom Cringle,DN,0,22,Shirley
Uncle,N,0,22,Shirley
Uncle,C,0,22,Shirley
Uncle,I,0,22,Shirley
Uncle,A,0,22,Shirley
Uncle,DC,0,22,Shirley
Uncle,DN,0,22,Shirley
VICTOR HUGO,N,0,22,Shirley
VICTOR HUGO,C,0,22,Shirley
VICTOR HUGO,I,0,22,Shirley
VICTOR HUGO,A,0,22,Shirley
VICTOR HUGO,DC,0,22,Shirley
VICTOR HUGO,DN,0,22,Shirley
Whinbury,N,0,22,Shirley
Whinbury,C,0,22,Shirley
Whinbury,I,0,22,Shirley
Whinbury,A,0,22,Shirley
Whinbury,DC,0,22,Shirley
Whinbury,DN,0,22,Shirley
William,N,0,22,Shirley
William,C,0,22,Shirley
William,I,0,22,Shirley
William,A,0,22,Shirley
William,DC,0,22,Shirley
William,DN,0,22,Shirley
mademoiselle,N,0,22,Shirley
mademoiselle,C,0,22,Shirley
mademoiselle,I,0,22,Shirley
mademoiselle,A,0,22,Shirley
mademoiselle,DC,0,22,Shirley
mademoiselle,DN,0,22,Shirley
old Lady Nunnely,N,0,22,Shirley
old Lady Nunnely,C,0,22,Shirley
old Lady Nunnely,I,0,22,Shirley
old Lady Nunnely,A,0,22,Shirley
old Lady Nunnely,DC,0,22,Shirley
old Lady Nunnely,DN,0,22,Shirley
old Queen Charlotte,N,0,22,Shirley
old Queen Charlotte,C,0,22,Shirley
old Queen Charlotte,I,0,22,Shirley
old Queen Charlotte,A,0,22,Shirley
old Queen Charlotte,DC,0,22,Shirley
old Queen Charlotte,DN,0,22,Shirley
the Misses Sykes,N,0,22,Shirley
the Misses Sykes,C,0,22,Shirley
the Misses Sykes,I,0,22,Shirley
the Misses Sykes,A,0,22,Shirley
the Misses Sykes,DC,0,22,Shirley
the Misses Sykes,DN,0,22,Shirley
the Misses Sympson,N,0,22,Shirley
the Misses Sympson,C,0,22,Shirley
the Misses Sympson,I,0,22,Shirley
the Misses Sympson,A,0,22,Shirley
the Misses Sympson,DC,0,22,Shirley
the Misses Sympson,DN,0,22,Shirley
the Moores,N,0,22,Shirley
the Moores,C,0,22,Shirley
the Moores,I,0,22,Shirley
the Moores,A,0,22,Shirley
the Moores,DC,0,22,Shirley
the Moores,DN,0,22,Shirley
the Sympsons,N,0,22,Shirley
the Sympsons,C,0,22,Shirley
the Sympsons,I,0,22,Shirley
the Sympsons,A,0,22,Shirley
the Sympsons,DC,0,22,Shirley
the Sympsons,DN,0,22,Shirley
Abraham,N,0,23,Shirley
Abraham,C,0,23,Shirley
Abraham,I,0,23,Shirley
Abraham,A,0,23,Shirley
Abraham,DC,0,23,Shirley
Abraham,DN,0,23,Shirley
Adam,N,0,23,Shirley
Adam,C,0,23,Shirley
Adam,I,0,23,Shirley
Adam,A,0,23,Shirley
Adam,DC,0,23,Shirley
Adam,DN,0,23,Shirley
Bob,N,0,23,Shirley
Bob,C,0,23,Shirley
Bob,I,0,23,Shirley
Bob,A,0,23,Shirley
Bob,DC,0,23,Shirley
Bob,DN,0,23,Shirley
Bonaparte,N,0,23,Shirley
Bonaparte,C,0,23,Shirley
Bonaparte,I,0,23,Shirley
Bonaparte,A,0,23,Shirley
Bonaparte,DC,0,23,Shirley
Bonaparte,DN,0,23,Shirley
Boultby,N,0,23,Shirley
Boultby,C,0,23,Shirley
Boultby,I,0,23,Shirley
Boultby,A,0,23,Shirley
Boultby,DC,0,23,Shirley
Boultby,DN,0,23,Shirley
Briarmains,N,1,23,Shirley
Briarmains,C,0,23,Shirley
Briarmains,I,0,23,Shirley
Briarmains,A,0,23,Shirley
Briarmains,DC,1,23,Shirley
Briarmains,DN,0,23,Shirley
CHARLES DICKENS,N,0,23,Shirley
CHARLES DICKENS,C,0,23,Shirley
CHARLES DICKENS,I,0,23,Shirley
CHARLES DICKENS,A,0,23,Shirley
CHARLES DICKENS,DC,0,23,Shirley
CHARLES DICKENS,DN,0,23,Shirley
Captain Keeldar,N,0,23,Shirley
Captain Keeldar,C,0,23,Shirley
Captain Keeldar,I,0,23,Shirley
Captain Keeldar,A,0,23,Shirley
Captain Keeldar,DC,0,23,Shirley
Captain Keeldar,DN,0,23,Shirley
Caroline,N,45,23,Shirley
Caroline,C,25,23,Shirley
Caroline,I,33,23,Shirley
Caroline,A,47,23,Shirley
Caroline,DC,23,23,Shirley
Caroline,DN,5,23,Shirley
"Caroline--""She",N,0,23,Shirley
"Caroline--""She",C,0,23,Shirley
"Caroline--""She",I,0,23,Shirley
"Caroline--""She",A,0,23,Shirley
"Caroline--""She",DC,0,23,Shirley
"Caroline--""She",DN,0,23,Shirley
Cary,N,0,23,Shirley
Cary,C,0,23,Shirley
Cary,I,0,23,Shirley
Cary,A,0,23,Shirley
Cary,DC,0,23,Shirley
Cary,DN,0,23,Shirley
Castlereagh,N,1,23,Shirley
Castlereagh,C,0,23,Shirley
Castlereagh,I,0,23,Shirley
Castlereagh,A,0,23,Shirley
Castlereagh,DC,0,23,Shirley
Castlereagh,DN,0,23,Shirley
Chénier,N,0,23,Shirley
Chénier,C,0,23,Shirley
Chénier,I,0,23,Shirley
Chénier,A,0,23,Shirley
Chénier,DC,0,23,Shirley
Chénier,DN,0,23,Shirley
Coriolanus,N,0,23,Shirley
Coriolanus,C,0,23,Shirley
Coriolanus,I,0,23,Shirley
Coriolanus,A,0,23,Shirley
Coriolanus,DC,0,23,Shirley
Coriolanus,DN,0,23,Shirley
Cowper,N,0,23,Shirley
Cowper,C,0,23,Shirley
Cowper,I,0,23,Shirley
Cowper,A,0,23,Shirley
Cowper,DC,0,23,Shirley
Cowper,DN,0,23,Shirley
Cyril Hall,N,0,23,Shirley
Cyril Hall,C,0,23,Shirley
Cyril Hall,I,0,23,Shirley
Cyril Hall,A,0,23,Shirley
Cyril Hall,DC,0,23,Shirley
Cyril Hall,DN,0,23,Shirley
Daniel,N,0,23,Shirley
Daniel,C,0,23,Shirley
Daniel,I,0,23,Shirley
Daniel,A,0,23,Shirley
Daniel,DC,0,23,Shirley
Daniel,DN,0,23,Shirley
Davy,N,0,23,Shirley
Davy,C,0,23,Shirley
Davy,I,0,23,Shirley
Davy,A,0,23,Shirley
Davy,DC,0,23,Shirley
Davy,DN,0,23,Shirley
Donne,N,0,23,Shirley
Donne,C,0,23,Shirley
Donne,I,0,23,Shirley
Donne,A,0,23,Shirley
Donne,DC,0,23,Shirley
Donne,DN,0,23,Shirley
Dora,N,0,23,Shirley
Dora,C,0,23,Shirley
Dora,I,0,23,Shirley
Dora,A,0,23,Shirley
Dora,DC,0,23,Shirley
Dora,DN,0,23,Shirley
Dr. Boultby,N,0,23,Shirley
Dr. Boultby,C,0,23,Shirley
Dr. Boultby,I,0,23,Shirley
Dr. Boultby,A,0,23,Shirley
Dr. Boultby,DC,0,23,Shirley
Dr. Boultby,DN,0,23,Shirley
Eliza,N,0,23,Shirley
Eliza,C,0,23,Shirley
Eliza,I,0,23,Shirley
Eliza,A,0,23,Shirley
Eliza,DC,0,23,Shirley
Eliza,DN,0,23,Shirley
Eva,N,0,23,Shirley
Eva,C,0,23,Shirley
Eva,I,0,23,Shirley
Eva,A,0,23,Shirley
Eva,DC,0,23,Shirley
Eva,DN,0,23,Shirley
Eve,N,0,23,Shirley
Eve,C,0,23,Shirley
Eve,I,0,23,Shirley
Eve,A,0,23,Shirley
Eve,DC,0,23,Shirley
Eve,DN,0,23,Shirley
Fanny,N,7,23,Shirley
Fanny,C,2,23,Shirley
Fanny,I,0,23,Shirley
Fanny,A,4,23,Shirley
Fanny,DC,0,23,Shirley
Fanny,DN,1,23,Shirley
Farrens,N,0,23,Shirley
Farrens,C,0,23,Shirley
Farrens,I,0,23,Shirley
Farrens,A,0,23,Shirley
Farrens,DC,0,23,Shirley
Farrens,DN,0,23,Shirley
Fieldhead,N,0,23,Shirley
Fieldhead,C,0,23,Shirley
Fieldhead,I,0,23,Shirley
Fieldhead,A,0,23,Shirley
Fieldhead,DC,0,23,Shirley
Fieldhead,DN,0,23,Shirley
Fortune,N,0,23,Shirley
Fortune,C,0,23,Shirley
Fortune,I,0,23,Shirley
Fortune,A,0,23,Shirley
Fortune,DC,0,23,Shirley
Fortune,DN,0,23,Shirley
God,N,0,23,Shirley
God,C,0,23,Shirley
God,I,0,23,Shirley
God,A,0,23,Shirley
God,DC,0,23,Shirley
God,DN,0,23,Shirley
Grace,N,0,23,Shirley
Grace,C,0,23,Shirley
Grace,I,0,23,Shirley
Grace,A,0,23,Shirley
Grace,DC,0,23,Shirley
Grace,DN,0,23,Shirley
Hannah,N,0,23,Shirley
Hannah,C,0,23,Shirley
Hannah,I,0,23,Shirley
Hannah,A,0,23,Shirley
Hannah,DC,0,23,Shirley
Hannah,DN,0,23,Shirley
Harriet,N,0,23,Shirley
Harriet,C,0,23,Shirley
Harriet,I,0,23,Shirley
Harriet,A,0,23,Shirley
Harriet,DC,0,23,Shirley
Harriet,DN,0,23,Shirley
Helstone,N,0,23,Shirley
Helstone,C,0,23,Shirley
Helstone,I,0,23,Shirley
Helstone,A,0,23,Shirley
Helstone,DC,0,23,Shirley
Helstone,DN,0,23,Shirley
Henry,N,3,23,Shirley
Henry,C,0,23,Shirley
Henry,I,0,23,Shirley
Henry,A,2,23,Shirley
Henry,DC,1,23,Shirley
Henry,DN,0,23,Shirley
Hiram Yorke,N,0,23,Shirley
Hiram Yorke,C,0,23,Shirley
Hiram Yorke,I,0,23,Shirley
Hiram Yorke,A,0,23,Shirley
Hiram Yorke,DC,0,23,Shirley
Hiram Yorke,DN,0,23,Shirley
Hollow,N,0,23,Shirley
Hollow,C,0,23,Shirley
Hollow,I,0,23,Shirley
Hollow,A,0,23,Shirley
Hollow,DC,0,23,Shirley
Hollow,DN,0,23,Shirley
Hortense,N,13,23,Shirley
Hortense,C,4,23,Shirley
Hortense,I,2,23,Shirley
Hortense,A,3,23,Shirley
Hortense,DC,1,23,Shirley
Hortense,DN,1,23,Shirley
Isabella,N,0,23,Shirley
Isabella,C,0,23,Shirley
Isabella,I,0,23,Shirley
Isabella,A,0,23,Shirley
Isabella,DC,0,23,Shirley
Isabella,DN,0,23,Shirley
James,N,0,23,Shirley
James,C,0,23,Shirley
James,I,0,23,Shirley
James,A,0,23,Shirley
James,DC,0,23,Shirley
James,DN,0,23,Shirley
Jessy,N,12,23,Shirley
Jessy,C,6,23,Shirley
Jessy,I,7,23,Shirley
Jessy,A,10,23,Shirley
Jessy,DC,1,23,Shirley
Jessy,DN,0,23,Shirley
Joe,N,5,23,Shirley
Joe,C,2,23,Shirley
Joe,I,0,23,Shirley
Joe,A,3,23,Shirley
Joe,DC,0,23,Shirley
Joe,DN,0,23,Shirley
John,N,0,23,Shirley
John,C,0,23,Shirley
John,I,0,23,Shirley
John,A,0,23,Shirley
John,DC,0,23,Shirley
John,DN,0,23,Shirley
John Wesley,N,0,23,Shirley
John Wesley,C,0,23,Shirley
John Wesley,I,0,23,Shirley
John Wesley,A,0,23,Shirley
John Wesley,DC,0,23,Shirley
John Wesley,DN,0,23,Shirley
Lamb,N,0,23,Shirley
Lamb,C,0,23,Shirley
Lamb,I,0,23,Shirley
Lamb,A,0,23,Shirley
Lamb,DC,0,23,Shirley
Lamb,DN,0,23,Shirley
Lina,N,1,23,Shirley
Lina,C,0,23,Shirley
Lina,I,0,23,Shirley
Lina,A,0,23,Shirley
Lina,DC,1,23,Shirley
Lina,DN,0,23,Shirley
Lord Wellington,N,2,23,Shirley
Lord Wellington,C,0,23,Shirley
Lord Wellington,I,0,23,Shirley
Lord Wellington,A,0,23,Shirley
Lord Wellington,DC,0,23,Shirley
Lord Wellington,DN,0,23,Shirley
Louis,N,8,23,Shirley
Louis,C,4,23,Shirley
Louis,I,1,23,Shirley
Louis,A,1,23,Shirley
Louis,DC,1,23,Shirley
Louis,DN,0,23,Shirley
Lucretia,N,0,23,Shirley
Lucretia,C,0,23,Shirley
Lucretia,I,0,23,Shirley
Lucretia,A,0,23,Shirley
Lucretia,DC,0,23,Shirley
Lucretia,DN,0,23,Shirley
MATTERS,N,0,23,Shirley
MATTERS,C,0,23,Shirley
MATTERS,I,0,23,Shirley
MATTERS,A,0,23,Shirley
MATTERS,DC,0,23,Shirley
MATTERS,DN,0,23,Shirley
MacTurk,N,0,23,Shirley
MacTurk,C,0,23,Shirley
MacTurk,I,0,23,Shirley
MacTurk,A,0,23,Shirley
MacTurk,DC,0,23,Shirley
MacTurk,DN,0,23,Shirley
Malone,N,0,23,Shirley
Malone,C,0,23,Shirley
Malone,I,0,23,Shirley
Malone,A,0,23,Shirley
Malone,DC,0,23,Shirley
Malone,DN,0,23,Shirley
Malone.--I,N,0,23,Shirley
Malone.--I,C,0,23,Shirley
Malone.--I,I,0,23,Shirley
Malone.--I,A,0,23,Shirley
Malone.--I,DC,0,23,Shirley
Malone.--I,DN,0,23,Shirley
Mamma,N,0,23,Shirley
Mamma,C,0,23,Shirley
Mamma,I,0,23,Shirley
Mamma,A,0,23,Shirley
Mamma,DC,0,23,Shirley
Mamma,DN,0,23,Shirley
Margaret,N,0,23,Shirley
Margaret,C,0,23,Shirley
Margaret,I,0,23,Shirley
Margaret,A,0,23,Shirley
Margaret,DC,0,23,Shirley
Margaret,DN,0,23,Shirley
Mark,N,0,23,Shirley
Mark,C,0,23,Shirley
Mark,I,0,23,Shirley
Mark,A,0,23,Shirley
Mark,DC,0,23,Shirley
Mark,DN,0,23,Shirley
Martin,N,1,23,Shirley
Martin,C,0,23,Shirley
Martin,I,0,23,Shirley
Martin,A,0,23,Shirley
Martin,DC,1,23,Shirley
Martin,DN,0,23,Shirley
Mary,N,0,23,Shirley
Mary,C,0,23,Shirley
Mary,I,0,23,Shirley
Mary,A,0,23,Shirley
Mary,DC,0,23,Shirley
Mary,DN,0,23,Shirley
Mary Ann Ainley,N,0,23,Shirley
Mary Ann Ainley,C,0,23,Shirley
Mary Ann Ainley,I,0,23,Shirley
Mary Ann Ainley,A,0,23,Shirley
Mary Ann Ainley,DC,0,23,Shirley
Mary Ann Ainley,DN,0,23,Shirley
Matthew,N,0,23,Shirley
Matthew,C,0,23,Shirley
Matthew,I,0,23,Shirley
Matthew,A,0,23,Shirley
Matthew,DC,0,23,Shirley
Matthew,DN,0,23,Shirley
Matthewson Helstone,N,0,23,Shirley
Matthewson Helstone,C,0,23,Shirley
Matthewson Helstone,I,0,23,Shirley
Matthewson Helstone,A,0,23,Shirley
Matthewson Helstone,DC,0,23,Shirley
Matthewson Helstone,DN,0,23,Shirley
Mike,N,0,23,Shirley
Mike,C,0,23,Shirley
Mike,I,0,23,Shirley
Mike,A,0,23,Shirley
Mike,DC,0,23,Shirley
Mike,DN,0,23,Shirley
Miss Ainley,N,0,23,Shirley
Miss Ainley,C,0,23,Shirley
Miss Ainley,I,0,23,Shirley
Miss Ainley,A,0,23,Shirley
Miss Ainley,DC,0,23,Shirley
Miss Ainley,DN,0,23,Shirley
Miss Austen,N,0,23,Shirley
Miss Austen,C,0,23,Shirley
Miss Austen,I,0,23,Shirley
Miss Austen,A,0,23,Shirley
Miss Austen,DC,0,23,Shirley
Miss Austen,DN,0,23,Shirley
Miss Cave,N,0,23,Shirley
Miss Cave,C,0,23,Shirley
Miss Cave,I,0,23,Shirley
Miss Cave,A,0,23,Shirley
Miss Cave,DC,0,23,Shirley
Miss Cave,DN,0,23,Shirley
Miss Grey,N,0,23,Shirley
Miss Grey,C,0,23,Shirley
Miss Grey,I,0,23,Shirley
Miss Grey,A,0,23,Shirley
Miss Grey,DC,0,23,Shirley
Miss Grey,DN,0,23,Shirley
Miss Hardman,N,0,23,Shirley
Miss Hardman,C,0,23,Shirley
Miss Hardman,I,0,23,Shirley
Miss Hardman,A,0,23,Shirley
Miss Hardman,DC,0,23,Shirley
Miss Hardman,DN,0,23,Shirley
Miss Mann,N,0,23,Shirley
Miss Mann,C,0,23,Shirley
Miss Mann,I,0,23,Shirley
Miss Mann,A,0,23,Shirley
Miss Mann,DC,0,23,Shirley
Miss Mann,DN,0,23,Shirley
Miss Mary,N,0,23,Shirley
Miss Mary,C,0,23,Shirley
Miss Mary,I,0,23,Shirley
Miss Mary,A,0,23,Shirley
Miss Mary,DC,0,23,Shirley
Miss Mary,DN,0,23,Shirley
Miss Moore,N,9,23,Shirley
Miss Moore,C,4,23,Shirley
Miss Moore,I,5,23,Shirley
Miss Moore,A,13,23,Shirley
Miss Moore,DC,3,23,Shirley
Miss Moore,DN,1,23,Shirley
Miss Pearson,N,0,23,Shirley
Miss Pearson,C,0,23,Shirley
Miss Pearson,I,0,23,Shirley
Miss Pearson,A,0,23,Shirley
Miss Pearson,DC,0,23,Shirley
Miss Pearson,DN,0,23,Shirley
Moore,N,0,23,Shirley
Moore,C,0,23,Shirley
Moore,I,0,23,Shirley
Moore,A,0,23,Shirley
Moore,DC,0,23,Shirley
Moore,DN,0,23,Shirley
Moses,N,0,23,Shirley
Moses,C,0,23,Shirley
Moses,I,0,23,Shirley
Moses,A,0,23,Shirley
Moses,DC,0,23,Shirley
Moses,DN,0,23,Shirley
Mother,N,2,23,Shirley
Mother,C,0,23,Shirley
Mother,I,1,23,Shirley
Mother,A,3,23,Shirley
Mother,DC,3,23,Shirley
Mother,DN,0,23,Shirley
Mr. Barraclough,N,0,23,Shirley
Mr. Barraclough,C,0,23,Shirley
Mr. Barraclough,I,0,23,Shirley
Mr. Barraclough,A,0,23,Shirley
Mr. Barraclough,DC,0,23,Shirley
Mr. Barraclough,DN,0,23,Shirley
Mr. Gale,N,0,23,Shirley
Mr. Gale,C,0,23,Shirley
Mr. Gale,I,0,23,Shirley
Mr. Gale,A,0,23,Shirley
Mr. Gale,DC,0,23,Shirley
Mr. Gale,DN,0,23,Shirley
Mr. Hall,N,0,23,Shirley
Mr. Hall,C,0,23,Shirley
Mr. Hall,I,0,23,Shirley
Mr. Hall,A,0,23,Shirley
Mr. Hall,DC,0,23,Shirley
Mr. Hall,DN,0,23,Shirley
Mr. Helstone,N,1,23,Shirley
Mr. Helstone,C,0,23,Shirley
Mr. Helstone,I,0,23,Shirley
Mr. Helstone,A,0,23,Shirley
Mr. Helstone,DC,0,23,Shirley
Mr. Helstone,DN,0,23,Shirley
Mr. Moore,N,4,23,Shirley
Mr. Moore,C,0,23,Shirley
Mr. Moore,I,1,23,Shirley
Mr. Moore,A,4,23,Shirley
Mr. Moore,DC,1,23,Shirley
Mr. Moore,DN,0,23,Shirley
Mr. Moore----,N,0,23,Shirley
Mr. Moore----,C,0,23,Shirley
Mr. Moore----,I,0,23,Shirley
Mr. Moore----,A,0,23,Shirley
Mr. Moore----,DC,0,23,Shirley
Mr. Moore----,DN,0,23,Shirley
Mr. Ramsden,N,0,23,Shirley
Mr. Ramsden,C,0,23,Shirley
Mr. Ramsden,I,0,23,Shirley
Mr. Ramsden,A,0,23,Shirley
Mr. Ramsden,DC,0,23,Shirley
Mr. Ramsden,DN,0,23,Shirley
Mr. Sykes,N,0,23,Shirley
Mr. Sykes,C,0,23,Shirley
Mr. Sykes,I,0,23,Shirley
Mr. Sykes,A,0,23,Shirley
Mr. Sykes,DC,0,23,Shirley
Mr. Sykes,DN,0,23,Shirley
Mr. Sympson,N,2,23,Shirley
Mr. Sympson,C,0,23,Shirley
Mr. Sympson,I,0,23,Shirley
Mr. Sympson,A,1,23,Shirley
Mr. Sympson,DC,0,23,Shirley
Mr. Sympson,DN,0,23,Shirley
Mr. Wynne,N,0,23,Shirley
Mr. Wynne,C,0,23,Shirley
Mr. Wynne,I,0,23,Shirley
Mr. Wynne,A,0,23,Shirley
Mr. Wynne,DC,0,23,Shirley
Mr. Wynne,DN,0,23,Shirley
Mr. Yorke,N,1,23,Shirley
Mr. Yorke,C,0,23,Shirley
Mr. Yorke,I,0,23,Shirley
Mr. Yorke,A,0,23,Shirley
Mr. Yorke,DC,0,23,Shirley
Mr. Yorke,DN,0,23,Shirley
Mrs. Gale,N,0,23,Shirley
Mrs. Gale,C,0,23,Shirley
Mrs. Gale,I,0,23,Shirley
Mrs. Gale,A,0,23,Shirley
Mrs. Gale,DC,0,23,Shirley
Mrs. Gale,DN,0,23,Shirley
Mrs. Gill,N,0,23,Shirley
Mrs. Gill,C,0,23,Shirley
Mrs. Gill,I,0,23,Shirley
Mrs. Gill,A,0,23,Shirley
Mrs. Gill,DC,0,23,Shirley
Mrs. Gill,DN,0,23,Shirley
Mrs. Hardman,N,0,23,Shirley
Mrs. Hardman,C,0,23,Shirley
Mrs. Hardman,I,0,23,Shirley
Mrs. Hardman,A,0,23,Shirley
Mrs. Hardman,DC,0,23,Shirley
Mrs. Hardman,DN,0,23,Shirley
Mrs. Horsfall,N,0,23,Shirley
Mrs. Horsfall,C,0,23,Shirley
Mrs. Horsfall,I,0,23,Shirley
Mrs. Horsfall,A,0,23,Shirley
Mrs. Horsfall,DC,0,23,Shirley
Mrs. Horsfall,DN,0,23,Shirley
Mrs. Louis,N,0,23,Shirley
Mrs. Louis,C,0,23,Shirley
Mrs. Louis,I,0,23,Shirley
Mrs. Louis,A,0,23,Shirley
Mrs. Louis,DC,0,23,Shirley
Mrs. Louis,DN,0,23,Shirley
Mrs. Pryor,N,0,23,Shirley
Mrs. Pryor,C,0,23,Shirley
Mrs. Pryor,I,0,23,Shirley
Mrs. Pryor,A,0,23,Shirley
Mrs. Pryor,DC,0,23,Shirley
Mrs. Pryor,DN,0,23,Shirley
Mrs. Sykes,N,0,23,Shirley
Mrs. Sykes,C,0,23,Shirley
Mrs. Sykes,I,0,23,Shirley
Mrs. Sykes,A,0,23,Shirley
Mrs. Sykes,DC,0,23,Shirley
Mrs. Sykes,DN,0,23,Shirley
Mrs. Yorke,N,18,23,Shirley
Mrs. Yorke,C,16,23,Shirley
Mrs. Yorke,I,16,23,Shirley
Mrs. Yorke,A,21,23,Shirley
Mrs. Yorke,DC,6,23,Shirley
Mrs. Yorke,DN,2,23,Shirley
Murgatroyd,N,0,23,Shirley
Murgatroyd,C,0,23,Shirley
Murgatroyd,I,0,23,Shirley
Murgatroyd,A,0,23,Shirley
Murgatroyd,DC,0,23,Shirley
Murgatroyd,DN,0,23,Shirley
Napoleon,N,0,23,Shirley
Napoleon,C,0,23,Shirley
Napoleon,I,0,23,Shirley
Napoleon,A,0,23,Shirley
Napoleon,DC,0,23,Shirley
Napoleon,DN,0,23,Shirley
Nature,N,0,23,Shirley
Nature,C,0,23,Shirley
Nature,I,0,23,Shirley
Nature,A,0,23,Shirley
Nature,DC,0,23,Shirley
Nature,DN,0,23,Shirley
Pearson,N,0,23,Shirley
Pearson,C,0,23,Shirley
Pearson,I,0,23,Shirley
Pearson,A,0,23,Shirley
Pearson,DC,0,23,Shirley
Pearson,DN,0,23,Shirley
Peg Woffington.= CHARLES READE,N,0,23,Shirley
Peg Woffington.= CHARLES READE,C,0,23,Shirley
Peg Woffington.= CHARLES READE,I,0,23,Shirley
Peg Woffington.= CHARLES READE,A,0,23,Shirley
Peg Woffington.= CHARLES READE,DC,0,23,Shirley
Peg Woffington.= CHARLES READE,DN,0,23,Shirley
Peter,N,0,23,Shirley
Peter,C,0,23,Shirley
Peter,I,0,23,Shirley
Peter,A,0,23,Shirley
Peter,DC,0,23,Shirley
Peter,DN,0,23,Shirley
Phœbe,N,0,23,Shirley
Phœbe,C,0,23,Shirley
Phœbe,I,0,23,Shirley
Phœbe,A,0,23,Shirley
Phœbe,DC,0,23,Shirley
Phœbe,DN,0,23,Shirley
Providence,N,0,23,Shirley
Providence,C,0,23,Shirley
Providence,I,0,23,Shirley
Providence,A,0,23,Shirley
Providence,DC,0,23,Shirley
Providence,DN,0,23,Shirley
Robert,N,30,23,Shirley
Robert,C,8,23,Shirley
Robert,I,1,23,Shirley
Robert,A,16,23,Shirley
Robert,DC,7,23,Shirley
Robert,DN,6,23,Shirley
Rose,N,15,23,Shirley
Rose,C,27,23,Shirley
Rose,I,25,23,Shirley
Rose,A,15,23,Shirley
Rose,DC,5,23,Shirley
Rose,DN,1,23,Shirley
Sarah,N,5,23,Shirley
Sarah,C,2,23,Shirley
Sarah,I,1,23,Shirley
Sarah,A,1,23,Shirley
Sarah,DC,1,23,Shirley
Sarah,DN,0,23,Shirley
Saturnia,N,0,23,Shirley
Saturnia,C,0,23,Shirley
Saturnia,I,0,23,Shirley
Saturnia,A,0,23,Shirley
Saturnia,DC,0,23,Shirley
Saturnia,DN,0,23,Shirley
Shakespeare,N,0,23,Shirley
Shakespeare,C,0,23,Shirley
Shakespeare,I,0,23,Shirley
Shakespeare,A,0,23,Shirley
Shakespeare,DC,0,23,Shirley
Shakespeare,DN,0,23,Shirley
Shirley,N,4,23,Shirley
Shirley,C,0,23,Shirley
Shirley,I,0,23,Shirley
Shirley,A,3,23,Shirley
Shirley,DC,3,23,Shirley
Shirley,DN,0,23,Shirley
Sir Philip,N,0,23,Shirley
Sir Philip,C,0,23,Shirley
Sir Philip,I,0,23,Shirley
Sir Philip,A,0,23,Shirley
Sir Philip,DC,0,23,Shirley
Sir Philip,DN,0,23,Shirley
Sir Walter Scott,N,0,23,Shirley
Sir Walter Scott,C,0,23,Shirley
Sir Walter Scott,I,0,23,Shirley
Sir Walter Scott,A,0,23,Shirley
Sir Walter Scott,DC,0,23,Shirley
Sir Walter Scott,DN,0,23,Shirley
Sister,N,0,23,Shirley
Sister,C,0,23,Shirley
Sister,I,0,23,Shirley
Sister,A,0,23,Shirley
Sister,DC,0,23,Shirley
Sister,DN,0,23,Shirley
St. Paul,N,0,23,Shirley
St. Paul,C,0,23,Shirley
St. Paul,I,0,23,Shirley
St. Paul,A,0,23,Shirley
St. Paul,DC,0,23,Shirley
St. Paul,DN,0,23,Shirley
Stilbro,N,0,23,Shirley
Stilbro,C,0,23,Shirley
Stilbro,I,0,23,Shirley
Stilbro,A,0,23,Shirley
Stilbro,DC,0,23,Shirley
Stilbro,DN,0,23,Shirley
Sudgen,N,0,23,Shirley
Sudgen,C,0,23,Shirley
Sudgen,I,0,23,Shirley
Sudgen,A,0,23,Shirley
Sudgen,DC,0,23,Shirley
Sudgen,DN,0,23,Shirley
Sugden,N,0,23,Shirley
Sugden,C,0,23,Shirley
Sugden,I,0,23,Shirley
Sugden,A,0,23,Shirley
Sugden,DC,0,23,Shirley
Sugden,DN,0,23,Shirley
Sweeting,N,0,23,Shirley
Sweeting,C,0,23,Shirley
Sweeting,I,0,23,Shirley
Sweeting,A,0,23,Shirley
Sweeting,DC,0,23,Shirley
Sweeting,DN,0,23,Shirley
Tartar,N,0,23,Shirley
Tartar,C,0,23,Shirley
Tartar,I,0,23,Shirley
Tartar,A,0,23,Shirley
Tartar,DC,0,23,Shirley
Tartar,DN,0,23,Shirley
The Cossack,N,0,23,Shirley
The Cossack,C,0,23,Shirley
The Cossack,I,0,23,Shirley
The Cossack,A,0,23,Shirley
The Cossack,DC,0,23,Shirley
The Cossack,DN,0,23,Shirley
These Oreads,N,0,23,Shirley
These Oreads,C,0,23,Shirley
These Oreads,I,0,23,Shirley
These Oreads,A,0,23,Shirley
These Oreads,DC,0,23,Shirley
These Oreads,DN,0,23,Shirley
Tom Cringle,N,0,23,Shirley
Tom Cringle,C,0,23,Shirley
Tom Cringle,I,0,23,Shirley
Tom Cringle,A,0,23,Shirley
Tom Cringle,DC,0,23,Shirley
Tom Cringle,DN,0,23,Shirley
Uncle,N,0,23,Shirley
Uncle,C,0,23,Shirley
Uncle,I,0,23,Shirley
Uncle,A,0,23,Shirley
Uncle,DC,0,23,Shirley
Uncle,DN,0,23,Shirley
VICTOR HUGO,N,0,23,Shirley
VICTOR HUGO,C,0,23,Shirley
VICTOR HUGO,I,0,23,Shirley
VICTOR HUGO,A,0,23,Shirley
VICTOR HUGO,DC,0,23,Shirley
VICTOR HUGO,DN,0,23,Shirley
Whinbury,N,0,23,Shirley
Whinbury,C,0,23,Shirley
Whinbury,I,0,23,Shirley
Whinbury,A,0,23,Shirley
Whinbury,DC,0,23,Shirley
Whinbury,DN,0,23,Shirley
William,N,0,23,Shirley
William,C,0,23,Shirley
William,I,0,23,Shirley
William,A,0,23,Shirley
William,DC,0,23,Shirley
William,DN,0,23,Shirley
mademoiselle,N,1,23,Shirley
mademoiselle,C,1,23,Shirley
mademoiselle,I,1,23,Shirley
mademoiselle,A,0,23,Shirley
mademoiselle,DC,0,23,Shirley
mademoiselle,DN,0,23,Shirley
old Lady Nunnely,N,0,23,Shirley
old Lady Nunnely,C,0,23,Shirley
old Lady Nunnely,I,0,23,Shirley
old Lady Nunnely,A,0,23,Shirley
old Lady Nunnely,DC,0,23,Shirley
old Lady Nunnely,DN,0,23,Shirley
old Queen Charlotte,N,0,23,Shirley
old Queen Charlotte,C,0,23,Shirley
old Queen Charlotte,I,0,23,Shirley
old Queen Charlotte,A,0,23,Shirley
old Queen Charlotte,DC,0,23,Shirley
old Queen Charlotte,DN,0,23,Shirley
the Misses Sykes,N,0,23,Shirley
the Misses Sykes,C,0,23,Shirley
the Misses Sykes,I,0,23,Shirley
the Misses Sykes,A,0,23,Shirley
the Misses Sykes,DC,0,23,Shirley
the Misses Sykes,DN,0,23,Shirley
the Misses Sympson,N,0,23,Shirley
the Misses Sympson,C,0,23,Shirley
the Misses Sympson,I,0,23,Shirley
the Misses Sympson,A,0,23,Shirley
the Misses Sympson,DC,0,23,Shirley
the Misses Sympson,DN,0,23,Shirley
the Moores,N,0,23,Shirley
the Moores,C,0,23,Shirley
the Moores,I,0,23,Shirley
the Moores,A,0,23,Shirley
the Moores,DC,0,23,Shirley
the Moores,DN,0,23,Shirley
the Sympsons,N,0,23,Shirley
the Sympsons,C,0,23,Shirley
the Sympsons,I,0,23,Shirley
the Sympsons,A,0,23,Shirley
the Sympsons,DC,0,23,Shirley
the Sympsons,DN,0,23,Shirley
Abraham,N,0,24,Shirley
Abraham,C,0,24,Shirley
Abraham,I,0,24,Shirley
Abraham,A,0,24,Shirley
Abraham,DC,0,24,Shirley
Abraham,DN,0,24,Shirley
Adam,N,0,24,Shirley
Adam,C,0,24,Shirley
Adam,I,0,24,Shirley
Adam,A,0,24,Shirley
Adam,DC,0,24,Shirley
Adam,DN,0,24,Shirley
Bob,N,0,24,Shirley
Bob,C,0,24,Shirley
Bob,I,0,24,Shirley
Bob,A,0,24,Shirley
Bob,DC,0,24,Shirley
Bob,DN,0,24,Shirley
Bonaparte,N,0,24,Shirley
Bonaparte,C,0,24,Shirley
Bonaparte,I,0,24,Shirley
Bonaparte,A,0,24,Shirley
Bonaparte,DC,0,24,Shirley
Bonaparte,DN,0,24,Shirley
Boultby,N,0,24,Shirley
Boultby,C,0,24,Shirley
Boultby,I,0,24,Shirley
Boultby,A,0,24,Shirley
Boultby,DC,0,24,Shirley
Boultby,DN,0,24,Shirley
Briarmains,N,0,24,Shirley
Briarmains,C,0,24,Shirley
Briarmains,I,0,24,Shirley
Briarmains,A,0,24,Shirley
Briarmains,DC,0,24,Shirley
Briarmains,DN,0,24,Shirley
CHARLES DICKENS,N,0,24,Shirley
CHARLES DICKENS,C,0,24,Shirley
CHARLES DICKENS,I,0,24,Shirley
CHARLES DICKENS,A,0,24,Shirley
CHARLES DICKENS,DC,0,24,Shirley
CHARLES DICKENS,DN,0,24,Shirley
Captain Keeldar,N,0,24,Shirley
Captain Keeldar,C,0,24,Shirley
Captain Keeldar,I,0,24,Shirley
Captain Keeldar,A,0,24,Shirley
Captain Keeldar,DC,0,24,Shirley
Captain Keeldar,DN,0,24,Shirley
Caroline,N,35,24,Shirley
Caroline,C,29,24,Shirley
Caroline,I,34,24,Shirley
Caroline,A,49,24,Shirley
Caroline,DC,6,24,Shirley
Caroline,DN,10,24,Shirley
"Caroline--""She",N,1,24,Shirley
"Caroline--""She",C,1,24,Shirley
"Caroline--""She",I,0,24,Shirley
"Caroline--""She",A,2,24,Shirley
"Caroline--""She",DC,0,24,Shirley
"Caroline--""She",DN,0,24,Shirley
Cary,N,4,24,Shirley
Cary,C,0,24,Shirley
Cary,I,0,24,Shirley
Cary,A,1,24,Shirley
Cary,DC,3,24,Shirley
Cary,DN,0,24,Shirley
Castlereagh,N,0,24,Shirley
Castlereagh,C,0,24,Shirley
Castlereagh,I,0,24,Shirley
Castlereagh,A,0,24,Shirley
Castlereagh,DC,0,24,Shirley
Castlereagh,DN,0,24,Shirley
Chénier,N,0,24,Shirley
Chénier,C,0,24,Shirley
Chénier,I,0,24,Shirley
Chénier,A,0,24,Shirley
Chénier,DC,0,24,Shirley
Chénier,DN,0,24,Shirley
Coriolanus,N,0,24,Shirley
Coriolanus,C,0,24,Shirley
Coriolanus,I,0,24,Shirley
Coriolanus,A,0,24,Shirley
Coriolanus,DC,0,24,Shirley
Coriolanus,DN,0,24,Shirley
Cowper,N,0,24,Shirley
Cowper,C,0,24,Shirley
Cowper,I,0,24,Shirley
Cowper,A,0,24,Shirley
Cowper,DC,0,24,Shirley
Cowper,DN,0,24,Shirley
Cyril Hall,N,0,24,Shirley
Cyril Hall,C,0,24,Shirley
Cyril Hall,I,0,24,Shirley
Cyril Hall,A,0,24,Shirley
Cyril Hall,DC,0,24,Shirley
Cyril Hall,DN,0,24,Shirley
Daniel,N,0,24,Shirley
Daniel,C,0,24,Shirley
Daniel,I,0,24,Shirley
Daniel,A,0,24,Shirley
Daniel,DC,0,24,Shirley
Daniel,DN,0,24,Shirley
Davy,N,0,24,Shirley
Davy,C,0,24,Shirley
Davy,I,0,24,Shirley
Davy,A,0,24,Shirley
Davy,DC,0,24,Shirley
Davy,DN,0,24,Shirley
Donne,N,0,24,Shirley
Donne,C,0,24,Shirley
Donne,I,0,24,Shirley
Donne,A,0,24,Shirley
Donne,DC,0,24,Shirley
Donne,DN,0,24,Shirley
Dora,N,0,24,Shirley
Dora,C,0,24,Shirley
Dora,I,0,24,Shirley
Dora,A,0,24,Shirley
Dora,DC,0,24,Shirley
Dora,DN,0,24,Shirley
Dr. Boultby,N,2,24,Shirley
Dr. Boultby,C,0,24,Shirley
Dr. Boultby,I,0,24,Shirley
Dr. Boultby,A,2,24,Shirley
Dr. Boultby,DC,2,24,Shirley
Dr. Boultby,DN,0,24,Shirley
Eliza,N,1,24,Shirley
Eliza,C,0,24,Shirley
Eliza,I,0,24,Shirley
Eliza,A,0,24,Shirley
Eliza,DC,0,24,Shirley
Eliza,DN,0,24,Shirley
Eva,N,0,24,Shirley
Eva,C,0,24,Shirley
Eva,I,0,24,Shirley
Eva,A,0,24,Shirley
Eva,DC,0,24,Shirley
Eva,DN,0,24,Shirley
Eve,N,0,24,Shirley
Eve,C,0,24,Shirley
Eve,I,0,24,Shirley
Eve,A,0,24,Shirley
Eve,DC,0,24,Shirley
Eve,DN,0,24,Shirley
Fanny,N,6,24,Shirley
Fanny,C,2,24,Shirley
Fanny,I,0,24,Shirley
Fanny,A,3,24,Shirley
Fanny,DC,3,24,Shirley
Fanny,DN,0,24,Shirley
Farrens,N,0,24,Shirley
Farrens,C,0,24,Shirley
Farrens,I,0,24,Shirley
Farrens,A,0,24,Shirley
Farrens,DC,0,24,Shirley
Farrens,DN,0,24,Shirley
Fieldhead,N,0,24,Shirley
Fieldhead,C,0,24,Shirley
Fieldhead,I,0,24,Shirley
Fieldhead,A,0,24,Shirley
Fieldhead,DC,0,24,Shirley
Fieldhead,DN,0,24,Shirley
Fortune,N,0,24,Shirley
Fortune,C,0,24,Shirley
Fortune,I,0,24,Shirley
Fortune,A,0,24,Shirley
Fortune,DC,0,24,Shirley
Fortune,DN,0,24,Shirley
God,N,6,24,Shirley
God,C,0,24,Shirley
God,I,1,24,Shirley
God,A,0,24,Shirley
God,DC,1,24,Shirley
God,DN,1,24,Shirley
Grace,N,0,24,Shirley
Grace,C,0,24,Shirley
Grace,I,0,24,Shirley
Grace,A,0,24,Shirley
Grace,DC,0,24,Shirley
Grace,DN,0,24,Shirley
Hannah,N,0,24,Shirley
Hannah,C,0,24,Shirley
Hannah,I,0,24,Shirley
Hannah,A,0,24,Shirley
Hannah,DC,0,24,Shirley
Hannah,DN,0,24,Shirley
Harriet,N,0,24,Shirley
Harriet,C,0,24,Shirley
Harriet,I,0,24,Shirley
Harriet,A,0,24,Shirley
Harriet,DC,0,24,Shirley
Harriet,DN,0,24,Shirley
Helstone,N,0,24,Shirley
Helstone,C,0,24,Shirley
Helstone,I,0,24,Shirley
Helstone,A,0,24,Shirley
Helstone,DC,0,24,Shirley
Helstone,DN,0,24,Shirley
Henry,N,0,24,Shirley
Henry,C,0,24,Shirley
Henry,I,0,24,Shirley
Henry,A,0,24,Shirley
Henry,DC,0,24,Shirley
Henry,DN,0,24,Shirley
Hiram Yorke,N,0,24,Shirley
Hiram Yorke,C,0,24,Shirley
Hiram Yorke,I,0,24,Shirley
Hiram Yorke,A,0,24,Shirley
Hiram Yorke,DC,0,24,Shirley
Hiram Yorke,DN,0,24,Shirley
Hollow,N,0,24,Shirley
Hollow,C,0,24,Shirley
Hollow,I,0,24,Shirley
Hollow,A,0,24,Shirley
Hollow,DC,0,24,Shirley
Hollow,DN,0,24,Shirley
Hortense,N,3,24,Shirley
Hortense,C,0,24,Shirley
Hortense,I,0,24,Shirley
Hortense,A,3,24,Shirley
Hortense,DC,1,24,Shirley
Hortense,DN,0,24,Shirley
Isabella,N,0,24,Shirley
Isabella,C,0,24,Shirley
Isabella,I,0,24,Shirley
Isabella,A,0,24,Shirley
Isabella,DC,0,24,Shirley
Isabella,DN,0,24,Shirley
James,N,5,24,Shirley
James,C,0,24,Shirley
James,I,0,24,Shirley
James,A,1,24,Shirley
James,DC,1,24,Shirley
James,DN,1,24,Shirley
Jessy,N,0,24,Shirley
Jessy,C,0,24,Shirley
Jessy,I,0,24,Shirley
Jessy,A,0,24,Shirley
Jessy,DC,0,24,Shirley
Jessy,DN,0,24,Shirley
Joe,N,0,24,Shirley
Joe,C,0,24,Shirley
Joe,I,0,24,Shirley
Joe,A,0,24,Shirley
Joe,DC,0,24,Shirley
Joe,DN,0,24,Shirley
John,N,1,24,Shirley
John,C,0,24,Shirley
John,I,0,24,Shirley
John,A,0,24,Shirley
John,DC,1,24,Shirley
John,DN,0,24,Shirley
John Wesley,N,0,24,Shirley
John Wesley,C,0,24,Shirley
John Wesley,I,0,24,Shirley
John Wesley,A,0,24,Shirley
John Wesley,DC,0,24,Shirley
John Wesley,DN,0,24,Shirley
Lamb,N,0,24,Shirley
Lamb,C,0,24,Shirley
Lamb,I,0,24,Shirley
Lamb,A,0,24,Shirley
Lamb,DC,0,24,Shirley
Lamb,DN,0,24,Shirley
Lina,N,0,24,Shirley
Lina,C,0,24,Shirley
Lina,I,0,24,Shirley
Lina,A,0,24,Shirley
Lina,DC,0,24,Shirley
Lina,DN,0,24,Shirley
Lord Wellington,N,0,24,Shirley
Lord Wellington,C,0,24,Shirley
Lord Wellington,I,0,24,Shirley
Lord Wellington,A,0,24,Shirley
Lord Wellington,DC,0,24,Shirley
Lord Wellington,DN,0,24,Shirley
Louis,N,1,24,Shirley
Louis,C,0,24,Shirley
Louis,I,0,24,Shirley
Louis,A,0,24,Shirley
Louis,DC,0,24,Shirley
Louis,DN,0,24,Shirley
Lucretia,N,0,24,Shirley
Lucretia,C,0,24,Shirley
Lucretia,I,0,24,Shirley
Lucretia,A,0,24,Shirley
Lucretia,DC,0,24,Shirley
Lucretia,DN,0,24,Shirley
MATTERS,N,0,24,Shirley
MATTERS,C,0,24,Shirley
MATTERS,I,0,24,Shirley
MATTERS,A,0,24,Shirley
MATTERS,DC,0,24,Shirley
MATTERS,DN,0,24,Shirley
MacTurk,N,1,24,Shirley
MacTurk,C,0,24,Shirley
MacTurk,I,0,24,Shirley
MacTurk,A,0,24,Shirley
MacTurk,DC,2,24,Shirley
MacTurk,DN,0,24,Shirley
Malone,N,0,24,Shirley
Malone,C,0,24,Shirley
Malone,I,0,24,Shirley
Malone,A,0,24,Shirley
Malone,DC,0,24,Shirley
Malone,DN,0,24,Shirley
Malone.--I,N,0,24,Shirley
Malone.--I,C,0,24,Shirley
Malone.--I,I,0,24,Shirley
Malone.--I,A,0,24,Shirley
Malone.--I,DC,0,24,Shirley
Malone.--I,DN,0,24,Shirley
Mamma,N,4,24,Shirley
Mamma,C,0,24,Shirley
Mamma,I,0,24,Shirley
Mamma,A,3,24,Shirley
Mamma,DC,8,24,Shirley
Mamma,DN,0,24,Shirley
Margaret,N,1,24,Shirley
Margaret,C,0,24,Shirley
Margaret,I,0,24,Shirley
Margaret,A,0,24,Shirley
Margaret,DC,0,24,Shirley
Margaret,DN,0,24,Shirley
Mark,N,0,24,Shirley
Mark,C,0,24,Shirley
Mark,I,0,24,Shirley
Mark,A,0,24,Shirley
Mark,DC,0,24,Shirley
Mark,DN,0,24,Shirley
Martin,N,0,24,Shirley
Martin,C,0,24,Shirley
Martin,I,0,24,Shirley
Martin,A,0,24,Shirley
Martin,DC,0,24,Shirley
Martin,DN,0,24,Shirley
Mary,N,0,24,Shirley
Mary,C,0,24,Shirley
Mary,I,0,24,Shirley
Mary,A,0,24,Shirley
Mary,DC,0,24,Shirley
Mary,DN,0,24,Shirley
Mary Ann Ainley,N,0,24,Shirley
Mary Ann Ainley,C,0,24,Shirley
Mary Ann Ainley,I,0,24,Shirley
Mary Ann Ainley,A,0,24,Shirley
Mary Ann Ainley,DC,0,24,Shirley
Mary Ann Ainley,DN,0,24,Shirley
Matthew,N,0,24,Shirley
Matthew,C,0,24,Shirley
Matthew,I,0,24,Shirley
Matthew,A,0,24,Shirley
Matthew,DC,0,24,Shirley
Matthew,DN,0,24,Shirley
Matthewson Helstone,N,1,24,Shirley
Matthewson Helstone,C,0,24,Shirley
Matthewson Helstone,I,0,24,Shirley
Matthewson Helstone,A,0,24,Shirley
Matthewson Helstone,DC,0,24,Shirley
Matthewson Helstone,DN,0,24,Shirley
Mike,N,0,24,Shirley
Mike,C,0,24,Shirley
Mike,I,0,24,Shirley
Mike,A,0,24,Shirley
Mike,DC,0,24,Shirley
Mike,DN,0,24,Shirley
Miss Ainley,N,0,24,Shirley
Miss Ainley,C,0,24,Shirley
Miss Ainley,I,0,24,Shirley
Miss Ainley,A,0,24,Shirley
Miss Ainley,DC,0,24,Shirley
Miss Ainley,DN,0,24,Shirley
Miss Austen,N,0,24,Shirley
Miss Austen,C,0,24,Shirley
Miss Austen,I,0,24,Shirley
Miss Austen,A,0,24,Shirley
Miss Austen,DC,0,24,Shirley
Miss Austen,DN,0,24,Shirley
Miss Cave,N,0,24,Shirley
Miss Cave,C,0,24,Shirley
Miss Cave,I,0,24,Shirley
Miss Cave,A,0,24,Shirley
Miss Cave,DC,0,24,Shirley
Miss Cave,DN,0,24,Shirley
Miss Grey,N,0,24,Shirley
Miss Grey,C,0,24,Shirley
Miss Grey,I,0,24,Shirley
Miss Grey,A,0,24,Shirley
Miss Grey,DC,0,24,Shirley
Miss Grey,DN,0,24,Shirley
Miss Hardman,N,0,24,Shirley
Miss Hardman,C,0,24,Shirley
Miss Hardman,I,0,24,Shirley
Miss Hardman,A,0,24,Shirley
Miss Hardman,DC,0,24,Shirley
Miss Hardman,DN,0,24,Shirley
Miss Mann,N,0,24,Shirley
Miss Mann,C,0,24,Shirley
Miss Mann,I,0,24,Shirley
Miss Mann,A,0,24,Shirley
Miss Mann,DC,0,24,Shirley
Miss Mann,DN,0,24,Shirley
Miss Mary,N,0,24,Shirley
Miss Mary,C,0,24,Shirley
Miss Mary,I,0,24,Shirley
Miss Mary,A,0,24,Shirley
Miss Mary,DC,0,24,Shirley
Miss Mary,DN,0,24,Shirley
Miss Moore,N,0,24,Shirley
Miss Moore,C,0,24,Shirley
Miss Moore,I,0,24,Shirley
Miss Moore,A,0,24,Shirley
Miss Moore,DC,0,24,Shirley
Miss Moore,DN,0,24,Shirley
Miss Pearson,N,0,24,Shirley
Miss Pearson,C,0,24,Shirley
Miss Pearson,I,0,24,Shirley
Miss Pearson,A,0,24,Shirley
Miss Pearson,DC,0,24,Shirley
Miss Pearson,DN,0,24,Shirley
Moore,N,0,24,Shirley
Moore,C,0,24,Shirley
Moore,I,0,24,Shirley
Moore,A,0,24,Shirley
Moore,DC,0,24,Shirley
Moore,DN,0,24,Shirley
Moses,N,0,24,Shirley
Moses,C,0,24,Shirley
Moses,I,0,24,Shirley
Moses,A,0,24,Shirley
Moses,DC,0,24,Shirley
Moses,DN,0,24,Shirley
Mother,N,0,24,Shirley
Mother,C,0,24,Shirley
Mother,I,0,24,Shirley
Mother,A,0,24,Shirley
Mother,DC,0,24,Shirley
Mother,DN,0,24,Shirley
Mr. Barraclough,N,0,24,Shirley
Mr. Barraclough,C,0,24,Shirley
Mr. Barraclough,I,0,24,Shirley
Mr. Barraclough,A,0,24,Shirley
Mr. Barraclough,DC,0,24,Shirley
Mr. Barraclough,DN,0,24,Shirley
Mr. Gale,N,0,24,Shirley
Mr. Gale,C,0,24,Shirley
Mr. Gale,I,0,24,Shirley
Mr. Gale,A,0,24,Shirley
Mr. Gale,DC,0,24,Shirley
Mr. Gale,DN,0,24,Shirley
Mr. Hall,N,1,24,Shirley
Mr. Hall,C,0,24,Shirley
Mr. Hall,I,0,24,Shirley
Mr. Hall,A,1,24,Shirley
Mr. Hall,DC,0,24,Shirley
Mr. Hall,DN,0,24,Shirley
Mr. Helstone,N,5,24,Shirley
Mr. Helstone,C,8,24,Shirley
Mr. Helstone,I,8,24,Shirley
Mr. Helstone,A,6,24,Shirley
Mr. Helstone,DC,1,24,Shirley
Mr. Helstone,DN,0,24,Shirley
Mr. Moore,N,0,24,Shirley
Mr. Moore,C,0,24,Shirley
Mr. Moore,I,0,24,Shirley
Mr. Moore,A,0,24,Shirley
Mr. Moore,DC,0,24,Shirley
Mr. Moore,DN,0,24,Shirley
Mr. Moore----,N,0,24,Shirley
Mr. Moore----,C,0,24,Shirley
Mr. Moore----,I,0,24,Shirley
Mr. Moore----,A,0,24,Shirley
Mr. Moore----,DC,0,24,Shirley
Mr. Moore----,DN,0,24,Shirley
Mr. Ramsden,N,0,24,Shirley
Mr. Ramsden,C,0,24,Shirley
Mr. Ramsden,I,0,24,Shirley
Mr. Ramsden,A,0,24,Shirley
Mr. Ramsden,DC,0,24,Shirley
Mr. Ramsden,DN,0,24,Shirley
Mr. Sykes,N,0,24,Shirley
Mr. Sykes,C,0,24,Shirley
Mr. Sykes,I,0,24,Shirley
Mr. Sykes,A,0,24,Shirley
Mr. Sykes,DC,0,24,Shirley
Mr. Sykes,DN,0,24,Shirley
Mr. Sympson,N,0,24,Shirley
Mr. Sympson,C,0,24,Shirley
Mr. Sympson,I,0,24,Shirley
Mr. Sympson,A,0,24,Shirley
Mr. Sympson,DC,0,24,Shirley
Mr. Sympson,DN,0,24,Shirley
Mr. Wynne,N,2,24,Shirley
Mr. Wynne,C,0,24,Shirley
Mr. Wynne,I,0,24,Shirley
Mr. Wynne,A,0,24,Shirley
Mr. Wynne,DC,1,24,Shirley
Mr. Wynne,DN,0,24,Shirley
Mr. Yorke,N,0,24,Shirley
Mr. Yorke,C,0,24,Shirley
Mr. Yorke,I,0,24,Shirley
Mr. Yorke,A,0,24,Shirley
Mr. Yorke,DC,0,24,Shirley
Mr. Yorke,DN,0,24,Shirley
Mrs. Gale,N,0,24,Shirley
Mrs. Gale,C,0,24,Shirley
Mrs. Gale,I,0,24,Shirley
Mrs. Gale,A,0,24,Shirley
Mrs. Gale,DC,0,24,Shirley
Mrs. Gale,DN,0,24,Shirley
Mrs. Gill,N,0,24,Shirley
Mrs. Gill,C,0,24,Shirley
Mrs. Gill,I,0,24,Shirley
Mrs. Gill,A,0,24,Shirley
Mrs. Gill,DC,0,24,Shirley
Mrs. Gill,DN,0,24,Shirley
Mrs. Hardman,N,0,24,Shirley
Mrs. Hardman,C,0,24,Shirley
Mrs. Hardman,I,0,24,Shirley
Mrs. Hardman,A,0,24,Shirley
Mrs. Hardman,DC,0,24,Shirley
Mrs. Hardman,DN,0,24,Shirley
Mrs. Horsfall,N,0,24,Shirley
Mrs. Horsfall,C,0,24,Shirley
Mrs. Horsfall,I,0,24,Shirley
Mrs. Horsfall,A,0,24,Shirley
Mrs. Horsfall,DC,0,24,Shirley
Mrs. Horsfall,DN,0,24,Shirley
Mrs. Louis,N,0,24,Shirley
Mrs. Louis,C,0,24,Shirley
Mrs. Louis,I,0,24,Shirley
Mrs. Louis,A,0,24,Shirley
Mrs. Louis,DC,0,24,Shirley
Mrs. Louis,DN,0,24,Shirley
Mrs. Pryor,N,34,24,Shirley
Mrs. Pryor,C,39,24,Shirley
Mrs. Pryor,I,23,24,Shirley
Mrs. Pryor,A,47,24,Shirley
Mrs. Pryor,DC,2,24,Shirley
Mrs. Pryor,DN,2,24,Shirley
Mrs. Sykes,N,0,24,Shirley
Mrs. Sykes,C,0,24,Shirley
Mrs. Sykes,I,0,24,Shirley
Mrs. Sykes,A,0,24,Shirley
Mrs. Sykes,DC,0,24,Shirley
Mrs. Sykes,DN,0,24,Shirley
Mrs. Yorke,N,1,24,Shirley
Mrs. Yorke,C,1,24,Shirley
Mrs. Yorke,I,0,24,Shirley
Mrs. Yorke,A,1,24,Shirley
Mrs. Yorke,DC,0,24,Shirley
Mrs. Yorke,DN,0,24,Shirley
Murgatroyd,N,0,24,Shirley
Murgatroyd,C,0,24,Shirley
Murgatroyd,I,0,24,Shirley
Murgatroyd,A,0,24,Shirley
Murgatroyd,DC,0,24,Shirley
Murgatroyd,DN,0,24,Shirley
Napoleon,N,0,24,Shirley
Napoleon,C,0,24,Shirley
Napoleon,I,0,24,Shirley
Napoleon,A,0,24,Shirley
Napoleon,DC,0,24,Shirley
Napoleon,DN,0,24,Shirley
Nature,N,0,24,Shirley
Nature,C,0,24,Shirley
Nature,I,0,24,Shirley
Nature,A,0,24,Shirley
Nature,DC,0,24,Shirley
Nature,DN,0,24,Shirley
Pearson,N,0,24,Shirley
Pearson,C,0,24,Shirley
Pearson,I,0,24,Shirley
Pearson,A,0,24,Shirley
Pearson,DC,0,24,Shirley
Pearson,DN,0,24,Shirley
Peg Woffington.= CHARLES READE,N,0,24,Shirley
Peg Woffington.= CHARLES READE,C,0,24,Shirley
Peg Woffington.= CHARLES READE,I,0,24,Shirley
Peg Woffington.= CHARLES READE,A,0,24,Shirley
Peg Woffington.= CHARLES READE,DC,0,24,Shirley
Peg Woffington.= CHARLES READE,DN,0,24,Shirley
Peter,N,0,24,Shirley
Peter,C,0,24,Shirley
Peter,I,0,24,Shirley
Peter,A,0,24,Shirley
Peter,DC,0,24,Shirley
Peter,DN,0,24,Shirley
Phœbe,N,0,24,Shirley
Phœbe,C,0,24,Shirley
Phœbe,I,0,24,Shirley
Phœbe,A,0,24,Shirley
Phœbe,DC,0,24,Shirley
Phœbe,DN,0,24,Shirley
Providence,N,0,24,Shirley
Providence,C,0,24,Shirley
Providence,I,0,24,Shirley
Providence,A,0,24,Shirley
Providence,DC,0,24,Shirley
Providence,DN,0,24,Shirley
Robert,N,6,24,Shirley
Robert,C,0,24,Shirley
Robert,I,1,24,Shirley
Robert,A,4,24,Shirley
Robert,DC,6,24,Shirley
Robert,DN,0,24,Shirley
Rose,N,0,24,Shirley
Rose,C,0,24,Shirley
Rose,I,0,24,Shirley
Rose,A,0,24,Shirley
Rose,DC,0,24,Shirley
Rose,DN,0,24,Shirley
Sarah,N,0,24,Shirley
Sarah,C,0,24,Shirley
Sarah,I,0,24,Shirley
Sarah,A,0,24,Shirley
Sarah,DC,0,24,Shirley
Sarah,DN,0,24,Shirley
Saturnia,N,0,24,Shirley
Saturnia,C,0,24,Shirley
Saturnia,I,0,24,Shirley
Saturnia,A,0,24,Shirley
Saturnia,DC,0,24,Shirley
Saturnia,DN,0,24,Shirley
Shakespeare,N,0,24,Shirley
Shakespeare,C,0,24,Shirley
Shakespeare,I,0,24,Shirley
Shakespeare,A,0,24,Shirley
Shakespeare,DC,0,24,Shirley
Shakespeare,DN,0,24,Shirley
Shirley,N,4,24,Shirley
Shirley,C,0,24,Shirley
Shirley,I,1,24,Shirley
Shirley,A,0,24,Shirley
Shirley,DC,1,24,Shirley
Shirley,DN,0,24,Shirley
Sir Philip,N,0,24,Shirley
Sir Philip,C,0,24,Shirley
Sir Philip,I,0,24,Shirley
Sir Philip,A,0,24,Shirley
Sir Philip,DC,0,24,Shirley
Sir Philip,DN,0,24,Shirley
Sir Walter Scott,N,0,24,Shirley
Sir Walter Scott,C,0,24,Shirley
Sir Walter Scott,I,0,24,Shirley
Sir Walter Scott,A,0,24,Shirley
Sir Walter Scott,DC,0,24,Shirley
Sir Walter Scott,DN,0,24,Shirley
Sister,N,0,24,Shirley
Sister,C,0,24,Shirley
Sister,I,0,24,Shirley
Sister,A,0,24,Shirley
Sister,DC,0,24,Shirley
Sister,DN,0,24,Shirley
St. Paul,N,0,24,Shirley
St. Paul,C,0,24,Shirley
St. Paul,I,0,24,Shirley
St. Paul,A,0,24,Shirley
St. Paul,DC,0,24,Shirley
St. Paul,DN,0,24,Shirley
Stilbro,N,0,24,Shirley
Stilbro,C,0,24,Shirley
Stilbro,I,0,24,Shirley
Stilbro,A,0,24,Shirley
Stilbro,DC,0,24,Shirley
Stilbro,DN,0,24,Shirley
Sudgen,N,0,24,Shirley
Sudgen,C,0,24,Shirley
Sudgen,I,0,24,Shirley
Sudgen,A,0,24,Shirley
Sudgen,DC,0,24,Shirley
Sudgen,DN,0,24,Shirley
Sugden,N,0,24,Shirley
Sugden,C,0,24,Shirley
Sugden,I,0,24,Shirley
Sugden,A,0,24,Shirley
Sugden,DC,0,24,Shirley
Sugden,DN,0,24,Shirley
Sweeting,N,0,24,Shirley
Sweeting,C,0,24,Shirley
Sweeting,I,0,24,Shirley
Sweeting,A,0,24,Shirley
Sweeting,DC,0,24,Shirley
Sweeting,DN,0,24,Shirley
Tartar,N,0,24,Shirley
Tartar,C,0,24,Shirley
Tartar,I,0,24,Shirley
Tartar,A,0,24,Shirley
Tartar,DC,0,24,Shirley
Tartar,DN,0,24,Shirley
The Cossack,N,0,24,Shirley
The Cossack,C,0,24,Shirley
The Cossack,I,0,24,Shirley
The Cossack,A,0,24,Shirley
The Cossack,DC,0,24,Shirley
The Cossack,DN,0,24,Shirley
These Oreads,N,0,24,Shirley
These Oreads,C,0,24,Shirley
These Oreads,I,0,24,Shirley
These Oreads,A,0,24,Shirley
These Oreads,DC,0,24,Shirley
These Oreads,DN,0,24,Shirley
Tom Cringle,N,0,24,Shirley
Tom Cringle,C,0,24,Shirley
Tom Cringle,I,0,24,Shirley
Tom Cringle,A,0,24,Shirley
Tom Cringle,DC,0,24,Shirley
Tom Cringle,DN,0,24,Shirley
Uncle,N,1,24,Shirley
Uncle,C,0,24,Shirley
Uncle,I,2,24,Shirley
Uncle,A,1,24,Shirley
Uncle,DC,2,24,Shirley
Uncle,DN,0,24,Shirley
VICTOR HUGO,N,0,24,Shirley
VICTOR HUGO,C,0,24,Shirley
VICTOR HUGO,I,0,24,Shirley
VICTOR HUGO,A,0,24,Shirley
VICTOR HUGO,DC,0,24,Shirley
VICTOR HUGO,DN,0,24,Shirley
Whinbury,N,0,24,Shirley
Whinbury,C,0,24,Shirley
Whinbury,I,0,24,Shirley
Whinbury,A,0,24,Shirley
Whinbury,DC,0,24,Shirley
Whinbury,DN,0,24,Shirley
William,N,2,24,Shirley
William,C,0,24,Shirley
William,I,1,24,Shirley
William,A,1,24,Shirley
William,DC,4,24,Shirley
William,DN,0,24,Shirley
mademoiselle,N,1,24,Shirley
mademoiselle,C,0,24,Shirley
mademoiselle,I,0,24,Shirley
mademoiselle,A,1,24,Shirley
mademoiselle,DC,0,24,Shirley
mademoiselle,DN,0,24,Shirley
old Lady Nunnely,N,0,24,Shirley
old Lady Nunnely,C,0,24,Shirley
old Lady Nunnely,I,0,24,Shirley
old Lady Nunnely,A,0,24,Shirley
old Lady Nunnely,DC,0,24,Shirley
old Lady Nunnely,DN,0,24,Shirley
old Queen Charlotte,N,0,24,Shirley
old Queen Charlotte,C,0,24,Shirley
old Queen Charlotte,I,0,24,Shirley
old Queen Charlotte,A,0,24,Shirley
old Queen Charlotte,DC,0,24,Shirley
old Queen Charlotte,DN,0,24,Shirley
the Misses Sykes,N,0,24,Shirley
the Misses Sykes,C,0,24,Shirley
the Misses Sykes,I,0,24,Shirley
the Misses Sykes,A,0,24,Shirley
the Misses Sykes,DC,0,24,Shirley
the Misses Sykes,DN,0,24,Shirley
the Misses Sympson,N,0,24,Shirley
the Misses Sympson,C,0,24,Shirley
the Misses Sympson,I,0,24,Shirley
the Misses Sympson,A,0,24,Shirley
the Misses Sympson,DC,0,24,Shirley
the Misses Sympson,DN,0,24,Shirley
the Moores,N,0,24,Shirley
the Moores,C,0,24,Shirley
the Moores,I,0,24,Shirley
the Moores,A,0,24,Shirley
the Moores,DC,0,24,Shirley
the Moores,DN,0,24,Shirley
the Sympsons,N,0,24,Shirley
the Sympsons,C,0,24,Shirley
the Sympsons,I,0,24,Shirley
the Sympsons,A,0,24,Shirley
the Sympsons,DC,0,24,Shirley
the Sympsons,DN,0,24,Shirley
Abraham,N,0,25,Shirley
Abraham,C,0,25,Shirley
Abraham,I,0,25,Shirley
Abraham,A,0,25,Shirley
Abraham,DC,0,25,Shirley
Abraham,DN,0,25,Shirley
Adam,N,0,25,Shirley
Adam,C,0,25,Shirley
Adam,I,0,25,Shirley
Adam,A,0,25,Shirley
Adam,DC,0,25,Shirley
Adam,DN,0,25,Shirley
Bob,N,0,25,Shirley
Bob,C,0,25,Shirley
Bob,I,0,25,Shirley
Bob,A,0,25,Shirley
Bob,DC,0,25,Shirley
Bob,DN,0,25,Shirley
Bonaparte,N,0,25,Shirley
Bonaparte,C,0,25,Shirley
Bonaparte,I,0,25,Shirley
Bonaparte,A,0,25,Shirley
Bonaparte,DC,0,25,Shirley
Bonaparte,DN,0,25,Shirley
Boultby,N,0,25,Shirley
Boultby,C,0,25,Shirley
Boultby,I,0,25,Shirley
Boultby,A,0,25,Shirley
Boultby,DC,0,25,Shirley
Boultby,DN,0,25,Shirley
Briarmains,N,0,25,Shirley
Briarmains,C,0,25,Shirley
Briarmains,I,0,25,Shirley
Briarmains,A,0,25,Shirley
Briarmains,DC,0,25,Shirley
Briarmains,DN,0,25,Shirley
CHARLES DICKENS,N,0,25,Shirley
CHARLES DICKENS,C,0,25,Shirley
CHARLES DICKENS,I,0,25,Shirley
CHARLES DICKENS,A,0,25,Shirley
CHARLES DICKENS,DC,0,25,Shirley
CHARLES DICKENS,DN,0,25,Shirley
Captain Keeldar,N,0,25,Shirley
Captain Keeldar,C,0,25,Shirley
Captain Keeldar,I,0,25,Shirley
Captain Keeldar,A,0,25,Shirley
Captain Keeldar,DC,0,25,Shirley
Captain Keeldar,DN,0,25,Shirley
Caroline,N,18,25,Shirley
Caroline,C,9,25,Shirley
Caroline,I,13,25,Shirley
Caroline,A,13,25,Shirley
Caroline,DC,1,25,Shirley
Caroline,DN,1,25,Shirley
"Caroline--""She",N,0,25,Shirley
"Caroline--""She",C,0,25,Shirley
"Caroline--""She",I,0,25,Shirley
"Caroline--""She",A,0,25,Shirley
"Caroline--""She",DC,0,25,Shirley
"Caroline--""She",DN,0,25,Shirley
Cary,N,3,25,Shirley
Cary,C,0,25,Shirley
Cary,I,1,25,Shirley
Cary,A,4,25,Shirley
Cary,DC,0,25,Shirley
Cary,DN,0,25,Shirley
Castlereagh,N,0,25,Shirley
Castlereagh,C,0,25,Shirley
Castlereagh,I,0,25,Shirley
Castlereagh,A,0,25,Shirley
Castlereagh,DC,0,25,Shirley
Castlereagh,DN,0,25,Shirley
Chénier,N,0,25,Shirley
Chénier,C,0,25,Shirley
Chénier,I,0,25,Shirley
Chénier,A,0,25,Shirley
Chénier,DC,0,25,Shirley
Chénier,DN,0,25,Shirley
Coriolanus,N,0,25,Shirley
Coriolanus,C,0,25,Shirley
Coriolanus,I,0,25,Shirley
Coriolanus,A,0,25,Shirley
Coriolanus,DC,0,25,Shirley
Coriolanus,DN,0,25,Shirley
Cowper,N,0,25,Shirley
Cowper,C,0,25,Shirley
Cowper,I,0,25,Shirley
Cowper,A,0,25,Shirley
Cowper,DC,0,25,Shirley
Cowper,DN,0,25,Shirley
Cyril Hall,N,0,25,Shirley
Cyril Hall,C,0,25,Shirley
Cyril Hall,I,0,25,Shirley
Cyril Hall,A,0,25,Shirley
Cyril Hall,DC,0,25,Shirley
Cyril Hall,DN,0,25,Shirley
Daniel,N,0,25,Shirley
Daniel,C,0,25,Shirley
Daniel,I,0,25,Shirley
Daniel,A,0,25,Shirley
Daniel,DC,0,25,Shirley
Daniel,DN,0,25,Shirley
Davy,N,0,25,Shirley
Davy,C,0,25,Shirley
Davy,I,0,25,Shirley
Davy,A,0,25,Shirley
Davy,DC,0,25,Shirley
Davy,DN,0,25,Shirley
Donne,N,0,25,Shirley
Donne,C,0,25,Shirley
Donne,I,0,25,Shirley
Donne,A,0,25,Shirley
Donne,DC,0,25,Shirley
Donne,DN,0,25,Shirley
Dora,N,0,25,Shirley
Dora,C,0,25,Shirley
Dora,I,0,25,Shirley
Dora,A,0,25,Shirley
Dora,DC,0,25,Shirley
Dora,DN,0,25,Shirley
Dr. Boultby,N,0,25,Shirley
Dr. Boultby,C,0,25,Shirley
Dr. Boultby,I,0,25,Shirley
Dr. Boultby,A,0,25,Shirley
Dr. Boultby,DC,0,25,Shirley
Dr. Boultby,DN,0,25,Shirley
Eliza,N,1,25,Shirley
Eliza,C,0,25,Shirley
Eliza,I,0,25,Shirley
Eliza,A,0,25,Shirley
Eliza,DC,0,25,Shirley
Eliza,DN,0,25,Shirley
Eva,N,0,25,Shirley
Eva,C,0,25,Shirley
Eva,I,0,25,Shirley
Eva,A,0,25,Shirley
Eva,DC,0,25,Shirley
Eva,DN,0,25,Shirley
Eve,N,0,25,Shirley
Eve,C,0,25,Shirley
Eve,I,0,25,Shirley
Eve,A,0,25,Shirley
Eve,DC,0,25,Shirley
Eve,DN,0,25,Shirley
Fanny,N,1,25,Shirley
Fanny,C,0,25,Shirley
Fanny,I,0,25,Shirley
Fanny,A,1,25,Shirley
Fanny,DC,0,25,Shirley
Fanny,DN,0,25,Shirley
Farrens,N,0,25,Shirley
Farrens,C,0,25,Shirley
Farrens,I,0,25,Shirley
Farrens,A,0,25,Shirley
Farrens,DC,0,25,Shirley
Farrens,DN,0,25,Shirley
Fieldhead,N,0,25,Shirley
Fieldhead,C,0,25,Shirley
Fieldhead,I,0,25,Shirley
Fieldhead,A,0,25,Shirley
Fieldhead,DC,0,25,Shirley
Fieldhead,DN,0,25,Shirley
Fortune,N,0,25,Shirley
Fortune,C,0,25,Shirley
Fortune,I,0,25,Shirley
Fortune,A,0,25,Shirley
Fortune,DC,0,25,Shirley
Fortune,DN,0,25,Shirley
God,N,2,25,Shirley
God,C,0,25,Shirley
God,I,0,25,Shirley
God,A,1,25,Shirley
God,DC,0,25,Shirley
God,DN,0,25,Shirley
Grace,N,0,25,Shirley
Grace,C,0,25,Shirley
Grace,I,0,25,Shirley
Grace,A,0,25,Shirley
Grace,DC,0,25,Shirley
Grace,DN,0,25,Shirley
Hannah,N,0,25,Shirley
Hannah,C,0,25,Shirley
Hannah,I,0,25,Shirley
Hannah,A,0,25,Shirley
Hannah,DC,0,25,Shirley
Hannah,DN,0,25,Shirley
Harriet,N,0,25,Shirley
Harriet,C,0,25,Shirley
Harriet,I,0,25,Shirley
Harriet,A,0,25,Shirley
Harriet,DC,0,25,Shirley
Harriet,DN,0,25,Shirley
Helstone,N,0,25,Shirley
Helstone,C,0,25,Shirley
Helstone,I,0,25,Shirley
Helstone,A,0,25,Shirley
Helstone,DC,0,25,Shirley
Helstone,DN,0,25,Shirley
Henry,N,0,25,Shirley
Henry,C,0,25,Shirley
Henry,I,0,25,Shirley
Henry,A,0,25,Shirley
Henry,DC,0,25,Shirley
Henry,DN,0,25,Shirley
Hiram Yorke,N,0,25,Shirley
Hiram Yorke,C,0,25,Shirley
Hiram Yorke,I,0,25,Shirley
Hiram Yorke,A,0,25,Shirley
Hiram Yorke,DC,0,25,Shirley
Hiram Yorke,DN,0,25,Shirley
Hollow,N,0,25,Shirley
Hollow,C,0,25,Shirley
Hollow,I,0,25,Shirley
Hollow,A,0,25,Shirley
Hollow,DC,0,25,Shirley
Hollow,DN,0,25,Shirley
Hortense,N,1,25,Shirley
Hortense,C,0,25,Shirley
Hortense,I,0,25,Shirley
Hortense,A,1,25,Shirley
Hortense,DC,0,25,Shirley
Hortense,DN,0,25,Shirley
Isabella,N,0,25,Shirley
Isabella,C,0,25,Shirley
Isabella,I,0,25,Shirley
Isabella,A,0,25,Shirley
Isabella,DC,0,25,Shirley
Isabella,DN,0,25,Shirley
James,N,0,25,Shirley
James,C,0,25,Shirley
James,I,0,25,Shirley
James,A,0,25,Shirley
James,DC,0,25,Shirley
James,DN,0,25,Shirley
Jessy,N,0,25,Shirley
Jessy,C,0,25,Shirley
Jessy,I,0,25,Shirley
Jessy,A,0,25,Shirley
Jessy,DC,0,25,Shirley
Jessy,DN,0,25,Shirley
Joe,N,0,25,Shirley
Joe,C,0,25,Shirley
Joe,I,0,25,Shirley
Joe,A,0,25,Shirley
Joe,DC,0,25,Shirley
Joe,DN,0,25,Shirley
John,N,0,25,Shirley
John,C,0,25,Shirley
John,I,0,25,Shirley
John,A,0,25,Shirley
John,DC,0,25,Shirley
John,DN,0,25,Shirley
John Wesley,N,0,25,Shirley
John Wesley,C,0,25,Shirley
John Wesley,I,0,25,Shirley
John Wesley,A,0,25,Shirley
John Wesley,DC,0,25,Shirley
John Wesley,DN,0,25,Shirley
Lamb,N,0,25,Shirley
Lamb,C,0,25,Shirley
Lamb,I,0,25,Shirley
Lamb,A,0,25,Shirley
Lamb,DC,0,25,Shirley
Lamb,DN,0,25,Shirley
Lina,N,0,25,Shirley
Lina,C,0,25,Shirley
Lina,I,0,25,Shirley
Lina,A,0,25,Shirley
Lina,DC,0,25,Shirley
Lina,DN,0,25,Shirley
Lord Wellington,N,0,25,Shirley
Lord Wellington,C,0,25,Shirley
Lord Wellington,I,0,25,Shirley
Lord Wellington,A,0,25,Shirley
Lord Wellington,DC,0,25,Shirley
Lord Wellington,DN,0,25,Shirley
Louis,N,0,25,Shirley
Louis,C,0,25,Shirley
Louis,I,0,25,Shirley
Louis,A,0,25,Shirley
Louis,DC,0,25,Shirley
Louis,DN,0,25,Shirley
Lucretia,N,0,25,Shirley
Lucretia,C,0,25,Shirley
Lucretia,I,0,25,Shirley
Lucretia,A,0,25,Shirley
Lucretia,DC,0,25,Shirley
Lucretia,DN,0,25,Shirley
MATTERS,N,0,25,Shirley
MATTERS,C,0,25,Shirley
MATTERS,I,0,25,Shirley
MATTERS,A,0,25,Shirley
MATTERS,DC,0,25,Shirley
MATTERS,DN,0,25,Shirley
MacTurk,N,0,25,Shirley
MacTurk,C,0,25,Shirley
MacTurk,I,0,25,Shirley
MacTurk,A,0,25,Shirley
MacTurk,DC,0,25,Shirley
MacTurk,DN,0,25,Shirley
Malone,N,0,25,Shirley
Malone,C,0,25,Shirley
Malone,I,0,25,Shirley
Malone,A,0,25,Shirley
Malone,DC,0,25,Shirley
Malone,DN,0,25,Shirley
Malone.--I,N,0,25,Shirley
Malone.--I,C,0,25,Shirley
Malone.--I,I,0,25,Shirley
Malone.--I,A,0,25,Shirley
Malone.--I,DC,0,25,Shirley
Malone.--I,DN,0,25,Shirley
Mamma,N,5,25,Shirley
Mamma,C,0,25,Shirley
Mamma,I,0,25,Shirley
Mamma,A,1,25,Shirley
Mamma,DC,6,25,Shirley
Mamma,DN,0,25,Shirley
Margaret,N,0,25,Shirley
Margaret,C,0,25,Shirley
Margaret,I,0,25,Shirley
Margaret,A,0,25,Shirley
Margaret,DC,0,25,Shirley
Margaret,DN,0,25,Shirley
Mark,N,0,25,Shirley
Mark,C,0,25,Shirley
Mark,I,0,25,Shirley
Mark,A,0,25,Shirley
Mark,DC,0,25,Shirley
Mark,DN,0,25,Shirley
Martin,N,0,25,Shirley
Martin,C,0,25,Shirley
Martin,I,0,25,Shirley
Martin,A,0,25,Shirley
Martin,DC,0,25,Shirley
Martin,DN,0,25,Shirley
Mary,N,0,25,Shirley
Mary,C,0,25,Shirley
Mary,I,0,25,Shirley
Mary,A,0,25,Shirley
Mary,DC,0,25,Shirley
Mary,DN,0,25,Shirley
Mary Ann Ainley,N,0,25,Shirley
Mary Ann Ainley,C,0,25,Shirley
Mary Ann Ainley,I,0,25,Shirley
Mary Ann Ainley,A,0,25,Shirley
Mary Ann Ainley,DC,0,25,Shirley
Mary Ann Ainley,DN,0,25,Shirley
Matthew,N,0,25,Shirley
Matthew,C,0,25,Shirley
Matthew,I,0,25,Shirley
Matthew,A,0,25,Shirley
Matthew,DC,0,25,Shirley
Matthew,DN,0,25,Shirley
Matthewson Helstone,N,0,25,Shirley
Matthewson Helstone,C,0,25,Shirley
Matthewson Helstone,I,0,25,Shirley
Matthewson Helstone,A,0,25,Shirley
Matthewson Helstone,DC,0,25,Shirley
Matthewson Helstone,DN,0,25,Shirley
Mike,N,0,25,Shirley
Mike,C,0,25,Shirley
Mike,I,0,25,Shirley
Mike,A,0,25,Shirley
Mike,DC,0,25,Shirley
Mike,DN,0,25,Shirley
Miss Ainley,N,0,25,Shirley
Miss Ainley,C,0,25,Shirley
Miss Ainley,I,0,25,Shirley
Miss Ainley,A,0,25,Shirley
Miss Ainley,DC,0,25,Shirley
Miss Ainley,DN,0,25,Shirley
Miss Austen,N,0,25,Shirley
Miss Austen,C,0,25,Shirley
Miss Austen,I,0,25,Shirley
Miss Austen,A,0,25,Shirley
Miss Austen,DC,0,25,Shirley
Miss Austen,DN,0,25,Shirley
Miss Cave,N,0,25,Shirley
Miss Cave,C,0,25,Shirley
Miss Cave,I,0,25,Shirley
Miss Cave,A,0,25,Shirley
Miss Cave,DC,0,25,Shirley
Miss Cave,DN,0,25,Shirley
Miss Grey,N,0,25,Shirley
Miss Grey,C,0,25,Shirley
Miss Grey,I,0,25,Shirley
Miss Grey,A,0,25,Shirley
Miss Grey,DC,0,25,Shirley
Miss Grey,DN,0,25,Shirley
Miss Hardman,N,0,25,Shirley
Miss Hardman,C,0,25,Shirley
Miss Hardman,I,0,25,Shirley
Miss Hardman,A,0,25,Shirley
Miss Hardman,DC,0,25,Shirley
Miss Hardman,DN,0,25,Shirley
Miss Mann,N,1,25,Shirley
Miss Mann,C,0,25,Shirley
Miss Mann,I,0,25,Shirley
Miss Mann,A,0,25,Shirley
Miss Mann,DC,0,25,Shirley
Miss Mann,DN,0,25,Shirley
Miss Mary,N,0,25,Shirley
Miss Mary,C,0,25,Shirley
Miss Mary,I,0,25,Shirley
Miss Mary,A,0,25,Shirley
Miss Mary,DC,0,25,Shirley
Miss Mary,DN,0,25,Shirley
Miss Moore,N,0,25,Shirley
Miss Moore,C,0,25,Shirley
Miss Moore,I,0,25,Shirley
Miss Moore,A,0,25,Shirley
Miss Moore,DC,0,25,Shirley
Miss Moore,DN,0,25,Shirley
Miss Pearson,N,0,25,Shirley
Miss Pearson,C,0,25,Shirley
Miss Pearson,I,0,25,Shirley
Miss Pearson,A,0,25,Shirley
Miss Pearson,DC,0,25,Shirley
Miss Pearson,DN,0,25,Shirley
Moore,N,0,25,Shirley
Moore,C,0,25,Shirley
Moore,I,0,25,Shirley
Moore,A,0,25,Shirley
Moore,DC,0,25,Shirley
Moore,DN,0,25,Shirley
Moses,N,0,25,Shirley
Moses,C,0,25,Shirley
Moses,I,0,25,Shirley
Moses,A,0,25,Shirley
Moses,DC,0,25,Shirley
Moses,DN,0,25,Shirley
Mother,N,0,25,Shirley
Mother,C,0,25,Shirley
Mother,I,0,25,Shirley
Mother,A,0,25,Shirley
Mother,DC,0,25,Shirley
Mother,DN,0,25,Shirley
Mr. Barraclough,N,0,25,Shirley
Mr. Barraclough,C,0,25,Shirley
Mr. Barraclough,I,0,25,Shirley
Mr. Barraclough,A,0,25,Shirley
Mr. Barraclough,DC,0,25,Shirley
Mr. Barraclough,DN,0,25,Shirley
Mr. Gale,N,0,25,Shirley
Mr. Gale,C,0,25,Shirley
Mr. Gale,I,0,25,Shirley
Mr. Gale,A,0,25,Shirley
Mr. Gale,DC,0,25,Shirley
Mr. Gale,DN,0,25,Shirley
Mr. Hall,N,3,25,Shirley
Mr. Hall,C,1,25,Shirley
Mr. Hall,I,1,25,Shirley
Mr. Hall,A,1,25,Shirley
Mr. Hall,DC,0,25,Shirley
Mr. Hall,DN,0,25,Shirley
Mr. Helstone,N,1,25,Shirley
Mr. Helstone,C,0,25,Shirley
Mr. Helstone,I,0,25,Shirley
Mr. Helstone,A,0,25,Shirley
Mr. Helstone,DC,0,25,Shirley
Mr. Helstone,DN,0,25,Shirley
Mr. Moore,N,1,25,Shirley
Mr. Moore,C,0,25,Shirley
Mr. Moore,I,0,25,Shirley
Mr. Moore,A,0,25,Shirley
Mr. Moore,DC,0,25,Shirley
Mr. Moore,DN,0,25,Shirley
Mr. Moore----,N,0,25,Shirley
Mr. Moore----,C,0,25,Shirley
Mr. Moore----,I,0,25,Shirley
Mr. Moore----,A,0,25,Shirley
Mr. Moore----,DC,0,25,Shirley
Mr. Moore----,DN,0,25,Shirley
Mr. Ramsden,N,0,25,Shirley
Mr. Ramsden,C,0,25,Shirley
Mr. Ramsden,I,0,25,Shirley
Mr. Ramsden,A,0,25,Shirley
Mr. Ramsden,DC,0,25,Shirley
Mr. Ramsden,DN,0,25,Shirley
Mr. Sykes,N,0,25,Shirley
Mr. Sykes,C,0,25,Shirley
Mr. Sykes,I,0,25,Shirley
Mr. Sykes,A,0,25,Shirley
Mr. Sykes,DC,0,25,Shirley
Mr. Sykes,DN,0,25,Shirley
Mr. Sympson,N,0,25,Shirley
Mr. Sympson,C,0,25,Shirley
Mr. Sympson,I,0,25,Shirley
Mr. Sympson,A,0,25,Shirley
Mr. Sympson,DC,0,25,Shirley
Mr. Sympson,DN,0,25,Shirley
Mr. Wynne,N,0,25,Shirley
Mr. Wynne,C,0,25,Shirley
Mr. Wynne,I,0,25,Shirley
Mr. Wynne,A,0,25,Shirley
Mr. Wynne,DC,0,25,Shirley
Mr. Wynne,DN,0,25,Shirley
Mr. Yorke,N,0,25,Shirley
Mr. Yorke,C,0,25,Shirley
Mr. Yorke,I,0,25,Shirley
Mr. Yorke,A,0,25,Shirley
Mr. Yorke,DC,0,25,Shirley
Mr. Yorke,DN,0,25,Shirley
Mrs. Gale,N,0,25,Shirley
Mrs. Gale,C,0,25,Shirley
Mrs. Gale,I,0,25,Shirley
Mrs. Gale,A,0,25,Shirley
Mrs. Gale,DC,0,25,Shirley
Mrs. Gale,DN,0,25,Shirley
Mrs. Gill,N,0,25,Shirley
Mrs. Gill,C,0,25,Shirley
Mrs. Gill,I,0,25,Shirley
Mrs. Gill,A,0,25,Shirley
Mrs. Gill,DC,0,25,Shirley
Mrs. Gill,DN,0,25,Shirley
Mrs. Hardman,N,0,25,Shirley
Mrs. Hardman,C,0,25,Shirley
Mrs. Hardman,I,0,25,Shirley
Mrs. Hardman,A,0,25,Shirley
Mrs. Hardman,DC,0,25,Shirley
Mrs. Hardman,DN,0,25,Shirley
Mrs. Horsfall,N,0,25,Shirley
Mrs. Horsfall,C,0,25,Shirley
Mrs. Horsfall,I,0,25,Shirley
Mrs. Horsfall,A,0,25,Shirley
Mrs. Horsfall,DC,0,25,Shirley
Mrs. Horsfall,DN,0,25,Shirley
Mrs. Louis,N,0,25,Shirley
Mrs. Louis,C,0,25,Shirley
Mrs. Louis,I,0,25,Shirley
Mrs. Louis,A,0,25,Shirley
Mrs. Louis,DC,0,25,Shirley
Mrs. Louis,DN,0,25,Shirley
Mrs. Pryor,N,14,25,Shirley
Mrs. Pryor,C,7,25,Shirley
Mrs. Pryor,I,13,25,Shirley
Mrs. Pryor,A,8,25,Shirley
Mrs. Pryor,DC,0,25,Shirley
Mrs. Pryor,DN,1,25,Shirley
Mrs. Sykes,N,0,25,Shirley
Mrs. Sykes,C,0,25,Shirley
Mrs. Sykes,I,0,25,Shirley
Mrs. Sykes,A,0,25,Shirley
Mrs. Sykes,DC,0,25,Shirley
Mrs. Sykes,DN,0,25,Shirley
Mrs. Yorke,N,1,25,Shirley
Mrs. Yorke,C,0,25,Shirley
Mrs. Yorke,I,0,25,Shirley
Mrs. Yorke,A,0,25,Shirley
Mrs. Yorke,DC,0,25,Shirley
Mrs. Yorke,DN,0,25,Shirley
Murgatroyd,N,0,25,Shirley
Murgatroyd,C,0,25,Shirley
Murgatroyd,I,0,25,Shirley
Murgatroyd,A,0,25,Shirley
Murgatroyd,DC,0,25,Shirley
Murgatroyd,DN,0,25,Shirley
Napoleon,N,0,25,Shirley
Napoleon,C,0,25,Shirley
Napoleon,I,0,25,Shirley
Napoleon,A,0,25,Shirley
Napoleon,DC,0,25,Shirley
Napoleon,DN,0,25,Shirley
Nature,N,0,25,Shirley
Nature,C,0,25,Shirley
Nature,I,0,25,Shirley
Nature,A,0,25,Shirley
Nature,DC,0,25,Shirley
Nature,DN,0,25,Shirley
Pearson,N,0,25,Shirley
Pearson,C,0,25,Shirley
Pearson,I,0,25,Shirley
Pearson,A,0,25,Shirley
Pearson,DC,0,25,Shirley
Pearson,DN,0,25,Shirley
Peg Woffington.= CHARLES READE,N,0,25,Shirley
Peg Woffington.= CHARLES READE,C,0,25,Shirley
Peg Woffington.= CHARLES READE,I,0,25,Shirley
Peg Woffington.= CHARLES READE,A,0,25,Shirley
Peg Woffington.= CHARLES READE,DC,0,25,Shirley
Peg Woffington.= CHARLES READE,DN,0,25,Shirley
Peter,N,0,25,Shirley
Peter,C,0,25,Shirley
Peter,I,0,25,Shirley
Peter,A,0,25,Shirley
Peter,DC,0,25,Shirley
Peter,DN,0,25,Shirley
Phœbe,N,0,25,Shirley
Phœbe,C,0,25,Shirley
Phœbe,I,0,25,Shirley
Phœbe,A,0,25,Shirley
Phœbe,DC,0,25,Shirley
Phœbe,DN,0,25,Shirley
Providence,N,0,25,Shirley
Providence,C,0,25,Shirley
Providence,I,0,25,Shirley
Providence,A,0,25,Shirley
Providence,DC,0,25,Shirley
Providence,DN,0,25,Shirley
Robert,N,1,25,Shirley
Robert,C,0,25,Shirley
Robert,I,0,25,Shirley
Robert,A,1,25,Shirley
Robert,DC,0,25,Shirley
Robert,DN,0,25,Shirley
Rose,N,0,25,Shirley
Rose,C,0,25,Shirley
Rose,I,0,25,Shirley
Rose,A,0,25,Shirley
Rose,DC,0,25,Shirley
Rose,DN,0,25,Shirley
Sarah,N,0,25,Shirley
Sarah,C,0,25,Shirley
Sarah,I,0,25,Shirley
Sarah,A,0,25,Shirley
Sarah,DC,0,25,Shirley
Sarah,DN,0,25,Shirley
Saturnia,N,0,25,Shirley
Saturnia,C,0,25,Shirley
Saturnia,I,0,25,Shirley
Saturnia,A,0,25,Shirley
Saturnia,DC,0,25,Shirley
Saturnia,DN,0,25,Shirley
Shakespeare,N,0,25,Shirley
Shakespeare,C,0,25,Shirley
Shakespeare,I,0,25,Shirley
Shakespeare,A,0,25,Shirley
Shakespeare,DC,0,25,Shirley
Shakespeare,DN,0,25,Shirley
Shirley,N,1,25,Shirley
Shirley,C,1,25,Shirley
Shirley,I,3,25,Shirley
Shirley,A,0,25,Shirley
Shirley,DC,0,25,Shirley
Shirley,DN,1,25,Shirley
Sir Philip,N,0,25,Shirley
Sir Philip,C,0,25,Shirley
Sir Philip,I,0,25,Shirley
Sir Philip,A,0,25,Shirley
Sir Philip,DC,0,25,Shirley
Sir Philip,DN,0,25,Shirley
Sir Walter Scott,N,0,25,Shirley
Sir Walter Scott,C,0,25,Shirley
Sir Walter Scott,I,0,25,Shirley
Sir Walter Scott,A,0,25,Shirley
Sir Walter Scott,DC,0,25,Shirley
Sir Walter Scott,DN,0,25,Shirley
Sister,N,0,25,Shirley
Sister,C,0,25,Shirley
Sister,I,0,25,Shirley
Sister,A,0,25,Shirley
Sister,DC,0,25,Shirley
Sister,DN,0,25,Shirley
St. Paul,N,0,25,Shirley
St. Paul,C,0,25,Shirley
St. Paul,I,0,25,Shirley
St. Paul,A,0,25,Shirley
St. Paul,DC,0,25,Shirley
St. Paul,DN,0,25,Shirley
Stilbro,N,0,25,Shirley
Stilbro,C,0,25,Shirley
Stilbro,I,0,25,Shirley
Stilbro,A,0,25,Shirley
Stilbro,DC,0,25,Shirley
Stilbro,DN,0,25,Shirley
Sudgen,N,0,25,Shirley
Sudgen,C,0,25,Shirley
Sudgen,I,0,25,Shirley
Sudgen,A,0,25,Shirley
Sudgen,DC,0,25,Shirley
Sudgen,DN,0,25,Shirley
Sugden,N,0,25,Shirley
Sugden,C,0,25,Shirley
Sugden,I,0,25,Shirley
Sugden,A,0,25,Shirley
Sugden,DC,0,25,Shirley
Sugden,DN,0,25,Shirley
Sweeting,N,0,25,Shirley
Sweeting,C,0,25,Shirley
Sweeting,I,0,25,Shirley
Sweeting,A,0,25,Shirley
Sweeting,DC,0,25,Shirley
Sweeting,DN,0,25,Shirley
Tartar,N,0,25,Shirley
Tartar,C,0,25,Shirley
Tartar,I,0,25,Shirley
Tartar,A,0,25,Shirley
Tartar,DC,0,25,Shirley
Tartar,DN,0,25,Shirley
The Cossack,N,0,25,Shirley
The Cossack,C,0,25,Shirley
The Cossack,I,0,25,Shirley
The Cossack,A,0,25,Shirley
The Cossack,DC,0,25,Shirley
The Cossack,DN,0,25,Shirley
These Oreads,N,0,25,Shirley
These Oreads,C,0,25,Shirley
These Oreads,I,0,25,Shirley
These Oreads,A,0,25,Shirley
These Oreads,DC,0,25,Shirley
These Oreads,DN,0,25,Shirley
Tom Cringle,N,0,25,Shirley
Tom Cringle,C,0,25,Shirley
Tom Cringle,I,0,25,Shirley
Tom Cringle,A,0,25,Shirley
Tom Cringle,DC,0,25,Shirley
Tom Cringle,DN,0,25,Shirley
Uncle,N,0,25,Shirley
Uncle,C,0,25,Shirley
Uncle,I,0,25,Shirley
Uncle,A,0,25,Shirley
Uncle,DC,0,25,Shirley
Uncle,DN,0,25,Shirley
VICTOR HUGO,N,0,25,Shirley
VICTOR HUGO,C,0,25,Shirley
VICTOR HUGO,I,0,25,Shirley
VICTOR HUGO,A,0,25,Shirley
VICTOR HUGO,DC,0,25,Shirley
VICTOR HUGO,DN,0,25,Shirley
Whinbury,N,0,25,Shirley
Whinbury,C,0,25,Shirley
Whinbury,I,0,25,Shirley
Whinbury,A,0,25,Shirley
Whinbury,DC,0,25,Shirley
Whinbury,DN,0,25,Shirley
William,N,7,25,Shirley
William,C,1,25,Shirley
William,I,3,25,Shirley
William,A,3,25,Shirley
William,DC,0,25,Shirley
William,DN,2,25,Shirley
mademoiselle,N,0,25,Shirley
mademoiselle,C,0,25,Shirley
mademoiselle,I,0,25,Shirley
mademoiselle,A,0,25,Shirley
mademoiselle,DC,0,25,Shirley
mademoiselle,DN,0,25,Shirley
old Lady Nunnely,N,0,25,Shirley
old Lady Nunnely,C,0,25,Shirley
old Lady Nunnely,I,0,25,Shirley
old Lady Nunnely,A,0,25,Shirley
old Lady Nunnely,DC,0,25,Shirley
old Lady Nunnely,DN,0,25,Shirley
old Queen Charlotte,N,0,25,Shirley
old Queen Charlotte,C,0,25,Shirley
old Queen Charlotte,I,0,25,Shirley
old Queen Charlotte,A,0,25,Shirley
old Queen Charlotte,DC,0,25,Shirley
old Queen Charlotte,DN,0,25,Shirley
the Misses Sykes,N,0,25,Shirley
the Misses Sykes,C,0,25,Shirley
the Misses Sykes,I,0,25,Shirley
the Misses Sykes,A,0,25,Shirley
the Misses Sykes,DC,0,25,Shirley
the Misses Sykes,DN,0,25,Shirley
the Misses Sympson,N,0,25,Shirley
the Misses Sympson,C,0,25,Shirley
the Misses Sympson,I,0,25,Shirley
the Misses Sympson,A,0,25,Shirley
the Misses Sympson,DC,0,25,Shirley
the Misses Sympson,DN,0,25,Shirley
the Moores,N,0,25,Shirley
the Moores,C,0,25,Shirley
the Moores,I,0,25,Shirley
the Moores,A,0,25,Shirley
the Moores,DC,0,25,Shirley
the Moores,DN,0,25,Shirley
the Sympsons,N,0,25,Shirley
the Sympsons,C,0,25,Shirley
the Sympsons,I,0,25,Shirley
the Sympsons,A,0,25,Shirley
the Sympsons,DC,0,25,Shirley
the Sympsons,DN,0,25,Shirley
Abraham,N,0,26,Shirley
Abraham,C,0,26,Shirley
Abraham,I,0,26,Shirley
Abraham,A,0,26,Shirley
Abraham,DC,0,26,Shirley
Abraham,DN,0,26,Shirley
Adam,N,1,26,Shirley
Adam,C,0,26,Shirley
Adam,I,0,26,Shirley
Adam,A,0,26,Shirley
Adam,DC,1,26,Shirley
Adam,DN,0,26,Shirley
Bob,N,0,26,Shirley
Bob,C,0,26,Shirley
Bob,I,0,26,Shirley
Bob,A,0,26,Shirley
Bob,DC,0,26,Shirley
Bob,DN,0,26,Shirley
Bonaparte,N,0,26,Shirley
Bonaparte,C,0,26,Shirley
Bonaparte,I,0,26,Shirley
Bonaparte,A,0,26,Shirley
Bonaparte,DC,0,26,Shirley
Bonaparte,DN,0,26,Shirley
Boultby,N,0,26,Shirley
Boultby,C,0,26,Shirley
Boultby,I,0,26,Shirley
Boultby,A,0,26,Shirley
Boultby,DC,0,26,Shirley
Boultby,DN,0,26,Shirley
Briarmains,N,0,26,Shirley
Briarmains,C,0,26,Shirley
Briarmains,I,0,26,Shirley
Briarmains,A,0,26,Shirley
Briarmains,DC,0,26,Shirley
Briarmains,DN,0,26,Shirley
CHARLES DICKENS,N,0,26,Shirley
CHARLES DICKENS,C,0,26,Shirley
CHARLES DICKENS,I,0,26,Shirley
CHARLES DICKENS,A,0,26,Shirley
CHARLES DICKENS,DC,0,26,Shirley
CHARLES DICKENS,DN,0,26,Shirley
Captain Keeldar,N,0,26,Shirley
Captain Keeldar,C,0,26,Shirley
Captain Keeldar,I,0,26,Shirley
Captain Keeldar,A,0,26,Shirley
Captain Keeldar,DC,0,26,Shirley
Captain Keeldar,DN,0,26,Shirley
Caroline,N,33,26,Shirley
Caroline,C,54,26,Shirley
Caroline,I,29,26,Shirley
Caroline,A,36,26,Shirley
Caroline,DC,13,26,Shirley
Caroline,DN,0,26,Shirley
"Caroline--""She",N,0,26,Shirley
"Caroline--""She",C,0,26,Shirley
"Caroline--""She",I,0,26,Shirley
"Caroline--""She",A,0,26,Shirley
"Caroline--""She",DC,0,26,Shirley
"Caroline--""She",DN,0,26,Shirley
Cary,N,3,26,Shirley
Cary,C,0,26,Shirley
Cary,I,1,26,Shirley
Cary,A,1,26,Shirley
Cary,DC,4,26,Shirley
Cary,DN,0,26,Shirley
Castlereagh,N,0,26,Shirley
Castlereagh,C,0,26,Shirley
Castlereagh,I,0,26,Shirley
Castlereagh,A,0,26,Shirley
Castlereagh,DC,0,26,Shirley
Castlereagh,DN,0,26,Shirley
Chénier,N,0,26,Shirley
Chénier,C,0,26,Shirley
Chénier,I,0,26,Shirley
Chénier,A,0,26,Shirley
Chénier,DC,0,26,Shirley
Chénier,DN,0,26,Shirley
Coriolanus,N,0,26,Shirley
Coriolanus,C,0,26,Shirley
Coriolanus,I,0,26,Shirley
Coriolanus,A,0,26,Shirley
Coriolanus,DC,0,26,Shirley
Coriolanus,DN,0,26,Shirley
Cowper,N,0,26,Shirley
Cowper,C,0,26,Shirley
Cowper,I,0,26,Shirley
Cowper,A,0,26,Shirley
Cowper,DC,0,26,Shirley
Cowper,DN,0,26,Shirley
Cyril Hall,N,1,26,Shirley
Cyril Hall,C,0,26,Shirley
Cyril Hall,I,0,26,Shirley
Cyril Hall,A,0,26,Shirley
Cyril Hall,DC,1,26,Shirley
Cyril Hall,DN,0,26,Shirley
Daniel,N,0,26,Shirley
Daniel,C,0,26,Shirley
Daniel,I,0,26,Shirley
Daniel,A,0,26,Shirley
Daniel,DC,0,26,Shirley
Daniel,DN,0,26,Shirley
Davy,N,0,26,Shirley
Davy,C,0,26,Shirley
Davy,I,0,26,Shirley
Davy,A,0,26,Shirley
Davy,DC,0,26,Shirley
Davy,DN,0,26,Shirley
Donne,N,0,26,Shirley
Donne,C,0,26,Shirley
Donne,I,0,26,Shirley
Donne,A,0,26,Shirley
Donne,DC,0,26,Shirley
Donne,DN,0,26,Shirley
Dora,N,0,26,Shirley
Dora,C,0,26,Shirley
Dora,I,0,26,Shirley
Dora,A,0,26,Shirley
Dora,DC,0,26,Shirley
Dora,DN,0,26,Shirley
Dr. Boultby,N,0,26,Shirley
Dr. Boultby,C,0,26,Shirley
Dr. Boultby,I,0,26,Shirley
Dr. Boultby,A,0,26,Shirley
Dr. Boultby,DC,0,26,Shirley
Dr. Boultby,DN,0,26,Shirley
Eliza,N,0,26,Shirley
Eliza,C,0,26,Shirley
Eliza,I,0,26,Shirley
Eliza,A,0,26,Shirley
Eliza,DC,0,26,Shirley
Eliza,DN,0,26,Shirley
Eva,N,0,26,Shirley
Eva,C,0,26,Shirley
Eva,I,0,26,Shirley
Eva,A,0,26,Shirley
Eva,DC,0,26,Shirley
Eva,DN,0,26,Shirley
Eve,N,0,26,Shirley
Eve,C,0,26,Shirley
Eve,I,0,26,Shirley
Eve,A,0,26,Shirley
Eve,DC,0,26,Shirley
Eve,DN,0,26,Shirley
Fanny,N,0,26,Shirley
Fanny,C,0,26,Shirley
Fanny,I,0,26,Shirley
Fanny,A,0,26,Shirley
Fanny,DC,0,26,Shirley
Fanny,DN,0,26,Shirley
Farrens,N,0,26,Shirley
Farrens,C,0,26,Shirley
Farrens,I,0,26,Shirley
Farrens,A,0,26,Shirley
Farrens,DC,0,26,Shirley
Farrens,DN,0,26,Shirley
Fieldhead,N,0,26,Shirley
Fieldhead,C,0,26,Shirley
Fieldhead,I,0,26,Shirley
Fieldhead,A,0,26,Shirley
Fieldhead,DC,0,26,Shirley
Fieldhead,DN,0,26,Shirley
Fortune,N,0,26,Shirley
Fortune,C,0,26,Shirley
Fortune,I,0,26,Shirley
Fortune,A,0,26,Shirley
Fortune,DC,0,26,Shirley
Fortune,DN,0,26,Shirley
God,N,4,26,Shirley
God,C,0,26,Shirley
God,I,0,26,Shirley
God,A,2,26,Shirley
God,DC,2,26,Shirley
God,DN,0,26,Shirley
Grace,N,0,26,Shirley
Grace,C,0,26,Shirley
Grace,I,0,26,Shirley
Grace,A,0,26,Shirley
Grace,DC,0,26,Shirley
Grace,DN,0,26,Shirley
Hannah,N,0,26,Shirley
Hannah,C,0,26,Shirley
Hannah,I,0,26,Shirley
Hannah,A,0,26,Shirley
Hannah,DC,0,26,Shirley
Hannah,DN,0,26,Shirley
Harriet,N,0,26,Shirley
Harriet,C,0,26,Shirley
Harriet,I,0,26,Shirley
Harriet,A,0,26,Shirley
Harriet,DC,0,26,Shirley
Harriet,DN,0,26,Shirley
Helstone,N,0,26,Shirley
Helstone,C,0,26,Shirley
Helstone,I,0,26,Shirley
Helstone,A,0,26,Shirley
Helstone,DC,0,26,Shirley
Helstone,DN,0,26,Shirley
Henry,N,28,26,Shirley
Henry,C,17,26,Shirley
Henry,I,12,26,Shirley
Henry,A,18,26,Shirley
Henry,DC,27,26,Shirley
Henry,DN,3,26,Shirley
Hiram Yorke,N,0,26,Shirley
Hiram Yorke,C,0,26,Shirley
Hiram Yorke,I,0,26,Shirley
Hiram Yorke,A,0,26,Shirley
Hiram Yorke,DC,0,26,Shirley
Hiram Yorke,DN,0,26,Shirley
Hollow,N,1,26,Shirley
Hollow,C,0,26,Shirley
Hollow,I,0,26,Shirley
Hollow,A,0,26,Shirley
Hollow,DC,1,26,Shirley
Hollow,DN,0,26,Shirley
Hortense,N,0,26,Shirley
Hortense,C,0,26,Shirley
Hortense,I,0,26,Shirley
Hortense,A,0,26,Shirley
Hortense,DC,0,26,Shirley
Hortense,DN,0,26,Shirley
Isabella,N,0,26,Shirley
Isabella,C,0,26,Shirley
Isabella,I,0,26,Shirley
Isabella,A,0,26,Shirley
Isabella,DC,0,26,Shirley
Isabella,DN,0,26,Shirley
James,N,0,26,Shirley
James,C,0,26,Shirley
James,I,0,26,Shirley
James,A,0,26,Shirley
James,DC,0,26,Shirley
James,DN,0,26,Shirley
Jessy,N,0,26,Shirley
Jessy,C,0,26,Shirley
Jessy,I,0,26,Shirley
Jessy,A,0,26,Shirley
Jessy,DC,0,26,Shirley
Jessy,DN,0,26,Shirley
Joe,N,0,26,Shirley
Joe,C,0,26,Shirley
Joe,I,0,26,Shirley
Joe,A,0,26,Shirley
Joe,DC,0,26,Shirley
Joe,DN,0,26,Shirley
John,N,0,26,Shirley
John,C,0,26,Shirley
John,I,0,26,Shirley
John,A,0,26,Shirley
John,DC,0,26,Shirley
John,DN,0,26,Shirley
John Wesley,N,0,26,Shirley
John Wesley,C,0,26,Shirley
John Wesley,I,0,26,Shirley
John Wesley,A,0,26,Shirley
John Wesley,DC,0,26,Shirley
John Wesley,DN,0,26,Shirley
Lamb,N,0,26,Shirley
Lamb,C,0,26,Shirley
Lamb,I,0,26,Shirley
Lamb,A,0,26,Shirley
Lamb,DC,0,26,Shirley
Lamb,DN,0,26,Shirley
Lina,N,0,26,Shirley
Lina,C,0,26,Shirley
Lina,I,0,26,Shirley
Lina,A,0,26,Shirley
Lina,DC,0,26,Shirley
Lina,DN,0,26,Shirley
Lord Wellington,N,0,26,Shirley
Lord Wellington,C,0,26,Shirley
Lord Wellington,I,0,26,Shirley
Lord Wellington,A,0,26,Shirley
Lord Wellington,DC,0,26,Shirley
Lord Wellington,DN,0,26,Shirley
Louis,N,0,26,Shirley
Louis,C,0,26,Shirley
Louis,I,0,26,Shirley
Louis,A,0,26,Shirley
Louis,DC,0,26,Shirley
Louis,DN,0,26,Shirley
Lucretia,N,0,26,Shirley
Lucretia,C,0,26,Shirley
Lucretia,I,0,26,Shirley
Lucretia,A,0,26,Shirley
Lucretia,DC,0,26,Shirley
Lucretia,DN,0,26,Shirley
MATTERS,N,0,26,Shirley
MATTERS,C,0,26,Shirley
MATTERS,I,0,26,Shirley
MATTERS,A,0,26,Shirley
MATTERS,DC,0,26,Shirley
MATTERS,DN,0,26,Shirley
MacTurk,N,0,26,Shirley
MacTurk,C,0,26,Shirley
MacTurk,I,0,26,Shirley
MacTurk,A,0,26,Shirley
MacTurk,DC,0,26,Shirley
MacTurk,DN,0,26,Shirley
Malone,N,1,26,Shirley
Malone,C,0,26,Shirley
Malone,I,0,26,Shirley
Malone,A,0,26,Shirley
Malone,DC,1,26,Shirley
Malone,DN,0,26,Shirley
Malone.--I,N,0,26,Shirley
Malone.--I,C,0,26,Shirley
Malone.--I,I,0,26,Shirley
Malone.--I,A,0,26,Shirley
Malone.--I,DC,0,26,Shirley
Malone.--I,DN,0,26,Shirley
Mamma,N,0,26,Shirley
Mamma,C,0,26,Shirley
Mamma,I,0,26,Shirley
Mamma,A,0,26,Shirley
Mamma,DC,0,26,Shirley
Mamma,DN,0,26,Shirley
Margaret,N,0,26,Shirley
Margaret,C,0,26,Shirley
Margaret,I,0,26,Shirley
Margaret,A,0,26,Shirley
Margaret,DC,0,26,Shirley
Margaret,DN,0,26,Shirley
Mark,N,0,26,Shirley
Mark,C,0,26,Shirley
Mark,I,0,26,Shirley
Mark,A,0,26,Shirley
Mark,DC,0,26,Shirley
Mark,DN,0,26,Shirley
Martin,N,0,26,Shirley
Martin,C,0,26,Shirley
Martin,I,0,26,Shirley
Martin,A,0,26,Shirley
Martin,DC,0,26,Shirley
Martin,DN,0,26,Shirley
Mary,N,0,26,Shirley
Mary,C,0,26,Shirley
Mary,I,0,26,Shirley
Mary,A,0,26,Shirley
Mary,DC,0,26,Shirley
Mary,DN,0,26,Shirley
Mary Ann Ainley,N,0,26,Shirley
Mary Ann Ainley,C,0,26,Shirley
Mary Ann Ainley,I,0,26,Shirley
Mary Ann Ainley,A,0,26,Shirley
Mary Ann Ainley,DC,0,26,Shirley
Mary Ann Ainley,DN,0,26,Shirley
Matthew,N,0,26,Shirley
Matthew,C,0,26,Shirley
Matthew,I,0,26,Shirley
Matthew,A,0,26,Shirley
Matthew,DC,0,26,Shirley
Matthew,DN,0,26,Shirley
Matthewson Helstone,N,0,26,Shirley
Matthewson Helstone,C,0,26,Shirley
Matthewson Helstone,I,0,26,Shirley
Matthewson Helstone,A,0,26,Shirley
Matthewson Helstone,DC,0,26,Shirley
Matthewson Helstone,DN,0,26,Shirley
Mike,N,0,26,Shirley
Mike,C,0,26,Shirley
Mike,I,0,26,Shirley
Mike,A,0,26,Shirley
Mike,DC,0,26,Shirley
Mike,DN,0,26,Shirley
Miss Ainley,N,0,26,Shirley
Miss Ainley,C,0,26,Shirley
Miss Ainley,I,0,26,Shirley
Miss Ainley,A,0,26,Shirley
Miss Ainley,DC,0,26,Shirley
Miss Ainley,DN,0,26,Shirley
Miss Austen,N,0,26,Shirley
Miss Austen,C,0,26,Shirley
Miss Austen,I,0,26,Shirley
Miss Austen,A,0,26,Shirley
Miss Austen,DC,0,26,Shirley
Miss Austen,DN,0,26,Shirley
Miss Cave,N,0,26,Shirley
Miss Cave,C,0,26,Shirley
Miss Cave,I,0,26,Shirley
Miss Cave,A,0,26,Shirley
Miss Cave,DC,0,26,Shirley
Miss Cave,DN,0,26,Shirley
Miss Grey,N,0,26,Shirley
Miss Grey,C,0,26,Shirley
Miss Grey,I,0,26,Shirley
Miss Grey,A,0,26,Shirley
Miss Grey,DC,0,26,Shirley
Miss Grey,DN,0,26,Shirley
Miss Hardman,N,0,26,Shirley
Miss Hardman,C,0,26,Shirley
Miss Hardman,I,0,26,Shirley
Miss Hardman,A,0,26,Shirley
Miss Hardman,DC,0,26,Shirley
Miss Hardman,DN,0,26,Shirley
Miss Mann,N,1,26,Shirley
Miss Mann,C,0,26,Shirley
Miss Mann,I,0,26,Shirley
Miss Mann,A,0,26,Shirley
Miss Mann,DC,1,26,Shirley
Miss Mann,DN,0,26,Shirley
Miss Mary,N,0,26,Shirley
Miss Mary,C,0,26,Shirley
Miss Mary,I,0,26,Shirley
Miss Mary,A,0,26,Shirley
Miss Mary,DC,0,26,Shirley
Miss Mary,DN,0,26,Shirley
Miss Moore,N,0,26,Shirley
Miss Moore,C,0,26,Shirley
Miss Moore,I,0,26,Shirley
Miss Moore,A,0,26,Shirley
Miss Moore,DC,0,26,Shirley
Miss Moore,DN,0,26,Shirley
Miss Pearson,N,0,26,Shirley
Miss Pearson,C,0,26,Shirley
Miss Pearson,I,0,26,Shirley
Miss Pearson,A,0,26,Shirley
Miss Pearson,DC,0,26,Shirley
Miss Pearson,DN,0,26,Shirley
Moore,N,0,26,Shirley
Moore,C,0,26,Shirley
Moore,I,0,26,Shirley
Moore,A,0,26,Shirley
Moore,DC,0,26,Shirley
Moore,DN,0,26,Shirley
Moses,N,0,26,Shirley
Moses,C,0,26,Shirley
Moses,I,0,26,Shirley
Moses,A,0,26,Shirley
Moses,DC,0,26,Shirley
Moses,DN,0,26,Shirley
Mother,N,0,26,Shirley
Mother,C,0,26,Shirley
Mother,I,0,26,Shirley
Mother,A,0,26,Shirley
Mother,DC,0,26,Shirley
Mother,DN,0,26,Shirley
Mr. Barraclough,N,0,26,Shirley
Mr. Barraclough,C,0,26,Shirley
Mr. Barraclough,I,0,26,Shirley
Mr. Barraclough,A,0,26,Shirley
Mr. Barraclough,DC,0,26,Shirley
Mr. Barraclough,DN,0,26,Shirley
Mr. Gale,N,0,26,Shirley
Mr. Gale,C,0,26,Shirley
Mr. Gale,I,0,26,Shirley
Mr. Gale,A,0,26,Shirley
Mr. Gale,DC,0,26,Shirley
Mr. Gale,DN,0,26,Shirley
Mr. Hall,N,12,26,Shirley
Mr. Hall,C,7,26,Shirley
Mr. Hall,I,3,26,Shirley
Mr. Hall,A,7,26,Shirley
Mr. Hall,DC,1,26,Shirley
Mr. Hall,DN,2,26,Shirley
Mr. Helstone,N,2,26,Shirley
Mr. Helstone,C,0,26,Shirley
Mr. Helstone,I,0,26,Shirley
Mr. Helstone,A,0,26,Shirley
Mr. Helstone,DC,4,26,Shirley
Mr. Helstone,DN,0,26,Shirley
Mr. Moore,N,42,26,Shirley
Mr. Moore,C,31,26,Shirley
Mr. Moore,I,22,26,Shirley
Mr. Moore,A,37,26,Shirley
Mr. Moore,DC,27,26,Shirley
Mr. Moore,DN,4,26,Shirley
Mr. Moore----,N,0,26,Shirley
Mr. Moore----,C,0,26,Shirley
Mr. Moore----,I,0,26,Shirley
Mr. Moore----,A,0,26,Shirley
Mr. Moore----,DC,0,26,Shirley
Mr. Moore----,DN,0,26,Shirley
Mr. Ramsden,N,0,26,Shirley
Mr. Ramsden,C,0,26,Shirley
Mr. Ramsden,I,0,26,Shirley
Mr. Ramsden,A,0,26,Shirley
Mr. Ramsden,DC,0,26,Shirley
Mr. Ramsden,DN,0,26,Shirley
Mr. Sykes,N,0,26,Shirley
Mr. Sykes,C,0,26,Shirley
Mr. Sykes,I,0,26,Shirley
Mr. Sykes,A,0,26,Shirley
Mr. Sykes,DC,0,26,Shirley
Mr. Sykes,DN,0,26,Shirley
Mr. Sympson,N,2,26,Shirley
Mr. Sympson,C,0,26,Shirley
Mr. Sympson,I,0,26,Shirley
Mr. Sympson,A,0,26,Shirley
Mr. Sympson,DC,0,26,Shirley
Mr. Sympson,DN,0,26,Shirley
Mr. Wynne,N,3,26,Shirley
Mr. Wynne,C,0,26,Shirley
Mr. Wynne,I,0,26,Shirley
Mr. Wynne,A,0,26,Shirley
Mr. Wynne,DC,3,26,Shirley
Mr. Wynne,DN,0,26,Shirley
Mr. Yorke,N,2,26,Shirley
Mr. Yorke,C,0,26,Shirley
Mr. Yorke,I,0,26,Shirley
Mr. Yorke,A,0,26,Shirley
Mr. Yorke,DC,2,26,Shirley
Mr. Yorke,DN,0,26,Shirley
Mrs. Gale,N,0,26,Shirley
Mrs. Gale,C,0,26,Shirley
Mrs. Gale,I,0,26,Shirley
Mrs. Gale,A,0,26,Shirley
Mrs. Gale,DC,0,26,Shirley
Mrs. Gale,DN,0,26,Shirley
Mrs. Gill,N,0,26,Shirley
Mrs. Gill,C,0,26,Shirley
Mrs. Gill,I,0,26,Shirley
Mrs. Gill,A,0,26,Shirley
Mrs. Gill,DC,0,26,Shirley
Mrs. Gill,DN,0,26,Shirley
Mrs. Hardman,N,0,26,Shirley
Mrs. Hardman,C,0,26,Shirley
Mrs. Hardman,I,0,26,Shirley
Mrs. Hardman,A,0,26,Shirley
Mrs. Hardman,DC,0,26,Shirley
Mrs. Hardman,DN,0,26,Shirley
Mrs. Horsfall,N,0,26,Shirley
Mrs. Horsfall,C,0,26,Shirley
Mrs. Horsfall,I,0,26,Shirley
Mrs. Horsfall,A,0,26,Shirley
Mrs. Horsfall,DC,0,26,Shirley
Mrs. Horsfall,DN,0,26,Shirley
Mrs. Louis,N,0,26,Shirley
Mrs. Louis,C,0,26,Shirley
Mrs. Louis,I,0,26,Shirley
Mrs. Louis,A,0,26,Shirley
Mrs. Louis,DC,0,26,Shirley
Mrs. Louis,DN,0,26,Shirley
Mrs. Pryor,N,5,26,Shirley
Mrs. Pryor,C,4,26,Shirley
Mrs. Pryor,I,1,26,Shirley
Mrs. Pryor,A,1,26,Shirley
Mrs. Pryor,DC,3,26,Shirley
Mrs. Pryor,DN,0,26,Shirley
Mrs. Sykes,N,0,26,Shirley
Mrs. Sykes,C,0,26,Shirley
Mrs. Sykes,I,0,26,Shirley
Mrs. Sykes,A,0,26,Shirley
Mrs. Sykes,DC,0,26,Shirley
Mrs. Sykes,DN,0,26,Shirley
Mrs. Yorke,N,1,26,Shirley
Mrs. Yorke,C,0,26,Shirley
Mrs. Yorke,I,0,26,Shirley
Mrs. Yorke,A,0,26,Shirley
Mrs. Yorke,DC,1,26,Shirley
Mrs. Yorke,DN,0,26,Shirley
Murgatroyd,N,0,26,Shirley
Murgatroyd,C,0,26,Shirley
Murgatroyd,I,0,26,Shirley
Murgatroyd,A,0,26,Shirley
Murgatroyd,DC,0,26,Shirley
Murgatroyd,DN,0,26,Shirley
Napoleon,N,0,26,Shirley
Napoleon,C,0,26,Shirley
Napoleon,I,0,26,Shirley
Napoleon,A,0,26,Shirley
Napoleon,DC,0,26,Shirley
Napoleon,DN,0,26,Shirley
Nature,N,0,26,Shirley
Nature,C,0,26,Shirley
Nature,I,0,26,Shirley
Nature,A,0,26,Shirley
Nature,DC,0,26,Shirley
Nature,DN,0,26,Shirley
Pearson,N,0,26,Shirley
Pearson,C,0,26,Shirley
Pearson,I,0,26,Shirley
Pearson,A,0,26,Shirley
Pearson,DC,0,26,Shirley
Pearson,DN,0,26,Shirley
Peg Woffington.= CHARLES READE,N,0,26,Shirley
Peg Woffington.= CHARLES READE,C,0,26,Shirley
Peg Woffington.= CHARLES READE,I,0,26,Shirley
Peg Woffington.= CHARLES READE,A,0,26,Shirley
Peg Woffington.= CHARLES READE,DC,0,26,Shirley
Peg Woffington.= CHARLES READE,DN,0,26,Shirley
Peter,N,0,26,Shirley
Peter,C,0,26,Shirley
Peter,I,0,26,Shirley
Peter,A,0,26,Shirley
Peter,DC,0,26,Shirley
Peter,DN,0,26,Shirley
Phœbe,N,0,26,Shirley
Phœbe,C,0,26,Shirley
Phœbe,I,0,26,Shirley
Phœbe,A,0,26,Shirley
Phœbe,DC,0,26,Shirley
Phœbe,DN,0,26,Shirley
Providence,N,0,26,Shirley
Providence,C,0,26,Shirley
Providence,I,0,26,Shirley
Providence,A,0,26,Shirley
Providence,DC,0,26,Shirley
Providence,DN,0,26,Shirley
Robert,N,4,26,Shirley
Robert,C,0,26,Shirley
Robert,I,0,26,Shirley
Robert,A,0,26,Shirley
Robert,DC,4,26,Shirley
Robert,DN,0,26,Shirley
Rose,N,0,26,Shirley
Rose,C,0,26,Shirley
Rose,I,0,26,Shirley
Rose,A,0,26,Shirley
Rose,DC,0,26,Shirley
Rose,DN,0,26,Shirley
Sarah,N,0,26,Shirley
Sarah,C,0,26,Shirley
Sarah,I,0,26,Shirley
Sarah,A,0,26,Shirley
Sarah,DC,0,26,Shirley
Sarah,DN,0,26,Shirley
Saturnia,N,0,26,Shirley
Saturnia,C,0,26,Shirley
Saturnia,I,0,26,Shirley
Saturnia,A,0,26,Shirley
Saturnia,DC,0,26,Shirley
Saturnia,DN,0,26,Shirley
Shakespeare,N,0,26,Shirley
Shakespeare,C,0,26,Shirley
Shakespeare,I,0,26,Shirley
Shakespeare,A,0,26,Shirley
Shakespeare,DC,0,26,Shirley
Shakespeare,DN,0,26,Shirley
Shirley,N,59,26,Shirley
Shirley,C,52,26,Shirley
Shirley,I,45,26,Shirley
Shirley,A,48,26,Shirley
Shirley,DC,23,26,Shirley
Shirley,DN,7,26,Shirley
Sir Philip,N,0,26,Shirley
Sir Philip,C,0,26,Shirley
Sir Philip,I,0,26,Shirley
Sir Philip,A,0,26,Shirley
Sir Philip,DC,0,26,Shirley
Sir Philip,DN,0,26,Shirley
Sir Walter Scott,N,0,26,Shirley
Sir Walter Scott,C,0,26,Shirley
Sir Walter Scott,I,0,26,Shirley
Sir Walter Scott,A,0,26,Shirley
Sir Walter Scott,DC,0,26,Shirley
Sir Walter Scott,DN,0,26,Shirley
Sister,N,0,26,Shirley
Sister,C,0,26,Shirley
Sister,I,0,26,Shirley
Sister,A,0,26,Shirley
Sister,DC,0,26,Shirley
Sister,DN,0,26,Shirley
St. Paul,N,0,26,Shirley
St. Paul,C,0,26,Shirley
St. Paul,I,0,26,Shirley
St. Paul,A,0,26,Shirley
St. Paul,DC,0,26,Shirley
St. Paul,DN,0,26,Shirley
Stilbro,N,0,26,Shirley
Stilbro,C,0,26,Shirley
Stilbro,I,0,26,Shirley
Stilbro,A,0,26,Shirley
Stilbro,DC,0,26,Shirley
Stilbro,DN,0,26,Shirley
Sudgen,N,0,26,Shirley
Sudgen,C,0,26,Shirley
Sudgen,I,0,26,Shirley
Sudgen,A,0,26,Shirley
Sudgen,DC,0,26,Shirley
Sudgen,DN,0,26,Shirley
Sugden,N,0,26,Shirley
Sugden,C,0,26,Shirley
Sugden,I,0,26,Shirley
Sugden,A,0,26,Shirley
Sugden,DC,0,26,Shirley
Sugden,DN,0,26,Shirley
Sweeting,N,1,26,Shirley
Sweeting,C,0,26,Shirley
Sweeting,I,0,26,Shirley
Sweeting,A,0,26,Shirley
Sweeting,DC,1,26,Shirley
Sweeting,DN,0,26,Shirley
Tartar,N,7,26,Shirley
Tartar,C,0,26,Shirley
Tartar,I,1,26,Shirley
Tartar,A,7,26,Shirley
Tartar,DC,0,26,Shirley
Tartar,DN,0,26,Shirley
The Cossack,N,0,26,Shirley
The Cossack,C,0,26,Shirley
The Cossack,I,0,26,Shirley
The Cossack,A,0,26,Shirley
The Cossack,DC,0,26,Shirley
The Cossack,DN,0,26,Shirley
These Oreads,N,0,26,Shirley
These Oreads,C,0,26,Shirley
These Oreads,I,0,26,Shirley
These Oreads,A,0,26,Shirley
These Oreads,DC,0,26,Shirley
These Oreads,DN,0,26,Shirley
Tom Cringle,N,0,26,Shirley
Tom Cringle,C,0,26,Shirley
Tom Cringle,I,0,26,Shirley
Tom Cringle,A,0,26,Shirley
Tom Cringle,DC,0,26,Shirley
Tom Cringle,DN,0,26,Shirley
Uncle,N,0,26,Shirley
Uncle,C,0,26,Shirley
Uncle,I,0,26,Shirley
Uncle,A,0,26,Shirley
Uncle,DC,0,26,Shirley
Uncle,DN,0,26,Shirley
VICTOR HUGO,N,0,26,Shirley
VICTOR HUGO,C,0,26,Shirley
VICTOR HUGO,I,0,26,Shirley
VICTOR HUGO,A,0,26,Shirley
VICTOR HUGO,DC,0,26,Shirley
VICTOR HUGO,DN,0,26,Shirley
Whinbury,N,0,26,Shirley
Whinbury,C,0,26,Shirley
Whinbury,I,0,26,Shirley
Whinbury,A,0,26,Shirley
Whinbury,DC,0,26,Shirley
Whinbury,DN,0,26,Shirley
William,N,1,26,Shirley
William,C,0,26,Shirley
William,I,0,26,Shirley
William,A,1,26,Shirley
William,DC,0,26,Shirley
William,DN,0,26,Shirley
mademoiselle,N,0,26,Shirley
mademoiselle,C,0,26,Shirley
mademoiselle,I,0,26,Shirley
mademoiselle,A,0,26,Shirley
mademoiselle,DC,0,26,Shirley
mademoiselle,DN,0,26,Shirley
old Lady Nunnely,N,0,26,Shirley
old Lady Nunnely,C,0,26,Shirley
old Lady Nunnely,I,0,26,Shirley
old Lady Nunnely,A,0,26,Shirley
old Lady Nunnely,DC,0,26,Shirley
old Lady Nunnely,DN,0,26,Shirley
old Queen Charlotte,N,0,26,Shirley
old Queen Charlotte,C,0,26,Shirley
old Queen Charlotte,I,0,26,Shirley
old Queen Charlotte,A,0,26,Shirley
old Queen Charlotte,DC,0,26,Shirley
old Queen Charlotte,DN,0,26,Shirley
the Misses Sykes,N,0,26,Shirley
the Misses Sykes,C,0,26,Shirley
the Misses Sykes,I,0,26,Shirley
the Misses Sykes,A,0,26,Shirley
the Misses Sykes,DC,0,26,Shirley
the Misses Sykes,DN,0,26,Shirley
the Misses Sympson,N,2,26,Shirley
the Misses Sympson,C,0,26,Shirley
the Misses Sympson,I,0,26,Shirley
the Misses Sympson,A,0,26,Shirley
the Misses Sympson,DC,0,26,Shirley
the Misses Sympson,DN,0,26,Shirley
the Moores,N,0,26,Shirley
the Moores,C,0,26,Shirley
the Moores,I,0,26,Shirley
the Moores,A,0,26,Shirley
the Moores,DC,0,26,Shirley
the Moores,DN,0,26,Shirley
the Sympsons,N,1,26,Shirley
the Sympsons,C,0,26,Shirley
the Sympsons,I,0,26,Shirley
the Sympsons,A,1,26,Shirley
the Sympsons,DC,1,26,Shirley
the Sympsons,DN,0,26,Shirley
Abraham,N,0,27,Shirley
Abraham,C,0,27,Shirley
Abraham,I,0,27,Shirley
Abraham,A,0,27,Shirley
Abraham,DC,0,27,Shirley
Abraham,DN,0,27,Shirley
Adam,N,0,27,Shirley
Adam,C,0,27,Shirley
Adam,I,0,27,Shirley
Adam,A,0,27,Shirley
Adam,DC,0,27,Shirley
Adam,DN,0,27,Shirley
Bob,N,0,27,Shirley
Bob,C,0,27,Shirley
Bob,I,0,27,Shirley
Bob,A,0,27,Shirley
Bob,DC,0,27,Shirley
Bob,DN,0,27,Shirley
Bonaparte,N,1,27,Shirley
Bonaparte,C,0,27,Shirley
Bonaparte,I,0,27,Shirley
Bonaparte,A,0,27,Shirley
Bonaparte,DC,1,27,Shirley
Bonaparte,DN,0,27,Shirley
Boultby,N,0,27,Shirley
Boultby,C,0,27,Shirley
Boultby,I,0,27,Shirley
Boultby,A,0,27,Shirley
Boultby,DC,0,27,Shirley
Boultby,DN,0,27,Shirley
Briarmains,N,0,27,Shirley
Briarmains,C,0,27,Shirley
Briarmains,I,0,27,Shirley
Briarmains,A,0,27,Shirley
Briarmains,DC,0,27,Shirley
Briarmains,DN,0,27,Shirley
CHARLES DICKENS,N,0,27,Shirley
CHARLES DICKENS,C,0,27,Shirley
CHARLES DICKENS,I,0,27,Shirley
CHARLES DICKENS,A,0,27,Shirley
CHARLES DICKENS,DC,0,27,Shirley
CHARLES DICKENS,DN,0,27,Shirley
Captain Keeldar,N,0,27,Shirley
Captain Keeldar,C,0,27,Shirley
Captain Keeldar,I,0,27,Shirley
Captain Keeldar,A,0,27,Shirley
Captain Keeldar,DC,0,27,Shirley
Captain Keeldar,DN,0,27,Shirley
Caroline,N,1,27,Shirley
Caroline,C,0,27,Shirley
Caroline,I,0,27,Shirley
Caroline,A,0,27,Shirley
Caroline,DC,0,27,Shirley
Caroline,DN,0,27,Shirley
"Caroline--""She",N,0,27,Shirley
"Caroline--""She",C,0,27,Shirley
"Caroline--""She",I,0,27,Shirley
"Caroline--""She",A,0,27,Shirley
"Caroline--""She",DC,0,27,Shirley
"Caroline--""She",DN,0,27,Shirley
Cary,N,0,27,Shirley
Cary,C,0,27,Shirley
Cary,I,0,27,Shirley
Cary,A,0,27,Shirley
Cary,DC,0,27,Shirley
Cary,DN,0,27,Shirley
Castlereagh,N,0,27,Shirley
Castlereagh,C,0,27,Shirley
Castlereagh,I,0,27,Shirley
Castlereagh,A,0,27,Shirley
Castlereagh,DC,0,27,Shirley
Castlereagh,DN,0,27,Shirley
Chénier,N,0,27,Shirley
Chénier,C,0,27,Shirley
Chénier,I,0,27,Shirley
Chénier,A,0,27,Shirley
Chénier,DC,0,27,Shirley
Chénier,DN,0,27,Shirley
Coriolanus,N,0,27,Shirley
Coriolanus,C,0,27,Shirley
Coriolanus,I,0,27,Shirley
Coriolanus,A,0,27,Shirley
Coriolanus,DC,0,27,Shirley
Coriolanus,DN,0,27,Shirley
Cowper,N,0,27,Shirley
Cowper,C,0,27,Shirley
Cowper,I,0,27,Shirley
Cowper,A,0,27,Shirley
Cowper,DC,0,27,Shirley
Cowper,DN,0,27,Shirley
Cyril Hall,N,0,27,Shirley
Cyril Hall,C,0,27,Shirley
Cyril Hall,I,0,27,Shirley
Cyril Hall,A,0,27,Shirley
Cyril Hall,DC,0,27,Shirley
Cyril Hall,DN,0,27,Shirley
Daniel,N,0,27,Shirley
Daniel,C,0,27,Shirley
Daniel,I,0,27,Shirley
Daniel,A,0,27,Shirley
Daniel,DC,0,27,Shirley
Daniel,DN,0,27,Shirley
Davy,N,0,27,Shirley
Davy,C,0,27,Shirley
Davy,I,0,27,Shirley
Davy,A,0,27,Shirley
Davy,DC,0,27,Shirley
Davy,DN,0,27,Shirley
Donne,N,0,27,Shirley
Donne,C,0,27,Shirley
Donne,I,0,27,Shirley
Donne,A,0,27,Shirley
Donne,DC,0,27,Shirley
Donne,DN,0,27,Shirley
Dora,N,0,27,Shirley
Dora,C,0,27,Shirley
Dora,I,0,27,Shirley
Dora,A,0,27,Shirley
Dora,DC,0,27,Shirley
Dora,DN,0,27,Shirley
Dr. Boultby,N,0,27,Shirley
Dr. Boultby,C,0,27,Shirley
Dr. Boultby,I,0,27,Shirley
Dr. Boultby,A,0,27,Shirley
Dr. Boultby,DC,0,27,Shirley
Dr. Boultby,DN,0,27,Shirley
Eliza,N,0,27,Shirley
Eliza,C,0,27,Shirley
Eliza,I,0,27,Shirley
Eliza,A,0,27,Shirley
Eliza,DC,0,27,Shirley
Eliza,DN,0,27,Shirley
Eva,N,7,27,Shirley
Eva,C,0,27,Shirley
Eva,I,0,27,Shirley
Eva,A,1,27,Shirley
Eva,DC,0,27,Shirley
Eva,DN,2,27,Shirley
Eve,N,0,27,Shirley
Eve,C,0,27,Shirley
Eve,I,0,27,Shirley
Eve,A,0,27,Shirley
Eve,DC,0,27,Shirley
Eve,DN,0,27,Shirley
Fanny,N,0,27,Shirley
Fanny,C,0,27,Shirley
Fanny,I,0,27,Shirley
Fanny,A,0,27,Shirley
Fanny,DC,0,27,Shirley
Fanny,DN,0,27,Shirley
Farrens,N,0,27,Shirley
Farrens,C,0,27,Shirley
Farrens,I,0,27,Shirley
Farrens,A,0,27,Shirley
Farrens,DC,0,27,Shirley
Farrens,DN,0,27,Shirley
Fieldhead,N,2,27,Shirley
Fieldhead,C,0,27,Shirley
Fieldhead,I,0,27,Shirley
Fieldhead,A,1,27,Shirley
Fieldhead,DC,1,27,Shirley
Fieldhead,DN,0,27,Shirley
Fortune,N,1,27,Shirley
Fortune,C,0,27,Shirley
Fortune,I,0,27,Shirley
Fortune,A,0,27,Shirley
Fortune,DC,0,27,Shirley
Fortune,DN,0,27,Shirley
God,N,6,27,Shirley
God,C,0,27,Shirley
God,I,0,27,Shirley
God,A,1,27,Shirley
God,DC,0,27,Shirley
God,DN,0,27,Shirley
Grace,N,0,27,Shirley
Grace,C,0,27,Shirley
Grace,I,0,27,Shirley
Grace,A,0,27,Shirley
Grace,DC,0,27,Shirley
Grace,DN,0,27,Shirley
Hannah,N,0,27,Shirley
Hannah,C,0,27,Shirley
Hannah,I,0,27,Shirley
Hannah,A,0,27,Shirley
Hannah,DC,0,27,Shirley
Hannah,DN,0,27,Shirley
Harriet,N,0,27,Shirley
Harriet,C,0,27,Shirley
Harriet,I,0,27,Shirley
Harriet,A,0,27,Shirley
Harriet,DC,0,27,Shirley
Harriet,DN,0,27,Shirley
Helstone,N,0,27,Shirley
Helstone,C,0,27,Shirley
Helstone,I,0,27,Shirley
Helstone,A,0,27,Shirley
Helstone,DC,0,27,Shirley
Helstone,DN,0,27,Shirley
Henry,N,20,27,Shirley
Henry,C,16,27,Shirley
Henry,I,2,27,Shirley
Henry,A,6,27,Shirley
Henry,DC,9,27,Shirley
Henry,DN,0,27,Shirley
Hiram Yorke,N,0,27,Shirley
Hiram Yorke,C,0,27,Shirley
Hiram Yorke,I,0,27,Shirley
Hiram Yorke,A,0,27,Shirley
Hiram Yorke,DC,0,27,Shirley
Hiram Yorke,DN,0,27,Shirley
Hollow,N,0,27,Shirley
Hollow,C,0,27,Shirley
Hollow,I,0,27,Shirley
Hollow,A,0,27,Shirley
Hollow,DC,0,27,Shirley
Hollow,DN,0,27,Shirley
Hortense,N,0,27,Shirley
Hortense,C,0,27,Shirley
Hortense,I,0,27,Shirley
Hortense,A,0,27,Shirley
Hortense,DC,0,27,Shirley
Hortense,DN,0,27,Shirley
Isabella,N,1,27,Shirley
Isabella,C,0,27,Shirley
Isabella,I,0,27,Shirley
Isabella,A,0,27,Shirley
Isabella,DC,0,27,Shirley
Isabella,DN,0,27,Shirley
James,N,0,27,Shirley
James,C,0,27,Shirley
James,I,0,27,Shirley
James,A,0,27,Shirley
James,DC,0,27,Shirley
James,DN,0,27,Shirley
Jessy,N,0,27,Shirley
Jessy,C,0,27,Shirley
Jessy,I,0,27,Shirley
Jessy,A,0,27,Shirley
Jessy,DC,0,27,Shirley
Jessy,DN,0,27,Shirley
Joe,N,0,27,Shirley
Joe,C,0,27,Shirley
Joe,I,0,27,Shirley
Joe,A,0,27,Shirley
Joe,DC,0,27,Shirley
Joe,DN,0,27,Shirley
John,N,0,27,Shirley
John,C,0,27,Shirley
John,I,0,27,Shirley
John,A,0,27,Shirley
John,DC,0,27,Shirley
John,DN,0,27,Shirley
John Wesley,N,0,27,Shirley
John Wesley,C,0,27,Shirley
John Wesley,I,0,27,Shirley
John Wesley,A,0,27,Shirley
John Wesley,DC,0,27,Shirley
John Wesley,DN,0,27,Shirley
Lamb,N,0,27,Shirley
Lamb,C,0,27,Shirley
Lamb,I,0,27,Shirley
Lamb,A,0,27,Shirley
Lamb,DC,0,27,Shirley
Lamb,DN,0,27,Shirley
Lina,N,0,27,Shirley
Lina,C,0,27,Shirley
Lina,I,0,27,Shirley
Lina,A,0,27,Shirley
Lina,DC,0,27,Shirley
Lina,DN,0,27,Shirley
Lord Wellington,N,0,27,Shirley
Lord Wellington,C,0,27,Shirley
Lord Wellington,I,0,27,Shirley
Lord Wellington,A,0,27,Shirley
Lord Wellington,DC,0,27,Shirley
Lord Wellington,DN,0,27,Shirley
Louis,N,0,27,Shirley
Louis,C,0,27,Shirley
Louis,I,0,27,Shirley
Louis,A,0,27,Shirley
Louis,DC,0,27,Shirley
Louis,DN,0,27,Shirley
Lucretia,N,0,27,Shirley
Lucretia,C,0,27,Shirley
Lucretia,I,0,27,Shirley
Lucretia,A,0,27,Shirley
Lucretia,DC,0,27,Shirley
Lucretia,DN,0,27,Shirley
MATTERS,N,0,27,Shirley
MATTERS,C,0,27,Shirley
MATTERS,I,0,27,Shirley
MATTERS,A,0,27,Shirley
MATTERS,DC,0,27,Shirley
MATTERS,DN,0,27,Shirley
MacTurk,N,0,27,Shirley
MacTurk,C,0,27,Shirley
MacTurk,I,0,27,Shirley
MacTurk,A,0,27,Shirley
MacTurk,DC,0,27,Shirley
MacTurk,DN,0,27,Shirley
Malone,N,0,27,Shirley
Malone,C,0,27,Shirley
Malone,I,0,27,Shirley
Malone,A,0,27,Shirley
Malone,DC,0,27,Shirley
Malone,DN,0,27,Shirley
Malone.--I,N,0,27,Shirley
Malone.--I,C,0,27,Shirley
Malone.--I,I,0,27,Shirley
Malone.--I,A,0,27,Shirley
Malone.--I,DC,0,27,Shirley
Malone.--I,DN,0,27,Shirley
Mamma,N,0,27,Shirley
Mamma,C,0,27,Shirley
Mamma,I,0,27,Shirley
Mamma,A,0,27,Shirley
Mamma,DC,0,27,Shirley
Mamma,DN,0,27,Shirley
Margaret,N,0,27,Shirley
Margaret,C,0,27,Shirley
Margaret,I,0,27,Shirley
Margaret,A,0,27,Shirley
Margaret,DC,0,27,Shirley
Margaret,DN,0,27,Shirley
Mark,N,0,27,Shirley
Mark,C,0,27,Shirley
Mark,I,0,27,Shirley
Mark,A,0,27,Shirley
Mark,DC,0,27,Shirley
Mark,DN,0,27,Shirley
Martin,N,0,27,Shirley
Martin,C,0,27,Shirley
Martin,I,0,27,Shirley
Martin,A,0,27,Shirley
Martin,DC,0,27,Shirley
Martin,DN,0,27,Shirley
Mary,N,0,27,Shirley
Mary,C,0,27,Shirley
Mary,I,0,27,Shirley
Mary,A,0,27,Shirley
Mary,DC,0,27,Shirley
Mary,DN,0,27,Shirley
Mary Ann Ainley,N,0,27,Shirley
Mary Ann Ainley,C,0,27,Shirley
Mary Ann Ainley,I,0,27,Shirley
Mary Ann Ainley,A,0,27,Shirley
Mary Ann Ainley,DC,0,27,Shirley
Mary Ann Ainley,DN,0,27,Shirley
Matthew,N,0,27,Shirley
Matthew,C,0,27,Shirley
Matthew,I,0,27,Shirley
Matthew,A,0,27,Shirley
Matthew,DC,0,27,Shirley
Matthew,DN,0,27,Shirley
Matthewson Helstone,N,0,27,Shirley
Matthewson Helstone,C,0,27,Shirley
Matthewson Helstone,I,0,27,Shirley
Matthewson Helstone,A,0,27,Shirley
Matthewson Helstone,DC,0,27,Shirley
Matthewson Helstone,DN,0,27,Shirley
Mike,N,0,27,Shirley
Mike,C,0,27,Shirley
Mike,I,0,27,Shirley
Mike,A,0,27,Shirley
Mike,DC,0,27,Shirley
Mike,DN,0,27,Shirley
Miss Ainley,N,0,27,Shirley
Miss Ainley,C,0,27,Shirley
Miss Ainley,I,0,27,Shirley
Miss Ainley,A,0,27,Shirley
Miss Ainley,DC,0,27,Shirley
Miss Ainley,DN,0,27,Shirley
Miss Austen,N,0,27,Shirley
Miss Austen,C,0,27,Shirley
Miss Austen,I,0,27,Shirley
Miss Austen,A,0,27,Shirley
Miss Austen,DC,0,27,Shirley
Miss Austen,DN,0,27,Shirley
Miss Cave,N,0,27,Shirley
Miss Cave,C,0,27,Shirley
Miss Cave,I,0,27,Shirley
Miss Cave,A,0,27,Shirley
Miss Cave,DC,0,27,Shirley
Miss Cave,DN,0,27,Shirley
Miss Grey,N,0,27,Shirley
Miss Grey,C,0,27,Shirley
Miss Grey,I,0,27,Shirley
Miss Grey,A,0,27,Shirley
Miss Grey,DC,0,27,Shirley
Miss Grey,DN,0,27,Shirley
Miss Hardman,N,0,27,Shirley
Miss Hardman,C,0,27,Shirley
Miss Hardman,I,0,27,Shirley
Miss Hardman,A,0,27,Shirley
Miss Hardman,DC,0,27,Shirley
Miss Hardman,DN,0,27,Shirley
Miss Mann,N,0,27,Shirley
Miss Mann,C,0,27,Shirley
Miss Mann,I,0,27,Shirley
Miss Mann,A,0,27,Shirley
Miss Mann,DC,0,27,Shirley
Miss Mann,DN,0,27,Shirley
Miss Mary,N,0,27,Shirley
Miss Mary,C,0,27,Shirley
Miss Mary,I,0,27,Shirley
Miss Mary,A,0,27,Shirley
Miss Mary,DC,0,27,Shirley
Miss Mary,DN,0,27,Shirley
Miss Moore,N,0,27,Shirley
Miss Moore,C,0,27,Shirley
Miss Moore,I,0,27,Shirley
Miss Moore,A,0,27,Shirley
Miss Moore,DC,0,27,Shirley
Miss Moore,DN,0,27,Shirley
Miss Pearson,N,0,27,Shirley
Miss Pearson,C,0,27,Shirley
Miss Pearson,I,0,27,Shirley
Miss Pearson,A,0,27,Shirley
Miss Pearson,DC,0,27,Shirley
Miss Pearson,DN,0,27,Shirley
Moore,N,0,27,Shirley
Moore,C,0,27,Shirley
Moore,I,0,27,Shirley
Moore,A,0,27,Shirley
Moore,DC,0,27,Shirley
Moore,DN,0,27,Shirley
Moses,N,0,27,Shirley
Moses,C,0,27,Shirley
Moses,I,0,27,Shirley
Moses,A,0,27,Shirley
Moses,DC,0,27,Shirley
Moses,DN,0,27,Shirley
Mother,N,0,27,Shirley
Mother,C,0,27,Shirley
Mother,I,0,27,Shirley
Mother,A,0,27,Shirley
Mother,DC,0,27,Shirley
Mother,DN,0,27,Shirley
Mr. Barraclough,N,0,27,Shirley
Mr. Barraclough,C,0,27,Shirley
Mr. Barraclough,I,0,27,Shirley
Mr. Barraclough,A,0,27,Shirley
Mr. Barraclough,DC,0,27,Shirley
Mr. Barraclough,DN,0,27,Shirley
Mr. Gale,N,0,27,Shirley
Mr. Gale,C,0,27,Shirley
Mr. Gale,I,0,27,Shirley
Mr. Gale,A,0,27,Shirley
Mr. Gale,DC,0,27,Shirley
Mr. Gale,DN,0,27,Shirley
Mr. Hall,N,3,27,Shirley
Mr. Hall,C,0,27,Shirley
Mr. Hall,I,0,27,Shirley
Mr. Hall,A,0,27,Shirley
Mr. Hall,DC,1,27,Shirley
Mr. Hall,DN,0,27,Shirley
Mr. Helstone,N,0,27,Shirley
Mr. Helstone,C,0,27,Shirley
Mr. Helstone,I,0,27,Shirley
Mr. Helstone,A,0,27,Shirley
Mr. Helstone,DC,0,27,Shirley
Mr. Helstone,DN,0,27,Shirley
Mr. Moore,N,31,27,Shirley
Mr. Moore,C,25,27,Shirley
Mr. Moore,I,32,27,Shirley
Mr. Moore,A,29,27,Shirley
Mr. Moore,DC,45,27,Shirley
Mr. Moore,DN,5,27,Shirley
Mr. Moore----,N,0,27,Shirley
Mr. Moore----,C,0,27,Shirley
Mr. Moore----,I,0,27,Shirley
Mr. Moore----,A,0,27,Shirley
Mr. Moore----,DC,0,27,Shirley
Mr. Moore----,DN,0,27,Shirley
Mr. Ramsden,N,0,27,Shirley
Mr. Ramsden,C,0,27,Shirley
Mr. Ramsden,I,0,27,Shirley
Mr. Ramsden,A,0,27,Shirley
Mr. Ramsden,DC,0,27,Shirley
Mr. Ramsden,DN,0,27,Shirley
Mr. Sykes,N,0,27,Shirley
Mr. Sykes,C,0,27,Shirley
Mr. Sykes,I,0,27,Shirley
Mr. Sykes,A,0,27,Shirley
Mr. Sykes,DC,0,27,Shirley
Mr. Sykes,DN,0,27,Shirley
Mr. Sympson,N,6,27,Shirley
Mr. Sympson,C,2,27,Shirley
Mr. Sympson,I,1,27,Shirley
Mr. Sympson,A,1,27,Shirley
Mr. Sympson,DC,1,27,Shirley
Mr. Sympson,DN,0,27,Shirley
Mr. Wynne,N,4,27,Shirley
Mr. Wynne,C,0,27,Shirley
Mr. Wynne,I,1,27,Shirley
Mr. Wynne,A,0,27,Shirley
Mr. Wynne,DC,0,27,Shirley
Mr. Wynne,DN,0,27,Shirley
Mr. Yorke,N,2,27,Shirley
Mr. Yorke,C,0,27,Shirley
Mr. Yorke,I,0,27,Shirley
Mr. Yorke,A,0,27,Shirley
Mr. Yorke,DC,1,27,Shirley
Mr. Yorke,DN,0,27,Shirley
Mrs. Gale,N,0,27,Shirley
Mrs. Gale,C,0,27,Shirley
Mrs. Gale,I,0,27,Shirley
Mrs. Gale,A,0,27,Shirley
Mrs. Gale,DC,0,27,Shirley
Mrs. Gale,DN,0,27,Shirley
Mrs. Gill,N,2,27,Shirley
Mrs. Gill,C,0,27,Shirley
Mrs. Gill,I,0,27,Shirley
Mrs. Gill,A,1,27,Shirley
Mrs. Gill,DC,1,27,Shirley
Mrs. Gill,DN,0,27,Shirley
Mrs. Hardman,N,0,27,Shirley
Mrs. Hardman,C,0,27,Shirley
Mrs. Hardman,I,0,27,Shirley
Mrs. Hardman,A,0,27,Shirley
Mrs. Hardman,DC,0,27,Shirley
Mrs. Hardman,DN,0,27,Shirley
Mrs. Horsfall,N,0,27,Shirley
Mrs. Horsfall,C,0,27,Shirley
Mrs. Horsfall,I,0,27,Shirley
Mrs. Horsfall,A,0,27,Shirley
Mrs. Horsfall,DC,0,27,Shirley
Mrs. Horsfall,DN,0,27,Shirley
Mrs. Louis,N,0,27,Shirley
Mrs. Louis,C,0,27,Shirley
Mrs. Louis,I,0,27,Shirley
Mrs. Louis,A,0,27,Shirley
Mrs. Louis,DC,0,27,Shirley
Mrs. Louis,DN,0,27,Shirley
Mrs. Pryor,N,2,27,Shirley
Mrs. Pryor,C,0,27,Shirley
Mrs. Pryor,I,1,27,Shirley
Mrs. Pryor,A,0,27,Shirley
Mrs. Pryor,DC,2,27,Shirley
Mrs. Pryor,DN,0,27,Shirley
Mrs. Sykes,N,0,27,Shirley
Mrs. Sykes,C,0,27,Shirley
Mrs. Sykes,I,0,27,Shirley
Mrs. Sykes,A,0,27,Shirley
Mrs. Sykes,DC,0,27,Shirley
Mrs. Sykes,DN,0,27,Shirley
Mrs. Yorke,N,0,27,Shirley
Mrs. Yorke,C,0,27,Shirley
Mrs. Yorke,I,0,27,Shirley
Mrs. Yorke,A,0,27,Shirley
Mrs. Yorke,DC,0,27,Shirley
Mrs. Yorke,DN,0,27,Shirley
Murgatroyd,N,0,27,Shirley
Murgatroyd,C,0,27,Shirley
Murgatroyd,I,0,27,Shirley
Murgatroyd,A,0,27,Shirley
Murgatroyd,DC,0,27,Shirley
Murgatroyd,DN,0,27,Shirley
Napoleon,N,0,27,Shirley
Napoleon,C,0,27,Shirley
Napoleon,I,0,27,Shirley
Napoleon,A,0,27,Shirley
Napoleon,DC,0,27,Shirley
Napoleon,DN,0,27,Shirley
Nature,N,0,27,Shirley
Nature,C,0,27,Shirley
Nature,I,0,27,Shirley
Nature,A,0,27,Shirley
Nature,DC,0,27,Shirley
Nature,DN,0,27,Shirley
Pearson,N,0,27,Shirley
Pearson,C,0,27,Shirley
Pearson,I,0,27,Shirley
Pearson,A,0,27,Shirley
Pearson,DC,0,27,Shirley
Pearson,DN,0,27,Shirley
Peg Woffington.= CHARLES READE,N,0,27,Shirley
Peg Woffington.= CHARLES READE,C,0,27,Shirley
Peg Woffington.= CHARLES READE,I,0,27,Shirley
Peg Woffington.= CHARLES READE,A,0,27,Shirley
Peg Woffington.= CHARLES READE,DC,0,27,Shirley
Peg Woffington.= CHARLES READE,DN,0,27,Shirley
Peter,N,0,27,Shirley
Peter,C,0,27,Shirley
Peter,I,0,27,Shirley
Peter,A,0,27,Shirley
Peter,DC,0,27,Shirley
Peter,DN,0,27,Shirley
Phœbe,N,0,27,Shirley
Phœbe,C,0,27,Shirley
Phœbe,I,0,27,Shirley
Phœbe,A,0,27,Shirley
Phœbe,DC,0,27,Shirley
Phœbe,DN,0,27,Shirley
Providence,N,0,27,Shirley
Providence,C,0,27,Shirley
Providence,I,0,27,Shirley
Providence,A,0,27,Shirley
Providence,DC,0,27,Shirley
Providence,DN,0,27,Shirley
Robert,N,6,27,Shirley
Robert,C,0,27,Shirley
Robert,I,1,27,Shirley
Robert,A,5,27,Shirley
Robert,DC,6,27,Shirley
Robert,DN,1,27,Shirley
Rose,N,0,27,Shirley
Rose,C,0,27,Shirley
Rose,I,0,27,Shirley
Rose,A,0,27,Shirley
Rose,DC,0,27,Shirley
Rose,DN,0,27,Shirley
Sarah,N,0,27,Shirley
Sarah,C,0,27,Shirley
Sarah,I,0,27,Shirley
Sarah,A,0,27,Shirley
Sarah,DC,0,27,Shirley
Sarah,DN,0,27,Shirley
Saturnia,N,0,27,Shirley
Saturnia,C,0,27,Shirley
Saturnia,I,0,27,Shirley
Saturnia,A,0,27,Shirley
Saturnia,DC,0,27,Shirley
Saturnia,DN,0,27,Shirley
Shakespeare,N,0,27,Shirley
Shakespeare,C,0,27,Shirley
Shakespeare,I,0,27,Shirley
Shakespeare,A,0,27,Shirley
Shakespeare,DC,0,27,Shirley
Shakespeare,DN,0,27,Shirley
Shirley,N,46,27,Shirley
Shirley,C,94,27,Shirley
Shirley,I,61,27,Shirley
Shirley,A,69,27,Shirley
Shirley,DC,24,27,Shirley
Shirley,DN,5,27,Shirley
Sir Philip,N,12,27,Shirley
Sir Philip,C,5,27,Shirley
Sir Philip,I,5,27,Shirley
Sir Philip,A,28,27,Shirley
Sir Philip,DC,12,27,Shirley
Sir Philip,DN,5,27,Shirley
Sir Walter Scott,N,0,27,Shirley
Sir Walter Scott,C,0,27,Shirley
Sir Walter Scott,I,0,27,Shirley
Sir Walter Scott,A,0,27,Shirley
Sir Walter Scott,DC,0,27,Shirley
Sir Walter Scott,DN,0,27,Shirley
Sister,N,0,27,Shirley
Sister,C,0,27,Shirley
Sister,I,0,27,Shirley
Sister,A,0,27,Shirley
Sister,DC,0,27,Shirley
Sister,DN,0,27,Shirley
St. Paul,N,0,27,Shirley
St. Paul,C,0,27,Shirley
St. Paul,I,0,27,Shirley
St. Paul,A,0,27,Shirley
St. Paul,DC,0,27,Shirley
St. Paul,DN,0,27,Shirley
Stilbro,N,1,27,Shirley
Stilbro,C,0,27,Shirley
Stilbro,I,0,27,Shirley
Stilbro,A,0,27,Shirley
Stilbro,DC,0,27,Shirley
Stilbro,DN,0,27,Shirley
Sudgen,N,0,27,Shirley
Sudgen,C,0,27,Shirley
Sudgen,I,0,27,Shirley
Sudgen,A,0,27,Shirley
Sudgen,DC,0,27,Shirley
Sudgen,DN,0,27,Shirley
Sugden,N,0,27,Shirley
Sugden,C,0,27,Shirley
Sugden,I,0,27,Shirley
Sugden,A,0,27,Shirley
Sugden,DC,0,27,Shirley
Sugden,DN,0,27,Shirley
Sweeting,N,0,27,Shirley
Sweeting,C,0,27,Shirley
Sweeting,I,0,27,Shirley
Sweeting,A,0,27,Shirley
Sweeting,DC,0,27,Shirley
Sweeting,DN,0,27,Shirley
Tartar,N,0,27,Shirley
Tartar,C,0,27,Shirley
Tartar,I,0,27,Shirley
Tartar,A,0,27,Shirley
Tartar,DC,0,27,Shirley
Tartar,DN,0,27,Shirley
The Cossack,N,0,27,Shirley
The Cossack,C,0,27,Shirley
The Cossack,I,0,27,Shirley
The Cossack,A,0,27,Shirley
The Cossack,DC,0,27,Shirley
The Cossack,DN,0,27,Shirley
These Oreads,N,0,27,Shirley
These Oreads,C,0,27,Shirley
These Oreads,I,0,27,Shirley
These Oreads,A,0,27,Shirley
These Oreads,DC,0,27,Shirley
These Oreads,DN,0,27,Shirley
Tom Cringle,N,0,27,Shirley
Tom Cringle,C,0,27,Shirley
Tom Cringle,I,0,27,Shirley
Tom Cringle,A,0,27,Shirley
Tom Cringle,DC,0,27,Shirley
Tom Cringle,DN,0,27,Shirley
Uncle,N,0,27,Shirley
Uncle,C,0,27,Shirley
Uncle,I,0,27,Shirley
Uncle,A,0,27,Shirley
Uncle,DC,0,27,Shirley
Uncle,DN,0,27,Shirley
VICTOR HUGO,N,0,27,Shirley
VICTOR HUGO,C,0,27,Shirley
VICTOR HUGO,I,0,27,Shirley
VICTOR HUGO,A,0,27,Shirley
VICTOR HUGO,DC,0,27,Shirley
VICTOR HUGO,DN,0,27,Shirley
Whinbury,N,1,27,Shirley
Whinbury,C,0,27,Shirley
Whinbury,I,0,27,Shirley
Whinbury,A,0,27,Shirley
Whinbury,DC,0,27,Shirley
Whinbury,DN,0,27,Shirley
William,N,0,27,Shirley
William,C,0,27,Shirley
William,I,0,27,Shirley
William,A,0,27,Shirley
William,DC,0,27,Shirley
William,DN,0,27,Shirley
mademoiselle,N,0,27,Shirley
mademoiselle,C,0,27,Shirley
mademoiselle,I,0,27,Shirley
mademoiselle,A,0,27,Shirley
mademoiselle,DC,0,27,Shirley
mademoiselle,DN,0,27,Shirley
old Lady Nunnely,N,0,27,Shirley
old Lady Nunnely,C,0,27,Shirley
old Lady Nunnely,I,0,27,Shirley
old Lady Nunnely,A,0,27,Shirley
old Lady Nunnely,DC,0,27,Shirley
old Lady Nunnely,DN,0,27,Shirley
old Queen Charlotte,N,0,27,Shirley
old Queen Charlotte,C,0,27,Shirley
old Queen Charlotte,I,0,27,Shirley
old Queen Charlotte,A,0,27,Shirley
old Queen Charlotte,DC,0,27,Shirley
old Queen Charlotte,DN,0,27,Shirley
the Misses Sykes,N,0,27,Shirley
the Misses Sykes,C,0,27,Shirley
the Misses Sykes,I,0,27,Shirley
the Misses Sykes,A,0,27,Shirley
the Misses Sykes,DC,0,27,Shirley
the Misses Sykes,DN,0,27,Shirley
the Misses Sympson,N,0,27,Shirley
the Misses Sympson,C,0,27,Shirley
the Misses Sympson,I,0,27,Shirley
the Misses Sympson,A,0,27,Shirley
the Misses Sympson,DC,0,27,Shirley
the Misses Sympson,DN,0,27,Shirley
the Moores,N,0,27,Shirley
the Moores,C,0,27,Shirley
the Moores,I,0,27,Shirley
the Moores,A,0,27,Shirley
the Moores,DC,0,27,Shirley
the Moores,DN,0,27,Shirley
the Sympsons,N,0,27,Shirley
the Sympsons,C,0,27,Shirley
the Sympsons,I,0,27,Shirley
the Sympsons,A,0,27,Shirley
the Sympsons,DC,0,27,Shirley
the Sympsons,DN,0,27,Shirley
Abraham,N,0,28,Shirley
Abraham,C,0,28,Shirley
Abraham,I,0,28,Shirley
Abraham,A,0,28,Shirley
Abraham,DC,0,28,Shirley
Abraham,DN,0,28,Shirley
Adam,N,0,28,Shirley
Adam,C,0,28,Shirley
Adam,I,0,28,Shirley
Adam,A,0,28,Shirley
Adam,DC,0,28,Shirley
Adam,DN,0,28,Shirley
Bob,N,0,28,Shirley
Bob,C,0,28,Shirley
Bob,I,0,28,Shirley
Bob,A,0,28,Shirley
Bob,DC,0,28,Shirley
Bob,DN,0,28,Shirley
Bonaparte,N,0,28,Shirley
Bonaparte,C,0,28,Shirley
Bonaparte,I,0,28,Shirley
Bonaparte,A,0,28,Shirley
Bonaparte,DC,0,28,Shirley
Bonaparte,DN,0,28,Shirley
Boultby,N,0,28,Shirley
Boultby,C,0,28,Shirley
Boultby,I,0,28,Shirley
Boultby,A,0,28,Shirley
Boultby,DC,0,28,Shirley
Boultby,DN,0,28,Shirley
Briarmains,N,0,28,Shirley
Briarmains,C,0,28,Shirley
Briarmains,I,0,28,Shirley
Briarmains,A,0,28,Shirley
Briarmains,DC,0,28,Shirley
Briarmains,DN,0,28,Shirley
CHARLES DICKENS,N,0,28,Shirley
CHARLES DICKENS,C,0,28,Shirley
CHARLES DICKENS,I,0,28,Shirley
CHARLES DICKENS,A,0,28,Shirley
CHARLES DICKENS,DC,0,28,Shirley
CHARLES DICKENS,DN,0,28,Shirley
Captain Keeldar,N,0,28,Shirley
Captain Keeldar,C,0,28,Shirley
Captain Keeldar,I,0,28,Shirley
Captain Keeldar,A,0,28,Shirley
Captain Keeldar,DC,0,28,Shirley
Captain Keeldar,DN,0,28,Shirley
Caroline,N,4,28,Shirley
Caroline,C,0,28,Shirley
Caroline,I,0,28,Shirley
Caroline,A,0,28,Shirley
Caroline,DC,2,28,Shirley
Caroline,DN,0,28,Shirley
"Caroline--""She",N,0,28,Shirley
"Caroline--""She",C,0,28,Shirley
"Caroline--""She",I,0,28,Shirley
"Caroline--""She",A,0,28,Shirley
"Caroline--""She",DC,0,28,Shirley
"Caroline--""She",DN,0,28,Shirley
Cary,N,0,28,Shirley
Cary,C,0,28,Shirley
Cary,I,0,28,Shirley
Cary,A,0,28,Shirley
Cary,DC,0,28,Shirley
Cary,DN,0,28,Shirley
Castlereagh,N,0,28,Shirley
Castlereagh,C,0,28,Shirley
Castlereagh,I,0,28,Shirley
Castlereagh,A,0,28,Shirley
Castlereagh,DC,0,28,Shirley
Castlereagh,DN,0,28,Shirley
Chénier,N,0,28,Shirley
Chénier,C,0,28,Shirley
Chénier,I,0,28,Shirley
Chénier,A,0,28,Shirley
Chénier,DC,0,28,Shirley
Chénier,DN,0,28,Shirley
Coriolanus,N,0,28,Shirley
Coriolanus,C,0,28,Shirley
Coriolanus,I,0,28,Shirley
Coriolanus,A,0,28,Shirley
Coriolanus,DC,0,28,Shirley
Coriolanus,DN,0,28,Shirley
Cowper,N,0,28,Shirley
Cowper,C,0,28,Shirley
Cowper,I,0,28,Shirley
Cowper,A,0,28,Shirley
Cowper,DC,0,28,Shirley
Cowper,DN,0,28,Shirley
Cyril Hall,N,0,28,Shirley
Cyril Hall,C,0,28,Shirley
Cyril Hall,I,0,28,Shirley
Cyril Hall,A,0,28,Shirley
Cyril Hall,DC,0,28,Shirley
Cyril Hall,DN,0,28,Shirley
Daniel,N,0,28,Shirley
Daniel,C,0,28,Shirley
Daniel,I,0,28,Shirley
Daniel,A,0,28,Shirley
Daniel,DC,0,28,Shirley
Daniel,DN,0,28,Shirley
Davy,N,0,28,Shirley
Davy,C,0,28,Shirley
Davy,I,0,28,Shirley
Davy,A,0,28,Shirley
Davy,DC,0,28,Shirley
Davy,DN,0,28,Shirley
Donne,N,0,28,Shirley
Donne,C,0,28,Shirley
Donne,I,0,28,Shirley
Donne,A,0,28,Shirley
Donne,DC,0,28,Shirley
Donne,DN,0,28,Shirley
Dora,N,0,28,Shirley
Dora,C,0,28,Shirley
Dora,I,0,28,Shirley
Dora,A,0,28,Shirley
Dora,DC,0,28,Shirley
Dora,DN,0,28,Shirley
Dr. Boultby,N,0,28,Shirley
Dr. Boultby,C,0,28,Shirley
Dr. Boultby,I,0,28,Shirley
Dr. Boultby,A,0,28,Shirley
Dr. Boultby,DC,0,28,Shirley
Dr. Boultby,DN,0,28,Shirley
Eliza,N,0,28,Shirley
Eliza,C,0,28,Shirley
Eliza,I,0,28,Shirley
Eliza,A,0,28,Shirley
Eliza,DC,0,28,Shirley
Eliza,DN,0,28,Shirley
Eva,N,0,28,Shirley
Eva,C,0,28,Shirley
Eva,I,0,28,Shirley
Eva,A,0,28,Shirley
Eva,DC,0,28,Shirley
Eva,DN,0,28,Shirley
Eve,N,0,28,Shirley
Eve,C,0,28,Shirley
Eve,I,0,28,Shirley
Eve,A,0,28,Shirley
Eve,DC,0,28,Shirley
Eve,DN,0,28,Shirley
Fanny,N,0,28,Shirley
Fanny,C,0,28,Shirley
Fanny,I,0,28,Shirley
Fanny,A,0,28,Shirley
Fanny,DC,0,28,Shirley
Fanny,DN,0,28,Shirley
Farrens,N,0,28,Shirley
Farrens,C,0,28,Shirley
Farrens,I,0,28,Shirley
Farrens,A,0,28,Shirley
Farrens,DC,0,28,Shirley
Farrens,DN,0,28,Shirley
Fieldhead,N,0,28,Shirley
Fieldhead,C,0,28,Shirley
Fieldhead,I,0,28,Shirley
Fieldhead,A,0,28,Shirley
Fieldhead,DC,0,28,Shirley
Fieldhead,DN,0,28,Shirley
Fortune,N,0,28,Shirley
Fortune,C,0,28,Shirley
Fortune,I,0,28,Shirley
Fortune,A,0,28,Shirley
Fortune,DC,0,28,Shirley
Fortune,DN,0,28,Shirley
God,N,4,28,Shirley
God,C,0,28,Shirley
God,I,0,28,Shirley
God,A,0,28,Shirley
God,DC,3,28,Shirley
God,DN,0,28,Shirley
Grace,N,0,28,Shirley
Grace,C,0,28,Shirley
Grace,I,0,28,Shirley
Grace,A,0,28,Shirley
Grace,DC,0,28,Shirley
Grace,DN,0,28,Shirley
Hannah,N,0,28,Shirley
Hannah,C,0,28,Shirley
Hannah,I,0,28,Shirley
Hannah,A,0,28,Shirley
Hannah,DC,0,28,Shirley
Hannah,DN,0,28,Shirley
Harriet,N,0,28,Shirley
Harriet,C,0,28,Shirley
Harriet,I,0,28,Shirley
Harriet,A,0,28,Shirley
Harriet,DC,0,28,Shirley
Harriet,DN,0,28,Shirley
Helstone,N,0,28,Shirley
Helstone,C,0,28,Shirley
Helstone,I,0,28,Shirley
Helstone,A,0,28,Shirley
Helstone,DC,0,28,Shirley
Helstone,DN,0,28,Shirley
Henry,N,28,28,Shirley
Henry,C,0,28,Shirley
Henry,I,4,28,Shirley
Henry,A,9,28,Shirley
Henry,DC,27,28,Shirley
Henry,DN,1,28,Shirley
Hiram Yorke,N,1,28,Shirley
Hiram Yorke,C,0,28,Shirley
Hiram Yorke,I,0,28,Shirley
Hiram Yorke,A,0,28,Shirley
Hiram Yorke,DC,1,28,Shirley
Hiram Yorke,DN,0,28,Shirley
Hollow,N,0,28,Shirley
Hollow,C,0,28,Shirley
Hollow,I,0,28,Shirley
Hollow,A,0,28,Shirley
Hollow,DC,0,28,Shirley
Hollow,DN,0,28,Shirley
Hortense,N,2,28,Shirley
Hortense,C,0,28,Shirley
Hortense,I,0,28,Shirley
Hortense,A,1,28,Shirley
Hortense,DC,1,28,Shirley
Hortense,DN,0,28,Shirley
Isabella,N,3,28,Shirley
Isabella,C,2,28,Shirley
Isabella,I,0,28,Shirley
Isabella,A,1,28,Shirley
Isabella,DC,1,28,Shirley
Isabella,DN,0,28,Shirley
James,N,0,28,Shirley
James,C,0,28,Shirley
James,I,0,28,Shirley
James,A,0,28,Shirley
James,DC,0,28,Shirley
James,DN,0,28,Shirley
Jessy,N,0,28,Shirley
Jessy,C,0,28,Shirley
Jessy,I,0,28,Shirley
Jessy,A,0,28,Shirley
Jessy,DC,0,28,Shirley
Jessy,DN,0,28,Shirley
Joe,N,0,28,Shirley
Joe,C,0,28,Shirley
Joe,I,0,28,Shirley
Joe,A,0,28,Shirley
Joe,DC,0,28,Shirley
Joe,DN,0,28,Shirley
John,N,3,28,Shirley
John,C,0,28,Shirley
John,I,0,28,Shirley
John,A,0,28,Shirley
John,DC,2,28,Shirley
John,DN,0,28,Shirley
John Wesley,N,0,28,Shirley
John Wesley,C,0,28,Shirley
John Wesley,I,0,28,Shirley
John Wesley,A,0,28,Shirley
John Wesley,DC,0,28,Shirley
John Wesley,DN,0,28,Shirley
Lamb,N,0,28,Shirley
Lamb,C,0,28,Shirley
Lamb,I,0,28,Shirley
Lamb,A,0,28,Shirley
Lamb,DC,0,28,Shirley
Lamb,DN,0,28,Shirley
Lina,N,0,28,Shirley
Lina,C,0,28,Shirley
Lina,I,0,28,Shirley
Lina,A,0,28,Shirley
Lina,DC,0,28,Shirley
Lina,DN,0,28,Shirley
Lord Wellington,N,0,28,Shirley
Lord Wellington,C,0,28,Shirley
Lord Wellington,I,0,28,Shirley
Lord Wellington,A,0,28,Shirley
Lord Wellington,DC,0,28,Shirley
Lord Wellington,DN,0,28,Shirley
Louis,N,0,28,Shirley
Louis,C,0,28,Shirley
Louis,I,0,28,Shirley
Louis,A,0,28,Shirley
Louis,DC,0,28,Shirley
Louis,DN,0,28,Shirley
Lucretia,N,0,28,Shirley
Lucretia,C,0,28,Shirley
Lucretia,I,0,28,Shirley
Lucretia,A,0,28,Shirley
Lucretia,DC,0,28,Shirley
Lucretia,DN,0,28,Shirley
MATTERS,N,0,28,Shirley
MATTERS,C,0,28,Shirley
MATTERS,I,0,28,Shirley
MATTERS,A,0,28,Shirley
MATTERS,DC,0,28,Shirley
MATTERS,DN,0,28,Shirley
MacTurk,N,1,28,Shirley
MacTurk,C,0,28,Shirley
MacTurk,I,0,28,Shirley
MacTurk,A,0,28,Shirley
MacTurk,DC,1,28,Shirley
MacTurk,DN,0,28,Shirley
Malone,N,0,28,Shirley
Malone,C,0,28,Shirley
Malone,I,0,28,Shirley
Malone,A,0,28,Shirley
Malone,DC,0,28,Shirley
Malone,DN,0,28,Shirley
Malone.--I,N,0,28,Shirley
Malone.--I,C,0,28,Shirley
Malone.--I,I,0,28,Shirley
Malone.--I,A,0,28,Shirley
Malone.--I,DC,0,28,Shirley
Malone.--I,DN,0,28,Shirley
Mamma,N,0,28,Shirley
Mamma,C,0,28,Shirley
Mamma,I,0,28,Shirley
Mamma,A,0,28,Shirley
Mamma,DC,0,28,Shirley
Mamma,DN,0,28,Shirley
Margaret,N,0,28,Shirley
Margaret,C,0,28,Shirley
Margaret,I,0,28,Shirley
Margaret,A,0,28,Shirley
Margaret,DC,0,28,Shirley
Margaret,DN,0,28,Shirley
Mark,N,0,28,Shirley
Mark,C,0,28,Shirley
Mark,I,0,28,Shirley
Mark,A,0,28,Shirley
Mark,DC,0,28,Shirley
Mark,DN,0,28,Shirley
Martin,N,0,28,Shirley
Martin,C,0,28,Shirley
Martin,I,0,28,Shirley
Martin,A,0,28,Shirley
Martin,DC,0,28,Shirley
Martin,DN,0,28,Shirley
Mary,N,0,28,Shirley
Mary,C,0,28,Shirley
Mary,I,0,28,Shirley
Mary,A,0,28,Shirley
Mary,DC,0,28,Shirley
Mary,DN,0,28,Shirley
Mary Ann Ainley,N,0,28,Shirley
Mary Ann Ainley,C,0,28,Shirley
Mary Ann Ainley,I,0,28,Shirley
Mary Ann Ainley,A,0,28,Shirley
Mary Ann Ainley,DC,0,28,Shirley
Mary Ann Ainley,DN,0,28,Shirley
Matthew,N,0,28,Shirley
Matthew,C,0,28,Shirley
Matthew,I,0,28,Shirley
Matthew,A,0,28,Shirley
Matthew,DC,0,28,Shirley
Matthew,DN,0,28,Shirley
Matthewson Helstone,N,0,28,Shirley
Matthewson Helstone,C,0,28,Shirley
Matthewson Helstone,I,0,28,Shirley
Matthewson Helstone,A,0,28,Shirley
Matthewson Helstone,DC,0,28,Shirley
Matthewson Helstone,DN,0,28,Shirley
Mike,N,0,28,Shirley
Mike,C,0,28,Shirley
Mike,I,0,28,Shirley
Mike,A,0,28,Shirley
Mike,DC,0,28,Shirley
Mike,DN,0,28,Shirley
Miss Ainley,N,0,28,Shirley
Miss Ainley,C,0,28,Shirley
Miss Ainley,I,0,28,Shirley
Miss Ainley,A,0,28,Shirley
Miss Ainley,DC,0,28,Shirley
Miss Ainley,DN,0,28,Shirley
Miss Austen,N,0,28,Shirley
Miss Austen,C,0,28,Shirley
Miss Austen,I,0,28,Shirley
Miss Austen,A,0,28,Shirley
Miss Austen,DC,0,28,Shirley
Miss Austen,DN,0,28,Shirley
Miss Cave,N,0,28,Shirley
Miss Cave,C,0,28,Shirley
Miss Cave,I,0,28,Shirley
Miss Cave,A,0,28,Shirley
Miss Cave,DC,0,28,Shirley
Miss Cave,DN,0,28,Shirley
Miss Grey,N,0,28,Shirley
Miss Grey,C,0,28,Shirley
Miss Grey,I,0,28,Shirley
Miss Grey,A,0,28,Shirley
Miss Grey,DC,0,28,Shirley
Miss Grey,DN,0,28,Shirley
Miss Hardman,N,0,28,Shirley
Miss Hardman,C,0,28,Shirley
Miss Hardman,I,0,28,Shirley
Miss Hardman,A,0,28,Shirley
Miss Hardman,DC,0,28,Shirley
Miss Hardman,DN,0,28,Shirley
Miss Mann,N,0,28,Shirley
Miss Mann,C,0,28,Shirley
Miss Mann,I,0,28,Shirley
Miss Mann,A,0,28,Shirley
Miss Mann,DC,0,28,Shirley
Miss Mann,DN,0,28,Shirley
Miss Mary,N,0,28,Shirley
Miss Mary,C,0,28,Shirley
Miss Mary,I,0,28,Shirley
Miss Mary,A,0,28,Shirley
Miss Mary,DC,0,28,Shirley
Miss Mary,DN,0,28,Shirley
Miss Moore,N,0,28,Shirley
Miss Moore,C,0,28,Shirley
Miss Moore,I,0,28,Shirley
Miss Moore,A,0,28,Shirley
Miss Moore,DC,0,28,Shirley
Miss Moore,DN,0,28,Shirley
Miss Pearson,N,0,28,Shirley
Miss Pearson,C,0,28,Shirley
Miss Pearson,I,0,28,Shirley
Miss Pearson,A,0,28,Shirley
Miss Pearson,DC,0,28,Shirley
Miss Pearson,DN,0,28,Shirley
Moore,N,0,28,Shirley
Moore,C,0,28,Shirley
Moore,I,0,28,Shirley
Moore,A,0,28,Shirley
Moore,DC,0,28,Shirley
Moore,DN,0,28,Shirley
Moses,N,0,28,Shirley
Moses,C,0,28,Shirley
Moses,I,0,28,Shirley
Moses,A,0,28,Shirley
Moses,DC,0,28,Shirley
Moses,DN,0,28,Shirley
Mother,N,0,28,Shirley
Mother,C,0,28,Shirley
Mother,I,0,28,Shirley
Mother,A,0,28,Shirley
Mother,DC,0,28,Shirley
Mother,DN,0,28,Shirley
Mr. Barraclough,N,0,28,Shirley
Mr. Barraclough,C,0,28,Shirley
Mr. Barraclough,I,0,28,Shirley
Mr. Barraclough,A,0,28,Shirley
Mr. Barraclough,DC,0,28,Shirley
Mr. Barraclough,DN,0,28,Shirley
Mr. Gale,N,0,28,Shirley
Mr. Gale,C,0,28,Shirley
Mr. Gale,I,0,28,Shirley
Mr. Gale,A,0,28,Shirley
Mr. Gale,DC,0,28,Shirley
Mr. Gale,DN,0,28,Shirley
Mr. Hall,N,3,28,Shirley
Mr. Hall,C,0,28,Shirley
Mr. Hall,I,0,28,Shirley
Mr. Hall,A,0,28,Shirley
Mr. Hall,DC,1,28,Shirley
Mr. Hall,DN,0,28,Shirley
Mr. Helstone,N,1,28,Shirley
Mr. Helstone,C,0,28,Shirley
Mr. Helstone,I,0,28,Shirley
Mr. Helstone,A,0,28,Shirley
Mr. Helstone,DC,0,28,Shirley
Mr. Helstone,DN,0,28,Shirley
Mr. Moore,N,32,28,Shirley
Mr. Moore,C,146,28,Shirley
Mr. Moore,I,79,28,Shirley
Mr. Moore,A,75,28,Shirley
Mr. Moore,DC,15,28,Shirley
Mr. Moore,DN,2,28,Shirley
Mr. Moore----,N,1,28,Shirley
Mr. Moore----,C,0,28,Shirley
Mr. Moore----,I,1,28,Shirley
Mr. Moore----,A,1,28,Shirley
Mr. Moore----,DC,1,28,Shirley
Mr. Moore----,DN,0,28,Shirley
Mr. Ramsden,N,0,28,Shirley
Mr. Ramsden,C,0,28,Shirley
Mr. Ramsden,I,0,28,Shirley
Mr. Ramsden,A,0,28,Shirley
Mr. Ramsden,DC,0,28,Shirley
Mr. Ramsden,DN,0,28,Shirley
Mr. Sykes,N,0,28,Shirley
Mr. Sykes,C,0,28,Shirley
Mr. Sykes,I,0,28,Shirley
Mr. Sykes,A,0,28,Shirley
Mr. Sykes,DC,0,28,Shirley
Mr. Sykes,DN,0,28,Shirley
Mr. Sympson,N,1,28,Shirley
Mr. Sympson,C,0,28,Shirley
Mr. Sympson,I,0,28,Shirley
Mr. Sympson,A,0,28,Shirley
Mr. Sympson,DC,1,28,Shirley
Mr. Sympson,DN,0,28,Shirley
Mr. Wynne,N,3,28,Shirley
Mr. Wynne,C,0,28,Shirley
Mr. Wynne,I,0,28,Shirley
Mr. Wynne,A,1,28,Shirley
Mr. Wynne,DC,3,28,Shirley
Mr. Wynne,DN,0,28,Shirley
Mr. Yorke,N,1,28,Shirley
Mr. Yorke,C,0,28,Shirley
Mr. Yorke,I,0,28,Shirley
Mr. Yorke,A,0,28,Shirley
Mr. Yorke,DC,0,28,Shirley
Mr. Yorke,DN,0,28,Shirley
Mrs. Gale,N,0,28,Shirley
Mrs. Gale,C,0,28,Shirley
Mrs. Gale,I,0,28,Shirley
Mrs. Gale,A,0,28,Shirley
Mrs. Gale,DC,0,28,Shirley
Mrs. Gale,DN,0,28,Shirley
Mrs. Gill,N,2,28,Shirley
Mrs. Gill,C,0,28,Shirley
Mrs. Gill,I,1,28,Shirley
Mrs. Gill,A,4,28,Shirley
Mrs. Gill,DC,9,28,Shirley
Mrs. Gill,DN,0,28,Shirley
Mrs. Hardman,N,0,28,Shirley
Mrs. Hardman,C,0,28,Shirley
Mrs. Hardman,I,0,28,Shirley
Mrs. Hardman,A,0,28,Shirley
Mrs. Hardman,DC,0,28,Shirley
Mrs. Hardman,DN,0,28,Shirley
Mrs. Horsfall,N,0,28,Shirley
Mrs. Horsfall,C,0,28,Shirley
Mrs. Horsfall,I,0,28,Shirley
Mrs. Horsfall,A,0,28,Shirley
Mrs. Horsfall,DC,0,28,Shirley
Mrs. Horsfall,DN,0,28,Shirley
Mrs. Louis,N,0,28,Shirley
Mrs. Louis,C,0,28,Shirley
Mrs. Louis,I,0,28,Shirley
Mrs. Louis,A,0,28,Shirley
Mrs. Louis,DC,0,28,Shirley
Mrs. Louis,DN,0,28,Shirley
Mrs. Pryor,N,2,28,Shirley
Mrs. Pryor,C,0,28,Shirley
Mrs. Pryor,I,0,28,Shirley
Mrs. Pryor,A,0,28,Shirley
Mrs. Pryor,DC,2,28,Shirley
Mrs. Pryor,DN,0,28,Shirley
Mrs. Sykes,N,0,28,Shirley
Mrs. Sykes,C,0,28,Shirley
Mrs. Sykes,I,0,28,Shirley
Mrs. Sykes,A,0,28,Shirley
Mrs. Sykes,DC,0,28,Shirley
Mrs. Sykes,DN,0,28,Shirley
Mrs. Yorke,N,1,28,Shirley
Mrs. Yorke,C,0,28,Shirley
Mrs. Yorke,I,0,28,Shirley
Mrs. Yorke,A,1,28,Shirley
Mrs. Yorke,DC,2,28,Shirley
Mrs. Yorke,DN,0,28,Shirley
Murgatroyd,N,0,28,Shirley
Murgatroyd,C,0,28,Shirley
Murgatroyd,I,0,28,Shirley
Murgatroyd,A,0,28,Shirley
Murgatroyd,DC,0,28,Shirley
Murgatroyd,DN,0,28,Shirley
Napoleon,N,0,28,Shirley
Napoleon,C,0,28,Shirley
Napoleon,I,0,28,Shirley
Napoleon,A,0,28,Shirley
Napoleon,DC,0,28,Shirley
Napoleon,DN,0,28,Shirley
Nature,N,0,28,Shirley
Nature,C,0,28,Shirley
Nature,I,0,28,Shirley
Nature,A,0,28,Shirley
Nature,DC,0,28,Shirley
Nature,DN,0,28,Shirley
Pearson,N,0,28,Shirley
Pearson,C,0,28,Shirley
Pearson,I,0,28,Shirley
Pearson,A,0,28,Shirley
Pearson,DC,0,28,Shirley
Pearson,DN,0,28,Shirley
Peg Woffington.= CHARLES READE,N,0,28,Shirley
Peg Woffington.= CHARLES READE,C,0,28,Shirley
Peg Woffington.= CHARLES READE,I,0,28,Shirley
Peg Woffington.= CHARLES READE,A,0,28,Shirley
Peg Woffington.= CHARLES READE,DC,0,28,Shirley
Peg Woffington.= CHARLES READE,DN,0,28,Shirley
Peter,N,0,28,Shirley
Peter,C,0,28,Shirley
Peter,I,0,28,Shirley
Peter,A,0,28,Shirley
Peter,DC,0,28,Shirley
Peter,DN,0,28,Shirley
Phœbe,N,5,28,Shirley
Phœbe,C,0,28,Shirley
Phœbe,I,0,28,Shirley
Phœbe,A,1,28,Shirley
Phœbe,DC,5,28,Shirley
Phœbe,DN,0,28,Shirley
Providence,N,0,28,Shirley
Providence,C,0,28,Shirley
Providence,I,0,28,Shirley
Providence,A,0,28,Shirley
Providence,DC,0,28,Shirley
Providence,DN,0,28,Shirley
Robert,N,8,28,Shirley
Robert,C,0,28,Shirley
Robert,I,6,28,Shirley
Robert,A,5,28,Shirley
Robert,DC,10,28,Shirley
Robert,DN,3,28,Shirley
Rose,N,0,28,Shirley
Rose,C,0,28,Shirley
Rose,I,0,28,Shirley
Rose,A,0,28,Shirley
Rose,DC,0,28,Shirley
Rose,DN,0,28,Shirley
Sarah,N,0,28,Shirley
Sarah,C,0,28,Shirley
Sarah,I,0,28,Shirley
Sarah,A,0,28,Shirley
Sarah,DC,0,28,Shirley
Sarah,DN,0,28,Shirley
Saturnia,N,0,28,Shirley
Saturnia,C,0,28,Shirley
Saturnia,I,0,28,Shirley
Saturnia,A,0,28,Shirley
Saturnia,DC,0,28,Shirley
Saturnia,DN,0,28,Shirley
Shakespeare,N,0,28,Shirley
Shakespeare,C,0,28,Shirley
Shakespeare,I,0,28,Shirley
Shakespeare,A,0,28,Shirley
Shakespeare,DC,0,28,Shirley
Shakespeare,DN,0,28,Shirley
Shirley,N,35,28,Shirley
Shirley,C,67,28,Shirley
Shirley,I,51,28,Shirley
Shirley,A,97,28,Shirley
Shirley,DC,57,28,Shirley
Shirley,DN,12,28,Shirley
Sir Philip,N,4,28,Shirley
Sir Philip,C,0,28,Shirley
Sir Philip,I,1,28,Shirley
Sir Philip,A,2,28,Shirley
Sir Philip,DC,2,28,Shirley
Sir Philip,DN,0,28,Shirley
Sir Walter Scott,N,0,28,Shirley
Sir Walter Scott,C,0,28,Shirley
Sir Walter Scott,I,0,28,Shirley
Sir Walter Scott,A,0,28,Shirley
Sir Walter Scott,DC,0,28,Shirley
Sir Walter Scott,DN,0,28,Shirley
Sister,N,0,28,Shirley
Sister,C,0,28,Shirley
Sister,I,0,28,Shirley
Sister,A,0,28,Shirley
Sister,DC,0,28,Shirley
Sister,DN,0,28,Shirley
St. Paul,N,1,28,Shirley
St. Paul,C,0,28,Shirley
St. Paul,I,0,28,Shirley
St. Paul,A,0,28,Shirley
St. Paul,DC,0,28,Shirley
St. Paul,DN,0,28,Shirley
Stilbro,N,0,28,Shirley
Stilbro,C,0,28,Shirley
Stilbro,I,0,28,Shirley
Stilbro,A,0,28,Shirley
Stilbro,DC,0,28,Shirley
Stilbro,DN,0,28,Shirley
Sudgen,N,0,28,Shirley
Sudgen,C,0,28,Shirley
Sudgen,I,0,28,Shirley
Sudgen,A,0,28,Shirley
Sudgen,DC,0,28,Shirley
Sudgen,DN,0,28,Shirley
Sugden,N,0,28,Shirley
Sugden,C,0,28,Shirley
Sugden,I,0,28,Shirley
Sugden,A,0,28,Shirley
Sugden,DC,0,28,Shirley
Sugden,DN,0,28,Shirley
Sweeting,N,0,28,Shirley
Sweeting,C,0,28,Shirley
Sweeting,I,0,28,Shirley
Sweeting,A,0,28,Shirley
Sweeting,DC,0,28,Shirley
Sweeting,DN,0,28,Shirley
Tartar,N,2,28,Shirley
Tartar,C,0,28,Shirley
Tartar,I,0,28,Shirley
Tartar,A,1,28,Shirley
Tartar,DC,1,28,Shirley
Tartar,DN,0,28,Shirley
The Cossack,N,0,28,Shirley
The Cossack,C,0,28,Shirley
The Cossack,I,0,28,Shirley
The Cossack,A,0,28,Shirley
The Cossack,DC,0,28,Shirley
The Cossack,DN,0,28,Shirley
These Oreads,N,0,28,Shirley
These Oreads,C,0,28,Shirley
These Oreads,I,0,28,Shirley
These Oreads,A,0,28,Shirley
These Oreads,DC,0,28,Shirley
These Oreads,DN,0,28,Shirley
Tom Cringle,N,0,28,Shirley
Tom Cringle,C,0,28,Shirley
Tom Cringle,I,0,28,Shirley
Tom Cringle,A,0,28,Shirley
Tom Cringle,DC,0,28,Shirley
Tom Cringle,DN,0,28,Shirley
Uncle,N,0,28,Shirley
Uncle,C,0,28,Shirley
Uncle,I,0,28,Shirley
Uncle,A,0,28,Shirley
Uncle,DC,0,28,Shirley
Uncle,DN,0,28,Shirley
VICTOR HUGO,N,0,28,Shirley
VICTOR HUGO,C,0,28,Shirley
VICTOR HUGO,I,0,28,Shirley
VICTOR HUGO,A,0,28,Shirley
VICTOR HUGO,DC,0,28,Shirley
VICTOR HUGO,DN,0,28,Shirley
Whinbury,N,0,28,Shirley
Whinbury,C,0,28,Shirley
Whinbury,I,0,28,Shirley
Whinbury,A,0,28,Shirley
Whinbury,DC,0,28,Shirley
Whinbury,DN,0,28,Shirley
William,N,0,28,Shirley
William,C,0,28,Shirley
William,I,0,28,Shirley
William,A,0,28,Shirley
William,DC,0,28,Shirley
William,DN,0,28,Shirley
mademoiselle,N,0,28,Shirley
mademoiselle,C,0,28,Shirley
mademoiselle,I,0,28,Shirley
mademoiselle,A,0,28,Shirley
mademoiselle,DC,0,28,Shirley
mademoiselle,DN,0,28,Shirley
old Lady Nunnely,N,0,28,Shirley
old Lady Nunnely,C,0,28,Shirley
old Lady Nunnely,I,0,28,Shirley
old Lady Nunnely,A,0,28,Shirley
old Lady Nunnely,DC,0,28,Shirley
old Lady Nunnely,DN,0,28,Shirley
old Queen Charlotte,N,0,28,Shirley
old Queen Charlotte,C,0,28,Shirley
old Queen Charlotte,I,0,28,Shirley
old Queen Charlotte,A,0,28,Shirley
old Queen Charlotte,DC,0,28,Shirley
old Queen Charlotte,DN,0,28,Shirley
the Misses Sykes,N,0,28,Shirley
the Misses Sykes,C,0,28,Shirley
the Misses Sykes,I,0,28,Shirley
the Misses Sykes,A,0,28,Shirley
the Misses Sykes,DC,0,28,Shirley
the Misses Sykes,DN,0,28,Shirley
the Misses Sympson,N,1,28,Shirley
the Misses Sympson,C,0,28,Shirley
the Misses Sympson,I,0,28,Shirley
the Misses Sympson,A,0,28,Shirley
the Misses Sympson,DC,0,28,Shirley
the Misses Sympson,DN,0,28,Shirley
the Moores,N,0,28,Shirley
the Moores,C,0,28,Shirley
the Moores,I,0,28,Shirley
the Moores,A,0,28,Shirley
the Moores,DC,0,28,Shirley
the Moores,DN,0,28,Shirley
the Sympsons,N,0,28,Shirley
the Sympsons,C,0,28,Shirley
the Sympsons,I,0,28,Shirley
the Sympsons,A,0,28,Shirley
the Sympsons,DC,0,28,Shirley
the Sympsons,DN,0,28,Shirley
Abraham,N,0,29,Shirley
Abraham,C,0,29,Shirley
Abraham,I,0,29,Shirley
Abraham,A,0,29,Shirley
Abraham,DC,0,29,Shirley
Abraham,DN,0,29,Shirley
Adam,N,0,29,Shirley
Adam,C,0,29,Shirley
Adam,I,0,29,Shirley
Adam,A,0,29,Shirley
Adam,DC,0,29,Shirley
Adam,DN,0,29,Shirley
Bob,N,0,29,Shirley
Bob,C,0,29,Shirley
Bob,I,0,29,Shirley
Bob,A,0,29,Shirley
Bob,DC,0,29,Shirley
Bob,DN,0,29,Shirley
Bonaparte,N,0,29,Shirley
Bonaparte,C,0,29,Shirley
Bonaparte,I,0,29,Shirley
Bonaparte,A,0,29,Shirley
Bonaparte,DC,0,29,Shirley
Bonaparte,DN,0,29,Shirley
Boultby,N,0,29,Shirley
Boultby,C,0,29,Shirley
Boultby,I,0,29,Shirley
Boultby,A,0,29,Shirley
Boultby,DC,0,29,Shirley
Boultby,DN,0,29,Shirley
Briarmains,N,0,29,Shirley
Briarmains,C,0,29,Shirley
Briarmains,I,0,29,Shirley
Briarmains,A,0,29,Shirley
Briarmains,DC,0,29,Shirley
Briarmains,DN,0,29,Shirley
CHARLES DICKENS,N,0,29,Shirley
CHARLES DICKENS,C,0,29,Shirley
CHARLES DICKENS,I,0,29,Shirley
CHARLES DICKENS,A,0,29,Shirley
CHARLES DICKENS,DC,0,29,Shirley
CHARLES DICKENS,DN,0,29,Shirley
Captain Keeldar,N,0,29,Shirley
Captain Keeldar,C,0,29,Shirley
Captain Keeldar,I,0,29,Shirley
Captain Keeldar,A,0,29,Shirley
Captain Keeldar,DC,0,29,Shirley
Captain Keeldar,DN,0,29,Shirley
Caroline,N,1,29,Shirley
Caroline,C,0,29,Shirley
Caroline,I,0,29,Shirley
Caroline,A,1,29,Shirley
Caroline,DC,0,29,Shirley
Caroline,DN,4,29,Shirley
"Caroline--""She",N,0,29,Shirley
"Caroline--""She",C,0,29,Shirley
"Caroline--""She",I,0,29,Shirley
"Caroline--""She",A,0,29,Shirley
"Caroline--""She",DC,0,29,Shirley
"Caroline--""She",DN,0,29,Shirley
Cary,N,0,29,Shirley
Cary,C,0,29,Shirley
Cary,I,0,29,Shirley
Cary,A,0,29,Shirley
Cary,DC,0,29,Shirley
Cary,DN,0,29,Shirley
Castlereagh,N,0,29,Shirley
Castlereagh,C,0,29,Shirley
Castlereagh,I,0,29,Shirley
Castlereagh,A,0,29,Shirley
Castlereagh,DC,0,29,Shirley
Castlereagh,DN,0,29,Shirley
Chénier,N,0,29,Shirley
Chénier,C,0,29,Shirley
Chénier,I,0,29,Shirley
Chénier,A,0,29,Shirley
Chénier,DC,0,29,Shirley
Chénier,DN,0,29,Shirley
Coriolanus,N,0,29,Shirley
Coriolanus,C,0,29,Shirley
Coriolanus,I,0,29,Shirley
Coriolanus,A,0,29,Shirley
Coriolanus,DC,0,29,Shirley
Coriolanus,DN,0,29,Shirley
Cowper,N,0,29,Shirley
Cowper,C,0,29,Shirley
Cowper,I,0,29,Shirley
Cowper,A,0,29,Shirley
Cowper,DC,0,29,Shirley
Cowper,DN,0,29,Shirley
Cyril Hall,N,0,29,Shirley
Cyril Hall,C,0,29,Shirley
Cyril Hall,I,0,29,Shirley
Cyril Hall,A,0,29,Shirley
Cyril Hall,DC,0,29,Shirley
Cyril Hall,DN,0,29,Shirley
Daniel,N,0,29,Shirley
Daniel,C,0,29,Shirley
Daniel,I,0,29,Shirley
Daniel,A,0,29,Shirley
Daniel,DC,0,29,Shirley
Daniel,DN,0,29,Shirley
Davy,N,0,29,Shirley
Davy,C,0,29,Shirley
Davy,I,0,29,Shirley
Davy,A,0,29,Shirley
Davy,DC,0,29,Shirley
Davy,DN,0,29,Shirley
Donne,N,0,29,Shirley
Donne,C,0,29,Shirley
Donne,I,0,29,Shirley
Donne,A,0,29,Shirley
Donne,DC,0,29,Shirley
Donne,DN,0,29,Shirley
Dora,N,0,29,Shirley
Dora,C,0,29,Shirley
Dora,I,0,29,Shirley
Dora,A,0,29,Shirley
Dora,DC,0,29,Shirley
Dora,DN,0,29,Shirley
Dr. Boultby,N,0,29,Shirley
Dr. Boultby,C,0,29,Shirley
Dr. Boultby,I,0,29,Shirley
Dr. Boultby,A,0,29,Shirley
Dr. Boultby,DC,0,29,Shirley
Dr. Boultby,DN,0,29,Shirley
Eliza,N,0,29,Shirley
Eliza,C,0,29,Shirley
Eliza,I,0,29,Shirley
Eliza,A,0,29,Shirley
Eliza,DC,0,29,Shirley
Eliza,DN,0,29,Shirley
Eva,N,0,29,Shirley
Eva,C,0,29,Shirley
Eva,I,0,29,Shirley
Eva,A,0,29,Shirley
Eva,DC,0,29,Shirley
Eva,DN,0,29,Shirley
Eve,N,0,29,Shirley
Eve,C,0,29,Shirley
Eve,I,0,29,Shirley
Eve,A,0,29,Shirley
Eve,DC,0,29,Shirley
Eve,DN,0,29,Shirley
Fanny,N,0,29,Shirley
Fanny,C,0,29,Shirley
Fanny,I,0,29,Shirley
Fanny,A,0,29,Shirley
Fanny,DC,0,29,Shirley
Fanny,DN,0,29,Shirley
Farrens,N,0,29,Shirley
Farrens,C,0,29,Shirley
Farrens,I,0,29,Shirley
Farrens,A,0,29,Shirley
Farrens,DC,0,29,Shirley
Farrens,DN,0,29,Shirley
Fieldhead,N,0,29,Shirley
Fieldhead,C,0,29,Shirley
Fieldhead,I,0,29,Shirley
Fieldhead,A,0,29,Shirley
Fieldhead,DC,0,29,Shirley
Fieldhead,DN,0,29,Shirley
Fortune,N,0,29,Shirley
Fortune,C,0,29,Shirley
Fortune,I,0,29,Shirley
Fortune,A,0,29,Shirley
Fortune,DC,0,29,Shirley
Fortune,DN,0,29,Shirley
God,N,0,29,Shirley
God,C,0,29,Shirley
God,I,0,29,Shirley
God,A,0,29,Shirley
God,DC,0,29,Shirley
God,DN,0,29,Shirley
Grace,N,0,29,Shirley
Grace,C,0,29,Shirley
Grace,I,0,29,Shirley
Grace,A,0,29,Shirley
Grace,DC,0,29,Shirley
Grace,DN,0,29,Shirley
Hannah,N,0,29,Shirley
Hannah,C,0,29,Shirley
Hannah,I,0,29,Shirley
Hannah,A,0,29,Shirley
Hannah,DC,0,29,Shirley
Hannah,DN,0,29,Shirley
Harriet,N,0,29,Shirley
Harriet,C,0,29,Shirley
Harriet,I,0,29,Shirley
Harriet,A,0,29,Shirley
Harriet,DC,0,29,Shirley
Harriet,DN,0,29,Shirley
Helstone,N,0,29,Shirley
Helstone,C,0,29,Shirley
Helstone,I,0,29,Shirley
Helstone,A,0,29,Shirley
Helstone,DC,0,29,Shirley
Helstone,DN,0,29,Shirley
Henry,N,5,29,Shirley
Henry,C,0,29,Shirley
Henry,I,0,29,Shirley
Henry,A,1,29,Shirley
Henry,DC,0,29,Shirley
Henry,DN,0,29,Shirley
Hiram Yorke,N,0,29,Shirley
Hiram Yorke,C,0,29,Shirley
Hiram Yorke,I,0,29,Shirley
Hiram Yorke,A,0,29,Shirley
Hiram Yorke,DC,0,29,Shirley
Hiram Yorke,DN,0,29,Shirley
Hollow,N,0,29,Shirley
Hollow,C,0,29,Shirley
Hollow,I,0,29,Shirley
Hollow,A,0,29,Shirley
Hollow,DC,0,29,Shirley
Hollow,DN,0,29,Shirley
Hortense,N,0,29,Shirley
Hortense,C,0,29,Shirley
Hortense,I,0,29,Shirley
Hortense,A,0,29,Shirley
Hortense,DC,0,29,Shirley
Hortense,DN,0,29,Shirley
Isabella,N,0,29,Shirley
Isabella,C,0,29,Shirley
Isabella,I,0,29,Shirley
Isabella,A,0,29,Shirley
Isabella,DC,0,29,Shirley
Isabella,DN,0,29,Shirley
James,N,0,29,Shirley
James,C,0,29,Shirley
James,I,0,29,Shirley
James,A,0,29,Shirley
James,DC,0,29,Shirley
James,DN,0,29,Shirley
Jessy,N,0,29,Shirley
Jessy,C,0,29,Shirley
Jessy,I,0,29,Shirley
Jessy,A,0,29,Shirley
Jessy,DC,0,29,Shirley
Jessy,DN,0,29,Shirley
Joe,N,0,29,Shirley
Joe,C,0,29,Shirley
Joe,I,0,29,Shirley
Joe,A,0,29,Shirley
Joe,DC,0,29,Shirley
Joe,DN,0,29,Shirley
John,N,0,29,Shirley
John,C,0,29,Shirley
John,I,0,29,Shirley
John,A,0,29,Shirley
John,DC,0,29,Shirley
John,DN,0,29,Shirley
John Wesley,N,0,29,Shirley
John Wesley,C,0,29,Shirley
John Wesley,I,0,29,Shirley
John Wesley,A,0,29,Shirley
John Wesley,DC,0,29,Shirley
John Wesley,DN,0,29,Shirley
Lamb,N,0,29,Shirley
Lamb,C,0,29,Shirley
Lamb,I,0,29,Shirley
Lamb,A,0,29,Shirley
Lamb,DC,0,29,Shirley
Lamb,DN,0,29,Shirley
Lina,N,0,29,Shirley
Lina,C,0,29,Shirley
Lina,I,0,29,Shirley
Lina,A,0,29,Shirley
Lina,DC,0,29,Shirley
Lina,DN,0,29,Shirley
Lord Wellington,N,0,29,Shirley
Lord Wellington,C,0,29,Shirley
Lord Wellington,I,0,29,Shirley
Lord Wellington,A,0,29,Shirley
Lord Wellington,DC,0,29,Shirley
Lord Wellington,DN,0,29,Shirley
Louis,N,0,29,Shirley
Louis,C,0,29,Shirley
Louis,I,0,29,Shirley
Louis,A,0,29,Shirley
Louis,DC,0,29,Shirley
Louis,DN,0,29,Shirley
Lucretia,N,0,29,Shirley
Lucretia,C,0,29,Shirley
Lucretia,I,0,29,Shirley
Lucretia,A,0,29,Shirley
Lucretia,DC,0,29,Shirley
Lucretia,DN,0,29,Shirley
MATTERS,N,0,29,Shirley
MATTERS,C,0,29,Shirley
MATTERS,I,0,29,Shirley
MATTERS,A,0,29,Shirley
MATTERS,DC,0,29,Shirley
MATTERS,DN,0,29,Shirley
MacTurk,N,0,29,Shirley
MacTurk,C,0,29,Shirley
MacTurk,I,0,29,Shirley
MacTurk,A,0,29,Shirley
MacTurk,DC,0,29,Shirley
MacTurk,DN,0,29,Shirley
Malone,N,0,29,Shirley
Malone,C,0,29,Shirley
Malone,I,0,29,Shirley
Malone,A,0,29,Shirley
Malone,DC,0,29,Shirley
Malone,DN,0,29,Shirley
Malone.--I,N,0,29,Shirley
Malone.--I,C,0,29,Shirley
Malone.--I,I,0,29,Shirley
Malone.--I,A,0,29,Shirley
Malone.--I,DC,0,29,Shirley
Malone.--I,DN,0,29,Shirley
Mamma,N,0,29,Shirley
Mamma,C,0,29,Shirley
Mamma,I,0,29,Shirley
Mamma,A,0,29,Shirley
Mamma,DC,0,29,Shirley
Mamma,DN,0,29,Shirley
Margaret,N,0,29,Shirley
Margaret,C,0,29,Shirley
Margaret,I,0,29,Shirley
Margaret,A,0,29,Shirley
Margaret,DC,0,29,Shirley
Margaret,DN,0,29,Shirley
Mark,N,0,29,Shirley
Mark,C,0,29,Shirley
Mark,I,0,29,Shirley
Mark,A,0,29,Shirley
Mark,DC,0,29,Shirley
Mark,DN,0,29,Shirley
Martin,N,0,29,Shirley
Martin,C,0,29,Shirley
Martin,I,0,29,Shirley
Martin,A,0,29,Shirley
Martin,DC,0,29,Shirley
Martin,DN,0,29,Shirley
Mary,N,0,29,Shirley
Mary,C,0,29,Shirley
Mary,I,0,29,Shirley
Mary,A,0,29,Shirley
Mary,DC,0,29,Shirley
Mary,DN,0,29,Shirley
Mary Ann Ainley,N,0,29,Shirley
Mary Ann Ainley,C,0,29,Shirley
Mary Ann Ainley,I,0,29,Shirley
Mary Ann Ainley,A,0,29,Shirley
Mary Ann Ainley,DC,0,29,Shirley
Mary Ann Ainley,DN,0,29,Shirley
Matthew,N,0,29,Shirley
Matthew,C,0,29,Shirley
Matthew,I,0,29,Shirley
Matthew,A,0,29,Shirley
Matthew,DC,0,29,Shirley
Matthew,DN,0,29,Shirley
Matthewson Helstone,N,0,29,Shirley
Matthewson Helstone,C,0,29,Shirley
Matthewson Helstone,I,0,29,Shirley
Matthewson Helstone,A,0,29,Shirley
Matthewson Helstone,DC,0,29,Shirley
Matthewson Helstone,DN,0,29,Shirley
Mike,N,0,29,Shirley
Mike,C,0,29,Shirley
Mike,I,0,29,Shirley
Mike,A,0,29,Shirley
Mike,DC,0,29,Shirley
Mike,DN,0,29,Shirley
Miss Ainley,N,0,29,Shirley
Miss Ainley,C,0,29,Shirley
Miss Ainley,I,0,29,Shirley
Miss Ainley,A,0,29,Shirley
Miss Ainley,DC,0,29,Shirley
Miss Ainley,DN,0,29,Shirley
Miss Austen,N,0,29,Shirley
Miss Austen,C,0,29,Shirley
Miss Austen,I,0,29,Shirley
Miss Austen,A,0,29,Shirley
Miss Austen,DC,0,29,Shirley
Miss Austen,DN,0,29,Shirley
Miss Cave,N,0,29,Shirley
Miss Cave,C,0,29,Shirley
Miss Cave,I,0,29,Shirley
Miss Cave,A,0,29,Shirley
Miss Cave,DC,0,29,Shirley
Miss Cave,DN,0,29,Shirley
Miss Grey,N,0,29,Shirley
Miss Grey,C,0,29,Shirley
Miss Grey,I,0,29,Shirley
Miss Grey,A,0,29,Shirley
Miss Grey,DC,0,29,Shirley
Miss Grey,DN,0,29,Shirley
Miss Hardman,N,0,29,Shirley
Miss Hardman,C,0,29,Shirley
Miss Hardman,I,0,29,Shirley
Miss Hardman,A,0,29,Shirley
Miss Hardman,DC,0,29,Shirley
Miss Hardman,DN,0,29,Shirley
Miss Mann,N,0,29,Shirley
Miss Mann,C,0,29,Shirley
Miss Mann,I,0,29,Shirley
Miss Mann,A,0,29,Shirley
Miss Mann,DC,0,29,Shirley
Miss Mann,DN,0,29,Shirley
Miss Mary,N,0,29,Shirley
Miss Mary,C,0,29,Shirley
Miss Mary,I,0,29,Shirley
Miss Mary,A,0,29,Shirley
Miss Mary,DC,0,29,Shirley
Miss Mary,DN,0,29,Shirley
Miss Moore,N,0,29,Shirley
Miss Moore,C,0,29,Shirley
Miss Moore,I,0,29,Shirley
Miss Moore,A,0,29,Shirley
Miss Moore,DC,0,29,Shirley
Miss Moore,DN,0,29,Shirley
Miss Pearson,N,0,29,Shirley
Miss Pearson,C,0,29,Shirley
Miss Pearson,I,0,29,Shirley
Miss Pearson,A,0,29,Shirley
Miss Pearson,DC,0,29,Shirley
Miss Pearson,DN,0,29,Shirley
Moore,N,0,29,Shirley
Moore,C,0,29,Shirley
Moore,I,0,29,Shirley
Moore,A,0,29,Shirley
Moore,DC,0,29,Shirley
Moore,DN,0,29,Shirley
Moses,N,0,29,Shirley
Moses,C,0,29,Shirley
Moses,I,0,29,Shirley
Moses,A,0,29,Shirley
Moses,DC,0,29,Shirley
Moses,DN,0,29,Shirley
Mother,N,0,29,Shirley
Mother,C,0,29,Shirley
Mother,I,0,29,Shirley
Mother,A,0,29,Shirley
Mother,DC,0,29,Shirley
Mother,DN,0,29,Shirley
Mr. Barraclough,N,0,29,Shirley
Mr. Barraclough,C,0,29,Shirley
Mr. Barraclough,I,0,29,Shirley
Mr. Barraclough,A,0,29,Shirley
Mr. Barraclough,DC,0,29,Shirley
Mr. Barraclough,DN,0,29,Shirley
Mr. Gale,N,0,29,Shirley
Mr. Gale,C,0,29,Shirley
Mr. Gale,I,0,29,Shirley
Mr. Gale,A,0,29,Shirley
Mr. Gale,DC,0,29,Shirley
Mr. Gale,DN,0,29,Shirley
Mr. Hall,N,0,29,Shirley
Mr. Hall,C,0,29,Shirley
Mr. Hall,I,0,29,Shirley
Mr. Hall,A,0,29,Shirley
Mr. Hall,DC,0,29,Shirley
Mr. Hall,DN,0,29,Shirley
Mr. Helstone,N,0,29,Shirley
Mr. Helstone,C,0,29,Shirley
Mr. Helstone,I,0,29,Shirley
Mr. Helstone,A,0,29,Shirley
Mr. Helstone,DC,0,29,Shirley
Mr. Helstone,DN,0,29,Shirley
Mr. Moore,N,8,29,Shirley
Mr. Moore,C,3,29,Shirley
Mr. Moore,I,6,29,Shirley
Mr. Moore,A,16,29,Shirley
Mr. Moore,DC,0,29,Shirley
Mr. Moore,DN,0,29,Shirley
Mr. Moore----,N,0,29,Shirley
Mr. Moore----,C,0,29,Shirley
Mr. Moore----,I,0,29,Shirley
Mr. Moore----,A,0,29,Shirley
Mr. Moore----,DC,0,29,Shirley
Mr. Moore----,DN,0,29,Shirley
Mr. Ramsden,N,0,29,Shirley
Mr. Ramsden,C,0,29,Shirley
Mr. Ramsden,I,0,29,Shirley
Mr. Ramsden,A,0,29,Shirley
Mr. Ramsden,DC,0,29,Shirley
Mr. Ramsden,DN,0,29,Shirley
Mr. Sykes,N,0,29,Shirley
Mr. Sykes,C,0,29,Shirley
Mr. Sykes,I,0,29,Shirley
Mr. Sykes,A,0,29,Shirley
Mr. Sykes,DC,0,29,Shirley
Mr. Sykes,DN,0,29,Shirley
Mr. Sympson,N,0,29,Shirley
Mr. Sympson,C,0,29,Shirley
Mr. Sympson,I,0,29,Shirley
Mr. Sympson,A,0,29,Shirley
Mr. Sympson,DC,0,29,Shirley
Mr. Sympson,DN,0,29,Shirley
Mr. Wynne,N,1,29,Shirley
Mr. Wynne,C,0,29,Shirley
Mr. Wynne,I,0,29,Shirley
Mr. Wynne,A,0,29,Shirley
Mr. Wynne,DC,0,29,Shirley
Mr. Wynne,DN,0,29,Shirley
Mr. Yorke,N,0,29,Shirley
Mr. Yorke,C,1,29,Shirley
Mr. Yorke,I,0,29,Shirley
Mr. Yorke,A,4,29,Shirley
Mr. Yorke,DC,0,29,Shirley
Mr. Yorke,DN,0,29,Shirley
Mrs. Gale,N,0,29,Shirley
Mrs. Gale,C,0,29,Shirley
Mrs. Gale,I,0,29,Shirley
Mrs. Gale,A,0,29,Shirley
Mrs. Gale,DC,0,29,Shirley
Mrs. Gale,DN,0,29,Shirley
Mrs. Gill,N,0,29,Shirley
Mrs. Gill,C,0,29,Shirley
Mrs. Gill,I,0,29,Shirley
Mrs. Gill,A,0,29,Shirley
Mrs. Gill,DC,0,29,Shirley
Mrs. Gill,DN,0,29,Shirley
Mrs. Hardman,N,0,29,Shirley
Mrs. Hardman,C,0,29,Shirley
Mrs. Hardman,I,0,29,Shirley
Mrs. Hardman,A,0,29,Shirley
Mrs. Hardman,DC,0,29,Shirley
Mrs. Hardman,DN,0,29,Shirley
Mrs. Horsfall,N,0,29,Shirley
Mrs. Horsfall,C,0,29,Shirley
Mrs. Horsfall,I,0,29,Shirley
Mrs. Horsfall,A,0,29,Shirley
Mrs. Horsfall,DC,0,29,Shirley
Mrs. Horsfall,DN,0,29,Shirley
Mrs. Louis,N,0,29,Shirley
Mrs. Louis,C,0,29,Shirley
Mrs. Louis,I,0,29,Shirley
Mrs. Louis,A,0,29,Shirley
Mrs. Louis,DC,0,29,Shirley
Mrs. Louis,DN,0,29,Shirley
Mrs. Pryor,N,0,29,Shirley
Mrs. Pryor,C,0,29,Shirley
Mrs. Pryor,I,0,29,Shirley
Mrs. Pryor,A,0,29,Shirley
Mrs. Pryor,DC,0,29,Shirley
Mrs. Pryor,DN,0,29,Shirley
Mrs. Sykes,N,0,29,Shirley
Mrs. Sykes,C,0,29,Shirley
Mrs. Sykes,I,0,29,Shirley
Mrs. Sykes,A,0,29,Shirley
Mrs. Sykes,DC,0,29,Shirley
Mrs. Sykes,DN,0,29,Shirley
Mrs. Yorke,N,0,29,Shirley
Mrs. Yorke,C,0,29,Shirley
Mrs. Yorke,I,0,29,Shirley
Mrs. Yorke,A,0,29,Shirley
Mrs. Yorke,DC,0,29,Shirley
Mrs. Yorke,DN,0,29,Shirley
Murgatroyd,N,0,29,Shirley
Murgatroyd,C,0,29,Shirley
Murgatroyd,I,0,29,Shirley
Murgatroyd,A,0,29,Shirley
Murgatroyd,DC,0,29,Shirley
Murgatroyd,DN,0,29,Shirley
Napoleon,N,0,29,Shirley
Napoleon,C,0,29,Shirley
Napoleon,I,0,29,Shirley
Napoleon,A,0,29,Shirley
Napoleon,DC,0,29,Shirley
Napoleon,DN,0,29,Shirley
Nature,N,0,29,Shirley
Nature,C,0,29,Shirley
Nature,I,0,29,Shirley
Nature,A,0,29,Shirley
Nature,DC,0,29,Shirley
Nature,DN,0,29,Shirley
Pearson,N,0,29,Shirley
Pearson,C,0,29,Shirley
Pearson,I,0,29,Shirley
Pearson,A,0,29,Shirley
Pearson,DC,0,29,Shirley
Pearson,DN,0,29,Shirley
Peg Woffington.= CHARLES READE,N,0,29,Shirley
Peg Woffington.= CHARLES READE,C,0,29,Shirley
Peg Woffington.= CHARLES READE,I,0,29,Shirley
Peg Woffington.= CHARLES READE,A,0,29,Shirley
Peg Woffington.= CHARLES READE,DC,0,29,Shirley
Peg Woffington.= CHARLES READE,DN,0,29,Shirley
Peter,N,0,29,Shirley
Peter,C,0,29,Shirley
Peter,I,0,29,Shirley
Peter,A,0,29,Shirley
Peter,DC,0,29,Shirley
Peter,DN,0,29,Shirley
Phœbe,N,0,29,Shirley
Phœbe,C,0,29,Shirley
Phœbe,I,0,29,Shirley
Phœbe,A,0,29,Shirley
Phœbe,DC,0,29,Shirley
Phœbe,DN,0,29,Shirley
Providence,N,0,29,Shirley
Providence,C,0,29,Shirley
Providence,I,0,29,Shirley
Providence,A,0,29,Shirley
Providence,DC,0,29,Shirley
Providence,DN,0,29,Shirley
Robert,N,3,29,Shirley
Robert,C,0,29,Shirley
Robert,I,1,29,Shirley
Robert,A,0,29,Shirley
Robert,DC,0,29,Shirley
Robert,DN,0,29,Shirley
Rose,N,0,29,Shirley
Rose,C,0,29,Shirley
Rose,I,0,29,Shirley
Rose,A,0,29,Shirley
Rose,DC,0,29,Shirley
Rose,DN,0,29,Shirley
Sarah,N,0,29,Shirley
Sarah,C,0,29,Shirley
Sarah,I,0,29,Shirley
Sarah,A,0,29,Shirley
Sarah,DC,0,29,Shirley
Sarah,DN,0,29,Shirley
Saturnia,N,1,29,Shirley
Saturnia,C,0,29,Shirley
Saturnia,I,0,29,Shirley
Saturnia,A,3,29,Shirley
Saturnia,DC,6,29,Shirley
Saturnia,DN,0,29,Shirley
Shakespeare,N,0,29,Shirley
Shakespeare,C,0,29,Shirley
Shakespeare,I,0,29,Shirley
Shakespeare,A,0,29,Shirley
Shakespeare,DC,0,29,Shirley
Shakespeare,DN,0,29,Shirley
Shirley,N,1,29,Shirley
Shirley,C,0,29,Shirley
Shirley,I,0,29,Shirley
Shirley,A,0,29,Shirley
Shirley,DC,0,29,Shirley
Shirley,DN,0,29,Shirley
Sir Philip,N,3,29,Shirley
Sir Philip,C,0,29,Shirley
Sir Philip,I,1,29,Shirley
Sir Philip,A,2,29,Shirley
Sir Philip,DC,0,29,Shirley
Sir Philip,DN,0,29,Shirley
Sir Walter Scott,N,0,29,Shirley
Sir Walter Scott,C,0,29,Shirley
Sir Walter Scott,I,0,29,Shirley
Sir Walter Scott,A,0,29,Shirley
Sir Walter Scott,DC,0,29,Shirley
Sir Walter Scott,DN,0,29,Shirley
Sister,N,0,29,Shirley
Sister,C,0,29,Shirley
Sister,I,0,29,Shirley
Sister,A,0,29,Shirley
Sister,DC,0,29,Shirley
Sister,DN,0,29,Shirley
St. Paul,N,0,29,Shirley
St. Paul,C,0,29,Shirley
St. Paul,I,0,29,Shirley
St. Paul,A,0,29,Shirley
St. Paul,DC,0,29,Shirley
St. Paul,DN,0,29,Shirley
Stilbro,N,0,29,Shirley
Stilbro,C,0,29,Shirley
Stilbro,I,0,29,Shirley
Stilbro,A,0,29,Shirley
Stilbro,DC,0,29,Shirley
Stilbro,DN,0,29,Shirley
Sudgen,N,0,29,Shirley
Sudgen,C,0,29,Shirley
Sudgen,I,0,29,Shirley
Sudgen,A,0,29,Shirley
Sudgen,DC,0,29,Shirley
Sudgen,DN,0,29,Shirley
Sugden,N,0,29,Shirley
Sugden,C,0,29,Shirley
Sugden,I,0,29,Shirley
Sugden,A,0,29,Shirley
Sugden,DC,0,29,Shirley
Sugden,DN,0,29,Shirley
Sweeting,N,0,29,Shirley
Sweeting,C,0,29,Shirley
Sweeting,I,0,29,Shirley
Sweeting,A,0,29,Shirley
Sweeting,DC,0,29,Shirley
Sweeting,DN,0,29,Shirley
Tartar,N,0,29,Shirley
Tartar,C,0,29,Shirley
Tartar,I,0,29,Shirley
Tartar,A,0,29,Shirley
Tartar,DC,0,29,Shirley
Tartar,DN,0,29,Shirley
The Cossack,N,0,29,Shirley
The Cossack,C,0,29,Shirley
The Cossack,I,0,29,Shirley
The Cossack,A,0,29,Shirley
The Cossack,DC,0,29,Shirley
The Cossack,DN,0,29,Shirley
These Oreads,N,0,29,Shirley
These Oreads,C,0,29,Shirley
These Oreads,I,0,29,Shirley
These Oreads,A,0,29,Shirley
These Oreads,DC,0,29,Shirley
These Oreads,DN,0,29,Shirley
Tom Cringle,N,0,29,Shirley
Tom Cringle,C,0,29,Shirley
Tom Cringle,I,0,29,Shirley
Tom Cringle,A,0,29,Shirley
Tom Cringle,DC,0,29,Shirley
Tom Cringle,DN,0,29,Shirley
Uncle,N,0,29,Shirley
Uncle,C,0,29,Shirley
Uncle,I,0,29,Shirley
Uncle,A,0,29,Shirley
Uncle,DC,0,29,Shirley
Uncle,DN,0,29,Shirley
VICTOR HUGO,N,0,29,Shirley
VICTOR HUGO,C,0,29,Shirley
VICTOR HUGO,I,0,29,Shirley
VICTOR HUGO,A,0,29,Shirley
VICTOR HUGO,DC,0,29,Shirley
VICTOR HUGO,DN,0,29,Shirley
Whinbury,N,0,29,Shirley
Whinbury,C,0,29,Shirley
Whinbury,I,0,29,Shirley
Whinbury,A,0,29,Shirley
Whinbury,DC,0,29,Shirley
Whinbury,DN,0,29,Shirley
William,N,0,29,Shirley
William,C,0,29,Shirley
William,I,0,29,Shirley
William,A,0,29,Shirley
William,DC,0,29,Shirley
William,DN,0,29,Shirley
mademoiselle,N,0,29,Shirley
mademoiselle,C,0,29,Shirley
mademoiselle,I,0,29,Shirley
mademoiselle,A,0,29,Shirley
mademoiselle,DC,0,29,Shirley
mademoiselle,DN,0,29,Shirley
old Lady Nunnely,N,0,29,Shirley
old Lady Nunnely,C,0,29,Shirley
old Lady Nunnely,I,0,29,Shirley
old Lady Nunnely,A,0,29,Shirley
old Lady Nunnely,DC,0,29,Shirley
old Lady Nunnely,DN,0,29,Shirley
old Queen Charlotte,N,0,29,Shirley
old Queen Charlotte,C,0,29,Shirley
old Queen Charlotte,I,0,29,Shirley
old Queen Charlotte,A,0,29,Shirley
old Queen Charlotte,DC,0,29,Shirley
old Queen Charlotte,DN,0,29,Shirley
the Misses Sykes,N,0,29,Shirley
the Misses Sykes,C,0,29,Shirley
the Misses Sykes,I,0,29,Shirley
the Misses Sykes,A,0,29,Shirley
the Misses Sykes,DC,0,29,Shirley
the Misses Sykes,DN,0,29,Shirley
the Misses Sympson,N,0,29,Shirley
the Misses Sympson,C,0,29,Shirley
the Misses Sympson,I,0,29,Shirley
the Misses Sympson,A,0,29,Shirley
the Misses Sympson,DC,0,29,Shirley
the Misses Sympson,DN,0,29,Shirley
the Moores,N,0,29,Shirley
the Moores,C,0,29,Shirley
the Moores,I,0,29,Shirley
the Moores,A,0,29,Shirley
the Moores,DC,0,29,Shirley
the Moores,DN,0,29,Shirley
the Sympsons,N,1,29,Shirley
the Sympsons,C,0,29,Shirley
the Sympsons,I,0,29,Shirley
the Sympsons,A,0,29,Shirley
the Sympsons,DC,0,29,Shirley
the Sympsons,DN,0,29,Shirley
Abraham,N,0,30,Shirley
Abraham,C,0,30,Shirley
Abraham,I,0,30,Shirley
Abraham,A,0,30,Shirley
Abraham,DC,0,30,Shirley
Abraham,DN,0,30,Shirley
Adam,N,0,30,Shirley
Adam,C,0,30,Shirley
Adam,I,0,30,Shirley
Adam,A,0,30,Shirley
Adam,DC,0,30,Shirley
Adam,DN,0,30,Shirley
Bob,N,3,30,Shirley
Bob,C,0,30,Shirley
Bob,I,5,30,Shirley
Bob,A,15,30,Shirley
Bob,DC,33,30,Shirley
Bob,DN,0,30,Shirley
Bonaparte,N,0,30,Shirley
Bonaparte,C,0,30,Shirley
Bonaparte,I,0,30,Shirley
Bonaparte,A,0,30,Shirley
Bonaparte,DC,0,30,Shirley
Bonaparte,DN,0,30,Shirley
Boultby,N,0,30,Shirley
Boultby,C,0,30,Shirley
Boultby,I,0,30,Shirley
Boultby,A,0,30,Shirley
Boultby,DC,0,30,Shirley
Boultby,DN,0,30,Shirley
Briarmains,N,0,30,Shirley
Briarmains,C,0,30,Shirley
Briarmains,I,0,30,Shirley
Briarmains,A,0,30,Shirley
Briarmains,DC,0,30,Shirley
Briarmains,DN,0,30,Shirley
CHARLES DICKENS,N,0,30,Shirley
CHARLES DICKENS,C,0,30,Shirley
CHARLES DICKENS,I,0,30,Shirley
CHARLES DICKENS,A,0,30,Shirley
CHARLES DICKENS,DC,0,30,Shirley
CHARLES DICKENS,DN,0,30,Shirley
Captain Keeldar,N,0,30,Shirley
Captain Keeldar,C,0,30,Shirley
Captain Keeldar,I,0,30,Shirley
Captain Keeldar,A,0,30,Shirley
Captain Keeldar,DC,0,30,Shirley
Captain Keeldar,DN,0,30,Shirley
Caroline,N,6,30,Shirley
Caroline,C,0,30,Shirley
Caroline,I,1,30,Shirley
Caroline,A,1,30,Shirley
Caroline,DC,4,30,Shirley
Caroline,DN,0,30,Shirley
"Caroline--""She",N,0,30,Shirley
"Caroline--""She",C,0,30,Shirley
"Caroline--""She",I,0,30,Shirley
"Caroline--""She",A,0,30,Shirley
"Caroline--""She",DC,0,30,Shirley
"Caroline--""She",DN,0,30,Shirley
Cary,N,0,30,Shirley
Cary,C,0,30,Shirley
Cary,I,0,30,Shirley
Cary,A,0,30,Shirley
Cary,DC,0,30,Shirley
Cary,DN,0,30,Shirley
Castlereagh,N,0,30,Shirley
Castlereagh,C,0,30,Shirley
Castlereagh,I,0,30,Shirley
Castlereagh,A,0,30,Shirley
Castlereagh,DC,0,30,Shirley
Castlereagh,DN,0,30,Shirley
Chénier,N,0,30,Shirley
Chénier,C,0,30,Shirley
Chénier,I,0,30,Shirley
Chénier,A,0,30,Shirley
Chénier,DC,0,30,Shirley
Chénier,DN,0,30,Shirley
Coriolanus,N,0,30,Shirley
Coriolanus,C,0,30,Shirley
Coriolanus,I,0,30,Shirley
Coriolanus,A,0,30,Shirley
Coriolanus,DC,0,30,Shirley
Coriolanus,DN,0,30,Shirley
Cowper,N,0,30,Shirley
Cowper,C,0,30,Shirley
Cowper,I,0,30,Shirley
Cowper,A,0,30,Shirley
Cowper,DC,0,30,Shirley
Cowper,DN,0,30,Shirley
Cyril Hall,N,0,30,Shirley
Cyril Hall,C,0,30,Shirley
Cyril Hall,I,0,30,Shirley
Cyril Hall,A,0,30,Shirley
Cyril Hall,DC,0,30,Shirley
Cyril Hall,DN,0,30,Shirley
Daniel,N,0,30,Shirley
Daniel,C,0,30,Shirley
Daniel,I,0,30,Shirley
Daniel,A,0,30,Shirley
Daniel,DC,0,30,Shirley
Daniel,DN,0,30,Shirley
Davy,N,0,30,Shirley
Davy,C,0,30,Shirley
Davy,I,0,30,Shirley
Davy,A,0,30,Shirley
Davy,DC,0,30,Shirley
Davy,DN,0,30,Shirley
Donne,N,0,30,Shirley
Donne,C,0,30,Shirley
Donne,I,0,30,Shirley
Donne,A,0,30,Shirley
Donne,DC,0,30,Shirley
Donne,DN,0,30,Shirley
Dora,N,0,30,Shirley
Dora,C,0,30,Shirley
Dora,I,0,30,Shirley
Dora,A,0,30,Shirley
Dora,DC,0,30,Shirley
Dora,DN,0,30,Shirley
Dr. Boultby,N,0,30,Shirley
Dr. Boultby,C,0,30,Shirley
Dr. Boultby,I,0,30,Shirley
Dr. Boultby,A,0,30,Shirley
Dr. Boultby,DC,0,30,Shirley
Dr. Boultby,DN,0,30,Shirley
Eliza,N,0,30,Shirley
Eliza,C,0,30,Shirley
Eliza,I,0,30,Shirley
Eliza,A,0,30,Shirley
Eliza,DC,0,30,Shirley
Eliza,DN,0,30,Shirley
Eva,N,0,30,Shirley
Eva,C,0,30,Shirley
Eva,I,0,30,Shirley
Eva,A,0,30,Shirley
Eva,DC,0,30,Shirley
Eva,DN,0,30,Shirley
Eve,N,0,30,Shirley
Eve,C,0,30,Shirley
Eve,I,0,30,Shirley
Eve,A,0,30,Shirley
Eve,DC,0,30,Shirley
Eve,DN,0,30,Shirley
Fanny,N,0,30,Shirley
Fanny,C,0,30,Shirley
Fanny,I,0,30,Shirley
Fanny,A,0,30,Shirley
Fanny,DC,0,30,Shirley
Fanny,DN,0,30,Shirley
Farrens,N,0,30,Shirley
Farrens,C,0,30,Shirley
Farrens,I,0,30,Shirley
Farrens,A,0,30,Shirley
Farrens,DC,0,30,Shirley
Farrens,DN,0,30,Shirley
Fieldhead,N,0,30,Shirley
Fieldhead,C,0,30,Shirley
Fieldhead,I,0,30,Shirley
Fieldhead,A,0,30,Shirley
Fieldhead,DC,0,30,Shirley
Fieldhead,DN,0,30,Shirley
Fortune,N,3,30,Shirley
Fortune,C,0,30,Shirley
Fortune,I,1,30,Shirley
Fortune,A,0,30,Shirley
Fortune,DC,3,30,Shirley
Fortune,DN,0,30,Shirley
God,N,1,30,Shirley
God,C,0,30,Shirley
God,I,1,30,Shirley
God,A,0,30,Shirley
God,DC,1,30,Shirley
God,DN,0,30,Shirley
Grace,N,0,30,Shirley
Grace,C,0,30,Shirley
Grace,I,0,30,Shirley
Grace,A,0,30,Shirley
Grace,DC,0,30,Shirley
Grace,DN,0,30,Shirley
Hannah,N,0,30,Shirley
Hannah,C,0,30,Shirley
Hannah,I,0,30,Shirley
Hannah,A,0,30,Shirley
Hannah,DC,0,30,Shirley
Hannah,DN,0,30,Shirley
Harriet,N,0,30,Shirley
Harriet,C,0,30,Shirley
Harriet,I,0,30,Shirley
Harriet,A,0,30,Shirley
Harriet,DC,0,30,Shirley
Harriet,DN,0,30,Shirley
Helstone,N,0,30,Shirley
Helstone,C,0,30,Shirley
Helstone,I,0,30,Shirley
Helstone,A,0,30,Shirley
Helstone,DC,0,30,Shirley
Helstone,DN,0,30,Shirley
Henry,N,1,30,Shirley
Henry,C,0,30,Shirley
Henry,I,0,30,Shirley
Henry,A,0,30,Shirley
Henry,DC,1,30,Shirley
Henry,DN,0,30,Shirley
Hiram Yorke,N,1,30,Shirley
Hiram Yorke,C,0,30,Shirley
Hiram Yorke,I,0,30,Shirley
Hiram Yorke,A,0,30,Shirley
Hiram Yorke,DC,1,30,Shirley
Hiram Yorke,DN,0,30,Shirley
Hollow,N,0,30,Shirley
Hollow,C,0,30,Shirley
Hollow,I,0,30,Shirley
Hollow,A,0,30,Shirley
Hollow,DC,0,30,Shirley
Hollow,DN,0,30,Shirley
Hortense,N,1,30,Shirley
Hortense,C,0,30,Shirley
Hortense,I,4,30,Shirley
Hortense,A,1,30,Shirley
Hortense,DC,3,30,Shirley
Hortense,DN,0,30,Shirley
Isabella,N,0,30,Shirley
Isabella,C,0,30,Shirley
Isabella,I,0,30,Shirley
Isabella,A,0,30,Shirley
Isabella,DC,0,30,Shirley
Isabella,DN,0,30,Shirley
James,N,0,30,Shirley
James,C,0,30,Shirley
James,I,0,30,Shirley
James,A,0,30,Shirley
James,DC,0,30,Shirley
James,DN,0,30,Shirley
Jessy,N,0,30,Shirley
Jessy,C,0,30,Shirley
Jessy,I,0,30,Shirley
Jessy,A,0,30,Shirley
Jessy,DC,0,30,Shirley
Jessy,DN,0,30,Shirley
Joe,N,2,30,Shirley
Joe,C,0,30,Shirley
Joe,I,0,30,Shirley
Joe,A,0,30,Shirley
Joe,DC,0,30,Shirley
Joe,DN,0,30,Shirley
John,N,0,30,Shirley
John,C,0,30,Shirley
John,I,0,30,Shirley
John,A,0,30,Shirley
John,DC,0,30,Shirley
John,DN,0,30,Shirley
John Wesley,N,0,30,Shirley
John Wesley,C,0,30,Shirley
John Wesley,I,0,30,Shirley
John Wesley,A,0,30,Shirley
John Wesley,DC,0,30,Shirley
John Wesley,DN,0,30,Shirley
Lamb,N,0,30,Shirley
Lamb,C,0,30,Shirley
Lamb,I,0,30,Shirley
Lamb,A,0,30,Shirley
Lamb,DC,0,30,Shirley
Lamb,DN,0,30,Shirley
Lina,N,0,30,Shirley
Lina,C,0,30,Shirley
Lina,I,0,30,Shirley
Lina,A,0,30,Shirley
Lina,DC,0,30,Shirley
Lina,DN,0,30,Shirley
Lord Wellington,N,0,30,Shirley
Lord Wellington,C,0,30,Shirley
Lord Wellington,I,0,30,Shirley
Lord Wellington,A,0,30,Shirley
Lord Wellington,DC,0,30,Shirley
Lord Wellington,DN,0,30,Shirley
Louis,N,0,30,Shirley
Louis,C,0,30,Shirley
Louis,I,0,30,Shirley
Louis,A,0,30,Shirley
Louis,DC,0,30,Shirley
Louis,DN,0,30,Shirley
Lucretia,N,0,30,Shirley
Lucretia,C,0,30,Shirley
Lucretia,I,0,30,Shirley
Lucretia,A,0,30,Shirley
Lucretia,DC,0,30,Shirley
Lucretia,DN,0,30,Shirley
MATTERS,N,0,30,Shirley
MATTERS,C,0,30,Shirley
MATTERS,I,0,30,Shirley
MATTERS,A,0,30,Shirley
MATTERS,DC,0,30,Shirley
MATTERS,DN,0,30,Shirley
MacTurk,N,0,30,Shirley
MacTurk,C,0,30,Shirley
MacTurk,I,0,30,Shirley
MacTurk,A,0,30,Shirley
MacTurk,DC,0,30,Shirley
MacTurk,DN,0,30,Shirley
Malone,N,0,30,Shirley
Malone,C,0,30,Shirley
Malone,I,0,30,Shirley
Malone,A,0,30,Shirley
Malone,DC,0,30,Shirley
Malone,DN,0,30,Shirley
Malone.--I,N,0,30,Shirley
Malone.--I,C,0,30,Shirley
Malone.--I,I,0,30,Shirley
Malone.--I,A,0,30,Shirley
Malone.--I,DC,0,30,Shirley
Malone.--I,DN,0,30,Shirley
Mamma,N,0,30,Shirley
Mamma,C,0,30,Shirley
Mamma,I,0,30,Shirley
Mamma,A,0,30,Shirley
Mamma,DC,0,30,Shirley
Mamma,DN,0,30,Shirley
Margaret,N,0,30,Shirley
Margaret,C,0,30,Shirley
Margaret,I,0,30,Shirley
Margaret,A,0,30,Shirley
Margaret,DC,0,30,Shirley
Margaret,DN,0,30,Shirley
Mark,N,0,30,Shirley
Mark,C,0,30,Shirley
Mark,I,0,30,Shirley
Mark,A,0,30,Shirley
Mark,DC,0,30,Shirley
Mark,DN,0,30,Shirley
Martin,N,0,30,Shirley
Martin,C,0,30,Shirley
Martin,I,0,30,Shirley
Martin,A,0,30,Shirley
Martin,DC,0,30,Shirley
Martin,DN,0,30,Shirley
Mary,N,9,30,Shirley
Mary,C,0,30,Shirley
Mary,I,2,30,Shirley
Mary,A,1,30,Shirley
Mary,DC,6,30,Shirley
Mary,DN,0,30,Shirley
Mary Ann Ainley,N,0,30,Shirley
Mary Ann Ainley,C,0,30,Shirley
Mary Ann Ainley,I,0,30,Shirley
Mary Ann Ainley,A,0,30,Shirley
Mary Ann Ainley,DC,0,30,Shirley
Mary Ann Ainley,DN,0,30,Shirley
Matthew,N,0,30,Shirley
Matthew,C,0,30,Shirley
Matthew,I,0,30,Shirley
Matthew,A,0,30,Shirley
Matthew,DC,0,30,Shirley
Matthew,DN,0,30,Shirley
Matthewson Helstone,N,0,30,Shirley
Matthewson Helstone,C,0,30,Shirley
Matthewson Helstone,I,0,30,Shirley
Matthewson Helstone,A,0,30,Shirley
Matthewson Helstone,DC,0,30,Shirley
Matthewson Helstone,DN,0,30,Shirley
Mike,N,0,30,Shirley
Mike,C,0,30,Shirley
Mike,I,0,30,Shirley
Mike,A,0,30,Shirley
Mike,DC,0,30,Shirley
Mike,DN,0,30,Shirley
Miss Ainley,N,0,30,Shirley
Miss Ainley,C,0,30,Shirley
Miss Ainley,I,0,30,Shirley
Miss Ainley,A,0,30,Shirley
Miss Ainley,DC,0,30,Shirley
Miss Ainley,DN,0,30,Shirley
Miss Austen,N,0,30,Shirley
Miss Austen,C,0,30,Shirley
Miss Austen,I,0,30,Shirley
Miss Austen,A,0,30,Shirley
Miss Austen,DC,0,30,Shirley
Miss Austen,DN,0,30,Shirley
Miss Cave,N,1,30,Shirley
Miss Cave,C,0,30,Shirley
Miss Cave,I,5,30,Shirley
Miss Cave,A,3,30,Shirley
Miss Cave,DC,6,30,Shirley
Miss Cave,DN,0,30,Shirley
Miss Grey,N,0,30,Shirley
Miss Grey,C,0,30,Shirley
Miss Grey,I,0,30,Shirley
Miss Grey,A,0,30,Shirley
Miss Grey,DC,0,30,Shirley
Miss Grey,DN,0,30,Shirley
Miss Hardman,N,0,30,Shirley
Miss Hardman,C,0,30,Shirley
Miss Hardman,I,0,30,Shirley
Miss Hardman,A,0,30,Shirley
Miss Hardman,DC,0,30,Shirley
Miss Hardman,DN,0,30,Shirley
Miss Mann,N,0,30,Shirley
Miss Mann,C,0,30,Shirley
Miss Mann,I,0,30,Shirley
Miss Mann,A,0,30,Shirley
Miss Mann,DC,0,30,Shirley
Miss Mann,DN,0,30,Shirley
Miss Mary,N,0,30,Shirley
Miss Mary,C,0,30,Shirley
Miss Mary,I,0,30,Shirley
Miss Mary,A,0,30,Shirley
Miss Mary,DC,0,30,Shirley
Miss Mary,DN,0,30,Shirley
Miss Moore,N,0,30,Shirley
Miss Moore,C,0,30,Shirley
Miss Moore,I,0,30,Shirley
Miss Moore,A,0,30,Shirley
Miss Moore,DC,0,30,Shirley
Miss Moore,DN,0,30,Shirley
Miss Pearson,N,0,30,Shirley
Miss Pearson,C,0,30,Shirley
Miss Pearson,I,0,30,Shirley
Miss Pearson,A,0,30,Shirley
Miss Pearson,DC,0,30,Shirley
Miss Pearson,DN,0,30,Shirley
Moore,N,0,30,Shirley
Moore,C,0,30,Shirley
Moore,I,0,30,Shirley
Moore,A,0,30,Shirley
Moore,DC,0,30,Shirley
Moore,DN,0,30,Shirley
Moses,N,0,30,Shirley
Moses,C,0,30,Shirley
Moses,I,0,30,Shirley
Moses,A,0,30,Shirley
Moses,DC,0,30,Shirley
Moses,DN,0,30,Shirley
Mother,N,0,30,Shirley
Mother,C,0,30,Shirley
Mother,I,0,30,Shirley
Mother,A,0,30,Shirley
Mother,DC,0,30,Shirley
Mother,DN,0,30,Shirley
Mr. Barraclough,N,0,30,Shirley
Mr. Barraclough,C,0,30,Shirley
Mr. Barraclough,I,0,30,Shirley
Mr. Barraclough,A,0,30,Shirley
Mr. Barraclough,DC,0,30,Shirley
Mr. Barraclough,DN,0,30,Shirley
Mr. Gale,N,0,30,Shirley
Mr. Gale,C,0,30,Shirley
Mr. Gale,I,0,30,Shirley
Mr. Gale,A,0,30,Shirley
Mr. Gale,DC,0,30,Shirley
Mr. Gale,DN,0,30,Shirley
Mr. Hall,N,0,30,Shirley
Mr. Hall,C,0,30,Shirley
Mr. Hall,I,0,30,Shirley
Mr. Hall,A,0,30,Shirley
Mr. Hall,DC,0,30,Shirley
Mr. Hall,DN,0,30,Shirley
Mr. Helstone,N,0,30,Shirley
Mr. Helstone,C,0,30,Shirley
Mr. Helstone,I,0,30,Shirley
Mr. Helstone,A,0,30,Shirley
Mr. Helstone,DC,0,30,Shirley
Mr. Helstone,DN,0,30,Shirley
Mr. Moore,N,4,30,Shirley
Mr. Moore,C,0,30,Shirley
Mr. Moore,I,0,30,Shirley
Mr. Moore,A,0,30,Shirley
Mr. Moore,DC,4,30,Shirley
Mr. Moore,DN,0,30,Shirley
Mr. Moore----,N,0,30,Shirley
Mr. Moore----,C,0,30,Shirley
Mr. Moore----,I,0,30,Shirley
Mr. Moore----,A,0,30,Shirley
Mr. Moore----,DC,0,30,Shirley
Mr. Moore----,DN,0,30,Shirley
Mr. Ramsden,N,0,30,Shirley
Mr. Ramsden,C,0,30,Shirley
Mr. Ramsden,I,0,30,Shirley
Mr. Ramsden,A,0,30,Shirley
Mr. Ramsden,DC,0,30,Shirley
Mr. Ramsden,DN,0,30,Shirley
Mr. Sykes,N,0,30,Shirley
Mr. Sykes,C,0,30,Shirley
Mr. Sykes,I,0,30,Shirley
Mr. Sykes,A,0,30,Shirley
Mr. Sykes,DC,0,30,Shirley
Mr. Sykes,DN,0,30,Shirley
Mr. Sympson,N,0,30,Shirley
Mr. Sympson,C,0,30,Shirley
Mr. Sympson,I,0,30,Shirley
Mr. Sympson,A,0,30,Shirley
Mr. Sympson,DC,0,30,Shirley
Mr. Sympson,DN,0,30,Shirley
Mr. Wynne,N,0,30,Shirley
Mr. Wynne,C,0,30,Shirley
Mr. Wynne,I,0,30,Shirley
Mr. Wynne,A,0,30,Shirley
Mr. Wynne,DC,0,30,Shirley
Mr. Wynne,DN,0,30,Shirley
Mr. Yorke,N,32,30,Shirley
Mr. Yorke,C,96,30,Shirley
Mr. Yorke,I,90,30,Shirley
Mr. Yorke,A,82,30,Shirley
Mr. Yorke,DC,2,30,Shirley
Mr. Yorke,DN,0,30,Shirley
Mrs. Gale,N,0,30,Shirley
Mrs. Gale,C,0,30,Shirley
Mrs. Gale,I,0,30,Shirley
Mrs. Gale,A,0,30,Shirley
Mrs. Gale,DC,0,30,Shirley
Mrs. Gale,DN,0,30,Shirley
Mrs. Gill,N,0,30,Shirley
Mrs. Gill,C,0,30,Shirley
Mrs. Gill,I,0,30,Shirley
Mrs. Gill,A,0,30,Shirley
Mrs. Gill,DC,0,30,Shirley
Mrs. Gill,DN,0,30,Shirley
Mrs. Hardman,N,0,30,Shirley
Mrs. Hardman,C,0,30,Shirley
Mrs. Hardman,I,0,30,Shirley
Mrs. Hardman,A,0,30,Shirley
Mrs. Hardman,DC,0,30,Shirley
Mrs. Hardman,DN,0,30,Shirley
Mrs. Horsfall,N,0,30,Shirley
Mrs. Horsfall,C,0,30,Shirley
Mrs. Horsfall,I,0,30,Shirley
Mrs. Horsfall,A,0,30,Shirley
Mrs. Horsfall,DC,0,30,Shirley
Mrs. Horsfall,DN,0,30,Shirley
Mrs. Louis,N,0,30,Shirley
Mrs. Louis,C,0,30,Shirley
Mrs. Louis,I,0,30,Shirley
Mrs. Louis,A,0,30,Shirley
Mrs. Louis,DC,0,30,Shirley
Mrs. Louis,DN,0,30,Shirley
Mrs. Pryor,N,0,30,Shirley
Mrs. Pryor,C,0,30,Shirley
Mrs. Pryor,I,0,30,Shirley
Mrs. Pryor,A,0,30,Shirley
Mrs. Pryor,DC,0,30,Shirley
Mrs. Pryor,DN,0,30,Shirley
Mrs. Sykes,N,0,30,Shirley
Mrs. Sykes,C,0,30,Shirley
Mrs. Sykes,I,0,30,Shirley
Mrs. Sykes,A,0,30,Shirley
Mrs. Sykes,DC,0,30,Shirley
Mrs. Sykes,DN,0,30,Shirley
Mrs. Yorke,N,0,30,Shirley
Mrs. Yorke,C,0,30,Shirley
Mrs. Yorke,I,0,30,Shirley
Mrs. Yorke,A,0,30,Shirley
Mrs. Yorke,DC,0,30,Shirley
Mrs. Yorke,DN,0,30,Shirley
Murgatroyd,N,0,30,Shirley
Murgatroyd,C,0,30,Shirley
Murgatroyd,I,0,30,Shirley
Murgatroyd,A,0,30,Shirley
Murgatroyd,DC,0,30,Shirley
Murgatroyd,DN,0,30,Shirley
Napoleon,N,0,30,Shirley
Napoleon,C,0,30,Shirley
Napoleon,I,0,30,Shirley
Napoleon,A,0,30,Shirley
Napoleon,DC,0,30,Shirley
Napoleon,DN,0,30,Shirley
Nature,N,0,30,Shirley
Nature,C,0,30,Shirley
Nature,I,0,30,Shirley
Nature,A,0,30,Shirley
Nature,DC,0,30,Shirley
Nature,DN,0,30,Shirley
Pearson,N,0,30,Shirley
Pearson,C,0,30,Shirley
Pearson,I,0,30,Shirley
Pearson,A,0,30,Shirley
Pearson,DC,0,30,Shirley
Pearson,DN,0,30,Shirley
Peg Woffington.= CHARLES READE,N,0,30,Shirley
Peg Woffington.= CHARLES READE,C,0,30,Shirley
Peg Woffington.= CHARLES READE,I,0,30,Shirley
Peg Woffington.= CHARLES READE,A,0,30,Shirley
Peg Woffington.= CHARLES READE,DC,0,30,Shirley
Peg Woffington.= CHARLES READE,DN,0,30,Shirley
Peter,N,0,30,Shirley
Peter,C,0,30,Shirley
Peter,I,0,30,Shirley
Peter,A,0,30,Shirley
Peter,DC,0,30,Shirley
Peter,DN,0,30,Shirley
Phœbe,N,0,30,Shirley
Phœbe,C,0,30,Shirley
Phœbe,I,0,30,Shirley
Phœbe,A,0,30,Shirley
Phœbe,DC,0,30,Shirley
Phœbe,DN,0,30,Shirley
Providence,N,0,30,Shirley
Providence,C,0,30,Shirley
Providence,I,0,30,Shirley
Providence,A,0,30,Shirley
Providence,DC,0,30,Shirley
Providence,DN,0,30,Shirley
Robert,N,21,30,Shirley
Robert,C,2,30,Shirley
Robert,I,18,30,Shirley
Robert,A,22,30,Shirley
Robert,DC,13,30,Shirley
Robert,DN,2,30,Shirley
Rose,N,0,30,Shirley
Rose,C,0,30,Shirley
Rose,I,0,30,Shirley
Rose,A,0,30,Shirley
Rose,DC,0,30,Shirley
Rose,DN,0,30,Shirley
Sarah,N,0,30,Shirley
Sarah,C,0,30,Shirley
Sarah,I,0,30,Shirley
Sarah,A,0,30,Shirley
Sarah,DC,0,30,Shirley
Sarah,DN,0,30,Shirley
Saturnia,N,0,30,Shirley
Saturnia,C,0,30,Shirley
Saturnia,I,0,30,Shirley
Saturnia,A,0,30,Shirley
Saturnia,DC,0,30,Shirley
Saturnia,DN,0,30,Shirley
Shakespeare,N,0,30,Shirley
Shakespeare,C,0,30,Shirley
Shakespeare,I,0,30,Shirley
Shakespeare,A,0,30,Shirley
Shakespeare,DC,0,30,Shirley
Shakespeare,DN,0,30,Shirley
Shirley,N,3,30,Shirley
Shirley,C,1,30,Shirley
Shirley,I,1,30,Shirley
Shirley,A,2,30,Shirley
Shirley,DC,6,30,Shirley
Shirley,DN,0,30,Shirley
Sir Philip,N,2,30,Shirley
Sir Philip,C,0,30,Shirley
Sir Philip,I,0,30,Shirley
Sir Philip,A,0,30,Shirley
Sir Philip,DC,2,30,Shirley
Sir Philip,DN,0,30,Shirley
Sir Walter Scott,N,0,30,Shirley
Sir Walter Scott,C,0,30,Shirley
Sir Walter Scott,I,0,30,Shirley
Sir Walter Scott,A,0,30,Shirley
Sir Walter Scott,DC,0,30,Shirley
Sir Walter Scott,DN,0,30,Shirley
Sister,N,0,30,Shirley
Sister,C,0,30,Shirley
Sister,I,0,30,Shirley
Sister,A,0,30,Shirley
Sister,DC,0,30,Shirley
Sister,DN,0,30,Shirley
St. Paul,N,0,30,Shirley
St. Paul,C,0,30,Shirley
St. Paul,I,0,30,Shirley
St. Paul,A,0,30,Shirley
St. Paul,DC,0,30,Shirley
St. Paul,DN,0,30,Shirley
Stilbro,N,1,30,Shirley
Stilbro,C,0,30,Shirley
Stilbro,I,0,30,Shirley
Stilbro,A,0,30,Shirley
Stilbro,DC,0,30,Shirley
Stilbro,DN,0,30,Shirley
Sudgen,N,0,30,Shirley
Sudgen,C,0,30,Shirley
Sudgen,I,0,30,Shirley
Sudgen,A,0,30,Shirley
Sudgen,DC,0,30,Shirley
Sudgen,DN,0,30,Shirley
Sugden,N,0,30,Shirley
Sugden,C,0,30,Shirley
Sugden,I,0,30,Shirley
Sugden,A,0,30,Shirley
Sugden,DC,0,30,Shirley
Sugden,DN,0,30,Shirley
Sweeting,N,0,30,Shirley
Sweeting,C,0,30,Shirley
Sweeting,I,0,30,Shirley
Sweeting,A,0,30,Shirley
Sweeting,DC,0,30,Shirley
Sweeting,DN,0,30,Shirley
Tartar,N,0,30,Shirley
Tartar,C,0,30,Shirley
Tartar,I,0,30,Shirley
Tartar,A,0,30,Shirley
Tartar,DC,0,30,Shirley
Tartar,DN,0,30,Shirley
The Cossack,N,0,30,Shirley
The Cossack,C,0,30,Shirley
The Cossack,I,0,30,Shirley
The Cossack,A,0,30,Shirley
The Cossack,DC,0,30,Shirley
The Cossack,DN,0,30,Shirley
These Oreads,N,0,30,Shirley
These Oreads,C,0,30,Shirley
These Oreads,I,0,30,Shirley
These Oreads,A,0,30,Shirley
These Oreads,DC,0,30,Shirley
These Oreads,DN,0,30,Shirley
Tom Cringle,N,0,30,Shirley
Tom Cringle,C,0,30,Shirley
Tom Cringle,I,0,30,Shirley
Tom Cringle,A,0,30,Shirley
Tom Cringle,DC,0,30,Shirley
Tom Cringle,DN,0,30,Shirley
Uncle,N,0,30,Shirley
Uncle,C,0,30,Shirley
Uncle,I,0,30,Shirley
Uncle,A,0,30,Shirley
Uncle,DC,0,30,Shirley
Uncle,DN,0,30,Shirley
VICTOR HUGO,N,0,30,Shirley
VICTOR HUGO,C,0,30,Shirley
VICTOR HUGO,I,0,30,Shirley
VICTOR HUGO,A,0,30,Shirley
VICTOR HUGO,DC,0,30,Shirley
VICTOR HUGO,DN,0,30,Shirley
Whinbury,N,1,30,Shirley
Whinbury,C,0,30,Shirley
Whinbury,I,0,30,Shirley
Whinbury,A,1,30,Shirley
Whinbury,DC,0,30,Shirley
Whinbury,DN,0,30,Shirley
William,N,0,30,Shirley
William,C,0,30,Shirley
William,I,0,30,Shirley
William,A,0,30,Shirley
William,DC,0,30,Shirley
William,DN,0,30,Shirley
mademoiselle,N,0,30,Shirley
mademoiselle,C,0,30,Shirley
mademoiselle,I,0,30,Shirley
mademoiselle,A,0,30,Shirley
mademoiselle,DC,0,30,Shirley
mademoiselle,DN,0,30,Shirley
old Lady Nunnely,N,0,30,Shirley
old Lady Nunnely,C,0,30,Shirley
old Lady Nunnely,I,0,30,Shirley
old Lady Nunnely,A,0,30,Shirley
old Lady Nunnely,DC,0,30,Shirley
old Lady Nunnely,DN,0,30,Shirley
old Queen Charlotte,N,0,30,Shirley
old Queen Charlotte,C,0,30,Shirley
old Queen Charlotte,I,0,30,Shirley
old Queen Charlotte,A,0,30,Shirley
old Queen Charlotte,DC,0,30,Shirley
old Queen Charlotte,DN,0,30,Shirley
the Misses Sykes,N,0,30,Shirley
the Misses Sykes,C,0,30,Shirley
the Misses Sykes,I,0,30,Shirley
the Misses Sykes,A,0,30,Shirley
the Misses Sykes,DC,0,30,Shirley
the Misses Sykes,DN,0,30,Shirley
the Misses Sympson,N,0,30,Shirley
the Misses Sympson,C,0,30,Shirley
the Misses Sympson,I,0,30,Shirley
the Misses Sympson,A,0,30,Shirley
the Misses Sympson,DC,0,30,Shirley
the Misses Sympson,DN,0,30,Shirley
the Moores,N,0,30,Shirley
the Moores,C,0,30,Shirley
the Moores,I,0,30,Shirley
the Moores,A,0,30,Shirley
the Moores,DC,0,30,Shirley
the Moores,DN,0,30,Shirley
the Sympsons,N,0,30,Shirley
the Sympsons,C,0,30,Shirley
the Sympsons,I,0,30,Shirley
the Sympsons,A,0,30,Shirley
the Sympsons,DC,0,30,Shirley
the Sympsons,DN,0,30,Shirley
Abraham,N,0,31,Shirley
Abraham,C,0,31,Shirley
Abraham,I,0,31,Shirley
Abraham,A,0,31,Shirley
Abraham,DC,0,31,Shirley
Abraham,DN,0,31,Shirley
Adam,N,0,31,Shirley
Adam,C,0,31,Shirley
Adam,I,0,31,Shirley
Adam,A,0,31,Shirley
Adam,DC,0,31,Shirley
Adam,DN,0,31,Shirley
Bob,N,0,31,Shirley
Bob,C,0,31,Shirley
Bob,I,0,31,Shirley
Bob,A,0,31,Shirley
Bob,DC,0,31,Shirley
Bob,DN,0,31,Shirley
Bonaparte,N,0,31,Shirley
Bonaparte,C,0,31,Shirley
Bonaparte,I,0,31,Shirley
Bonaparte,A,0,31,Shirley
Bonaparte,DC,0,31,Shirley
Bonaparte,DN,0,31,Shirley
Boultby,N,0,31,Shirley
Boultby,C,0,31,Shirley
Boultby,I,0,31,Shirley
Boultby,A,0,31,Shirley
Boultby,DC,0,31,Shirley
Boultby,DN,0,31,Shirley
Briarmains,N,2,31,Shirley
Briarmains,C,0,31,Shirley
Briarmains,I,0,31,Shirley
Briarmains,A,0,31,Shirley
Briarmains,DC,1,31,Shirley
Briarmains,DN,0,31,Shirley
CHARLES DICKENS,N,0,31,Shirley
CHARLES DICKENS,C,0,31,Shirley
CHARLES DICKENS,I,0,31,Shirley
CHARLES DICKENS,A,0,31,Shirley
CHARLES DICKENS,DC,0,31,Shirley
CHARLES DICKENS,DN,0,31,Shirley
Captain Keeldar,N,0,31,Shirley
Captain Keeldar,C,0,31,Shirley
Captain Keeldar,I,0,31,Shirley
Captain Keeldar,A,0,31,Shirley
Captain Keeldar,DC,0,31,Shirley
Captain Keeldar,DN,0,31,Shirley
Caroline,N,2,31,Shirley
Caroline,C,0,31,Shirley
Caroline,I,1,31,Shirley
Caroline,A,0,31,Shirley
Caroline,DC,3,31,Shirley
Caroline,DN,0,31,Shirley
"Caroline--""She",N,0,31,Shirley
"Caroline--""She",C,0,31,Shirley
"Caroline--""She",I,0,31,Shirley
"Caroline--""She",A,0,31,Shirley
"Caroline--""She",DC,0,31,Shirley
"Caroline--""She",DN,0,31,Shirley
Cary,N,0,31,Shirley
Cary,C,0,31,Shirley
Cary,I,0,31,Shirley
Cary,A,0,31,Shirley
Cary,DC,0,31,Shirley
Cary,DN,0,31,Shirley
Castlereagh,N,0,31,Shirley
Castlereagh,C,0,31,Shirley
Castlereagh,I,0,31,Shirley
Castlereagh,A,0,31,Shirley
Castlereagh,DC,0,31,Shirley
Castlereagh,DN,0,31,Shirley
Chénier,N,0,31,Shirley
Chénier,C,0,31,Shirley
Chénier,I,0,31,Shirley
Chénier,A,0,31,Shirley
Chénier,DC,0,31,Shirley
Chénier,DN,0,31,Shirley
Coriolanus,N,0,31,Shirley
Coriolanus,C,0,31,Shirley
Coriolanus,I,0,31,Shirley
Coriolanus,A,0,31,Shirley
Coriolanus,DC,0,31,Shirley
Coriolanus,DN,0,31,Shirley
Cowper,N,0,31,Shirley
Cowper,C,0,31,Shirley
Cowper,I,0,31,Shirley
Cowper,A,0,31,Shirley
Cowper,DC,0,31,Shirley
Cowper,DN,0,31,Shirley
Cyril Hall,N,0,31,Shirley
Cyril Hall,C,0,31,Shirley
Cyril Hall,I,0,31,Shirley
Cyril Hall,A,0,31,Shirley
Cyril Hall,DC,0,31,Shirley
Cyril Hall,DN,0,31,Shirley
Daniel,N,2,31,Shirley
Daniel,C,0,31,Shirley
Daniel,I,0,31,Shirley
Daniel,A,1,31,Shirley
Daniel,DC,0,31,Shirley
Daniel,DN,0,31,Shirley
Davy,N,0,31,Shirley
Davy,C,0,31,Shirley
Davy,I,0,31,Shirley
Davy,A,0,31,Shirley
Davy,DC,0,31,Shirley
Davy,DN,0,31,Shirley
Donne,N,0,31,Shirley
Donne,C,0,31,Shirley
Donne,I,0,31,Shirley
Donne,A,0,31,Shirley
Donne,DC,0,31,Shirley
Donne,DN,0,31,Shirley
Dora,N,0,31,Shirley
Dora,C,0,31,Shirley
Dora,I,0,31,Shirley
Dora,A,0,31,Shirley
Dora,DC,0,31,Shirley
Dora,DN,0,31,Shirley
Dr. Boultby,N,0,31,Shirley
Dr. Boultby,C,0,31,Shirley
Dr. Boultby,I,0,31,Shirley
Dr. Boultby,A,0,31,Shirley
Dr. Boultby,DC,0,31,Shirley
Dr. Boultby,DN,0,31,Shirley
Eliza,N,0,31,Shirley
Eliza,C,0,31,Shirley
Eliza,I,0,31,Shirley
Eliza,A,0,31,Shirley
Eliza,DC,0,31,Shirley
Eliza,DN,0,31,Shirley
Eva,N,0,31,Shirley
Eva,C,0,31,Shirley
Eva,I,0,31,Shirley
Eva,A,0,31,Shirley
Eva,DC,0,31,Shirley
Eva,DN,0,31,Shirley
Eve,N,0,31,Shirley
Eve,C,0,31,Shirley
Eve,I,0,31,Shirley
Eve,A,0,31,Shirley
Eve,DC,0,31,Shirley
Eve,DN,0,31,Shirley
Fanny,N,0,31,Shirley
Fanny,C,0,31,Shirley
Fanny,I,0,31,Shirley
Fanny,A,0,31,Shirley
Fanny,DC,0,31,Shirley
Fanny,DN,0,31,Shirley
Farrens,N,0,31,Shirley
Farrens,C,0,31,Shirley
Farrens,I,0,31,Shirley
Farrens,A,0,31,Shirley
Farrens,DC,0,31,Shirley
Farrens,DN,0,31,Shirley
Fieldhead,N,0,31,Shirley
Fieldhead,C,0,31,Shirley
Fieldhead,I,0,31,Shirley
Fieldhead,A,0,31,Shirley
Fieldhead,DC,0,31,Shirley
Fieldhead,DN,0,31,Shirley
Fortune,N,0,31,Shirley
Fortune,C,0,31,Shirley
Fortune,I,0,31,Shirley
Fortune,A,0,31,Shirley
Fortune,DC,0,31,Shirley
Fortune,DN,0,31,Shirley
God,N,1,31,Shirley
God,C,0,31,Shirley
God,I,0,31,Shirley
God,A,0,31,Shirley
God,DC,1,31,Shirley
God,DN,0,31,Shirley
Grace,N,0,31,Shirley
Grace,C,0,31,Shirley
Grace,I,0,31,Shirley
Grace,A,0,31,Shirley
Grace,DC,0,31,Shirley
Grace,DN,0,31,Shirley
Hannah,N,0,31,Shirley
Hannah,C,0,31,Shirley
Hannah,I,0,31,Shirley
Hannah,A,0,31,Shirley
Hannah,DC,0,31,Shirley
Hannah,DN,0,31,Shirley
Harriet,N,0,31,Shirley
Harriet,C,0,31,Shirley
Harriet,I,0,31,Shirley
Harriet,A,0,31,Shirley
Harriet,DC,0,31,Shirley
Harriet,DN,0,31,Shirley
Helstone,N,0,31,Shirley
Helstone,C,0,31,Shirley
Helstone,I,0,31,Shirley
Helstone,A,0,31,Shirley
Helstone,DC,0,31,Shirley
Helstone,DN,0,31,Shirley
Henry,N,4,31,Shirley
Henry,C,0,31,Shirley
Henry,I,0,31,Shirley
Henry,A,0,31,Shirley
Henry,DC,2,31,Shirley
Henry,DN,0,31,Shirley
Hiram Yorke,N,0,31,Shirley
Hiram Yorke,C,0,31,Shirley
Hiram Yorke,I,0,31,Shirley
Hiram Yorke,A,0,31,Shirley
Hiram Yorke,DC,0,31,Shirley
Hiram Yorke,DN,0,31,Shirley
Hollow,N,0,31,Shirley
Hollow,C,0,31,Shirley
Hollow,I,0,31,Shirley
Hollow,A,0,31,Shirley
Hollow,DC,0,31,Shirley
Hollow,DN,0,31,Shirley
Hortense,N,0,31,Shirley
Hortense,C,0,31,Shirley
Hortense,I,0,31,Shirley
Hortense,A,0,31,Shirley
Hortense,DC,0,31,Shirley
Hortense,DN,0,31,Shirley
Isabella,N,1,31,Shirley
Isabella,C,0,31,Shirley
Isabella,I,0,31,Shirley
Isabella,A,0,31,Shirley
Isabella,DC,1,31,Shirley
Isabella,DN,0,31,Shirley
James,N,0,31,Shirley
James,C,0,31,Shirley
James,I,0,31,Shirley
James,A,0,31,Shirley
James,DC,0,31,Shirley
James,DN,0,31,Shirley
Jessy,N,0,31,Shirley
Jessy,C,0,31,Shirley
Jessy,I,0,31,Shirley
Jessy,A,0,31,Shirley
Jessy,DC,0,31,Shirley
Jessy,DN,0,31,Shirley
Joe,N,0,31,Shirley
Joe,C,0,31,Shirley
Joe,I,0,31,Shirley
Joe,A,0,31,Shirley
Joe,DC,0,31,Shirley
Joe,DN,0,31,Shirley
John,N,0,31,Shirley
John,C,0,31,Shirley
John,I,0,31,Shirley
John,A,0,31,Shirley
John,DC,0,31,Shirley
John,DN,0,31,Shirley
John Wesley,N,0,31,Shirley
John Wesley,C,0,31,Shirley
John Wesley,I,0,31,Shirley
John Wesley,A,0,31,Shirley
John Wesley,DC,0,31,Shirley
John Wesley,DN,0,31,Shirley
Lamb,N,0,31,Shirley
Lamb,C,0,31,Shirley
Lamb,I,0,31,Shirley
Lamb,A,0,31,Shirley
Lamb,DC,0,31,Shirley
Lamb,DN,0,31,Shirley
Lina,N,0,31,Shirley
Lina,C,0,31,Shirley
Lina,I,0,31,Shirley
Lina,A,0,31,Shirley
Lina,DC,0,31,Shirley
Lina,DN,0,31,Shirley
Lord Wellington,N,1,31,Shirley
Lord Wellington,C,0,31,Shirley
Lord Wellington,I,0,31,Shirley
Lord Wellington,A,0,31,Shirley
Lord Wellington,DC,1,31,Shirley
Lord Wellington,DN,0,31,Shirley
Louis,N,0,31,Shirley
Louis,C,0,31,Shirley
Louis,I,0,31,Shirley
Louis,A,0,31,Shirley
Louis,DC,0,31,Shirley
Louis,DN,0,31,Shirley
Lucretia,N,0,31,Shirley
Lucretia,C,0,31,Shirley
Lucretia,I,0,31,Shirley
Lucretia,A,0,31,Shirley
Lucretia,DC,0,31,Shirley
Lucretia,DN,0,31,Shirley
MATTERS,N,0,31,Shirley
MATTERS,C,0,31,Shirley
MATTERS,I,0,31,Shirley
MATTERS,A,0,31,Shirley
MATTERS,DC,0,31,Shirley
MATTERS,DN,0,31,Shirley
MacTurk,N,0,31,Shirley
MacTurk,C,0,31,Shirley
MacTurk,I,0,31,Shirley
MacTurk,A,0,31,Shirley
MacTurk,DC,0,31,Shirley
MacTurk,DN,0,31,Shirley
Malone,N,0,31,Shirley
Malone,C,0,31,Shirley
Malone,I,0,31,Shirley
Malone,A,0,31,Shirley
Malone,DC,0,31,Shirley
Malone,DN,0,31,Shirley
Malone.--I,N,0,31,Shirley
Malone.--I,C,0,31,Shirley
Malone.--I,I,0,31,Shirley
Malone.--I,A,0,31,Shirley
Malone.--I,DC,0,31,Shirley
Malone.--I,DN,0,31,Shirley
Mamma,N,0,31,Shirley
Mamma,C,0,31,Shirley
Mamma,I,0,31,Shirley
Mamma,A,0,31,Shirley
Mamma,DC,0,31,Shirley
Mamma,DN,0,31,Shirley
Margaret,N,0,31,Shirley
Margaret,C,0,31,Shirley
Margaret,I,0,31,Shirley
Margaret,A,0,31,Shirley
Margaret,DC,0,31,Shirley
Margaret,DN,0,31,Shirley
Mark,N,0,31,Shirley
Mark,C,0,31,Shirley
Mark,I,0,31,Shirley
Mark,A,0,31,Shirley
Mark,DC,0,31,Shirley
Mark,DN,0,31,Shirley
Martin,N,0,31,Shirley
Martin,C,0,31,Shirley
Martin,I,0,31,Shirley
Martin,A,0,31,Shirley
Martin,DC,0,31,Shirley
Martin,DN,0,31,Shirley
Mary,N,0,31,Shirley
Mary,C,0,31,Shirley
Mary,I,0,31,Shirley
Mary,A,0,31,Shirley
Mary,DC,0,31,Shirley
Mary,DN,0,31,Shirley
Mary Ann Ainley,N,0,31,Shirley
Mary Ann Ainley,C,0,31,Shirley
Mary Ann Ainley,I,0,31,Shirley
Mary Ann Ainley,A,0,31,Shirley
Mary Ann Ainley,DC,0,31,Shirley
Mary Ann Ainley,DN,0,31,Shirley
Matthew,N,0,31,Shirley
Matthew,C,0,31,Shirley
Matthew,I,0,31,Shirley
Matthew,A,0,31,Shirley
Matthew,DC,0,31,Shirley
Matthew,DN,0,31,Shirley
Matthewson Helstone,N,0,31,Shirley
Matthewson Helstone,C,0,31,Shirley
Matthewson Helstone,I,0,31,Shirley
Matthewson Helstone,A,0,31,Shirley
Matthewson Helstone,DC,0,31,Shirley
Matthewson Helstone,DN,0,31,Shirley
Mike,N,0,31,Shirley
Mike,C,0,31,Shirley
Mike,I,0,31,Shirley
Mike,A,0,31,Shirley
Mike,DC,0,31,Shirley
Mike,DN,0,31,Shirley
Miss Ainley,N,0,31,Shirley
Miss Ainley,C,0,31,Shirley
Miss Ainley,I,0,31,Shirley
Miss Ainley,A,0,31,Shirley
Miss Ainley,DC,0,31,Shirley
Miss Ainley,DN,0,31,Shirley
Miss Austen,N,0,31,Shirley
Miss Austen,C,0,31,Shirley
Miss Austen,I,0,31,Shirley
Miss Austen,A,0,31,Shirley
Miss Austen,DC,0,31,Shirley
Miss Austen,DN,0,31,Shirley
Miss Cave,N,0,31,Shirley
Miss Cave,C,0,31,Shirley
Miss Cave,I,0,31,Shirley
Miss Cave,A,0,31,Shirley
Miss Cave,DC,0,31,Shirley
Miss Cave,DN,0,31,Shirley
Miss Grey,N,0,31,Shirley
Miss Grey,C,0,31,Shirley
Miss Grey,I,0,31,Shirley
Miss Grey,A,0,31,Shirley
Miss Grey,DC,0,31,Shirley
Miss Grey,DN,0,31,Shirley
Miss Hardman,N,0,31,Shirley
Miss Hardman,C,0,31,Shirley
Miss Hardman,I,0,31,Shirley
Miss Hardman,A,0,31,Shirley
Miss Hardman,DC,0,31,Shirley
Miss Hardman,DN,0,31,Shirley
Miss Mann,N,0,31,Shirley
Miss Mann,C,0,31,Shirley
Miss Mann,I,0,31,Shirley
Miss Mann,A,0,31,Shirley
Miss Mann,DC,0,31,Shirley
Miss Mann,DN,0,31,Shirley
Miss Mary,N,0,31,Shirley
Miss Mary,C,0,31,Shirley
Miss Mary,I,0,31,Shirley
Miss Mary,A,0,31,Shirley
Miss Mary,DC,0,31,Shirley
Miss Mary,DN,0,31,Shirley
Miss Moore,N,0,31,Shirley
Miss Moore,C,0,31,Shirley
Miss Moore,I,0,31,Shirley
Miss Moore,A,0,31,Shirley
Miss Moore,DC,0,31,Shirley
Miss Moore,DN,0,31,Shirley
Miss Pearson,N,0,31,Shirley
Miss Pearson,C,0,31,Shirley
Miss Pearson,I,0,31,Shirley
Miss Pearson,A,0,31,Shirley
Miss Pearson,DC,0,31,Shirley
Miss Pearson,DN,0,31,Shirley
Moore,N,0,31,Shirley
Moore,C,0,31,Shirley
Moore,I,0,31,Shirley
Moore,A,0,31,Shirley
Moore,DC,0,31,Shirley
Moore,DN,0,31,Shirley
Moses,N,0,31,Shirley
Moses,C,0,31,Shirley
Moses,I,0,31,Shirley
Moses,A,0,31,Shirley
Moses,DC,0,31,Shirley
Moses,DN,0,31,Shirley
Mother,N,0,31,Shirley
Mother,C,0,31,Shirley
Mother,I,0,31,Shirley
Mother,A,0,31,Shirley
Mother,DC,0,31,Shirley
Mother,DN,0,31,Shirley
Mr. Barraclough,N,0,31,Shirley
Mr. Barraclough,C,0,31,Shirley
Mr. Barraclough,I,0,31,Shirley
Mr. Barraclough,A,0,31,Shirley
Mr. Barraclough,DC,0,31,Shirley
Mr. Barraclough,DN,0,31,Shirley
Mr. Gale,N,0,31,Shirley
Mr. Gale,C,0,31,Shirley
Mr. Gale,I,0,31,Shirley
Mr. Gale,A,0,31,Shirley
Mr. Gale,DC,0,31,Shirley
Mr. Gale,DN,0,31,Shirley
Mr. Hall,N,0,31,Shirley
Mr. Hall,C,0,31,Shirley
Mr. Hall,I,0,31,Shirley
Mr. Hall,A,0,31,Shirley
Mr. Hall,DC,0,31,Shirley
Mr. Hall,DN,0,31,Shirley
Mr. Helstone,N,2,31,Shirley
Mr. Helstone,C,0,31,Shirley
Mr. Helstone,I,0,31,Shirley
Mr. Helstone,A,0,31,Shirley
Mr. Helstone,DC,2,31,Shirley
Mr. Helstone,DN,0,31,Shirley
Mr. Moore,N,10,31,Shirley
Mr. Moore,C,17,31,Shirley
Mr. Moore,I,6,31,Shirley
Mr. Moore,A,6,31,Shirley
Mr. Moore,DC,3,31,Shirley
Mr. Moore,DN,0,31,Shirley
Mr. Moore----,N,0,31,Shirley
Mr. Moore----,C,0,31,Shirley
Mr. Moore----,I,0,31,Shirley
Mr. Moore----,A,0,31,Shirley
Mr. Moore----,DC,0,31,Shirley
Mr. Moore----,DN,0,31,Shirley
Mr. Ramsden,N,0,31,Shirley
Mr. Ramsden,C,0,31,Shirley
Mr. Ramsden,I,0,31,Shirley
Mr. Ramsden,A,0,31,Shirley
Mr. Ramsden,DC,0,31,Shirley
Mr. Ramsden,DN,0,31,Shirley
Mr. Sykes,N,0,31,Shirley
Mr. Sykes,C,0,31,Shirley
Mr. Sykes,I,0,31,Shirley
Mr. Sykes,A,0,31,Shirley
Mr. Sykes,DC,0,31,Shirley
Mr. Sykes,DN,0,31,Shirley
Mr. Sympson,N,21,31,Shirley
Mr. Sympson,C,34,31,Shirley
Mr. Sympson,I,20,31,Shirley
Mr. Sympson,A,25,31,Shirley
Mr. Sympson,DC,6,31,Shirley
Mr. Sympson,DN,3,31,Shirley
Mr. Wynne,N,1,31,Shirley
Mr. Wynne,C,0,31,Shirley
Mr. Wynne,I,0,31,Shirley
Mr. Wynne,A,1,31,Shirley
Mr. Wynne,DC,1,31,Shirley
Mr. Wynne,DN,0,31,Shirley
Mr. Yorke,N,3,31,Shirley
Mr. Yorke,C,3,31,Shirley
Mr. Yorke,I,2,31,Shirley
Mr. Yorke,A,3,31,Shirley
Mr. Yorke,DC,2,31,Shirley
Mr. Yorke,DN,0,31,Shirley
Mrs. Gale,N,0,31,Shirley
Mrs. Gale,C,0,31,Shirley
Mrs. Gale,I,0,31,Shirley
Mrs. Gale,A,0,31,Shirley
Mrs. Gale,DC,0,31,Shirley
Mrs. Gale,DN,0,31,Shirley
Mrs. Gill,N,0,31,Shirley
Mrs. Gill,C,0,31,Shirley
Mrs. Gill,I,0,31,Shirley
Mrs. Gill,A,0,31,Shirley
Mrs. Gill,DC,0,31,Shirley
Mrs. Gill,DN,0,31,Shirley
Mrs. Hardman,N,0,31,Shirley
Mrs. Hardman,C,0,31,Shirley
Mrs. Hardman,I,0,31,Shirley
Mrs. Hardman,A,0,31,Shirley
Mrs. Hardman,DC,0,31,Shirley
Mrs. Hardman,DN,0,31,Shirley
Mrs. Horsfall,N,0,31,Shirley
Mrs. Horsfall,C,0,31,Shirley
Mrs. Horsfall,I,0,31,Shirley
Mrs. Horsfall,A,0,31,Shirley
Mrs. Horsfall,DC,0,31,Shirley
Mrs. Horsfall,DN,0,31,Shirley
Mrs. Louis,N,0,31,Shirley
Mrs. Louis,C,0,31,Shirley
Mrs. Louis,I,0,31,Shirley
Mrs. Louis,A,0,31,Shirley
Mrs. Louis,DC,0,31,Shirley
Mrs. Louis,DN,0,31,Shirley
Mrs. Pryor,N,0,31,Shirley
Mrs. Pryor,C,0,31,Shirley
Mrs. Pryor,I,0,31,Shirley
Mrs. Pryor,A,0,31,Shirley
Mrs. Pryor,DC,0,31,Shirley
Mrs. Pryor,DN,0,31,Shirley
Mrs. Sykes,N,0,31,Shirley
Mrs. Sykes,C,0,31,Shirley
Mrs. Sykes,I,0,31,Shirley
Mrs. Sykes,A,0,31,Shirley
Mrs. Sykes,DC,0,31,Shirley
Mrs. Sykes,DN,0,31,Shirley
Mrs. Yorke,N,0,31,Shirley
Mrs. Yorke,C,0,31,Shirley
Mrs. Yorke,I,0,31,Shirley
Mrs. Yorke,A,0,31,Shirley
Mrs. Yorke,DC,0,31,Shirley
Mrs. Yorke,DN,0,31,Shirley
Murgatroyd,N,0,31,Shirley
Murgatroyd,C,0,31,Shirley
Murgatroyd,I,0,31,Shirley
Murgatroyd,A,0,31,Shirley
Murgatroyd,DC,0,31,Shirley
Murgatroyd,DN,0,31,Shirley
Napoleon,N,0,31,Shirley
Napoleon,C,0,31,Shirley
Napoleon,I,0,31,Shirley
Napoleon,A,0,31,Shirley
Napoleon,DC,0,31,Shirley
Napoleon,DN,0,31,Shirley
Nature,N,0,31,Shirley
Nature,C,0,31,Shirley
Nature,I,0,31,Shirley
Nature,A,0,31,Shirley
Nature,DC,0,31,Shirley
Nature,DN,0,31,Shirley
Pearson,N,0,31,Shirley
Pearson,C,0,31,Shirley
Pearson,I,0,31,Shirley
Pearson,A,0,31,Shirley
Pearson,DC,0,31,Shirley
Pearson,DN,0,31,Shirley
Peg Woffington.= CHARLES READE,N,0,31,Shirley
Peg Woffington.= CHARLES READE,C,0,31,Shirley
Peg Woffington.= CHARLES READE,I,0,31,Shirley
Peg Woffington.= CHARLES READE,A,0,31,Shirley
Peg Woffington.= CHARLES READE,DC,0,31,Shirley
Peg Woffington.= CHARLES READE,DN,0,31,Shirley
Peter,N,0,31,Shirley
Peter,C,0,31,Shirley
Peter,I,0,31,Shirley
Peter,A,0,31,Shirley
Peter,DC,0,31,Shirley
Peter,DN,0,31,Shirley
Phœbe,N,0,31,Shirley
Phœbe,C,0,31,Shirley
Phœbe,I,0,31,Shirley
Phœbe,A,0,31,Shirley
Phœbe,DC,0,31,Shirley
Phœbe,DN,0,31,Shirley
Providence,N,0,31,Shirley
Providence,C,0,31,Shirley
Providence,I,0,31,Shirley
Providence,A,0,31,Shirley
Providence,DC,0,31,Shirley
Providence,DN,0,31,Shirley
Robert,N,5,31,Shirley
Robert,C,0,31,Shirley
Robert,I,0,31,Shirley
Robert,A,4,31,Shirley
Robert,DC,6,31,Shirley
Robert,DN,0,31,Shirley
Rose,N,0,31,Shirley
Rose,C,0,31,Shirley
Rose,I,0,31,Shirley
Rose,A,0,31,Shirley
Rose,DC,0,31,Shirley
Rose,DN,0,31,Shirley
Sarah,N,0,31,Shirley
Sarah,C,0,31,Shirley
Sarah,I,0,31,Shirley
Sarah,A,0,31,Shirley
Sarah,DC,0,31,Shirley
Sarah,DN,0,31,Shirley
Saturnia,N,0,31,Shirley
Saturnia,C,0,31,Shirley
Saturnia,I,0,31,Shirley
Saturnia,A,0,31,Shirley
Saturnia,DC,0,31,Shirley
Saturnia,DN,0,31,Shirley
Shakespeare,N,0,31,Shirley
Shakespeare,C,0,31,Shirley
Shakespeare,I,0,31,Shirley
Shakespeare,A,0,31,Shirley
Shakespeare,DC,0,31,Shirley
Shakespeare,DN,0,31,Shirley
Shirley,N,38,31,Shirley
Shirley,C,162,31,Shirley
Shirley,I,57,31,Shirley
Shirley,A,63,31,Shirley
Shirley,DC,11,31,Shirley
Shirley,DN,1,31,Shirley
Sir Philip,N,19,31,Shirley
Sir Philip,C,0,31,Shirley
Sir Philip,I,3,31,Shirley
Sir Philip,A,10,31,Shirley
Sir Philip,DC,36,31,Shirley
Sir Philip,DN,1,31,Shirley
Sir Walter Scott,N,0,31,Shirley
Sir Walter Scott,C,0,31,Shirley
Sir Walter Scott,I,0,31,Shirley
Sir Walter Scott,A,0,31,Shirley
Sir Walter Scott,DC,0,31,Shirley
Sir Walter Scott,DN,0,31,Shirley
Sister,N,0,31,Shirley
Sister,C,0,31,Shirley
Sister,I,0,31,Shirley
Sister,A,0,31,Shirley
Sister,DC,0,31,Shirley
Sister,DN,0,31,Shirley
St. Paul,N,0,31,Shirley
St. Paul,C,0,31,Shirley
St. Paul,I,0,31,Shirley
St. Paul,A,0,31,Shirley
St. Paul,DC,0,31,Shirley
St. Paul,DN,0,31,Shirley
Stilbro,N,0,31,Shirley
Stilbro,C,0,31,Shirley
Stilbro,I,0,31,Shirley
Stilbro,A,0,31,Shirley
Stilbro,DC,0,31,Shirley
Stilbro,DN,0,31,Shirley
Sudgen,N,0,31,Shirley
Sudgen,C,0,31,Shirley
Sudgen,I,0,31,Shirley
Sudgen,A,0,31,Shirley
Sudgen,DC,0,31,Shirley
Sudgen,DN,0,31,Shirley
Sugden,N,0,31,Shirley
Sugden,C,0,31,Shirley
Sugden,I,0,31,Shirley
Sugden,A,0,31,Shirley
Sugden,DC,0,31,Shirley
Sugden,DN,0,31,Shirley
Sweeting,N,0,31,Shirley
Sweeting,C,0,31,Shirley
Sweeting,I,0,31,Shirley
Sweeting,A,0,31,Shirley
Sweeting,DC,0,31,Shirley
Sweeting,DN,0,31,Shirley
Tartar,N,1,31,Shirley
Tartar,C,0,31,Shirley
Tartar,I,0,31,Shirley
Tartar,A,1,31,Shirley
Tartar,DC,0,31,Shirley
Tartar,DN,0,31,Shirley
The Cossack,N,0,31,Shirley
The Cossack,C,0,31,Shirley
The Cossack,I,0,31,Shirley
The Cossack,A,0,31,Shirley
The Cossack,DC,0,31,Shirley
The Cossack,DN,0,31,Shirley
These Oreads,N,0,31,Shirley
These Oreads,C,0,31,Shirley
These Oreads,I,0,31,Shirley
These Oreads,A,0,31,Shirley
These Oreads,DC,0,31,Shirley
These Oreads,DN,0,31,Shirley
Tom Cringle,N,0,31,Shirley
Tom Cringle,C,0,31,Shirley
Tom Cringle,I,0,31,Shirley
Tom Cringle,A,0,31,Shirley
Tom Cringle,DC,0,31,Shirley
Tom Cringle,DN,0,31,Shirley
Uncle,N,1,31,Shirley
Uncle,C,0,31,Shirley
Uncle,I,7,31,Shirley
Uncle,A,5,31,Shirley
Uncle,DC,16,31,Shirley
Uncle,DN,0,31,Shirley
VICTOR HUGO,N,0,31,Shirley
VICTOR HUGO,C,0,31,Shirley
VICTOR HUGO,I,0,31,Shirley
VICTOR HUGO,A,0,31,Shirley
VICTOR HUGO,DC,0,31,Shirley
VICTOR HUGO,DN,0,31,Shirley
Whinbury,N,0,31,Shirley
Whinbury,C,0,31,Shirley
Whinbury,I,0,31,Shirley
Whinbury,A,0,31,Shirley
Whinbury,DC,0,31,Shirley
Whinbury,DN,0,31,Shirley
William,N,0,31,Shirley
William,C,0,31,Shirley
William,I,0,31,Shirley
William,A,0,31,Shirley
William,DC,0,31,Shirley
William,DN,0,31,Shirley
mademoiselle,N,0,31,Shirley
mademoiselle,C,0,31,Shirley
mademoiselle,I,0,31,Shirley
mademoiselle,A,0,31,Shirley
mademoiselle,DC,0,31,Shirley
mademoiselle,DN,0,31,Shirley
old Lady Nunnely,N,1,31,Shirley
old Lady Nunnely,C,1,31,Shirley
old Lady Nunnely,I,0,31,Shirley
old Lady Nunnely,A,1,31,Shirley
old Lady Nunnely,DC,1,31,Shirley
old Lady Nunnely,DN,0,31,Shirley
old Queen Charlotte,N,0,31,Shirley
old Queen Charlotte,C,0,31,Shirley
old Queen Charlotte,I,0,31,Shirley
old Queen Charlotte,A,0,31,Shirley
old Queen Charlotte,DC,0,31,Shirley
old Queen Charlotte,DN,0,31,Shirley
the Misses Sykes,N,0,31,Shirley
the Misses Sykes,C,0,31,Shirley
the Misses Sykes,I,0,31,Shirley
the Misses Sykes,A,0,31,Shirley
the Misses Sykes,DC,0,31,Shirley
the Misses Sykes,DN,0,31,Shirley
the Misses Sympson,N,4,31,Shirley
the Misses Sympson,C,0,31,Shirley
the Misses Sympson,I,0,31,Shirley
the Misses Sympson,A,2,31,Shirley
the Misses Sympson,DC,0,31,Shirley
the Misses Sympson,DN,0,31,Shirley
the Moores,N,1,31,Shirley
the Moores,C,0,31,Shirley
the Moores,I,1,31,Shirley
the Moores,A,0,31,Shirley
the Moores,DC,0,31,Shirley
the Moores,DN,0,31,Shirley
the Sympsons,N,0,31,Shirley
the Sympsons,C,0,31,Shirley
the Sympsons,I,0,31,Shirley
the Sympsons,A,0,31,Shirley
the Sympsons,DC,0,31,Shirley
the Sympsons,DN,0,31,Shirley
Abraham,N,0,32,Shirley
Abraham,C,0,32,Shirley
Abraham,I,0,32,Shirley
Abraham,A,0,32,Shirley
Abraham,DC,0,32,Shirley
Abraham,DN,0,32,Shirley
Adam,N,0,32,Shirley
Adam,C,0,32,Shirley
Adam,I,0,32,Shirley
Adam,A,0,32,Shirley
Adam,DC,0,32,Shirley
Adam,DN,0,32,Shirley
Bob,N,0,32,Shirley
Bob,C,0,32,Shirley
Bob,I,0,32,Shirley
Bob,A,0,32,Shirley
Bob,DC,0,32,Shirley
Bob,DN,0,32,Shirley
Bonaparte,N,0,32,Shirley
Bonaparte,C,0,32,Shirley
Bonaparte,I,0,32,Shirley
Bonaparte,A,0,32,Shirley
Bonaparte,DC,0,32,Shirley
Bonaparte,DN,0,32,Shirley
Boultby,N,0,32,Shirley
Boultby,C,0,32,Shirley
Boultby,I,0,32,Shirley
Boultby,A,0,32,Shirley
Boultby,DC,0,32,Shirley
Boultby,DN,0,32,Shirley
Briarmains,N,1,32,Shirley
Briarmains,C,0,32,Shirley
Briarmains,I,0,32,Shirley
Briarmains,A,0,32,Shirley
Briarmains,DC,0,32,Shirley
Briarmains,DN,1,32,Shirley
CHARLES DICKENS,N,0,32,Shirley
CHARLES DICKENS,C,0,32,Shirley
CHARLES DICKENS,I,0,32,Shirley
CHARLES DICKENS,A,0,32,Shirley
CHARLES DICKENS,DC,0,32,Shirley
CHARLES DICKENS,DN,0,32,Shirley
Captain Keeldar,N,0,32,Shirley
Captain Keeldar,C,0,32,Shirley
Captain Keeldar,I,0,32,Shirley
Captain Keeldar,A,0,32,Shirley
Captain Keeldar,DC,0,32,Shirley
Captain Keeldar,DN,0,32,Shirley
Caroline,N,10,32,Shirley
Caroline,C,0,32,Shirley
Caroline,I,1,32,Shirley
Caroline,A,1,32,Shirley
Caroline,DC,2,32,Shirley
Caroline,DN,2,32,Shirley
"Caroline--""She",N,0,32,Shirley
"Caroline--""She",C,0,32,Shirley
"Caroline--""She",I,0,32,Shirley
"Caroline--""She",A,0,32,Shirley
"Caroline--""She",DC,0,32,Shirley
"Caroline--""She",DN,0,32,Shirley
Cary,N,0,32,Shirley
Cary,C,0,32,Shirley
Cary,I,0,32,Shirley
Cary,A,0,32,Shirley
Cary,DC,0,32,Shirley
Cary,DN,0,32,Shirley
Castlereagh,N,0,32,Shirley
Castlereagh,C,0,32,Shirley
Castlereagh,I,0,32,Shirley
Castlereagh,A,0,32,Shirley
Castlereagh,DC,0,32,Shirley
Castlereagh,DN,0,32,Shirley
Chénier,N,0,32,Shirley
Chénier,C,0,32,Shirley
Chénier,I,0,32,Shirley
Chénier,A,0,32,Shirley
Chénier,DC,0,32,Shirley
Chénier,DN,0,32,Shirley
Coriolanus,N,0,32,Shirley
Coriolanus,C,0,32,Shirley
Coriolanus,I,0,32,Shirley
Coriolanus,A,0,32,Shirley
Coriolanus,DC,0,32,Shirley
Coriolanus,DN,0,32,Shirley
Cowper,N,0,32,Shirley
Cowper,C,0,32,Shirley
Cowper,I,0,32,Shirley
Cowper,A,0,32,Shirley
Cowper,DC,0,32,Shirley
Cowper,DN,0,32,Shirley
Cyril Hall,N,0,32,Shirley
Cyril Hall,C,0,32,Shirley
Cyril Hall,I,0,32,Shirley
Cyril Hall,A,0,32,Shirley
Cyril Hall,DC,0,32,Shirley
Cyril Hall,DN,0,32,Shirley
Daniel,N,0,32,Shirley
Daniel,C,0,32,Shirley
Daniel,I,0,32,Shirley
Daniel,A,0,32,Shirley
Daniel,DC,0,32,Shirley
Daniel,DN,0,32,Shirley
Davy,N,0,32,Shirley
Davy,C,0,32,Shirley
Davy,I,0,32,Shirley
Davy,A,0,32,Shirley
Davy,DC,0,32,Shirley
Davy,DN,0,32,Shirley
Donne,N,0,32,Shirley
Donne,C,0,32,Shirley
Donne,I,0,32,Shirley
Donne,A,0,32,Shirley
Donne,DC,0,32,Shirley
Donne,DN,0,32,Shirley
Dora,N,0,32,Shirley
Dora,C,0,32,Shirley
Dora,I,0,32,Shirley
Dora,A,0,32,Shirley
Dora,DC,0,32,Shirley
Dora,DN,0,32,Shirley
Dr. Boultby,N,0,32,Shirley
Dr. Boultby,C,0,32,Shirley
Dr. Boultby,I,0,32,Shirley
Dr. Boultby,A,0,32,Shirley
Dr. Boultby,DC,0,32,Shirley
Dr. Boultby,DN,0,32,Shirley
Eliza,N,0,32,Shirley
Eliza,C,0,32,Shirley
Eliza,I,0,32,Shirley
Eliza,A,0,32,Shirley
Eliza,DC,0,32,Shirley
Eliza,DN,0,32,Shirley
Eva,N,0,32,Shirley
Eva,C,0,32,Shirley
Eva,I,0,32,Shirley
Eva,A,0,32,Shirley
Eva,DC,0,32,Shirley
Eva,DN,0,32,Shirley
Eve,N,0,32,Shirley
Eve,C,0,32,Shirley
Eve,I,0,32,Shirley
Eve,A,0,32,Shirley
Eve,DC,0,32,Shirley
Eve,DN,0,32,Shirley
Fanny,N,0,32,Shirley
Fanny,C,0,32,Shirley
Fanny,I,0,32,Shirley
Fanny,A,0,32,Shirley
Fanny,DC,0,32,Shirley
Fanny,DN,0,32,Shirley
Farrens,N,0,32,Shirley
Farrens,C,0,32,Shirley
Farrens,I,0,32,Shirley
Farrens,A,0,32,Shirley
Farrens,DC,0,32,Shirley
Farrens,DN,0,32,Shirley
Fieldhead,N,0,32,Shirley
Fieldhead,C,0,32,Shirley
Fieldhead,I,0,32,Shirley
Fieldhead,A,0,32,Shirley
Fieldhead,DC,0,32,Shirley
Fieldhead,DN,0,32,Shirley
Fortune,N,0,32,Shirley
Fortune,C,0,32,Shirley
Fortune,I,0,32,Shirley
Fortune,A,0,32,Shirley
Fortune,DC,0,32,Shirley
Fortune,DN,0,32,Shirley
God,N,0,32,Shirley
God,C,0,32,Shirley
God,I,0,32,Shirley
God,A,0,32,Shirley
God,DC,0,32,Shirley
God,DN,0,32,Shirley
Grace,N,0,32,Shirley
Grace,C,0,32,Shirley
Grace,I,0,32,Shirley
Grace,A,0,32,Shirley
Grace,DC,0,32,Shirley
Grace,DN,0,32,Shirley
Hannah,N,0,32,Shirley
Hannah,C,0,32,Shirley
Hannah,I,0,32,Shirley
Hannah,A,0,32,Shirley
Hannah,DC,0,32,Shirley
Hannah,DN,0,32,Shirley
Harriet,N,0,32,Shirley
Harriet,C,0,32,Shirley
Harriet,I,0,32,Shirley
Harriet,A,0,32,Shirley
Harriet,DC,0,32,Shirley
Harriet,DN,0,32,Shirley
Helstone,N,0,32,Shirley
Helstone,C,0,32,Shirley
Helstone,I,0,32,Shirley
Helstone,A,0,32,Shirley
Helstone,DC,0,32,Shirley
Helstone,DN,0,32,Shirley
Henry,N,0,32,Shirley
Henry,C,0,32,Shirley
Henry,I,0,32,Shirley
Henry,A,0,32,Shirley
Henry,DC,0,32,Shirley
Henry,DN,0,32,Shirley
Hiram Yorke,N,0,32,Shirley
Hiram Yorke,C,0,32,Shirley
Hiram Yorke,I,0,32,Shirley
Hiram Yorke,A,0,32,Shirley
Hiram Yorke,DC,0,32,Shirley
Hiram Yorke,DN,0,32,Shirley
Hollow,N,0,32,Shirley
Hollow,C,0,32,Shirley
Hollow,I,0,32,Shirley
Hollow,A,0,32,Shirley
Hollow,DC,0,32,Shirley
Hollow,DN,0,32,Shirley
Hortense,N,12,32,Shirley
Hortense,C,0,32,Shirley
Hortense,I,6,32,Shirley
Hortense,A,4,32,Shirley
Hortense,DC,0,32,Shirley
Hortense,DN,1,32,Shirley
Isabella,N,0,32,Shirley
Isabella,C,0,32,Shirley
Isabella,I,0,32,Shirley
Isabella,A,0,32,Shirley
Isabella,DC,0,32,Shirley
Isabella,DN,0,32,Shirley
James,N,0,32,Shirley
James,C,0,32,Shirley
James,I,0,32,Shirley
James,A,0,32,Shirley
James,DC,0,32,Shirley
James,DN,0,32,Shirley
Jessy,N,3,32,Shirley
Jessy,C,0,32,Shirley
Jessy,I,0,32,Shirley
Jessy,A,1,32,Shirley
Jessy,DC,0,32,Shirley
Jessy,DN,0,32,Shirley
Joe,N,0,32,Shirley
Joe,C,0,32,Shirley
Joe,I,0,32,Shirley
Joe,A,0,32,Shirley
Joe,DC,0,32,Shirley
Joe,DN,0,32,Shirley
John,N,0,32,Shirley
John,C,0,32,Shirley
John,I,0,32,Shirley
John,A,0,32,Shirley
John,DC,0,32,Shirley
John,DN,0,32,Shirley
John Wesley,N,0,32,Shirley
John Wesley,C,0,32,Shirley
John Wesley,I,0,32,Shirley
John Wesley,A,0,32,Shirley
John Wesley,DC,0,32,Shirley
John Wesley,DN,0,32,Shirley
Lamb,N,0,32,Shirley
Lamb,C,0,32,Shirley
Lamb,I,0,32,Shirley
Lamb,A,0,32,Shirley
Lamb,DC,0,32,Shirley
Lamb,DN,0,32,Shirley
Lina,N,0,32,Shirley
Lina,C,0,32,Shirley
Lina,I,0,32,Shirley
Lina,A,0,32,Shirley
Lina,DC,0,32,Shirley
Lina,DN,0,32,Shirley
Lord Wellington,N,0,32,Shirley
Lord Wellington,C,0,32,Shirley
Lord Wellington,I,0,32,Shirley
Lord Wellington,A,0,32,Shirley
Lord Wellington,DC,0,32,Shirley
Lord Wellington,DN,0,32,Shirley
Louis,N,0,32,Shirley
Louis,C,0,32,Shirley
Louis,I,0,32,Shirley
Louis,A,0,32,Shirley
Louis,DC,0,32,Shirley
Louis,DN,0,32,Shirley
Lucretia,N,0,32,Shirley
Lucretia,C,0,32,Shirley
Lucretia,I,0,32,Shirley
Lucretia,A,0,32,Shirley
Lucretia,DC,0,32,Shirley
Lucretia,DN,0,32,Shirley
MATTERS,N,0,32,Shirley
MATTERS,C,0,32,Shirley
MATTERS,I,0,32,Shirley
MATTERS,A,0,32,Shirley
MATTERS,DC,0,32,Shirley
MATTERS,DN,0,32,Shirley
MacTurk,N,8,32,Shirley
MacTurk,C,0,32,Shirley
MacTurk,I,3,32,Shirley
MacTurk,A,3,32,Shirley
MacTurk,DC,0,32,Shirley
MacTurk,DN,2,32,Shirley
Malone,N,0,32,Shirley
Malone,C,0,32,Shirley
Malone,I,0,32,Shirley
Malone,A,0,32,Shirley
Malone,DC,0,32,Shirley
Malone,DN,0,32,Shirley
Malone.--I,N,0,32,Shirley
Malone.--I,C,0,32,Shirley
Malone.--I,I,0,32,Shirley
Malone.--I,A,0,32,Shirley
Malone.--I,DC,0,32,Shirley
Malone.--I,DN,0,32,Shirley
Mamma,N,0,32,Shirley
Mamma,C,0,32,Shirley
Mamma,I,0,32,Shirley
Mamma,A,0,32,Shirley
Mamma,DC,0,32,Shirley
Mamma,DN,0,32,Shirley
Margaret,N,0,32,Shirley
Margaret,C,0,32,Shirley
Margaret,I,0,32,Shirley
Margaret,A,0,32,Shirley
Margaret,DC,0,32,Shirley
Margaret,DN,0,32,Shirley
Mark,N,0,32,Shirley
Mark,C,0,32,Shirley
Mark,I,0,32,Shirley
Mark,A,0,32,Shirley
Mark,DC,0,32,Shirley
Mark,DN,0,32,Shirley
Martin,N,30,32,Shirley
Martin,C,31,32,Shirley
Martin,I,42,32,Shirley
Martin,A,29,32,Shirley
Martin,DC,0,32,Shirley
Martin,DN,4,32,Shirley
Mary,N,0,32,Shirley
Mary,C,0,32,Shirley
Mary,I,0,32,Shirley
Mary,A,0,32,Shirley
Mary,DC,0,32,Shirley
Mary,DN,0,32,Shirley
Mary Ann Ainley,N,0,32,Shirley
Mary Ann Ainley,C,0,32,Shirley
Mary Ann Ainley,I,0,32,Shirley
Mary Ann Ainley,A,0,32,Shirley
Mary Ann Ainley,DC,0,32,Shirley
Mary Ann Ainley,DN,0,32,Shirley
Matthew,N,2,32,Shirley
Matthew,C,1,32,Shirley
Matthew,I,0,32,Shirley
Matthew,A,1,32,Shirley
Matthew,DC,0,32,Shirley
Matthew,DN,0,32,Shirley
Matthewson Helstone,N,0,32,Shirley
Matthewson Helstone,C,0,32,Shirley
Matthewson Helstone,I,0,32,Shirley
Matthewson Helstone,A,0,32,Shirley
Matthewson Helstone,DC,0,32,Shirley
Matthewson Helstone,DN,0,32,Shirley
Mike,N,0,32,Shirley
Mike,C,0,32,Shirley
Mike,I,0,32,Shirley
Mike,A,0,32,Shirley
Mike,DC,0,32,Shirley
Mike,DN,0,32,Shirley
Miss Ainley,N,0,32,Shirley
Miss Ainley,C,0,32,Shirley
Miss Ainley,I,0,32,Shirley
Miss Ainley,A,0,32,Shirley
Miss Ainley,DC,0,32,Shirley
Miss Ainley,DN,0,32,Shirley
Miss Austen,N,0,32,Shirley
Miss Austen,C,0,32,Shirley
Miss Austen,I,0,32,Shirley
Miss Austen,A,0,32,Shirley
Miss Austen,DC,0,32,Shirley
Miss Austen,DN,0,32,Shirley
Miss Cave,N,0,32,Shirley
Miss Cave,C,0,32,Shirley
Miss Cave,I,0,32,Shirley
Miss Cave,A,0,32,Shirley
Miss Cave,DC,0,32,Shirley
Miss Cave,DN,0,32,Shirley
Miss Grey,N,0,32,Shirley
Miss Grey,C,0,32,Shirley
Miss Grey,I,0,32,Shirley
Miss Grey,A,0,32,Shirley
Miss Grey,DC,0,32,Shirley
Miss Grey,DN,0,32,Shirley
Miss Hardman,N,0,32,Shirley
Miss Hardman,C,0,32,Shirley
Miss Hardman,I,0,32,Shirley
Miss Hardman,A,0,32,Shirley
Miss Hardman,DC,0,32,Shirley
Miss Hardman,DN,0,32,Shirley
Miss Mann,N,0,32,Shirley
Miss Mann,C,0,32,Shirley
Miss Mann,I,0,32,Shirley
Miss Mann,A,0,32,Shirley
Miss Mann,DC,0,32,Shirley
Miss Mann,DN,0,32,Shirley
Miss Mary,N,0,32,Shirley
Miss Mary,C,0,32,Shirley
Miss Mary,I,0,32,Shirley
Miss Mary,A,0,32,Shirley
Miss Mary,DC,0,32,Shirley
Miss Mary,DN,0,32,Shirley
Miss Moore,N,0,32,Shirley
Miss Moore,C,0,32,Shirley
Miss Moore,I,0,32,Shirley
Miss Moore,A,0,32,Shirley
Miss Moore,DC,0,32,Shirley
Miss Moore,DN,0,32,Shirley
Miss Pearson,N,0,32,Shirley
Miss Pearson,C,0,32,Shirley
Miss Pearson,I,0,32,Shirley
Miss Pearson,A,0,32,Shirley
Miss Pearson,DC,0,32,Shirley
Miss Pearson,DN,0,32,Shirley
Moore,N,0,32,Shirley
Moore,C,0,32,Shirley
Moore,I,0,32,Shirley
Moore,A,0,32,Shirley
Moore,DC,0,32,Shirley
Moore,DN,0,32,Shirley
Moses,N,0,32,Shirley
Moses,C,0,32,Shirley
Moses,I,0,32,Shirley
Moses,A,0,32,Shirley
Moses,DC,0,32,Shirley
Moses,DN,0,32,Shirley
Mother,N,0,32,Shirley
Mother,C,0,32,Shirley
Mother,I,0,32,Shirley
Mother,A,0,32,Shirley
Mother,DC,0,32,Shirley
Mother,DN,0,32,Shirley
Mr. Barraclough,N,0,32,Shirley
Mr. Barraclough,C,0,32,Shirley
Mr. Barraclough,I,0,32,Shirley
Mr. Barraclough,A,0,32,Shirley
Mr. Barraclough,DC,0,32,Shirley
Mr. Barraclough,DN,0,32,Shirley
Mr. Gale,N,0,32,Shirley
Mr. Gale,C,0,32,Shirley
Mr. Gale,I,0,32,Shirley
Mr. Gale,A,0,32,Shirley
Mr. Gale,DC,0,32,Shirley
Mr. Gale,DN,0,32,Shirley
Mr. Hall,N,0,32,Shirley
Mr. Hall,C,0,32,Shirley
Mr. Hall,I,0,32,Shirley
Mr. Hall,A,0,32,Shirley
Mr. Hall,DC,0,32,Shirley
Mr. Hall,DN,0,32,Shirley
Mr. Helstone,N,0,32,Shirley
Mr. Helstone,C,0,32,Shirley
Mr. Helstone,I,0,32,Shirley
Mr. Helstone,A,0,32,Shirley
Mr. Helstone,DC,0,32,Shirley
Mr. Helstone,DN,0,32,Shirley
Mr. Moore,N,5,32,Shirley
Mr. Moore,C,0,32,Shirley
Mr. Moore,I,0,32,Shirley
Mr. Moore,A,3,32,Shirley
Mr. Moore,DC,0,32,Shirley
Mr. Moore,DN,0,32,Shirley
Mr. Moore----,N,0,32,Shirley
Mr. Moore----,C,0,32,Shirley
Mr. Moore----,I,0,32,Shirley
Mr. Moore----,A,0,32,Shirley
Mr. Moore----,DC,0,32,Shirley
Mr. Moore----,DN,0,32,Shirley
Mr. Ramsden,N,0,32,Shirley
Mr. Ramsden,C,0,32,Shirley
Mr. Ramsden,I,0,32,Shirley
Mr. Ramsden,A,0,32,Shirley
Mr. Ramsden,DC,0,32,Shirley
Mr. Ramsden,DN,0,32,Shirley
Mr. Sykes,N,0,32,Shirley
Mr. Sykes,C,0,32,Shirley
Mr. Sykes,I,0,32,Shirley
Mr. Sykes,A,0,32,Shirley
Mr. Sykes,DC,0,32,Shirley
Mr. Sykes,DN,0,32,Shirley
Mr. Sympson,N,0,32,Shirley
Mr. Sympson,C,0,32,Shirley
Mr. Sympson,I,0,32,Shirley
Mr. Sympson,A,0,32,Shirley
Mr. Sympson,DC,0,32,Shirley
Mr. Sympson,DN,0,32,Shirley
Mr. Wynne,N,0,32,Shirley
Mr. Wynne,C,0,32,Shirley
Mr. Wynne,I,0,32,Shirley
Mr. Wynne,A,0,32,Shirley
Mr. Wynne,DC,0,32,Shirley
Mr. Wynne,DN,0,32,Shirley
Mr. Yorke,N,5,32,Shirley
Mr. Yorke,C,0,32,Shirley
Mr. Yorke,I,3,32,Shirley
Mr. Yorke,A,2,32,Shirley
Mr. Yorke,DC,1,32,Shirley
Mr. Yorke,DN,0,32,Shirley
Mrs. Gale,N,0,32,Shirley
Mrs. Gale,C,0,32,Shirley
Mrs. Gale,I,0,32,Shirley
Mrs. Gale,A,0,32,Shirley
Mrs. Gale,DC,0,32,Shirley
Mrs. Gale,DN,0,32,Shirley
Mrs. Gill,N,0,32,Shirley
Mrs. Gill,C,0,32,Shirley
Mrs. Gill,I,0,32,Shirley
Mrs. Gill,A,0,32,Shirley
Mrs. Gill,DC,0,32,Shirley
Mrs. Gill,DN,0,32,Shirley
Mrs. Hardman,N,0,32,Shirley
Mrs. Hardman,C,0,32,Shirley
Mrs. Hardman,I,0,32,Shirley
Mrs. Hardman,A,0,32,Shirley
Mrs. Hardman,DC,0,32,Shirley
Mrs. Hardman,DN,0,32,Shirley
Mrs. Horsfall,N,7,32,Shirley
Mrs. Horsfall,C,4,32,Shirley
Mrs. Horsfall,I,3,32,Shirley
Mrs. Horsfall,A,10,32,Shirley
Mrs. Horsfall,DC,0,32,Shirley
Mrs. Horsfall,DN,0,32,Shirley
Mrs. Louis,N,0,32,Shirley
Mrs. Louis,C,0,32,Shirley
Mrs. Louis,I,0,32,Shirley
Mrs. Louis,A,0,32,Shirley
Mrs. Louis,DC,0,32,Shirley
Mrs. Louis,DN,0,32,Shirley
Mrs. Pryor,N,1,32,Shirley
Mrs. Pryor,C,0,32,Shirley
Mrs. Pryor,I,0,32,Shirley
Mrs. Pryor,A,0,32,Shirley
Mrs. Pryor,DC,1,32,Shirley
Mrs. Pryor,DN,0,32,Shirley
Mrs. Sykes,N,0,32,Shirley
Mrs. Sykes,C,0,32,Shirley
Mrs. Sykes,I,0,32,Shirley
Mrs. Sykes,A,0,32,Shirley
Mrs. Sykes,DC,0,32,Shirley
Mrs. Sykes,DN,0,32,Shirley
Mrs. Yorke,N,8,32,Shirley
Mrs. Yorke,C,2,32,Shirley
Mrs. Yorke,I,7,32,Shirley
Mrs. Yorke,A,11,32,Shirley
Mrs. Yorke,DC,1,32,Shirley
Mrs. Yorke,DN,2,32,Shirley
Murgatroyd,N,0,32,Shirley
Murgatroyd,C,0,32,Shirley
Murgatroyd,I,0,32,Shirley
Murgatroyd,A,0,32,Shirley
Murgatroyd,DC,0,32,Shirley
Murgatroyd,DN,0,32,Shirley
Napoleon,N,0,32,Shirley
Napoleon,C,0,32,Shirley
Napoleon,I,0,32,Shirley
Napoleon,A,0,32,Shirley
Napoleon,DC,0,32,Shirley
Napoleon,DN,0,32,Shirley
Nature,N,1,32,Shirley
Nature,C,0,32,Shirley
Nature,I,0,32,Shirley
Nature,A,0,32,Shirley
Nature,DC,0,32,Shirley
Nature,DN,0,32,Shirley
Pearson,N,0,32,Shirley
Pearson,C,0,32,Shirley
Pearson,I,0,32,Shirley
Pearson,A,0,32,Shirley
Pearson,DC,0,32,Shirley
Pearson,DN,0,32,Shirley
Peg Woffington.= CHARLES READE,N,0,32,Shirley
Peg Woffington.= CHARLES READE,C,0,32,Shirley
Peg Woffington.= CHARLES READE,I,0,32,Shirley
Peg Woffington.= CHARLES READE,A,0,32,Shirley
Peg Woffington.= CHARLES READE,DC,0,32,Shirley
Peg Woffington.= CHARLES READE,DN,0,32,Shirley
Peter,N,0,32,Shirley
Peter,C,0,32,Shirley
Peter,I,0,32,Shirley
Peter,A,0,32,Shirley
Peter,DC,0,32,Shirley
Peter,DN,0,32,Shirley
Phœbe,N,0,32,Shirley
Phœbe,C,0,32,Shirley
Phœbe,I,0,32,Shirley
Phœbe,A,0,32,Shirley
Phœbe,DC,0,32,Shirley
Phœbe,DN,0,32,Shirley
Providence,N,0,32,Shirley
Providence,C,0,32,Shirley
Providence,I,0,32,Shirley
Providence,A,0,32,Shirley
Providence,DC,0,32,Shirley
Providence,DN,0,32,Shirley
Robert,N,13,32,Shirley
Robert,C,2,32,Shirley
Robert,I,3,32,Shirley
Robert,A,8,32,Shirley
Robert,DC,26,32,Shirley
Robert,DN,3,32,Shirley
Rose,N,1,32,Shirley
Rose,C,0,32,Shirley
Rose,I,0,32,Shirley
Rose,A,0,32,Shirley
Rose,DC,0,32,Shirley
Rose,DN,0,32,Shirley
Sarah,N,0,32,Shirley
Sarah,C,0,32,Shirley
Sarah,I,0,32,Shirley
Sarah,A,0,32,Shirley
Sarah,DC,0,32,Shirley
Sarah,DN,0,32,Shirley
Saturnia,N,0,32,Shirley
Saturnia,C,0,32,Shirley
Saturnia,I,0,32,Shirley
Saturnia,A,0,32,Shirley
Saturnia,DC,0,32,Shirley
Saturnia,DN,0,32,Shirley
Shakespeare,N,0,32,Shirley
Shakespeare,C,0,32,Shirley
Shakespeare,I,0,32,Shirley
Shakespeare,A,0,32,Shirley
Shakespeare,DC,0,32,Shirley
Shakespeare,DN,0,32,Shirley
Shirley,N,0,32,Shirley
Shirley,C,0,32,Shirley
Shirley,I,0,32,Shirley
Shirley,A,0,32,Shirley
Shirley,DC,0,32,Shirley
Shirley,DN,0,32,Shirley
Sir Philip,N,0,32,Shirley
Sir Philip,C,0,32,Shirley
Sir Philip,I,0,32,Shirley
Sir Philip,A,0,32,Shirley
Sir Philip,DC,0,32,Shirley
Sir Philip,DN,0,32,Shirley
Sir Walter Scott,N,0,32,Shirley
Sir Walter Scott,C,0,32,Shirley
Sir Walter Scott,I,0,32,Shirley
Sir Walter Scott,A,0,32,Shirley
Sir Walter Scott,DC,0,32,Shirley
Sir Walter Scott,DN,0,32,Shirley
Sister,N,0,32,Shirley
Sister,C,0,32,Shirley
Sister,I,0,32,Shirley
Sister,A,0,32,Shirley
Sister,DC,0,32,Shirley
Sister,DN,0,32,Shirley
St. Paul,N,0,32,Shirley
St. Paul,C,0,32,Shirley
St. Paul,I,0,32,Shirley
St. Paul,A,0,32,Shirley
St. Paul,DC,0,32,Shirley
St. Paul,DN,0,32,Shirley
Stilbro,N,0,32,Shirley
Stilbro,C,0,32,Shirley
Stilbro,I,0,32,Shirley
Stilbro,A,0,32,Shirley
Stilbro,DC,0,32,Shirley
Stilbro,DN,0,32,Shirley
Sudgen,N,0,32,Shirley
Sudgen,C,0,32,Shirley
Sudgen,I,0,32,Shirley
Sudgen,A,0,32,Shirley
Sudgen,DC,0,32,Shirley
Sudgen,DN,0,32,Shirley
Sugden,N,0,32,Shirley
Sugden,C,0,32,Shirley
Sugden,I,0,32,Shirley
Sugden,A,0,32,Shirley
Sugden,DC,0,32,Shirley
Sugden,DN,0,32,Shirley
Sweeting,N,0,32,Shirley
Sweeting,C,0,32,Shirley
Sweeting,I,0,32,Shirley
Sweeting,A,0,32,Shirley
Sweeting,DC,0,32,Shirley
Sweeting,DN,0,32,Shirley
Tartar,N,0,32,Shirley
Tartar,C,0,32,Shirley
Tartar,I,0,32,Shirley
Tartar,A,0,32,Shirley
Tartar,DC,0,32,Shirley
Tartar,DN,0,32,Shirley
The Cossack,N,0,32,Shirley
The Cossack,C,0,32,Shirley
The Cossack,I,0,32,Shirley
The Cossack,A,0,32,Shirley
The Cossack,DC,0,32,Shirley
The Cossack,DN,0,32,Shirley
These Oreads,N,0,32,Shirley
These Oreads,C,0,32,Shirley
These Oreads,I,0,32,Shirley
These Oreads,A,0,32,Shirley
These Oreads,DC,0,32,Shirley
These Oreads,DN,0,32,Shirley
Tom Cringle,N,0,32,Shirley
Tom Cringle,C,0,32,Shirley
Tom Cringle,I,0,32,Shirley
Tom Cringle,A,0,32,Shirley
Tom Cringle,DC,0,32,Shirley
Tom Cringle,DN,0,32,Shirley
Uncle,N,0,32,Shirley
Uncle,C,0,32,Shirley
Uncle,I,0,32,Shirley
Uncle,A,0,32,Shirley
Uncle,DC,0,32,Shirley
Uncle,DN,0,32,Shirley
VICTOR HUGO,N,0,32,Shirley
VICTOR HUGO,C,0,32,Shirley
VICTOR HUGO,I,0,32,Shirley
VICTOR HUGO,A,0,32,Shirley
VICTOR HUGO,DC,0,32,Shirley
VICTOR HUGO,DN,0,32,Shirley
Whinbury,N,0,32,Shirley
Whinbury,C,0,32,Shirley
Whinbury,I,0,32,Shirley
Whinbury,A,0,32,Shirley
Whinbury,DC,0,32,Shirley
Whinbury,DN,0,32,Shirley
William,N,0,32,Shirley
William,C,0,32,Shirley
William,I,0,32,Shirley
William,A,0,32,Shirley
William,DC,0,32,Shirley
William,DN,0,32,Shirley
mademoiselle,N,0,32,Shirley
mademoiselle,C,0,32,Shirley
mademoiselle,I,0,32,Shirley
mademoiselle,A,0,32,Shirley
mademoiselle,DC,0,32,Shirley
mademoiselle,DN,0,32,Shirley
old Lady Nunnely,N,0,32,Shirley
old Lady Nunnely,C,0,32,Shirley
old Lady Nunnely,I,0,32,Shirley
old Lady Nunnely,A,0,32,Shirley
old Lady Nunnely,DC,0,32,Shirley
old Lady Nunnely,DN,0,32,Shirley
old Queen Charlotte,N,0,32,Shirley
old Queen Charlotte,C,0,32,Shirley
old Queen Charlotte,I,0,32,Shirley
old Queen Charlotte,A,0,32,Shirley
old Queen Charlotte,DC,0,32,Shirley
old Queen Charlotte,DN,0,32,Shirley
the Misses Sykes,N,0,32,Shirley
the Misses Sykes,C,0,32,Shirley
the Misses Sykes,I,0,32,Shirley
the Misses Sykes,A,0,32,Shirley
the Misses Sykes,DC,0,32,Shirley
the Misses Sykes,DN,0,32,Shirley
the Misses Sympson,N,0,32,Shirley
the Misses Sympson,C,0,32,Shirley
the Misses Sympson,I,0,32,Shirley
the Misses Sympson,A,0,32,Shirley
the Misses Sympson,DC,0,32,Shirley
the Misses Sympson,DN,0,32,Shirley
the Moores,N,1,32,Shirley
the Moores,C,0,32,Shirley
the Moores,I,0,32,Shirley
the Moores,A,0,32,Shirley
the Moores,DC,0,32,Shirley
the Moores,DN,0,32,Shirley
the Sympsons,N,0,32,Shirley
the Sympsons,C,0,32,Shirley
the Sympsons,I,0,32,Shirley
the Sympsons,A,0,32,Shirley
the Sympsons,DC,0,32,Shirley
the Sympsons,DN,0,32,Shirley
Abraham,N,1,33,Shirley
Abraham,C,0,33,Shirley
Abraham,I,0,33,Shirley
Abraham,A,0,33,Shirley
Abraham,DC,1,33,Shirley
Abraham,DN,0,33,Shirley
Adam,N,0,33,Shirley
Adam,C,0,33,Shirley
Adam,I,0,33,Shirley
Adam,A,0,33,Shirley
Adam,DC,0,33,Shirley
Adam,DN,0,33,Shirley
Bob,N,0,33,Shirley
Bob,C,0,33,Shirley
Bob,I,0,33,Shirley
Bob,A,0,33,Shirley
Bob,DC,0,33,Shirley
Bob,DN,0,33,Shirley
Bonaparte,N,0,33,Shirley
Bonaparte,C,0,33,Shirley
Bonaparte,I,0,33,Shirley
Bonaparte,A,0,33,Shirley
Bonaparte,DC,0,33,Shirley
Bonaparte,DN,0,33,Shirley
Boultby,N,0,33,Shirley
Boultby,C,0,33,Shirley
Boultby,I,0,33,Shirley
Boultby,A,0,33,Shirley
Boultby,DC,0,33,Shirley
Boultby,DN,0,33,Shirley
Briarmains,N,2,33,Shirley
Briarmains,C,0,33,Shirley
Briarmains,I,0,33,Shirley
Briarmains,A,0,33,Shirley
Briarmains,DC,0,33,Shirley
Briarmains,DN,0,33,Shirley
CHARLES DICKENS,N,0,33,Shirley
CHARLES DICKENS,C,0,33,Shirley
CHARLES DICKENS,I,0,33,Shirley
CHARLES DICKENS,A,0,33,Shirley
CHARLES DICKENS,DC,0,33,Shirley
CHARLES DICKENS,DN,0,33,Shirley
Captain Keeldar,N,0,33,Shirley
Captain Keeldar,C,0,33,Shirley
Captain Keeldar,I,0,33,Shirley
Captain Keeldar,A,0,33,Shirley
Captain Keeldar,DC,0,33,Shirley
Captain Keeldar,DN,0,33,Shirley
Caroline,N,13,33,Shirley
Caroline,C,4,33,Shirley
Caroline,I,6,33,Shirley
Caroline,A,9,33,Shirley
Caroline,DC,4,33,Shirley
Caroline,DN,2,33,Shirley
"Caroline--""She",N,0,33,Shirley
"Caroline--""She",C,0,33,Shirley
"Caroline--""She",I,0,33,Shirley
"Caroline--""She",A,0,33,Shirley
"Caroline--""She",DC,0,33,Shirley
"Caroline--""She",DN,0,33,Shirley
Cary,N,4,33,Shirley
Cary,C,0,33,Shirley
Cary,I,3,33,Shirley
Cary,A,5,33,Shirley
Cary,DC,21,33,Shirley
Cary,DN,1,33,Shirley
Castlereagh,N,0,33,Shirley
Castlereagh,C,0,33,Shirley
Castlereagh,I,0,33,Shirley
Castlereagh,A,0,33,Shirley
Castlereagh,DC,0,33,Shirley
Castlereagh,DN,0,33,Shirley
Chénier,N,0,33,Shirley
Chénier,C,0,33,Shirley
Chénier,I,0,33,Shirley
Chénier,A,0,33,Shirley
Chénier,DC,0,33,Shirley
Chénier,DN,0,33,Shirley
Coriolanus,N,0,33,Shirley
Coriolanus,C,0,33,Shirley
Coriolanus,I,0,33,Shirley
Coriolanus,A,0,33,Shirley
Coriolanus,DC,0,33,Shirley
Coriolanus,DN,0,33,Shirley
Cowper,N,0,33,Shirley
Cowper,C,0,33,Shirley
Cowper,I,0,33,Shirley
Cowper,A,0,33,Shirley
Cowper,DC,0,33,Shirley
Cowper,DN,0,33,Shirley
Cyril Hall,N,0,33,Shirley
Cyril Hall,C,0,33,Shirley
Cyril Hall,I,0,33,Shirley
Cyril Hall,A,0,33,Shirley
Cyril Hall,DC,0,33,Shirley
Cyril Hall,DN,0,33,Shirley
Daniel,N,0,33,Shirley
Daniel,C,0,33,Shirley
Daniel,I,0,33,Shirley
Daniel,A,0,33,Shirley
Daniel,DC,0,33,Shirley
Daniel,DN,0,33,Shirley
Davy,N,0,33,Shirley
Davy,C,0,33,Shirley
Davy,I,0,33,Shirley
Davy,A,0,33,Shirley
Davy,DC,0,33,Shirley
Davy,DN,0,33,Shirley
Donne,N,0,33,Shirley
Donne,C,0,33,Shirley
Donne,I,0,33,Shirley
Donne,A,0,33,Shirley
Donne,DC,0,33,Shirley
Donne,DN,0,33,Shirley
Dora,N,0,33,Shirley
Dora,C,0,33,Shirley
Dora,I,0,33,Shirley
Dora,A,0,33,Shirley
Dora,DC,0,33,Shirley
Dora,DN,0,33,Shirley
Dr. Boultby,N,0,33,Shirley
Dr. Boultby,C,0,33,Shirley
Dr. Boultby,I,0,33,Shirley
Dr. Boultby,A,0,33,Shirley
Dr. Boultby,DC,0,33,Shirley
Dr. Boultby,DN,0,33,Shirley
Eliza,N,0,33,Shirley
Eliza,C,0,33,Shirley
Eliza,I,0,33,Shirley
Eliza,A,0,33,Shirley
Eliza,DC,0,33,Shirley
Eliza,DN,0,33,Shirley
Eva,N,0,33,Shirley
Eva,C,0,33,Shirley
Eva,I,0,33,Shirley
Eva,A,0,33,Shirley
Eva,DC,0,33,Shirley
Eva,DN,0,33,Shirley
Eve,N,0,33,Shirley
Eve,C,0,33,Shirley
Eve,I,0,33,Shirley
Eve,A,0,33,Shirley
Eve,DC,0,33,Shirley
Eve,DN,0,33,Shirley
Fanny,N,0,33,Shirley
Fanny,C,0,33,Shirley
Fanny,I,0,33,Shirley
Fanny,A,0,33,Shirley
Fanny,DC,0,33,Shirley
Fanny,DN,0,33,Shirley
Farrens,N,0,33,Shirley
Farrens,C,0,33,Shirley
Farrens,I,0,33,Shirley
Farrens,A,0,33,Shirley
Farrens,DC,0,33,Shirley
Farrens,DN,0,33,Shirley
Fieldhead,N,0,33,Shirley
Fieldhead,C,0,33,Shirley
Fieldhead,I,0,33,Shirley
Fieldhead,A,0,33,Shirley
Fieldhead,DC,0,33,Shirley
Fieldhead,DN,0,33,Shirley
Fortune,N,0,33,Shirley
Fortune,C,0,33,Shirley
Fortune,I,0,33,Shirley
Fortune,A,0,33,Shirley
Fortune,DC,0,33,Shirley
Fortune,DN,0,33,Shirley
God,N,0,33,Shirley
God,C,0,33,Shirley
God,I,0,33,Shirley
God,A,0,33,Shirley
God,DC,0,33,Shirley
God,DN,0,33,Shirley
Grace,N,0,33,Shirley
Grace,C,0,33,Shirley
Grace,I,0,33,Shirley
Grace,A,0,33,Shirley
Grace,DC,0,33,Shirley
Grace,DN,0,33,Shirley
Hannah,N,0,33,Shirley
Hannah,C,0,33,Shirley
Hannah,I,0,33,Shirley
Hannah,A,0,33,Shirley
Hannah,DC,0,33,Shirley
Hannah,DN,0,33,Shirley
Harriet,N,0,33,Shirley
Harriet,C,0,33,Shirley
Harriet,I,0,33,Shirley
Harriet,A,0,33,Shirley
Harriet,DC,0,33,Shirley
Harriet,DN,0,33,Shirley
Helstone,N,0,33,Shirley
Helstone,C,0,33,Shirley
Helstone,I,0,33,Shirley
Helstone,A,0,33,Shirley
Helstone,DC,0,33,Shirley
Helstone,DN,0,33,Shirley
Henry,N,0,33,Shirley
Henry,C,0,33,Shirley
Henry,I,0,33,Shirley
Henry,A,0,33,Shirley
Henry,DC,0,33,Shirley
Henry,DN,0,33,Shirley
Hiram Yorke,N,0,33,Shirley
Hiram Yorke,C,0,33,Shirley
Hiram Yorke,I,0,33,Shirley
Hiram Yorke,A,0,33,Shirley
Hiram Yorke,DC,0,33,Shirley
Hiram Yorke,DN,0,33,Shirley
Hollow,N,0,33,Shirley
Hollow,C,0,33,Shirley
Hollow,I,0,33,Shirley
Hollow,A,0,33,Shirley
Hollow,DC,0,33,Shirley
Hollow,DN,0,33,Shirley
Hortense,N,4,33,Shirley
Hortense,C,0,33,Shirley
Hortense,I,1,33,Shirley
Hortense,A,7,33,Shirley
Hortense,DC,7,33,Shirley
Hortense,DN,2,33,Shirley
Isabella,N,0,33,Shirley
Isabella,C,0,33,Shirley
Isabella,I,0,33,Shirley
Isabella,A,0,33,Shirley
Isabella,DC,0,33,Shirley
Isabella,DN,0,33,Shirley
James,N,0,33,Shirley
James,C,0,33,Shirley
James,I,0,33,Shirley
James,A,0,33,Shirley
James,DC,0,33,Shirley
James,DN,0,33,Shirley
Jessy,N,0,33,Shirley
Jessy,C,0,33,Shirley
Jessy,I,0,33,Shirley
Jessy,A,0,33,Shirley
Jessy,DC,0,33,Shirley
Jessy,DN,0,33,Shirley
Joe,N,0,33,Shirley
Joe,C,0,33,Shirley
Joe,I,0,33,Shirley
Joe,A,0,33,Shirley
Joe,DC,0,33,Shirley
Joe,DN,0,33,Shirley
John,N,1,33,Shirley
John,C,0,33,Shirley
John,I,0,33,Shirley
John,A,0,33,Shirley
John,DC,0,33,Shirley
John,DN,0,33,Shirley
John Wesley,N,0,33,Shirley
John Wesley,C,1,33,Shirley
John Wesley,I,0,33,Shirley
John Wesley,A,1,33,Shirley
John Wesley,DC,0,33,Shirley
John Wesley,DN,0,33,Shirley
Lamb,N,0,33,Shirley
Lamb,C,0,33,Shirley
Lamb,I,0,33,Shirley
Lamb,A,0,33,Shirley
Lamb,DC,0,33,Shirley
Lamb,DN,0,33,Shirley
Lina,N,1,33,Shirley
Lina,C,0,33,Shirley
Lina,I,0,33,Shirley
Lina,A,0,33,Shirley
Lina,DC,1,33,Shirley
Lina,DN,0,33,Shirley
Lord Wellington,N,0,33,Shirley
Lord Wellington,C,0,33,Shirley
Lord Wellington,I,0,33,Shirley
Lord Wellington,A,0,33,Shirley
Lord Wellington,DC,0,33,Shirley
Lord Wellington,DN,0,33,Shirley
Louis,N,0,33,Shirley
Louis,C,0,33,Shirley
Louis,I,0,33,Shirley
Louis,A,0,33,Shirley
Louis,DC,0,33,Shirley
Louis,DN,0,33,Shirley
Lucretia,N,0,33,Shirley
Lucretia,C,0,33,Shirley
Lucretia,I,0,33,Shirley
Lucretia,A,0,33,Shirley
Lucretia,DC,0,33,Shirley
Lucretia,DN,0,33,Shirley
MATTERS,N,0,33,Shirley
MATTERS,C,0,33,Shirley
MATTERS,I,0,33,Shirley
MATTERS,A,0,33,Shirley
MATTERS,DC,0,33,Shirley
MATTERS,DN,0,33,Shirley
MacTurk,N,1,33,Shirley
MacTurk,C,0,33,Shirley
MacTurk,I,0,33,Shirley
MacTurk,A,0,33,Shirley
MacTurk,DC,0,33,Shirley
MacTurk,DN,0,33,Shirley
Malone,N,0,33,Shirley
Malone,C,0,33,Shirley
Malone,I,0,33,Shirley
Malone,A,0,33,Shirley
Malone,DC,0,33,Shirley
Malone,DN,0,33,Shirley
Malone.--I,N,0,33,Shirley
Malone.--I,C,0,33,Shirley
Malone.--I,I,0,33,Shirley
Malone.--I,A,0,33,Shirley
Malone.--I,DC,0,33,Shirley
Malone.--I,DN,0,33,Shirley
Mamma,N,0,33,Shirley
Mamma,C,0,33,Shirley
Mamma,I,0,33,Shirley
Mamma,A,0,33,Shirley
Mamma,DC,0,33,Shirley
Mamma,DN,0,33,Shirley
Margaret,N,0,33,Shirley
Margaret,C,0,33,Shirley
Margaret,I,0,33,Shirley
Margaret,A,0,33,Shirley
Margaret,DC,0,33,Shirley
Margaret,DN,0,33,Shirley
Mark,N,3,33,Shirley
Mark,C,0,33,Shirley
Mark,I,0,33,Shirley
Mark,A,1,33,Shirley
Mark,DC,1,33,Shirley
Mark,DN,0,33,Shirley
Martin,N,25,33,Shirley
Martin,C,26,33,Shirley
Martin,I,33,33,Shirley
Martin,A,51,33,Shirley
Martin,DC,6,33,Shirley
Martin,DN,15,33,Shirley
Mary,N,0,33,Shirley
Mary,C,0,33,Shirley
Mary,I,0,33,Shirley
Mary,A,0,33,Shirley
Mary,DC,0,33,Shirley
Mary,DN,0,33,Shirley
Mary Ann Ainley,N,0,33,Shirley
Mary Ann Ainley,C,0,33,Shirley
Mary Ann Ainley,I,0,33,Shirley
Mary Ann Ainley,A,0,33,Shirley
Mary Ann Ainley,DC,0,33,Shirley
Mary Ann Ainley,DN,0,33,Shirley
Matthew,N,5,33,Shirley
Matthew,C,0,33,Shirley
Matthew,I,1,33,Shirley
Matthew,A,2,33,Shirley
Matthew,DC,1,33,Shirley
Matthew,DN,0,33,Shirley
Matthewson Helstone,N,0,33,Shirley
Matthewson Helstone,C,0,33,Shirley
Matthewson Helstone,I,0,33,Shirley
Matthewson Helstone,A,0,33,Shirley
Matthewson Helstone,DC,0,33,Shirley
Matthewson Helstone,DN,0,33,Shirley
Mike,N,0,33,Shirley
Mike,C,0,33,Shirley
Mike,I,0,33,Shirley
Mike,A,0,33,Shirley
Mike,DC,0,33,Shirley
Mike,DN,0,33,Shirley
Miss Ainley,N,0,33,Shirley
Miss Ainley,C,0,33,Shirley
Miss Ainley,I,0,33,Shirley
Miss Ainley,A,0,33,Shirley
Miss Ainley,DC,0,33,Shirley
Miss Ainley,DN,0,33,Shirley
Miss Austen,N,0,33,Shirley
Miss Austen,C,0,33,Shirley
Miss Austen,I,0,33,Shirley
Miss Austen,A,0,33,Shirley
Miss Austen,DC,0,33,Shirley
Miss Austen,DN,0,33,Shirley
Miss Cave,N,0,33,Shirley
Miss Cave,C,0,33,Shirley
Miss Cave,I,0,33,Shirley
Miss Cave,A,0,33,Shirley
Miss Cave,DC,0,33,Shirley
Miss Cave,DN,0,33,Shirley
Miss Grey,N,0,33,Shirley
Miss Grey,C,0,33,Shirley
Miss Grey,I,0,33,Shirley
Miss Grey,A,0,33,Shirley
Miss Grey,DC,0,33,Shirley
Miss Grey,DN,0,33,Shirley
Miss Hardman,N,0,33,Shirley
Miss Hardman,C,0,33,Shirley
Miss Hardman,I,0,33,Shirley
Miss Hardman,A,0,33,Shirley
Miss Hardman,DC,0,33,Shirley
Miss Hardman,DN,0,33,Shirley
Miss Mann,N,1,33,Shirley
Miss Mann,C,0,33,Shirley
Miss Mann,I,2,33,Shirley
Miss Mann,A,1,33,Shirley
Miss Mann,DC,0,33,Shirley
Miss Mann,DN,0,33,Shirley
Miss Mary,N,0,33,Shirley
Miss Mary,C,0,33,Shirley
Miss Mary,I,0,33,Shirley
Miss Mary,A,0,33,Shirley
Miss Mary,DC,0,33,Shirley
Miss Mary,DN,0,33,Shirley
Miss Moore,N,7,33,Shirley
Miss Moore,C,2,33,Shirley
Miss Moore,I,0,33,Shirley
Miss Moore,A,0,33,Shirley
Miss Moore,DC,1,33,Shirley
Miss Moore,DN,0,33,Shirley
Miss Pearson,N,0,33,Shirley
Miss Pearson,C,0,33,Shirley
Miss Pearson,I,0,33,Shirley
Miss Pearson,A,0,33,Shirley
Miss Pearson,DC,0,33,Shirley
Miss Pearson,DN,0,33,Shirley
Moore,N,0,33,Shirley
Moore,C,0,33,Shirley
Moore,I,0,33,Shirley
Moore,A,0,33,Shirley
Moore,DC,0,33,Shirley
Moore,DN,0,33,Shirley
Moses,N,0,33,Shirley
Moses,C,0,33,Shirley
Moses,I,0,33,Shirley
Moses,A,0,33,Shirley
Moses,DC,0,33,Shirley
Moses,DN,0,33,Shirley
Mother,N,0,33,Shirley
Mother,C,0,33,Shirley
Mother,I,0,33,Shirley
Mother,A,0,33,Shirley
Mother,DC,0,33,Shirley
Mother,DN,0,33,Shirley
Mr. Barraclough,N,0,33,Shirley
Mr. Barraclough,C,0,33,Shirley
Mr. Barraclough,I,0,33,Shirley
Mr. Barraclough,A,0,33,Shirley
Mr. Barraclough,DC,0,33,Shirley
Mr. Barraclough,DN,0,33,Shirley
Mr. Gale,N,0,33,Shirley
Mr. Gale,C,0,33,Shirley
Mr. Gale,I,0,33,Shirley
Mr. Gale,A,0,33,Shirley
Mr. Gale,DC,0,33,Shirley
Mr. Gale,DN,0,33,Shirley
Mr. Hall,N,0,33,Shirley
Mr. Hall,C,0,33,Shirley
Mr. Hall,I,0,33,Shirley
Mr. Hall,A,0,33,Shirley
Mr. Hall,DC,0,33,Shirley
Mr. Hall,DN,0,33,Shirley
Mr. Helstone,N,0,33,Shirley
Mr. Helstone,C,0,33,Shirley
Mr. Helstone,I,0,33,Shirley
Mr. Helstone,A,0,33,Shirley
Mr. Helstone,DC,0,33,Shirley
Mr. Helstone,DN,0,33,Shirley
Mr. Moore,N,0,33,Shirley
Mr. Moore,C,0,33,Shirley
Mr. Moore,I,0,33,Shirley
Mr. Moore,A,0,33,Shirley
Mr. Moore,DC,0,33,Shirley
Mr. Moore,DN,0,33,Shirley
Mr. Moore----,N,0,33,Shirley
Mr. Moore----,C,0,33,Shirley
Mr. Moore----,I,0,33,Shirley
Mr. Moore----,A,0,33,Shirley
Mr. Moore----,DC,0,33,Shirley
Mr. Moore----,DN,0,33,Shirley
Mr. Ramsden,N,0,33,Shirley
Mr. Ramsden,C,0,33,Shirley
Mr. Ramsden,I,0,33,Shirley
Mr. Ramsden,A,0,33,Shirley
Mr. Ramsden,DC,0,33,Shirley
Mr. Ramsden,DN,0,33,Shirley
Mr. Sykes,N,0,33,Shirley
Mr. Sykes,C,0,33,Shirley
Mr. Sykes,I,0,33,Shirley
Mr. Sykes,A,0,33,Shirley
Mr. Sykes,DC,0,33,Shirley
Mr. Sykes,DN,0,33,Shirley
Mr. Sympson,N,0,33,Shirley
Mr. Sympson,C,0,33,Shirley
Mr. Sympson,I,0,33,Shirley
Mr. Sympson,A,0,33,Shirley
Mr. Sympson,DC,0,33,Shirley
Mr. Sympson,DN,0,33,Shirley
Mr. Wynne,N,0,33,Shirley
Mr. Wynne,C,0,33,Shirley
Mr. Wynne,I,0,33,Shirley
Mr. Wynne,A,0,33,Shirley
Mr. Wynne,DC,0,33,Shirley
Mr. Wynne,DN,0,33,Shirley
Mr. Yorke,N,2,33,Shirley
Mr. Yorke,C,2,33,Shirley
Mr. Yorke,I,1,33,Shirley
Mr. Yorke,A,1,33,Shirley
Mr. Yorke,DC,0,33,Shirley
Mr. Yorke,DN,0,33,Shirley
Mrs. Gale,N,0,33,Shirley
Mrs. Gale,C,0,33,Shirley
Mrs. Gale,I,0,33,Shirley
Mrs. Gale,A,0,33,Shirley
Mrs. Gale,DC,0,33,Shirley
Mrs. Gale,DN,0,33,Shirley
Mrs. Gill,N,0,33,Shirley
Mrs. Gill,C,0,33,Shirley
Mrs. Gill,I,0,33,Shirley
Mrs. Gill,A,0,33,Shirley
Mrs. Gill,DC,0,33,Shirley
Mrs. Gill,DN,0,33,Shirley
Mrs. Hardman,N,0,33,Shirley
Mrs. Hardman,C,0,33,Shirley
Mrs. Hardman,I,0,33,Shirley
Mrs. Hardman,A,0,33,Shirley
Mrs. Hardman,DC,0,33,Shirley
Mrs. Hardman,DN,0,33,Shirley
Mrs. Horsfall,N,3,33,Shirley
Mrs. Horsfall,C,0,33,Shirley
Mrs. Horsfall,I,0,33,Shirley
Mrs. Horsfall,A,1,33,Shirley
Mrs. Horsfall,DC,1,33,Shirley
Mrs. Horsfall,DN,0,33,Shirley
Mrs. Louis,N,0,33,Shirley
Mrs. Louis,C,0,33,Shirley
Mrs. Louis,I,0,33,Shirley
Mrs. Louis,A,0,33,Shirley
Mrs. Louis,DC,0,33,Shirley
Mrs. Louis,DN,0,33,Shirley
Mrs. Pryor,N,1,33,Shirley
Mrs. Pryor,C,0,33,Shirley
Mrs. Pryor,I,1,33,Shirley
Mrs. Pryor,A,2,33,Shirley
Mrs. Pryor,DC,5,33,Shirley
Mrs. Pryor,DN,0,33,Shirley
Mrs. Sykes,N,0,33,Shirley
Mrs. Sykes,C,0,33,Shirley
Mrs. Sykes,I,0,33,Shirley
Mrs. Sykes,A,0,33,Shirley
Mrs. Sykes,DC,0,33,Shirley
Mrs. Sykes,DN,0,33,Shirley
Mrs. Yorke,N,7,33,Shirley
Mrs. Yorke,C,0,33,Shirley
Mrs. Yorke,I,1,33,Shirley
Mrs. Yorke,A,4,33,Shirley
Mrs. Yorke,DC,6,33,Shirley
Mrs. Yorke,DN,0,33,Shirley
Murgatroyd,N,1,33,Shirley
Murgatroyd,C,0,33,Shirley
Murgatroyd,I,0,33,Shirley
Murgatroyd,A,0,33,Shirley
Murgatroyd,DC,0,33,Shirley
Murgatroyd,DN,0,33,Shirley
Napoleon,N,0,33,Shirley
Napoleon,C,0,33,Shirley
Napoleon,I,0,33,Shirley
Napoleon,A,0,33,Shirley
Napoleon,DC,0,33,Shirley
Napoleon,DN,0,33,Shirley
Nature,N,0,33,Shirley
Nature,C,0,33,Shirley
Nature,I,0,33,Shirley
Nature,A,0,33,Shirley
Nature,DC,0,33,Shirley
Nature,DN,0,33,Shirley
Pearson,N,0,33,Shirley
Pearson,C,0,33,Shirley
Pearson,I,0,33,Shirley
Pearson,A,0,33,Shirley
Pearson,DC,0,33,Shirley
Pearson,DN,0,33,Shirley
Peg Woffington.= CHARLES READE,N,0,33,Shirley
Peg Woffington.= CHARLES READE,C,0,33,Shirley
Peg Woffington.= CHARLES READE,I,0,33,Shirley
Peg Woffington.= CHARLES READE,A,0,33,Shirley
Peg Woffington.= CHARLES READE,DC,0,33,Shirley
Peg Woffington.= CHARLES READE,DN,0,33,Shirley
Peter,N,0,33,Shirley
Peter,C,0,33,Shirley
Peter,I,0,33,Shirley
Peter,A,0,33,Shirley
Peter,DC,0,33,Shirley
Peter,DN,0,33,Shirley
Phœbe,N,0,33,Shirley
Phœbe,C,0,33,Shirley
Phœbe,I,0,33,Shirley
Phœbe,A,0,33,Shirley
Phœbe,DC,0,33,Shirley
Phœbe,DN,0,33,Shirley
Providence,N,0,33,Shirley
Providence,C,0,33,Shirley
Providence,I,0,33,Shirley
Providence,A,0,33,Shirley
Providence,DC,0,33,Shirley
Providence,DN,0,33,Shirley
Robert,N,8,33,Shirley
Robert,C,24,33,Shirley
Robert,I,17,33,Shirley
Robert,A,23,33,Shirley
Robert,DC,2,33,Shirley
Robert,DN,0,33,Shirley
Rose,N,0,33,Shirley
Rose,C,0,33,Shirley
Rose,I,0,33,Shirley
Rose,A,0,33,Shirley
Rose,DC,0,33,Shirley
Rose,DN,0,33,Shirley
Sarah,N,1,33,Shirley
Sarah,C,0,33,Shirley
Sarah,I,0,33,Shirley
Sarah,A,0,33,Shirley
Sarah,DC,0,33,Shirley
Sarah,DN,0,33,Shirley
Saturnia,N,0,33,Shirley
Saturnia,C,0,33,Shirley
Saturnia,I,0,33,Shirley
Saturnia,A,0,33,Shirley
Saturnia,DC,0,33,Shirley
Saturnia,DN,0,33,Shirley
Shakespeare,N,0,33,Shirley
Shakespeare,C,0,33,Shirley
Shakespeare,I,0,33,Shirley
Shakespeare,A,0,33,Shirley
Shakespeare,DC,0,33,Shirley
Shakespeare,DN,0,33,Shirley
Shirley,N,3,33,Shirley
Shirley,C,0,33,Shirley
Shirley,I,0,33,Shirley
Shirley,A,1,33,Shirley
Shirley,DC,3,33,Shirley
Shirley,DN,0,33,Shirley
Sir Philip,N,0,33,Shirley
Sir Philip,C,0,33,Shirley
Sir Philip,I,0,33,Shirley
Sir Philip,A,0,33,Shirley
Sir Philip,DC,0,33,Shirley
Sir Philip,DN,0,33,Shirley
Sir Walter Scott,N,0,33,Shirley
Sir Walter Scott,C,0,33,Shirley
Sir Walter Scott,I,0,33,Shirley
Sir Walter Scott,A,0,33,Shirley
Sir Walter Scott,DC,0,33,Shirley
Sir Walter Scott,DN,0,33,Shirley
Sister,N,0,33,Shirley
Sister,C,0,33,Shirley
Sister,I,0,33,Shirley
Sister,A,0,33,Shirley
Sister,DC,0,33,Shirley
Sister,DN,0,33,Shirley
St. Paul,N,0,33,Shirley
St. Paul,C,0,33,Shirley
St. Paul,I,0,33,Shirley
St. Paul,A,0,33,Shirley
St. Paul,DC,0,33,Shirley
St. Paul,DN,0,33,Shirley
Stilbro,N,0,33,Shirley
Stilbro,C,0,33,Shirley
Stilbro,I,0,33,Shirley
Stilbro,A,0,33,Shirley
Stilbro,DC,0,33,Shirley
Stilbro,DN,0,33,Shirley
Sudgen,N,0,33,Shirley
Sudgen,C,0,33,Shirley
Sudgen,I,0,33,Shirley
Sudgen,A,0,33,Shirley
Sudgen,DC,0,33,Shirley
Sudgen,DN,0,33,Shirley
Sugden,N,0,33,Shirley
Sugden,C,0,33,Shirley
Sugden,I,0,33,Shirley
Sugden,A,0,33,Shirley
Sugden,DC,0,33,Shirley
Sugden,DN,0,33,Shirley
Sweeting,N,0,33,Shirley
Sweeting,C,0,33,Shirley
Sweeting,I,0,33,Shirley
Sweeting,A,0,33,Shirley
Sweeting,DC,0,33,Shirley
Sweeting,DN,0,33,Shirley
Tartar,N,0,33,Shirley
Tartar,C,0,33,Shirley
Tartar,I,0,33,Shirley
Tartar,A,0,33,Shirley
Tartar,DC,0,33,Shirley
Tartar,DN,0,33,Shirley
The Cossack,N,0,33,Shirley
The Cossack,C,0,33,Shirley
The Cossack,I,0,33,Shirley
The Cossack,A,0,33,Shirley
The Cossack,DC,0,33,Shirley
The Cossack,DN,0,33,Shirley
These Oreads,N,0,33,Shirley
These Oreads,C,0,33,Shirley
These Oreads,I,0,33,Shirley
These Oreads,A,0,33,Shirley
These Oreads,DC,0,33,Shirley
These Oreads,DN,0,33,Shirley
Tom Cringle,N,0,33,Shirley
Tom Cringle,C,0,33,Shirley
Tom Cringle,I,0,33,Shirley
Tom Cringle,A,0,33,Shirley
Tom Cringle,DC,0,33,Shirley
Tom Cringle,DN,0,33,Shirley
Uncle,N,0,33,Shirley
Uncle,C,0,33,Shirley
Uncle,I,0,33,Shirley
Uncle,A,0,33,Shirley
Uncle,DC,0,33,Shirley
Uncle,DN,0,33,Shirley
VICTOR HUGO,N,0,33,Shirley
VICTOR HUGO,C,0,33,Shirley
VICTOR HUGO,I,0,33,Shirley
VICTOR HUGO,A,0,33,Shirley
VICTOR HUGO,DC,0,33,Shirley
VICTOR HUGO,DN,0,33,Shirley
Whinbury,N,0,33,Shirley
Whinbury,C,0,33,Shirley
Whinbury,I,0,33,Shirley
Whinbury,A,0,33,Shirley
Whinbury,DC,0,33,Shirley
Whinbury,DN,0,33,Shirley
William,N,0,33,Shirley
William,C,0,33,Shirley
William,I,0,33,Shirley
William,A,0,33,Shirley
William,DC,0,33,Shirley
William,DN,0,33,Shirley
mademoiselle,N,0,33,Shirley
mademoiselle,C,0,33,Shirley
mademoiselle,I,0,33,Shirley
mademoiselle,A,0,33,Shirley
mademoiselle,DC,0,33,Shirley
mademoiselle,DN,0,33,Shirley
old Lady Nunnely,N,0,33,Shirley
old Lady Nunnely,C,0,33,Shirley
old Lady Nunnely,I,0,33,Shirley
old Lady Nunnely,A,0,33,Shirley
old Lady Nunnely,DC,0,33,Shirley
old Lady Nunnely,DN,0,33,Shirley
old Queen Charlotte,N,0,33,Shirley
old Queen Charlotte,C,0,33,Shirley
old Queen Charlotte,I,0,33,Shirley
old Queen Charlotte,A,0,33,Shirley
old Queen Charlotte,DC,0,33,Shirley
old Queen Charlotte,DN,0,33,Shirley
the Misses Sykes,N,0,33,Shirley
the Misses Sykes,C,0,33,Shirley
the Misses Sykes,I,0,33,Shirley
the Misses Sykes,A,0,33,Shirley
the Misses Sykes,DC,0,33,Shirley
the Misses Sykes,DN,0,33,Shirley
the Misses Sympson,N,0,33,Shirley
the Misses Sympson,C,0,33,Shirley
the Misses Sympson,I,0,33,Shirley
the Misses Sympson,A,0,33,Shirley
the Misses Sympson,DC,0,33,Shirley
the Misses Sympson,DN,0,33,Shirley
the Moores,N,0,33,Shirley
the Moores,C,0,33,Shirley
the Moores,I,0,33,Shirley
the Moores,A,0,33,Shirley
the Moores,DC,0,33,Shirley
the Moores,DN,0,33,Shirley
the Sympsons,N,0,33,Shirley
the Sympsons,C,0,33,Shirley
the Sympsons,I,0,33,Shirley
the Sympsons,A,0,33,Shirley
the Sympsons,DC,0,33,Shirley
the Sympsons,DN,0,33,Shirley
Abraham,N,0,34,Shirley
Abraham,C,0,34,Shirley
Abraham,I,0,34,Shirley
Abraham,A,0,34,Shirley
Abraham,DC,0,34,Shirley
Abraham,DN,0,34,Shirley
Adam,N,0,34,Shirley
Adam,C,0,34,Shirley
Adam,I,0,34,Shirley
Adam,A,0,34,Shirley
Adam,DC,0,34,Shirley
Adam,DN,0,34,Shirley
Bob,N,0,34,Shirley
Bob,C,0,34,Shirley
Bob,I,0,34,Shirley
Bob,A,0,34,Shirley
Bob,DC,0,34,Shirley
Bob,DN,0,34,Shirley
Bonaparte,N,0,34,Shirley
Bonaparte,C,0,34,Shirley
Bonaparte,I,0,34,Shirley
Bonaparte,A,0,34,Shirley
Bonaparte,DC,0,34,Shirley
Bonaparte,DN,0,34,Shirley
Boultby,N,0,34,Shirley
Boultby,C,0,34,Shirley
Boultby,I,0,34,Shirley
Boultby,A,0,34,Shirley
Boultby,DC,0,34,Shirley
Boultby,DN,0,34,Shirley
Briarmains,N,1,34,Shirley
Briarmains,C,0,34,Shirley
Briarmains,I,0,34,Shirley
Briarmains,A,0,34,Shirley
Briarmains,DC,1,34,Shirley
Briarmains,DN,0,34,Shirley
CHARLES DICKENS,N,0,34,Shirley
CHARLES DICKENS,C,0,34,Shirley
CHARLES DICKENS,I,0,34,Shirley
CHARLES DICKENS,A,0,34,Shirley
CHARLES DICKENS,DC,0,34,Shirley
CHARLES DICKENS,DN,0,34,Shirley
Captain Keeldar,N,0,34,Shirley
Captain Keeldar,C,0,34,Shirley
Captain Keeldar,I,0,34,Shirley
Captain Keeldar,A,0,34,Shirley
Captain Keeldar,DC,0,34,Shirley
Captain Keeldar,DN,0,34,Shirley
Caroline,N,3,34,Shirley
Caroline,C,1,34,Shirley
Caroline,I,3,34,Shirley
Caroline,A,4,34,Shirley
Caroline,DC,0,34,Shirley
Caroline,DN,1,34,Shirley
"Caroline--""She",N,0,34,Shirley
"Caroline--""She",C,0,34,Shirley
"Caroline--""She",I,0,34,Shirley
"Caroline--""She",A,0,34,Shirley
"Caroline--""She",DC,0,34,Shirley
"Caroline--""She",DN,0,34,Shirley
Cary,N,0,34,Shirley
Cary,C,0,34,Shirley
Cary,I,0,34,Shirley
Cary,A,0,34,Shirley
Cary,DC,0,34,Shirley
Cary,DN,0,34,Shirley
Castlereagh,N,0,34,Shirley
Castlereagh,C,0,34,Shirley
Castlereagh,I,0,34,Shirley
Castlereagh,A,0,34,Shirley
Castlereagh,DC,0,34,Shirley
Castlereagh,DN,0,34,Shirley
Chénier,N,0,34,Shirley
Chénier,C,0,34,Shirley
Chénier,I,0,34,Shirley
Chénier,A,0,34,Shirley
Chénier,DC,0,34,Shirley
Chénier,DN,0,34,Shirley
Coriolanus,N,0,34,Shirley
Coriolanus,C,0,34,Shirley
Coriolanus,I,0,34,Shirley
Coriolanus,A,0,34,Shirley
Coriolanus,DC,0,34,Shirley
Coriolanus,DN,0,34,Shirley
Cowper,N,0,34,Shirley
Cowper,C,0,34,Shirley
Cowper,I,0,34,Shirley
Cowper,A,0,34,Shirley
Cowper,DC,0,34,Shirley
Cowper,DN,0,34,Shirley
Cyril Hall,N,0,34,Shirley
Cyril Hall,C,0,34,Shirley
Cyril Hall,I,0,34,Shirley
Cyril Hall,A,0,34,Shirley
Cyril Hall,DC,0,34,Shirley
Cyril Hall,DN,0,34,Shirley
Daniel,N,0,34,Shirley
Daniel,C,0,34,Shirley
Daniel,I,0,34,Shirley
Daniel,A,0,34,Shirley
Daniel,DC,0,34,Shirley
Daniel,DN,0,34,Shirley
Davy,N,0,34,Shirley
Davy,C,0,34,Shirley
Davy,I,0,34,Shirley
Davy,A,0,34,Shirley
Davy,DC,0,34,Shirley
Davy,DN,0,34,Shirley
Donne,N,0,34,Shirley
Donne,C,0,34,Shirley
Donne,I,0,34,Shirley
Donne,A,0,34,Shirley
Donne,DC,0,34,Shirley
Donne,DN,0,34,Shirley
Dora,N,0,34,Shirley
Dora,C,0,34,Shirley
Dora,I,0,34,Shirley
Dora,A,0,34,Shirley
Dora,DC,0,34,Shirley
Dora,DN,0,34,Shirley
Dr. Boultby,N,0,34,Shirley
Dr. Boultby,C,0,34,Shirley
Dr. Boultby,I,0,34,Shirley
Dr. Boultby,A,0,34,Shirley
Dr. Boultby,DC,0,34,Shirley
Dr. Boultby,DN,0,34,Shirley
Eliza,N,0,34,Shirley
Eliza,C,0,34,Shirley
Eliza,I,0,34,Shirley
Eliza,A,0,34,Shirley
Eliza,DC,0,34,Shirley
Eliza,DN,0,34,Shirley
Eva,N,0,34,Shirley
Eva,C,0,34,Shirley
Eva,I,0,34,Shirley
Eva,A,0,34,Shirley
Eva,DC,0,34,Shirley
Eva,DN,0,34,Shirley
Eve,N,0,34,Shirley
Eve,C,0,34,Shirley
Eve,I,0,34,Shirley
Eve,A,0,34,Shirley
Eve,DC,0,34,Shirley
Eve,DN,0,34,Shirley
Fanny,N,0,34,Shirley
Fanny,C,0,34,Shirley
Fanny,I,0,34,Shirley
Fanny,A,0,34,Shirley
Fanny,DC,0,34,Shirley
Fanny,DN,0,34,Shirley
Farrens,N,0,34,Shirley
Farrens,C,0,34,Shirley
Farrens,I,0,34,Shirley
Farrens,A,0,34,Shirley
Farrens,DC,0,34,Shirley
Farrens,DN,0,34,Shirley
Fieldhead,N,0,34,Shirley
Fieldhead,C,0,34,Shirley
Fieldhead,I,0,34,Shirley
Fieldhead,A,0,34,Shirley
Fieldhead,DC,0,34,Shirley
Fieldhead,DN,0,34,Shirley
Fortune,N,0,34,Shirley
Fortune,C,0,34,Shirley
Fortune,I,0,34,Shirley
Fortune,A,0,34,Shirley
Fortune,DC,0,34,Shirley
Fortune,DN,0,34,Shirley
God,N,0,34,Shirley
God,C,0,34,Shirley
God,I,0,34,Shirley
God,A,0,34,Shirley
God,DC,0,34,Shirley
God,DN,0,34,Shirley
Grace,N,0,34,Shirley
Grace,C,0,34,Shirley
Grace,I,0,34,Shirley
Grace,A,0,34,Shirley
Grace,DC,0,34,Shirley
Grace,DN,0,34,Shirley
Hannah,N,0,34,Shirley
Hannah,C,0,34,Shirley
Hannah,I,0,34,Shirley
Hannah,A,0,34,Shirley
Hannah,DC,0,34,Shirley
Hannah,DN,0,34,Shirley
Harriet,N,0,34,Shirley
Harriet,C,0,34,Shirley
Harriet,I,0,34,Shirley
Harriet,A,0,34,Shirley
Harriet,DC,0,34,Shirley
Harriet,DN,0,34,Shirley
Helstone,N,0,34,Shirley
Helstone,C,0,34,Shirley
Helstone,I,0,34,Shirley
Helstone,A,0,34,Shirley
Helstone,DC,0,34,Shirley
Helstone,DN,0,34,Shirley
Henry,N,0,34,Shirley
Henry,C,0,34,Shirley
Henry,I,0,34,Shirley
Henry,A,0,34,Shirley
Henry,DC,0,34,Shirley
Henry,DN,0,34,Shirley
Hiram Yorke,N,3,34,Shirley
Hiram Yorke,C,0,34,Shirley
Hiram Yorke,I,0,34,Shirley
Hiram Yorke,A,0,34,Shirley
Hiram Yorke,DC,2,34,Shirley
Hiram Yorke,DN,0,34,Shirley
Hollow,N,0,34,Shirley
Hollow,C,0,34,Shirley
Hollow,I,0,34,Shirley
Hollow,A,0,34,Shirley
Hollow,DC,0,34,Shirley
Hollow,DN,0,34,Shirley
Hortense,N,0,34,Shirley
Hortense,C,0,34,Shirley
Hortense,I,0,34,Shirley
Hortense,A,0,34,Shirley
Hortense,DC,0,34,Shirley
Hortense,DN,0,34,Shirley
Isabella,N,0,34,Shirley
Isabella,C,0,34,Shirley
Isabella,I,0,34,Shirley
Isabella,A,0,34,Shirley
Isabella,DC,0,34,Shirley
Isabella,DN,0,34,Shirley
James,N,0,34,Shirley
James,C,0,34,Shirley
James,I,0,34,Shirley
James,A,0,34,Shirley
James,DC,0,34,Shirley
James,DN,0,34,Shirley
Jessy,N,0,34,Shirley
Jessy,C,0,34,Shirley
Jessy,I,0,34,Shirley
Jessy,A,0,34,Shirley
Jessy,DC,0,34,Shirley
Jessy,DN,0,34,Shirley
Joe,N,0,34,Shirley
Joe,C,0,34,Shirley
Joe,I,0,34,Shirley
Joe,A,0,34,Shirley
Joe,DC,0,34,Shirley
Joe,DN,0,34,Shirley
John,N,0,34,Shirley
John,C,0,34,Shirley
John,I,0,34,Shirley
John,A,0,34,Shirley
John,DC,0,34,Shirley
John,DN,0,34,Shirley
John Wesley,N,3,34,Shirley
John Wesley,C,0,34,Shirley
John Wesley,I,0,34,Shirley
John Wesley,A,1,34,Shirley
John Wesley,DC,1,34,Shirley
John Wesley,DN,0,34,Shirley
Lamb,N,0,34,Shirley
Lamb,C,0,34,Shirley
Lamb,I,0,34,Shirley
Lamb,A,0,34,Shirley
Lamb,DC,0,34,Shirley
Lamb,DN,0,34,Shirley
Lina,N,0,34,Shirley
Lina,C,0,34,Shirley
Lina,I,0,34,Shirley
Lina,A,0,34,Shirley
Lina,DC,0,34,Shirley
Lina,DN,0,34,Shirley
Lord Wellington,N,0,34,Shirley
Lord Wellington,C,0,34,Shirley
Lord Wellington,I,0,34,Shirley
Lord Wellington,A,0,34,Shirley
Lord Wellington,DC,0,34,Shirley
Lord Wellington,DN,0,34,Shirley
Louis,N,0,34,Shirley
Louis,C,0,34,Shirley
Louis,I,0,34,Shirley
Louis,A,0,34,Shirley
Louis,DC,0,34,Shirley
Louis,DN,0,34,Shirley
Lucretia,N,0,34,Shirley
Lucretia,C,0,34,Shirley
Lucretia,I,0,34,Shirley
Lucretia,A,0,34,Shirley
Lucretia,DC,0,34,Shirley
Lucretia,DN,0,34,Shirley
MATTERS,N,0,34,Shirley
MATTERS,C,17,34,Shirley
MATTERS,I,14,34,Shirley
MATTERS,A,14,34,Shirley
MATTERS,DC,5,34,Shirley
MATTERS,DN,0,34,Shirley
MacTurk,N,0,34,Shirley
MacTurk,C,0,34,Shirley
MacTurk,I,0,34,Shirley
MacTurk,A,0,34,Shirley
MacTurk,DC,0,34,Shirley
MacTurk,DN,0,34,Shirley
Malone,N,0,34,Shirley
Malone,C,0,34,Shirley
Malone,I,0,34,Shirley
Malone,A,0,34,Shirley
Malone,DC,0,34,Shirley
Malone,DN,0,34,Shirley
Malone.--I,N,0,34,Shirley
Malone.--I,C,0,34,Shirley
Malone.--I,I,0,34,Shirley
Malone.--I,A,0,34,Shirley
Malone.--I,DC,0,34,Shirley
Malone.--I,DN,0,34,Shirley
Mamma,N,1,34,Shirley
Mamma,C,0,34,Shirley
Mamma,I,0,34,Shirley
Mamma,A,0,34,Shirley
Mamma,DC,1,34,Shirley
Mamma,DN,0,34,Shirley
Margaret,N,0,34,Shirley
Margaret,C,0,34,Shirley
Margaret,I,0,34,Shirley
Margaret,A,0,34,Shirley
Margaret,DC,0,34,Shirley
Margaret,DN,0,34,Shirley
Mark,N,0,34,Shirley
Mark,C,0,34,Shirley
Mark,I,0,34,Shirley
Mark,A,0,34,Shirley
Mark,DC,0,34,Shirley
Mark,DN,0,34,Shirley
Martin,N,26,34,Shirley
Martin,C,34,34,Shirley
Martin,I,26,34,Shirley
Martin,A,27,34,Shirley
Martin,DC,11,34,Shirley
Martin,DN,2,34,Shirley
Mary,N,0,34,Shirley
Mary,C,0,34,Shirley
Mary,I,0,34,Shirley
Mary,A,0,34,Shirley
Mary,DC,0,34,Shirley
Mary,DN,0,34,Shirley
Mary Ann Ainley,N,0,34,Shirley
Mary Ann Ainley,C,0,34,Shirley
Mary Ann Ainley,I,0,34,Shirley
Mary Ann Ainley,A,0,34,Shirley
Mary Ann Ainley,DC,0,34,Shirley
Mary Ann Ainley,DN,0,34,Shirley
Matthew,N,1,34,Shirley
Matthew,C,0,34,Shirley
Matthew,I,0,34,Shirley
Matthew,A,1,34,Shirley
Matthew,DC,1,34,Shirley
Matthew,DN,0,34,Shirley
Matthewson Helstone,N,0,34,Shirley
Matthewson Helstone,C,0,34,Shirley
Matthewson Helstone,I,0,34,Shirley
Matthewson Helstone,A,0,34,Shirley
Matthewson Helstone,DC,0,34,Shirley
Matthewson Helstone,DN,0,34,Shirley
Mike,N,0,34,Shirley
Mike,C,0,34,Shirley
Mike,I,0,34,Shirley
Mike,A,0,34,Shirley
Mike,DC,0,34,Shirley
Mike,DN,0,34,Shirley
Miss Ainley,N,0,34,Shirley
Miss Ainley,C,0,34,Shirley
Miss Ainley,I,0,34,Shirley
Miss Ainley,A,0,34,Shirley
Miss Ainley,DC,0,34,Shirley
Miss Ainley,DN,0,34,Shirley
Miss Austen,N,0,34,Shirley
Miss Austen,C,0,34,Shirley
Miss Austen,I,0,34,Shirley
Miss Austen,A,0,34,Shirley
Miss Austen,DC,0,34,Shirley
Miss Austen,DN,0,34,Shirley
Miss Cave,N,0,34,Shirley
Miss Cave,C,0,34,Shirley
Miss Cave,I,0,34,Shirley
Miss Cave,A,0,34,Shirley
Miss Cave,DC,0,34,Shirley
Miss Cave,DN,0,34,Shirley
Miss Grey,N,0,34,Shirley
Miss Grey,C,0,34,Shirley
Miss Grey,I,0,34,Shirley
Miss Grey,A,0,34,Shirley
Miss Grey,DC,0,34,Shirley
Miss Grey,DN,0,34,Shirley
Miss Hardman,N,0,34,Shirley
Miss Hardman,C,0,34,Shirley
Miss Hardman,I,0,34,Shirley
Miss Hardman,A,0,34,Shirley
Miss Hardman,DC,0,34,Shirley
Miss Hardman,DN,0,34,Shirley
Miss Mann,N,0,34,Shirley
Miss Mann,C,0,34,Shirley
Miss Mann,I,0,34,Shirley
Miss Mann,A,0,34,Shirley
Miss Mann,DC,0,34,Shirley
Miss Mann,DN,0,34,Shirley
Miss Mary,N,0,34,Shirley
Miss Mary,C,0,34,Shirley
Miss Mary,I,0,34,Shirley
Miss Mary,A,0,34,Shirley
Miss Mary,DC,0,34,Shirley
Miss Mary,DN,0,34,Shirley
Miss Moore,N,0,34,Shirley
Miss Moore,C,0,34,Shirley
Miss Moore,I,0,34,Shirley
Miss Moore,A,0,34,Shirley
Miss Moore,DC,0,34,Shirley
Miss Moore,DN,0,34,Shirley
Miss Pearson,N,0,34,Shirley
Miss Pearson,C,0,34,Shirley
Miss Pearson,I,0,34,Shirley
Miss Pearson,A,0,34,Shirley
Miss Pearson,DC,0,34,Shirley
Miss Pearson,DN,0,34,Shirley
Moore,N,0,34,Shirley
Moore,C,0,34,Shirley
Moore,I,0,34,Shirley
Moore,A,0,34,Shirley
Moore,DC,0,34,Shirley
Moore,DN,0,34,Shirley
Moses,N,0,34,Shirley
Moses,C,0,34,Shirley
Moses,I,0,34,Shirley
Moses,A,0,34,Shirley
Moses,DC,0,34,Shirley
Moses,DN,0,34,Shirley
Mother,N,1,34,Shirley
Mother,C,0,34,Shirley
Mother,I,0,34,Shirley
Mother,A,0,34,Shirley
Mother,DC,0,34,Shirley
Mother,DN,0,34,Shirley
Mr. Barraclough,N,0,34,Shirley
Mr. Barraclough,C,0,34,Shirley
Mr. Barraclough,I,0,34,Shirley
Mr. Barraclough,A,0,34,Shirley
Mr. Barraclough,DC,0,34,Shirley
Mr. Barraclough,DN,0,34,Shirley
Mr. Gale,N,0,34,Shirley
Mr. Gale,C,0,34,Shirley
Mr. Gale,I,0,34,Shirley
Mr. Gale,A,0,34,Shirley
Mr. Gale,DC,0,34,Shirley
Mr. Gale,DN,0,34,Shirley
Mr. Hall,N,0,34,Shirley
Mr. Hall,C,0,34,Shirley
Mr. Hall,I,0,34,Shirley
Mr. Hall,A,0,34,Shirley
Mr. Hall,DC,0,34,Shirley
Mr. Hall,DN,0,34,Shirley
Mr. Helstone,N,1,34,Shirley
Mr. Helstone,C,0,34,Shirley
Mr. Helstone,I,0,34,Shirley
Mr. Helstone,A,0,34,Shirley
Mr. Helstone,DC,0,34,Shirley
Mr. Helstone,DN,1,34,Shirley
Mr. Moore,N,0,34,Shirley
Mr. Moore,C,0,34,Shirley
Mr. Moore,I,0,34,Shirley
Mr. Moore,A,0,34,Shirley
Mr. Moore,DC,0,34,Shirley
Mr. Moore,DN,0,34,Shirley
Mr. Moore----,N,0,34,Shirley
Mr. Moore----,C,0,34,Shirley
Mr. Moore----,I,0,34,Shirley
Mr. Moore----,A,0,34,Shirley
Mr. Moore----,DC,0,34,Shirley
Mr. Moore----,DN,0,34,Shirley
Mr. Ramsden,N,0,34,Shirley
Mr. Ramsden,C,0,34,Shirley
Mr. Ramsden,I,0,34,Shirley
Mr. Ramsden,A,0,34,Shirley
Mr. Ramsden,DC,0,34,Shirley
Mr. Ramsden,DN,0,34,Shirley
Mr. Sykes,N,0,34,Shirley
Mr. Sykes,C,0,34,Shirley
Mr. Sykes,I,0,34,Shirley
Mr. Sykes,A,0,34,Shirley
Mr. Sykes,DC,0,34,Shirley
Mr. Sykes,DN,0,34,Shirley
Mr. Sympson,N,0,34,Shirley
Mr. Sympson,C,0,34,Shirley
Mr. Sympson,I,0,34,Shirley
Mr. Sympson,A,0,34,Shirley
Mr. Sympson,DC,0,34,Shirley
Mr. Sympson,DN,0,34,Shirley
Mr. Wynne,N,1,34,Shirley
Mr. Wynne,C,0,34,Shirley
Mr. Wynne,I,0,34,Shirley
Mr. Wynne,A,0,34,Shirley
Mr. Wynne,DC,1,34,Shirley
Mr. Wynne,DN,0,34,Shirley
Mr. Yorke,N,2,34,Shirley
Mr. Yorke,C,3,34,Shirley
Mr. Yorke,I,2,34,Shirley
Mr. Yorke,A,2,34,Shirley
Mr. Yorke,DC,0,34,Shirley
Mr. Yorke,DN,0,34,Shirley
Mrs. Gale,N,0,34,Shirley
Mrs. Gale,C,0,34,Shirley
Mrs. Gale,I,0,34,Shirley
Mrs. Gale,A,0,34,Shirley
Mrs. Gale,DC,0,34,Shirley
Mrs. Gale,DN,0,34,Shirley
Mrs. Gill,N,0,34,Shirley
Mrs. Gill,C,0,34,Shirley
Mrs. Gill,I,0,34,Shirley
Mrs. Gill,A,0,34,Shirley
Mrs. Gill,DC,0,34,Shirley
Mrs. Gill,DN,0,34,Shirley
Mrs. Hardman,N,0,34,Shirley
Mrs. Hardman,C,0,34,Shirley
Mrs. Hardman,I,0,34,Shirley
Mrs. Hardman,A,0,34,Shirley
Mrs. Hardman,DC,0,34,Shirley
Mrs. Hardman,DN,0,34,Shirley
Mrs. Horsfall,N,1,34,Shirley
Mrs. Horsfall,C,0,34,Shirley
Mrs. Horsfall,I,0,34,Shirley
Mrs. Horsfall,A,1,34,Shirley
Mrs. Horsfall,DC,1,34,Shirley
Mrs. Horsfall,DN,0,34,Shirley
Mrs. Louis,N,0,34,Shirley
Mrs. Louis,C,0,34,Shirley
Mrs. Louis,I,0,34,Shirley
Mrs. Louis,A,0,34,Shirley
Mrs. Louis,DC,0,34,Shirley
Mrs. Louis,DN,0,34,Shirley
Mrs. Pryor,N,5,34,Shirley
Mrs. Pryor,C,0,34,Shirley
Mrs. Pryor,I,1,34,Shirley
Mrs. Pryor,A,0,34,Shirley
Mrs. Pryor,DC,9,34,Shirley
Mrs. Pryor,DN,0,34,Shirley
Mrs. Sykes,N,0,34,Shirley
Mrs. Sykes,C,0,34,Shirley
Mrs. Sykes,I,0,34,Shirley
Mrs. Sykes,A,0,34,Shirley
Mrs. Sykes,DC,0,34,Shirley
Mrs. Sykes,DN,0,34,Shirley
Mrs. Yorke,N,3,34,Shirley
Mrs. Yorke,C,1,34,Shirley
Mrs. Yorke,I,0,34,Shirley
Mrs. Yorke,A,1,34,Shirley
Mrs. Yorke,DC,0,34,Shirley
Mrs. Yorke,DN,0,34,Shirley
Murgatroyd,N,0,34,Shirley
Murgatroyd,C,0,34,Shirley
Murgatroyd,I,0,34,Shirley
Murgatroyd,A,0,34,Shirley
Murgatroyd,DC,0,34,Shirley
Murgatroyd,DN,0,34,Shirley
Napoleon,N,0,34,Shirley
Napoleon,C,0,34,Shirley
Napoleon,I,0,34,Shirley
Napoleon,A,0,34,Shirley
Napoleon,DC,0,34,Shirley
Napoleon,DN,0,34,Shirley
Nature,N,0,34,Shirley
Nature,C,0,34,Shirley
Nature,I,0,34,Shirley
Nature,A,0,34,Shirley
Nature,DC,0,34,Shirley
Nature,DN,0,34,Shirley
Pearson,N,0,34,Shirley
Pearson,C,0,34,Shirley
Pearson,I,0,34,Shirley
Pearson,A,0,34,Shirley
Pearson,DC,0,34,Shirley
Pearson,DN,0,34,Shirley
Peg Woffington.= CHARLES READE,N,0,34,Shirley
Peg Woffington.= CHARLES READE,C,0,34,Shirley
Peg Woffington.= CHARLES READE,I,0,34,Shirley
Peg Woffington.= CHARLES READE,A,0,34,Shirley
Peg Woffington.= CHARLES READE,DC,0,34,Shirley
Peg Woffington.= CHARLES READE,DN,0,34,Shirley
Peter,N,0,34,Shirley
Peter,C,0,34,Shirley
Peter,I,0,34,Shirley
Peter,A,0,34,Shirley
Peter,DC,0,34,Shirley
Peter,DN,0,34,Shirley
Phœbe,N,0,34,Shirley
Phœbe,C,0,34,Shirley
Phœbe,I,0,34,Shirley
Phœbe,A,0,34,Shirley
Phœbe,DC,0,34,Shirley
Phœbe,DN,0,34,Shirley
Providence,N,0,34,Shirley
Providence,C,0,34,Shirley
Providence,I,0,34,Shirley
Providence,A,0,34,Shirley
Providence,DC,0,34,Shirley
Providence,DN,0,34,Shirley
Robert,N,5,34,Shirley
Robert,C,1,34,Shirley
Robert,I,4,34,Shirley
Robert,A,2,34,Shirley
Robert,DC,10,34,Shirley
Robert,DN,0,34,Shirley
Rose,N,4,34,Shirley
Rose,C,0,34,Shirley
Rose,I,3,34,Shirley
Rose,A,2,34,Shirley
Rose,DC,1,34,Shirley
Rose,DN,0,34,Shirley
Sarah,N,0,34,Shirley
Sarah,C,0,34,Shirley
Sarah,I,0,34,Shirley
Sarah,A,0,34,Shirley
Sarah,DC,0,34,Shirley
Sarah,DN,0,34,Shirley
Saturnia,N,0,34,Shirley
Saturnia,C,0,34,Shirley
Saturnia,I,0,34,Shirley
Saturnia,A,0,34,Shirley
Saturnia,DC,0,34,Shirley
Saturnia,DN,0,34,Shirley
Shakespeare,N,0,34,Shirley
Shakespeare,C,0,34,Shirley
Shakespeare,I,0,34,Shirley
Shakespeare,A,0,34,Shirley
Shakespeare,DC,0,34,Shirley
Shakespeare,DN,0,34,Shirley
Shirley,N,0,34,Shirley
Shirley,C,0,34,Shirley
Shirley,I,0,34,Shirley
Shirley,A,0,34,Shirley
Shirley,DC,0,34,Shirley
Shirley,DN,0,34,Shirley
Sir Philip,N,0,34,Shirley
Sir Philip,C,0,34,Shirley
Sir Philip,I,0,34,Shirley
Sir Philip,A,0,34,Shirley
Sir Philip,DC,0,34,Shirley
Sir Philip,DN,0,34,Shirley
Sir Walter Scott,N,0,34,Shirley
Sir Walter Scott,C,0,34,Shirley
Sir Walter Scott,I,0,34,Shirley
Sir Walter Scott,A,0,34,Shirley
Sir Walter Scott,DC,0,34,Shirley
Sir Walter Scott,DN,0,34,Shirley
Sister,N,0,34,Shirley
Sister,C,0,34,Shirley
Sister,I,0,34,Shirley
Sister,A,0,34,Shirley
Sister,DC,0,34,Shirley
Sister,DN,0,34,Shirley
St. Paul,N,0,34,Shirley
St. Paul,C,0,34,Shirley
St. Paul,I,0,34,Shirley
St. Paul,A,0,34,Shirley
St. Paul,DC,0,34,Shirley
St. Paul,DN,0,34,Shirley
Stilbro,N,0,34,Shirley
Stilbro,C,0,34,Shirley
Stilbro,I,0,34,Shirley
Stilbro,A,0,34,Shirley
Stilbro,DC,0,34,Shirley
Stilbro,DN,0,34,Shirley
Sudgen,N,0,34,Shirley
Sudgen,C,0,34,Shirley
Sudgen,I,0,34,Shirley
Sudgen,A,0,34,Shirley
Sudgen,DC,0,34,Shirley
Sudgen,DN,0,34,Shirley
Sugden,N,0,34,Shirley
Sugden,C,0,34,Shirley
Sugden,I,0,34,Shirley
Sugden,A,0,34,Shirley
Sugden,DC,0,34,Shirley
Sugden,DN,0,34,Shirley
Sweeting,N,0,34,Shirley
Sweeting,C,0,34,Shirley
Sweeting,I,0,34,Shirley
Sweeting,A,0,34,Shirley
Sweeting,DC,0,34,Shirley
Sweeting,DN,0,34,Shirley
Tartar,N,0,34,Shirley
Tartar,C,0,34,Shirley
Tartar,I,0,34,Shirley
Tartar,A,0,34,Shirley
Tartar,DC,0,34,Shirley
Tartar,DN,0,34,Shirley
The Cossack,N,0,34,Shirley
The Cossack,C,0,34,Shirley
The Cossack,I,0,34,Shirley
The Cossack,A,0,34,Shirley
The Cossack,DC,0,34,Shirley
The Cossack,DN,0,34,Shirley
These Oreads,N,0,34,Shirley
These Oreads,C,0,34,Shirley
These Oreads,I,0,34,Shirley
These Oreads,A,0,34,Shirley
These Oreads,DC,0,34,Shirley
These Oreads,DN,0,34,Shirley
Tom Cringle,N,0,34,Shirley
Tom Cringle,C,0,34,Shirley
Tom Cringle,I,0,34,Shirley
Tom Cringle,A,0,34,Shirley
Tom Cringle,DC,0,34,Shirley
Tom Cringle,DN,0,34,Shirley
Uncle,N,0,34,Shirley
Uncle,C,0,34,Shirley
Uncle,I,0,34,Shirley
Uncle,A,0,34,Shirley
Uncle,DC,0,34,Shirley
Uncle,DN,0,34,Shirley
VICTOR HUGO,N,0,34,Shirley
VICTOR HUGO,C,0,34,Shirley
VICTOR HUGO,I,0,34,Shirley
VICTOR HUGO,A,0,34,Shirley
VICTOR HUGO,DC,0,34,Shirley
VICTOR HUGO,DN,0,34,Shirley
Whinbury,N,0,34,Shirley
Whinbury,C,0,34,Shirley
Whinbury,I,0,34,Shirley
Whinbury,A,0,34,Shirley
Whinbury,DC,0,34,Shirley
Whinbury,DN,0,34,Shirley
William,N,0,34,Shirley
William,C,0,34,Shirley
William,I,0,34,Shirley
William,A,0,34,Shirley
William,DC,0,34,Shirley
William,DN,0,34,Shirley
mademoiselle,N,0,34,Shirley
mademoiselle,C,0,34,Shirley
mademoiselle,I,0,34,Shirley
mademoiselle,A,0,34,Shirley
mademoiselle,DC,0,34,Shirley
mademoiselle,DN,0,34,Shirley
old Lady Nunnely,N,0,34,Shirley
old Lady Nunnely,C,0,34,Shirley
old Lady Nunnely,I,0,34,Shirley
old Lady Nunnely,A,0,34,Shirley
old Lady Nunnely,DC,0,34,Shirley
old Lady Nunnely,DN,0,34,Shirley
old Queen Charlotte,N,0,34,Shirley
old Queen Charlotte,C,0,34,Shirley
old Queen Charlotte,I,0,34,Shirley
old Queen Charlotte,A,0,34,Shirley
old Queen Charlotte,DC,0,34,Shirley
old Queen Charlotte,DN,0,34,Shirley
the Misses Sykes,N,0,34,Shirley
the Misses Sykes,C,0,34,Shirley
the Misses Sykes,I,0,34,Shirley
the Misses Sykes,A,0,34,Shirley
the Misses Sykes,DC,0,34,Shirley
the Misses Sykes,DN,0,34,Shirley
the Misses Sympson,N,0,34,Shirley
the Misses Sympson,C,0,34,Shirley
the Misses Sympson,I,0,34,Shirley
the Misses Sympson,A,0,34,Shirley
the Misses Sympson,DC,0,34,Shirley
the Misses Sympson,DN,0,34,Shirley
the Moores,N,0,34,Shirley
the Moores,C,0,34,Shirley
the Moores,I,0,34,Shirley
the Moores,A,0,34,Shirley
the Moores,DC,0,34,Shirley
the Moores,DN,0,34,Shirley
the Sympsons,N,0,34,Shirley
the Sympsons,C,0,34,Shirley
the Sympsons,I,0,34,Shirley
the Sympsons,A,0,34,Shirley
the Sympsons,DC,0,34,Shirley
the Sympsons,DN,0,34,Shirley
Abraham,N,0,35,Shirley
Abraham,C,0,35,Shirley
Abraham,I,0,35,Shirley
Abraham,A,0,35,Shirley
Abraham,DC,0,35,Shirley
Abraham,DN,0,35,Shirley
Adam,N,0,35,Shirley
Adam,C,0,35,Shirley
Adam,I,0,35,Shirley
Adam,A,0,35,Shirley
Adam,DC,0,35,Shirley
Adam,DN,0,35,Shirley
Bob,N,0,35,Shirley
Bob,C,0,35,Shirley
Bob,I,0,35,Shirley
Bob,A,0,35,Shirley
Bob,DC,0,35,Shirley
Bob,DN,0,35,Shirley
Bonaparte,N,0,35,Shirley
Bonaparte,C,0,35,Shirley
Bonaparte,I,0,35,Shirley
Bonaparte,A,0,35,Shirley
Bonaparte,DC,0,35,Shirley
Bonaparte,DN,0,35,Shirley
Boultby,N,0,35,Shirley
Boultby,C,0,35,Shirley
Boultby,I,0,35,Shirley
Boultby,A,0,35,Shirley
Boultby,DC,0,35,Shirley
Boultby,DN,0,35,Shirley
Briarmains,N,1,35,Shirley
Briarmains,C,0,35,Shirley
Briarmains,I,0,35,Shirley
Briarmains,A,0,35,Shirley
Briarmains,DC,0,35,Shirley
Briarmains,DN,0,35,Shirley
CHARLES DICKENS,N,0,35,Shirley
CHARLES DICKENS,C,0,35,Shirley
CHARLES DICKENS,I,0,35,Shirley
CHARLES DICKENS,A,0,35,Shirley
CHARLES DICKENS,DC,0,35,Shirley
CHARLES DICKENS,DN,0,35,Shirley
Captain Keeldar,N,0,35,Shirley
Captain Keeldar,C,0,35,Shirley
Captain Keeldar,I,0,35,Shirley
Captain Keeldar,A,0,35,Shirley
Captain Keeldar,DC,0,35,Shirley
Captain Keeldar,DN,0,35,Shirley
Caroline,N,13,35,Shirley
Caroline,C,24,35,Shirley
Caroline,I,12,35,Shirley
Caroline,A,17,35,Shirley
Caroline,DC,4,35,Shirley
Caroline,DN,0,35,Shirley
"Caroline--""She",N,0,35,Shirley
"Caroline--""She",C,0,35,Shirley
"Caroline--""She",I,0,35,Shirley
"Caroline--""She",A,0,35,Shirley
"Caroline--""She",DC,0,35,Shirley
"Caroline--""She",DN,0,35,Shirley
Cary,N,12,35,Shirley
Cary,C,0,35,Shirley
Cary,I,9,35,Shirley
Cary,A,8,35,Shirley
Cary,DC,4,35,Shirley
Cary,DN,4,35,Shirley
Castlereagh,N,0,35,Shirley
Castlereagh,C,0,35,Shirley
Castlereagh,I,0,35,Shirley
Castlereagh,A,0,35,Shirley
Castlereagh,DC,0,35,Shirley
Castlereagh,DN,0,35,Shirley
Chénier,N,0,35,Shirley
Chénier,C,0,35,Shirley
Chénier,I,0,35,Shirley
Chénier,A,0,35,Shirley
Chénier,DC,0,35,Shirley
Chénier,DN,0,35,Shirley
Coriolanus,N,0,35,Shirley
Coriolanus,C,0,35,Shirley
Coriolanus,I,0,35,Shirley
Coriolanus,A,0,35,Shirley
Coriolanus,DC,0,35,Shirley
Coriolanus,DN,0,35,Shirley
Cowper,N,0,35,Shirley
Cowper,C,0,35,Shirley
Cowper,I,0,35,Shirley
Cowper,A,0,35,Shirley
Cowper,DC,0,35,Shirley
Cowper,DN,0,35,Shirley
Cyril Hall,N,1,35,Shirley
Cyril Hall,C,0,35,Shirley
Cyril Hall,I,0,35,Shirley
Cyril Hall,A,0,35,Shirley
Cyril Hall,DC,1,35,Shirley
Cyril Hall,DN,0,35,Shirley
Daniel,N,0,35,Shirley
Daniel,C,0,35,Shirley
Daniel,I,0,35,Shirley
Daniel,A,0,35,Shirley
Daniel,DC,0,35,Shirley
Daniel,DN,0,35,Shirley
Davy,N,0,35,Shirley
Davy,C,0,35,Shirley
Davy,I,0,35,Shirley
Davy,A,0,35,Shirley
Davy,DC,0,35,Shirley
Davy,DN,0,35,Shirley
Donne,N,0,35,Shirley
Donne,C,0,35,Shirley
Donne,I,0,35,Shirley
Donne,A,0,35,Shirley
Donne,DC,0,35,Shirley
Donne,DN,0,35,Shirley
Dora,N,0,35,Shirley
Dora,C,0,35,Shirley
Dora,I,0,35,Shirley
Dora,A,0,35,Shirley
Dora,DC,0,35,Shirley
Dora,DN,0,35,Shirley
Dr. Boultby,N,0,35,Shirley
Dr. Boultby,C,0,35,Shirley
Dr. Boultby,I,0,35,Shirley
Dr. Boultby,A,0,35,Shirley
Dr. Boultby,DC,0,35,Shirley
Dr. Boultby,DN,0,35,Shirley
Eliza,N,0,35,Shirley
Eliza,C,0,35,Shirley
Eliza,I,0,35,Shirley
Eliza,A,0,35,Shirley
Eliza,DC,0,35,Shirley
Eliza,DN,0,35,Shirley
Eva,N,0,35,Shirley
Eva,C,0,35,Shirley
Eva,I,0,35,Shirley
Eva,A,0,35,Shirley
Eva,DC,0,35,Shirley
Eva,DN,0,35,Shirley
Eve,N,0,35,Shirley
Eve,C,0,35,Shirley
Eve,I,0,35,Shirley
Eve,A,0,35,Shirley
Eve,DC,0,35,Shirley
Eve,DN,0,35,Shirley
Fanny,N,2,35,Shirley
Fanny,C,0,35,Shirley
Fanny,I,0,35,Shirley
Fanny,A,1,35,Shirley
Fanny,DC,1,35,Shirley
Fanny,DN,0,35,Shirley
Farrens,N,0,35,Shirley
Farrens,C,0,35,Shirley
Farrens,I,0,35,Shirley
Farrens,A,0,35,Shirley
Farrens,DC,0,35,Shirley
Farrens,DN,0,35,Shirley
Fieldhead,N,0,35,Shirley
Fieldhead,C,0,35,Shirley
Fieldhead,I,0,35,Shirley
Fieldhead,A,0,35,Shirley
Fieldhead,DC,0,35,Shirley
Fieldhead,DN,0,35,Shirley
Fortune,N,0,35,Shirley
Fortune,C,0,35,Shirley
Fortune,I,0,35,Shirley
Fortune,A,0,35,Shirley
Fortune,DC,0,35,Shirley
Fortune,DN,0,35,Shirley
God,N,1,35,Shirley
God,C,0,35,Shirley
God,I,0,35,Shirley
God,A,0,35,Shirley
God,DC,0,35,Shirley
God,DN,0,35,Shirley
Grace,N,0,35,Shirley
Grace,C,0,35,Shirley
Grace,I,0,35,Shirley
Grace,A,0,35,Shirley
Grace,DC,0,35,Shirley
Grace,DN,0,35,Shirley
Hannah,N,0,35,Shirley
Hannah,C,0,35,Shirley
Hannah,I,0,35,Shirley
Hannah,A,0,35,Shirley
Hannah,DC,0,35,Shirley
Hannah,DN,0,35,Shirley
Harriet,N,0,35,Shirley
Harriet,C,0,35,Shirley
Harriet,I,0,35,Shirley
Harriet,A,0,35,Shirley
Harriet,DC,0,35,Shirley
Harriet,DN,0,35,Shirley
Helstone,N,0,35,Shirley
Helstone,C,0,35,Shirley
Helstone,I,0,35,Shirley
Helstone,A,0,35,Shirley
Helstone,DC,0,35,Shirley
Helstone,DN,0,35,Shirley
Henry,N,2,35,Shirley
Henry,C,0,35,Shirley
Henry,I,0,35,Shirley
Henry,A,0,35,Shirley
Henry,DC,0,35,Shirley
Henry,DN,0,35,Shirley
Hiram Yorke,N,0,35,Shirley
Hiram Yorke,C,0,35,Shirley
Hiram Yorke,I,0,35,Shirley
Hiram Yorke,A,0,35,Shirley
Hiram Yorke,DC,0,35,Shirley
Hiram Yorke,DN,0,35,Shirley
Hollow,N,1,35,Shirley
Hollow,C,0,35,Shirley
Hollow,I,0,35,Shirley
Hollow,A,0,35,Shirley
Hollow,DC,1,35,Shirley
Hollow,DN,0,35,Shirley
Hortense,N,12,35,Shirley
Hortense,C,3,35,Shirley
Hortense,I,10,35,Shirley
Hortense,A,14,35,Shirley
Hortense,DC,3,35,Shirley
Hortense,DN,0,35,Shirley
Isabella,N,0,35,Shirley
Isabella,C,0,35,Shirley
Isabella,I,0,35,Shirley
Isabella,A,0,35,Shirley
Isabella,DC,0,35,Shirley
Isabella,DN,0,35,Shirley
James,N,0,35,Shirley
James,C,0,35,Shirley
James,I,0,35,Shirley
James,A,0,35,Shirley
James,DC,0,35,Shirley
James,DN,0,35,Shirley
Jessy,N,1,35,Shirley
Jessy,C,0,35,Shirley
Jessy,I,0,35,Shirley
Jessy,A,0,35,Shirley
Jessy,DC,0,35,Shirley
Jessy,DN,0,35,Shirley
Joe,N,1,35,Shirley
Joe,C,0,35,Shirley
Joe,I,0,35,Shirley
Joe,A,1,35,Shirley
Joe,DC,1,35,Shirley
Joe,DN,0,35,Shirley
John,N,0,35,Shirley
John,C,0,35,Shirley
John,I,0,35,Shirley
John,A,0,35,Shirley
John,DC,0,35,Shirley
John,DN,0,35,Shirley
John Wesley,N,0,35,Shirley
John Wesley,C,0,35,Shirley
John Wesley,I,0,35,Shirley
John Wesley,A,0,35,Shirley
John Wesley,DC,0,35,Shirley
John Wesley,DN,0,35,Shirley
Lamb,N,0,35,Shirley
Lamb,C,0,35,Shirley
Lamb,I,0,35,Shirley
Lamb,A,0,35,Shirley
Lamb,DC,0,35,Shirley
Lamb,DN,0,35,Shirley
Lina,N,2,35,Shirley
Lina,C,0,35,Shirley
Lina,I,0,35,Shirley
Lina,A,0,35,Shirley
Lina,DC,2,35,Shirley
Lina,DN,0,35,Shirley
Lord Wellington,N,0,35,Shirley
Lord Wellington,C,0,35,Shirley
Lord Wellington,I,0,35,Shirley
Lord Wellington,A,0,35,Shirley
Lord Wellington,DC,0,35,Shirley
Lord Wellington,DN,0,35,Shirley
Louis,N,0,35,Shirley
Louis,C,0,35,Shirley
Louis,I,0,35,Shirley
Louis,A,0,35,Shirley
Louis,DC,0,35,Shirley
Louis,DN,0,35,Shirley
Lucretia,N,0,35,Shirley
Lucretia,C,0,35,Shirley
Lucretia,I,0,35,Shirley
Lucretia,A,0,35,Shirley
Lucretia,DC,0,35,Shirley
Lucretia,DN,0,35,Shirley
MATTERS,N,1,35,Shirley
MATTERS,C,0,35,Shirley
MATTERS,I,0,35,Shirley
MATTERS,A,1,35,Shirley
MATTERS,DC,0,35,Shirley
MATTERS,DN,0,35,Shirley
MacTurk,N,0,35,Shirley
MacTurk,C,0,35,Shirley
MacTurk,I,0,35,Shirley
MacTurk,A,0,35,Shirley
MacTurk,DC,0,35,Shirley
MacTurk,DN,0,35,Shirley
Malone,N,1,35,Shirley
Malone,C,0,35,Shirley
Malone,I,0,35,Shirley
Malone,A,0,35,Shirley
Malone,DC,1,35,Shirley
Malone,DN,0,35,Shirley
Malone.--I,N,0,35,Shirley
Malone.--I,C,0,35,Shirley
Malone.--I,I,0,35,Shirley
Malone.--I,A,0,35,Shirley
Malone.--I,DC,0,35,Shirley
Malone.--I,DN,0,35,Shirley
Mamma,N,2,35,Shirley
Mamma,C,0,35,Shirley
Mamma,I,0,35,Shirley
Mamma,A,0,35,Shirley
Mamma,DC,2,35,Shirley
Mamma,DN,0,35,Shirley
Margaret,N,0,35,Shirley
Margaret,C,0,35,Shirley
Margaret,I,0,35,Shirley
Margaret,A,0,35,Shirley
Margaret,DC,0,35,Shirley
Margaret,DN,0,35,Shirley
Mark,N,0,35,Shirley
Mark,C,0,35,Shirley
Mark,I,0,35,Shirley
Mark,A,0,35,Shirley
Mark,DC,0,35,Shirley
Mark,DN,0,35,Shirley
Martin,N,1,35,Shirley
Martin,C,0,35,Shirley
Martin,I,3,35,Shirley
Martin,A,7,35,Shirley
Martin,DC,0,35,Shirley
Martin,DN,0,35,Shirley
Mary,N,0,35,Shirley
Mary,C,0,35,Shirley
Mary,I,0,35,Shirley
Mary,A,0,35,Shirley
Mary,DC,0,35,Shirley
Mary,DN,0,35,Shirley
Mary Ann Ainley,N,0,35,Shirley
Mary Ann Ainley,C,0,35,Shirley
Mary Ann Ainley,I,0,35,Shirley
Mary Ann Ainley,A,0,35,Shirley
Mary Ann Ainley,DC,0,35,Shirley
Mary Ann Ainley,DN,0,35,Shirley
Matthew,N,0,35,Shirley
Matthew,C,0,35,Shirley
Matthew,I,0,35,Shirley
Matthew,A,0,35,Shirley
Matthew,DC,0,35,Shirley
Matthew,DN,0,35,Shirley
Matthewson Helstone,N,0,35,Shirley
Matthewson Helstone,C,0,35,Shirley
Matthewson Helstone,I,0,35,Shirley
Matthewson Helstone,A,0,35,Shirley
Matthewson Helstone,DC,0,35,Shirley
Matthewson Helstone,DN,0,35,Shirley
Mike,N,0,35,Shirley
Mike,C,0,35,Shirley
Mike,I,0,35,Shirley
Mike,A,0,35,Shirley
Mike,DC,0,35,Shirley
Mike,DN,0,35,Shirley
Miss Ainley,N,1,35,Shirley
Miss Ainley,C,0,35,Shirley
Miss Ainley,I,0,35,Shirley
Miss Ainley,A,0,35,Shirley
Miss Ainley,DC,0,35,Shirley
Miss Ainley,DN,0,35,Shirley
Miss Austen,N,0,35,Shirley
Miss Austen,C,0,35,Shirley
Miss Austen,I,0,35,Shirley
Miss Austen,A,0,35,Shirley
Miss Austen,DC,0,35,Shirley
Miss Austen,DN,0,35,Shirley
Miss Cave,N,0,35,Shirley
Miss Cave,C,0,35,Shirley
Miss Cave,I,0,35,Shirley
Miss Cave,A,0,35,Shirley
Miss Cave,DC,0,35,Shirley
Miss Cave,DN,0,35,Shirley
Miss Grey,N,0,35,Shirley
Miss Grey,C,0,35,Shirley
Miss Grey,I,0,35,Shirley
Miss Grey,A,0,35,Shirley
Miss Grey,DC,0,35,Shirley
Miss Grey,DN,0,35,Shirley
Miss Hardman,N,0,35,Shirley
Miss Hardman,C,0,35,Shirley
Miss Hardman,I,0,35,Shirley
Miss Hardman,A,0,35,Shirley
Miss Hardman,DC,0,35,Shirley
Miss Hardman,DN,0,35,Shirley
Miss Mann,N,2,35,Shirley
Miss Mann,C,0,35,Shirley
Miss Mann,I,1,35,Shirley
Miss Mann,A,0,35,Shirley
Miss Mann,DC,0,35,Shirley
Miss Mann,DN,0,35,Shirley
Miss Mary,N,0,35,Shirley
Miss Mary,C,0,35,Shirley
Miss Mary,I,0,35,Shirley
Miss Mary,A,0,35,Shirley
Miss Mary,DC,0,35,Shirley
Miss Mary,DN,0,35,Shirley
Miss Moore,N,1,35,Shirley
Miss Moore,C,0,35,Shirley
Miss Moore,I,0,35,Shirley
Miss Moore,A,1,35,Shirley
Miss Moore,DC,0,35,Shirley
Miss Moore,DN,0,35,Shirley
Miss Pearson,N,0,35,Shirley
Miss Pearson,C,0,35,Shirley
Miss Pearson,I,0,35,Shirley
Miss Pearson,A,0,35,Shirley
Miss Pearson,DC,0,35,Shirley
Miss Pearson,DN,0,35,Shirley
Moore,N,0,35,Shirley
Moore,C,0,35,Shirley
Moore,I,0,35,Shirley
Moore,A,0,35,Shirley
Moore,DC,0,35,Shirley
Moore,DN,0,35,Shirley
Moses,N,0,35,Shirley
Moses,C,0,35,Shirley
Moses,I,0,35,Shirley
Moses,A,0,35,Shirley
Moses,DC,0,35,Shirley
Moses,DN,0,35,Shirley
Mother,N,0,35,Shirley
Mother,C,0,35,Shirley
Mother,I,0,35,Shirley
Mother,A,0,35,Shirley
Mother,DC,0,35,Shirley
Mother,DN,0,35,Shirley
Mr. Barraclough,N,0,35,Shirley
Mr. Barraclough,C,0,35,Shirley
Mr. Barraclough,I,0,35,Shirley
Mr. Barraclough,A,0,35,Shirley
Mr. Barraclough,DC,0,35,Shirley
Mr. Barraclough,DN,0,35,Shirley
Mr. Gale,N,0,35,Shirley
Mr. Gale,C,0,35,Shirley
Mr. Gale,I,0,35,Shirley
Mr. Gale,A,0,35,Shirley
Mr. Gale,DC,0,35,Shirley
Mr. Gale,DN,0,35,Shirley
Mr. Hall,N,0,35,Shirley
Mr. Hall,C,0,35,Shirley
Mr. Hall,I,0,35,Shirley
Mr. Hall,A,0,35,Shirley
Mr. Hall,DC,0,35,Shirley
Mr. Hall,DN,0,35,Shirley
Mr. Helstone,N,0,35,Shirley
Mr. Helstone,C,0,35,Shirley
Mr. Helstone,I,0,35,Shirley
Mr. Helstone,A,0,35,Shirley
Mr. Helstone,DC,0,35,Shirley
Mr. Helstone,DN,0,35,Shirley
Mr. Moore,N,6,35,Shirley
Mr. Moore,C,1,35,Shirley
Mr. Moore,I,1,35,Shirley
Mr. Moore,A,1,35,Shirley
Mr. Moore,DC,2,35,Shirley
Mr. Moore,DN,0,35,Shirley
Mr. Moore----,N,0,35,Shirley
Mr. Moore----,C,0,35,Shirley
Mr. Moore----,I,0,35,Shirley
Mr. Moore----,A,0,35,Shirley
Mr. Moore----,DC,0,35,Shirley
Mr. Moore----,DN,0,35,Shirley
Mr. Ramsden,N,0,35,Shirley
Mr. Ramsden,C,0,35,Shirley
Mr. Ramsden,I,0,35,Shirley
Mr. Ramsden,A,0,35,Shirley
Mr. Ramsden,DC,0,35,Shirley
Mr. Ramsden,DN,0,35,Shirley
Mr. Sykes,N,0,35,Shirley
Mr. Sykes,C,0,35,Shirley
Mr. Sykes,I,0,35,Shirley
Mr. Sykes,A,0,35,Shirley
Mr. Sykes,DC,0,35,Shirley
Mr. Sykes,DN,0,35,Shirley
Mr. Sympson,N,0,35,Shirley
Mr. Sympson,C,0,35,Shirley
Mr. Sympson,I,0,35,Shirley
Mr. Sympson,A,0,35,Shirley
Mr. Sympson,DC,0,35,Shirley
Mr. Sympson,DN,0,35,Shirley
Mr. Wynne,N,0,35,Shirley
Mr. Wynne,C,0,35,Shirley
Mr. Wynne,I,0,35,Shirley
Mr. Wynne,A,0,35,Shirley
Mr. Wynne,DC,0,35,Shirley
Mr. Wynne,DN,0,35,Shirley
Mr. Yorke,N,4,35,Shirley
Mr. Yorke,C,0,35,Shirley
Mr. Yorke,I,0,35,Shirley
Mr. Yorke,A,2,35,Shirley
Mr. Yorke,DC,0,35,Shirley
Mr. Yorke,DN,0,35,Shirley
Mrs. Gale,N,0,35,Shirley
Mrs. Gale,C,0,35,Shirley
Mrs. Gale,I,0,35,Shirley
Mrs. Gale,A,0,35,Shirley
Mrs. Gale,DC,0,35,Shirley
Mrs. Gale,DN,0,35,Shirley
Mrs. Gill,N,0,35,Shirley
Mrs. Gill,C,0,35,Shirley
Mrs. Gill,I,0,35,Shirley
Mrs. Gill,A,0,35,Shirley
Mrs. Gill,DC,0,35,Shirley
Mrs. Gill,DN,0,35,Shirley
Mrs. Hardman,N,0,35,Shirley
Mrs. Hardman,C,0,35,Shirley
Mrs. Hardman,I,0,35,Shirley
Mrs. Hardman,A,0,35,Shirley
Mrs. Hardman,DC,0,35,Shirley
Mrs. Hardman,DN,0,35,Shirley
Mrs. Horsfall,N,2,35,Shirley
Mrs. Horsfall,C,0,35,Shirley
Mrs. Horsfall,I,0,35,Shirley
Mrs. Horsfall,A,0,35,Shirley
Mrs. Horsfall,DC,0,35,Shirley
Mrs. Horsfall,DN,0,35,Shirley
Mrs. Louis,N,0,35,Shirley
Mrs. Louis,C,0,35,Shirley
Mrs. Louis,I,0,35,Shirley
Mrs. Louis,A,0,35,Shirley
Mrs. Louis,DC,0,35,Shirley
Mrs. Louis,DN,0,35,Shirley
Mrs. Pryor,N,1,35,Shirley
Mrs. Pryor,C,0,35,Shirley
Mrs. Pryor,I,0,35,Shirley
Mrs. Pryor,A,0,35,Shirley
Mrs. Pryor,DC,1,35,Shirley
Mrs. Pryor,DN,0,35,Shirley
Mrs. Sykes,N,0,35,Shirley
Mrs. Sykes,C,0,35,Shirley
Mrs. Sykes,I,0,35,Shirley
Mrs. Sykes,A,0,35,Shirley
Mrs. Sykes,DC,0,35,Shirley
Mrs. Sykes,DN,0,35,Shirley
Mrs. Yorke,N,2,35,Shirley
Mrs. Yorke,C,2,35,Shirley
Mrs. Yorke,I,1,35,Shirley
Mrs. Yorke,A,2,35,Shirley
Mrs. Yorke,DC,1,35,Shirley
Mrs. Yorke,DN,0,35,Shirley
Murgatroyd,N,0,35,Shirley
Murgatroyd,C,0,35,Shirley
Murgatroyd,I,0,35,Shirley
Murgatroyd,A,0,35,Shirley
Murgatroyd,DC,0,35,Shirley
Murgatroyd,DN,0,35,Shirley
Napoleon,N,0,35,Shirley
Napoleon,C,0,35,Shirley
Napoleon,I,0,35,Shirley
Napoleon,A,0,35,Shirley
Napoleon,DC,0,35,Shirley
Napoleon,DN,0,35,Shirley
Nature,N,0,35,Shirley
Nature,C,0,35,Shirley
Nature,I,0,35,Shirley
Nature,A,0,35,Shirley
Nature,DC,0,35,Shirley
Nature,DN,0,35,Shirley
Pearson,N,0,35,Shirley
Pearson,C,0,35,Shirley
Pearson,I,0,35,Shirley
Pearson,A,0,35,Shirley
Pearson,DC,0,35,Shirley
Pearson,DN,0,35,Shirley
Peg Woffington.= CHARLES READE,N,0,35,Shirley
Peg Woffington.= CHARLES READE,C,0,35,Shirley
Peg Woffington.= CHARLES READE,I,0,35,Shirley
Peg Woffington.= CHARLES READE,A,0,35,Shirley
Peg Woffington.= CHARLES READE,DC,0,35,Shirley
Peg Woffington.= CHARLES READE,DN,0,35,Shirley
Peter,N,0,35,Shirley
Peter,C,0,35,Shirley
Peter,I,0,35,Shirley
Peter,A,0,35,Shirley
Peter,DC,0,35,Shirley
Peter,DN,0,35,Shirley
Phœbe,N,0,35,Shirley
Phœbe,C,0,35,Shirley
Phœbe,I,0,35,Shirley
Phœbe,A,0,35,Shirley
Phœbe,DC,0,35,Shirley
Phœbe,DN,0,35,Shirley
Providence,N,0,35,Shirley
Providence,C,0,35,Shirley
Providence,I,0,35,Shirley
Providence,A,0,35,Shirley
Providence,DC,0,35,Shirley
Providence,DN,0,35,Shirley
Robert,N,21,35,Shirley
Robert,C,60,35,Shirley
Robert,I,28,35,Shirley
Robert,A,29,35,Shirley
Robert,DC,18,35,Shirley
Robert,DN,2,35,Shirley
Rose,N,1,35,Shirley
Rose,C,1,35,Shirley
Rose,I,1,35,Shirley
Rose,A,0,35,Shirley
Rose,DC,0,35,Shirley
Rose,DN,0,35,Shirley
Sarah,N,6,35,Shirley
Sarah,C,0,35,Shirley
Sarah,I,1,35,Shirley
Sarah,A,4,35,Shirley
Sarah,DC,0,35,Shirley
Sarah,DN,0,35,Shirley
Saturnia,N,0,35,Shirley
Saturnia,C,0,35,Shirley
Saturnia,I,0,35,Shirley
Saturnia,A,0,35,Shirley
Saturnia,DC,0,35,Shirley
Saturnia,DN,0,35,Shirley
Shakespeare,N,0,35,Shirley
Shakespeare,C,0,35,Shirley
Shakespeare,I,0,35,Shirley
Shakespeare,A,0,35,Shirley
Shakespeare,DC,0,35,Shirley
Shakespeare,DN,0,35,Shirley
Shirley,N,14,35,Shirley
Shirley,C,0,35,Shirley
Shirley,I,18,35,Shirley
Shirley,A,11,35,Shirley
Shirley,DC,41,35,Shirley
Shirley,DN,8,35,Shirley
Sir Philip,N,1,35,Shirley
Sir Philip,C,0,35,Shirley
Sir Philip,I,0,35,Shirley
Sir Philip,A,0,35,Shirley
Sir Philip,DC,0,35,Shirley
Sir Philip,DN,0,35,Shirley
Sir Walter Scott,N,0,35,Shirley
Sir Walter Scott,C,0,35,Shirley
Sir Walter Scott,I,0,35,Shirley
Sir Walter Scott,A,0,35,Shirley
Sir Walter Scott,DC,0,35,Shirley
Sir Walter Scott,DN,0,35,Shirley
Sister,N,1,35,Shirley
Sister,C,0,35,Shirley
Sister,I,0,35,Shirley
Sister,A,3,35,Shirley
Sister,DC,0,35,Shirley
Sister,DN,0,35,Shirley
St. Paul,N,0,35,Shirley
St. Paul,C,0,35,Shirley
St. Paul,I,0,35,Shirley
St. Paul,A,0,35,Shirley
St. Paul,DC,0,35,Shirley
St. Paul,DN,0,35,Shirley
Stilbro,N,0,35,Shirley
Stilbro,C,0,35,Shirley
Stilbro,I,0,35,Shirley
Stilbro,A,0,35,Shirley
Stilbro,DC,0,35,Shirley
Stilbro,DN,0,35,Shirley
Sudgen,N,0,35,Shirley
Sudgen,C,0,35,Shirley
Sudgen,I,0,35,Shirley
Sudgen,A,0,35,Shirley
Sudgen,DC,0,35,Shirley
Sudgen,DN,0,35,Shirley
Sugden,N,0,35,Shirley
Sugden,C,0,35,Shirley
Sugden,I,0,35,Shirley
Sugden,A,0,35,Shirley
Sugden,DC,0,35,Shirley
Sugden,DN,0,35,Shirley
Sweeting,N,0,35,Shirley
Sweeting,C,0,35,Shirley
Sweeting,I,0,35,Shirley
Sweeting,A,0,35,Shirley
Sweeting,DC,0,35,Shirley
Sweeting,DN,0,35,Shirley
Tartar,N,0,35,Shirley
Tartar,C,0,35,Shirley
Tartar,I,0,35,Shirley
Tartar,A,0,35,Shirley
Tartar,DC,0,35,Shirley
Tartar,DN,0,35,Shirley
The Cossack,N,0,35,Shirley
The Cossack,C,0,35,Shirley
The Cossack,I,0,35,Shirley
The Cossack,A,0,35,Shirley
The Cossack,DC,0,35,Shirley
The Cossack,DN,0,35,Shirley
These Oreads,N,0,35,Shirley
These Oreads,C,0,35,Shirley
These Oreads,I,0,35,Shirley
These Oreads,A,0,35,Shirley
These Oreads,DC,0,35,Shirley
These Oreads,DN,0,35,Shirley
Tom Cringle,N,0,35,Shirley
Tom Cringle,C,0,35,Shirley
Tom Cringle,I,0,35,Shirley
Tom Cringle,A,0,35,Shirley
Tom Cringle,DC,0,35,Shirley
Tom Cringle,DN,0,35,Shirley
Uncle,N,0,35,Shirley
Uncle,C,0,35,Shirley
Uncle,I,0,35,Shirley
Uncle,A,0,35,Shirley
Uncle,DC,0,35,Shirley
Uncle,DN,0,35,Shirley
VICTOR HUGO,N,0,35,Shirley
VICTOR HUGO,C,0,35,Shirley
VICTOR HUGO,I,0,35,Shirley
VICTOR HUGO,A,0,35,Shirley
VICTOR HUGO,DC,0,35,Shirley
VICTOR HUGO,DN,0,35,Shirley
Whinbury,N,0,35,Shirley
Whinbury,C,0,35,Shirley
Whinbury,I,0,35,Shirley
Whinbury,A,0,35,Shirley
Whinbury,DC,0,35,Shirley
Whinbury,DN,0,35,Shirley
William,N,0,35,Shirley
William,C,0,35,Shirley
William,I,0,35,Shirley
William,A,0,35,Shirley
William,DC,0,35,Shirley
William,DN,0,35,Shirley
mademoiselle,N,0,35,Shirley
mademoiselle,C,0,35,Shirley
mademoiselle,I,0,35,Shirley
mademoiselle,A,0,35,Shirley
mademoiselle,DC,0,35,Shirley
mademoiselle,DN,0,35,Shirley
old Lady Nunnely,N,0,35,Shirley
old Lady Nunnely,C,0,35,Shirley
old Lady Nunnely,I,0,35,Shirley
old Lady Nunnely,A,0,35,Shirley
old Lady Nunnely,DC,0,35,Shirley
old Lady Nunnely,DN,0,35,Shirley
old Queen Charlotte,N,0,35,Shirley
old Queen Charlotte,C,0,35,Shirley
old Queen Charlotte,I,0,35,Shirley
old Queen Charlotte,A,0,35,Shirley
old Queen Charlotte,DC,0,35,Shirley
old Queen Charlotte,DN,0,35,Shirley
the Misses Sykes,N,0,35,Shirley
the Misses Sykes,C,0,35,Shirley
the Misses Sykes,I,0,35,Shirley
the Misses Sykes,A,0,35,Shirley
the Misses Sykes,DC,0,35,Shirley
the Misses Sykes,DN,0,35,Shirley
the Misses Sympson,N,0,35,Shirley
the Misses Sympson,C,0,35,Shirley
the Misses Sympson,I,0,35,Shirley
the Misses Sympson,A,0,35,Shirley
the Misses Sympson,DC,0,35,Shirley
the Misses Sympson,DN,0,35,Shirley
the Moores,N,0,35,Shirley
the Moores,C,0,35,Shirley
the Moores,I,0,35,Shirley
the Moores,A,0,35,Shirley
the Moores,DC,0,35,Shirley
the Moores,DN,0,35,Shirley
the Sympsons,N,0,35,Shirley
the Sympsons,C,0,35,Shirley
the Sympsons,I,0,35,Shirley
the Sympsons,A,0,35,Shirley
the Sympsons,DC,0,35,Shirley
the Sympsons,DN,0,35,Shirley
Abraham,N,0,36,Shirley
Abraham,C,0,36,Shirley
Abraham,I,0,36,Shirley
Abraham,A,0,36,Shirley
Abraham,DC,0,36,Shirley
Abraham,DN,0,36,Shirley
Adam,N,1,36,Shirley
Adam,C,0,36,Shirley
Adam,I,0,36,Shirley
Adam,A,0,36,Shirley
Adam,DC,0,36,Shirley
Adam,DN,0,36,Shirley
Bob,N,0,36,Shirley
Bob,C,0,36,Shirley
Bob,I,0,36,Shirley
Bob,A,0,36,Shirley
Bob,DC,0,36,Shirley
Bob,DN,0,36,Shirley
Bonaparte,N,0,36,Shirley
Bonaparte,C,0,36,Shirley
Bonaparte,I,0,36,Shirley
Bonaparte,A,0,36,Shirley
Bonaparte,DC,0,36,Shirley
Bonaparte,DN,0,36,Shirley
Boultby,N,0,36,Shirley
Boultby,C,0,36,Shirley
Boultby,I,0,36,Shirley
Boultby,A,0,36,Shirley
Boultby,DC,0,36,Shirley
Boultby,DN,0,36,Shirley
Briarmains,N,0,36,Shirley
Briarmains,C,0,36,Shirley
Briarmains,I,0,36,Shirley
Briarmains,A,0,36,Shirley
Briarmains,DC,0,36,Shirley
Briarmains,DN,0,36,Shirley
CHARLES DICKENS,N,0,36,Shirley
CHARLES DICKENS,C,0,36,Shirley
CHARLES DICKENS,I,0,36,Shirley
CHARLES DICKENS,A,0,36,Shirley
CHARLES DICKENS,DC,0,36,Shirley
CHARLES DICKENS,DN,0,36,Shirley
Captain Keeldar,N,0,36,Shirley
Captain Keeldar,C,0,36,Shirley
Captain Keeldar,I,0,36,Shirley
Captain Keeldar,A,0,36,Shirley
Captain Keeldar,DC,0,36,Shirley
Captain Keeldar,DN,0,36,Shirley
Caroline,N,1,36,Shirley
Caroline,C,0,36,Shirley
Caroline,I,0,36,Shirley
Caroline,A,0,36,Shirley
Caroline,DC,0,36,Shirley
Caroline,DN,0,36,Shirley
"Caroline--""She",N,0,36,Shirley
"Caroline--""She",C,0,36,Shirley
"Caroline--""She",I,0,36,Shirley
"Caroline--""She",A,0,36,Shirley
"Caroline--""She",DC,0,36,Shirley
"Caroline--""She",DN,0,36,Shirley
Cary,N,0,36,Shirley
Cary,C,0,36,Shirley
Cary,I,0,36,Shirley
Cary,A,0,36,Shirley
Cary,DC,0,36,Shirley
Cary,DN,0,36,Shirley
Castlereagh,N,0,36,Shirley
Castlereagh,C,0,36,Shirley
Castlereagh,I,0,36,Shirley
Castlereagh,A,0,36,Shirley
Castlereagh,DC,0,36,Shirley
Castlereagh,DN,0,36,Shirley
Chénier,N,0,36,Shirley
Chénier,C,0,36,Shirley
Chénier,I,0,36,Shirley
Chénier,A,0,36,Shirley
Chénier,DC,0,36,Shirley
Chénier,DN,0,36,Shirley
Coriolanus,N,0,36,Shirley
Coriolanus,C,0,36,Shirley
Coriolanus,I,0,36,Shirley
Coriolanus,A,0,36,Shirley
Coriolanus,DC,0,36,Shirley
Coriolanus,DN,0,36,Shirley
Cowper,N,0,36,Shirley
Cowper,C,0,36,Shirley
Cowper,I,0,36,Shirley
Cowper,A,0,36,Shirley
Cowper,DC,0,36,Shirley
Cowper,DN,0,36,Shirley
Cyril Hall,N,0,36,Shirley
Cyril Hall,C,0,36,Shirley
Cyril Hall,I,0,36,Shirley
Cyril Hall,A,0,36,Shirley
Cyril Hall,DC,0,36,Shirley
Cyril Hall,DN,0,36,Shirley
Daniel,N,0,36,Shirley
Daniel,C,0,36,Shirley
Daniel,I,0,36,Shirley
Daniel,A,0,36,Shirley
Daniel,DC,0,36,Shirley
Daniel,DN,0,36,Shirley
Davy,N,0,36,Shirley
Davy,C,0,36,Shirley
Davy,I,0,36,Shirley
Davy,A,0,36,Shirley
Davy,DC,0,36,Shirley
Davy,DN,0,36,Shirley
Donne,N,1,36,Shirley
Donne,C,0,36,Shirley
Donne,I,0,36,Shirley
Donne,A,0,36,Shirley
Donne,DC,0,36,Shirley
Donne,DN,0,36,Shirley
Dora,N,0,36,Shirley
Dora,C,0,36,Shirley
Dora,I,0,36,Shirley
Dora,A,0,36,Shirley
Dora,DC,0,36,Shirley
Dora,DN,0,36,Shirley
Dr. Boultby,N,0,36,Shirley
Dr. Boultby,C,0,36,Shirley
Dr. Boultby,I,0,36,Shirley
Dr. Boultby,A,0,36,Shirley
Dr. Boultby,DC,0,36,Shirley
Dr. Boultby,DN,0,36,Shirley
Eliza,N,0,36,Shirley
Eliza,C,0,36,Shirley
Eliza,I,0,36,Shirley
Eliza,A,0,36,Shirley
Eliza,DC,0,36,Shirley
Eliza,DN,0,36,Shirley
Eva,N,0,36,Shirley
Eva,C,0,36,Shirley
Eva,I,0,36,Shirley
Eva,A,0,36,Shirley
Eva,DC,0,36,Shirley
Eva,DN,0,36,Shirley
Eve,N,0,36,Shirley
Eve,C,0,36,Shirley
Eve,I,0,36,Shirley
Eve,A,0,36,Shirley
Eve,DC,0,36,Shirley
Eve,DN,0,36,Shirley
Fanny,N,0,36,Shirley
Fanny,C,0,36,Shirley
Fanny,I,0,36,Shirley
Fanny,A,0,36,Shirley
Fanny,DC,0,36,Shirley
Fanny,DN,0,36,Shirley
Farrens,N,0,36,Shirley
Farrens,C,0,36,Shirley
Farrens,I,0,36,Shirley
Farrens,A,0,36,Shirley
Farrens,DC,0,36,Shirley
Farrens,DN,0,36,Shirley
Fieldhead,N,0,36,Shirley
Fieldhead,C,0,36,Shirley
Fieldhead,I,0,36,Shirley
Fieldhead,A,0,36,Shirley
Fieldhead,DC,0,36,Shirley
Fieldhead,DN,0,36,Shirley
Fortune,N,0,36,Shirley
Fortune,C,0,36,Shirley
Fortune,I,0,36,Shirley
Fortune,A,0,36,Shirley
Fortune,DC,0,36,Shirley
Fortune,DN,0,36,Shirley
God,N,1,36,Shirley
God,C,0,36,Shirley
God,I,0,36,Shirley
God,A,0,36,Shirley
God,DC,0,36,Shirley
God,DN,0,36,Shirley
Grace,N,0,36,Shirley
Grace,C,0,36,Shirley
Grace,I,0,36,Shirley
Grace,A,0,36,Shirley
Grace,DC,0,36,Shirley
Grace,DN,0,36,Shirley
Hannah,N,0,36,Shirley
Hannah,C,0,36,Shirley
Hannah,I,0,36,Shirley
Hannah,A,0,36,Shirley
Hannah,DC,0,36,Shirley
Hannah,DN,0,36,Shirley
Harriet,N,0,36,Shirley
Harriet,C,0,36,Shirley
Harriet,I,0,36,Shirley
Harriet,A,0,36,Shirley
Harriet,DC,0,36,Shirley
Harriet,DN,0,36,Shirley
Helstone,N,0,36,Shirley
Helstone,C,0,36,Shirley
Helstone,I,0,36,Shirley
Helstone,A,0,36,Shirley
Helstone,DC,0,36,Shirley
Helstone,DN,0,36,Shirley
Henry,N,12,36,Shirley
Henry,C,0,36,Shirley
Henry,I,3,36,Shirley
Henry,A,4,36,Shirley
Henry,DC,0,36,Shirley
Henry,DN,0,36,Shirley
Hiram Yorke,N,0,36,Shirley
Hiram Yorke,C,0,36,Shirley
Hiram Yorke,I,0,36,Shirley
Hiram Yorke,A,0,36,Shirley
Hiram Yorke,DC,0,36,Shirley
Hiram Yorke,DN,0,36,Shirley
Hollow,N,0,36,Shirley
Hollow,C,0,36,Shirley
Hollow,I,0,36,Shirley
Hollow,A,0,36,Shirley
Hollow,DC,0,36,Shirley
Hollow,DN,0,36,Shirley
Hortense,N,0,36,Shirley
Hortense,C,0,36,Shirley
Hortense,I,0,36,Shirley
Hortense,A,0,36,Shirley
Hortense,DC,0,36,Shirley
Hortense,DN,0,36,Shirley
Isabella,N,0,36,Shirley
Isabella,C,0,36,Shirley
Isabella,I,0,36,Shirley
Isabella,A,0,36,Shirley
Isabella,DC,0,36,Shirley
Isabella,DN,0,36,Shirley
James,N,0,36,Shirley
James,C,0,36,Shirley
James,I,0,36,Shirley
James,A,0,36,Shirley
James,DC,0,36,Shirley
James,DN,0,36,Shirley
Jessy,N,0,36,Shirley
Jessy,C,0,36,Shirley
Jessy,I,0,36,Shirley
Jessy,A,0,36,Shirley
Jessy,DC,0,36,Shirley
Jessy,DN,0,36,Shirley
Joe,N,0,36,Shirley
Joe,C,0,36,Shirley
Joe,I,0,36,Shirley
Joe,A,0,36,Shirley
Joe,DC,0,36,Shirley
Joe,DN,0,36,Shirley
John,N,0,36,Shirley
John,C,0,36,Shirley
John,I,0,36,Shirley
John,A,0,36,Shirley
John,DC,0,36,Shirley
John,DN,0,36,Shirley
John Wesley,N,0,36,Shirley
John Wesley,C,0,36,Shirley
John Wesley,I,0,36,Shirley
John Wesley,A,0,36,Shirley
John Wesley,DC,0,36,Shirley
John Wesley,DN,0,36,Shirley
Lamb,N,0,36,Shirley
Lamb,C,0,36,Shirley
Lamb,I,0,36,Shirley
Lamb,A,0,36,Shirley
Lamb,DC,0,36,Shirley
Lamb,DN,0,36,Shirley
Lina,N,0,36,Shirley
Lina,C,0,36,Shirley
Lina,I,0,36,Shirley
Lina,A,0,36,Shirley
Lina,DC,0,36,Shirley
Lina,DN,0,36,Shirley
Lord Wellington,N,0,36,Shirley
Lord Wellington,C,0,36,Shirley
Lord Wellington,I,0,36,Shirley
Lord Wellington,A,0,36,Shirley
Lord Wellington,DC,0,36,Shirley
Lord Wellington,DN,0,36,Shirley
Louis,N,0,36,Shirley
Louis,C,0,36,Shirley
Louis,I,0,36,Shirley
Louis,A,0,36,Shirley
Louis,DC,0,36,Shirley
Louis,DN,0,36,Shirley
Lucretia,N,0,36,Shirley
Lucretia,C,0,36,Shirley
Lucretia,I,0,36,Shirley
Lucretia,A,0,36,Shirley
Lucretia,DC,0,36,Shirley
Lucretia,DN,0,36,Shirley
MATTERS,N,0,36,Shirley
MATTERS,C,0,36,Shirley
MATTERS,I,0,36,Shirley
MATTERS,A,0,36,Shirley
MATTERS,DC,0,36,Shirley
MATTERS,DN,0,36,Shirley
MacTurk,N,0,36,Shirley
MacTurk,C,0,36,Shirley
MacTurk,I,0,36,Shirley
MacTurk,A,0,36,Shirley
MacTurk,DC,0,36,Shirley
MacTurk,DN,0,36,Shirley
Malone,N,0,36,Shirley
Malone,C,0,36,Shirley
Malone,I,0,36,Shirley
Malone,A,0,36,Shirley
Malone,DC,0,36,Shirley
Malone,DN,0,36,Shirley
Malone.--I,N,0,36,Shirley
Malone.--I,C,0,36,Shirley
Malone.--I,I,0,36,Shirley
Malone.--I,A,0,36,Shirley
Malone.--I,DC,0,36,Shirley
Malone.--I,DN,0,36,Shirley
Mamma,N,0,36,Shirley
Mamma,C,0,36,Shirley
Mamma,I,0,36,Shirley
Mamma,A,0,36,Shirley
Mamma,DC,0,36,Shirley
Mamma,DN,0,36,Shirley
Margaret,N,0,36,Shirley
Margaret,C,0,36,Shirley
Margaret,I,0,36,Shirley
Margaret,A,0,36,Shirley
Margaret,DC,0,36,Shirley
Margaret,DN,0,36,Shirley
Mark,N,0,36,Shirley
Mark,C,0,36,Shirley
Mark,I,0,36,Shirley
Mark,A,0,36,Shirley
Mark,DC,0,36,Shirley
Mark,DN,0,36,Shirley
Martin,N,0,36,Shirley
Martin,C,0,36,Shirley
Martin,I,0,36,Shirley
Martin,A,0,36,Shirley
Martin,DC,0,36,Shirley
Martin,DN,0,36,Shirley
Mary,N,0,36,Shirley
Mary,C,0,36,Shirley
Mary,I,0,36,Shirley
Mary,A,0,36,Shirley
Mary,DC,0,36,Shirley
Mary,DN,0,36,Shirley
Mary Ann Ainley,N,0,36,Shirley
Mary Ann Ainley,C,0,36,Shirley
Mary Ann Ainley,I,0,36,Shirley
Mary Ann Ainley,A,0,36,Shirley
Mary Ann Ainley,DC,0,36,Shirley
Mary Ann Ainley,DN,0,36,Shirley
Matthew,N,0,36,Shirley
Matthew,C,0,36,Shirley
Matthew,I,0,36,Shirley
Matthew,A,0,36,Shirley
Matthew,DC,0,36,Shirley
Matthew,DN,0,36,Shirley
Matthewson Helstone,N,0,36,Shirley
Matthewson Helstone,C,0,36,Shirley
Matthewson Helstone,I,0,36,Shirley
Matthewson Helstone,A,0,36,Shirley
Matthewson Helstone,DC,0,36,Shirley
Matthewson Helstone,DN,0,36,Shirley
Mike,N,0,36,Shirley
Mike,C,0,36,Shirley
Mike,I,0,36,Shirley
Mike,A,0,36,Shirley
Mike,DC,0,36,Shirley
Mike,DN,0,36,Shirley
Miss Ainley,N,0,36,Shirley
Miss Ainley,C,0,36,Shirley
Miss Ainley,I,0,36,Shirley
Miss Ainley,A,0,36,Shirley
Miss Ainley,DC,0,36,Shirley
Miss Ainley,DN,0,36,Shirley
Miss Austen,N,0,36,Shirley
Miss Austen,C,0,36,Shirley
Miss Austen,I,0,36,Shirley
Miss Austen,A,0,36,Shirley
Miss Austen,DC,0,36,Shirley
Miss Austen,DN,0,36,Shirley
Miss Cave,N,0,36,Shirley
Miss Cave,C,0,36,Shirley
Miss Cave,I,0,36,Shirley
Miss Cave,A,0,36,Shirley
Miss Cave,DC,0,36,Shirley
Miss Cave,DN,0,36,Shirley
Miss Grey,N,0,36,Shirley
Miss Grey,C,0,36,Shirley
Miss Grey,I,0,36,Shirley
Miss Grey,A,0,36,Shirley
Miss Grey,DC,0,36,Shirley
Miss Grey,DN,0,36,Shirley
Miss Hardman,N,0,36,Shirley
Miss Hardman,C,0,36,Shirley
Miss Hardman,I,0,36,Shirley
Miss Hardman,A,0,36,Shirley
Miss Hardman,DC,0,36,Shirley
Miss Hardman,DN,0,36,Shirley
Miss Mann,N,0,36,Shirley
Miss Mann,C,0,36,Shirley
Miss Mann,I,0,36,Shirley
Miss Mann,A,0,36,Shirley
Miss Mann,DC,0,36,Shirley
Miss Mann,DN,0,36,Shirley
Miss Mary,N,0,36,Shirley
Miss Mary,C,0,36,Shirley
Miss Mary,I,0,36,Shirley
Miss Mary,A,0,36,Shirley
Miss Mary,DC,0,36,Shirley
Miss Mary,DN,0,36,Shirley
Miss Moore,N,0,36,Shirley
Miss Moore,C,0,36,Shirley
Miss Moore,I,0,36,Shirley
Miss Moore,A,0,36,Shirley
Miss Moore,DC,0,36,Shirley
Miss Moore,DN,0,36,Shirley
Miss Pearson,N,0,36,Shirley
Miss Pearson,C,0,36,Shirley
Miss Pearson,I,0,36,Shirley
Miss Pearson,A,0,36,Shirley
Miss Pearson,DC,0,36,Shirley
Miss Pearson,DN,0,36,Shirley
Moore,N,0,36,Shirley
Moore,C,0,36,Shirley
Moore,I,0,36,Shirley
Moore,A,0,36,Shirley
Moore,DC,0,36,Shirley
Moore,DN,0,36,Shirley
Moses,N,0,36,Shirley
Moses,C,0,36,Shirley
Moses,I,0,36,Shirley
Moses,A,0,36,Shirley
Moses,DC,0,36,Shirley
Moses,DN,0,36,Shirley
Mother,N,0,36,Shirley
Mother,C,0,36,Shirley
Mother,I,0,36,Shirley
Mother,A,0,36,Shirley
Mother,DC,0,36,Shirley
Mother,DN,0,36,Shirley
Mr. Barraclough,N,0,36,Shirley
Mr. Barraclough,C,0,36,Shirley
Mr. Barraclough,I,0,36,Shirley
Mr. Barraclough,A,0,36,Shirley
Mr. Barraclough,DC,0,36,Shirley
Mr. Barraclough,DN,0,36,Shirley
Mr. Gale,N,0,36,Shirley
Mr. Gale,C,0,36,Shirley
Mr. Gale,I,0,36,Shirley
Mr. Gale,A,0,36,Shirley
Mr. Gale,DC,0,36,Shirley
Mr. Gale,DN,0,36,Shirley
Mr. Hall,N,0,36,Shirley
Mr. Hall,C,0,36,Shirley
Mr. Hall,I,0,36,Shirley
Mr. Hall,A,0,36,Shirley
Mr. Hall,DC,0,36,Shirley
Mr. Hall,DN,0,36,Shirley
Mr. Helstone,N,0,36,Shirley
Mr. Helstone,C,0,36,Shirley
Mr. Helstone,I,0,36,Shirley
Mr. Helstone,A,0,36,Shirley
Mr. Helstone,DC,0,36,Shirley
Mr. Helstone,DN,0,36,Shirley
Mr. Moore,N,24,36,Shirley
Mr. Moore,C,0,36,Shirley
Mr. Moore,I,3,36,Shirley
Mr. Moore,A,5,36,Shirley
Mr. Moore,DC,0,36,Shirley
Mr. Moore,DN,2,36,Shirley
Mr. Moore----,N,0,36,Shirley
Mr. Moore----,C,0,36,Shirley
Mr. Moore----,I,0,36,Shirley
Mr. Moore----,A,0,36,Shirley
Mr. Moore----,DC,0,36,Shirley
Mr. Moore----,DN,0,36,Shirley
Mr. Ramsden,N,0,36,Shirley
Mr. Ramsden,C,0,36,Shirley
Mr. Ramsden,I,0,36,Shirley
Mr. Ramsden,A,0,36,Shirley
Mr. Ramsden,DC,0,36,Shirley
Mr. Ramsden,DN,0,36,Shirley
Mr. Sykes,N,0,36,Shirley
Mr. Sykes,C,0,36,Shirley
Mr. Sykes,I,0,36,Shirley
Mr. Sykes,A,0,36,Shirley
Mr. Sykes,DC,0,36,Shirley
Mr. Sykes,DN,0,36,Shirley
Mr. Sympson,N,10,36,Shirley
Mr. Sympson,C,0,36,Shirley
Mr. Sympson,I,5,36,Shirley
Mr. Sympson,A,11,36,Shirley
Mr. Sympson,DC,0,36,Shirley
Mr. Sympson,DN,1,36,Shirley
Mr. Wynne,N,0,36,Shirley
Mr. Wynne,C,0,36,Shirley
Mr. Wynne,I,0,36,Shirley
Mr. Wynne,A,0,36,Shirley
Mr. Wynne,DC,0,36,Shirley
Mr. Wynne,DN,0,36,Shirley
Mr. Yorke,N,0,36,Shirley
Mr. Yorke,C,0,36,Shirley
Mr. Yorke,I,0,36,Shirley
Mr. Yorke,A,0,36,Shirley
Mr. Yorke,DC,0,36,Shirley
Mr. Yorke,DN,0,36,Shirley
Mrs. Gale,N,0,36,Shirley
Mrs. Gale,C,0,36,Shirley
Mrs. Gale,I,0,36,Shirley
Mrs. Gale,A,0,36,Shirley
Mrs. Gale,DC,0,36,Shirley
Mrs. Gale,DN,0,36,Shirley
Mrs. Gill,N,6,36,Shirley
Mrs. Gill,C,0,36,Shirley
Mrs. Gill,I,8,36,Shirley
Mrs. Gill,A,11,36,Shirley
Mrs. Gill,DC,0,36,Shirley
Mrs. Gill,DN,4,36,Shirley
Mrs. Hardman,N,0,36,Shirley
Mrs. Hardman,C,0,36,Shirley
Mrs. Hardman,I,0,36,Shirley
Mrs. Hardman,A,0,36,Shirley
Mrs. Hardman,DC,0,36,Shirley
Mrs. Hardman,DN,0,36,Shirley
Mrs. Horsfall,N,0,36,Shirley
Mrs. Horsfall,C,0,36,Shirley
Mrs. Horsfall,I,0,36,Shirley
Mrs. Horsfall,A,0,36,Shirley
Mrs. Horsfall,DC,0,36,Shirley
Mrs. Horsfall,DN,0,36,Shirley
Mrs. Louis,N,0,36,Shirley
Mrs. Louis,C,0,36,Shirley
Mrs. Louis,I,0,36,Shirley
Mrs. Louis,A,0,36,Shirley
Mrs. Louis,DC,0,36,Shirley
Mrs. Louis,DN,0,36,Shirley
Mrs. Pryor,N,1,36,Shirley
Mrs. Pryor,C,0,36,Shirley
Mrs. Pryor,I,0,36,Shirley
Mrs. Pryor,A,0,36,Shirley
Mrs. Pryor,DC,0,36,Shirley
Mrs. Pryor,DN,1,36,Shirley
Mrs. Sykes,N,0,36,Shirley
Mrs. Sykes,C,0,36,Shirley
Mrs. Sykes,I,0,36,Shirley
Mrs. Sykes,A,0,36,Shirley
Mrs. Sykes,DC,0,36,Shirley
Mrs. Sykes,DN,0,36,Shirley
Mrs. Yorke,N,0,36,Shirley
Mrs. Yorke,C,0,36,Shirley
Mrs. Yorke,I,0,36,Shirley
Mrs. Yorke,A,0,36,Shirley
Mrs. Yorke,DC,0,36,Shirley
Mrs. Yorke,DN,0,36,Shirley
Murgatroyd,N,0,36,Shirley
Murgatroyd,C,0,36,Shirley
Murgatroyd,I,0,36,Shirley
Murgatroyd,A,0,36,Shirley
Murgatroyd,DC,0,36,Shirley
Murgatroyd,DN,0,36,Shirley
Napoleon,N,0,36,Shirley
Napoleon,C,0,36,Shirley
Napoleon,I,0,36,Shirley
Napoleon,A,0,36,Shirley
Napoleon,DC,0,36,Shirley
Napoleon,DN,0,36,Shirley
Nature,N,0,36,Shirley
Nature,C,0,36,Shirley
Nature,I,0,36,Shirley
Nature,A,0,36,Shirley
Nature,DC,0,36,Shirley
Nature,DN,0,36,Shirley
Pearson,N,0,36,Shirley
Pearson,C,0,36,Shirley
Pearson,I,0,36,Shirley
Pearson,A,0,36,Shirley
Pearson,DC,0,36,Shirley
Pearson,DN,0,36,Shirley
Peg Woffington.= CHARLES READE,N,0,36,Shirley
Peg Woffington.= CHARLES READE,C,0,36,Shirley
Peg Woffington.= CHARLES READE,I,0,36,Shirley
Peg Woffington.= CHARLES READE,A,0,36,Shirley
Peg Woffington.= CHARLES READE,DC,0,36,Shirley
Peg Woffington.= CHARLES READE,DN,0,36,Shirley
Peter,N,0,36,Shirley
Peter,C,0,36,Shirley
Peter,I,0,36,Shirley
Peter,A,0,36,Shirley
Peter,DC,0,36,Shirley
Peter,DN,0,36,Shirley
Phœbe,N,1,36,Shirley
Phœbe,C,0,36,Shirley
Phœbe,I,0,36,Shirley
Phœbe,A,0,36,Shirley
Phœbe,DC,0,36,Shirley
Phœbe,DN,0,36,Shirley
Providence,N,0,36,Shirley
Providence,C,0,36,Shirley
Providence,I,0,36,Shirley
Providence,A,0,36,Shirley
Providence,DC,0,36,Shirley
Providence,DN,0,36,Shirley
Robert,N,2,36,Shirley
Robert,C,0,36,Shirley
Robert,I,0,36,Shirley
Robert,A,0,36,Shirley
Robert,DC,0,36,Shirley
Robert,DN,0,36,Shirley
Rose,N,0,36,Shirley
Rose,C,0,36,Shirley
Rose,I,0,36,Shirley
Rose,A,0,36,Shirley
Rose,DC,0,36,Shirley
Rose,DN,0,36,Shirley
Sarah,N,0,36,Shirley
Sarah,C,0,36,Shirley
Sarah,I,0,36,Shirley
Sarah,A,0,36,Shirley
Sarah,DC,0,36,Shirley
Sarah,DN,0,36,Shirley
Saturnia,N,0,36,Shirley
Saturnia,C,0,36,Shirley
Saturnia,I,0,36,Shirley
Saturnia,A,0,36,Shirley
Saturnia,DC,0,36,Shirley
Saturnia,DN,0,36,Shirley
Shakespeare,N,0,36,Shirley
Shakespeare,C,0,36,Shirley
Shakespeare,I,0,36,Shirley
Shakespeare,A,0,36,Shirley
Shakespeare,DC,0,36,Shirley
Shakespeare,DN,0,36,Shirley
Shirley,N,21,36,Shirley
Shirley,C,0,36,Shirley
Shirley,I,11,36,Shirley
Shirley,A,22,36,Shirley
Shirley,DC,0,36,Shirley
Shirley,DN,7,36,Shirley
Sir Philip,N,3,36,Shirley
Sir Philip,C,0,36,Shirley
Sir Philip,I,1,36,Shirley
Sir Philip,A,1,36,Shirley
Sir Philip,DC,0,36,Shirley
Sir Philip,DN,6,36,Shirley
Sir Walter Scott,N,0,36,Shirley
Sir Walter Scott,C,0,36,Shirley
Sir Walter Scott,I,0,36,Shirley
Sir Walter Scott,A,0,36,Shirley
Sir Walter Scott,DC,0,36,Shirley
Sir Walter Scott,DN,0,36,Shirley
Sister,N,0,36,Shirley
Sister,C,0,36,Shirley
Sister,I,0,36,Shirley
Sister,A,0,36,Shirley
Sister,DC,0,36,Shirley
Sister,DN,0,36,Shirley
St. Paul,N,0,36,Shirley
St. Paul,C,0,36,Shirley
St. Paul,I,0,36,Shirley
St. Paul,A,0,36,Shirley
St. Paul,DC,0,36,Shirley
St. Paul,DN,0,36,Shirley
Stilbro,N,0,36,Shirley
Stilbro,C,0,36,Shirley
Stilbro,I,0,36,Shirley
Stilbro,A,0,36,Shirley
Stilbro,DC,0,36,Shirley
Stilbro,DN,0,36,Shirley
Sudgen,N,0,36,Shirley
Sudgen,C,0,36,Shirley
Sudgen,I,0,36,Shirley
Sudgen,A,0,36,Shirley
Sudgen,DC,0,36,Shirley
Sudgen,DN,0,36,Shirley
Sugden,N,0,36,Shirley
Sugden,C,0,36,Shirley
Sugden,I,0,36,Shirley
Sugden,A,0,36,Shirley
Sugden,DC,0,36,Shirley
Sugden,DN,0,36,Shirley
Sweeting,N,0,36,Shirley
Sweeting,C,0,36,Shirley
Sweeting,I,0,36,Shirley
Sweeting,A,0,36,Shirley
Sweeting,DC,0,36,Shirley
Sweeting,DN,0,36,Shirley
Tartar,N,8,36,Shirley
Tartar,C,0,36,Shirley
Tartar,I,0,36,Shirley
Tartar,A,1,36,Shirley
Tartar,DC,0,36,Shirley
Tartar,DN,1,36,Shirley
The Cossack,N,0,36,Shirley
The Cossack,C,0,36,Shirley
The Cossack,I,0,36,Shirley
The Cossack,A,0,36,Shirley
The Cossack,DC,0,36,Shirley
The Cossack,DN,0,36,Shirley
These Oreads,N,1,36,Shirley
These Oreads,C,0,36,Shirley
These Oreads,I,0,36,Shirley
These Oreads,A,1,36,Shirley
These Oreads,DC,0,36,Shirley
These Oreads,DN,2,36,Shirley
Tom Cringle,N,0,36,Shirley
Tom Cringle,C,0,36,Shirley
Tom Cringle,I,0,36,Shirley
Tom Cringle,A,0,36,Shirley
Tom Cringle,DC,0,36,Shirley
Tom Cringle,DN,0,36,Shirley
Uncle,N,0,36,Shirley
Uncle,C,0,36,Shirley
Uncle,I,0,36,Shirley
Uncle,A,0,36,Shirley
Uncle,DC,0,36,Shirley
Uncle,DN,0,36,Shirley
VICTOR HUGO,N,0,36,Shirley
VICTOR HUGO,C,0,36,Shirley
VICTOR HUGO,I,0,36,Shirley
VICTOR HUGO,A,0,36,Shirley
VICTOR HUGO,DC,0,36,Shirley
VICTOR HUGO,DN,0,36,Shirley
Whinbury,N,0,36,Shirley
Whinbury,C,0,36,Shirley
Whinbury,I,0,36,Shirley
Whinbury,A,0,36,Shirley
Whinbury,DC,0,36,Shirley
Whinbury,DN,0,36,Shirley
William,N,1,36,Shirley
William,C,0,36,Shirley
William,I,0,36,Shirley
William,A,0,36,Shirley
William,DC,0,36,Shirley
William,DN,0,36,Shirley
mademoiselle,N,0,36,Shirley
mademoiselle,C,0,36,Shirley
mademoiselle,I,0,36,Shirley
mademoiselle,A,0,36,Shirley
mademoiselle,DC,0,36,Shirley
mademoiselle,DN,0,36,Shirley
old Lady Nunnely,N,0,36,Shirley
old Lady Nunnely,C,0,36,Shirley
old Lady Nunnely,I,0,36,Shirley
old Lady Nunnely,A,0,36,Shirley
old Lady Nunnely,DC,0,36,Shirley
old Lady Nunnely,DN,0,36,Shirley
old Queen Charlotte,N,0,36,Shirley
old Queen Charlotte,C,0,36,Shirley
old Queen Charlotte,I,0,36,Shirley
old Queen Charlotte,A,0,36,Shirley
old Queen Charlotte,DC,0,36,Shirley
old Queen Charlotte,DN,0,36,Shirley
the Misses Sykes,N,0,36,Shirley
the Misses Sykes,C,0,36,Shirley
the Misses Sykes,I,0,36,Shirley
the Misses Sykes,A,0,36,Shirley
the Misses Sykes,DC,0,36,Shirley
the Misses Sykes,DN,0,36,Shirley
the Misses Sympson,N,0,36,Shirley
the Misses Sympson,C,0,36,Shirley
the Misses Sympson,I,0,36,Shirley
the Misses Sympson,A,0,36,Shirley
the Misses Sympson,DC,0,36,Shirley
the Misses Sympson,DN,0,36,Shirley
the Moores,N,0,36,Shirley
the Moores,C,0,36,Shirley
the Moores,I,0,36,Shirley
the Moores,A,0,36,Shirley
the Moores,DC,0,36,Shirley
the Moores,DN,0,36,Shirley
the Sympsons,N,2,36,Shirley
the Sympsons,C,0,36,Shirley
the Sympsons,I,0,36,Shirley
the Sympsons,A,2,36,Shirley
the Sympsons,DC,0,36,Shirley
the Sympsons,DN,2,36,Shirley
Abraham,N,0,37,Shirley
Abraham,C,0,37,Shirley
Abraham,I,0,37,Shirley
Abraham,A,0,37,Shirley
Abraham,DC,0,37,Shirley
Abraham,DN,0,37,Shirley
Adam,N,1,37,Shirley
Adam,C,0,37,Shirley
Adam,I,0,37,Shirley
Adam,A,0,37,Shirley
Adam,DC,0,37,Shirley
Adam,DN,0,37,Shirley
Bob,N,0,37,Shirley
Bob,C,0,37,Shirley
Bob,I,0,37,Shirley
Bob,A,0,37,Shirley
Bob,DC,0,37,Shirley
Bob,DN,0,37,Shirley
Bonaparte,N,1,37,Shirley
Bonaparte,C,0,37,Shirley
Bonaparte,I,2,37,Shirley
Bonaparte,A,3,37,Shirley
Bonaparte,DC,0,37,Shirley
Bonaparte,DN,1,37,Shirley
Boultby,N,0,37,Shirley
Boultby,C,0,37,Shirley
Boultby,I,0,37,Shirley
Boultby,A,0,37,Shirley
Boultby,DC,0,37,Shirley
Boultby,DN,0,37,Shirley
Briarmains,N,0,37,Shirley
Briarmains,C,0,37,Shirley
Briarmains,I,0,37,Shirley
Briarmains,A,0,37,Shirley
Briarmains,DC,0,37,Shirley
Briarmains,DN,0,37,Shirley
CHARLES DICKENS,N,5,37,Shirley
CHARLES DICKENS,C,1,37,Shirley
CHARLES DICKENS,I,1,37,Shirley
CHARLES DICKENS,A,0,37,Shirley
CHARLES DICKENS,DC,0,37,Shirley
CHARLES DICKENS,DN,0,37,Shirley
Captain Keeldar,N,0,37,Shirley
Captain Keeldar,C,0,37,Shirley
Captain Keeldar,I,0,37,Shirley
Captain Keeldar,A,0,37,Shirley
Captain Keeldar,DC,0,37,Shirley
Captain Keeldar,DN,0,37,Shirley
Caroline,N,17,37,Shirley
Caroline,C,7,37,Shirley
Caroline,I,14,37,Shirley
Caroline,A,31,37,Shirley
Caroline,DC,1,37,Shirley
Caroline,DN,4,37,Shirley
"Caroline--""She",N,0,37,Shirley
"Caroline--""She",C,0,37,Shirley
"Caroline--""She",I,0,37,Shirley
"Caroline--""She",A,0,37,Shirley
"Caroline--""She",DC,0,37,Shirley
"Caroline--""She",DN,0,37,Shirley
Cary,N,3,37,Shirley
Cary,C,0,37,Shirley
Cary,I,5,37,Shirley
Cary,A,2,37,Shirley
Cary,DC,1,37,Shirley
Cary,DN,3,37,Shirley
Castlereagh,N,1,37,Shirley
Castlereagh,C,0,37,Shirley
Castlereagh,I,0,37,Shirley
Castlereagh,A,0,37,Shirley
Castlereagh,DC,0,37,Shirley
Castlereagh,DN,0,37,Shirley
Chénier,N,0,37,Shirley
Chénier,C,0,37,Shirley
Chénier,I,0,37,Shirley
Chénier,A,0,37,Shirley
Chénier,DC,0,37,Shirley
Chénier,DN,0,37,Shirley
Coriolanus,N,0,37,Shirley
Coriolanus,C,0,37,Shirley
Coriolanus,I,0,37,Shirley
Coriolanus,A,0,37,Shirley
Coriolanus,DC,0,37,Shirley
Coriolanus,DN,0,37,Shirley
Cowper,N,0,37,Shirley
Cowper,C,0,37,Shirley
Cowper,I,0,37,Shirley
Cowper,A,0,37,Shirley
Cowper,DC,0,37,Shirley
Cowper,DN,0,37,Shirley
Cyril Hall,N,0,37,Shirley
Cyril Hall,C,0,37,Shirley
Cyril Hall,I,0,37,Shirley
Cyril Hall,A,0,37,Shirley
Cyril Hall,DC,0,37,Shirley
Cyril Hall,DN,0,37,Shirley
Daniel,N,0,37,Shirley
Daniel,C,0,37,Shirley
Daniel,I,0,37,Shirley
Daniel,A,0,37,Shirley
Daniel,DC,0,37,Shirley
Daniel,DN,0,37,Shirley
Davy,N,3,37,Shirley
Davy,C,1,37,Shirley
Davy,I,2,37,Shirley
Davy,A,0,37,Shirley
Davy,DC,0,37,Shirley
Davy,DN,1,37,Shirley
Donne,N,4,37,Shirley
Donne,C,0,37,Shirley
Donne,I,0,37,Shirley
Donne,A,2,37,Shirley
Donne,DC,0,37,Shirley
Donne,DN,0,37,Shirley
Dora,N,2,37,Shirley
Dora,C,0,37,Shirley
Dora,I,0,37,Shirley
Dora,A,0,37,Shirley
Dora,DC,0,37,Shirley
Dora,DN,0,37,Shirley
Dr. Boultby,N,0,37,Shirley
Dr. Boultby,C,0,37,Shirley
Dr. Boultby,I,0,37,Shirley
Dr. Boultby,A,0,37,Shirley
Dr. Boultby,DC,0,37,Shirley
Dr. Boultby,DN,0,37,Shirley
Eliza,N,0,37,Shirley
Eliza,C,0,37,Shirley
Eliza,I,0,37,Shirley
Eliza,A,0,37,Shirley
Eliza,DC,0,37,Shirley
Eliza,DN,0,37,Shirley
Eva,N,0,37,Shirley
Eva,C,0,37,Shirley
Eva,I,0,37,Shirley
Eva,A,0,37,Shirley
Eva,DC,0,37,Shirley
Eva,DN,0,37,Shirley
Eve,N,0,37,Shirley
Eve,C,0,37,Shirley
Eve,I,0,37,Shirley
Eve,A,0,37,Shirley
Eve,DC,0,37,Shirley
Eve,DN,0,37,Shirley
Fanny,N,0,37,Shirley
Fanny,C,0,37,Shirley
Fanny,I,0,37,Shirley
Fanny,A,0,37,Shirley
Fanny,DC,0,37,Shirley
Fanny,DN,0,37,Shirley
Farrens,N,0,37,Shirley
Farrens,C,0,37,Shirley
Farrens,I,0,37,Shirley
Farrens,A,0,37,Shirley
Farrens,DC,0,37,Shirley
Farrens,DN,0,37,Shirley
Fieldhead,N,1,37,Shirley
Fieldhead,C,0,37,Shirley
Fieldhead,I,0,37,Shirley
Fieldhead,A,0,37,Shirley
Fieldhead,DC,0,37,Shirley
Fieldhead,DN,0,37,Shirley
Fortune,N,1,37,Shirley
Fortune,C,0,37,Shirley
Fortune,I,0,37,Shirley
Fortune,A,0,37,Shirley
Fortune,DC,0,37,Shirley
Fortune,DN,0,37,Shirley
God,N,3,37,Shirley
God,C,0,37,Shirley
God,I,0,37,Shirley
God,A,1,37,Shirley
God,DC,0,37,Shirley
God,DN,0,37,Shirley
Grace,N,0,37,Shirley
Grace,C,0,37,Shirley
Grace,I,0,37,Shirley
Grace,A,0,37,Shirley
Grace,DC,0,37,Shirley
Grace,DN,0,37,Shirley
Hannah,N,0,37,Shirley
Hannah,C,0,37,Shirley
Hannah,I,0,37,Shirley
Hannah,A,0,37,Shirley
Hannah,DC,0,37,Shirley
Hannah,DN,0,37,Shirley
Harriet,N,0,37,Shirley
Harriet,C,0,37,Shirley
Harriet,I,0,37,Shirley
Harriet,A,0,37,Shirley
Harriet,DC,0,37,Shirley
Harriet,DN,0,37,Shirley
Helstone,N,0,37,Shirley
Helstone,C,0,37,Shirley
Helstone,I,0,37,Shirley
Helstone,A,0,37,Shirley
Helstone,DC,0,37,Shirley
Helstone,DN,0,37,Shirley
Henry,N,1,37,Shirley
Henry,C,0,37,Shirley
Henry,I,0,37,Shirley
Henry,A,0,37,Shirley
Henry,DC,0,37,Shirley
Henry,DN,0,37,Shirley
Hiram Yorke,N,1,37,Shirley
Hiram Yorke,C,0,37,Shirley
Hiram Yorke,I,0,37,Shirley
Hiram Yorke,A,0,37,Shirley
Hiram Yorke,DC,0,37,Shirley
Hiram Yorke,DN,0,37,Shirley
Hollow,N,1,37,Shirley
Hollow,C,0,37,Shirley
Hollow,I,0,37,Shirley
Hollow,A,0,37,Shirley
Hollow,DC,0,37,Shirley
Hollow,DN,0,37,Shirley
Hortense,N,1,37,Shirley
Hortense,C,0,37,Shirley
Hortense,I,0,37,Shirley
Hortense,A,0,37,Shirley
Hortense,DC,0,37,Shirley
Hortense,DN,1,37,Shirley
Isabella,N,0,37,Shirley
Isabella,C,0,37,Shirley
Isabella,I,0,37,Shirley
Isabella,A,0,37,Shirley
Isabella,DC,0,37,Shirley
Isabella,DN,0,37,Shirley
James,N,0,37,Shirley
James,C,0,37,Shirley
James,I,0,37,Shirley
James,A,0,37,Shirley
James,DC,0,37,Shirley
James,DN,0,37,Shirley
Jessy,N,0,37,Shirley
Jessy,C,0,37,Shirley
Jessy,I,0,37,Shirley
Jessy,A,0,37,Shirley
Jessy,DC,0,37,Shirley
Jessy,DN,0,37,Shirley
Joe,N,1,37,Shirley
Joe,C,0,37,Shirley
Joe,I,0,37,Shirley
Joe,A,1,37,Shirley
Joe,DC,0,37,Shirley
Joe,DN,0,37,Shirley
John,N,0,37,Shirley
John,C,0,37,Shirley
John,I,0,37,Shirley
John,A,0,37,Shirley
John,DC,0,37,Shirley
John,DN,0,37,Shirley
John Wesley,N,0,37,Shirley
John Wesley,C,0,37,Shirley
John Wesley,I,0,37,Shirley
John Wesley,A,0,37,Shirley
John Wesley,DC,0,37,Shirley
John Wesley,DN,0,37,Shirley
Lamb,N,4,37,Shirley
Lamb,C,1,37,Shirley
Lamb,I,0,37,Shirley
Lamb,A,0,37,Shirley
Lamb,DC,0,37,Shirley
Lamb,DN,0,37,Shirley
Lina,N,0,37,Shirley
Lina,C,0,37,Shirley
Lina,I,0,37,Shirley
Lina,A,0,37,Shirley
Lina,DC,0,37,Shirley
Lina,DN,0,37,Shirley
Lord Wellington,N,2,37,Shirley
Lord Wellington,C,0,37,Shirley
Lord Wellington,I,1,37,Shirley
Lord Wellington,A,6,37,Shirley
Lord Wellington,DC,0,37,Shirley
Lord Wellington,DN,1,37,Shirley
Louis,N,0,37,Shirley
Louis,C,0,37,Shirley
Louis,I,0,37,Shirley
Louis,A,0,37,Shirley
Louis,DC,0,37,Shirley
Louis,DN,0,37,Shirley
Lucretia,N,0,37,Shirley
Lucretia,C,0,37,Shirley
Lucretia,I,0,37,Shirley
Lucretia,A,0,37,Shirley
Lucretia,DC,0,37,Shirley
Lucretia,DN,0,37,Shirley
MATTERS,N,0,37,Shirley
MATTERS,C,0,37,Shirley
MATTERS,I,0,37,Shirley
MATTERS,A,0,37,Shirley
MATTERS,DC,0,37,Shirley
MATTERS,DN,0,37,Shirley
MacTurk,N,0,37,Shirley
MacTurk,C,0,37,Shirley
MacTurk,I,0,37,Shirley
MacTurk,A,0,37,Shirley
MacTurk,DC,0,37,Shirley
MacTurk,DN,0,37,Shirley
Malone,N,3,37,Shirley
Malone,C,0,37,Shirley
Malone,I,2,37,Shirley
Malone,A,0,37,Shirley
Malone,DC,0,37,Shirley
Malone,DN,0,37,Shirley
Malone.--I,N,0,37,Shirley
Malone.--I,C,0,37,Shirley
Malone.--I,I,0,37,Shirley
Malone.--I,A,0,37,Shirley
Malone.--I,DC,0,37,Shirley
Malone.--I,DN,0,37,Shirley
Mamma,N,3,37,Shirley
Mamma,C,0,37,Shirley
Mamma,I,4,37,Shirley
Mamma,A,3,37,Shirley
Mamma,DC,0,37,Shirley
Mamma,DN,2,37,Shirley
Margaret,N,0,37,Shirley
Margaret,C,0,37,Shirley
Margaret,I,0,37,Shirley
Margaret,A,0,37,Shirley
Margaret,DC,0,37,Shirley
Margaret,DN,0,37,Shirley
Mark,N,0,37,Shirley
Mark,C,0,37,Shirley
Mark,I,0,37,Shirley
Mark,A,0,37,Shirley
Mark,DC,0,37,Shirley
Mark,DN,0,37,Shirley
Martin,N,1,37,Shirley
Martin,C,0,37,Shirley
Martin,I,0,37,Shirley
Martin,A,0,37,Shirley
Martin,DC,0,37,Shirley
Martin,DN,0,37,Shirley
Mary,N,0,37,Shirley
Mary,C,0,37,Shirley
Mary,I,0,37,Shirley
Mary,A,0,37,Shirley
Mary,DC,0,37,Shirley
Mary,DN,0,37,Shirley
Mary Ann Ainley,N,0,37,Shirley
Mary Ann Ainley,C,0,37,Shirley
Mary Ann Ainley,I,0,37,Shirley
Mary Ann Ainley,A,0,37,Shirley
Mary Ann Ainley,DC,0,37,Shirley
Mary Ann Ainley,DN,0,37,Shirley
Matthew,N,0,37,Shirley
Matthew,C,0,37,Shirley
Matthew,I,0,37,Shirley
Matthew,A,0,37,Shirley
Matthew,DC,0,37,Shirley
Matthew,DN,0,37,Shirley
Matthewson Helstone,N,0,37,Shirley
Matthewson Helstone,C,0,37,Shirley
Matthewson Helstone,I,0,37,Shirley
Matthewson Helstone,A,0,37,Shirley
Matthewson Helstone,DC,0,37,Shirley
Matthewson Helstone,DN,0,37,Shirley
Mike,N,1,37,Shirley
Mike,C,0,37,Shirley
Mike,I,0,37,Shirley
Mike,A,0,37,Shirley
Mike,DC,0,37,Shirley
Mike,DN,0,37,Shirley
Miss Ainley,N,1,37,Shirley
Miss Ainley,C,0,37,Shirley
Miss Ainley,I,0,37,Shirley
Miss Ainley,A,0,37,Shirley
Miss Ainley,DC,1,37,Shirley
Miss Ainley,DN,0,37,Shirley
Miss Austen,N,1,37,Shirley
Miss Austen,C,0,37,Shirley
Miss Austen,I,0,37,Shirley
Miss Austen,A,0,37,Shirley
Miss Austen,DC,0,37,Shirley
Miss Austen,DN,1,37,Shirley
Miss Cave,N,0,37,Shirley
Miss Cave,C,0,37,Shirley
Miss Cave,I,0,37,Shirley
Miss Cave,A,0,37,Shirley
Miss Cave,DC,0,37,Shirley
Miss Cave,DN,0,37,Shirley
Miss Grey,N,0,37,Shirley
Miss Grey,C,0,37,Shirley
Miss Grey,I,0,37,Shirley
Miss Grey,A,0,37,Shirley
Miss Grey,DC,0,37,Shirley
Miss Grey,DN,0,37,Shirley
Miss Hardman,N,0,37,Shirley
Miss Hardman,C,0,37,Shirley
Miss Hardman,I,0,37,Shirley
Miss Hardman,A,0,37,Shirley
Miss Hardman,DC,0,37,Shirley
Miss Hardman,DN,0,37,Shirley
Miss Mann,N,0,37,Shirley
Miss Mann,C,0,37,Shirley
Miss Mann,I,0,37,Shirley
Miss Mann,A,0,37,Shirley
Miss Mann,DC,0,37,Shirley
Miss Mann,DN,0,37,Shirley
Miss Mary,N,0,37,Shirley
Miss Mary,C,0,37,Shirley
Miss Mary,I,0,37,Shirley
Miss Mary,A,0,37,Shirley
Miss Mary,DC,0,37,Shirley
Miss Mary,DN,0,37,Shirley
Miss Moore,N,0,37,Shirley
Miss Moore,C,0,37,Shirley
Miss Moore,I,0,37,Shirley
Miss Moore,A,0,37,Shirley
Miss Moore,DC,0,37,Shirley
Miss Moore,DN,0,37,Shirley
Miss Pearson,N,0,37,Shirley
Miss Pearson,C,0,37,Shirley
Miss Pearson,I,0,37,Shirley
Miss Pearson,A,0,37,Shirley
Miss Pearson,DC,0,37,Shirley
Miss Pearson,DN,0,37,Shirley
Moore,N,0,37,Shirley
Moore,C,0,37,Shirley
Moore,I,0,37,Shirley
Moore,A,0,37,Shirley
Moore,DC,0,37,Shirley
Moore,DN,0,37,Shirley
Moses,N,0,37,Shirley
Moses,C,0,37,Shirley
Moses,I,0,37,Shirley
Moses,A,0,37,Shirley
Moses,DC,0,37,Shirley
Moses,DN,0,37,Shirley
Mother,N,0,37,Shirley
Mother,C,0,37,Shirley
Mother,I,0,37,Shirley
Mother,A,0,37,Shirley
Mother,DC,0,37,Shirley
Mother,DN,0,37,Shirley
Mr. Barraclough,N,0,37,Shirley
Mr. Barraclough,C,0,37,Shirley
Mr. Barraclough,I,0,37,Shirley
Mr. Barraclough,A,0,37,Shirley
Mr. Barraclough,DC,0,37,Shirley
Mr. Barraclough,DN,0,37,Shirley
Mr. Gale,N,0,37,Shirley
Mr. Gale,C,0,37,Shirley
Mr. Gale,I,0,37,Shirley
Mr. Gale,A,0,37,Shirley
Mr. Gale,DC,0,37,Shirley
Mr. Gale,DN,0,37,Shirley
Mr. Hall,N,2,37,Shirley
Mr. Hall,C,0,37,Shirley
Mr. Hall,I,0,37,Shirley
Mr. Hall,A,1,37,Shirley
Mr. Hall,DC,0,37,Shirley
Mr. Hall,DN,0,37,Shirley
Mr. Helstone,N,1,37,Shirley
Mr. Helstone,C,0,37,Shirley
Mr. Helstone,I,0,37,Shirley
Mr. Helstone,A,0,37,Shirley
Mr. Helstone,DC,0,37,Shirley
Mr. Helstone,DN,0,37,Shirley
Mr. Moore,N,15,37,Shirley
Mr. Moore,C,4,37,Shirley
Mr. Moore,I,5,37,Shirley
Mr. Moore,A,13,37,Shirley
Mr. Moore,DC,2,37,Shirley
Mr. Moore,DN,7,37,Shirley
Mr. Moore----,N,0,37,Shirley
Mr. Moore----,C,0,37,Shirley
Mr. Moore----,I,0,37,Shirley
Mr. Moore----,A,0,37,Shirley
Mr. Moore----,DC,0,37,Shirley
Mr. Moore----,DN,0,37,Shirley
Mr. Ramsden,N,0,37,Shirley
Mr. Ramsden,C,0,37,Shirley
Mr. Ramsden,I,0,37,Shirley
Mr. Ramsden,A,0,37,Shirley
Mr. Ramsden,DC,0,37,Shirley
Mr. Ramsden,DN,0,37,Shirley
Mr. Sykes,N,1,37,Shirley
Mr. Sykes,C,0,37,Shirley
Mr. Sykes,I,0,37,Shirley
Mr. Sykes,A,0,37,Shirley
Mr. Sykes,DC,0,37,Shirley
Mr. Sykes,DN,1,37,Shirley
Mr. Sympson,N,0,37,Shirley
Mr. Sympson,C,0,37,Shirley
Mr. Sympson,I,0,37,Shirley
Mr. Sympson,A,0,37,Shirley
Mr. Sympson,DC,0,37,Shirley
Mr. Sympson,DN,0,37,Shirley
Mr. Wynne,N,0,37,Shirley
Mr. Wynne,C,0,37,Shirley
Mr. Wynne,I,0,37,Shirley
Mr. Wynne,A,0,37,Shirley
Mr. Wynne,DC,0,37,Shirley
Mr. Wynne,DN,0,37,Shirley
Mr. Yorke,N,0,37,Shirley
Mr. Yorke,C,0,37,Shirley
Mr. Yorke,I,0,37,Shirley
Mr. Yorke,A,0,37,Shirley
Mr. Yorke,DC,0,37,Shirley
Mr. Yorke,DN,0,37,Shirley
Mrs. Gale,N,0,37,Shirley
Mrs. Gale,C,0,37,Shirley
Mrs. Gale,I,0,37,Shirley
Mrs. Gale,A,0,37,Shirley
Mrs. Gale,DC,0,37,Shirley
Mrs. Gale,DN,0,37,Shirley
Mrs. Gill,N,3,37,Shirley
Mrs. Gill,C,0,37,Shirley
Mrs. Gill,I,0,37,Shirley
Mrs. Gill,A,1,37,Shirley
Mrs. Gill,DC,0,37,Shirley
Mrs. Gill,DN,0,37,Shirley
Mrs. Hardman,N,0,37,Shirley
Mrs. Hardman,C,0,37,Shirley
Mrs. Hardman,I,0,37,Shirley
Mrs. Hardman,A,0,37,Shirley
Mrs. Hardman,DC,0,37,Shirley
Mrs. Hardman,DN,0,37,Shirley
Mrs. Horsfall,N,0,37,Shirley
Mrs. Horsfall,C,0,37,Shirley
Mrs. Horsfall,I,0,37,Shirley
Mrs. Horsfall,A,0,37,Shirley
Mrs. Horsfall,DC,0,37,Shirley
Mrs. Horsfall,DN,0,37,Shirley
Mrs. Louis,N,2,37,Shirley
Mrs. Louis,C,0,37,Shirley
Mrs. Louis,I,0,37,Shirley
Mrs. Louis,A,3,37,Shirley
Mrs. Louis,DC,0,37,Shirley
Mrs. Louis,DN,1,37,Shirley
Mrs. Pryor,N,1,37,Shirley
Mrs. Pryor,C,0,37,Shirley
Mrs. Pryor,I,0,37,Shirley
Mrs. Pryor,A,0,37,Shirley
Mrs. Pryor,DC,0,37,Shirley
Mrs. Pryor,DN,0,37,Shirley
Mrs. Sykes,N,0,37,Shirley
Mrs. Sykes,C,0,37,Shirley
Mrs. Sykes,I,0,37,Shirley
Mrs. Sykes,A,0,37,Shirley
Mrs. Sykes,DC,0,37,Shirley
Mrs. Sykes,DN,0,37,Shirley
Mrs. Yorke,N,0,37,Shirley
Mrs. Yorke,C,0,37,Shirley
Mrs. Yorke,I,0,37,Shirley
Mrs. Yorke,A,0,37,Shirley
Mrs. Yorke,DC,0,37,Shirley
Mrs. Yorke,DN,0,37,Shirley
Murgatroyd,N,0,37,Shirley
Murgatroyd,C,0,37,Shirley
Murgatroyd,I,0,37,Shirley
Murgatroyd,A,0,37,Shirley
Murgatroyd,DC,0,37,Shirley
Murgatroyd,DN,0,37,Shirley
Napoleon,N,0,37,Shirley
Napoleon,C,0,37,Shirley
Napoleon,I,0,37,Shirley
Napoleon,A,0,37,Shirley
Napoleon,DC,0,37,Shirley
Napoleon,DN,0,37,Shirley
Nature,N,0,37,Shirley
Nature,C,0,37,Shirley
Nature,I,0,37,Shirley
Nature,A,0,37,Shirley
Nature,DC,0,37,Shirley
Nature,DN,0,37,Shirley
Pearson,N,0,37,Shirley
Pearson,C,0,37,Shirley
Pearson,I,0,37,Shirley
Pearson,A,0,37,Shirley
Pearson,DC,0,37,Shirley
Pearson,DN,0,37,Shirley
Peg Woffington.= CHARLES READE,N,5,37,Shirley
Peg Woffington.= CHARLES READE,C,2,37,Shirley
Peg Woffington.= CHARLES READE,I,0,37,Shirley
Peg Woffington.= CHARLES READE,A,0,37,Shirley
Peg Woffington.= CHARLES READE,DC,0,37,Shirley
Peg Woffington.= CHARLES READE,DN,0,37,Shirley
Peter,N,4,37,Shirley
Peter,C,0,37,Shirley
Peter,I,0,37,Shirley
Peter,A,1,37,Shirley
Peter,DC,0,37,Shirley
Peter,DN,1,37,Shirley
Phœbe,N,0,37,Shirley
Phœbe,C,0,37,Shirley
Phœbe,I,0,37,Shirley
Phœbe,A,0,37,Shirley
Phœbe,DC,0,37,Shirley
Phœbe,DN,0,37,Shirley
Providence,N,2,37,Shirley
Providence,C,0,37,Shirley
Providence,I,0,37,Shirley
Providence,A,0,37,Shirley
Providence,DC,2,37,Shirley
Providence,DN,0,37,Shirley
Robert,N,17,37,Shirley
Robert,C,1,37,Shirley
Robert,I,7,37,Shirley
Robert,A,8,37,Shirley
Robert,DC,1,37,Shirley
Robert,DN,1,37,Shirley
Rose,N,0,37,Shirley
Rose,C,0,37,Shirley
Rose,I,0,37,Shirley
Rose,A,0,37,Shirley
Rose,DC,0,37,Shirley
Rose,DN,0,37,Shirley
Sarah,N,0,37,Shirley
Sarah,C,0,37,Shirley
Sarah,I,0,37,Shirley
Sarah,A,0,37,Shirley
Sarah,DC,0,37,Shirley
Sarah,DN,0,37,Shirley
Saturnia,N,0,37,Shirley
Saturnia,C,0,37,Shirley
Saturnia,I,0,37,Shirley
Saturnia,A,0,37,Shirley
Saturnia,DC,0,37,Shirley
Saturnia,DN,0,37,Shirley
Shakespeare,N,2,37,Shirley
Shakespeare,C,0,37,Shirley
Shakespeare,I,0,37,Shirley
Shakespeare,A,0,37,Shirley
Shakespeare,DC,0,37,Shirley
Shakespeare,DN,0,37,Shirley
Shirley,N,9,37,Shirley
Shirley,C,2,37,Shirley
Shirley,I,2,37,Shirley
Shirley,A,5,37,Shirley
Shirley,DC,2,37,Shirley
Shirley,DN,2,37,Shirley
Sir Philip,N,0,37,Shirley
Sir Philip,C,0,37,Shirley
Sir Philip,I,0,37,Shirley
Sir Philip,A,0,37,Shirley
Sir Philip,DC,0,37,Shirley
Sir Philip,DN,0,37,Shirley
Sir Walter Scott,N,7,37,Shirley
Sir Walter Scott,C,0,37,Shirley
Sir Walter Scott,I,0,37,Shirley
Sir Walter Scott,A,2,37,Shirley
Sir Walter Scott,DC,0,37,Shirley
Sir Walter Scott,DN,1,37,Shirley
Sister,N,0,37,Shirley
Sister,C,0,37,Shirley
Sister,I,0,37,Shirley
Sister,A,0,37,Shirley
Sister,DC,0,37,Shirley
Sister,DN,0,37,Shirley
St. Paul,N,0,37,Shirley
St. Paul,C,0,37,Shirley
St. Paul,I,0,37,Shirley
St. Paul,A,0,37,Shirley
St. Paul,DC,0,37,Shirley
St. Paul,DN,0,37,Shirley
Stilbro,N,0,37,Shirley
Stilbro,C,0,37,Shirley
Stilbro,I,0,37,Shirley
Stilbro,A,0,37,Shirley
Stilbro,DC,0,37,Shirley
Stilbro,DN,0,37,Shirley
Sudgen,N,2,37,Shirley
Sudgen,C,0,37,Shirley
Sudgen,I,0,37,Shirley
Sudgen,A,0,37,Shirley
Sudgen,DC,0,37,Shirley
Sudgen,DN,0,37,Shirley
Sugden,N,2,37,Shirley
Sugden,C,0,37,Shirley
Sugden,I,0,37,Shirley
Sugden,A,0,37,Shirley
Sugden,DC,0,37,Shirley
Sugden,DN,0,37,Shirley
Sweeting,N,3,37,Shirley
Sweeting,C,0,37,Shirley
Sweeting,I,0,37,Shirley
Sweeting,A,1,37,Shirley
Sweeting,DC,0,37,Shirley
Sweeting,DN,0,37,Shirley
Tartar,N,0,37,Shirley
Tartar,C,0,37,Shirley
Tartar,I,0,37,Shirley
Tartar,A,0,37,Shirley
Tartar,DC,0,37,Shirley
Tartar,DN,0,37,Shirley
The Cossack,N,0,37,Shirley
The Cossack,C,0,37,Shirley
The Cossack,I,0,37,Shirley
The Cossack,A,0,37,Shirley
The Cossack,DC,0,37,Shirley
The Cossack,DN,0,37,Shirley
These Oreads,N,0,37,Shirley
These Oreads,C,0,37,Shirley
These Oreads,I,0,37,Shirley
These Oreads,A,0,37,Shirley
These Oreads,DC,0,37,Shirley
These Oreads,DN,0,37,Shirley
Tom Cringle,N,3,37,Shirley
Tom Cringle,C,0,37,Shirley
Tom Cringle,I,0,37,Shirley
Tom Cringle,A,0,37,Shirley
Tom Cringle,DC,1,37,Shirley
Tom Cringle,DN,0,37,Shirley
Uncle,N,0,37,Shirley
Uncle,C,0,37,Shirley
Uncle,I,0,37,Shirley
Uncle,A,0,37,Shirley
Uncle,DC,0,37,Shirley
Uncle,DN,0,37,Shirley
VICTOR HUGO,N,4,37,Shirley
VICTOR HUGO,C,4,37,Shirley
VICTOR HUGO,I,1,37,Shirley
VICTOR HUGO,A,1,37,Shirley
VICTOR HUGO,DC,0,37,Shirley
VICTOR HUGO,DN,0,37,Shirley
Whinbury,N,0,37,Shirley
Whinbury,C,0,37,Shirley
Whinbury,I,0,37,Shirley
Whinbury,A,0,37,Shirley
Whinbury,DC,0,37,Shirley
Whinbury,DN,0,37,Shirley
William,N,0,37,Shirley
William,C,0,37,Shirley
William,I,0,37,Shirley
William,A,0,37,Shirley
William,DC,0,37,Shirley
William,DN,0,37,Shirley
mademoiselle,N,0,37,Shirley
mademoiselle,C,0,37,Shirley
mademoiselle,I,0,37,Shirley
mademoiselle,A,0,37,Shirley
mademoiselle,DC,0,37,Shirley
mademoiselle,DN,0,37,Shirley
old Lady Nunnely,N,0,37,Shirley
old Lady Nunnely,C,0,37,Shirley
old Lady Nunnely,I,0,37,Shirley
old Lady Nunnely,A,0,37,Shirley
old Lady Nunnely,DC,0,37,Shirley
old Lady Nunnely,DN,0,37,Shirley
old Queen Charlotte,N,2,37,Shirley
old Queen Charlotte,C,0,37,Shirley
old Queen Charlotte,I,0,37,Shirley
old Queen Charlotte,A,0,37,Shirley
old Queen Charlotte,DC,0,37,Shirley
old Queen Charlotte,DN,0,37,Shirley
the Misses Sykes,N,0,37,Shirley
the Misses Sykes,C,0,37,Shirley
the Misses Sykes,I,0,37,Shirley
the Misses Sykes,A,0,37,Shirley
the Misses Sykes,DC,0,37,Shirley
the Misses Sykes,DN,0,37,Shirley
the Misses Sympson,N,0,37,Shirley
the Misses Sympson,C,0,37,Shirley
the Misses Sympson,I,0,37,Shirley
the Misses Sympson,A,0,37,Shirley
the Misses Sympson,DC,0,37,Shirley
the Misses Sympson,DN,0,37,Shirley
the Moores,N,1,37,Shirley
the Moores,C,0,37,Shirley
the Moores,I,0,37,Shirley
the Moores,A,2,37,Shirley
the Moores,DC,0,37,Shirley
the Moores,DN,1,37,Shirley
the Sympsons,N,0,37,Shirley
the Sympsons,C,0,37,Shirley
the Sympsons,I,0,37,Shirley
the Sympsons,A,0,37,Shirley
the Sympsons,DC,0,37,Shirley
the Sympsons,DN,0,37,Shirley
