character,tag,count,chapter,novel
Achilles,N,0,1,Vanity_Fair_1847
Achilles,C,0,1,Vanity_Fair_1847
Achilles,I,0,1,Vanity_Fair_1847
Achilles,A,0,1,Vanity_Fair_1847
Achilles,DC,0,1,Vanity_Fair_1847
Achilles,DN,0,1,Vanity_Fair_1847
Aegisthus,N,0,1,Vanity_Fair_1847
Aegisthus,C,0,1,Vanity_Fair_1847
Aegisthus,I,0,1,Vanity_Fair_1847
Aegisthus,A,0,1,Vanity_Fair_1847
Aegisthus,DC,0,1,Vanity_Fair_1847
Aegisthus,DN,0,1,Vanity_Fair_1847
Amelia,N,2,1,Vanity_Fair_1847
Amelia,C,0,1,Vanity_Fair_1847
Amelia,I,0,1,Vanity_Fair_1847
Amelia,A,0,1,Vanity_Fair_1847
Amelia,DC,0,1,Vanity_Fair_1847
Amelia,DN,0,1,Vanity_Fair_1847
Arabella,N,0,1,Vanity_Fair_1847
Arabella,C,0,1,Vanity_Fair_1847
Arabella,I,0,1,Vanity_Fair_1847
Arabella,A,0,1,Vanity_Fair_1847
Arabella,DC,0,1,Vanity_Fair_1847
Arabella,DN,0,1,Vanity_Fair_1847
Barbara,N,0,1,Vanity_Fair_1847
Barbara,C,0,1,Vanity_Fair_1847
Barbara,I,0,1,Vanity_Fair_1847
Barbara,A,0,1,Vanity_Fair_1847
Barbara,DC,0,1,Vanity_Fair_1847
Barbara,DN,0,1,Vanity_Fair_1847
Bart,N,0,1,Vanity_Fair_1847
Bart,C,0,1,Vanity_Fair_1847
Bart,I,0,1,Vanity_Fair_1847
Bart,A,0,1,Vanity_Fair_1847
Bart,DC,0,1,Vanity_Fair_1847
Bart,DN,0,1,Vanity_Fair_1847
Beauty,N,0,1,Vanity_Fair_1847
Beauty,C,0,1,Vanity_Fair_1847
Beauty,I,0,1,Vanity_Fair_1847
Beauty,A,0,1,Vanity_Fair_1847
Beauty,DC,0,1,Vanity_Fair_1847
Beauty,DN,0,1,Vanity_Fair_1847
Becky,N,0,1,Vanity_Fair_1847
Becky,C,0,1,Vanity_Fair_1847
Becky,I,0,1,Vanity_Fair_1847
Becky,A,0,1,Vanity_Fair_1847
Becky,DC,0,1,Vanity_Fair_1847
Becky,DN,0,1,Vanity_Fair_1847
Bedwin,N,0,1,Vanity_Fair_1847
Bedwin,C,0,1,Vanity_Fair_1847
Bedwin,I,0,1,Vanity_Fair_1847
Bedwin,A,0,1,Vanity_Fair_1847
Bedwin,DC,0,1,Vanity_Fair_1847
Bedwin,DN,0,1,Vanity_Fair_1847
Bessy,N,0,1,Vanity_Fair_1847
Bessy,C,0,1,Vanity_Fair_1847
Bessy,I,0,1,Vanity_Fair_1847
Bessy,A,0,1,Vanity_Fair_1847
Bessy,DC,0,1,Vanity_Fair_1847
Bessy,DN,0,1,Vanity_Fair_1847
Betty,N,0,1,Vanity_Fair_1847
Betty,C,0,1,Vanity_Fair_1847
Betty,I,0,1,Vanity_Fair_1847
Betty,A,0,1,Vanity_Fair_1847
Betty,DC,0,1,Vanity_Fair_1847
Betty,DN,0,1,Vanity_Fair_1847
Betty Flanagan,N,0,1,Vanity_Fair_1847
Betty Flanagan,C,0,1,Vanity_Fair_1847
Betty Flanagan,I,0,1,Vanity_Fair_1847
Betty Flanagan,A,0,1,Vanity_Fair_1847
Betty Flanagan,DC,0,1,Vanity_Fair_1847
Betty Flanagan,DN,0,1,Vanity_Fair_1847
Black Sambo,N,0,1,Vanity_Fair_1847
Black Sambo,C,0,1,Vanity_Fair_1847
Black Sambo,I,0,1,Vanity_Fair_1847
Black Sambo,A,0,1,Vanity_Fair_1847
Black Sambo,DC,0,1,Vanity_Fair_1847
Black Sambo,DN,0,1,Vanity_Fair_1847
Boggley Wollah,N,0,1,Vanity_Fair_1847
Boggley Wollah,C,0,1,Vanity_Fair_1847
Boggley Wollah,I,0,1,Vanity_Fair_1847
Boggley Wollah,A,0,1,Vanity_Fair_1847
Boggley Wollah,DC,0,1,Vanity_Fair_1847
Boggley Wollah,DN,0,1,Vanity_Fair_1847
Boney,N,0,1,Vanity_Fair_1847
Boney,C,0,1,Vanity_Fair_1847
Boney,I,0,1,Vanity_Fair_1847
Boney,A,0,1,Vanity_Fair_1847
Boney,DC,0,1,Vanity_Fair_1847
Boney,DN,0,1,Vanity_Fair_1847
Briefless,N,0,1,Vanity_Fair_1847
Briefless,C,0,1,Vanity_Fair_1847
Briefless,I,0,1,Vanity_Fair_1847
Briefless,A,0,1,Vanity_Fair_1847
Briefless,DC,0,1,Vanity_Fair_1847
Briefless,DN,0,1,Vanity_Fair_1847
Briggs,N,0,1,Vanity_Fair_1847
Briggs,C,0,1,Vanity_Fair_1847
Briggs,I,0,1,Vanity_Fair_1847
Briggs,A,0,1,Vanity_Fair_1847
Briggs,DC,0,1,Vanity_Fair_1847
Briggs,DN,0,1,Vanity_Fair_1847
Britons,N,0,1,Vanity_Fair_1847
Britons,C,0,1,Vanity_Fair_1847
Britons,I,0,1,Vanity_Fair_1847
Britons,A,0,1,Vanity_Fair_1847
Britons,DC,0,1,Vanity_Fair_1847
Britons,DN,0,1,Vanity_Fair_1847
Bullfinch,N,0,1,Vanity_Fair_1847
Bullfinch,C,0,1,Vanity_Fair_1847
Bullfinch,I,0,1,Vanity_Fair_1847
Bullfinch,A,0,1,Vanity_Fair_1847
Bullfinch,DC,0,1,Vanity_Fair_1847
Bullfinch,DN,0,1,Vanity_Fair_1847
Bute Crawleys,N,0,1,Vanity_Fair_1847
Bute Crawleys,C,0,1,Vanity_Fair_1847
Bute Crawleys,I,0,1,Vanity_Fair_1847
Bute Crawleys,A,0,1,Vanity_Fair_1847
Bute Crawleys,DC,0,1,Vanity_Fair_1847
Bute Crawleys,DN,0,1,Vanity_Fair_1847
Buty,N,0,1,Vanity_Fair_1847
Buty,C,0,1,Vanity_Fair_1847
Buty,I,0,1,Vanity_Fair_1847
Buty,A,0,1,Vanity_Fair_1847
Buty,DC,0,1,Vanity_Fair_1847
Buty,DN,0,1,Vanity_Fair_1847
Cackle,N,0,1,Vanity_Fair_1847
Cackle,C,0,1,Vanity_Fair_1847
Cackle,I,0,1,Vanity_Fair_1847
Cackle,A,0,1,Vanity_Fair_1847
Cackle,DC,0,1,Vanity_Fair_1847
Cackle,DN,0,1,Vanity_Fair_1847
Caliban,N,0,1,Vanity_Fair_1847
Caliban,C,0,1,Vanity_Fair_1847
Caliban,I,0,1,Vanity_Fair_1847
Caliban,A,0,1,Vanity_Fair_1847
Caliban,DC,0,1,Vanity_Fair_1847
Caliban,DN,0,1,Vanity_Fair_1847
Captain Bragg,N,0,1,Vanity_Fair_1847
Captain Bragg,C,0,1,Vanity_Fair_1847
Captain Bragg,I,0,1,Vanity_Fair_1847
Captain Bragg,A,0,1,Vanity_Fair_1847
Captain Bragg,DC,0,1,Vanity_Fair_1847
Captain Bragg,DN,0,1,Vanity_Fair_1847
Captain Dobbin Proceeds,N,1,1,Vanity_Fair_1847
Captain Dobbin Proceeds,C,0,1,Vanity_Fair_1847
Captain Dobbin Proceeds,I,0,1,Vanity_Fair_1847
Captain Dobbin Proceeds,A,0,1,Vanity_Fair_1847
Captain Dobbin Proceeds,DC,0,1,Vanity_Fair_1847
Captain Dobbin Proceeds,DN,0,1,Vanity_Fair_1847
Captain Macmurdo,N,0,1,Vanity_Fair_1847
Captain Macmurdo,C,0,1,Vanity_Fair_1847
Captain Macmurdo,I,0,1,Vanity_Fair_1847
Captain Macmurdo,A,0,1,Vanity_Fair_1847
Captain Macmurdo,DC,0,1,Vanity_Fair_1847
Captain Macmurdo,DN,0,1,Vanity_Fair_1847
Captain Marker,N,0,1,Vanity_Fair_1847
Captain Marker,C,0,1,Vanity_Fair_1847
Captain Marker,I,0,1,Vanity_Fair_1847
Captain Marker,A,0,1,Vanity_Fair_1847
Captain Marker,DC,0,1,Vanity_Fair_1847
Captain Marker,DN,0,1,Vanity_Fair_1847
Clement William,N,0,1,Vanity_Fair_1847
Clement William,C,0,1,Vanity_Fair_1847
Clement William,I,0,1,Vanity_Fair_1847
Clement William,A,0,1,Vanity_Fair_1847
Clement William,DC,0,1,Vanity_Fair_1847
Clement William,DN,0,1,Vanity_Fair_1847
Clytemnestra,N,0,1,Vanity_Fair_1847
Clytemnestra,C,0,1,Vanity_Fair_1847
Clytemnestra,I,0,1,Vanity_Fair_1847
Clytemnestra,A,0,1,Vanity_Fair_1847
Clytemnestra,DC,0,1,Vanity_Fair_1847
Clytemnestra,DN,0,1,Vanity_Fair_1847
Colonel Dobbin,N,0,1,Vanity_Fair_1847
Colonel Dobbin,C,0,1,Vanity_Fair_1847
Colonel Dobbin,I,0,1,Vanity_Fair_1847
Colonel Dobbin,A,0,1,Vanity_Fair_1847
Colonel Dobbin,DC,0,1,Vanity_Fair_1847
Colonel Dobbin,DN,0,1,Vanity_Fair_1847
Crawleys,N,0,1,Vanity_Fair_1847
Crawleys,C,0,1,Vanity_Fair_1847
Crawleys,I,0,1,Vanity_Fair_1847
Crawleys,A,0,1,Vanity_Fair_1847
Crawleys,DC,0,1,Vanity_Fair_1847
Crawleys,DN,0,1,Vanity_Fair_1847
Cuff,N,0,1,Vanity_Fair_1847
Cuff,C,0,1,Vanity_Fair_1847
Cuff,I,0,1,Vanity_Fair_1847
Cuff,A,0,1,Vanity_Fair_1847
Cuff,DC,0,1,Vanity_Fair_1847
Cuff,DN,0,1,Vanity_Fair_1847
Cupid,N,0,1,Vanity_Fair_1847
Cupid,C,0,1,Vanity_Fair_1847
Cupid,I,0,1,Vanity_Fair_1847
Cupid,A,0,1,Vanity_Fair_1847
Cupid,DC,0,1,Vanity_Fair_1847
Cupid,DN,0,1,Vanity_Fair_1847
"DEAR MAMA,--I",N,0,1,Vanity_Fair_1847
"DEAR MAMA,--I",C,0,1,Vanity_Fair_1847
"DEAR MAMA,--I",I,0,1,Vanity_Fair_1847
"DEAR MAMA,--I",A,0,1,Vanity_Fair_1847
"DEAR MAMA,--I",DC,0,1,Vanity_Fair_1847
"DEAR MAMA,--I",DN,0,1,Vanity_Fair_1847
Dammy,N,0,1,Vanity_Fair_1847
Dammy,C,0,1,Vanity_Fair_1847
Dammy,I,0,1,Vanity_Fair_1847
Dammy,A,0,1,Vanity_Fair_1847
Dammy,DC,0,1,Vanity_Fair_1847
Dammy,DN,0,1,Vanity_Fair_1847
Dear Miss Osborne,N,0,1,Vanity_Fair_1847
Dear Miss Osborne,C,0,1,Vanity_Fair_1847
Dear Miss Osborne,I,0,1,Vanity_Fair_1847
Dear Miss Osborne,A,0,1,Vanity_Fair_1847
Dear Miss Osborne,DC,0,1,Vanity_Fair_1847
Dear Miss Osborne,DN,0,1,Vanity_Fair_1847
Dives,N,0,1,Vanity_Fair_1847
Dives,C,0,1,Vanity_Fair_1847
Dives,I,0,1,Vanity_Fair_1847
Dives,A,0,1,Vanity_Fair_1847
Dives,DC,0,1,Vanity_Fair_1847
Dives,DN,0,1,Vanity_Fair_1847
Dob,N,0,1,Vanity_Fair_1847
Dob,C,0,1,Vanity_Fair_1847
Dob,I,0,1,Vanity_Fair_1847
Dob,A,0,1,Vanity_Fair_1847
Dob,DC,0,1,Vanity_Fair_1847
Dob,DN,0,1,Vanity_Fair_1847
Dobbin,N,0,1,Vanity_Fair_1847
Dobbin,C,0,1,Vanity_Fair_1847
Dobbin,I,0,1,Vanity_Fair_1847
Dobbin,A,0,1,Vanity_Fair_1847
Dobbin,DC,0,1,Vanity_Fair_1847
Dobbin,DN,0,1,Vanity_Fair_1847
Doctor Johnson,N,0,1,Vanity_Fair_1847
Doctor Johnson,C,0,1,Vanity_Fair_1847
Doctor Johnson,I,0,1,Vanity_Fair_1847
Doctor Johnson,A,0,1,Vanity_Fair_1847
Doctor Johnson,DC,0,1,Vanity_Fair_1847
Doctor Johnson,DN,0,1,Vanity_Fair_1847
Doctor von Glauber,N,0,1,Vanity_Fair_1847
Doctor von Glauber,C,0,1,Vanity_Fair_1847
Doctor von Glauber,I,0,1,Vanity_Fair_1847
Doctor von Glauber,A,0,1,Vanity_Fair_1847
Doctor von Glauber,DC,0,1,Vanity_Fair_1847
Doctor von Glauber,DN,0,1,Vanity_Fair_1847
Don Juan,N,0,1,Vanity_Fair_1847
Don Juan,C,0,1,Vanity_Fair_1847
Don Juan,I,0,1,Vanity_Fair_1847
Don Juan,A,0,1,Vanity_Fair_1847
Don Juan,DC,0,1,Vanity_Fair_1847
Don Juan,DN,0,1,Vanity_Fair_1847
Dr. Squills,N,0,1,Vanity_Fair_1847
Dr. Squills,C,0,1,Vanity_Fair_1847
Dr. Squills,I,0,1,Vanity_Fair_1847
Dr. Squills,A,0,1,Vanity_Fair_1847
Dr. Squills,DC,0,1,Vanity_Fair_1847
Dr. Squills,DN,0,1,Vanity_Fair_1847
Dr. Swishtail,N,0,1,Vanity_Fair_1847
Dr. Swishtail,C,0,1,Vanity_Fair_1847
Dr. Swishtail,I,0,1,Vanity_Fair_1847
Dr. Swishtail,A,0,1,Vanity_Fair_1847
Dr. Swishtail,DC,0,1,Vanity_Fair_1847
Dr. Swishtail,DN,0,1,Vanity_Fair_1847
Edward Dale,N,0,1,Vanity_Fair_1847
Edward Dale,C,0,1,Vanity_Fair_1847
Edward Dale,I,0,1,Vanity_Fair_1847
Edward Dale,A,0,1,Vanity_Fair_1847
Edward Dale,DC,0,1,Vanity_Fair_1847
Edward Dale,DN,0,1,Vanity_Fair_1847
Emmy,N,0,1,Vanity_Fair_1847
Emmy,C,0,1,Vanity_Fair_1847
Emmy,I,0,1,Vanity_Fair_1847
Emmy,A,0,1,Vanity_Fair_1847
Emmy,DC,0,1,Vanity_Fair_1847
Emmy,DN,0,1,Vanity_Fair_1847
Ensign Stubble,N,0,1,Vanity_Fair_1847
Ensign Stubble,C,0,1,Vanity_Fair_1847
Ensign Stubble,I,0,1,Vanity_Fair_1847
Ensign Stubble,A,0,1,Vanity_Fair_1847
Ensign Stubble,DC,0,1,Vanity_Fair_1847
Ensign Stubble,DN,0,1,Vanity_Fair_1847
Fanny Magenis,N,0,1,Vanity_Fair_1847
Fanny Magenis,C,0,1,Vanity_Fair_1847
Fanny Magenis,I,0,1,Vanity_Fair_1847
Fanny Magenis,A,0,1,Vanity_Fair_1847
Fanny Magenis,DC,0,1,Vanity_Fair_1847
Fanny Magenis,DN,0,1,Vanity_Fair_1847
Father Mole,N,0,1,Vanity_Fair_1847
Father Mole,C,0,1,Vanity_Fair_1847
Father Mole,I,0,1,Vanity_Fair_1847
Father Mole,A,0,1,Vanity_Fair_1847
Father Mole,DC,0,1,Vanity_Fair_1847
Father Mole,DN,0,1,Vanity_Fair_1847
Fidelio,N,0,1,Vanity_Fair_1847
Fidelio,C,0,1,Vanity_Fair_1847
Fidelio,I,0,1,Vanity_Fair_1847
Fidelio,A,0,1,Vanity_Fair_1847
Fidelio,DC,0,1,Vanity_Fair_1847
Fidelio,DN,0,1,Vanity_Fair_1847
Figs,N,1,1,Vanity_Fair_1847
Figs,C,0,1,Vanity_Fair_1847
Figs,I,0,1,Vanity_Fair_1847
Figs,A,0,1,Vanity_Fair_1847
Figs,DC,0,1,Vanity_Fair_1847
Figs,DN,0,1,Vanity_Fair_1847
Firkin,N,0,1,Vanity_Fair_1847
Firkin,C,0,1,Vanity_Fair_1847
Firkin,I,0,1,Vanity_Fair_1847
Firkin,A,0,1,Vanity_Fair_1847
Firkin,DC,0,1,Vanity_Fair_1847
Firkin,DN,0,1,Vanity_Fair_1847
Fitz - Willis,N,0,1,Vanity_Fair_1847
Fitz - Willis,C,0,1,Vanity_Fair_1847
Fitz - Willis,I,0,1,Vanity_Fair_1847
Fitz - Willis,A,0,1,Vanity_Fair_1847
Fitz - Willis,DC,0,1,Vanity_Fair_1847
Fitz - Willis,DN,0,1,Vanity_Fair_1847
Francis,N,0,1,Vanity_Fair_1847
Francis,C,0,1,Vanity_Fair_1847
Francis,I,0,1,Vanity_Fair_1847
Francis,A,0,1,Vanity_Fair_1847
Francis,DC,0,1,Vanity_Fair_1847
Francis,DN,0,1,Vanity_Fair_1847
Fred,N,0,1,Vanity_Fair_1847
Fred,C,0,1,Vanity_Fair_1847
Fred,I,0,1,Vanity_Fair_1847
Fred,A,0,1,Vanity_Fair_1847
Fred,DC,0,1,Vanity_Fair_1847
Fred,DN,0,1,Vanity_Fair_1847
"Frederick Bullock , Esq .",N,0,1,Vanity_Fair_1847
"Frederick Bullock , Esq .",C,0,1,Vanity_Fair_1847
"Frederick Bullock , Esq .",I,0,1,Vanity_Fair_1847
"Frederick Bullock , Esq .",A,0,1,Vanity_Fair_1847
"Frederick Bullock , Esq .",DC,0,1,Vanity_Fair_1847
"Frederick Bullock , Esq .",DN,0,1,Vanity_Fair_1847
Fritz,N,0,1,Vanity_Fair_1847
Fritz,C,0,1,Vanity_Fair_1847
Fritz,I,0,1,Vanity_Fair_1847
Fritz,A,0,1,Vanity_Fair_1847
Fritz,DC,0,1,Vanity_Fair_1847
Fritz,DN,0,1,Vanity_Fair_1847
Gad,N,0,1,Vanity_Fair_1847
Gad,C,0,1,Vanity_Fair_1847
Gad,I,0,1,Vanity_Fair_1847
Gad,A,0,1,Vanity_Fair_1847
Gad,DC,0,1,Vanity_Fair_1847
Gad,DN,0,1,Vanity_Fair_1847
General Tufto,N,0,1,Vanity_Fair_1847
General Tufto,C,0,1,Vanity_Fair_1847
General Tufto,I,0,1,Vanity_Fair_1847
General Tufto,A,0,1,Vanity_Fair_1847
General Tufto,DC,0,1,Vanity_Fair_1847
General Tufto,DN,0,1,Vanity_Fair_1847
George,N,1,1,Vanity_Fair_1847
George,C,0,1,Vanity_Fair_1847
George,I,1,1,Vanity_Fair_1847
George,A,0,1,Vanity_Fair_1847
George,DC,0,1,Vanity_Fair_1847
George,DN,0,1,Vanity_Fair_1847
Georgy,N,0,1,Vanity_Fair_1847
Georgy,C,0,1,Vanity_Fair_1847
Georgy,I,0,1,Vanity_Fair_1847
Georgy,A,0,1,Vanity_Fair_1847
Georgy,DC,0,1,Vanity_Fair_1847
Georgy,DN,0,1,Vanity_Fair_1847
Glorvina,N,0,1,Vanity_Fair_1847
Glorvina,C,0,1,Vanity_Fair_1847
Glorvina,I,0,1,Vanity_Fair_1847
Glorvina,A,0,1,Vanity_Fair_1847
Glorvina,DC,0,1,Vanity_Fair_1847
Glorvina,DN,0,1,Vanity_Fair_1847
God,N,0,1,Vanity_Fair_1847
God,C,0,1,Vanity_Fair_1847
God,I,0,1,Vanity_Fair_1847
God,A,0,1,Vanity_Fair_1847
God,DC,0,1,Vanity_Fair_1847
God,DN,0,1,Vanity_Fair_1847
Grandpapa,N,0,1,Vanity_Fair_1847
Grandpapa,C,0,1,Vanity_Fair_1847
Grandpapa,I,0,1,Vanity_Fair_1847
Grandpapa,A,0,1,Vanity_Fair_1847
Grandpapa,DC,0,1,Vanity_Fair_1847
Grandpapa,DN,0,1,Vanity_Fair_1847
Gulielmo Dobbin,N,0,1,Vanity_Fair_1847
Gulielmo Dobbin,C,0,1,Vanity_Fair_1847
Gulielmo Dobbin,I,0,1,Vanity_Fair_1847
Gulielmo Dobbin,A,0,1,Vanity_Fair_1847
Gulielmo Dobbin,DC,0,1,Vanity_Fair_1847
Gulielmo Dobbin,DN,0,1,Vanity_Fair_1847
H. E.,N,0,1,Vanity_Fair_1847
H. E.,C,0,1,Vanity_Fair_1847
H. E.,I,0,1,Vanity_Fair_1847
H. E.,A,0,1,Vanity_Fair_1847
H. E.,DC,0,1,Vanity_Fair_1847
H. E.,DN,0,1,Vanity_Fair_1847
Heaven,N,0,1,Vanity_Fair_1847
Heaven,C,0,1,Vanity_Fair_1847
Heaven,I,0,1,Vanity_Fair_1847
Heaven,A,0,1,Vanity_Fair_1847
Heaven,DC,0,1,Vanity_Fair_1847
Heaven,DN,0,1,Vanity_Fair_1847
Heavytop,N,0,1,Vanity_Fair_1847
Heavytop,C,0,1,Vanity_Fair_1847
Heavytop,I,0,1,Vanity_Fair_1847
Heavytop,A,0,1,Vanity_Fair_1847
Heavytop,DC,0,1,Vanity_Fair_1847
Heavytop,DN,0,1,Vanity_Fair_1847
Hester,N,0,1,Vanity_Fair_1847
Hester,C,0,1,Vanity_Fair_1847
Hester,I,0,1,Vanity_Fair_1847
Hester,A,0,1,Vanity_Fair_1847
Hester,DC,0,1,Vanity_Fair_1847
Hester,DN,0,1,Vanity_Fair_1847
Hulker,N,0,1,Vanity_Fair_1847
Hulker,C,0,1,Vanity_Fair_1847
Hulker,I,0,1,Vanity_Fair_1847
Hulker,A,0,1,Vanity_Fair_1847
Hulker,DC,0,1,Vanity_Fair_1847
Hulker,DN,0,1,Vanity_Fair_1847
Isidor,N,0,1,Vanity_Fair_1847
Isidor,C,0,1,Vanity_Fair_1847
Isidor,I,0,1,Vanity_Fair_1847
Isidor,A,0,1,Vanity_Fair_1847
Isidor,DC,0,1,Vanity_Fair_1847
Isidor,DN,0,1,Vanity_Fair_1847
Jack,N,0,1,Vanity_Fair_1847
Jack,C,0,1,Vanity_Fair_1847
Jack,I,0,1,Vanity_Fair_1847
Jack,A,0,1,Vanity_Fair_1847
Jack,DC,0,1,Vanity_Fair_1847
Jack,DN,0,1,Vanity_Fair_1847
James,N,1,1,Vanity_Fair_1847
James,C,0,1,Vanity_Fair_1847
James,I,0,1,Vanity_Fair_1847
James,A,0,1,Vanity_Fair_1847
James,DC,0,1,Vanity_Fair_1847
James,DN,0,1,Vanity_Fair_1847
Jenkins,N,0,1,Vanity_Fair_1847
Jenkins,C,0,1,Vanity_Fair_1847
Jenkins,I,0,1,Vanity_Fair_1847
Jenkins,A,0,1,Vanity_Fair_1847
Jenkins,DC,0,1,Vanity_Fair_1847
Jenkins,DN,0,1,Vanity_Fair_1847
Jim,N,0,1,Vanity_Fair_1847
Jim,C,0,1,Vanity_Fair_1847
Jim,I,0,1,Vanity_Fair_1847
Jim,A,0,1,Vanity_Fair_1847
Jim,DC,0,1,Vanity_Fair_1847
Jim,DN,0,1,Vanity_Fair_1847
John,N,0,1,Vanity_Fair_1847
John,C,0,1,Vanity_Fair_1847
John,I,0,1,Vanity_Fair_1847
John,A,0,1,Vanity_Fair_1847
John,DC,0,1,Vanity_Fair_1847
John,DN,0,1,Vanity_Fair_1847
John Osborne,N,0,1,Vanity_Fair_1847
John Osborne,C,0,1,Vanity_Fair_1847
John Osborne,I,0,1,Vanity_Fair_1847
John Osborne,A,0,1,Vanity_Fair_1847
John Osborne,DC,0,1,Vanity_Fair_1847
John Osborne,DN,0,1,Vanity_Fair_1847
John Sedley,N,0,1,Vanity_Fair_1847
John Sedley,C,0,1,Vanity_Fair_1847
John Sedley,I,0,1,Vanity_Fair_1847
John Sedley,A,0,1,Vanity_Fair_1847
John Sedley,DC,0,1,Vanity_Fair_1847
John Sedley,DN,0,1,Vanity_Fair_1847
John of Gaunt,N,0,1,Vanity_Fair_1847
John of Gaunt,C,0,1,Vanity_Fair_1847
John of Gaunt,I,0,1,Vanity_Fair_1847
John of Gaunt,A,0,1,Vanity_Fair_1847
John of Gaunt,DC,0,1,Vanity_Fair_1847
John of Gaunt,DN,0,1,Vanity_Fair_1847
Jones,N,0,1,Vanity_Fair_1847
Jones,C,0,1,Vanity_Fair_1847
Jones,I,0,1,Vanity_Fair_1847
Jones,A,0,1,Vanity_Fair_1847
Jones,DC,0,1,Vanity_Fair_1847
Jones,DN,0,1,Vanity_Fair_1847
Jos,N,1,1,Vanity_Fair_1847
Jos,C,0,1,Vanity_Fair_1847
Jos,I,1,1,Vanity_Fair_1847
Jos,A,0,1,Vanity_Fair_1847
Jos,DC,0,1,Vanity_Fair_1847
Jos,DN,0,1,Vanity_Fair_1847
Jove,N,0,1,Vanity_Fair_1847
Jove,C,0,1,Vanity_Fair_1847
Jove,I,0,1,Vanity_Fair_1847
Jove,A,0,1,Vanity_Fair_1847
Jove,DC,0,1,Vanity_Fair_1847
Jove,DN,0,1,Vanity_Fair_1847
Kirsch,N,0,1,Vanity_Fair_1847
Kirsch,C,0,1,Vanity_Fair_1847
Kirsch,I,0,1,Vanity_Fair_1847
Kirsch,A,0,1,Vanity_Fair_1847
Kirsch,DC,0,1,Vanity_Fair_1847
Kirsch,DN,0,1,Vanity_Fair_1847
Lady Bareacres,N,0,1,Vanity_Fair_1847
Lady Bareacres,C,0,1,Vanity_Fair_1847
Lady Bareacres,I,0,1,Vanity_Fair_1847
Lady Bareacres,A,0,1,Vanity_Fair_1847
Lady Bareacres,DC,0,1,Vanity_Fair_1847
Lady Bareacres,DN,0,1,Vanity_Fair_1847
Lady Blanche,N,0,1,Vanity_Fair_1847
Lady Blanche,C,0,1,Vanity_Fair_1847
Lady Blanche,I,0,1,Vanity_Fair_1847
Lady Blanche,A,0,1,Vanity_Fair_1847
Lady Blanche,DC,0,1,Vanity_Fair_1847
Lady Blanche,DN,0,1,Vanity_Fair_1847
Lady Crackenbury,N,0,1,Vanity_Fair_1847
Lady Crackenbury,C,0,1,Vanity_Fair_1847
Lady Crackenbury,I,0,1,Vanity_Fair_1847
Lady Crackenbury,A,0,1,Vanity_Fair_1847
Lady Crackenbury,DC,0,1,Vanity_Fair_1847
Lady Crackenbury,DN,0,1,Vanity_Fair_1847
Lady Crawley,N,0,1,Vanity_Fair_1847
Lady Crawley,C,0,1,Vanity_Fair_1847
Lady Crawley,I,0,1,Vanity_Fair_1847
Lady Crawley,A,0,1,Vanity_Fair_1847
Lady Crawley,DC,0,1,Vanity_Fair_1847
Lady Crawley,DN,0,1,Vanity_Fair_1847
Lady Dobbin,N,0,1,Vanity_Fair_1847
Lady Dobbin,C,0,1,Vanity_Fair_1847
Lady Dobbin,I,0,1,Vanity_Fair_1847
Lady Dobbin,A,0,1,Vanity_Fair_1847
Lady Dobbin,DC,0,1,Vanity_Fair_1847
Lady Dobbin,DN,0,1,Vanity_Fair_1847
Lady Fuddleston,N,0,1,Vanity_Fair_1847
Lady Fuddleston,C,0,1,Vanity_Fair_1847
Lady Fuddleston,I,0,1,Vanity_Fair_1847
Lady Fuddleston,A,0,1,Vanity_Fair_1847
Lady Fuddleston,DC,0,1,Vanity_Fair_1847
Lady Fuddleston,DN,0,1,Vanity_Fair_1847
Lady Gaunt,N,0,1,Vanity_Fair_1847
Lady Gaunt,C,0,1,Vanity_Fair_1847
Lady Gaunt,I,0,1,Vanity_Fair_1847
Lady Gaunt,A,0,1,Vanity_Fair_1847
Lady Gaunt,DC,0,1,Vanity_Fair_1847
Lady Gaunt,DN,0,1,Vanity_Fair_1847
Lady Jane,N,0,1,Vanity_Fair_1847
Lady Jane,C,0,1,Vanity_Fair_1847
Lady Jane,I,0,1,Vanity_Fair_1847
Lady Jane,A,0,1,Vanity_Fair_1847
Lady Jane,DC,0,1,Vanity_Fair_1847
Lady Jane,DN,0,1,Vanity_Fair_1847
Lady Macbeth,N,0,1,Vanity_Fair_1847
Lady Macbeth,C,0,1,Vanity_Fair_1847
Lady Macbeth,I,0,1,Vanity_Fair_1847
Lady Macbeth,A,0,1,Vanity_Fair_1847
Lady Macbeth,DC,0,1,Vanity_Fair_1847
Lady Macbeth,DN,0,1,Vanity_Fair_1847
Lady Mary Caerlyon,N,0,1,Vanity_Fair_1847
Lady Mary Caerlyon,C,0,1,Vanity_Fair_1847
Lady Mary Caerlyon,I,0,1,Vanity_Fair_1847
Lady Mary Caerlyon,A,0,1,Vanity_Fair_1847
Lady Mary Caerlyon,DC,0,1,Vanity_Fair_1847
Lady Mary Caerlyon,DN,0,1,Vanity_Fair_1847
Lady O'Dowd,N,0,1,Vanity_Fair_1847
Lady O'Dowd,C,0,1,Vanity_Fair_1847
Lady O'Dowd,I,0,1,Vanity_Fair_1847
Lady O'Dowd,A,0,1,Vanity_Fair_1847
Lady O'Dowd,DC,0,1,Vanity_Fair_1847
Lady O'Dowd,DN,0,1,Vanity_Fair_1847
Lady Partlet,N,0,1,Vanity_Fair_1847
Lady Partlet,C,0,1,Vanity_Fair_1847
Lady Partlet,I,0,1,Vanity_Fair_1847
Lady Partlet,A,0,1,Vanity_Fair_1847
Lady Partlet,DC,0,1,Vanity_Fair_1847
Lady Partlet,DN,0,1,Vanity_Fair_1847
Lady Slingstone,N,0,1,Vanity_Fair_1847
Lady Slingstone,C,0,1,Vanity_Fair_1847
Lady Slingstone,I,0,1,Vanity_Fair_1847
Lady Slingstone,A,0,1,Vanity_Fair_1847
Lady Slingstone,DC,0,1,Vanity_Fair_1847
Lady Slingstone,DN,0,1,Vanity_Fair_1847
Lady Southdown,N,0,1,Vanity_Fair_1847
Lady Southdown,C,0,1,Vanity_Fair_1847
Lady Southdown,I,0,1,Vanity_Fair_1847
Lady Southdown,A,0,1,Vanity_Fair_1847
Lady Southdown,DC,0,1,Vanity_Fair_1847
Lady Southdown,DN,0,1,Vanity_Fair_1847
Lady Squeams,N,0,1,Vanity_Fair_1847
Lady Squeams,C,0,1,Vanity_Fair_1847
Lady Squeams,I,0,1,Vanity_Fair_1847
Lady Squeams,A,0,1,Vanity_Fair_1847
Lady Squeams,DC,0,1,Vanity_Fair_1847
Lady Squeams,DN,0,1,Vanity_Fair_1847
Lady Steyne,N,0,1,Vanity_Fair_1847
Lady Steyne,C,0,1,Vanity_Fair_1847
Lady Steyne,I,0,1,Vanity_Fair_1847
Lady Steyne,A,0,1,Vanity_Fair_1847
Lady Steyne,DC,0,1,Vanity_Fair_1847
Lady Steyne,DN,0,1,Vanity_Fair_1847
Laura Martin,N,0,1,Vanity_Fair_1847
Laura Martin,C,0,1,Vanity_Fair_1847
Laura Martin,I,0,1,Vanity_Fair_1847
Laura Martin,A,0,1,Vanity_Fair_1847
Laura Martin,DC,0,1,Vanity_Fair_1847
Laura Martin,DN,0,1,Vanity_Fair_1847
Lazarus,N,0,1,Vanity_Fair_1847
Lazarus,C,0,1,Vanity_Fair_1847
Lazarus,I,0,1,Vanity_Fair_1847
Lazarus,A,0,1,Vanity_Fair_1847
Lazarus,DC,0,1,Vanity_Fair_1847
Lazarus,DN,0,1,Vanity_Fair_1847
Little Bob Suckling,N,0,1,Vanity_Fair_1847
Little Bob Suckling,C,0,1,Vanity_Fair_1847
Little Bob Suckling,I,0,1,Vanity_Fair_1847
Little Bob Suckling,A,0,1,Vanity_Fair_1847
Little Bob Suckling,DC,0,1,Vanity_Fair_1847
Little Bob Suckling,DN,0,1,Vanity_Fair_1847
Little Rawdon,N,0,1,Vanity_Fair_1847
Little Rawdon,C,0,1,Vanity_Fair_1847
Little Rawdon,I,0,1,Vanity_Fair_1847
Little Rawdon,A,0,1,Vanity_Fair_1847
Little Rawdon,DC,0,1,Vanity_Fair_1847
Little Rawdon,DN,0,1,Vanity_Fair_1847
Loll Jewab,N,0,1,Vanity_Fair_1847
Loll Jewab,C,0,1,Vanity_Fair_1847
Loll Jewab,I,0,1,Vanity_Fair_1847
Loll Jewab,A,0,1,Vanity_Fair_1847
Loll Jewab,DC,0,1,Vanity_Fair_1847
Loll Jewab,DN,0,1,Vanity_Fair_1847
Lord Bareacres,N,0,1,Vanity_Fair_1847
Lord Bareacres,C,0,1,Vanity_Fair_1847
Lord Bareacres,I,0,1,Vanity_Fair_1847
Lord Bareacres,A,0,1,Vanity_Fair_1847
Lord Bareacres,DC,0,1,Vanity_Fair_1847
Lord Bareacres,DN,0,1,Vanity_Fair_1847
Lord Binkie,N,0,1,Vanity_Fair_1847
Lord Binkie,C,0,1,Vanity_Fair_1847
Lord Binkie,I,0,1,Vanity_Fair_1847
Lord Binkie,A,0,1,Vanity_Fair_1847
Lord Binkie,DC,0,1,Vanity_Fair_1847
Lord Binkie,DN,0,1,Vanity_Fair_1847
Lord Gaunt,N,0,1,Vanity_Fair_1847
Lord Gaunt,C,0,1,Vanity_Fair_1847
Lord Gaunt,I,0,1,Vanity_Fair_1847
Lord Gaunt,A,0,1,Vanity_Fair_1847
Lord Gaunt,DC,0,1,Vanity_Fair_1847
Lord Gaunt,DN,0,1,Vanity_Fair_1847
Lord Southdown,N,0,1,Vanity_Fair_1847
Lord Southdown,C,0,1,Vanity_Fair_1847
Lord Southdown,I,0,1,Vanity_Fair_1847
Lord Southdown,A,0,1,Vanity_Fair_1847
Lord Southdown,DC,0,1,Vanity_Fair_1847
Lord Southdown,DN,0,1,Vanity_Fair_1847
Lord Steyne,N,0,1,Vanity_Fair_1847
Lord Steyne,C,0,1,Vanity_Fair_1847
Lord Steyne,I,0,1,Vanity_Fair_1847
Lord Steyne,A,0,1,Vanity_Fair_1847
Lord Steyne,DC,0,1,Vanity_Fair_1847
Lord Steyne,DN,0,1,Vanity_Fair_1847
Lord Steyne's,N,0,1,Vanity_Fair_1847
Lord Steyne's,C,0,1,Vanity_Fair_1847
Lord Steyne's,I,0,1,Vanity_Fair_1847
Lord Steyne's,A,0,1,Vanity_Fair_1847
Lord Steyne's,DC,0,1,Vanity_Fair_1847
Lord Steyne's,DN,0,1,Vanity_Fair_1847
Love,N,0,1,Vanity_Fair_1847
Love,C,0,1,Vanity_Fair_1847
Love,I,0,1,Vanity_Fair_1847
Love,A,0,1,Vanity_Fair_1847
Love,DC,0,1,Vanity_Fair_1847
Love,DN,0,1,Vanity_Fair_1847
Ma tante,N,0,1,Vanity_Fair_1847
Ma tante,C,0,1,Vanity_Fair_1847
Ma tante,I,0,1,Vanity_Fair_1847
Ma tante,A,0,1,Vanity_Fair_1847
Ma tante,DC,0,1,Vanity_Fair_1847
Ma tante,DN,0,1,Vanity_Fair_1847
Ma'am,N,0,1,Vanity_Fair_1847
Ma'am,C,0,1,Vanity_Fair_1847
Ma'am,I,0,1,Vanity_Fair_1847
Ma'am,A,0,1,Vanity_Fair_1847
Ma'am,DC,0,1,Vanity_Fair_1847
Ma'am,DN,0,1,Vanity_Fair_1847
Mac,N,0,1,Vanity_Fair_1847
Mac,C,0,1,Vanity_Fair_1847
Mac,I,0,1,Vanity_Fair_1847
Mac,A,0,1,Vanity_Fair_1847
Mac,DC,0,1,Vanity_Fair_1847
Mac,DN,0,1,Vanity_Fair_1847
Macmurdo,N,0,1,Vanity_Fair_1847
Macmurdo,C,0,1,Vanity_Fair_1847
Macmurdo,I,0,1,Vanity_Fair_1847
Macmurdo,A,0,1,Vanity_Fair_1847
Macmurdo,DC,0,1,Vanity_Fair_1847
Macmurdo,DN,0,1,Vanity_Fair_1847
Madame,N,0,1,Vanity_Fair_1847
Madame,C,0,1,Vanity_Fair_1847
Madame,I,0,1,Vanity_Fair_1847
Madame,A,0,1,Vanity_Fair_1847
Madame,DC,0,1,Vanity_Fair_1847
Madame,DN,0,1,Vanity_Fair_1847
Madame Crawley,N,0,1,Vanity_Fair_1847
Madame Crawley,C,0,1,Vanity_Fair_1847
Madame Crawley,I,0,1,Vanity_Fair_1847
Madame Crawley,A,0,1,Vanity_Fair_1847
Madame Crawley,DC,0,1,Vanity_Fair_1847
Madame Crawley,DN,0,1,Vanity_Fair_1847
Madame Lederlung,N,0,1,Vanity_Fair_1847
Madame Lederlung,C,0,1,Vanity_Fair_1847
Madame Lederlung,I,0,1,Vanity_Fair_1847
Madame Lederlung,A,0,1,Vanity_Fair_1847
Madame Lederlung,DC,0,1,Vanity_Fair_1847
Madame Lederlung,DN,0,1,Vanity_Fair_1847
Madame Strumpff,N,0,1,Vanity_Fair_1847
Madame Strumpff,C,0,1,Vanity_Fair_1847
Madame Strumpff,I,0,1,Vanity_Fair_1847
Madame Strumpff,A,0,1,Vanity_Fair_1847
Madame Strumpff,DC,0,1,Vanity_Fair_1847
Madame Strumpff,DN,0,1,Vanity_Fair_1847
Madame de Belladonna,N,0,1,Vanity_Fair_1847
Madame de Belladonna,C,0,1,Vanity_Fair_1847
Madame de Belladonna,I,0,1,Vanity_Fair_1847
Madame de Belladonna,A,0,1,Vanity_Fair_1847
Madame de Belladonna,DC,0,1,Vanity_Fair_1847
Madame de Belladonna,DN,0,1,Vanity_Fair_1847
Madame de Borodino,N,0,1,Vanity_Fair_1847
Madame de Borodino,C,0,1,Vanity_Fair_1847
Madame de Borodino,I,0,1,Vanity_Fair_1847
Madame de Borodino,A,0,1,Vanity_Fair_1847
Madame de Borodino,DC,0,1,Vanity_Fair_1847
Madame de Borodino,DN,0,1,Vanity_Fair_1847
Mademoiselle Fifine,N,0,1,Vanity_Fair_1847
Mademoiselle Fifine,C,0,1,Vanity_Fair_1847
Mademoiselle Fifine,I,0,1,Vanity_Fair_1847
Mademoiselle Fifine,A,0,1,Vanity_Fair_1847
Mademoiselle Fifine,DC,0,1,Vanity_Fair_1847
Mademoiselle Fifine,DN,0,1,Vanity_Fair_1847
Major Loder,N,0,1,Vanity_Fair_1847
Major Loder,C,0,1,Vanity_Fair_1847
Major Loder,I,0,1,Vanity_Fair_1847
Major Loder,A,0,1,Vanity_Fair_1847
Major Loder,DC,0,1,Vanity_Fair_1847
Major Loder,DN,0,1,Vanity_Fair_1847
Major Sugarplums,N,0,1,Vanity_Fair_1847
Major Sugarplums,C,0,1,Vanity_Fair_1847
Major Sugarplums,I,0,1,Vanity_Fair_1847
Major Sugarplums,A,0,1,Vanity_Fair_1847
Major Sugarplums,DC,0,1,Vanity_Fair_1847
Major Sugarplums,DN,0,1,Vanity_Fair_1847
Mamma,N,0,1,Vanity_Fair_1847
Mamma,C,0,1,Vanity_Fair_1847
Mamma,I,0,1,Vanity_Fair_1847
Mamma,A,0,1,Vanity_Fair_1847
Mamma,DC,0,1,Vanity_Fair_1847
Mamma,DN,0,1,Vanity_Fair_1847
Maria,N,0,1,Vanity_Fair_1847
Maria,C,0,1,Vanity_Fair_1847
Maria,I,0,1,Vanity_Fair_1847
Maria,A,0,1,Vanity_Fair_1847
Maria,DC,0,1,Vanity_Fair_1847
Maria,DN,0,1,Vanity_Fair_1847
Master Alderney,N,0,1,Vanity_Fair_1847
Master Alderney,C,0,1,Vanity_Fair_1847
Master Alderney,I,0,1,Vanity_Fair_1847
Master Alderney,A,0,1,Vanity_Fair_1847
Master Alderney,DC,0,1,Vanity_Fair_1847
Master Alderney,DN,0,1,Vanity_Fair_1847
Matilda,N,0,1,Vanity_Fair_1847
Matilda,C,0,1,Vanity_Fair_1847
Matilda,I,0,1,Vanity_Fair_1847
Matilda,A,0,1,Vanity_Fair_1847
Matilda,DC,0,1,Vanity_Fair_1847
Matilda,DN,0,1,Vanity_Fair_1847
Max,N,0,1,Vanity_Fair_1847
Max,C,0,1,Vanity_Fair_1847
Max,I,0,1,Vanity_Fair_1847
Max,A,0,1,Vanity_Fair_1847
Max,DC,0,1,Vanity_Fair_1847
Max,DN,0,1,Vanity_Fair_1847
Mesrour,N,0,1,Vanity_Fair_1847
Mesrour,C,0,1,Vanity_Fair_1847
Mesrour,I,0,1,Vanity_Fair_1847
Mesrour,A,0,1,Vanity_Fair_1847
Mesrour,DC,0,1,Vanity_Fair_1847
Mesrour,DN,0,1,Vanity_Fair_1847
Messrs. Jones,N,0,1,Vanity_Fair_1847
Messrs. Jones,C,0,1,Vanity_Fair_1847
Messrs. Jones,I,0,1,Vanity_Fair_1847
Messrs. Jones,A,0,1,Vanity_Fair_1847
Messrs. Jones,DC,0,1,Vanity_Fair_1847
Messrs. Jones,DN,0,1,Vanity_Fair_1847
Mick,N,0,1,Vanity_Fair_1847
Mick,C,0,1,Vanity_Fair_1847
Mick,I,0,1,Vanity_Fair_1847
Mick,A,0,1,Vanity_Fair_1847
Mick,DC,0,1,Vanity_Fair_1847
Mick,DN,0,1,Vanity_Fair_1847
Milor,N,0,1,Vanity_Fair_1847
Milor,C,0,1,Vanity_Fair_1847
Milor,I,0,1,Vanity_Fair_1847
Milor,A,0,1,Vanity_Fair_1847
Milor,DC,0,1,Vanity_Fair_1847
Milor,DN,0,1,Vanity_Fair_1847
Minerva,N,0,1,Vanity_Fair_1847
Minerva,C,0,1,Vanity_Fair_1847
Minerva,I,0,1,Vanity_Fair_1847
Minerva,A,0,1,Vanity_Fair_1847
Minerva,DC,0,1,Vanity_Fair_1847
Minerva,DN,0,1,Vanity_Fair_1847
Miss,N,0,1,Vanity_Fair_1847
Miss,C,0,1,Vanity_Fair_1847
Miss,I,0,1,Vanity_Fair_1847
Miss,A,0,1,Vanity_Fair_1847
Miss,DC,0,1,Vanity_Fair_1847
Miss,DN,0,1,Vanity_Fair_1847
Miss Ann,N,0,1,Vanity_Fair_1847
Miss Ann,C,0,1,Vanity_Fair_1847
Miss Ann,I,0,1,Vanity_Fair_1847
Miss Ann,A,0,1,Vanity_Fair_1847
Miss Ann,DC,0,1,Vanity_Fair_1847
Miss Ann,DN,0,1,Vanity_Fair_1847
Miss B.,N,0,1,Vanity_Fair_1847
Miss B.,C,0,1,Vanity_Fair_1847
Miss B.,I,0,1,Vanity_Fair_1847
Miss B.,A,0,1,Vanity_Fair_1847
Miss B.,DC,0,1,Vanity_Fair_1847
Miss B.,DN,0,1,Vanity_Fair_1847
Miss Brown,N,0,1,Vanity_Fair_1847
Miss Brown,C,0,1,Vanity_Fair_1847
Miss Brown,I,0,1,Vanity_Fair_1847
Miss Brown,A,0,1,Vanity_Fair_1847
Miss Brown,DC,0,1,Vanity_Fair_1847
Miss Brown,DN,0,1,Vanity_Fair_1847
Miss Clapp,N,0,1,Vanity_Fair_1847
Miss Clapp,C,0,1,Vanity_Fair_1847
Miss Clapp,I,0,1,Vanity_Fair_1847
Miss Clapp,A,0,1,Vanity_Fair_1847
Miss Clapp,DC,0,1,Vanity_Fair_1847
Miss Clapp,DN,0,1,Vanity_Fair_1847
Miss Crawley,N,3,1,Vanity_Fair_1847
Miss Crawley,C,1,1,Vanity_Fair_1847
Miss Crawley,I,0,1,Vanity_Fair_1847
Miss Crawley,A,1,1,Vanity_Fair_1847
Miss Crawley,DC,0,1,Vanity_Fair_1847
Miss Crawley,DN,0,1,Vanity_Fair_1847
Miss Hawky,N,0,1,Vanity_Fair_1847
Miss Hawky,C,0,1,Vanity_Fair_1847
Miss Hawky,I,0,1,Vanity_Fair_1847
Miss Hawky,A,0,1,Vanity_Fair_1847
Miss Hawky,DC,0,1,Vanity_Fair_1847
Miss Hawky,DN,0,1,Vanity_Fair_1847
Miss Horrocks,N,0,1,Vanity_Fair_1847
Miss Horrocks,C,0,1,Vanity_Fair_1847
Miss Horrocks,I,0,1,Vanity_Fair_1847
Miss Horrocks,A,0,1,Vanity_Fair_1847
Miss Horrocks,DC,0,1,Vanity_Fair_1847
Miss Horrocks,DN,0,1,Vanity_Fair_1847
Miss MacWhirter,N,0,1,Vanity_Fair_1847
Miss MacWhirter,C,0,1,Vanity_Fair_1847
Miss MacWhirter,I,0,1,Vanity_Fair_1847
Miss MacWhirter,A,0,1,Vanity_Fair_1847
Miss MacWhirter,DC,0,1,Vanity_Fair_1847
Miss MacWhirter,DN,0,1,Vanity_Fair_1847
Miss Malony,N,0,1,Vanity_Fair_1847
Miss Malony,C,0,1,Vanity_Fair_1847
Miss Malony,I,0,1,Vanity_Fair_1847
Miss Malony,A,0,1,Vanity_Fair_1847
Miss Malony,DC,0,1,Vanity_Fair_1847
Miss Malony,DN,0,1,Vanity_Fair_1847
Miss Moss,N,0,1,Vanity_Fair_1847
Miss Moss,C,0,1,Vanity_Fair_1847
Miss Moss,I,0,1,Vanity_Fair_1847
Miss Moss,A,0,1,Vanity_Fair_1847
Miss Moss,DC,0,1,Vanity_Fair_1847
Miss Moss,DN,0,1,Vanity_Fair_1847
Miss O.,N,0,1,Vanity_Fair_1847
Miss O.,C,0,1,Vanity_Fair_1847
Miss O.,I,0,1,Vanity_Fair_1847
Miss O.,A,0,1,Vanity_Fair_1847
Miss O.,DC,0,1,Vanity_Fair_1847
Miss O.,DN,0,1,Vanity_Fair_1847
Miss Osborne,N,0,1,Vanity_Fair_1847
Miss Osborne,C,0,1,Vanity_Fair_1847
Miss Osborne,I,0,1,Vanity_Fair_1847
Miss Osborne,A,0,1,Vanity_Fair_1847
Miss Osborne,DC,0,1,Vanity_Fair_1847
Miss Osborne,DN,0,1,Vanity_Fair_1847
Miss Pinkerton,N,0,1,Vanity_Fair_1847
Miss Pinkerton,C,0,1,Vanity_Fair_1847
Miss Pinkerton,I,0,1,Vanity_Fair_1847
Miss Pinkerton,A,0,1,Vanity_Fair_1847
Miss Pinkerton,DC,0,1,Vanity_Fair_1847
Miss Pinkerton,DN,0,1,Vanity_Fair_1847
Miss Polly,N,0,1,Vanity_Fair_1847
Miss Polly,C,0,1,Vanity_Fair_1847
Miss Polly,I,0,1,Vanity_Fair_1847
Miss Polly,A,0,1,Vanity_Fair_1847
Miss Polly,DC,0,1,Vanity_Fair_1847
Miss Polly,DN,0,1,Vanity_Fair_1847
Miss Saltire,N,0,1,Vanity_Fair_1847
Miss Saltire,C,0,1,Vanity_Fair_1847
Miss Saltire,I,0,1,Vanity_Fair_1847
Miss Saltire,A,0,1,Vanity_Fair_1847
Miss Saltire,DC,0,1,Vanity_Fair_1847
Miss Saltire,DN,0,1,Vanity_Fair_1847
Miss Swartz,N,0,1,Vanity_Fair_1847
Miss Swartz,C,0,1,Vanity_Fair_1847
Miss Swartz,I,0,1,Vanity_Fair_1847
Miss Swartz,A,0,1,Vanity_Fair_1847
Miss Swartz,DC,0,1,Vanity_Fair_1847
Miss Swartz,DN,0,1,Vanity_Fair_1847
Miss Toady,N,0,1,Vanity_Fair_1847
Miss Toady,C,0,1,Vanity_Fair_1847
Miss Toady,I,0,1,Vanity_Fair_1847
Miss Toady,A,0,1,Vanity_Fair_1847
Miss Toady,DC,0,1,Vanity_Fair_1847
Miss Toady,DN,0,1,Vanity_Fair_1847
Miss Violet,N,0,1,Vanity_Fair_1847
Miss Violet,C,0,1,Vanity_Fair_1847
Miss Violet,I,0,1,Vanity_Fair_1847
Miss Violet,A,0,1,Vanity_Fair_1847
Miss Violet,DC,0,1,Vanity_Fair_1847
Miss Violet,DN,0,1,Vanity_Fair_1847
Miss Wirt,N,0,1,Vanity_Fair_1847
Miss Wirt,C,0,1,Vanity_Fair_1847
Miss Wirt,I,0,1,Vanity_Fair_1847
Miss Wirt,A,0,1,Vanity_Fair_1847
Miss Wirt,DC,0,1,Vanity_Fair_1847
Miss Wirt,DN,0,1,Vanity_Fair_1847
Molly,N,0,1,Vanity_Fair_1847
Molly,C,0,1,Vanity_Fair_1847
Molly,I,0,1,Vanity_Fair_1847
Molly,A,0,1,Vanity_Fair_1847
Molly,DC,0,1,Vanity_Fair_1847
Molly,DN,0,1,Vanity_Fair_1847
Monseigneur,N,0,1,Vanity_Fair_1847
Monseigneur,C,0,1,Vanity_Fair_1847
Monseigneur,I,0,1,Vanity_Fair_1847
Monseigneur,A,0,1,Vanity_Fair_1847
Monseigneur,DC,0,1,Vanity_Fair_1847
Monseigneur,DN,0,1,Vanity_Fair_1847
Monsieur Fiche,N,0,1,Vanity_Fair_1847
Monsieur Fiche,C,0,1,Vanity_Fair_1847
Monsieur Fiche,I,0,1,Vanity_Fair_1847
Monsieur Fiche,A,0,1,Vanity_Fair_1847
Monsieur Fiche,DC,0,1,Vanity_Fair_1847
Monsieur Fiche,DN,0,1,Vanity_Fair_1847
Mother,N,0,1,Vanity_Fair_1847
Mother,C,0,1,Vanity_Fair_1847
Mother,I,0,1,Vanity_Fair_1847
Mother,A,0,1,Vanity_Fair_1847
Mother,DC,0,1,Vanity_Fair_1847
Mother,DN,0,1,Vanity_Fair_1847
Mr. Binny,N,0,1,Vanity_Fair_1847
Mr. Binny,C,0,1,Vanity_Fair_1847
Mr. Binny,I,0,1,Vanity_Fair_1847
Mr. Binny,A,0,1,Vanity_Fair_1847
Mr. Binny,DC,0,1,Vanity_Fair_1847
Mr. Binny,DN,0,1,Vanity_Fair_1847
Mr. Bowls,N,0,1,Vanity_Fair_1847
Mr. Bowls,C,0,1,Vanity_Fair_1847
Mr. Bowls,I,0,1,Vanity_Fair_1847
Mr. Bowls,A,0,1,Vanity_Fair_1847
Mr. Bowls,DC,0,1,Vanity_Fair_1847
Mr. Bowls,DN,0,1,Vanity_Fair_1847
Mr. Brown,N,0,1,Vanity_Fair_1847
Mr. Brown,C,0,1,Vanity_Fair_1847
Mr. Brown,I,0,1,Vanity_Fair_1847
Mr. Brown,A,0,1,Vanity_Fair_1847
Mr. Brown,DC,0,1,Vanity_Fair_1847
Mr. Brown,DN,0,1,Vanity_Fair_1847
Mr. Bullock,N,0,1,Vanity_Fair_1847
Mr. Bullock,C,0,1,Vanity_Fair_1847
Mr. Bullock,I,0,1,Vanity_Fair_1847
Mr. Bullock,A,0,1,Vanity_Fair_1847
Mr. Bullock,DC,0,1,Vanity_Fair_1847
Mr. Bullock,DN,0,1,Vanity_Fair_1847
Mr. Chopper,N,0,1,Vanity_Fair_1847
Mr. Chopper,C,0,1,Vanity_Fair_1847
Mr. Chopper,I,0,1,Vanity_Fair_1847
Mr. Chopper,A,0,1,Vanity_Fair_1847
Mr. Chopper,DC,0,1,Vanity_Fair_1847
Mr. Chopper,DN,0,1,Vanity_Fair_1847
Mr. Clapp,N,0,1,Vanity_Fair_1847
Mr. Clapp,C,0,1,Vanity_Fair_1847
Mr. Clapp,I,0,1,Vanity_Fair_1847
Mr. Clapp,A,0,1,Vanity_Fair_1847
Mr. Clapp,DC,0,1,Vanity_Fair_1847
Mr. Clapp,DN,0,1,Vanity_Fair_1847
Mr. Clump,N,0,1,Vanity_Fair_1847
Mr. Clump,C,0,1,Vanity_Fair_1847
Mr. Clump,I,0,1,Vanity_Fair_1847
Mr. Clump,A,0,1,Vanity_Fair_1847
Mr. Clump,DC,0,1,Vanity_Fair_1847
Mr. Clump,DN,0,1,Vanity_Fair_1847
Mr. Crawley,N,0,1,Vanity_Fair_1847
Mr. Crawley,C,0,1,Vanity_Fair_1847
Mr. Crawley,I,0,1,Vanity_Fair_1847
Mr. Crawley,A,0,1,Vanity_Fair_1847
Mr. Crawley,DC,0,1,Vanity_Fair_1847
Mr. Crawley,DN,0,1,Vanity_Fair_1847
Mr. Creamer,N,0,1,Vanity_Fair_1847
Mr. Creamer,C,0,1,Vanity_Fair_1847
Mr. Creamer,I,0,1,Vanity_Fair_1847
Mr. Creamer,A,0,1,Vanity_Fair_1847
Mr. Creamer,DC,0,1,Vanity_Fair_1847
Mr. Creamer,DN,0,1,Vanity_Fair_1847
Mr. Crisp,N,0,1,Vanity_Fair_1847
Mr. Crisp,C,0,1,Vanity_Fair_1847
Mr. Crisp,I,0,1,Vanity_Fair_1847
Mr. Crisp,A,0,1,Vanity_Fair_1847
Mr. Crisp,DC,0,1,Vanity_Fair_1847
Mr. Crisp,DN,0,1,Vanity_Fair_1847
Mr. Eagles,N,0,1,Vanity_Fair_1847
Mr. Eagles,C,0,1,Vanity_Fair_1847
Mr. Eagles,I,0,1,Vanity_Fair_1847
Mr. Eagles,A,0,1,Vanity_Fair_1847
Mr. Eagles,DC,0,1,Vanity_Fair_1847
Mr. Eagles,DN,0,1,Vanity_Fair_1847
Mr. Eaves,N,0,1,Vanity_Fair_1847
Mr. Eaves,C,0,1,Vanity_Fair_1847
Mr. Eaves,I,0,1,Vanity_Fair_1847
Mr. Eaves,A,0,1,Vanity_Fair_1847
Mr. Eaves,DC,0,1,Vanity_Fair_1847
Mr. Eaves,DN,0,1,Vanity_Fair_1847
Mr. Fiche,N,0,1,Vanity_Fair_1847
Mr. Fiche,C,0,1,Vanity_Fair_1847
Mr. Fiche,I,0,1,Vanity_Fair_1847
Mr. Fiche,A,0,1,Vanity_Fair_1847
Mr. Fiche,DC,0,1,Vanity_Fair_1847
Mr. Fiche,DN,0,1,Vanity_Fair_1847
Mr. Fox,N,0,1,Vanity_Fair_1847
Mr. Fox,C,0,1,Vanity_Fair_1847
Mr. Fox,I,0,1,Vanity_Fair_1847
Mr. Fox,A,0,1,Vanity_Fair_1847
Mr. Fox,DC,0,1,Vanity_Fair_1847
Mr. Fox,DN,0,1,Vanity_Fair_1847
Mr. Hammerdown,N,0,1,Vanity_Fair_1847
Mr. Hammerdown,C,0,1,Vanity_Fair_1847
Mr. Hammerdown,I,0,1,Vanity_Fair_1847
Mr. Hammerdown,A,0,1,Vanity_Fair_1847
Mr. Hammerdown,DC,0,1,Vanity_Fair_1847
Mr. Hammerdown,DN,0,1,Vanity_Fair_1847
Mr. Higgs,N,0,1,Vanity_Fair_1847
Mr. Higgs,C,0,1,Vanity_Fair_1847
Mr. Higgs,I,0,1,Vanity_Fair_1847
Mr. Higgs,A,0,1,Vanity_Fair_1847
Mr. Higgs,DC,0,1,Vanity_Fair_1847
Mr. Higgs,DN,0,1,Vanity_Fair_1847
Mr. Hodson,N,0,1,Vanity_Fair_1847
Mr. Hodson,C,0,1,Vanity_Fair_1847
Mr. Hodson,I,0,1,Vanity_Fair_1847
Mr. Hodson,A,0,1,Vanity_Fair_1847
Mr. Hodson,DC,0,1,Vanity_Fair_1847
Mr. Hodson,DN,0,1,Vanity_Fair_1847
Mr. Horrocks,N,0,1,Vanity_Fair_1847
Mr. Horrocks,C,0,1,Vanity_Fair_1847
Mr. Horrocks,I,0,1,Vanity_Fair_1847
Mr. Horrocks,A,0,1,Vanity_Fair_1847
Mr. Horrocks,DC,0,1,Vanity_Fair_1847
Mr. Horrocks,DN,0,1,Vanity_Fair_1847
Mr. Humphrey Clinker,N,0,1,Vanity_Fair_1847
Mr. Humphrey Clinker,C,0,1,Vanity_Fair_1847
Mr. Humphrey Clinker,I,0,1,Vanity_Fair_1847
Mr. Humphrey Clinker,A,0,1,Vanity_Fair_1847
Mr. Humphrey Clinker,DC,0,1,Vanity_Fair_1847
Mr. Humphrey Clinker,DN,0,1,Vanity_Fair_1847
Mr. John Thomas Dawson,N,0,1,Vanity_Fair_1847
Mr. John Thomas Dawson,C,0,1,Vanity_Fair_1847
Mr. John Thomas Dawson,I,0,1,Vanity_Fair_1847
Mr. John Thomas Dawson,A,0,1,Vanity_Fair_1847
Mr. John Thomas Dawson,DC,0,1,Vanity_Fair_1847
Mr. John Thomas Dawson,DN,0,1,Vanity_Fair_1847
Mr. Lewis,N,0,1,Vanity_Fair_1847
Mr. Lewis,C,0,1,Vanity_Fair_1847
Mr. Lewis,I,0,1,Vanity_Fair_1847
Mr. Lewis,A,0,1,Vanity_Fair_1847
Mr. Lewis,DC,0,1,Vanity_Fair_1847
Mr. Lewis,DN,0,1,Vanity_Fair_1847
Mr. Moss,N,0,1,Vanity_Fair_1847
Mr. Moss,C,0,1,Vanity_Fair_1847
Mr. Moss,I,0,1,Vanity_Fair_1847
Mr. Moss,A,0,1,Vanity_Fair_1847
Mr. Moss,DC,0,1,Vanity_Fair_1847
Mr. Moss,DN,0,1,Vanity_Fair_1847
Mr. Osborne,N,0,1,Vanity_Fair_1847
Mr. Osborne,C,0,1,Vanity_Fair_1847
Mr. Osborne,I,0,1,Vanity_Fair_1847
Mr. Osborne,A,0,1,Vanity_Fair_1847
Mr. Osborne,DC,0,1,Vanity_Fair_1847
Mr. Osborne,DN,0,1,Vanity_Fair_1847
Mr. Pestler,N,0,1,Vanity_Fair_1847
Mr. Pestler,C,0,1,Vanity_Fair_1847
Mr. Pestler,I,0,1,Vanity_Fair_1847
Mr. Pestler,A,0,1,Vanity_Fair_1847
Mr. Pestler,DC,0,1,Vanity_Fair_1847
Mr. Pestler,DN,0,1,Vanity_Fair_1847
Mr. Poe,N,0,1,Vanity_Fair_1847
Mr. Poe,C,0,1,Vanity_Fair_1847
Mr. Poe,I,0,1,Vanity_Fair_1847
Mr. Poe,A,0,1,Vanity_Fair_1847
Mr. Poe,DC,0,1,Vanity_Fair_1847
Mr. Poe,DN,0,1,Vanity_Fair_1847
Mr. Rowson,N,0,1,Vanity_Fair_1847
Mr. Rowson,C,0,1,Vanity_Fair_1847
Mr. Rowson,I,0,1,Vanity_Fair_1847
Mr. Rowson,A,0,1,Vanity_Fair_1847
Mr. Rowson,DC,0,1,Vanity_Fair_1847
Mr. Rowson,DN,0,1,Vanity_Fair_1847
Mr. S.,N,0,1,Vanity_Fair_1847
Mr. S.,C,0,1,Vanity_Fair_1847
Mr. S.,I,0,1,Vanity_Fair_1847
Mr. S.,A,0,1,Vanity_Fair_1847
Mr. S.,DC,0,1,Vanity_Fair_1847
Mr. S.,DN,0,1,Vanity_Fair_1847
Mr. Smee,N,0,1,Vanity_Fair_1847
Mr. Smee,C,0,1,Vanity_Fair_1847
Mr. Smee,I,0,1,Vanity_Fair_1847
Mr. Smee,A,0,1,Vanity_Fair_1847
Mr. Smee,DC,0,1,Vanity_Fair_1847
Mr. Smee,DN,0,1,Vanity_Fair_1847
Mr. Stubble,N,0,1,Vanity_Fair_1847
Mr. Stubble,C,0,1,Vanity_Fair_1847
Mr. Stubble,I,0,1,Vanity_Fair_1847
Mr. Stubble,A,0,1,Vanity_Fair_1847
Mr. Stubble,DC,0,1,Vanity_Fair_1847
Mr. Stubble,DN,0,1,Vanity_Fair_1847
Mr. Trotter,N,0,1,Vanity_Fair_1847
Mr. Trotter,C,0,1,Vanity_Fair_1847
Mr. Trotter,I,0,1,Vanity_Fair_1847
Mr. Trotter,A,0,1,Vanity_Fair_1847
Mr. Trotter,DC,0,1,Vanity_Fair_1847
Mr. Trotter,DN,0,1,Vanity_Fair_1847
Mr. Veal,N,0,1,Vanity_Fair_1847
Mr. Veal,C,0,1,Vanity_Fair_1847
Mr. Veal,I,0,1,Vanity_Fair_1847
Mr. Veal,A,0,1,Vanity_Fair_1847
Mr. Veal,DC,0,1,Vanity_Fair_1847
Mr. Veal,DN,0,1,Vanity_Fair_1847
Mr. Wagg,N,0,1,Vanity_Fair_1847
Mr. Wagg,C,0,1,Vanity_Fair_1847
Mr. Wagg,I,0,1,Vanity_Fair_1847
Mr. Wagg,A,0,1,Vanity_Fair_1847
Mr. Wagg,DC,0,1,Vanity_Fair_1847
Mr. Wagg,DN,0,1,Vanity_Fair_1847
Mr. Wenham,N,0,1,Vanity_Fair_1847
Mr. Wenham,C,0,1,Vanity_Fair_1847
Mr. Wenham,I,0,1,Vanity_Fair_1847
Mr. Wenham,A,0,1,Vanity_Fair_1847
Mr. Wenham,DC,0,1,Vanity_Fair_1847
Mr. Wenham,DN,0,1,Vanity_Fair_1847
Mr. Wilberforce,N,0,1,Vanity_Fair_1847
Mr. Wilberforce,C,0,1,Vanity_Fair_1847
Mr. Wilberforce,I,0,1,Vanity_Fair_1847
Mr. Wilberforce,A,0,1,Vanity_Fair_1847
Mr. Wilberforce,DC,0,1,Vanity_Fair_1847
Mr. Wilberforce,DN,0,1,Vanity_Fair_1847
Mrs.,N,0,1,Vanity_Fair_1847
Mrs.,C,0,1,Vanity_Fair_1847
Mrs.,I,0,1,Vanity_Fair_1847
Mrs.,A,0,1,Vanity_Fair_1847
Mrs.,DC,0,1,Vanity_Fair_1847
Mrs.,DN,0,1,Vanity_Fair_1847
Mrs. Blenkinsop,N,0,1,Vanity_Fair_1847
Mrs. Blenkinsop,C,0,1,Vanity_Fair_1847
Mrs. Blenkinsop,I,0,1,Vanity_Fair_1847
Mrs. Blenkinsop,A,0,1,Vanity_Fair_1847
Mrs. Blenkinsop,DC,0,1,Vanity_Fair_1847
Mrs. Blenkinsop,DN,0,1,Vanity_Fair_1847
Mrs. Bowls,N,0,1,Vanity_Fair_1847
Mrs. Bowls,C,0,1,Vanity_Fair_1847
Mrs. Bowls,I,0,1,Vanity_Fair_1847
Mrs. Bowls,A,0,1,Vanity_Fair_1847
Mrs. Bowls,DC,0,1,Vanity_Fair_1847
Mrs. Bowls,DN,0,1,Vanity_Fair_1847
Mrs. Brown,N,0,1,Vanity_Fair_1847
Mrs. Brown,C,0,1,Vanity_Fair_1847
Mrs. Brown,I,0,1,Vanity_Fair_1847
Mrs. Brown,A,0,1,Vanity_Fair_1847
Mrs. Brown,DC,0,1,Vanity_Fair_1847
Mrs. Brown,DN,0,1,Vanity_Fair_1847
Mrs. Burjoice,N,0,1,Vanity_Fair_1847
Mrs. Burjoice,C,0,1,Vanity_Fair_1847
Mrs. Burjoice,I,0,1,Vanity_Fair_1847
Mrs. Burjoice,A,0,1,Vanity_Fair_1847
Mrs. Burjoice,DC,0,1,Vanity_Fair_1847
Mrs. Burjoice,DN,0,1,Vanity_Fair_1847
Mrs. Bute,N,0,1,Vanity_Fair_1847
Mrs. Bute,C,0,1,Vanity_Fair_1847
Mrs. Bute,I,0,1,Vanity_Fair_1847
Mrs. Bute,A,0,1,Vanity_Fair_1847
Mrs. Bute,DC,0,1,Vanity_Fair_1847
Mrs. Bute,DN,0,1,Vanity_Fair_1847
Mrs. Captain Osborne,N,0,1,Vanity_Fair_1847
Mrs. Captain Osborne,C,0,1,Vanity_Fair_1847
Mrs. Captain Osborne,I,0,1,Vanity_Fair_1847
Mrs. Captain Osborne,A,0,1,Vanity_Fair_1847
Mrs. Captain Osborne,DC,0,1,Vanity_Fair_1847
Mrs. Captain Osborne,DN,0,1,Vanity_Fair_1847
Mrs. Clapp,N,0,1,Vanity_Fair_1847
Mrs. Clapp,C,0,1,Vanity_Fair_1847
Mrs. Clapp,I,0,1,Vanity_Fair_1847
Mrs. Clapp,A,0,1,Vanity_Fair_1847
Mrs. Clapp,DC,0,1,Vanity_Fair_1847
Mrs. Clapp,DN,0,1,Vanity_Fair_1847
Mrs. Cook,N,0,1,Vanity_Fair_1847
Mrs. Cook,C,0,1,Vanity_Fair_1847
Mrs. Cook,I,0,1,Vanity_Fair_1847
Mrs. Cook,A,0,1,Vanity_Fair_1847
Mrs. Cook,DC,0,1,Vanity_Fair_1847
Mrs. Cook,DN,0,1,Vanity_Fair_1847
Mrs. Dobbin,N,0,1,Vanity_Fair_1847
Mrs. Dobbin,C,0,1,Vanity_Fair_1847
Mrs. Dobbin,I,0,1,Vanity_Fair_1847
Mrs. Dobbin,A,0,1,Vanity_Fair_1847
Mrs. Dobbin,DC,0,1,Vanity_Fair_1847
Mrs. Dobbin,DN,0,1,Vanity_Fair_1847
Mrs. Eagles,N,0,1,Vanity_Fair_1847
Mrs. Eagles,C,0,1,Vanity_Fair_1847
Mrs. Eagles,I,0,1,Vanity_Fair_1847
Mrs. Eagles,A,0,1,Vanity_Fair_1847
Mrs. Eagles,DC,0,1,Vanity_Fair_1847
Mrs. Eagles,DN,0,1,Vanity_Fair_1847
Mrs. Frederick Bullock,N,0,1,Vanity_Fair_1847
Mrs. Frederick Bullock,C,0,1,Vanity_Fair_1847
Mrs. Frederick Bullock,I,0,1,Vanity_Fair_1847
Mrs. Frederick Bullock,A,0,1,Vanity_Fair_1847
Mrs. Frederick Bullock,DC,0,1,Vanity_Fair_1847
Mrs. Frederick Bullock,DN,0,1,Vanity_Fair_1847
Mrs. Glowry,N,0,1,Vanity_Fair_1847
Mrs. Glowry,C,0,1,Vanity_Fair_1847
Mrs. Glowry,I,0,1,Vanity_Fair_1847
Mrs. Glowry,A,0,1,Vanity_Fair_1847
Mrs. Glowry,DC,0,1,Vanity_Fair_1847
Mrs. Glowry,DN,0,1,Vanity_Fair_1847
Mrs. Haggistoun,N,0,1,Vanity_Fair_1847
Mrs. Haggistoun,C,0,1,Vanity_Fair_1847
Mrs. Haggistoun,I,0,1,Vanity_Fair_1847
Mrs. Haggistoun,A,0,1,Vanity_Fair_1847
Mrs. Haggistoun,DC,0,1,Vanity_Fair_1847
Mrs. Haggistoun,DN,0,1,Vanity_Fair_1847
Mrs. Kirk,N,0,1,Vanity_Fair_1847
Mrs. Kirk,C,0,1,Vanity_Fair_1847
Mrs. Kirk,I,0,1,Vanity_Fair_1847
Mrs. Kirk,A,0,1,Vanity_Fair_1847
Mrs. Kirk,DC,0,1,Vanity_Fair_1847
Mrs. Kirk,DN,0,1,Vanity_Fair_1847
Mrs. Magenis,N,0,1,Vanity_Fair_1847
Mrs. Magenis,C,0,1,Vanity_Fair_1847
Mrs. Magenis,I,0,1,Vanity_Fair_1847
Mrs. Magenis,A,0,1,Vanity_Fair_1847
Mrs. Magenis,DC,0,1,Vanity_Fair_1847
Mrs. Magenis,DN,0,1,Vanity_Fair_1847
Mrs. O'Dowd,N,0,1,Vanity_Fair_1847
Mrs. O'Dowd,C,0,1,Vanity_Fair_1847
Mrs. O'Dowd,I,0,1,Vanity_Fair_1847
Mrs. O'Dowd,A,0,1,Vanity_Fair_1847
Mrs. O'Dowd,DC,0,1,Vanity_Fair_1847
Mrs. O'Dowd,DN,0,1,Vanity_Fair_1847
Mrs. O.,N,0,1,Vanity_Fair_1847
Mrs. O.,C,0,1,Vanity_Fair_1847
Mrs. O.,I,0,1,Vanity_Fair_1847
Mrs. O.,A,0,1,Vanity_Fair_1847
Mrs. O.,DC,0,1,Vanity_Fair_1847
Mrs. O.,DN,0,1,Vanity_Fair_1847
Mrs. Pilkington,N,0,1,Vanity_Fair_1847
Mrs. Pilkington,C,0,1,Vanity_Fair_1847
Mrs. Pilkington,I,0,1,Vanity_Fair_1847
Mrs. Pilkington,A,0,1,Vanity_Fair_1847
Mrs. Pilkington,DC,0,1,Vanity_Fair_1847
Mrs. Pilkington,DN,0,1,Vanity_Fair_1847
Mrs. Raggles,N,0,1,Vanity_Fair_1847
Mrs. Raggles,C,0,1,Vanity_Fair_1847
Mrs. Raggles,I,0,1,Vanity_Fair_1847
Mrs. Raggles,A,0,1,Vanity_Fair_1847
Mrs. Raggles,DC,0,1,Vanity_Fair_1847
Mrs. Raggles,DN,0,1,Vanity_Fair_1847
Mrs. Sedley,N,0,1,Vanity_Fair_1847
Mrs. Sedley,C,0,1,Vanity_Fair_1847
Mrs. Sedley,I,0,1,Vanity_Fair_1847
Mrs. Sedley,A,0,1,Vanity_Fair_1847
Mrs. Sedley,DC,0,1,Vanity_Fair_1847
Mrs. Sedley,DN,0,1,Vanity_Fair_1847
Mrs. Stokes,N,0,1,Vanity_Fair_1847
Mrs. Stokes,C,0,1,Vanity_Fair_1847
Mrs. Stokes,I,0,1,Vanity_Fair_1847
Mrs. Stokes,A,0,1,Vanity_Fair_1847
Mrs. Stokes,DC,0,1,Vanity_Fair_1847
Mrs. Stokes,DN,0,1,Vanity_Fair_1847
Mrs. Todd,N,0,1,Vanity_Fair_1847
Mrs. Todd,C,0,1,Vanity_Fair_1847
Mrs. Todd,I,0,1,Vanity_Fair_1847
Mrs. Todd,A,0,1,Vanity_Fair_1847
Mrs. Todd,DC,0,1,Vanity_Fair_1847
Mrs. Todd,DN,0,1,Vanity_Fair_1847
Mrs. Veal,N,0,1,Vanity_Fair_1847
Mrs. Veal,C,0,1,Vanity_Fair_1847
Mrs. Veal,I,0,1,Vanity_Fair_1847
Mrs. Veal,A,0,1,Vanity_Fair_1847
Mrs. Veal,DC,0,1,Vanity_Fair_1847
Mrs. Veal,DN,0,1,Vanity_Fair_1847
Mrs. Washington White,N,0,1,Vanity_Fair_1847
Mrs. Washington White,C,0,1,Vanity_Fair_1847
Mrs. Washington White,I,0,1,Vanity_Fair_1847
Mrs. Washington White,A,0,1,Vanity_Fair_1847
Mrs. Washington White,DC,0,1,Vanity_Fair_1847
Mrs. Washington White,DN,0,1,Vanity_Fair_1847
Mrs. Wenham,N,0,1,Vanity_Fair_1847
Mrs. Wenham,C,0,1,Vanity_Fair_1847
Mrs. Wenham,I,0,1,Vanity_Fair_1847
Mrs. Wenham,A,0,1,Vanity_Fair_1847
Mrs. Wenham,DC,0,1,Vanity_Fair_1847
Mrs. Wenham,DN,0,1,Vanity_Fair_1847
Mrs. Winkworth,N,0,1,Vanity_Fair_1847
Mrs. Winkworth,C,0,1,Vanity_Fair_1847
Mrs. Winkworth,I,0,1,Vanity_Fair_1847
Mrs. Winkworth,A,0,1,Vanity_Fair_1847
Mrs. Winkworth,DC,0,1,Vanity_Fair_1847
Mrs. Winkworth,DN,0,1,Vanity_Fair_1847
Mum,N,0,1,Vanity_Fair_1847
Mum,C,0,1,Vanity_Fair_1847
Mum,I,0,1,Vanity_Fair_1847
Mum,A,0,1,Vanity_Fair_1847
Mum,DC,0,1,Vanity_Fair_1847
Mum,DN,0,1,Vanity_Fair_1847
Napoleon,N,0,1,Vanity_Fair_1847
Napoleon,C,0,1,Vanity_Fair_1847
Napoleon,I,0,1,Vanity_Fair_1847
Napoleon,A,0,1,Vanity_Fair_1847
Napoleon,DC,0,1,Vanity_Fair_1847
Napoleon,DN,0,1,Vanity_Fair_1847
Nathan,N,0,1,Vanity_Fair_1847
Nathan,C,0,1,Vanity_Fair_1847
Nathan,I,0,1,Vanity_Fair_1847
Nathan,A,0,1,Vanity_Fair_1847
Nathan,DC,0,1,Vanity_Fair_1847
Nathan,DN,0,1,Vanity_Fair_1847
Ney,N,0,1,Vanity_Fair_1847
Ney,C,0,1,Vanity_Fair_1847
Ney,I,0,1,Vanity_Fair_1847
Ney,A,0,1,Vanity_Fair_1847
Ney,DC,0,1,Vanity_Fair_1847
Ney,DN,0,1,Vanity_Fair_1847
Old Osborne,N,0,1,Vanity_Fair_1847
Old Osborne,C,0,1,Vanity_Fair_1847
Old Osborne,I,0,1,Vanity_Fair_1847
Old Osborne,A,0,1,Vanity_Fair_1847
Old Osborne,DC,0,1,Vanity_Fair_1847
Old Osborne,DN,0,1,Vanity_Fair_1847
Old Sedley,N,0,1,Vanity_Fair_1847
Old Sedley,C,0,1,Vanity_Fair_1847
Old Sedley,I,0,1,Vanity_Fair_1847
Old Sedley,A,0,1,Vanity_Fair_1847
Old Sedley,DC,0,1,Vanity_Fair_1847
Old Sedley,DN,0,1,Vanity_Fair_1847
Osborne,N,0,1,Vanity_Fair_1847
Osborne,C,0,1,Vanity_Fair_1847
Osborne,I,0,1,Vanity_Fair_1847
Osborne,A,0,1,Vanity_Fair_1847
Osborne,DC,0,1,Vanity_Fair_1847
Osborne,DN,0,1,Vanity_Fair_1847
Pa,N,0,1,Vanity_Fair_1847
Pa,C,0,1,Vanity_Fair_1847
Pa,I,0,1,Vanity_Fair_1847
Pa,A,0,1,Vanity_Fair_1847
Pa,DC,0,1,Vanity_Fair_1847
Pa,DN,0,1,Vanity_Fair_1847
Papa,N,0,1,Vanity_Fair_1847
Papa,C,0,1,Vanity_Fair_1847
Papa,I,0,1,Vanity_Fair_1847
Papa,A,0,1,Vanity_Fair_1847
Papa,DC,0,1,Vanity_Fair_1847
Papa,DN,0,1,Vanity_Fair_1847
Pauline,N,0,1,Vanity_Fair_1847
Pauline,C,0,1,Vanity_Fair_1847
Pauline,I,0,1,Vanity_Fair_1847
Pauline,A,0,1,Vanity_Fair_1847
Pauline,DC,0,1,Vanity_Fair_1847
Pauline,DN,0,1,Vanity_Fair_1847
Payne,N,0,1,Vanity_Fair_1847
Payne,C,0,1,Vanity_Fair_1847
Payne,I,0,1,Vanity_Fair_1847
Payne,A,0,1,Vanity_Fair_1847
Payne,DC,0,1,Vanity_Fair_1847
Payne,DN,0,1,Vanity_Fair_1847
Peggy,N,0,1,Vanity_Fair_1847
Peggy,C,0,1,Vanity_Fair_1847
Peggy,I,0,1,Vanity_Fair_1847
Peggy,A,0,1,Vanity_Fair_1847
Peggy,DC,0,1,Vanity_Fair_1847
Peggy,DN,0,1,Vanity_Fair_1847
Pinner,N,0,1,Vanity_Fair_1847
Pinner,C,0,1,Vanity_Fair_1847
Pinner,I,0,1,Vanity_Fair_1847
Pinner,A,0,1,Vanity_Fair_1847
Pinner,DC,0,1,Vanity_Fair_1847
Pinner,DN,0,1,Vanity_Fair_1847
Pitt,N,0,1,Vanity_Fair_1847
Pitt,C,0,1,Vanity_Fair_1847
Pitt,I,0,1,Vanity_Fair_1847
Pitt,A,0,1,Vanity_Fair_1847
Pitt,DC,0,1,Vanity_Fair_1847
Pitt,DN,0,1,Vanity_Fair_1847
Pitt Binkie,N,0,1,Vanity_Fair_1847
Pitt Binkie,C,0,1,Vanity_Fair_1847
Pitt Binkie,I,0,1,Vanity_Fair_1847
Pitt Binkie,A,0,1,Vanity_Fair_1847
Pitt Binkie,DC,0,1,Vanity_Fair_1847
Pitt Binkie,DN,0,1,Vanity_Fair_1847
Poor Jim,N,0,1,Vanity_Fair_1847
Poor Jim,C,0,1,Vanity_Fair_1847
Poor Jim,I,0,1,Vanity_Fair_1847
Poor Jim,A,0,1,Vanity_Fair_1847
Poor Jim,DC,0,1,Vanity_Fair_1847
Poor Jim,DN,0,1,Vanity_Fair_1847
Queen,N,0,1,Vanity_Fair_1847
Queen,C,0,1,Vanity_Fair_1847
Queen,I,0,1,Vanity_Fair_1847
Queen,A,0,1,Vanity_Fair_1847
Queen,DC,0,1,Vanity_Fair_1847
Queen,DN,0,1,Vanity_Fair_1847
Raggles,N,0,1,Vanity_Fair_1847
Raggles,C,0,1,Vanity_Fair_1847
Raggles,I,0,1,Vanity_Fair_1847
Raggles,A,0,1,Vanity_Fair_1847
Raggles,DC,0,1,Vanity_Fair_1847
Raggles,DN,0,1,Vanity_Fair_1847
Rawdon,N,0,1,Vanity_Fair_1847
Rawdon,C,0,1,Vanity_Fair_1847
Rawdon,I,0,1,Vanity_Fair_1847
Rawdon,A,0,1,Vanity_Fair_1847
Rawdon,DC,0,1,Vanity_Fair_1847
Rawdon,DN,0,1,Vanity_Fair_1847
"Rawdon Crawley , Esquire",N,0,1,Vanity_Fair_1847
"Rawdon Crawley , Esquire",C,0,1,Vanity_Fair_1847
"Rawdon Crawley , Esquire",I,0,1,Vanity_Fair_1847
"Rawdon Crawley , Esquire",A,0,1,Vanity_Fair_1847
"Rawdon Crawley , Esquire",DC,0,1,Vanity_Fair_1847
"Rawdon Crawley , Esquire",DN,0,1,Vanity_Fair_1847
Rebecca,N,1,1,Vanity_Fair_1847
Rebecca,C,0,1,Vanity_Fair_1847
Rebecca,I,0,1,Vanity_Fair_1847
Rebecca,A,0,1,Vanity_Fair_1847
Rebecca,DC,0,1,Vanity_Fair_1847
Rebecca,DN,0,1,Vanity_Fair_1847
Regulus,N,0,1,Vanity_Fair_1847
Regulus,C,0,1,Vanity_Fair_1847
Regulus,I,0,1,Vanity_Fair_1847
Regulus,A,0,1,Vanity_Fair_1847
Regulus,DC,0,1,Vanity_Fair_1847
Regulus,DN,0,1,Vanity_Fair_1847
Rhoda,N,0,1,Vanity_Fair_1847
Rhoda,C,0,1,Vanity_Fair_1847
Rhoda,I,0,1,Vanity_Fair_1847
Rhoda,A,0,1,Vanity_Fair_1847
Rhoda,DC,0,1,Vanity_Fair_1847
Rhoda,DN,0,1,Vanity_Fair_1847
Robinson,N,0,1,Vanity_Fair_1847
Robinson,C,0,1,Vanity_Fair_1847
Robinson,I,0,1,Vanity_Fair_1847
Robinson,A,0,1,Vanity_Fair_1847
Robinson,DC,0,1,Vanity_Fair_1847
Robinson,DN,0,1,Vanity_Fair_1847
Rosa,N,0,1,Vanity_Fair_1847
Rosa,C,0,1,Vanity_Fair_1847
Rosa,I,0,1,Vanity_Fair_1847
Rosa,A,0,1,Vanity_Fair_1847
Rosa,DC,0,1,Vanity_Fair_1847
Rosa,DN,0,1,Vanity_Fair_1847
Rose,N,0,1,Vanity_Fair_1847
Rose,C,0,1,Vanity_Fair_1847
Rose,I,0,1,Vanity_Fair_1847
Rose,A,0,1,Vanity_Fair_1847
Rose,DC,0,1,Vanity_Fair_1847
Rose,DN,0,1,Vanity_Fair_1847
SWEETEST AMELIA,N,0,1,Vanity_Fair_1847
SWEETEST AMELIA,C,0,1,Vanity_Fair_1847
SWEETEST AMELIA,I,0,1,Vanity_Fair_1847
SWEETEST AMELIA,A,0,1,Vanity_Fair_1847
SWEETEST AMELIA,DC,0,1,Vanity_Fair_1847
SWEETEST AMELIA,DN,0,1,Vanity_Fair_1847
Sambo,N,0,1,Vanity_Fair_1847
Sambo,C,0,1,Vanity_Fair_1847
Sambo,I,0,1,Vanity_Fair_1847
Sambo,A,0,1,Vanity_Fair_1847
Sambo,DC,0,1,Vanity_Fair_1847
Sambo,DN,0,1,Vanity_Fair_1847
Simpson,N,0,1,Vanity_Fair_1847
Simpson,C,0,1,Vanity_Fair_1847
Simpson,I,0,1,Vanity_Fair_1847
Simpson,A,0,1,Vanity_Fair_1847
Simpson,DC,0,1,Vanity_Fair_1847
Simpson,DN,0,1,Vanity_Fair_1847
Sir Giles Wapshot,N,0,1,Vanity_Fair_1847
Sir Giles Wapshot,C,0,1,Vanity_Fair_1847
Sir Giles Wapshot,I,0,1,Vanity_Fair_1847
Sir Giles Wapshot,A,0,1,Vanity_Fair_1847
Sir Giles Wapshot,DC,0,1,Vanity_Fair_1847
Sir Giles Wapshot,DN,0,1,Vanity_Fair_1847
Sir Huddleston Fuddleston,N,0,1,Vanity_Fair_1847
Sir Huddleston Fuddleston,C,0,1,Vanity_Fair_1847
Sir Huddleston Fuddleston,I,0,1,Vanity_Fair_1847
Sir Huddleston Fuddleston,A,0,1,Vanity_Fair_1847
Sir Huddleston Fuddleston,DC,0,1,Vanity_Fair_1847
Sir Huddleston Fuddleston,DN,0,1,Vanity_Fair_1847
Sir Huddlestone,N,0,1,Vanity_Fair_1847
Sir Huddlestone,C,0,1,Vanity_Fair_1847
Sir Huddlestone,I,0,1,Vanity_Fair_1847
Sir Huddlestone,A,0,1,Vanity_Fair_1847
Sir Huddlestone,DC,0,1,Vanity_Fair_1847
Sir Huddlestone,DN,0,1,Vanity_Fair_1847
Sir John,N,0,1,Vanity_Fair_1847
Sir John,C,0,1,Vanity_Fair_1847
Sir John,I,0,1,Vanity_Fair_1847
Sir John,A,0,1,Vanity_Fair_1847
Sir John,DC,0,1,Vanity_Fair_1847
Sir John,DN,0,1,Vanity_Fair_1847
Sir Michael O'Dowd,N,0,1,Vanity_Fair_1847
Sir Michael O'Dowd,C,0,1,Vanity_Fair_1847
Sir Michael O'Dowd,I,0,1,Vanity_Fair_1847
Sir Michael O'Dowd,A,0,1,Vanity_Fair_1847
Sir Michael O'Dowd,DC,0,1,Vanity_Fair_1847
Sir Michael O'Dowd,DN,0,1,Vanity_Fair_1847
Sir Pitt,N,0,1,Vanity_Fair_1847
Sir Pitt,C,0,1,Vanity_Fair_1847
Sir Pitt,I,0,1,Vanity_Fair_1847
Sir Pitt,A,0,1,Vanity_Fair_1847
Sir Pitt,DC,0,1,Vanity_Fair_1847
Sir Pitt,DN,0,1,Vanity_Fair_1847
Sir Rawdon,N,0,1,Vanity_Fair_1847
Sir Rawdon,C,0,1,Vanity_Fair_1847
Sir Rawdon,I,0,1,Vanity_Fair_1847
Sir Rawdon,A,0,1,Vanity_Fair_1847
Sir Rawdon,DC,0,1,Vanity_Fair_1847
Sir Rawdon,DN,0,1,Vanity_Fair_1847
Smith,N,0,1,Vanity_Fair_1847
Smith,C,0,1,Vanity_Fair_1847
Smith,I,0,1,Vanity_Fair_1847
Smith,A,0,1,Vanity_Fair_1847
Smith,DC,0,1,Vanity_Fair_1847
Smith,DN,0,1,Vanity_Fair_1847
Smollett,N,0,1,Vanity_Fair_1847
Smollett,C,0,1,Vanity_Fair_1847
Smollett,I,0,1,Vanity_Fair_1847
Smollett,A,0,1,Vanity_Fair_1847
Smollett,DC,0,1,Vanity_Fair_1847
Smollett,DN,0,1,Vanity_Fair_1847
Stubble,N,0,1,Vanity_Fair_1847
Stubble,C,0,1,Vanity_Fair_1847
Stubble,I,0,1,Vanity_Fair_1847
Stubble,A,0,1,Vanity_Fair_1847
Stubble,DC,0,1,Vanity_Fair_1847
Stubble,DN,0,1,Vanity_Fair_1847
Stumpy,N,0,1,Vanity_Fair_1847
Stumpy,C,0,1,Vanity_Fair_1847
Stumpy,I,0,1,Vanity_Fair_1847
Stumpy,A,0,1,Vanity_Fair_1847
Stumpy,DC,0,1,Vanity_Fair_1847
Stumpy,DN,0,1,Vanity_Fair_1847
Tapeworm,N,0,1,Vanity_Fair_1847
Tapeworm,C,0,1,Vanity_Fair_1847
Tapeworm,I,0,1,Vanity_Fair_1847
Tapeworm,A,0,1,Vanity_Fair_1847
Tapeworm,DC,0,1,Vanity_Fair_1847
Tapeworm,DN,0,1,Vanity_Fair_1847
Tapeworm Castle,N,0,1,Vanity_Fair_1847
Tapeworm Castle,C,0,1,Vanity_Fair_1847
Tapeworm Castle,I,0,1,Vanity_Fair_1847
Tapeworm Castle,A,0,1,Vanity_Fair_1847
Tapeworm Castle,DC,0,1,Vanity_Fair_1847
Tapeworm Castle,DN,0,1,Vanity_Fair_1847
The Capting,N,0,1,Vanity_Fair_1847
The Capting,C,0,1,Vanity_Fair_1847
The Capting,I,0,1,Vanity_Fair_1847
The Capting,A,0,1,Vanity_Fair_1847
The Capting,DC,0,1,Vanity_Fair_1847
The Capting,DN,0,1,Vanity_Fair_1847
The Duke of Wellington,N,0,1,Vanity_Fair_1847
The Duke of Wellington,C,0,1,Vanity_Fair_1847
The Duke of Wellington,I,0,1,Vanity_Fair_1847
The Duke of Wellington,A,0,1,Vanity_Fair_1847
The Duke of Wellington,DC,0,1,Vanity_Fair_1847
The Duke of Wellington,DN,0,1,Vanity_Fair_1847
Thriftless,N,0,1,Vanity_Fair_1847
Thriftless,C,0,1,Vanity_Fair_1847
Thriftless,I,0,1,Vanity_Fair_1847
Thriftless,A,0,1,Vanity_Fair_1847
Thriftless,DC,0,1,Vanity_Fair_1847
Thriftless,DN,0,1,Vanity_Fair_1847
Tinker,N,0,1,Vanity_Fair_1847
Tinker,C,0,1,Vanity_Fair_1847
Tinker,I,0,1,Vanity_Fair_1847
Tinker,A,0,1,Vanity_Fair_1847
Tinker,DC,0,1,Vanity_Fair_1847
Tinker,DN,0,1,Vanity_Fair_1847
Tom Eaves,N,0,1,Vanity_Fair_1847
Tom Eaves,C,0,1,Vanity_Fair_1847
Tom Eaves,I,0,1,Vanity_Fair_1847
Tom Eaves,A,0,1,Vanity_Fair_1847
Tom Eaves,DC,0,1,Vanity_Fair_1847
Tom Eaves,DN,0,1,Vanity_Fair_1847
Tom Fool,N,0,1,Vanity_Fair_1847
Tom Fool,C,0,1,Vanity_Fair_1847
Tom Fool,I,0,1,Vanity_Fair_1847
Tom Fool,A,0,1,Vanity_Fair_1847
Tom Fool,DC,0,1,Vanity_Fair_1847
Tom Fool,DN,0,1,Vanity_Fair_1847
Tom Moody,N,0,1,Vanity_Fair_1847
Tom Moody,C,0,1,Vanity_Fair_1847
Tom Moody,I,0,1,Vanity_Fair_1847
Tom Moody,A,0,1,Vanity_Fair_1847
Tom Moody,DC,0,1,Vanity_Fair_1847
Tom Moody,DN,0,1,Vanity_Fair_1847
Trotter,N,0,1,Vanity_Fair_1847
Trotter,C,0,1,Vanity_Fair_1847
Trotter,I,0,1,Vanity_Fair_1847
Trotter,A,0,1,Vanity_Fair_1847
Trotter,DC,0,1,Vanity_Fair_1847
Trotter,DN,0,1,Vanity_Fair_1847
Truffigny,N,0,1,Vanity_Fair_1847
Truffigny,C,0,1,Vanity_Fair_1847
Truffigny,I,0,1,Vanity_Fair_1847
Truffigny,A,0,1,Vanity_Fair_1847
Truffigny,DC,0,1,Vanity_Fair_1847
Truffigny,DN,0,1,Vanity_Fair_1847
Vanity Fair,N,0,1,Vanity_Fair_1847
Vanity Fair,C,0,1,Vanity_Fair_1847
Vanity Fair,I,0,1,Vanity_Fair_1847
Vanity Fair,A,0,1,Vanity_Fair_1847
Vanity Fair,DC,0,1,Vanity_Fair_1847
Vanity Fair,DN,0,1,Vanity_Fair_1847
Victor Aurelius XIV,N,0,1,Vanity_Fair_1847
Victor Aurelius XIV,C,0,1,Vanity_Fair_1847
Victor Aurelius XIV,I,0,1,Vanity_Fair_1847
Victor Aurelius XIV,A,0,1,Vanity_Fair_1847
Victor Aurelius XIV,DC,0,1,Vanity_Fair_1847
Victor Aurelius XIV,DN,0,1,Vanity_Fair_1847
Walpole Crawley,N,0,1,Vanity_Fair_1847
Walpole Crawley,C,0,1,Vanity_Fair_1847
Walpole Crawley,I,0,1,Vanity_Fair_1847
Walpole Crawley,A,0,1,Vanity_Fair_1847
Walpole Crawley,DC,0,1,Vanity_Fair_1847
Walpole Crawley,DN,0,1,Vanity_Fair_1847
Waterloo,N,0,1,Vanity_Fair_1847
Waterloo,C,0,1,Vanity_Fair_1847
Waterloo,I,0,1,Vanity_Fair_1847
Waterloo,A,0,1,Vanity_Fair_1847
Waterloo,DC,0,1,Vanity_Fair_1847
Waterloo,DN,0,1,Vanity_Fair_1847
Waxy,N,0,1,Vanity_Fair_1847
Waxy,C,0,1,Vanity_Fair_1847
Waxy,I,0,1,Vanity_Fair_1847
Waxy,A,0,1,Vanity_Fair_1847
Waxy,DC,0,1,Vanity_Fair_1847
Waxy,DN,0,1,Vanity_Fair_1847
Young Stubble,N,0,1,Vanity_Fair_1847
Young Stubble,C,0,1,Vanity_Fair_1847
Young Stubble,I,0,1,Vanity_Fair_1847
Young Stubble,A,0,1,Vanity_Fair_1847
Young Stubble,DC,0,1,Vanity_Fair_1847
Young Stubble,DN,0,1,Vanity_Fair_1847
Young Tandyman,N,0,1,Vanity_Fair_1847
Young Tandyman,C,0,1,Vanity_Fair_1847
Young Tandyman,I,0,1,Vanity_Fair_1847
Young Tandyman,A,0,1,Vanity_Fair_1847
Young Tandyman,DC,0,1,Vanity_Fair_1847
Young Tandyman,DN,0,1,Vanity_Fair_1847
little Emmy's,N,0,1,Vanity_Fair_1847
little Emmy's,C,0,1,Vanity_Fair_1847
little Emmy's,I,0,1,Vanity_Fair_1847
little Emmy's,A,0,1,Vanity_Fair_1847
little Emmy's,DC,0,1,Vanity_Fair_1847
little Emmy's,DN,0,1,Vanity_Fair_1847
little Fipps,N,0,1,Vanity_Fair_1847
little Fipps,C,0,1,Vanity_Fair_1847
little Fipps,I,0,1,Vanity_Fair_1847
little Fipps,A,0,1,Vanity_Fair_1847
little Fipps,DC,0,1,Vanity_Fair_1847
little Fipps,DN,0,1,Vanity_Fair_1847
old Sergeant Toffy,N,0,1,Vanity_Fair_1847
old Sergeant Toffy,C,0,1,Vanity_Fair_1847
old Sergeant Toffy,I,0,1,Vanity_Fair_1847
old Sergeant Toffy,A,0,1,Vanity_Fair_1847
old Sergeant Toffy,DC,0,1,Vanity_Fair_1847
old Sergeant Toffy,DN,0,1,Vanity_Fair_1847
"poor dear General Glanders , who was dying under the hands of that ignorant man",N,0,1,Vanity_Fair_1847
"poor dear General Glanders , who was dying under the hands of that ignorant man",C,0,1,Vanity_Fair_1847
"poor dear General Glanders , who was dying under the hands of that ignorant man",I,0,1,Vanity_Fair_1847
"poor dear General Glanders , who was dying under the hands of that ignorant man",A,0,1,Vanity_Fair_1847
"poor dear General Glanders , who was dying under the hands of that ignorant man",DC,0,1,Vanity_Fair_1847
"poor dear General Glanders , who was dying under the hands of that ignorant man",DN,0,1,Vanity_Fair_1847
the Crawleys,N,0,1,Vanity_Fair_1847
the Crawleys,C,0,1,Vanity_Fair_1847
the Crawleys,I,0,1,Vanity_Fair_1847
the Crawleys,A,0,1,Vanity_Fair_1847
the Crawleys,DC,0,1,Vanity_Fair_1847
the Crawleys,DN,0,1,Vanity_Fair_1847
the English,N,0,1,Vanity_Fair_1847
the English,C,0,1,Vanity_Fair_1847
the English,I,0,1,Vanity_Fair_1847
the English,A,0,1,Vanity_Fair_1847
the English,DC,0,1,Vanity_Fair_1847
the English,DN,0,1,Vanity_Fair_1847
the French,N,0,1,Vanity_Fair_1847
the French,C,0,1,Vanity_Fair_1847
the French,I,0,1,Vanity_Fair_1847
the French,A,0,1,Vanity_Fair_1847
the French,DC,0,1,Vanity_Fair_1847
the French,DN,0,1,Vanity_Fair_1847
the Grafinn Fanny de Butterbrod,N,0,1,Vanity_Fair_1847
the Grafinn Fanny de Butterbrod,C,0,1,Vanity_Fair_1847
the Grafinn Fanny de Butterbrod,I,0,1,Vanity_Fair_1847
the Grafinn Fanny de Butterbrod,A,0,1,Vanity_Fair_1847
the Grafinn Fanny de Butterbrod,DC,0,1,Vanity_Fair_1847
the Grafinn Fanny de Butterbrod,DN,0,1,Vanity_Fair_1847
the Hammersmith Semiramis,N,0,1,Vanity_Fair_1847
the Hammersmith Semiramis,C,0,1,Vanity_Fair_1847
the Hammersmith Semiramis,I,0,1,Vanity_Fair_1847
the Hammersmith Semiramis,A,0,1,Vanity_Fair_1847
the Hammersmith Semiramis,DC,0,1,Vanity_Fair_1847
the Hammersmith Semiramis,DN,0,1,Vanity_Fair_1847
the Honourable Mrs. Tufto,N,0,1,Vanity_Fair_1847
the Honourable Mrs. Tufto,C,0,1,Vanity_Fair_1847
the Honourable Mrs. Tufto,I,0,1,Vanity_Fair_1847
the Honourable Mrs. Tufto,A,0,1,Vanity_Fair_1847
the Honourable Mrs. Tufto,DC,0,1,Vanity_Fair_1847
the Honourable Mrs. Tufto,DN,0,1,Vanity_Fair_1847
the Kislar Aga,N,0,1,Vanity_Fair_1847
the Kislar Aga,C,0,1,Vanity_Fair_1847
the Kislar Aga,I,0,1,Vanity_Fair_1847
the Kislar Aga,A,0,1,Vanity_Fair_1847
the Kislar Aga,DC,0,1,Vanity_Fair_1847
the Kislar Aga,DN,0,1,Vanity_Fair_1847
the Marquis of Steyne,N,0,1,Vanity_Fair_1847
the Marquis of Steyne,C,0,1,Vanity_Fair_1847
the Marquis of Steyne,I,0,1,Vanity_Fair_1847
the Marquis of Steyne,A,0,1,Vanity_Fair_1847
the Marquis of Steyne,DC,0,1,Vanity_Fair_1847
the Marquis of Steyne,DN,0,1,Vanity_Fair_1847
the Misses Dobbin,N,0,1,Vanity_Fair_1847
the Misses Dobbin,C,0,1,Vanity_Fair_1847
the Misses Dobbin,I,0,1,Vanity_Fair_1847
the Misses Dobbin,A,0,1,Vanity_Fair_1847
the Misses Dobbin,DC,0,1,Vanity_Fair_1847
the Misses Dobbin,DN,0,1,Vanity_Fair_1847
the Misses Osborne,N,0,1,Vanity_Fair_1847
the Misses Osborne,C,0,1,Vanity_Fair_1847
the Misses Osborne,I,0,1,Vanity_Fair_1847
the Misses Osborne,A,0,1,Vanity_Fair_1847
the Misses Osborne,DC,0,1,Vanity_Fair_1847
the Misses Osborne,DN,0,1,Vanity_Fair_1847
the Osbornes,N,0,1,Vanity_Fair_1847
the Osbornes,C,0,1,Vanity_Fair_1847
the Osbornes,I,0,1,Vanity_Fair_1847
the Osbornes,A,0,1,Vanity_Fair_1847
the Osbornes,DC,0,1,Vanity_Fair_1847
the Osbornes,DN,0,1,Vanity_Fair_1847
the Reverend Bute Crawley,N,0,1,Vanity_Fair_1847
the Reverend Bute Crawley,C,0,1,Vanity_Fair_1847
the Reverend Bute Crawley,I,0,1,Vanity_Fair_1847
the Reverend Bute Crawley,A,0,1,Vanity_Fair_1847
the Reverend Bute Crawley,DC,0,1,Vanity_Fair_1847
the Reverend Bute Crawley,DN,0,1,Vanity_Fair_1847
the Ribbons,N,0,1,Vanity_Fair_1847
the Ribbons,C,0,1,Vanity_Fair_1847
the Ribbons,I,0,1,Vanity_Fair_1847
the Ribbons,A,0,1,Vanity_Fair_1847
the Ribbons,DC,0,1,Vanity_Fair_1847
the Ribbons,DN,0,1,Vanity_Fair_1847
the Russians,N,0,1,Vanity_Fair_1847
the Russians,C,0,1,Vanity_Fair_1847
the Russians,I,0,1,Vanity_Fair_1847
the Russians,A,0,1,Vanity_Fair_1847
the Russians,DC,0,1,Vanity_Fair_1847
the Russians,DN,0,1,Vanity_Fair_1847
the Sedleys,N,0,1,Vanity_Fair_1847
the Sedleys,C,0,1,Vanity_Fair_1847
the Sedleys,I,0,1,Vanity_Fair_1847
the Sedleys,A,0,1,Vanity_Fair_1847
the Sedleys,DC,0,1,Vanity_Fair_1847
the Sedleys,DN,0,1,Vanity_Fair_1847
the old Baronet,N,0,1,Vanity_Fair_1847
the old Baronet,C,0,1,Vanity_Fair_1847
the old Baronet,I,0,1,Vanity_Fair_1847
the old Baronet,A,0,1,Vanity_Fair_1847
the old Baronet,DC,0,1,Vanity_Fair_1847
the old Baronet,DN,0,1,Vanity_Fair_1847
the old Chevalier de Talonrouge,N,0,1,Vanity_Fair_1847
the old Chevalier de Talonrouge,C,0,1,Vanity_Fair_1847
the old Chevalier de Talonrouge,I,0,1,Vanity_Fair_1847
the old Chevalier de Talonrouge,A,0,1,Vanity_Fair_1847
the old Chevalier de Talonrouge,DC,0,1,Vanity_Fair_1847
the old Chevalier de Talonrouge,DN,0,1,Vanity_Fair_1847
young Blackball,N,0,1,Vanity_Fair_1847
young Blackball,C,0,1,Vanity_Fair_1847
young Blackball,I,0,1,Vanity_Fair_1847
young Blackball,A,0,1,Vanity_Fair_1847
young Blackball,DC,0,1,Vanity_Fair_1847
young Blackball,DN,0,1,Vanity_Fair_1847
young Lord Dovedale,N,0,1,Vanity_Fair_1847
young Lord Dovedale,C,0,1,Vanity_Fair_1847
young Lord Dovedale,I,0,1,Vanity_Fair_1847
young Lord Dovedale,A,0,1,Vanity_Fair_1847
young Lord Dovedale,DC,0,1,Vanity_Fair_1847
young Lord Dovedale,DN,0,1,Vanity_Fair_1847
Achilles,N,0,2,Vanity_Fair_1847
Achilles,C,0,2,Vanity_Fair_1847
Achilles,I,0,2,Vanity_Fair_1847
Achilles,A,0,2,Vanity_Fair_1847
Achilles,DC,0,2,Vanity_Fair_1847
Achilles,DN,0,2,Vanity_Fair_1847
Aegisthus,N,0,2,Vanity_Fair_1847
Aegisthus,C,0,2,Vanity_Fair_1847
Aegisthus,I,0,2,Vanity_Fair_1847
Aegisthus,A,0,2,Vanity_Fair_1847
Aegisthus,DC,0,2,Vanity_Fair_1847
Aegisthus,DN,0,2,Vanity_Fair_1847
Amelia,N,0,2,Vanity_Fair_1847
Amelia,C,0,2,Vanity_Fair_1847
Amelia,I,0,2,Vanity_Fair_1847
Amelia,A,0,2,Vanity_Fair_1847
Amelia,DC,0,2,Vanity_Fair_1847
Amelia,DN,0,2,Vanity_Fair_1847
Arabella,N,0,2,Vanity_Fair_1847
Arabella,C,0,2,Vanity_Fair_1847
Arabella,I,0,2,Vanity_Fair_1847
Arabella,A,0,2,Vanity_Fair_1847
Arabella,DC,0,2,Vanity_Fair_1847
Arabella,DN,0,2,Vanity_Fair_1847
Barbara,N,0,2,Vanity_Fair_1847
Barbara,C,0,2,Vanity_Fair_1847
Barbara,I,0,2,Vanity_Fair_1847
Barbara,A,0,2,Vanity_Fair_1847
Barbara,DC,0,2,Vanity_Fair_1847
Barbara,DN,0,2,Vanity_Fair_1847
Bart,N,0,2,Vanity_Fair_1847
Bart,C,0,2,Vanity_Fair_1847
Bart,I,0,2,Vanity_Fair_1847
Bart,A,0,2,Vanity_Fair_1847
Bart,DC,0,2,Vanity_Fair_1847
Bart,DN,0,2,Vanity_Fair_1847
Beauty,N,0,2,Vanity_Fair_1847
Beauty,C,0,2,Vanity_Fair_1847
Beauty,I,0,2,Vanity_Fair_1847
Beauty,A,0,2,Vanity_Fair_1847
Beauty,DC,0,2,Vanity_Fair_1847
Beauty,DN,0,2,Vanity_Fair_1847
Becky,N,0,2,Vanity_Fair_1847
Becky,C,0,2,Vanity_Fair_1847
Becky,I,0,2,Vanity_Fair_1847
Becky,A,0,2,Vanity_Fair_1847
Becky,DC,0,2,Vanity_Fair_1847
Becky,DN,0,2,Vanity_Fair_1847
Bedwin,N,0,2,Vanity_Fair_1847
Bedwin,C,0,2,Vanity_Fair_1847
Bedwin,I,0,2,Vanity_Fair_1847
Bedwin,A,0,2,Vanity_Fair_1847
Bedwin,DC,0,2,Vanity_Fair_1847
Bedwin,DN,0,2,Vanity_Fair_1847
Bessy,N,0,2,Vanity_Fair_1847
Bessy,C,0,2,Vanity_Fair_1847
Bessy,I,0,2,Vanity_Fair_1847
Bessy,A,0,2,Vanity_Fair_1847
Bessy,DC,0,2,Vanity_Fair_1847
Bessy,DN,0,2,Vanity_Fair_1847
Betty,N,0,2,Vanity_Fair_1847
Betty,C,0,2,Vanity_Fair_1847
Betty,I,0,2,Vanity_Fair_1847
Betty,A,0,2,Vanity_Fair_1847
Betty,DC,0,2,Vanity_Fair_1847
Betty,DN,0,2,Vanity_Fair_1847
Betty Flanagan,N,0,2,Vanity_Fair_1847
Betty Flanagan,C,0,2,Vanity_Fair_1847
Betty Flanagan,I,0,2,Vanity_Fair_1847
Betty Flanagan,A,0,2,Vanity_Fair_1847
Betty Flanagan,DC,0,2,Vanity_Fair_1847
Betty Flanagan,DN,0,2,Vanity_Fair_1847
Black Sambo,N,0,2,Vanity_Fair_1847
Black Sambo,C,0,2,Vanity_Fair_1847
Black Sambo,I,0,2,Vanity_Fair_1847
Black Sambo,A,0,2,Vanity_Fair_1847
Black Sambo,DC,0,2,Vanity_Fair_1847
Black Sambo,DN,0,2,Vanity_Fair_1847
Boggley Wollah,N,0,2,Vanity_Fair_1847
Boggley Wollah,C,0,2,Vanity_Fair_1847
Boggley Wollah,I,0,2,Vanity_Fair_1847
Boggley Wollah,A,0,2,Vanity_Fair_1847
Boggley Wollah,DC,0,2,Vanity_Fair_1847
Boggley Wollah,DN,0,2,Vanity_Fair_1847
Boney,N,0,2,Vanity_Fair_1847
Boney,C,0,2,Vanity_Fair_1847
Boney,I,0,2,Vanity_Fair_1847
Boney,A,0,2,Vanity_Fair_1847
Boney,DC,0,2,Vanity_Fair_1847
Boney,DN,0,2,Vanity_Fair_1847
Briefless,N,0,2,Vanity_Fair_1847
Briefless,C,0,2,Vanity_Fair_1847
Briefless,I,0,2,Vanity_Fair_1847
Briefless,A,0,2,Vanity_Fair_1847
Briefless,DC,0,2,Vanity_Fair_1847
Briefless,DN,0,2,Vanity_Fair_1847
Briggs,N,0,2,Vanity_Fair_1847
Briggs,C,0,2,Vanity_Fair_1847
Briggs,I,0,2,Vanity_Fair_1847
Briggs,A,0,2,Vanity_Fair_1847
Briggs,DC,0,2,Vanity_Fair_1847
Briggs,DN,0,2,Vanity_Fair_1847
Britons,N,0,2,Vanity_Fair_1847
Britons,C,0,2,Vanity_Fair_1847
Britons,I,0,2,Vanity_Fair_1847
Britons,A,0,2,Vanity_Fair_1847
Britons,DC,0,2,Vanity_Fair_1847
Britons,DN,0,2,Vanity_Fair_1847
Bullfinch,N,0,2,Vanity_Fair_1847
Bullfinch,C,0,2,Vanity_Fair_1847
Bullfinch,I,0,2,Vanity_Fair_1847
Bullfinch,A,0,2,Vanity_Fair_1847
Bullfinch,DC,0,2,Vanity_Fair_1847
Bullfinch,DN,0,2,Vanity_Fair_1847
Bute Crawleys,N,0,2,Vanity_Fair_1847
Bute Crawleys,C,0,2,Vanity_Fair_1847
Bute Crawleys,I,0,2,Vanity_Fair_1847
Bute Crawleys,A,0,2,Vanity_Fair_1847
Bute Crawleys,DC,0,2,Vanity_Fair_1847
Bute Crawleys,DN,0,2,Vanity_Fair_1847
Buty,N,0,2,Vanity_Fair_1847
Buty,C,0,2,Vanity_Fair_1847
Buty,I,0,2,Vanity_Fair_1847
Buty,A,0,2,Vanity_Fair_1847
Buty,DC,0,2,Vanity_Fair_1847
Buty,DN,0,2,Vanity_Fair_1847
Cackle,N,0,2,Vanity_Fair_1847
Cackle,C,0,2,Vanity_Fair_1847
Cackle,I,0,2,Vanity_Fair_1847
Cackle,A,0,2,Vanity_Fair_1847
Cackle,DC,0,2,Vanity_Fair_1847
Cackle,DN,0,2,Vanity_Fair_1847
Caliban,N,0,2,Vanity_Fair_1847
Caliban,C,0,2,Vanity_Fair_1847
Caliban,I,0,2,Vanity_Fair_1847
Caliban,A,0,2,Vanity_Fair_1847
Caliban,DC,0,2,Vanity_Fair_1847
Caliban,DN,0,2,Vanity_Fair_1847
Captain Bragg,N,0,2,Vanity_Fair_1847
Captain Bragg,C,0,2,Vanity_Fair_1847
Captain Bragg,I,0,2,Vanity_Fair_1847
Captain Bragg,A,0,2,Vanity_Fair_1847
Captain Bragg,DC,0,2,Vanity_Fair_1847
Captain Bragg,DN,0,2,Vanity_Fair_1847
Captain Dobbin Proceeds,N,0,2,Vanity_Fair_1847
Captain Dobbin Proceeds,C,0,2,Vanity_Fair_1847
Captain Dobbin Proceeds,I,0,2,Vanity_Fair_1847
Captain Dobbin Proceeds,A,0,2,Vanity_Fair_1847
Captain Dobbin Proceeds,DC,0,2,Vanity_Fair_1847
Captain Dobbin Proceeds,DN,0,2,Vanity_Fair_1847
Captain Macmurdo,N,0,2,Vanity_Fair_1847
Captain Macmurdo,C,0,2,Vanity_Fair_1847
Captain Macmurdo,I,0,2,Vanity_Fair_1847
Captain Macmurdo,A,0,2,Vanity_Fair_1847
Captain Macmurdo,DC,0,2,Vanity_Fair_1847
Captain Macmurdo,DN,0,2,Vanity_Fair_1847
Captain Marker,N,0,2,Vanity_Fair_1847
Captain Marker,C,0,2,Vanity_Fair_1847
Captain Marker,I,0,2,Vanity_Fair_1847
Captain Marker,A,0,2,Vanity_Fair_1847
Captain Marker,DC,0,2,Vanity_Fair_1847
Captain Marker,DN,0,2,Vanity_Fair_1847
Clement William,N,0,2,Vanity_Fair_1847
Clement William,C,0,2,Vanity_Fair_1847
Clement William,I,0,2,Vanity_Fair_1847
Clement William,A,0,2,Vanity_Fair_1847
Clement William,DC,0,2,Vanity_Fair_1847
Clement William,DN,0,2,Vanity_Fair_1847
Clytemnestra,N,0,2,Vanity_Fair_1847
Clytemnestra,C,0,2,Vanity_Fair_1847
Clytemnestra,I,0,2,Vanity_Fair_1847
Clytemnestra,A,0,2,Vanity_Fair_1847
Clytemnestra,DC,0,2,Vanity_Fair_1847
Clytemnestra,DN,0,2,Vanity_Fair_1847
Colonel Dobbin,N,0,2,Vanity_Fair_1847
Colonel Dobbin,C,0,2,Vanity_Fair_1847
Colonel Dobbin,I,0,2,Vanity_Fair_1847
Colonel Dobbin,A,0,2,Vanity_Fair_1847
Colonel Dobbin,DC,0,2,Vanity_Fair_1847
Colonel Dobbin,DN,0,2,Vanity_Fair_1847
Crawleys,N,0,2,Vanity_Fair_1847
Crawleys,C,0,2,Vanity_Fair_1847
Crawleys,I,0,2,Vanity_Fair_1847
Crawleys,A,0,2,Vanity_Fair_1847
Crawleys,DC,0,2,Vanity_Fair_1847
Crawleys,DN,0,2,Vanity_Fair_1847
Cuff,N,0,2,Vanity_Fair_1847
Cuff,C,0,2,Vanity_Fair_1847
Cuff,I,0,2,Vanity_Fair_1847
Cuff,A,0,2,Vanity_Fair_1847
Cuff,DC,0,2,Vanity_Fair_1847
Cuff,DN,0,2,Vanity_Fair_1847
Cupid,N,0,2,Vanity_Fair_1847
Cupid,C,0,2,Vanity_Fair_1847
Cupid,I,0,2,Vanity_Fair_1847
Cupid,A,0,2,Vanity_Fair_1847
Cupid,DC,0,2,Vanity_Fair_1847
Cupid,DN,0,2,Vanity_Fair_1847
"DEAR MAMA,--I",N,0,2,Vanity_Fair_1847
"DEAR MAMA,--I",C,0,2,Vanity_Fair_1847
"DEAR MAMA,--I",I,0,2,Vanity_Fair_1847
"DEAR MAMA,--I",A,0,2,Vanity_Fair_1847
"DEAR MAMA,--I",DC,0,2,Vanity_Fair_1847
"DEAR MAMA,--I",DN,0,2,Vanity_Fair_1847
Dammy,N,0,2,Vanity_Fair_1847
Dammy,C,0,2,Vanity_Fair_1847
Dammy,I,0,2,Vanity_Fair_1847
Dammy,A,0,2,Vanity_Fair_1847
Dammy,DC,0,2,Vanity_Fair_1847
Dammy,DN,0,2,Vanity_Fair_1847
Dear Miss Osborne,N,0,2,Vanity_Fair_1847
Dear Miss Osborne,C,0,2,Vanity_Fair_1847
Dear Miss Osborne,I,0,2,Vanity_Fair_1847
Dear Miss Osborne,A,0,2,Vanity_Fair_1847
Dear Miss Osborne,DC,0,2,Vanity_Fair_1847
Dear Miss Osborne,DN,0,2,Vanity_Fair_1847
Dives,N,0,2,Vanity_Fair_1847
Dives,C,0,2,Vanity_Fair_1847
Dives,I,0,2,Vanity_Fair_1847
Dives,A,0,2,Vanity_Fair_1847
Dives,DC,0,2,Vanity_Fair_1847
Dives,DN,0,2,Vanity_Fair_1847
Dob,N,0,2,Vanity_Fair_1847
Dob,C,0,2,Vanity_Fair_1847
Dob,I,0,2,Vanity_Fair_1847
Dob,A,0,2,Vanity_Fair_1847
Dob,DC,0,2,Vanity_Fair_1847
Dob,DN,0,2,Vanity_Fair_1847
Dobbin,N,0,2,Vanity_Fair_1847
Dobbin,C,0,2,Vanity_Fair_1847
Dobbin,I,0,2,Vanity_Fair_1847
Dobbin,A,0,2,Vanity_Fair_1847
Dobbin,DC,0,2,Vanity_Fair_1847
Dobbin,DN,0,2,Vanity_Fair_1847
Doctor Johnson,N,0,2,Vanity_Fair_1847
Doctor Johnson,C,0,2,Vanity_Fair_1847
Doctor Johnson,I,0,2,Vanity_Fair_1847
Doctor Johnson,A,0,2,Vanity_Fair_1847
Doctor Johnson,DC,0,2,Vanity_Fair_1847
Doctor Johnson,DN,0,2,Vanity_Fair_1847
Doctor von Glauber,N,0,2,Vanity_Fair_1847
Doctor von Glauber,C,0,2,Vanity_Fair_1847
Doctor von Glauber,I,0,2,Vanity_Fair_1847
Doctor von Glauber,A,0,2,Vanity_Fair_1847
Doctor von Glauber,DC,0,2,Vanity_Fair_1847
Doctor von Glauber,DN,0,2,Vanity_Fair_1847
Don Juan,N,0,2,Vanity_Fair_1847
Don Juan,C,0,2,Vanity_Fair_1847
Don Juan,I,0,2,Vanity_Fair_1847
Don Juan,A,0,2,Vanity_Fair_1847
Don Juan,DC,0,2,Vanity_Fair_1847
Don Juan,DN,0,2,Vanity_Fair_1847
Dr. Squills,N,0,2,Vanity_Fair_1847
Dr. Squills,C,0,2,Vanity_Fair_1847
Dr. Squills,I,0,2,Vanity_Fair_1847
Dr. Squills,A,0,2,Vanity_Fair_1847
Dr. Squills,DC,0,2,Vanity_Fair_1847
Dr. Squills,DN,0,2,Vanity_Fair_1847
Dr. Swishtail,N,0,2,Vanity_Fair_1847
Dr. Swishtail,C,0,2,Vanity_Fair_1847
Dr. Swishtail,I,0,2,Vanity_Fair_1847
Dr. Swishtail,A,0,2,Vanity_Fair_1847
Dr. Swishtail,DC,0,2,Vanity_Fair_1847
Dr. Swishtail,DN,0,2,Vanity_Fair_1847
Edward Dale,N,0,2,Vanity_Fair_1847
Edward Dale,C,0,2,Vanity_Fair_1847
Edward Dale,I,0,2,Vanity_Fair_1847
Edward Dale,A,0,2,Vanity_Fair_1847
Edward Dale,DC,0,2,Vanity_Fair_1847
Edward Dale,DN,0,2,Vanity_Fair_1847
Emmy,N,0,2,Vanity_Fair_1847
Emmy,C,0,2,Vanity_Fair_1847
Emmy,I,0,2,Vanity_Fair_1847
Emmy,A,0,2,Vanity_Fair_1847
Emmy,DC,0,2,Vanity_Fair_1847
Emmy,DN,0,2,Vanity_Fair_1847
Ensign Stubble,N,0,2,Vanity_Fair_1847
Ensign Stubble,C,0,2,Vanity_Fair_1847
Ensign Stubble,I,0,2,Vanity_Fair_1847
Ensign Stubble,A,0,2,Vanity_Fair_1847
Ensign Stubble,DC,0,2,Vanity_Fair_1847
Ensign Stubble,DN,0,2,Vanity_Fair_1847
Fanny Magenis,N,0,2,Vanity_Fair_1847
Fanny Magenis,C,0,2,Vanity_Fair_1847
Fanny Magenis,I,0,2,Vanity_Fair_1847
Fanny Magenis,A,0,2,Vanity_Fair_1847
Fanny Magenis,DC,0,2,Vanity_Fair_1847
Fanny Magenis,DN,0,2,Vanity_Fair_1847
Father Mole,N,0,2,Vanity_Fair_1847
Father Mole,C,0,2,Vanity_Fair_1847
Father Mole,I,0,2,Vanity_Fair_1847
Father Mole,A,0,2,Vanity_Fair_1847
Father Mole,DC,0,2,Vanity_Fair_1847
Father Mole,DN,0,2,Vanity_Fair_1847
Fidelio,N,0,2,Vanity_Fair_1847
Fidelio,C,0,2,Vanity_Fair_1847
Fidelio,I,0,2,Vanity_Fair_1847
Fidelio,A,0,2,Vanity_Fair_1847
Fidelio,DC,0,2,Vanity_Fair_1847
Fidelio,DN,0,2,Vanity_Fair_1847
Figs,N,0,2,Vanity_Fair_1847
Figs,C,0,2,Vanity_Fair_1847
Figs,I,0,2,Vanity_Fair_1847
Figs,A,0,2,Vanity_Fair_1847
Figs,DC,0,2,Vanity_Fair_1847
Figs,DN,0,2,Vanity_Fair_1847
Firkin,N,0,2,Vanity_Fair_1847
Firkin,C,0,2,Vanity_Fair_1847
Firkin,I,0,2,Vanity_Fair_1847
Firkin,A,0,2,Vanity_Fair_1847
Firkin,DC,0,2,Vanity_Fair_1847
Firkin,DN,0,2,Vanity_Fair_1847
Fitz - Willis,N,0,2,Vanity_Fair_1847
Fitz - Willis,C,0,2,Vanity_Fair_1847
Fitz - Willis,I,0,2,Vanity_Fair_1847
Fitz - Willis,A,0,2,Vanity_Fair_1847
Fitz - Willis,DC,0,2,Vanity_Fair_1847
Fitz - Willis,DN,0,2,Vanity_Fair_1847
Francis,N,0,2,Vanity_Fair_1847
Francis,C,0,2,Vanity_Fair_1847
Francis,I,0,2,Vanity_Fair_1847
Francis,A,0,2,Vanity_Fair_1847
Francis,DC,0,2,Vanity_Fair_1847
Francis,DN,0,2,Vanity_Fair_1847
Fred,N,0,2,Vanity_Fair_1847
Fred,C,0,2,Vanity_Fair_1847
Fred,I,0,2,Vanity_Fair_1847
Fred,A,0,2,Vanity_Fair_1847
Fred,DC,0,2,Vanity_Fair_1847
Fred,DN,0,2,Vanity_Fair_1847
"Frederick Bullock , Esq .",N,0,2,Vanity_Fair_1847
"Frederick Bullock , Esq .",C,0,2,Vanity_Fair_1847
"Frederick Bullock , Esq .",I,0,2,Vanity_Fair_1847
"Frederick Bullock , Esq .",A,0,2,Vanity_Fair_1847
"Frederick Bullock , Esq .",DC,0,2,Vanity_Fair_1847
"Frederick Bullock , Esq .",DN,0,2,Vanity_Fair_1847
Fritz,N,0,2,Vanity_Fair_1847
Fritz,C,0,2,Vanity_Fair_1847
Fritz,I,0,2,Vanity_Fair_1847
Fritz,A,0,2,Vanity_Fair_1847
Fritz,DC,0,2,Vanity_Fair_1847
Fritz,DN,0,2,Vanity_Fair_1847
Gad,N,0,2,Vanity_Fair_1847
Gad,C,0,2,Vanity_Fair_1847
Gad,I,0,2,Vanity_Fair_1847
Gad,A,0,2,Vanity_Fair_1847
Gad,DC,0,2,Vanity_Fair_1847
Gad,DN,0,2,Vanity_Fair_1847
General Tufto,N,0,2,Vanity_Fair_1847
General Tufto,C,0,2,Vanity_Fair_1847
General Tufto,I,0,2,Vanity_Fair_1847
General Tufto,A,0,2,Vanity_Fair_1847
General Tufto,DC,0,2,Vanity_Fair_1847
General Tufto,DN,0,2,Vanity_Fair_1847
George,N,0,2,Vanity_Fair_1847
George,C,0,2,Vanity_Fair_1847
George,I,0,2,Vanity_Fair_1847
George,A,0,2,Vanity_Fair_1847
George,DC,0,2,Vanity_Fair_1847
George,DN,0,2,Vanity_Fair_1847
Georgy,N,0,2,Vanity_Fair_1847
Georgy,C,0,2,Vanity_Fair_1847
Georgy,I,0,2,Vanity_Fair_1847
Georgy,A,0,2,Vanity_Fair_1847
Georgy,DC,0,2,Vanity_Fair_1847
Georgy,DN,0,2,Vanity_Fair_1847
Glorvina,N,0,2,Vanity_Fair_1847
Glorvina,C,0,2,Vanity_Fair_1847
Glorvina,I,0,2,Vanity_Fair_1847
Glorvina,A,0,2,Vanity_Fair_1847
Glorvina,DC,0,2,Vanity_Fair_1847
Glorvina,DN,0,2,Vanity_Fair_1847
God,N,0,2,Vanity_Fair_1847
God,C,0,2,Vanity_Fair_1847
God,I,0,2,Vanity_Fair_1847
God,A,0,2,Vanity_Fair_1847
God,DC,0,2,Vanity_Fair_1847
God,DN,0,2,Vanity_Fair_1847
Grandpapa,N,0,2,Vanity_Fair_1847
Grandpapa,C,0,2,Vanity_Fair_1847
Grandpapa,I,0,2,Vanity_Fair_1847
Grandpapa,A,0,2,Vanity_Fair_1847
Grandpapa,DC,0,2,Vanity_Fair_1847
Grandpapa,DN,0,2,Vanity_Fair_1847
Gulielmo Dobbin,N,0,2,Vanity_Fair_1847
Gulielmo Dobbin,C,0,2,Vanity_Fair_1847
Gulielmo Dobbin,I,0,2,Vanity_Fair_1847
Gulielmo Dobbin,A,0,2,Vanity_Fair_1847
Gulielmo Dobbin,DC,0,2,Vanity_Fair_1847
Gulielmo Dobbin,DN,0,2,Vanity_Fair_1847
H. E.,N,0,2,Vanity_Fair_1847
H. E.,C,0,2,Vanity_Fair_1847
H. E.,I,0,2,Vanity_Fair_1847
H. E.,A,0,2,Vanity_Fair_1847
H. E.,DC,0,2,Vanity_Fair_1847
H. E.,DN,0,2,Vanity_Fair_1847
Heaven,N,0,2,Vanity_Fair_1847
Heaven,C,0,2,Vanity_Fair_1847
Heaven,I,0,2,Vanity_Fair_1847
Heaven,A,0,2,Vanity_Fair_1847
Heaven,DC,0,2,Vanity_Fair_1847
Heaven,DN,0,2,Vanity_Fair_1847
Heavytop,N,0,2,Vanity_Fair_1847
Heavytop,C,0,2,Vanity_Fair_1847
Heavytop,I,0,2,Vanity_Fair_1847
Heavytop,A,0,2,Vanity_Fair_1847
Heavytop,DC,0,2,Vanity_Fair_1847
Heavytop,DN,0,2,Vanity_Fair_1847
Hester,N,0,2,Vanity_Fair_1847
Hester,C,0,2,Vanity_Fair_1847
Hester,I,0,2,Vanity_Fair_1847
Hester,A,0,2,Vanity_Fair_1847
Hester,DC,0,2,Vanity_Fair_1847
Hester,DN,0,2,Vanity_Fair_1847
Hulker,N,0,2,Vanity_Fair_1847
Hulker,C,0,2,Vanity_Fair_1847
Hulker,I,0,2,Vanity_Fair_1847
Hulker,A,0,2,Vanity_Fair_1847
Hulker,DC,0,2,Vanity_Fair_1847
Hulker,DN,0,2,Vanity_Fair_1847
Isidor,N,0,2,Vanity_Fair_1847
Isidor,C,0,2,Vanity_Fair_1847
Isidor,I,0,2,Vanity_Fair_1847
Isidor,A,0,2,Vanity_Fair_1847
Isidor,DC,0,2,Vanity_Fair_1847
Isidor,DN,0,2,Vanity_Fair_1847
Jack,N,0,2,Vanity_Fair_1847
Jack,C,0,2,Vanity_Fair_1847
Jack,I,0,2,Vanity_Fair_1847
Jack,A,0,2,Vanity_Fair_1847
Jack,DC,0,2,Vanity_Fair_1847
Jack,DN,0,2,Vanity_Fair_1847
James,N,0,2,Vanity_Fair_1847
James,C,0,2,Vanity_Fair_1847
James,I,0,2,Vanity_Fair_1847
James,A,0,2,Vanity_Fair_1847
James,DC,0,2,Vanity_Fair_1847
James,DN,0,2,Vanity_Fair_1847
Jenkins,N,0,2,Vanity_Fair_1847
Jenkins,C,0,2,Vanity_Fair_1847
Jenkins,I,0,2,Vanity_Fair_1847
Jenkins,A,0,2,Vanity_Fair_1847
Jenkins,DC,0,2,Vanity_Fair_1847
Jenkins,DN,0,2,Vanity_Fair_1847
Jim,N,0,2,Vanity_Fair_1847
Jim,C,0,2,Vanity_Fair_1847
Jim,I,0,2,Vanity_Fair_1847
Jim,A,0,2,Vanity_Fair_1847
Jim,DC,0,2,Vanity_Fair_1847
Jim,DN,0,2,Vanity_Fair_1847
John,N,0,2,Vanity_Fair_1847
John,C,0,2,Vanity_Fair_1847
John,I,0,2,Vanity_Fair_1847
John,A,0,2,Vanity_Fair_1847
John,DC,0,2,Vanity_Fair_1847
John,DN,0,2,Vanity_Fair_1847
John Osborne,N,0,2,Vanity_Fair_1847
John Osborne,C,0,2,Vanity_Fair_1847
John Osborne,I,0,2,Vanity_Fair_1847
John Osborne,A,0,2,Vanity_Fair_1847
John Osborne,DC,0,2,Vanity_Fair_1847
John Osborne,DN,0,2,Vanity_Fair_1847
John Sedley,N,0,2,Vanity_Fair_1847
John Sedley,C,0,2,Vanity_Fair_1847
John Sedley,I,0,2,Vanity_Fair_1847
John Sedley,A,0,2,Vanity_Fair_1847
John Sedley,DC,0,2,Vanity_Fair_1847
John Sedley,DN,0,2,Vanity_Fair_1847
John of Gaunt,N,0,2,Vanity_Fair_1847
John of Gaunt,C,0,2,Vanity_Fair_1847
John of Gaunt,I,0,2,Vanity_Fair_1847
John of Gaunt,A,0,2,Vanity_Fair_1847
John of Gaunt,DC,0,2,Vanity_Fair_1847
John of Gaunt,DN,0,2,Vanity_Fair_1847
Jones,N,0,2,Vanity_Fair_1847
Jones,C,0,2,Vanity_Fair_1847
Jones,I,0,2,Vanity_Fair_1847
Jones,A,0,2,Vanity_Fair_1847
Jones,DC,0,2,Vanity_Fair_1847
Jones,DN,0,2,Vanity_Fair_1847
Jos,N,0,2,Vanity_Fair_1847
Jos,C,0,2,Vanity_Fair_1847
Jos,I,0,2,Vanity_Fair_1847
Jos,A,0,2,Vanity_Fair_1847
Jos,DC,0,2,Vanity_Fair_1847
Jos,DN,0,2,Vanity_Fair_1847
Jove,N,0,2,Vanity_Fair_1847
Jove,C,0,2,Vanity_Fair_1847
Jove,I,0,2,Vanity_Fair_1847
Jove,A,0,2,Vanity_Fair_1847
Jove,DC,0,2,Vanity_Fair_1847
Jove,DN,0,2,Vanity_Fair_1847
Kirsch,N,0,2,Vanity_Fair_1847
Kirsch,C,0,2,Vanity_Fair_1847
Kirsch,I,0,2,Vanity_Fair_1847
Kirsch,A,0,2,Vanity_Fair_1847
Kirsch,DC,0,2,Vanity_Fair_1847
Kirsch,DN,0,2,Vanity_Fair_1847
Lady Bareacres,N,0,2,Vanity_Fair_1847
Lady Bareacres,C,0,2,Vanity_Fair_1847
Lady Bareacres,I,0,2,Vanity_Fair_1847
Lady Bareacres,A,0,2,Vanity_Fair_1847
Lady Bareacres,DC,0,2,Vanity_Fair_1847
Lady Bareacres,DN,0,2,Vanity_Fair_1847
Lady Blanche,N,0,2,Vanity_Fair_1847
Lady Blanche,C,0,2,Vanity_Fair_1847
Lady Blanche,I,0,2,Vanity_Fair_1847
Lady Blanche,A,0,2,Vanity_Fair_1847
Lady Blanche,DC,0,2,Vanity_Fair_1847
Lady Blanche,DN,0,2,Vanity_Fair_1847
Lady Crackenbury,N,0,2,Vanity_Fair_1847
Lady Crackenbury,C,0,2,Vanity_Fair_1847
Lady Crackenbury,I,0,2,Vanity_Fair_1847
Lady Crackenbury,A,0,2,Vanity_Fair_1847
Lady Crackenbury,DC,0,2,Vanity_Fair_1847
Lady Crackenbury,DN,0,2,Vanity_Fair_1847
Lady Crawley,N,0,2,Vanity_Fair_1847
Lady Crawley,C,0,2,Vanity_Fair_1847
Lady Crawley,I,0,2,Vanity_Fair_1847
Lady Crawley,A,0,2,Vanity_Fair_1847
Lady Crawley,DC,0,2,Vanity_Fair_1847
Lady Crawley,DN,0,2,Vanity_Fair_1847
Lady Dobbin,N,0,2,Vanity_Fair_1847
Lady Dobbin,C,0,2,Vanity_Fair_1847
Lady Dobbin,I,0,2,Vanity_Fair_1847
Lady Dobbin,A,0,2,Vanity_Fair_1847
Lady Dobbin,DC,0,2,Vanity_Fair_1847
Lady Dobbin,DN,0,2,Vanity_Fair_1847
Lady Fuddleston,N,0,2,Vanity_Fair_1847
Lady Fuddleston,C,0,2,Vanity_Fair_1847
Lady Fuddleston,I,0,2,Vanity_Fair_1847
Lady Fuddleston,A,0,2,Vanity_Fair_1847
Lady Fuddleston,DC,0,2,Vanity_Fair_1847
Lady Fuddleston,DN,0,2,Vanity_Fair_1847
Lady Gaunt,N,0,2,Vanity_Fair_1847
Lady Gaunt,C,0,2,Vanity_Fair_1847
Lady Gaunt,I,0,2,Vanity_Fair_1847
Lady Gaunt,A,0,2,Vanity_Fair_1847
Lady Gaunt,DC,0,2,Vanity_Fair_1847
Lady Gaunt,DN,0,2,Vanity_Fair_1847
Lady Jane,N,0,2,Vanity_Fair_1847
Lady Jane,C,0,2,Vanity_Fair_1847
Lady Jane,I,0,2,Vanity_Fair_1847
Lady Jane,A,0,2,Vanity_Fair_1847
Lady Jane,DC,0,2,Vanity_Fair_1847
Lady Jane,DN,0,2,Vanity_Fair_1847
Lady Macbeth,N,0,2,Vanity_Fair_1847
Lady Macbeth,C,0,2,Vanity_Fair_1847
Lady Macbeth,I,0,2,Vanity_Fair_1847
Lady Macbeth,A,0,2,Vanity_Fair_1847
Lady Macbeth,DC,0,2,Vanity_Fair_1847
Lady Macbeth,DN,0,2,Vanity_Fair_1847
Lady Mary Caerlyon,N,0,2,Vanity_Fair_1847
Lady Mary Caerlyon,C,0,2,Vanity_Fair_1847
Lady Mary Caerlyon,I,0,2,Vanity_Fair_1847
Lady Mary Caerlyon,A,0,2,Vanity_Fair_1847
Lady Mary Caerlyon,DC,0,2,Vanity_Fair_1847
Lady Mary Caerlyon,DN,0,2,Vanity_Fair_1847
Lady O'Dowd,N,0,2,Vanity_Fair_1847
Lady O'Dowd,C,0,2,Vanity_Fair_1847
Lady O'Dowd,I,0,2,Vanity_Fair_1847
Lady O'Dowd,A,0,2,Vanity_Fair_1847
Lady O'Dowd,DC,0,2,Vanity_Fair_1847
Lady O'Dowd,DN,0,2,Vanity_Fair_1847
Lady Partlet,N,0,2,Vanity_Fair_1847
Lady Partlet,C,0,2,Vanity_Fair_1847
Lady Partlet,I,0,2,Vanity_Fair_1847
Lady Partlet,A,0,2,Vanity_Fair_1847
Lady Partlet,DC,0,2,Vanity_Fair_1847
Lady Partlet,DN,0,2,Vanity_Fair_1847
Lady Slingstone,N,0,2,Vanity_Fair_1847
Lady Slingstone,C,0,2,Vanity_Fair_1847
Lady Slingstone,I,0,2,Vanity_Fair_1847
Lady Slingstone,A,0,2,Vanity_Fair_1847
Lady Slingstone,DC,0,2,Vanity_Fair_1847
Lady Slingstone,DN,0,2,Vanity_Fair_1847
Lady Southdown,N,0,2,Vanity_Fair_1847
Lady Southdown,C,0,2,Vanity_Fair_1847
Lady Southdown,I,0,2,Vanity_Fair_1847
Lady Southdown,A,0,2,Vanity_Fair_1847
Lady Southdown,DC,0,2,Vanity_Fair_1847
Lady Southdown,DN,0,2,Vanity_Fair_1847
Lady Squeams,N,0,2,Vanity_Fair_1847
Lady Squeams,C,0,2,Vanity_Fair_1847
Lady Squeams,I,0,2,Vanity_Fair_1847
Lady Squeams,A,0,2,Vanity_Fair_1847
Lady Squeams,DC,0,2,Vanity_Fair_1847
Lady Squeams,DN,0,2,Vanity_Fair_1847
Lady Steyne,N,0,2,Vanity_Fair_1847
Lady Steyne,C,0,2,Vanity_Fair_1847
Lady Steyne,I,0,2,Vanity_Fair_1847
Lady Steyne,A,0,2,Vanity_Fair_1847
Lady Steyne,DC,0,2,Vanity_Fair_1847
Lady Steyne,DN,0,2,Vanity_Fair_1847
Laura Martin,N,0,2,Vanity_Fair_1847
Laura Martin,C,0,2,Vanity_Fair_1847
Laura Martin,I,0,2,Vanity_Fair_1847
Laura Martin,A,0,2,Vanity_Fair_1847
Laura Martin,DC,0,2,Vanity_Fair_1847
Laura Martin,DN,0,2,Vanity_Fair_1847
Lazarus,N,0,2,Vanity_Fair_1847
Lazarus,C,0,2,Vanity_Fair_1847
Lazarus,I,0,2,Vanity_Fair_1847
Lazarus,A,0,2,Vanity_Fair_1847
Lazarus,DC,0,2,Vanity_Fair_1847
Lazarus,DN,0,2,Vanity_Fair_1847
Little Bob Suckling,N,0,2,Vanity_Fair_1847
Little Bob Suckling,C,0,2,Vanity_Fair_1847
Little Bob Suckling,I,0,2,Vanity_Fair_1847
Little Bob Suckling,A,0,2,Vanity_Fair_1847
Little Bob Suckling,DC,0,2,Vanity_Fair_1847
Little Bob Suckling,DN,0,2,Vanity_Fair_1847
Little Rawdon,N,0,2,Vanity_Fair_1847
Little Rawdon,C,0,2,Vanity_Fair_1847
Little Rawdon,I,0,2,Vanity_Fair_1847
Little Rawdon,A,0,2,Vanity_Fair_1847
Little Rawdon,DC,0,2,Vanity_Fair_1847
Little Rawdon,DN,0,2,Vanity_Fair_1847
Loll Jewab,N,0,2,Vanity_Fair_1847
Loll Jewab,C,0,2,Vanity_Fair_1847
Loll Jewab,I,0,2,Vanity_Fair_1847
Loll Jewab,A,0,2,Vanity_Fair_1847
Loll Jewab,DC,0,2,Vanity_Fair_1847
Loll Jewab,DN,0,2,Vanity_Fair_1847
Lord Bareacres,N,0,2,Vanity_Fair_1847
Lord Bareacres,C,0,2,Vanity_Fair_1847
Lord Bareacres,I,0,2,Vanity_Fair_1847
Lord Bareacres,A,0,2,Vanity_Fair_1847
Lord Bareacres,DC,0,2,Vanity_Fair_1847
Lord Bareacres,DN,0,2,Vanity_Fair_1847
Lord Binkie,N,0,2,Vanity_Fair_1847
Lord Binkie,C,0,2,Vanity_Fair_1847
Lord Binkie,I,0,2,Vanity_Fair_1847
Lord Binkie,A,0,2,Vanity_Fair_1847
Lord Binkie,DC,0,2,Vanity_Fair_1847
Lord Binkie,DN,0,2,Vanity_Fair_1847
Lord Gaunt,N,0,2,Vanity_Fair_1847
Lord Gaunt,C,0,2,Vanity_Fair_1847
Lord Gaunt,I,0,2,Vanity_Fair_1847
Lord Gaunt,A,0,2,Vanity_Fair_1847
Lord Gaunt,DC,0,2,Vanity_Fair_1847
Lord Gaunt,DN,0,2,Vanity_Fair_1847
Lord Southdown,N,0,2,Vanity_Fair_1847
Lord Southdown,C,0,2,Vanity_Fair_1847
Lord Southdown,I,0,2,Vanity_Fair_1847
Lord Southdown,A,0,2,Vanity_Fair_1847
Lord Southdown,DC,0,2,Vanity_Fair_1847
Lord Southdown,DN,0,2,Vanity_Fair_1847
Lord Steyne,N,0,2,Vanity_Fair_1847
Lord Steyne,C,0,2,Vanity_Fair_1847
Lord Steyne,I,0,2,Vanity_Fair_1847
Lord Steyne,A,0,2,Vanity_Fair_1847
Lord Steyne,DC,0,2,Vanity_Fair_1847
Lord Steyne,DN,0,2,Vanity_Fair_1847
Lord Steyne's,N,0,2,Vanity_Fair_1847
Lord Steyne's,C,0,2,Vanity_Fair_1847
Lord Steyne's,I,0,2,Vanity_Fair_1847
Lord Steyne's,A,0,2,Vanity_Fair_1847
Lord Steyne's,DC,0,2,Vanity_Fair_1847
Lord Steyne's,DN,0,2,Vanity_Fair_1847
Love,N,0,2,Vanity_Fair_1847
Love,C,0,2,Vanity_Fair_1847
Love,I,0,2,Vanity_Fair_1847
Love,A,0,2,Vanity_Fair_1847
Love,DC,0,2,Vanity_Fair_1847
Love,DN,0,2,Vanity_Fair_1847
Ma tante,N,0,2,Vanity_Fair_1847
Ma tante,C,0,2,Vanity_Fair_1847
Ma tante,I,0,2,Vanity_Fair_1847
Ma tante,A,0,2,Vanity_Fair_1847
Ma tante,DC,0,2,Vanity_Fair_1847
Ma tante,DN,0,2,Vanity_Fair_1847
Ma'am,N,0,2,Vanity_Fair_1847
Ma'am,C,0,2,Vanity_Fair_1847
Ma'am,I,0,2,Vanity_Fair_1847
Ma'am,A,0,2,Vanity_Fair_1847
Ma'am,DC,0,2,Vanity_Fair_1847
Ma'am,DN,0,2,Vanity_Fair_1847
Mac,N,0,2,Vanity_Fair_1847
Mac,C,0,2,Vanity_Fair_1847
Mac,I,0,2,Vanity_Fair_1847
Mac,A,0,2,Vanity_Fair_1847
Mac,DC,0,2,Vanity_Fair_1847
Mac,DN,0,2,Vanity_Fair_1847
Macmurdo,N,0,2,Vanity_Fair_1847
Macmurdo,C,0,2,Vanity_Fair_1847
Macmurdo,I,0,2,Vanity_Fair_1847
Macmurdo,A,0,2,Vanity_Fair_1847
Macmurdo,DC,0,2,Vanity_Fair_1847
Macmurdo,DN,0,2,Vanity_Fair_1847
Madame,N,0,2,Vanity_Fair_1847
Madame,C,0,2,Vanity_Fair_1847
Madame,I,0,2,Vanity_Fair_1847
Madame,A,0,2,Vanity_Fair_1847
Madame,DC,0,2,Vanity_Fair_1847
Madame,DN,0,2,Vanity_Fair_1847
Madame Crawley,N,0,2,Vanity_Fair_1847
Madame Crawley,C,0,2,Vanity_Fair_1847
Madame Crawley,I,0,2,Vanity_Fair_1847
Madame Crawley,A,0,2,Vanity_Fair_1847
Madame Crawley,DC,0,2,Vanity_Fair_1847
Madame Crawley,DN,0,2,Vanity_Fair_1847
Madame Lederlung,N,0,2,Vanity_Fair_1847
Madame Lederlung,C,0,2,Vanity_Fair_1847
Madame Lederlung,I,0,2,Vanity_Fair_1847
Madame Lederlung,A,0,2,Vanity_Fair_1847
Madame Lederlung,DC,0,2,Vanity_Fair_1847
Madame Lederlung,DN,0,2,Vanity_Fair_1847
Madame Strumpff,N,0,2,Vanity_Fair_1847
Madame Strumpff,C,0,2,Vanity_Fair_1847
Madame Strumpff,I,0,2,Vanity_Fair_1847
Madame Strumpff,A,0,2,Vanity_Fair_1847
Madame Strumpff,DC,0,2,Vanity_Fair_1847
Madame Strumpff,DN,0,2,Vanity_Fair_1847
Madame de Belladonna,N,0,2,Vanity_Fair_1847
Madame de Belladonna,C,0,2,Vanity_Fair_1847
Madame de Belladonna,I,0,2,Vanity_Fair_1847
Madame de Belladonna,A,0,2,Vanity_Fair_1847
Madame de Belladonna,DC,0,2,Vanity_Fair_1847
Madame de Belladonna,DN,0,2,Vanity_Fair_1847
Madame de Borodino,N,0,2,Vanity_Fair_1847
Madame de Borodino,C,0,2,Vanity_Fair_1847
Madame de Borodino,I,0,2,Vanity_Fair_1847
Madame de Borodino,A,0,2,Vanity_Fair_1847
Madame de Borodino,DC,0,2,Vanity_Fair_1847
Madame de Borodino,DN,0,2,Vanity_Fair_1847
Mademoiselle Fifine,N,0,2,Vanity_Fair_1847
Mademoiselle Fifine,C,0,2,Vanity_Fair_1847
Mademoiselle Fifine,I,0,2,Vanity_Fair_1847
Mademoiselle Fifine,A,0,2,Vanity_Fair_1847
Mademoiselle Fifine,DC,0,2,Vanity_Fair_1847
Mademoiselle Fifine,DN,0,2,Vanity_Fair_1847
Major Loder,N,0,2,Vanity_Fair_1847
Major Loder,C,0,2,Vanity_Fair_1847
Major Loder,I,0,2,Vanity_Fair_1847
Major Loder,A,0,2,Vanity_Fair_1847
Major Loder,DC,0,2,Vanity_Fair_1847
Major Loder,DN,0,2,Vanity_Fair_1847
Major Sugarplums,N,0,2,Vanity_Fair_1847
Major Sugarplums,C,0,2,Vanity_Fair_1847
Major Sugarplums,I,0,2,Vanity_Fair_1847
Major Sugarplums,A,0,2,Vanity_Fair_1847
Major Sugarplums,DC,0,2,Vanity_Fair_1847
Major Sugarplums,DN,0,2,Vanity_Fair_1847
Mamma,N,0,2,Vanity_Fair_1847
Mamma,C,0,2,Vanity_Fair_1847
Mamma,I,0,2,Vanity_Fair_1847
Mamma,A,0,2,Vanity_Fair_1847
Mamma,DC,0,2,Vanity_Fair_1847
Mamma,DN,0,2,Vanity_Fair_1847
Maria,N,0,2,Vanity_Fair_1847
Maria,C,0,2,Vanity_Fair_1847
Maria,I,0,2,Vanity_Fair_1847
Maria,A,0,2,Vanity_Fair_1847
Maria,DC,0,2,Vanity_Fair_1847
Maria,DN,0,2,Vanity_Fair_1847
Master Alderney,N,0,2,Vanity_Fair_1847
Master Alderney,C,0,2,Vanity_Fair_1847
Master Alderney,I,0,2,Vanity_Fair_1847
Master Alderney,A,0,2,Vanity_Fair_1847
Master Alderney,DC,0,2,Vanity_Fair_1847
Master Alderney,DN,0,2,Vanity_Fair_1847
Matilda,N,0,2,Vanity_Fair_1847
Matilda,C,0,2,Vanity_Fair_1847
Matilda,I,0,2,Vanity_Fair_1847
Matilda,A,0,2,Vanity_Fair_1847
Matilda,DC,0,2,Vanity_Fair_1847
Matilda,DN,0,2,Vanity_Fair_1847
Max,N,0,2,Vanity_Fair_1847
Max,C,0,2,Vanity_Fair_1847
Max,I,0,2,Vanity_Fair_1847
Max,A,0,2,Vanity_Fair_1847
Max,DC,0,2,Vanity_Fair_1847
Max,DN,0,2,Vanity_Fair_1847
Mesrour,N,0,2,Vanity_Fair_1847
Mesrour,C,0,2,Vanity_Fair_1847
Mesrour,I,0,2,Vanity_Fair_1847
Mesrour,A,0,2,Vanity_Fair_1847
Mesrour,DC,0,2,Vanity_Fair_1847
Mesrour,DN,0,2,Vanity_Fair_1847
Messrs. Jones,N,0,2,Vanity_Fair_1847
Messrs. Jones,C,0,2,Vanity_Fair_1847
Messrs. Jones,I,0,2,Vanity_Fair_1847
Messrs. Jones,A,0,2,Vanity_Fair_1847
Messrs. Jones,DC,0,2,Vanity_Fair_1847
Messrs. Jones,DN,0,2,Vanity_Fair_1847
Mick,N,0,2,Vanity_Fair_1847
Mick,C,0,2,Vanity_Fair_1847
Mick,I,0,2,Vanity_Fair_1847
Mick,A,0,2,Vanity_Fair_1847
Mick,DC,0,2,Vanity_Fair_1847
Mick,DN,0,2,Vanity_Fair_1847
Milor,N,0,2,Vanity_Fair_1847
Milor,C,0,2,Vanity_Fair_1847
Milor,I,0,2,Vanity_Fair_1847
Milor,A,0,2,Vanity_Fair_1847
Milor,DC,0,2,Vanity_Fair_1847
Milor,DN,0,2,Vanity_Fair_1847
Minerva,N,0,2,Vanity_Fair_1847
Minerva,C,0,2,Vanity_Fair_1847
Minerva,I,0,2,Vanity_Fair_1847
Minerva,A,0,2,Vanity_Fair_1847
Minerva,DC,0,2,Vanity_Fair_1847
Minerva,DN,0,2,Vanity_Fair_1847
Miss,N,0,2,Vanity_Fair_1847
Miss,C,0,2,Vanity_Fair_1847
Miss,I,0,2,Vanity_Fair_1847
Miss,A,0,2,Vanity_Fair_1847
Miss,DC,0,2,Vanity_Fair_1847
Miss,DN,0,2,Vanity_Fair_1847
Miss Ann,N,0,2,Vanity_Fair_1847
Miss Ann,C,0,2,Vanity_Fair_1847
Miss Ann,I,0,2,Vanity_Fair_1847
Miss Ann,A,0,2,Vanity_Fair_1847
Miss Ann,DC,0,2,Vanity_Fair_1847
Miss Ann,DN,0,2,Vanity_Fair_1847
Miss B.,N,0,2,Vanity_Fair_1847
Miss B.,C,0,2,Vanity_Fair_1847
Miss B.,I,0,2,Vanity_Fair_1847
Miss B.,A,0,2,Vanity_Fair_1847
Miss B.,DC,0,2,Vanity_Fair_1847
Miss B.,DN,0,2,Vanity_Fair_1847
Miss Brown,N,0,2,Vanity_Fair_1847
Miss Brown,C,0,2,Vanity_Fair_1847
Miss Brown,I,0,2,Vanity_Fair_1847
Miss Brown,A,0,2,Vanity_Fair_1847
Miss Brown,DC,0,2,Vanity_Fair_1847
Miss Brown,DN,0,2,Vanity_Fair_1847
Miss Clapp,N,0,2,Vanity_Fair_1847
Miss Clapp,C,0,2,Vanity_Fair_1847
Miss Clapp,I,0,2,Vanity_Fair_1847
Miss Clapp,A,0,2,Vanity_Fair_1847
Miss Clapp,DC,0,2,Vanity_Fair_1847
Miss Clapp,DN,0,2,Vanity_Fair_1847
Miss Crawley,N,0,2,Vanity_Fair_1847
Miss Crawley,C,0,2,Vanity_Fair_1847
Miss Crawley,I,0,2,Vanity_Fair_1847
Miss Crawley,A,0,2,Vanity_Fair_1847
Miss Crawley,DC,0,2,Vanity_Fair_1847
Miss Crawley,DN,0,2,Vanity_Fair_1847
Miss Hawky,N,0,2,Vanity_Fair_1847
Miss Hawky,C,0,2,Vanity_Fair_1847
Miss Hawky,I,0,2,Vanity_Fair_1847
Miss Hawky,A,0,2,Vanity_Fair_1847
Miss Hawky,DC,0,2,Vanity_Fair_1847
Miss Hawky,DN,0,2,Vanity_Fair_1847
Miss Horrocks,N,0,2,Vanity_Fair_1847
Miss Horrocks,C,0,2,Vanity_Fair_1847
Miss Horrocks,I,0,2,Vanity_Fair_1847
Miss Horrocks,A,0,2,Vanity_Fair_1847
Miss Horrocks,DC,0,2,Vanity_Fair_1847
Miss Horrocks,DN,0,2,Vanity_Fair_1847
Miss MacWhirter,N,0,2,Vanity_Fair_1847
Miss MacWhirter,C,0,2,Vanity_Fair_1847
Miss MacWhirter,I,0,2,Vanity_Fair_1847
Miss MacWhirter,A,0,2,Vanity_Fair_1847
Miss MacWhirter,DC,0,2,Vanity_Fair_1847
Miss MacWhirter,DN,0,2,Vanity_Fair_1847
Miss Malony,N,0,2,Vanity_Fair_1847
Miss Malony,C,0,2,Vanity_Fair_1847
Miss Malony,I,0,2,Vanity_Fair_1847
Miss Malony,A,0,2,Vanity_Fair_1847
Miss Malony,DC,0,2,Vanity_Fair_1847
Miss Malony,DN,0,2,Vanity_Fair_1847
Miss Moss,N,0,2,Vanity_Fair_1847
Miss Moss,C,0,2,Vanity_Fair_1847
Miss Moss,I,0,2,Vanity_Fair_1847
Miss Moss,A,0,2,Vanity_Fair_1847
Miss Moss,DC,0,2,Vanity_Fair_1847
Miss Moss,DN,0,2,Vanity_Fair_1847
Miss O.,N,0,2,Vanity_Fair_1847
Miss O.,C,0,2,Vanity_Fair_1847
Miss O.,I,0,2,Vanity_Fair_1847
Miss O.,A,0,2,Vanity_Fair_1847
Miss O.,DC,0,2,Vanity_Fair_1847
Miss O.,DN,0,2,Vanity_Fair_1847
Miss Osborne,N,0,2,Vanity_Fair_1847
Miss Osborne,C,0,2,Vanity_Fair_1847
Miss Osborne,I,0,2,Vanity_Fair_1847
Miss Osborne,A,0,2,Vanity_Fair_1847
Miss Osborne,DC,0,2,Vanity_Fair_1847
Miss Osborne,DN,0,2,Vanity_Fair_1847
Miss Pinkerton,N,0,2,Vanity_Fair_1847
Miss Pinkerton,C,0,2,Vanity_Fair_1847
Miss Pinkerton,I,0,2,Vanity_Fair_1847
Miss Pinkerton,A,0,2,Vanity_Fair_1847
Miss Pinkerton,DC,0,2,Vanity_Fair_1847
Miss Pinkerton,DN,0,2,Vanity_Fair_1847
Miss Polly,N,0,2,Vanity_Fair_1847
Miss Polly,C,0,2,Vanity_Fair_1847
Miss Polly,I,0,2,Vanity_Fair_1847
Miss Polly,A,0,2,Vanity_Fair_1847
Miss Polly,DC,0,2,Vanity_Fair_1847
Miss Polly,DN,0,2,Vanity_Fair_1847
Miss Saltire,N,0,2,Vanity_Fair_1847
Miss Saltire,C,0,2,Vanity_Fair_1847
Miss Saltire,I,0,2,Vanity_Fair_1847
Miss Saltire,A,0,2,Vanity_Fair_1847
Miss Saltire,DC,0,2,Vanity_Fair_1847
Miss Saltire,DN,0,2,Vanity_Fair_1847
Miss Swartz,N,0,2,Vanity_Fair_1847
Miss Swartz,C,0,2,Vanity_Fair_1847
Miss Swartz,I,0,2,Vanity_Fair_1847
Miss Swartz,A,0,2,Vanity_Fair_1847
Miss Swartz,DC,0,2,Vanity_Fair_1847
Miss Swartz,DN,0,2,Vanity_Fair_1847
Miss Toady,N,0,2,Vanity_Fair_1847
Miss Toady,C,0,2,Vanity_Fair_1847
Miss Toady,I,0,2,Vanity_Fair_1847
Miss Toady,A,0,2,Vanity_Fair_1847
Miss Toady,DC,0,2,Vanity_Fair_1847
Miss Toady,DN,0,2,Vanity_Fair_1847
Miss Violet,N,0,2,Vanity_Fair_1847
Miss Violet,C,0,2,Vanity_Fair_1847
Miss Violet,I,0,2,Vanity_Fair_1847
Miss Violet,A,0,2,Vanity_Fair_1847
Miss Violet,DC,0,2,Vanity_Fair_1847
Miss Violet,DN,0,2,Vanity_Fair_1847
Miss Wirt,N,0,2,Vanity_Fair_1847
Miss Wirt,C,0,2,Vanity_Fair_1847
Miss Wirt,I,0,2,Vanity_Fair_1847
Miss Wirt,A,0,2,Vanity_Fair_1847
Miss Wirt,DC,0,2,Vanity_Fair_1847
Miss Wirt,DN,0,2,Vanity_Fair_1847
Molly,N,0,2,Vanity_Fair_1847
Molly,C,0,2,Vanity_Fair_1847
Molly,I,0,2,Vanity_Fair_1847
Molly,A,0,2,Vanity_Fair_1847
Molly,DC,0,2,Vanity_Fair_1847
Molly,DN,0,2,Vanity_Fair_1847
Monseigneur,N,0,2,Vanity_Fair_1847
Monseigneur,C,0,2,Vanity_Fair_1847
Monseigneur,I,0,2,Vanity_Fair_1847
Monseigneur,A,0,2,Vanity_Fair_1847
Monseigneur,DC,0,2,Vanity_Fair_1847
Monseigneur,DN,0,2,Vanity_Fair_1847
Monsieur Fiche,N,0,2,Vanity_Fair_1847
Monsieur Fiche,C,0,2,Vanity_Fair_1847
Monsieur Fiche,I,0,2,Vanity_Fair_1847
Monsieur Fiche,A,0,2,Vanity_Fair_1847
Monsieur Fiche,DC,0,2,Vanity_Fair_1847
Monsieur Fiche,DN,0,2,Vanity_Fair_1847
Mother,N,0,2,Vanity_Fair_1847
Mother,C,0,2,Vanity_Fair_1847
Mother,I,0,2,Vanity_Fair_1847
Mother,A,0,2,Vanity_Fair_1847
Mother,DC,0,2,Vanity_Fair_1847
Mother,DN,0,2,Vanity_Fair_1847
Mr. Binny,N,0,2,Vanity_Fair_1847
Mr. Binny,C,0,2,Vanity_Fair_1847
Mr. Binny,I,0,2,Vanity_Fair_1847
Mr. Binny,A,0,2,Vanity_Fair_1847
Mr. Binny,DC,0,2,Vanity_Fair_1847
Mr. Binny,DN,0,2,Vanity_Fair_1847
Mr. Bowls,N,0,2,Vanity_Fair_1847
Mr. Bowls,C,0,2,Vanity_Fair_1847
Mr. Bowls,I,0,2,Vanity_Fair_1847
Mr. Bowls,A,0,2,Vanity_Fair_1847
Mr. Bowls,DC,0,2,Vanity_Fair_1847
Mr. Bowls,DN,0,2,Vanity_Fair_1847
Mr. Brown,N,0,2,Vanity_Fair_1847
Mr. Brown,C,0,2,Vanity_Fair_1847
Mr. Brown,I,0,2,Vanity_Fair_1847
Mr. Brown,A,0,2,Vanity_Fair_1847
Mr. Brown,DC,0,2,Vanity_Fair_1847
Mr. Brown,DN,0,2,Vanity_Fair_1847
Mr. Bullock,N,0,2,Vanity_Fair_1847
Mr. Bullock,C,0,2,Vanity_Fair_1847
Mr. Bullock,I,0,2,Vanity_Fair_1847
Mr. Bullock,A,0,2,Vanity_Fair_1847
Mr. Bullock,DC,0,2,Vanity_Fair_1847
Mr. Bullock,DN,0,2,Vanity_Fair_1847
Mr. Chopper,N,0,2,Vanity_Fair_1847
Mr. Chopper,C,0,2,Vanity_Fair_1847
Mr. Chopper,I,0,2,Vanity_Fair_1847
Mr. Chopper,A,0,2,Vanity_Fair_1847
Mr. Chopper,DC,0,2,Vanity_Fair_1847
Mr. Chopper,DN,0,2,Vanity_Fair_1847
Mr. Clapp,N,0,2,Vanity_Fair_1847
Mr. Clapp,C,0,2,Vanity_Fair_1847
Mr. Clapp,I,0,2,Vanity_Fair_1847
Mr. Clapp,A,0,2,Vanity_Fair_1847
Mr. Clapp,DC,0,2,Vanity_Fair_1847
Mr. Clapp,DN,0,2,Vanity_Fair_1847
Mr. Clump,N,0,2,Vanity_Fair_1847
Mr. Clump,C,0,2,Vanity_Fair_1847
Mr. Clump,I,0,2,Vanity_Fair_1847
Mr. Clump,A,0,2,Vanity_Fair_1847
Mr. Clump,DC,0,2,Vanity_Fair_1847
Mr. Clump,DN,0,2,Vanity_Fair_1847
Mr. Crawley,N,0,2,Vanity_Fair_1847
Mr. Crawley,C,0,2,Vanity_Fair_1847
Mr. Crawley,I,0,2,Vanity_Fair_1847
Mr. Crawley,A,0,2,Vanity_Fair_1847
Mr. Crawley,DC,0,2,Vanity_Fair_1847
Mr. Crawley,DN,0,2,Vanity_Fair_1847
Mr. Creamer,N,0,2,Vanity_Fair_1847
Mr. Creamer,C,0,2,Vanity_Fair_1847
Mr. Creamer,I,0,2,Vanity_Fair_1847
Mr. Creamer,A,0,2,Vanity_Fair_1847
Mr. Creamer,DC,0,2,Vanity_Fair_1847
Mr. Creamer,DN,0,2,Vanity_Fair_1847
Mr. Crisp,N,0,2,Vanity_Fair_1847
Mr. Crisp,C,0,2,Vanity_Fair_1847
Mr. Crisp,I,0,2,Vanity_Fair_1847
Mr. Crisp,A,0,2,Vanity_Fair_1847
Mr. Crisp,DC,0,2,Vanity_Fair_1847
Mr. Crisp,DN,0,2,Vanity_Fair_1847
Mr. Eagles,N,0,2,Vanity_Fair_1847
Mr. Eagles,C,0,2,Vanity_Fair_1847
Mr. Eagles,I,0,2,Vanity_Fair_1847
Mr. Eagles,A,0,2,Vanity_Fair_1847
Mr. Eagles,DC,0,2,Vanity_Fair_1847
Mr. Eagles,DN,0,2,Vanity_Fair_1847
Mr. Eaves,N,0,2,Vanity_Fair_1847
Mr. Eaves,C,0,2,Vanity_Fair_1847
Mr. Eaves,I,0,2,Vanity_Fair_1847
Mr. Eaves,A,0,2,Vanity_Fair_1847
Mr. Eaves,DC,0,2,Vanity_Fair_1847
Mr. Eaves,DN,0,2,Vanity_Fair_1847
Mr. Fiche,N,0,2,Vanity_Fair_1847
Mr. Fiche,C,0,2,Vanity_Fair_1847
Mr. Fiche,I,0,2,Vanity_Fair_1847
Mr. Fiche,A,0,2,Vanity_Fair_1847
Mr. Fiche,DC,0,2,Vanity_Fair_1847
Mr. Fiche,DN,0,2,Vanity_Fair_1847
Mr. Fox,N,0,2,Vanity_Fair_1847
Mr. Fox,C,0,2,Vanity_Fair_1847
Mr. Fox,I,0,2,Vanity_Fair_1847
Mr. Fox,A,0,2,Vanity_Fair_1847
Mr. Fox,DC,0,2,Vanity_Fair_1847
Mr. Fox,DN,0,2,Vanity_Fair_1847
Mr. Hammerdown,N,0,2,Vanity_Fair_1847
Mr. Hammerdown,C,0,2,Vanity_Fair_1847
Mr. Hammerdown,I,0,2,Vanity_Fair_1847
Mr. Hammerdown,A,0,2,Vanity_Fair_1847
Mr. Hammerdown,DC,0,2,Vanity_Fair_1847
Mr. Hammerdown,DN,0,2,Vanity_Fair_1847
Mr. Higgs,N,0,2,Vanity_Fair_1847
Mr. Higgs,C,0,2,Vanity_Fair_1847
Mr. Higgs,I,0,2,Vanity_Fair_1847
Mr. Higgs,A,0,2,Vanity_Fair_1847
Mr. Higgs,DC,0,2,Vanity_Fair_1847
Mr. Higgs,DN,0,2,Vanity_Fair_1847
Mr. Hodson,N,0,2,Vanity_Fair_1847
Mr. Hodson,C,0,2,Vanity_Fair_1847
Mr. Hodson,I,0,2,Vanity_Fair_1847
Mr. Hodson,A,0,2,Vanity_Fair_1847
Mr. Hodson,DC,0,2,Vanity_Fair_1847
Mr. Hodson,DN,0,2,Vanity_Fair_1847
Mr. Horrocks,N,0,2,Vanity_Fair_1847
Mr. Horrocks,C,0,2,Vanity_Fair_1847
Mr. Horrocks,I,0,2,Vanity_Fair_1847
Mr. Horrocks,A,0,2,Vanity_Fair_1847
Mr. Horrocks,DC,0,2,Vanity_Fair_1847
Mr. Horrocks,DN,0,2,Vanity_Fair_1847
Mr. Humphrey Clinker,N,0,2,Vanity_Fair_1847
Mr. Humphrey Clinker,C,0,2,Vanity_Fair_1847
Mr. Humphrey Clinker,I,0,2,Vanity_Fair_1847
Mr. Humphrey Clinker,A,0,2,Vanity_Fair_1847
Mr. Humphrey Clinker,DC,0,2,Vanity_Fair_1847
Mr. Humphrey Clinker,DN,0,2,Vanity_Fair_1847
Mr. John Thomas Dawson,N,0,2,Vanity_Fair_1847
Mr. John Thomas Dawson,C,0,2,Vanity_Fair_1847
Mr. John Thomas Dawson,I,0,2,Vanity_Fair_1847
Mr. John Thomas Dawson,A,0,2,Vanity_Fair_1847
Mr. John Thomas Dawson,DC,0,2,Vanity_Fair_1847
Mr. John Thomas Dawson,DN,0,2,Vanity_Fair_1847
Mr. Lewis,N,0,2,Vanity_Fair_1847
Mr. Lewis,C,0,2,Vanity_Fair_1847
Mr. Lewis,I,0,2,Vanity_Fair_1847
Mr. Lewis,A,0,2,Vanity_Fair_1847
Mr. Lewis,DC,0,2,Vanity_Fair_1847
Mr. Lewis,DN,0,2,Vanity_Fair_1847
Mr. Moss,N,0,2,Vanity_Fair_1847
Mr. Moss,C,0,2,Vanity_Fair_1847
Mr. Moss,I,0,2,Vanity_Fair_1847
Mr. Moss,A,0,2,Vanity_Fair_1847
Mr. Moss,DC,0,2,Vanity_Fair_1847
Mr. Moss,DN,0,2,Vanity_Fair_1847
Mr. Osborne,N,0,2,Vanity_Fair_1847
Mr. Osborne,C,0,2,Vanity_Fair_1847
Mr. Osborne,I,0,2,Vanity_Fair_1847
Mr. Osborne,A,0,2,Vanity_Fair_1847
Mr. Osborne,DC,0,2,Vanity_Fair_1847
Mr. Osborne,DN,0,2,Vanity_Fair_1847
Mr. Pestler,N,0,2,Vanity_Fair_1847
Mr. Pestler,C,0,2,Vanity_Fair_1847
Mr. Pestler,I,0,2,Vanity_Fair_1847
Mr. Pestler,A,0,2,Vanity_Fair_1847
Mr. Pestler,DC,0,2,Vanity_Fair_1847
Mr. Pestler,DN,0,2,Vanity_Fair_1847
Mr. Poe,N,0,2,Vanity_Fair_1847
Mr. Poe,C,0,2,Vanity_Fair_1847
Mr. Poe,I,0,2,Vanity_Fair_1847
Mr. Poe,A,0,2,Vanity_Fair_1847
Mr. Poe,DC,0,2,Vanity_Fair_1847
Mr. Poe,DN,0,2,Vanity_Fair_1847
Mr. Rowson,N,0,2,Vanity_Fair_1847
Mr. Rowson,C,0,2,Vanity_Fair_1847
Mr. Rowson,I,0,2,Vanity_Fair_1847
Mr. Rowson,A,0,2,Vanity_Fair_1847
Mr. Rowson,DC,0,2,Vanity_Fair_1847
Mr. Rowson,DN,0,2,Vanity_Fair_1847
Mr. S.,N,0,2,Vanity_Fair_1847
Mr. S.,C,0,2,Vanity_Fair_1847
Mr. S.,I,0,2,Vanity_Fair_1847
Mr. S.,A,0,2,Vanity_Fair_1847
Mr. S.,DC,0,2,Vanity_Fair_1847
Mr. S.,DN,0,2,Vanity_Fair_1847
Mr. Smee,N,0,2,Vanity_Fair_1847
Mr. Smee,C,0,2,Vanity_Fair_1847
Mr. Smee,I,0,2,Vanity_Fair_1847
Mr. Smee,A,0,2,Vanity_Fair_1847
Mr. Smee,DC,0,2,Vanity_Fair_1847
Mr. Smee,DN,0,2,Vanity_Fair_1847
Mr. Stubble,N,0,2,Vanity_Fair_1847
Mr. Stubble,C,0,2,Vanity_Fair_1847
Mr. Stubble,I,0,2,Vanity_Fair_1847
Mr. Stubble,A,0,2,Vanity_Fair_1847
Mr. Stubble,DC,0,2,Vanity_Fair_1847
Mr. Stubble,DN,0,2,Vanity_Fair_1847
Mr. Trotter,N,0,2,Vanity_Fair_1847
Mr. Trotter,C,0,2,Vanity_Fair_1847
Mr. Trotter,I,0,2,Vanity_Fair_1847
Mr. Trotter,A,0,2,Vanity_Fair_1847
Mr. Trotter,DC,0,2,Vanity_Fair_1847
Mr. Trotter,DN,0,2,Vanity_Fair_1847
Mr. Veal,N,0,2,Vanity_Fair_1847
Mr. Veal,C,0,2,Vanity_Fair_1847
Mr. Veal,I,0,2,Vanity_Fair_1847
Mr. Veal,A,0,2,Vanity_Fair_1847
Mr. Veal,DC,0,2,Vanity_Fair_1847
Mr. Veal,DN,0,2,Vanity_Fair_1847
Mr. Wagg,N,0,2,Vanity_Fair_1847
Mr. Wagg,C,0,2,Vanity_Fair_1847
Mr. Wagg,I,0,2,Vanity_Fair_1847
Mr. Wagg,A,0,2,Vanity_Fair_1847
Mr. Wagg,DC,0,2,Vanity_Fair_1847
Mr. Wagg,DN,0,2,Vanity_Fair_1847
Mr. Wenham,N,0,2,Vanity_Fair_1847
Mr. Wenham,C,0,2,Vanity_Fair_1847
Mr. Wenham,I,0,2,Vanity_Fair_1847
Mr. Wenham,A,0,2,Vanity_Fair_1847
Mr. Wenham,DC,0,2,Vanity_Fair_1847
Mr. Wenham,DN,0,2,Vanity_Fair_1847
Mr. Wilberforce,N,0,2,Vanity_Fair_1847
Mr. Wilberforce,C,0,2,Vanity_Fair_1847
Mr. Wilberforce,I,0,2,Vanity_Fair_1847
Mr. Wilberforce,A,0,2,Vanity_Fair_1847
Mr. Wilberforce,DC,0,2,Vanity_Fair_1847
Mr. Wilberforce,DN,0,2,Vanity_Fair_1847
Mrs.,N,0,2,Vanity_Fair_1847
Mrs.,C,0,2,Vanity_Fair_1847
Mrs.,I,0,2,Vanity_Fair_1847
Mrs.,A,0,2,Vanity_Fair_1847
Mrs.,DC,0,2,Vanity_Fair_1847
Mrs.,DN,0,2,Vanity_Fair_1847
Mrs. Blenkinsop,N,0,2,Vanity_Fair_1847
Mrs. Blenkinsop,C,0,2,Vanity_Fair_1847
Mrs. Blenkinsop,I,0,2,Vanity_Fair_1847
Mrs. Blenkinsop,A,0,2,Vanity_Fair_1847
Mrs. Blenkinsop,DC,0,2,Vanity_Fair_1847
Mrs. Blenkinsop,DN,0,2,Vanity_Fair_1847
Mrs. Bowls,N,0,2,Vanity_Fair_1847
Mrs. Bowls,C,0,2,Vanity_Fair_1847
Mrs. Bowls,I,0,2,Vanity_Fair_1847
Mrs. Bowls,A,0,2,Vanity_Fair_1847
Mrs. Bowls,DC,0,2,Vanity_Fair_1847
Mrs. Bowls,DN,0,2,Vanity_Fair_1847
Mrs. Brown,N,0,2,Vanity_Fair_1847
Mrs. Brown,C,0,2,Vanity_Fair_1847
Mrs. Brown,I,0,2,Vanity_Fair_1847
Mrs. Brown,A,0,2,Vanity_Fair_1847
Mrs. Brown,DC,0,2,Vanity_Fair_1847
Mrs. Brown,DN,0,2,Vanity_Fair_1847
Mrs. Burjoice,N,0,2,Vanity_Fair_1847
Mrs. Burjoice,C,0,2,Vanity_Fair_1847
Mrs. Burjoice,I,0,2,Vanity_Fair_1847
Mrs. Burjoice,A,0,2,Vanity_Fair_1847
Mrs. Burjoice,DC,0,2,Vanity_Fair_1847
Mrs. Burjoice,DN,0,2,Vanity_Fair_1847
Mrs. Bute,N,0,2,Vanity_Fair_1847
Mrs. Bute,C,0,2,Vanity_Fair_1847
Mrs. Bute,I,0,2,Vanity_Fair_1847
Mrs. Bute,A,0,2,Vanity_Fair_1847
Mrs. Bute,DC,0,2,Vanity_Fair_1847
Mrs. Bute,DN,0,2,Vanity_Fair_1847
Mrs. Captain Osborne,N,0,2,Vanity_Fair_1847
Mrs. Captain Osborne,C,0,2,Vanity_Fair_1847
Mrs. Captain Osborne,I,0,2,Vanity_Fair_1847
Mrs. Captain Osborne,A,0,2,Vanity_Fair_1847
Mrs. Captain Osborne,DC,0,2,Vanity_Fair_1847
Mrs. Captain Osborne,DN,0,2,Vanity_Fair_1847
Mrs. Clapp,N,0,2,Vanity_Fair_1847
Mrs. Clapp,C,0,2,Vanity_Fair_1847
Mrs. Clapp,I,0,2,Vanity_Fair_1847
Mrs. Clapp,A,0,2,Vanity_Fair_1847
Mrs. Clapp,DC,0,2,Vanity_Fair_1847
Mrs. Clapp,DN,0,2,Vanity_Fair_1847
Mrs. Cook,N,0,2,Vanity_Fair_1847
Mrs. Cook,C,0,2,Vanity_Fair_1847
Mrs. Cook,I,0,2,Vanity_Fair_1847
Mrs. Cook,A,0,2,Vanity_Fair_1847
Mrs. Cook,DC,0,2,Vanity_Fair_1847
Mrs. Cook,DN,0,2,Vanity_Fair_1847
Mrs. Dobbin,N,0,2,Vanity_Fair_1847
Mrs. Dobbin,C,0,2,Vanity_Fair_1847
Mrs. Dobbin,I,0,2,Vanity_Fair_1847
Mrs. Dobbin,A,0,2,Vanity_Fair_1847
Mrs. Dobbin,DC,0,2,Vanity_Fair_1847
Mrs. Dobbin,DN,0,2,Vanity_Fair_1847
Mrs. Eagles,N,0,2,Vanity_Fair_1847
Mrs. Eagles,C,0,2,Vanity_Fair_1847
Mrs. Eagles,I,0,2,Vanity_Fair_1847
Mrs. Eagles,A,0,2,Vanity_Fair_1847
Mrs. Eagles,DC,0,2,Vanity_Fair_1847
Mrs. Eagles,DN,0,2,Vanity_Fair_1847
Mrs. Frederick Bullock,N,0,2,Vanity_Fair_1847
Mrs. Frederick Bullock,C,0,2,Vanity_Fair_1847
Mrs. Frederick Bullock,I,0,2,Vanity_Fair_1847
Mrs. Frederick Bullock,A,0,2,Vanity_Fair_1847
Mrs. Frederick Bullock,DC,0,2,Vanity_Fair_1847
Mrs. Frederick Bullock,DN,0,2,Vanity_Fair_1847
Mrs. Glowry,N,0,2,Vanity_Fair_1847
Mrs. Glowry,C,0,2,Vanity_Fair_1847
Mrs. Glowry,I,0,2,Vanity_Fair_1847
Mrs. Glowry,A,0,2,Vanity_Fair_1847
Mrs. Glowry,DC,0,2,Vanity_Fair_1847
Mrs. Glowry,DN,0,2,Vanity_Fair_1847
Mrs. Haggistoun,N,0,2,Vanity_Fair_1847
Mrs. Haggistoun,C,0,2,Vanity_Fair_1847
Mrs. Haggistoun,I,0,2,Vanity_Fair_1847
Mrs. Haggistoun,A,0,2,Vanity_Fair_1847
Mrs. Haggistoun,DC,0,2,Vanity_Fair_1847
Mrs. Haggistoun,DN,0,2,Vanity_Fair_1847
Mrs. Kirk,N,0,2,Vanity_Fair_1847
Mrs. Kirk,C,0,2,Vanity_Fair_1847
Mrs. Kirk,I,0,2,Vanity_Fair_1847
Mrs. Kirk,A,0,2,Vanity_Fair_1847
Mrs. Kirk,DC,0,2,Vanity_Fair_1847
Mrs. Kirk,DN,0,2,Vanity_Fair_1847
Mrs. Magenis,N,0,2,Vanity_Fair_1847
Mrs. Magenis,C,0,2,Vanity_Fair_1847
Mrs. Magenis,I,0,2,Vanity_Fair_1847
Mrs. Magenis,A,0,2,Vanity_Fair_1847
Mrs. Magenis,DC,0,2,Vanity_Fair_1847
Mrs. Magenis,DN,0,2,Vanity_Fair_1847
Mrs. O'Dowd,N,0,2,Vanity_Fair_1847
Mrs. O'Dowd,C,0,2,Vanity_Fair_1847
Mrs. O'Dowd,I,0,2,Vanity_Fair_1847
Mrs. O'Dowd,A,0,2,Vanity_Fair_1847
Mrs. O'Dowd,DC,0,2,Vanity_Fair_1847
Mrs. O'Dowd,DN,0,2,Vanity_Fair_1847
Mrs. O.,N,0,2,Vanity_Fair_1847
Mrs. O.,C,0,2,Vanity_Fair_1847
Mrs. O.,I,0,2,Vanity_Fair_1847
Mrs. O.,A,0,2,Vanity_Fair_1847
Mrs. O.,DC,0,2,Vanity_Fair_1847
Mrs. O.,DN,0,2,Vanity_Fair_1847
Mrs. Pilkington,N,0,2,Vanity_Fair_1847
Mrs. Pilkington,C,0,2,Vanity_Fair_1847
Mrs. Pilkington,I,0,2,Vanity_Fair_1847
Mrs. Pilkington,A,0,2,Vanity_Fair_1847
Mrs. Pilkington,DC,0,2,Vanity_Fair_1847
Mrs. Pilkington,DN,0,2,Vanity_Fair_1847
Mrs. Raggles,N,0,2,Vanity_Fair_1847
Mrs. Raggles,C,0,2,Vanity_Fair_1847
Mrs. Raggles,I,0,2,Vanity_Fair_1847
Mrs. Raggles,A,0,2,Vanity_Fair_1847
Mrs. Raggles,DC,0,2,Vanity_Fair_1847
Mrs. Raggles,DN,0,2,Vanity_Fair_1847
Mrs. Sedley,N,0,2,Vanity_Fair_1847
Mrs. Sedley,C,0,2,Vanity_Fair_1847
Mrs. Sedley,I,0,2,Vanity_Fair_1847
Mrs. Sedley,A,0,2,Vanity_Fair_1847
Mrs. Sedley,DC,0,2,Vanity_Fair_1847
Mrs. Sedley,DN,0,2,Vanity_Fair_1847
Mrs. Stokes,N,0,2,Vanity_Fair_1847
Mrs. Stokes,C,0,2,Vanity_Fair_1847
Mrs. Stokes,I,0,2,Vanity_Fair_1847
Mrs. Stokes,A,0,2,Vanity_Fair_1847
Mrs. Stokes,DC,0,2,Vanity_Fair_1847
Mrs. Stokes,DN,0,2,Vanity_Fair_1847
Mrs. Todd,N,0,2,Vanity_Fair_1847
Mrs. Todd,C,0,2,Vanity_Fair_1847
Mrs. Todd,I,0,2,Vanity_Fair_1847
Mrs. Todd,A,0,2,Vanity_Fair_1847
Mrs. Todd,DC,0,2,Vanity_Fair_1847
Mrs. Todd,DN,0,2,Vanity_Fair_1847
Mrs. Veal,N,0,2,Vanity_Fair_1847
Mrs. Veal,C,0,2,Vanity_Fair_1847
Mrs. Veal,I,0,2,Vanity_Fair_1847
Mrs. Veal,A,0,2,Vanity_Fair_1847
Mrs. Veal,DC,0,2,Vanity_Fair_1847
Mrs. Veal,DN,0,2,Vanity_Fair_1847
Mrs. Washington White,N,0,2,Vanity_Fair_1847
Mrs. Washington White,C,0,2,Vanity_Fair_1847
Mrs. Washington White,I,0,2,Vanity_Fair_1847
Mrs. Washington White,A,0,2,Vanity_Fair_1847
Mrs. Washington White,DC,0,2,Vanity_Fair_1847
Mrs. Washington White,DN,0,2,Vanity_Fair_1847
Mrs. Wenham,N,0,2,Vanity_Fair_1847
Mrs. Wenham,C,0,2,Vanity_Fair_1847
Mrs. Wenham,I,0,2,Vanity_Fair_1847
Mrs. Wenham,A,0,2,Vanity_Fair_1847
Mrs. Wenham,DC,0,2,Vanity_Fair_1847
Mrs. Wenham,DN,0,2,Vanity_Fair_1847
Mrs. Winkworth,N,0,2,Vanity_Fair_1847
Mrs. Winkworth,C,0,2,Vanity_Fair_1847
Mrs. Winkworth,I,0,2,Vanity_Fair_1847
Mrs. Winkworth,A,0,2,Vanity_Fair_1847
Mrs. Winkworth,DC,0,2,Vanity_Fair_1847
Mrs. Winkworth,DN,0,2,Vanity_Fair_1847
Mum,N,0,2,Vanity_Fair_1847
Mum,C,0,2,Vanity_Fair_1847
Mum,I,0,2,Vanity_Fair_1847
Mum,A,0,2,Vanity_Fair_1847
Mum,DC,0,2,Vanity_Fair_1847
Mum,DN,0,2,Vanity_Fair_1847
Napoleon,N,0,2,Vanity_Fair_1847
Napoleon,C,0,2,Vanity_Fair_1847
Napoleon,I,0,2,Vanity_Fair_1847
Napoleon,A,0,2,Vanity_Fair_1847
Napoleon,DC,0,2,Vanity_Fair_1847
Napoleon,DN,0,2,Vanity_Fair_1847
Nathan,N,0,2,Vanity_Fair_1847
Nathan,C,0,2,Vanity_Fair_1847
Nathan,I,0,2,Vanity_Fair_1847
Nathan,A,0,2,Vanity_Fair_1847
Nathan,DC,0,2,Vanity_Fair_1847
Nathan,DN,0,2,Vanity_Fair_1847
Ney,N,0,2,Vanity_Fair_1847
Ney,C,0,2,Vanity_Fair_1847
Ney,I,0,2,Vanity_Fair_1847
Ney,A,0,2,Vanity_Fair_1847
Ney,DC,0,2,Vanity_Fair_1847
Ney,DN,0,2,Vanity_Fair_1847
Old Osborne,N,0,2,Vanity_Fair_1847
Old Osborne,C,0,2,Vanity_Fair_1847
Old Osborne,I,0,2,Vanity_Fair_1847
Old Osborne,A,0,2,Vanity_Fair_1847
Old Osborne,DC,0,2,Vanity_Fair_1847
Old Osborne,DN,0,2,Vanity_Fair_1847
Old Sedley,N,0,2,Vanity_Fair_1847
Old Sedley,C,0,2,Vanity_Fair_1847
Old Sedley,I,0,2,Vanity_Fair_1847
Old Sedley,A,0,2,Vanity_Fair_1847
Old Sedley,DC,0,2,Vanity_Fair_1847
Old Sedley,DN,0,2,Vanity_Fair_1847
Osborne,N,0,2,Vanity_Fair_1847
Osborne,C,0,2,Vanity_Fair_1847
Osborne,I,0,2,Vanity_Fair_1847
Osborne,A,0,2,Vanity_Fair_1847
Osborne,DC,0,2,Vanity_Fair_1847
Osborne,DN,0,2,Vanity_Fair_1847
Pa,N,0,2,Vanity_Fair_1847
Pa,C,0,2,Vanity_Fair_1847
Pa,I,0,2,Vanity_Fair_1847
Pa,A,0,2,Vanity_Fair_1847
Pa,DC,0,2,Vanity_Fair_1847
Pa,DN,0,2,Vanity_Fair_1847
Papa,N,0,2,Vanity_Fair_1847
Papa,C,0,2,Vanity_Fair_1847
Papa,I,0,2,Vanity_Fair_1847
Papa,A,0,2,Vanity_Fair_1847
Papa,DC,0,2,Vanity_Fair_1847
Papa,DN,0,2,Vanity_Fair_1847
Pauline,N,0,2,Vanity_Fair_1847
Pauline,C,0,2,Vanity_Fair_1847
Pauline,I,0,2,Vanity_Fair_1847
Pauline,A,0,2,Vanity_Fair_1847
Pauline,DC,0,2,Vanity_Fair_1847
Pauline,DN,0,2,Vanity_Fair_1847
Payne,N,0,2,Vanity_Fair_1847
Payne,C,0,2,Vanity_Fair_1847
Payne,I,0,2,Vanity_Fair_1847
Payne,A,0,2,Vanity_Fair_1847
Payne,DC,0,2,Vanity_Fair_1847
Payne,DN,0,2,Vanity_Fair_1847
Peggy,N,0,2,Vanity_Fair_1847
Peggy,C,0,2,Vanity_Fair_1847
Peggy,I,0,2,Vanity_Fair_1847
Peggy,A,0,2,Vanity_Fair_1847
Peggy,DC,0,2,Vanity_Fair_1847
Peggy,DN,0,2,Vanity_Fair_1847
Pinner,N,0,2,Vanity_Fair_1847
Pinner,C,0,2,Vanity_Fair_1847
Pinner,I,0,2,Vanity_Fair_1847
Pinner,A,0,2,Vanity_Fair_1847
Pinner,DC,0,2,Vanity_Fair_1847
Pinner,DN,0,2,Vanity_Fair_1847
Pitt,N,0,2,Vanity_Fair_1847
Pitt,C,0,2,Vanity_Fair_1847
Pitt,I,0,2,Vanity_Fair_1847
Pitt,A,0,2,Vanity_Fair_1847
Pitt,DC,0,2,Vanity_Fair_1847
Pitt,DN,0,2,Vanity_Fair_1847
Pitt Binkie,N,0,2,Vanity_Fair_1847
Pitt Binkie,C,0,2,Vanity_Fair_1847
Pitt Binkie,I,0,2,Vanity_Fair_1847
Pitt Binkie,A,0,2,Vanity_Fair_1847
Pitt Binkie,DC,0,2,Vanity_Fair_1847
Pitt Binkie,DN,0,2,Vanity_Fair_1847
Poor Jim,N,0,2,Vanity_Fair_1847
Poor Jim,C,0,2,Vanity_Fair_1847
Poor Jim,I,0,2,Vanity_Fair_1847
Poor Jim,A,0,2,Vanity_Fair_1847
Poor Jim,DC,0,2,Vanity_Fair_1847
Poor Jim,DN,0,2,Vanity_Fair_1847
Queen,N,0,2,Vanity_Fair_1847
Queen,C,0,2,Vanity_Fair_1847
Queen,I,0,2,Vanity_Fair_1847
Queen,A,0,2,Vanity_Fair_1847
Queen,DC,0,2,Vanity_Fair_1847
Queen,DN,0,2,Vanity_Fair_1847
Raggles,N,0,2,Vanity_Fair_1847
Raggles,C,0,2,Vanity_Fair_1847
Raggles,I,0,2,Vanity_Fair_1847
Raggles,A,0,2,Vanity_Fair_1847
Raggles,DC,0,2,Vanity_Fair_1847
Raggles,DN,0,2,Vanity_Fair_1847
Rawdon,N,0,2,Vanity_Fair_1847
Rawdon,C,0,2,Vanity_Fair_1847
Rawdon,I,0,2,Vanity_Fair_1847
Rawdon,A,0,2,Vanity_Fair_1847
Rawdon,DC,0,2,Vanity_Fair_1847
Rawdon,DN,0,2,Vanity_Fair_1847
"Rawdon Crawley , Esquire",N,0,2,Vanity_Fair_1847
"Rawdon Crawley , Esquire",C,0,2,Vanity_Fair_1847
"Rawdon Crawley , Esquire",I,0,2,Vanity_Fair_1847
"Rawdon Crawley , Esquire",A,0,2,Vanity_Fair_1847
"Rawdon Crawley , Esquire",DC,0,2,Vanity_Fair_1847
"Rawdon Crawley , Esquire",DN,0,2,Vanity_Fair_1847
Rebecca,N,1,2,Vanity_Fair_1847
Rebecca,C,0,2,Vanity_Fair_1847
Rebecca,I,0,2,Vanity_Fair_1847
Rebecca,A,0,2,Vanity_Fair_1847
Rebecca,DC,0,2,Vanity_Fair_1847
Rebecca,DN,0,2,Vanity_Fair_1847
Regulus,N,0,2,Vanity_Fair_1847
Regulus,C,0,2,Vanity_Fair_1847
Regulus,I,0,2,Vanity_Fair_1847
Regulus,A,0,2,Vanity_Fair_1847
Regulus,DC,0,2,Vanity_Fair_1847
Regulus,DN,0,2,Vanity_Fair_1847
Rhoda,N,0,2,Vanity_Fair_1847
Rhoda,C,0,2,Vanity_Fair_1847
Rhoda,I,0,2,Vanity_Fair_1847
Rhoda,A,0,2,Vanity_Fair_1847
Rhoda,DC,0,2,Vanity_Fair_1847
Rhoda,DN,0,2,Vanity_Fair_1847
Robinson,N,0,2,Vanity_Fair_1847
Robinson,C,0,2,Vanity_Fair_1847
Robinson,I,0,2,Vanity_Fair_1847
Robinson,A,0,2,Vanity_Fair_1847
Robinson,DC,0,2,Vanity_Fair_1847
Robinson,DN,0,2,Vanity_Fair_1847
Rosa,N,0,2,Vanity_Fair_1847
Rosa,C,0,2,Vanity_Fair_1847
Rosa,I,0,2,Vanity_Fair_1847
Rosa,A,0,2,Vanity_Fair_1847
Rosa,DC,0,2,Vanity_Fair_1847
Rosa,DN,0,2,Vanity_Fair_1847
Rose,N,0,2,Vanity_Fair_1847
Rose,C,0,2,Vanity_Fair_1847
Rose,I,0,2,Vanity_Fair_1847
Rose,A,0,2,Vanity_Fair_1847
Rose,DC,0,2,Vanity_Fair_1847
Rose,DN,0,2,Vanity_Fair_1847
SWEETEST AMELIA,N,0,2,Vanity_Fair_1847
SWEETEST AMELIA,C,0,2,Vanity_Fair_1847
SWEETEST AMELIA,I,0,2,Vanity_Fair_1847
SWEETEST AMELIA,A,0,2,Vanity_Fair_1847
SWEETEST AMELIA,DC,0,2,Vanity_Fair_1847
SWEETEST AMELIA,DN,0,2,Vanity_Fair_1847
Sambo,N,0,2,Vanity_Fair_1847
Sambo,C,0,2,Vanity_Fair_1847
Sambo,I,0,2,Vanity_Fair_1847
Sambo,A,0,2,Vanity_Fair_1847
Sambo,DC,0,2,Vanity_Fair_1847
Sambo,DN,0,2,Vanity_Fair_1847
Simpson,N,0,2,Vanity_Fair_1847
Simpson,C,0,2,Vanity_Fair_1847
Simpson,I,0,2,Vanity_Fair_1847
Simpson,A,0,2,Vanity_Fair_1847
Simpson,DC,0,2,Vanity_Fair_1847
Simpson,DN,0,2,Vanity_Fair_1847
Sir Giles Wapshot,N,0,2,Vanity_Fair_1847
Sir Giles Wapshot,C,0,2,Vanity_Fair_1847
Sir Giles Wapshot,I,0,2,Vanity_Fair_1847
Sir Giles Wapshot,A,0,2,Vanity_Fair_1847
Sir Giles Wapshot,DC,0,2,Vanity_Fair_1847
Sir Giles Wapshot,DN,0,2,Vanity_Fair_1847
Sir Huddleston Fuddleston,N,0,2,Vanity_Fair_1847
Sir Huddleston Fuddleston,C,0,2,Vanity_Fair_1847
Sir Huddleston Fuddleston,I,0,2,Vanity_Fair_1847
Sir Huddleston Fuddleston,A,0,2,Vanity_Fair_1847
Sir Huddleston Fuddleston,DC,0,2,Vanity_Fair_1847
Sir Huddleston Fuddleston,DN,0,2,Vanity_Fair_1847
Sir Huddlestone,N,0,2,Vanity_Fair_1847
Sir Huddlestone,C,0,2,Vanity_Fair_1847
Sir Huddlestone,I,0,2,Vanity_Fair_1847
Sir Huddlestone,A,0,2,Vanity_Fair_1847
Sir Huddlestone,DC,0,2,Vanity_Fair_1847
Sir Huddlestone,DN,0,2,Vanity_Fair_1847
Sir John,N,0,2,Vanity_Fair_1847
Sir John,C,0,2,Vanity_Fair_1847
Sir John,I,0,2,Vanity_Fair_1847
Sir John,A,0,2,Vanity_Fair_1847
Sir John,DC,0,2,Vanity_Fair_1847
Sir John,DN,0,2,Vanity_Fair_1847
Sir Michael O'Dowd,N,0,2,Vanity_Fair_1847
Sir Michael O'Dowd,C,0,2,Vanity_Fair_1847
Sir Michael O'Dowd,I,0,2,Vanity_Fair_1847
Sir Michael O'Dowd,A,0,2,Vanity_Fair_1847
Sir Michael O'Dowd,DC,0,2,Vanity_Fair_1847
Sir Michael O'Dowd,DN,0,2,Vanity_Fair_1847
Sir Pitt,N,0,2,Vanity_Fair_1847
Sir Pitt,C,0,2,Vanity_Fair_1847
Sir Pitt,I,0,2,Vanity_Fair_1847
Sir Pitt,A,0,2,Vanity_Fair_1847
Sir Pitt,DC,0,2,Vanity_Fair_1847
Sir Pitt,DN,0,2,Vanity_Fair_1847
Sir Rawdon,N,0,2,Vanity_Fair_1847
Sir Rawdon,C,0,2,Vanity_Fair_1847
Sir Rawdon,I,0,2,Vanity_Fair_1847
Sir Rawdon,A,0,2,Vanity_Fair_1847
Sir Rawdon,DC,0,2,Vanity_Fair_1847
Sir Rawdon,DN,0,2,Vanity_Fair_1847
Smith,N,0,2,Vanity_Fair_1847
Smith,C,0,2,Vanity_Fair_1847
Smith,I,0,2,Vanity_Fair_1847
Smith,A,0,2,Vanity_Fair_1847
Smith,DC,0,2,Vanity_Fair_1847
Smith,DN,0,2,Vanity_Fair_1847
Smollett,N,0,2,Vanity_Fair_1847
Smollett,C,0,2,Vanity_Fair_1847
Smollett,I,0,2,Vanity_Fair_1847
Smollett,A,0,2,Vanity_Fair_1847
Smollett,DC,0,2,Vanity_Fair_1847
Smollett,DN,0,2,Vanity_Fair_1847
Stubble,N,0,2,Vanity_Fair_1847
Stubble,C,0,2,Vanity_Fair_1847
Stubble,I,0,2,Vanity_Fair_1847
Stubble,A,0,2,Vanity_Fair_1847
Stubble,DC,0,2,Vanity_Fair_1847
Stubble,DN,0,2,Vanity_Fair_1847
Stumpy,N,0,2,Vanity_Fair_1847
Stumpy,C,0,2,Vanity_Fair_1847
Stumpy,I,0,2,Vanity_Fair_1847
Stumpy,A,0,2,Vanity_Fair_1847
Stumpy,DC,0,2,Vanity_Fair_1847
Stumpy,DN,0,2,Vanity_Fair_1847
Tapeworm,N,0,2,Vanity_Fair_1847
Tapeworm,C,0,2,Vanity_Fair_1847
Tapeworm,I,0,2,Vanity_Fair_1847
Tapeworm,A,0,2,Vanity_Fair_1847
Tapeworm,DC,0,2,Vanity_Fair_1847
Tapeworm,DN,0,2,Vanity_Fair_1847
Tapeworm Castle,N,0,2,Vanity_Fair_1847
Tapeworm Castle,C,0,2,Vanity_Fair_1847
Tapeworm Castle,I,0,2,Vanity_Fair_1847
Tapeworm Castle,A,0,2,Vanity_Fair_1847
Tapeworm Castle,DC,0,2,Vanity_Fair_1847
Tapeworm Castle,DN,0,2,Vanity_Fair_1847
The Capting,N,0,2,Vanity_Fair_1847
The Capting,C,0,2,Vanity_Fair_1847
The Capting,I,0,2,Vanity_Fair_1847
The Capting,A,0,2,Vanity_Fair_1847
The Capting,DC,0,2,Vanity_Fair_1847
The Capting,DN,0,2,Vanity_Fair_1847
The Duke of Wellington,N,0,2,Vanity_Fair_1847
The Duke of Wellington,C,0,2,Vanity_Fair_1847
The Duke of Wellington,I,0,2,Vanity_Fair_1847
The Duke of Wellington,A,0,2,Vanity_Fair_1847
The Duke of Wellington,DC,0,2,Vanity_Fair_1847
The Duke of Wellington,DN,0,2,Vanity_Fair_1847
Thriftless,N,0,2,Vanity_Fair_1847
Thriftless,C,0,2,Vanity_Fair_1847
Thriftless,I,0,2,Vanity_Fair_1847
Thriftless,A,0,2,Vanity_Fair_1847
Thriftless,DC,0,2,Vanity_Fair_1847
Thriftless,DN,0,2,Vanity_Fair_1847
Tinker,N,0,2,Vanity_Fair_1847
Tinker,C,0,2,Vanity_Fair_1847
Tinker,I,0,2,Vanity_Fair_1847
Tinker,A,0,2,Vanity_Fair_1847
Tinker,DC,0,2,Vanity_Fair_1847
Tinker,DN,0,2,Vanity_Fair_1847
Tom Eaves,N,0,2,Vanity_Fair_1847
Tom Eaves,C,0,2,Vanity_Fair_1847
Tom Eaves,I,0,2,Vanity_Fair_1847
Tom Eaves,A,0,2,Vanity_Fair_1847
Tom Eaves,DC,0,2,Vanity_Fair_1847
Tom Eaves,DN,0,2,Vanity_Fair_1847
Tom Fool,N,0,2,Vanity_Fair_1847
Tom Fool,C,0,2,Vanity_Fair_1847
Tom Fool,I,0,2,Vanity_Fair_1847
Tom Fool,A,0,2,Vanity_Fair_1847
Tom Fool,DC,0,2,Vanity_Fair_1847
Tom Fool,DN,0,2,Vanity_Fair_1847
Tom Moody,N,0,2,Vanity_Fair_1847
Tom Moody,C,0,2,Vanity_Fair_1847
Tom Moody,I,0,2,Vanity_Fair_1847
Tom Moody,A,0,2,Vanity_Fair_1847
Tom Moody,DC,0,2,Vanity_Fair_1847
Tom Moody,DN,0,2,Vanity_Fair_1847
Trotter,N,0,2,Vanity_Fair_1847
Trotter,C,0,2,Vanity_Fair_1847
Trotter,I,0,2,Vanity_Fair_1847
Trotter,A,0,2,Vanity_Fair_1847
Trotter,DC,0,2,Vanity_Fair_1847
Trotter,DN,0,2,Vanity_Fair_1847
Truffigny,N,0,2,Vanity_Fair_1847
Truffigny,C,0,2,Vanity_Fair_1847
Truffigny,I,0,2,Vanity_Fair_1847
Truffigny,A,0,2,Vanity_Fair_1847
Truffigny,DC,0,2,Vanity_Fair_1847
Truffigny,DN,0,2,Vanity_Fair_1847
Vanity Fair,N,0,2,Vanity_Fair_1847
Vanity Fair,C,0,2,Vanity_Fair_1847
Vanity Fair,I,0,2,Vanity_Fair_1847
Vanity Fair,A,0,2,Vanity_Fair_1847
Vanity Fair,DC,0,2,Vanity_Fair_1847
Vanity Fair,DN,0,2,Vanity_Fair_1847
Victor Aurelius XIV,N,0,2,Vanity_Fair_1847
Victor Aurelius XIV,C,0,2,Vanity_Fair_1847
Victor Aurelius XIV,I,0,2,Vanity_Fair_1847
Victor Aurelius XIV,A,0,2,Vanity_Fair_1847
Victor Aurelius XIV,DC,0,2,Vanity_Fair_1847
Victor Aurelius XIV,DN,0,2,Vanity_Fair_1847
Walpole Crawley,N,0,2,Vanity_Fair_1847
Walpole Crawley,C,0,2,Vanity_Fair_1847
Walpole Crawley,I,0,2,Vanity_Fair_1847
Walpole Crawley,A,0,2,Vanity_Fair_1847
Walpole Crawley,DC,0,2,Vanity_Fair_1847
Walpole Crawley,DN,0,2,Vanity_Fair_1847
Waterloo,N,0,2,Vanity_Fair_1847
Waterloo,C,0,2,Vanity_Fair_1847
Waterloo,I,0,2,Vanity_Fair_1847
Waterloo,A,0,2,Vanity_Fair_1847
Waterloo,DC,0,2,Vanity_Fair_1847
Waterloo,DN,0,2,Vanity_Fair_1847
Waxy,N,0,2,Vanity_Fair_1847
Waxy,C,0,2,Vanity_Fair_1847
Waxy,I,0,2,Vanity_Fair_1847
Waxy,A,0,2,Vanity_Fair_1847
Waxy,DC,0,2,Vanity_Fair_1847
Waxy,DN,0,2,Vanity_Fair_1847
Young Stubble,N,0,2,Vanity_Fair_1847
Young Stubble,C,0,2,Vanity_Fair_1847
Young Stubble,I,0,2,Vanity_Fair_1847
Young Stubble,A,0,2,Vanity_Fair_1847
Young Stubble,DC,0,2,Vanity_Fair_1847
Young Stubble,DN,0,2,Vanity_Fair_1847
Young Tandyman,N,0,2,Vanity_Fair_1847
Young Tandyman,C,0,2,Vanity_Fair_1847
Young Tandyman,I,0,2,Vanity_Fair_1847
Young Tandyman,A,0,2,Vanity_Fair_1847
Young Tandyman,DC,0,2,Vanity_Fair_1847
Young Tandyman,DN,0,2,Vanity_Fair_1847
little Emmy's,N,0,2,Vanity_Fair_1847
little Emmy's,C,0,2,Vanity_Fair_1847
little Emmy's,I,0,2,Vanity_Fair_1847
little Emmy's,A,0,2,Vanity_Fair_1847
little Emmy's,DC,0,2,Vanity_Fair_1847
little Emmy's,DN,0,2,Vanity_Fair_1847
little Fipps,N,0,2,Vanity_Fair_1847
little Fipps,C,0,2,Vanity_Fair_1847
little Fipps,I,0,2,Vanity_Fair_1847
little Fipps,A,0,2,Vanity_Fair_1847
little Fipps,DC,0,2,Vanity_Fair_1847
little Fipps,DN,0,2,Vanity_Fair_1847
old Sergeant Toffy,N,0,2,Vanity_Fair_1847
old Sergeant Toffy,C,0,2,Vanity_Fair_1847
old Sergeant Toffy,I,0,2,Vanity_Fair_1847
old Sergeant Toffy,A,0,2,Vanity_Fair_1847
old Sergeant Toffy,DC,0,2,Vanity_Fair_1847
old Sergeant Toffy,DN,0,2,Vanity_Fair_1847
"poor dear General Glanders , who was dying under the hands of that ignorant man",N,0,2,Vanity_Fair_1847
"poor dear General Glanders , who was dying under the hands of that ignorant man",C,0,2,Vanity_Fair_1847
"poor dear General Glanders , who was dying under the hands of that ignorant man",I,0,2,Vanity_Fair_1847
"poor dear General Glanders , who was dying under the hands of that ignorant man",A,0,2,Vanity_Fair_1847
"poor dear General Glanders , who was dying under the hands of that ignorant man",DC,0,2,Vanity_Fair_1847
"poor dear General Glanders , who was dying under the hands of that ignorant man",DN,0,2,Vanity_Fair_1847
the Crawleys,N,0,2,Vanity_Fair_1847
the Crawleys,C,0,2,Vanity_Fair_1847
the Crawleys,I,0,2,Vanity_Fair_1847
the Crawleys,A,0,2,Vanity_Fair_1847
the Crawleys,DC,0,2,Vanity_Fair_1847
the Crawleys,DN,0,2,Vanity_Fair_1847
the English,N,0,2,Vanity_Fair_1847
the English,C,0,2,Vanity_Fair_1847
the English,I,0,2,Vanity_Fair_1847
the English,A,0,2,Vanity_Fair_1847
the English,DC,0,2,Vanity_Fair_1847
the English,DN,0,2,Vanity_Fair_1847
the French,N,0,2,Vanity_Fair_1847
the French,C,0,2,Vanity_Fair_1847
the French,I,0,2,Vanity_Fair_1847
the French,A,0,2,Vanity_Fair_1847
the French,DC,0,2,Vanity_Fair_1847
the French,DN,0,2,Vanity_Fair_1847
the Grafinn Fanny de Butterbrod,N,0,2,Vanity_Fair_1847
the Grafinn Fanny de Butterbrod,C,0,2,Vanity_Fair_1847
the Grafinn Fanny de Butterbrod,I,0,2,Vanity_Fair_1847
the Grafinn Fanny de Butterbrod,A,0,2,Vanity_Fair_1847
the Grafinn Fanny de Butterbrod,DC,0,2,Vanity_Fair_1847
the Grafinn Fanny de Butterbrod,DN,0,2,Vanity_Fair_1847
the Hammersmith Semiramis,N,0,2,Vanity_Fair_1847
the Hammersmith Semiramis,C,0,2,Vanity_Fair_1847
the Hammersmith Semiramis,I,0,2,Vanity_Fair_1847
the Hammersmith Semiramis,A,0,2,Vanity_Fair_1847
the Hammersmith Semiramis,DC,0,2,Vanity_Fair_1847
the Hammersmith Semiramis,DN,0,2,Vanity_Fair_1847
the Honourable Mrs. Tufto,N,0,2,Vanity_Fair_1847
the Honourable Mrs. Tufto,C,0,2,Vanity_Fair_1847
the Honourable Mrs. Tufto,I,0,2,Vanity_Fair_1847
the Honourable Mrs. Tufto,A,0,2,Vanity_Fair_1847
the Honourable Mrs. Tufto,DC,0,2,Vanity_Fair_1847
the Honourable Mrs. Tufto,DN,0,2,Vanity_Fair_1847
the Kislar Aga,N,0,2,Vanity_Fair_1847
the Kislar Aga,C,0,2,Vanity_Fair_1847
the Kislar Aga,I,0,2,Vanity_Fair_1847
the Kislar Aga,A,0,2,Vanity_Fair_1847
the Kislar Aga,DC,0,2,Vanity_Fair_1847
the Kislar Aga,DN,0,2,Vanity_Fair_1847
the Marquis of Steyne,N,0,2,Vanity_Fair_1847
the Marquis of Steyne,C,0,2,Vanity_Fair_1847
the Marquis of Steyne,I,0,2,Vanity_Fair_1847
the Marquis of Steyne,A,0,2,Vanity_Fair_1847
the Marquis of Steyne,DC,0,2,Vanity_Fair_1847
the Marquis of Steyne,DN,0,2,Vanity_Fair_1847
the Misses Dobbin,N,0,2,Vanity_Fair_1847
the Misses Dobbin,C,0,2,Vanity_Fair_1847
the Misses Dobbin,I,0,2,Vanity_Fair_1847
the Misses Dobbin,A,0,2,Vanity_Fair_1847
the Misses Dobbin,DC,0,2,Vanity_Fair_1847
the Misses Dobbin,DN,0,2,Vanity_Fair_1847
the Misses Osborne,N,0,2,Vanity_Fair_1847
the Misses Osborne,C,0,2,Vanity_Fair_1847
the Misses Osborne,I,0,2,Vanity_Fair_1847
the Misses Osborne,A,0,2,Vanity_Fair_1847
the Misses Osborne,DC,0,2,Vanity_Fair_1847
the Misses Osborne,DN,0,2,Vanity_Fair_1847
the Osbornes,N,0,2,Vanity_Fair_1847
the Osbornes,C,0,2,Vanity_Fair_1847
the Osbornes,I,0,2,Vanity_Fair_1847
the Osbornes,A,0,2,Vanity_Fair_1847
the Osbornes,DC,0,2,Vanity_Fair_1847
the Osbornes,DN,0,2,Vanity_Fair_1847
the Reverend Bute Crawley,N,0,2,Vanity_Fair_1847
the Reverend Bute Crawley,C,0,2,Vanity_Fair_1847
the Reverend Bute Crawley,I,0,2,Vanity_Fair_1847
the Reverend Bute Crawley,A,0,2,Vanity_Fair_1847
the Reverend Bute Crawley,DC,0,2,Vanity_Fair_1847
the Reverend Bute Crawley,DN,0,2,Vanity_Fair_1847
the Ribbons,N,0,2,Vanity_Fair_1847
the Ribbons,C,0,2,Vanity_Fair_1847
the Ribbons,I,0,2,Vanity_Fair_1847
the Ribbons,A,0,2,Vanity_Fair_1847
the Ribbons,DC,0,2,Vanity_Fair_1847
the Ribbons,DN,0,2,Vanity_Fair_1847
the Russians,N,0,2,Vanity_Fair_1847
the Russians,C,0,2,Vanity_Fair_1847
the Russians,I,0,2,Vanity_Fair_1847
the Russians,A,0,2,Vanity_Fair_1847
the Russians,DC,0,2,Vanity_Fair_1847
the Russians,DN,0,2,Vanity_Fair_1847
the Sedleys,N,0,2,Vanity_Fair_1847
the Sedleys,C,0,2,Vanity_Fair_1847
the Sedleys,I,0,2,Vanity_Fair_1847
the Sedleys,A,0,2,Vanity_Fair_1847
the Sedleys,DC,0,2,Vanity_Fair_1847
the Sedleys,DN,0,2,Vanity_Fair_1847
the old Baronet,N,0,2,Vanity_Fair_1847
the old Baronet,C,0,2,Vanity_Fair_1847
the old Baronet,I,0,2,Vanity_Fair_1847
the old Baronet,A,0,2,Vanity_Fair_1847
the old Baronet,DC,0,2,Vanity_Fair_1847
the old Baronet,DN,0,2,Vanity_Fair_1847
the old Chevalier de Talonrouge,N,0,2,Vanity_Fair_1847
the old Chevalier de Talonrouge,C,0,2,Vanity_Fair_1847
the old Chevalier de Talonrouge,I,0,2,Vanity_Fair_1847
the old Chevalier de Talonrouge,A,0,2,Vanity_Fair_1847
the old Chevalier de Talonrouge,DC,0,2,Vanity_Fair_1847
the old Chevalier de Talonrouge,DN,0,2,Vanity_Fair_1847
young Blackball,N,0,2,Vanity_Fair_1847
young Blackball,C,0,2,Vanity_Fair_1847
young Blackball,I,0,2,Vanity_Fair_1847
young Blackball,A,0,2,Vanity_Fair_1847
young Blackball,DC,0,2,Vanity_Fair_1847
young Blackball,DN,0,2,Vanity_Fair_1847
young Lord Dovedale,N,0,2,Vanity_Fair_1847
young Lord Dovedale,C,0,2,Vanity_Fair_1847
young Lord Dovedale,I,0,2,Vanity_Fair_1847
young Lord Dovedale,A,0,2,Vanity_Fair_1847
young Lord Dovedale,DC,0,2,Vanity_Fair_1847
young Lord Dovedale,DN,0,2,Vanity_Fair_1847
Achilles,N,0,3,Vanity_Fair_1847
Achilles,C,0,3,Vanity_Fair_1847
Achilles,I,0,3,Vanity_Fair_1847
Achilles,A,0,3,Vanity_Fair_1847
Achilles,DC,0,3,Vanity_Fair_1847
Achilles,DN,0,3,Vanity_Fair_1847
Aegisthus,N,0,3,Vanity_Fair_1847
Aegisthus,C,0,3,Vanity_Fair_1847
Aegisthus,I,0,3,Vanity_Fair_1847
Aegisthus,A,0,3,Vanity_Fair_1847
Aegisthus,DC,0,3,Vanity_Fair_1847
Aegisthus,DN,0,3,Vanity_Fair_1847
Amelia,N,0,3,Vanity_Fair_1847
Amelia,C,0,3,Vanity_Fair_1847
Amelia,I,0,3,Vanity_Fair_1847
Amelia,A,0,3,Vanity_Fair_1847
Amelia,DC,0,3,Vanity_Fair_1847
Amelia,DN,0,3,Vanity_Fair_1847
Arabella,N,0,3,Vanity_Fair_1847
Arabella,C,0,3,Vanity_Fair_1847
Arabella,I,0,3,Vanity_Fair_1847
Arabella,A,0,3,Vanity_Fair_1847
Arabella,DC,0,3,Vanity_Fair_1847
Arabella,DN,0,3,Vanity_Fair_1847
Barbara,N,0,3,Vanity_Fair_1847
Barbara,C,0,3,Vanity_Fair_1847
Barbara,I,0,3,Vanity_Fair_1847
Barbara,A,0,3,Vanity_Fair_1847
Barbara,DC,0,3,Vanity_Fair_1847
Barbara,DN,0,3,Vanity_Fair_1847
Bart,N,0,3,Vanity_Fair_1847
Bart,C,0,3,Vanity_Fair_1847
Bart,I,0,3,Vanity_Fair_1847
Bart,A,0,3,Vanity_Fair_1847
Bart,DC,0,3,Vanity_Fair_1847
Bart,DN,0,3,Vanity_Fair_1847
Beauty,N,0,3,Vanity_Fair_1847
Beauty,C,0,3,Vanity_Fair_1847
Beauty,I,0,3,Vanity_Fair_1847
Beauty,A,0,3,Vanity_Fair_1847
Beauty,DC,0,3,Vanity_Fair_1847
Beauty,DN,0,3,Vanity_Fair_1847
Becky,N,0,3,Vanity_Fair_1847
Becky,C,0,3,Vanity_Fair_1847
Becky,I,0,3,Vanity_Fair_1847
Becky,A,0,3,Vanity_Fair_1847
Becky,DC,0,3,Vanity_Fair_1847
Becky,DN,0,3,Vanity_Fair_1847
Bedwin,N,0,3,Vanity_Fair_1847
Bedwin,C,0,3,Vanity_Fair_1847
Bedwin,I,0,3,Vanity_Fair_1847
Bedwin,A,0,3,Vanity_Fair_1847
Bedwin,DC,0,3,Vanity_Fair_1847
Bedwin,DN,0,3,Vanity_Fair_1847
Bessy,N,0,3,Vanity_Fair_1847
Bessy,C,0,3,Vanity_Fair_1847
Bessy,I,0,3,Vanity_Fair_1847
Bessy,A,0,3,Vanity_Fair_1847
Bessy,DC,0,3,Vanity_Fair_1847
Bessy,DN,0,3,Vanity_Fair_1847
Betty,N,0,3,Vanity_Fair_1847
Betty,C,0,3,Vanity_Fair_1847
Betty,I,0,3,Vanity_Fair_1847
Betty,A,0,3,Vanity_Fair_1847
Betty,DC,0,3,Vanity_Fair_1847
Betty,DN,0,3,Vanity_Fair_1847
Betty Flanagan,N,0,3,Vanity_Fair_1847
Betty Flanagan,C,0,3,Vanity_Fair_1847
Betty Flanagan,I,0,3,Vanity_Fair_1847
Betty Flanagan,A,0,3,Vanity_Fair_1847
Betty Flanagan,DC,0,3,Vanity_Fair_1847
Betty Flanagan,DN,0,3,Vanity_Fair_1847
Black Sambo,N,0,3,Vanity_Fair_1847
Black Sambo,C,0,3,Vanity_Fair_1847
Black Sambo,I,0,3,Vanity_Fair_1847
Black Sambo,A,0,3,Vanity_Fair_1847
Black Sambo,DC,0,3,Vanity_Fair_1847
Black Sambo,DN,0,3,Vanity_Fair_1847
Boggley Wollah,N,0,3,Vanity_Fair_1847
Boggley Wollah,C,0,3,Vanity_Fair_1847
Boggley Wollah,I,0,3,Vanity_Fair_1847
Boggley Wollah,A,0,3,Vanity_Fair_1847
Boggley Wollah,DC,0,3,Vanity_Fair_1847
Boggley Wollah,DN,0,3,Vanity_Fair_1847
Boney,N,0,3,Vanity_Fair_1847
Boney,C,0,3,Vanity_Fair_1847
Boney,I,0,3,Vanity_Fair_1847
Boney,A,0,3,Vanity_Fair_1847
Boney,DC,0,3,Vanity_Fair_1847
Boney,DN,0,3,Vanity_Fair_1847
Briefless,N,0,3,Vanity_Fair_1847
Briefless,C,0,3,Vanity_Fair_1847
Briefless,I,0,3,Vanity_Fair_1847
Briefless,A,0,3,Vanity_Fair_1847
Briefless,DC,0,3,Vanity_Fair_1847
Briefless,DN,0,3,Vanity_Fair_1847
Briggs,N,0,3,Vanity_Fair_1847
Briggs,C,0,3,Vanity_Fair_1847
Briggs,I,0,3,Vanity_Fair_1847
Briggs,A,0,3,Vanity_Fair_1847
Briggs,DC,0,3,Vanity_Fair_1847
Briggs,DN,0,3,Vanity_Fair_1847
Britons,N,0,3,Vanity_Fair_1847
Britons,C,0,3,Vanity_Fair_1847
Britons,I,0,3,Vanity_Fair_1847
Britons,A,0,3,Vanity_Fair_1847
Britons,DC,0,3,Vanity_Fair_1847
Britons,DN,0,3,Vanity_Fair_1847
Bullfinch,N,0,3,Vanity_Fair_1847
Bullfinch,C,0,3,Vanity_Fair_1847
Bullfinch,I,0,3,Vanity_Fair_1847
Bullfinch,A,0,3,Vanity_Fair_1847
Bullfinch,DC,0,3,Vanity_Fair_1847
Bullfinch,DN,0,3,Vanity_Fair_1847
Bute Crawleys,N,0,3,Vanity_Fair_1847
Bute Crawleys,C,0,3,Vanity_Fair_1847
Bute Crawleys,I,0,3,Vanity_Fair_1847
Bute Crawleys,A,0,3,Vanity_Fair_1847
Bute Crawleys,DC,0,3,Vanity_Fair_1847
Bute Crawleys,DN,0,3,Vanity_Fair_1847
Buty,N,0,3,Vanity_Fair_1847
Buty,C,0,3,Vanity_Fair_1847
Buty,I,0,3,Vanity_Fair_1847
Buty,A,0,3,Vanity_Fair_1847
Buty,DC,0,3,Vanity_Fair_1847
Buty,DN,0,3,Vanity_Fair_1847
Cackle,N,0,3,Vanity_Fair_1847
Cackle,C,0,3,Vanity_Fair_1847
Cackle,I,0,3,Vanity_Fair_1847
Cackle,A,0,3,Vanity_Fair_1847
Cackle,DC,0,3,Vanity_Fair_1847
Cackle,DN,0,3,Vanity_Fair_1847
Caliban,N,0,3,Vanity_Fair_1847
Caliban,C,0,3,Vanity_Fair_1847
Caliban,I,0,3,Vanity_Fair_1847
Caliban,A,0,3,Vanity_Fair_1847
Caliban,DC,0,3,Vanity_Fair_1847
Caliban,DN,0,3,Vanity_Fair_1847
Captain Bragg,N,0,3,Vanity_Fair_1847
Captain Bragg,C,0,3,Vanity_Fair_1847
Captain Bragg,I,0,3,Vanity_Fair_1847
Captain Bragg,A,0,3,Vanity_Fair_1847
Captain Bragg,DC,0,3,Vanity_Fair_1847
Captain Bragg,DN,0,3,Vanity_Fair_1847
Captain Dobbin Proceeds,N,0,3,Vanity_Fair_1847
Captain Dobbin Proceeds,C,0,3,Vanity_Fair_1847
Captain Dobbin Proceeds,I,0,3,Vanity_Fair_1847
Captain Dobbin Proceeds,A,0,3,Vanity_Fair_1847
Captain Dobbin Proceeds,DC,0,3,Vanity_Fair_1847
Captain Dobbin Proceeds,DN,0,3,Vanity_Fair_1847
Captain Macmurdo,N,0,3,Vanity_Fair_1847
Captain Macmurdo,C,0,3,Vanity_Fair_1847
Captain Macmurdo,I,0,3,Vanity_Fair_1847
Captain Macmurdo,A,0,3,Vanity_Fair_1847
Captain Macmurdo,DC,0,3,Vanity_Fair_1847
Captain Macmurdo,DN,0,3,Vanity_Fair_1847
Captain Marker,N,0,3,Vanity_Fair_1847
Captain Marker,C,0,3,Vanity_Fair_1847
Captain Marker,I,0,3,Vanity_Fair_1847
Captain Marker,A,0,3,Vanity_Fair_1847
Captain Marker,DC,0,3,Vanity_Fair_1847
Captain Marker,DN,0,3,Vanity_Fair_1847
Clement William,N,0,3,Vanity_Fair_1847
Clement William,C,0,3,Vanity_Fair_1847
Clement William,I,0,3,Vanity_Fair_1847
Clement William,A,0,3,Vanity_Fair_1847
Clement William,DC,0,3,Vanity_Fair_1847
Clement William,DN,0,3,Vanity_Fair_1847
Clytemnestra,N,0,3,Vanity_Fair_1847
Clytemnestra,C,0,3,Vanity_Fair_1847
Clytemnestra,I,0,3,Vanity_Fair_1847
Clytemnestra,A,0,3,Vanity_Fair_1847
Clytemnestra,DC,0,3,Vanity_Fair_1847
Clytemnestra,DN,0,3,Vanity_Fair_1847
Colonel Dobbin,N,0,3,Vanity_Fair_1847
Colonel Dobbin,C,0,3,Vanity_Fair_1847
Colonel Dobbin,I,0,3,Vanity_Fair_1847
Colonel Dobbin,A,0,3,Vanity_Fair_1847
Colonel Dobbin,DC,0,3,Vanity_Fair_1847
Colonel Dobbin,DN,0,3,Vanity_Fair_1847
Crawleys,N,0,3,Vanity_Fair_1847
Crawleys,C,0,3,Vanity_Fair_1847
Crawleys,I,0,3,Vanity_Fair_1847
Crawleys,A,0,3,Vanity_Fair_1847
Crawleys,DC,0,3,Vanity_Fair_1847
Crawleys,DN,0,3,Vanity_Fair_1847
Cuff,N,0,3,Vanity_Fair_1847
Cuff,C,0,3,Vanity_Fair_1847
Cuff,I,0,3,Vanity_Fair_1847
Cuff,A,0,3,Vanity_Fair_1847
Cuff,DC,0,3,Vanity_Fair_1847
Cuff,DN,0,3,Vanity_Fair_1847
Cupid,N,0,3,Vanity_Fair_1847
Cupid,C,0,3,Vanity_Fair_1847
Cupid,I,0,3,Vanity_Fair_1847
Cupid,A,0,3,Vanity_Fair_1847
Cupid,DC,0,3,Vanity_Fair_1847
Cupid,DN,0,3,Vanity_Fair_1847
"DEAR MAMA,--I",N,0,3,Vanity_Fair_1847
"DEAR MAMA,--I",C,0,3,Vanity_Fair_1847
"DEAR MAMA,--I",I,0,3,Vanity_Fair_1847
"DEAR MAMA,--I",A,0,3,Vanity_Fair_1847
"DEAR MAMA,--I",DC,0,3,Vanity_Fair_1847
"DEAR MAMA,--I",DN,0,3,Vanity_Fair_1847
Dammy,N,0,3,Vanity_Fair_1847
Dammy,C,0,3,Vanity_Fair_1847
Dammy,I,0,3,Vanity_Fair_1847
Dammy,A,0,3,Vanity_Fair_1847
Dammy,DC,0,3,Vanity_Fair_1847
Dammy,DN,0,3,Vanity_Fair_1847
Dear Miss Osborne,N,0,3,Vanity_Fair_1847
Dear Miss Osborne,C,0,3,Vanity_Fair_1847
Dear Miss Osborne,I,0,3,Vanity_Fair_1847
Dear Miss Osborne,A,0,3,Vanity_Fair_1847
Dear Miss Osborne,DC,0,3,Vanity_Fair_1847
Dear Miss Osborne,DN,0,3,Vanity_Fair_1847
Dives,N,0,3,Vanity_Fair_1847
Dives,C,0,3,Vanity_Fair_1847
Dives,I,0,3,Vanity_Fair_1847
Dives,A,0,3,Vanity_Fair_1847
Dives,DC,0,3,Vanity_Fair_1847
Dives,DN,0,3,Vanity_Fair_1847
Dob,N,0,3,Vanity_Fair_1847
Dob,C,0,3,Vanity_Fair_1847
Dob,I,0,3,Vanity_Fair_1847
Dob,A,0,3,Vanity_Fair_1847
Dob,DC,0,3,Vanity_Fair_1847
Dob,DN,0,3,Vanity_Fair_1847
Dobbin,N,0,3,Vanity_Fair_1847
Dobbin,C,0,3,Vanity_Fair_1847
Dobbin,I,0,3,Vanity_Fair_1847
Dobbin,A,0,3,Vanity_Fair_1847
Dobbin,DC,0,3,Vanity_Fair_1847
Dobbin,DN,0,3,Vanity_Fair_1847
Doctor Johnson,N,0,3,Vanity_Fair_1847
Doctor Johnson,C,0,3,Vanity_Fair_1847
Doctor Johnson,I,0,3,Vanity_Fair_1847
Doctor Johnson,A,0,3,Vanity_Fair_1847
Doctor Johnson,DC,0,3,Vanity_Fair_1847
Doctor Johnson,DN,0,3,Vanity_Fair_1847
Doctor von Glauber,N,0,3,Vanity_Fair_1847
Doctor von Glauber,C,0,3,Vanity_Fair_1847
Doctor von Glauber,I,0,3,Vanity_Fair_1847
Doctor von Glauber,A,0,3,Vanity_Fair_1847
Doctor von Glauber,DC,0,3,Vanity_Fair_1847
Doctor von Glauber,DN,0,3,Vanity_Fair_1847
Don Juan,N,0,3,Vanity_Fair_1847
Don Juan,C,0,3,Vanity_Fair_1847
Don Juan,I,0,3,Vanity_Fair_1847
Don Juan,A,0,3,Vanity_Fair_1847
Don Juan,DC,0,3,Vanity_Fair_1847
Don Juan,DN,0,3,Vanity_Fair_1847
Dr. Squills,N,0,3,Vanity_Fair_1847
Dr. Squills,C,0,3,Vanity_Fair_1847
Dr. Squills,I,0,3,Vanity_Fair_1847
Dr. Squills,A,0,3,Vanity_Fair_1847
Dr. Squills,DC,0,3,Vanity_Fair_1847
Dr. Squills,DN,0,3,Vanity_Fair_1847
Dr. Swishtail,N,0,3,Vanity_Fair_1847
Dr. Swishtail,C,0,3,Vanity_Fair_1847
Dr. Swishtail,I,0,3,Vanity_Fair_1847
Dr. Swishtail,A,0,3,Vanity_Fair_1847
Dr. Swishtail,DC,0,3,Vanity_Fair_1847
Dr. Swishtail,DN,0,3,Vanity_Fair_1847
Edward Dale,N,0,3,Vanity_Fair_1847
Edward Dale,C,0,3,Vanity_Fair_1847
Edward Dale,I,0,3,Vanity_Fair_1847
Edward Dale,A,0,3,Vanity_Fair_1847
Edward Dale,DC,0,3,Vanity_Fair_1847
Edward Dale,DN,0,3,Vanity_Fair_1847
Emmy,N,0,3,Vanity_Fair_1847
Emmy,C,0,3,Vanity_Fair_1847
Emmy,I,0,3,Vanity_Fair_1847
Emmy,A,0,3,Vanity_Fair_1847
Emmy,DC,0,3,Vanity_Fair_1847
Emmy,DN,0,3,Vanity_Fair_1847
Ensign Stubble,N,0,3,Vanity_Fair_1847
Ensign Stubble,C,0,3,Vanity_Fair_1847
Ensign Stubble,I,0,3,Vanity_Fair_1847
Ensign Stubble,A,0,3,Vanity_Fair_1847
Ensign Stubble,DC,0,3,Vanity_Fair_1847
Ensign Stubble,DN,0,3,Vanity_Fair_1847
Fanny Magenis,N,0,3,Vanity_Fair_1847
Fanny Magenis,C,0,3,Vanity_Fair_1847
Fanny Magenis,I,0,3,Vanity_Fair_1847
Fanny Magenis,A,0,3,Vanity_Fair_1847
Fanny Magenis,DC,0,3,Vanity_Fair_1847
Fanny Magenis,DN,0,3,Vanity_Fair_1847
Father Mole,N,0,3,Vanity_Fair_1847
Father Mole,C,0,3,Vanity_Fair_1847
Father Mole,I,0,3,Vanity_Fair_1847
Father Mole,A,0,3,Vanity_Fair_1847
Father Mole,DC,0,3,Vanity_Fair_1847
Father Mole,DN,0,3,Vanity_Fair_1847
Fidelio,N,0,3,Vanity_Fair_1847
Fidelio,C,0,3,Vanity_Fair_1847
Fidelio,I,0,3,Vanity_Fair_1847
Fidelio,A,0,3,Vanity_Fair_1847
Fidelio,DC,0,3,Vanity_Fair_1847
Fidelio,DN,0,3,Vanity_Fair_1847
Figs,N,0,3,Vanity_Fair_1847
Figs,C,0,3,Vanity_Fair_1847
Figs,I,0,3,Vanity_Fair_1847
Figs,A,0,3,Vanity_Fair_1847
Figs,DC,0,3,Vanity_Fair_1847
Figs,DN,0,3,Vanity_Fair_1847
Firkin,N,0,3,Vanity_Fair_1847
Firkin,C,0,3,Vanity_Fair_1847
Firkin,I,0,3,Vanity_Fair_1847
Firkin,A,0,3,Vanity_Fair_1847
Firkin,DC,0,3,Vanity_Fair_1847
Firkin,DN,0,3,Vanity_Fair_1847
Fitz - Willis,N,0,3,Vanity_Fair_1847
Fitz - Willis,C,0,3,Vanity_Fair_1847
Fitz - Willis,I,0,3,Vanity_Fair_1847
Fitz - Willis,A,0,3,Vanity_Fair_1847
Fitz - Willis,DC,0,3,Vanity_Fair_1847
Fitz - Willis,DN,0,3,Vanity_Fair_1847
Francis,N,0,3,Vanity_Fair_1847
Francis,C,0,3,Vanity_Fair_1847
Francis,I,0,3,Vanity_Fair_1847
Francis,A,0,3,Vanity_Fair_1847
Francis,DC,0,3,Vanity_Fair_1847
Francis,DN,0,3,Vanity_Fair_1847
Fred,N,0,3,Vanity_Fair_1847
Fred,C,0,3,Vanity_Fair_1847
Fred,I,0,3,Vanity_Fair_1847
Fred,A,0,3,Vanity_Fair_1847
Fred,DC,0,3,Vanity_Fair_1847
Fred,DN,0,3,Vanity_Fair_1847
"Frederick Bullock , Esq .",N,0,3,Vanity_Fair_1847
"Frederick Bullock , Esq .",C,0,3,Vanity_Fair_1847
"Frederick Bullock , Esq .",I,0,3,Vanity_Fair_1847
"Frederick Bullock , Esq .",A,0,3,Vanity_Fair_1847
"Frederick Bullock , Esq .",DC,0,3,Vanity_Fair_1847
"Frederick Bullock , Esq .",DN,0,3,Vanity_Fair_1847
Fritz,N,0,3,Vanity_Fair_1847
Fritz,C,0,3,Vanity_Fair_1847
Fritz,I,0,3,Vanity_Fair_1847
Fritz,A,0,3,Vanity_Fair_1847
Fritz,DC,0,3,Vanity_Fair_1847
Fritz,DN,0,3,Vanity_Fair_1847
Gad,N,0,3,Vanity_Fair_1847
Gad,C,0,3,Vanity_Fair_1847
Gad,I,0,3,Vanity_Fair_1847
Gad,A,0,3,Vanity_Fair_1847
Gad,DC,0,3,Vanity_Fair_1847
Gad,DN,0,3,Vanity_Fair_1847
General Tufto,N,0,3,Vanity_Fair_1847
General Tufto,C,0,3,Vanity_Fair_1847
General Tufto,I,0,3,Vanity_Fair_1847
General Tufto,A,0,3,Vanity_Fair_1847
General Tufto,DC,0,3,Vanity_Fair_1847
General Tufto,DN,0,3,Vanity_Fair_1847
George,N,0,3,Vanity_Fair_1847
George,C,0,3,Vanity_Fair_1847
George,I,0,3,Vanity_Fair_1847
George,A,0,3,Vanity_Fair_1847
George,DC,0,3,Vanity_Fair_1847
George,DN,0,3,Vanity_Fair_1847
Georgy,N,0,3,Vanity_Fair_1847
Georgy,C,0,3,Vanity_Fair_1847
Georgy,I,0,3,Vanity_Fair_1847
Georgy,A,0,3,Vanity_Fair_1847
Georgy,DC,0,3,Vanity_Fair_1847
Georgy,DN,0,3,Vanity_Fair_1847
Glorvina,N,0,3,Vanity_Fair_1847
Glorvina,C,0,3,Vanity_Fair_1847
Glorvina,I,0,3,Vanity_Fair_1847
Glorvina,A,0,3,Vanity_Fair_1847
Glorvina,DC,0,3,Vanity_Fair_1847
Glorvina,DN,0,3,Vanity_Fair_1847
God,N,0,3,Vanity_Fair_1847
God,C,0,3,Vanity_Fair_1847
God,I,0,3,Vanity_Fair_1847
God,A,0,3,Vanity_Fair_1847
God,DC,0,3,Vanity_Fair_1847
God,DN,0,3,Vanity_Fair_1847
Grandpapa,N,0,3,Vanity_Fair_1847
Grandpapa,C,0,3,Vanity_Fair_1847
Grandpapa,I,0,3,Vanity_Fair_1847
Grandpapa,A,0,3,Vanity_Fair_1847
Grandpapa,DC,0,3,Vanity_Fair_1847
Grandpapa,DN,0,3,Vanity_Fair_1847
Gulielmo Dobbin,N,0,3,Vanity_Fair_1847
Gulielmo Dobbin,C,0,3,Vanity_Fair_1847
Gulielmo Dobbin,I,0,3,Vanity_Fair_1847
Gulielmo Dobbin,A,0,3,Vanity_Fair_1847
Gulielmo Dobbin,DC,0,3,Vanity_Fair_1847
Gulielmo Dobbin,DN,0,3,Vanity_Fair_1847
H. E.,N,0,3,Vanity_Fair_1847
H. E.,C,0,3,Vanity_Fair_1847
H. E.,I,0,3,Vanity_Fair_1847
H. E.,A,0,3,Vanity_Fair_1847
H. E.,DC,0,3,Vanity_Fair_1847
H. E.,DN,0,3,Vanity_Fair_1847
Heaven,N,0,3,Vanity_Fair_1847
Heaven,C,0,3,Vanity_Fair_1847
Heaven,I,0,3,Vanity_Fair_1847
Heaven,A,0,3,Vanity_Fair_1847
Heaven,DC,0,3,Vanity_Fair_1847
Heaven,DN,0,3,Vanity_Fair_1847
Heavytop,N,0,3,Vanity_Fair_1847
Heavytop,C,0,3,Vanity_Fair_1847
Heavytop,I,0,3,Vanity_Fair_1847
Heavytop,A,0,3,Vanity_Fair_1847
Heavytop,DC,0,3,Vanity_Fair_1847
Heavytop,DN,0,3,Vanity_Fair_1847
Hester,N,0,3,Vanity_Fair_1847
Hester,C,0,3,Vanity_Fair_1847
Hester,I,0,3,Vanity_Fair_1847
Hester,A,0,3,Vanity_Fair_1847
Hester,DC,0,3,Vanity_Fair_1847
Hester,DN,0,3,Vanity_Fair_1847
Hulker,N,0,3,Vanity_Fair_1847
Hulker,C,0,3,Vanity_Fair_1847
Hulker,I,0,3,Vanity_Fair_1847
Hulker,A,0,3,Vanity_Fair_1847
Hulker,DC,0,3,Vanity_Fair_1847
Hulker,DN,0,3,Vanity_Fair_1847
Isidor,N,0,3,Vanity_Fair_1847
Isidor,C,0,3,Vanity_Fair_1847
Isidor,I,0,3,Vanity_Fair_1847
Isidor,A,0,3,Vanity_Fair_1847
Isidor,DC,0,3,Vanity_Fair_1847
Isidor,DN,0,3,Vanity_Fair_1847
Jack,N,0,3,Vanity_Fair_1847
Jack,C,0,3,Vanity_Fair_1847
Jack,I,0,3,Vanity_Fair_1847
Jack,A,0,3,Vanity_Fair_1847
Jack,DC,0,3,Vanity_Fair_1847
Jack,DN,0,3,Vanity_Fair_1847
James,N,0,3,Vanity_Fair_1847
James,C,0,3,Vanity_Fair_1847
James,I,0,3,Vanity_Fair_1847
James,A,0,3,Vanity_Fair_1847
James,DC,0,3,Vanity_Fair_1847
James,DN,0,3,Vanity_Fair_1847
Jenkins,N,0,3,Vanity_Fair_1847
Jenkins,C,0,3,Vanity_Fair_1847
Jenkins,I,0,3,Vanity_Fair_1847
Jenkins,A,0,3,Vanity_Fair_1847
Jenkins,DC,0,3,Vanity_Fair_1847
Jenkins,DN,0,3,Vanity_Fair_1847
Jim,N,0,3,Vanity_Fair_1847
Jim,C,0,3,Vanity_Fair_1847
Jim,I,0,3,Vanity_Fair_1847
Jim,A,0,3,Vanity_Fair_1847
Jim,DC,0,3,Vanity_Fair_1847
Jim,DN,0,3,Vanity_Fair_1847
John,N,0,3,Vanity_Fair_1847
John,C,0,3,Vanity_Fair_1847
John,I,0,3,Vanity_Fair_1847
John,A,0,3,Vanity_Fair_1847
John,DC,0,3,Vanity_Fair_1847
John,DN,0,3,Vanity_Fair_1847
John Osborne,N,0,3,Vanity_Fair_1847
John Osborne,C,0,3,Vanity_Fair_1847
John Osborne,I,0,3,Vanity_Fair_1847
John Osborne,A,0,3,Vanity_Fair_1847
John Osborne,DC,0,3,Vanity_Fair_1847
John Osborne,DN,0,3,Vanity_Fair_1847
John Sedley,N,0,3,Vanity_Fair_1847
John Sedley,C,0,3,Vanity_Fair_1847
John Sedley,I,0,3,Vanity_Fair_1847
John Sedley,A,0,3,Vanity_Fair_1847
John Sedley,DC,0,3,Vanity_Fair_1847
John Sedley,DN,0,3,Vanity_Fair_1847
John of Gaunt,N,0,3,Vanity_Fair_1847
John of Gaunt,C,0,3,Vanity_Fair_1847
John of Gaunt,I,0,3,Vanity_Fair_1847
John of Gaunt,A,0,3,Vanity_Fair_1847
John of Gaunt,DC,0,3,Vanity_Fair_1847
John of Gaunt,DN,0,3,Vanity_Fair_1847
Jones,N,0,3,Vanity_Fair_1847
Jones,C,0,3,Vanity_Fair_1847
Jones,I,0,3,Vanity_Fair_1847
Jones,A,0,3,Vanity_Fair_1847
Jones,DC,0,3,Vanity_Fair_1847
Jones,DN,0,3,Vanity_Fair_1847
Jos,N,0,3,Vanity_Fair_1847
Jos,C,0,3,Vanity_Fair_1847
Jos,I,0,3,Vanity_Fair_1847
Jos,A,0,3,Vanity_Fair_1847
Jos,DC,0,3,Vanity_Fair_1847
Jos,DN,0,3,Vanity_Fair_1847
Jove,N,0,3,Vanity_Fair_1847
Jove,C,0,3,Vanity_Fair_1847
Jove,I,0,3,Vanity_Fair_1847
Jove,A,0,3,Vanity_Fair_1847
Jove,DC,0,3,Vanity_Fair_1847
Jove,DN,0,3,Vanity_Fair_1847
Kirsch,N,0,3,Vanity_Fair_1847
Kirsch,C,0,3,Vanity_Fair_1847
Kirsch,I,0,3,Vanity_Fair_1847
Kirsch,A,0,3,Vanity_Fair_1847
Kirsch,DC,0,3,Vanity_Fair_1847
Kirsch,DN,0,3,Vanity_Fair_1847
Lady Bareacres,N,0,3,Vanity_Fair_1847
Lady Bareacres,C,0,3,Vanity_Fair_1847
Lady Bareacres,I,0,3,Vanity_Fair_1847
Lady Bareacres,A,0,3,Vanity_Fair_1847
Lady Bareacres,DC,0,3,Vanity_Fair_1847
Lady Bareacres,DN,0,3,Vanity_Fair_1847
Lady Blanche,N,0,3,Vanity_Fair_1847
Lady Blanche,C,0,3,Vanity_Fair_1847
Lady Blanche,I,0,3,Vanity_Fair_1847
Lady Blanche,A,0,3,Vanity_Fair_1847
Lady Blanche,DC,0,3,Vanity_Fair_1847
Lady Blanche,DN,0,3,Vanity_Fair_1847
Lady Crackenbury,N,0,3,Vanity_Fair_1847
Lady Crackenbury,C,0,3,Vanity_Fair_1847
Lady Crackenbury,I,0,3,Vanity_Fair_1847
Lady Crackenbury,A,0,3,Vanity_Fair_1847
Lady Crackenbury,DC,0,3,Vanity_Fair_1847
Lady Crackenbury,DN,0,3,Vanity_Fair_1847
Lady Crawley,N,0,3,Vanity_Fair_1847
Lady Crawley,C,0,3,Vanity_Fair_1847
Lady Crawley,I,0,3,Vanity_Fair_1847
Lady Crawley,A,0,3,Vanity_Fair_1847
Lady Crawley,DC,0,3,Vanity_Fair_1847
Lady Crawley,DN,0,3,Vanity_Fair_1847
Lady Dobbin,N,0,3,Vanity_Fair_1847
Lady Dobbin,C,0,3,Vanity_Fair_1847
Lady Dobbin,I,0,3,Vanity_Fair_1847
Lady Dobbin,A,0,3,Vanity_Fair_1847
Lady Dobbin,DC,0,3,Vanity_Fair_1847
Lady Dobbin,DN,0,3,Vanity_Fair_1847
Lady Fuddleston,N,0,3,Vanity_Fair_1847
Lady Fuddleston,C,0,3,Vanity_Fair_1847
Lady Fuddleston,I,0,3,Vanity_Fair_1847
Lady Fuddleston,A,0,3,Vanity_Fair_1847
Lady Fuddleston,DC,0,3,Vanity_Fair_1847
Lady Fuddleston,DN,0,3,Vanity_Fair_1847
Lady Gaunt,N,0,3,Vanity_Fair_1847
Lady Gaunt,C,0,3,Vanity_Fair_1847
Lady Gaunt,I,0,3,Vanity_Fair_1847
Lady Gaunt,A,0,3,Vanity_Fair_1847
Lady Gaunt,DC,0,3,Vanity_Fair_1847
Lady Gaunt,DN,0,3,Vanity_Fair_1847
Lady Jane,N,0,3,Vanity_Fair_1847
Lady Jane,C,0,3,Vanity_Fair_1847
Lady Jane,I,0,3,Vanity_Fair_1847
Lady Jane,A,0,3,Vanity_Fair_1847
Lady Jane,DC,0,3,Vanity_Fair_1847
Lady Jane,DN,0,3,Vanity_Fair_1847
Lady Macbeth,N,0,3,Vanity_Fair_1847
Lady Macbeth,C,0,3,Vanity_Fair_1847
Lady Macbeth,I,0,3,Vanity_Fair_1847
Lady Macbeth,A,0,3,Vanity_Fair_1847
Lady Macbeth,DC,0,3,Vanity_Fair_1847
Lady Macbeth,DN,0,3,Vanity_Fair_1847
Lady Mary Caerlyon,N,0,3,Vanity_Fair_1847
Lady Mary Caerlyon,C,0,3,Vanity_Fair_1847
Lady Mary Caerlyon,I,0,3,Vanity_Fair_1847
Lady Mary Caerlyon,A,0,3,Vanity_Fair_1847
Lady Mary Caerlyon,DC,0,3,Vanity_Fair_1847
Lady Mary Caerlyon,DN,0,3,Vanity_Fair_1847
Lady O'Dowd,N,0,3,Vanity_Fair_1847
Lady O'Dowd,C,0,3,Vanity_Fair_1847
Lady O'Dowd,I,0,3,Vanity_Fair_1847
Lady O'Dowd,A,0,3,Vanity_Fair_1847
Lady O'Dowd,DC,0,3,Vanity_Fair_1847
Lady O'Dowd,DN,0,3,Vanity_Fair_1847
Lady Partlet,N,0,3,Vanity_Fair_1847
Lady Partlet,C,0,3,Vanity_Fair_1847
Lady Partlet,I,0,3,Vanity_Fair_1847
Lady Partlet,A,0,3,Vanity_Fair_1847
Lady Partlet,DC,0,3,Vanity_Fair_1847
Lady Partlet,DN,0,3,Vanity_Fair_1847
Lady Slingstone,N,0,3,Vanity_Fair_1847
Lady Slingstone,C,0,3,Vanity_Fair_1847
Lady Slingstone,I,0,3,Vanity_Fair_1847
Lady Slingstone,A,0,3,Vanity_Fair_1847
Lady Slingstone,DC,0,3,Vanity_Fair_1847
Lady Slingstone,DN,0,3,Vanity_Fair_1847
Lady Southdown,N,0,3,Vanity_Fair_1847
Lady Southdown,C,0,3,Vanity_Fair_1847
Lady Southdown,I,0,3,Vanity_Fair_1847
Lady Southdown,A,0,3,Vanity_Fair_1847
Lady Southdown,DC,0,3,Vanity_Fair_1847
Lady Southdown,DN,0,3,Vanity_Fair_1847
Lady Squeams,N,0,3,Vanity_Fair_1847
Lady Squeams,C,0,3,Vanity_Fair_1847
Lady Squeams,I,0,3,Vanity_Fair_1847
Lady Squeams,A,0,3,Vanity_Fair_1847
Lady Squeams,DC,0,3,Vanity_Fair_1847
Lady Squeams,DN,0,3,Vanity_Fair_1847
Lady Steyne,N,0,3,Vanity_Fair_1847
Lady Steyne,C,0,3,Vanity_Fair_1847
Lady Steyne,I,0,3,Vanity_Fair_1847
Lady Steyne,A,0,3,Vanity_Fair_1847
Lady Steyne,DC,0,3,Vanity_Fair_1847
Lady Steyne,DN,0,3,Vanity_Fair_1847
Laura Martin,N,0,3,Vanity_Fair_1847
Laura Martin,C,0,3,Vanity_Fair_1847
Laura Martin,I,0,3,Vanity_Fair_1847
Laura Martin,A,0,3,Vanity_Fair_1847
Laura Martin,DC,0,3,Vanity_Fair_1847
Laura Martin,DN,0,3,Vanity_Fair_1847
Lazarus,N,0,3,Vanity_Fair_1847
Lazarus,C,0,3,Vanity_Fair_1847
Lazarus,I,0,3,Vanity_Fair_1847
Lazarus,A,0,3,Vanity_Fair_1847
Lazarus,DC,0,3,Vanity_Fair_1847
Lazarus,DN,0,3,Vanity_Fair_1847
Little Bob Suckling,N,0,3,Vanity_Fair_1847
Little Bob Suckling,C,0,3,Vanity_Fair_1847
Little Bob Suckling,I,0,3,Vanity_Fair_1847
Little Bob Suckling,A,0,3,Vanity_Fair_1847
Little Bob Suckling,DC,0,3,Vanity_Fair_1847
Little Bob Suckling,DN,0,3,Vanity_Fair_1847
Little Rawdon,N,0,3,Vanity_Fair_1847
Little Rawdon,C,0,3,Vanity_Fair_1847
Little Rawdon,I,0,3,Vanity_Fair_1847
Little Rawdon,A,0,3,Vanity_Fair_1847
Little Rawdon,DC,0,3,Vanity_Fair_1847
Little Rawdon,DN,0,3,Vanity_Fair_1847
Loll Jewab,N,0,3,Vanity_Fair_1847
Loll Jewab,C,0,3,Vanity_Fair_1847
Loll Jewab,I,0,3,Vanity_Fair_1847
Loll Jewab,A,0,3,Vanity_Fair_1847
Loll Jewab,DC,0,3,Vanity_Fair_1847
Loll Jewab,DN,0,3,Vanity_Fair_1847
Lord Bareacres,N,0,3,Vanity_Fair_1847
Lord Bareacres,C,0,3,Vanity_Fair_1847
Lord Bareacres,I,0,3,Vanity_Fair_1847
Lord Bareacres,A,0,3,Vanity_Fair_1847
Lord Bareacres,DC,0,3,Vanity_Fair_1847
Lord Bareacres,DN,0,3,Vanity_Fair_1847
Lord Binkie,N,0,3,Vanity_Fair_1847
Lord Binkie,C,0,3,Vanity_Fair_1847
Lord Binkie,I,0,3,Vanity_Fair_1847
Lord Binkie,A,0,3,Vanity_Fair_1847
Lord Binkie,DC,0,3,Vanity_Fair_1847
Lord Binkie,DN,0,3,Vanity_Fair_1847
Lord Gaunt,N,0,3,Vanity_Fair_1847
Lord Gaunt,C,0,3,Vanity_Fair_1847
Lord Gaunt,I,0,3,Vanity_Fair_1847
Lord Gaunt,A,0,3,Vanity_Fair_1847
Lord Gaunt,DC,0,3,Vanity_Fair_1847
Lord Gaunt,DN,0,3,Vanity_Fair_1847
Lord Southdown,N,0,3,Vanity_Fair_1847
Lord Southdown,C,0,3,Vanity_Fair_1847
Lord Southdown,I,0,3,Vanity_Fair_1847
Lord Southdown,A,0,3,Vanity_Fair_1847
Lord Southdown,DC,0,3,Vanity_Fair_1847
Lord Southdown,DN,0,3,Vanity_Fair_1847
Lord Steyne,N,1,3,Vanity_Fair_1847
Lord Steyne,C,0,3,Vanity_Fair_1847
Lord Steyne,I,1,3,Vanity_Fair_1847
Lord Steyne,A,0,3,Vanity_Fair_1847
Lord Steyne,DC,0,3,Vanity_Fair_1847
Lord Steyne,DN,0,3,Vanity_Fair_1847
Lord Steyne's,N,0,3,Vanity_Fair_1847
Lord Steyne's,C,0,3,Vanity_Fair_1847
Lord Steyne's,I,0,3,Vanity_Fair_1847
Lord Steyne's,A,0,3,Vanity_Fair_1847
Lord Steyne's,DC,0,3,Vanity_Fair_1847
Lord Steyne's,DN,0,3,Vanity_Fair_1847
Love,N,0,3,Vanity_Fair_1847
Love,C,0,3,Vanity_Fair_1847
Love,I,0,3,Vanity_Fair_1847
Love,A,0,3,Vanity_Fair_1847
Love,DC,0,3,Vanity_Fair_1847
Love,DN,0,3,Vanity_Fair_1847
Ma tante,N,0,3,Vanity_Fair_1847
Ma tante,C,0,3,Vanity_Fair_1847
Ma tante,I,0,3,Vanity_Fair_1847
Ma tante,A,0,3,Vanity_Fair_1847
Ma tante,DC,0,3,Vanity_Fair_1847
Ma tante,DN,0,3,Vanity_Fair_1847
Ma'am,N,0,3,Vanity_Fair_1847
Ma'am,C,0,3,Vanity_Fair_1847
Ma'am,I,0,3,Vanity_Fair_1847
Ma'am,A,0,3,Vanity_Fair_1847
Ma'am,DC,0,3,Vanity_Fair_1847
Ma'am,DN,0,3,Vanity_Fair_1847
Mac,N,0,3,Vanity_Fair_1847
Mac,C,0,3,Vanity_Fair_1847
Mac,I,0,3,Vanity_Fair_1847
Mac,A,0,3,Vanity_Fair_1847
Mac,DC,0,3,Vanity_Fair_1847
Mac,DN,0,3,Vanity_Fair_1847
Macmurdo,N,0,3,Vanity_Fair_1847
Macmurdo,C,0,3,Vanity_Fair_1847
Macmurdo,I,0,3,Vanity_Fair_1847
Macmurdo,A,0,3,Vanity_Fair_1847
Macmurdo,DC,0,3,Vanity_Fair_1847
Macmurdo,DN,0,3,Vanity_Fair_1847
Madame,N,0,3,Vanity_Fair_1847
Madame,C,0,3,Vanity_Fair_1847
Madame,I,0,3,Vanity_Fair_1847
Madame,A,0,3,Vanity_Fair_1847
Madame,DC,0,3,Vanity_Fair_1847
Madame,DN,0,3,Vanity_Fair_1847
Madame Crawley,N,0,3,Vanity_Fair_1847
Madame Crawley,C,0,3,Vanity_Fair_1847
Madame Crawley,I,0,3,Vanity_Fair_1847
Madame Crawley,A,0,3,Vanity_Fair_1847
Madame Crawley,DC,0,3,Vanity_Fair_1847
Madame Crawley,DN,0,3,Vanity_Fair_1847
Madame Lederlung,N,0,3,Vanity_Fair_1847
Madame Lederlung,C,0,3,Vanity_Fair_1847
Madame Lederlung,I,0,3,Vanity_Fair_1847
Madame Lederlung,A,0,3,Vanity_Fair_1847
Madame Lederlung,DC,0,3,Vanity_Fair_1847
Madame Lederlung,DN,0,3,Vanity_Fair_1847
Madame Strumpff,N,0,3,Vanity_Fair_1847
Madame Strumpff,C,0,3,Vanity_Fair_1847
Madame Strumpff,I,0,3,Vanity_Fair_1847
Madame Strumpff,A,0,3,Vanity_Fair_1847
Madame Strumpff,DC,0,3,Vanity_Fair_1847
Madame Strumpff,DN,0,3,Vanity_Fair_1847
Madame de Belladonna,N,0,3,Vanity_Fair_1847
Madame de Belladonna,C,0,3,Vanity_Fair_1847
Madame de Belladonna,I,0,3,Vanity_Fair_1847
Madame de Belladonna,A,0,3,Vanity_Fair_1847
Madame de Belladonna,DC,0,3,Vanity_Fair_1847
Madame de Belladonna,DN,0,3,Vanity_Fair_1847
Madame de Borodino,N,0,3,Vanity_Fair_1847
Madame de Borodino,C,0,3,Vanity_Fair_1847
Madame de Borodino,I,0,3,Vanity_Fair_1847
Madame de Borodino,A,0,3,Vanity_Fair_1847
Madame de Borodino,DC,0,3,Vanity_Fair_1847
Madame de Borodino,DN,0,3,Vanity_Fair_1847
Mademoiselle Fifine,N,0,3,Vanity_Fair_1847
Mademoiselle Fifine,C,0,3,Vanity_Fair_1847
Mademoiselle Fifine,I,0,3,Vanity_Fair_1847
Mademoiselle Fifine,A,0,3,Vanity_Fair_1847
Mademoiselle Fifine,DC,0,3,Vanity_Fair_1847
Mademoiselle Fifine,DN,0,3,Vanity_Fair_1847
Major Loder,N,0,3,Vanity_Fair_1847
Major Loder,C,0,3,Vanity_Fair_1847
Major Loder,I,0,3,Vanity_Fair_1847
Major Loder,A,0,3,Vanity_Fair_1847
Major Loder,DC,0,3,Vanity_Fair_1847
Major Loder,DN,0,3,Vanity_Fair_1847
Major Sugarplums,N,0,3,Vanity_Fair_1847
Major Sugarplums,C,0,3,Vanity_Fair_1847
Major Sugarplums,I,0,3,Vanity_Fair_1847
Major Sugarplums,A,0,3,Vanity_Fair_1847
Major Sugarplums,DC,0,3,Vanity_Fair_1847
Major Sugarplums,DN,0,3,Vanity_Fair_1847
Mamma,N,0,3,Vanity_Fair_1847
Mamma,C,0,3,Vanity_Fair_1847
Mamma,I,0,3,Vanity_Fair_1847
Mamma,A,0,3,Vanity_Fair_1847
Mamma,DC,0,3,Vanity_Fair_1847
Mamma,DN,0,3,Vanity_Fair_1847
Maria,N,0,3,Vanity_Fair_1847
Maria,C,0,3,Vanity_Fair_1847
Maria,I,0,3,Vanity_Fair_1847
Maria,A,0,3,Vanity_Fair_1847
Maria,DC,0,3,Vanity_Fair_1847
Maria,DN,0,3,Vanity_Fair_1847
Master Alderney,N,0,3,Vanity_Fair_1847
Master Alderney,C,0,3,Vanity_Fair_1847
Master Alderney,I,0,3,Vanity_Fair_1847
Master Alderney,A,0,3,Vanity_Fair_1847
Master Alderney,DC,0,3,Vanity_Fair_1847
Master Alderney,DN,0,3,Vanity_Fair_1847
Matilda,N,0,3,Vanity_Fair_1847
Matilda,C,0,3,Vanity_Fair_1847
Matilda,I,0,3,Vanity_Fair_1847
Matilda,A,0,3,Vanity_Fair_1847
Matilda,DC,0,3,Vanity_Fair_1847
Matilda,DN,0,3,Vanity_Fair_1847
Max,N,0,3,Vanity_Fair_1847
Max,C,0,3,Vanity_Fair_1847
Max,I,0,3,Vanity_Fair_1847
Max,A,0,3,Vanity_Fair_1847
Max,DC,0,3,Vanity_Fair_1847
Max,DN,0,3,Vanity_Fair_1847
Mesrour,N,0,3,Vanity_Fair_1847
Mesrour,C,0,3,Vanity_Fair_1847
Mesrour,I,0,3,Vanity_Fair_1847
Mesrour,A,0,3,Vanity_Fair_1847
Mesrour,DC,0,3,Vanity_Fair_1847
Mesrour,DN,0,3,Vanity_Fair_1847
Messrs. Jones,N,0,3,Vanity_Fair_1847
Messrs. Jones,C,0,3,Vanity_Fair_1847
Messrs. Jones,I,0,3,Vanity_Fair_1847
Messrs. Jones,A,0,3,Vanity_Fair_1847
Messrs. Jones,DC,0,3,Vanity_Fair_1847
Messrs. Jones,DN,0,3,Vanity_Fair_1847
Mick,N,0,3,Vanity_Fair_1847
Mick,C,0,3,Vanity_Fair_1847
Mick,I,0,3,Vanity_Fair_1847
Mick,A,0,3,Vanity_Fair_1847
Mick,DC,0,3,Vanity_Fair_1847
Mick,DN,0,3,Vanity_Fair_1847
Milor,N,0,3,Vanity_Fair_1847
Milor,C,0,3,Vanity_Fair_1847
Milor,I,0,3,Vanity_Fair_1847
Milor,A,0,3,Vanity_Fair_1847
Milor,DC,0,3,Vanity_Fair_1847
Milor,DN,0,3,Vanity_Fair_1847
Minerva,N,0,3,Vanity_Fair_1847
Minerva,C,0,3,Vanity_Fair_1847
Minerva,I,0,3,Vanity_Fair_1847
Minerva,A,0,3,Vanity_Fair_1847
Minerva,DC,0,3,Vanity_Fair_1847
Minerva,DN,0,3,Vanity_Fair_1847
Miss,N,0,3,Vanity_Fair_1847
Miss,C,0,3,Vanity_Fair_1847
Miss,I,0,3,Vanity_Fair_1847
Miss,A,0,3,Vanity_Fair_1847
Miss,DC,0,3,Vanity_Fair_1847
Miss,DN,0,3,Vanity_Fair_1847
Miss Ann,N,0,3,Vanity_Fair_1847
Miss Ann,C,0,3,Vanity_Fair_1847
Miss Ann,I,0,3,Vanity_Fair_1847
Miss Ann,A,0,3,Vanity_Fair_1847
Miss Ann,DC,0,3,Vanity_Fair_1847
Miss Ann,DN,0,3,Vanity_Fair_1847
Miss B.,N,0,3,Vanity_Fair_1847
Miss B.,C,0,3,Vanity_Fair_1847
Miss B.,I,0,3,Vanity_Fair_1847
Miss B.,A,0,3,Vanity_Fair_1847
Miss B.,DC,0,3,Vanity_Fair_1847
Miss B.,DN,0,3,Vanity_Fair_1847
Miss Brown,N,0,3,Vanity_Fair_1847
Miss Brown,C,0,3,Vanity_Fair_1847
Miss Brown,I,0,3,Vanity_Fair_1847
Miss Brown,A,0,3,Vanity_Fair_1847
Miss Brown,DC,0,3,Vanity_Fair_1847
Miss Brown,DN,0,3,Vanity_Fair_1847
Miss Clapp,N,0,3,Vanity_Fair_1847
Miss Clapp,C,0,3,Vanity_Fair_1847
Miss Clapp,I,0,3,Vanity_Fair_1847
Miss Clapp,A,0,3,Vanity_Fair_1847
Miss Clapp,DC,0,3,Vanity_Fair_1847
Miss Clapp,DN,0,3,Vanity_Fair_1847
Miss Crawley,N,0,3,Vanity_Fair_1847
Miss Crawley,C,0,3,Vanity_Fair_1847
Miss Crawley,I,0,3,Vanity_Fair_1847
Miss Crawley,A,0,3,Vanity_Fair_1847
Miss Crawley,DC,0,3,Vanity_Fair_1847
Miss Crawley,DN,0,3,Vanity_Fair_1847
Miss Hawky,N,0,3,Vanity_Fair_1847
Miss Hawky,C,0,3,Vanity_Fair_1847
Miss Hawky,I,0,3,Vanity_Fair_1847
Miss Hawky,A,0,3,Vanity_Fair_1847
Miss Hawky,DC,0,3,Vanity_Fair_1847
Miss Hawky,DN,0,3,Vanity_Fair_1847
Miss Horrocks,N,0,3,Vanity_Fair_1847
Miss Horrocks,C,0,3,Vanity_Fair_1847
Miss Horrocks,I,0,3,Vanity_Fair_1847
Miss Horrocks,A,0,3,Vanity_Fair_1847
Miss Horrocks,DC,0,3,Vanity_Fair_1847
Miss Horrocks,DN,0,3,Vanity_Fair_1847
Miss MacWhirter,N,0,3,Vanity_Fair_1847
Miss MacWhirter,C,0,3,Vanity_Fair_1847
Miss MacWhirter,I,0,3,Vanity_Fair_1847
Miss MacWhirter,A,0,3,Vanity_Fair_1847
Miss MacWhirter,DC,0,3,Vanity_Fair_1847
Miss MacWhirter,DN,0,3,Vanity_Fair_1847
Miss Malony,N,0,3,Vanity_Fair_1847
Miss Malony,C,0,3,Vanity_Fair_1847
Miss Malony,I,0,3,Vanity_Fair_1847
Miss Malony,A,0,3,Vanity_Fair_1847
Miss Malony,DC,0,3,Vanity_Fair_1847
Miss Malony,DN,0,3,Vanity_Fair_1847
Miss Moss,N,0,3,Vanity_Fair_1847
Miss Moss,C,0,3,Vanity_Fair_1847
Miss Moss,I,0,3,Vanity_Fair_1847
Miss Moss,A,0,3,Vanity_Fair_1847
Miss Moss,DC,0,3,Vanity_Fair_1847
Miss Moss,DN,0,3,Vanity_Fair_1847
Miss O.,N,0,3,Vanity_Fair_1847
Miss O.,C,0,3,Vanity_Fair_1847
Miss O.,I,0,3,Vanity_Fair_1847
Miss O.,A,0,3,Vanity_Fair_1847
Miss O.,DC,0,3,Vanity_Fair_1847
Miss O.,DN,0,3,Vanity_Fair_1847
Miss Osborne,N,0,3,Vanity_Fair_1847
Miss Osborne,C,0,3,Vanity_Fair_1847
Miss Osborne,I,0,3,Vanity_Fair_1847
Miss Osborne,A,0,3,Vanity_Fair_1847
Miss Osborne,DC,0,3,Vanity_Fair_1847
Miss Osborne,DN,0,3,Vanity_Fair_1847
Miss Pinkerton,N,0,3,Vanity_Fair_1847
Miss Pinkerton,C,0,3,Vanity_Fair_1847
Miss Pinkerton,I,0,3,Vanity_Fair_1847
Miss Pinkerton,A,0,3,Vanity_Fair_1847
Miss Pinkerton,DC,0,3,Vanity_Fair_1847
Miss Pinkerton,DN,0,3,Vanity_Fair_1847
Miss Polly,N,0,3,Vanity_Fair_1847
Miss Polly,C,0,3,Vanity_Fair_1847
Miss Polly,I,0,3,Vanity_Fair_1847
Miss Polly,A,0,3,Vanity_Fair_1847
Miss Polly,DC,0,3,Vanity_Fair_1847
Miss Polly,DN,0,3,Vanity_Fair_1847
Miss Saltire,N,0,3,Vanity_Fair_1847
Miss Saltire,C,0,3,Vanity_Fair_1847
Miss Saltire,I,0,3,Vanity_Fair_1847
Miss Saltire,A,0,3,Vanity_Fair_1847
Miss Saltire,DC,0,3,Vanity_Fair_1847
Miss Saltire,DN,0,3,Vanity_Fair_1847
Miss Swartz,N,0,3,Vanity_Fair_1847
Miss Swartz,C,0,3,Vanity_Fair_1847
Miss Swartz,I,0,3,Vanity_Fair_1847
Miss Swartz,A,0,3,Vanity_Fair_1847
Miss Swartz,DC,0,3,Vanity_Fair_1847
Miss Swartz,DN,0,3,Vanity_Fair_1847
Miss Toady,N,0,3,Vanity_Fair_1847
Miss Toady,C,0,3,Vanity_Fair_1847
Miss Toady,I,0,3,Vanity_Fair_1847
Miss Toady,A,0,3,Vanity_Fair_1847
Miss Toady,DC,0,3,Vanity_Fair_1847
Miss Toady,DN,0,3,Vanity_Fair_1847
Miss Violet,N,0,3,Vanity_Fair_1847
Miss Violet,C,0,3,Vanity_Fair_1847
Miss Violet,I,0,3,Vanity_Fair_1847
Miss Violet,A,0,3,Vanity_Fair_1847
Miss Violet,DC,0,3,Vanity_Fair_1847
Miss Violet,DN,0,3,Vanity_Fair_1847
Miss Wirt,N,0,3,Vanity_Fair_1847
Miss Wirt,C,0,3,Vanity_Fair_1847
Miss Wirt,I,0,3,Vanity_Fair_1847
Miss Wirt,A,0,3,Vanity_Fair_1847
Miss Wirt,DC,0,3,Vanity_Fair_1847
Miss Wirt,DN,0,3,Vanity_Fair_1847
Molly,N,0,3,Vanity_Fair_1847
Molly,C,0,3,Vanity_Fair_1847
Molly,I,0,3,Vanity_Fair_1847
Molly,A,0,3,Vanity_Fair_1847
Molly,DC,0,3,Vanity_Fair_1847
Molly,DN,0,3,Vanity_Fair_1847
Monseigneur,N,0,3,Vanity_Fair_1847
Monseigneur,C,0,3,Vanity_Fair_1847
Monseigneur,I,0,3,Vanity_Fair_1847
Monseigneur,A,0,3,Vanity_Fair_1847
Monseigneur,DC,0,3,Vanity_Fair_1847
Monseigneur,DN,0,3,Vanity_Fair_1847
Monsieur Fiche,N,0,3,Vanity_Fair_1847
Monsieur Fiche,C,0,3,Vanity_Fair_1847
Monsieur Fiche,I,0,3,Vanity_Fair_1847
Monsieur Fiche,A,0,3,Vanity_Fair_1847
Monsieur Fiche,DC,0,3,Vanity_Fair_1847
Monsieur Fiche,DN,0,3,Vanity_Fair_1847
Mother,N,0,3,Vanity_Fair_1847
Mother,C,0,3,Vanity_Fair_1847
Mother,I,0,3,Vanity_Fair_1847
Mother,A,0,3,Vanity_Fair_1847
Mother,DC,0,3,Vanity_Fair_1847
Mother,DN,0,3,Vanity_Fair_1847
Mr. Binny,N,0,3,Vanity_Fair_1847
Mr. Binny,C,0,3,Vanity_Fair_1847
Mr. Binny,I,0,3,Vanity_Fair_1847
Mr. Binny,A,0,3,Vanity_Fair_1847
Mr. Binny,DC,0,3,Vanity_Fair_1847
Mr. Binny,DN,0,3,Vanity_Fair_1847
Mr. Bowls,N,0,3,Vanity_Fair_1847
Mr. Bowls,C,0,3,Vanity_Fair_1847
Mr. Bowls,I,0,3,Vanity_Fair_1847
Mr. Bowls,A,0,3,Vanity_Fair_1847
Mr. Bowls,DC,0,3,Vanity_Fair_1847
Mr. Bowls,DN,0,3,Vanity_Fair_1847
Mr. Brown,N,0,3,Vanity_Fair_1847
Mr. Brown,C,0,3,Vanity_Fair_1847
Mr. Brown,I,0,3,Vanity_Fair_1847
Mr. Brown,A,0,3,Vanity_Fair_1847
Mr. Brown,DC,0,3,Vanity_Fair_1847
Mr. Brown,DN,0,3,Vanity_Fair_1847
Mr. Bullock,N,0,3,Vanity_Fair_1847
Mr. Bullock,C,0,3,Vanity_Fair_1847
Mr. Bullock,I,0,3,Vanity_Fair_1847
Mr. Bullock,A,0,3,Vanity_Fair_1847
Mr. Bullock,DC,0,3,Vanity_Fair_1847
Mr. Bullock,DN,0,3,Vanity_Fair_1847
Mr. Chopper,N,0,3,Vanity_Fair_1847
Mr. Chopper,C,0,3,Vanity_Fair_1847
Mr. Chopper,I,0,3,Vanity_Fair_1847
Mr. Chopper,A,0,3,Vanity_Fair_1847
Mr. Chopper,DC,0,3,Vanity_Fair_1847
Mr. Chopper,DN,0,3,Vanity_Fair_1847
Mr. Clapp,N,0,3,Vanity_Fair_1847
Mr. Clapp,C,0,3,Vanity_Fair_1847
Mr. Clapp,I,0,3,Vanity_Fair_1847
Mr. Clapp,A,0,3,Vanity_Fair_1847
Mr. Clapp,DC,0,3,Vanity_Fair_1847
Mr. Clapp,DN,0,3,Vanity_Fair_1847
Mr. Clump,N,0,3,Vanity_Fair_1847
Mr. Clump,C,0,3,Vanity_Fair_1847
Mr. Clump,I,0,3,Vanity_Fair_1847
Mr. Clump,A,0,3,Vanity_Fair_1847
Mr. Clump,DC,0,3,Vanity_Fair_1847
Mr. Clump,DN,0,3,Vanity_Fair_1847
Mr. Crawley,N,0,3,Vanity_Fair_1847
Mr. Crawley,C,0,3,Vanity_Fair_1847
Mr. Crawley,I,0,3,Vanity_Fair_1847
Mr. Crawley,A,0,3,Vanity_Fair_1847
Mr. Crawley,DC,0,3,Vanity_Fair_1847
Mr. Crawley,DN,0,3,Vanity_Fair_1847
Mr. Creamer,N,0,3,Vanity_Fair_1847
Mr. Creamer,C,0,3,Vanity_Fair_1847
Mr. Creamer,I,0,3,Vanity_Fair_1847
Mr. Creamer,A,0,3,Vanity_Fair_1847
Mr. Creamer,DC,0,3,Vanity_Fair_1847
Mr. Creamer,DN,0,3,Vanity_Fair_1847
Mr. Crisp,N,0,3,Vanity_Fair_1847
Mr. Crisp,C,0,3,Vanity_Fair_1847
Mr. Crisp,I,0,3,Vanity_Fair_1847
Mr. Crisp,A,0,3,Vanity_Fair_1847
Mr. Crisp,DC,0,3,Vanity_Fair_1847
Mr. Crisp,DN,0,3,Vanity_Fair_1847
Mr. Eagles,N,0,3,Vanity_Fair_1847
Mr. Eagles,C,0,3,Vanity_Fair_1847
Mr. Eagles,I,0,3,Vanity_Fair_1847
Mr. Eagles,A,0,3,Vanity_Fair_1847
Mr. Eagles,DC,0,3,Vanity_Fair_1847
Mr. Eagles,DN,0,3,Vanity_Fair_1847
Mr. Eaves,N,0,3,Vanity_Fair_1847
Mr. Eaves,C,0,3,Vanity_Fair_1847
Mr. Eaves,I,0,3,Vanity_Fair_1847
Mr. Eaves,A,0,3,Vanity_Fair_1847
Mr. Eaves,DC,0,3,Vanity_Fair_1847
Mr. Eaves,DN,0,3,Vanity_Fair_1847
Mr. Fiche,N,0,3,Vanity_Fair_1847
Mr. Fiche,C,0,3,Vanity_Fair_1847
Mr. Fiche,I,0,3,Vanity_Fair_1847
Mr. Fiche,A,0,3,Vanity_Fair_1847
Mr. Fiche,DC,0,3,Vanity_Fair_1847
Mr. Fiche,DN,0,3,Vanity_Fair_1847
Mr. Fox,N,0,3,Vanity_Fair_1847
Mr. Fox,C,0,3,Vanity_Fair_1847
Mr. Fox,I,0,3,Vanity_Fair_1847
Mr. Fox,A,0,3,Vanity_Fair_1847
Mr. Fox,DC,0,3,Vanity_Fair_1847
Mr. Fox,DN,0,3,Vanity_Fair_1847
Mr. Hammerdown,N,0,3,Vanity_Fair_1847
Mr. Hammerdown,C,0,3,Vanity_Fair_1847
Mr. Hammerdown,I,0,3,Vanity_Fair_1847
Mr. Hammerdown,A,0,3,Vanity_Fair_1847
Mr. Hammerdown,DC,0,3,Vanity_Fair_1847
Mr. Hammerdown,DN,0,3,Vanity_Fair_1847
Mr. Higgs,N,0,3,Vanity_Fair_1847
Mr. Higgs,C,0,3,Vanity_Fair_1847
Mr. Higgs,I,0,3,Vanity_Fair_1847
Mr. Higgs,A,0,3,Vanity_Fair_1847
Mr. Higgs,DC,0,3,Vanity_Fair_1847
Mr. Higgs,DN,0,3,Vanity_Fair_1847
Mr. Hodson,N,0,3,Vanity_Fair_1847
Mr. Hodson,C,0,3,Vanity_Fair_1847
Mr. Hodson,I,0,3,Vanity_Fair_1847
Mr. Hodson,A,0,3,Vanity_Fair_1847
Mr. Hodson,DC,0,3,Vanity_Fair_1847
Mr. Hodson,DN,0,3,Vanity_Fair_1847
Mr. Horrocks,N,0,3,Vanity_Fair_1847
Mr. Horrocks,C,0,3,Vanity_Fair_1847
Mr. Horrocks,I,0,3,Vanity_Fair_1847
Mr. Horrocks,A,0,3,Vanity_Fair_1847
Mr. Horrocks,DC,0,3,Vanity_Fair_1847
Mr. Horrocks,DN,0,3,Vanity_Fair_1847
Mr. Humphrey Clinker,N,0,3,Vanity_Fair_1847
Mr. Humphrey Clinker,C,0,3,Vanity_Fair_1847
Mr. Humphrey Clinker,I,0,3,Vanity_Fair_1847
Mr. Humphrey Clinker,A,0,3,Vanity_Fair_1847
Mr. Humphrey Clinker,DC,0,3,Vanity_Fair_1847
Mr. Humphrey Clinker,DN,0,3,Vanity_Fair_1847
Mr. John Thomas Dawson,N,0,3,Vanity_Fair_1847
Mr. John Thomas Dawson,C,0,3,Vanity_Fair_1847
Mr. John Thomas Dawson,I,0,3,Vanity_Fair_1847
Mr. John Thomas Dawson,A,0,3,Vanity_Fair_1847
Mr. John Thomas Dawson,DC,0,3,Vanity_Fair_1847
Mr. John Thomas Dawson,DN,0,3,Vanity_Fair_1847
Mr. Lewis,N,0,3,Vanity_Fair_1847
Mr. Lewis,C,0,3,Vanity_Fair_1847
Mr. Lewis,I,0,3,Vanity_Fair_1847
Mr. Lewis,A,0,3,Vanity_Fair_1847
Mr. Lewis,DC,0,3,Vanity_Fair_1847
Mr. Lewis,DN,0,3,Vanity_Fair_1847
Mr. Moss,N,0,3,Vanity_Fair_1847
Mr. Moss,C,0,3,Vanity_Fair_1847
Mr. Moss,I,0,3,Vanity_Fair_1847
Mr. Moss,A,0,3,Vanity_Fair_1847
Mr. Moss,DC,0,3,Vanity_Fair_1847
Mr. Moss,DN,0,3,Vanity_Fair_1847
Mr. Osborne,N,0,3,Vanity_Fair_1847
Mr. Osborne,C,0,3,Vanity_Fair_1847
Mr. Osborne,I,0,3,Vanity_Fair_1847
Mr. Osborne,A,0,3,Vanity_Fair_1847
Mr. Osborne,DC,0,3,Vanity_Fair_1847
Mr. Osborne,DN,0,3,Vanity_Fair_1847
Mr. Pestler,N,0,3,Vanity_Fair_1847
Mr. Pestler,C,0,3,Vanity_Fair_1847
Mr. Pestler,I,0,3,Vanity_Fair_1847
Mr. Pestler,A,0,3,Vanity_Fair_1847
Mr. Pestler,DC,0,3,Vanity_Fair_1847
Mr. Pestler,DN,0,3,Vanity_Fair_1847
Mr. Poe,N,0,3,Vanity_Fair_1847
Mr. Poe,C,0,3,Vanity_Fair_1847
Mr. Poe,I,0,3,Vanity_Fair_1847
Mr. Poe,A,0,3,Vanity_Fair_1847
Mr. Poe,DC,0,3,Vanity_Fair_1847
Mr. Poe,DN,0,3,Vanity_Fair_1847
Mr. Rowson,N,0,3,Vanity_Fair_1847
Mr. Rowson,C,0,3,Vanity_Fair_1847
Mr. Rowson,I,0,3,Vanity_Fair_1847
Mr. Rowson,A,0,3,Vanity_Fair_1847
Mr. Rowson,DC,0,3,Vanity_Fair_1847
Mr. Rowson,DN,0,3,Vanity_Fair_1847
Mr. S.,N,0,3,Vanity_Fair_1847
Mr. S.,C,0,3,Vanity_Fair_1847
Mr. S.,I,0,3,Vanity_Fair_1847
Mr. S.,A,0,3,Vanity_Fair_1847
Mr. S.,DC,0,3,Vanity_Fair_1847
Mr. S.,DN,0,3,Vanity_Fair_1847
Mr. Smee,N,0,3,Vanity_Fair_1847
Mr. Smee,C,0,3,Vanity_Fair_1847
Mr. Smee,I,0,3,Vanity_Fair_1847
Mr. Smee,A,0,3,Vanity_Fair_1847
Mr. Smee,DC,0,3,Vanity_Fair_1847
Mr. Smee,DN,0,3,Vanity_Fair_1847
Mr. Stubble,N,0,3,Vanity_Fair_1847
Mr. Stubble,C,0,3,Vanity_Fair_1847
Mr. Stubble,I,0,3,Vanity_Fair_1847
Mr. Stubble,A,0,3,Vanity_Fair_1847
Mr. Stubble,DC,0,3,Vanity_Fair_1847
Mr. Stubble,DN,0,3,Vanity_Fair_1847
Mr. Trotter,N,0,3,Vanity_Fair_1847
Mr. Trotter,C,0,3,Vanity_Fair_1847
Mr. Trotter,I,0,3,Vanity_Fair_1847
Mr. Trotter,A,0,3,Vanity_Fair_1847
Mr. Trotter,DC,0,3,Vanity_Fair_1847
Mr. Trotter,DN,0,3,Vanity_Fair_1847
Mr. Veal,N,0,3,Vanity_Fair_1847
Mr. Veal,C,0,3,Vanity_Fair_1847
Mr. Veal,I,0,3,Vanity_Fair_1847
Mr. Veal,A,0,3,Vanity_Fair_1847
Mr. Veal,DC,0,3,Vanity_Fair_1847
Mr. Veal,DN,0,3,Vanity_Fair_1847
Mr. Wagg,N,0,3,Vanity_Fair_1847
Mr. Wagg,C,0,3,Vanity_Fair_1847
Mr. Wagg,I,0,3,Vanity_Fair_1847
Mr. Wagg,A,0,3,Vanity_Fair_1847
Mr. Wagg,DC,0,3,Vanity_Fair_1847
Mr. Wagg,DN,0,3,Vanity_Fair_1847
Mr. Wenham,N,0,3,Vanity_Fair_1847
Mr. Wenham,C,0,3,Vanity_Fair_1847
Mr. Wenham,I,0,3,Vanity_Fair_1847
Mr. Wenham,A,0,3,Vanity_Fair_1847
Mr. Wenham,DC,0,3,Vanity_Fair_1847
Mr. Wenham,DN,0,3,Vanity_Fair_1847
Mr. Wilberforce,N,0,3,Vanity_Fair_1847
Mr. Wilberforce,C,0,3,Vanity_Fair_1847
Mr. Wilberforce,I,0,3,Vanity_Fair_1847
Mr. Wilberforce,A,0,3,Vanity_Fair_1847
Mr. Wilberforce,DC,0,3,Vanity_Fair_1847
Mr. Wilberforce,DN,0,3,Vanity_Fair_1847
Mrs.,N,0,3,Vanity_Fair_1847
Mrs.,C,0,3,Vanity_Fair_1847
Mrs.,I,0,3,Vanity_Fair_1847
Mrs.,A,0,3,Vanity_Fair_1847
Mrs.,DC,0,3,Vanity_Fair_1847
Mrs.,DN,0,3,Vanity_Fair_1847
Mrs. Blenkinsop,N,0,3,Vanity_Fair_1847
Mrs. Blenkinsop,C,0,3,Vanity_Fair_1847
Mrs. Blenkinsop,I,0,3,Vanity_Fair_1847
Mrs. Blenkinsop,A,0,3,Vanity_Fair_1847
Mrs. Blenkinsop,DC,0,3,Vanity_Fair_1847
Mrs. Blenkinsop,DN,0,3,Vanity_Fair_1847
Mrs. Bowls,N,0,3,Vanity_Fair_1847
Mrs. Bowls,C,0,3,Vanity_Fair_1847
Mrs. Bowls,I,0,3,Vanity_Fair_1847
Mrs. Bowls,A,0,3,Vanity_Fair_1847
Mrs. Bowls,DC,0,3,Vanity_Fair_1847
Mrs. Bowls,DN,0,3,Vanity_Fair_1847
Mrs. Brown,N,0,3,Vanity_Fair_1847
Mrs. Brown,C,0,3,Vanity_Fair_1847
Mrs. Brown,I,0,3,Vanity_Fair_1847
Mrs. Brown,A,0,3,Vanity_Fair_1847
Mrs. Brown,DC,0,3,Vanity_Fair_1847
Mrs. Brown,DN,0,3,Vanity_Fair_1847
Mrs. Burjoice,N,0,3,Vanity_Fair_1847
Mrs. Burjoice,C,0,3,Vanity_Fair_1847
Mrs. Burjoice,I,0,3,Vanity_Fair_1847
Mrs. Burjoice,A,0,3,Vanity_Fair_1847
Mrs. Burjoice,DC,0,3,Vanity_Fair_1847
Mrs. Burjoice,DN,0,3,Vanity_Fair_1847
Mrs. Bute,N,0,3,Vanity_Fair_1847
Mrs. Bute,C,0,3,Vanity_Fair_1847
Mrs. Bute,I,0,3,Vanity_Fair_1847
Mrs. Bute,A,0,3,Vanity_Fair_1847
Mrs. Bute,DC,0,3,Vanity_Fair_1847
Mrs. Bute,DN,0,3,Vanity_Fair_1847
Mrs. Captain Osborne,N,0,3,Vanity_Fair_1847
Mrs. Captain Osborne,C,0,3,Vanity_Fair_1847
Mrs. Captain Osborne,I,0,3,Vanity_Fair_1847
Mrs. Captain Osborne,A,0,3,Vanity_Fair_1847
Mrs. Captain Osborne,DC,0,3,Vanity_Fair_1847
Mrs. Captain Osborne,DN,0,3,Vanity_Fair_1847
Mrs. Clapp,N,0,3,Vanity_Fair_1847
Mrs. Clapp,C,0,3,Vanity_Fair_1847
Mrs. Clapp,I,0,3,Vanity_Fair_1847
Mrs. Clapp,A,0,3,Vanity_Fair_1847
Mrs. Clapp,DC,0,3,Vanity_Fair_1847
Mrs. Clapp,DN,0,3,Vanity_Fair_1847
Mrs. Cook,N,0,3,Vanity_Fair_1847
Mrs. Cook,C,0,3,Vanity_Fair_1847
Mrs. Cook,I,0,3,Vanity_Fair_1847
Mrs. Cook,A,0,3,Vanity_Fair_1847
Mrs. Cook,DC,0,3,Vanity_Fair_1847
Mrs. Cook,DN,0,3,Vanity_Fair_1847
Mrs. Dobbin,N,0,3,Vanity_Fair_1847
Mrs. Dobbin,C,0,3,Vanity_Fair_1847
Mrs. Dobbin,I,0,3,Vanity_Fair_1847
Mrs. Dobbin,A,0,3,Vanity_Fair_1847
Mrs. Dobbin,DC,0,3,Vanity_Fair_1847
Mrs. Dobbin,DN,0,3,Vanity_Fair_1847
Mrs. Eagles,N,0,3,Vanity_Fair_1847
Mrs. Eagles,C,0,3,Vanity_Fair_1847
Mrs. Eagles,I,0,3,Vanity_Fair_1847
Mrs. Eagles,A,0,3,Vanity_Fair_1847
Mrs. Eagles,DC,0,3,Vanity_Fair_1847
Mrs. Eagles,DN,0,3,Vanity_Fair_1847
Mrs. Frederick Bullock,N,0,3,Vanity_Fair_1847
Mrs. Frederick Bullock,C,0,3,Vanity_Fair_1847
Mrs. Frederick Bullock,I,0,3,Vanity_Fair_1847
Mrs. Frederick Bullock,A,0,3,Vanity_Fair_1847
Mrs. Frederick Bullock,DC,0,3,Vanity_Fair_1847
Mrs. Frederick Bullock,DN,0,3,Vanity_Fair_1847
Mrs. Glowry,N,0,3,Vanity_Fair_1847
Mrs. Glowry,C,0,3,Vanity_Fair_1847
Mrs. Glowry,I,0,3,Vanity_Fair_1847
Mrs. Glowry,A,0,3,Vanity_Fair_1847
Mrs. Glowry,DC,0,3,Vanity_Fair_1847
Mrs. Glowry,DN,0,3,Vanity_Fair_1847
Mrs. Haggistoun,N,0,3,Vanity_Fair_1847
Mrs. Haggistoun,C,0,3,Vanity_Fair_1847
Mrs. Haggistoun,I,0,3,Vanity_Fair_1847
Mrs. Haggistoun,A,0,3,Vanity_Fair_1847
Mrs. Haggistoun,DC,0,3,Vanity_Fair_1847
Mrs. Haggistoun,DN,0,3,Vanity_Fair_1847
Mrs. Kirk,N,0,3,Vanity_Fair_1847
Mrs. Kirk,C,0,3,Vanity_Fair_1847
Mrs. Kirk,I,0,3,Vanity_Fair_1847
Mrs. Kirk,A,0,3,Vanity_Fair_1847
Mrs. Kirk,DC,0,3,Vanity_Fair_1847
Mrs. Kirk,DN,0,3,Vanity_Fair_1847
Mrs. Magenis,N,0,3,Vanity_Fair_1847
Mrs. Magenis,C,0,3,Vanity_Fair_1847
Mrs. Magenis,I,0,3,Vanity_Fair_1847
Mrs. Magenis,A,0,3,Vanity_Fair_1847
Mrs. Magenis,DC,0,3,Vanity_Fair_1847
Mrs. Magenis,DN,0,3,Vanity_Fair_1847
Mrs. O'Dowd,N,0,3,Vanity_Fair_1847
Mrs. O'Dowd,C,0,3,Vanity_Fair_1847
Mrs. O'Dowd,I,0,3,Vanity_Fair_1847
Mrs. O'Dowd,A,0,3,Vanity_Fair_1847
Mrs. O'Dowd,DC,0,3,Vanity_Fair_1847
Mrs. O'Dowd,DN,0,3,Vanity_Fair_1847
Mrs. O.,N,0,3,Vanity_Fair_1847
Mrs. O.,C,0,3,Vanity_Fair_1847
Mrs. O.,I,0,3,Vanity_Fair_1847
Mrs. O.,A,0,3,Vanity_Fair_1847
Mrs. O.,DC,0,3,Vanity_Fair_1847
Mrs. O.,DN,0,3,Vanity_Fair_1847
Mrs. Pilkington,N,0,3,Vanity_Fair_1847
Mrs. Pilkington,C,0,3,Vanity_Fair_1847
Mrs. Pilkington,I,0,3,Vanity_Fair_1847
Mrs. Pilkington,A,0,3,Vanity_Fair_1847
Mrs. Pilkington,DC,0,3,Vanity_Fair_1847
Mrs. Pilkington,DN,0,3,Vanity_Fair_1847
Mrs. Raggles,N,0,3,Vanity_Fair_1847
Mrs. Raggles,C,0,3,Vanity_Fair_1847
Mrs. Raggles,I,0,3,Vanity_Fair_1847
Mrs. Raggles,A,0,3,Vanity_Fair_1847
Mrs. Raggles,DC,0,3,Vanity_Fair_1847
Mrs. Raggles,DN,0,3,Vanity_Fair_1847
Mrs. Sedley,N,0,3,Vanity_Fair_1847
Mrs. Sedley,C,0,3,Vanity_Fair_1847
Mrs. Sedley,I,0,3,Vanity_Fair_1847
Mrs. Sedley,A,0,3,Vanity_Fair_1847
Mrs. Sedley,DC,0,3,Vanity_Fair_1847
Mrs. Sedley,DN,0,3,Vanity_Fair_1847
Mrs. Stokes,N,0,3,Vanity_Fair_1847
Mrs. Stokes,C,0,3,Vanity_Fair_1847
Mrs. Stokes,I,0,3,Vanity_Fair_1847
Mrs. Stokes,A,0,3,Vanity_Fair_1847
Mrs. Stokes,DC,0,3,Vanity_Fair_1847
Mrs. Stokes,DN,0,3,Vanity_Fair_1847
Mrs. Todd,N,0,3,Vanity_Fair_1847
Mrs. Todd,C,0,3,Vanity_Fair_1847
Mrs. Todd,I,0,3,Vanity_Fair_1847
Mrs. Todd,A,0,3,Vanity_Fair_1847
Mrs. Todd,DC,0,3,Vanity_Fair_1847
Mrs. Todd,DN,0,3,Vanity_Fair_1847
Mrs. Veal,N,0,3,Vanity_Fair_1847
Mrs. Veal,C,0,3,Vanity_Fair_1847
Mrs. Veal,I,0,3,Vanity_Fair_1847
Mrs. Veal,A,0,3,Vanity_Fair_1847
Mrs. Veal,DC,0,3,Vanity_Fair_1847
Mrs. Veal,DN,0,3,Vanity_Fair_1847
Mrs. Washington White,N,0,3,Vanity_Fair_1847
Mrs. Washington White,C,0,3,Vanity_Fair_1847
Mrs. Washington White,I,0,3,Vanity_Fair_1847
Mrs. Washington White,A,0,3,Vanity_Fair_1847
Mrs. Washington White,DC,0,3,Vanity_Fair_1847
Mrs. Washington White,DN,0,3,Vanity_Fair_1847
Mrs. Wenham,N,0,3,Vanity_Fair_1847
Mrs. Wenham,C,0,3,Vanity_Fair_1847
Mrs. Wenham,I,0,3,Vanity_Fair_1847
Mrs. Wenham,A,0,3,Vanity_Fair_1847
Mrs. Wenham,DC,0,3,Vanity_Fair_1847
Mrs. Wenham,DN,0,3,Vanity_Fair_1847
Mrs. Winkworth,N,0,3,Vanity_Fair_1847
Mrs. Winkworth,C,0,3,Vanity_Fair_1847
Mrs. Winkworth,I,0,3,Vanity_Fair_1847
Mrs. Winkworth,A,0,3,Vanity_Fair_1847
Mrs. Winkworth,DC,0,3,Vanity_Fair_1847
Mrs. Winkworth,DN,0,3,Vanity_Fair_1847
Mum,N,0,3,Vanity_Fair_1847
Mum,C,0,3,Vanity_Fair_1847
Mum,I,0,3,Vanity_Fair_1847
Mum,A,0,3,Vanity_Fair_1847
Mum,DC,0,3,Vanity_Fair_1847
Mum,DN,0,3,Vanity_Fair_1847
Napoleon,N,0,3,Vanity_Fair_1847
Napoleon,C,0,3,Vanity_Fair_1847
Napoleon,I,0,3,Vanity_Fair_1847
Napoleon,A,0,3,Vanity_Fair_1847
Napoleon,DC,0,3,Vanity_Fair_1847
Napoleon,DN,0,3,Vanity_Fair_1847
Nathan,N,0,3,Vanity_Fair_1847
Nathan,C,0,3,Vanity_Fair_1847
Nathan,I,0,3,Vanity_Fair_1847
Nathan,A,0,3,Vanity_Fair_1847
Nathan,DC,0,3,Vanity_Fair_1847
Nathan,DN,0,3,Vanity_Fair_1847
Ney,N,0,3,Vanity_Fair_1847
Ney,C,0,3,Vanity_Fair_1847
Ney,I,0,3,Vanity_Fair_1847
Ney,A,0,3,Vanity_Fair_1847
Ney,DC,0,3,Vanity_Fair_1847
Ney,DN,0,3,Vanity_Fair_1847
Old Osborne,N,0,3,Vanity_Fair_1847
Old Osborne,C,0,3,Vanity_Fair_1847
Old Osborne,I,0,3,Vanity_Fair_1847
Old Osborne,A,0,3,Vanity_Fair_1847
Old Osborne,DC,0,3,Vanity_Fair_1847
Old Osborne,DN,0,3,Vanity_Fair_1847
Old Sedley,N,0,3,Vanity_Fair_1847
Old Sedley,C,0,3,Vanity_Fair_1847
Old Sedley,I,0,3,Vanity_Fair_1847
Old Sedley,A,0,3,Vanity_Fair_1847
Old Sedley,DC,0,3,Vanity_Fair_1847
Old Sedley,DN,0,3,Vanity_Fair_1847
Osborne,N,0,3,Vanity_Fair_1847
Osborne,C,0,3,Vanity_Fair_1847
Osborne,I,0,3,Vanity_Fair_1847
Osborne,A,0,3,Vanity_Fair_1847
Osborne,DC,0,3,Vanity_Fair_1847
Osborne,DN,0,3,Vanity_Fair_1847
Pa,N,0,3,Vanity_Fair_1847
Pa,C,0,3,Vanity_Fair_1847
Pa,I,0,3,Vanity_Fair_1847
Pa,A,0,3,Vanity_Fair_1847
Pa,DC,0,3,Vanity_Fair_1847
Pa,DN,0,3,Vanity_Fair_1847
Papa,N,0,3,Vanity_Fair_1847
Papa,C,0,3,Vanity_Fair_1847
Papa,I,0,3,Vanity_Fair_1847
Papa,A,0,3,Vanity_Fair_1847
Papa,DC,0,3,Vanity_Fair_1847
Papa,DN,0,3,Vanity_Fair_1847
Pauline,N,0,3,Vanity_Fair_1847
Pauline,C,0,3,Vanity_Fair_1847
Pauline,I,0,3,Vanity_Fair_1847
Pauline,A,0,3,Vanity_Fair_1847
Pauline,DC,0,3,Vanity_Fair_1847
Pauline,DN,0,3,Vanity_Fair_1847
Payne,N,0,3,Vanity_Fair_1847
Payne,C,0,3,Vanity_Fair_1847
Payne,I,0,3,Vanity_Fair_1847
Payne,A,0,3,Vanity_Fair_1847
Payne,DC,0,3,Vanity_Fair_1847
Payne,DN,0,3,Vanity_Fair_1847
Peggy,N,0,3,Vanity_Fair_1847
Peggy,C,0,3,Vanity_Fair_1847
Peggy,I,0,3,Vanity_Fair_1847
Peggy,A,0,3,Vanity_Fair_1847
Peggy,DC,0,3,Vanity_Fair_1847
Peggy,DN,0,3,Vanity_Fair_1847
Pinner,N,0,3,Vanity_Fair_1847
Pinner,C,0,3,Vanity_Fair_1847
Pinner,I,0,3,Vanity_Fair_1847
Pinner,A,0,3,Vanity_Fair_1847
Pinner,DC,0,3,Vanity_Fair_1847
Pinner,DN,0,3,Vanity_Fair_1847
Pitt,N,0,3,Vanity_Fair_1847
Pitt,C,0,3,Vanity_Fair_1847
Pitt,I,0,3,Vanity_Fair_1847
Pitt,A,0,3,Vanity_Fair_1847
Pitt,DC,0,3,Vanity_Fair_1847
Pitt,DN,0,3,Vanity_Fair_1847
Pitt Binkie,N,0,3,Vanity_Fair_1847
Pitt Binkie,C,0,3,Vanity_Fair_1847
Pitt Binkie,I,0,3,Vanity_Fair_1847
Pitt Binkie,A,0,3,Vanity_Fair_1847
Pitt Binkie,DC,0,3,Vanity_Fair_1847
Pitt Binkie,DN,0,3,Vanity_Fair_1847
Poor Jim,N,0,3,Vanity_Fair_1847
Poor Jim,C,0,3,Vanity_Fair_1847
Poor Jim,I,0,3,Vanity_Fair_1847
Poor Jim,A,0,3,Vanity_Fair_1847
Poor Jim,DC,0,3,Vanity_Fair_1847
Poor Jim,DN,0,3,Vanity_Fair_1847
Queen,N,0,3,Vanity_Fair_1847
Queen,C,0,3,Vanity_Fair_1847
Queen,I,0,3,Vanity_Fair_1847
Queen,A,0,3,Vanity_Fair_1847
Queen,DC,0,3,Vanity_Fair_1847
Queen,DN,0,3,Vanity_Fair_1847
Raggles,N,0,3,Vanity_Fair_1847
Raggles,C,0,3,Vanity_Fair_1847
Raggles,I,0,3,Vanity_Fair_1847
Raggles,A,0,3,Vanity_Fair_1847
Raggles,DC,0,3,Vanity_Fair_1847
Raggles,DN,0,3,Vanity_Fair_1847
Rawdon,N,0,3,Vanity_Fair_1847
Rawdon,C,0,3,Vanity_Fair_1847
Rawdon,I,0,3,Vanity_Fair_1847
Rawdon,A,0,3,Vanity_Fair_1847
Rawdon,DC,0,3,Vanity_Fair_1847
Rawdon,DN,0,3,Vanity_Fair_1847
"Rawdon Crawley , Esquire",N,0,3,Vanity_Fair_1847
"Rawdon Crawley , Esquire",C,0,3,Vanity_Fair_1847
"Rawdon Crawley , Esquire",I,0,3,Vanity_Fair_1847
"Rawdon Crawley , Esquire",A,0,3,Vanity_Fair_1847
"Rawdon Crawley , Esquire",DC,0,3,Vanity_Fair_1847
"Rawdon Crawley , Esquire",DN,0,3,Vanity_Fair_1847
Rebecca,N,0,3,Vanity_Fair_1847
Rebecca,C,0,3,Vanity_Fair_1847
Rebecca,I,0,3,Vanity_Fair_1847
Rebecca,A,0,3,Vanity_Fair_1847
Rebecca,DC,0,3,Vanity_Fair_1847
Rebecca,DN,0,3,Vanity_Fair_1847
Regulus,N,0,3,Vanity_Fair_1847
Regulus,C,0,3,Vanity_Fair_1847
Regulus,I,0,3,Vanity_Fair_1847
Regulus,A,0,3,Vanity_Fair_1847
Regulus,DC,0,3,Vanity_Fair_1847
Regulus,DN,0,3,Vanity_Fair_1847
Rhoda,N,0,3,Vanity_Fair_1847
Rhoda,C,0,3,Vanity_Fair_1847
Rhoda,I,0,3,Vanity_Fair_1847
Rhoda,A,0,3,Vanity_Fair_1847
Rhoda,DC,0,3,Vanity_Fair_1847
Rhoda,DN,0,3,Vanity_Fair_1847
Robinson,N,0,3,Vanity_Fair_1847
Robinson,C,0,3,Vanity_Fair_1847
Robinson,I,0,3,Vanity_Fair_1847
Robinson,A,0,3,Vanity_Fair_1847
Robinson,DC,0,3,Vanity_Fair_1847
Robinson,DN,0,3,Vanity_Fair_1847
Rosa,N,0,3,Vanity_Fair_1847
Rosa,C,0,3,Vanity_Fair_1847
Rosa,I,0,3,Vanity_Fair_1847
Rosa,A,0,3,Vanity_Fair_1847
Rosa,DC,0,3,Vanity_Fair_1847
Rosa,DN,0,3,Vanity_Fair_1847
Rose,N,0,3,Vanity_Fair_1847
Rose,C,0,3,Vanity_Fair_1847
Rose,I,0,3,Vanity_Fair_1847
Rose,A,0,3,Vanity_Fair_1847
Rose,DC,0,3,Vanity_Fair_1847
Rose,DN,0,3,Vanity_Fair_1847
SWEETEST AMELIA,N,0,3,Vanity_Fair_1847
SWEETEST AMELIA,C,0,3,Vanity_Fair_1847
SWEETEST AMELIA,I,0,3,Vanity_Fair_1847
SWEETEST AMELIA,A,0,3,Vanity_Fair_1847
SWEETEST AMELIA,DC,0,3,Vanity_Fair_1847
SWEETEST AMELIA,DN,0,3,Vanity_Fair_1847
Sambo,N,0,3,Vanity_Fair_1847
Sambo,C,0,3,Vanity_Fair_1847
Sambo,I,0,3,Vanity_Fair_1847
Sambo,A,0,3,Vanity_Fair_1847
Sambo,DC,0,3,Vanity_Fair_1847
Sambo,DN,0,3,Vanity_Fair_1847
Simpson,N,0,3,Vanity_Fair_1847
Simpson,C,0,3,Vanity_Fair_1847
Simpson,I,0,3,Vanity_Fair_1847
Simpson,A,0,3,Vanity_Fair_1847
Simpson,DC,0,3,Vanity_Fair_1847
Simpson,DN,0,3,Vanity_Fair_1847
Sir Giles Wapshot,N,0,3,Vanity_Fair_1847
Sir Giles Wapshot,C,0,3,Vanity_Fair_1847
Sir Giles Wapshot,I,0,3,Vanity_Fair_1847
Sir Giles Wapshot,A,0,3,Vanity_Fair_1847
Sir Giles Wapshot,DC,0,3,Vanity_Fair_1847
Sir Giles Wapshot,DN,0,3,Vanity_Fair_1847
Sir Huddleston Fuddleston,N,0,3,Vanity_Fair_1847
Sir Huddleston Fuddleston,C,0,3,Vanity_Fair_1847
Sir Huddleston Fuddleston,I,0,3,Vanity_Fair_1847
Sir Huddleston Fuddleston,A,0,3,Vanity_Fair_1847
Sir Huddleston Fuddleston,DC,0,3,Vanity_Fair_1847
Sir Huddleston Fuddleston,DN,0,3,Vanity_Fair_1847
Sir Huddlestone,N,0,3,Vanity_Fair_1847
Sir Huddlestone,C,0,3,Vanity_Fair_1847
Sir Huddlestone,I,0,3,Vanity_Fair_1847
Sir Huddlestone,A,0,3,Vanity_Fair_1847
Sir Huddlestone,DC,0,3,Vanity_Fair_1847
Sir Huddlestone,DN,0,3,Vanity_Fair_1847
Sir John,N,0,3,Vanity_Fair_1847
Sir John,C,0,3,Vanity_Fair_1847
Sir John,I,0,3,Vanity_Fair_1847
Sir John,A,0,3,Vanity_Fair_1847
Sir John,DC,0,3,Vanity_Fair_1847
Sir John,DN,0,3,Vanity_Fair_1847
Sir Michael O'Dowd,N,0,3,Vanity_Fair_1847
Sir Michael O'Dowd,C,0,3,Vanity_Fair_1847
Sir Michael O'Dowd,I,0,3,Vanity_Fair_1847
Sir Michael O'Dowd,A,0,3,Vanity_Fair_1847
Sir Michael O'Dowd,DC,0,3,Vanity_Fair_1847
Sir Michael O'Dowd,DN,0,3,Vanity_Fair_1847
Sir Pitt,N,0,3,Vanity_Fair_1847
Sir Pitt,C,0,3,Vanity_Fair_1847
Sir Pitt,I,0,3,Vanity_Fair_1847
Sir Pitt,A,0,3,Vanity_Fair_1847
Sir Pitt,DC,0,3,Vanity_Fair_1847
Sir Pitt,DN,0,3,Vanity_Fair_1847
Sir Rawdon,N,0,3,Vanity_Fair_1847
Sir Rawdon,C,0,3,Vanity_Fair_1847
Sir Rawdon,I,0,3,Vanity_Fair_1847
Sir Rawdon,A,0,3,Vanity_Fair_1847
Sir Rawdon,DC,0,3,Vanity_Fair_1847
Sir Rawdon,DN,0,3,Vanity_Fair_1847
Smith,N,0,3,Vanity_Fair_1847
Smith,C,0,3,Vanity_Fair_1847
Smith,I,0,3,Vanity_Fair_1847
Smith,A,0,3,Vanity_Fair_1847
Smith,DC,0,3,Vanity_Fair_1847
Smith,DN,0,3,Vanity_Fair_1847
Smollett,N,0,3,Vanity_Fair_1847
Smollett,C,0,3,Vanity_Fair_1847
Smollett,I,0,3,Vanity_Fair_1847
Smollett,A,0,3,Vanity_Fair_1847
Smollett,DC,0,3,Vanity_Fair_1847
Smollett,DN,0,3,Vanity_Fair_1847
Stubble,N,0,3,Vanity_Fair_1847
Stubble,C,0,3,Vanity_Fair_1847
Stubble,I,0,3,Vanity_Fair_1847
Stubble,A,0,3,Vanity_Fair_1847
Stubble,DC,0,3,Vanity_Fair_1847
Stubble,DN,0,3,Vanity_Fair_1847
Stumpy,N,0,3,Vanity_Fair_1847
Stumpy,C,0,3,Vanity_Fair_1847
Stumpy,I,0,3,Vanity_Fair_1847
Stumpy,A,0,3,Vanity_Fair_1847
Stumpy,DC,0,3,Vanity_Fair_1847
Stumpy,DN,0,3,Vanity_Fair_1847
Tapeworm,N,0,3,Vanity_Fair_1847
Tapeworm,C,0,3,Vanity_Fair_1847
Tapeworm,I,0,3,Vanity_Fair_1847
Tapeworm,A,0,3,Vanity_Fair_1847
Tapeworm,DC,0,3,Vanity_Fair_1847
Tapeworm,DN,0,3,Vanity_Fair_1847
Tapeworm Castle,N,0,3,Vanity_Fair_1847
Tapeworm Castle,C,0,3,Vanity_Fair_1847
Tapeworm Castle,I,0,3,Vanity_Fair_1847
Tapeworm Castle,A,0,3,Vanity_Fair_1847
Tapeworm Castle,DC,0,3,Vanity_Fair_1847
Tapeworm Castle,DN,0,3,Vanity_Fair_1847
The Capting,N,0,3,Vanity_Fair_1847
The Capting,C,0,3,Vanity_Fair_1847
The Capting,I,0,3,Vanity_Fair_1847
The Capting,A,0,3,Vanity_Fair_1847
The Capting,DC,0,3,Vanity_Fair_1847
The Capting,DN,0,3,Vanity_Fair_1847
The Duke of Wellington,N,0,3,Vanity_Fair_1847
The Duke of Wellington,C,0,3,Vanity_Fair_1847
The Duke of Wellington,I,0,3,Vanity_Fair_1847
The Duke of Wellington,A,0,3,Vanity_Fair_1847
The Duke of Wellington,DC,0,3,Vanity_Fair_1847
The Duke of Wellington,DN,0,3,Vanity_Fair_1847
Thriftless,N,0,3,Vanity_Fair_1847
Thriftless,C,0,3,Vanity_Fair_1847
Thriftless,I,0,3,Vanity_Fair_1847
Thriftless,A,0,3,Vanity_Fair_1847
Thriftless,DC,0,3,Vanity_Fair_1847
Thriftless,DN,0,3,Vanity_Fair_1847
Tinker,N,0,3,Vanity_Fair_1847
Tinker,C,0,3,Vanity_Fair_1847
Tinker,I,0,3,Vanity_Fair_1847
Tinker,A,0,3,Vanity_Fair_1847
Tinker,DC,0,3,Vanity_Fair_1847
Tinker,DN,0,3,Vanity_Fair_1847
Tom Eaves,N,0,3,Vanity_Fair_1847
Tom Eaves,C,0,3,Vanity_Fair_1847
Tom Eaves,I,0,3,Vanity_Fair_1847
Tom Eaves,A,0,3,Vanity_Fair_1847
Tom Eaves,DC,0,3,Vanity_Fair_1847
Tom Eaves,DN,0,3,Vanity_Fair_1847
Tom Fool,N,0,3,Vanity_Fair_1847
Tom Fool,C,0,3,Vanity_Fair_1847
Tom Fool,I,0,3,Vanity_Fair_1847
Tom Fool,A,0,3,Vanity_Fair_1847
Tom Fool,DC,0,3,Vanity_Fair_1847
Tom Fool,DN,0,3,Vanity_Fair_1847
Tom Moody,N,0,3,Vanity_Fair_1847
Tom Moody,C,0,3,Vanity_Fair_1847
Tom Moody,I,0,3,Vanity_Fair_1847
Tom Moody,A,0,3,Vanity_Fair_1847
Tom Moody,DC,0,3,Vanity_Fair_1847
Tom Moody,DN,0,3,Vanity_Fair_1847
Trotter,N,0,3,Vanity_Fair_1847
Trotter,C,0,3,Vanity_Fair_1847
Trotter,I,0,3,Vanity_Fair_1847
Trotter,A,0,3,Vanity_Fair_1847
Trotter,DC,0,3,Vanity_Fair_1847
Trotter,DN,0,3,Vanity_Fair_1847
Truffigny,N,0,3,Vanity_Fair_1847
Truffigny,C,0,3,Vanity_Fair_1847
Truffigny,I,0,3,Vanity_Fair_1847
Truffigny,A,0,3,Vanity_Fair_1847
Truffigny,DC,0,3,Vanity_Fair_1847
Truffigny,DN,0,3,Vanity_Fair_1847
Vanity Fair,N,0,3,Vanity_Fair_1847
Vanity Fair,C,0,3,Vanity_Fair_1847
Vanity Fair,I,0,3,Vanity_Fair_1847
Vanity Fair,A,0,3,Vanity_Fair_1847
Vanity Fair,DC,0,3,Vanity_Fair_1847
Vanity Fair,DN,0,3,Vanity_Fair_1847
Victor Aurelius XIV,N,0,3,Vanity_Fair_1847
Victor Aurelius XIV,C,0,3,Vanity_Fair_1847
Victor Aurelius XIV,I,0,3,Vanity_Fair_1847
Victor Aurelius XIV,A,0,3,Vanity_Fair_1847
Victor Aurelius XIV,DC,0,3,Vanity_Fair_1847
Victor Aurelius XIV,DN,0,3,Vanity_Fair_1847
Walpole Crawley,N,0,3,Vanity_Fair_1847
Walpole Crawley,C,0,3,Vanity_Fair_1847
Walpole Crawley,I,0,3,Vanity_Fair_1847
Walpole Crawley,A,0,3,Vanity_Fair_1847
Walpole Crawley,DC,0,3,Vanity_Fair_1847
Walpole Crawley,DN,0,3,Vanity_Fair_1847
Waterloo,N,0,3,Vanity_Fair_1847
Waterloo,C,0,3,Vanity_Fair_1847
Waterloo,I,0,3,Vanity_Fair_1847
Waterloo,A,0,3,Vanity_Fair_1847
Waterloo,DC,0,3,Vanity_Fair_1847
Waterloo,DN,0,3,Vanity_Fair_1847
Waxy,N,0,3,Vanity_Fair_1847
Waxy,C,0,3,Vanity_Fair_1847
Waxy,I,0,3,Vanity_Fair_1847
Waxy,A,0,3,Vanity_Fair_1847
Waxy,DC,0,3,Vanity_Fair_1847
Waxy,DN,0,3,Vanity_Fair_1847
Young Stubble,N,0,3,Vanity_Fair_1847
Young Stubble,C,0,3,Vanity_Fair_1847
Young Stubble,I,0,3,Vanity_Fair_1847
Young Stubble,A,0,3,Vanity_Fair_1847
Young Stubble,DC,0,3,Vanity_Fair_1847
Young Stubble,DN,0,3,Vanity_Fair_1847
Young Tandyman,N,0,3,Vanity_Fair_1847
Young Tandyman,C,0,3,Vanity_Fair_1847
Young Tandyman,I,0,3,Vanity_Fair_1847
Young Tandyman,A,0,3,Vanity_Fair_1847
Young Tandyman,DC,0,3,Vanity_Fair_1847
Young Tandyman,DN,0,3,Vanity_Fair_1847
little Emmy's,N,0,3,Vanity_Fair_1847
little Emmy's,C,0,3,Vanity_Fair_1847
little Emmy's,I,0,3,Vanity_Fair_1847
little Emmy's,A,0,3,Vanity_Fair_1847
little Emmy's,DC,0,3,Vanity_Fair_1847
little Emmy's,DN,0,3,Vanity_Fair_1847
little Fipps,N,0,3,Vanity_Fair_1847
little Fipps,C,0,3,Vanity_Fair_1847
little Fipps,I,0,3,Vanity_Fair_1847
little Fipps,A,0,3,Vanity_Fair_1847
little Fipps,DC,0,3,Vanity_Fair_1847
little Fipps,DN,0,3,Vanity_Fair_1847
old Sergeant Toffy,N,0,3,Vanity_Fair_1847
old Sergeant Toffy,C,0,3,Vanity_Fair_1847
old Sergeant Toffy,I,0,3,Vanity_Fair_1847
old Sergeant Toffy,A,0,3,Vanity_Fair_1847
old Sergeant Toffy,DC,0,3,Vanity_Fair_1847
old Sergeant Toffy,DN,0,3,Vanity_Fair_1847
"poor dear General Glanders , who was dying under the hands of that ignorant man",N,0,3,Vanity_Fair_1847
"poor dear General Glanders , who was dying under the hands of that ignorant man",C,0,3,Vanity_Fair_1847
"poor dear General Glanders , who was dying under the hands of that ignorant man",I,0,3,Vanity_Fair_1847
"poor dear General Glanders , who was dying under the hands of that ignorant man",A,0,3,Vanity_Fair_1847
"poor dear General Glanders , who was dying under the hands of that ignorant man",DC,0,3,Vanity_Fair_1847
"poor dear General Glanders , who was dying under the hands of that ignorant man",DN,0,3,Vanity_Fair_1847
the Crawleys,N,0,3,Vanity_Fair_1847
the Crawleys,C,0,3,Vanity_Fair_1847
the Crawleys,I,0,3,Vanity_Fair_1847
the Crawleys,A,0,3,Vanity_Fair_1847
the Crawleys,DC,0,3,Vanity_Fair_1847
the Crawleys,DN,0,3,Vanity_Fair_1847
the English,N,0,3,Vanity_Fair_1847
the English,C,0,3,Vanity_Fair_1847
the English,I,0,3,Vanity_Fair_1847
the English,A,0,3,Vanity_Fair_1847
the English,DC,0,3,Vanity_Fair_1847
the English,DN,0,3,Vanity_Fair_1847
the French,N,0,3,Vanity_Fair_1847
the French,C,0,3,Vanity_Fair_1847
the French,I,0,3,Vanity_Fair_1847
the French,A,0,3,Vanity_Fair_1847
the French,DC,0,3,Vanity_Fair_1847
the French,DN,0,3,Vanity_Fair_1847
the Grafinn Fanny de Butterbrod,N,0,3,Vanity_Fair_1847
the Grafinn Fanny de Butterbrod,C,0,3,Vanity_Fair_1847
the Grafinn Fanny de Butterbrod,I,0,3,Vanity_Fair_1847
the Grafinn Fanny de Butterbrod,A,0,3,Vanity_Fair_1847
the Grafinn Fanny de Butterbrod,DC,0,3,Vanity_Fair_1847
the Grafinn Fanny de Butterbrod,DN,0,3,Vanity_Fair_1847
the Hammersmith Semiramis,N,0,3,Vanity_Fair_1847
the Hammersmith Semiramis,C,0,3,Vanity_Fair_1847
the Hammersmith Semiramis,I,0,3,Vanity_Fair_1847
the Hammersmith Semiramis,A,0,3,Vanity_Fair_1847
the Hammersmith Semiramis,DC,0,3,Vanity_Fair_1847
the Hammersmith Semiramis,DN,0,3,Vanity_Fair_1847
the Honourable Mrs. Tufto,N,0,3,Vanity_Fair_1847
the Honourable Mrs. Tufto,C,0,3,Vanity_Fair_1847
the Honourable Mrs. Tufto,I,0,3,Vanity_Fair_1847
the Honourable Mrs. Tufto,A,0,3,Vanity_Fair_1847
the Honourable Mrs. Tufto,DC,0,3,Vanity_Fair_1847
the Honourable Mrs. Tufto,DN,0,3,Vanity_Fair_1847
the Kislar Aga,N,0,3,Vanity_Fair_1847
the Kislar Aga,C,0,3,Vanity_Fair_1847
the Kislar Aga,I,0,3,Vanity_Fair_1847
the Kislar Aga,A,0,3,Vanity_Fair_1847
the Kislar Aga,DC,0,3,Vanity_Fair_1847
the Kislar Aga,DN,0,3,Vanity_Fair_1847
the Marquis of Steyne,N,0,3,Vanity_Fair_1847
the Marquis of Steyne,C,0,3,Vanity_Fair_1847
the Marquis of Steyne,I,0,3,Vanity_Fair_1847
the Marquis of Steyne,A,0,3,Vanity_Fair_1847
the Marquis of Steyne,DC,0,3,Vanity_Fair_1847
the Marquis of Steyne,DN,0,3,Vanity_Fair_1847
the Misses Dobbin,N,0,3,Vanity_Fair_1847
the Misses Dobbin,C,0,3,Vanity_Fair_1847
the Misses Dobbin,I,0,3,Vanity_Fair_1847
the Misses Dobbin,A,0,3,Vanity_Fair_1847
the Misses Dobbin,DC,0,3,Vanity_Fair_1847
the Misses Dobbin,DN,0,3,Vanity_Fair_1847
the Misses Osborne,N,0,3,Vanity_Fair_1847
the Misses Osborne,C,0,3,Vanity_Fair_1847
the Misses Osborne,I,0,3,Vanity_Fair_1847
the Misses Osborne,A,0,3,Vanity_Fair_1847
the Misses Osborne,DC,0,3,Vanity_Fair_1847
the Misses Osborne,DN,0,3,Vanity_Fair_1847
the Osbornes,N,0,3,Vanity_Fair_1847
the Osbornes,C,0,3,Vanity_Fair_1847
the Osbornes,I,0,3,Vanity_Fair_1847
the Osbornes,A,0,3,Vanity_Fair_1847
the Osbornes,DC,0,3,Vanity_Fair_1847
the Osbornes,DN,0,3,Vanity_Fair_1847
the Reverend Bute Crawley,N,0,3,Vanity_Fair_1847
the Reverend Bute Crawley,C,0,3,Vanity_Fair_1847
the Reverend Bute Crawley,I,0,3,Vanity_Fair_1847
the Reverend Bute Crawley,A,0,3,Vanity_Fair_1847
the Reverend Bute Crawley,DC,0,3,Vanity_Fair_1847
the Reverend Bute Crawley,DN,0,3,Vanity_Fair_1847
the Ribbons,N,0,3,Vanity_Fair_1847
the Ribbons,C,0,3,Vanity_Fair_1847
the Ribbons,I,0,3,Vanity_Fair_1847
the Ribbons,A,0,3,Vanity_Fair_1847
the Ribbons,DC,0,3,Vanity_Fair_1847
the Ribbons,DN,0,3,Vanity_Fair_1847
the Russians,N,0,3,Vanity_Fair_1847
the Russians,C,0,3,Vanity_Fair_1847
the Russians,I,0,3,Vanity_Fair_1847
the Russians,A,0,3,Vanity_Fair_1847
the Russians,DC,0,3,Vanity_Fair_1847
the Russians,DN,0,3,Vanity_Fair_1847
the Sedleys,N,0,3,Vanity_Fair_1847
the Sedleys,C,0,3,Vanity_Fair_1847
the Sedleys,I,0,3,Vanity_Fair_1847
the Sedleys,A,0,3,Vanity_Fair_1847
the Sedleys,DC,0,3,Vanity_Fair_1847
the Sedleys,DN,0,3,Vanity_Fair_1847
the old Baronet,N,0,3,Vanity_Fair_1847
the old Baronet,C,0,3,Vanity_Fair_1847
the old Baronet,I,0,3,Vanity_Fair_1847
the old Baronet,A,0,3,Vanity_Fair_1847
the old Baronet,DC,0,3,Vanity_Fair_1847
the old Baronet,DN,0,3,Vanity_Fair_1847
the old Chevalier de Talonrouge,N,0,3,Vanity_Fair_1847
the old Chevalier de Talonrouge,C,0,3,Vanity_Fair_1847
the old Chevalier de Talonrouge,I,0,3,Vanity_Fair_1847
the old Chevalier de Talonrouge,A,0,3,Vanity_Fair_1847
the old Chevalier de Talonrouge,DC,0,3,Vanity_Fair_1847
the old Chevalier de Talonrouge,DN,0,3,Vanity_Fair_1847
young Blackball,N,0,3,Vanity_Fair_1847
young Blackball,C,0,3,Vanity_Fair_1847
young Blackball,I,0,3,Vanity_Fair_1847
young Blackball,A,0,3,Vanity_Fair_1847
young Blackball,DC,0,3,Vanity_Fair_1847
young Blackball,DN,0,3,Vanity_Fair_1847
young Lord Dovedale,N,0,3,Vanity_Fair_1847
young Lord Dovedale,C,0,3,Vanity_Fair_1847
young Lord Dovedale,I,0,3,Vanity_Fair_1847
young Lord Dovedale,A,0,3,Vanity_Fair_1847
young Lord Dovedale,DC,0,3,Vanity_Fair_1847
young Lord Dovedale,DN,0,3,Vanity_Fair_1847
Achilles,N,0,4,Vanity_Fair_1847
Achilles,C,0,4,Vanity_Fair_1847
Achilles,I,0,4,Vanity_Fair_1847
Achilles,A,0,4,Vanity_Fair_1847
Achilles,DC,0,4,Vanity_Fair_1847
Achilles,DN,0,4,Vanity_Fair_1847
Aegisthus,N,0,4,Vanity_Fair_1847
Aegisthus,C,0,4,Vanity_Fair_1847
Aegisthus,I,0,4,Vanity_Fair_1847
Aegisthus,A,0,4,Vanity_Fair_1847
Aegisthus,DC,0,4,Vanity_Fair_1847
Aegisthus,DN,0,4,Vanity_Fair_1847
Amelia,N,141,4,Vanity_Fair_1847
Amelia,C,43,4,Vanity_Fair_1847
Amelia,I,36,4,Vanity_Fair_1847
Amelia,A,56,4,Vanity_Fair_1847
Amelia,DC,26,4,Vanity_Fair_1847
Amelia,DN,20,4,Vanity_Fair_1847
Arabella,N,0,4,Vanity_Fair_1847
Arabella,C,0,4,Vanity_Fair_1847
Arabella,I,0,4,Vanity_Fair_1847
Arabella,A,0,4,Vanity_Fair_1847
Arabella,DC,0,4,Vanity_Fair_1847
Arabella,DN,0,4,Vanity_Fair_1847
Barbara,N,0,4,Vanity_Fair_1847
Barbara,C,0,4,Vanity_Fair_1847
Barbara,I,0,4,Vanity_Fair_1847
Barbara,A,0,4,Vanity_Fair_1847
Barbara,DC,0,4,Vanity_Fair_1847
Barbara,DN,0,4,Vanity_Fair_1847
Bart,N,3,4,Vanity_Fair_1847
Bart,C,0,4,Vanity_Fair_1847
Bart,I,0,4,Vanity_Fair_1847
Bart,A,0,4,Vanity_Fair_1847
Bart,DC,0,4,Vanity_Fair_1847
Bart,DN,0,4,Vanity_Fair_1847
Beauty,N,0,4,Vanity_Fair_1847
Beauty,C,0,4,Vanity_Fair_1847
Beauty,I,0,4,Vanity_Fair_1847
Beauty,A,0,4,Vanity_Fair_1847
Beauty,DC,0,4,Vanity_Fair_1847
Beauty,DN,0,4,Vanity_Fair_1847
Becky,N,37,4,Vanity_Fair_1847
Becky,C,18,4,Vanity_Fair_1847
Becky,I,16,4,Vanity_Fair_1847
Becky,A,18,4,Vanity_Fair_1847
Becky,DC,8,4,Vanity_Fair_1847
Becky,DN,2,4,Vanity_Fair_1847
Bedwin,N,0,4,Vanity_Fair_1847
Bedwin,C,0,4,Vanity_Fair_1847
Bedwin,I,0,4,Vanity_Fair_1847
Bedwin,A,0,4,Vanity_Fair_1847
Bedwin,DC,0,4,Vanity_Fair_1847
Bedwin,DN,0,4,Vanity_Fair_1847
Bessy,N,0,4,Vanity_Fair_1847
Bessy,C,0,4,Vanity_Fair_1847
Bessy,I,0,4,Vanity_Fair_1847
Bessy,A,0,4,Vanity_Fair_1847
Bessy,DC,0,4,Vanity_Fair_1847
Bessy,DN,0,4,Vanity_Fair_1847
Betty,N,0,4,Vanity_Fair_1847
Betty,C,0,4,Vanity_Fair_1847
Betty,I,0,4,Vanity_Fair_1847
Betty,A,0,4,Vanity_Fair_1847
Betty,DC,0,4,Vanity_Fair_1847
Betty,DN,0,4,Vanity_Fair_1847
Betty Flanagan,N,0,4,Vanity_Fair_1847
Betty Flanagan,C,0,4,Vanity_Fair_1847
Betty Flanagan,I,0,4,Vanity_Fair_1847
Betty Flanagan,A,0,4,Vanity_Fair_1847
Betty Flanagan,DC,0,4,Vanity_Fair_1847
Betty Flanagan,DN,0,4,Vanity_Fair_1847
Black Sambo,N,0,4,Vanity_Fair_1847
Black Sambo,C,0,4,Vanity_Fair_1847
Black Sambo,I,0,4,Vanity_Fair_1847
Black Sambo,A,0,4,Vanity_Fair_1847
Black Sambo,DC,0,4,Vanity_Fair_1847
Black Sambo,DN,0,4,Vanity_Fair_1847
Boggley Wollah,N,2,4,Vanity_Fair_1847
Boggley Wollah,C,0,4,Vanity_Fair_1847
Boggley Wollah,I,0,4,Vanity_Fair_1847
Boggley Wollah,A,0,4,Vanity_Fair_1847
Boggley Wollah,DC,0,4,Vanity_Fair_1847
Boggley Wollah,DN,0,4,Vanity_Fair_1847
Boney,N,2,4,Vanity_Fair_1847
Boney,C,0,4,Vanity_Fair_1847
Boney,I,0,4,Vanity_Fair_1847
Boney,A,1,4,Vanity_Fair_1847
Boney,DC,0,4,Vanity_Fair_1847
Boney,DN,0,4,Vanity_Fair_1847
Briefless,N,0,4,Vanity_Fair_1847
Briefless,C,0,4,Vanity_Fair_1847
Briefless,I,0,4,Vanity_Fair_1847
Briefless,A,0,4,Vanity_Fair_1847
Briefless,DC,0,4,Vanity_Fair_1847
Briefless,DN,0,4,Vanity_Fair_1847
Briggs,N,1,4,Vanity_Fair_1847
Briggs,C,0,4,Vanity_Fair_1847
Briggs,I,0,4,Vanity_Fair_1847
Briggs,A,0,4,Vanity_Fair_1847
Briggs,DC,0,4,Vanity_Fair_1847
Briggs,DN,0,4,Vanity_Fair_1847
Britons,N,0,4,Vanity_Fair_1847
Britons,C,0,4,Vanity_Fair_1847
Britons,I,0,4,Vanity_Fair_1847
Britons,A,0,4,Vanity_Fair_1847
Britons,DC,0,4,Vanity_Fair_1847
Britons,DN,0,4,Vanity_Fair_1847
Bullfinch,N,0,4,Vanity_Fair_1847
Bullfinch,C,0,4,Vanity_Fair_1847
Bullfinch,I,0,4,Vanity_Fair_1847
Bullfinch,A,0,4,Vanity_Fair_1847
Bullfinch,DC,0,4,Vanity_Fair_1847
Bullfinch,DN,0,4,Vanity_Fair_1847
Bute Crawleys,N,0,4,Vanity_Fair_1847
Bute Crawleys,C,0,4,Vanity_Fair_1847
Bute Crawleys,I,0,4,Vanity_Fair_1847
Bute Crawleys,A,0,4,Vanity_Fair_1847
Bute Crawleys,DC,0,4,Vanity_Fair_1847
Bute Crawleys,DN,0,4,Vanity_Fair_1847
Buty,N,3,4,Vanity_Fair_1847
Buty,C,0,4,Vanity_Fair_1847
Buty,I,0,4,Vanity_Fair_1847
Buty,A,3,4,Vanity_Fair_1847
Buty,DC,10,4,Vanity_Fair_1847
Buty,DN,0,4,Vanity_Fair_1847
Cackle,N,0,4,Vanity_Fair_1847
Cackle,C,0,4,Vanity_Fair_1847
Cackle,I,0,4,Vanity_Fair_1847
Cackle,A,0,4,Vanity_Fair_1847
Cackle,DC,0,4,Vanity_Fair_1847
Cackle,DN,0,4,Vanity_Fair_1847
Caliban,N,1,4,Vanity_Fair_1847
Caliban,C,0,4,Vanity_Fair_1847
Caliban,I,0,4,Vanity_Fair_1847
Caliban,A,0,4,Vanity_Fair_1847
Caliban,DC,0,4,Vanity_Fair_1847
Caliban,DN,0,4,Vanity_Fair_1847
Captain Bragg,N,0,4,Vanity_Fair_1847
Captain Bragg,C,0,4,Vanity_Fair_1847
Captain Bragg,I,0,4,Vanity_Fair_1847
Captain Bragg,A,0,4,Vanity_Fair_1847
Captain Bragg,DC,0,4,Vanity_Fair_1847
Captain Bragg,DN,0,4,Vanity_Fair_1847
Captain Dobbin Proceeds,N,2,4,Vanity_Fair_1847
Captain Dobbin Proceeds,C,0,4,Vanity_Fair_1847
Captain Dobbin Proceeds,I,2,4,Vanity_Fair_1847
Captain Dobbin Proceeds,A,0,4,Vanity_Fair_1847
Captain Dobbin Proceeds,DC,4,4,Vanity_Fair_1847
Captain Dobbin Proceeds,DN,0,4,Vanity_Fair_1847
Captain Macmurdo,N,0,4,Vanity_Fair_1847
Captain Macmurdo,C,0,4,Vanity_Fair_1847
Captain Macmurdo,I,0,4,Vanity_Fair_1847
Captain Macmurdo,A,0,4,Vanity_Fair_1847
Captain Macmurdo,DC,0,4,Vanity_Fair_1847
Captain Macmurdo,DN,0,4,Vanity_Fair_1847
Captain Marker,N,0,4,Vanity_Fair_1847
Captain Marker,C,0,4,Vanity_Fair_1847
Captain Marker,I,0,4,Vanity_Fair_1847
Captain Marker,A,0,4,Vanity_Fair_1847
Captain Marker,DC,0,4,Vanity_Fair_1847
Captain Marker,DN,0,4,Vanity_Fair_1847
Clement William,N,0,4,Vanity_Fair_1847
Clement William,C,0,4,Vanity_Fair_1847
Clement William,I,0,4,Vanity_Fair_1847
Clement William,A,0,4,Vanity_Fair_1847
Clement William,DC,0,4,Vanity_Fair_1847
Clement William,DN,0,4,Vanity_Fair_1847
Clytemnestra,N,0,4,Vanity_Fair_1847
Clytemnestra,C,0,4,Vanity_Fair_1847
Clytemnestra,I,0,4,Vanity_Fair_1847
Clytemnestra,A,0,4,Vanity_Fair_1847
Clytemnestra,DC,0,4,Vanity_Fair_1847
Clytemnestra,DN,0,4,Vanity_Fair_1847
Colonel Dobbin,N,3,4,Vanity_Fair_1847
Colonel Dobbin,C,0,4,Vanity_Fair_1847
Colonel Dobbin,I,0,4,Vanity_Fair_1847
Colonel Dobbin,A,0,4,Vanity_Fair_1847
Colonel Dobbin,DC,0,4,Vanity_Fair_1847
Colonel Dobbin,DN,0,4,Vanity_Fair_1847
Crawleys,N,1,4,Vanity_Fair_1847
Crawleys,C,0,4,Vanity_Fair_1847
Crawleys,I,0,4,Vanity_Fair_1847
Crawleys,A,0,4,Vanity_Fair_1847
Crawleys,DC,0,4,Vanity_Fair_1847
Crawleys,DN,0,4,Vanity_Fair_1847
Cuff,N,30,4,Vanity_Fair_1847
Cuff,C,14,4,Vanity_Fair_1847
Cuff,I,8,4,Vanity_Fair_1847
Cuff,A,27,4,Vanity_Fair_1847
Cuff,DC,4,4,Vanity_Fair_1847
Cuff,DN,8,4,Vanity_Fair_1847
Cupid,N,0,4,Vanity_Fair_1847
Cupid,C,0,4,Vanity_Fair_1847
Cupid,I,0,4,Vanity_Fair_1847
Cupid,A,0,4,Vanity_Fair_1847
Cupid,DC,0,4,Vanity_Fair_1847
Cupid,DN,0,4,Vanity_Fair_1847
"DEAR MAMA,--I",N,2,4,Vanity_Fair_1847
"DEAR MAMA,--I",C,0,4,Vanity_Fair_1847
"DEAR MAMA,--I",I,1,4,Vanity_Fair_1847
"DEAR MAMA,--I",A,0,4,Vanity_Fair_1847
"DEAR MAMA,--I",DC,0,4,Vanity_Fair_1847
"DEAR MAMA,--I",DN,1,4,Vanity_Fair_1847
Dammy,N,0,4,Vanity_Fair_1847
Dammy,C,0,4,Vanity_Fair_1847
Dammy,I,0,4,Vanity_Fair_1847
Dammy,A,0,4,Vanity_Fair_1847
Dammy,DC,0,4,Vanity_Fair_1847
Dammy,DN,0,4,Vanity_Fair_1847
Dear Miss Osborne,N,0,4,Vanity_Fair_1847
Dear Miss Osborne,C,0,4,Vanity_Fair_1847
Dear Miss Osborne,I,0,4,Vanity_Fair_1847
Dear Miss Osborne,A,0,4,Vanity_Fair_1847
Dear Miss Osborne,DC,0,4,Vanity_Fair_1847
Dear Miss Osborne,DN,0,4,Vanity_Fair_1847
Dives,N,0,4,Vanity_Fair_1847
Dives,C,0,4,Vanity_Fair_1847
Dives,I,0,4,Vanity_Fair_1847
Dives,A,0,4,Vanity_Fair_1847
Dives,DC,0,4,Vanity_Fair_1847
Dives,DN,0,4,Vanity_Fair_1847
Dob,N,0,4,Vanity_Fair_1847
Dob,C,0,4,Vanity_Fair_1847
Dob,I,0,4,Vanity_Fair_1847
Dob,A,0,4,Vanity_Fair_1847
Dob,DC,0,4,Vanity_Fair_1847
Dob,DN,0,4,Vanity_Fair_1847
Dobbin,N,58,4,Vanity_Fair_1847
Dobbin,C,19,4,Vanity_Fair_1847
Dobbin,I,17,4,Vanity_Fair_1847
Dobbin,A,42,4,Vanity_Fair_1847
Dobbin,DC,15,4,Vanity_Fair_1847
Dobbin,DN,7,4,Vanity_Fair_1847
Doctor Johnson,N,3,4,Vanity_Fair_1847
Doctor Johnson,C,0,4,Vanity_Fair_1847
Doctor Johnson,I,0,4,Vanity_Fair_1847
Doctor Johnson,A,0,4,Vanity_Fair_1847
Doctor Johnson,DC,2,4,Vanity_Fair_1847
Doctor Johnson,DN,0,4,Vanity_Fair_1847
Doctor von Glauber,N,0,4,Vanity_Fair_1847
Doctor von Glauber,C,0,4,Vanity_Fair_1847
Doctor von Glauber,I,0,4,Vanity_Fair_1847
Doctor von Glauber,A,0,4,Vanity_Fair_1847
Doctor von Glauber,DC,0,4,Vanity_Fair_1847
Doctor von Glauber,DN,0,4,Vanity_Fair_1847
Don Juan,N,0,4,Vanity_Fair_1847
Don Juan,C,0,4,Vanity_Fair_1847
Don Juan,I,0,4,Vanity_Fair_1847
Don Juan,A,0,4,Vanity_Fair_1847
Don Juan,DC,0,4,Vanity_Fair_1847
Don Juan,DN,0,4,Vanity_Fair_1847
Dr. Squills,N,0,4,Vanity_Fair_1847
Dr. Squills,C,0,4,Vanity_Fair_1847
Dr. Squills,I,0,4,Vanity_Fair_1847
Dr. Squills,A,0,4,Vanity_Fair_1847
Dr. Squills,DC,0,4,Vanity_Fair_1847
Dr. Squills,DN,0,4,Vanity_Fair_1847
Dr. Swishtail,N,4,4,Vanity_Fair_1847
Dr. Swishtail,C,1,4,Vanity_Fair_1847
Dr. Swishtail,I,0,4,Vanity_Fair_1847
Dr. Swishtail,A,1,4,Vanity_Fair_1847
Dr. Swishtail,DC,0,4,Vanity_Fair_1847
Dr. Swishtail,DN,0,4,Vanity_Fair_1847
Edward Dale,N,0,4,Vanity_Fair_1847
Edward Dale,C,0,4,Vanity_Fair_1847
Edward Dale,I,0,4,Vanity_Fair_1847
Edward Dale,A,0,4,Vanity_Fair_1847
Edward Dale,DC,0,4,Vanity_Fair_1847
Edward Dale,DN,0,4,Vanity_Fair_1847
Emmy,N,9,4,Vanity_Fair_1847
Emmy,C,3,4,Vanity_Fair_1847
Emmy,I,1,4,Vanity_Fair_1847
Emmy,A,1,4,Vanity_Fair_1847
Emmy,DC,2,4,Vanity_Fair_1847
Emmy,DN,0,4,Vanity_Fair_1847
Ensign Stubble,N,0,4,Vanity_Fair_1847
Ensign Stubble,C,0,4,Vanity_Fair_1847
Ensign Stubble,I,0,4,Vanity_Fair_1847
Ensign Stubble,A,0,4,Vanity_Fair_1847
Ensign Stubble,DC,0,4,Vanity_Fair_1847
Ensign Stubble,DN,0,4,Vanity_Fair_1847
Fanny Magenis,N,0,4,Vanity_Fair_1847
Fanny Magenis,C,0,4,Vanity_Fair_1847
Fanny Magenis,I,0,4,Vanity_Fair_1847
Fanny Magenis,A,0,4,Vanity_Fair_1847
Fanny Magenis,DC,0,4,Vanity_Fair_1847
Fanny Magenis,DN,0,4,Vanity_Fair_1847
Father Mole,N,0,4,Vanity_Fair_1847
Father Mole,C,0,4,Vanity_Fair_1847
Father Mole,I,0,4,Vanity_Fair_1847
Father Mole,A,0,4,Vanity_Fair_1847
Father Mole,DC,0,4,Vanity_Fair_1847
Father Mole,DN,0,4,Vanity_Fair_1847
Fidelio,N,0,4,Vanity_Fair_1847
Fidelio,C,0,4,Vanity_Fair_1847
Fidelio,I,0,4,Vanity_Fair_1847
Fidelio,A,0,4,Vanity_Fair_1847
Fidelio,DC,0,4,Vanity_Fair_1847
Fidelio,DN,0,4,Vanity_Fair_1847
Figs,N,19,4,Vanity_Fair_1847
Figs,C,1,4,Vanity_Fair_1847
Figs,I,3,4,Vanity_Fair_1847
Figs,A,2,4,Vanity_Fair_1847
Figs,DC,5,4,Vanity_Fair_1847
Figs,DN,2,4,Vanity_Fair_1847
Firkin,N,0,4,Vanity_Fair_1847
Firkin,C,0,4,Vanity_Fair_1847
Firkin,I,0,4,Vanity_Fair_1847
Firkin,A,0,4,Vanity_Fair_1847
Firkin,DC,0,4,Vanity_Fair_1847
Firkin,DN,0,4,Vanity_Fair_1847
Fitz - Willis,N,0,4,Vanity_Fair_1847
Fitz - Willis,C,0,4,Vanity_Fair_1847
Fitz - Willis,I,0,4,Vanity_Fair_1847
Fitz - Willis,A,0,4,Vanity_Fair_1847
Fitz - Willis,DC,0,4,Vanity_Fair_1847
Fitz - Willis,DN,0,4,Vanity_Fair_1847
Francis,N,0,4,Vanity_Fair_1847
Francis,C,0,4,Vanity_Fair_1847
Francis,I,0,4,Vanity_Fair_1847
Francis,A,0,4,Vanity_Fair_1847
Francis,DC,0,4,Vanity_Fair_1847
Francis,DN,0,4,Vanity_Fair_1847
Fred,N,0,4,Vanity_Fair_1847
Fred,C,0,4,Vanity_Fair_1847
Fred,I,0,4,Vanity_Fair_1847
Fred,A,0,4,Vanity_Fair_1847
Fred,DC,0,4,Vanity_Fair_1847
Fred,DN,0,4,Vanity_Fair_1847
"Frederick Bullock , Esq .",N,0,4,Vanity_Fair_1847
"Frederick Bullock , Esq .",C,0,4,Vanity_Fair_1847
"Frederick Bullock , Esq .",I,0,4,Vanity_Fair_1847
"Frederick Bullock , Esq .",A,0,4,Vanity_Fair_1847
"Frederick Bullock , Esq .",DC,0,4,Vanity_Fair_1847
"Frederick Bullock , Esq .",DN,0,4,Vanity_Fair_1847
Fritz,N,0,4,Vanity_Fair_1847
Fritz,C,0,4,Vanity_Fair_1847
Fritz,I,0,4,Vanity_Fair_1847
Fritz,A,0,4,Vanity_Fair_1847
Fritz,DC,0,4,Vanity_Fair_1847
Fritz,DN,0,4,Vanity_Fair_1847
Gad,N,3,4,Vanity_Fair_1847
Gad,C,0,4,Vanity_Fair_1847
Gad,I,0,4,Vanity_Fair_1847
Gad,A,0,4,Vanity_Fair_1847
Gad,DC,2,4,Vanity_Fair_1847
Gad,DN,0,4,Vanity_Fair_1847
General Tufto,N,0,4,Vanity_Fair_1847
General Tufto,C,0,4,Vanity_Fair_1847
General Tufto,I,0,4,Vanity_Fair_1847
General Tufto,A,0,4,Vanity_Fair_1847
General Tufto,DC,0,4,Vanity_Fair_1847
General Tufto,DN,0,4,Vanity_Fair_1847
George,N,82,4,Vanity_Fair_1847
George,C,36,4,Vanity_Fair_1847
George,I,21,4,Vanity_Fair_1847
George,A,39,4,Vanity_Fair_1847
George,DC,26,4,Vanity_Fair_1847
George,DN,9,4,Vanity_Fair_1847
Georgy,N,0,4,Vanity_Fair_1847
Georgy,C,0,4,Vanity_Fair_1847
Georgy,I,0,4,Vanity_Fair_1847
Georgy,A,0,4,Vanity_Fair_1847
Georgy,DC,0,4,Vanity_Fair_1847
Georgy,DN,0,4,Vanity_Fair_1847
Glorvina,N,0,4,Vanity_Fair_1847
Glorvina,C,0,4,Vanity_Fair_1847
Glorvina,I,0,4,Vanity_Fair_1847
Glorvina,A,0,4,Vanity_Fair_1847
Glorvina,DC,0,4,Vanity_Fair_1847
Glorvina,DN,0,4,Vanity_Fair_1847
God,N,1,4,Vanity_Fair_1847
God,C,0,4,Vanity_Fair_1847
God,I,0,4,Vanity_Fair_1847
God,A,0,4,Vanity_Fair_1847
God,DC,0,4,Vanity_Fair_1847
God,DN,0,4,Vanity_Fair_1847
Grandpapa,N,0,4,Vanity_Fair_1847
Grandpapa,C,0,4,Vanity_Fair_1847
Grandpapa,I,0,4,Vanity_Fair_1847
Grandpapa,A,0,4,Vanity_Fair_1847
Grandpapa,DC,0,4,Vanity_Fair_1847
Grandpapa,DN,0,4,Vanity_Fair_1847
Gulielmo Dobbin,N,3,4,Vanity_Fair_1847
Gulielmo Dobbin,C,0,4,Vanity_Fair_1847
Gulielmo Dobbin,I,3,4,Vanity_Fair_1847
Gulielmo Dobbin,A,3,4,Vanity_Fair_1847
Gulielmo Dobbin,DC,0,4,Vanity_Fair_1847
Gulielmo Dobbin,DN,1,4,Vanity_Fair_1847
H. E.,N,0,4,Vanity_Fair_1847
H. E.,C,0,4,Vanity_Fair_1847
H. E.,I,0,4,Vanity_Fair_1847
H. E.,A,0,4,Vanity_Fair_1847
H. E.,DC,0,4,Vanity_Fair_1847
H. E.,DN,0,4,Vanity_Fair_1847
Heaven,N,4,4,Vanity_Fair_1847
Heaven,C,1,4,Vanity_Fair_1847
Heaven,I,0,4,Vanity_Fair_1847
Heaven,A,0,4,Vanity_Fair_1847
Heaven,DC,1,4,Vanity_Fair_1847
Heaven,DN,0,4,Vanity_Fair_1847
Heavytop,N,0,4,Vanity_Fair_1847
Heavytop,C,0,4,Vanity_Fair_1847
Heavytop,I,0,4,Vanity_Fair_1847
Heavytop,A,0,4,Vanity_Fair_1847
Heavytop,DC,0,4,Vanity_Fair_1847
Heavytop,DN,0,4,Vanity_Fair_1847
Hester,N,0,4,Vanity_Fair_1847
Hester,C,0,4,Vanity_Fair_1847
Hester,I,0,4,Vanity_Fair_1847
Hester,A,0,4,Vanity_Fair_1847
Hester,DC,0,4,Vanity_Fair_1847
Hester,DN,0,4,Vanity_Fair_1847
Hulker,N,0,4,Vanity_Fair_1847
Hulker,C,0,4,Vanity_Fair_1847
Hulker,I,0,4,Vanity_Fair_1847
Hulker,A,0,4,Vanity_Fair_1847
Hulker,DC,0,4,Vanity_Fair_1847
Hulker,DN,0,4,Vanity_Fair_1847
Isidor,N,0,4,Vanity_Fair_1847
Isidor,C,0,4,Vanity_Fair_1847
Isidor,I,0,4,Vanity_Fair_1847
Isidor,A,0,4,Vanity_Fair_1847
Isidor,DC,0,4,Vanity_Fair_1847
Isidor,DN,0,4,Vanity_Fair_1847
Jack,N,0,4,Vanity_Fair_1847
Jack,C,0,4,Vanity_Fair_1847
Jack,I,0,4,Vanity_Fair_1847
Jack,A,0,4,Vanity_Fair_1847
Jack,DC,0,4,Vanity_Fair_1847
Jack,DN,0,4,Vanity_Fair_1847
James,N,2,4,Vanity_Fair_1847
James,C,0,4,Vanity_Fair_1847
James,I,0,4,Vanity_Fair_1847
James,A,0,4,Vanity_Fair_1847
James,DC,1,4,Vanity_Fair_1847
James,DN,0,4,Vanity_Fair_1847
Jenkins,N,0,4,Vanity_Fair_1847
Jenkins,C,0,4,Vanity_Fair_1847
Jenkins,I,0,4,Vanity_Fair_1847
Jenkins,A,0,4,Vanity_Fair_1847
Jenkins,DC,0,4,Vanity_Fair_1847
Jenkins,DN,0,4,Vanity_Fair_1847
Jim,N,2,4,Vanity_Fair_1847
Jim,C,0,4,Vanity_Fair_1847
Jim,I,0,4,Vanity_Fair_1847
Jim,A,0,4,Vanity_Fair_1847
Jim,DC,1,4,Vanity_Fair_1847
Jim,DN,0,4,Vanity_Fair_1847
John,N,7,4,Vanity_Fair_1847
John,C,5,4,Vanity_Fair_1847
John,I,4,4,Vanity_Fair_1847
John,A,2,4,Vanity_Fair_1847
John,DC,0,4,Vanity_Fair_1847
John,DN,1,4,Vanity_Fair_1847
John Osborne,N,0,4,Vanity_Fair_1847
John Osborne,C,0,4,Vanity_Fair_1847
John Osborne,I,0,4,Vanity_Fair_1847
John Osborne,A,0,4,Vanity_Fair_1847
John Osborne,DC,0,4,Vanity_Fair_1847
John Osborne,DN,0,4,Vanity_Fair_1847
John Sedley,N,4,4,Vanity_Fair_1847
John Sedley,C,0,4,Vanity_Fair_1847
John Sedley,I,0,4,Vanity_Fair_1847
John Sedley,A,0,4,Vanity_Fair_1847
John Sedley,DC,1,4,Vanity_Fair_1847
John Sedley,DN,0,4,Vanity_Fair_1847
John of Gaunt,N,0,4,Vanity_Fair_1847
John of Gaunt,C,0,4,Vanity_Fair_1847
John of Gaunt,I,0,4,Vanity_Fair_1847
John of Gaunt,A,0,4,Vanity_Fair_1847
John of Gaunt,DC,0,4,Vanity_Fair_1847
John of Gaunt,DN,0,4,Vanity_Fair_1847
Jones,N,0,4,Vanity_Fair_1847
Jones,C,0,4,Vanity_Fair_1847
Jones,I,0,4,Vanity_Fair_1847
Jones,A,0,4,Vanity_Fair_1847
Jones,DC,0,4,Vanity_Fair_1847
Jones,DN,0,4,Vanity_Fair_1847
Jos,N,165,4,Vanity_Fair_1847
Jos,C,57,4,Vanity_Fair_1847
Jos,I,51,4,Vanity_Fair_1847
Jos,A,119,4,Vanity_Fair_1847
Jos,DC,47,4,Vanity_Fair_1847
Jos,DN,39,4,Vanity_Fair_1847
Jove,N,4,4,Vanity_Fair_1847
Jove,C,0,4,Vanity_Fair_1847
Jove,I,0,4,Vanity_Fair_1847
Jove,A,0,4,Vanity_Fair_1847
Jove,DC,2,4,Vanity_Fair_1847
Jove,DN,1,4,Vanity_Fair_1847
Kirsch,N,0,4,Vanity_Fair_1847
Kirsch,C,0,4,Vanity_Fair_1847
Kirsch,I,0,4,Vanity_Fair_1847
Kirsch,A,0,4,Vanity_Fair_1847
Kirsch,DC,0,4,Vanity_Fair_1847
Kirsch,DN,0,4,Vanity_Fair_1847
Lady Bareacres,N,0,4,Vanity_Fair_1847
Lady Bareacres,C,0,4,Vanity_Fair_1847
Lady Bareacres,I,0,4,Vanity_Fair_1847
Lady Bareacres,A,0,4,Vanity_Fair_1847
Lady Bareacres,DC,0,4,Vanity_Fair_1847
Lady Bareacres,DN,0,4,Vanity_Fair_1847
Lady Blanche,N,0,4,Vanity_Fair_1847
Lady Blanche,C,0,4,Vanity_Fair_1847
Lady Blanche,I,0,4,Vanity_Fair_1847
Lady Blanche,A,0,4,Vanity_Fair_1847
Lady Blanche,DC,0,4,Vanity_Fair_1847
Lady Blanche,DN,0,4,Vanity_Fair_1847
Lady Crackenbury,N,0,4,Vanity_Fair_1847
Lady Crackenbury,C,0,4,Vanity_Fair_1847
Lady Crackenbury,I,0,4,Vanity_Fair_1847
Lady Crackenbury,A,0,4,Vanity_Fair_1847
Lady Crackenbury,DC,0,4,Vanity_Fair_1847
Lady Crackenbury,DN,0,4,Vanity_Fair_1847
Lady Crawley,N,0,4,Vanity_Fair_1847
Lady Crawley,C,0,4,Vanity_Fair_1847
Lady Crawley,I,0,4,Vanity_Fair_1847
Lady Crawley,A,0,4,Vanity_Fair_1847
Lady Crawley,DC,0,4,Vanity_Fair_1847
Lady Crawley,DN,0,4,Vanity_Fair_1847
Lady Dobbin,N,2,4,Vanity_Fair_1847
Lady Dobbin,C,0,4,Vanity_Fair_1847
Lady Dobbin,I,0,4,Vanity_Fair_1847
Lady Dobbin,A,0,4,Vanity_Fair_1847
Lady Dobbin,DC,2,4,Vanity_Fair_1847
Lady Dobbin,DN,0,4,Vanity_Fair_1847
Lady Fuddleston,N,0,4,Vanity_Fair_1847
Lady Fuddleston,C,0,4,Vanity_Fair_1847
Lady Fuddleston,I,0,4,Vanity_Fair_1847
Lady Fuddleston,A,0,4,Vanity_Fair_1847
Lady Fuddleston,DC,0,4,Vanity_Fair_1847
Lady Fuddleston,DN,0,4,Vanity_Fair_1847
Lady Gaunt,N,0,4,Vanity_Fair_1847
Lady Gaunt,C,0,4,Vanity_Fair_1847
Lady Gaunt,I,0,4,Vanity_Fair_1847
Lady Gaunt,A,0,4,Vanity_Fair_1847
Lady Gaunt,DC,0,4,Vanity_Fair_1847
Lady Gaunt,DN,0,4,Vanity_Fair_1847
Lady Jane,N,8,4,Vanity_Fair_1847
Lady Jane,C,5,4,Vanity_Fair_1847
Lady Jane,I,2,4,Vanity_Fair_1847
Lady Jane,A,5,4,Vanity_Fair_1847
Lady Jane,DC,1,4,Vanity_Fair_1847
Lady Jane,DN,0,4,Vanity_Fair_1847
Lady Macbeth,N,1,4,Vanity_Fair_1847
Lady Macbeth,C,0,4,Vanity_Fair_1847
Lady Macbeth,I,0,4,Vanity_Fair_1847
Lady Macbeth,A,1,4,Vanity_Fair_1847
Lady Macbeth,DC,0,4,Vanity_Fair_1847
Lady Macbeth,DN,0,4,Vanity_Fair_1847
Lady Mary Caerlyon,N,0,4,Vanity_Fair_1847
Lady Mary Caerlyon,C,0,4,Vanity_Fair_1847
Lady Mary Caerlyon,I,0,4,Vanity_Fair_1847
Lady Mary Caerlyon,A,0,4,Vanity_Fair_1847
Lady Mary Caerlyon,DC,0,4,Vanity_Fair_1847
Lady Mary Caerlyon,DN,0,4,Vanity_Fair_1847
Lady O'Dowd,N,0,4,Vanity_Fair_1847
Lady O'Dowd,C,0,4,Vanity_Fair_1847
Lady O'Dowd,I,0,4,Vanity_Fair_1847
Lady O'Dowd,A,0,4,Vanity_Fair_1847
Lady O'Dowd,DC,0,4,Vanity_Fair_1847
Lady O'Dowd,DN,0,4,Vanity_Fair_1847
Lady Partlet,N,0,4,Vanity_Fair_1847
Lady Partlet,C,0,4,Vanity_Fair_1847
Lady Partlet,I,0,4,Vanity_Fair_1847
Lady Partlet,A,0,4,Vanity_Fair_1847
Lady Partlet,DC,0,4,Vanity_Fair_1847
Lady Partlet,DN,0,4,Vanity_Fair_1847
Lady Slingstone,N,0,4,Vanity_Fair_1847
Lady Slingstone,C,0,4,Vanity_Fair_1847
Lady Slingstone,I,0,4,Vanity_Fair_1847
Lady Slingstone,A,0,4,Vanity_Fair_1847
Lady Slingstone,DC,0,4,Vanity_Fair_1847
Lady Slingstone,DN,0,4,Vanity_Fair_1847
Lady Southdown,N,0,4,Vanity_Fair_1847
Lady Southdown,C,0,4,Vanity_Fair_1847
Lady Southdown,I,0,4,Vanity_Fair_1847
Lady Southdown,A,0,4,Vanity_Fair_1847
Lady Southdown,DC,0,4,Vanity_Fair_1847
Lady Southdown,DN,0,4,Vanity_Fair_1847
Lady Squeams,N,0,4,Vanity_Fair_1847
Lady Squeams,C,0,4,Vanity_Fair_1847
Lady Squeams,I,0,4,Vanity_Fair_1847
Lady Squeams,A,0,4,Vanity_Fair_1847
Lady Squeams,DC,0,4,Vanity_Fair_1847
Lady Squeams,DN,0,4,Vanity_Fair_1847
Lady Steyne,N,0,4,Vanity_Fair_1847
Lady Steyne,C,0,4,Vanity_Fair_1847
Lady Steyne,I,0,4,Vanity_Fair_1847
Lady Steyne,A,0,4,Vanity_Fair_1847
Lady Steyne,DC,0,4,Vanity_Fair_1847
Lady Steyne,DN,0,4,Vanity_Fair_1847
Laura Martin,N,2,4,Vanity_Fair_1847
Laura Martin,C,1,4,Vanity_Fair_1847
Laura Martin,I,0,4,Vanity_Fair_1847
Laura Martin,A,1,4,Vanity_Fair_1847
Laura Martin,DC,0,4,Vanity_Fair_1847
Laura Martin,DN,0,4,Vanity_Fair_1847
Lazarus,N,0,4,Vanity_Fair_1847
Lazarus,C,0,4,Vanity_Fair_1847
Lazarus,I,0,4,Vanity_Fair_1847
Lazarus,A,0,4,Vanity_Fair_1847
Lazarus,DC,0,4,Vanity_Fair_1847
Lazarus,DN,0,4,Vanity_Fair_1847
Little Bob Suckling,N,0,4,Vanity_Fair_1847
Little Bob Suckling,C,0,4,Vanity_Fair_1847
Little Bob Suckling,I,0,4,Vanity_Fair_1847
Little Bob Suckling,A,0,4,Vanity_Fair_1847
Little Bob Suckling,DC,0,4,Vanity_Fair_1847
Little Bob Suckling,DN,0,4,Vanity_Fair_1847
Little Rawdon,N,0,4,Vanity_Fair_1847
Little Rawdon,C,0,4,Vanity_Fair_1847
Little Rawdon,I,0,4,Vanity_Fair_1847
Little Rawdon,A,0,4,Vanity_Fair_1847
Little Rawdon,DC,0,4,Vanity_Fair_1847
Little Rawdon,DN,0,4,Vanity_Fair_1847
Loll Jewab,N,0,4,Vanity_Fair_1847
Loll Jewab,C,0,4,Vanity_Fair_1847
Loll Jewab,I,0,4,Vanity_Fair_1847
Loll Jewab,A,0,4,Vanity_Fair_1847
Loll Jewab,DC,0,4,Vanity_Fair_1847
Loll Jewab,DN,0,4,Vanity_Fair_1847
Lord Bareacres,N,0,4,Vanity_Fair_1847
Lord Bareacres,C,0,4,Vanity_Fair_1847
Lord Bareacres,I,0,4,Vanity_Fair_1847
Lord Bareacres,A,0,4,Vanity_Fair_1847
Lord Bareacres,DC,0,4,Vanity_Fair_1847
Lord Bareacres,DN,0,4,Vanity_Fair_1847
Lord Binkie,N,4,4,Vanity_Fair_1847
Lord Binkie,C,0,4,Vanity_Fair_1847
Lord Binkie,I,0,4,Vanity_Fair_1847
Lord Binkie,A,0,4,Vanity_Fair_1847
Lord Binkie,DC,0,4,Vanity_Fair_1847
Lord Binkie,DN,0,4,Vanity_Fair_1847
Lord Gaunt,N,0,4,Vanity_Fair_1847
Lord Gaunt,C,0,4,Vanity_Fair_1847
Lord Gaunt,I,0,4,Vanity_Fair_1847
Lord Gaunt,A,0,4,Vanity_Fair_1847
Lord Gaunt,DC,0,4,Vanity_Fair_1847
Lord Gaunt,DN,0,4,Vanity_Fair_1847
Lord Southdown,N,0,4,Vanity_Fair_1847
Lord Southdown,C,0,4,Vanity_Fair_1847
Lord Southdown,I,0,4,Vanity_Fair_1847
Lord Southdown,A,0,4,Vanity_Fair_1847
Lord Southdown,DC,0,4,Vanity_Fair_1847
Lord Southdown,DN,0,4,Vanity_Fair_1847
Lord Steyne,N,0,4,Vanity_Fair_1847
Lord Steyne,C,0,4,Vanity_Fair_1847
Lord Steyne,I,0,4,Vanity_Fair_1847
Lord Steyne,A,0,4,Vanity_Fair_1847
Lord Steyne,DC,0,4,Vanity_Fair_1847
Lord Steyne,DN,0,4,Vanity_Fair_1847
Lord Steyne's,N,0,4,Vanity_Fair_1847
Lord Steyne's,C,0,4,Vanity_Fair_1847
Lord Steyne's,I,0,4,Vanity_Fair_1847
Lord Steyne's,A,0,4,Vanity_Fair_1847
Lord Steyne's,DC,0,4,Vanity_Fair_1847
Lord Steyne's,DN,0,4,Vanity_Fair_1847
Love,N,0,4,Vanity_Fair_1847
Love,C,0,4,Vanity_Fair_1847
Love,I,0,4,Vanity_Fair_1847
Love,A,0,4,Vanity_Fair_1847
Love,DC,0,4,Vanity_Fair_1847
Love,DN,0,4,Vanity_Fair_1847
Ma tante,N,0,4,Vanity_Fair_1847
Ma tante,C,0,4,Vanity_Fair_1847
Ma tante,I,0,4,Vanity_Fair_1847
Ma tante,A,0,4,Vanity_Fair_1847
Ma tante,DC,0,4,Vanity_Fair_1847
Ma tante,DN,0,4,Vanity_Fair_1847
Ma'am,N,5,4,Vanity_Fair_1847
Ma'am,C,0,4,Vanity_Fair_1847
Ma'am,I,0,4,Vanity_Fair_1847
Ma'am,A,0,4,Vanity_Fair_1847
Ma'am,DC,3,4,Vanity_Fair_1847
Ma'am,DN,0,4,Vanity_Fair_1847
Mac,N,0,4,Vanity_Fair_1847
Mac,C,0,4,Vanity_Fair_1847
Mac,I,0,4,Vanity_Fair_1847
Mac,A,0,4,Vanity_Fair_1847
Mac,DC,0,4,Vanity_Fair_1847
Mac,DN,0,4,Vanity_Fair_1847
Macmurdo,N,0,4,Vanity_Fair_1847
Macmurdo,C,0,4,Vanity_Fair_1847
Macmurdo,I,0,4,Vanity_Fair_1847
Macmurdo,A,0,4,Vanity_Fair_1847
Macmurdo,DC,0,4,Vanity_Fair_1847
Macmurdo,DN,0,4,Vanity_Fair_1847
Madame,N,0,4,Vanity_Fair_1847
Madame,C,0,4,Vanity_Fair_1847
Madame,I,0,4,Vanity_Fair_1847
Madame,A,0,4,Vanity_Fair_1847
Madame,DC,0,4,Vanity_Fair_1847
Madame,DN,0,4,Vanity_Fair_1847
Madame Crawley,N,0,4,Vanity_Fair_1847
Madame Crawley,C,0,4,Vanity_Fair_1847
Madame Crawley,I,0,4,Vanity_Fair_1847
Madame Crawley,A,0,4,Vanity_Fair_1847
Madame Crawley,DC,0,4,Vanity_Fair_1847
Madame Crawley,DN,0,4,Vanity_Fair_1847
Madame Lederlung,N,0,4,Vanity_Fair_1847
Madame Lederlung,C,0,4,Vanity_Fair_1847
Madame Lederlung,I,0,4,Vanity_Fair_1847
Madame Lederlung,A,0,4,Vanity_Fair_1847
Madame Lederlung,DC,0,4,Vanity_Fair_1847
Madame Lederlung,DN,0,4,Vanity_Fair_1847
Madame Strumpff,N,0,4,Vanity_Fair_1847
Madame Strumpff,C,0,4,Vanity_Fair_1847
Madame Strumpff,I,0,4,Vanity_Fair_1847
Madame Strumpff,A,0,4,Vanity_Fair_1847
Madame Strumpff,DC,0,4,Vanity_Fair_1847
Madame Strumpff,DN,0,4,Vanity_Fair_1847
Madame de Belladonna,N,0,4,Vanity_Fair_1847
Madame de Belladonna,C,0,4,Vanity_Fair_1847
Madame de Belladonna,I,0,4,Vanity_Fair_1847
Madame de Belladonna,A,0,4,Vanity_Fair_1847
Madame de Belladonna,DC,0,4,Vanity_Fair_1847
Madame de Belladonna,DN,0,4,Vanity_Fair_1847
Madame de Borodino,N,0,4,Vanity_Fair_1847
Madame de Borodino,C,0,4,Vanity_Fair_1847
Madame de Borodino,I,0,4,Vanity_Fair_1847
Madame de Borodino,A,0,4,Vanity_Fair_1847
Madame de Borodino,DC,0,4,Vanity_Fair_1847
Madame de Borodino,DN,0,4,Vanity_Fair_1847
Mademoiselle Fifine,N,0,4,Vanity_Fair_1847
Mademoiselle Fifine,C,0,4,Vanity_Fair_1847
Mademoiselle Fifine,I,0,4,Vanity_Fair_1847
Mademoiselle Fifine,A,0,4,Vanity_Fair_1847
Mademoiselle Fifine,DC,0,4,Vanity_Fair_1847
Mademoiselle Fifine,DN,0,4,Vanity_Fair_1847
Major Loder,N,0,4,Vanity_Fair_1847
Major Loder,C,0,4,Vanity_Fair_1847
Major Loder,I,0,4,Vanity_Fair_1847
Major Loder,A,0,4,Vanity_Fair_1847
Major Loder,DC,0,4,Vanity_Fair_1847
Major Loder,DN,0,4,Vanity_Fair_1847
Major Sugarplums,N,0,4,Vanity_Fair_1847
Major Sugarplums,C,0,4,Vanity_Fair_1847
Major Sugarplums,I,0,4,Vanity_Fair_1847
Major Sugarplums,A,0,4,Vanity_Fair_1847
Major Sugarplums,DC,0,4,Vanity_Fair_1847
Major Sugarplums,DN,0,4,Vanity_Fair_1847
Mamma,N,4,4,Vanity_Fair_1847
Mamma,C,0,4,Vanity_Fair_1847
Mamma,I,0,4,Vanity_Fair_1847
Mamma,A,0,4,Vanity_Fair_1847
Mamma,DC,2,4,Vanity_Fair_1847
Mamma,DN,0,4,Vanity_Fair_1847
Maria,N,0,4,Vanity_Fair_1847
Maria,C,0,4,Vanity_Fair_1847
Maria,I,0,4,Vanity_Fair_1847
Maria,A,0,4,Vanity_Fair_1847
Maria,DC,0,4,Vanity_Fair_1847
Maria,DN,0,4,Vanity_Fair_1847
Master Alderney,N,0,4,Vanity_Fair_1847
Master Alderney,C,0,4,Vanity_Fair_1847
Master Alderney,I,0,4,Vanity_Fair_1847
Master Alderney,A,0,4,Vanity_Fair_1847
Master Alderney,DC,0,4,Vanity_Fair_1847
Master Alderney,DN,0,4,Vanity_Fair_1847
Matilda,N,0,4,Vanity_Fair_1847
Matilda,C,0,4,Vanity_Fair_1847
Matilda,I,0,4,Vanity_Fair_1847
Matilda,A,0,4,Vanity_Fair_1847
Matilda,DC,0,4,Vanity_Fair_1847
Matilda,DN,0,4,Vanity_Fair_1847
Max,N,0,4,Vanity_Fair_1847
Max,C,0,4,Vanity_Fair_1847
Max,I,0,4,Vanity_Fair_1847
Max,A,0,4,Vanity_Fair_1847
Max,DC,0,4,Vanity_Fair_1847
Max,DN,0,4,Vanity_Fair_1847
Mesrour,N,0,4,Vanity_Fair_1847
Mesrour,C,0,4,Vanity_Fair_1847
Mesrour,I,0,4,Vanity_Fair_1847
Mesrour,A,0,4,Vanity_Fair_1847
Mesrour,DC,0,4,Vanity_Fair_1847
Mesrour,DN,0,4,Vanity_Fair_1847
Messrs. Jones,N,2,4,Vanity_Fair_1847
Messrs. Jones,C,2,4,Vanity_Fair_1847
Messrs. Jones,I,0,4,Vanity_Fair_1847
Messrs. Jones,A,0,4,Vanity_Fair_1847
Messrs. Jones,DC,0,4,Vanity_Fair_1847
Messrs. Jones,DN,1,4,Vanity_Fair_1847
Mick,N,0,4,Vanity_Fair_1847
Mick,C,0,4,Vanity_Fair_1847
Mick,I,0,4,Vanity_Fair_1847
Mick,A,0,4,Vanity_Fair_1847
Mick,DC,0,4,Vanity_Fair_1847
Mick,DN,0,4,Vanity_Fair_1847
Milor,N,0,4,Vanity_Fair_1847
Milor,C,0,4,Vanity_Fair_1847
Milor,I,0,4,Vanity_Fair_1847
Milor,A,0,4,Vanity_Fair_1847
Milor,DC,0,4,Vanity_Fair_1847
Milor,DN,0,4,Vanity_Fair_1847
Minerva,N,4,4,Vanity_Fair_1847
Minerva,C,4,4,Vanity_Fair_1847
Minerva,I,2,4,Vanity_Fair_1847
Minerva,A,3,4,Vanity_Fair_1847
Minerva,DC,1,4,Vanity_Fair_1847
Minerva,DN,1,4,Vanity_Fair_1847
Miss,N,0,4,Vanity_Fair_1847
Miss,C,0,4,Vanity_Fair_1847
Miss,I,0,4,Vanity_Fair_1847
Miss,A,0,4,Vanity_Fair_1847
Miss,DC,0,4,Vanity_Fair_1847
Miss,DN,0,4,Vanity_Fair_1847
Miss Ann,N,0,4,Vanity_Fair_1847
Miss Ann,C,0,4,Vanity_Fair_1847
Miss Ann,I,0,4,Vanity_Fair_1847
Miss Ann,A,0,4,Vanity_Fair_1847
Miss Ann,DC,0,4,Vanity_Fair_1847
Miss Ann,DN,0,4,Vanity_Fair_1847
Miss B.,N,0,4,Vanity_Fair_1847
Miss B.,C,0,4,Vanity_Fair_1847
Miss B.,I,0,4,Vanity_Fair_1847
Miss B.,A,0,4,Vanity_Fair_1847
Miss B.,DC,0,4,Vanity_Fair_1847
Miss B.,DN,0,4,Vanity_Fair_1847
Miss Brown,N,0,4,Vanity_Fair_1847
Miss Brown,C,0,4,Vanity_Fair_1847
Miss Brown,I,0,4,Vanity_Fair_1847
Miss Brown,A,0,4,Vanity_Fair_1847
Miss Brown,DC,0,4,Vanity_Fair_1847
Miss Brown,DN,0,4,Vanity_Fair_1847
Miss Clapp,N,0,4,Vanity_Fair_1847
Miss Clapp,C,0,4,Vanity_Fair_1847
Miss Clapp,I,0,4,Vanity_Fair_1847
Miss Clapp,A,0,4,Vanity_Fair_1847
Miss Clapp,DC,0,4,Vanity_Fair_1847
Miss Clapp,DN,0,4,Vanity_Fair_1847
Miss Crawley,N,3,4,Vanity_Fair_1847
Miss Crawley,C,0,4,Vanity_Fair_1847
Miss Crawley,I,0,4,Vanity_Fair_1847
Miss Crawley,A,0,4,Vanity_Fair_1847
Miss Crawley,DC,2,4,Vanity_Fair_1847
Miss Crawley,DN,0,4,Vanity_Fair_1847
Miss Hawky,N,0,4,Vanity_Fair_1847
Miss Hawky,C,0,4,Vanity_Fair_1847
Miss Hawky,I,0,4,Vanity_Fair_1847
Miss Hawky,A,0,4,Vanity_Fair_1847
Miss Hawky,DC,0,4,Vanity_Fair_1847
Miss Hawky,DN,0,4,Vanity_Fair_1847
Miss Horrocks,N,1,4,Vanity_Fair_1847
Miss Horrocks,C,0,4,Vanity_Fair_1847
Miss Horrocks,I,0,4,Vanity_Fair_1847
Miss Horrocks,A,0,4,Vanity_Fair_1847
Miss Horrocks,DC,0,4,Vanity_Fair_1847
Miss Horrocks,DN,0,4,Vanity_Fair_1847
Miss MacWhirter,N,0,4,Vanity_Fair_1847
Miss MacWhirter,C,0,4,Vanity_Fair_1847
Miss MacWhirter,I,0,4,Vanity_Fair_1847
Miss MacWhirter,A,0,4,Vanity_Fair_1847
Miss MacWhirter,DC,0,4,Vanity_Fair_1847
Miss MacWhirter,DN,0,4,Vanity_Fair_1847
Miss Malony,N,0,4,Vanity_Fair_1847
Miss Malony,C,0,4,Vanity_Fair_1847
Miss Malony,I,0,4,Vanity_Fair_1847
Miss Malony,A,0,4,Vanity_Fair_1847
Miss Malony,DC,0,4,Vanity_Fair_1847
Miss Malony,DN,0,4,Vanity_Fair_1847
Miss Moss,N,0,4,Vanity_Fair_1847
Miss Moss,C,0,4,Vanity_Fair_1847
Miss Moss,I,0,4,Vanity_Fair_1847
Miss Moss,A,0,4,Vanity_Fair_1847
Miss Moss,DC,0,4,Vanity_Fair_1847
Miss Moss,DN,0,4,Vanity_Fair_1847
Miss O.,N,0,4,Vanity_Fair_1847
Miss O.,C,0,4,Vanity_Fair_1847
Miss O.,I,0,4,Vanity_Fair_1847
Miss O.,A,0,4,Vanity_Fair_1847
Miss O.,DC,0,4,Vanity_Fair_1847
Miss O.,DN,0,4,Vanity_Fair_1847
Miss Osborne,N,0,4,Vanity_Fair_1847
Miss Osborne,C,0,4,Vanity_Fair_1847
Miss Osborne,I,0,4,Vanity_Fair_1847
Miss Osborne,A,0,4,Vanity_Fair_1847
Miss Osborne,DC,0,4,Vanity_Fair_1847
Miss Osborne,DN,0,4,Vanity_Fair_1847
Miss Pinkerton,N,62,4,Vanity_Fair_1847
Miss Pinkerton,C,24,4,Vanity_Fair_1847
Miss Pinkerton,I,6,4,Vanity_Fair_1847
Miss Pinkerton,A,18,4,Vanity_Fair_1847
Miss Pinkerton,DC,9,4,Vanity_Fair_1847
Miss Pinkerton,DN,4,4,Vanity_Fair_1847
Miss Polly,N,0,4,Vanity_Fair_1847
Miss Polly,C,0,4,Vanity_Fair_1847
Miss Polly,I,0,4,Vanity_Fair_1847
Miss Polly,A,0,4,Vanity_Fair_1847
Miss Polly,DC,0,4,Vanity_Fair_1847
Miss Polly,DN,0,4,Vanity_Fair_1847
Miss Saltire,N,2,4,Vanity_Fair_1847
Miss Saltire,C,1,4,Vanity_Fair_1847
Miss Saltire,I,1,4,Vanity_Fair_1847
Miss Saltire,A,0,4,Vanity_Fair_1847
Miss Saltire,DC,0,4,Vanity_Fair_1847
Miss Saltire,DN,0,4,Vanity_Fair_1847
Miss Swartz,N,4,4,Vanity_Fair_1847
Miss Swartz,C,1,4,Vanity_Fair_1847
Miss Swartz,I,1,4,Vanity_Fair_1847
Miss Swartz,A,1,4,Vanity_Fair_1847
Miss Swartz,DC,0,4,Vanity_Fair_1847
Miss Swartz,DN,2,4,Vanity_Fair_1847
Miss Toady,N,0,4,Vanity_Fair_1847
Miss Toady,C,0,4,Vanity_Fair_1847
Miss Toady,I,0,4,Vanity_Fair_1847
Miss Toady,A,0,4,Vanity_Fair_1847
Miss Toady,DC,0,4,Vanity_Fair_1847
Miss Toady,DN,0,4,Vanity_Fair_1847
Miss Violet,N,1,4,Vanity_Fair_1847
Miss Violet,C,0,4,Vanity_Fair_1847
Miss Violet,I,0,4,Vanity_Fair_1847
Miss Violet,A,0,4,Vanity_Fair_1847
Miss Violet,DC,0,4,Vanity_Fair_1847
Miss Violet,DN,0,4,Vanity_Fair_1847
Miss Wirt,N,0,4,Vanity_Fair_1847
Miss Wirt,C,0,4,Vanity_Fair_1847
Miss Wirt,I,0,4,Vanity_Fair_1847
Miss Wirt,A,0,4,Vanity_Fair_1847
Miss Wirt,DC,0,4,Vanity_Fair_1847
Miss Wirt,DN,0,4,Vanity_Fair_1847
Molly,N,0,4,Vanity_Fair_1847
Molly,C,0,4,Vanity_Fair_1847
Molly,I,0,4,Vanity_Fair_1847
Molly,A,0,4,Vanity_Fair_1847
Molly,DC,0,4,Vanity_Fair_1847
Molly,DN,0,4,Vanity_Fair_1847
Monseigneur,N,0,4,Vanity_Fair_1847
Monseigneur,C,0,4,Vanity_Fair_1847
Monseigneur,I,0,4,Vanity_Fair_1847
Monseigneur,A,0,4,Vanity_Fair_1847
Monseigneur,DC,0,4,Vanity_Fair_1847
Monseigneur,DN,0,4,Vanity_Fair_1847
Monsieur Fiche,N,0,4,Vanity_Fair_1847
Monsieur Fiche,C,0,4,Vanity_Fair_1847
Monsieur Fiche,I,0,4,Vanity_Fair_1847
Monsieur Fiche,A,0,4,Vanity_Fair_1847
Monsieur Fiche,DC,0,4,Vanity_Fair_1847
Monsieur Fiche,DN,0,4,Vanity_Fair_1847
Mother,N,0,4,Vanity_Fair_1847
Mother,C,0,4,Vanity_Fair_1847
Mother,I,0,4,Vanity_Fair_1847
Mother,A,0,4,Vanity_Fair_1847
Mother,DC,0,4,Vanity_Fair_1847
Mother,DN,0,4,Vanity_Fair_1847
Mr. Binny,N,0,4,Vanity_Fair_1847
Mr. Binny,C,0,4,Vanity_Fair_1847
Mr. Binny,I,0,4,Vanity_Fair_1847
Mr. Binny,A,0,4,Vanity_Fair_1847
Mr. Binny,DC,0,4,Vanity_Fair_1847
Mr. Binny,DN,0,4,Vanity_Fair_1847
Mr. Bowls,N,0,4,Vanity_Fair_1847
Mr. Bowls,C,0,4,Vanity_Fair_1847
Mr. Bowls,I,0,4,Vanity_Fair_1847
Mr. Bowls,A,0,4,Vanity_Fair_1847
Mr. Bowls,DC,0,4,Vanity_Fair_1847
Mr. Bowls,DN,0,4,Vanity_Fair_1847
Mr. Brown,N,0,4,Vanity_Fair_1847
Mr. Brown,C,0,4,Vanity_Fair_1847
Mr. Brown,I,0,4,Vanity_Fair_1847
Mr. Brown,A,0,4,Vanity_Fair_1847
Mr. Brown,DC,0,4,Vanity_Fair_1847
Mr. Brown,DN,0,4,Vanity_Fair_1847
Mr. Bullock,N,0,4,Vanity_Fair_1847
Mr. Bullock,C,0,4,Vanity_Fair_1847
Mr. Bullock,I,0,4,Vanity_Fair_1847
Mr. Bullock,A,0,4,Vanity_Fair_1847
Mr. Bullock,DC,0,4,Vanity_Fair_1847
Mr. Bullock,DN,0,4,Vanity_Fair_1847
Mr. Chopper,N,0,4,Vanity_Fair_1847
Mr. Chopper,C,0,4,Vanity_Fair_1847
Mr. Chopper,I,0,4,Vanity_Fair_1847
Mr. Chopper,A,0,4,Vanity_Fair_1847
Mr. Chopper,DC,0,4,Vanity_Fair_1847
Mr. Chopper,DN,0,4,Vanity_Fair_1847
Mr. Clapp,N,0,4,Vanity_Fair_1847
Mr. Clapp,C,0,4,Vanity_Fair_1847
Mr. Clapp,I,0,4,Vanity_Fair_1847
Mr. Clapp,A,0,4,Vanity_Fair_1847
Mr. Clapp,DC,0,4,Vanity_Fair_1847
Mr. Clapp,DN,0,4,Vanity_Fair_1847
Mr. Clump,N,0,4,Vanity_Fair_1847
Mr. Clump,C,0,4,Vanity_Fair_1847
Mr. Clump,I,0,4,Vanity_Fair_1847
Mr. Clump,A,0,4,Vanity_Fair_1847
Mr. Clump,DC,0,4,Vanity_Fair_1847
Mr. Clump,DN,0,4,Vanity_Fair_1847
Mr. Crawley,N,16,4,Vanity_Fair_1847
Mr. Crawley,C,9,4,Vanity_Fair_1847
Mr. Crawley,I,3,4,Vanity_Fair_1847
Mr. Crawley,A,3,4,Vanity_Fair_1847
Mr. Crawley,DC,1,4,Vanity_Fair_1847
Mr. Crawley,DN,4,4,Vanity_Fair_1847
Mr. Creamer,N,0,4,Vanity_Fair_1847
Mr. Creamer,C,0,4,Vanity_Fair_1847
Mr. Creamer,I,0,4,Vanity_Fair_1847
Mr. Creamer,A,0,4,Vanity_Fair_1847
Mr. Creamer,DC,0,4,Vanity_Fair_1847
Mr. Creamer,DN,0,4,Vanity_Fair_1847
Mr. Crisp,N,3,4,Vanity_Fair_1847
Mr. Crisp,C,0,4,Vanity_Fair_1847
Mr. Crisp,I,0,4,Vanity_Fair_1847
Mr. Crisp,A,1,4,Vanity_Fair_1847
Mr. Crisp,DC,0,4,Vanity_Fair_1847
Mr. Crisp,DN,0,4,Vanity_Fair_1847
Mr. Eagles,N,0,4,Vanity_Fair_1847
Mr. Eagles,C,0,4,Vanity_Fair_1847
Mr. Eagles,I,0,4,Vanity_Fair_1847
Mr. Eagles,A,0,4,Vanity_Fair_1847
Mr. Eagles,DC,0,4,Vanity_Fair_1847
Mr. Eagles,DN,0,4,Vanity_Fair_1847
Mr. Eaves,N,0,4,Vanity_Fair_1847
Mr. Eaves,C,0,4,Vanity_Fair_1847
Mr. Eaves,I,0,4,Vanity_Fair_1847
Mr. Eaves,A,0,4,Vanity_Fair_1847
Mr. Eaves,DC,0,4,Vanity_Fair_1847
Mr. Eaves,DN,0,4,Vanity_Fair_1847
Mr. Fiche,N,0,4,Vanity_Fair_1847
Mr. Fiche,C,0,4,Vanity_Fair_1847
Mr. Fiche,I,0,4,Vanity_Fair_1847
Mr. Fiche,A,0,4,Vanity_Fair_1847
Mr. Fiche,DC,0,4,Vanity_Fair_1847
Mr. Fiche,DN,0,4,Vanity_Fair_1847
Mr. Fox,N,0,4,Vanity_Fair_1847
Mr. Fox,C,0,4,Vanity_Fair_1847
Mr. Fox,I,0,4,Vanity_Fair_1847
Mr. Fox,A,0,4,Vanity_Fair_1847
Mr. Fox,DC,0,4,Vanity_Fair_1847
Mr. Fox,DN,0,4,Vanity_Fair_1847
Mr. Hammerdown,N,0,4,Vanity_Fair_1847
Mr. Hammerdown,C,0,4,Vanity_Fair_1847
Mr. Hammerdown,I,0,4,Vanity_Fair_1847
Mr. Hammerdown,A,0,4,Vanity_Fair_1847
Mr. Hammerdown,DC,0,4,Vanity_Fair_1847
Mr. Hammerdown,DN,0,4,Vanity_Fair_1847
Mr. Higgs,N,0,4,Vanity_Fair_1847
Mr. Higgs,C,0,4,Vanity_Fair_1847
Mr. Higgs,I,0,4,Vanity_Fair_1847
Mr. Higgs,A,0,4,Vanity_Fair_1847
Mr. Higgs,DC,0,4,Vanity_Fair_1847
Mr. Higgs,DN,0,4,Vanity_Fair_1847
Mr. Hodson,N,10,4,Vanity_Fair_1847
Mr. Hodson,C,3,4,Vanity_Fair_1847
Mr. Hodson,I,0,4,Vanity_Fair_1847
Mr. Hodson,A,4,4,Vanity_Fair_1847
Mr. Hodson,DC,2,4,Vanity_Fair_1847
Mr. Hodson,DN,1,4,Vanity_Fair_1847
Mr. Horrocks,N,6,4,Vanity_Fair_1847
Mr. Horrocks,C,2,4,Vanity_Fair_1847
Mr. Horrocks,I,0,4,Vanity_Fair_1847
Mr. Horrocks,A,2,4,Vanity_Fair_1847
Mr. Horrocks,DC,0,4,Vanity_Fair_1847
Mr. Horrocks,DN,0,4,Vanity_Fair_1847
Mr. Humphrey Clinker,N,0,4,Vanity_Fair_1847
Mr. Humphrey Clinker,C,0,4,Vanity_Fair_1847
Mr. Humphrey Clinker,I,0,4,Vanity_Fair_1847
Mr. Humphrey Clinker,A,0,4,Vanity_Fair_1847
Mr. Humphrey Clinker,DC,0,4,Vanity_Fair_1847
Mr. Humphrey Clinker,DN,0,4,Vanity_Fair_1847
Mr. John Thomas Dawson,N,0,4,Vanity_Fair_1847
Mr. John Thomas Dawson,C,0,4,Vanity_Fair_1847
Mr. John Thomas Dawson,I,0,4,Vanity_Fair_1847
Mr. John Thomas Dawson,A,0,4,Vanity_Fair_1847
Mr. John Thomas Dawson,DC,0,4,Vanity_Fair_1847
Mr. John Thomas Dawson,DN,0,4,Vanity_Fair_1847
Mr. Lewis,N,0,4,Vanity_Fair_1847
Mr. Lewis,C,0,4,Vanity_Fair_1847
Mr. Lewis,I,0,4,Vanity_Fair_1847
Mr. Lewis,A,0,4,Vanity_Fair_1847
Mr. Lewis,DC,0,4,Vanity_Fair_1847
Mr. Lewis,DN,0,4,Vanity_Fair_1847
Mr. Moss,N,0,4,Vanity_Fair_1847
Mr. Moss,C,0,4,Vanity_Fair_1847
Mr. Moss,I,0,4,Vanity_Fair_1847
Mr. Moss,A,0,4,Vanity_Fair_1847
Mr. Moss,DC,0,4,Vanity_Fair_1847
Mr. Moss,DN,0,4,Vanity_Fair_1847
Mr. Osborne,N,0,4,Vanity_Fair_1847
Mr. Osborne,C,0,4,Vanity_Fair_1847
Mr. Osborne,I,0,4,Vanity_Fair_1847
Mr. Osborne,A,0,4,Vanity_Fair_1847
Mr. Osborne,DC,0,4,Vanity_Fair_1847
Mr. Osborne,DN,0,4,Vanity_Fair_1847
Mr. Pestler,N,0,4,Vanity_Fair_1847
Mr. Pestler,C,0,4,Vanity_Fair_1847
Mr. Pestler,I,0,4,Vanity_Fair_1847
Mr. Pestler,A,0,4,Vanity_Fair_1847
Mr. Pestler,DC,0,4,Vanity_Fair_1847
Mr. Pestler,DN,0,4,Vanity_Fair_1847
Mr. Poe,N,0,4,Vanity_Fair_1847
Mr. Poe,C,0,4,Vanity_Fair_1847
Mr. Poe,I,0,4,Vanity_Fair_1847
Mr. Poe,A,0,4,Vanity_Fair_1847
Mr. Poe,DC,0,4,Vanity_Fair_1847
Mr. Poe,DN,0,4,Vanity_Fair_1847
Mr. Rowson,N,0,4,Vanity_Fair_1847
Mr. Rowson,C,0,4,Vanity_Fair_1847
Mr. Rowson,I,0,4,Vanity_Fair_1847
Mr. Rowson,A,0,4,Vanity_Fair_1847
Mr. Rowson,DC,0,4,Vanity_Fair_1847
Mr. Rowson,DN,0,4,Vanity_Fair_1847
Mr. S.,N,1,4,Vanity_Fair_1847
Mr. S.,C,0,4,Vanity_Fair_1847
Mr. S.,I,0,4,Vanity_Fair_1847
Mr. S.,A,0,4,Vanity_Fair_1847
Mr. S.,DC,1,4,Vanity_Fair_1847
Mr. S.,DN,0,4,Vanity_Fair_1847
Mr. Smee,N,0,4,Vanity_Fair_1847
Mr. Smee,C,0,4,Vanity_Fair_1847
Mr. Smee,I,0,4,Vanity_Fair_1847
Mr. Smee,A,0,4,Vanity_Fair_1847
Mr. Smee,DC,0,4,Vanity_Fair_1847
Mr. Smee,DN,0,4,Vanity_Fair_1847
Mr. Stubble,N,0,4,Vanity_Fair_1847
Mr. Stubble,C,0,4,Vanity_Fair_1847
Mr. Stubble,I,0,4,Vanity_Fair_1847
Mr. Stubble,A,0,4,Vanity_Fair_1847
Mr. Stubble,DC,0,4,Vanity_Fair_1847
Mr. Stubble,DN,0,4,Vanity_Fair_1847
Mr. Trotter,N,0,4,Vanity_Fair_1847
Mr. Trotter,C,0,4,Vanity_Fair_1847
Mr. Trotter,I,0,4,Vanity_Fair_1847
Mr. Trotter,A,0,4,Vanity_Fair_1847
Mr. Trotter,DC,0,4,Vanity_Fair_1847
Mr. Trotter,DN,0,4,Vanity_Fair_1847
Mr. Veal,N,0,4,Vanity_Fair_1847
Mr. Veal,C,0,4,Vanity_Fair_1847
Mr. Veal,I,0,4,Vanity_Fair_1847
Mr. Veal,A,0,4,Vanity_Fair_1847
Mr. Veal,DC,0,4,Vanity_Fair_1847
Mr. Veal,DN,0,4,Vanity_Fair_1847
Mr. Wagg,N,0,4,Vanity_Fair_1847
Mr. Wagg,C,0,4,Vanity_Fair_1847
Mr. Wagg,I,0,4,Vanity_Fair_1847
Mr. Wagg,A,0,4,Vanity_Fair_1847
Mr. Wagg,DC,0,4,Vanity_Fair_1847
Mr. Wagg,DN,0,4,Vanity_Fair_1847
Mr. Wenham,N,0,4,Vanity_Fair_1847
Mr. Wenham,C,0,4,Vanity_Fair_1847
Mr. Wenham,I,0,4,Vanity_Fair_1847
Mr. Wenham,A,0,4,Vanity_Fair_1847
Mr. Wenham,DC,0,4,Vanity_Fair_1847
Mr. Wenham,DN,0,4,Vanity_Fair_1847
Mr. Wilberforce,N,0,4,Vanity_Fair_1847
Mr. Wilberforce,C,0,4,Vanity_Fair_1847
Mr. Wilberforce,I,0,4,Vanity_Fair_1847
Mr. Wilberforce,A,0,4,Vanity_Fair_1847
Mr. Wilberforce,DC,0,4,Vanity_Fair_1847
Mr. Wilberforce,DN,0,4,Vanity_Fair_1847
Mrs.,N,0,4,Vanity_Fair_1847
Mrs.,C,0,4,Vanity_Fair_1847
Mrs.,I,0,4,Vanity_Fair_1847
Mrs.,A,0,4,Vanity_Fair_1847
Mrs.,DC,0,4,Vanity_Fair_1847
Mrs.,DN,0,4,Vanity_Fair_1847
Mrs. Blenkinsop,N,6,4,Vanity_Fair_1847
Mrs. Blenkinsop,C,2,4,Vanity_Fair_1847
Mrs. Blenkinsop,I,0,4,Vanity_Fair_1847
Mrs. Blenkinsop,A,2,4,Vanity_Fair_1847
Mrs. Blenkinsop,DC,0,4,Vanity_Fair_1847
Mrs. Blenkinsop,DN,0,4,Vanity_Fair_1847
Mrs. Bowls,N,0,4,Vanity_Fair_1847
Mrs. Bowls,C,0,4,Vanity_Fair_1847
Mrs. Bowls,I,0,4,Vanity_Fair_1847
Mrs. Bowls,A,0,4,Vanity_Fair_1847
Mrs. Bowls,DC,0,4,Vanity_Fair_1847
Mrs. Bowls,DN,0,4,Vanity_Fair_1847
Mrs. Brown,N,0,4,Vanity_Fair_1847
Mrs. Brown,C,0,4,Vanity_Fair_1847
Mrs. Brown,I,0,4,Vanity_Fair_1847
Mrs. Brown,A,0,4,Vanity_Fair_1847
Mrs. Brown,DC,0,4,Vanity_Fair_1847
Mrs. Brown,DN,0,4,Vanity_Fair_1847
Mrs. Burjoice,N,0,4,Vanity_Fair_1847
Mrs. Burjoice,C,0,4,Vanity_Fair_1847
Mrs. Burjoice,I,0,4,Vanity_Fair_1847
Mrs. Burjoice,A,0,4,Vanity_Fair_1847
Mrs. Burjoice,DC,0,4,Vanity_Fair_1847
Mrs. Burjoice,DN,0,4,Vanity_Fair_1847
Mrs. Bute,N,0,4,Vanity_Fair_1847
Mrs. Bute,C,0,4,Vanity_Fair_1847
Mrs. Bute,I,0,4,Vanity_Fair_1847
Mrs. Bute,A,0,4,Vanity_Fair_1847
Mrs. Bute,DC,0,4,Vanity_Fair_1847
Mrs. Bute,DN,0,4,Vanity_Fair_1847
Mrs. Captain Osborne,N,0,4,Vanity_Fair_1847
Mrs. Captain Osborne,C,0,4,Vanity_Fair_1847
Mrs. Captain Osborne,I,0,4,Vanity_Fair_1847
Mrs. Captain Osborne,A,0,4,Vanity_Fair_1847
Mrs. Captain Osborne,DC,0,4,Vanity_Fair_1847
Mrs. Captain Osborne,DN,0,4,Vanity_Fair_1847
Mrs. Clapp,N,0,4,Vanity_Fair_1847
Mrs. Clapp,C,0,4,Vanity_Fair_1847
Mrs. Clapp,I,0,4,Vanity_Fair_1847
Mrs. Clapp,A,0,4,Vanity_Fair_1847
Mrs. Clapp,DC,0,4,Vanity_Fair_1847
Mrs. Clapp,DN,0,4,Vanity_Fair_1847
Mrs. Cook,N,0,4,Vanity_Fair_1847
Mrs. Cook,C,0,4,Vanity_Fair_1847
Mrs. Cook,I,0,4,Vanity_Fair_1847
Mrs. Cook,A,0,4,Vanity_Fair_1847
Mrs. Cook,DC,0,4,Vanity_Fair_1847
Mrs. Cook,DN,0,4,Vanity_Fair_1847
Mrs. Dobbin,N,0,4,Vanity_Fair_1847
Mrs. Dobbin,C,0,4,Vanity_Fair_1847
Mrs. Dobbin,I,0,4,Vanity_Fair_1847
Mrs. Dobbin,A,0,4,Vanity_Fair_1847
Mrs. Dobbin,DC,0,4,Vanity_Fair_1847
Mrs. Dobbin,DN,0,4,Vanity_Fair_1847
Mrs. Eagles,N,0,4,Vanity_Fair_1847
Mrs. Eagles,C,0,4,Vanity_Fair_1847
Mrs. Eagles,I,0,4,Vanity_Fair_1847
Mrs. Eagles,A,0,4,Vanity_Fair_1847
Mrs. Eagles,DC,0,4,Vanity_Fair_1847
Mrs. Eagles,DN,0,4,Vanity_Fair_1847
Mrs. Frederick Bullock,N,0,4,Vanity_Fair_1847
Mrs. Frederick Bullock,C,0,4,Vanity_Fair_1847
Mrs. Frederick Bullock,I,0,4,Vanity_Fair_1847
Mrs. Frederick Bullock,A,0,4,Vanity_Fair_1847
Mrs. Frederick Bullock,DC,0,4,Vanity_Fair_1847
Mrs. Frederick Bullock,DN,0,4,Vanity_Fair_1847
Mrs. Glowry,N,0,4,Vanity_Fair_1847
Mrs. Glowry,C,0,4,Vanity_Fair_1847
Mrs. Glowry,I,0,4,Vanity_Fair_1847
Mrs. Glowry,A,0,4,Vanity_Fair_1847
Mrs. Glowry,DC,0,4,Vanity_Fair_1847
Mrs. Glowry,DN,0,4,Vanity_Fair_1847
Mrs. Haggistoun,N,0,4,Vanity_Fair_1847
Mrs. Haggistoun,C,0,4,Vanity_Fair_1847
Mrs. Haggistoun,I,0,4,Vanity_Fair_1847
Mrs. Haggistoun,A,0,4,Vanity_Fair_1847
Mrs. Haggistoun,DC,0,4,Vanity_Fair_1847
Mrs. Haggistoun,DN,0,4,Vanity_Fair_1847
Mrs. Kirk,N,0,4,Vanity_Fair_1847
Mrs. Kirk,C,0,4,Vanity_Fair_1847
Mrs. Kirk,I,0,4,Vanity_Fair_1847
Mrs. Kirk,A,0,4,Vanity_Fair_1847
Mrs. Kirk,DC,0,4,Vanity_Fair_1847
Mrs. Kirk,DN,0,4,Vanity_Fair_1847
Mrs. Magenis,N,0,4,Vanity_Fair_1847
Mrs. Magenis,C,0,4,Vanity_Fair_1847
Mrs. Magenis,I,0,4,Vanity_Fair_1847
Mrs. Magenis,A,0,4,Vanity_Fair_1847
Mrs. Magenis,DC,0,4,Vanity_Fair_1847
Mrs. Magenis,DN,0,4,Vanity_Fair_1847
Mrs. O'Dowd,N,0,4,Vanity_Fair_1847
Mrs. O'Dowd,C,0,4,Vanity_Fair_1847
Mrs. O'Dowd,I,0,4,Vanity_Fair_1847
Mrs. O'Dowd,A,0,4,Vanity_Fair_1847
Mrs. O'Dowd,DC,0,4,Vanity_Fair_1847
Mrs. O'Dowd,DN,0,4,Vanity_Fair_1847
Mrs. O.,N,0,4,Vanity_Fair_1847
Mrs. O.,C,0,4,Vanity_Fair_1847
Mrs. O.,I,0,4,Vanity_Fair_1847
Mrs. O.,A,0,4,Vanity_Fair_1847
Mrs. O.,DC,0,4,Vanity_Fair_1847
Mrs. O.,DN,0,4,Vanity_Fair_1847
Mrs. Pilkington,N,0,4,Vanity_Fair_1847
Mrs. Pilkington,C,0,4,Vanity_Fair_1847
Mrs. Pilkington,I,0,4,Vanity_Fair_1847
Mrs. Pilkington,A,0,4,Vanity_Fair_1847
Mrs. Pilkington,DC,0,4,Vanity_Fair_1847
Mrs. Pilkington,DN,0,4,Vanity_Fair_1847
Mrs. Raggles,N,0,4,Vanity_Fair_1847
Mrs. Raggles,C,0,4,Vanity_Fair_1847
Mrs. Raggles,I,0,4,Vanity_Fair_1847
Mrs. Raggles,A,0,4,Vanity_Fair_1847
Mrs. Raggles,DC,0,4,Vanity_Fair_1847
Mrs. Raggles,DN,0,4,Vanity_Fair_1847
Mrs. Sedley,N,0,4,Vanity_Fair_1847
Mrs. Sedley,C,0,4,Vanity_Fair_1847
Mrs. Sedley,I,0,4,Vanity_Fair_1847
Mrs. Sedley,A,0,4,Vanity_Fair_1847
Mrs. Sedley,DC,0,4,Vanity_Fair_1847
Mrs. Sedley,DN,0,4,Vanity_Fair_1847
Mrs. Stokes,N,0,4,Vanity_Fair_1847
Mrs. Stokes,C,0,4,Vanity_Fair_1847
Mrs. Stokes,I,0,4,Vanity_Fair_1847
Mrs. Stokes,A,0,4,Vanity_Fair_1847
Mrs. Stokes,DC,0,4,Vanity_Fair_1847
Mrs. Stokes,DN,0,4,Vanity_Fair_1847
Mrs. Todd,N,0,4,Vanity_Fair_1847
Mrs. Todd,C,0,4,Vanity_Fair_1847
Mrs. Todd,I,0,4,Vanity_Fair_1847
Mrs. Todd,A,0,4,Vanity_Fair_1847
Mrs. Todd,DC,0,4,Vanity_Fair_1847
Mrs. Todd,DN,0,4,Vanity_Fair_1847
Mrs. Veal,N,0,4,Vanity_Fair_1847
Mrs. Veal,C,0,4,Vanity_Fair_1847
Mrs. Veal,I,0,4,Vanity_Fair_1847
Mrs. Veal,A,0,4,Vanity_Fair_1847
Mrs. Veal,DC,0,4,Vanity_Fair_1847
Mrs. Veal,DN,0,4,Vanity_Fair_1847
Mrs. Washington White,N,0,4,Vanity_Fair_1847
Mrs. Washington White,C,0,4,Vanity_Fair_1847
Mrs. Washington White,I,0,4,Vanity_Fair_1847
Mrs. Washington White,A,0,4,Vanity_Fair_1847
Mrs. Washington White,DC,0,4,Vanity_Fair_1847
Mrs. Washington White,DN,0,4,Vanity_Fair_1847
Mrs. Wenham,N,0,4,Vanity_Fair_1847
Mrs. Wenham,C,0,4,Vanity_Fair_1847
Mrs. Wenham,I,0,4,Vanity_Fair_1847
Mrs. Wenham,A,0,4,Vanity_Fair_1847
Mrs. Wenham,DC,0,4,Vanity_Fair_1847
Mrs. Wenham,DN,0,4,Vanity_Fair_1847
Mrs. Winkworth,N,0,4,Vanity_Fair_1847
Mrs. Winkworth,C,0,4,Vanity_Fair_1847
Mrs. Winkworth,I,0,4,Vanity_Fair_1847
Mrs. Winkworth,A,0,4,Vanity_Fair_1847
Mrs. Winkworth,DC,0,4,Vanity_Fair_1847
Mrs. Winkworth,DN,0,4,Vanity_Fair_1847
Mum,N,0,4,Vanity_Fair_1847
Mum,C,0,4,Vanity_Fair_1847
Mum,I,0,4,Vanity_Fair_1847
Mum,A,0,4,Vanity_Fair_1847
Mum,DC,0,4,Vanity_Fair_1847
Mum,DN,0,4,Vanity_Fair_1847
Napoleon,N,0,4,Vanity_Fair_1847
Napoleon,C,0,4,Vanity_Fair_1847
Napoleon,I,0,4,Vanity_Fair_1847
Napoleon,A,0,4,Vanity_Fair_1847
Napoleon,DC,0,4,Vanity_Fair_1847
Napoleon,DN,0,4,Vanity_Fair_1847
Nathan,N,1,4,Vanity_Fair_1847
Nathan,C,0,4,Vanity_Fair_1847
Nathan,I,0,4,Vanity_Fair_1847
Nathan,A,0,4,Vanity_Fair_1847
Nathan,DC,1,4,Vanity_Fair_1847
Nathan,DN,0,4,Vanity_Fair_1847
Ney,N,1,4,Vanity_Fair_1847
Ney,C,0,4,Vanity_Fair_1847
Ney,I,0,4,Vanity_Fair_1847
Ney,A,0,4,Vanity_Fair_1847
Ney,DC,0,4,Vanity_Fair_1847
Ney,DN,0,4,Vanity_Fair_1847
Old Osborne,N,0,4,Vanity_Fair_1847
Old Osborne,C,0,4,Vanity_Fair_1847
Old Osborne,I,0,4,Vanity_Fair_1847
Old Osborne,A,0,4,Vanity_Fair_1847
Old Osborne,DC,0,4,Vanity_Fair_1847
Old Osborne,DN,0,4,Vanity_Fair_1847
Old Sedley,N,1,4,Vanity_Fair_1847
Old Sedley,C,0,4,Vanity_Fair_1847
Old Sedley,I,0,4,Vanity_Fair_1847
Old Sedley,A,1,4,Vanity_Fair_1847
Old Sedley,DC,0,4,Vanity_Fair_1847
Old Sedley,DN,0,4,Vanity_Fair_1847
Osborne,N,3,4,Vanity_Fair_1847
Osborne,C,6,4,Vanity_Fair_1847
Osborne,I,1,4,Vanity_Fair_1847
Osborne,A,2,4,Vanity_Fair_1847
Osborne,DC,0,4,Vanity_Fair_1847
Osborne,DN,0,4,Vanity_Fair_1847
Pa,N,0,4,Vanity_Fair_1847
Pa,C,0,4,Vanity_Fair_1847
Pa,I,0,4,Vanity_Fair_1847
Pa,A,0,4,Vanity_Fair_1847
Pa,DC,0,4,Vanity_Fair_1847
Pa,DN,0,4,Vanity_Fair_1847
Papa,N,3,4,Vanity_Fair_1847
Papa,C,0,4,Vanity_Fair_1847
Papa,I,0,4,Vanity_Fair_1847
Papa,A,2,4,Vanity_Fair_1847
Papa,DC,1,4,Vanity_Fair_1847
Papa,DN,0,4,Vanity_Fair_1847
Pauline,N,0,4,Vanity_Fair_1847
Pauline,C,0,4,Vanity_Fair_1847
Pauline,I,0,4,Vanity_Fair_1847
Pauline,A,0,4,Vanity_Fair_1847
Pauline,DC,0,4,Vanity_Fair_1847
Pauline,DN,0,4,Vanity_Fair_1847
Payne,N,0,4,Vanity_Fair_1847
Payne,C,0,4,Vanity_Fair_1847
Payne,I,0,4,Vanity_Fair_1847
Payne,A,0,4,Vanity_Fair_1847
Payne,DC,0,4,Vanity_Fair_1847
Payne,DN,0,4,Vanity_Fair_1847
Peggy,N,0,4,Vanity_Fair_1847
Peggy,C,0,4,Vanity_Fair_1847
Peggy,I,0,4,Vanity_Fair_1847
Peggy,A,0,4,Vanity_Fair_1847
Peggy,DC,0,4,Vanity_Fair_1847
Peggy,DN,0,4,Vanity_Fair_1847
Pinner,N,3,4,Vanity_Fair_1847
Pinner,C,0,4,Vanity_Fair_1847
Pinner,I,0,4,Vanity_Fair_1847
Pinner,A,3,4,Vanity_Fair_1847
Pinner,DC,2,4,Vanity_Fair_1847
Pinner,DN,1,4,Vanity_Fair_1847
Pitt,N,2,4,Vanity_Fair_1847
Pitt,C,0,4,Vanity_Fair_1847
Pitt,I,0,4,Vanity_Fair_1847
Pitt,A,0,4,Vanity_Fair_1847
Pitt,DC,0,4,Vanity_Fair_1847
Pitt,DN,1,4,Vanity_Fair_1847
Pitt Binkie,N,0,4,Vanity_Fair_1847
Pitt Binkie,C,0,4,Vanity_Fair_1847
Pitt Binkie,I,0,4,Vanity_Fair_1847
Pitt Binkie,A,0,4,Vanity_Fair_1847
Pitt Binkie,DC,0,4,Vanity_Fair_1847
Pitt Binkie,DN,0,4,Vanity_Fair_1847
Poor Jim,N,0,4,Vanity_Fair_1847
Poor Jim,C,0,4,Vanity_Fair_1847
Poor Jim,I,0,4,Vanity_Fair_1847
Poor Jim,A,0,4,Vanity_Fair_1847
Poor Jim,DC,0,4,Vanity_Fair_1847
Poor Jim,DN,0,4,Vanity_Fair_1847
Queen,N,8,4,Vanity_Fair_1847
Queen,C,0,4,Vanity_Fair_1847
Queen,I,1,4,Vanity_Fair_1847
Queen,A,2,4,Vanity_Fair_1847
Queen,DC,0,4,Vanity_Fair_1847
Queen,DN,0,4,Vanity_Fair_1847
Raggles,N,0,4,Vanity_Fair_1847
Raggles,C,0,4,Vanity_Fair_1847
Raggles,I,0,4,Vanity_Fair_1847
Raggles,A,0,4,Vanity_Fair_1847
Raggles,DC,0,4,Vanity_Fair_1847
Raggles,DN,0,4,Vanity_Fair_1847
Rawdon,N,1,4,Vanity_Fair_1847
Rawdon,C,0,4,Vanity_Fair_1847
Rawdon,I,0,4,Vanity_Fair_1847
Rawdon,A,0,4,Vanity_Fair_1847
Rawdon,DC,0,4,Vanity_Fair_1847
Rawdon,DN,0,4,Vanity_Fair_1847
"Rawdon Crawley , Esquire",N,0,4,Vanity_Fair_1847
"Rawdon Crawley , Esquire",C,0,4,Vanity_Fair_1847
"Rawdon Crawley , Esquire",I,0,4,Vanity_Fair_1847
"Rawdon Crawley , Esquire",A,0,4,Vanity_Fair_1847
"Rawdon Crawley , Esquire",DC,0,4,Vanity_Fair_1847
"Rawdon Crawley , Esquire",DN,0,4,Vanity_Fair_1847
Rebecca,N,222,4,Vanity_Fair_1847
Rebecca,C,83,4,Vanity_Fair_1847
Rebecca,I,71,4,Vanity_Fair_1847
Rebecca,A,126,4,Vanity_Fair_1847
Rebecca,DC,52,4,Vanity_Fair_1847
Rebecca,DN,34,4,Vanity_Fair_1847
Regulus,N,0,4,Vanity_Fair_1847
Regulus,C,0,4,Vanity_Fair_1847
Regulus,I,0,4,Vanity_Fair_1847
Regulus,A,0,4,Vanity_Fair_1847
Regulus,DC,0,4,Vanity_Fair_1847
Regulus,DN,0,4,Vanity_Fair_1847
Rhoda,N,0,4,Vanity_Fair_1847
Rhoda,C,0,4,Vanity_Fair_1847
Rhoda,I,0,4,Vanity_Fair_1847
Rhoda,A,0,4,Vanity_Fair_1847
Rhoda,DC,0,4,Vanity_Fair_1847
Rhoda,DN,0,4,Vanity_Fair_1847
Robinson,N,0,4,Vanity_Fair_1847
Robinson,C,0,4,Vanity_Fair_1847
Robinson,I,0,4,Vanity_Fair_1847
Robinson,A,0,4,Vanity_Fair_1847
Robinson,DC,0,4,Vanity_Fair_1847
Robinson,DN,0,4,Vanity_Fair_1847
Rosa,N,2,4,Vanity_Fair_1847
Rosa,C,0,4,Vanity_Fair_1847
Rosa,I,0,4,Vanity_Fair_1847
Rosa,A,0,4,Vanity_Fair_1847
Rosa,DC,0,4,Vanity_Fair_1847
Rosa,DN,0,4,Vanity_Fair_1847
Rose,N,0,4,Vanity_Fair_1847
Rose,C,0,4,Vanity_Fair_1847
Rose,I,0,4,Vanity_Fair_1847
Rose,A,0,4,Vanity_Fair_1847
Rose,DC,0,4,Vanity_Fair_1847
Rose,DN,0,4,Vanity_Fair_1847
SWEETEST AMELIA,N,1,4,Vanity_Fair_1847
SWEETEST AMELIA,C,0,4,Vanity_Fair_1847
SWEETEST AMELIA,I,0,4,Vanity_Fair_1847
SWEETEST AMELIA,A,1,4,Vanity_Fair_1847
SWEETEST AMELIA,DC,0,4,Vanity_Fair_1847
SWEETEST AMELIA,DN,0,4,Vanity_Fair_1847
Sambo,N,21,4,Vanity_Fair_1847
Sambo,C,1,4,Vanity_Fair_1847
Sambo,I,0,4,Vanity_Fair_1847
Sambo,A,11,4,Vanity_Fair_1847
Sambo,DC,4,4,Vanity_Fair_1847
Sambo,DN,3,4,Vanity_Fair_1847
Simpson,N,1,4,Vanity_Fair_1847
Simpson,C,0,4,Vanity_Fair_1847
Simpson,I,0,4,Vanity_Fair_1847
Simpson,A,0,4,Vanity_Fair_1847
Simpson,DC,0,4,Vanity_Fair_1847
Simpson,DN,0,4,Vanity_Fair_1847
Sir Giles Wapshot,N,0,4,Vanity_Fair_1847
Sir Giles Wapshot,C,0,4,Vanity_Fair_1847
Sir Giles Wapshot,I,0,4,Vanity_Fair_1847
Sir Giles Wapshot,A,0,4,Vanity_Fair_1847
Sir Giles Wapshot,DC,0,4,Vanity_Fair_1847
Sir Giles Wapshot,DN,0,4,Vanity_Fair_1847
Sir Huddleston Fuddleston,N,0,4,Vanity_Fair_1847
Sir Huddleston Fuddleston,C,0,4,Vanity_Fair_1847
Sir Huddleston Fuddleston,I,0,4,Vanity_Fair_1847
Sir Huddleston Fuddleston,A,0,4,Vanity_Fair_1847
Sir Huddleston Fuddleston,DC,0,4,Vanity_Fair_1847
Sir Huddleston Fuddleston,DN,0,4,Vanity_Fair_1847
Sir Huddlestone,N,0,4,Vanity_Fair_1847
Sir Huddlestone,C,0,4,Vanity_Fair_1847
Sir Huddlestone,I,0,4,Vanity_Fair_1847
Sir Huddlestone,A,0,4,Vanity_Fair_1847
Sir Huddlestone,DC,0,4,Vanity_Fair_1847
Sir Huddlestone,DN,0,4,Vanity_Fair_1847
Sir John,N,0,4,Vanity_Fair_1847
Sir John,C,0,4,Vanity_Fair_1847
Sir John,I,0,4,Vanity_Fair_1847
Sir John,A,0,4,Vanity_Fair_1847
Sir John,DC,0,4,Vanity_Fair_1847
Sir John,DN,0,4,Vanity_Fair_1847
Sir Michael O'Dowd,N,0,4,Vanity_Fair_1847
Sir Michael O'Dowd,C,0,4,Vanity_Fair_1847
Sir Michael O'Dowd,I,0,4,Vanity_Fair_1847
Sir Michael O'Dowd,A,0,4,Vanity_Fair_1847
Sir Michael O'Dowd,DC,0,4,Vanity_Fair_1847
Sir Michael O'Dowd,DN,0,4,Vanity_Fair_1847
Sir Pitt,N,58,4,Vanity_Fair_1847
Sir Pitt,C,22,4,Vanity_Fair_1847
Sir Pitt,I,5,4,Vanity_Fair_1847
Sir Pitt,A,26,4,Vanity_Fair_1847
Sir Pitt,DC,10,4,Vanity_Fair_1847
Sir Pitt,DN,9,4,Vanity_Fair_1847
Sir Rawdon,N,0,4,Vanity_Fair_1847
Sir Rawdon,C,0,4,Vanity_Fair_1847
Sir Rawdon,I,0,4,Vanity_Fair_1847
Sir Rawdon,A,0,4,Vanity_Fair_1847
Sir Rawdon,DC,0,4,Vanity_Fair_1847
Sir Rawdon,DN,0,4,Vanity_Fair_1847
Smith,N,0,4,Vanity_Fair_1847
Smith,C,0,4,Vanity_Fair_1847
Smith,I,0,4,Vanity_Fair_1847
Smith,A,0,4,Vanity_Fair_1847
Smith,DC,0,4,Vanity_Fair_1847
Smith,DN,0,4,Vanity_Fair_1847
Smollett,N,0,4,Vanity_Fair_1847
Smollett,C,0,4,Vanity_Fair_1847
Smollett,I,0,4,Vanity_Fair_1847
Smollett,A,0,4,Vanity_Fair_1847
Smollett,DC,0,4,Vanity_Fair_1847
Smollett,DN,0,4,Vanity_Fair_1847
Stubble,N,0,4,Vanity_Fair_1847
Stubble,C,0,4,Vanity_Fair_1847
Stubble,I,0,4,Vanity_Fair_1847
Stubble,A,0,4,Vanity_Fair_1847
Stubble,DC,0,4,Vanity_Fair_1847
Stubble,DN,0,4,Vanity_Fair_1847
Stumpy,N,0,4,Vanity_Fair_1847
Stumpy,C,0,4,Vanity_Fair_1847
Stumpy,I,0,4,Vanity_Fair_1847
Stumpy,A,0,4,Vanity_Fair_1847
Stumpy,DC,0,4,Vanity_Fair_1847
Stumpy,DN,0,4,Vanity_Fair_1847
Tapeworm,N,0,4,Vanity_Fair_1847
Tapeworm,C,0,4,Vanity_Fair_1847
Tapeworm,I,0,4,Vanity_Fair_1847
Tapeworm,A,0,4,Vanity_Fair_1847
Tapeworm,DC,0,4,Vanity_Fair_1847
Tapeworm,DN,0,4,Vanity_Fair_1847
Tapeworm Castle,N,0,4,Vanity_Fair_1847
Tapeworm Castle,C,0,4,Vanity_Fair_1847
Tapeworm Castle,I,0,4,Vanity_Fair_1847
Tapeworm Castle,A,0,4,Vanity_Fair_1847
Tapeworm Castle,DC,0,4,Vanity_Fair_1847
Tapeworm Castle,DN,0,4,Vanity_Fair_1847
The Capting,N,0,4,Vanity_Fair_1847
The Capting,C,0,4,Vanity_Fair_1847
The Capting,I,0,4,Vanity_Fair_1847
The Capting,A,0,4,Vanity_Fair_1847
The Capting,DC,0,4,Vanity_Fair_1847
The Capting,DN,0,4,Vanity_Fair_1847
The Duke of Wellington,N,0,4,Vanity_Fair_1847
The Duke of Wellington,C,0,4,Vanity_Fair_1847
The Duke of Wellington,I,0,4,Vanity_Fair_1847
The Duke of Wellington,A,0,4,Vanity_Fair_1847
The Duke of Wellington,DC,0,4,Vanity_Fair_1847
The Duke of Wellington,DN,0,4,Vanity_Fair_1847
Thriftless,N,0,4,Vanity_Fair_1847
Thriftless,C,0,4,Vanity_Fair_1847
Thriftless,I,0,4,Vanity_Fair_1847
Thriftless,A,0,4,Vanity_Fair_1847
Thriftless,DC,0,4,Vanity_Fair_1847
Thriftless,DN,0,4,Vanity_Fair_1847
Tinker,N,18,4,Vanity_Fair_1847
Tinker,C,11,4,Vanity_Fair_1847
Tinker,I,3,4,Vanity_Fair_1847
Tinker,A,6,4,Vanity_Fair_1847
Tinker,DC,3,4,Vanity_Fair_1847
Tinker,DN,2,4,Vanity_Fair_1847
Tom Eaves,N,0,4,Vanity_Fair_1847
Tom Eaves,C,0,4,Vanity_Fair_1847
Tom Eaves,I,0,4,Vanity_Fair_1847
Tom Eaves,A,0,4,Vanity_Fair_1847
Tom Eaves,DC,0,4,Vanity_Fair_1847
Tom Eaves,DN,0,4,Vanity_Fair_1847
Tom Fool,N,0,4,Vanity_Fair_1847
Tom Fool,C,0,4,Vanity_Fair_1847
Tom Fool,I,0,4,Vanity_Fair_1847
Tom Fool,A,0,4,Vanity_Fair_1847
Tom Fool,DC,0,4,Vanity_Fair_1847
Tom Fool,DN,0,4,Vanity_Fair_1847
Tom Moody,N,0,4,Vanity_Fair_1847
Tom Moody,C,0,4,Vanity_Fair_1847
Tom Moody,I,0,4,Vanity_Fair_1847
Tom Moody,A,0,4,Vanity_Fair_1847
Tom Moody,DC,0,4,Vanity_Fair_1847
Tom Moody,DN,0,4,Vanity_Fair_1847
Trotter,N,0,4,Vanity_Fair_1847
Trotter,C,0,4,Vanity_Fair_1847
Trotter,I,0,4,Vanity_Fair_1847
Trotter,A,0,4,Vanity_Fair_1847
Trotter,DC,0,4,Vanity_Fair_1847
Trotter,DN,0,4,Vanity_Fair_1847
Truffigny,N,0,4,Vanity_Fair_1847
Truffigny,C,0,4,Vanity_Fair_1847
Truffigny,I,0,4,Vanity_Fair_1847
Truffigny,A,0,4,Vanity_Fair_1847
Truffigny,DC,0,4,Vanity_Fair_1847
Truffigny,DN,0,4,Vanity_Fair_1847
Vanity Fair,N,0,4,Vanity_Fair_1847
Vanity Fair,C,0,4,Vanity_Fair_1847
Vanity Fair,I,0,4,Vanity_Fair_1847
Vanity Fair,A,0,4,Vanity_Fair_1847
Vanity Fair,DC,0,4,Vanity_Fair_1847
Vanity Fair,DN,0,4,Vanity_Fair_1847
Victor Aurelius XIV,N,0,4,Vanity_Fair_1847
Victor Aurelius XIV,C,0,4,Vanity_Fair_1847
Victor Aurelius XIV,I,0,4,Vanity_Fair_1847
Victor Aurelius XIV,A,0,4,Vanity_Fair_1847
Victor Aurelius XIV,DC,0,4,Vanity_Fair_1847
Victor Aurelius XIV,DN,0,4,Vanity_Fair_1847
Walpole Crawley,N,3,4,Vanity_Fair_1847
Walpole Crawley,C,0,4,Vanity_Fair_1847
Walpole Crawley,I,0,4,Vanity_Fair_1847
Walpole Crawley,A,2,4,Vanity_Fair_1847
Walpole Crawley,DC,0,4,Vanity_Fair_1847
Walpole Crawley,DN,1,4,Vanity_Fair_1847
Waterloo,N,1,4,Vanity_Fair_1847
Waterloo,C,0,4,Vanity_Fair_1847
Waterloo,I,1,4,Vanity_Fair_1847
Waterloo,A,0,4,Vanity_Fair_1847
Waterloo,DC,0,4,Vanity_Fair_1847
Waterloo,DN,0,4,Vanity_Fair_1847
Waxy,N,0,4,Vanity_Fair_1847
Waxy,C,0,4,Vanity_Fair_1847
Waxy,I,0,4,Vanity_Fair_1847
Waxy,A,0,4,Vanity_Fair_1847
Waxy,DC,0,4,Vanity_Fair_1847
Waxy,DN,0,4,Vanity_Fair_1847
Young Stubble,N,0,4,Vanity_Fair_1847
Young Stubble,C,0,4,Vanity_Fair_1847
Young Stubble,I,0,4,Vanity_Fair_1847
Young Stubble,A,0,4,Vanity_Fair_1847
Young Stubble,DC,0,4,Vanity_Fair_1847
Young Stubble,DN,0,4,Vanity_Fair_1847
Young Tandyman,N,0,4,Vanity_Fair_1847
Young Tandyman,C,0,4,Vanity_Fair_1847
Young Tandyman,I,0,4,Vanity_Fair_1847
Young Tandyman,A,0,4,Vanity_Fair_1847
Young Tandyman,DC,0,4,Vanity_Fair_1847
Young Tandyman,DN,0,4,Vanity_Fair_1847
little Emmy's,N,0,4,Vanity_Fair_1847
little Emmy's,C,0,4,Vanity_Fair_1847
little Emmy's,I,0,4,Vanity_Fair_1847
little Emmy's,A,0,4,Vanity_Fair_1847
little Emmy's,DC,0,4,Vanity_Fair_1847
little Emmy's,DN,0,4,Vanity_Fair_1847
little Fipps,N,0,4,Vanity_Fair_1847
little Fipps,C,0,4,Vanity_Fair_1847
little Fipps,I,0,4,Vanity_Fair_1847
little Fipps,A,0,4,Vanity_Fair_1847
little Fipps,DC,0,4,Vanity_Fair_1847
little Fipps,DN,0,4,Vanity_Fair_1847
old Sergeant Toffy,N,0,4,Vanity_Fair_1847
old Sergeant Toffy,C,0,4,Vanity_Fair_1847
old Sergeant Toffy,I,0,4,Vanity_Fair_1847
old Sergeant Toffy,A,0,4,Vanity_Fair_1847
old Sergeant Toffy,DC,0,4,Vanity_Fair_1847
old Sergeant Toffy,DN,0,4,Vanity_Fair_1847
"poor dear General Glanders , who was dying under the hands of that ignorant man",N,0,4,Vanity_Fair_1847
"poor dear General Glanders , who was dying under the hands of that ignorant man",C,0,4,Vanity_Fair_1847
"poor dear General Glanders , who was dying under the hands of that ignorant man",I,0,4,Vanity_Fair_1847
"poor dear General Glanders , who was dying under the hands of that ignorant man",A,0,4,Vanity_Fair_1847
"poor dear General Glanders , who was dying under the hands of that ignorant man",DC,0,4,Vanity_Fair_1847
"poor dear General Glanders , who was dying under the hands of that ignorant man",DN,0,4,Vanity_Fair_1847
the Crawleys,N,0,4,Vanity_Fair_1847
the Crawleys,C,0,4,Vanity_Fair_1847
the Crawleys,I,0,4,Vanity_Fair_1847
the Crawleys,A,0,4,Vanity_Fair_1847
the Crawleys,DC,0,4,Vanity_Fair_1847
the Crawleys,DN,0,4,Vanity_Fair_1847
the English,N,0,4,Vanity_Fair_1847
the English,C,0,4,Vanity_Fair_1847
the English,I,0,4,Vanity_Fair_1847
the English,A,0,4,Vanity_Fair_1847
the English,DC,0,4,Vanity_Fair_1847
the English,DN,0,4,Vanity_Fair_1847
the French,N,0,4,Vanity_Fair_1847
the French,C,0,4,Vanity_Fair_1847
the French,I,0,4,Vanity_Fair_1847
the French,A,0,4,Vanity_Fair_1847
the French,DC,0,4,Vanity_Fair_1847
the French,DN,0,4,Vanity_Fair_1847
the Grafinn Fanny de Butterbrod,N,0,4,Vanity_Fair_1847
the Grafinn Fanny de Butterbrod,C,0,4,Vanity_Fair_1847
the Grafinn Fanny de Butterbrod,I,0,4,Vanity_Fair_1847
the Grafinn Fanny de Butterbrod,A,0,4,Vanity_Fair_1847
the Grafinn Fanny de Butterbrod,DC,0,4,Vanity_Fair_1847
the Grafinn Fanny de Butterbrod,DN,0,4,Vanity_Fair_1847
the Hammersmith Semiramis,N,2,4,Vanity_Fair_1847
the Hammersmith Semiramis,C,1,4,Vanity_Fair_1847
the Hammersmith Semiramis,I,0,4,Vanity_Fair_1847
the Hammersmith Semiramis,A,2,4,Vanity_Fair_1847
the Hammersmith Semiramis,DC,0,4,Vanity_Fair_1847
the Hammersmith Semiramis,DN,0,4,Vanity_Fair_1847
the Honourable Mrs. Tufto,N,0,4,Vanity_Fair_1847
the Honourable Mrs. Tufto,C,0,4,Vanity_Fair_1847
the Honourable Mrs. Tufto,I,0,4,Vanity_Fair_1847
the Honourable Mrs. Tufto,A,0,4,Vanity_Fair_1847
the Honourable Mrs. Tufto,DC,0,4,Vanity_Fair_1847
the Honourable Mrs. Tufto,DN,0,4,Vanity_Fair_1847
the Kislar Aga,N,0,4,Vanity_Fair_1847
the Kislar Aga,C,0,4,Vanity_Fair_1847
the Kislar Aga,I,0,4,Vanity_Fair_1847
the Kislar Aga,A,0,4,Vanity_Fair_1847
the Kislar Aga,DC,0,4,Vanity_Fair_1847
the Kislar Aga,DN,0,4,Vanity_Fair_1847
the Marquis of Steyne,N,0,4,Vanity_Fair_1847
the Marquis of Steyne,C,0,4,Vanity_Fair_1847
the Marquis of Steyne,I,0,4,Vanity_Fair_1847
the Marquis of Steyne,A,0,4,Vanity_Fair_1847
the Marquis of Steyne,DC,0,4,Vanity_Fair_1847
the Marquis of Steyne,DN,0,4,Vanity_Fair_1847
the Misses Dobbin,N,0,4,Vanity_Fair_1847
the Misses Dobbin,C,0,4,Vanity_Fair_1847
the Misses Dobbin,I,0,4,Vanity_Fair_1847
the Misses Dobbin,A,0,4,Vanity_Fair_1847
the Misses Dobbin,DC,0,4,Vanity_Fair_1847
the Misses Dobbin,DN,0,4,Vanity_Fair_1847
the Misses Osborne,N,0,4,Vanity_Fair_1847
the Misses Osborne,C,0,4,Vanity_Fair_1847
the Misses Osborne,I,0,4,Vanity_Fair_1847
the Misses Osborne,A,0,4,Vanity_Fair_1847
the Misses Osborne,DC,0,4,Vanity_Fair_1847
the Misses Osborne,DN,0,4,Vanity_Fair_1847
the Osbornes,N,0,4,Vanity_Fair_1847
the Osbornes,C,0,4,Vanity_Fair_1847
the Osbornes,I,0,4,Vanity_Fair_1847
the Osbornes,A,0,4,Vanity_Fair_1847
the Osbornes,DC,0,4,Vanity_Fair_1847
the Osbornes,DN,0,4,Vanity_Fair_1847
the Reverend Bute Crawley,N,2,4,Vanity_Fair_1847
the Reverend Bute Crawley,C,0,4,Vanity_Fair_1847
the Reverend Bute Crawley,I,0,4,Vanity_Fair_1847
the Reverend Bute Crawley,A,0,4,Vanity_Fair_1847
the Reverend Bute Crawley,DC,1,4,Vanity_Fair_1847
the Reverend Bute Crawley,DN,0,4,Vanity_Fair_1847
the Ribbons,N,0,4,Vanity_Fair_1847
the Ribbons,C,0,4,Vanity_Fair_1847
the Ribbons,I,0,4,Vanity_Fair_1847
the Ribbons,A,0,4,Vanity_Fair_1847
the Ribbons,DC,0,4,Vanity_Fair_1847
the Ribbons,DN,0,4,Vanity_Fair_1847
the Russians,N,0,4,Vanity_Fair_1847
the Russians,C,0,4,Vanity_Fair_1847
the Russians,I,0,4,Vanity_Fair_1847
the Russians,A,0,4,Vanity_Fair_1847
the Russians,DC,0,4,Vanity_Fair_1847
the Russians,DN,0,4,Vanity_Fair_1847
the Sedleys,N,1,4,Vanity_Fair_1847
the Sedleys,C,0,4,Vanity_Fair_1847
the Sedleys,I,0,4,Vanity_Fair_1847
the Sedleys,A,1,4,Vanity_Fair_1847
the Sedleys,DC,0,4,Vanity_Fair_1847
the Sedleys,DN,0,4,Vanity_Fair_1847
the old Baronet,N,0,4,Vanity_Fair_1847
the old Baronet,C,0,4,Vanity_Fair_1847
the old Baronet,I,0,4,Vanity_Fair_1847
the old Baronet,A,0,4,Vanity_Fair_1847
the old Baronet,DC,0,4,Vanity_Fair_1847
the old Baronet,DN,0,4,Vanity_Fair_1847
the old Chevalier de Talonrouge,N,0,4,Vanity_Fair_1847
the old Chevalier de Talonrouge,C,0,4,Vanity_Fair_1847
the old Chevalier de Talonrouge,I,0,4,Vanity_Fair_1847
the old Chevalier de Talonrouge,A,0,4,Vanity_Fair_1847
the old Chevalier de Talonrouge,DC,0,4,Vanity_Fair_1847
the old Chevalier de Talonrouge,DN,0,4,Vanity_Fair_1847
young Blackball,N,0,4,Vanity_Fair_1847
young Blackball,C,0,4,Vanity_Fair_1847
young Blackball,I,0,4,Vanity_Fair_1847
young Blackball,A,0,4,Vanity_Fair_1847
young Blackball,DC,0,4,Vanity_Fair_1847
young Blackball,DN,0,4,Vanity_Fair_1847
young Lord Dovedale,N,0,4,Vanity_Fair_1847
young Lord Dovedale,C,0,4,Vanity_Fair_1847
young Lord Dovedale,I,0,4,Vanity_Fair_1847
young Lord Dovedale,A,0,4,Vanity_Fair_1847
young Lord Dovedale,DC,0,4,Vanity_Fair_1847
young Lord Dovedale,DN,0,4,Vanity_Fair_1847
Achilles,N,0,5,Vanity_Fair_1847
Achilles,C,0,5,Vanity_Fair_1847
Achilles,I,0,5,Vanity_Fair_1847
Achilles,A,0,5,Vanity_Fair_1847
Achilles,DC,0,5,Vanity_Fair_1847
Achilles,DN,0,5,Vanity_Fair_1847
Aegisthus,N,0,5,Vanity_Fair_1847
Aegisthus,C,0,5,Vanity_Fair_1847
Aegisthus,I,0,5,Vanity_Fair_1847
Aegisthus,A,0,5,Vanity_Fair_1847
Aegisthus,DC,0,5,Vanity_Fair_1847
Aegisthus,DN,0,5,Vanity_Fair_1847
Amelia,N,5,5,Vanity_Fair_1847
Amelia,C,0,5,Vanity_Fair_1847
Amelia,I,0,5,Vanity_Fair_1847
Amelia,A,0,5,Vanity_Fair_1847
Amelia,DC,0,5,Vanity_Fair_1847
Amelia,DN,0,5,Vanity_Fair_1847
Arabella,N,0,5,Vanity_Fair_1847
Arabella,C,0,5,Vanity_Fair_1847
Arabella,I,0,5,Vanity_Fair_1847
Arabella,A,0,5,Vanity_Fair_1847
Arabella,DC,0,5,Vanity_Fair_1847
Arabella,DN,0,5,Vanity_Fair_1847
Barbara,N,1,5,Vanity_Fair_1847
Barbara,C,0,5,Vanity_Fair_1847
Barbara,I,0,5,Vanity_Fair_1847
Barbara,A,0,5,Vanity_Fair_1847
Barbara,DC,0,5,Vanity_Fair_1847
Barbara,DN,0,5,Vanity_Fair_1847
Bart,N,1,5,Vanity_Fair_1847
Bart,C,0,5,Vanity_Fair_1847
Bart,I,0,5,Vanity_Fair_1847
Bart,A,0,5,Vanity_Fair_1847
Bart,DC,0,5,Vanity_Fair_1847
Bart,DN,0,5,Vanity_Fair_1847
Beauty,N,0,5,Vanity_Fair_1847
Beauty,C,0,5,Vanity_Fair_1847
Beauty,I,0,5,Vanity_Fair_1847
Beauty,A,0,5,Vanity_Fair_1847
Beauty,DC,0,5,Vanity_Fair_1847
Beauty,DN,0,5,Vanity_Fair_1847
Becky,N,0,5,Vanity_Fair_1847
Becky,C,0,5,Vanity_Fair_1847
Becky,I,0,5,Vanity_Fair_1847
Becky,A,0,5,Vanity_Fair_1847
Becky,DC,0,5,Vanity_Fair_1847
Becky,DN,0,5,Vanity_Fair_1847
Bedwin,N,0,5,Vanity_Fair_1847
Bedwin,C,0,5,Vanity_Fair_1847
Bedwin,I,0,5,Vanity_Fair_1847
Bedwin,A,0,5,Vanity_Fair_1847
Bedwin,DC,0,5,Vanity_Fair_1847
Bedwin,DN,0,5,Vanity_Fair_1847
Bessy,N,0,5,Vanity_Fair_1847
Bessy,C,0,5,Vanity_Fair_1847
Bessy,I,0,5,Vanity_Fair_1847
Bessy,A,0,5,Vanity_Fair_1847
Bessy,DC,0,5,Vanity_Fair_1847
Bessy,DN,0,5,Vanity_Fair_1847
Betty,N,0,5,Vanity_Fair_1847
Betty,C,0,5,Vanity_Fair_1847
Betty,I,0,5,Vanity_Fair_1847
Betty,A,0,5,Vanity_Fair_1847
Betty,DC,0,5,Vanity_Fair_1847
Betty,DN,0,5,Vanity_Fair_1847
Betty Flanagan,N,0,5,Vanity_Fair_1847
Betty Flanagan,C,0,5,Vanity_Fair_1847
Betty Flanagan,I,0,5,Vanity_Fair_1847
Betty Flanagan,A,0,5,Vanity_Fair_1847
Betty Flanagan,DC,0,5,Vanity_Fair_1847
Betty Flanagan,DN,0,5,Vanity_Fair_1847
Black Sambo,N,0,5,Vanity_Fair_1847
Black Sambo,C,0,5,Vanity_Fair_1847
Black Sambo,I,0,5,Vanity_Fair_1847
Black Sambo,A,0,5,Vanity_Fair_1847
Black Sambo,DC,0,5,Vanity_Fair_1847
Black Sambo,DN,0,5,Vanity_Fair_1847
Boggley Wollah,N,0,5,Vanity_Fair_1847
Boggley Wollah,C,0,5,Vanity_Fair_1847
Boggley Wollah,I,0,5,Vanity_Fair_1847
Boggley Wollah,A,0,5,Vanity_Fair_1847
Boggley Wollah,DC,0,5,Vanity_Fair_1847
Boggley Wollah,DN,0,5,Vanity_Fair_1847
Boney,N,0,5,Vanity_Fair_1847
Boney,C,0,5,Vanity_Fair_1847
Boney,I,0,5,Vanity_Fair_1847
Boney,A,0,5,Vanity_Fair_1847
Boney,DC,0,5,Vanity_Fair_1847
Boney,DN,0,5,Vanity_Fair_1847
Briefless,N,0,5,Vanity_Fair_1847
Briefless,C,0,5,Vanity_Fair_1847
Briefless,I,0,5,Vanity_Fair_1847
Briefless,A,0,5,Vanity_Fair_1847
Briefless,DC,0,5,Vanity_Fair_1847
Briefless,DN,0,5,Vanity_Fair_1847
Briggs,N,3,5,Vanity_Fair_1847
Briggs,C,0,5,Vanity_Fair_1847
Briggs,I,0,5,Vanity_Fair_1847
Briggs,A,1,5,Vanity_Fair_1847
Briggs,DC,3,5,Vanity_Fair_1847
Briggs,DN,0,5,Vanity_Fair_1847
Britons,N,0,5,Vanity_Fair_1847
Britons,C,0,5,Vanity_Fair_1847
Britons,I,0,5,Vanity_Fair_1847
Britons,A,0,5,Vanity_Fair_1847
Britons,DC,0,5,Vanity_Fair_1847
Britons,DN,0,5,Vanity_Fair_1847
Bullfinch,N,0,5,Vanity_Fair_1847
Bullfinch,C,0,5,Vanity_Fair_1847
Bullfinch,I,0,5,Vanity_Fair_1847
Bullfinch,A,0,5,Vanity_Fair_1847
Bullfinch,DC,0,5,Vanity_Fair_1847
Bullfinch,DN,0,5,Vanity_Fair_1847
Bute Crawleys,N,0,5,Vanity_Fair_1847
Bute Crawleys,C,0,5,Vanity_Fair_1847
Bute Crawleys,I,0,5,Vanity_Fair_1847
Bute Crawleys,A,0,5,Vanity_Fair_1847
Bute Crawleys,DC,0,5,Vanity_Fair_1847
Bute Crawleys,DN,0,5,Vanity_Fair_1847
Buty,N,0,5,Vanity_Fair_1847
Buty,C,0,5,Vanity_Fair_1847
Buty,I,0,5,Vanity_Fair_1847
Buty,A,0,5,Vanity_Fair_1847
Buty,DC,0,5,Vanity_Fair_1847
Buty,DN,0,5,Vanity_Fair_1847
Cackle,N,0,5,Vanity_Fair_1847
Cackle,C,0,5,Vanity_Fair_1847
Cackle,I,0,5,Vanity_Fair_1847
Cackle,A,0,5,Vanity_Fair_1847
Cackle,DC,0,5,Vanity_Fair_1847
Cackle,DN,0,5,Vanity_Fair_1847
Caliban,N,0,5,Vanity_Fair_1847
Caliban,C,0,5,Vanity_Fair_1847
Caliban,I,0,5,Vanity_Fair_1847
Caliban,A,0,5,Vanity_Fair_1847
Caliban,DC,0,5,Vanity_Fair_1847
Caliban,DN,0,5,Vanity_Fair_1847
Captain Bragg,N,0,5,Vanity_Fair_1847
Captain Bragg,C,0,5,Vanity_Fair_1847
Captain Bragg,I,0,5,Vanity_Fair_1847
Captain Bragg,A,0,5,Vanity_Fair_1847
Captain Bragg,DC,0,5,Vanity_Fair_1847
Captain Bragg,DN,0,5,Vanity_Fair_1847
Captain Dobbin Proceeds,N,0,5,Vanity_Fair_1847
Captain Dobbin Proceeds,C,0,5,Vanity_Fair_1847
Captain Dobbin Proceeds,I,0,5,Vanity_Fair_1847
Captain Dobbin Proceeds,A,0,5,Vanity_Fair_1847
Captain Dobbin Proceeds,DC,0,5,Vanity_Fair_1847
Captain Dobbin Proceeds,DN,0,5,Vanity_Fair_1847
Captain Macmurdo,N,0,5,Vanity_Fair_1847
Captain Macmurdo,C,0,5,Vanity_Fair_1847
Captain Macmurdo,I,0,5,Vanity_Fair_1847
Captain Macmurdo,A,0,5,Vanity_Fair_1847
Captain Macmurdo,DC,0,5,Vanity_Fair_1847
Captain Macmurdo,DN,0,5,Vanity_Fair_1847
Captain Marker,N,1,5,Vanity_Fair_1847
Captain Marker,C,0,5,Vanity_Fair_1847
Captain Marker,I,0,5,Vanity_Fair_1847
Captain Marker,A,0,5,Vanity_Fair_1847
Captain Marker,DC,0,5,Vanity_Fair_1847
Captain Marker,DN,0,5,Vanity_Fair_1847
Clement William,N,0,5,Vanity_Fair_1847
Clement William,C,0,5,Vanity_Fair_1847
Clement William,I,0,5,Vanity_Fair_1847
Clement William,A,0,5,Vanity_Fair_1847
Clement William,DC,0,5,Vanity_Fair_1847
Clement William,DN,0,5,Vanity_Fair_1847
Clytemnestra,N,0,5,Vanity_Fair_1847
Clytemnestra,C,0,5,Vanity_Fair_1847
Clytemnestra,I,0,5,Vanity_Fair_1847
Clytemnestra,A,0,5,Vanity_Fair_1847
Clytemnestra,DC,0,5,Vanity_Fair_1847
Clytemnestra,DN,0,5,Vanity_Fair_1847
Colonel Dobbin,N,0,5,Vanity_Fair_1847
Colonel Dobbin,C,0,5,Vanity_Fair_1847
Colonel Dobbin,I,0,5,Vanity_Fair_1847
Colonel Dobbin,A,0,5,Vanity_Fair_1847
Colonel Dobbin,DC,0,5,Vanity_Fair_1847
Colonel Dobbin,DN,0,5,Vanity_Fair_1847
Crawleys,N,2,5,Vanity_Fair_1847
Crawleys,C,0,5,Vanity_Fair_1847
Crawleys,I,0,5,Vanity_Fair_1847
Crawleys,A,1,5,Vanity_Fair_1847
Crawleys,DC,0,5,Vanity_Fair_1847
Crawleys,DN,1,5,Vanity_Fair_1847
Cuff,N,0,5,Vanity_Fair_1847
Cuff,C,0,5,Vanity_Fair_1847
Cuff,I,0,5,Vanity_Fair_1847
Cuff,A,0,5,Vanity_Fair_1847
Cuff,DC,0,5,Vanity_Fair_1847
Cuff,DN,0,5,Vanity_Fair_1847
Cupid,N,0,5,Vanity_Fair_1847
Cupid,C,0,5,Vanity_Fair_1847
Cupid,I,0,5,Vanity_Fair_1847
Cupid,A,0,5,Vanity_Fair_1847
Cupid,DC,0,5,Vanity_Fair_1847
Cupid,DN,0,5,Vanity_Fair_1847
"DEAR MAMA,--I",N,0,5,Vanity_Fair_1847
"DEAR MAMA,--I",C,0,5,Vanity_Fair_1847
"DEAR MAMA,--I",I,0,5,Vanity_Fair_1847
"DEAR MAMA,--I",A,0,5,Vanity_Fair_1847
"DEAR MAMA,--I",DC,0,5,Vanity_Fair_1847
"DEAR MAMA,--I",DN,0,5,Vanity_Fair_1847
Dammy,N,0,5,Vanity_Fair_1847
Dammy,C,0,5,Vanity_Fair_1847
Dammy,I,0,5,Vanity_Fair_1847
Dammy,A,0,5,Vanity_Fair_1847
Dammy,DC,0,5,Vanity_Fair_1847
Dammy,DN,0,5,Vanity_Fair_1847
Dear Miss Osborne,N,0,5,Vanity_Fair_1847
Dear Miss Osborne,C,0,5,Vanity_Fair_1847
Dear Miss Osborne,I,0,5,Vanity_Fair_1847
Dear Miss Osborne,A,0,5,Vanity_Fair_1847
Dear Miss Osborne,DC,0,5,Vanity_Fair_1847
Dear Miss Osborne,DN,0,5,Vanity_Fair_1847
Dives,N,0,5,Vanity_Fair_1847
Dives,C,0,5,Vanity_Fair_1847
Dives,I,0,5,Vanity_Fair_1847
Dives,A,0,5,Vanity_Fair_1847
Dives,DC,0,5,Vanity_Fair_1847
Dives,DN,0,5,Vanity_Fair_1847
Dob,N,0,5,Vanity_Fair_1847
Dob,C,0,5,Vanity_Fair_1847
Dob,I,0,5,Vanity_Fair_1847
Dob,A,0,5,Vanity_Fair_1847
Dob,DC,0,5,Vanity_Fair_1847
Dob,DN,0,5,Vanity_Fair_1847
Dobbin,N,0,5,Vanity_Fair_1847
Dobbin,C,0,5,Vanity_Fair_1847
Dobbin,I,0,5,Vanity_Fair_1847
Dobbin,A,0,5,Vanity_Fair_1847
Dobbin,DC,0,5,Vanity_Fair_1847
Dobbin,DN,0,5,Vanity_Fair_1847
Doctor Johnson,N,0,5,Vanity_Fair_1847
Doctor Johnson,C,0,5,Vanity_Fair_1847
Doctor Johnson,I,0,5,Vanity_Fair_1847
Doctor Johnson,A,0,5,Vanity_Fair_1847
Doctor Johnson,DC,0,5,Vanity_Fair_1847
Doctor Johnson,DN,0,5,Vanity_Fair_1847
Doctor von Glauber,N,0,5,Vanity_Fair_1847
Doctor von Glauber,C,0,5,Vanity_Fair_1847
Doctor von Glauber,I,0,5,Vanity_Fair_1847
Doctor von Glauber,A,0,5,Vanity_Fair_1847
Doctor von Glauber,DC,0,5,Vanity_Fair_1847
Doctor von Glauber,DN,0,5,Vanity_Fair_1847
Don Juan,N,0,5,Vanity_Fair_1847
Don Juan,C,0,5,Vanity_Fair_1847
Don Juan,I,0,5,Vanity_Fair_1847
Don Juan,A,0,5,Vanity_Fair_1847
Don Juan,DC,0,5,Vanity_Fair_1847
Don Juan,DN,0,5,Vanity_Fair_1847
Dr. Squills,N,0,5,Vanity_Fair_1847
Dr. Squills,C,0,5,Vanity_Fair_1847
Dr. Squills,I,0,5,Vanity_Fair_1847
Dr. Squills,A,0,5,Vanity_Fair_1847
Dr. Squills,DC,0,5,Vanity_Fair_1847
Dr. Squills,DN,0,5,Vanity_Fair_1847
Dr. Swishtail,N,0,5,Vanity_Fair_1847
Dr. Swishtail,C,0,5,Vanity_Fair_1847
Dr. Swishtail,I,0,5,Vanity_Fair_1847
Dr. Swishtail,A,0,5,Vanity_Fair_1847
Dr. Swishtail,DC,0,5,Vanity_Fair_1847
Dr. Swishtail,DN,0,5,Vanity_Fair_1847
Edward Dale,N,0,5,Vanity_Fair_1847
Edward Dale,C,0,5,Vanity_Fair_1847
Edward Dale,I,0,5,Vanity_Fair_1847
Edward Dale,A,0,5,Vanity_Fair_1847
Edward Dale,DC,0,5,Vanity_Fair_1847
Edward Dale,DN,0,5,Vanity_Fair_1847
Emmy,N,1,5,Vanity_Fair_1847
Emmy,C,2,5,Vanity_Fair_1847
Emmy,I,0,5,Vanity_Fair_1847
Emmy,A,0,5,Vanity_Fair_1847
Emmy,DC,0,5,Vanity_Fair_1847
Emmy,DN,0,5,Vanity_Fair_1847
Ensign Stubble,N,0,5,Vanity_Fair_1847
Ensign Stubble,C,0,5,Vanity_Fair_1847
Ensign Stubble,I,0,5,Vanity_Fair_1847
Ensign Stubble,A,0,5,Vanity_Fair_1847
Ensign Stubble,DC,0,5,Vanity_Fair_1847
Ensign Stubble,DN,0,5,Vanity_Fair_1847
Fanny Magenis,N,0,5,Vanity_Fair_1847
Fanny Magenis,C,0,5,Vanity_Fair_1847
Fanny Magenis,I,0,5,Vanity_Fair_1847
Fanny Magenis,A,0,5,Vanity_Fair_1847
Fanny Magenis,DC,0,5,Vanity_Fair_1847
Fanny Magenis,DN,0,5,Vanity_Fair_1847
Father Mole,N,0,5,Vanity_Fair_1847
Father Mole,C,0,5,Vanity_Fair_1847
Father Mole,I,0,5,Vanity_Fair_1847
Father Mole,A,0,5,Vanity_Fair_1847
Father Mole,DC,0,5,Vanity_Fair_1847
Father Mole,DN,0,5,Vanity_Fair_1847
Fidelio,N,0,5,Vanity_Fair_1847
Fidelio,C,0,5,Vanity_Fair_1847
Fidelio,I,0,5,Vanity_Fair_1847
Fidelio,A,0,5,Vanity_Fair_1847
Fidelio,DC,0,5,Vanity_Fair_1847
Fidelio,DN,0,5,Vanity_Fair_1847
Figs,N,0,5,Vanity_Fair_1847
Figs,C,0,5,Vanity_Fair_1847
Figs,I,0,5,Vanity_Fair_1847
Figs,A,0,5,Vanity_Fair_1847
Figs,DC,0,5,Vanity_Fair_1847
Figs,DN,0,5,Vanity_Fair_1847
Firkin,N,3,5,Vanity_Fair_1847
Firkin,C,1,5,Vanity_Fair_1847
Firkin,I,1,5,Vanity_Fair_1847
Firkin,A,1,5,Vanity_Fair_1847
Firkin,DC,1,5,Vanity_Fair_1847
Firkin,DN,0,5,Vanity_Fair_1847
Fitz - Willis,N,0,5,Vanity_Fair_1847
Fitz - Willis,C,0,5,Vanity_Fair_1847
Fitz - Willis,I,0,5,Vanity_Fair_1847
Fitz - Willis,A,0,5,Vanity_Fair_1847
Fitz - Willis,DC,0,5,Vanity_Fair_1847
Fitz - Willis,DN,0,5,Vanity_Fair_1847
Francis,N,1,5,Vanity_Fair_1847
Francis,C,0,5,Vanity_Fair_1847
Francis,I,0,5,Vanity_Fair_1847
Francis,A,0,5,Vanity_Fair_1847
Francis,DC,0,5,Vanity_Fair_1847
Francis,DN,0,5,Vanity_Fair_1847
Fred,N,0,5,Vanity_Fair_1847
Fred,C,0,5,Vanity_Fair_1847
Fred,I,0,5,Vanity_Fair_1847
Fred,A,0,5,Vanity_Fair_1847
Fred,DC,0,5,Vanity_Fair_1847
Fred,DN,0,5,Vanity_Fair_1847
"Frederick Bullock , Esq .",N,0,5,Vanity_Fair_1847
"Frederick Bullock , Esq .",C,0,5,Vanity_Fair_1847
"Frederick Bullock , Esq .",I,0,5,Vanity_Fair_1847
"Frederick Bullock , Esq .",A,0,5,Vanity_Fair_1847
"Frederick Bullock , Esq .",DC,0,5,Vanity_Fair_1847
"Frederick Bullock , Esq .",DN,0,5,Vanity_Fair_1847
Fritz,N,0,5,Vanity_Fair_1847
Fritz,C,0,5,Vanity_Fair_1847
Fritz,I,0,5,Vanity_Fair_1847
Fritz,A,0,5,Vanity_Fair_1847
Fritz,DC,0,5,Vanity_Fair_1847
Fritz,DN,0,5,Vanity_Fair_1847
Gad,N,0,5,Vanity_Fair_1847
Gad,C,0,5,Vanity_Fair_1847
Gad,I,0,5,Vanity_Fair_1847
Gad,A,0,5,Vanity_Fair_1847
Gad,DC,0,5,Vanity_Fair_1847
Gad,DN,0,5,Vanity_Fair_1847
General Tufto,N,0,5,Vanity_Fair_1847
General Tufto,C,0,5,Vanity_Fair_1847
General Tufto,I,0,5,Vanity_Fair_1847
General Tufto,A,0,5,Vanity_Fair_1847
General Tufto,DC,0,5,Vanity_Fair_1847
General Tufto,DN,0,5,Vanity_Fair_1847
George,N,0,5,Vanity_Fair_1847
George,C,0,5,Vanity_Fair_1847
George,I,0,5,Vanity_Fair_1847
George,A,0,5,Vanity_Fair_1847
George,DC,0,5,Vanity_Fair_1847
George,DN,0,5,Vanity_Fair_1847
Georgy,N,0,5,Vanity_Fair_1847
Georgy,C,0,5,Vanity_Fair_1847
Georgy,I,0,5,Vanity_Fair_1847
Georgy,A,0,5,Vanity_Fair_1847
Georgy,DC,0,5,Vanity_Fair_1847
Georgy,DN,0,5,Vanity_Fair_1847
Glorvina,N,0,5,Vanity_Fair_1847
Glorvina,C,0,5,Vanity_Fair_1847
Glorvina,I,0,5,Vanity_Fair_1847
Glorvina,A,0,5,Vanity_Fair_1847
Glorvina,DC,0,5,Vanity_Fair_1847
Glorvina,DN,0,5,Vanity_Fair_1847
God,N,0,5,Vanity_Fair_1847
God,C,0,5,Vanity_Fair_1847
God,I,0,5,Vanity_Fair_1847
God,A,0,5,Vanity_Fair_1847
God,DC,0,5,Vanity_Fair_1847
God,DN,0,5,Vanity_Fair_1847
Grandpapa,N,0,5,Vanity_Fair_1847
Grandpapa,C,0,5,Vanity_Fair_1847
Grandpapa,I,0,5,Vanity_Fair_1847
Grandpapa,A,0,5,Vanity_Fair_1847
Grandpapa,DC,0,5,Vanity_Fair_1847
Grandpapa,DN,0,5,Vanity_Fair_1847
Gulielmo Dobbin,N,0,5,Vanity_Fair_1847
Gulielmo Dobbin,C,0,5,Vanity_Fair_1847
Gulielmo Dobbin,I,0,5,Vanity_Fair_1847
Gulielmo Dobbin,A,0,5,Vanity_Fair_1847
Gulielmo Dobbin,DC,0,5,Vanity_Fair_1847
Gulielmo Dobbin,DN,0,5,Vanity_Fair_1847
H. E.,N,0,5,Vanity_Fair_1847
H. E.,C,0,5,Vanity_Fair_1847
H. E.,I,0,5,Vanity_Fair_1847
H. E.,A,0,5,Vanity_Fair_1847
H. E.,DC,0,5,Vanity_Fair_1847
H. E.,DN,0,5,Vanity_Fair_1847
Heaven,N,0,5,Vanity_Fair_1847
Heaven,C,0,5,Vanity_Fair_1847
Heaven,I,0,5,Vanity_Fair_1847
Heaven,A,0,5,Vanity_Fair_1847
Heaven,DC,0,5,Vanity_Fair_1847
Heaven,DN,0,5,Vanity_Fair_1847
Heavytop,N,0,5,Vanity_Fair_1847
Heavytop,C,0,5,Vanity_Fair_1847
Heavytop,I,0,5,Vanity_Fair_1847
Heavytop,A,0,5,Vanity_Fair_1847
Heavytop,DC,0,5,Vanity_Fair_1847
Heavytop,DN,0,5,Vanity_Fair_1847
Hester,N,0,5,Vanity_Fair_1847
Hester,C,0,5,Vanity_Fair_1847
Hester,I,0,5,Vanity_Fair_1847
Hester,A,0,5,Vanity_Fair_1847
Hester,DC,0,5,Vanity_Fair_1847
Hester,DN,0,5,Vanity_Fair_1847
Hulker,N,0,5,Vanity_Fair_1847
Hulker,C,0,5,Vanity_Fair_1847
Hulker,I,0,5,Vanity_Fair_1847
Hulker,A,0,5,Vanity_Fair_1847
Hulker,DC,0,5,Vanity_Fair_1847
Hulker,DN,0,5,Vanity_Fair_1847
Isidor,N,0,5,Vanity_Fair_1847
Isidor,C,0,5,Vanity_Fair_1847
Isidor,I,0,5,Vanity_Fair_1847
Isidor,A,0,5,Vanity_Fair_1847
Isidor,DC,0,5,Vanity_Fair_1847
Isidor,DN,0,5,Vanity_Fair_1847
Jack,N,0,5,Vanity_Fair_1847
Jack,C,0,5,Vanity_Fair_1847
Jack,I,0,5,Vanity_Fair_1847
Jack,A,0,5,Vanity_Fair_1847
Jack,DC,0,5,Vanity_Fair_1847
Jack,DN,0,5,Vanity_Fair_1847
James,N,0,5,Vanity_Fair_1847
James,C,0,5,Vanity_Fair_1847
James,I,0,5,Vanity_Fair_1847
James,A,0,5,Vanity_Fair_1847
James,DC,0,5,Vanity_Fair_1847
James,DN,0,5,Vanity_Fair_1847
Jenkins,N,0,5,Vanity_Fair_1847
Jenkins,C,0,5,Vanity_Fair_1847
Jenkins,I,0,5,Vanity_Fair_1847
Jenkins,A,0,5,Vanity_Fair_1847
Jenkins,DC,0,5,Vanity_Fair_1847
Jenkins,DN,0,5,Vanity_Fair_1847
Jim,N,2,5,Vanity_Fair_1847
Jim,C,0,5,Vanity_Fair_1847
Jim,I,0,5,Vanity_Fair_1847
Jim,A,0,5,Vanity_Fair_1847
Jim,DC,0,5,Vanity_Fair_1847
Jim,DN,0,5,Vanity_Fair_1847
John,N,0,5,Vanity_Fair_1847
John,C,0,5,Vanity_Fair_1847
John,I,0,5,Vanity_Fair_1847
John,A,0,5,Vanity_Fair_1847
John,DC,0,5,Vanity_Fair_1847
John,DN,0,5,Vanity_Fair_1847
John Osborne,N,0,5,Vanity_Fair_1847
John Osborne,C,0,5,Vanity_Fair_1847
John Osborne,I,0,5,Vanity_Fair_1847
John Osborne,A,0,5,Vanity_Fair_1847
John Osborne,DC,0,5,Vanity_Fair_1847
John Osborne,DN,0,5,Vanity_Fair_1847
John Sedley,N,0,5,Vanity_Fair_1847
John Sedley,C,0,5,Vanity_Fair_1847
John Sedley,I,0,5,Vanity_Fair_1847
John Sedley,A,0,5,Vanity_Fair_1847
John Sedley,DC,0,5,Vanity_Fair_1847
John Sedley,DN,0,5,Vanity_Fair_1847
John of Gaunt,N,0,5,Vanity_Fair_1847
John of Gaunt,C,0,5,Vanity_Fair_1847
John of Gaunt,I,0,5,Vanity_Fair_1847
John of Gaunt,A,0,5,Vanity_Fair_1847
John of Gaunt,DC,0,5,Vanity_Fair_1847
John of Gaunt,DN,0,5,Vanity_Fair_1847
Jones,N,0,5,Vanity_Fair_1847
Jones,C,0,5,Vanity_Fair_1847
Jones,I,0,5,Vanity_Fair_1847
Jones,A,0,5,Vanity_Fair_1847
Jones,DC,0,5,Vanity_Fair_1847
Jones,DN,0,5,Vanity_Fair_1847
Jos,N,1,5,Vanity_Fair_1847
Jos,C,0,5,Vanity_Fair_1847
Jos,I,0,5,Vanity_Fair_1847
Jos,A,0,5,Vanity_Fair_1847
Jos,DC,0,5,Vanity_Fair_1847
Jos,DN,0,5,Vanity_Fair_1847
Jove,N,3,5,Vanity_Fair_1847
Jove,C,0,5,Vanity_Fair_1847
Jove,I,0,5,Vanity_Fair_1847
Jove,A,0,5,Vanity_Fair_1847
Jove,DC,0,5,Vanity_Fair_1847
Jove,DN,0,5,Vanity_Fair_1847
Kirsch,N,0,5,Vanity_Fair_1847
Kirsch,C,0,5,Vanity_Fair_1847
Kirsch,I,0,5,Vanity_Fair_1847
Kirsch,A,0,5,Vanity_Fair_1847
Kirsch,DC,0,5,Vanity_Fair_1847
Kirsch,DN,0,5,Vanity_Fair_1847
Lady Bareacres,N,0,5,Vanity_Fair_1847
Lady Bareacres,C,0,5,Vanity_Fair_1847
Lady Bareacres,I,0,5,Vanity_Fair_1847
Lady Bareacres,A,0,5,Vanity_Fair_1847
Lady Bareacres,DC,0,5,Vanity_Fair_1847
Lady Bareacres,DN,0,5,Vanity_Fair_1847
Lady Blanche,N,0,5,Vanity_Fair_1847
Lady Blanche,C,0,5,Vanity_Fair_1847
Lady Blanche,I,0,5,Vanity_Fair_1847
Lady Blanche,A,0,5,Vanity_Fair_1847
Lady Blanche,DC,0,5,Vanity_Fair_1847
Lady Blanche,DN,0,5,Vanity_Fair_1847
Lady Crackenbury,N,0,5,Vanity_Fair_1847
Lady Crackenbury,C,0,5,Vanity_Fair_1847
Lady Crackenbury,I,0,5,Vanity_Fair_1847
Lady Crackenbury,A,0,5,Vanity_Fair_1847
Lady Crackenbury,DC,0,5,Vanity_Fair_1847
Lady Crackenbury,DN,0,5,Vanity_Fair_1847
Lady Crawley,N,2,5,Vanity_Fair_1847
Lady Crawley,C,0,5,Vanity_Fair_1847
Lady Crawley,I,0,5,Vanity_Fair_1847
Lady Crawley,A,1,5,Vanity_Fair_1847
Lady Crawley,DC,2,5,Vanity_Fair_1847
Lady Crawley,DN,1,5,Vanity_Fair_1847
Lady Dobbin,N,0,5,Vanity_Fair_1847
Lady Dobbin,C,0,5,Vanity_Fair_1847
Lady Dobbin,I,0,5,Vanity_Fair_1847
Lady Dobbin,A,0,5,Vanity_Fair_1847
Lady Dobbin,DC,0,5,Vanity_Fair_1847
Lady Dobbin,DN,0,5,Vanity_Fair_1847
Lady Fuddleston,N,4,5,Vanity_Fair_1847
Lady Fuddleston,C,0,5,Vanity_Fair_1847
Lady Fuddleston,I,0,5,Vanity_Fair_1847
Lady Fuddleston,A,0,5,Vanity_Fair_1847
Lady Fuddleston,DC,2,5,Vanity_Fair_1847
Lady Fuddleston,DN,0,5,Vanity_Fair_1847
Lady Gaunt,N,0,5,Vanity_Fair_1847
Lady Gaunt,C,0,5,Vanity_Fair_1847
Lady Gaunt,I,0,5,Vanity_Fair_1847
Lady Gaunt,A,0,5,Vanity_Fair_1847
Lady Gaunt,DC,0,5,Vanity_Fair_1847
Lady Gaunt,DN,0,5,Vanity_Fair_1847
Lady Jane,N,13,5,Vanity_Fair_1847
Lady Jane,C,0,5,Vanity_Fair_1847
Lady Jane,I,1,5,Vanity_Fair_1847
Lady Jane,A,12,5,Vanity_Fair_1847
Lady Jane,DC,0,5,Vanity_Fair_1847
Lady Jane,DN,2,5,Vanity_Fair_1847
Lady Macbeth,N,0,5,Vanity_Fair_1847
Lady Macbeth,C,0,5,Vanity_Fair_1847
Lady Macbeth,I,0,5,Vanity_Fair_1847
Lady Macbeth,A,0,5,Vanity_Fair_1847
Lady Macbeth,DC,0,5,Vanity_Fair_1847
Lady Macbeth,DN,0,5,Vanity_Fair_1847
Lady Mary Caerlyon,N,0,5,Vanity_Fair_1847
Lady Mary Caerlyon,C,0,5,Vanity_Fair_1847
Lady Mary Caerlyon,I,0,5,Vanity_Fair_1847
Lady Mary Caerlyon,A,0,5,Vanity_Fair_1847
Lady Mary Caerlyon,DC,0,5,Vanity_Fair_1847
Lady Mary Caerlyon,DN,0,5,Vanity_Fair_1847
Lady O'Dowd,N,0,5,Vanity_Fair_1847
Lady O'Dowd,C,0,5,Vanity_Fair_1847
Lady O'Dowd,I,0,5,Vanity_Fair_1847
Lady O'Dowd,A,0,5,Vanity_Fair_1847
Lady O'Dowd,DC,0,5,Vanity_Fair_1847
Lady O'Dowd,DN,0,5,Vanity_Fair_1847
Lady Partlet,N,0,5,Vanity_Fair_1847
Lady Partlet,C,0,5,Vanity_Fair_1847
Lady Partlet,I,0,5,Vanity_Fair_1847
Lady Partlet,A,0,5,Vanity_Fair_1847
Lady Partlet,DC,0,5,Vanity_Fair_1847
Lady Partlet,DN,0,5,Vanity_Fair_1847
Lady Slingstone,N,0,5,Vanity_Fair_1847
Lady Slingstone,C,0,5,Vanity_Fair_1847
Lady Slingstone,I,0,5,Vanity_Fair_1847
Lady Slingstone,A,0,5,Vanity_Fair_1847
Lady Slingstone,DC,0,5,Vanity_Fair_1847
Lady Slingstone,DN,0,5,Vanity_Fair_1847
Lady Southdown,N,0,5,Vanity_Fair_1847
Lady Southdown,C,0,5,Vanity_Fair_1847
Lady Southdown,I,0,5,Vanity_Fair_1847
Lady Southdown,A,0,5,Vanity_Fair_1847
Lady Southdown,DC,0,5,Vanity_Fair_1847
Lady Southdown,DN,0,5,Vanity_Fair_1847
Lady Squeams,N,0,5,Vanity_Fair_1847
Lady Squeams,C,0,5,Vanity_Fair_1847
Lady Squeams,I,0,5,Vanity_Fair_1847
Lady Squeams,A,0,5,Vanity_Fair_1847
Lady Squeams,DC,0,5,Vanity_Fair_1847
Lady Squeams,DN,0,5,Vanity_Fair_1847
Lady Steyne,N,0,5,Vanity_Fair_1847
Lady Steyne,C,0,5,Vanity_Fair_1847
Lady Steyne,I,0,5,Vanity_Fair_1847
Lady Steyne,A,0,5,Vanity_Fair_1847
Lady Steyne,DC,0,5,Vanity_Fair_1847
Lady Steyne,DN,0,5,Vanity_Fair_1847
Laura Martin,N,0,5,Vanity_Fair_1847
Laura Martin,C,0,5,Vanity_Fair_1847
Laura Martin,I,0,5,Vanity_Fair_1847
Laura Martin,A,0,5,Vanity_Fair_1847
Laura Martin,DC,0,5,Vanity_Fair_1847
Laura Martin,DN,0,5,Vanity_Fair_1847
Lazarus,N,0,5,Vanity_Fair_1847
Lazarus,C,0,5,Vanity_Fair_1847
Lazarus,I,0,5,Vanity_Fair_1847
Lazarus,A,0,5,Vanity_Fair_1847
Lazarus,DC,0,5,Vanity_Fair_1847
Lazarus,DN,0,5,Vanity_Fair_1847
Little Bob Suckling,N,0,5,Vanity_Fair_1847
Little Bob Suckling,C,0,5,Vanity_Fair_1847
Little Bob Suckling,I,0,5,Vanity_Fair_1847
Little Bob Suckling,A,0,5,Vanity_Fair_1847
Little Bob Suckling,DC,0,5,Vanity_Fair_1847
Little Bob Suckling,DN,0,5,Vanity_Fair_1847
Little Rawdon,N,0,5,Vanity_Fair_1847
Little Rawdon,C,0,5,Vanity_Fair_1847
Little Rawdon,I,0,5,Vanity_Fair_1847
Little Rawdon,A,0,5,Vanity_Fair_1847
Little Rawdon,DC,0,5,Vanity_Fair_1847
Little Rawdon,DN,0,5,Vanity_Fair_1847
Loll Jewab,N,0,5,Vanity_Fair_1847
Loll Jewab,C,0,5,Vanity_Fair_1847
Loll Jewab,I,0,5,Vanity_Fair_1847
Loll Jewab,A,0,5,Vanity_Fair_1847
Loll Jewab,DC,0,5,Vanity_Fair_1847
Loll Jewab,DN,0,5,Vanity_Fair_1847
Lord Bareacres,N,0,5,Vanity_Fair_1847
Lord Bareacres,C,0,5,Vanity_Fair_1847
Lord Bareacres,I,0,5,Vanity_Fair_1847
Lord Bareacres,A,0,5,Vanity_Fair_1847
Lord Bareacres,DC,0,5,Vanity_Fair_1847
Lord Bareacres,DN,0,5,Vanity_Fair_1847
Lord Binkie,N,4,5,Vanity_Fair_1847
Lord Binkie,C,0,5,Vanity_Fair_1847
Lord Binkie,I,0,5,Vanity_Fair_1847
Lord Binkie,A,0,5,Vanity_Fair_1847
Lord Binkie,DC,0,5,Vanity_Fair_1847
Lord Binkie,DN,0,5,Vanity_Fair_1847
Lord Gaunt,N,0,5,Vanity_Fair_1847
Lord Gaunt,C,0,5,Vanity_Fair_1847
Lord Gaunt,I,0,5,Vanity_Fair_1847
Lord Gaunt,A,0,5,Vanity_Fair_1847
Lord Gaunt,DC,0,5,Vanity_Fair_1847
Lord Gaunt,DN,0,5,Vanity_Fair_1847
Lord Southdown,N,1,5,Vanity_Fair_1847
Lord Southdown,C,0,5,Vanity_Fair_1847
Lord Southdown,I,0,5,Vanity_Fair_1847
Lord Southdown,A,0,5,Vanity_Fair_1847
Lord Southdown,DC,0,5,Vanity_Fair_1847
Lord Southdown,DN,0,5,Vanity_Fair_1847
Lord Steyne,N,0,5,Vanity_Fair_1847
Lord Steyne,C,0,5,Vanity_Fair_1847
Lord Steyne,I,0,5,Vanity_Fair_1847
Lord Steyne,A,0,5,Vanity_Fair_1847
Lord Steyne,DC,0,5,Vanity_Fair_1847
Lord Steyne,DN,0,5,Vanity_Fair_1847
Lord Steyne's,N,0,5,Vanity_Fair_1847
Lord Steyne's,C,0,5,Vanity_Fair_1847
Lord Steyne's,I,0,5,Vanity_Fair_1847
Lord Steyne's,A,0,5,Vanity_Fair_1847
Lord Steyne's,DC,0,5,Vanity_Fair_1847
Lord Steyne's,DN,0,5,Vanity_Fair_1847
Love,N,0,5,Vanity_Fair_1847
Love,C,0,5,Vanity_Fair_1847
Love,I,0,5,Vanity_Fair_1847
Love,A,0,5,Vanity_Fair_1847
Love,DC,0,5,Vanity_Fair_1847
Love,DN,0,5,Vanity_Fair_1847
Ma tante,N,0,5,Vanity_Fair_1847
Ma tante,C,0,5,Vanity_Fair_1847
Ma tante,I,0,5,Vanity_Fair_1847
Ma tante,A,0,5,Vanity_Fair_1847
Ma tante,DC,0,5,Vanity_Fair_1847
Ma tante,DN,0,5,Vanity_Fair_1847
Ma'am,N,1,5,Vanity_Fair_1847
Ma'am,C,0,5,Vanity_Fair_1847
Ma'am,I,2,5,Vanity_Fair_1847
Ma'am,A,0,5,Vanity_Fair_1847
Ma'am,DC,0,5,Vanity_Fair_1847
Ma'am,DN,0,5,Vanity_Fair_1847
Mac,N,0,5,Vanity_Fair_1847
Mac,C,0,5,Vanity_Fair_1847
Mac,I,0,5,Vanity_Fair_1847
Mac,A,0,5,Vanity_Fair_1847
Mac,DC,0,5,Vanity_Fair_1847
Mac,DN,0,5,Vanity_Fair_1847
Macmurdo,N,0,5,Vanity_Fair_1847
Macmurdo,C,0,5,Vanity_Fair_1847
Macmurdo,I,0,5,Vanity_Fair_1847
Macmurdo,A,0,5,Vanity_Fair_1847
Macmurdo,DC,0,5,Vanity_Fair_1847
Macmurdo,DN,0,5,Vanity_Fair_1847
Madame,N,0,5,Vanity_Fair_1847
Madame,C,0,5,Vanity_Fair_1847
Madame,I,0,5,Vanity_Fair_1847
Madame,A,0,5,Vanity_Fair_1847
Madame,DC,0,5,Vanity_Fair_1847
Madame,DN,0,5,Vanity_Fair_1847
Madame Crawley,N,0,5,Vanity_Fair_1847
Madame Crawley,C,0,5,Vanity_Fair_1847
Madame Crawley,I,0,5,Vanity_Fair_1847
Madame Crawley,A,0,5,Vanity_Fair_1847
Madame Crawley,DC,0,5,Vanity_Fair_1847
Madame Crawley,DN,0,5,Vanity_Fair_1847
Madame Lederlung,N,0,5,Vanity_Fair_1847
Madame Lederlung,C,0,5,Vanity_Fair_1847
Madame Lederlung,I,0,5,Vanity_Fair_1847
Madame Lederlung,A,0,5,Vanity_Fair_1847
Madame Lederlung,DC,0,5,Vanity_Fair_1847
Madame Lederlung,DN,0,5,Vanity_Fair_1847
Madame Strumpff,N,0,5,Vanity_Fair_1847
Madame Strumpff,C,0,5,Vanity_Fair_1847
Madame Strumpff,I,0,5,Vanity_Fair_1847
Madame Strumpff,A,0,5,Vanity_Fair_1847
Madame Strumpff,DC,0,5,Vanity_Fair_1847
Madame Strumpff,DN,0,5,Vanity_Fair_1847
Madame de Belladonna,N,0,5,Vanity_Fair_1847
Madame de Belladonna,C,0,5,Vanity_Fair_1847
Madame de Belladonna,I,0,5,Vanity_Fair_1847
Madame de Belladonna,A,0,5,Vanity_Fair_1847
Madame de Belladonna,DC,0,5,Vanity_Fair_1847
Madame de Belladonna,DN,0,5,Vanity_Fair_1847
Madame de Borodino,N,0,5,Vanity_Fair_1847
Madame de Borodino,C,0,5,Vanity_Fair_1847
Madame de Borodino,I,0,5,Vanity_Fair_1847
Madame de Borodino,A,0,5,Vanity_Fair_1847
Madame de Borodino,DC,0,5,Vanity_Fair_1847
Madame de Borodino,DN,0,5,Vanity_Fair_1847
Mademoiselle Fifine,N,0,5,Vanity_Fair_1847
Mademoiselle Fifine,C,0,5,Vanity_Fair_1847
Mademoiselle Fifine,I,0,5,Vanity_Fair_1847
Mademoiselle Fifine,A,0,5,Vanity_Fair_1847
Mademoiselle Fifine,DC,0,5,Vanity_Fair_1847
Mademoiselle Fifine,DN,0,5,Vanity_Fair_1847
Major Loder,N,0,5,Vanity_Fair_1847
Major Loder,C,0,5,Vanity_Fair_1847
Major Loder,I,0,5,Vanity_Fair_1847
Major Loder,A,0,5,Vanity_Fair_1847
Major Loder,DC,0,5,Vanity_Fair_1847
Major Loder,DN,0,5,Vanity_Fair_1847
Major Sugarplums,N,0,5,Vanity_Fair_1847
Major Sugarplums,C,0,5,Vanity_Fair_1847
Major Sugarplums,I,0,5,Vanity_Fair_1847
Major Sugarplums,A,0,5,Vanity_Fair_1847
Major Sugarplums,DC,0,5,Vanity_Fair_1847
Major Sugarplums,DN,0,5,Vanity_Fair_1847
Mamma,N,0,5,Vanity_Fair_1847
Mamma,C,0,5,Vanity_Fair_1847
Mamma,I,0,5,Vanity_Fair_1847
Mamma,A,0,5,Vanity_Fair_1847
Mamma,DC,0,5,Vanity_Fair_1847
Mamma,DN,0,5,Vanity_Fair_1847
Maria,N,0,5,Vanity_Fair_1847
Maria,C,0,5,Vanity_Fair_1847
Maria,I,0,5,Vanity_Fair_1847
Maria,A,0,5,Vanity_Fair_1847
Maria,DC,0,5,Vanity_Fair_1847
Maria,DN,0,5,Vanity_Fair_1847
Master Alderney,N,0,5,Vanity_Fair_1847
Master Alderney,C,0,5,Vanity_Fair_1847
Master Alderney,I,0,5,Vanity_Fair_1847
Master Alderney,A,0,5,Vanity_Fair_1847
Master Alderney,DC,0,5,Vanity_Fair_1847
Master Alderney,DN,0,5,Vanity_Fair_1847
Matilda,N,3,5,Vanity_Fair_1847
Matilda,C,0,5,Vanity_Fair_1847
Matilda,I,0,5,Vanity_Fair_1847
Matilda,A,3,5,Vanity_Fair_1847
Matilda,DC,0,5,Vanity_Fair_1847
Matilda,DN,0,5,Vanity_Fair_1847
Max,N,0,5,Vanity_Fair_1847
Max,C,0,5,Vanity_Fair_1847
Max,I,0,5,Vanity_Fair_1847
Max,A,0,5,Vanity_Fair_1847
Max,DC,0,5,Vanity_Fair_1847
Max,DN,0,5,Vanity_Fair_1847
Mesrour,N,0,5,Vanity_Fair_1847
Mesrour,C,0,5,Vanity_Fair_1847
Mesrour,I,0,5,Vanity_Fair_1847
Mesrour,A,0,5,Vanity_Fair_1847
Mesrour,DC,0,5,Vanity_Fair_1847
Mesrour,DN,0,5,Vanity_Fair_1847
Messrs. Jones,N,0,5,Vanity_Fair_1847
Messrs. Jones,C,0,5,Vanity_Fair_1847
Messrs. Jones,I,0,5,Vanity_Fair_1847
Messrs. Jones,A,0,5,Vanity_Fair_1847
Messrs. Jones,DC,0,5,Vanity_Fair_1847
Messrs. Jones,DN,0,5,Vanity_Fair_1847
Mick,N,0,5,Vanity_Fair_1847
Mick,C,0,5,Vanity_Fair_1847
Mick,I,0,5,Vanity_Fair_1847
Mick,A,0,5,Vanity_Fair_1847
Mick,DC,0,5,Vanity_Fair_1847
Mick,DN,0,5,Vanity_Fair_1847
Milor,N,0,5,Vanity_Fair_1847
Milor,C,0,5,Vanity_Fair_1847
Milor,I,0,5,Vanity_Fair_1847
Milor,A,0,5,Vanity_Fair_1847
Milor,DC,0,5,Vanity_Fair_1847
Milor,DN,0,5,Vanity_Fair_1847
Minerva,N,0,5,Vanity_Fair_1847
Minerva,C,0,5,Vanity_Fair_1847
Minerva,I,0,5,Vanity_Fair_1847
Minerva,A,0,5,Vanity_Fair_1847
Minerva,DC,0,5,Vanity_Fair_1847
Minerva,DN,0,5,Vanity_Fair_1847
Miss,N,0,5,Vanity_Fair_1847
Miss,C,0,5,Vanity_Fair_1847
Miss,I,0,5,Vanity_Fair_1847
Miss,A,0,5,Vanity_Fair_1847
Miss,DC,0,5,Vanity_Fair_1847
Miss,DN,0,5,Vanity_Fair_1847
Miss Ann,N,0,5,Vanity_Fair_1847
Miss Ann,C,0,5,Vanity_Fair_1847
Miss Ann,I,0,5,Vanity_Fair_1847
Miss Ann,A,0,5,Vanity_Fair_1847
Miss Ann,DC,0,5,Vanity_Fair_1847
Miss Ann,DN,0,5,Vanity_Fair_1847
Miss B.,N,0,5,Vanity_Fair_1847
Miss B.,C,0,5,Vanity_Fair_1847
Miss B.,I,0,5,Vanity_Fair_1847
Miss B.,A,0,5,Vanity_Fair_1847
Miss B.,DC,0,5,Vanity_Fair_1847
Miss B.,DN,0,5,Vanity_Fair_1847
Miss Brown,N,0,5,Vanity_Fair_1847
Miss Brown,C,0,5,Vanity_Fair_1847
Miss Brown,I,0,5,Vanity_Fair_1847
Miss Brown,A,0,5,Vanity_Fair_1847
Miss Brown,DC,0,5,Vanity_Fair_1847
Miss Brown,DN,0,5,Vanity_Fair_1847
Miss Clapp,N,0,5,Vanity_Fair_1847
Miss Clapp,C,0,5,Vanity_Fair_1847
Miss Clapp,I,0,5,Vanity_Fair_1847
Miss Clapp,A,0,5,Vanity_Fair_1847
Miss Clapp,DC,0,5,Vanity_Fair_1847
Miss Clapp,DN,0,5,Vanity_Fair_1847
Miss Crawley,N,37,5,Vanity_Fair_1847
Miss Crawley,C,18,5,Vanity_Fair_1847
Miss Crawley,I,11,5,Vanity_Fair_1847
Miss Crawley,A,28,5,Vanity_Fair_1847
Miss Crawley,DC,1,5,Vanity_Fair_1847
Miss Crawley,DN,9,5,Vanity_Fair_1847
Miss Hawky,N,2,5,Vanity_Fair_1847
Miss Hawky,C,0,5,Vanity_Fair_1847
Miss Hawky,I,0,5,Vanity_Fair_1847
Miss Hawky,A,0,5,Vanity_Fair_1847
Miss Hawky,DC,0,5,Vanity_Fair_1847
Miss Hawky,DN,2,5,Vanity_Fair_1847
Miss Horrocks,N,2,5,Vanity_Fair_1847
Miss Horrocks,C,0,5,Vanity_Fair_1847
Miss Horrocks,I,0,5,Vanity_Fair_1847
Miss Horrocks,A,2,5,Vanity_Fair_1847
Miss Horrocks,DC,0,5,Vanity_Fair_1847
Miss Horrocks,DN,0,5,Vanity_Fair_1847
Miss MacWhirter,N,3,5,Vanity_Fair_1847
Miss MacWhirter,C,0,5,Vanity_Fair_1847
Miss MacWhirter,I,1,5,Vanity_Fair_1847
Miss MacWhirter,A,0,5,Vanity_Fair_1847
Miss MacWhirter,DC,0,5,Vanity_Fair_1847
Miss MacWhirter,DN,2,5,Vanity_Fair_1847
Miss Malony,N,0,5,Vanity_Fair_1847
Miss Malony,C,0,5,Vanity_Fair_1847
Miss Malony,I,0,5,Vanity_Fair_1847
Miss Malony,A,0,5,Vanity_Fair_1847
Miss Malony,DC,0,5,Vanity_Fair_1847
Miss Malony,DN,0,5,Vanity_Fair_1847
Miss Moss,N,0,5,Vanity_Fair_1847
Miss Moss,C,0,5,Vanity_Fair_1847
Miss Moss,I,0,5,Vanity_Fair_1847
Miss Moss,A,0,5,Vanity_Fair_1847
Miss Moss,DC,0,5,Vanity_Fair_1847
Miss Moss,DN,0,5,Vanity_Fair_1847
Miss O.,N,0,5,Vanity_Fair_1847
Miss O.,C,0,5,Vanity_Fair_1847
Miss O.,I,0,5,Vanity_Fair_1847
Miss O.,A,0,5,Vanity_Fair_1847
Miss O.,DC,0,5,Vanity_Fair_1847
Miss O.,DN,0,5,Vanity_Fair_1847
Miss Osborne,N,0,5,Vanity_Fair_1847
Miss Osborne,C,0,5,Vanity_Fair_1847
Miss Osborne,I,0,5,Vanity_Fair_1847
Miss Osborne,A,0,5,Vanity_Fair_1847
Miss Osborne,DC,0,5,Vanity_Fair_1847
Miss Osborne,DN,0,5,Vanity_Fair_1847
Miss Pinkerton,N,7,5,Vanity_Fair_1847
Miss Pinkerton,C,1,5,Vanity_Fair_1847
Miss Pinkerton,I,1,5,Vanity_Fair_1847
Miss Pinkerton,A,0,5,Vanity_Fair_1847
Miss Pinkerton,DC,0,5,Vanity_Fair_1847
Miss Pinkerton,DN,0,5,Vanity_Fair_1847
Miss Polly,N,0,5,Vanity_Fair_1847
Miss Polly,C,0,5,Vanity_Fair_1847
Miss Polly,I,0,5,Vanity_Fair_1847
Miss Polly,A,0,5,Vanity_Fair_1847
Miss Polly,DC,0,5,Vanity_Fair_1847
Miss Polly,DN,0,5,Vanity_Fair_1847
Miss Saltire,N,0,5,Vanity_Fair_1847
Miss Saltire,C,0,5,Vanity_Fair_1847
Miss Saltire,I,0,5,Vanity_Fair_1847
Miss Saltire,A,0,5,Vanity_Fair_1847
Miss Saltire,DC,0,5,Vanity_Fair_1847
Miss Saltire,DN,0,5,Vanity_Fair_1847
Miss Swartz,N,0,5,Vanity_Fair_1847
Miss Swartz,C,0,5,Vanity_Fair_1847
Miss Swartz,I,0,5,Vanity_Fair_1847
Miss Swartz,A,0,5,Vanity_Fair_1847
Miss Swartz,DC,0,5,Vanity_Fair_1847
Miss Swartz,DN,0,5,Vanity_Fair_1847
Miss Toady,N,0,5,Vanity_Fair_1847
Miss Toady,C,0,5,Vanity_Fair_1847
Miss Toady,I,0,5,Vanity_Fair_1847
Miss Toady,A,0,5,Vanity_Fair_1847
Miss Toady,DC,0,5,Vanity_Fair_1847
Miss Toady,DN,0,5,Vanity_Fair_1847
Miss Violet,N,2,5,Vanity_Fair_1847
Miss Violet,C,0,5,Vanity_Fair_1847
Miss Violet,I,2,5,Vanity_Fair_1847
Miss Violet,A,2,5,Vanity_Fair_1847
Miss Violet,DC,0,5,Vanity_Fair_1847
Miss Violet,DN,3,5,Vanity_Fair_1847
Miss Wirt,N,0,5,Vanity_Fair_1847
Miss Wirt,C,0,5,Vanity_Fair_1847
Miss Wirt,I,0,5,Vanity_Fair_1847
Miss Wirt,A,0,5,Vanity_Fair_1847
Miss Wirt,DC,0,5,Vanity_Fair_1847
Miss Wirt,DN,0,5,Vanity_Fair_1847
Molly,N,0,5,Vanity_Fair_1847
Molly,C,0,5,Vanity_Fair_1847
Molly,I,0,5,Vanity_Fair_1847
Molly,A,0,5,Vanity_Fair_1847
Molly,DC,0,5,Vanity_Fair_1847
Molly,DN,0,5,Vanity_Fair_1847
Monseigneur,N,0,5,Vanity_Fair_1847
Monseigneur,C,0,5,Vanity_Fair_1847
Monseigneur,I,0,5,Vanity_Fair_1847
Monseigneur,A,0,5,Vanity_Fair_1847
Monseigneur,DC,0,5,Vanity_Fair_1847
Monseigneur,DN,0,5,Vanity_Fair_1847
Monsieur Fiche,N,0,5,Vanity_Fair_1847
Monsieur Fiche,C,0,5,Vanity_Fair_1847
Monsieur Fiche,I,0,5,Vanity_Fair_1847
Monsieur Fiche,A,0,5,Vanity_Fair_1847
Monsieur Fiche,DC,0,5,Vanity_Fair_1847
Monsieur Fiche,DN,0,5,Vanity_Fair_1847
Mother,N,0,5,Vanity_Fair_1847
Mother,C,0,5,Vanity_Fair_1847
Mother,I,0,5,Vanity_Fair_1847
Mother,A,0,5,Vanity_Fair_1847
Mother,DC,0,5,Vanity_Fair_1847
Mother,DN,0,5,Vanity_Fair_1847
Mr. Binny,N,0,5,Vanity_Fair_1847
Mr. Binny,C,0,5,Vanity_Fair_1847
Mr. Binny,I,0,5,Vanity_Fair_1847
Mr. Binny,A,0,5,Vanity_Fair_1847
Mr. Binny,DC,0,5,Vanity_Fair_1847
Mr. Binny,DN,0,5,Vanity_Fair_1847
Mr. Bowls,N,1,5,Vanity_Fair_1847
Mr. Bowls,C,0,5,Vanity_Fair_1847
Mr. Bowls,I,0,5,Vanity_Fair_1847
Mr. Bowls,A,0,5,Vanity_Fair_1847
Mr. Bowls,DC,0,5,Vanity_Fair_1847
Mr. Bowls,DN,0,5,Vanity_Fair_1847
Mr. Brown,N,0,5,Vanity_Fair_1847
Mr. Brown,C,0,5,Vanity_Fair_1847
Mr. Brown,I,0,5,Vanity_Fair_1847
Mr. Brown,A,0,5,Vanity_Fair_1847
Mr. Brown,DC,0,5,Vanity_Fair_1847
Mr. Brown,DN,0,5,Vanity_Fair_1847
Mr. Bullock,N,0,5,Vanity_Fair_1847
Mr. Bullock,C,0,5,Vanity_Fair_1847
Mr. Bullock,I,0,5,Vanity_Fair_1847
Mr. Bullock,A,0,5,Vanity_Fair_1847
Mr. Bullock,DC,0,5,Vanity_Fair_1847
Mr. Bullock,DN,0,5,Vanity_Fair_1847
Mr. Chopper,N,0,5,Vanity_Fair_1847
Mr. Chopper,C,0,5,Vanity_Fair_1847
Mr. Chopper,I,0,5,Vanity_Fair_1847
Mr. Chopper,A,0,5,Vanity_Fair_1847
Mr. Chopper,DC,0,5,Vanity_Fair_1847
Mr. Chopper,DN,0,5,Vanity_Fair_1847
Mr. Clapp,N,0,5,Vanity_Fair_1847
Mr. Clapp,C,0,5,Vanity_Fair_1847
Mr. Clapp,I,0,5,Vanity_Fair_1847
Mr. Clapp,A,0,5,Vanity_Fair_1847
Mr. Clapp,DC,0,5,Vanity_Fair_1847
Mr. Clapp,DN,0,5,Vanity_Fair_1847
Mr. Clump,N,0,5,Vanity_Fair_1847
Mr. Clump,C,0,5,Vanity_Fair_1847
Mr. Clump,I,0,5,Vanity_Fair_1847
Mr. Clump,A,0,5,Vanity_Fair_1847
Mr. Clump,DC,0,5,Vanity_Fair_1847
Mr. Clump,DN,0,5,Vanity_Fair_1847
Mr. Crawley,N,27,5,Vanity_Fair_1847
Mr. Crawley,C,11,5,Vanity_Fair_1847
Mr. Crawley,I,6,5,Vanity_Fair_1847
Mr. Crawley,A,10,5,Vanity_Fair_1847
Mr. Crawley,DC,1,5,Vanity_Fair_1847
Mr. Crawley,DN,13,5,Vanity_Fair_1847
Mr. Creamer,N,0,5,Vanity_Fair_1847
Mr. Creamer,C,0,5,Vanity_Fair_1847
Mr. Creamer,I,0,5,Vanity_Fair_1847
Mr. Creamer,A,0,5,Vanity_Fair_1847
Mr. Creamer,DC,0,5,Vanity_Fair_1847
Mr. Creamer,DN,0,5,Vanity_Fair_1847
Mr. Crisp,N,0,5,Vanity_Fair_1847
Mr. Crisp,C,0,5,Vanity_Fair_1847
Mr. Crisp,I,0,5,Vanity_Fair_1847
Mr. Crisp,A,0,5,Vanity_Fair_1847
Mr. Crisp,DC,0,5,Vanity_Fair_1847
Mr. Crisp,DN,0,5,Vanity_Fair_1847
Mr. Eagles,N,0,5,Vanity_Fair_1847
Mr. Eagles,C,0,5,Vanity_Fair_1847
Mr. Eagles,I,0,5,Vanity_Fair_1847
Mr. Eagles,A,0,5,Vanity_Fair_1847
Mr. Eagles,DC,0,5,Vanity_Fair_1847
Mr. Eagles,DN,0,5,Vanity_Fair_1847
Mr. Eaves,N,0,5,Vanity_Fair_1847
Mr. Eaves,C,0,5,Vanity_Fair_1847
Mr. Eaves,I,0,5,Vanity_Fair_1847
Mr. Eaves,A,0,5,Vanity_Fair_1847
Mr. Eaves,DC,0,5,Vanity_Fair_1847
Mr. Eaves,DN,0,5,Vanity_Fair_1847
Mr. Fiche,N,0,5,Vanity_Fair_1847
Mr. Fiche,C,0,5,Vanity_Fair_1847
Mr. Fiche,I,0,5,Vanity_Fair_1847
Mr. Fiche,A,0,5,Vanity_Fair_1847
Mr. Fiche,DC,0,5,Vanity_Fair_1847
Mr. Fiche,DN,0,5,Vanity_Fair_1847
Mr. Fox,N,1,5,Vanity_Fair_1847
Mr. Fox,C,0,5,Vanity_Fair_1847
Mr. Fox,I,0,5,Vanity_Fair_1847
Mr. Fox,A,0,5,Vanity_Fair_1847
Mr. Fox,DC,0,5,Vanity_Fair_1847
Mr. Fox,DN,0,5,Vanity_Fair_1847
Mr. Hammerdown,N,0,5,Vanity_Fair_1847
Mr. Hammerdown,C,0,5,Vanity_Fair_1847
Mr. Hammerdown,I,0,5,Vanity_Fair_1847
Mr. Hammerdown,A,0,5,Vanity_Fair_1847
Mr. Hammerdown,DC,0,5,Vanity_Fair_1847
Mr. Hammerdown,DN,0,5,Vanity_Fair_1847
Mr. Higgs,N,0,5,Vanity_Fair_1847
Mr. Higgs,C,0,5,Vanity_Fair_1847
Mr. Higgs,I,0,5,Vanity_Fair_1847
Mr. Higgs,A,0,5,Vanity_Fair_1847
Mr. Higgs,DC,0,5,Vanity_Fair_1847
Mr. Higgs,DN,0,5,Vanity_Fair_1847
Mr. Hodson,N,0,5,Vanity_Fair_1847
Mr. Hodson,C,0,5,Vanity_Fair_1847
Mr. Hodson,I,0,5,Vanity_Fair_1847
Mr. Hodson,A,0,5,Vanity_Fair_1847
Mr. Hodson,DC,0,5,Vanity_Fair_1847
Mr. Hodson,DN,0,5,Vanity_Fair_1847
Mr. Horrocks,N,2,5,Vanity_Fair_1847
Mr. Horrocks,C,2,5,Vanity_Fair_1847
Mr. Horrocks,I,1,5,Vanity_Fair_1847
Mr. Horrocks,A,0,5,Vanity_Fair_1847
Mr. Horrocks,DC,0,5,Vanity_Fair_1847
Mr. Horrocks,DN,0,5,Vanity_Fair_1847
Mr. Humphrey Clinker,N,1,5,Vanity_Fair_1847
Mr. Humphrey Clinker,C,0,5,Vanity_Fair_1847
Mr. Humphrey Clinker,I,0,5,Vanity_Fair_1847
Mr. Humphrey Clinker,A,1,5,Vanity_Fair_1847
Mr. Humphrey Clinker,DC,1,5,Vanity_Fair_1847
Mr. Humphrey Clinker,DN,2,5,Vanity_Fair_1847
Mr. John Thomas Dawson,N,1,5,Vanity_Fair_1847
Mr. John Thomas Dawson,C,0,5,Vanity_Fair_1847
Mr. John Thomas Dawson,I,0,5,Vanity_Fair_1847
Mr. John Thomas Dawson,A,0,5,Vanity_Fair_1847
Mr. John Thomas Dawson,DC,0,5,Vanity_Fair_1847
Mr. John Thomas Dawson,DN,0,5,Vanity_Fair_1847
Mr. Lewis,N,0,5,Vanity_Fair_1847
Mr. Lewis,C,0,5,Vanity_Fair_1847
Mr. Lewis,I,0,5,Vanity_Fair_1847
Mr. Lewis,A,0,5,Vanity_Fair_1847
Mr. Lewis,DC,0,5,Vanity_Fair_1847
Mr. Lewis,DN,0,5,Vanity_Fair_1847
Mr. Moss,N,0,5,Vanity_Fair_1847
Mr. Moss,C,0,5,Vanity_Fair_1847
Mr. Moss,I,0,5,Vanity_Fair_1847
Mr. Moss,A,0,5,Vanity_Fair_1847
Mr. Moss,DC,0,5,Vanity_Fair_1847
Mr. Moss,DN,0,5,Vanity_Fair_1847
Mr. Osborne,N,0,5,Vanity_Fair_1847
Mr. Osborne,C,0,5,Vanity_Fair_1847
Mr. Osborne,I,0,5,Vanity_Fair_1847
Mr. Osborne,A,0,5,Vanity_Fair_1847
Mr. Osborne,DC,0,5,Vanity_Fair_1847
Mr. Osborne,DN,0,5,Vanity_Fair_1847
Mr. Pestler,N,0,5,Vanity_Fair_1847
Mr. Pestler,C,0,5,Vanity_Fair_1847
Mr. Pestler,I,0,5,Vanity_Fair_1847
Mr. Pestler,A,0,5,Vanity_Fair_1847
Mr. Pestler,DC,0,5,Vanity_Fair_1847
Mr. Pestler,DN,0,5,Vanity_Fair_1847
Mr. Poe,N,0,5,Vanity_Fair_1847
Mr. Poe,C,0,5,Vanity_Fair_1847
Mr. Poe,I,0,5,Vanity_Fair_1847
Mr. Poe,A,0,5,Vanity_Fair_1847
Mr. Poe,DC,0,5,Vanity_Fair_1847
Mr. Poe,DN,0,5,Vanity_Fair_1847
Mr. Rowson,N,0,5,Vanity_Fair_1847
Mr. Rowson,C,0,5,Vanity_Fair_1847
Mr. Rowson,I,0,5,Vanity_Fair_1847
Mr. Rowson,A,0,5,Vanity_Fair_1847
Mr. Rowson,DC,0,5,Vanity_Fair_1847
Mr. Rowson,DN,0,5,Vanity_Fair_1847
Mr. S.,N,0,5,Vanity_Fair_1847
Mr. S.,C,0,5,Vanity_Fair_1847
Mr. S.,I,0,5,Vanity_Fair_1847
Mr. S.,A,0,5,Vanity_Fair_1847
Mr. S.,DC,0,5,Vanity_Fair_1847
Mr. S.,DN,0,5,Vanity_Fair_1847
Mr. Smee,N,0,5,Vanity_Fair_1847
Mr. Smee,C,0,5,Vanity_Fair_1847
Mr. Smee,I,0,5,Vanity_Fair_1847
Mr. Smee,A,0,5,Vanity_Fair_1847
Mr. Smee,DC,0,5,Vanity_Fair_1847
Mr. Smee,DN,0,5,Vanity_Fair_1847
Mr. Stubble,N,0,5,Vanity_Fair_1847
Mr. Stubble,C,0,5,Vanity_Fair_1847
Mr. Stubble,I,0,5,Vanity_Fair_1847
Mr. Stubble,A,0,5,Vanity_Fair_1847
Mr. Stubble,DC,0,5,Vanity_Fair_1847
Mr. Stubble,DN,0,5,Vanity_Fair_1847
Mr. Trotter,N,0,5,Vanity_Fair_1847
Mr. Trotter,C,0,5,Vanity_Fair_1847
Mr. Trotter,I,0,5,Vanity_Fair_1847
Mr. Trotter,A,0,5,Vanity_Fair_1847
Mr. Trotter,DC,0,5,Vanity_Fair_1847
Mr. Trotter,DN,0,5,Vanity_Fair_1847
Mr. Veal,N,0,5,Vanity_Fair_1847
Mr. Veal,C,0,5,Vanity_Fair_1847
Mr. Veal,I,0,5,Vanity_Fair_1847
Mr. Veal,A,0,5,Vanity_Fair_1847
Mr. Veal,DC,0,5,Vanity_Fair_1847
Mr. Veal,DN,0,5,Vanity_Fair_1847
Mr. Wagg,N,0,5,Vanity_Fair_1847
Mr. Wagg,C,0,5,Vanity_Fair_1847
Mr. Wagg,I,0,5,Vanity_Fair_1847
Mr. Wagg,A,0,5,Vanity_Fair_1847
Mr. Wagg,DC,0,5,Vanity_Fair_1847
Mr. Wagg,DN,0,5,Vanity_Fair_1847
Mr. Wenham,N,0,5,Vanity_Fair_1847
Mr. Wenham,C,0,5,Vanity_Fair_1847
Mr. Wenham,I,0,5,Vanity_Fair_1847
Mr. Wenham,A,0,5,Vanity_Fair_1847
Mr. Wenham,DC,0,5,Vanity_Fair_1847
Mr. Wenham,DN,0,5,Vanity_Fair_1847
Mr. Wilberforce,N,1,5,Vanity_Fair_1847
Mr. Wilberforce,C,0,5,Vanity_Fair_1847
Mr. Wilberforce,I,0,5,Vanity_Fair_1847
Mr. Wilberforce,A,0,5,Vanity_Fair_1847
Mr. Wilberforce,DC,0,5,Vanity_Fair_1847
Mr. Wilberforce,DN,0,5,Vanity_Fair_1847
Mrs.,N,0,5,Vanity_Fair_1847
Mrs.,C,0,5,Vanity_Fair_1847
Mrs.,I,0,5,Vanity_Fair_1847
Mrs.,A,0,5,Vanity_Fair_1847
Mrs.,DC,0,5,Vanity_Fair_1847
Mrs.,DN,0,5,Vanity_Fair_1847
Mrs. Blenkinsop,N,0,5,Vanity_Fair_1847
Mrs. Blenkinsop,C,0,5,Vanity_Fair_1847
Mrs. Blenkinsop,I,0,5,Vanity_Fair_1847
Mrs. Blenkinsop,A,0,5,Vanity_Fair_1847
Mrs. Blenkinsop,DC,0,5,Vanity_Fair_1847
Mrs. Blenkinsop,DN,0,5,Vanity_Fair_1847
Mrs. Bowls,N,0,5,Vanity_Fair_1847
Mrs. Bowls,C,0,5,Vanity_Fair_1847
Mrs. Bowls,I,0,5,Vanity_Fair_1847
Mrs. Bowls,A,0,5,Vanity_Fair_1847
Mrs. Bowls,DC,0,5,Vanity_Fair_1847
Mrs. Bowls,DN,0,5,Vanity_Fair_1847
Mrs. Brown,N,0,5,Vanity_Fair_1847
Mrs. Brown,C,0,5,Vanity_Fair_1847
Mrs. Brown,I,0,5,Vanity_Fair_1847
Mrs. Brown,A,0,5,Vanity_Fair_1847
Mrs. Brown,DC,0,5,Vanity_Fair_1847
Mrs. Brown,DN,0,5,Vanity_Fair_1847
Mrs. Burjoice,N,0,5,Vanity_Fair_1847
Mrs. Burjoice,C,0,5,Vanity_Fair_1847
Mrs. Burjoice,I,0,5,Vanity_Fair_1847
Mrs. Burjoice,A,0,5,Vanity_Fair_1847
Mrs. Burjoice,DC,0,5,Vanity_Fair_1847
Mrs. Burjoice,DN,0,5,Vanity_Fair_1847
Mrs. Bute,N,29,5,Vanity_Fair_1847
Mrs. Bute,C,5,5,Vanity_Fair_1847
Mrs. Bute,I,3,5,Vanity_Fair_1847
Mrs. Bute,A,11,5,Vanity_Fair_1847
Mrs. Bute,DC,1,5,Vanity_Fair_1847
Mrs. Bute,DN,9,5,Vanity_Fair_1847
Mrs. Captain Osborne,N,0,5,Vanity_Fair_1847
Mrs. Captain Osborne,C,0,5,Vanity_Fair_1847
Mrs. Captain Osborne,I,0,5,Vanity_Fair_1847
Mrs. Captain Osborne,A,0,5,Vanity_Fair_1847
Mrs. Captain Osborne,DC,0,5,Vanity_Fair_1847
Mrs. Captain Osborne,DN,0,5,Vanity_Fair_1847
Mrs. Clapp,N,0,5,Vanity_Fair_1847
Mrs. Clapp,C,0,5,Vanity_Fair_1847
Mrs. Clapp,I,0,5,Vanity_Fair_1847
Mrs. Clapp,A,0,5,Vanity_Fair_1847
Mrs. Clapp,DC,0,5,Vanity_Fair_1847
Mrs. Clapp,DN,0,5,Vanity_Fair_1847
Mrs. Cook,N,0,5,Vanity_Fair_1847
Mrs. Cook,C,0,5,Vanity_Fair_1847
Mrs. Cook,I,0,5,Vanity_Fair_1847
Mrs. Cook,A,0,5,Vanity_Fair_1847
Mrs. Cook,DC,0,5,Vanity_Fair_1847
Mrs. Cook,DN,0,5,Vanity_Fair_1847
Mrs. Dobbin,N,0,5,Vanity_Fair_1847
Mrs. Dobbin,C,0,5,Vanity_Fair_1847
Mrs. Dobbin,I,0,5,Vanity_Fair_1847
Mrs. Dobbin,A,0,5,Vanity_Fair_1847
Mrs. Dobbin,DC,0,5,Vanity_Fair_1847
Mrs. Dobbin,DN,0,5,Vanity_Fair_1847
Mrs. Eagles,N,0,5,Vanity_Fair_1847
Mrs. Eagles,C,0,5,Vanity_Fair_1847
Mrs. Eagles,I,0,5,Vanity_Fair_1847
Mrs. Eagles,A,0,5,Vanity_Fair_1847
Mrs. Eagles,DC,0,5,Vanity_Fair_1847
Mrs. Eagles,DN,0,5,Vanity_Fair_1847
Mrs. Frederick Bullock,N,0,5,Vanity_Fair_1847
Mrs. Frederick Bullock,C,0,5,Vanity_Fair_1847
Mrs. Frederick Bullock,I,0,5,Vanity_Fair_1847
Mrs. Frederick Bullock,A,0,5,Vanity_Fair_1847
Mrs. Frederick Bullock,DC,0,5,Vanity_Fair_1847
Mrs. Frederick Bullock,DN,0,5,Vanity_Fair_1847
Mrs. Glowry,N,0,5,Vanity_Fair_1847
Mrs. Glowry,C,0,5,Vanity_Fair_1847
Mrs. Glowry,I,0,5,Vanity_Fair_1847
Mrs. Glowry,A,0,5,Vanity_Fair_1847
Mrs. Glowry,DC,0,5,Vanity_Fair_1847
Mrs. Glowry,DN,0,5,Vanity_Fair_1847
Mrs. Haggistoun,N,0,5,Vanity_Fair_1847
Mrs. Haggistoun,C,0,5,Vanity_Fair_1847
Mrs. Haggistoun,I,0,5,Vanity_Fair_1847
Mrs. Haggistoun,A,0,5,Vanity_Fair_1847
Mrs. Haggistoun,DC,0,5,Vanity_Fair_1847
Mrs. Haggistoun,DN,0,5,Vanity_Fair_1847
Mrs. Kirk,N,0,5,Vanity_Fair_1847
Mrs. Kirk,C,0,5,Vanity_Fair_1847
Mrs. Kirk,I,0,5,Vanity_Fair_1847
Mrs. Kirk,A,0,5,Vanity_Fair_1847
Mrs. Kirk,DC,0,5,Vanity_Fair_1847
Mrs. Kirk,DN,0,5,Vanity_Fair_1847
Mrs. Magenis,N,0,5,Vanity_Fair_1847
Mrs. Magenis,C,0,5,Vanity_Fair_1847
Mrs. Magenis,I,0,5,Vanity_Fair_1847
Mrs. Magenis,A,0,5,Vanity_Fair_1847
Mrs. Magenis,DC,0,5,Vanity_Fair_1847
Mrs. Magenis,DN,0,5,Vanity_Fair_1847
Mrs. O'Dowd,N,0,5,Vanity_Fair_1847
Mrs. O'Dowd,C,0,5,Vanity_Fair_1847
Mrs. O'Dowd,I,0,5,Vanity_Fair_1847
Mrs. O'Dowd,A,0,5,Vanity_Fair_1847
Mrs. O'Dowd,DC,0,5,Vanity_Fair_1847
Mrs. O'Dowd,DN,0,5,Vanity_Fair_1847
Mrs. O.,N,0,5,Vanity_Fair_1847
Mrs. O.,C,0,5,Vanity_Fair_1847
Mrs. O.,I,0,5,Vanity_Fair_1847
Mrs. O.,A,0,5,Vanity_Fair_1847
Mrs. O.,DC,0,5,Vanity_Fair_1847
Mrs. O.,DN,0,5,Vanity_Fair_1847
Mrs. Pilkington,N,0,5,Vanity_Fair_1847
Mrs. Pilkington,C,0,5,Vanity_Fair_1847
Mrs. Pilkington,I,0,5,Vanity_Fair_1847
Mrs. Pilkington,A,0,5,Vanity_Fair_1847
Mrs. Pilkington,DC,0,5,Vanity_Fair_1847
Mrs. Pilkington,DN,0,5,Vanity_Fair_1847
Mrs. Raggles,N,0,5,Vanity_Fair_1847
Mrs. Raggles,C,0,5,Vanity_Fair_1847
Mrs. Raggles,I,0,5,Vanity_Fair_1847
Mrs. Raggles,A,0,5,Vanity_Fair_1847
Mrs. Raggles,DC,0,5,Vanity_Fair_1847
Mrs. Raggles,DN,0,5,Vanity_Fair_1847
Mrs. Sedley,N,0,5,Vanity_Fair_1847
Mrs. Sedley,C,0,5,Vanity_Fair_1847
Mrs. Sedley,I,0,5,Vanity_Fair_1847
Mrs. Sedley,A,0,5,Vanity_Fair_1847
Mrs. Sedley,DC,0,5,Vanity_Fair_1847
Mrs. Sedley,DN,0,5,Vanity_Fair_1847
Mrs. Stokes,N,0,5,Vanity_Fair_1847
Mrs. Stokes,C,0,5,Vanity_Fair_1847
Mrs. Stokes,I,0,5,Vanity_Fair_1847
Mrs. Stokes,A,0,5,Vanity_Fair_1847
Mrs. Stokes,DC,0,5,Vanity_Fair_1847
Mrs. Stokes,DN,0,5,Vanity_Fair_1847
Mrs. Todd,N,0,5,Vanity_Fair_1847
Mrs. Todd,C,0,5,Vanity_Fair_1847
Mrs. Todd,I,0,5,Vanity_Fair_1847
Mrs. Todd,A,0,5,Vanity_Fair_1847
Mrs. Todd,DC,0,5,Vanity_Fair_1847
Mrs. Todd,DN,0,5,Vanity_Fair_1847
Mrs. Veal,N,0,5,Vanity_Fair_1847
Mrs. Veal,C,0,5,Vanity_Fair_1847
Mrs. Veal,I,0,5,Vanity_Fair_1847
Mrs. Veal,A,0,5,Vanity_Fair_1847
Mrs. Veal,DC,0,5,Vanity_Fair_1847
Mrs. Veal,DN,0,5,Vanity_Fair_1847
Mrs. Washington White,N,0,5,Vanity_Fair_1847
Mrs. Washington White,C,0,5,Vanity_Fair_1847
Mrs. Washington White,I,0,5,Vanity_Fair_1847
Mrs. Washington White,A,0,5,Vanity_Fair_1847
Mrs. Washington White,DC,0,5,Vanity_Fair_1847
Mrs. Washington White,DN,0,5,Vanity_Fair_1847
Mrs. Wenham,N,0,5,Vanity_Fair_1847
Mrs. Wenham,C,0,5,Vanity_Fair_1847
Mrs. Wenham,I,0,5,Vanity_Fair_1847
Mrs. Wenham,A,0,5,Vanity_Fair_1847
Mrs. Wenham,DC,0,5,Vanity_Fair_1847
Mrs. Wenham,DN,0,5,Vanity_Fair_1847
Mrs. Winkworth,N,0,5,Vanity_Fair_1847
Mrs. Winkworth,C,0,5,Vanity_Fair_1847
Mrs. Winkworth,I,0,5,Vanity_Fair_1847
Mrs. Winkworth,A,0,5,Vanity_Fair_1847
Mrs. Winkworth,DC,0,5,Vanity_Fair_1847
Mrs. Winkworth,DN,0,5,Vanity_Fair_1847
Mum,N,0,5,Vanity_Fair_1847
Mum,C,0,5,Vanity_Fair_1847
Mum,I,0,5,Vanity_Fair_1847
Mum,A,0,5,Vanity_Fair_1847
Mum,DC,0,5,Vanity_Fair_1847
Mum,DN,0,5,Vanity_Fair_1847
Napoleon,N,0,5,Vanity_Fair_1847
Napoleon,C,0,5,Vanity_Fair_1847
Napoleon,I,0,5,Vanity_Fair_1847
Napoleon,A,0,5,Vanity_Fair_1847
Napoleon,DC,0,5,Vanity_Fair_1847
Napoleon,DN,0,5,Vanity_Fair_1847
Nathan,N,0,5,Vanity_Fair_1847
Nathan,C,0,5,Vanity_Fair_1847
Nathan,I,0,5,Vanity_Fair_1847
Nathan,A,0,5,Vanity_Fair_1847
Nathan,DC,0,5,Vanity_Fair_1847
Nathan,DN,0,5,Vanity_Fair_1847
Ney,N,0,5,Vanity_Fair_1847
Ney,C,0,5,Vanity_Fair_1847
Ney,I,0,5,Vanity_Fair_1847
Ney,A,0,5,Vanity_Fair_1847
Ney,DC,0,5,Vanity_Fair_1847
Ney,DN,0,5,Vanity_Fair_1847
Old Osborne,N,0,5,Vanity_Fair_1847
Old Osborne,C,0,5,Vanity_Fair_1847
Old Osborne,I,0,5,Vanity_Fair_1847
Old Osborne,A,0,5,Vanity_Fair_1847
Old Osborne,DC,0,5,Vanity_Fair_1847
Old Osborne,DN,0,5,Vanity_Fair_1847
Old Sedley,N,0,5,Vanity_Fair_1847
Old Sedley,C,0,5,Vanity_Fair_1847
Old Sedley,I,0,5,Vanity_Fair_1847
Old Sedley,A,0,5,Vanity_Fair_1847
Old Sedley,DC,0,5,Vanity_Fair_1847
Old Sedley,DN,0,5,Vanity_Fair_1847
Osborne,N,0,5,Vanity_Fair_1847
Osborne,C,0,5,Vanity_Fair_1847
Osborne,I,0,5,Vanity_Fair_1847
Osborne,A,0,5,Vanity_Fair_1847
Osborne,DC,0,5,Vanity_Fair_1847
Osborne,DN,0,5,Vanity_Fair_1847
Pa,N,0,5,Vanity_Fair_1847
Pa,C,0,5,Vanity_Fair_1847
Pa,I,0,5,Vanity_Fair_1847
Pa,A,0,5,Vanity_Fair_1847
Pa,DC,0,5,Vanity_Fair_1847
Pa,DN,0,5,Vanity_Fair_1847
Papa,N,0,5,Vanity_Fair_1847
Papa,C,0,5,Vanity_Fair_1847
Papa,I,0,5,Vanity_Fair_1847
Papa,A,0,5,Vanity_Fair_1847
Papa,DC,0,5,Vanity_Fair_1847
Papa,DN,0,5,Vanity_Fair_1847
Pauline,N,0,5,Vanity_Fair_1847
Pauline,C,0,5,Vanity_Fair_1847
Pauline,I,0,5,Vanity_Fair_1847
Pauline,A,0,5,Vanity_Fair_1847
Pauline,DC,0,5,Vanity_Fair_1847
Pauline,DN,0,5,Vanity_Fair_1847
Payne,N,0,5,Vanity_Fair_1847
Payne,C,0,5,Vanity_Fair_1847
Payne,I,0,5,Vanity_Fair_1847
Payne,A,0,5,Vanity_Fair_1847
Payne,DC,0,5,Vanity_Fair_1847
Payne,DN,0,5,Vanity_Fair_1847
Peggy,N,0,5,Vanity_Fair_1847
Peggy,C,0,5,Vanity_Fair_1847
Peggy,I,0,5,Vanity_Fair_1847
Peggy,A,0,5,Vanity_Fair_1847
Peggy,DC,0,5,Vanity_Fair_1847
Peggy,DN,0,5,Vanity_Fair_1847
Pinner,N,0,5,Vanity_Fair_1847
Pinner,C,0,5,Vanity_Fair_1847
Pinner,I,0,5,Vanity_Fair_1847
Pinner,A,0,5,Vanity_Fair_1847
Pinner,DC,0,5,Vanity_Fair_1847
Pinner,DN,0,5,Vanity_Fair_1847
Pitt,N,9,5,Vanity_Fair_1847
Pitt,C,3,5,Vanity_Fair_1847
Pitt,I,6,5,Vanity_Fair_1847
Pitt,A,14,5,Vanity_Fair_1847
Pitt,DC,1,5,Vanity_Fair_1847
Pitt,DN,7,5,Vanity_Fair_1847
Pitt Binkie,N,0,5,Vanity_Fair_1847
Pitt Binkie,C,0,5,Vanity_Fair_1847
Pitt Binkie,I,0,5,Vanity_Fair_1847
Pitt Binkie,A,0,5,Vanity_Fair_1847
Pitt Binkie,DC,0,5,Vanity_Fair_1847
Pitt Binkie,DN,0,5,Vanity_Fair_1847
Poor Jim,N,0,5,Vanity_Fair_1847
Poor Jim,C,0,5,Vanity_Fair_1847
Poor Jim,I,0,5,Vanity_Fair_1847
Poor Jim,A,0,5,Vanity_Fair_1847
Poor Jim,DC,0,5,Vanity_Fair_1847
Poor Jim,DN,0,5,Vanity_Fair_1847
Queen,N,5,5,Vanity_Fair_1847
Queen,C,0,5,Vanity_Fair_1847
Queen,I,0,5,Vanity_Fair_1847
Queen,A,0,5,Vanity_Fair_1847
Queen,DC,0,5,Vanity_Fair_1847
Queen,DN,0,5,Vanity_Fair_1847
Raggles,N,0,5,Vanity_Fair_1847
Raggles,C,0,5,Vanity_Fair_1847
Raggles,I,0,5,Vanity_Fair_1847
Raggles,A,0,5,Vanity_Fair_1847
Raggles,DC,0,5,Vanity_Fair_1847
Raggles,DN,0,5,Vanity_Fair_1847
Rawdon,N,13,5,Vanity_Fair_1847
Rawdon,C,0,5,Vanity_Fair_1847
Rawdon,I,4,5,Vanity_Fair_1847
Rawdon,A,10,5,Vanity_Fair_1847
Rawdon,DC,8,5,Vanity_Fair_1847
Rawdon,DN,0,5,Vanity_Fair_1847
"Rawdon Crawley , Esquire",N,0,5,Vanity_Fair_1847
"Rawdon Crawley , Esquire",C,0,5,Vanity_Fair_1847
"Rawdon Crawley , Esquire",I,0,5,Vanity_Fair_1847
"Rawdon Crawley , Esquire",A,0,5,Vanity_Fair_1847
"Rawdon Crawley , Esquire",DC,0,5,Vanity_Fair_1847
"Rawdon Crawley , Esquire",DN,0,5,Vanity_Fair_1847
Rebecca,N,53,5,Vanity_Fair_1847
Rebecca,C,9,5,Vanity_Fair_1847
Rebecca,I,19,5,Vanity_Fair_1847
Rebecca,A,29,5,Vanity_Fair_1847
Rebecca,DC,14,5,Vanity_Fair_1847
Rebecca,DN,2,5,Vanity_Fair_1847
Regulus,N,0,5,Vanity_Fair_1847
Regulus,C,0,5,Vanity_Fair_1847
Regulus,I,0,5,Vanity_Fair_1847
Regulus,A,0,5,Vanity_Fair_1847
Regulus,DC,0,5,Vanity_Fair_1847
Regulus,DN,0,5,Vanity_Fair_1847
Rhoda,N,0,5,Vanity_Fair_1847
Rhoda,C,0,5,Vanity_Fair_1847
Rhoda,I,0,5,Vanity_Fair_1847
Rhoda,A,0,5,Vanity_Fair_1847
Rhoda,DC,0,5,Vanity_Fair_1847
Rhoda,DN,0,5,Vanity_Fair_1847
Robinson,N,0,5,Vanity_Fair_1847
Robinson,C,0,5,Vanity_Fair_1847
Robinson,I,0,5,Vanity_Fair_1847
Robinson,A,0,5,Vanity_Fair_1847
Robinson,DC,0,5,Vanity_Fair_1847
Robinson,DN,0,5,Vanity_Fair_1847
Rosa,N,0,5,Vanity_Fair_1847
Rosa,C,0,5,Vanity_Fair_1847
Rosa,I,0,5,Vanity_Fair_1847
Rosa,A,0,5,Vanity_Fair_1847
Rosa,DC,0,5,Vanity_Fair_1847
Rosa,DN,0,5,Vanity_Fair_1847
Rose,N,3,5,Vanity_Fair_1847
Rose,C,0,5,Vanity_Fair_1847
Rose,I,0,5,Vanity_Fair_1847
Rose,A,0,5,Vanity_Fair_1847
Rose,DC,0,5,Vanity_Fair_1847
Rose,DN,0,5,Vanity_Fair_1847
SWEETEST AMELIA,N,0,5,Vanity_Fair_1847
SWEETEST AMELIA,C,0,5,Vanity_Fair_1847
SWEETEST AMELIA,I,0,5,Vanity_Fair_1847
SWEETEST AMELIA,A,0,5,Vanity_Fair_1847
SWEETEST AMELIA,DC,0,5,Vanity_Fair_1847
SWEETEST AMELIA,DN,0,5,Vanity_Fair_1847
Sambo,N,0,5,Vanity_Fair_1847
Sambo,C,0,5,Vanity_Fair_1847
Sambo,I,0,5,Vanity_Fair_1847
Sambo,A,0,5,Vanity_Fair_1847
Sambo,DC,0,5,Vanity_Fair_1847
Sambo,DN,0,5,Vanity_Fair_1847
Simpson,N,0,5,Vanity_Fair_1847
Simpson,C,0,5,Vanity_Fair_1847
Simpson,I,0,5,Vanity_Fair_1847
Simpson,A,0,5,Vanity_Fair_1847
Simpson,DC,0,5,Vanity_Fair_1847
Simpson,DN,0,5,Vanity_Fair_1847
Sir Giles Wapshot,N,4,5,Vanity_Fair_1847
Sir Giles Wapshot,C,0,5,Vanity_Fair_1847
Sir Giles Wapshot,I,0,5,Vanity_Fair_1847
Sir Giles Wapshot,A,1,5,Vanity_Fair_1847
Sir Giles Wapshot,DC,2,5,Vanity_Fair_1847
Sir Giles Wapshot,DN,0,5,Vanity_Fair_1847
Sir Huddleston Fuddleston,N,7,5,Vanity_Fair_1847
Sir Huddleston Fuddleston,C,0,5,Vanity_Fair_1847
Sir Huddleston Fuddleston,I,0,5,Vanity_Fair_1847
Sir Huddleston Fuddleston,A,3,5,Vanity_Fair_1847
Sir Huddleston Fuddleston,DC,0,5,Vanity_Fair_1847
Sir Huddleston Fuddleston,DN,0,5,Vanity_Fair_1847
Sir Huddlestone,N,0,5,Vanity_Fair_1847
Sir Huddlestone,C,0,5,Vanity_Fair_1847
Sir Huddlestone,I,0,5,Vanity_Fair_1847
Sir Huddlestone,A,0,5,Vanity_Fair_1847
Sir Huddlestone,DC,0,5,Vanity_Fair_1847
Sir Huddlestone,DN,0,5,Vanity_Fair_1847
Sir John,N,0,5,Vanity_Fair_1847
Sir John,C,0,5,Vanity_Fair_1847
Sir John,I,0,5,Vanity_Fair_1847
Sir John,A,0,5,Vanity_Fair_1847
Sir John,DC,0,5,Vanity_Fair_1847
Sir John,DN,0,5,Vanity_Fair_1847
Sir Michael O'Dowd,N,0,5,Vanity_Fair_1847
Sir Michael O'Dowd,C,0,5,Vanity_Fair_1847
Sir Michael O'Dowd,I,0,5,Vanity_Fair_1847
Sir Michael O'Dowd,A,0,5,Vanity_Fair_1847
Sir Michael O'Dowd,DC,0,5,Vanity_Fair_1847
Sir Michael O'Dowd,DN,0,5,Vanity_Fair_1847
Sir Pitt,N,43,5,Vanity_Fair_1847
Sir Pitt,C,5,5,Vanity_Fair_1847
Sir Pitt,I,10,5,Vanity_Fair_1847
Sir Pitt,A,27,5,Vanity_Fair_1847
Sir Pitt,DC,4,5,Vanity_Fair_1847
Sir Pitt,DN,13,5,Vanity_Fair_1847
Sir Rawdon,N,0,5,Vanity_Fair_1847
Sir Rawdon,C,0,5,Vanity_Fair_1847
Sir Rawdon,I,0,5,Vanity_Fair_1847
Sir Rawdon,A,0,5,Vanity_Fair_1847
Sir Rawdon,DC,0,5,Vanity_Fair_1847
Sir Rawdon,DN,0,5,Vanity_Fair_1847
Smith,N,0,5,Vanity_Fair_1847
Smith,C,0,5,Vanity_Fair_1847
Smith,I,0,5,Vanity_Fair_1847
Smith,A,0,5,Vanity_Fair_1847
Smith,DC,0,5,Vanity_Fair_1847
Smith,DN,0,5,Vanity_Fair_1847
Smollett,N,3,5,Vanity_Fair_1847
Smollett,C,0,5,Vanity_Fair_1847
Smollett,I,0,5,Vanity_Fair_1847
Smollett,A,0,5,Vanity_Fair_1847
Smollett,DC,1,5,Vanity_Fair_1847
Smollett,DN,0,5,Vanity_Fair_1847
Stubble,N,0,5,Vanity_Fair_1847
Stubble,C,0,5,Vanity_Fair_1847
Stubble,I,0,5,Vanity_Fair_1847
Stubble,A,0,5,Vanity_Fair_1847
Stubble,DC,0,5,Vanity_Fair_1847
Stubble,DN,0,5,Vanity_Fair_1847
Stumpy,N,0,5,Vanity_Fair_1847
Stumpy,C,0,5,Vanity_Fair_1847
Stumpy,I,0,5,Vanity_Fair_1847
Stumpy,A,0,5,Vanity_Fair_1847
Stumpy,DC,0,5,Vanity_Fair_1847
Stumpy,DN,0,5,Vanity_Fair_1847
Tapeworm,N,0,5,Vanity_Fair_1847
Tapeworm,C,0,5,Vanity_Fair_1847
Tapeworm,I,0,5,Vanity_Fair_1847
Tapeworm,A,0,5,Vanity_Fair_1847
Tapeworm,DC,0,5,Vanity_Fair_1847
Tapeworm,DN,0,5,Vanity_Fair_1847
Tapeworm Castle,N,0,5,Vanity_Fair_1847
Tapeworm Castle,C,0,5,Vanity_Fair_1847
Tapeworm Castle,I,0,5,Vanity_Fair_1847
Tapeworm Castle,A,0,5,Vanity_Fair_1847
Tapeworm Castle,DC,0,5,Vanity_Fair_1847
Tapeworm Castle,DN,0,5,Vanity_Fair_1847
The Capting,N,0,5,Vanity_Fair_1847
The Capting,C,0,5,Vanity_Fair_1847
The Capting,I,0,5,Vanity_Fair_1847
The Capting,A,0,5,Vanity_Fair_1847
The Capting,DC,0,5,Vanity_Fair_1847
The Capting,DN,0,5,Vanity_Fair_1847
The Duke of Wellington,N,0,5,Vanity_Fair_1847
The Duke of Wellington,C,0,5,Vanity_Fair_1847
The Duke of Wellington,I,0,5,Vanity_Fair_1847
The Duke of Wellington,A,0,5,Vanity_Fair_1847
The Duke of Wellington,DC,0,5,Vanity_Fair_1847
The Duke of Wellington,DN,0,5,Vanity_Fair_1847
Thriftless,N,0,5,Vanity_Fair_1847
Thriftless,C,0,5,Vanity_Fair_1847
Thriftless,I,0,5,Vanity_Fair_1847
Thriftless,A,0,5,Vanity_Fair_1847
Thriftless,DC,0,5,Vanity_Fair_1847
Thriftless,DN,0,5,Vanity_Fair_1847
Tinker,N,0,5,Vanity_Fair_1847
Tinker,C,0,5,Vanity_Fair_1847
Tinker,I,0,5,Vanity_Fair_1847
Tinker,A,0,5,Vanity_Fair_1847
Tinker,DC,0,5,Vanity_Fair_1847
Tinker,DN,0,5,Vanity_Fair_1847
Tom Eaves,N,0,5,Vanity_Fair_1847
Tom Eaves,C,0,5,Vanity_Fair_1847
Tom Eaves,I,0,5,Vanity_Fair_1847
Tom Eaves,A,0,5,Vanity_Fair_1847
Tom Eaves,DC,0,5,Vanity_Fair_1847
Tom Eaves,DN,0,5,Vanity_Fair_1847
Tom Fool,N,0,5,Vanity_Fair_1847
Tom Fool,C,0,5,Vanity_Fair_1847
Tom Fool,I,0,5,Vanity_Fair_1847
Tom Fool,A,0,5,Vanity_Fair_1847
Tom Fool,DC,0,5,Vanity_Fair_1847
Tom Fool,DN,0,5,Vanity_Fair_1847
Tom Moody,N,0,5,Vanity_Fair_1847
Tom Moody,C,0,5,Vanity_Fair_1847
Tom Moody,I,0,5,Vanity_Fair_1847
Tom Moody,A,0,5,Vanity_Fair_1847
Tom Moody,DC,0,5,Vanity_Fair_1847
Tom Moody,DN,0,5,Vanity_Fair_1847
Trotter,N,0,5,Vanity_Fair_1847
Trotter,C,0,5,Vanity_Fair_1847
Trotter,I,0,5,Vanity_Fair_1847
Trotter,A,0,5,Vanity_Fair_1847
Trotter,DC,0,5,Vanity_Fair_1847
Trotter,DN,0,5,Vanity_Fair_1847
Truffigny,N,0,5,Vanity_Fair_1847
Truffigny,C,0,5,Vanity_Fair_1847
Truffigny,I,0,5,Vanity_Fair_1847
Truffigny,A,0,5,Vanity_Fair_1847
Truffigny,DC,0,5,Vanity_Fair_1847
Truffigny,DN,0,5,Vanity_Fair_1847
Vanity Fair,N,2,5,Vanity_Fair_1847
Vanity Fair,C,0,5,Vanity_Fair_1847
Vanity Fair,I,0,5,Vanity_Fair_1847
Vanity Fair,A,0,5,Vanity_Fair_1847
Vanity Fair,DC,0,5,Vanity_Fair_1847
Vanity Fair,DN,0,5,Vanity_Fair_1847
Victor Aurelius XIV,N,0,5,Vanity_Fair_1847
Victor Aurelius XIV,C,0,5,Vanity_Fair_1847
Victor Aurelius XIV,I,0,5,Vanity_Fair_1847
Victor Aurelius XIV,A,0,5,Vanity_Fair_1847
Victor Aurelius XIV,DC,0,5,Vanity_Fair_1847
Victor Aurelius XIV,DN,0,5,Vanity_Fair_1847
Walpole Crawley,N,3,5,Vanity_Fair_1847
Walpole Crawley,C,0,5,Vanity_Fair_1847
Walpole Crawley,I,0,5,Vanity_Fair_1847
Walpole Crawley,A,1,5,Vanity_Fair_1847
Walpole Crawley,DC,0,5,Vanity_Fair_1847
Walpole Crawley,DN,1,5,Vanity_Fair_1847
Waterloo,N,0,5,Vanity_Fair_1847
Waterloo,C,0,5,Vanity_Fair_1847
Waterloo,I,0,5,Vanity_Fair_1847
Waterloo,A,0,5,Vanity_Fair_1847
Waterloo,DC,0,5,Vanity_Fair_1847
Waterloo,DN,0,5,Vanity_Fair_1847
Waxy,N,1,5,Vanity_Fair_1847
Waxy,C,0,5,Vanity_Fair_1847
Waxy,I,0,5,Vanity_Fair_1847
Waxy,A,0,5,Vanity_Fair_1847
Waxy,DC,0,5,Vanity_Fair_1847
Waxy,DN,0,5,Vanity_Fair_1847
Young Stubble,N,0,5,Vanity_Fair_1847
Young Stubble,C,0,5,Vanity_Fair_1847
Young Stubble,I,0,5,Vanity_Fair_1847
Young Stubble,A,0,5,Vanity_Fair_1847
Young Stubble,DC,0,5,Vanity_Fair_1847
Young Stubble,DN,0,5,Vanity_Fair_1847
Young Tandyman,N,0,5,Vanity_Fair_1847
Young Tandyman,C,0,5,Vanity_Fair_1847
Young Tandyman,I,0,5,Vanity_Fair_1847
Young Tandyman,A,0,5,Vanity_Fair_1847
Young Tandyman,DC,0,5,Vanity_Fair_1847
Young Tandyman,DN,0,5,Vanity_Fair_1847
little Emmy's,N,0,5,Vanity_Fair_1847
little Emmy's,C,0,5,Vanity_Fair_1847
little Emmy's,I,0,5,Vanity_Fair_1847
little Emmy's,A,0,5,Vanity_Fair_1847
little Emmy's,DC,0,5,Vanity_Fair_1847
little Emmy's,DN,0,5,Vanity_Fair_1847
little Fipps,N,0,5,Vanity_Fair_1847
little Fipps,C,0,5,Vanity_Fair_1847
little Fipps,I,0,5,Vanity_Fair_1847
little Fipps,A,0,5,Vanity_Fair_1847
little Fipps,DC,0,5,Vanity_Fair_1847
little Fipps,DN,0,5,Vanity_Fair_1847
old Sergeant Toffy,N,0,5,Vanity_Fair_1847
old Sergeant Toffy,C,0,5,Vanity_Fair_1847
old Sergeant Toffy,I,0,5,Vanity_Fair_1847
old Sergeant Toffy,A,0,5,Vanity_Fair_1847
old Sergeant Toffy,DC,0,5,Vanity_Fair_1847
old Sergeant Toffy,DN,0,5,Vanity_Fair_1847
"poor dear General Glanders , who was dying under the hands of that ignorant man",N,0,5,Vanity_Fair_1847
"poor dear General Glanders , who was dying under the hands of that ignorant man",C,0,5,Vanity_Fair_1847
"poor dear General Glanders , who was dying under the hands of that ignorant man",I,0,5,Vanity_Fair_1847
"poor dear General Glanders , who was dying under the hands of that ignorant man",A,0,5,Vanity_Fair_1847
"poor dear General Glanders , who was dying under the hands of that ignorant man",DC,0,5,Vanity_Fair_1847
"poor dear General Glanders , who was dying under the hands of that ignorant man",DN,0,5,Vanity_Fair_1847
the Crawleys,N,0,5,Vanity_Fair_1847
the Crawleys,C,0,5,Vanity_Fair_1847
the Crawleys,I,0,5,Vanity_Fair_1847
the Crawleys,A,0,5,Vanity_Fair_1847
the Crawleys,DC,0,5,Vanity_Fair_1847
the Crawleys,DN,0,5,Vanity_Fair_1847
the English,N,0,5,Vanity_Fair_1847
the English,C,0,5,Vanity_Fair_1847
the English,I,0,5,Vanity_Fair_1847
the English,A,0,5,Vanity_Fair_1847
the English,DC,0,5,Vanity_Fair_1847
the English,DN,0,5,Vanity_Fair_1847
the French,N,0,5,Vanity_Fair_1847
the French,C,0,5,Vanity_Fair_1847
the French,I,0,5,Vanity_Fair_1847
the French,A,0,5,Vanity_Fair_1847
the French,DC,0,5,Vanity_Fair_1847
the French,DN,0,5,Vanity_Fair_1847
the Grafinn Fanny de Butterbrod,N,0,5,Vanity_Fair_1847
the Grafinn Fanny de Butterbrod,C,0,5,Vanity_Fair_1847
the Grafinn Fanny de Butterbrod,I,0,5,Vanity_Fair_1847
the Grafinn Fanny de Butterbrod,A,0,5,Vanity_Fair_1847
the Grafinn Fanny de Butterbrod,DC,0,5,Vanity_Fair_1847
the Grafinn Fanny de Butterbrod,DN,0,5,Vanity_Fair_1847
the Hammersmith Semiramis,N,0,5,Vanity_Fair_1847
the Hammersmith Semiramis,C,0,5,Vanity_Fair_1847
the Hammersmith Semiramis,I,0,5,Vanity_Fair_1847
the Hammersmith Semiramis,A,0,5,Vanity_Fair_1847
the Hammersmith Semiramis,DC,0,5,Vanity_Fair_1847
the Hammersmith Semiramis,DN,0,5,Vanity_Fair_1847
the Honourable Mrs. Tufto,N,0,5,Vanity_Fair_1847
the Honourable Mrs. Tufto,C,0,5,Vanity_Fair_1847
the Honourable Mrs. Tufto,I,0,5,Vanity_Fair_1847
the Honourable Mrs. Tufto,A,0,5,Vanity_Fair_1847
the Honourable Mrs. Tufto,DC,0,5,Vanity_Fair_1847
the Honourable Mrs. Tufto,DN,0,5,Vanity_Fair_1847
the Kislar Aga,N,0,5,Vanity_Fair_1847
the Kislar Aga,C,0,5,Vanity_Fair_1847
the Kislar Aga,I,0,5,Vanity_Fair_1847
the Kislar Aga,A,0,5,Vanity_Fair_1847
the Kislar Aga,DC,0,5,Vanity_Fair_1847
the Kislar Aga,DN,0,5,Vanity_Fair_1847
the Marquis of Steyne,N,0,5,Vanity_Fair_1847
the Marquis of Steyne,C,0,5,Vanity_Fair_1847
the Marquis of Steyne,I,0,5,Vanity_Fair_1847
the Marquis of Steyne,A,0,5,Vanity_Fair_1847
the Marquis of Steyne,DC,0,5,Vanity_Fair_1847
the Marquis of Steyne,DN,0,5,Vanity_Fair_1847
the Misses Dobbin,N,0,5,Vanity_Fair_1847
the Misses Dobbin,C,0,5,Vanity_Fair_1847
the Misses Dobbin,I,0,5,Vanity_Fair_1847
the Misses Dobbin,A,0,5,Vanity_Fair_1847
the Misses Dobbin,DC,0,5,Vanity_Fair_1847
the Misses Dobbin,DN,0,5,Vanity_Fair_1847
the Misses Osborne,N,0,5,Vanity_Fair_1847
the Misses Osborne,C,0,5,Vanity_Fair_1847
the Misses Osborne,I,0,5,Vanity_Fair_1847
the Misses Osborne,A,0,5,Vanity_Fair_1847
the Misses Osborne,DC,0,5,Vanity_Fair_1847
the Misses Osborne,DN,0,5,Vanity_Fair_1847
the Osbornes,N,0,5,Vanity_Fair_1847
the Osbornes,C,0,5,Vanity_Fair_1847
the Osbornes,I,0,5,Vanity_Fair_1847
the Osbornes,A,0,5,Vanity_Fair_1847
the Osbornes,DC,0,5,Vanity_Fair_1847
the Osbornes,DN,0,5,Vanity_Fair_1847
the Reverend Bute Crawley,N,2,5,Vanity_Fair_1847
the Reverend Bute Crawley,C,0,5,Vanity_Fair_1847
the Reverend Bute Crawley,I,0,5,Vanity_Fair_1847
the Reverend Bute Crawley,A,0,5,Vanity_Fair_1847
the Reverend Bute Crawley,DC,0,5,Vanity_Fair_1847
the Reverend Bute Crawley,DN,1,5,Vanity_Fair_1847
the Ribbons,N,0,5,Vanity_Fair_1847
the Ribbons,C,0,5,Vanity_Fair_1847
the Ribbons,I,0,5,Vanity_Fair_1847
the Ribbons,A,0,5,Vanity_Fair_1847
the Ribbons,DC,0,5,Vanity_Fair_1847
the Ribbons,DN,0,5,Vanity_Fair_1847
the Russians,N,0,5,Vanity_Fair_1847
the Russians,C,0,5,Vanity_Fair_1847
the Russians,I,0,5,Vanity_Fair_1847
the Russians,A,0,5,Vanity_Fair_1847
the Russians,DC,0,5,Vanity_Fair_1847
the Russians,DN,0,5,Vanity_Fair_1847
the Sedleys,N,0,5,Vanity_Fair_1847
the Sedleys,C,0,5,Vanity_Fair_1847
the Sedleys,I,0,5,Vanity_Fair_1847
the Sedleys,A,0,5,Vanity_Fair_1847
the Sedleys,DC,0,5,Vanity_Fair_1847
the Sedleys,DN,0,5,Vanity_Fair_1847
the old Baronet,N,0,5,Vanity_Fair_1847
the old Baronet,C,0,5,Vanity_Fair_1847
the old Baronet,I,0,5,Vanity_Fair_1847
the old Baronet,A,0,5,Vanity_Fair_1847
the old Baronet,DC,0,5,Vanity_Fair_1847
the old Baronet,DN,0,5,Vanity_Fair_1847
the old Chevalier de Talonrouge,N,0,5,Vanity_Fair_1847
the old Chevalier de Talonrouge,C,0,5,Vanity_Fair_1847
the old Chevalier de Talonrouge,I,0,5,Vanity_Fair_1847
the old Chevalier de Talonrouge,A,0,5,Vanity_Fair_1847
the old Chevalier de Talonrouge,DC,0,5,Vanity_Fair_1847
the old Chevalier de Talonrouge,DN,0,5,Vanity_Fair_1847
young Blackball,N,0,5,Vanity_Fair_1847
young Blackball,C,0,5,Vanity_Fair_1847
young Blackball,I,0,5,Vanity_Fair_1847
young Blackball,A,0,5,Vanity_Fair_1847
young Blackball,DC,0,5,Vanity_Fair_1847
young Blackball,DN,0,5,Vanity_Fair_1847
young Lord Dovedale,N,1,5,Vanity_Fair_1847
young Lord Dovedale,C,0,5,Vanity_Fair_1847
young Lord Dovedale,I,0,5,Vanity_Fair_1847
young Lord Dovedale,A,0,5,Vanity_Fair_1847
young Lord Dovedale,DC,0,5,Vanity_Fair_1847
young Lord Dovedale,DN,0,5,Vanity_Fair_1847
Achilles,N,2,6,Vanity_Fair_1847
Achilles,C,0,6,Vanity_Fair_1847
Achilles,I,0,6,Vanity_Fair_1847
Achilles,A,1,6,Vanity_Fair_1847
Achilles,DC,0,6,Vanity_Fair_1847
Achilles,DN,1,6,Vanity_Fair_1847
Aegisthus,N,0,6,Vanity_Fair_1847
Aegisthus,C,0,6,Vanity_Fair_1847
Aegisthus,I,0,6,Vanity_Fair_1847
Aegisthus,A,0,6,Vanity_Fair_1847
Aegisthus,DC,0,6,Vanity_Fair_1847
Aegisthus,DN,0,6,Vanity_Fair_1847
Amelia,N,157,6,Vanity_Fair_1847
Amelia,C,12,6,Vanity_Fair_1847
Amelia,I,44,6,Vanity_Fair_1847
Amelia,A,86,6,Vanity_Fair_1847
Amelia,DC,59,6,Vanity_Fair_1847
Amelia,DN,31,6,Vanity_Fair_1847
Arabella,N,4,6,Vanity_Fair_1847
Arabella,C,3,6,Vanity_Fair_1847
Arabella,I,0,6,Vanity_Fair_1847
Arabella,A,3,6,Vanity_Fair_1847
Arabella,DC,1,6,Vanity_Fair_1847
Arabella,DN,0,6,Vanity_Fair_1847
Barbara,N,0,6,Vanity_Fair_1847
Barbara,C,0,6,Vanity_Fair_1847
Barbara,I,0,6,Vanity_Fair_1847
Barbara,A,0,6,Vanity_Fair_1847
Barbara,DC,0,6,Vanity_Fair_1847
Barbara,DN,0,6,Vanity_Fair_1847
Bart,N,0,6,Vanity_Fair_1847
Bart,C,0,6,Vanity_Fair_1847
Bart,I,0,6,Vanity_Fair_1847
Bart,A,0,6,Vanity_Fair_1847
Bart,DC,0,6,Vanity_Fair_1847
Bart,DN,0,6,Vanity_Fair_1847
Beauty,N,3,6,Vanity_Fair_1847
Beauty,C,0,6,Vanity_Fair_1847
Beauty,I,0,6,Vanity_Fair_1847
Beauty,A,2,6,Vanity_Fair_1847
Beauty,DC,0,6,Vanity_Fair_1847
Beauty,DN,2,6,Vanity_Fair_1847
Becky,N,70,6,Vanity_Fair_1847
Becky,C,23,6,Vanity_Fair_1847
Becky,I,36,6,Vanity_Fair_1847
Becky,A,42,6,Vanity_Fair_1847
Becky,DC,7,6,Vanity_Fair_1847
Becky,DN,16,6,Vanity_Fair_1847
Bedwin,N,0,6,Vanity_Fair_1847
Bedwin,C,0,6,Vanity_Fair_1847
Bedwin,I,0,6,Vanity_Fair_1847
Bedwin,A,0,6,Vanity_Fair_1847
Bedwin,DC,0,6,Vanity_Fair_1847
Bedwin,DN,0,6,Vanity_Fair_1847
Bessy,N,0,6,Vanity_Fair_1847
Bessy,C,0,6,Vanity_Fair_1847
Bessy,I,0,6,Vanity_Fair_1847
Bessy,A,0,6,Vanity_Fair_1847
Bessy,DC,0,6,Vanity_Fair_1847
Bessy,DN,0,6,Vanity_Fair_1847
Betty,N,8,6,Vanity_Fair_1847
Betty,C,2,6,Vanity_Fair_1847
Betty,I,0,6,Vanity_Fair_1847
Betty,A,5,6,Vanity_Fair_1847
Betty,DC,0,6,Vanity_Fair_1847
Betty,DN,1,6,Vanity_Fair_1847
Betty Flanagan,N,0,6,Vanity_Fair_1847
Betty Flanagan,C,0,6,Vanity_Fair_1847
Betty Flanagan,I,0,6,Vanity_Fair_1847
Betty Flanagan,A,0,6,Vanity_Fair_1847
Betty Flanagan,DC,0,6,Vanity_Fair_1847
Betty Flanagan,DN,0,6,Vanity_Fair_1847
Black Sambo,N,3,6,Vanity_Fair_1847
Black Sambo,C,0,6,Vanity_Fair_1847
Black Sambo,I,1,6,Vanity_Fair_1847
Black Sambo,A,0,6,Vanity_Fair_1847
Black Sambo,DC,1,6,Vanity_Fair_1847
Black Sambo,DN,0,6,Vanity_Fair_1847
Boggley Wollah,N,2,6,Vanity_Fair_1847
Boggley Wollah,C,0,6,Vanity_Fair_1847
Boggley Wollah,I,0,6,Vanity_Fair_1847
Boggley Wollah,A,0,6,Vanity_Fair_1847
Boggley Wollah,DC,0,6,Vanity_Fair_1847
Boggley Wollah,DN,0,6,Vanity_Fair_1847
Boney,N,3,6,Vanity_Fair_1847
Boney,C,0,6,Vanity_Fair_1847
Boney,I,1,6,Vanity_Fair_1847
Boney,A,0,6,Vanity_Fair_1847
Boney,DC,3,6,Vanity_Fair_1847
Boney,DN,0,6,Vanity_Fair_1847
Briefless,N,5,6,Vanity_Fair_1847
Briefless,C,0,6,Vanity_Fair_1847
Briefless,I,0,6,Vanity_Fair_1847
Briefless,A,1,6,Vanity_Fair_1847
Briefless,DC,2,6,Vanity_Fair_1847
Briefless,DN,0,6,Vanity_Fair_1847
Briggs,N,85,6,Vanity_Fair_1847
Briggs,C,23,6,Vanity_Fair_1847
Briggs,I,17,6,Vanity_Fair_1847
Briggs,A,28,6,Vanity_Fair_1847
Briggs,DC,11,6,Vanity_Fair_1847
Briggs,DN,8,6,Vanity_Fair_1847
Britons,N,0,6,Vanity_Fair_1847
Britons,C,0,6,Vanity_Fair_1847
Britons,I,0,6,Vanity_Fair_1847
Britons,A,0,6,Vanity_Fair_1847
Britons,DC,0,6,Vanity_Fair_1847
Britons,DN,0,6,Vanity_Fair_1847
Bullfinch,N,0,6,Vanity_Fair_1847
Bullfinch,C,0,6,Vanity_Fair_1847
Bullfinch,I,0,6,Vanity_Fair_1847
Bullfinch,A,0,6,Vanity_Fair_1847
Bullfinch,DC,0,6,Vanity_Fair_1847
Bullfinch,DN,0,6,Vanity_Fair_1847
Bute Crawleys,N,0,6,Vanity_Fair_1847
Bute Crawleys,C,0,6,Vanity_Fair_1847
Bute Crawleys,I,0,6,Vanity_Fair_1847
Bute Crawleys,A,0,6,Vanity_Fair_1847
Bute Crawleys,DC,0,6,Vanity_Fair_1847
Bute Crawleys,DN,0,6,Vanity_Fair_1847
Buty,N,0,6,Vanity_Fair_1847
Buty,C,0,6,Vanity_Fair_1847
Buty,I,0,6,Vanity_Fair_1847
Buty,A,0,6,Vanity_Fair_1847
Buty,DC,0,6,Vanity_Fair_1847
Buty,DN,0,6,Vanity_Fair_1847
Cackle,N,3,6,Vanity_Fair_1847
Cackle,C,0,6,Vanity_Fair_1847
Cackle,I,0,6,Vanity_Fair_1847
Cackle,A,0,6,Vanity_Fair_1847
Cackle,DC,2,6,Vanity_Fair_1847
Cackle,DN,1,6,Vanity_Fair_1847
Caliban,N,0,6,Vanity_Fair_1847
Caliban,C,0,6,Vanity_Fair_1847
Caliban,I,0,6,Vanity_Fair_1847
Caliban,A,0,6,Vanity_Fair_1847
Caliban,DC,0,6,Vanity_Fair_1847
Caliban,DN,0,6,Vanity_Fair_1847
Captain Bragg,N,0,6,Vanity_Fair_1847
Captain Bragg,C,0,6,Vanity_Fair_1847
Captain Bragg,I,0,6,Vanity_Fair_1847
Captain Bragg,A,0,6,Vanity_Fair_1847
Captain Bragg,DC,0,6,Vanity_Fair_1847
Captain Bragg,DN,0,6,Vanity_Fair_1847
Captain Dobbin Proceeds,N,0,6,Vanity_Fair_1847
Captain Dobbin Proceeds,C,0,6,Vanity_Fair_1847
Captain Dobbin Proceeds,I,0,6,Vanity_Fair_1847
Captain Dobbin Proceeds,A,0,6,Vanity_Fair_1847
Captain Dobbin Proceeds,DC,0,6,Vanity_Fair_1847
Captain Dobbin Proceeds,DN,0,6,Vanity_Fair_1847
Captain Macmurdo,N,0,6,Vanity_Fair_1847
Captain Macmurdo,C,0,6,Vanity_Fair_1847
Captain Macmurdo,I,0,6,Vanity_Fair_1847
Captain Macmurdo,A,0,6,Vanity_Fair_1847
Captain Macmurdo,DC,0,6,Vanity_Fair_1847
Captain Macmurdo,DN,0,6,Vanity_Fair_1847
Captain Marker,N,1,6,Vanity_Fair_1847
Captain Marker,C,0,6,Vanity_Fair_1847
Captain Marker,I,0,6,Vanity_Fair_1847
Captain Marker,A,0,6,Vanity_Fair_1847
Captain Marker,DC,0,6,Vanity_Fair_1847
Captain Marker,DN,0,6,Vanity_Fair_1847
Clement William,N,0,6,Vanity_Fair_1847
Clement William,C,0,6,Vanity_Fair_1847
Clement William,I,0,6,Vanity_Fair_1847
Clement William,A,0,6,Vanity_Fair_1847
Clement William,DC,0,6,Vanity_Fair_1847
Clement William,DN,0,6,Vanity_Fair_1847
Clytemnestra,N,0,6,Vanity_Fair_1847
Clytemnestra,C,0,6,Vanity_Fair_1847
Clytemnestra,I,0,6,Vanity_Fair_1847
Clytemnestra,A,0,6,Vanity_Fair_1847
Clytemnestra,DC,0,6,Vanity_Fair_1847
Clytemnestra,DN,0,6,Vanity_Fair_1847
Colonel Dobbin,N,0,6,Vanity_Fair_1847
Colonel Dobbin,C,0,6,Vanity_Fair_1847
Colonel Dobbin,I,0,6,Vanity_Fair_1847
Colonel Dobbin,A,0,6,Vanity_Fair_1847
Colonel Dobbin,DC,0,6,Vanity_Fair_1847
Colonel Dobbin,DN,0,6,Vanity_Fair_1847
Crawleys,N,0,6,Vanity_Fair_1847
Crawleys,C,0,6,Vanity_Fair_1847
Crawleys,I,0,6,Vanity_Fair_1847
Crawleys,A,0,6,Vanity_Fair_1847
Crawleys,DC,0,6,Vanity_Fair_1847
Crawleys,DN,0,6,Vanity_Fair_1847
Cuff,N,0,6,Vanity_Fair_1847
Cuff,C,0,6,Vanity_Fair_1847
Cuff,I,0,6,Vanity_Fair_1847
Cuff,A,0,6,Vanity_Fair_1847
Cuff,DC,0,6,Vanity_Fair_1847
Cuff,DN,0,6,Vanity_Fair_1847
Cupid,N,2,6,Vanity_Fair_1847
Cupid,C,0,6,Vanity_Fair_1847
Cupid,I,0,6,Vanity_Fair_1847
Cupid,A,1,6,Vanity_Fair_1847
Cupid,DC,1,6,Vanity_Fair_1847
Cupid,DN,0,6,Vanity_Fair_1847
"DEAR MAMA,--I",N,0,6,Vanity_Fair_1847
"DEAR MAMA,--I",C,0,6,Vanity_Fair_1847
"DEAR MAMA,--I",I,0,6,Vanity_Fair_1847
"DEAR MAMA,--I",A,0,6,Vanity_Fair_1847
"DEAR MAMA,--I",DC,0,6,Vanity_Fair_1847
"DEAR MAMA,--I",DN,0,6,Vanity_Fair_1847
Dammy,N,1,6,Vanity_Fair_1847
Dammy,C,0,6,Vanity_Fair_1847
Dammy,I,0,6,Vanity_Fair_1847
Dammy,A,0,6,Vanity_Fair_1847
Dammy,DC,3,6,Vanity_Fair_1847
Dammy,DN,0,6,Vanity_Fair_1847
Dear Miss Osborne,N,2,6,Vanity_Fair_1847
Dear Miss Osborne,C,0,6,Vanity_Fair_1847
Dear Miss Osborne,I,0,6,Vanity_Fair_1847
Dear Miss Osborne,A,2,6,Vanity_Fair_1847
Dear Miss Osborne,DC,5,6,Vanity_Fair_1847
Dear Miss Osborne,DN,0,6,Vanity_Fair_1847
Dives,N,6,6,Vanity_Fair_1847
Dives,C,0,6,Vanity_Fair_1847
Dives,I,1,6,Vanity_Fair_1847
Dives,A,2,6,Vanity_Fair_1847
Dives,DC,0,6,Vanity_Fair_1847
Dives,DN,2,6,Vanity_Fair_1847
Dob,N,4,6,Vanity_Fair_1847
Dob,C,0,6,Vanity_Fair_1847
Dob,I,2,6,Vanity_Fair_1847
Dob,A,5,6,Vanity_Fair_1847
Dob,DC,7,6,Vanity_Fair_1847
Dob,DN,0,6,Vanity_Fair_1847
Dobbin,N,187,6,Vanity_Fair_1847
Dobbin,C,95,6,Vanity_Fair_1847
Dobbin,I,85,6,Vanity_Fair_1847
Dobbin,A,130,6,Vanity_Fair_1847
Dobbin,DC,49,6,Vanity_Fair_1847
Dobbin,DN,33,6,Vanity_Fair_1847
Doctor Johnson,N,0,6,Vanity_Fair_1847
Doctor Johnson,C,0,6,Vanity_Fair_1847
Doctor Johnson,I,0,6,Vanity_Fair_1847
Doctor Johnson,A,0,6,Vanity_Fair_1847
Doctor Johnson,DC,0,6,Vanity_Fair_1847
Doctor Johnson,DN,0,6,Vanity_Fair_1847
Doctor von Glauber,N,0,6,Vanity_Fair_1847
Doctor von Glauber,C,0,6,Vanity_Fair_1847
Doctor von Glauber,I,0,6,Vanity_Fair_1847
Doctor von Glauber,A,0,6,Vanity_Fair_1847
Doctor von Glauber,DC,0,6,Vanity_Fair_1847
Doctor von Glauber,DN,0,6,Vanity_Fair_1847
Don Juan,N,1,6,Vanity_Fair_1847
Don Juan,C,0,6,Vanity_Fair_1847
Don Juan,I,0,6,Vanity_Fair_1847
Don Juan,A,0,6,Vanity_Fair_1847
Don Juan,DC,0,6,Vanity_Fair_1847
Don Juan,DN,0,6,Vanity_Fair_1847
Dr. Squills,N,7,6,Vanity_Fair_1847
Dr. Squills,C,6,6,Vanity_Fair_1847
Dr. Squills,I,2,6,Vanity_Fair_1847
Dr. Squills,A,1,6,Vanity_Fair_1847
Dr. Squills,DC,2,6,Vanity_Fair_1847
Dr. Squills,DN,0,6,Vanity_Fair_1847
Dr. Swishtail,N,0,6,Vanity_Fair_1847
Dr. Swishtail,C,0,6,Vanity_Fair_1847
Dr. Swishtail,I,0,6,Vanity_Fair_1847
Dr. Swishtail,A,0,6,Vanity_Fair_1847
Dr. Swishtail,DC,0,6,Vanity_Fair_1847
Dr. Swishtail,DN,0,6,Vanity_Fair_1847
Edward Dale,N,5,6,Vanity_Fair_1847
Edward Dale,C,0,6,Vanity_Fair_1847
Edward Dale,I,1,6,Vanity_Fair_1847
Edward Dale,A,1,6,Vanity_Fair_1847
Edward Dale,DC,1,6,Vanity_Fair_1847
Edward Dale,DN,1,6,Vanity_Fair_1847
Emmy,N,31,6,Vanity_Fair_1847
Emmy,C,6,6,Vanity_Fair_1847
Emmy,I,5,6,Vanity_Fair_1847
Emmy,A,12,6,Vanity_Fair_1847
Emmy,DC,9,6,Vanity_Fair_1847
Emmy,DN,3,6,Vanity_Fair_1847
Ensign Stubble,N,3,6,Vanity_Fair_1847
Ensign Stubble,C,0,6,Vanity_Fair_1847
Ensign Stubble,I,1,6,Vanity_Fair_1847
Ensign Stubble,A,0,6,Vanity_Fair_1847
Ensign Stubble,DC,0,6,Vanity_Fair_1847
Ensign Stubble,DN,0,6,Vanity_Fair_1847
Fanny Magenis,N,0,6,Vanity_Fair_1847
Fanny Magenis,C,0,6,Vanity_Fair_1847
Fanny Magenis,I,0,6,Vanity_Fair_1847
Fanny Magenis,A,0,6,Vanity_Fair_1847
Fanny Magenis,DC,0,6,Vanity_Fair_1847
Fanny Magenis,DN,0,6,Vanity_Fair_1847
Father Mole,N,0,6,Vanity_Fair_1847
Father Mole,C,0,6,Vanity_Fair_1847
Father Mole,I,0,6,Vanity_Fair_1847
Father Mole,A,0,6,Vanity_Fair_1847
Father Mole,DC,0,6,Vanity_Fair_1847
Father Mole,DN,0,6,Vanity_Fair_1847
Fidelio,N,0,6,Vanity_Fair_1847
Fidelio,C,0,6,Vanity_Fair_1847
Fidelio,I,0,6,Vanity_Fair_1847
Fidelio,A,0,6,Vanity_Fair_1847
Fidelio,DC,0,6,Vanity_Fair_1847
Fidelio,DN,0,6,Vanity_Fair_1847
Figs,N,0,6,Vanity_Fair_1847
Figs,C,0,6,Vanity_Fair_1847
Figs,I,0,6,Vanity_Fair_1847
Figs,A,0,6,Vanity_Fair_1847
Figs,DC,0,6,Vanity_Fair_1847
Figs,DN,0,6,Vanity_Fair_1847
Firkin,N,27,6,Vanity_Fair_1847
Firkin,C,5,6,Vanity_Fair_1847
Firkin,I,2,6,Vanity_Fair_1847
Firkin,A,17,6,Vanity_Fair_1847
Firkin,DC,7,6,Vanity_Fair_1847
Firkin,DN,1,6,Vanity_Fair_1847
Fitz - Willis,N,0,6,Vanity_Fair_1847
Fitz - Willis,C,0,6,Vanity_Fair_1847
Fitz - Willis,I,0,6,Vanity_Fair_1847
Fitz - Willis,A,0,6,Vanity_Fair_1847
Fitz - Willis,DC,0,6,Vanity_Fair_1847
Fitz - Willis,DN,0,6,Vanity_Fair_1847
Francis,N,0,6,Vanity_Fair_1847
Francis,C,0,6,Vanity_Fair_1847
Francis,I,0,6,Vanity_Fair_1847
Francis,A,0,6,Vanity_Fair_1847
Francis,DC,0,6,Vanity_Fair_1847
Francis,DN,0,6,Vanity_Fair_1847
Fred,N,9,6,Vanity_Fair_1847
Fred,C,1,6,Vanity_Fair_1847
Fred,I,1,6,Vanity_Fair_1847
Fred,A,2,6,Vanity_Fair_1847
Fred,DC,5,6,Vanity_Fair_1847
Fred,DN,0,6,Vanity_Fair_1847
"Frederick Bullock , Esq .",N,0,6,Vanity_Fair_1847
"Frederick Bullock , Esq .",C,0,6,Vanity_Fair_1847
"Frederick Bullock , Esq .",I,0,6,Vanity_Fair_1847
"Frederick Bullock , Esq .",A,0,6,Vanity_Fair_1847
"Frederick Bullock , Esq .",DC,0,6,Vanity_Fair_1847
"Frederick Bullock , Esq .",DN,0,6,Vanity_Fair_1847
Fritz,N,0,6,Vanity_Fair_1847
Fritz,C,0,6,Vanity_Fair_1847
Fritz,I,0,6,Vanity_Fair_1847
Fritz,A,0,6,Vanity_Fair_1847
Fritz,DC,0,6,Vanity_Fair_1847
Fritz,DN,0,6,Vanity_Fair_1847
Gad,N,5,6,Vanity_Fair_1847
Gad,C,0,6,Vanity_Fair_1847
Gad,I,4,6,Vanity_Fair_1847
Gad,A,2,6,Vanity_Fair_1847
Gad,DC,5,6,Vanity_Fair_1847
Gad,DN,0,6,Vanity_Fair_1847
General Tufto,N,0,6,Vanity_Fair_1847
General Tufto,C,0,6,Vanity_Fair_1847
General Tufto,I,0,6,Vanity_Fair_1847
General Tufto,A,0,6,Vanity_Fair_1847
General Tufto,DC,0,6,Vanity_Fair_1847
General Tufto,DN,0,6,Vanity_Fair_1847
George,N,343,6,Vanity_Fair_1847
George,C,114,6,Vanity_Fair_1847
George,I,92,6,Vanity_Fair_1847
George,A,211,6,Vanity_Fair_1847
George,DC,59,6,Vanity_Fair_1847
George,DN,45,6,Vanity_Fair_1847
Georgy,N,2,6,Vanity_Fair_1847
Georgy,C,0,6,Vanity_Fair_1847
Georgy,I,0,6,Vanity_Fair_1847
Georgy,A,0,6,Vanity_Fair_1847
Georgy,DC,1,6,Vanity_Fair_1847
Georgy,DN,0,6,Vanity_Fair_1847
Glorvina,N,0,6,Vanity_Fair_1847
Glorvina,C,0,6,Vanity_Fair_1847
Glorvina,I,0,6,Vanity_Fair_1847
Glorvina,A,0,6,Vanity_Fair_1847
Glorvina,DC,0,6,Vanity_Fair_1847
Glorvina,DN,0,6,Vanity_Fair_1847
God,N,5,6,Vanity_Fair_1847
God,C,0,6,Vanity_Fair_1847
God,I,0,6,Vanity_Fair_1847
God,A,1,6,Vanity_Fair_1847
God,DC,2,6,Vanity_Fair_1847
God,DN,0,6,Vanity_Fair_1847
Grandpapa,N,0,6,Vanity_Fair_1847
Grandpapa,C,0,6,Vanity_Fair_1847
Grandpapa,I,0,6,Vanity_Fair_1847
Grandpapa,A,0,6,Vanity_Fair_1847
Grandpapa,DC,0,6,Vanity_Fair_1847
Grandpapa,DN,0,6,Vanity_Fair_1847
Gulielmo Dobbin,N,0,6,Vanity_Fair_1847
Gulielmo Dobbin,C,0,6,Vanity_Fair_1847
Gulielmo Dobbin,I,0,6,Vanity_Fair_1847
Gulielmo Dobbin,A,0,6,Vanity_Fair_1847
Gulielmo Dobbin,DC,0,6,Vanity_Fair_1847
Gulielmo Dobbin,DN,0,6,Vanity_Fair_1847
H. E.,N,0,6,Vanity_Fair_1847
H. E.,C,0,6,Vanity_Fair_1847
H. E.,I,0,6,Vanity_Fair_1847
H. E.,A,0,6,Vanity_Fair_1847
H. E.,DC,0,6,Vanity_Fair_1847
H. E.,DN,0,6,Vanity_Fair_1847
Heaven,N,1,6,Vanity_Fair_1847
Heaven,C,0,6,Vanity_Fair_1847
Heaven,I,1,6,Vanity_Fair_1847
Heaven,A,0,6,Vanity_Fair_1847
Heaven,DC,0,6,Vanity_Fair_1847
Heaven,DN,0,6,Vanity_Fair_1847
Heavytop,N,5,6,Vanity_Fair_1847
Heavytop,C,0,6,Vanity_Fair_1847
Heavytop,I,1,6,Vanity_Fair_1847
Heavytop,A,3,6,Vanity_Fair_1847
Heavytop,DC,3,6,Vanity_Fair_1847
Heavytop,DN,0,6,Vanity_Fair_1847
Hester,N,0,6,Vanity_Fair_1847
Hester,C,0,6,Vanity_Fair_1847
Hester,I,0,6,Vanity_Fair_1847
Hester,A,0,6,Vanity_Fair_1847
Hester,DC,0,6,Vanity_Fair_1847
Hester,DN,0,6,Vanity_Fair_1847
Hulker,N,10,6,Vanity_Fair_1847
Hulker,C,0,6,Vanity_Fair_1847
Hulker,I,0,6,Vanity_Fair_1847
Hulker,A,1,6,Vanity_Fair_1847
Hulker,DC,2,6,Vanity_Fair_1847
Hulker,DN,0,6,Vanity_Fair_1847
Isidor,N,0,6,Vanity_Fair_1847
Isidor,C,0,6,Vanity_Fair_1847
Isidor,I,0,6,Vanity_Fair_1847
Isidor,A,0,6,Vanity_Fair_1847
Isidor,DC,0,6,Vanity_Fair_1847
Isidor,DN,0,6,Vanity_Fair_1847
Jack,N,4,6,Vanity_Fair_1847
Jack,C,1,6,Vanity_Fair_1847
Jack,I,0,6,Vanity_Fair_1847
Jack,A,2,6,Vanity_Fair_1847
Jack,DC,0,6,Vanity_Fair_1847
Jack,DN,0,6,Vanity_Fair_1847
James,N,0,6,Vanity_Fair_1847
James,C,0,6,Vanity_Fair_1847
James,I,0,6,Vanity_Fair_1847
James,A,0,6,Vanity_Fair_1847
James,DC,0,6,Vanity_Fair_1847
James,DN,0,6,Vanity_Fair_1847
Jenkins,N,0,6,Vanity_Fair_1847
Jenkins,C,0,6,Vanity_Fair_1847
Jenkins,I,0,6,Vanity_Fair_1847
Jenkins,A,0,6,Vanity_Fair_1847
Jenkins,DC,0,6,Vanity_Fair_1847
Jenkins,DN,0,6,Vanity_Fair_1847
Jim,N,3,6,Vanity_Fair_1847
Jim,C,0,6,Vanity_Fair_1847
Jim,I,0,6,Vanity_Fair_1847
Jim,A,2,6,Vanity_Fair_1847
Jim,DC,3,6,Vanity_Fair_1847
Jim,DN,0,6,Vanity_Fair_1847
John,N,0,6,Vanity_Fair_1847
John,C,0,6,Vanity_Fair_1847
John,I,0,6,Vanity_Fair_1847
John,A,0,6,Vanity_Fair_1847
John,DC,0,6,Vanity_Fair_1847
John,DN,0,6,Vanity_Fair_1847
John Osborne,N,8,6,Vanity_Fair_1847
John Osborne,C,0,6,Vanity_Fair_1847
John Osborne,I,1,6,Vanity_Fair_1847
John Osborne,A,4,6,Vanity_Fair_1847
John Osborne,DC,1,6,Vanity_Fair_1847
John Osborne,DN,0,6,Vanity_Fair_1847
John Sedley,N,31,6,Vanity_Fair_1847
John Sedley,C,2,6,Vanity_Fair_1847
John Sedley,I,8,6,Vanity_Fair_1847
John Sedley,A,18,6,Vanity_Fair_1847
John Sedley,DC,2,6,Vanity_Fair_1847
John Sedley,DN,6,6,Vanity_Fair_1847
John of Gaunt,N,0,6,Vanity_Fair_1847
John of Gaunt,C,0,6,Vanity_Fair_1847
John of Gaunt,I,0,6,Vanity_Fair_1847
John of Gaunt,A,0,6,Vanity_Fair_1847
John of Gaunt,DC,0,6,Vanity_Fair_1847
John of Gaunt,DN,0,6,Vanity_Fair_1847
Jones,N,0,6,Vanity_Fair_1847
Jones,C,0,6,Vanity_Fair_1847
Jones,I,0,6,Vanity_Fair_1847
Jones,A,0,6,Vanity_Fair_1847
Jones,DC,0,6,Vanity_Fair_1847
Jones,DN,0,6,Vanity_Fair_1847
Jos,N,54,6,Vanity_Fair_1847
Jos,C,7,6,Vanity_Fair_1847
Jos,I,5,6,Vanity_Fair_1847
Jos,A,25,6,Vanity_Fair_1847
Jos,DC,18,6,Vanity_Fair_1847
Jos,DN,7,6,Vanity_Fair_1847
Jove,N,16,6,Vanity_Fair_1847
Jove,C,0,6,Vanity_Fair_1847
Jove,I,0,6,Vanity_Fair_1847
Jove,A,0,6,Vanity_Fair_1847
Jove,DC,9,6,Vanity_Fair_1847
Jove,DN,0,6,Vanity_Fair_1847
Kirsch,N,0,6,Vanity_Fair_1847
Kirsch,C,0,6,Vanity_Fair_1847
Kirsch,I,0,6,Vanity_Fair_1847
Kirsch,A,0,6,Vanity_Fair_1847
Kirsch,DC,0,6,Vanity_Fair_1847
Kirsch,DN,0,6,Vanity_Fair_1847
Lady Bareacres,N,0,6,Vanity_Fair_1847
Lady Bareacres,C,0,6,Vanity_Fair_1847
Lady Bareacres,I,0,6,Vanity_Fair_1847
Lady Bareacres,A,0,6,Vanity_Fair_1847
Lady Bareacres,DC,0,6,Vanity_Fair_1847
Lady Bareacres,DN,0,6,Vanity_Fair_1847
Lady Blanche,N,0,6,Vanity_Fair_1847
Lady Blanche,C,0,6,Vanity_Fair_1847
Lady Blanche,I,0,6,Vanity_Fair_1847
Lady Blanche,A,0,6,Vanity_Fair_1847
Lady Blanche,DC,0,6,Vanity_Fair_1847
Lady Blanche,DN,0,6,Vanity_Fair_1847
Lady Crackenbury,N,0,6,Vanity_Fair_1847
Lady Crackenbury,C,0,6,Vanity_Fair_1847
Lady Crackenbury,I,0,6,Vanity_Fair_1847
Lady Crackenbury,A,0,6,Vanity_Fair_1847
Lady Crackenbury,DC,0,6,Vanity_Fair_1847
Lady Crackenbury,DN,0,6,Vanity_Fair_1847
Lady Crawley,N,10,6,Vanity_Fair_1847
Lady Crawley,C,0,6,Vanity_Fair_1847
Lady Crawley,I,0,6,Vanity_Fair_1847
Lady Crawley,A,1,6,Vanity_Fair_1847
Lady Crawley,DC,4,6,Vanity_Fair_1847
Lady Crawley,DN,1,6,Vanity_Fair_1847
Lady Dobbin,N,0,6,Vanity_Fair_1847
Lady Dobbin,C,0,6,Vanity_Fair_1847
Lady Dobbin,I,0,6,Vanity_Fair_1847
Lady Dobbin,A,0,6,Vanity_Fair_1847
Lady Dobbin,DC,0,6,Vanity_Fair_1847
Lady Dobbin,DN,0,6,Vanity_Fair_1847
Lady Fuddleston,N,0,6,Vanity_Fair_1847
Lady Fuddleston,C,0,6,Vanity_Fair_1847
Lady Fuddleston,I,0,6,Vanity_Fair_1847
Lady Fuddleston,A,0,6,Vanity_Fair_1847
Lady Fuddleston,DC,0,6,Vanity_Fair_1847
Lady Fuddleston,DN,0,6,Vanity_Fair_1847
Lady Gaunt,N,0,6,Vanity_Fair_1847
Lady Gaunt,C,0,6,Vanity_Fair_1847
Lady Gaunt,I,0,6,Vanity_Fair_1847
Lady Gaunt,A,0,6,Vanity_Fair_1847
Lady Gaunt,DC,0,6,Vanity_Fair_1847
Lady Gaunt,DN,0,6,Vanity_Fair_1847
Lady Jane,N,1,6,Vanity_Fair_1847
Lady Jane,C,0,6,Vanity_Fair_1847
Lady Jane,I,0,6,Vanity_Fair_1847
Lady Jane,A,0,6,Vanity_Fair_1847
Lady Jane,DC,1,6,Vanity_Fair_1847
Lady Jane,DN,0,6,Vanity_Fair_1847
Lady Macbeth,N,0,6,Vanity_Fair_1847
Lady Macbeth,C,0,6,Vanity_Fair_1847
Lady Macbeth,I,0,6,Vanity_Fair_1847
Lady Macbeth,A,0,6,Vanity_Fair_1847
Lady Macbeth,DC,0,6,Vanity_Fair_1847
Lady Macbeth,DN,0,6,Vanity_Fair_1847
Lady Mary Caerlyon,N,0,6,Vanity_Fair_1847
Lady Mary Caerlyon,C,0,6,Vanity_Fair_1847
Lady Mary Caerlyon,I,0,6,Vanity_Fair_1847
Lady Mary Caerlyon,A,0,6,Vanity_Fair_1847
Lady Mary Caerlyon,DC,0,6,Vanity_Fair_1847
Lady Mary Caerlyon,DN,0,6,Vanity_Fair_1847
Lady O'Dowd,N,0,6,Vanity_Fair_1847
Lady O'Dowd,C,0,6,Vanity_Fair_1847
Lady O'Dowd,I,0,6,Vanity_Fair_1847
Lady O'Dowd,A,0,6,Vanity_Fair_1847
Lady O'Dowd,DC,0,6,Vanity_Fair_1847
Lady O'Dowd,DN,0,6,Vanity_Fair_1847
Lady Partlet,N,0,6,Vanity_Fair_1847
Lady Partlet,C,0,6,Vanity_Fair_1847
Lady Partlet,I,0,6,Vanity_Fair_1847
Lady Partlet,A,0,6,Vanity_Fair_1847
Lady Partlet,DC,0,6,Vanity_Fair_1847
Lady Partlet,DN,0,6,Vanity_Fair_1847
Lady Slingstone,N,0,6,Vanity_Fair_1847
Lady Slingstone,C,0,6,Vanity_Fair_1847
Lady Slingstone,I,0,6,Vanity_Fair_1847
Lady Slingstone,A,0,6,Vanity_Fair_1847
Lady Slingstone,DC,0,6,Vanity_Fair_1847
Lady Slingstone,DN,0,6,Vanity_Fair_1847
Lady Southdown,N,0,6,Vanity_Fair_1847
Lady Southdown,C,0,6,Vanity_Fair_1847
Lady Southdown,I,0,6,Vanity_Fair_1847
Lady Southdown,A,0,6,Vanity_Fair_1847
Lady Southdown,DC,0,6,Vanity_Fair_1847
Lady Southdown,DN,0,6,Vanity_Fair_1847
Lady Squeams,N,0,6,Vanity_Fair_1847
Lady Squeams,C,0,6,Vanity_Fair_1847
Lady Squeams,I,0,6,Vanity_Fair_1847
Lady Squeams,A,0,6,Vanity_Fair_1847
Lady Squeams,DC,0,6,Vanity_Fair_1847
Lady Squeams,DN,0,6,Vanity_Fair_1847
Lady Steyne,N,0,6,Vanity_Fair_1847
Lady Steyne,C,0,6,Vanity_Fair_1847
Lady Steyne,I,0,6,Vanity_Fair_1847
Lady Steyne,A,0,6,Vanity_Fair_1847
Lady Steyne,DC,0,6,Vanity_Fair_1847
Lady Steyne,DN,0,6,Vanity_Fair_1847
Laura Martin,N,3,6,Vanity_Fair_1847
Laura Martin,C,0,6,Vanity_Fair_1847
Laura Martin,I,0,6,Vanity_Fair_1847
Laura Martin,A,2,6,Vanity_Fair_1847
Laura Martin,DC,0,6,Vanity_Fair_1847
Laura Martin,DN,1,6,Vanity_Fair_1847
Lazarus,N,0,6,Vanity_Fair_1847
Lazarus,C,0,6,Vanity_Fair_1847
Lazarus,I,0,6,Vanity_Fair_1847
Lazarus,A,0,6,Vanity_Fair_1847
Lazarus,DC,0,6,Vanity_Fair_1847
Lazarus,DN,0,6,Vanity_Fair_1847
Little Bob Suckling,N,0,6,Vanity_Fair_1847
Little Bob Suckling,C,0,6,Vanity_Fair_1847
Little Bob Suckling,I,0,6,Vanity_Fair_1847
Little Bob Suckling,A,0,6,Vanity_Fair_1847
Little Bob Suckling,DC,0,6,Vanity_Fair_1847
Little Bob Suckling,DN,0,6,Vanity_Fair_1847
Little Rawdon,N,0,6,Vanity_Fair_1847
Little Rawdon,C,0,6,Vanity_Fair_1847
Little Rawdon,I,0,6,Vanity_Fair_1847
Little Rawdon,A,0,6,Vanity_Fair_1847
Little Rawdon,DC,0,6,Vanity_Fair_1847
Little Rawdon,DN,0,6,Vanity_Fair_1847
Loll Jewab,N,0,6,Vanity_Fair_1847
Loll Jewab,C,0,6,Vanity_Fair_1847
Loll Jewab,I,0,6,Vanity_Fair_1847
Loll Jewab,A,0,6,Vanity_Fair_1847
Loll Jewab,DC,0,6,Vanity_Fair_1847
Loll Jewab,DN,0,6,Vanity_Fair_1847
Lord Bareacres,N,0,6,Vanity_Fair_1847
Lord Bareacres,C,0,6,Vanity_Fair_1847
Lord Bareacres,I,0,6,Vanity_Fair_1847
Lord Bareacres,A,0,6,Vanity_Fair_1847
Lord Bareacres,DC,0,6,Vanity_Fair_1847
Lord Bareacres,DN,0,6,Vanity_Fair_1847
Lord Binkie,N,1,6,Vanity_Fair_1847
Lord Binkie,C,0,6,Vanity_Fair_1847
Lord Binkie,I,0,6,Vanity_Fair_1847
Lord Binkie,A,0,6,Vanity_Fair_1847
Lord Binkie,DC,0,6,Vanity_Fair_1847
Lord Binkie,DN,0,6,Vanity_Fair_1847
Lord Gaunt,N,0,6,Vanity_Fair_1847
Lord Gaunt,C,0,6,Vanity_Fair_1847
Lord Gaunt,I,0,6,Vanity_Fair_1847
Lord Gaunt,A,0,6,Vanity_Fair_1847
Lord Gaunt,DC,0,6,Vanity_Fair_1847
Lord Gaunt,DN,0,6,Vanity_Fair_1847
Lord Southdown,N,1,6,Vanity_Fair_1847
Lord Southdown,C,0,6,Vanity_Fair_1847
Lord Southdown,I,0,6,Vanity_Fair_1847
Lord Southdown,A,0,6,Vanity_Fair_1847
Lord Southdown,DC,0,6,Vanity_Fair_1847
Lord Southdown,DN,0,6,Vanity_Fair_1847
Lord Steyne,N,0,6,Vanity_Fair_1847
Lord Steyne,C,0,6,Vanity_Fair_1847
Lord Steyne,I,0,6,Vanity_Fair_1847
Lord Steyne,A,0,6,Vanity_Fair_1847
Lord Steyne,DC,0,6,Vanity_Fair_1847
Lord Steyne,DN,0,6,Vanity_Fair_1847
Lord Steyne's,N,0,6,Vanity_Fair_1847
Lord Steyne's,C,0,6,Vanity_Fair_1847
Lord Steyne's,I,0,6,Vanity_Fair_1847
Lord Steyne's,A,0,6,Vanity_Fair_1847
Lord Steyne's,DC,0,6,Vanity_Fair_1847
Lord Steyne's,DN,0,6,Vanity_Fair_1847
Love,N,3,6,Vanity_Fair_1847
Love,C,0,6,Vanity_Fair_1847
Love,I,1,6,Vanity_Fair_1847
Love,A,2,6,Vanity_Fair_1847
Love,DC,0,6,Vanity_Fair_1847
Love,DN,0,6,Vanity_Fair_1847
Ma tante,N,1,6,Vanity_Fair_1847
Ma tante,C,0,6,Vanity_Fair_1847
Ma tante,I,3,6,Vanity_Fair_1847
Ma tante,A,0,6,Vanity_Fair_1847
Ma tante,DC,0,6,Vanity_Fair_1847
Ma tante,DN,4,6,Vanity_Fair_1847
Ma'am,N,3,6,Vanity_Fair_1847
Ma'am,C,0,6,Vanity_Fair_1847
Ma'am,I,0,6,Vanity_Fair_1847
Ma'am,A,0,6,Vanity_Fair_1847
Ma'am,DC,3,6,Vanity_Fair_1847
Ma'am,DN,0,6,Vanity_Fair_1847
Mac,N,0,6,Vanity_Fair_1847
Mac,C,0,6,Vanity_Fair_1847
Mac,I,0,6,Vanity_Fair_1847
Mac,A,0,6,Vanity_Fair_1847
Mac,DC,0,6,Vanity_Fair_1847
Mac,DN,0,6,Vanity_Fair_1847
Macmurdo,N,0,6,Vanity_Fair_1847
Macmurdo,C,0,6,Vanity_Fair_1847
Macmurdo,I,0,6,Vanity_Fair_1847
Macmurdo,A,0,6,Vanity_Fair_1847
Macmurdo,DC,0,6,Vanity_Fair_1847
Macmurdo,DN,0,6,Vanity_Fair_1847
Madame,N,0,6,Vanity_Fair_1847
Madame,C,0,6,Vanity_Fair_1847
Madame,I,0,6,Vanity_Fair_1847
Madame,A,0,6,Vanity_Fair_1847
Madame,DC,0,6,Vanity_Fair_1847
Madame,DN,0,6,Vanity_Fair_1847
Madame Crawley,N,0,6,Vanity_Fair_1847
Madame Crawley,C,0,6,Vanity_Fair_1847
Madame Crawley,I,0,6,Vanity_Fair_1847
Madame Crawley,A,0,6,Vanity_Fair_1847
Madame Crawley,DC,0,6,Vanity_Fair_1847
Madame Crawley,DN,0,6,Vanity_Fair_1847
Madame Lederlung,N,0,6,Vanity_Fair_1847
Madame Lederlung,C,0,6,Vanity_Fair_1847
Madame Lederlung,I,0,6,Vanity_Fair_1847
Madame Lederlung,A,0,6,Vanity_Fair_1847
Madame Lederlung,DC,0,6,Vanity_Fair_1847
Madame Lederlung,DN,0,6,Vanity_Fair_1847
Madame Strumpff,N,0,6,Vanity_Fair_1847
Madame Strumpff,C,0,6,Vanity_Fair_1847
Madame Strumpff,I,0,6,Vanity_Fair_1847
Madame Strumpff,A,0,6,Vanity_Fair_1847
Madame Strumpff,DC,0,6,Vanity_Fair_1847
Madame Strumpff,DN,0,6,Vanity_Fair_1847
Madame de Belladonna,N,0,6,Vanity_Fair_1847
Madame de Belladonna,C,0,6,Vanity_Fair_1847
Madame de Belladonna,I,0,6,Vanity_Fair_1847
Madame de Belladonna,A,0,6,Vanity_Fair_1847
Madame de Belladonna,DC,0,6,Vanity_Fair_1847
Madame de Belladonna,DN,0,6,Vanity_Fair_1847
Madame de Borodino,N,0,6,Vanity_Fair_1847
Madame de Borodino,C,0,6,Vanity_Fair_1847
Madame de Borodino,I,0,6,Vanity_Fair_1847
Madame de Borodino,A,0,6,Vanity_Fair_1847
Madame de Borodino,DC,0,6,Vanity_Fair_1847
Madame de Borodino,DN,0,6,Vanity_Fair_1847
Mademoiselle Fifine,N,0,6,Vanity_Fair_1847
Mademoiselle Fifine,C,0,6,Vanity_Fair_1847
Mademoiselle Fifine,I,0,6,Vanity_Fair_1847
Mademoiselle Fifine,A,0,6,Vanity_Fair_1847
Mademoiselle Fifine,DC,0,6,Vanity_Fair_1847
Mademoiselle Fifine,DN,0,6,Vanity_Fair_1847
Major Loder,N,0,6,Vanity_Fair_1847
Major Loder,C,0,6,Vanity_Fair_1847
Major Loder,I,0,6,Vanity_Fair_1847
Major Loder,A,0,6,Vanity_Fair_1847
Major Loder,DC,0,6,Vanity_Fair_1847
Major Loder,DN,0,6,Vanity_Fair_1847
Major Sugarplums,N,0,6,Vanity_Fair_1847
Major Sugarplums,C,0,6,Vanity_Fair_1847
Major Sugarplums,I,0,6,Vanity_Fair_1847
Major Sugarplums,A,0,6,Vanity_Fair_1847
Major Sugarplums,DC,0,6,Vanity_Fair_1847
Major Sugarplums,DN,0,6,Vanity_Fair_1847
Mamma,N,2,6,Vanity_Fair_1847
Mamma,C,0,6,Vanity_Fair_1847
Mamma,I,0,6,Vanity_Fair_1847
Mamma,A,1,6,Vanity_Fair_1847
Mamma,DC,0,6,Vanity_Fair_1847
Mamma,DN,0,6,Vanity_Fair_1847
Maria,N,33,6,Vanity_Fair_1847
Maria,C,14,6,Vanity_Fair_1847
Maria,I,6,6,Vanity_Fair_1847
Maria,A,9,6,Vanity_Fair_1847
Maria,DC,7,6,Vanity_Fair_1847
Maria,DN,1,6,Vanity_Fair_1847
Master Alderney,N,0,6,Vanity_Fair_1847
Master Alderney,C,0,6,Vanity_Fair_1847
Master Alderney,I,0,6,Vanity_Fair_1847
Master Alderney,A,0,6,Vanity_Fair_1847
Master Alderney,DC,0,6,Vanity_Fair_1847
Master Alderney,DN,0,6,Vanity_Fair_1847
Matilda,N,4,6,Vanity_Fair_1847
Matilda,C,1,6,Vanity_Fair_1847
Matilda,I,0,6,Vanity_Fair_1847
Matilda,A,0,6,Vanity_Fair_1847
Matilda,DC,2,6,Vanity_Fair_1847
Matilda,DN,0,6,Vanity_Fair_1847
Max,N,0,6,Vanity_Fair_1847
Max,C,0,6,Vanity_Fair_1847
Max,I,0,6,Vanity_Fair_1847
Max,A,0,6,Vanity_Fair_1847
Max,DC,0,6,Vanity_Fair_1847
Max,DN,0,6,Vanity_Fair_1847
Mesrour,N,0,6,Vanity_Fair_1847
Mesrour,C,0,6,Vanity_Fair_1847
Mesrour,I,0,6,Vanity_Fair_1847
Mesrour,A,0,6,Vanity_Fair_1847
Mesrour,DC,0,6,Vanity_Fair_1847
Mesrour,DN,0,6,Vanity_Fair_1847
Messrs. Jones,N,0,6,Vanity_Fair_1847
Messrs. Jones,C,0,6,Vanity_Fair_1847
Messrs. Jones,I,0,6,Vanity_Fair_1847
Messrs. Jones,A,0,6,Vanity_Fair_1847
Messrs. Jones,DC,0,6,Vanity_Fair_1847
Messrs. Jones,DN,0,6,Vanity_Fair_1847
Mick,N,0,6,Vanity_Fair_1847
Mick,C,0,6,Vanity_Fair_1847
Mick,I,0,6,Vanity_Fair_1847
Mick,A,0,6,Vanity_Fair_1847
Mick,DC,0,6,Vanity_Fair_1847
Mick,DN,0,6,Vanity_Fair_1847
Milor,N,0,6,Vanity_Fair_1847
Milor,C,0,6,Vanity_Fair_1847
Milor,I,0,6,Vanity_Fair_1847
Milor,A,0,6,Vanity_Fair_1847
Milor,DC,0,6,Vanity_Fair_1847
Milor,DN,0,6,Vanity_Fair_1847
Minerva,N,0,6,Vanity_Fair_1847
Minerva,C,0,6,Vanity_Fair_1847
Minerva,I,0,6,Vanity_Fair_1847
Minerva,A,0,6,Vanity_Fair_1847
Minerva,DC,0,6,Vanity_Fair_1847
Minerva,DN,0,6,Vanity_Fair_1847
Miss,N,1,6,Vanity_Fair_1847
Miss,C,1,6,Vanity_Fair_1847
Miss,I,4,6,Vanity_Fair_1847
Miss,A,3,6,Vanity_Fair_1847
Miss,DC,0,6,Vanity_Fair_1847
Miss,DN,0,6,Vanity_Fair_1847
Miss Ann,N,8,6,Vanity_Fair_1847
Miss Ann,C,4,6,Vanity_Fair_1847
Miss Ann,I,2,6,Vanity_Fair_1847
Miss Ann,A,3,6,Vanity_Fair_1847
Miss Ann,DC,3,6,Vanity_Fair_1847
Miss Ann,DN,1,6,Vanity_Fair_1847
Miss B.,N,6,6,Vanity_Fair_1847
Miss B.,C,0,6,Vanity_Fair_1847
Miss B.,I,1,6,Vanity_Fair_1847
Miss B.,A,0,6,Vanity_Fair_1847
Miss B.,DC,3,6,Vanity_Fair_1847
Miss B.,DN,0,6,Vanity_Fair_1847
Miss Brown,N,2,6,Vanity_Fair_1847
Miss Brown,C,1,6,Vanity_Fair_1847
Miss Brown,I,0,6,Vanity_Fair_1847
Miss Brown,A,4,6,Vanity_Fair_1847
Miss Brown,DC,1,6,Vanity_Fair_1847
Miss Brown,DN,3,6,Vanity_Fair_1847
Miss Clapp,N,0,6,Vanity_Fair_1847
Miss Clapp,C,0,6,Vanity_Fair_1847
Miss Clapp,I,0,6,Vanity_Fair_1847
Miss Clapp,A,0,6,Vanity_Fair_1847
Miss Clapp,DC,0,6,Vanity_Fair_1847
Miss Clapp,DN,0,6,Vanity_Fair_1847
Miss Crawley,N,125,6,Vanity_Fair_1847
Miss Crawley,C,31,6,Vanity_Fair_1847
Miss Crawley,I,36,6,Vanity_Fair_1847
Miss Crawley,A,49,6,Vanity_Fair_1847
Miss Crawley,DC,34,6,Vanity_Fair_1847
Miss Crawley,DN,13,6,Vanity_Fair_1847
Miss Hawky,N,0,6,Vanity_Fair_1847
Miss Hawky,C,0,6,Vanity_Fair_1847
Miss Hawky,I,0,6,Vanity_Fair_1847
Miss Hawky,A,0,6,Vanity_Fair_1847
Miss Hawky,DC,0,6,Vanity_Fair_1847
Miss Hawky,DN,0,6,Vanity_Fair_1847
Miss Horrocks,N,1,6,Vanity_Fair_1847
Miss Horrocks,C,0,6,Vanity_Fair_1847
Miss Horrocks,I,1,6,Vanity_Fair_1847
Miss Horrocks,A,0,6,Vanity_Fair_1847
Miss Horrocks,DC,0,6,Vanity_Fair_1847
Miss Horrocks,DN,0,6,Vanity_Fair_1847
Miss MacWhirter,N,1,6,Vanity_Fair_1847
Miss MacWhirter,C,0,6,Vanity_Fair_1847
Miss MacWhirter,I,0,6,Vanity_Fair_1847
Miss MacWhirter,A,0,6,Vanity_Fair_1847
Miss MacWhirter,DC,1,6,Vanity_Fair_1847
Miss MacWhirter,DN,0,6,Vanity_Fair_1847
Miss Malony,N,0,6,Vanity_Fair_1847
Miss Malony,C,0,6,Vanity_Fair_1847
Miss Malony,I,0,6,Vanity_Fair_1847
Miss Malony,A,0,6,Vanity_Fair_1847
Miss Malony,DC,0,6,Vanity_Fair_1847
Miss Malony,DN,0,6,Vanity_Fair_1847
Miss Moss,N,0,6,Vanity_Fair_1847
Miss Moss,C,0,6,Vanity_Fair_1847
Miss Moss,I,0,6,Vanity_Fair_1847
Miss Moss,A,0,6,Vanity_Fair_1847
Miss Moss,DC,0,6,Vanity_Fair_1847
Miss Moss,DN,0,6,Vanity_Fair_1847
Miss O.,N,0,6,Vanity_Fair_1847
Miss O.,C,0,6,Vanity_Fair_1847
Miss O.,I,0,6,Vanity_Fair_1847
Miss O.,A,0,6,Vanity_Fair_1847
Miss O.,DC,0,6,Vanity_Fair_1847
Miss O.,DN,0,6,Vanity_Fair_1847
Miss Osborne,N,26,6,Vanity_Fair_1847
Miss Osborne,C,9,6,Vanity_Fair_1847
Miss Osborne,I,7,6,Vanity_Fair_1847
Miss Osborne,A,6,6,Vanity_Fair_1847
Miss Osborne,DC,14,6,Vanity_Fair_1847
Miss Osborne,DN,3,6,Vanity_Fair_1847
Miss Pinkerton,N,7,6,Vanity_Fair_1847
Miss Pinkerton,C,0,6,Vanity_Fair_1847
Miss Pinkerton,I,0,6,Vanity_Fair_1847
Miss Pinkerton,A,2,6,Vanity_Fair_1847
Miss Pinkerton,DC,2,6,Vanity_Fair_1847
Miss Pinkerton,DN,0,6,Vanity_Fair_1847
Miss Polly,N,0,6,Vanity_Fair_1847
Miss Polly,C,0,6,Vanity_Fair_1847
Miss Polly,I,0,6,Vanity_Fair_1847
Miss Polly,A,0,6,Vanity_Fair_1847
Miss Polly,DC,0,6,Vanity_Fair_1847
Miss Polly,DN,0,6,Vanity_Fair_1847
Miss Saltire,N,1,6,Vanity_Fair_1847
Miss Saltire,C,0,6,Vanity_Fair_1847
Miss Saltire,I,0,6,Vanity_Fair_1847
Miss Saltire,A,2,6,Vanity_Fair_1847
Miss Saltire,DC,0,6,Vanity_Fair_1847
Miss Saltire,DN,1,6,Vanity_Fair_1847
Miss Swartz,N,24,6,Vanity_Fair_1847
Miss Swartz,C,6,6,Vanity_Fair_1847
Miss Swartz,I,3,6,Vanity_Fair_1847
Miss Swartz,A,2,6,Vanity_Fair_1847
Miss Swartz,DC,8,6,Vanity_Fair_1847
Miss Swartz,DN,0,6,Vanity_Fair_1847
Miss Toady,N,4,6,Vanity_Fair_1847
Miss Toady,C,2,6,Vanity_Fair_1847
Miss Toady,I,0,6,Vanity_Fair_1847
Miss Toady,A,0,6,Vanity_Fair_1847
Miss Toady,DC,0,6,Vanity_Fair_1847
Miss Toady,DN,0,6,Vanity_Fair_1847
Miss Violet,N,0,6,Vanity_Fair_1847
Miss Violet,C,0,6,Vanity_Fair_1847
Miss Violet,I,0,6,Vanity_Fair_1847
Miss Violet,A,0,6,Vanity_Fair_1847
Miss Violet,DC,0,6,Vanity_Fair_1847
Miss Violet,DN,0,6,Vanity_Fair_1847
Miss Wirt,N,16,6,Vanity_Fair_1847
Miss Wirt,C,3,6,Vanity_Fair_1847
Miss Wirt,I,1,6,Vanity_Fair_1847
Miss Wirt,A,3,6,Vanity_Fair_1847
Miss Wirt,DC,1,6,Vanity_Fair_1847
Miss Wirt,DN,1,6,Vanity_Fair_1847
Molly,N,0,6,Vanity_Fair_1847
Molly,C,0,6,Vanity_Fair_1847
Molly,I,0,6,Vanity_Fair_1847
Molly,A,0,6,Vanity_Fair_1847
Molly,DC,0,6,Vanity_Fair_1847
Molly,DN,0,6,Vanity_Fair_1847
Monseigneur,N,0,6,Vanity_Fair_1847
Monseigneur,C,0,6,Vanity_Fair_1847
Monseigneur,I,0,6,Vanity_Fair_1847
Monseigneur,A,0,6,Vanity_Fair_1847
Monseigneur,DC,0,6,Vanity_Fair_1847
Monseigneur,DN,0,6,Vanity_Fair_1847
Monsieur Fiche,N,0,6,Vanity_Fair_1847
Monsieur Fiche,C,0,6,Vanity_Fair_1847
Monsieur Fiche,I,0,6,Vanity_Fair_1847
Monsieur Fiche,A,0,6,Vanity_Fair_1847
Monsieur Fiche,DC,0,6,Vanity_Fair_1847
Monsieur Fiche,DN,0,6,Vanity_Fair_1847
Mother,N,0,6,Vanity_Fair_1847
Mother,C,0,6,Vanity_Fair_1847
Mother,I,0,6,Vanity_Fair_1847
Mother,A,0,6,Vanity_Fair_1847
Mother,DC,0,6,Vanity_Fair_1847
Mother,DN,0,6,Vanity_Fair_1847
Mr. Binny,N,0,6,Vanity_Fair_1847
Mr. Binny,C,0,6,Vanity_Fair_1847
Mr. Binny,I,0,6,Vanity_Fair_1847
Mr. Binny,A,0,6,Vanity_Fair_1847
Mr. Binny,DC,0,6,Vanity_Fair_1847
Mr. Binny,DN,0,6,Vanity_Fair_1847
Mr. Bowls,N,8,6,Vanity_Fair_1847
Mr. Bowls,C,0,6,Vanity_Fair_1847
Mr. Bowls,I,0,6,Vanity_Fair_1847
Mr. Bowls,A,2,6,Vanity_Fair_1847
Mr. Bowls,DC,1,6,Vanity_Fair_1847
Mr. Bowls,DN,0,6,Vanity_Fair_1847
Mr. Brown,N,0,6,Vanity_Fair_1847
Mr. Brown,C,0,6,Vanity_Fair_1847
Mr. Brown,I,0,6,Vanity_Fair_1847
Mr. Brown,A,0,6,Vanity_Fair_1847
Mr. Brown,DC,0,6,Vanity_Fair_1847
Mr. Brown,DN,0,6,Vanity_Fair_1847
Mr. Bullock,N,15,6,Vanity_Fair_1847
Mr. Bullock,C,2,6,Vanity_Fair_1847
Mr. Bullock,I,6,6,Vanity_Fair_1847
Mr. Bullock,A,10,6,Vanity_Fair_1847
Mr. Bullock,DC,1,6,Vanity_Fair_1847
Mr. Bullock,DN,1,6,Vanity_Fair_1847
Mr. Chopper,N,29,6,Vanity_Fair_1847
Mr. Chopper,C,4,6,Vanity_Fair_1847
Mr. Chopper,I,6,6,Vanity_Fair_1847
Mr. Chopper,A,11,6,Vanity_Fair_1847
Mr. Chopper,DC,6,6,Vanity_Fair_1847
Mr. Chopper,DN,0,6,Vanity_Fair_1847
Mr. Clapp,N,1,6,Vanity_Fair_1847
Mr. Clapp,C,0,6,Vanity_Fair_1847
Mr. Clapp,I,0,6,Vanity_Fair_1847
Mr. Clapp,A,1,6,Vanity_Fair_1847
Mr. Clapp,DC,0,6,Vanity_Fair_1847
Mr. Clapp,DN,0,6,Vanity_Fair_1847
Mr. Clump,N,17,6,Vanity_Fair_1847
Mr. Clump,C,15,6,Vanity_Fair_1847
Mr. Clump,I,2,6,Vanity_Fair_1847
Mr. Clump,A,6,6,Vanity_Fair_1847
Mr. Clump,DC,8,6,Vanity_Fair_1847
Mr. Clump,DN,0,6,Vanity_Fair_1847
Mr. Crawley,N,17,6,Vanity_Fair_1847
Mr. Crawley,C,6,6,Vanity_Fair_1847
Mr. Crawley,I,3,6,Vanity_Fair_1847
Mr. Crawley,A,14,6,Vanity_Fair_1847
Mr. Crawley,DC,4,6,Vanity_Fair_1847
Mr. Crawley,DN,5,6,Vanity_Fair_1847
Mr. Creamer,N,0,6,Vanity_Fair_1847
Mr. Creamer,C,0,6,Vanity_Fair_1847
Mr. Creamer,I,0,6,Vanity_Fair_1847
Mr. Creamer,A,0,6,Vanity_Fair_1847
Mr. Creamer,DC,0,6,Vanity_Fair_1847
Mr. Creamer,DN,0,6,Vanity_Fair_1847
Mr. Crisp,N,0,6,Vanity_Fair_1847
Mr. Crisp,C,0,6,Vanity_Fair_1847
Mr. Crisp,I,0,6,Vanity_Fair_1847
Mr. Crisp,A,0,6,Vanity_Fair_1847
Mr. Crisp,DC,0,6,Vanity_Fair_1847
Mr. Crisp,DN,0,6,Vanity_Fair_1847
Mr. Eagles,N,0,6,Vanity_Fair_1847
Mr. Eagles,C,0,6,Vanity_Fair_1847
Mr. Eagles,I,0,6,Vanity_Fair_1847
Mr. Eagles,A,0,6,Vanity_Fair_1847
Mr. Eagles,DC,0,6,Vanity_Fair_1847
Mr. Eagles,DN,0,6,Vanity_Fair_1847
Mr. Eaves,N,0,6,Vanity_Fair_1847
Mr. Eaves,C,0,6,Vanity_Fair_1847
Mr. Eaves,I,0,6,Vanity_Fair_1847
Mr. Eaves,A,0,6,Vanity_Fair_1847
Mr. Eaves,DC,0,6,Vanity_Fair_1847
Mr. Eaves,DN,0,6,Vanity_Fair_1847
Mr. Fiche,N,0,6,Vanity_Fair_1847
Mr. Fiche,C,0,6,Vanity_Fair_1847
Mr. Fiche,I,0,6,Vanity_Fair_1847
Mr. Fiche,A,0,6,Vanity_Fair_1847
Mr. Fiche,DC,0,6,Vanity_Fair_1847
Mr. Fiche,DN,0,6,Vanity_Fair_1847
Mr. Fox,N,0,6,Vanity_Fair_1847
Mr. Fox,C,0,6,Vanity_Fair_1847
Mr. Fox,I,0,6,Vanity_Fair_1847
Mr. Fox,A,0,6,Vanity_Fair_1847
Mr. Fox,DC,0,6,Vanity_Fair_1847
Mr. Fox,DN,0,6,Vanity_Fair_1847
Mr. Hammerdown,N,6,6,Vanity_Fair_1847
Mr. Hammerdown,C,4,6,Vanity_Fair_1847
Mr. Hammerdown,I,0,6,Vanity_Fair_1847
Mr. Hammerdown,A,3,6,Vanity_Fair_1847
Mr. Hammerdown,DC,0,6,Vanity_Fair_1847
Mr. Hammerdown,DN,0,6,Vanity_Fair_1847
Mr. Higgs,N,3,6,Vanity_Fair_1847
Mr. Higgs,C,0,6,Vanity_Fair_1847
Mr. Higgs,I,0,6,Vanity_Fair_1847
Mr. Higgs,A,2,6,Vanity_Fair_1847
Mr. Higgs,DC,0,6,Vanity_Fair_1847
Mr. Higgs,DN,0,6,Vanity_Fair_1847
Mr. Hodson,N,0,6,Vanity_Fair_1847
Mr. Hodson,C,0,6,Vanity_Fair_1847
Mr. Hodson,I,0,6,Vanity_Fair_1847
Mr. Hodson,A,0,6,Vanity_Fair_1847
Mr. Hodson,DC,0,6,Vanity_Fair_1847
Mr. Hodson,DN,0,6,Vanity_Fair_1847
Mr. Horrocks,N,1,6,Vanity_Fair_1847
Mr. Horrocks,C,0,6,Vanity_Fair_1847
Mr. Horrocks,I,0,6,Vanity_Fair_1847
Mr. Horrocks,A,0,6,Vanity_Fair_1847
Mr. Horrocks,DC,0,6,Vanity_Fair_1847
Mr. Horrocks,DN,0,6,Vanity_Fair_1847
Mr. Humphrey Clinker,N,0,6,Vanity_Fair_1847
Mr. Humphrey Clinker,C,0,6,Vanity_Fair_1847
Mr. Humphrey Clinker,I,0,6,Vanity_Fair_1847
Mr. Humphrey Clinker,A,0,6,Vanity_Fair_1847
Mr. Humphrey Clinker,DC,0,6,Vanity_Fair_1847
Mr. Humphrey Clinker,DN,0,6,Vanity_Fair_1847
Mr. John Thomas Dawson,N,0,6,Vanity_Fair_1847
Mr. John Thomas Dawson,C,0,6,Vanity_Fair_1847
Mr. John Thomas Dawson,I,0,6,Vanity_Fair_1847
Mr. John Thomas Dawson,A,0,6,Vanity_Fair_1847
Mr. John Thomas Dawson,DC,0,6,Vanity_Fair_1847
Mr. John Thomas Dawson,DN,0,6,Vanity_Fair_1847
Mr. Lewis,N,2,6,Vanity_Fair_1847
Mr. Lewis,C,1,6,Vanity_Fair_1847
Mr. Lewis,I,1,6,Vanity_Fair_1847
Mr. Lewis,A,1,6,Vanity_Fair_1847
Mr. Lewis,DC,0,6,Vanity_Fair_1847
Mr. Lewis,DN,0,6,Vanity_Fair_1847
Mr. Moss,N,2,6,Vanity_Fair_1847
Mr. Moss,C,0,6,Vanity_Fair_1847
Mr. Moss,I,0,6,Vanity_Fair_1847
Mr. Moss,A,0,6,Vanity_Fair_1847
Mr. Moss,DC,1,6,Vanity_Fair_1847
Mr. Moss,DN,0,6,Vanity_Fair_1847
Mr. Osborne,N,0,6,Vanity_Fair_1847
Mr. Osborne,C,0,6,Vanity_Fair_1847
Mr. Osborne,I,0,6,Vanity_Fair_1847
Mr. Osborne,A,0,6,Vanity_Fair_1847
Mr. Osborne,DC,0,6,Vanity_Fair_1847
Mr. Osborne,DN,0,6,Vanity_Fair_1847
Mr. Pestler,N,0,6,Vanity_Fair_1847
Mr. Pestler,C,0,6,Vanity_Fair_1847
Mr. Pestler,I,0,6,Vanity_Fair_1847
Mr. Pestler,A,0,6,Vanity_Fair_1847
Mr. Pestler,DC,0,6,Vanity_Fair_1847
Mr. Pestler,DN,0,6,Vanity_Fair_1847
Mr. Poe,N,0,6,Vanity_Fair_1847
Mr. Poe,C,0,6,Vanity_Fair_1847
Mr. Poe,I,0,6,Vanity_Fair_1847
Mr. Poe,A,0,6,Vanity_Fair_1847
Mr. Poe,DC,0,6,Vanity_Fair_1847
Mr. Poe,DN,0,6,Vanity_Fair_1847
Mr. Rowson,N,0,6,Vanity_Fair_1847
Mr. Rowson,C,0,6,Vanity_Fair_1847
Mr. Rowson,I,0,6,Vanity_Fair_1847
Mr. Rowson,A,0,6,Vanity_Fair_1847
Mr. Rowson,DC,0,6,Vanity_Fair_1847
Mr. Rowson,DN,0,6,Vanity_Fair_1847
Mr. S.,N,2,6,Vanity_Fair_1847
Mr. S.,C,0,6,Vanity_Fair_1847
Mr. S.,I,0,6,Vanity_Fair_1847
Mr. S.,A,0,6,Vanity_Fair_1847
Mr. S.,DC,0,6,Vanity_Fair_1847
Mr. S.,DN,0,6,Vanity_Fair_1847
Mr. Smee,N,0,6,Vanity_Fair_1847
Mr. Smee,C,0,6,Vanity_Fair_1847
Mr. Smee,I,0,6,Vanity_Fair_1847
Mr. Smee,A,0,6,Vanity_Fair_1847
Mr. Smee,DC,0,6,Vanity_Fair_1847
Mr. Smee,DN,0,6,Vanity_Fair_1847
Mr. Stubble,N,3,6,Vanity_Fair_1847
Mr. Stubble,C,0,6,Vanity_Fair_1847
Mr. Stubble,I,0,6,Vanity_Fair_1847
Mr. Stubble,A,1,6,Vanity_Fair_1847
Mr. Stubble,DC,0,6,Vanity_Fair_1847
Mr. Stubble,DN,1,6,Vanity_Fair_1847
Mr. Trotter,N,0,6,Vanity_Fair_1847
Mr. Trotter,C,0,6,Vanity_Fair_1847
Mr. Trotter,I,0,6,Vanity_Fair_1847
Mr. Trotter,A,0,6,Vanity_Fair_1847
Mr. Trotter,DC,0,6,Vanity_Fair_1847
Mr. Trotter,DN,0,6,Vanity_Fair_1847
Mr. Veal,N,0,6,Vanity_Fair_1847
Mr. Veal,C,0,6,Vanity_Fair_1847
Mr. Veal,I,0,6,Vanity_Fair_1847
Mr. Veal,A,0,6,Vanity_Fair_1847
Mr. Veal,DC,0,6,Vanity_Fair_1847
Mr. Veal,DN,0,6,Vanity_Fair_1847
Mr. Wagg,N,0,6,Vanity_Fair_1847
Mr. Wagg,C,0,6,Vanity_Fair_1847
Mr. Wagg,I,0,6,Vanity_Fair_1847
Mr. Wagg,A,0,6,Vanity_Fair_1847
Mr. Wagg,DC,0,6,Vanity_Fair_1847
Mr. Wagg,DN,0,6,Vanity_Fair_1847
Mr. Wenham,N,0,6,Vanity_Fair_1847
Mr. Wenham,C,0,6,Vanity_Fair_1847
Mr. Wenham,I,0,6,Vanity_Fair_1847
Mr. Wenham,A,0,6,Vanity_Fair_1847
Mr. Wenham,DC,0,6,Vanity_Fair_1847
Mr. Wenham,DN,0,6,Vanity_Fair_1847
Mr. Wilberforce,N,0,6,Vanity_Fair_1847
Mr. Wilberforce,C,0,6,Vanity_Fair_1847
Mr. Wilberforce,I,0,6,Vanity_Fair_1847
Mr. Wilberforce,A,0,6,Vanity_Fair_1847
Mr. Wilberforce,DC,0,6,Vanity_Fair_1847
Mr. Wilberforce,DN,0,6,Vanity_Fair_1847
Mrs.,N,0,6,Vanity_Fair_1847
Mrs.,C,0,6,Vanity_Fair_1847
Mrs.,I,0,6,Vanity_Fair_1847
Mrs.,A,0,6,Vanity_Fair_1847
Mrs.,DC,0,6,Vanity_Fair_1847
Mrs.,DN,0,6,Vanity_Fair_1847
Mrs. Blenkinsop,N,3,6,Vanity_Fair_1847
Mrs. Blenkinsop,C,0,6,Vanity_Fair_1847
Mrs. Blenkinsop,I,0,6,Vanity_Fair_1847
Mrs. Blenkinsop,A,2,6,Vanity_Fair_1847
Mrs. Blenkinsop,DC,0,6,Vanity_Fair_1847
Mrs. Blenkinsop,DN,1,6,Vanity_Fair_1847
Mrs. Bowls,N,0,6,Vanity_Fair_1847
Mrs. Bowls,C,0,6,Vanity_Fair_1847
Mrs. Bowls,I,0,6,Vanity_Fair_1847
Mrs. Bowls,A,0,6,Vanity_Fair_1847
Mrs. Bowls,DC,0,6,Vanity_Fair_1847
Mrs. Bowls,DN,0,6,Vanity_Fair_1847
Mrs. Brown,N,2,6,Vanity_Fair_1847
Mrs. Brown,C,0,6,Vanity_Fair_1847
Mrs. Brown,I,0,6,Vanity_Fair_1847
Mrs. Brown,A,0,6,Vanity_Fair_1847
Mrs. Brown,DC,0,6,Vanity_Fair_1847
Mrs. Brown,DN,0,6,Vanity_Fair_1847
Mrs. Burjoice,N,0,6,Vanity_Fair_1847
Mrs. Burjoice,C,0,6,Vanity_Fair_1847
Mrs. Burjoice,I,0,6,Vanity_Fair_1847
Mrs. Burjoice,A,0,6,Vanity_Fair_1847
Mrs. Burjoice,DC,0,6,Vanity_Fair_1847
Mrs. Burjoice,DN,0,6,Vanity_Fair_1847
Mrs. Bute,N,74,6,Vanity_Fair_1847
Mrs. Bute,C,29,6,Vanity_Fair_1847
Mrs. Bute,I,31,6,Vanity_Fair_1847
Mrs. Bute,A,45,6,Vanity_Fair_1847
Mrs. Bute,DC,11,6,Vanity_Fair_1847
Mrs. Bute,DN,7,6,Vanity_Fair_1847
Mrs. Captain Osborne,N,0,6,Vanity_Fair_1847
Mrs. Captain Osborne,C,0,6,Vanity_Fair_1847
Mrs. Captain Osborne,I,0,6,Vanity_Fair_1847
Mrs. Captain Osborne,A,0,6,Vanity_Fair_1847
Mrs. Captain Osborne,DC,0,6,Vanity_Fair_1847
Mrs. Captain Osborne,DN,0,6,Vanity_Fair_1847
Mrs. Clapp,N,1,6,Vanity_Fair_1847
Mrs. Clapp,C,0,6,Vanity_Fair_1847
Mrs. Clapp,I,0,6,Vanity_Fair_1847
Mrs. Clapp,A,0,6,Vanity_Fair_1847
Mrs. Clapp,DC,0,6,Vanity_Fair_1847
Mrs. Clapp,DN,0,6,Vanity_Fair_1847
Mrs. Cook,N,0,6,Vanity_Fair_1847
Mrs. Cook,C,0,6,Vanity_Fair_1847
Mrs. Cook,I,0,6,Vanity_Fair_1847
Mrs. Cook,A,0,6,Vanity_Fair_1847
Mrs. Cook,DC,0,6,Vanity_Fair_1847
Mrs. Cook,DN,0,6,Vanity_Fair_1847
Mrs. Dobbin,N,0,6,Vanity_Fair_1847
Mrs. Dobbin,C,0,6,Vanity_Fair_1847
Mrs. Dobbin,I,0,6,Vanity_Fair_1847
Mrs. Dobbin,A,0,6,Vanity_Fair_1847
Mrs. Dobbin,DC,0,6,Vanity_Fair_1847
Mrs. Dobbin,DN,0,6,Vanity_Fair_1847
Mrs. Eagles,N,0,6,Vanity_Fair_1847
Mrs. Eagles,C,0,6,Vanity_Fair_1847
Mrs. Eagles,I,0,6,Vanity_Fair_1847
Mrs. Eagles,A,0,6,Vanity_Fair_1847
Mrs. Eagles,DC,0,6,Vanity_Fair_1847
Mrs. Eagles,DN,0,6,Vanity_Fair_1847
Mrs. Frederick Bullock,N,1,6,Vanity_Fair_1847
Mrs. Frederick Bullock,C,0,6,Vanity_Fair_1847
Mrs. Frederick Bullock,I,0,6,Vanity_Fair_1847
Mrs. Frederick Bullock,A,0,6,Vanity_Fair_1847
Mrs. Frederick Bullock,DC,0,6,Vanity_Fair_1847
Mrs. Frederick Bullock,DN,0,6,Vanity_Fair_1847
Mrs. Glowry,N,0,6,Vanity_Fair_1847
Mrs. Glowry,C,0,6,Vanity_Fair_1847
Mrs. Glowry,I,0,6,Vanity_Fair_1847
Mrs. Glowry,A,0,6,Vanity_Fair_1847
Mrs. Glowry,DC,0,6,Vanity_Fair_1847
Mrs. Glowry,DN,0,6,Vanity_Fair_1847
Mrs. Haggistoun,N,8,6,Vanity_Fair_1847
Mrs. Haggistoun,C,1,6,Vanity_Fair_1847
Mrs. Haggistoun,I,1,6,Vanity_Fair_1847
Mrs. Haggistoun,A,1,6,Vanity_Fair_1847
Mrs. Haggistoun,DC,2,6,Vanity_Fair_1847
Mrs. Haggistoun,DN,0,6,Vanity_Fair_1847
Mrs. Kirk,N,0,6,Vanity_Fair_1847
Mrs. Kirk,C,0,6,Vanity_Fair_1847
Mrs. Kirk,I,0,6,Vanity_Fair_1847
Mrs. Kirk,A,0,6,Vanity_Fair_1847
Mrs. Kirk,DC,0,6,Vanity_Fair_1847
Mrs. Kirk,DN,0,6,Vanity_Fair_1847
Mrs. Magenis,N,0,6,Vanity_Fair_1847
Mrs. Magenis,C,0,6,Vanity_Fair_1847
Mrs. Magenis,I,0,6,Vanity_Fair_1847
Mrs. Magenis,A,0,6,Vanity_Fair_1847
Mrs. Magenis,DC,0,6,Vanity_Fair_1847
Mrs. Magenis,DN,0,6,Vanity_Fair_1847
Mrs. O'Dowd,N,8,6,Vanity_Fair_1847
Mrs. O'Dowd,C,0,6,Vanity_Fair_1847
Mrs. O'Dowd,I,2,6,Vanity_Fair_1847
Mrs. O'Dowd,A,1,6,Vanity_Fair_1847
Mrs. O'Dowd,DC,1,6,Vanity_Fair_1847
Mrs. O'Dowd,DN,0,6,Vanity_Fair_1847
Mrs. O.,N,2,6,Vanity_Fair_1847
Mrs. O.,C,0,6,Vanity_Fair_1847
Mrs. O.,I,0,6,Vanity_Fair_1847
Mrs. O.,A,2,6,Vanity_Fair_1847
Mrs. O.,DC,1,6,Vanity_Fair_1847
Mrs. O.,DN,0,6,Vanity_Fair_1847
Mrs. Pilkington,N,0,6,Vanity_Fair_1847
Mrs. Pilkington,C,0,6,Vanity_Fair_1847
Mrs. Pilkington,I,0,6,Vanity_Fair_1847
Mrs. Pilkington,A,0,6,Vanity_Fair_1847
Mrs. Pilkington,DC,0,6,Vanity_Fair_1847
Mrs. Pilkington,DN,0,6,Vanity_Fair_1847
Mrs. Raggles,N,0,6,Vanity_Fair_1847
Mrs. Raggles,C,0,6,Vanity_Fair_1847
Mrs. Raggles,I,0,6,Vanity_Fair_1847
Mrs. Raggles,A,0,6,Vanity_Fair_1847
Mrs. Raggles,DC,0,6,Vanity_Fair_1847
Mrs. Raggles,DN,0,6,Vanity_Fair_1847
Mrs. Sedley,N,0,6,Vanity_Fair_1847
Mrs. Sedley,C,0,6,Vanity_Fair_1847
Mrs. Sedley,I,0,6,Vanity_Fair_1847
Mrs. Sedley,A,0,6,Vanity_Fair_1847
Mrs. Sedley,DC,0,6,Vanity_Fair_1847
Mrs. Sedley,DN,0,6,Vanity_Fair_1847
Mrs. Stokes,N,1,6,Vanity_Fair_1847
Mrs. Stokes,C,0,6,Vanity_Fair_1847
Mrs. Stokes,I,1,6,Vanity_Fair_1847
Mrs. Stokes,A,2,6,Vanity_Fair_1847
Mrs. Stokes,DC,0,6,Vanity_Fair_1847
Mrs. Stokes,DN,1,6,Vanity_Fair_1847
Mrs. Todd,N,0,6,Vanity_Fair_1847
Mrs. Todd,C,0,6,Vanity_Fair_1847
Mrs. Todd,I,0,6,Vanity_Fair_1847
Mrs. Todd,A,0,6,Vanity_Fair_1847
Mrs. Todd,DC,0,6,Vanity_Fair_1847
Mrs. Todd,DN,0,6,Vanity_Fair_1847
Mrs. Veal,N,0,6,Vanity_Fair_1847
Mrs. Veal,C,0,6,Vanity_Fair_1847
Mrs. Veal,I,0,6,Vanity_Fair_1847
Mrs. Veal,A,0,6,Vanity_Fair_1847
Mrs. Veal,DC,0,6,Vanity_Fair_1847
Mrs. Veal,DN,0,6,Vanity_Fair_1847
Mrs. Washington White,N,2,6,Vanity_Fair_1847
Mrs. Washington White,C,0,6,Vanity_Fair_1847
Mrs. Washington White,I,0,6,Vanity_Fair_1847
Mrs. Washington White,A,1,6,Vanity_Fair_1847
Mrs. Washington White,DC,0,6,Vanity_Fair_1847
Mrs. Washington White,DN,0,6,Vanity_Fair_1847
Mrs. Wenham,N,0,6,Vanity_Fair_1847
Mrs. Wenham,C,0,6,Vanity_Fair_1847
Mrs. Wenham,I,0,6,Vanity_Fair_1847
Mrs. Wenham,A,0,6,Vanity_Fair_1847
Mrs. Wenham,DC,0,6,Vanity_Fair_1847
Mrs. Wenham,DN,0,6,Vanity_Fair_1847
Mrs. Winkworth,N,0,6,Vanity_Fair_1847
Mrs. Winkworth,C,0,6,Vanity_Fair_1847
Mrs. Winkworth,I,0,6,Vanity_Fair_1847
Mrs. Winkworth,A,0,6,Vanity_Fair_1847
Mrs. Winkworth,DC,0,6,Vanity_Fair_1847
Mrs. Winkworth,DN,0,6,Vanity_Fair_1847
Mum,N,0,6,Vanity_Fair_1847
Mum,C,0,6,Vanity_Fair_1847
Mum,I,0,6,Vanity_Fair_1847
Mum,A,0,6,Vanity_Fair_1847
Mum,DC,0,6,Vanity_Fair_1847
Mum,DN,0,6,Vanity_Fair_1847
Napoleon,N,5,6,Vanity_Fair_1847
Napoleon,C,0,6,Vanity_Fair_1847
Napoleon,I,0,6,Vanity_Fair_1847
Napoleon,A,3,6,Vanity_Fair_1847
Napoleon,DC,0,6,Vanity_Fair_1847
Napoleon,DN,0,6,Vanity_Fair_1847
Nathan,N,0,6,Vanity_Fair_1847
Nathan,C,0,6,Vanity_Fair_1847
Nathan,I,0,6,Vanity_Fair_1847
Nathan,A,0,6,Vanity_Fair_1847
Nathan,DC,0,6,Vanity_Fair_1847
Nathan,DN,0,6,Vanity_Fair_1847
Ney,N,0,6,Vanity_Fair_1847
Ney,C,0,6,Vanity_Fair_1847
Ney,I,0,6,Vanity_Fair_1847
Ney,A,0,6,Vanity_Fair_1847
Ney,DC,0,6,Vanity_Fair_1847
Ney,DN,0,6,Vanity_Fair_1847
Old Osborne,N,8,6,Vanity_Fair_1847
Old Osborne,C,1,6,Vanity_Fair_1847
Old Osborne,I,5,6,Vanity_Fair_1847
Old Osborne,A,6,6,Vanity_Fair_1847
Old Osborne,DC,0,6,Vanity_Fair_1847
Old Osborne,DN,3,6,Vanity_Fair_1847
Old Sedley,N,5,6,Vanity_Fair_1847
Old Sedley,C,0,6,Vanity_Fair_1847
Old Sedley,I,0,6,Vanity_Fair_1847
Old Sedley,A,2,6,Vanity_Fair_1847
Old Sedley,DC,1,6,Vanity_Fair_1847
Old Sedley,DN,2,6,Vanity_Fair_1847
Osborne,N,44,6,Vanity_Fair_1847
Osborne,C,15,6,Vanity_Fair_1847
Osborne,I,15,6,Vanity_Fair_1847
Osborne,A,39,6,Vanity_Fair_1847
Osborne,DC,6,6,Vanity_Fair_1847
Osborne,DN,16,6,Vanity_Fair_1847
Pa,N,0,6,Vanity_Fair_1847
Pa,C,0,6,Vanity_Fair_1847
Pa,I,0,6,Vanity_Fair_1847
Pa,A,0,6,Vanity_Fair_1847
Pa,DC,0,6,Vanity_Fair_1847
Pa,DN,0,6,Vanity_Fair_1847
Papa,N,11,6,Vanity_Fair_1847
Papa,C,0,6,Vanity_Fair_1847
Papa,I,2,6,Vanity_Fair_1847
Papa,A,4,6,Vanity_Fair_1847
Papa,DC,3,6,Vanity_Fair_1847
Papa,DN,0,6,Vanity_Fair_1847
Pauline,N,0,6,Vanity_Fair_1847
Pauline,C,0,6,Vanity_Fair_1847
Pauline,I,0,6,Vanity_Fair_1847
Pauline,A,0,6,Vanity_Fair_1847
Pauline,DC,0,6,Vanity_Fair_1847
Pauline,DN,0,6,Vanity_Fair_1847
Payne,N,0,6,Vanity_Fair_1847
Payne,C,0,6,Vanity_Fair_1847
Payne,I,0,6,Vanity_Fair_1847
Payne,A,0,6,Vanity_Fair_1847
Payne,DC,0,6,Vanity_Fair_1847
Payne,DN,0,6,Vanity_Fair_1847
Peggy,N,4,6,Vanity_Fair_1847
Peggy,C,0,6,Vanity_Fair_1847
Peggy,I,0,6,Vanity_Fair_1847
Peggy,A,0,6,Vanity_Fair_1847
Peggy,DC,2,6,Vanity_Fair_1847
Peggy,DN,0,6,Vanity_Fair_1847
Pinner,N,0,6,Vanity_Fair_1847
Pinner,C,0,6,Vanity_Fair_1847
Pinner,I,0,6,Vanity_Fair_1847
Pinner,A,0,6,Vanity_Fair_1847
Pinner,DC,0,6,Vanity_Fair_1847
Pinner,DN,0,6,Vanity_Fair_1847
Pitt,N,1,6,Vanity_Fair_1847
Pitt,C,0,6,Vanity_Fair_1847
Pitt,I,0,6,Vanity_Fair_1847
Pitt,A,0,6,Vanity_Fair_1847
Pitt,DC,0,6,Vanity_Fair_1847
Pitt,DN,0,6,Vanity_Fair_1847
Pitt Binkie,N,0,6,Vanity_Fair_1847
Pitt Binkie,C,0,6,Vanity_Fair_1847
Pitt Binkie,I,0,6,Vanity_Fair_1847
Pitt Binkie,A,0,6,Vanity_Fair_1847
Pitt Binkie,DC,0,6,Vanity_Fair_1847
Pitt Binkie,DN,0,6,Vanity_Fair_1847
Poor Jim,N,0,6,Vanity_Fair_1847
Poor Jim,C,0,6,Vanity_Fair_1847
Poor Jim,I,0,6,Vanity_Fair_1847
Poor Jim,A,0,6,Vanity_Fair_1847
Poor Jim,DC,0,6,Vanity_Fair_1847
Poor Jim,DN,0,6,Vanity_Fair_1847
Queen,N,3,6,Vanity_Fair_1847
Queen,C,0,6,Vanity_Fair_1847
Queen,I,0,6,Vanity_Fair_1847
Queen,A,0,6,Vanity_Fair_1847
Queen,DC,1,6,Vanity_Fair_1847
Queen,DN,0,6,Vanity_Fair_1847
Raggles,N,0,6,Vanity_Fair_1847
Raggles,C,0,6,Vanity_Fair_1847
Raggles,I,0,6,Vanity_Fair_1847
Raggles,A,0,6,Vanity_Fair_1847
Raggles,DC,0,6,Vanity_Fair_1847
Raggles,DN,0,6,Vanity_Fair_1847
Rawdon,N,97,6,Vanity_Fair_1847
Rawdon,C,25,6,Vanity_Fair_1847
Rawdon,I,20,6,Vanity_Fair_1847
Rawdon,A,54,6,Vanity_Fair_1847
Rawdon,DC,21,6,Vanity_Fair_1847
Rawdon,DN,9,6,Vanity_Fair_1847
"Rawdon Crawley , Esquire",N,2,6,Vanity_Fair_1847
"Rawdon Crawley , Esquire",C,2,6,Vanity_Fair_1847
"Rawdon Crawley , Esquire",I,12,6,Vanity_Fair_1847
"Rawdon Crawley , Esquire",A,2,6,Vanity_Fair_1847
"Rawdon Crawley , Esquire",DC,0,6,Vanity_Fair_1847
"Rawdon Crawley , Esquire",DN,0,6,Vanity_Fair_1847
Rebecca,N,143,6,Vanity_Fair_1847
Rebecca,C,40,6,Vanity_Fair_1847
Rebecca,I,33,6,Vanity_Fair_1847
Rebecca,A,90,6,Vanity_Fair_1847
Rebecca,DC,50,6,Vanity_Fair_1847
Rebecca,DN,18,6,Vanity_Fair_1847
Regulus,N,0,6,Vanity_Fair_1847
Regulus,C,0,6,Vanity_Fair_1847
Regulus,I,0,6,Vanity_Fair_1847
Regulus,A,0,6,Vanity_Fair_1847
Regulus,DC,0,6,Vanity_Fair_1847
Regulus,DN,0,6,Vanity_Fair_1847
Rhoda,N,6,6,Vanity_Fair_1847
Rhoda,C,0,6,Vanity_Fair_1847
Rhoda,I,1,6,Vanity_Fair_1847
Rhoda,A,4,6,Vanity_Fair_1847
Rhoda,DC,6,6,Vanity_Fair_1847
Rhoda,DN,1,6,Vanity_Fair_1847
Robinson,N,0,6,Vanity_Fair_1847
Robinson,C,0,6,Vanity_Fair_1847
Robinson,I,0,6,Vanity_Fair_1847
Robinson,A,0,6,Vanity_Fair_1847
Robinson,DC,0,6,Vanity_Fair_1847
Robinson,DN,0,6,Vanity_Fair_1847
Rosa,N,0,6,Vanity_Fair_1847
Rosa,C,0,6,Vanity_Fair_1847
Rosa,I,0,6,Vanity_Fair_1847
Rosa,A,0,6,Vanity_Fair_1847
Rosa,DC,0,6,Vanity_Fair_1847
Rosa,DN,0,6,Vanity_Fair_1847
Rose,N,2,6,Vanity_Fair_1847
Rose,C,0,6,Vanity_Fair_1847
Rose,I,1,6,Vanity_Fair_1847
Rose,A,4,6,Vanity_Fair_1847
Rose,DC,0,6,Vanity_Fair_1847
Rose,DN,1,6,Vanity_Fair_1847
SWEETEST AMELIA,N,0,6,Vanity_Fair_1847
SWEETEST AMELIA,C,0,6,Vanity_Fair_1847
SWEETEST AMELIA,I,0,6,Vanity_Fair_1847
SWEETEST AMELIA,A,0,6,Vanity_Fair_1847
SWEETEST AMELIA,DC,0,6,Vanity_Fair_1847
SWEETEST AMELIA,DN,0,6,Vanity_Fair_1847
Sambo,N,5,6,Vanity_Fair_1847
Sambo,C,0,6,Vanity_Fair_1847
Sambo,I,1,6,Vanity_Fair_1847
Sambo,A,2,6,Vanity_Fair_1847
Sambo,DC,0,6,Vanity_Fair_1847
Sambo,DN,0,6,Vanity_Fair_1847
Simpson,N,0,6,Vanity_Fair_1847
Simpson,C,0,6,Vanity_Fair_1847
Simpson,I,0,6,Vanity_Fair_1847
Simpson,A,0,6,Vanity_Fair_1847
Simpson,DC,0,6,Vanity_Fair_1847
Simpson,DN,0,6,Vanity_Fair_1847
Sir Giles Wapshot,N,0,6,Vanity_Fair_1847
Sir Giles Wapshot,C,0,6,Vanity_Fair_1847
Sir Giles Wapshot,I,0,6,Vanity_Fair_1847
Sir Giles Wapshot,A,0,6,Vanity_Fair_1847
Sir Giles Wapshot,DC,0,6,Vanity_Fair_1847
Sir Giles Wapshot,DN,0,6,Vanity_Fair_1847
Sir Huddleston Fuddleston,N,0,6,Vanity_Fair_1847
Sir Huddleston Fuddleston,C,0,6,Vanity_Fair_1847
Sir Huddleston Fuddleston,I,0,6,Vanity_Fair_1847
Sir Huddleston Fuddleston,A,0,6,Vanity_Fair_1847
Sir Huddleston Fuddleston,DC,0,6,Vanity_Fair_1847
Sir Huddleston Fuddleston,DN,0,6,Vanity_Fair_1847
Sir Huddlestone,N,0,6,Vanity_Fair_1847
Sir Huddlestone,C,0,6,Vanity_Fair_1847
Sir Huddlestone,I,0,6,Vanity_Fair_1847
Sir Huddlestone,A,0,6,Vanity_Fair_1847
Sir Huddlestone,DC,0,6,Vanity_Fair_1847
Sir Huddlestone,DN,0,6,Vanity_Fair_1847
Sir John,N,1,6,Vanity_Fair_1847
Sir John,C,0,6,Vanity_Fair_1847
Sir John,I,0,6,Vanity_Fair_1847
Sir John,A,0,6,Vanity_Fair_1847
Sir John,DC,1,6,Vanity_Fair_1847
Sir John,DN,0,6,Vanity_Fair_1847
Sir Michael O'Dowd,N,0,6,Vanity_Fair_1847
Sir Michael O'Dowd,C,0,6,Vanity_Fair_1847
Sir Michael O'Dowd,I,0,6,Vanity_Fair_1847
Sir Michael O'Dowd,A,0,6,Vanity_Fair_1847
Sir Michael O'Dowd,DC,0,6,Vanity_Fair_1847
Sir Michael O'Dowd,DN,0,6,Vanity_Fair_1847
Sir Pitt,N,58,6,Vanity_Fair_1847
Sir Pitt,C,25,6,Vanity_Fair_1847
Sir Pitt,I,16,6,Vanity_Fair_1847
Sir Pitt,A,29,6,Vanity_Fair_1847
Sir Pitt,DC,27,6,Vanity_Fair_1847
Sir Pitt,DN,6,6,Vanity_Fair_1847
Sir Rawdon,N,0,6,Vanity_Fair_1847
Sir Rawdon,C,0,6,Vanity_Fair_1847
Sir Rawdon,I,0,6,Vanity_Fair_1847
Sir Rawdon,A,0,6,Vanity_Fair_1847
Sir Rawdon,DC,0,6,Vanity_Fair_1847
Sir Rawdon,DN,0,6,Vanity_Fair_1847
Smith,N,0,6,Vanity_Fair_1847
Smith,C,0,6,Vanity_Fair_1847
Smith,I,0,6,Vanity_Fair_1847
Smith,A,0,6,Vanity_Fair_1847
Smith,DC,0,6,Vanity_Fair_1847
Smith,DN,0,6,Vanity_Fair_1847
Smollett,N,2,6,Vanity_Fair_1847
Smollett,C,1,6,Vanity_Fair_1847
Smollett,I,0,6,Vanity_Fair_1847
Smollett,A,0,6,Vanity_Fair_1847
Smollett,DC,0,6,Vanity_Fair_1847
Smollett,DN,0,6,Vanity_Fair_1847
Stubble,N,6,6,Vanity_Fair_1847
Stubble,C,0,6,Vanity_Fair_1847
Stubble,I,1,6,Vanity_Fair_1847
Stubble,A,1,6,Vanity_Fair_1847
Stubble,DC,0,6,Vanity_Fair_1847
Stubble,DN,0,6,Vanity_Fair_1847
Stumpy,N,0,6,Vanity_Fair_1847
Stumpy,C,0,6,Vanity_Fair_1847
Stumpy,I,0,6,Vanity_Fair_1847
Stumpy,A,0,6,Vanity_Fair_1847
Stumpy,DC,0,6,Vanity_Fair_1847
Stumpy,DN,0,6,Vanity_Fair_1847
Tapeworm,N,0,6,Vanity_Fair_1847
Tapeworm,C,0,6,Vanity_Fair_1847
Tapeworm,I,0,6,Vanity_Fair_1847
Tapeworm,A,0,6,Vanity_Fair_1847
Tapeworm,DC,0,6,Vanity_Fair_1847
Tapeworm,DN,0,6,Vanity_Fair_1847
Tapeworm Castle,N,0,6,Vanity_Fair_1847
Tapeworm Castle,C,0,6,Vanity_Fair_1847
Tapeworm Castle,I,0,6,Vanity_Fair_1847
Tapeworm Castle,A,0,6,Vanity_Fair_1847
Tapeworm Castle,DC,0,6,Vanity_Fair_1847
Tapeworm Castle,DN,0,6,Vanity_Fair_1847
The Capting,N,2,6,Vanity_Fair_1847
The Capting,C,0,6,Vanity_Fair_1847
The Capting,I,0,6,Vanity_Fair_1847
The Capting,A,0,6,Vanity_Fair_1847
The Capting,DC,1,6,Vanity_Fair_1847
The Capting,DN,0,6,Vanity_Fair_1847
The Duke of Wellington,N,0,6,Vanity_Fair_1847
The Duke of Wellington,C,0,6,Vanity_Fair_1847
The Duke of Wellington,I,0,6,Vanity_Fair_1847
The Duke of Wellington,A,0,6,Vanity_Fair_1847
The Duke of Wellington,DC,0,6,Vanity_Fair_1847
The Duke of Wellington,DN,0,6,Vanity_Fair_1847
Thriftless,N,0,6,Vanity_Fair_1847
Thriftless,C,0,6,Vanity_Fair_1847
Thriftless,I,0,6,Vanity_Fair_1847
Thriftless,A,0,6,Vanity_Fair_1847
Thriftless,DC,0,6,Vanity_Fair_1847
Thriftless,DN,0,6,Vanity_Fair_1847
Tinker,N,0,6,Vanity_Fair_1847
Tinker,C,0,6,Vanity_Fair_1847
Tinker,I,0,6,Vanity_Fair_1847
Tinker,A,0,6,Vanity_Fair_1847
Tinker,DC,0,6,Vanity_Fair_1847
Tinker,DN,0,6,Vanity_Fair_1847
Tom Eaves,N,0,6,Vanity_Fair_1847
Tom Eaves,C,0,6,Vanity_Fair_1847
Tom Eaves,I,0,6,Vanity_Fair_1847
Tom Eaves,A,0,6,Vanity_Fair_1847
Tom Eaves,DC,0,6,Vanity_Fair_1847
Tom Eaves,DN,0,6,Vanity_Fair_1847
Tom Fool,N,0,6,Vanity_Fair_1847
Tom Fool,C,0,6,Vanity_Fair_1847
Tom Fool,I,0,6,Vanity_Fair_1847
Tom Fool,A,0,6,Vanity_Fair_1847
Tom Fool,DC,0,6,Vanity_Fair_1847
Tom Fool,DN,0,6,Vanity_Fair_1847
Tom Moody,N,0,6,Vanity_Fair_1847
Tom Moody,C,0,6,Vanity_Fair_1847
Tom Moody,I,0,6,Vanity_Fair_1847
Tom Moody,A,0,6,Vanity_Fair_1847
Tom Moody,DC,0,6,Vanity_Fair_1847
Tom Moody,DN,0,6,Vanity_Fair_1847
Trotter,N,1,6,Vanity_Fair_1847
Trotter,C,0,6,Vanity_Fair_1847
Trotter,I,0,6,Vanity_Fair_1847
Trotter,A,0,6,Vanity_Fair_1847
Trotter,DC,0,6,Vanity_Fair_1847
Trotter,DN,0,6,Vanity_Fair_1847
Truffigny,N,0,6,Vanity_Fair_1847
Truffigny,C,0,6,Vanity_Fair_1847
Truffigny,I,0,6,Vanity_Fair_1847
Truffigny,A,0,6,Vanity_Fair_1847
Truffigny,DC,0,6,Vanity_Fair_1847
Truffigny,DN,0,6,Vanity_Fair_1847
Vanity Fair,N,0,6,Vanity_Fair_1847
Vanity Fair,C,0,6,Vanity_Fair_1847
Vanity Fair,I,0,6,Vanity_Fair_1847
Vanity Fair,A,0,6,Vanity_Fair_1847
Vanity Fair,DC,0,6,Vanity_Fair_1847
Vanity Fair,DN,0,6,Vanity_Fair_1847
Victor Aurelius XIV,N,0,6,Vanity_Fair_1847
Victor Aurelius XIV,C,0,6,Vanity_Fair_1847
Victor Aurelius XIV,I,0,6,Vanity_Fair_1847
Victor Aurelius XIV,A,0,6,Vanity_Fair_1847
Victor Aurelius XIV,DC,0,6,Vanity_Fair_1847
Victor Aurelius XIV,DN,0,6,Vanity_Fair_1847
Walpole Crawley,N,0,6,Vanity_Fair_1847
Walpole Crawley,C,0,6,Vanity_Fair_1847
Walpole Crawley,I,0,6,Vanity_Fair_1847
Walpole Crawley,A,0,6,Vanity_Fair_1847
Walpole Crawley,DC,0,6,Vanity_Fair_1847
Walpole Crawley,DN,0,6,Vanity_Fair_1847
Waterloo,N,0,6,Vanity_Fair_1847
Waterloo,C,0,6,Vanity_Fair_1847
Waterloo,I,0,6,Vanity_Fair_1847
Waterloo,A,0,6,Vanity_Fair_1847
Waterloo,DC,0,6,Vanity_Fair_1847
Waterloo,DN,0,6,Vanity_Fair_1847
Waxy,N,0,6,Vanity_Fair_1847
Waxy,C,0,6,Vanity_Fair_1847
Waxy,I,0,6,Vanity_Fair_1847
Waxy,A,0,6,Vanity_Fair_1847
Waxy,DC,0,6,Vanity_Fair_1847
Waxy,DN,0,6,Vanity_Fair_1847
Young Stubble,N,1,6,Vanity_Fair_1847
Young Stubble,C,0,6,Vanity_Fair_1847
Young Stubble,I,0,6,Vanity_Fair_1847
Young Stubble,A,0,6,Vanity_Fair_1847
Young Stubble,DC,0,6,Vanity_Fair_1847
Young Stubble,DN,0,6,Vanity_Fair_1847
Young Tandyman,N,0,6,Vanity_Fair_1847
Young Tandyman,C,0,6,Vanity_Fair_1847
Young Tandyman,I,0,6,Vanity_Fair_1847
Young Tandyman,A,0,6,Vanity_Fair_1847
Young Tandyman,DC,0,6,Vanity_Fair_1847
Young Tandyman,DN,0,6,Vanity_Fair_1847
little Emmy's,N,1,6,Vanity_Fair_1847
little Emmy's,C,0,6,Vanity_Fair_1847
little Emmy's,I,0,6,Vanity_Fair_1847
little Emmy's,A,1,6,Vanity_Fair_1847
little Emmy's,DC,0,6,Vanity_Fair_1847
little Emmy's,DN,0,6,Vanity_Fair_1847
little Fipps,N,0,6,Vanity_Fair_1847
little Fipps,C,0,6,Vanity_Fair_1847
little Fipps,I,0,6,Vanity_Fair_1847
little Fipps,A,0,6,Vanity_Fair_1847
little Fipps,DC,0,6,Vanity_Fair_1847
little Fipps,DN,0,6,Vanity_Fair_1847
old Sergeant Toffy,N,0,6,Vanity_Fair_1847
old Sergeant Toffy,C,0,6,Vanity_Fair_1847
old Sergeant Toffy,I,0,6,Vanity_Fair_1847
old Sergeant Toffy,A,0,6,Vanity_Fair_1847
old Sergeant Toffy,DC,0,6,Vanity_Fair_1847
old Sergeant Toffy,DN,0,6,Vanity_Fair_1847
"poor dear General Glanders , who was dying under the hands of that ignorant man",N,0,6,Vanity_Fair_1847
"poor dear General Glanders , who was dying under the hands of that ignorant man",C,0,6,Vanity_Fair_1847
"poor dear General Glanders , who was dying under the hands of that ignorant man",I,0,6,Vanity_Fair_1847
"poor dear General Glanders , who was dying under the hands of that ignorant man",A,0,6,Vanity_Fair_1847
"poor dear General Glanders , who was dying under the hands of that ignorant man",DC,0,6,Vanity_Fair_1847
"poor dear General Glanders , who was dying under the hands of that ignorant man",DN,0,6,Vanity_Fair_1847
the Crawleys,N,0,6,Vanity_Fair_1847
the Crawleys,C,0,6,Vanity_Fair_1847
the Crawleys,I,0,6,Vanity_Fair_1847
the Crawleys,A,0,6,Vanity_Fair_1847
the Crawleys,DC,0,6,Vanity_Fair_1847
the Crawleys,DN,0,6,Vanity_Fair_1847
the English,N,0,6,Vanity_Fair_1847
the English,C,0,6,Vanity_Fair_1847
the English,I,0,6,Vanity_Fair_1847
the English,A,0,6,Vanity_Fair_1847
the English,DC,0,6,Vanity_Fair_1847
the English,DN,0,6,Vanity_Fair_1847
the French,N,2,6,Vanity_Fair_1847
the French,C,0,6,Vanity_Fair_1847
the French,I,0,6,Vanity_Fair_1847
the French,A,0,6,Vanity_Fair_1847
the French,DC,1,6,Vanity_Fair_1847
the French,DN,0,6,Vanity_Fair_1847
the Grafinn Fanny de Butterbrod,N,0,6,Vanity_Fair_1847
the Grafinn Fanny de Butterbrod,C,0,6,Vanity_Fair_1847
the Grafinn Fanny de Butterbrod,I,0,6,Vanity_Fair_1847
the Grafinn Fanny de Butterbrod,A,0,6,Vanity_Fair_1847
the Grafinn Fanny de Butterbrod,DC,0,6,Vanity_Fair_1847
the Grafinn Fanny de Butterbrod,DN,0,6,Vanity_Fair_1847
the Hammersmith Semiramis,N,0,6,Vanity_Fair_1847
the Hammersmith Semiramis,C,0,6,Vanity_Fair_1847
the Hammersmith Semiramis,I,0,6,Vanity_Fair_1847
the Hammersmith Semiramis,A,0,6,Vanity_Fair_1847
the Hammersmith Semiramis,DC,0,6,Vanity_Fair_1847
the Hammersmith Semiramis,DN,0,6,Vanity_Fair_1847
the Honourable Mrs. Tufto,N,0,6,Vanity_Fair_1847
the Honourable Mrs. Tufto,C,0,6,Vanity_Fair_1847
the Honourable Mrs. Tufto,I,0,6,Vanity_Fair_1847
the Honourable Mrs. Tufto,A,0,6,Vanity_Fair_1847
the Honourable Mrs. Tufto,DC,0,6,Vanity_Fair_1847
the Honourable Mrs. Tufto,DN,0,6,Vanity_Fair_1847
the Kislar Aga,N,0,6,Vanity_Fair_1847
the Kislar Aga,C,0,6,Vanity_Fair_1847
the Kislar Aga,I,0,6,Vanity_Fair_1847
the Kislar Aga,A,0,6,Vanity_Fair_1847
the Kislar Aga,DC,0,6,Vanity_Fair_1847
the Kislar Aga,DN,0,6,Vanity_Fair_1847
the Marquis of Steyne,N,0,6,Vanity_Fair_1847
the Marquis of Steyne,C,0,6,Vanity_Fair_1847
the Marquis of Steyne,I,0,6,Vanity_Fair_1847
the Marquis of Steyne,A,0,6,Vanity_Fair_1847
the Marquis of Steyne,DC,0,6,Vanity_Fair_1847
the Marquis of Steyne,DN,0,6,Vanity_Fair_1847
the Misses Dobbin,N,1,6,Vanity_Fair_1847
the Misses Dobbin,C,2,6,Vanity_Fair_1847
the Misses Dobbin,I,0,6,Vanity_Fair_1847
the Misses Dobbin,A,0,6,Vanity_Fair_1847
the Misses Dobbin,DC,0,6,Vanity_Fair_1847
the Misses Dobbin,DN,0,6,Vanity_Fair_1847
the Misses Osborne,N,10,6,Vanity_Fair_1847
the Misses Osborne,C,3,6,Vanity_Fair_1847
the Misses Osborne,I,3,6,Vanity_Fair_1847
the Misses Osborne,A,1,6,Vanity_Fair_1847
the Misses Osborne,DC,0,6,Vanity_Fair_1847
the Misses Osborne,DN,2,6,Vanity_Fair_1847
the Osbornes,N,3,6,Vanity_Fair_1847
the Osbornes,C,0,6,Vanity_Fair_1847
the Osbornes,I,0,6,Vanity_Fair_1847
the Osbornes,A,1,6,Vanity_Fair_1847
the Osbornes,DC,0,6,Vanity_Fair_1847
the Osbornes,DN,0,6,Vanity_Fair_1847
the Reverend Bute Crawley,N,0,6,Vanity_Fair_1847
the Reverend Bute Crawley,C,0,6,Vanity_Fair_1847
the Reverend Bute Crawley,I,0,6,Vanity_Fair_1847
the Reverend Bute Crawley,A,0,6,Vanity_Fair_1847
the Reverend Bute Crawley,DC,0,6,Vanity_Fair_1847
the Reverend Bute Crawley,DN,0,6,Vanity_Fair_1847
the Ribbons,N,0,6,Vanity_Fair_1847
the Ribbons,C,0,6,Vanity_Fair_1847
the Ribbons,I,0,6,Vanity_Fair_1847
the Ribbons,A,0,6,Vanity_Fair_1847
the Ribbons,DC,0,6,Vanity_Fair_1847
the Ribbons,DN,0,6,Vanity_Fair_1847
the Russians,N,1,6,Vanity_Fair_1847
the Russians,C,0,6,Vanity_Fair_1847
the Russians,I,0,6,Vanity_Fair_1847
the Russians,A,1,6,Vanity_Fair_1847
the Russians,DC,1,6,Vanity_Fair_1847
the Russians,DN,0,6,Vanity_Fair_1847
the Sedleys,N,2,6,Vanity_Fair_1847
the Sedleys,C,0,6,Vanity_Fair_1847
the Sedleys,I,0,6,Vanity_Fair_1847
the Sedleys,A,0,6,Vanity_Fair_1847
the Sedleys,DC,1,6,Vanity_Fair_1847
the Sedleys,DN,0,6,Vanity_Fair_1847
the old Baronet,N,0,6,Vanity_Fair_1847
the old Baronet,C,0,6,Vanity_Fair_1847
the old Baronet,I,0,6,Vanity_Fair_1847
the old Baronet,A,0,6,Vanity_Fair_1847
the old Baronet,DC,0,6,Vanity_Fair_1847
the old Baronet,DN,0,6,Vanity_Fair_1847
the old Chevalier de Talonrouge,N,0,6,Vanity_Fair_1847
the old Chevalier de Talonrouge,C,0,6,Vanity_Fair_1847
the old Chevalier de Talonrouge,I,0,6,Vanity_Fair_1847
the old Chevalier de Talonrouge,A,0,6,Vanity_Fair_1847
the old Chevalier de Talonrouge,DC,0,6,Vanity_Fair_1847
the old Chevalier de Talonrouge,DN,0,6,Vanity_Fair_1847
young Blackball,N,0,6,Vanity_Fair_1847
young Blackball,C,0,6,Vanity_Fair_1847
young Blackball,I,0,6,Vanity_Fair_1847
young Blackball,A,0,6,Vanity_Fair_1847
young Blackball,DC,0,6,Vanity_Fair_1847
young Blackball,DN,0,6,Vanity_Fair_1847
young Lord Dovedale,N,1,6,Vanity_Fair_1847
young Lord Dovedale,C,0,6,Vanity_Fair_1847
young Lord Dovedale,I,1,6,Vanity_Fair_1847
young Lord Dovedale,A,1,6,Vanity_Fair_1847
young Lord Dovedale,DC,0,6,Vanity_Fair_1847
young Lord Dovedale,DN,0,6,Vanity_Fair_1847
Achilles,N,0,7,Vanity_Fair_1847
Achilles,C,0,7,Vanity_Fair_1847
Achilles,I,0,7,Vanity_Fair_1847
Achilles,A,0,7,Vanity_Fair_1847
Achilles,DC,0,7,Vanity_Fair_1847
Achilles,DN,0,7,Vanity_Fair_1847
Aegisthus,N,0,7,Vanity_Fair_1847
Aegisthus,C,0,7,Vanity_Fair_1847
Aegisthus,I,0,7,Vanity_Fair_1847
Aegisthus,A,0,7,Vanity_Fair_1847
Aegisthus,DC,0,7,Vanity_Fair_1847
Aegisthus,DN,0,7,Vanity_Fair_1847
Amelia,N,166,7,Vanity_Fair_1847
Amelia,C,32,7,Vanity_Fair_1847
Amelia,I,46,7,Vanity_Fair_1847
Amelia,A,78,7,Vanity_Fair_1847
Amelia,DC,24,7,Vanity_Fair_1847
Amelia,DN,32,7,Vanity_Fair_1847
Arabella,N,0,7,Vanity_Fair_1847
Arabella,C,0,7,Vanity_Fair_1847
Arabella,I,0,7,Vanity_Fair_1847
Arabella,A,0,7,Vanity_Fair_1847
Arabella,DC,0,7,Vanity_Fair_1847
Arabella,DN,0,7,Vanity_Fair_1847
Barbara,N,4,7,Vanity_Fair_1847
Barbara,C,1,7,Vanity_Fair_1847
Barbara,I,1,7,Vanity_Fair_1847
Barbara,A,0,7,Vanity_Fair_1847
Barbara,DC,0,7,Vanity_Fair_1847
Barbara,DN,0,7,Vanity_Fair_1847
Bart,N,2,7,Vanity_Fair_1847
Bart,C,0,7,Vanity_Fair_1847
Bart,I,0,7,Vanity_Fair_1847
Bart,A,1,7,Vanity_Fair_1847
Bart,DC,0,7,Vanity_Fair_1847
Bart,DN,1,7,Vanity_Fair_1847
Beauty,N,0,7,Vanity_Fair_1847
Beauty,C,0,7,Vanity_Fair_1847
Beauty,I,0,7,Vanity_Fair_1847
Beauty,A,0,7,Vanity_Fair_1847
Beauty,DC,0,7,Vanity_Fair_1847
Beauty,DN,0,7,Vanity_Fair_1847
Becky,N,209,7,Vanity_Fair_1847
Becky,C,101,7,Vanity_Fair_1847
Becky,I,108,7,Vanity_Fair_1847
Becky,A,221,7,Vanity_Fair_1847
Becky,DC,39,7,Vanity_Fair_1847
Becky,DN,33,7,Vanity_Fair_1847
Bedwin,N,0,7,Vanity_Fair_1847
Bedwin,C,0,7,Vanity_Fair_1847
Bedwin,I,0,7,Vanity_Fair_1847
Bedwin,A,0,7,Vanity_Fair_1847
Bedwin,DC,0,7,Vanity_Fair_1847
Bedwin,DN,0,7,Vanity_Fair_1847
Bessy,N,0,7,Vanity_Fair_1847
Bessy,C,0,7,Vanity_Fair_1847
Bessy,I,0,7,Vanity_Fair_1847
Bessy,A,0,7,Vanity_Fair_1847
Bessy,DC,0,7,Vanity_Fair_1847
Bessy,DN,0,7,Vanity_Fair_1847
Betty,N,0,7,Vanity_Fair_1847
Betty,C,0,7,Vanity_Fair_1847
Betty,I,0,7,Vanity_Fair_1847
Betty,A,0,7,Vanity_Fair_1847
Betty,DC,0,7,Vanity_Fair_1847
Betty,DN,0,7,Vanity_Fair_1847
Betty Flanagan,N,3,7,Vanity_Fair_1847
Betty Flanagan,C,0,7,Vanity_Fair_1847
Betty Flanagan,I,0,7,Vanity_Fair_1847
Betty Flanagan,A,0,7,Vanity_Fair_1847
Betty Flanagan,DC,0,7,Vanity_Fair_1847
Betty Flanagan,DN,0,7,Vanity_Fair_1847
Black Sambo,N,1,7,Vanity_Fair_1847
Black Sambo,C,0,7,Vanity_Fair_1847
Black Sambo,I,0,7,Vanity_Fair_1847
Black Sambo,A,0,7,Vanity_Fair_1847
Black Sambo,DC,0,7,Vanity_Fair_1847
Black Sambo,DN,0,7,Vanity_Fair_1847
Boggley Wollah,N,1,7,Vanity_Fair_1847
Boggley Wollah,C,0,7,Vanity_Fair_1847
Boggley Wollah,I,0,7,Vanity_Fair_1847
Boggley Wollah,A,0,7,Vanity_Fair_1847
Boggley Wollah,DC,0,7,Vanity_Fair_1847
Boggley Wollah,DN,0,7,Vanity_Fair_1847
Boney,N,3,7,Vanity_Fair_1847
Boney,C,0,7,Vanity_Fair_1847
Boney,I,0,7,Vanity_Fair_1847
Boney,A,1,7,Vanity_Fair_1847
Boney,DC,3,7,Vanity_Fair_1847
Boney,DN,0,7,Vanity_Fair_1847
Briefless,N,0,7,Vanity_Fair_1847
Briefless,C,0,7,Vanity_Fair_1847
Briefless,I,0,7,Vanity_Fair_1847
Briefless,A,0,7,Vanity_Fair_1847
Briefless,DC,0,7,Vanity_Fair_1847
Briefless,DN,0,7,Vanity_Fair_1847
Briggs,N,64,7,Vanity_Fair_1847
Briggs,C,4,7,Vanity_Fair_1847
Briggs,I,9,7,Vanity_Fair_1847
Briggs,A,28,7,Vanity_Fair_1847
Briggs,DC,17,7,Vanity_Fair_1847
Briggs,DN,6,7,Vanity_Fair_1847
Britons,N,1,7,Vanity_Fair_1847
Britons,C,0,7,Vanity_Fair_1847
Britons,I,1,7,Vanity_Fair_1847
Britons,A,0,7,Vanity_Fair_1847
Britons,DC,0,7,Vanity_Fair_1847
Britons,DN,0,7,Vanity_Fair_1847
Bullfinch,N,2,7,Vanity_Fair_1847
Bullfinch,C,0,7,Vanity_Fair_1847
Bullfinch,I,0,7,Vanity_Fair_1847
Bullfinch,A,3,7,Vanity_Fair_1847
Bullfinch,DC,2,7,Vanity_Fair_1847
Bullfinch,DN,1,7,Vanity_Fair_1847
Bute Crawleys,N,3,7,Vanity_Fair_1847
Bute Crawleys,C,0,7,Vanity_Fair_1847
Bute Crawleys,I,1,7,Vanity_Fair_1847
Bute Crawleys,A,0,7,Vanity_Fair_1847
Bute Crawleys,DC,1,7,Vanity_Fair_1847
Bute Crawleys,DN,0,7,Vanity_Fair_1847
Buty,N,0,7,Vanity_Fair_1847
Buty,C,0,7,Vanity_Fair_1847
Buty,I,0,7,Vanity_Fair_1847
Buty,A,0,7,Vanity_Fair_1847
Buty,DC,0,7,Vanity_Fair_1847
Buty,DN,0,7,Vanity_Fair_1847
Cackle,N,1,7,Vanity_Fair_1847
Cackle,C,0,7,Vanity_Fair_1847
Cackle,I,0,7,Vanity_Fair_1847
Cackle,A,0,7,Vanity_Fair_1847
Cackle,DC,0,7,Vanity_Fair_1847
Cackle,DN,0,7,Vanity_Fair_1847
Caliban,N,0,7,Vanity_Fair_1847
Caliban,C,0,7,Vanity_Fair_1847
Caliban,I,0,7,Vanity_Fair_1847
Caliban,A,0,7,Vanity_Fair_1847
Caliban,DC,0,7,Vanity_Fair_1847
Caliban,DN,0,7,Vanity_Fair_1847
Captain Bragg,N,0,7,Vanity_Fair_1847
Captain Bragg,C,0,7,Vanity_Fair_1847
Captain Bragg,I,0,7,Vanity_Fair_1847
Captain Bragg,A,0,7,Vanity_Fair_1847
Captain Bragg,DC,0,7,Vanity_Fair_1847
Captain Bragg,DN,0,7,Vanity_Fair_1847
Captain Dobbin Proceeds,N,0,7,Vanity_Fair_1847
Captain Dobbin Proceeds,C,0,7,Vanity_Fair_1847
Captain Dobbin Proceeds,I,0,7,Vanity_Fair_1847
Captain Dobbin Proceeds,A,0,7,Vanity_Fair_1847
Captain Dobbin Proceeds,DC,0,7,Vanity_Fair_1847
Captain Dobbin Proceeds,DN,0,7,Vanity_Fair_1847
Captain Macmurdo,N,0,7,Vanity_Fair_1847
Captain Macmurdo,C,0,7,Vanity_Fair_1847
Captain Macmurdo,I,0,7,Vanity_Fair_1847
Captain Macmurdo,A,0,7,Vanity_Fair_1847
Captain Macmurdo,DC,0,7,Vanity_Fair_1847
Captain Macmurdo,DN,0,7,Vanity_Fair_1847
Captain Marker,N,3,7,Vanity_Fair_1847
Captain Marker,C,0,7,Vanity_Fair_1847
Captain Marker,I,0,7,Vanity_Fair_1847
Captain Marker,A,0,7,Vanity_Fair_1847
Captain Marker,DC,1,7,Vanity_Fair_1847
Captain Marker,DN,0,7,Vanity_Fair_1847
Clement William,N,1,7,Vanity_Fair_1847
Clement William,C,0,7,Vanity_Fair_1847
Clement William,I,0,7,Vanity_Fair_1847
Clement William,A,4,7,Vanity_Fair_1847
Clement William,DC,0,7,Vanity_Fair_1847
Clement William,DN,0,7,Vanity_Fair_1847
Clytemnestra,N,0,7,Vanity_Fair_1847
Clytemnestra,C,0,7,Vanity_Fair_1847
Clytemnestra,I,0,7,Vanity_Fair_1847
Clytemnestra,A,0,7,Vanity_Fair_1847
Clytemnestra,DC,0,7,Vanity_Fair_1847
Clytemnestra,DN,0,7,Vanity_Fair_1847
Colonel Dobbin,N,0,7,Vanity_Fair_1847
Colonel Dobbin,C,0,7,Vanity_Fair_1847
Colonel Dobbin,I,0,7,Vanity_Fair_1847
Colonel Dobbin,A,0,7,Vanity_Fair_1847
Colonel Dobbin,DC,0,7,Vanity_Fair_1847
Colonel Dobbin,DN,0,7,Vanity_Fair_1847
Crawleys,N,0,7,Vanity_Fair_1847
Crawleys,C,0,7,Vanity_Fair_1847
Crawleys,I,0,7,Vanity_Fair_1847
Crawleys,A,0,7,Vanity_Fair_1847
Crawleys,DC,0,7,Vanity_Fair_1847
Crawleys,DN,0,7,Vanity_Fair_1847
Cuff,N,0,7,Vanity_Fair_1847
Cuff,C,0,7,Vanity_Fair_1847
Cuff,I,0,7,Vanity_Fair_1847
Cuff,A,0,7,Vanity_Fair_1847
Cuff,DC,0,7,Vanity_Fair_1847
Cuff,DN,0,7,Vanity_Fair_1847
Cupid,N,2,7,Vanity_Fair_1847
Cupid,C,0,7,Vanity_Fair_1847
Cupid,I,0,7,Vanity_Fair_1847
Cupid,A,0,7,Vanity_Fair_1847
Cupid,DC,1,7,Vanity_Fair_1847
Cupid,DN,0,7,Vanity_Fair_1847
"DEAR MAMA,--I",N,0,7,Vanity_Fair_1847
"DEAR MAMA,--I",C,0,7,Vanity_Fair_1847
"DEAR MAMA,--I",I,0,7,Vanity_Fair_1847
"DEAR MAMA,--I",A,0,7,Vanity_Fair_1847
"DEAR MAMA,--I",DC,0,7,Vanity_Fair_1847
"DEAR MAMA,--I",DN,0,7,Vanity_Fair_1847
Dammy,N,1,7,Vanity_Fair_1847
Dammy,C,0,7,Vanity_Fair_1847
Dammy,I,1,7,Vanity_Fair_1847
Dammy,A,0,7,Vanity_Fair_1847
Dammy,DC,1,7,Vanity_Fair_1847
Dammy,DN,0,7,Vanity_Fair_1847
Dear Miss Osborne,N,0,7,Vanity_Fair_1847
Dear Miss Osborne,C,0,7,Vanity_Fair_1847
Dear Miss Osborne,I,0,7,Vanity_Fair_1847
Dear Miss Osborne,A,0,7,Vanity_Fair_1847
Dear Miss Osborne,DC,0,7,Vanity_Fair_1847
Dear Miss Osborne,DN,0,7,Vanity_Fair_1847
Dives,N,0,7,Vanity_Fair_1847
Dives,C,0,7,Vanity_Fair_1847
Dives,I,0,7,Vanity_Fair_1847
Dives,A,0,7,Vanity_Fair_1847
Dives,DC,0,7,Vanity_Fair_1847
Dives,DN,0,7,Vanity_Fair_1847
Dob,N,4,7,Vanity_Fair_1847
Dob,C,0,7,Vanity_Fair_1847
Dob,I,1,7,Vanity_Fair_1847
Dob,A,1,7,Vanity_Fair_1847
Dob,DC,3,7,Vanity_Fair_1847
Dob,DN,0,7,Vanity_Fair_1847
Dobbin,N,96,7,Vanity_Fair_1847
Dobbin,C,30,7,Vanity_Fair_1847
Dobbin,I,34,7,Vanity_Fair_1847
Dobbin,A,73,7,Vanity_Fair_1847
Dobbin,DC,17,7,Vanity_Fair_1847
Dobbin,DN,4,7,Vanity_Fair_1847
Doctor Johnson,N,0,7,Vanity_Fair_1847
Doctor Johnson,C,0,7,Vanity_Fair_1847
Doctor Johnson,I,0,7,Vanity_Fair_1847
Doctor Johnson,A,0,7,Vanity_Fair_1847
Doctor Johnson,DC,0,7,Vanity_Fair_1847
Doctor Johnson,DN,0,7,Vanity_Fair_1847
Doctor von Glauber,N,0,7,Vanity_Fair_1847
Doctor von Glauber,C,0,7,Vanity_Fair_1847
Doctor von Glauber,I,0,7,Vanity_Fair_1847
Doctor von Glauber,A,0,7,Vanity_Fair_1847
Doctor von Glauber,DC,0,7,Vanity_Fair_1847
Doctor von Glauber,DN,0,7,Vanity_Fair_1847
Don Juan,N,3,7,Vanity_Fair_1847
Don Juan,C,0,7,Vanity_Fair_1847
Don Juan,I,0,7,Vanity_Fair_1847
Don Juan,A,1,7,Vanity_Fair_1847
Don Juan,DC,0,7,Vanity_Fair_1847
Don Juan,DN,1,7,Vanity_Fair_1847
Dr. Squills,N,0,7,Vanity_Fair_1847
Dr. Squills,C,0,7,Vanity_Fair_1847
Dr. Squills,I,0,7,Vanity_Fair_1847
Dr. Squills,A,0,7,Vanity_Fair_1847
Dr. Squills,DC,0,7,Vanity_Fair_1847
Dr. Squills,DN,0,7,Vanity_Fair_1847
Dr. Swishtail,N,0,7,Vanity_Fair_1847
Dr. Swishtail,C,0,7,Vanity_Fair_1847
Dr. Swishtail,I,0,7,Vanity_Fair_1847
Dr. Swishtail,A,0,7,Vanity_Fair_1847
Dr. Swishtail,DC,0,7,Vanity_Fair_1847
Dr. Swishtail,DN,0,7,Vanity_Fair_1847
Edward Dale,N,0,7,Vanity_Fair_1847
Edward Dale,C,0,7,Vanity_Fair_1847
Edward Dale,I,0,7,Vanity_Fair_1847
Edward Dale,A,0,7,Vanity_Fair_1847
Edward Dale,DC,0,7,Vanity_Fair_1847
Edward Dale,DN,0,7,Vanity_Fair_1847
Emmy,N,34,7,Vanity_Fair_1847
Emmy,C,10,7,Vanity_Fair_1847
Emmy,I,7,7,Vanity_Fair_1847
Emmy,A,16,7,Vanity_Fair_1847
Emmy,DC,21,7,Vanity_Fair_1847
Emmy,DN,5,7,Vanity_Fair_1847
Ensign Stubble,N,2,7,Vanity_Fair_1847
Ensign Stubble,C,1,7,Vanity_Fair_1847
Ensign Stubble,I,1,7,Vanity_Fair_1847
Ensign Stubble,A,1,7,Vanity_Fair_1847
Ensign Stubble,DC,0,7,Vanity_Fair_1847
Ensign Stubble,DN,1,7,Vanity_Fair_1847
Fanny Magenis,N,1,7,Vanity_Fair_1847
Fanny Magenis,C,0,7,Vanity_Fair_1847
Fanny Magenis,I,0,7,Vanity_Fair_1847
Fanny Magenis,A,1,7,Vanity_Fair_1847
Fanny Magenis,DC,1,7,Vanity_Fair_1847
Fanny Magenis,DN,0,7,Vanity_Fair_1847
Father Mole,N,0,7,Vanity_Fair_1847
Father Mole,C,0,7,Vanity_Fair_1847
Father Mole,I,0,7,Vanity_Fair_1847
Father Mole,A,0,7,Vanity_Fair_1847
Father Mole,DC,0,7,Vanity_Fair_1847
Father Mole,DN,0,7,Vanity_Fair_1847
Fidelio,N,0,7,Vanity_Fair_1847
Fidelio,C,0,7,Vanity_Fair_1847
Fidelio,I,0,7,Vanity_Fair_1847
Fidelio,A,0,7,Vanity_Fair_1847
Fidelio,DC,0,7,Vanity_Fair_1847
Fidelio,DN,0,7,Vanity_Fair_1847
Figs,N,1,7,Vanity_Fair_1847
Figs,C,0,7,Vanity_Fair_1847
Figs,I,0,7,Vanity_Fair_1847
Figs,A,0,7,Vanity_Fair_1847
Figs,DC,0,7,Vanity_Fair_1847
Figs,DN,0,7,Vanity_Fair_1847
Firkin,N,14,7,Vanity_Fair_1847
Firkin,C,3,7,Vanity_Fair_1847
Firkin,I,0,7,Vanity_Fair_1847
Firkin,A,1,7,Vanity_Fair_1847
Firkin,DC,0,7,Vanity_Fair_1847
Firkin,DN,1,7,Vanity_Fair_1847
Fitz - Willis,N,0,7,Vanity_Fair_1847
Fitz - Willis,C,0,7,Vanity_Fair_1847
Fitz - Willis,I,0,7,Vanity_Fair_1847
Fitz - Willis,A,0,7,Vanity_Fair_1847
Fitz - Willis,DC,0,7,Vanity_Fair_1847
Fitz - Willis,DN,0,7,Vanity_Fair_1847
Francis,N,0,7,Vanity_Fair_1847
Francis,C,0,7,Vanity_Fair_1847
Francis,I,0,7,Vanity_Fair_1847
Francis,A,0,7,Vanity_Fair_1847
Francis,DC,0,7,Vanity_Fair_1847
Francis,DN,0,7,Vanity_Fair_1847
Fred,N,2,7,Vanity_Fair_1847
Fred,C,0,7,Vanity_Fair_1847
Fred,I,0,7,Vanity_Fair_1847
Fred,A,1,7,Vanity_Fair_1847
Fred,DC,0,7,Vanity_Fair_1847
Fred,DN,0,7,Vanity_Fair_1847
"Frederick Bullock , Esq .",N,2,7,Vanity_Fair_1847
"Frederick Bullock , Esq .",C,2,7,Vanity_Fair_1847
"Frederick Bullock , Esq .",I,1,7,Vanity_Fair_1847
"Frederick Bullock , Esq .",A,2,7,Vanity_Fair_1847
"Frederick Bullock , Esq .",DC,0,7,Vanity_Fair_1847
"Frederick Bullock , Esq .",DN,0,7,Vanity_Fair_1847
Fritz,N,0,7,Vanity_Fair_1847
Fritz,C,0,7,Vanity_Fair_1847
Fritz,I,0,7,Vanity_Fair_1847
Fritz,A,0,7,Vanity_Fair_1847
Fritz,DC,0,7,Vanity_Fair_1847
Fritz,DN,0,7,Vanity_Fair_1847
Gad,N,3,7,Vanity_Fair_1847
Gad,C,0,7,Vanity_Fair_1847
Gad,I,0,7,Vanity_Fair_1847
Gad,A,0,7,Vanity_Fair_1847
Gad,DC,1,7,Vanity_Fair_1847
Gad,DN,0,7,Vanity_Fair_1847
General Tufto,N,17,7,Vanity_Fair_1847
General Tufto,C,1,7,Vanity_Fair_1847
General Tufto,I,3,7,Vanity_Fair_1847
General Tufto,A,8,7,Vanity_Fair_1847
General Tufto,DC,8,7,Vanity_Fair_1847
General Tufto,DN,2,7,Vanity_Fair_1847
George,N,272,7,Vanity_Fair_1847
George,C,49,7,Vanity_Fair_1847
George,I,48,7,Vanity_Fair_1847
George,A,103,7,Vanity_Fair_1847
George,DC,28,7,Vanity_Fair_1847
George,DN,30,7,Vanity_Fair_1847
Georgy,N,22,7,Vanity_Fair_1847
Georgy,C,2,7,Vanity_Fair_1847
Georgy,I,4,7,Vanity_Fair_1847
Georgy,A,9,7,Vanity_Fair_1847
Georgy,DC,6,7,Vanity_Fair_1847
Georgy,DN,0,7,Vanity_Fair_1847
Glorvina,N,5,7,Vanity_Fair_1847
Glorvina,C,1,7,Vanity_Fair_1847
Glorvina,I,0,7,Vanity_Fair_1847
Glorvina,A,0,7,Vanity_Fair_1847
Glorvina,DC,1,7,Vanity_Fair_1847
Glorvina,DN,2,7,Vanity_Fair_1847
God,N,16,7,Vanity_Fair_1847
God,C,0,7,Vanity_Fair_1847
God,I,1,7,Vanity_Fair_1847
God,A,3,7,Vanity_Fair_1847
God,DC,4,7,Vanity_Fair_1847
God,DN,0,7,Vanity_Fair_1847
Grandpapa,N,0,7,Vanity_Fair_1847
Grandpapa,C,0,7,Vanity_Fair_1847
Grandpapa,I,0,7,Vanity_Fair_1847
Grandpapa,A,0,7,Vanity_Fair_1847
Grandpapa,DC,0,7,Vanity_Fair_1847
Grandpapa,DN,0,7,Vanity_Fair_1847
Gulielmo Dobbin,N,0,7,Vanity_Fair_1847
Gulielmo Dobbin,C,0,7,Vanity_Fair_1847
Gulielmo Dobbin,I,0,7,Vanity_Fair_1847
Gulielmo Dobbin,A,0,7,Vanity_Fair_1847
Gulielmo Dobbin,DC,0,7,Vanity_Fair_1847
Gulielmo Dobbin,DN,0,7,Vanity_Fair_1847
H. E.,N,0,7,Vanity_Fair_1847
H. E.,C,0,7,Vanity_Fair_1847
H. E.,I,0,7,Vanity_Fair_1847
H. E.,A,0,7,Vanity_Fair_1847
H. E.,DC,0,7,Vanity_Fair_1847
H. E.,DN,0,7,Vanity_Fair_1847
Heaven,N,1,7,Vanity_Fair_1847
Heaven,C,0,7,Vanity_Fair_1847
Heaven,I,0,7,Vanity_Fair_1847
Heaven,A,0,7,Vanity_Fair_1847
Heaven,DC,0,7,Vanity_Fair_1847
Heaven,DN,0,7,Vanity_Fair_1847
Heavytop,N,0,7,Vanity_Fair_1847
Heavytop,C,0,7,Vanity_Fair_1847
Heavytop,I,0,7,Vanity_Fair_1847
Heavytop,A,0,7,Vanity_Fair_1847
Heavytop,DC,0,7,Vanity_Fair_1847
Heavytop,DN,0,7,Vanity_Fair_1847
Hester,N,0,7,Vanity_Fair_1847
Hester,C,0,7,Vanity_Fair_1847
Hester,I,0,7,Vanity_Fair_1847
Hester,A,0,7,Vanity_Fair_1847
Hester,DC,0,7,Vanity_Fair_1847
Hester,DN,0,7,Vanity_Fair_1847
Hulker,N,1,7,Vanity_Fair_1847
Hulker,C,0,7,Vanity_Fair_1847
Hulker,I,0,7,Vanity_Fair_1847
Hulker,A,0,7,Vanity_Fair_1847
Hulker,DC,0,7,Vanity_Fair_1847
Hulker,DN,0,7,Vanity_Fair_1847
Isidor,N,32,7,Vanity_Fair_1847
Isidor,C,11,7,Vanity_Fair_1847
Isidor,I,8,7,Vanity_Fair_1847
Isidor,A,22,7,Vanity_Fair_1847
Isidor,DC,8,7,Vanity_Fair_1847
Isidor,DN,2,7,Vanity_Fair_1847
Jack,N,2,7,Vanity_Fair_1847
Jack,C,0,7,Vanity_Fair_1847
Jack,I,0,7,Vanity_Fair_1847
Jack,A,1,7,Vanity_Fair_1847
Jack,DC,0,7,Vanity_Fair_1847
Jack,DN,0,7,Vanity_Fair_1847
James,N,48,7,Vanity_Fair_1847
James,C,24,7,Vanity_Fair_1847
James,I,20,7,Vanity_Fair_1847
James,A,43,7,Vanity_Fair_1847
James,DC,5,7,Vanity_Fair_1847
James,DN,6,7,Vanity_Fair_1847
Jenkins,N,2,7,Vanity_Fair_1847
Jenkins,C,0,7,Vanity_Fair_1847
Jenkins,I,0,7,Vanity_Fair_1847
Jenkins,A,5,7,Vanity_Fair_1847
Jenkins,DC,0,7,Vanity_Fair_1847
Jenkins,DN,1,7,Vanity_Fair_1847
Jim,N,0,7,Vanity_Fair_1847
Jim,C,0,7,Vanity_Fair_1847
Jim,I,0,7,Vanity_Fair_1847
Jim,A,0,7,Vanity_Fair_1847
Jim,DC,0,7,Vanity_Fair_1847
Jim,DN,0,7,Vanity_Fair_1847
John,N,0,7,Vanity_Fair_1847
John,C,0,7,Vanity_Fair_1847
John,I,0,7,Vanity_Fair_1847
John,A,0,7,Vanity_Fair_1847
John,DC,0,7,Vanity_Fair_1847
John,DN,0,7,Vanity_Fair_1847
John Osborne,N,0,7,Vanity_Fair_1847
John Osborne,C,0,7,Vanity_Fair_1847
John Osborne,I,0,7,Vanity_Fair_1847
John Osborne,A,0,7,Vanity_Fair_1847
John Osborne,DC,0,7,Vanity_Fair_1847
John Osborne,DN,0,7,Vanity_Fair_1847
John Sedley,N,1,7,Vanity_Fair_1847
John Sedley,C,0,7,Vanity_Fair_1847
John Sedley,I,1,7,Vanity_Fair_1847
John Sedley,A,0,7,Vanity_Fair_1847
John Sedley,DC,0,7,Vanity_Fair_1847
John Sedley,DN,0,7,Vanity_Fair_1847
John of Gaunt,N,0,7,Vanity_Fair_1847
John of Gaunt,C,0,7,Vanity_Fair_1847
John of Gaunt,I,0,7,Vanity_Fair_1847
John of Gaunt,A,0,7,Vanity_Fair_1847
John of Gaunt,DC,0,7,Vanity_Fair_1847
John of Gaunt,DN,0,7,Vanity_Fair_1847
Jones,N,0,7,Vanity_Fair_1847
Jones,C,0,7,Vanity_Fair_1847
Jones,I,0,7,Vanity_Fair_1847
Jones,A,0,7,Vanity_Fair_1847
Jones,DC,0,7,Vanity_Fair_1847
Jones,DN,0,7,Vanity_Fair_1847
Jos,N,190,7,Vanity_Fair_1847
Jos,C,79,7,Vanity_Fair_1847
Jos,I,82,7,Vanity_Fair_1847
Jos,A,143,7,Vanity_Fair_1847
Jos,DC,27,7,Vanity_Fair_1847
Jos,DN,25,7,Vanity_Fair_1847
Jove,N,6,7,Vanity_Fair_1847
Jove,C,0,7,Vanity_Fair_1847
Jove,I,0,7,Vanity_Fair_1847
Jove,A,1,7,Vanity_Fair_1847
Jove,DC,3,7,Vanity_Fair_1847
Jove,DN,1,7,Vanity_Fair_1847
Kirsch,N,0,7,Vanity_Fair_1847
Kirsch,C,0,7,Vanity_Fair_1847
Kirsch,I,0,7,Vanity_Fair_1847
Kirsch,A,0,7,Vanity_Fair_1847
Kirsch,DC,0,7,Vanity_Fair_1847
Kirsch,DN,0,7,Vanity_Fair_1847
Lady Bareacres,N,12,7,Vanity_Fair_1847
Lady Bareacres,C,2,7,Vanity_Fair_1847
Lady Bareacres,I,1,7,Vanity_Fair_1847
Lady Bareacres,A,9,7,Vanity_Fair_1847
Lady Bareacres,DC,1,7,Vanity_Fair_1847
Lady Bareacres,DN,0,7,Vanity_Fair_1847
Lady Blanche,N,6,7,Vanity_Fair_1847
Lady Blanche,C,2,7,Vanity_Fair_1847
Lady Blanche,I,1,7,Vanity_Fair_1847
Lady Blanche,A,2,7,Vanity_Fair_1847
Lady Blanche,DC,1,7,Vanity_Fair_1847
Lady Blanche,DN,1,7,Vanity_Fair_1847
Lady Crackenbury,N,0,7,Vanity_Fair_1847
Lady Crackenbury,C,0,7,Vanity_Fair_1847
Lady Crackenbury,I,0,7,Vanity_Fair_1847
Lady Crackenbury,A,0,7,Vanity_Fair_1847
Lady Crackenbury,DC,0,7,Vanity_Fair_1847
Lady Crackenbury,DN,0,7,Vanity_Fair_1847
Lady Crawley,N,0,7,Vanity_Fair_1847
Lady Crawley,C,0,7,Vanity_Fair_1847
Lady Crawley,I,0,7,Vanity_Fair_1847
Lady Crawley,A,0,7,Vanity_Fair_1847
Lady Crawley,DC,0,7,Vanity_Fair_1847
Lady Crawley,DN,0,7,Vanity_Fair_1847
Lady Dobbin,N,1,7,Vanity_Fair_1847
Lady Dobbin,C,0,7,Vanity_Fair_1847
Lady Dobbin,I,0,7,Vanity_Fair_1847
Lady Dobbin,A,0,7,Vanity_Fair_1847
Lady Dobbin,DC,0,7,Vanity_Fair_1847
Lady Dobbin,DN,0,7,Vanity_Fair_1847
Lady Fuddleston,N,0,7,Vanity_Fair_1847
Lady Fuddleston,C,0,7,Vanity_Fair_1847
Lady Fuddleston,I,0,7,Vanity_Fair_1847
Lady Fuddleston,A,0,7,Vanity_Fair_1847
Lady Fuddleston,DC,0,7,Vanity_Fair_1847
Lady Fuddleston,DN,0,7,Vanity_Fair_1847
Lady Gaunt,N,0,7,Vanity_Fair_1847
Lady Gaunt,C,0,7,Vanity_Fair_1847
Lady Gaunt,I,0,7,Vanity_Fair_1847
Lady Gaunt,A,0,7,Vanity_Fair_1847
Lady Gaunt,DC,0,7,Vanity_Fair_1847
Lady Gaunt,DN,0,7,Vanity_Fair_1847
Lady Jane,N,38,7,Vanity_Fair_1847
Lady Jane,C,1,7,Vanity_Fair_1847
Lady Jane,I,10,7,Vanity_Fair_1847
Lady Jane,A,10,7,Vanity_Fair_1847
Lady Jane,DC,8,7,Vanity_Fair_1847
Lady Jane,DN,5,7,Vanity_Fair_1847
Lady Macbeth,N,0,7,Vanity_Fair_1847
Lady Macbeth,C,0,7,Vanity_Fair_1847
Lady Macbeth,I,0,7,Vanity_Fair_1847
Lady Macbeth,A,0,7,Vanity_Fair_1847
Lady Macbeth,DC,0,7,Vanity_Fair_1847
Lady Macbeth,DN,0,7,Vanity_Fair_1847
Lady Mary Caerlyon,N,0,7,Vanity_Fair_1847
Lady Mary Caerlyon,C,0,7,Vanity_Fair_1847
Lady Mary Caerlyon,I,0,7,Vanity_Fair_1847
Lady Mary Caerlyon,A,0,7,Vanity_Fair_1847
Lady Mary Caerlyon,DC,0,7,Vanity_Fair_1847
Lady Mary Caerlyon,DN,0,7,Vanity_Fair_1847
Lady O'Dowd,N,1,7,Vanity_Fair_1847
Lady O'Dowd,C,0,7,Vanity_Fair_1847
Lady O'Dowd,I,0,7,Vanity_Fair_1847
Lady O'Dowd,A,0,7,Vanity_Fair_1847
Lady O'Dowd,DC,1,7,Vanity_Fair_1847
Lady O'Dowd,DN,0,7,Vanity_Fair_1847
Lady Partlet,N,0,7,Vanity_Fair_1847
Lady Partlet,C,0,7,Vanity_Fair_1847
Lady Partlet,I,0,7,Vanity_Fair_1847
Lady Partlet,A,0,7,Vanity_Fair_1847
Lady Partlet,DC,0,7,Vanity_Fair_1847
Lady Partlet,DN,0,7,Vanity_Fair_1847
Lady Slingstone,N,0,7,Vanity_Fair_1847
Lady Slingstone,C,0,7,Vanity_Fair_1847
Lady Slingstone,I,0,7,Vanity_Fair_1847
Lady Slingstone,A,0,7,Vanity_Fair_1847
Lady Slingstone,DC,0,7,Vanity_Fair_1847
Lady Slingstone,DN,0,7,Vanity_Fair_1847
Lady Southdown,N,16,7,Vanity_Fair_1847
Lady Southdown,C,4,7,Vanity_Fair_1847
Lady Southdown,I,4,7,Vanity_Fair_1847
Lady Southdown,A,5,7,Vanity_Fair_1847
Lady Southdown,DC,4,7,Vanity_Fair_1847
Lady Southdown,DN,1,7,Vanity_Fair_1847
Lady Squeams,N,0,7,Vanity_Fair_1847
Lady Squeams,C,0,7,Vanity_Fair_1847
Lady Squeams,I,0,7,Vanity_Fair_1847
Lady Squeams,A,0,7,Vanity_Fair_1847
Lady Squeams,DC,0,7,Vanity_Fair_1847
Lady Squeams,DN,0,7,Vanity_Fair_1847
Lady Steyne,N,0,7,Vanity_Fair_1847
Lady Steyne,C,0,7,Vanity_Fair_1847
Lady Steyne,I,0,7,Vanity_Fair_1847
Lady Steyne,A,0,7,Vanity_Fair_1847
Lady Steyne,DC,0,7,Vanity_Fair_1847
Lady Steyne,DN,0,7,Vanity_Fair_1847
Laura Martin,N,0,7,Vanity_Fair_1847
Laura Martin,C,0,7,Vanity_Fair_1847
Laura Martin,I,0,7,Vanity_Fair_1847
Laura Martin,A,0,7,Vanity_Fair_1847
Laura Martin,DC,0,7,Vanity_Fair_1847
Laura Martin,DN,0,7,Vanity_Fair_1847
Lazarus,N,0,7,Vanity_Fair_1847
Lazarus,C,0,7,Vanity_Fair_1847
Lazarus,I,0,7,Vanity_Fair_1847
Lazarus,A,0,7,Vanity_Fair_1847
Lazarus,DC,0,7,Vanity_Fair_1847
Lazarus,DN,0,7,Vanity_Fair_1847
Little Bob Suckling,N,0,7,Vanity_Fair_1847
Little Bob Suckling,C,0,7,Vanity_Fair_1847
Little Bob Suckling,I,0,7,Vanity_Fair_1847
Little Bob Suckling,A,0,7,Vanity_Fair_1847
Little Bob Suckling,DC,0,7,Vanity_Fair_1847
Little Bob Suckling,DN,0,7,Vanity_Fair_1847
Little Rawdon,N,0,7,Vanity_Fair_1847
Little Rawdon,C,0,7,Vanity_Fair_1847
Little Rawdon,I,0,7,Vanity_Fair_1847
Little Rawdon,A,0,7,Vanity_Fair_1847
Little Rawdon,DC,0,7,Vanity_Fair_1847
Little Rawdon,DN,0,7,Vanity_Fair_1847
Loll Jewab,N,0,7,Vanity_Fair_1847
Loll Jewab,C,0,7,Vanity_Fair_1847
Loll Jewab,I,0,7,Vanity_Fair_1847
Loll Jewab,A,0,7,Vanity_Fair_1847
Loll Jewab,DC,0,7,Vanity_Fair_1847
Loll Jewab,DN,0,7,Vanity_Fair_1847
Lord Bareacres,N,5,7,Vanity_Fair_1847
Lord Bareacres,C,0,7,Vanity_Fair_1847
Lord Bareacres,I,0,7,Vanity_Fair_1847
Lord Bareacres,A,1,7,Vanity_Fair_1847
Lord Bareacres,DC,1,7,Vanity_Fair_1847
Lord Bareacres,DN,0,7,Vanity_Fair_1847
Lord Binkie,N,0,7,Vanity_Fair_1847
Lord Binkie,C,0,7,Vanity_Fair_1847
Lord Binkie,I,0,7,Vanity_Fair_1847
Lord Binkie,A,0,7,Vanity_Fair_1847
Lord Binkie,DC,0,7,Vanity_Fair_1847
Lord Binkie,DN,0,7,Vanity_Fair_1847
Lord Gaunt,N,0,7,Vanity_Fair_1847
Lord Gaunt,C,0,7,Vanity_Fair_1847
Lord Gaunt,I,0,7,Vanity_Fair_1847
Lord Gaunt,A,0,7,Vanity_Fair_1847
Lord Gaunt,DC,0,7,Vanity_Fair_1847
Lord Gaunt,DN,0,7,Vanity_Fair_1847
Lord Southdown,N,4,7,Vanity_Fair_1847
Lord Southdown,C,2,7,Vanity_Fair_1847
Lord Southdown,I,2,7,Vanity_Fair_1847
Lord Southdown,A,2,7,Vanity_Fair_1847
Lord Southdown,DC,0,7,Vanity_Fair_1847
Lord Southdown,DN,1,7,Vanity_Fair_1847
Lord Steyne,N,7,7,Vanity_Fair_1847
Lord Steyne,C,6,7,Vanity_Fair_1847
Lord Steyne,I,1,7,Vanity_Fair_1847
Lord Steyne,A,7,7,Vanity_Fair_1847
Lord Steyne,DC,1,7,Vanity_Fair_1847
Lord Steyne,DN,1,7,Vanity_Fair_1847
Lord Steyne's,N,0,7,Vanity_Fair_1847
Lord Steyne's,C,0,7,Vanity_Fair_1847
Lord Steyne's,I,0,7,Vanity_Fair_1847
Lord Steyne's,A,0,7,Vanity_Fair_1847
Lord Steyne's,DC,0,7,Vanity_Fair_1847
Lord Steyne's,DN,0,7,Vanity_Fair_1847
Love,N,1,7,Vanity_Fair_1847
Love,C,0,7,Vanity_Fair_1847
Love,I,0,7,Vanity_Fair_1847
Love,A,1,7,Vanity_Fair_1847
Love,DC,0,7,Vanity_Fair_1847
Love,DN,0,7,Vanity_Fair_1847
Ma tante,N,0,7,Vanity_Fair_1847
Ma tante,C,0,7,Vanity_Fair_1847
Ma tante,I,0,7,Vanity_Fair_1847
Ma tante,A,0,7,Vanity_Fair_1847
Ma tante,DC,0,7,Vanity_Fair_1847
Ma tante,DN,0,7,Vanity_Fair_1847
Ma'am,N,2,7,Vanity_Fair_1847
Ma'am,C,0,7,Vanity_Fair_1847
Ma'am,I,0,7,Vanity_Fair_1847
Ma'am,A,0,7,Vanity_Fair_1847
Ma'am,DC,2,7,Vanity_Fair_1847
Ma'am,DN,0,7,Vanity_Fair_1847
Mac,N,0,7,Vanity_Fair_1847
Mac,C,0,7,Vanity_Fair_1847
Mac,I,0,7,Vanity_Fair_1847
Mac,A,0,7,Vanity_Fair_1847
Mac,DC,0,7,Vanity_Fair_1847
Mac,DN,0,7,Vanity_Fair_1847
Macmurdo,N,0,7,Vanity_Fair_1847
Macmurdo,C,0,7,Vanity_Fair_1847
Macmurdo,I,0,7,Vanity_Fair_1847
Macmurdo,A,0,7,Vanity_Fair_1847
Macmurdo,DC,0,7,Vanity_Fair_1847
Macmurdo,DN,0,7,Vanity_Fair_1847
Madame,N,4,7,Vanity_Fair_1847
Madame,C,0,7,Vanity_Fair_1847
Madame,I,1,7,Vanity_Fair_1847
Madame,A,2,7,Vanity_Fair_1847
Madame,DC,2,7,Vanity_Fair_1847
Madame,DN,1,7,Vanity_Fair_1847
Madame Crawley,N,2,7,Vanity_Fair_1847
Madame Crawley,C,0,7,Vanity_Fair_1847
Madame Crawley,I,0,7,Vanity_Fair_1847
Madame Crawley,A,3,7,Vanity_Fair_1847
Madame Crawley,DC,0,7,Vanity_Fair_1847
Madame Crawley,DN,0,7,Vanity_Fair_1847
Madame Lederlung,N,0,7,Vanity_Fair_1847
Madame Lederlung,C,0,7,Vanity_Fair_1847
Madame Lederlung,I,0,7,Vanity_Fair_1847
Madame Lederlung,A,0,7,Vanity_Fair_1847
Madame Lederlung,DC,0,7,Vanity_Fair_1847
Madame Lederlung,DN,0,7,Vanity_Fair_1847
Madame Strumpff,N,0,7,Vanity_Fair_1847
Madame Strumpff,C,0,7,Vanity_Fair_1847
Madame Strumpff,I,0,7,Vanity_Fair_1847
Madame Strumpff,A,0,7,Vanity_Fair_1847
Madame Strumpff,DC,0,7,Vanity_Fair_1847
Madame Strumpff,DN,0,7,Vanity_Fair_1847
Madame de Belladonna,N,0,7,Vanity_Fair_1847
Madame de Belladonna,C,0,7,Vanity_Fair_1847
Madame de Belladonna,I,0,7,Vanity_Fair_1847
Madame de Belladonna,A,0,7,Vanity_Fair_1847
Madame de Belladonna,DC,0,7,Vanity_Fair_1847
Madame de Belladonna,DN,0,7,Vanity_Fair_1847
Madame de Borodino,N,0,7,Vanity_Fair_1847
Madame de Borodino,C,0,7,Vanity_Fair_1847
Madame de Borodino,I,0,7,Vanity_Fair_1847
Madame de Borodino,A,0,7,Vanity_Fair_1847
Madame de Borodino,DC,0,7,Vanity_Fair_1847
Madame de Borodino,DN,0,7,Vanity_Fair_1847
Mademoiselle Fifine,N,0,7,Vanity_Fair_1847
Mademoiselle Fifine,C,0,7,Vanity_Fair_1847
Mademoiselle Fifine,I,0,7,Vanity_Fair_1847
Mademoiselle Fifine,A,0,7,Vanity_Fair_1847
Mademoiselle Fifine,DC,0,7,Vanity_Fair_1847
Mademoiselle Fifine,DN,0,7,Vanity_Fair_1847
Major Loder,N,0,7,Vanity_Fair_1847
Major Loder,C,0,7,Vanity_Fair_1847
Major Loder,I,0,7,Vanity_Fair_1847
Major Loder,A,0,7,Vanity_Fair_1847
Major Loder,DC,0,7,Vanity_Fair_1847
Major Loder,DN,0,7,Vanity_Fair_1847
Major Sugarplums,N,3,7,Vanity_Fair_1847
Major Sugarplums,C,0,7,Vanity_Fair_1847
Major Sugarplums,I,0,7,Vanity_Fair_1847
Major Sugarplums,A,0,7,Vanity_Fair_1847
Major Sugarplums,DC,0,7,Vanity_Fair_1847
Major Sugarplums,DN,0,7,Vanity_Fair_1847
Mamma,N,5,7,Vanity_Fair_1847
Mamma,C,0,7,Vanity_Fair_1847
Mamma,I,1,7,Vanity_Fair_1847
Mamma,A,1,7,Vanity_Fair_1847
Mamma,DC,5,7,Vanity_Fair_1847
Mamma,DN,0,7,Vanity_Fair_1847
Maria,N,3,7,Vanity_Fair_1847
Maria,C,0,7,Vanity_Fair_1847
Maria,I,0,7,Vanity_Fair_1847
Maria,A,0,7,Vanity_Fair_1847
Maria,DC,0,7,Vanity_Fair_1847
Maria,DN,0,7,Vanity_Fair_1847
Master Alderney,N,0,7,Vanity_Fair_1847
Master Alderney,C,0,7,Vanity_Fair_1847
Master Alderney,I,0,7,Vanity_Fair_1847
Master Alderney,A,0,7,Vanity_Fair_1847
Master Alderney,DC,0,7,Vanity_Fair_1847
Master Alderney,DN,0,7,Vanity_Fair_1847
Matilda,N,2,7,Vanity_Fair_1847
Matilda,C,0,7,Vanity_Fair_1847
Matilda,I,1,7,Vanity_Fair_1847
Matilda,A,0,7,Vanity_Fair_1847
Matilda,DC,0,7,Vanity_Fair_1847
Matilda,DN,0,7,Vanity_Fair_1847
Max,N,0,7,Vanity_Fair_1847
Max,C,0,7,Vanity_Fair_1847
Max,I,0,7,Vanity_Fair_1847
Max,A,0,7,Vanity_Fair_1847
Max,DC,0,7,Vanity_Fair_1847
Max,DN,0,7,Vanity_Fair_1847
Mesrour,N,0,7,Vanity_Fair_1847
Mesrour,C,0,7,Vanity_Fair_1847
Mesrour,I,0,7,Vanity_Fair_1847
Mesrour,A,0,7,Vanity_Fair_1847
Mesrour,DC,0,7,Vanity_Fair_1847
Mesrour,DN,0,7,Vanity_Fair_1847
Messrs. Jones,N,0,7,Vanity_Fair_1847
Messrs. Jones,C,0,7,Vanity_Fair_1847
Messrs. Jones,I,0,7,Vanity_Fair_1847
Messrs. Jones,A,0,7,Vanity_Fair_1847
Messrs. Jones,DC,0,7,Vanity_Fair_1847
Messrs. Jones,DN,0,7,Vanity_Fair_1847
Mick,N,11,7,Vanity_Fair_1847
Mick,C,0,7,Vanity_Fair_1847
Mick,I,0,7,Vanity_Fair_1847
Mick,A,10,7,Vanity_Fair_1847
Mick,DC,1,7,Vanity_Fair_1847
Mick,DN,2,7,Vanity_Fair_1847
Milor,N,1,7,Vanity_Fair_1847
Milor,C,0,7,Vanity_Fair_1847
Milor,I,0,7,Vanity_Fair_1847
Milor,A,0,7,Vanity_Fair_1847
Milor,DC,0,7,Vanity_Fair_1847
Milor,DN,0,7,Vanity_Fair_1847
Minerva,N,1,7,Vanity_Fair_1847
Minerva,C,0,7,Vanity_Fair_1847
Minerva,I,0,7,Vanity_Fair_1847
Minerva,A,0,7,Vanity_Fair_1847
Minerva,DC,0,7,Vanity_Fair_1847
Minerva,DN,0,7,Vanity_Fair_1847
Miss,N,0,7,Vanity_Fair_1847
Miss,C,0,7,Vanity_Fair_1847
Miss,I,0,7,Vanity_Fair_1847
Miss,A,0,7,Vanity_Fair_1847
Miss,DC,0,7,Vanity_Fair_1847
Miss,DN,0,7,Vanity_Fair_1847
Miss Ann,N,0,7,Vanity_Fair_1847
Miss Ann,C,0,7,Vanity_Fair_1847
Miss Ann,I,0,7,Vanity_Fair_1847
Miss Ann,A,0,7,Vanity_Fair_1847
Miss Ann,DC,0,7,Vanity_Fair_1847
Miss Ann,DN,0,7,Vanity_Fair_1847
Miss B.,N,1,7,Vanity_Fair_1847
Miss B.,C,0,7,Vanity_Fair_1847
Miss B.,I,0,7,Vanity_Fair_1847
Miss B.,A,0,7,Vanity_Fair_1847
Miss B.,DC,0,7,Vanity_Fair_1847
Miss B.,DN,0,7,Vanity_Fair_1847
Miss Brown,N,0,7,Vanity_Fair_1847
Miss Brown,C,0,7,Vanity_Fair_1847
Miss Brown,I,0,7,Vanity_Fair_1847
Miss Brown,A,0,7,Vanity_Fair_1847
Miss Brown,DC,0,7,Vanity_Fair_1847
Miss Brown,DN,0,7,Vanity_Fair_1847
Miss Clapp,N,1,7,Vanity_Fair_1847
Miss Clapp,C,0,7,Vanity_Fair_1847
Miss Clapp,I,0,7,Vanity_Fair_1847
Miss Clapp,A,0,7,Vanity_Fair_1847
Miss Clapp,DC,0,7,Vanity_Fair_1847
Miss Clapp,DN,1,7,Vanity_Fair_1847
Miss Crawley,N,150,7,Vanity_Fair_1847
Miss Crawley,C,22,7,Vanity_Fair_1847
Miss Crawley,I,27,7,Vanity_Fair_1847
Miss Crawley,A,39,7,Vanity_Fair_1847
Miss Crawley,DC,24,7,Vanity_Fair_1847
Miss Crawley,DN,6,7,Vanity_Fair_1847
Miss Hawky,N,0,7,Vanity_Fair_1847
Miss Hawky,C,0,7,Vanity_Fair_1847
Miss Hawky,I,0,7,Vanity_Fair_1847
Miss Hawky,A,0,7,Vanity_Fair_1847
Miss Hawky,DC,0,7,Vanity_Fair_1847
Miss Hawky,DN,0,7,Vanity_Fair_1847
Miss Horrocks,N,2,7,Vanity_Fair_1847
Miss Horrocks,C,0,7,Vanity_Fair_1847
Miss Horrocks,I,0,7,Vanity_Fair_1847
Miss Horrocks,A,0,7,Vanity_Fair_1847
Miss Horrocks,DC,0,7,Vanity_Fair_1847
Miss Horrocks,DN,0,7,Vanity_Fair_1847
Miss MacWhirter,N,0,7,Vanity_Fair_1847
Miss MacWhirter,C,0,7,Vanity_Fair_1847
Miss MacWhirter,I,0,7,Vanity_Fair_1847
Miss MacWhirter,A,0,7,Vanity_Fair_1847
Miss MacWhirter,DC,0,7,Vanity_Fair_1847
Miss MacWhirter,DN,0,7,Vanity_Fair_1847
Miss Malony,N,1,7,Vanity_Fair_1847
Miss Malony,C,0,7,Vanity_Fair_1847
Miss Malony,I,0,7,Vanity_Fair_1847
Miss Malony,A,0,7,Vanity_Fair_1847
Miss Malony,DC,0,7,Vanity_Fair_1847
Miss Malony,DN,1,7,Vanity_Fair_1847
Miss Moss,N,0,7,Vanity_Fair_1847
Miss Moss,C,0,7,Vanity_Fair_1847
Miss Moss,I,0,7,Vanity_Fair_1847
Miss Moss,A,0,7,Vanity_Fair_1847
Miss Moss,DC,0,7,Vanity_Fair_1847
Miss Moss,DN,0,7,Vanity_Fair_1847
Miss O.,N,0,7,Vanity_Fair_1847
Miss O.,C,0,7,Vanity_Fair_1847
Miss O.,I,0,7,Vanity_Fair_1847
Miss O.,A,0,7,Vanity_Fair_1847
Miss O.,DC,0,7,Vanity_Fair_1847
Miss O.,DN,0,7,Vanity_Fair_1847
Miss Osborne,N,0,7,Vanity_Fair_1847
Miss Osborne,C,0,7,Vanity_Fair_1847
Miss Osborne,I,0,7,Vanity_Fair_1847
Miss Osborne,A,0,7,Vanity_Fair_1847
Miss Osborne,DC,0,7,Vanity_Fair_1847
Miss Osborne,DN,0,7,Vanity_Fair_1847
Miss Pinkerton,N,1,7,Vanity_Fair_1847
Miss Pinkerton,C,0,7,Vanity_Fair_1847
Miss Pinkerton,I,0,7,Vanity_Fair_1847
Miss Pinkerton,A,0,7,Vanity_Fair_1847
Miss Pinkerton,DC,0,7,Vanity_Fair_1847
Miss Pinkerton,DN,0,7,Vanity_Fair_1847
Miss Polly,N,0,7,Vanity_Fair_1847
Miss Polly,C,0,7,Vanity_Fair_1847
Miss Polly,I,0,7,Vanity_Fair_1847
Miss Polly,A,0,7,Vanity_Fair_1847
Miss Polly,DC,0,7,Vanity_Fair_1847
Miss Polly,DN,0,7,Vanity_Fair_1847
Miss Saltire,N,0,7,Vanity_Fair_1847
Miss Saltire,C,0,7,Vanity_Fair_1847
Miss Saltire,I,0,7,Vanity_Fair_1847
Miss Saltire,A,0,7,Vanity_Fair_1847
Miss Saltire,DC,0,7,Vanity_Fair_1847
Miss Saltire,DN,0,7,Vanity_Fair_1847
Miss Swartz,N,0,7,Vanity_Fair_1847
Miss Swartz,C,0,7,Vanity_Fair_1847
Miss Swartz,I,0,7,Vanity_Fair_1847
Miss Swartz,A,0,7,Vanity_Fair_1847
Miss Swartz,DC,0,7,Vanity_Fair_1847
Miss Swartz,DN,0,7,Vanity_Fair_1847
Miss Toady,N,0,7,Vanity_Fair_1847
Miss Toady,C,0,7,Vanity_Fair_1847
Miss Toady,I,0,7,Vanity_Fair_1847
Miss Toady,A,0,7,Vanity_Fair_1847
Miss Toady,DC,0,7,Vanity_Fair_1847
Miss Toady,DN,0,7,Vanity_Fair_1847
Miss Violet,N,0,7,Vanity_Fair_1847
Miss Violet,C,0,7,Vanity_Fair_1847
Miss Violet,I,0,7,Vanity_Fair_1847
Miss Violet,A,0,7,Vanity_Fair_1847
Miss Violet,DC,0,7,Vanity_Fair_1847
Miss Violet,DN,0,7,Vanity_Fair_1847
Miss Wirt,N,0,7,Vanity_Fair_1847
Miss Wirt,C,0,7,Vanity_Fair_1847
Miss Wirt,I,0,7,Vanity_Fair_1847
Miss Wirt,A,0,7,Vanity_Fair_1847
Miss Wirt,DC,0,7,Vanity_Fair_1847
Miss Wirt,DN,0,7,Vanity_Fair_1847
Molly,N,0,7,Vanity_Fair_1847
Molly,C,0,7,Vanity_Fair_1847
Molly,I,0,7,Vanity_Fair_1847
Molly,A,0,7,Vanity_Fair_1847
Molly,DC,0,7,Vanity_Fair_1847
Molly,DN,0,7,Vanity_Fair_1847
Monseigneur,N,0,7,Vanity_Fair_1847
Monseigneur,C,0,7,Vanity_Fair_1847
Monseigneur,I,0,7,Vanity_Fair_1847
Monseigneur,A,0,7,Vanity_Fair_1847
Monseigneur,DC,0,7,Vanity_Fair_1847
Monseigneur,DN,0,7,Vanity_Fair_1847
Monsieur Fiche,N,0,7,Vanity_Fair_1847
Monsieur Fiche,C,0,7,Vanity_Fair_1847
Monsieur Fiche,I,0,7,Vanity_Fair_1847
Monsieur Fiche,A,0,7,Vanity_Fair_1847
Monsieur Fiche,DC,0,7,Vanity_Fair_1847
Monsieur Fiche,DN,0,7,Vanity_Fair_1847
Mother,N,0,7,Vanity_Fair_1847
Mother,C,0,7,Vanity_Fair_1847
Mother,I,0,7,Vanity_Fair_1847
Mother,A,0,7,Vanity_Fair_1847
Mother,DC,0,7,Vanity_Fair_1847
Mother,DN,0,7,Vanity_Fair_1847
Mr. Binny,N,2,7,Vanity_Fair_1847
Mr. Binny,C,0,7,Vanity_Fair_1847
Mr. Binny,I,0,7,Vanity_Fair_1847
Mr. Binny,A,0,7,Vanity_Fair_1847
Mr. Binny,DC,0,7,Vanity_Fair_1847
Mr. Binny,DN,0,7,Vanity_Fair_1847
Mr. Bowls,N,28,7,Vanity_Fair_1847
Mr. Bowls,C,7,7,Vanity_Fair_1847
Mr. Bowls,I,1,7,Vanity_Fair_1847
Mr. Bowls,A,10,7,Vanity_Fair_1847
Mr. Bowls,DC,1,7,Vanity_Fair_1847
Mr. Bowls,DN,0,7,Vanity_Fair_1847
Mr. Brown,N,0,7,Vanity_Fair_1847
Mr. Brown,C,0,7,Vanity_Fair_1847
Mr. Brown,I,0,7,Vanity_Fair_1847
Mr. Brown,A,0,7,Vanity_Fair_1847
Mr. Brown,DC,0,7,Vanity_Fair_1847
Mr. Brown,DN,0,7,Vanity_Fair_1847
Mr. Bullock,N,1,7,Vanity_Fair_1847
Mr. Bullock,C,0,7,Vanity_Fair_1847
Mr. Bullock,I,0,7,Vanity_Fair_1847
Mr. Bullock,A,0,7,Vanity_Fair_1847
Mr. Bullock,DC,0,7,Vanity_Fair_1847
Mr. Bullock,DN,0,7,Vanity_Fair_1847
Mr. Chopper,N,0,7,Vanity_Fair_1847
Mr. Chopper,C,0,7,Vanity_Fair_1847
Mr. Chopper,I,0,7,Vanity_Fair_1847
Mr. Chopper,A,0,7,Vanity_Fair_1847
Mr. Chopper,DC,0,7,Vanity_Fair_1847
Mr. Chopper,DN,0,7,Vanity_Fair_1847
Mr. Clapp,N,5,7,Vanity_Fair_1847
Mr. Clapp,C,0,7,Vanity_Fair_1847
Mr. Clapp,I,0,7,Vanity_Fair_1847
Mr. Clapp,A,1,7,Vanity_Fair_1847
Mr. Clapp,DC,0,7,Vanity_Fair_1847
Mr. Clapp,DN,0,7,Vanity_Fair_1847
Mr. Clump,N,0,7,Vanity_Fair_1847
Mr. Clump,C,0,7,Vanity_Fair_1847
Mr. Clump,I,0,7,Vanity_Fair_1847
Mr. Clump,A,0,7,Vanity_Fair_1847
Mr. Clump,DC,0,7,Vanity_Fair_1847
Mr. Clump,DN,0,7,Vanity_Fair_1847
Mr. Crawley,N,0,7,Vanity_Fair_1847
Mr. Crawley,C,0,7,Vanity_Fair_1847
Mr. Crawley,I,0,7,Vanity_Fair_1847
Mr. Crawley,A,0,7,Vanity_Fair_1847
Mr. Crawley,DC,0,7,Vanity_Fair_1847
Mr. Crawley,DN,0,7,Vanity_Fair_1847
Mr. Creamer,N,6,7,Vanity_Fair_1847
Mr. Creamer,C,0,7,Vanity_Fair_1847
Mr. Creamer,I,1,7,Vanity_Fair_1847
Mr. Creamer,A,1,7,Vanity_Fair_1847
Mr. Creamer,DC,2,7,Vanity_Fair_1847
Mr. Creamer,DN,0,7,Vanity_Fair_1847
Mr. Crisp,N,0,7,Vanity_Fair_1847
Mr. Crisp,C,0,7,Vanity_Fair_1847
Mr. Crisp,I,0,7,Vanity_Fair_1847
Mr. Crisp,A,0,7,Vanity_Fair_1847
Mr. Crisp,DC,0,7,Vanity_Fair_1847
Mr. Crisp,DN,0,7,Vanity_Fair_1847
Mr. Eagles,N,0,7,Vanity_Fair_1847
Mr. Eagles,C,0,7,Vanity_Fair_1847
Mr. Eagles,I,0,7,Vanity_Fair_1847
Mr. Eagles,A,0,7,Vanity_Fair_1847
Mr. Eagles,DC,0,7,Vanity_Fair_1847
Mr. Eagles,DN,0,7,Vanity_Fair_1847
Mr. Eaves,N,0,7,Vanity_Fair_1847
Mr. Eaves,C,0,7,Vanity_Fair_1847
Mr. Eaves,I,0,7,Vanity_Fair_1847
Mr. Eaves,A,0,7,Vanity_Fair_1847
Mr. Eaves,DC,0,7,Vanity_Fair_1847
Mr. Eaves,DN,0,7,Vanity_Fair_1847
Mr. Fiche,N,0,7,Vanity_Fair_1847
Mr. Fiche,C,0,7,Vanity_Fair_1847
Mr. Fiche,I,0,7,Vanity_Fair_1847
Mr. Fiche,A,0,7,Vanity_Fair_1847
Mr. Fiche,DC,0,7,Vanity_Fair_1847
Mr. Fiche,DN,0,7,Vanity_Fair_1847
Mr. Fox,N,4,7,Vanity_Fair_1847
Mr. Fox,C,0,7,Vanity_Fair_1847
Mr. Fox,I,0,7,Vanity_Fair_1847
Mr. Fox,A,1,7,Vanity_Fair_1847
Mr. Fox,DC,0,7,Vanity_Fair_1847
Mr. Fox,DN,0,7,Vanity_Fair_1847
Mr. Hammerdown,N,0,7,Vanity_Fair_1847
Mr. Hammerdown,C,0,7,Vanity_Fair_1847
Mr. Hammerdown,I,0,7,Vanity_Fair_1847
Mr. Hammerdown,A,0,7,Vanity_Fair_1847
Mr. Hammerdown,DC,0,7,Vanity_Fair_1847
Mr. Hammerdown,DN,0,7,Vanity_Fair_1847
Mr. Higgs,N,4,7,Vanity_Fair_1847
Mr. Higgs,C,2,7,Vanity_Fair_1847
Mr. Higgs,I,0,7,Vanity_Fair_1847
Mr. Higgs,A,0,7,Vanity_Fair_1847
Mr. Higgs,DC,0,7,Vanity_Fair_1847
Mr. Higgs,DN,0,7,Vanity_Fair_1847
Mr. Hodson,N,0,7,Vanity_Fair_1847
Mr. Hodson,C,0,7,Vanity_Fair_1847
Mr. Hodson,I,0,7,Vanity_Fair_1847
Mr. Hodson,A,0,7,Vanity_Fair_1847
Mr. Hodson,DC,0,7,Vanity_Fair_1847
Mr. Hodson,DN,0,7,Vanity_Fair_1847
Mr. Horrocks,N,0,7,Vanity_Fair_1847
Mr. Horrocks,C,0,7,Vanity_Fair_1847
Mr. Horrocks,I,0,7,Vanity_Fair_1847
Mr. Horrocks,A,0,7,Vanity_Fair_1847
Mr. Horrocks,DC,0,7,Vanity_Fair_1847
Mr. Horrocks,DN,0,7,Vanity_Fair_1847
Mr. Humphrey Clinker,N,0,7,Vanity_Fair_1847
Mr. Humphrey Clinker,C,0,7,Vanity_Fair_1847
Mr. Humphrey Clinker,I,0,7,Vanity_Fair_1847
Mr. Humphrey Clinker,A,0,7,Vanity_Fair_1847
Mr. Humphrey Clinker,DC,0,7,Vanity_Fair_1847
Mr. Humphrey Clinker,DN,0,7,Vanity_Fair_1847
Mr. John Thomas Dawson,N,0,7,Vanity_Fair_1847
Mr. John Thomas Dawson,C,0,7,Vanity_Fair_1847
Mr. John Thomas Dawson,I,0,7,Vanity_Fair_1847
Mr. John Thomas Dawson,A,0,7,Vanity_Fair_1847
Mr. John Thomas Dawson,DC,0,7,Vanity_Fair_1847
Mr. John Thomas Dawson,DN,0,7,Vanity_Fair_1847
Mr. Lewis,N,1,7,Vanity_Fair_1847
Mr. Lewis,C,0,7,Vanity_Fair_1847
Mr. Lewis,I,0,7,Vanity_Fair_1847
Mr. Lewis,A,1,7,Vanity_Fair_1847
Mr. Lewis,DC,0,7,Vanity_Fair_1847
Mr. Lewis,DN,0,7,Vanity_Fair_1847
Mr. Moss,N,4,7,Vanity_Fair_1847
Mr. Moss,C,0,7,Vanity_Fair_1847
Mr. Moss,I,0,7,Vanity_Fair_1847
Mr. Moss,A,1,7,Vanity_Fair_1847
Mr. Moss,DC,1,7,Vanity_Fair_1847
Mr. Moss,DN,0,7,Vanity_Fair_1847
Mr. Osborne,N,0,7,Vanity_Fair_1847
Mr. Osborne,C,0,7,Vanity_Fair_1847
Mr. Osborne,I,0,7,Vanity_Fair_1847
Mr. Osborne,A,0,7,Vanity_Fair_1847
Mr. Osborne,DC,0,7,Vanity_Fair_1847
Mr. Osborne,DN,0,7,Vanity_Fair_1847
Mr. Pestler,N,5,7,Vanity_Fair_1847
Mr. Pestler,C,1,7,Vanity_Fair_1847
Mr. Pestler,I,0,7,Vanity_Fair_1847
Mr. Pestler,A,2,7,Vanity_Fair_1847
Mr. Pestler,DC,0,7,Vanity_Fair_1847
Mr. Pestler,DN,0,7,Vanity_Fair_1847
Mr. Poe,N,3,7,Vanity_Fair_1847
Mr. Poe,C,0,7,Vanity_Fair_1847
Mr. Poe,I,0,7,Vanity_Fair_1847
Mr. Poe,A,2,7,Vanity_Fair_1847
Mr. Poe,DC,1,7,Vanity_Fair_1847
Mr. Poe,DN,0,7,Vanity_Fair_1847
Mr. Rowson,N,0,7,Vanity_Fair_1847
Mr. Rowson,C,0,7,Vanity_Fair_1847
Mr. Rowson,I,0,7,Vanity_Fair_1847
Mr. Rowson,A,0,7,Vanity_Fair_1847
Mr. Rowson,DC,0,7,Vanity_Fair_1847
Mr. Rowson,DN,0,7,Vanity_Fair_1847
Mr. S.,N,0,7,Vanity_Fair_1847
Mr. S.,C,0,7,Vanity_Fair_1847
Mr. S.,I,0,7,Vanity_Fair_1847
Mr. S.,A,0,7,Vanity_Fair_1847
Mr. S.,DC,0,7,Vanity_Fair_1847
Mr. S.,DN,0,7,Vanity_Fair_1847
Mr. Smee,N,0,7,Vanity_Fair_1847
Mr. Smee,C,0,7,Vanity_Fair_1847
Mr. Smee,I,0,7,Vanity_Fair_1847
Mr. Smee,A,0,7,Vanity_Fair_1847
Mr. Smee,DC,0,7,Vanity_Fair_1847
Mr. Smee,DN,0,7,Vanity_Fair_1847
Mr. Stubble,N,1,7,Vanity_Fair_1847
Mr. Stubble,C,0,7,Vanity_Fair_1847
Mr. Stubble,I,0,7,Vanity_Fair_1847
Mr. Stubble,A,0,7,Vanity_Fair_1847
Mr. Stubble,DC,0,7,Vanity_Fair_1847
Mr. Stubble,DN,0,7,Vanity_Fair_1847
Mr. Trotter,N,0,7,Vanity_Fair_1847
Mr. Trotter,C,0,7,Vanity_Fair_1847
Mr. Trotter,I,0,7,Vanity_Fair_1847
Mr. Trotter,A,0,7,Vanity_Fair_1847
Mr. Trotter,DC,0,7,Vanity_Fair_1847
Mr. Trotter,DN,0,7,Vanity_Fair_1847
Mr. Veal,N,0,7,Vanity_Fair_1847
Mr. Veal,C,0,7,Vanity_Fair_1847
Mr. Veal,I,0,7,Vanity_Fair_1847
Mr. Veal,A,0,7,Vanity_Fair_1847
Mr. Veal,DC,0,7,Vanity_Fair_1847
Mr. Veal,DN,0,7,Vanity_Fair_1847
Mr. Wagg,N,0,7,Vanity_Fair_1847
Mr. Wagg,C,0,7,Vanity_Fair_1847
Mr. Wagg,I,0,7,Vanity_Fair_1847
Mr. Wagg,A,0,7,Vanity_Fair_1847
Mr. Wagg,DC,0,7,Vanity_Fair_1847
Mr. Wagg,DN,0,7,Vanity_Fair_1847
Mr. Wenham,N,0,7,Vanity_Fair_1847
Mr. Wenham,C,0,7,Vanity_Fair_1847
Mr. Wenham,I,0,7,Vanity_Fair_1847
Mr. Wenham,A,0,7,Vanity_Fair_1847
Mr. Wenham,DC,0,7,Vanity_Fair_1847
Mr. Wenham,DN,0,7,Vanity_Fair_1847
Mr. Wilberforce,N,1,7,Vanity_Fair_1847
Mr. Wilberforce,C,0,7,Vanity_Fair_1847
Mr. Wilberforce,I,0,7,Vanity_Fair_1847
Mr. Wilberforce,A,0,7,Vanity_Fair_1847
Mr. Wilberforce,DC,0,7,Vanity_Fair_1847
Mr. Wilberforce,DN,0,7,Vanity_Fair_1847
Mrs.,N,0,7,Vanity_Fair_1847
Mrs.,C,0,7,Vanity_Fair_1847
Mrs.,I,0,7,Vanity_Fair_1847
Mrs.,A,0,7,Vanity_Fair_1847
Mrs.,DC,0,7,Vanity_Fair_1847
Mrs.,DN,0,7,Vanity_Fair_1847
Mrs. Blenkinsop,N,1,7,Vanity_Fair_1847
Mrs. Blenkinsop,C,0,7,Vanity_Fair_1847
Mrs. Blenkinsop,I,0,7,Vanity_Fair_1847
Mrs. Blenkinsop,A,1,7,Vanity_Fair_1847
Mrs. Blenkinsop,DC,0,7,Vanity_Fair_1847
Mrs. Blenkinsop,DN,0,7,Vanity_Fair_1847
Mrs. Bowls,N,0,7,Vanity_Fair_1847
Mrs. Bowls,C,0,7,Vanity_Fair_1847
Mrs. Bowls,I,0,7,Vanity_Fair_1847
Mrs. Bowls,A,0,7,Vanity_Fair_1847
Mrs. Bowls,DC,0,7,Vanity_Fair_1847
Mrs. Bowls,DN,0,7,Vanity_Fair_1847
Mrs. Brown,N,0,7,Vanity_Fair_1847
Mrs. Brown,C,0,7,Vanity_Fair_1847
Mrs. Brown,I,0,7,Vanity_Fair_1847
Mrs. Brown,A,0,7,Vanity_Fair_1847
Mrs. Brown,DC,0,7,Vanity_Fair_1847
Mrs. Brown,DN,0,7,Vanity_Fair_1847
Mrs. Burjoice,N,0,7,Vanity_Fair_1847
Mrs. Burjoice,C,0,7,Vanity_Fair_1847
Mrs. Burjoice,I,0,7,Vanity_Fair_1847
Mrs. Burjoice,A,0,7,Vanity_Fair_1847
Mrs. Burjoice,DC,0,7,Vanity_Fair_1847
Mrs. Burjoice,DN,0,7,Vanity_Fair_1847
Mrs. Bute,N,44,7,Vanity_Fair_1847
Mrs. Bute,C,5,7,Vanity_Fair_1847
Mrs. Bute,I,13,7,Vanity_Fair_1847
Mrs. Bute,A,20,7,Vanity_Fair_1847
Mrs. Bute,DC,7,7,Vanity_Fair_1847
Mrs. Bute,DN,3,7,Vanity_Fair_1847
Mrs. Captain Osborne,N,9,7,Vanity_Fair_1847
Mrs. Captain Osborne,C,1,7,Vanity_Fair_1847
Mrs. Captain Osborne,I,0,7,Vanity_Fair_1847
Mrs. Captain Osborne,A,2,7,Vanity_Fair_1847
Mrs. Captain Osborne,DC,1,7,Vanity_Fair_1847
Mrs. Captain Osborne,DN,0,7,Vanity_Fair_1847
Mrs. Clapp,N,4,7,Vanity_Fair_1847
Mrs. Clapp,C,0,7,Vanity_Fair_1847
Mrs. Clapp,I,0,7,Vanity_Fair_1847
Mrs. Clapp,A,1,7,Vanity_Fair_1847
Mrs. Clapp,DC,0,7,Vanity_Fair_1847
Mrs. Clapp,DN,0,7,Vanity_Fair_1847
Mrs. Cook,N,0,7,Vanity_Fair_1847
Mrs. Cook,C,0,7,Vanity_Fair_1847
Mrs. Cook,I,0,7,Vanity_Fair_1847
Mrs. Cook,A,0,7,Vanity_Fair_1847
Mrs. Cook,DC,0,7,Vanity_Fair_1847
Mrs. Cook,DN,0,7,Vanity_Fair_1847
Mrs. Dobbin,N,0,7,Vanity_Fair_1847
Mrs. Dobbin,C,0,7,Vanity_Fair_1847
Mrs. Dobbin,I,0,7,Vanity_Fair_1847
Mrs. Dobbin,A,0,7,Vanity_Fair_1847
Mrs. Dobbin,DC,0,7,Vanity_Fair_1847
Mrs. Dobbin,DN,0,7,Vanity_Fair_1847
Mrs. Eagles,N,0,7,Vanity_Fair_1847
Mrs. Eagles,C,0,7,Vanity_Fair_1847
Mrs. Eagles,I,0,7,Vanity_Fair_1847
Mrs. Eagles,A,0,7,Vanity_Fair_1847
Mrs. Eagles,DC,0,7,Vanity_Fair_1847
Mrs. Eagles,DN,0,7,Vanity_Fair_1847
Mrs. Frederick Bullock,N,0,7,Vanity_Fair_1847
Mrs. Frederick Bullock,C,0,7,Vanity_Fair_1847
Mrs. Frederick Bullock,I,0,7,Vanity_Fair_1847
Mrs. Frederick Bullock,A,0,7,Vanity_Fair_1847
Mrs. Frederick Bullock,DC,0,7,Vanity_Fair_1847
Mrs. Frederick Bullock,DN,0,7,Vanity_Fair_1847
Mrs. Glowry,N,0,7,Vanity_Fair_1847
Mrs. Glowry,C,0,7,Vanity_Fair_1847
Mrs. Glowry,I,0,7,Vanity_Fair_1847
Mrs. Glowry,A,0,7,Vanity_Fair_1847
Mrs. Glowry,DC,0,7,Vanity_Fair_1847
Mrs. Glowry,DN,0,7,Vanity_Fair_1847
Mrs. Haggistoun,N,0,7,Vanity_Fair_1847
Mrs. Haggistoun,C,0,7,Vanity_Fair_1847
Mrs. Haggistoun,I,0,7,Vanity_Fair_1847
Mrs. Haggistoun,A,0,7,Vanity_Fair_1847
Mrs. Haggistoun,DC,0,7,Vanity_Fair_1847
Mrs. Haggistoun,DN,0,7,Vanity_Fair_1847
Mrs. Kirk,N,4,7,Vanity_Fair_1847
Mrs. Kirk,C,1,7,Vanity_Fair_1847
Mrs. Kirk,I,0,7,Vanity_Fair_1847
Mrs. Kirk,A,2,7,Vanity_Fair_1847
Mrs. Kirk,DC,2,7,Vanity_Fair_1847
Mrs. Kirk,DN,0,7,Vanity_Fair_1847
Mrs. Magenis,N,4,7,Vanity_Fair_1847
Mrs. Magenis,C,1,7,Vanity_Fair_1847
Mrs. Magenis,I,1,7,Vanity_Fair_1847
Mrs. Magenis,A,2,7,Vanity_Fair_1847
Mrs. Magenis,DC,2,7,Vanity_Fair_1847
Mrs. Magenis,DN,0,7,Vanity_Fair_1847
Mrs. O'Dowd,N,75,7,Vanity_Fair_1847
Mrs. O'Dowd,C,26,7,Vanity_Fair_1847
Mrs. O'Dowd,I,12,7,Vanity_Fair_1847
Mrs. O'Dowd,A,23,7,Vanity_Fair_1847
Mrs. O'Dowd,DC,10,7,Vanity_Fair_1847
Mrs. O'Dowd,DN,3,7,Vanity_Fair_1847
Mrs. O.,N,0,7,Vanity_Fair_1847
Mrs. O.,C,0,7,Vanity_Fair_1847
Mrs. O.,I,0,7,Vanity_Fair_1847
Mrs. O.,A,0,7,Vanity_Fair_1847
Mrs. O.,DC,0,7,Vanity_Fair_1847
Mrs. O.,DN,0,7,Vanity_Fair_1847
Mrs. Pilkington,N,0,7,Vanity_Fair_1847
Mrs. Pilkington,C,0,7,Vanity_Fair_1847
Mrs. Pilkington,I,0,7,Vanity_Fair_1847
Mrs. Pilkington,A,0,7,Vanity_Fair_1847
Mrs. Pilkington,DC,0,7,Vanity_Fair_1847
Mrs. Pilkington,DN,0,7,Vanity_Fair_1847
Mrs. Raggles,N,9,7,Vanity_Fair_1847
Mrs. Raggles,C,0,7,Vanity_Fair_1847
Mrs. Raggles,I,1,7,Vanity_Fair_1847
Mrs. Raggles,A,6,7,Vanity_Fair_1847
Mrs. Raggles,DC,0,7,Vanity_Fair_1847
Mrs. Raggles,DN,0,7,Vanity_Fair_1847
Mrs. Sedley,N,6,7,Vanity_Fair_1847
Mrs. Sedley,C,2,7,Vanity_Fair_1847
Mrs. Sedley,I,3,7,Vanity_Fair_1847
Mrs. Sedley,A,2,7,Vanity_Fair_1847
Mrs. Sedley,DC,0,7,Vanity_Fair_1847
Mrs. Sedley,DN,0,7,Vanity_Fair_1847
Mrs. Stokes,N,0,7,Vanity_Fair_1847
Mrs. Stokes,C,0,7,Vanity_Fair_1847
Mrs. Stokes,I,0,7,Vanity_Fair_1847
Mrs. Stokes,A,0,7,Vanity_Fair_1847
Mrs. Stokes,DC,0,7,Vanity_Fair_1847
Mrs. Stokes,DN,0,7,Vanity_Fair_1847
Mrs. Todd,N,0,7,Vanity_Fair_1847
Mrs. Todd,C,0,7,Vanity_Fair_1847
Mrs. Todd,I,0,7,Vanity_Fair_1847
Mrs. Todd,A,0,7,Vanity_Fair_1847
Mrs. Todd,DC,0,7,Vanity_Fair_1847
Mrs. Todd,DN,0,7,Vanity_Fair_1847
Mrs. Veal,N,0,7,Vanity_Fair_1847
Mrs. Veal,C,0,7,Vanity_Fair_1847
Mrs. Veal,I,0,7,Vanity_Fair_1847
Mrs. Veal,A,0,7,Vanity_Fair_1847
Mrs. Veal,DC,0,7,Vanity_Fair_1847
Mrs. Veal,DN,0,7,Vanity_Fair_1847
Mrs. Washington White,N,0,7,Vanity_Fair_1847
Mrs. Washington White,C,0,7,Vanity_Fair_1847
Mrs. Washington White,I,0,7,Vanity_Fair_1847
Mrs. Washington White,A,0,7,Vanity_Fair_1847
Mrs. Washington White,DC,0,7,Vanity_Fair_1847
Mrs. Washington White,DN,0,7,Vanity_Fair_1847
Mrs. Wenham,N,0,7,Vanity_Fair_1847
Mrs. Wenham,C,0,7,Vanity_Fair_1847
Mrs. Wenham,I,0,7,Vanity_Fair_1847
Mrs. Wenham,A,0,7,Vanity_Fair_1847
Mrs. Wenham,DC,0,7,Vanity_Fair_1847
Mrs. Wenham,DN,0,7,Vanity_Fair_1847
Mrs. Winkworth,N,0,7,Vanity_Fair_1847
Mrs. Winkworth,C,0,7,Vanity_Fair_1847
Mrs. Winkworth,I,0,7,Vanity_Fair_1847
Mrs. Winkworth,A,0,7,Vanity_Fair_1847
Mrs. Winkworth,DC,0,7,Vanity_Fair_1847
Mrs. Winkworth,DN,0,7,Vanity_Fair_1847
Mum,N,0,7,Vanity_Fair_1847
Mum,C,0,7,Vanity_Fair_1847
Mum,I,0,7,Vanity_Fair_1847
Mum,A,0,7,Vanity_Fair_1847
Mum,DC,0,7,Vanity_Fair_1847
Mum,DN,0,7,Vanity_Fair_1847
Napoleon,N,13,7,Vanity_Fair_1847
Napoleon,C,0,7,Vanity_Fair_1847
Napoleon,I,2,7,Vanity_Fair_1847
Napoleon,A,2,7,Vanity_Fair_1847
Napoleon,DC,0,7,Vanity_Fair_1847
Napoleon,DN,0,7,Vanity_Fair_1847
Nathan,N,0,7,Vanity_Fair_1847
Nathan,C,0,7,Vanity_Fair_1847
Nathan,I,0,7,Vanity_Fair_1847
Nathan,A,0,7,Vanity_Fair_1847
Nathan,DC,0,7,Vanity_Fair_1847
Nathan,DN,0,7,Vanity_Fair_1847
Ney,N,4,7,Vanity_Fair_1847
Ney,C,0,7,Vanity_Fair_1847
Ney,I,0,7,Vanity_Fair_1847
Ney,A,2,7,Vanity_Fair_1847
Ney,DC,0,7,Vanity_Fair_1847
Ney,DN,0,7,Vanity_Fair_1847
Old Osborne,N,1,7,Vanity_Fair_1847
Old Osborne,C,0,7,Vanity_Fair_1847
Old Osborne,I,2,7,Vanity_Fair_1847
Old Osborne,A,2,7,Vanity_Fair_1847
Old Osborne,DC,0,7,Vanity_Fair_1847
Old Osborne,DN,1,7,Vanity_Fair_1847
Old Sedley,N,2,7,Vanity_Fair_1847
Old Sedley,C,2,7,Vanity_Fair_1847
Old Sedley,I,1,7,Vanity_Fair_1847
Old Sedley,A,6,7,Vanity_Fair_1847
Old Sedley,DC,0,7,Vanity_Fair_1847
Old Sedley,DN,0,7,Vanity_Fair_1847
Osborne,N,0,7,Vanity_Fair_1847
Osborne,C,0,7,Vanity_Fair_1847
Osborne,I,0,7,Vanity_Fair_1847
Osborne,A,0,7,Vanity_Fair_1847
Osborne,DC,0,7,Vanity_Fair_1847
Osborne,DN,0,7,Vanity_Fair_1847
Pa,N,0,7,Vanity_Fair_1847
Pa,C,0,7,Vanity_Fair_1847
Pa,I,0,7,Vanity_Fair_1847
Pa,A,0,7,Vanity_Fair_1847
Pa,DC,0,7,Vanity_Fair_1847
Pa,DN,0,7,Vanity_Fair_1847
Papa,N,2,7,Vanity_Fair_1847
Papa,C,0,7,Vanity_Fair_1847
Papa,I,1,7,Vanity_Fair_1847
Papa,A,0,7,Vanity_Fair_1847
Papa,DC,0,7,Vanity_Fair_1847
Papa,DN,1,7,Vanity_Fair_1847
Pauline,N,9,7,Vanity_Fair_1847
Pauline,C,1,7,Vanity_Fair_1847
Pauline,I,4,7,Vanity_Fair_1847
Pauline,A,6,7,Vanity_Fair_1847
Pauline,DC,0,7,Vanity_Fair_1847
Pauline,DN,1,7,Vanity_Fair_1847
Payne,N,0,7,Vanity_Fair_1847
Payne,C,0,7,Vanity_Fair_1847
Payne,I,0,7,Vanity_Fair_1847
Payne,A,0,7,Vanity_Fair_1847
Payne,DC,0,7,Vanity_Fair_1847
Payne,DN,0,7,Vanity_Fair_1847
Peggy,N,13,7,Vanity_Fair_1847
Peggy,C,2,7,Vanity_Fair_1847
Peggy,I,4,7,Vanity_Fair_1847
Peggy,A,5,7,Vanity_Fair_1847
Peggy,DC,5,7,Vanity_Fair_1847
Peggy,DN,1,7,Vanity_Fair_1847
Pinner,N,0,7,Vanity_Fair_1847
Pinner,C,0,7,Vanity_Fair_1847
Pinner,I,0,7,Vanity_Fair_1847
Pinner,A,0,7,Vanity_Fair_1847
Pinner,DC,0,7,Vanity_Fair_1847
Pinner,DN,0,7,Vanity_Fair_1847
Pitt,N,74,7,Vanity_Fair_1847
Pitt,C,16,7,Vanity_Fair_1847
Pitt,I,23,7,Vanity_Fair_1847
Pitt,A,46,7,Vanity_Fair_1847
Pitt,DC,8,7,Vanity_Fair_1847
Pitt,DN,7,7,Vanity_Fair_1847
Pitt Binkie,N,0,7,Vanity_Fair_1847
Pitt Binkie,C,0,7,Vanity_Fair_1847
Pitt Binkie,I,0,7,Vanity_Fair_1847
Pitt Binkie,A,0,7,Vanity_Fair_1847
Pitt Binkie,DC,0,7,Vanity_Fair_1847
Pitt Binkie,DN,0,7,Vanity_Fair_1847
Poor Jim,N,4,7,Vanity_Fair_1847
Poor Jim,C,0,7,Vanity_Fair_1847
Poor Jim,I,5,7,Vanity_Fair_1847
Poor Jim,A,4,7,Vanity_Fair_1847
Poor Jim,DC,0,7,Vanity_Fair_1847
Poor Jim,DN,0,7,Vanity_Fair_1847
Queen,N,4,7,Vanity_Fair_1847
Queen,C,0,7,Vanity_Fair_1847
Queen,I,0,7,Vanity_Fair_1847
Queen,A,0,7,Vanity_Fair_1847
Queen,DC,0,7,Vanity_Fair_1847
Queen,DN,0,7,Vanity_Fair_1847
Raggles,N,10,7,Vanity_Fair_1847
Raggles,C,0,7,Vanity_Fair_1847
Raggles,I,2,7,Vanity_Fair_1847
Raggles,A,6,7,Vanity_Fair_1847
Raggles,DC,0,7,Vanity_Fair_1847
Raggles,DN,0,7,Vanity_Fair_1847
Rawdon,N,202,7,Vanity_Fair_1847
Rawdon,C,40,7,Vanity_Fair_1847
Rawdon,I,53,7,Vanity_Fair_1847
Rawdon,A,111,7,Vanity_Fair_1847
Rawdon,DC,35,7,Vanity_Fair_1847
Rawdon,DN,11,7,Vanity_Fair_1847
"Rawdon Crawley , Esquire",N,0,7,Vanity_Fair_1847
"Rawdon Crawley , Esquire",C,0,7,Vanity_Fair_1847
"Rawdon Crawley , Esquire",I,0,7,Vanity_Fair_1847
"Rawdon Crawley , Esquire",A,0,7,Vanity_Fair_1847
"Rawdon Crawley , Esquire",DC,0,7,Vanity_Fair_1847
"Rawdon Crawley , Esquire",DN,0,7,Vanity_Fair_1847
Rebecca,N,0,7,Vanity_Fair_1847
Rebecca,C,0,7,Vanity_Fair_1847
Rebecca,I,0,7,Vanity_Fair_1847
Rebecca,A,0,7,Vanity_Fair_1847
Rebecca,DC,0,7,Vanity_Fair_1847
Rebecca,DN,0,7,Vanity_Fair_1847
Regulus,N,8,7,Vanity_Fair_1847
Regulus,C,0,7,Vanity_Fair_1847
Regulus,I,3,7,Vanity_Fair_1847
Regulus,A,7,7,Vanity_Fair_1847
Regulus,DC,0,7,Vanity_Fair_1847
Regulus,DN,3,7,Vanity_Fair_1847
Rhoda,N,0,7,Vanity_Fair_1847
Rhoda,C,0,7,Vanity_Fair_1847
Rhoda,I,0,7,Vanity_Fair_1847
Rhoda,A,0,7,Vanity_Fair_1847
Rhoda,DC,0,7,Vanity_Fair_1847
Rhoda,DN,0,7,Vanity_Fair_1847
Robinson,N,0,7,Vanity_Fair_1847
Robinson,C,0,7,Vanity_Fair_1847
Robinson,I,0,7,Vanity_Fair_1847
Robinson,A,0,7,Vanity_Fair_1847
Robinson,DC,0,7,Vanity_Fair_1847
Robinson,DN,0,7,Vanity_Fair_1847
Rosa,N,0,7,Vanity_Fair_1847
Rosa,C,0,7,Vanity_Fair_1847
Rosa,I,0,7,Vanity_Fair_1847
Rosa,A,0,7,Vanity_Fair_1847
Rosa,DC,0,7,Vanity_Fair_1847
Rosa,DN,0,7,Vanity_Fair_1847
Rose,N,0,7,Vanity_Fair_1847
Rose,C,0,7,Vanity_Fair_1847
Rose,I,0,7,Vanity_Fair_1847
Rose,A,0,7,Vanity_Fair_1847
Rose,DC,0,7,Vanity_Fair_1847
Rose,DN,0,7,Vanity_Fair_1847
SWEETEST AMELIA,N,0,7,Vanity_Fair_1847
SWEETEST AMELIA,C,0,7,Vanity_Fair_1847
SWEETEST AMELIA,I,0,7,Vanity_Fair_1847
SWEETEST AMELIA,A,0,7,Vanity_Fair_1847
SWEETEST AMELIA,DC,0,7,Vanity_Fair_1847
SWEETEST AMELIA,DN,0,7,Vanity_Fair_1847
Sambo,N,0,7,Vanity_Fair_1847
Sambo,C,0,7,Vanity_Fair_1847
Sambo,I,0,7,Vanity_Fair_1847
Sambo,A,0,7,Vanity_Fair_1847
Sambo,DC,0,7,Vanity_Fair_1847
Sambo,DN,0,7,Vanity_Fair_1847
Simpson,N,0,7,Vanity_Fair_1847
Simpson,C,0,7,Vanity_Fair_1847
Simpson,I,0,7,Vanity_Fair_1847
Simpson,A,0,7,Vanity_Fair_1847
Simpson,DC,0,7,Vanity_Fair_1847
Simpson,DN,0,7,Vanity_Fair_1847
Sir Giles Wapshot,N,0,7,Vanity_Fair_1847
Sir Giles Wapshot,C,0,7,Vanity_Fair_1847
Sir Giles Wapshot,I,0,7,Vanity_Fair_1847
Sir Giles Wapshot,A,0,7,Vanity_Fair_1847
Sir Giles Wapshot,DC,0,7,Vanity_Fair_1847
Sir Giles Wapshot,DN,0,7,Vanity_Fair_1847
Sir Huddleston Fuddleston,N,0,7,Vanity_Fair_1847
Sir Huddleston Fuddleston,C,0,7,Vanity_Fair_1847
Sir Huddleston Fuddleston,I,0,7,Vanity_Fair_1847
Sir Huddleston Fuddleston,A,0,7,Vanity_Fair_1847
Sir Huddleston Fuddleston,DC,0,7,Vanity_Fair_1847
Sir Huddleston Fuddleston,DN,0,7,Vanity_Fair_1847
Sir Huddlestone,N,0,7,Vanity_Fair_1847
Sir Huddlestone,C,0,7,Vanity_Fair_1847
Sir Huddlestone,I,0,7,Vanity_Fair_1847
Sir Huddlestone,A,0,7,Vanity_Fair_1847
Sir Huddlestone,DC,0,7,Vanity_Fair_1847
Sir Huddlestone,DN,0,7,Vanity_Fair_1847
Sir John,N,0,7,Vanity_Fair_1847
Sir John,C,0,7,Vanity_Fair_1847
Sir John,I,0,7,Vanity_Fair_1847
Sir John,A,0,7,Vanity_Fair_1847
Sir John,DC,0,7,Vanity_Fair_1847
Sir John,DN,0,7,Vanity_Fair_1847
Sir Michael O'Dowd,N,1,7,Vanity_Fair_1847
Sir Michael O'Dowd,C,0,7,Vanity_Fair_1847
Sir Michael O'Dowd,I,0,7,Vanity_Fair_1847
Sir Michael O'Dowd,A,0,7,Vanity_Fair_1847
Sir Michael O'Dowd,DC,1,7,Vanity_Fair_1847
Sir Michael O'Dowd,DN,0,7,Vanity_Fair_1847
Sir Pitt,N,4,7,Vanity_Fair_1847
Sir Pitt,C,0,7,Vanity_Fair_1847
Sir Pitt,I,2,7,Vanity_Fair_1847
Sir Pitt,A,3,7,Vanity_Fair_1847
Sir Pitt,DC,0,7,Vanity_Fair_1847
Sir Pitt,DN,1,7,Vanity_Fair_1847
Sir Rawdon,N,3,7,Vanity_Fair_1847
Sir Rawdon,C,0,7,Vanity_Fair_1847
Sir Rawdon,I,0,7,Vanity_Fair_1847
Sir Rawdon,A,3,7,Vanity_Fair_1847
Sir Rawdon,DC,0,7,Vanity_Fair_1847
Sir Rawdon,DN,2,7,Vanity_Fair_1847
Smith,N,0,7,Vanity_Fair_1847
Smith,C,0,7,Vanity_Fair_1847
Smith,I,0,7,Vanity_Fair_1847
Smith,A,0,7,Vanity_Fair_1847
Smith,DC,0,7,Vanity_Fair_1847
Smith,DN,0,7,Vanity_Fair_1847
Smollett,N,0,7,Vanity_Fair_1847
Smollett,C,0,7,Vanity_Fair_1847
Smollett,I,0,7,Vanity_Fair_1847
Smollett,A,0,7,Vanity_Fair_1847
Smollett,DC,0,7,Vanity_Fair_1847
Smollett,DN,0,7,Vanity_Fair_1847
Stubble,N,3,7,Vanity_Fair_1847
Stubble,C,2,7,Vanity_Fair_1847
Stubble,I,1,7,Vanity_Fair_1847
Stubble,A,3,7,Vanity_Fair_1847
Stubble,DC,1,7,Vanity_Fair_1847
Stubble,DN,0,7,Vanity_Fair_1847
Stumpy,N,0,7,Vanity_Fair_1847
Stumpy,C,0,7,Vanity_Fair_1847
Stumpy,I,0,7,Vanity_Fair_1847
Stumpy,A,0,7,Vanity_Fair_1847
Stumpy,DC,0,7,Vanity_Fair_1847
Stumpy,DN,0,7,Vanity_Fair_1847
Tapeworm,N,0,7,Vanity_Fair_1847
Tapeworm,C,0,7,Vanity_Fair_1847
Tapeworm,I,0,7,Vanity_Fair_1847
Tapeworm,A,0,7,Vanity_Fair_1847
Tapeworm,DC,0,7,Vanity_Fair_1847
Tapeworm,DN,0,7,Vanity_Fair_1847
Tapeworm Castle,N,0,7,Vanity_Fair_1847
Tapeworm Castle,C,0,7,Vanity_Fair_1847
Tapeworm Castle,I,0,7,Vanity_Fair_1847
Tapeworm Castle,A,0,7,Vanity_Fair_1847
Tapeworm Castle,DC,0,7,Vanity_Fair_1847
Tapeworm Castle,DN,0,7,Vanity_Fair_1847
The Capting,N,0,7,Vanity_Fair_1847
The Capting,C,0,7,Vanity_Fair_1847
The Capting,I,0,7,Vanity_Fair_1847
The Capting,A,0,7,Vanity_Fair_1847
The Capting,DC,0,7,Vanity_Fair_1847
The Capting,DN,0,7,Vanity_Fair_1847
The Duke of Wellington,N,5,7,Vanity_Fair_1847
The Duke of Wellington,C,0,7,Vanity_Fair_1847
The Duke of Wellington,I,2,7,Vanity_Fair_1847
The Duke of Wellington,A,6,7,Vanity_Fair_1847
The Duke of Wellington,DC,0,7,Vanity_Fair_1847
The Duke of Wellington,DN,0,7,Vanity_Fair_1847
Thriftless,N,0,7,Vanity_Fair_1847
Thriftless,C,0,7,Vanity_Fair_1847
Thriftless,I,0,7,Vanity_Fair_1847
Thriftless,A,0,7,Vanity_Fair_1847
Thriftless,DC,0,7,Vanity_Fair_1847
Thriftless,DN,0,7,Vanity_Fair_1847
Tinker,N,0,7,Vanity_Fair_1847
Tinker,C,0,7,Vanity_Fair_1847
Tinker,I,0,7,Vanity_Fair_1847
Tinker,A,0,7,Vanity_Fair_1847
Tinker,DC,0,7,Vanity_Fair_1847
Tinker,DN,0,7,Vanity_Fair_1847
Tom Eaves,N,0,7,Vanity_Fair_1847
Tom Eaves,C,0,7,Vanity_Fair_1847
Tom Eaves,I,0,7,Vanity_Fair_1847
Tom Eaves,A,0,7,Vanity_Fair_1847
Tom Eaves,DC,0,7,Vanity_Fair_1847
Tom Eaves,DN,0,7,Vanity_Fair_1847
Tom Fool,N,0,7,Vanity_Fair_1847
Tom Fool,C,0,7,Vanity_Fair_1847
Tom Fool,I,0,7,Vanity_Fair_1847
Tom Fool,A,0,7,Vanity_Fair_1847
Tom Fool,DC,0,7,Vanity_Fair_1847
Tom Fool,DN,0,7,Vanity_Fair_1847
Tom Moody,N,0,7,Vanity_Fair_1847
Tom Moody,C,0,7,Vanity_Fair_1847
Tom Moody,I,0,7,Vanity_Fair_1847
Tom Moody,A,0,7,Vanity_Fair_1847
Tom Moody,DC,0,7,Vanity_Fair_1847
Tom Moody,DN,0,7,Vanity_Fair_1847
Trotter,N,2,7,Vanity_Fair_1847
Trotter,C,0,7,Vanity_Fair_1847
Trotter,I,0,7,Vanity_Fair_1847
Trotter,A,0,7,Vanity_Fair_1847
Trotter,DC,2,7,Vanity_Fair_1847
Trotter,DN,0,7,Vanity_Fair_1847
Truffigny,N,0,7,Vanity_Fair_1847
Truffigny,C,0,7,Vanity_Fair_1847
Truffigny,I,0,7,Vanity_Fair_1847
Truffigny,A,0,7,Vanity_Fair_1847
Truffigny,DC,0,7,Vanity_Fair_1847
Truffigny,DN,0,7,Vanity_Fair_1847
Vanity Fair,N,3,7,Vanity_Fair_1847
Vanity Fair,C,0,7,Vanity_Fair_1847
Vanity Fair,I,0,7,Vanity_Fair_1847
Vanity Fair,A,0,7,Vanity_Fair_1847
Vanity Fair,DC,0,7,Vanity_Fair_1847
Vanity Fair,DN,0,7,Vanity_Fair_1847
Victor Aurelius XIV,N,0,7,Vanity_Fair_1847
Victor Aurelius XIV,C,0,7,Vanity_Fair_1847
Victor Aurelius XIV,I,0,7,Vanity_Fair_1847
Victor Aurelius XIV,A,0,7,Vanity_Fair_1847
Victor Aurelius XIV,DC,0,7,Vanity_Fair_1847
Victor Aurelius XIV,DN,0,7,Vanity_Fair_1847
Walpole Crawley,N,1,7,Vanity_Fair_1847
Walpole Crawley,C,0,7,Vanity_Fair_1847
Walpole Crawley,I,0,7,Vanity_Fair_1847
Walpole Crawley,A,0,7,Vanity_Fair_1847
Walpole Crawley,DC,0,7,Vanity_Fair_1847
Walpole Crawley,DN,0,7,Vanity_Fair_1847
Waterloo,N,1,7,Vanity_Fair_1847
Waterloo,C,0,7,Vanity_Fair_1847
Waterloo,I,0,7,Vanity_Fair_1847
Waterloo,A,0,7,Vanity_Fair_1847
Waterloo,DC,0,7,Vanity_Fair_1847
Waterloo,DN,0,7,Vanity_Fair_1847
Waxy,N,3,7,Vanity_Fair_1847
Waxy,C,0,7,Vanity_Fair_1847
Waxy,I,0,7,Vanity_Fair_1847
Waxy,A,1,7,Vanity_Fair_1847
Waxy,DC,1,7,Vanity_Fair_1847
Waxy,DN,0,7,Vanity_Fair_1847
Young Stubble,N,4,7,Vanity_Fair_1847
Young Stubble,C,0,7,Vanity_Fair_1847
Young Stubble,I,0,7,Vanity_Fair_1847
Young Stubble,A,2,7,Vanity_Fair_1847
Young Stubble,DC,0,7,Vanity_Fair_1847
Young Stubble,DN,0,7,Vanity_Fair_1847
Young Tandyman,N,0,7,Vanity_Fair_1847
Young Tandyman,C,0,7,Vanity_Fair_1847
Young Tandyman,I,0,7,Vanity_Fair_1847
Young Tandyman,A,0,7,Vanity_Fair_1847
Young Tandyman,DC,0,7,Vanity_Fair_1847
Young Tandyman,DN,0,7,Vanity_Fair_1847
little Emmy's,N,0,7,Vanity_Fair_1847
little Emmy's,C,0,7,Vanity_Fair_1847
little Emmy's,I,0,7,Vanity_Fair_1847
little Emmy's,A,0,7,Vanity_Fair_1847
little Emmy's,DC,0,7,Vanity_Fair_1847
little Emmy's,DN,0,7,Vanity_Fair_1847
little Fipps,N,0,7,Vanity_Fair_1847
little Fipps,C,0,7,Vanity_Fair_1847
little Fipps,I,0,7,Vanity_Fair_1847
little Fipps,A,0,7,Vanity_Fair_1847
little Fipps,DC,0,7,Vanity_Fair_1847
little Fipps,DN,0,7,Vanity_Fair_1847
old Sergeant Toffy,N,0,7,Vanity_Fair_1847
old Sergeant Toffy,C,0,7,Vanity_Fair_1847
old Sergeant Toffy,I,0,7,Vanity_Fair_1847
old Sergeant Toffy,A,0,7,Vanity_Fair_1847
old Sergeant Toffy,DC,0,7,Vanity_Fair_1847
old Sergeant Toffy,DN,0,7,Vanity_Fair_1847
"poor dear General Glanders , who was dying under the hands of that ignorant man",N,2,7,Vanity_Fair_1847
"poor dear General Glanders , who was dying under the hands of that ignorant man",C,0,7,Vanity_Fair_1847
"poor dear General Glanders , who was dying under the hands of that ignorant man",I,0,7,Vanity_Fair_1847
"poor dear General Glanders , who was dying under the hands of that ignorant man",A,2,7,Vanity_Fair_1847
"poor dear General Glanders , who was dying under the hands of that ignorant man",DC,3,7,Vanity_Fair_1847
"poor dear General Glanders , who was dying under the hands of that ignorant man",DN,0,7,Vanity_Fair_1847
the Crawleys,N,0,7,Vanity_Fair_1847
the Crawleys,C,0,7,Vanity_Fair_1847
the Crawleys,I,0,7,Vanity_Fair_1847
the Crawleys,A,0,7,Vanity_Fair_1847
the Crawleys,DC,0,7,Vanity_Fair_1847
the Crawleys,DN,0,7,Vanity_Fair_1847
the English,N,6,7,Vanity_Fair_1847
the English,C,0,7,Vanity_Fair_1847
the English,I,1,7,Vanity_Fair_1847
the English,A,1,7,Vanity_Fair_1847
the English,DC,1,7,Vanity_Fair_1847
the English,DN,0,7,Vanity_Fair_1847
the French,N,14,7,Vanity_Fair_1847
the French,C,0,7,Vanity_Fair_1847
the French,I,0,7,Vanity_Fair_1847
the French,A,6,7,Vanity_Fair_1847
the French,DC,6,7,Vanity_Fair_1847
the French,DN,0,7,Vanity_Fair_1847
the Grafinn Fanny de Butterbrod,N,0,7,Vanity_Fair_1847
the Grafinn Fanny de Butterbrod,C,0,7,Vanity_Fair_1847
the Grafinn Fanny de Butterbrod,I,0,7,Vanity_Fair_1847
the Grafinn Fanny de Butterbrod,A,0,7,Vanity_Fair_1847
the Grafinn Fanny de Butterbrod,DC,0,7,Vanity_Fair_1847
the Grafinn Fanny de Butterbrod,DN,0,7,Vanity_Fair_1847
the Hammersmith Semiramis,N,0,7,Vanity_Fair_1847
the Hammersmith Semiramis,C,0,7,Vanity_Fair_1847
the Hammersmith Semiramis,I,0,7,Vanity_Fair_1847
the Hammersmith Semiramis,A,0,7,Vanity_Fair_1847
the Hammersmith Semiramis,DC,0,7,Vanity_Fair_1847
the Hammersmith Semiramis,DN,0,7,Vanity_Fair_1847
the Honourable Mrs. Tufto,N,3,7,Vanity_Fair_1847
the Honourable Mrs. Tufto,C,0,7,Vanity_Fair_1847
the Honourable Mrs. Tufto,I,2,7,Vanity_Fair_1847
the Honourable Mrs. Tufto,A,5,7,Vanity_Fair_1847
the Honourable Mrs. Tufto,DC,0,7,Vanity_Fair_1847
the Honourable Mrs. Tufto,DN,1,7,Vanity_Fair_1847
the Kislar Aga,N,0,7,Vanity_Fair_1847
the Kislar Aga,C,0,7,Vanity_Fair_1847
the Kislar Aga,I,0,7,Vanity_Fair_1847
the Kislar Aga,A,0,7,Vanity_Fair_1847
the Kislar Aga,DC,0,7,Vanity_Fair_1847
the Kislar Aga,DN,0,7,Vanity_Fair_1847
the Marquis of Steyne,N,0,7,Vanity_Fair_1847
the Marquis of Steyne,C,0,7,Vanity_Fair_1847
the Marquis of Steyne,I,0,7,Vanity_Fair_1847
the Marquis of Steyne,A,0,7,Vanity_Fair_1847
the Marquis of Steyne,DC,0,7,Vanity_Fair_1847
the Marquis of Steyne,DN,0,7,Vanity_Fair_1847
the Misses Dobbin,N,1,7,Vanity_Fair_1847
the Misses Dobbin,C,0,7,Vanity_Fair_1847
the Misses Dobbin,I,0,7,Vanity_Fair_1847
the Misses Dobbin,A,0,7,Vanity_Fair_1847
the Misses Dobbin,DC,0,7,Vanity_Fair_1847
the Misses Dobbin,DN,0,7,Vanity_Fair_1847
the Misses Osborne,N,0,7,Vanity_Fair_1847
the Misses Osborne,C,0,7,Vanity_Fair_1847
the Misses Osborne,I,0,7,Vanity_Fair_1847
the Misses Osborne,A,0,7,Vanity_Fair_1847
the Misses Osborne,DC,0,7,Vanity_Fair_1847
the Misses Osborne,DN,0,7,Vanity_Fair_1847
the Osbornes,N,3,7,Vanity_Fair_1847
the Osbornes,C,0,7,Vanity_Fair_1847
the Osbornes,I,0,7,Vanity_Fair_1847
the Osbornes,A,0,7,Vanity_Fair_1847
the Osbornes,DC,0,7,Vanity_Fair_1847
the Osbornes,DN,0,7,Vanity_Fair_1847
the Reverend Bute Crawley,N,1,7,Vanity_Fair_1847
the Reverend Bute Crawley,C,0,7,Vanity_Fair_1847
the Reverend Bute Crawley,I,1,7,Vanity_Fair_1847
the Reverend Bute Crawley,A,0,7,Vanity_Fair_1847
the Reverend Bute Crawley,DC,0,7,Vanity_Fair_1847
the Reverend Bute Crawley,DN,0,7,Vanity_Fair_1847
the Ribbons,N,0,7,Vanity_Fair_1847
the Ribbons,C,0,7,Vanity_Fair_1847
the Ribbons,I,0,7,Vanity_Fair_1847
the Ribbons,A,0,7,Vanity_Fair_1847
the Ribbons,DC,0,7,Vanity_Fair_1847
the Ribbons,DN,0,7,Vanity_Fair_1847
the Russians,N,3,7,Vanity_Fair_1847
the Russians,C,0,7,Vanity_Fair_1847
the Russians,I,0,7,Vanity_Fair_1847
the Russians,A,1,7,Vanity_Fair_1847
the Russians,DC,1,7,Vanity_Fair_1847
the Russians,DN,0,7,Vanity_Fair_1847
the Sedleys,N,1,7,Vanity_Fair_1847
the Sedleys,C,0,7,Vanity_Fair_1847
the Sedleys,I,0,7,Vanity_Fair_1847
the Sedleys,A,0,7,Vanity_Fair_1847
the Sedleys,DC,1,7,Vanity_Fair_1847
the Sedleys,DN,0,7,Vanity_Fair_1847
the old Baronet,N,0,7,Vanity_Fair_1847
the old Baronet,C,0,7,Vanity_Fair_1847
the old Baronet,I,0,7,Vanity_Fair_1847
the old Baronet,A,0,7,Vanity_Fair_1847
the old Baronet,DC,0,7,Vanity_Fair_1847
the old Baronet,DN,0,7,Vanity_Fair_1847
the old Chevalier de Talonrouge,N,1,7,Vanity_Fair_1847
the old Chevalier de Talonrouge,C,0,7,Vanity_Fair_1847
the old Chevalier de Talonrouge,I,0,7,Vanity_Fair_1847
the old Chevalier de Talonrouge,A,1,7,Vanity_Fair_1847
the old Chevalier de Talonrouge,DC,0,7,Vanity_Fair_1847
the old Chevalier de Talonrouge,DN,0,7,Vanity_Fair_1847
young Blackball,N,0,7,Vanity_Fair_1847
young Blackball,C,0,7,Vanity_Fair_1847
young Blackball,I,0,7,Vanity_Fair_1847
young Blackball,A,0,7,Vanity_Fair_1847
young Blackball,DC,0,7,Vanity_Fair_1847
young Blackball,DN,0,7,Vanity_Fair_1847
young Lord Dovedale,N,0,7,Vanity_Fair_1847
young Lord Dovedale,C,0,7,Vanity_Fair_1847
young Lord Dovedale,I,0,7,Vanity_Fair_1847
young Lord Dovedale,A,0,7,Vanity_Fair_1847
young Lord Dovedale,DC,0,7,Vanity_Fair_1847
young Lord Dovedale,DN,0,7,Vanity_Fair_1847
Achilles,N,0,8,Vanity_Fair_1847
Achilles,C,0,8,Vanity_Fair_1847
Achilles,I,0,8,Vanity_Fair_1847
Achilles,A,0,8,Vanity_Fair_1847
Achilles,DC,0,8,Vanity_Fair_1847
Achilles,DN,0,8,Vanity_Fair_1847
Aegisthus,N,0,8,Vanity_Fair_1847
Aegisthus,C,0,8,Vanity_Fair_1847
Aegisthus,I,0,8,Vanity_Fair_1847
Aegisthus,A,0,8,Vanity_Fair_1847
Aegisthus,DC,0,8,Vanity_Fair_1847
Aegisthus,DN,0,8,Vanity_Fair_1847
Amelia,N,19,8,Vanity_Fair_1847
Amelia,C,2,8,Vanity_Fair_1847
Amelia,I,14,8,Vanity_Fair_1847
Amelia,A,5,8,Vanity_Fair_1847
Amelia,DC,2,8,Vanity_Fair_1847
Amelia,DN,4,8,Vanity_Fair_1847
Arabella,N,0,8,Vanity_Fair_1847
Arabella,C,0,8,Vanity_Fair_1847
Arabella,I,0,8,Vanity_Fair_1847
Arabella,A,0,8,Vanity_Fair_1847
Arabella,DC,0,8,Vanity_Fair_1847
Arabella,DN,0,8,Vanity_Fair_1847
Barbara,N,0,8,Vanity_Fair_1847
Barbara,C,0,8,Vanity_Fair_1847
Barbara,I,0,8,Vanity_Fair_1847
Barbara,A,0,8,Vanity_Fair_1847
Barbara,DC,0,8,Vanity_Fair_1847
Barbara,DN,0,8,Vanity_Fair_1847
Bart,N,0,8,Vanity_Fair_1847
Bart,C,0,8,Vanity_Fair_1847
Bart,I,0,8,Vanity_Fair_1847
Bart,A,0,8,Vanity_Fair_1847
Bart,DC,0,8,Vanity_Fair_1847
Bart,DN,0,8,Vanity_Fair_1847
Beauty,N,0,8,Vanity_Fair_1847
Beauty,C,0,8,Vanity_Fair_1847
Beauty,I,0,8,Vanity_Fair_1847
Beauty,A,0,8,Vanity_Fair_1847
Beauty,DC,0,8,Vanity_Fair_1847
Beauty,DN,0,8,Vanity_Fair_1847
Becky,N,65,8,Vanity_Fair_1847
Becky,C,24,8,Vanity_Fair_1847
Becky,I,34,8,Vanity_Fair_1847
Becky,A,58,8,Vanity_Fair_1847
Becky,DC,3,8,Vanity_Fair_1847
Becky,DN,10,8,Vanity_Fair_1847
Bedwin,N,0,8,Vanity_Fair_1847
Bedwin,C,0,8,Vanity_Fair_1847
Bedwin,I,0,8,Vanity_Fair_1847
Bedwin,A,0,8,Vanity_Fair_1847
Bedwin,DC,0,8,Vanity_Fair_1847
Bedwin,DN,0,8,Vanity_Fair_1847
Bessy,N,0,8,Vanity_Fair_1847
Bessy,C,0,8,Vanity_Fair_1847
Bessy,I,0,8,Vanity_Fair_1847
Bessy,A,0,8,Vanity_Fair_1847
Bessy,DC,0,8,Vanity_Fair_1847
Bessy,DN,0,8,Vanity_Fair_1847
Betty,N,0,8,Vanity_Fair_1847
Betty,C,0,8,Vanity_Fair_1847
Betty,I,0,8,Vanity_Fair_1847
Betty,A,0,8,Vanity_Fair_1847
Betty,DC,0,8,Vanity_Fair_1847
Betty,DN,0,8,Vanity_Fair_1847
Betty Flanagan,N,0,8,Vanity_Fair_1847
Betty Flanagan,C,0,8,Vanity_Fair_1847
Betty Flanagan,I,0,8,Vanity_Fair_1847
Betty Flanagan,A,0,8,Vanity_Fair_1847
Betty Flanagan,DC,0,8,Vanity_Fair_1847
Betty Flanagan,DN,0,8,Vanity_Fair_1847
Black Sambo,N,0,8,Vanity_Fair_1847
Black Sambo,C,0,8,Vanity_Fair_1847
Black Sambo,I,0,8,Vanity_Fair_1847
Black Sambo,A,0,8,Vanity_Fair_1847
Black Sambo,DC,0,8,Vanity_Fair_1847
Black Sambo,DN,0,8,Vanity_Fair_1847
Boggley Wollah,N,0,8,Vanity_Fair_1847
Boggley Wollah,C,0,8,Vanity_Fair_1847
Boggley Wollah,I,0,8,Vanity_Fair_1847
Boggley Wollah,A,0,8,Vanity_Fair_1847
Boggley Wollah,DC,0,8,Vanity_Fair_1847
Boggley Wollah,DN,0,8,Vanity_Fair_1847
Boney,N,0,8,Vanity_Fair_1847
Boney,C,0,8,Vanity_Fair_1847
Boney,I,0,8,Vanity_Fair_1847
Boney,A,0,8,Vanity_Fair_1847
Boney,DC,0,8,Vanity_Fair_1847
Boney,DN,0,8,Vanity_Fair_1847
Briefless,N,0,8,Vanity_Fair_1847
Briefless,C,0,8,Vanity_Fair_1847
Briefless,I,0,8,Vanity_Fair_1847
Briefless,A,0,8,Vanity_Fair_1847
Briefless,DC,0,8,Vanity_Fair_1847
Briefless,DN,0,8,Vanity_Fair_1847
Briggs,N,0,8,Vanity_Fair_1847
Briggs,C,0,8,Vanity_Fair_1847
Briggs,I,0,8,Vanity_Fair_1847
Briggs,A,0,8,Vanity_Fair_1847
Briggs,DC,0,8,Vanity_Fair_1847
Briggs,DN,0,8,Vanity_Fair_1847
Britons,N,0,8,Vanity_Fair_1847
Britons,C,0,8,Vanity_Fair_1847
Britons,I,0,8,Vanity_Fair_1847
Britons,A,0,8,Vanity_Fair_1847
Britons,DC,0,8,Vanity_Fair_1847
Britons,DN,0,8,Vanity_Fair_1847
Bullfinch,N,0,8,Vanity_Fair_1847
Bullfinch,C,0,8,Vanity_Fair_1847
Bullfinch,I,0,8,Vanity_Fair_1847
Bullfinch,A,0,8,Vanity_Fair_1847
Bullfinch,DC,0,8,Vanity_Fair_1847
Bullfinch,DN,0,8,Vanity_Fair_1847
Bute Crawleys,N,0,8,Vanity_Fair_1847
Bute Crawleys,C,0,8,Vanity_Fair_1847
Bute Crawleys,I,0,8,Vanity_Fair_1847
Bute Crawleys,A,0,8,Vanity_Fair_1847
Bute Crawleys,DC,0,8,Vanity_Fair_1847
Bute Crawleys,DN,0,8,Vanity_Fair_1847
Buty,N,1,8,Vanity_Fair_1847
Buty,C,0,8,Vanity_Fair_1847
Buty,I,0,8,Vanity_Fair_1847
Buty,A,0,8,Vanity_Fair_1847
Buty,DC,1,8,Vanity_Fair_1847
Buty,DN,0,8,Vanity_Fair_1847
Cackle,N,0,8,Vanity_Fair_1847
Cackle,C,0,8,Vanity_Fair_1847
Cackle,I,0,8,Vanity_Fair_1847
Cackle,A,0,8,Vanity_Fair_1847
Cackle,DC,0,8,Vanity_Fair_1847
Cackle,DN,0,8,Vanity_Fair_1847
Caliban,N,0,8,Vanity_Fair_1847
Caliban,C,0,8,Vanity_Fair_1847
Caliban,I,0,8,Vanity_Fair_1847
Caliban,A,0,8,Vanity_Fair_1847
Caliban,DC,0,8,Vanity_Fair_1847
Caliban,DN,0,8,Vanity_Fair_1847
Captain Bragg,N,0,8,Vanity_Fair_1847
Captain Bragg,C,0,8,Vanity_Fair_1847
Captain Bragg,I,0,8,Vanity_Fair_1847
Captain Bragg,A,0,8,Vanity_Fair_1847
Captain Bragg,DC,0,8,Vanity_Fair_1847
Captain Bragg,DN,0,8,Vanity_Fair_1847
Captain Dobbin Proceeds,N,0,8,Vanity_Fair_1847
Captain Dobbin Proceeds,C,0,8,Vanity_Fair_1847
Captain Dobbin Proceeds,I,0,8,Vanity_Fair_1847
Captain Dobbin Proceeds,A,0,8,Vanity_Fair_1847
Captain Dobbin Proceeds,DC,0,8,Vanity_Fair_1847
Captain Dobbin Proceeds,DN,0,8,Vanity_Fair_1847
Captain Macmurdo,N,0,8,Vanity_Fair_1847
Captain Macmurdo,C,0,8,Vanity_Fair_1847
Captain Macmurdo,I,0,8,Vanity_Fair_1847
Captain Macmurdo,A,0,8,Vanity_Fair_1847
Captain Macmurdo,DC,0,8,Vanity_Fair_1847
Captain Macmurdo,DN,0,8,Vanity_Fair_1847
Captain Marker,N,0,8,Vanity_Fair_1847
Captain Marker,C,0,8,Vanity_Fair_1847
Captain Marker,I,0,8,Vanity_Fair_1847
Captain Marker,A,0,8,Vanity_Fair_1847
Captain Marker,DC,0,8,Vanity_Fair_1847
Captain Marker,DN,0,8,Vanity_Fair_1847
Clement William,N,0,8,Vanity_Fair_1847
Clement William,C,0,8,Vanity_Fair_1847
Clement William,I,0,8,Vanity_Fair_1847
Clement William,A,0,8,Vanity_Fair_1847
Clement William,DC,0,8,Vanity_Fair_1847
Clement William,DN,0,8,Vanity_Fair_1847
Clytemnestra,N,0,8,Vanity_Fair_1847
Clytemnestra,C,0,8,Vanity_Fair_1847
Clytemnestra,I,0,8,Vanity_Fair_1847
Clytemnestra,A,0,8,Vanity_Fair_1847
Clytemnestra,DC,0,8,Vanity_Fair_1847
Clytemnestra,DN,0,8,Vanity_Fair_1847
Colonel Dobbin,N,0,8,Vanity_Fair_1847
Colonel Dobbin,C,0,8,Vanity_Fair_1847
Colonel Dobbin,I,0,8,Vanity_Fair_1847
Colonel Dobbin,A,0,8,Vanity_Fair_1847
Colonel Dobbin,DC,0,8,Vanity_Fair_1847
Colonel Dobbin,DN,0,8,Vanity_Fair_1847
Crawleys,N,0,8,Vanity_Fair_1847
Crawleys,C,0,8,Vanity_Fair_1847
Crawleys,I,0,8,Vanity_Fair_1847
Crawleys,A,0,8,Vanity_Fair_1847
Crawleys,DC,0,8,Vanity_Fair_1847
Crawleys,DN,0,8,Vanity_Fair_1847
Cuff,N,0,8,Vanity_Fair_1847
Cuff,C,0,8,Vanity_Fair_1847
Cuff,I,0,8,Vanity_Fair_1847
Cuff,A,0,8,Vanity_Fair_1847
Cuff,DC,0,8,Vanity_Fair_1847
Cuff,DN,0,8,Vanity_Fair_1847
Cupid,N,0,8,Vanity_Fair_1847
Cupid,C,0,8,Vanity_Fair_1847
Cupid,I,0,8,Vanity_Fair_1847
Cupid,A,0,8,Vanity_Fair_1847
Cupid,DC,0,8,Vanity_Fair_1847
Cupid,DN,0,8,Vanity_Fair_1847
"DEAR MAMA,--I",N,0,8,Vanity_Fair_1847
"DEAR MAMA,--I",C,0,8,Vanity_Fair_1847
"DEAR MAMA,--I",I,0,8,Vanity_Fair_1847
"DEAR MAMA,--I",A,0,8,Vanity_Fair_1847
"DEAR MAMA,--I",DC,0,8,Vanity_Fair_1847
"DEAR MAMA,--I",DN,0,8,Vanity_Fair_1847
Dammy,N,1,8,Vanity_Fair_1847
Dammy,C,0,8,Vanity_Fair_1847
Dammy,I,0,8,Vanity_Fair_1847
Dammy,A,0,8,Vanity_Fair_1847
Dammy,DC,0,8,Vanity_Fair_1847
Dammy,DN,0,8,Vanity_Fair_1847
Dear Miss Osborne,N,0,8,Vanity_Fair_1847
Dear Miss Osborne,C,0,8,Vanity_Fair_1847
Dear Miss Osborne,I,0,8,Vanity_Fair_1847
Dear Miss Osborne,A,0,8,Vanity_Fair_1847
Dear Miss Osborne,DC,0,8,Vanity_Fair_1847
Dear Miss Osborne,DN,0,8,Vanity_Fair_1847
Dives,N,0,8,Vanity_Fair_1847
Dives,C,0,8,Vanity_Fair_1847
Dives,I,0,8,Vanity_Fair_1847
Dives,A,0,8,Vanity_Fair_1847
Dives,DC,0,8,Vanity_Fair_1847
Dives,DN,0,8,Vanity_Fair_1847
Dob,N,3,8,Vanity_Fair_1847
Dob,C,0,8,Vanity_Fair_1847
Dob,I,0,8,Vanity_Fair_1847
Dob,A,0,8,Vanity_Fair_1847
Dob,DC,0,8,Vanity_Fair_1847
Dob,DN,0,8,Vanity_Fair_1847
Dobbin,N,21,8,Vanity_Fair_1847
Dobbin,C,7,8,Vanity_Fair_1847
Dobbin,I,15,8,Vanity_Fair_1847
Dobbin,A,14,8,Vanity_Fair_1847
Dobbin,DC,6,8,Vanity_Fair_1847
Dobbin,DN,2,8,Vanity_Fair_1847
Doctor Johnson,N,0,8,Vanity_Fair_1847
Doctor Johnson,C,0,8,Vanity_Fair_1847
Doctor Johnson,I,0,8,Vanity_Fair_1847
Doctor Johnson,A,0,8,Vanity_Fair_1847
Doctor Johnson,DC,0,8,Vanity_Fair_1847
Doctor Johnson,DN,0,8,Vanity_Fair_1847
Doctor von Glauber,N,0,8,Vanity_Fair_1847
Doctor von Glauber,C,0,8,Vanity_Fair_1847
Doctor von Glauber,I,0,8,Vanity_Fair_1847
Doctor von Glauber,A,0,8,Vanity_Fair_1847
Doctor von Glauber,DC,0,8,Vanity_Fair_1847
Doctor von Glauber,DN,0,8,Vanity_Fair_1847
Don Juan,N,0,8,Vanity_Fair_1847
Don Juan,C,0,8,Vanity_Fair_1847
Don Juan,I,0,8,Vanity_Fair_1847
Don Juan,A,0,8,Vanity_Fair_1847
Don Juan,DC,0,8,Vanity_Fair_1847
Don Juan,DN,0,8,Vanity_Fair_1847
Dr. Squills,N,0,8,Vanity_Fair_1847
Dr. Squills,C,0,8,Vanity_Fair_1847
Dr. Squills,I,0,8,Vanity_Fair_1847
Dr. Squills,A,0,8,Vanity_Fair_1847
Dr. Squills,DC,0,8,Vanity_Fair_1847
Dr. Squills,DN,0,8,Vanity_Fair_1847
Dr. Swishtail,N,0,8,Vanity_Fair_1847
Dr. Swishtail,C,0,8,Vanity_Fair_1847
Dr. Swishtail,I,0,8,Vanity_Fair_1847
Dr. Swishtail,A,0,8,Vanity_Fair_1847
Dr. Swishtail,DC,0,8,Vanity_Fair_1847
Dr. Swishtail,DN,0,8,Vanity_Fair_1847
Edward Dale,N,0,8,Vanity_Fair_1847
Edward Dale,C,0,8,Vanity_Fair_1847
Edward Dale,I,0,8,Vanity_Fair_1847
Edward Dale,A,0,8,Vanity_Fair_1847
Edward Dale,DC,0,8,Vanity_Fair_1847
Edward Dale,DN,0,8,Vanity_Fair_1847
Emmy,N,3,8,Vanity_Fair_1847
Emmy,C,0,8,Vanity_Fair_1847
Emmy,I,0,8,Vanity_Fair_1847
Emmy,A,0,8,Vanity_Fair_1847
Emmy,DC,0,8,Vanity_Fair_1847
Emmy,DN,1,8,Vanity_Fair_1847
Ensign Stubble,N,0,8,Vanity_Fair_1847
Ensign Stubble,C,0,8,Vanity_Fair_1847
Ensign Stubble,I,0,8,Vanity_Fair_1847
Ensign Stubble,A,0,8,Vanity_Fair_1847
Ensign Stubble,DC,0,8,Vanity_Fair_1847
Ensign Stubble,DN,0,8,Vanity_Fair_1847
Fanny Magenis,N,0,8,Vanity_Fair_1847
Fanny Magenis,C,0,8,Vanity_Fair_1847
Fanny Magenis,I,0,8,Vanity_Fair_1847
Fanny Magenis,A,0,8,Vanity_Fair_1847
Fanny Magenis,DC,0,8,Vanity_Fair_1847
Fanny Magenis,DN,0,8,Vanity_Fair_1847
Father Mole,N,0,8,Vanity_Fair_1847
Father Mole,C,0,8,Vanity_Fair_1847
Father Mole,I,0,8,Vanity_Fair_1847
Father Mole,A,0,8,Vanity_Fair_1847
Father Mole,DC,0,8,Vanity_Fair_1847
Father Mole,DN,0,8,Vanity_Fair_1847
Fidelio,N,0,8,Vanity_Fair_1847
Fidelio,C,0,8,Vanity_Fair_1847
Fidelio,I,0,8,Vanity_Fair_1847
Fidelio,A,0,8,Vanity_Fair_1847
Fidelio,DC,0,8,Vanity_Fair_1847
Fidelio,DN,0,8,Vanity_Fair_1847
Figs,N,0,8,Vanity_Fair_1847
Figs,C,0,8,Vanity_Fair_1847
Figs,I,0,8,Vanity_Fair_1847
Figs,A,0,8,Vanity_Fair_1847
Figs,DC,0,8,Vanity_Fair_1847
Figs,DN,0,8,Vanity_Fair_1847
Firkin,N,2,8,Vanity_Fair_1847
Firkin,C,0,8,Vanity_Fair_1847
Firkin,I,0,8,Vanity_Fair_1847
Firkin,A,0,8,Vanity_Fair_1847
Firkin,DC,0,8,Vanity_Fair_1847
Firkin,DN,0,8,Vanity_Fair_1847
Fitz - Willis,N,0,8,Vanity_Fair_1847
Fitz - Willis,C,0,8,Vanity_Fair_1847
Fitz - Willis,I,0,8,Vanity_Fair_1847
Fitz - Willis,A,0,8,Vanity_Fair_1847
Fitz - Willis,DC,0,8,Vanity_Fair_1847
Fitz - Willis,DN,0,8,Vanity_Fair_1847
Francis,N,1,8,Vanity_Fair_1847
Francis,C,0,8,Vanity_Fair_1847
Francis,I,0,8,Vanity_Fair_1847
Francis,A,0,8,Vanity_Fair_1847
Francis,DC,1,8,Vanity_Fair_1847
Francis,DN,0,8,Vanity_Fair_1847
Fred,N,7,8,Vanity_Fair_1847
Fred,C,2,8,Vanity_Fair_1847
Fred,I,4,8,Vanity_Fair_1847
Fred,A,4,8,Vanity_Fair_1847
Fred,DC,0,8,Vanity_Fair_1847
Fred,DN,0,8,Vanity_Fair_1847
"Frederick Bullock , Esq .",N,0,8,Vanity_Fair_1847
"Frederick Bullock , Esq .",C,0,8,Vanity_Fair_1847
"Frederick Bullock , Esq .",I,0,8,Vanity_Fair_1847
"Frederick Bullock , Esq .",A,0,8,Vanity_Fair_1847
"Frederick Bullock , Esq .",DC,0,8,Vanity_Fair_1847
"Frederick Bullock , Esq .",DN,0,8,Vanity_Fair_1847
Fritz,N,0,8,Vanity_Fair_1847
Fritz,C,0,8,Vanity_Fair_1847
Fritz,I,0,8,Vanity_Fair_1847
Fritz,A,0,8,Vanity_Fair_1847
Fritz,DC,0,8,Vanity_Fair_1847
Fritz,DN,0,8,Vanity_Fair_1847
Gad,N,0,8,Vanity_Fair_1847
Gad,C,0,8,Vanity_Fair_1847
Gad,I,0,8,Vanity_Fair_1847
Gad,A,0,8,Vanity_Fair_1847
Gad,DC,0,8,Vanity_Fair_1847
Gad,DN,0,8,Vanity_Fair_1847
General Tufto,N,0,8,Vanity_Fair_1847
General Tufto,C,0,8,Vanity_Fair_1847
General Tufto,I,0,8,Vanity_Fair_1847
General Tufto,A,0,8,Vanity_Fair_1847
General Tufto,DC,0,8,Vanity_Fair_1847
General Tufto,DN,0,8,Vanity_Fair_1847
George,N,24,8,Vanity_Fair_1847
George,C,1,8,Vanity_Fair_1847
George,I,7,8,Vanity_Fair_1847
George,A,8,8,Vanity_Fair_1847
George,DC,0,8,Vanity_Fair_1847
George,DN,5,8,Vanity_Fair_1847
Georgy,N,5,8,Vanity_Fair_1847
Georgy,C,0,8,Vanity_Fair_1847
Georgy,I,4,8,Vanity_Fair_1847
Georgy,A,4,8,Vanity_Fair_1847
Georgy,DC,2,8,Vanity_Fair_1847
Georgy,DN,0,8,Vanity_Fair_1847
Glorvina,N,31,8,Vanity_Fair_1847
Glorvina,C,7,8,Vanity_Fair_1847
Glorvina,I,5,8,Vanity_Fair_1847
Glorvina,A,21,8,Vanity_Fair_1847
Glorvina,DC,2,8,Vanity_Fair_1847
Glorvina,DN,2,8,Vanity_Fair_1847
God,N,1,8,Vanity_Fair_1847
God,C,0,8,Vanity_Fair_1847
God,I,0,8,Vanity_Fair_1847
God,A,0,8,Vanity_Fair_1847
God,DC,1,8,Vanity_Fair_1847
God,DN,0,8,Vanity_Fair_1847
Grandpapa,N,0,8,Vanity_Fair_1847
Grandpapa,C,0,8,Vanity_Fair_1847
Grandpapa,I,0,8,Vanity_Fair_1847
Grandpapa,A,0,8,Vanity_Fair_1847
Grandpapa,DC,0,8,Vanity_Fair_1847
Grandpapa,DN,0,8,Vanity_Fair_1847
Gulielmo Dobbin,N,0,8,Vanity_Fair_1847
Gulielmo Dobbin,C,0,8,Vanity_Fair_1847
Gulielmo Dobbin,I,0,8,Vanity_Fair_1847
Gulielmo Dobbin,A,0,8,Vanity_Fair_1847
Gulielmo Dobbin,DC,0,8,Vanity_Fair_1847
Gulielmo Dobbin,DN,0,8,Vanity_Fair_1847
H. E.,N,0,8,Vanity_Fair_1847
H. E.,C,0,8,Vanity_Fair_1847
H. E.,I,0,8,Vanity_Fair_1847
H. E.,A,0,8,Vanity_Fair_1847
H. E.,DC,0,8,Vanity_Fair_1847
H. E.,DN,0,8,Vanity_Fair_1847
Heaven,N,0,8,Vanity_Fair_1847
Heaven,C,0,8,Vanity_Fair_1847
Heaven,I,0,8,Vanity_Fair_1847
Heaven,A,0,8,Vanity_Fair_1847
Heaven,DC,0,8,Vanity_Fair_1847
Heaven,DN,0,8,Vanity_Fair_1847
Heavytop,N,0,8,Vanity_Fair_1847
Heavytop,C,0,8,Vanity_Fair_1847
Heavytop,I,0,8,Vanity_Fair_1847
Heavytop,A,0,8,Vanity_Fair_1847
Heavytop,DC,0,8,Vanity_Fair_1847
Heavytop,DN,0,8,Vanity_Fair_1847
Hester,N,6,8,Vanity_Fair_1847
Hester,C,2,8,Vanity_Fair_1847
Hester,I,5,8,Vanity_Fair_1847
Hester,A,3,8,Vanity_Fair_1847
Hester,DC,3,8,Vanity_Fair_1847
Hester,DN,0,8,Vanity_Fair_1847
Hulker,N,8,8,Vanity_Fair_1847
Hulker,C,0,8,Vanity_Fair_1847
Hulker,I,0,8,Vanity_Fair_1847
Hulker,A,0,8,Vanity_Fair_1847
Hulker,DC,0,8,Vanity_Fair_1847
Hulker,DN,1,8,Vanity_Fair_1847
Isidor,N,0,8,Vanity_Fair_1847
Isidor,C,0,8,Vanity_Fair_1847
Isidor,I,0,8,Vanity_Fair_1847
Isidor,A,0,8,Vanity_Fair_1847
Isidor,DC,0,8,Vanity_Fair_1847
Isidor,DN,0,8,Vanity_Fair_1847
Jack,N,0,8,Vanity_Fair_1847
Jack,C,0,8,Vanity_Fair_1847
Jack,I,0,8,Vanity_Fair_1847
Jack,A,0,8,Vanity_Fair_1847
Jack,DC,0,8,Vanity_Fair_1847
Jack,DN,0,8,Vanity_Fair_1847
James,N,11,8,Vanity_Fair_1847
James,C,0,8,Vanity_Fair_1847
James,I,2,8,Vanity_Fair_1847
James,A,5,8,Vanity_Fair_1847
James,DC,7,8,Vanity_Fair_1847
James,DN,1,8,Vanity_Fair_1847
Jenkins,N,0,8,Vanity_Fair_1847
Jenkins,C,0,8,Vanity_Fair_1847
Jenkins,I,0,8,Vanity_Fair_1847
Jenkins,A,0,8,Vanity_Fair_1847
Jenkins,DC,0,8,Vanity_Fair_1847
Jenkins,DN,0,8,Vanity_Fair_1847
Jim,N,2,8,Vanity_Fair_1847
Jim,C,0,8,Vanity_Fair_1847
Jim,I,0,8,Vanity_Fair_1847
Jim,A,0,8,Vanity_Fair_1847
Jim,DC,0,8,Vanity_Fair_1847
Jim,DN,0,8,Vanity_Fair_1847
John,N,0,8,Vanity_Fair_1847
John,C,0,8,Vanity_Fair_1847
John,I,0,8,Vanity_Fair_1847
John,A,0,8,Vanity_Fair_1847
John,DC,0,8,Vanity_Fair_1847
John,DN,0,8,Vanity_Fair_1847
John Osborne,N,0,8,Vanity_Fair_1847
John Osborne,C,0,8,Vanity_Fair_1847
John Osborne,I,0,8,Vanity_Fair_1847
John Osborne,A,0,8,Vanity_Fair_1847
John Osborne,DC,0,8,Vanity_Fair_1847
John Osborne,DN,0,8,Vanity_Fair_1847
John Sedley,N,0,8,Vanity_Fair_1847
John Sedley,C,0,8,Vanity_Fair_1847
John Sedley,I,0,8,Vanity_Fair_1847
John Sedley,A,0,8,Vanity_Fair_1847
John Sedley,DC,0,8,Vanity_Fair_1847
John Sedley,DN,0,8,Vanity_Fair_1847
John of Gaunt,N,0,8,Vanity_Fair_1847
John of Gaunt,C,0,8,Vanity_Fair_1847
John of Gaunt,I,0,8,Vanity_Fair_1847
John of Gaunt,A,0,8,Vanity_Fair_1847
John of Gaunt,DC,0,8,Vanity_Fair_1847
John of Gaunt,DN,0,8,Vanity_Fair_1847
Jones,N,0,8,Vanity_Fair_1847
Jones,C,0,8,Vanity_Fair_1847
Jones,I,0,8,Vanity_Fair_1847
Jones,A,0,8,Vanity_Fair_1847
Jones,DC,0,8,Vanity_Fair_1847
Jones,DN,0,8,Vanity_Fair_1847
Jos,N,1,8,Vanity_Fair_1847
Jos,C,0,8,Vanity_Fair_1847
Jos,I,0,8,Vanity_Fair_1847
Jos,A,0,8,Vanity_Fair_1847
Jos,DC,0,8,Vanity_Fair_1847
Jos,DN,0,8,Vanity_Fair_1847
Jove,N,0,8,Vanity_Fair_1847
Jove,C,0,8,Vanity_Fair_1847
Jove,I,0,8,Vanity_Fair_1847
Jove,A,0,8,Vanity_Fair_1847
Jove,DC,0,8,Vanity_Fair_1847
Jove,DN,0,8,Vanity_Fair_1847
Kirsch,N,0,8,Vanity_Fair_1847
Kirsch,C,0,8,Vanity_Fair_1847
Kirsch,I,0,8,Vanity_Fair_1847
Kirsch,A,0,8,Vanity_Fair_1847
Kirsch,DC,0,8,Vanity_Fair_1847
Kirsch,DN,0,8,Vanity_Fair_1847
Lady Bareacres,N,0,8,Vanity_Fair_1847
Lady Bareacres,C,0,8,Vanity_Fair_1847
Lady Bareacres,I,0,8,Vanity_Fair_1847
Lady Bareacres,A,0,8,Vanity_Fair_1847
Lady Bareacres,DC,0,8,Vanity_Fair_1847
Lady Bareacres,DN,0,8,Vanity_Fair_1847
Lady Blanche,N,0,8,Vanity_Fair_1847
Lady Blanche,C,0,8,Vanity_Fair_1847
Lady Blanche,I,0,8,Vanity_Fair_1847
Lady Blanche,A,0,8,Vanity_Fair_1847
Lady Blanche,DC,0,8,Vanity_Fair_1847
Lady Blanche,DN,0,8,Vanity_Fair_1847
Lady Crackenbury,N,0,8,Vanity_Fair_1847
Lady Crackenbury,C,0,8,Vanity_Fair_1847
Lady Crackenbury,I,0,8,Vanity_Fair_1847
Lady Crackenbury,A,0,8,Vanity_Fair_1847
Lady Crackenbury,DC,0,8,Vanity_Fair_1847
Lady Crackenbury,DN,0,8,Vanity_Fair_1847
Lady Crawley,N,3,8,Vanity_Fair_1847
Lady Crawley,C,1,8,Vanity_Fair_1847
Lady Crawley,I,0,8,Vanity_Fair_1847
Lady Crawley,A,1,8,Vanity_Fair_1847
Lady Crawley,DC,0,8,Vanity_Fair_1847
Lady Crawley,DN,0,8,Vanity_Fair_1847
Lady Dobbin,N,0,8,Vanity_Fair_1847
Lady Dobbin,C,0,8,Vanity_Fair_1847
Lady Dobbin,I,0,8,Vanity_Fair_1847
Lady Dobbin,A,0,8,Vanity_Fair_1847
Lady Dobbin,DC,0,8,Vanity_Fair_1847
Lady Dobbin,DN,0,8,Vanity_Fair_1847
Lady Fuddleston,N,0,8,Vanity_Fair_1847
Lady Fuddleston,C,0,8,Vanity_Fair_1847
Lady Fuddleston,I,0,8,Vanity_Fair_1847
Lady Fuddleston,A,0,8,Vanity_Fair_1847
Lady Fuddleston,DC,0,8,Vanity_Fair_1847
Lady Fuddleston,DN,0,8,Vanity_Fair_1847
Lady Gaunt,N,0,8,Vanity_Fair_1847
Lady Gaunt,C,0,8,Vanity_Fair_1847
Lady Gaunt,I,0,8,Vanity_Fair_1847
Lady Gaunt,A,0,8,Vanity_Fair_1847
Lady Gaunt,DC,0,8,Vanity_Fair_1847
Lady Gaunt,DN,0,8,Vanity_Fair_1847
Lady Jane,N,37,8,Vanity_Fair_1847
Lady Jane,C,11,8,Vanity_Fair_1847
Lady Jane,I,9,8,Vanity_Fair_1847
Lady Jane,A,23,8,Vanity_Fair_1847
Lady Jane,DC,17,8,Vanity_Fair_1847
Lady Jane,DN,1,8,Vanity_Fair_1847
Lady Macbeth,N,4,8,Vanity_Fair_1847
Lady Macbeth,C,0,8,Vanity_Fair_1847
Lady Macbeth,I,0,8,Vanity_Fair_1847
Lady Macbeth,A,2,8,Vanity_Fair_1847
Lady Macbeth,DC,0,8,Vanity_Fair_1847
Lady Macbeth,DN,0,8,Vanity_Fair_1847
Lady Mary Caerlyon,N,0,8,Vanity_Fair_1847
Lady Mary Caerlyon,C,0,8,Vanity_Fair_1847
Lady Mary Caerlyon,I,0,8,Vanity_Fair_1847
Lady Mary Caerlyon,A,0,8,Vanity_Fair_1847
Lady Mary Caerlyon,DC,0,8,Vanity_Fair_1847
Lady Mary Caerlyon,DN,0,8,Vanity_Fair_1847
Lady O'Dowd,N,12,8,Vanity_Fair_1847
Lady O'Dowd,C,0,8,Vanity_Fair_1847
Lady O'Dowd,I,0,8,Vanity_Fair_1847
Lady O'Dowd,A,6,8,Vanity_Fair_1847
Lady O'Dowd,DC,0,8,Vanity_Fair_1847
Lady O'Dowd,DN,2,8,Vanity_Fair_1847
Lady Partlet,N,0,8,Vanity_Fair_1847
Lady Partlet,C,0,8,Vanity_Fair_1847
Lady Partlet,I,0,8,Vanity_Fair_1847
Lady Partlet,A,0,8,Vanity_Fair_1847
Lady Partlet,DC,0,8,Vanity_Fair_1847
Lady Partlet,DN,0,8,Vanity_Fair_1847
Lady Slingstone,N,0,8,Vanity_Fair_1847
Lady Slingstone,C,0,8,Vanity_Fair_1847
Lady Slingstone,I,0,8,Vanity_Fair_1847
Lady Slingstone,A,0,8,Vanity_Fair_1847
Lady Slingstone,DC,0,8,Vanity_Fair_1847
Lady Slingstone,DN,0,8,Vanity_Fair_1847
Lady Southdown,N,23,8,Vanity_Fair_1847
Lady Southdown,C,3,8,Vanity_Fair_1847
Lady Southdown,I,1,8,Vanity_Fair_1847
Lady Southdown,A,6,8,Vanity_Fair_1847
Lady Southdown,DC,2,8,Vanity_Fair_1847
Lady Southdown,DN,2,8,Vanity_Fair_1847
Lady Squeams,N,0,8,Vanity_Fair_1847
Lady Squeams,C,0,8,Vanity_Fair_1847
Lady Squeams,I,0,8,Vanity_Fair_1847
Lady Squeams,A,0,8,Vanity_Fair_1847
Lady Squeams,DC,0,8,Vanity_Fair_1847
Lady Squeams,DN,0,8,Vanity_Fair_1847
Lady Steyne,N,0,8,Vanity_Fair_1847
Lady Steyne,C,0,8,Vanity_Fair_1847
Lady Steyne,I,0,8,Vanity_Fair_1847
Lady Steyne,A,0,8,Vanity_Fair_1847
Lady Steyne,DC,0,8,Vanity_Fair_1847
Lady Steyne,DN,0,8,Vanity_Fair_1847
Laura Martin,N,0,8,Vanity_Fair_1847
Laura Martin,C,0,8,Vanity_Fair_1847
Laura Martin,I,0,8,Vanity_Fair_1847
Laura Martin,A,0,8,Vanity_Fair_1847
Laura Martin,DC,0,8,Vanity_Fair_1847
Laura Martin,DN,0,8,Vanity_Fair_1847
Lazarus,N,0,8,Vanity_Fair_1847
Lazarus,C,0,8,Vanity_Fair_1847
Lazarus,I,0,8,Vanity_Fair_1847
Lazarus,A,0,8,Vanity_Fair_1847
Lazarus,DC,0,8,Vanity_Fair_1847
Lazarus,DN,0,8,Vanity_Fair_1847
Little Bob Suckling,N,0,8,Vanity_Fair_1847
Little Bob Suckling,C,0,8,Vanity_Fair_1847
Little Bob Suckling,I,0,8,Vanity_Fair_1847
Little Bob Suckling,A,0,8,Vanity_Fair_1847
Little Bob Suckling,DC,0,8,Vanity_Fair_1847
Little Bob Suckling,DN,0,8,Vanity_Fair_1847
Little Rawdon,N,0,8,Vanity_Fair_1847
Little Rawdon,C,0,8,Vanity_Fair_1847
Little Rawdon,I,0,8,Vanity_Fair_1847
Little Rawdon,A,0,8,Vanity_Fair_1847
Little Rawdon,DC,0,8,Vanity_Fair_1847
Little Rawdon,DN,0,8,Vanity_Fair_1847
Loll Jewab,N,0,8,Vanity_Fair_1847
Loll Jewab,C,0,8,Vanity_Fair_1847
Loll Jewab,I,0,8,Vanity_Fair_1847
Loll Jewab,A,0,8,Vanity_Fair_1847
Loll Jewab,DC,0,8,Vanity_Fair_1847
Loll Jewab,DN,0,8,Vanity_Fair_1847
Lord Bareacres,N,0,8,Vanity_Fair_1847
Lord Bareacres,C,0,8,Vanity_Fair_1847
Lord Bareacres,I,0,8,Vanity_Fair_1847
Lord Bareacres,A,0,8,Vanity_Fair_1847
Lord Bareacres,DC,0,8,Vanity_Fair_1847
Lord Bareacres,DN,0,8,Vanity_Fair_1847
Lord Binkie,N,0,8,Vanity_Fair_1847
Lord Binkie,C,0,8,Vanity_Fair_1847
Lord Binkie,I,0,8,Vanity_Fair_1847
Lord Binkie,A,0,8,Vanity_Fair_1847
Lord Binkie,DC,0,8,Vanity_Fair_1847
Lord Binkie,DN,0,8,Vanity_Fair_1847
Lord Gaunt,N,0,8,Vanity_Fair_1847
Lord Gaunt,C,0,8,Vanity_Fair_1847
Lord Gaunt,I,0,8,Vanity_Fair_1847
Lord Gaunt,A,0,8,Vanity_Fair_1847
Lord Gaunt,DC,0,8,Vanity_Fair_1847
Lord Gaunt,DN,0,8,Vanity_Fair_1847
Lord Southdown,N,0,8,Vanity_Fair_1847
Lord Southdown,C,0,8,Vanity_Fair_1847
Lord Southdown,I,0,8,Vanity_Fair_1847
Lord Southdown,A,0,8,Vanity_Fair_1847
Lord Southdown,DC,0,8,Vanity_Fair_1847
Lord Southdown,DN,0,8,Vanity_Fair_1847
Lord Steyne,N,4,8,Vanity_Fair_1847
Lord Steyne,C,0,8,Vanity_Fair_1847
Lord Steyne,I,0,8,Vanity_Fair_1847
Lord Steyne,A,5,8,Vanity_Fair_1847
Lord Steyne,DC,1,8,Vanity_Fair_1847
Lord Steyne,DN,0,8,Vanity_Fair_1847
Lord Steyne's,N,0,8,Vanity_Fair_1847
Lord Steyne's,C,0,8,Vanity_Fair_1847
Lord Steyne's,I,0,8,Vanity_Fair_1847
Lord Steyne's,A,0,8,Vanity_Fair_1847
Lord Steyne's,DC,0,8,Vanity_Fair_1847
Lord Steyne's,DN,0,8,Vanity_Fair_1847
Love,N,0,8,Vanity_Fair_1847
Love,C,0,8,Vanity_Fair_1847
Love,I,0,8,Vanity_Fair_1847
Love,A,0,8,Vanity_Fair_1847
Love,DC,0,8,Vanity_Fair_1847
Love,DN,0,8,Vanity_Fair_1847
Ma tante,N,0,8,Vanity_Fair_1847
Ma tante,C,0,8,Vanity_Fair_1847
Ma tante,I,0,8,Vanity_Fair_1847
Ma tante,A,0,8,Vanity_Fair_1847
Ma tante,DC,0,8,Vanity_Fair_1847
Ma tante,DN,0,8,Vanity_Fair_1847
Ma'am,N,0,8,Vanity_Fair_1847
Ma'am,C,0,8,Vanity_Fair_1847
Ma'am,I,0,8,Vanity_Fair_1847
Ma'am,A,0,8,Vanity_Fair_1847
Ma'am,DC,0,8,Vanity_Fair_1847
Ma'am,DN,0,8,Vanity_Fair_1847
Mac,N,0,8,Vanity_Fair_1847
Mac,C,0,8,Vanity_Fair_1847
Mac,I,0,8,Vanity_Fair_1847
Mac,A,0,8,Vanity_Fair_1847
Mac,DC,0,8,Vanity_Fair_1847
Mac,DN,0,8,Vanity_Fair_1847
Macmurdo,N,0,8,Vanity_Fair_1847
Macmurdo,C,0,8,Vanity_Fair_1847
Macmurdo,I,0,8,Vanity_Fair_1847
Macmurdo,A,0,8,Vanity_Fair_1847
Macmurdo,DC,0,8,Vanity_Fair_1847
Macmurdo,DN,0,8,Vanity_Fair_1847
Madame,N,0,8,Vanity_Fair_1847
Madame,C,0,8,Vanity_Fair_1847
Madame,I,0,8,Vanity_Fair_1847
Madame,A,0,8,Vanity_Fair_1847
Madame,DC,0,8,Vanity_Fair_1847
Madame,DN,0,8,Vanity_Fair_1847
Madame Crawley,N,1,8,Vanity_Fair_1847
Madame Crawley,C,0,8,Vanity_Fair_1847
Madame Crawley,I,0,8,Vanity_Fair_1847
Madame Crawley,A,0,8,Vanity_Fair_1847
Madame Crawley,DC,0,8,Vanity_Fair_1847
Madame Crawley,DN,0,8,Vanity_Fair_1847
Madame Lederlung,N,0,8,Vanity_Fair_1847
Madame Lederlung,C,0,8,Vanity_Fair_1847
Madame Lederlung,I,0,8,Vanity_Fair_1847
Madame Lederlung,A,0,8,Vanity_Fair_1847
Madame Lederlung,DC,0,8,Vanity_Fair_1847
Madame Lederlung,DN,0,8,Vanity_Fair_1847
Madame Strumpff,N,0,8,Vanity_Fair_1847
Madame Strumpff,C,0,8,Vanity_Fair_1847
Madame Strumpff,I,0,8,Vanity_Fair_1847
Madame Strumpff,A,0,8,Vanity_Fair_1847
Madame Strumpff,DC,0,8,Vanity_Fair_1847
Madame Strumpff,DN,0,8,Vanity_Fair_1847
Madame de Belladonna,N,0,8,Vanity_Fair_1847
Madame de Belladonna,C,0,8,Vanity_Fair_1847
Madame de Belladonna,I,0,8,Vanity_Fair_1847
Madame de Belladonna,A,0,8,Vanity_Fair_1847
Madame de Belladonna,DC,0,8,Vanity_Fair_1847
Madame de Belladonna,DN,0,8,Vanity_Fair_1847
Madame de Borodino,N,0,8,Vanity_Fair_1847
Madame de Borodino,C,0,8,Vanity_Fair_1847
Madame de Borodino,I,0,8,Vanity_Fair_1847
Madame de Borodino,A,0,8,Vanity_Fair_1847
Madame de Borodino,DC,0,8,Vanity_Fair_1847
Madame de Borodino,DN,0,8,Vanity_Fair_1847
Mademoiselle Fifine,N,0,8,Vanity_Fair_1847
Mademoiselle Fifine,C,0,8,Vanity_Fair_1847
Mademoiselle Fifine,I,0,8,Vanity_Fair_1847
Mademoiselle Fifine,A,0,8,Vanity_Fair_1847
Mademoiselle Fifine,DC,0,8,Vanity_Fair_1847
Mademoiselle Fifine,DN,0,8,Vanity_Fair_1847
Major Loder,N,0,8,Vanity_Fair_1847
Major Loder,C,0,8,Vanity_Fair_1847
Major Loder,I,0,8,Vanity_Fair_1847
Major Loder,A,0,8,Vanity_Fair_1847
Major Loder,DC,0,8,Vanity_Fair_1847
Major Loder,DN,0,8,Vanity_Fair_1847
Major Sugarplums,N,0,8,Vanity_Fair_1847
Major Sugarplums,C,0,8,Vanity_Fair_1847
Major Sugarplums,I,0,8,Vanity_Fair_1847
Major Sugarplums,A,0,8,Vanity_Fair_1847
Major Sugarplums,DC,0,8,Vanity_Fair_1847
Major Sugarplums,DN,0,8,Vanity_Fair_1847
Mamma,N,6,8,Vanity_Fair_1847
Mamma,C,0,8,Vanity_Fair_1847
Mamma,I,0,8,Vanity_Fair_1847
Mamma,A,1,8,Vanity_Fair_1847
Mamma,DC,3,8,Vanity_Fair_1847
Mamma,DN,0,8,Vanity_Fair_1847
Maria,N,7,8,Vanity_Fair_1847
Maria,C,1,8,Vanity_Fair_1847
Maria,I,0,8,Vanity_Fair_1847
Maria,A,4,8,Vanity_Fair_1847
Maria,DC,1,8,Vanity_Fair_1847
Maria,DN,2,8,Vanity_Fair_1847
Master Alderney,N,0,8,Vanity_Fair_1847
Master Alderney,C,0,8,Vanity_Fair_1847
Master Alderney,I,0,8,Vanity_Fair_1847
Master Alderney,A,0,8,Vanity_Fair_1847
Master Alderney,DC,0,8,Vanity_Fair_1847
Master Alderney,DN,0,8,Vanity_Fair_1847
Matilda,N,3,8,Vanity_Fair_1847
Matilda,C,0,8,Vanity_Fair_1847
Matilda,I,0,8,Vanity_Fair_1847
Matilda,A,0,8,Vanity_Fair_1847
Matilda,DC,0,8,Vanity_Fair_1847
Matilda,DN,0,8,Vanity_Fair_1847
Max,N,0,8,Vanity_Fair_1847
Max,C,0,8,Vanity_Fair_1847
Max,I,0,8,Vanity_Fair_1847
Max,A,0,8,Vanity_Fair_1847
Max,DC,0,8,Vanity_Fair_1847
Max,DN,0,8,Vanity_Fair_1847
Mesrour,N,0,8,Vanity_Fair_1847
Mesrour,C,0,8,Vanity_Fair_1847
Mesrour,I,0,8,Vanity_Fair_1847
Mesrour,A,0,8,Vanity_Fair_1847
Mesrour,DC,0,8,Vanity_Fair_1847
Mesrour,DN,0,8,Vanity_Fair_1847
Messrs. Jones,N,0,8,Vanity_Fair_1847
Messrs. Jones,C,0,8,Vanity_Fair_1847
Messrs. Jones,I,0,8,Vanity_Fair_1847
Messrs. Jones,A,0,8,Vanity_Fair_1847
Messrs. Jones,DC,0,8,Vanity_Fair_1847
Messrs. Jones,DN,0,8,Vanity_Fair_1847
Mick,N,0,8,Vanity_Fair_1847
Mick,C,0,8,Vanity_Fair_1847
Mick,I,0,8,Vanity_Fair_1847
Mick,A,0,8,Vanity_Fair_1847
Mick,DC,0,8,Vanity_Fair_1847
Mick,DN,0,8,Vanity_Fair_1847
Milor,N,0,8,Vanity_Fair_1847
Milor,C,0,8,Vanity_Fair_1847
Milor,I,0,8,Vanity_Fair_1847
Milor,A,0,8,Vanity_Fair_1847
Milor,DC,0,8,Vanity_Fair_1847
Milor,DN,0,8,Vanity_Fair_1847
Minerva,N,0,8,Vanity_Fair_1847
Minerva,C,0,8,Vanity_Fair_1847
Minerva,I,0,8,Vanity_Fair_1847
Minerva,A,0,8,Vanity_Fair_1847
Minerva,DC,0,8,Vanity_Fair_1847
Minerva,DN,0,8,Vanity_Fair_1847
Miss,N,0,8,Vanity_Fair_1847
Miss,C,0,8,Vanity_Fair_1847
Miss,I,0,8,Vanity_Fair_1847
Miss,A,0,8,Vanity_Fair_1847
Miss,DC,0,8,Vanity_Fair_1847
Miss,DN,0,8,Vanity_Fair_1847
Miss Ann,N,3,8,Vanity_Fair_1847
Miss Ann,C,1,8,Vanity_Fair_1847
Miss Ann,I,0,8,Vanity_Fair_1847
Miss Ann,A,0,8,Vanity_Fair_1847
Miss Ann,DC,0,8,Vanity_Fair_1847
Miss Ann,DN,0,8,Vanity_Fair_1847
Miss B.,N,1,8,Vanity_Fair_1847
Miss B.,C,0,8,Vanity_Fair_1847
Miss B.,I,0,8,Vanity_Fair_1847
Miss B.,A,0,8,Vanity_Fair_1847
Miss B.,DC,1,8,Vanity_Fair_1847
Miss B.,DN,0,8,Vanity_Fair_1847
Miss Brown,N,0,8,Vanity_Fair_1847
Miss Brown,C,0,8,Vanity_Fair_1847
Miss Brown,I,0,8,Vanity_Fair_1847
Miss Brown,A,0,8,Vanity_Fair_1847
Miss Brown,DC,0,8,Vanity_Fair_1847
Miss Brown,DN,0,8,Vanity_Fair_1847
Miss Clapp,N,0,8,Vanity_Fair_1847
Miss Clapp,C,0,8,Vanity_Fair_1847
Miss Clapp,I,0,8,Vanity_Fair_1847
Miss Clapp,A,0,8,Vanity_Fair_1847
Miss Clapp,DC,0,8,Vanity_Fair_1847
Miss Clapp,DN,0,8,Vanity_Fair_1847
Miss Crawley,N,39,8,Vanity_Fair_1847
Miss Crawley,C,7,8,Vanity_Fair_1847
Miss Crawley,I,6,8,Vanity_Fair_1847
Miss Crawley,A,16,8,Vanity_Fair_1847
Miss Crawley,DC,7,8,Vanity_Fair_1847
Miss Crawley,DN,2,8,Vanity_Fair_1847
Miss Hawky,N,0,8,Vanity_Fair_1847
Miss Hawky,C,0,8,Vanity_Fair_1847
Miss Hawky,I,0,8,Vanity_Fair_1847
Miss Hawky,A,0,8,Vanity_Fair_1847
Miss Hawky,DC,0,8,Vanity_Fair_1847
Miss Hawky,DN,0,8,Vanity_Fair_1847
Miss Horrocks,N,19,8,Vanity_Fair_1847
Miss Horrocks,C,5,8,Vanity_Fair_1847
Miss Horrocks,I,9,8,Vanity_Fair_1847
Miss Horrocks,A,11,8,Vanity_Fair_1847
Miss Horrocks,DC,1,8,Vanity_Fair_1847
Miss Horrocks,DN,1,8,Vanity_Fair_1847
Miss MacWhirter,N,0,8,Vanity_Fair_1847
Miss MacWhirter,C,0,8,Vanity_Fair_1847
Miss MacWhirter,I,0,8,Vanity_Fair_1847
Miss MacWhirter,A,0,8,Vanity_Fair_1847
Miss MacWhirter,DC,0,8,Vanity_Fair_1847
Miss MacWhirter,DN,0,8,Vanity_Fair_1847
Miss Malony,N,0,8,Vanity_Fair_1847
Miss Malony,C,0,8,Vanity_Fair_1847
Miss Malony,I,0,8,Vanity_Fair_1847
Miss Malony,A,0,8,Vanity_Fair_1847
Miss Malony,DC,0,8,Vanity_Fair_1847
Miss Malony,DN,0,8,Vanity_Fair_1847
Miss Moss,N,0,8,Vanity_Fair_1847
Miss Moss,C,0,8,Vanity_Fair_1847
Miss Moss,I,0,8,Vanity_Fair_1847
Miss Moss,A,0,8,Vanity_Fair_1847
Miss Moss,DC,0,8,Vanity_Fair_1847
Miss Moss,DN,0,8,Vanity_Fair_1847
Miss O.,N,1,8,Vanity_Fair_1847
Miss O.,C,0,8,Vanity_Fair_1847
Miss O.,I,0,8,Vanity_Fair_1847
Miss O.,A,0,8,Vanity_Fair_1847
Miss O.,DC,0,8,Vanity_Fair_1847
Miss O.,DN,0,8,Vanity_Fair_1847
Miss Osborne,N,15,8,Vanity_Fair_1847
Miss Osborne,C,2,8,Vanity_Fair_1847
Miss Osborne,I,2,8,Vanity_Fair_1847
Miss Osborne,A,13,8,Vanity_Fair_1847
Miss Osborne,DC,0,8,Vanity_Fair_1847
Miss Osborne,DN,2,8,Vanity_Fair_1847
Miss Pinkerton,N,1,8,Vanity_Fair_1847
Miss Pinkerton,C,0,8,Vanity_Fair_1847
Miss Pinkerton,I,0,8,Vanity_Fair_1847
Miss Pinkerton,A,0,8,Vanity_Fair_1847
Miss Pinkerton,DC,0,8,Vanity_Fair_1847
Miss Pinkerton,DN,0,8,Vanity_Fair_1847
Miss Polly,N,0,8,Vanity_Fair_1847
Miss Polly,C,0,8,Vanity_Fair_1847
Miss Polly,I,0,8,Vanity_Fair_1847
Miss Polly,A,0,8,Vanity_Fair_1847
Miss Polly,DC,0,8,Vanity_Fair_1847
Miss Polly,DN,0,8,Vanity_Fair_1847
Miss Saltire,N,0,8,Vanity_Fair_1847
Miss Saltire,C,0,8,Vanity_Fair_1847
Miss Saltire,I,0,8,Vanity_Fair_1847
Miss Saltire,A,0,8,Vanity_Fair_1847
Miss Saltire,DC,0,8,Vanity_Fair_1847
Miss Saltire,DN,0,8,Vanity_Fair_1847
Miss Swartz,N,2,8,Vanity_Fair_1847
Miss Swartz,C,0,8,Vanity_Fair_1847
Miss Swartz,I,0,8,Vanity_Fair_1847
Miss Swartz,A,3,8,Vanity_Fair_1847
Miss Swartz,DC,0,8,Vanity_Fair_1847
Miss Swartz,DN,0,8,Vanity_Fair_1847
Miss Toady,N,0,8,Vanity_Fair_1847
Miss Toady,C,0,8,Vanity_Fair_1847
Miss Toady,I,0,8,Vanity_Fair_1847
Miss Toady,A,0,8,Vanity_Fair_1847
Miss Toady,DC,0,8,Vanity_Fair_1847
Miss Toady,DN,0,8,Vanity_Fair_1847
Miss Violet,N,3,8,Vanity_Fair_1847
Miss Violet,C,2,8,Vanity_Fair_1847
Miss Violet,I,2,8,Vanity_Fair_1847
Miss Violet,A,0,8,Vanity_Fair_1847
Miss Violet,DC,0,8,Vanity_Fair_1847
Miss Violet,DN,0,8,Vanity_Fair_1847
Miss Wirt,N,5,8,Vanity_Fair_1847
Miss Wirt,C,0,8,Vanity_Fair_1847
Miss Wirt,I,1,8,Vanity_Fair_1847
Miss Wirt,A,3,8,Vanity_Fair_1847
Miss Wirt,DC,0,8,Vanity_Fair_1847
Miss Wirt,DN,1,8,Vanity_Fair_1847
Molly,N,2,8,Vanity_Fair_1847
Molly,C,0,8,Vanity_Fair_1847
Molly,I,1,8,Vanity_Fair_1847
Molly,A,0,8,Vanity_Fair_1847
Molly,DC,0,8,Vanity_Fair_1847
Molly,DN,0,8,Vanity_Fair_1847
Monseigneur,N,0,8,Vanity_Fair_1847
Monseigneur,C,0,8,Vanity_Fair_1847
Monseigneur,I,0,8,Vanity_Fair_1847
Monseigneur,A,0,8,Vanity_Fair_1847
Monseigneur,DC,0,8,Vanity_Fair_1847
Monseigneur,DN,0,8,Vanity_Fair_1847
Monsieur Fiche,N,0,8,Vanity_Fair_1847
Monsieur Fiche,C,0,8,Vanity_Fair_1847
Monsieur Fiche,I,0,8,Vanity_Fair_1847
Monsieur Fiche,A,0,8,Vanity_Fair_1847
Monsieur Fiche,DC,0,8,Vanity_Fair_1847
Monsieur Fiche,DN,0,8,Vanity_Fair_1847
Mother,N,1,8,Vanity_Fair_1847
Mother,C,0,8,Vanity_Fair_1847
Mother,I,0,8,Vanity_Fair_1847
Mother,A,0,8,Vanity_Fair_1847
Mother,DC,0,8,Vanity_Fair_1847
Mother,DN,1,8,Vanity_Fair_1847
Mr. Binny,N,0,8,Vanity_Fair_1847
Mr. Binny,C,0,8,Vanity_Fair_1847
Mr. Binny,I,0,8,Vanity_Fair_1847
Mr. Binny,A,0,8,Vanity_Fair_1847
Mr. Binny,DC,0,8,Vanity_Fair_1847
Mr. Binny,DN,0,8,Vanity_Fair_1847
Mr. Bowls,N,3,8,Vanity_Fair_1847
Mr. Bowls,C,0,8,Vanity_Fair_1847
Mr. Bowls,I,0,8,Vanity_Fair_1847
Mr. Bowls,A,1,8,Vanity_Fair_1847
Mr. Bowls,DC,0,8,Vanity_Fair_1847
Mr. Bowls,DN,0,8,Vanity_Fair_1847
Mr. Brown,N,0,8,Vanity_Fair_1847
Mr. Brown,C,0,8,Vanity_Fair_1847
Mr. Brown,I,0,8,Vanity_Fair_1847
Mr. Brown,A,0,8,Vanity_Fair_1847
Mr. Brown,DC,0,8,Vanity_Fair_1847
Mr. Brown,DN,0,8,Vanity_Fair_1847
Mr. Bullock,N,6,8,Vanity_Fair_1847
Mr. Bullock,C,0,8,Vanity_Fair_1847
Mr. Bullock,I,0,8,Vanity_Fair_1847
Mr. Bullock,A,1,8,Vanity_Fair_1847
Mr. Bullock,DC,0,8,Vanity_Fair_1847
Mr. Bullock,DN,0,8,Vanity_Fair_1847
Mr. Chopper,N,0,8,Vanity_Fair_1847
Mr. Chopper,C,0,8,Vanity_Fair_1847
Mr. Chopper,I,0,8,Vanity_Fair_1847
Mr. Chopper,A,0,8,Vanity_Fair_1847
Mr. Chopper,DC,0,8,Vanity_Fair_1847
Mr. Chopper,DN,0,8,Vanity_Fair_1847
Mr. Clapp,N,0,8,Vanity_Fair_1847
Mr. Clapp,C,0,8,Vanity_Fair_1847
Mr. Clapp,I,0,8,Vanity_Fair_1847
Mr. Clapp,A,0,8,Vanity_Fair_1847
Mr. Clapp,DC,0,8,Vanity_Fair_1847
Mr. Clapp,DN,0,8,Vanity_Fair_1847
Mr. Clump,N,0,8,Vanity_Fair_1847
Mr. Clump,C,0,8,Vanity_Fair_1847
Mr. Clump,I,0,8,Vanity_Fair_1847
Mr. Clump,A,0,8,Vanity_Fair_1847
Mr. Clump,DC,0,8,Vanity_Fair_1847
Mr. Clump,DN,0,8,Vanity_Fair_1847
Mr. Crawley,N,3,8,Vanity_Fair_1847
Mr. Crawley,C,0,8,Vanity_Fair_1847
Mr. Crawley,I,1,8,Vanity_Fair_1847
Mr. Crawley,A,0,8,Vanity_Fair_1847
Mr. Crawley,DC,0,8,Vanity_Fair_1847
Mr. Crawley,DN,0,8,Vanity_Fair_1847
Mr. Creamer,N,0,8,Vanity_Fair_1847
Mr. Creamer,C,0,8,Vanity_Fair_1847
Mr. Creamer,I,0,8,Vanity_Fair_1847
Mr. Creamer,A,0,8,Vanity_Fair_1847
Mr. Creamer,DC,0,8,Vanity_Fair_1847
Mr. Creamer,DN,0,8,Vanity_Fair_1847
Mr. Crisp,N,0,8,Vanity_Fair_1847
Mr. Crisp,C,0,8,Vanity_Fair_1847
Mr. Crisp,I,0,8,Vanity_Fair_1847
Mr. Crisp,A,0,8,Vanity_Fair_1847
Mr. Crisp,DC,0,8,Vanity_Fair_1847
Mr. Crisp,DN,0,8,Vanity_Fair_1847
Mr. Eagles,N,0,8,Vanity_Fair_1847
Mr. Eagles,C,0,8,Vanity_Fair_1847
Mr. Eagles,I,0,8,Vanity_Fair_1847
Mr. Eagles,A,0,8,Vanity_Fair_1847
Mr. Eagles,DC,0,8,Vanity_Fair_1847
Mr. Eagles,DN,0,8,Vanity_Fair_1847
Mr. Eaves,N,0,8,Vanity_Fair_1847
Mr. Eaves,C,0,8,Vanity_Fair_1847
Mr. Eaves,I,0,8,Vanity_Fair_1847
Mr. Eaves,A,0,8,Vanity_Fair_1847
Mr. Eaves,DC,0,8,Vanity_Fair_1847
Mr. Eaves,DN,0,8,Vanity_Fair_1847
Mr. Fiche,N,0,8,Vanity_Fair_1847
Mr. Fiche,C,0,8,Vanity_Fair_1847
Mr. Fiche,I,0,8,Vanity_Fair_1847
Mr. Fiche,A,0,8,Vanity_Fair_1847
Mr. Fiche,DC,0,8,Vanity_Fair_1847
Mr. Fiche,DN,0,8,Vanity_Fair_1847
Mr. Fox,N,0,8,Vanity_Fair_1847
Mr. Fox,C,0,8,Vanity_Fair_1847
Mr. Fox,I,0,8,Vanity_Fair_1847
Mr. Fox,A,0,8,Vanity_Fair_1847
Mr. Fox,DC,0,8,Vanity_Fair_1847
Mr. Fox,DN,0,8,Vanity_Fair_1847
Mr. Hammerdown,N,0,8,Vanity_Fair_1847
Mr. Hammerdown,C,0,8,Vanity_Fair_1847
Mr. Hammerdown,I,0,8,Vanity_Fair_1847
Mr. Hammerdown,A,0,8,Vanity_Fair_1847
Mr. Hammerdown,DC,0,8,Vanity_Fair_1847
Mr. Hammerdown,DN,0,8,Vanity_Fair_1847
Mr. Higgs,N,0,8,Vanity_Fair_1847
Mr. Higgs,C,0,8,Vanity_Fair_1847
Mr. Higgs,I,0,8,Vanity_Fair_1847
Mr. Higgs,A,0,8,Vanity_Fair_1847
Mr. Higgs,DC,0,8,Vanity_Fair_1847
Mr. Higgs,DN,0,8,Vanity_Fair_1847
Mr. Hodson,N,0,8,Vanity_Fair_1847
Mr. Hodson,C,0,8,Vanity_Fair_1847
Mr. Hodson,I,0,8,Vanity_Fair_1847
Mr. Hodson,A,0,8,Vanity_Fair_1847
Mr. Hodson,DC,0,8,Vanity_Fair_1847
Mr. Hodson,DN,0,8,Vanity_Fair_1847
Mr. Horrocks,N,4,8,Vanity_Fair_1847
Mr. Horrocks,C,0,8,Vanity_Fair_1847
Mr. Horrocks,I,0,8,Vanity_Fair_1847
Mr. Horrocks,A,2,8,Vanity_Fair_1847
Mr. Horrocks,DC,0,8,Vanity_Fair_1847
Mr. Horrocks,DN,0,8,Vanity_Fair_1847
Mr. Humphrey Clinker,N,0,8,Vanity_Fair_1847
Mr. Humphrey Clinker,C,0,8,Vanity_Fair_1847
Mr. Humphrey Clinker,I,0,8,Vanity_Fair_1847
Mr. Humphrey Clinker,A,0,8,Vanity_Fair_1847
Mr. Humphrey Clinker,DC,0,8,Vanity_Fair_1847
Mr. Humphrey Clinker,DN,0,8,Vanity_Fair_1847
Mr. John Thomas Dawson,N,1,8,Vanity_Fair_1847
Mr. John Thomas Dawson,C,0,8,Vanity_Fair_1847
Mr. John Thomas Dawson,I,0,8,Vanity_Fair_1847
Mr. John Thomas Dawson,A,0,8,Vanity_Fair_1847
Mr. John Thomas Dawson,DC,0,8,Vanity_Fair_1847
Mr. John Thomas Dawson,DN,0,8,Vanity_Fair_1847
Mr. Lewis,N,0,8,Vanity_Fair_1847
Mr. Lewis,C,0,8,Vanity_Fair_1847
Mr. Lewis,I,0,8,Vanity_Fair_1847
Mr. Lewis,A,0,8,Vanity_Fair_1847
Mr. Lewis,DC,0,8,Vanity_Fair_1847
Mr. Lewis,DN,0,8,Vanity_Fair_1847
Mr. Moss,N,0,8,Vanity_Fair_1847
Mr. Moss,C,0,8,Vanity_Fair_1847
Mr. Moss,I,0,8,Vanity_Fair_1847
Mr. Moss,A,0,8,Vanity_Fair_1847
Mr. Moss,DC,0,8,Vanity_Fair_1847
Mr. Moss,DN,0,8,Vanity_Fair_1847
Mr. Osborne,N,0,8,Vanity_Fair_1847
Mr. Osborne,C,0,8,Vanity_Fair_1847
Mr. Osborne,I,0,8,Vanity_Fair_1847
Mr. Osborne,A,0,8,Vanity_Fair_1847
Mr. Osborne,DC,0,8,Vanity_Fair_1847
Mr. Osborne,DN,0,8,Vanity_Fair_1847
Mr. Pestler,N,0,8,Vanity_Fair_1847
Mr. Pestler,C,0,8,Vanity_Fair_1847
Mr. Pestler,I,0,8,Vanity_Fair_1847
Mr. Pestler,A,0,8,Vanity_Fair_1847
Mr. Pestler,DC,0,8,Vanity_Fair_1847
Mr. Pestler,DN,0,8,Vanity_Fair_1847
Mr. Poe,N,0,8,Vanity_Fair_1847
Mr. Poe,C,0,8,Vanity_Fair_1847
Mr. Poe,I,0,8,Vanity_Fair_1847
Mr. Poe,A,0,8,Vanity_Fair_1847
Mr. Poe,DC,0,8,Vanity_Fair_1847
Mr. Poe,DN,0,8,Vanity_Fair_1847
Mr. Rowson,N,0,8,Vanity_Fair_1847
Mr. Rowson,C,0,8,Vanity_Fair_1847
Mr. Rowson,I,0,8,Vanity_Fair_1847
Mr. Rowson,A,0,8,Vanity_Fair_1847
Mr. Rowson,DC,0,8,Vanity_Fair_1847
Mr. Rowson,DN,0,8,Vanity_Fair_1847
Mr. S.,N,1,8,Vanity_Fair_1847
Mr. S.,C,0,8,Vanity_Fair_1847
Mr. S.,I,0,8,Vanity_Fair_1847
Mr. S.,A,0,8,Vanity_Fair_1847
Mr. S.,DC,0,8,Vanity_Fair_1847
Mr. S.,DN,0,8,Vanity_Fair_1847
Mr. Smee,N,3,8,Vanity_Fair_1847
Mr. Smee,C,0,8,Vanity_Fair_1847
Mr. Smee,I,2,8,Vanity_Fair_1847
Mr. Smee,A,0,8,Vanity_Fair_1847
Mr. Smee,DC,0,8,Vanity_Fair_1847
Mr. Smee,DN,1,8,Vanity_Fair_1847
Mr. Stubble,N,0,8,Vanity_Fair_1847
Mr. Stubble,C,0,8,Vanity_Fair_1847
Mr. Stubble,I,0,8,Vanity_Fair_1847
Mr. Stubble,A,0,8,Vanity_Fair_1847
Mr. Stubble,DC,0,8,Vanity_Fair_1847
Mr. Stubble,DN,0,8,Vanity_Fair_1847
Mr. Trotter,N,0,8,Vanity_Fair_1847
Mr. Trotter,C,0,8,Vanity_Fair_1847
Mr. Trotter,I,0,8,Vanity_Fair_1847
Mr. Trotter,A,0,8,Vanity_Fair_1847
Mr. Trotter,DC,0,8,Vanity_Fair_1847
Mr. Trotter,DN,0,8,Vanity_Fair_1847
Mr. Veal,N,0,8,Vanity_Fair_1847
Mr. Veal,C,0,8,Vanity_Fair_1847
Mr. Veal,I,0,8,Vanity_Fair_1847
Mr. Veal,A,0,8,Vanity_Fair_1847
Mr. Veal,DC,0,8,Vanity_Fair_1847
Mr. Veal,DN,0,8,Vanity_Fair_1847
Mr. Wagg,N,0,8,Vanity_Fair_1847
Mr. Wagg,C,0,8,Vanity_Fair_1847
Mr. Wagg,I,0,8,Vanity_Fair_1847
Mr. Wagg,A,0,8,Vanity_Fair_1847
Mr. Wagg,DC,0,8,Vanity_Fair_1847
Mr. Wagg,DN,0,8,Vanity_Fair_1847
Mr. Wenham,N,0,8,Vanity_Fair_1847
Mr. Wenham,C,0,8,Vanity_Fair_1847
Mr. Wenham,I,0,8,Vanity_Fair_1847
Mr. Wenham,A,0,8,Vanity_Fair_1847
Mr. Wenham,DC,0,8,Vanity_Fair_1847
Mr. Wenham,DN,0,8,Vanity_Fair_1847
Mr. Wilberforce,N,0,8,Vanity_Fair_1847
Mr. Wilberforce,C,0,8,Vanity_Fair_1847
Mr. Wilberforce,I,0,8,Vanity_Fair_1847
Mr. Wilberforce,A,0,8,Vanity_Fair_1847
Mr. Wilberforce,DC,0,8,Vanity_Fair_1847
Mr. Wilberforce,DN,0,8,Vanity_Fair_1847
Mrs.,N,0,8,Vanity_Fair_1847
Mrs.,C,0,8,Vanity_Fair_1847
Mrs.,I,0,8,Vanity_Fair_1847
Mrs.,A,0,8,Vanity_Fair_1847
Mrs.,DC,0,8,Vanity_Fair_1847
Mrs.,DN,0,8,Vanity_Fair_1847
Mrs. Blenkinsop,N,0,8,Vanity_Fair_1847
Mrs. Blenkinsop,C,0,8,Vanity_Fair_1847
Mrs. Blenkinsop,I,0,8,Vanity_Fair_1847
Mrs. Blenkinsop,A,0,8,Vanity_Fair_1847
Mrs. Blenkinsop,DC,0,8,Vanity_Fair_1847
Mrs. Blenkinsop,DN,0,8,Vanity_Fair_1847
Mrs. Bowls,N,5,8,Vanity_Fair_1847
Mrs. Bowls,C,2,8,Vanity_Fair_1847
Mrs. Bowls,I,1,8,Vanity_Fair_1847
Mrs. Bowls,A,1,8,Vanity_Fair_1847
Mrs. Bowls,DC,0,8,Vanity_Fair_1847
Mrs. Bowls,DN,0,8,Vanity_Fair_1847
Mrs. Brown,N,2,8,Vanity_Fair_1847
Mrs. Brown,C,0,8,Vanity_Fair_1847
Mrs. Brown,I,1,8,Vanity_Fair_1847
Mrs. Brown,A,1,8,Vanity_Fair_1847
Mrs. Brown,DC,2,8,Vanity_Fair_1847
Mrs. Brown,DN,0,8,Vanity_Fair_1847
Mrs. Burjoice,N,0,8,Vanity_Fair_1847
Mrs. Burjoice,C,0,8,Vanity_Fair_1847
Mrs. Burjoice,I,0,8,Vanity_Fair_1847
Mrs. Burjoice,A,0,8,Vanity_Fair_1847
Mrs. Burjoice,DC,0,8,Vanity_Fair_1847
Mrs. Burjoice,DN,0,8,Vanity_Fair_1847
Mrs. Bute,N,26,8,Vanity_Fair_1847
Mrs. Bute,C,14,8,Vanity_Fair_1847
Mrs. Bute,I,7,8,Vanity_Fair_1847
Mrs. Bute,A,17,8,Vanity_Fair_1847
Mrs. Bute,DC,0,8,Vanity_Fair_1847
Mrs. Bute,DN,0,8,Vanity_Fair_1847
Mrs. Captain Osborne,N,0,8,Vanity_Fair_1847
Mrs. Captain Osborne,C,0,8,Vanity_Fair_1847
Mrs. Captain Osborne,I,0,8,Vanity_Fair_1847
Mrs. Captain Osborne,A,0,8,Vanity_Fair_1847
Mrs. Captain Osborne,DC,0,8,Vanity_Fair_1847
Mrs. Captain Osborne,DN,0,8,Vanity_Fair_1847
Mrs. Clapp,N,0,8,Vanity_Fair_1847
Mrs. Clapp,C,0,8,Vanity_Fair_1847
Mrs. Clapp,I,0,8,Vanity_Fair_1847
Mrs. Clapp,A,0,8,Vanity_Fair_1847
Mrs. Clapp,DC,0,8,Vanity_Fair_1847
Mrs. Clapp,DN,0,8,Vanity_Fair_1847
Mrs. Cook,N,0,8,Vanity_Fair_1847
Mrs. Cook,C,0,8,Vanity_Fair_1847
Mrs. Cook,I,0,8,Vanity_Fair_1847
Mrs. Cook,A,0,8,Vanity_Fair_1847
Mrs. Cook,DC,0,8,Vanity_Fair_1847
Mrs. Cook,DN,0,8,Vanity_Fair_1847
Mrs. Dobbin,N,0,8,Vanity_Fair_1847
Mrs. Dobbin,C,0,8,Vanity_Fair_1847
Mrs. Dobbin,I,0,8,Vanity_Fair_1847
Mrs. Dobbin,A,0,8,Vanity_Fair_1847
Mrs. Dobbin,DC,0,8,Vanity_Fair_1847
Mrs. Dobbin,DN,0,8,Vanity_Fair_1847
Mrs. Eagles,N,0,8,Vanity_Fair_1847
Mrs. Eagles,C,0,8,Vanity_Fair_1847
Mrs. Eagles,I,0,8,Vanity_Fair_1847
Mrs. Eagles,A,0,8,Vanity_Fair_1847
Mrs. Eagles,DC,0,8,Vanity_Fair_1847
Mrs. Eagles,DN,0,8,Vanity_Fair_1847
Mrs. Frederick Bullock,N,4,8,Vanity_Fair_1847
Mrs. Frederick Bullock,C,0,8,Vanity_Fair_1847
Mrs. Frederick Bullock,I,1,8,Vanity_Fair_1847
Mrs. Frederick Bullock,A,0,8,Vanity_Fair_1847
Mrs. Frederick Bullock,DC,0,8,Vanity_Fair_1847
Mrs. Frederick Bullock,DN,0,8,Vanity_Fair_1847
Mrs. Glowry,N,0,8,Vanity_Fair_1847
Mrs. Glowry,C,0,8,Vanity_Fair_1847
Mrs. Glowry,I,0,8,Vanity_Fair_1847
Mrs. Glowry,A,0,8,Vanity_Fair_1847
Mrs. Glowry,DC,0,8,Vanity_Fair_1847
Mrs. Glowry,DN,0,8,Vanity_Fair_1847
Mrs. Haggistoun,N,0,8,Vanity_Fair_1847
Mrs. Haggistoun,C,0,8,Vanity_Fair_1847
Mrs. Haggistoun,I,0,8,Vanity_Fair_1847
Mrs. Haggistoun,A,0,8,Vanity_Fair_1847
Mrs. Haggistoun,DC,0,8,Vanity_Fair_1847
Mrs. Haggistoun,DN,0,8,Vanity_Fair_1847
Mrs. Kirk,N,2,8,Vanity_Fair_1847
Mrs. Kirk,C,0,8,Vanity_Fair_1847
Mrs. Kirk,I,0,8,Vanity_Fair_1847
Mrs. Kirk,A,1,8,Vanity_Fair_1847
Mrs. Kirk,DC,0,8,Vanity_Fair_1847
Mrs. Kirk,DN,1,8,Vanity_Fair_1847
Mrs. Magenis,N,0,8,Vanity_Fair_1847
Mrs. Magenis,C,0,8,Vanity_Fair_1847
Mrs. Magenis,I,0,8,Vanity_Fair_1847
Mrs. Magenis,A,0,8,Vanity_Fair_1847
Mrs. Magenis,DC,0,8,Vanity_Fair_1847
Mrs. Magenis,DN,0,8,Vanity_Fair_1847
Mrs. O'Dowd,N,3,8,Vanity_Fair_1847
Mrs. O'Dowd,C,0,8,Vanity_Fair_1847
Mrs. O'Dowd,I,1,8,Vanity_Fair_1847
Mrs. O'Dowd,A,0,8,Vanity_Fair_1847
Mrs. O'Dowd,DC,1,8,Vanity_Fair_1847
Mrs. O'Dowd,DN,0,8,Vanity_Fair_1847
Mrs. O.,N,1,8,Vanity_Fair_1847
Mrs. O.,C,0,8,Vanity_Fair_1847
Mrs. O.,I,0,8,Vanity_Fair_1847
Mrs. O.,A,1,8,Vanity_Fair_1847
Mrs. O.,DC,0,8,Vanity_Fair_1847
Mrs. O.,DN,1,8,Vanity_Fair_1847
Mrs. Pilkington,N,0,8,Vanity_Fair_1847
Mrs. Pilkington,C,0,8,Vanity_Fair_1847
Mrs. Pilkington,I,0,8,Vanity_Fair_1847
Mrs. Pilkington,A,0,8,Vanity_Fair_1847
Mrs. Pilkington,DC,0,8,Vanity_Fair_1847
Mrs. Pilkington,DN,0,8,Vanity_Fair_1847
Mrs. Raggles,N,0,8,Vanity_Fair_1847
Mrs. Raggles,C,0,8,Vanity_Fair_1847
Mrs. Raggles,I,0,8,Vanity_Fair_1847
Mrs. Raggles,A,0,8,Vanity_Fair_1847
Mrs. Raggles,DC,0,8,Vanity_Fair_1847
Mrs. Raggles,DN,0,8,Vanity_Fair_1847
Mrs. Sedley,N,0,8,Vanity_Fair_1847
Mrs. Sedley,C,0,8,Vanity_Fair_1847
Mrs. Sedley,I,0,8,Vanity_Fair_1847
Mrs. Sedley,A,0,8,Vanity_Fair_1847
Mrs. Sedley,DC,0,8,Vanity_Fair_1847
Mrs. Sedley,DN,0,8,Vanity_Fair_1847
Mrs. Stokes,N,0,8,Vanity_Fair_1847
Mrs. Stokes,C,0,8,Vanity_Fair_1847
Mrs. Stokes,I,0,8,Vanity_Fair_1847
Mrs. Stokes,A,0,8,Vanity_Fair_1847
Mrs. Stokes,DC,0,8,Vanity_Fair_1847
Mrs. Stokes,DN,0,8,Vanity_Fair_1847
Mrs. Todd,N,0,8,Vanity_Fair_1847
Mrs. Todd,C,0,8,Vanity_Fair_1847
Mrs. Todd,I,0,8,Vanity_Fair_1847
Mrs. Todd,A,0,8,Vanity_Fair_1847
Mrs. Todd,DC,0,8,Vanity_Fair_1847
Mrs. Todd,DN,0,8,Vanity_Fair_1847
Mrs. Veal,N,0,8,Vanity_Fair_1847
Mrs. Veal,C,0,8,Vanity_Fair_1847
Mrs. Veal,I,0,8,Vanity_Fair_1847
Mrs. Veal,A,0,8,Vanity_Fair_1847
Mrs. Veal,DC,0,8,Vanity_Fair_1847
Mrs. Veal,DN,0,8,Vanity_Fair_1847
Mrs. Washington White,N,0,8,Vanity_Fair_1847
Mrs. Washington White,C,0,8,Vanity_Fair_1847
Mrs. Washington White,I,0,8,Vanity_Fair_1847
Mrs. Washington White,A,0,8,Vanity_Fair_1847
Mrs. Washington White,DC,0,8,Vanity_Fair_1847
Mrs. Washington White,DN,0,8,Vanity_Fair_1847
Mrs. Wenham,N,0,8,Vanity_Fair_1847
Mrs. Wenham,C,0,8,Vanity_Fair_1847
Mrs. Wenham,I,0,8,Vanity_Fair_1847
Mrs. Wenham,A,0,8,Vanity_Fair_1847
Mrs. Wenham,DC,0,8,Vanity_Fair_1847
Mrs. Wenham,DN,0,8,Vanity_Fair_1847
Mrs. Winkworth,N,0,8,Vanity_Fair_1847
Mrs. Winkworth,C,0,8,Vanity_Fair_1847
Mrs. Winkworth,I,0,8,Vanity_Fair_1847
Mrs. Winkworth,A,0,8,Vanity_Fair_1847
Mrs. Winkworth,DC,0,8,Vanity_Fair_1847
Mrs. Winkworth,DN,0,8,Vanity_Fair_1847
Mum,N,6,8,Vanity_Fair_1847
Mum,C,0,8,Vanity_Fair_1847
Mum,I,0,8,Vanity_Fair_1847
Mum,A,0,8,Vanity_Fair_1847
Mum,DC,0,8,Vanity_Fair_1847
Mum,DN,0,8,Vanity_Fair_1847
Napoleon,N,0,8,Vanity_Fair_1847
Napoleon,C,0,8,Vanity_Fair_1847
Napoleon,I,0,8,Vanity_Fair_1847
Napoleon,A,0,8,Vanity_Fair_1847
Napoleon,DC,0,8,Vanity_Fair_1847
Napoleon,DN,0,8,Vanity_Fair_1847
Nathan,N,0,8,Vanity_Fair_1847
Nathan,C,0,8,Vanity_Fair_1847
Nathan,I,0,8,Vanity_Fair_1847
Nathan,A,0,8,Vanity_Fair_1847
Nathan,DC,0,8,Vanity_Fair_1847
Nathan,DN,0,8,Vanity_Fair_1847
Ney,N,0,8,Vanity_Fair_1847
Ney,C,0,8,Vanity_Fair_1847
Ney,I,0,8,Vanity_Fair_1847
Ney,A,0,8,Vanity_Fair_1847
Ney,DC,0,8,Vanity_Fair_1847
Ney,DN,0,8,Vanity_Fair_1847
Old Osborne,N,0,8,Vanity_Fair_1847
Old Osborne,C,0,8,Vanity_Fair_1847
Old Osborne,I,0,8,Vanity_Fair_1847
Old Osborne,A,0,8,Vanity_Fair_1847
Old Osborne,DC,0,8,Vanity_Fair_1847
Old Osborne,DN,0,8,Vanity_Fair_1847
Old Sedley,N,0,8,Vanity_Fair_1847
Old Sedley,C,0,8,Vanity_Fair_1847
Old Sedley,I,0,8,Vanity_Fair_1847
Old Sedley,A,0,8,Vanity_Fair_1847
Old Sedley,DC,0,8,Vanity_Fair_1847
Old Sedley,DN,0,8,Vanity_Fair_1847
Osborne,N,0,8,Vanity_Fair_1847
Osborne,C,0,8,Vanity_Fair_1847
Osborne,I,0,8,Vanity_Fair_1847
Osborne,A,0,8,Vanity_Fair_1847
Osborne,DC,0,8,Vanity_Fair_1847
Osborne,DN,0,8,Vanity_Fair_1847
Pa,N,0,8,Vanity_Fair_1847
Pa,C,0,8,Vanity_Fair_1847
Pa,I,0,8,Vanity_Fair_1847
Pa,A,0,8,Vanity_Fair_1847
Pa,DC,0,8,Vanity_Fair_1847
Pa,DN,0,8,Vanity_Fair_1847
Papa,N,1,8,Vanity_Fair_1847
Papa,C,0,8,Vanity_Fair_1847
Papa,I,0,8,Vanity_Fair_1847
Papa,A,0,8,Vanity_Fair_1847
Papa,DC,1,8,Vanity_Fair_1847
Papa,DN,0,8,Vanity_Fair_1847
Pauline,N,0,8,Vanity_Fair_1847
Pauline,C,0,8,Vanity_Fair_1847
Pauline,I,0,8,Vanity_Fair_1847
Pauline,A,0,8,Vanity_Fair_1847
Pauline,DC,0,8,Vanity_Fair_1847
Pauline,DN,0,8,Vanity_Fair_1847
Payne,N,0,8,Vanity_Fair_1847
Payne,C,0,8,Vanity_Fair_1847
Payne,I,0,8,Vanity_Fair_1847
Payne,A,0,8,Vanity_Fair_1847
Payne,DC,0,8,Vanity_Fair_1847
Payne,DN,0,8,Vanity_Fair_1847
Peggy,N,1,8,Vanity_Fair_1847
Peggy,C,0,8,Vanity_Fair_1847
Peggy,I,2,8,Vanity_Fair_1847
Peggy,A,4,8,Vanity_Fair_1847
Peggy,DC,0,8,Vanity_Fair_1847
Peggy,DN,2,8,Vanity_Fair_1847
Pinner,N,0,8,Vanity_Fair_1847
Pinner,C,0,8,Vanity_Fair_1847
Pinner,I,0,8,Vanity_Fair_1847
Pinner,A,0,8,Vanity_Fair_1847
Pinner,DC,0,8,Vanity_Fair_1847
Pinner,DN,0,8,Vanity_Fair_1847
Pitt,N,8,8,Vanity_Fair_1847
Pitt,C,0,8,Vanity_Fair_1847
Pitt,I,2,8,Vanity_Fair_1847
Pitt,A,8,8,Vanity_Fair_1847
Pitt,DC,1,8,Vanity_Fair_1847
Pitt,DN,1,8,Vanity_Fair_1847
Pitt Binkie,N,0,8,Vanity_Fair_1847
Pitt Binkie,C,0,8,Vanity_Fair_1847
Pitt Binkie,I,0,8,Vanity_Fair_1847
Pitt Binkie,A,0,8,Vanity_Fair_1847
Pitt Binkie,DC,0,8,Vanity_Fair_1847
Pitt Binkie,DN,0,8,Vanity_Fair_1847
Poor Jim,N,0,8,Vanity_Fair_1847
Poor Jim,C,0,8,Vanity_Fair_1847
Poor Jim,I,0,8,Vanity_Fair_1847
Poor Jim,A,0,8,Vanity_Fair_1847
Poor Jim,DC,0,8,Vanity_Fair_1847
Poor Jim,DN,0,8,Vanity_Fair_1847
Queen,N,1,8,Vanity_Fair_1847
Queen,C,0,8,Vanity_Fair_1847
Queen,I,0,8,Vanity_Fair_1847
Queen,A,0,8,Vanity_Fair_1847
Queen,DC,0,8,Vanity_Fair_1847
Queen,DN,0,8,Vanity_Fair_1847
Raggles,N,2,8,Vanity_Fair_1847
Raggles,C,0,8,Vanity_Fair_1847
Raggles,I,0,8,Vanity_Fair_1847
Raggles,A,0,8,Vanity_Fair_1847
Raggles,DC,1,8,Vanity_Fair_1847
Raggles,DN,0,8,Vanity_Fair_1847
Rawdon,N,42,8,Vanity_Fair_1847
Rawdon,C,10,8,Vanity_Fair_1847
Rawdon,I,9,8,Vanity_Fair_1847
Rawdon,A,12,8,Vanity_Fair_1847
Rawdon,DC,9,8,Vanity_Fair_1847
Rawdon,DN,2,8,Vanity_Fair_1847
"Rawdon Crawley , Esquire",N,0,8,Vanity_Fair_1847
"Rawdon Crawley , Esquire",C,0,8,Vanity_Fair_1847
"Rawdon Crawley , Esquire",I,0,8,Vanity_Fair_1847
"Rawdon Crawley , Esquire",A,0,8,Vanity_Fair_1847
"Rawdon Crawley , Esquire",DC,0,8,Vanity_Fair_1847
"Rawdon Crawley , Esquire",DN,0,8,Vanity_Fair_1847
Rebecca,N,0,8,Vanity_Fair_1847
Rebecca,C,0,8,Vanity_Fair_1847
Rebecca,I,0,8,Vanity_Fair_1847
Rebecca,A,0,8,Vanity_Fair_1847
Rebecca,DC,0,8,Vanity_Fair_1847
Rebecca,DN,0,8,Vanity_Fair_1847
Regulus,N,0,8,Vanity_Fair_1847
Regulus,C,0,8,Vanity_Fair_1847
Regulus,I,0,8,Vanity_Fair_1847
Regulus,A,0,8,Vanity_Fair_1847
Regulus,DC,0,8,Vanity_Fair_1847
Regulus,DN,0,8,Vanity_Fair_1847
Rhoda,N,0,8,Vanity_Fair_1847
Rhoda,C,0,8,Vanity_Fair_1847
Rhoda,I,0,8,Vanity_Fair_1847
Rhoda,A,0,8,Vanity_Fair_1847
Rhoda,DC,0,8,Vanity_Fair_1847
Rhoda,DN,0,8,Vanity_Fair_1847
Robinson,N,0,8,Vanity_Fair_1847
Robinson,C,0,8,Vanity_Fair_1847
Robinson,I,0,8,Vanity_Fair_1847
Robinson,A,0,8,Vanity_Fair_1847
Robinson,DC,0,8,Vanity_Fair_1847
Robinson,DN,0,8,Vanity_Fair_1847
Rosa,N,0,8,Vanity_Fair_1847
Rosa,C,0,8,Vanity_Fair_1847
Rosa,I,0,8,Vanity_Fair_1847
Rosa,A,0,8,Vanity_Fair_1847
Rosa,DC,0,8,Vanity_Fair_1847
Rosa,DN,0,8,Vanity_Fair_1847
Rose,N,0,8,Vanity_Fair_1847
Rose,C,0,8,Vanity_Fair_1847
Rose,I,0,8,Vanity_Fair_1847
Rose,A,0,8,Vanity_Fair_1847
Rose,DC,0,8,Vanity_Fair_1847
Rose,DN,0,8,Vanity_Fair_1847
SWEETEST AMELIA,N,0,8,Vanity_Fair_1847
SWEETEST AMELIA,C,0,8,Vanity_Fair_1847
SWEETEST AMELIA,I,0,8,Vanity_Fair_1847
SWEETEST AMELIA,A,0,8,Vanity_Fair_1847
SWEETEST AMELIA,DC,0,8,Vanity_Fair_1847
SWEETEST AMELIA,DN,0,8,Vanity_Fair_1847
Sambo,N,0,8,Vanity_Fair_1847
Sambo,C,0,8,Vanity_Fair_1847
Sambo,I,0,8,Vanity_Fair_1847
Sambo,A,0,8,Vanity_Fair_1847
Sambo,DC,0,8,Vanity_Fair_1847
Sambo,DN,0,8,Vanity_Fair_1847
Simpson,N,0,8,Vanity_Fair_1847
Simpson,C,0,8,Vanity_Fair_1847
Simpson,I,0,8,Vanity_Fair_1847
Simpson,A,0,8,Vanity_Fair_1847
Simpson,DC,0,8,Vanity_Fair_1847
Simpson,DN,0,8,Vanity_Fair_1847
Sir Giles Wapshot,N,0,8,Vanity_Fair_1847
Sir Giles Wapshot,C,0,8,Vanity_Fair_1847
Sir Giles Wapshot,I,0,8,Vanity_Fair_1847
Sir Giles Wapshot,A,0,8,Vanity_Fair_1847
Sir Giles Wapshot,DC,0,8,Vanity_Fair_1847
Sir Giles Wapshot,DN,0,8,Vanity_Fair_1847
Sir Huddleston Fuddleston,N,0,8,Vanity_Fair_1847
Sir Huddleston Fuddleston,C,0,8,Vanity_Fair_1847
Sir Huddleston Fuddleston,I,0,8,Vanity_Fair_1847
Sir Huddleston Fuddleston,A,0,8,Vanity_Fair_1847
Sir Huddleston Fuddleston,DC,0,8,Vanity_Fair_1847
Sir Huddleston Fuddleston,DN,0,8,Vanity_Fair_1847
Sir Huddlestone,N,0,8,Vanity_Fair_1847
Sir Huddlestone,C,0,8,Vanity_Fair_1847
Sir Huddlestone,I,0,8,Vanity_Fair_1847
Sir Huddlestone,A,0,8,Vanity_Fair_1847
Sir Huddlestone,DC,0,8,Vanity_Fair_1847
Sir Huddlestone,DN,0,8,Vanity_Fair_1847
Sir John,N,0,8,Vanity_Fair_1847
Sir John,C,0,8,Vanity_Fair_1847
Sir John,I,0,8,Vanity_Fair_1847
Sir John,A,0,8,Vanity_Fair_1847
Sir John,DC,0,8,Vanity_Fair_1847
Sir John,DN,0,8,Vanity_Fair_1847
Sir Michael O'Dowd,N,6,8,Vanity_Fair_1847
Sir Michael O'Dowd,C,3,8,Vanity_Fair_1847
Sir Michael O'Dowd,I,0,8,Vanity_Fair_1847
Sir Michael O'Dowd,A,4,8,Vanity_Fair_1847
Sir Michael O'Dowd,DC,0,8,Vanity_Fair_1847
Sir Michael O'Dowd,DN,0,8,Vanity_Fair_1847
Sir Pitt,N,99,8,Vanity_Fair_1847
Sir Pitt,C,30,8,Vanity_Fair_1847
Sir Pitt,I,31,8,Vanity_Fair_1847
Sir Pitt,A,58,8,Vanity_Fair_1847
Sir Pitt,DC,23,8,Vanity_Fair_1847
Sir Pitt,DN,7,8,Vanity_Fair_1847
Sir Rawdon,N,0,8,Vanity_Fair_1847
Sir Rawdon,C,0,8,Vanity_Fair_1847
Sir Rawdon,I,0,8,Vanity_Fair_1847
Sir Rawdon,A,0,8,Vanity_Fair_1847
Sir Rawdon,DC,0,8,Vanity_Fair_1847
Sir Rawdon,DN,0,8,Vanity_Fair_1847
Smith,N,0,8,Vanity_Fair_1847
Smith,C,0,8,Vanity_Fair_1847
Smith,I,0,8,Vanity_Fair_1847
Smith,A,0,8,Vanity_Fair_1847
Smith,DC,0,8,Vanity_Fair_1847
Smith,DN,0,8,Vanity_Fair_1847
Smollett,N,0,8,Vanity_Fair_1847
Smollett,C,0,8,Vanity_Fair_1847
Smollett,I,0,8,Vanity_Fair_1847
Smollett,A,0,8,Vanity_Fair_1847
Smollett,DC,0,8,Vanity_Fair_1847
Smollett,DN,0,8,Vanity_Fair_1847
Stubble,N,1,8,Vanity_Fair_1847
Stubble,C,0,8,Vanity_Fair_1847
Stubble,I,0,8,Vanity_Fair_1847
Stubble,A,2,8,Vanity_Fair_1847
Stubble,DC,0,8,Vanity_Fair_1847
Stubble,DN,0,8,Vanity_Fair_1847
Stumpy,N,0,8,Vanity_Fair_1847
Stumpy,C,0,8,Vanity_Fair_1847
Stumpy,I,0,8,Vanity_Fair_1847
Stumpy,A,0,8,Vanity_Fair_1847
Stumpy,DC,0,8,Vanity_Fair_1847
Stumpy,DN,0,8,Vanity_Fair_1847
Tapeworm,N,0,8,Vanity_Fair_1847
Tapeworm,C,0,8,Vanity_Fair_1847
Tapeworm,I,0,8,Vanity_Fair_1847
Tapeworm,A,0,8,Vanity_Fair_1847
Tapeworm,DC,0,8,Vanity_Fair_1847
Tapeworm,DN,0,8,Vanity_Fair_1847
Tapeworm Castle,N,0,8,Vanity_Fair_1847
Tapeworm Castle,C,0,8,Vanity_Fair_1847
Tapeworm Castle,I,0,8,Vanity_Fair_1847
Tapeworm Castle,A,0,8,Vanity_Fair_1847
Tapeworm Castle,DC,0,8,Vanity_Fair_1847
Tapeworm Castle,DN,0,8,Vanity_Fair_1847
The Capting,N,0,8,Vanity_Fair_1847
The Capting,C,0,8,Vanity_Fair_1847
The Capting,I,0,8,Vanity_Fair_1847
The Capting,A,0,8,Vanity_Fair_1847
The Capting,DC,0,8,Vanity_Fair_1847
The Capting,DN,0,8,Vanity_Fair_1847
The Duke of Wellington,N,0,8,Vanity_Fair_1847
The Duke of Wellington,C,0,8,Vanity_Fair_1847
The Duke of Wellington,I,0,8,Vanity_Fair_1847
The Duke of Wellington,A,0,8,Vanity_Fair_1847
The Duke of Wellington,DC,0,8,Vanity_Fair_1847
The Duke of Wellington,DN,0,8,Vanity_Fair_1847
Thriftless,N,0,8,Vanity_Fair_1847
Thriftless,C,0,8,Vanity_Fair_1847
Thriftless,I,0,8,Vanity_Fair_1847
Thriftless,A,0,8,Vanity_Fair_1847
Thriftless,DC,0,8,Vanity_Fair_1847
Thriftless,DN,0,8,Vanity_Fair_1847
Tinker,N,0,8,Vanity_Fair_1847
Tinker,C,0,8,Vanity_Fair_1847
Tinker,I,0,8,Vanity_Fair_1847
Tinker,A,0,8,Vanity_Fair_1847
Tinker,DC,0,8,Vanity_Fair_1847
Tinker,DN,0,8,Vanity_Fair_1847
Tom Eaves,N,0,8,Vanity_Fair_1847
Tom Eaves,C,0,8,Vanity_Fair_1847
Tom Eaves,I,0,8,Vanity_Fair_1847
Tom Eaves,A,0,8,Vanity_Fair_1847
Tom Eaves,DC,0,8,Vanity_Fair_1847
Tom Eaves,DN,0,8,Vanity_Fair_1847
Tom Fool,N,0,8,Vanity_Fair_1847
Tom Fool,C,0,8,Vanity_Fair_1847
Tom Fool,I,0,8,Vanity_Fair_1847
Tom Fool,A,0,8,Vanity_Fair_1847
Tom Fool,DC,0,8,Vanity_Fair_1847
Tom Fool,DN,0,8,Vanity_Fair_1847
Tom Moody,N,0,8,Vanity_Fair_1847
Tom Moody,C,0,8,Vanity_Fair_1847
Tom Moody,I,0,8,Vanity_Fair_1847
Tom Moody,A,0,8,Vanity_Fair_1847
Tom Moody,DC,0,8,Vanity_Fair_1847
Tom Moody,DN,0,8,Vanity_Fair_1847
Trotter,N,0,8,Vanity_Fair_1847
Trotter,C,0,8,Vanity_Fair_1847
Trotter,I,0,8,Vanity_Fair_1847
Trotter,A,0,8,Vanity_Fair_1847
Trotter,DC,0,8,Vanity_Fair_1847
Trotter,DN,0,8,Vanity_Fair_1847
Truffigny,N,0,8,Vanity_Fair_1847
Truffigny,C,0,8,Vanity_Fair_1847
Truffigny,I,0,8,Vanity_Fair_1847
Truffigny,A,0,8,Vanity_Fair_1847
Truffigny,DC,0,8,Vanity_Fair_1847
Truffigny,DN,0,8,Vanity_Fair_1847
Vanity Fair,N,0,8,Vanity_Fair_1847
Vanity Fair,C,0,8,Vanity_Fair_1847
Vanity Fair,I,0,8,Vanity_Fair_1847
Vanity Fair,A,0,8,Vanity_Fair_1847
Vanity Fair,DC,0,8,Vanity_Fair_1847
Vanity Fair,DN,0,8,Vanity_Fair_1847
Victor Aurelius XIV,N,0,8,Vanity_Fair_1847
Victor Aurelius XIV,C,0,8,Vanity_Fair_1847
Victor Aurelius XIV,I,0,8,Vanity_Fair_1847
Victor Aurelius XIV,A,0,8,Vanity_Fair_1847
Victor Aurelius XIV,DC,0,8,Vanity_Fair_1847
Victor Aurelius XIV,DN,0,8,Vanity_Fair_1847
Walpole Crawley,N,1,8,Vanity_Fair_1847
Walpole Crawley,C,0,8,Vanity_Fair_1847
Walpole Crawley,I,0,8,Vanity_Fair_1847
Walpole Crawley,A,0,8,Vanity_Fair_1847
Walpole Crawley,DC,0,8,Vanity_Fair_1847
Walpole Crawley,DN,0,8,Vanity_Fair_1847
Waterloo,N,0,8,Vanity_Fair_1847
Waterloo,C,0,8,Vanity_Fair_1847
Waterloo,I,0,8,Vanity_Fair_1847
Waterloo,A,0,8,Vanity_Fair_1847
Waterloo,DC,0,8,Vanity_Fair_1847
Waterloo,DN,0,8,Vanity_Fair_1847
Waxy,N,0,8,Vanity_Fair_1847
Waxy,C,0,8,Vanity_Fair_1847
Waxy,I,0,8,Vanity_Fair_1847
Waxy,A,0,8,Vanity_Fair_1847
Waxy,DC,0,8,Vanity_Fair_1847
Waxy,DN,0,8,Vanity_Fair_1847
Young Stubble,N,0,8,Vanity_Fair_1847
Young Stubble,C,0,8,Vanity_Fair_1847
Young Stubble,I,0,8,Vanity_Fair_1847
Young Stubble,A,0,8,Vanity_Fair_1847
Young Stubble,DC,0,8,Vanity_Fair_1847
Young Stubble,DN,0,8,Vanity_Fair_1847
Young Tandyman,N,0,8,Vanity_Fair_1847
Young Tandyman,C,0,8,Vanity_Fair_1847
Young Tandyman,I,0,8,Vanity_Fair_1847
Young Tandyman,A,0,8,Vanity_Fair_1847
Young Tandyman,DC,0,8,Vanity_Fair_1847
Young Tandyman,DN,0,8,Vanity_Fair_1847
little Emmy's,N,0,8,Vanity_Fair_1847
little Emmy's,C,0,8,Vanity_Fair_1847
little Emmy's,I,0,8,Vanity_Fair_1847
little Emmy's,A,0,8,Vanity_Fair_1847
little Emmy's,DC,0,8,Vanity_Fair_1847
little Emmy's,DN,0,8,Vanity_Fair_1847
little Fipps,N,0,8,Vanity_Fair_1847
little Fipps,C,0,8,Vanity_Fair_1847
little Fipps,I,0,8,Vanity_Fair_1847
little Fipps,A,0,8,Vanity_Fair_1847
little Fipps,DC,0,8,Vanity_Fair_1847
little Fipps,DN,0,8,Vanity_Fair_1847
old Sergeant Toffy,N,1,8,Vanity_Fair_1847
old Sergeant Toffy,C,0,8,Vanity_Fair_1847
old Sergeant Toffy,I,0,8,Vanity_Fair_1847
old Sergeant Toffy,A,0,8,Vanity_Fair_1847
old Sergeant Toffy,DC,0,8,Vanity_Fair_1847
old Sergeant Toffy,DN,0,8,Vanity_Fair_1847
"poor dear General Glanders , who was dying under the hands of that ignorant man",N,0,8,Vanity_Fair_1847
"poor dear General Glanders , who was dying under the hands of that ignorant man",C,0,8,Vanity_Fair_1847
"poor dear General Glanders , who was dying under the hands of that ignorant man",I,0,8,Vanity_Fair_1847
"poor dear General Glanders , who was dying under the hands of that ignorant man",A,0,8,Vanity_Fair_1847
"poor dear General Glanders , who was dying under the hands of that ignorant man",DC,0,8,Vanity_Fair_1847
"poor dear General Glanders , who was dying under the hands of that ignorant man",DN,0,8,Vanity_Fair_1847
the Crawleys,N,0,8,Vanity_Fair_1847
the Crawleys,C,0,8,Vanity_Fair_1847
the Crawleys,I,0,8,Vanity_Fair_1847
the Crawleys,A,0,8,Vanity_Fair_1847
the Crawleys,DC,0,8,Vanity_Fair_1847
the Crawleys,DN,0,8,Vanity_Fair_1847
the English,N,0,8,Vanity_Fair_1847
the English,C,0,8,Vanity_Fair_1847
the English,I,0,8,Vanity_Fair_1847
the English,A,0,8,Vanity_Fair_1847
the English,DC,0,8,Vanity_Fair_1847
the English,DN,0,8,Vanity_Fair_1847
the French,N,0,8,Vanity_Fair_1847
the French,C,0,8,Vanity_Fair_1847
the French,I,0,8,Vanity_Fair_1847
the French,A,0,8,Vanity_Fair_1847
the French,DC,0,8,Vanity_Fair_1847
the French,DN,0,8,Vanity_Fair_1847
the Grafinn Fanny de Butterbrod,N,0,8,Vanity_Fair_1847
the Grafinn Fanny de Butterbrod,C,0,8,Vanity_Fair_1847
the Grafinn Fanny de Butterbrod,I,0,8,Vanity_Fair_1847
the Grafinn Fanny de Butterbrod,A,0,8,Vanity_Fair_1847
the Grafinn Fanny de Butterbrod,DC,0,8,Vanity_Fair_1847
the Grafinn Fanny de Butterbrod,DN,0,8,Vanity_Fair_1847
the Hammersmith Semiramis,N,0,8,Vanity_Fair_1847
the Hammersmith Semiramis,C,0,8,Vanity_Fair_1847
the Hammersmith Semiramis,I,0,8,Vanity_Fair_1847
the Hammersmith Semiramis,A,0,8,Vanity_Fair_1847
the Hammersmith Semiramis,DC,0,8,Vanity_Fair_1847
the Hammersmith Semiramis,DN,0,8,Vanity_Fair_1847
the Honourable Mrs. Tufto,N,0,8,Vanity_Fair_1847
the Honourable Mrs. Tufto,C,0,8,Vanity_Fair_1847
the Honourable Mrs. Tufto,I,0,8,Vanity_Fair_1847
the Honourable Mrs. Tufto,A,0,8,Vanity_Fair_1847
the Honourable Mrs. Tufto,DC,0,8,Vanity_Fair_1847
the Honourable Mrs. Tufto,DN,0,8,Vanity_Fair_1847
the Kislar Aga,N,0,8,Vanity_Fair_1847
the Kislar Aga,C,0,8,Vanity_Fair_1847
the Kislar Aga,I,0,8,Vanity_Fair_1847
the Kislar Aga,A,0,8,Vanity_Fair_1847
the Kislar Aga,DC,0,8,Vanity_Fair_1847
the Kislar Aga,DN,0,8,Vanity_Fair_1847
the Marquis of Steyne,N,0,8,Vanity_Fair_1847
the Marquis of Steyne,C,0,8,Vanity_Fair_1847
the Marquis of Steyne,I,0,8,Vanity_Fair_1847
the Marquis of Steyne,A,0,8,Vanity_Fair_1847
the Marquis of Steyne,DC,0,8,Vanity_Fair_1847
the Marquis of Steyne,DN,0,8,Vanity_Fair_1847
the Misses Dobbin,N,7,8,Vanity_Fair_1847
the Misses Dobbin,C,0,8,Vanity_Fair_1847
the Misses Dobbin,I,1,8,Vanity_Fair_1847
the Misses Dobbin,A,3,8,Vanity_Fair_1847
the Misses Dobbin,DC,0,8,Vanity_Fair_1847
the Misses Dobbin,DN,2,8,Vanity_Fair_1847
the Misses Osborne,N,0,8,Vanity_Fair_1847
the Misses Osborne,C,0,8,Vanity_Fair_1847
the Misses Osborne,I,0,8,Vanity_Fair_1847
the Misses Osborne,A,0,8,Vanity_Fair_1847
the Misses Osborne,DC,0,8,Vanity_Fair_1847
the Misses Osborne,DN,0,8,Vanity_Fair_1847
the Osbornes,N,0,8,Vanity_Fair_1847
the Osbornes,C,0,8,Vanity_Fair_1847
the Osbornes,I,0,8,Vanity_Fair_1847
the Osbornes,A,0,8,Vanity_Fair_1847
the Osbornes,DC,0,8,Vanity_Fair_1847
the Osbornes,DN,0,8,Vanity_Fair_1847
the Reverend Bute Crawley,N,1,8,Vanity_Fair_1847
the Reverend Bute Crawley,C,0,8,Vanity_Fair_1847
the Reverend Bute Crawley,I,0,8,Vanity_Fair_1847
the Reverend Bute Crawley,A,0,8,Vanity_Fair_1847
the Reverend Bute Crawley,DC,0,8,Vanity_Fair_1847
the Reverend Bute Crawley,DN,0,8,Vanity_Fair_1847
the Ribbons,N,5,8,Vanity_Fair_1847
the Ribbons,C,0,8,Vanity_Fair_1847
the Ribbons,I,0,8,Vanity_Fair_1847
the Ribbons,A,2,8,Vanity_Fair_1847
the Ribbons,DC,0,8,Vanity_Fair_1847
the Ribbons,DN,0,8,Vanity_Fair_1847
the Russians,N,0,8,Vanity_Fair_1847
the Russians,C,0,8,Vanity_Fair_1847
the Russians,I,0,8,Vanity_Fair_1847
the Russians,A,0,8,Vanity_Fair_1847
the Russians,DC,0,8,Vanity_Fair_1847
the Russians,DN,0,8,Vanity_Fair_1847
the Sedleys,N,0,8,Vanity_Fair_1847
the Sedleys,C,0,8,Vanity_Fair_1847
the Sedleys,I,0,8,Vanity_Fair_1847
the Sedleys,A,0,8,Vanity_Fair_1847
the Sedleys,DC,0,8,Vanity_Fair_1847
the Sedleys,DN,0,8,Vanity_Fair_1847
the old Baronet,N,4,8,Vanity_Fair_1847
the old Baronet,C,0,8,Vanity_Fair_1847
the old Baronet,I,0,8,Vanity_Fair_1847
the old Baronet,A,1,8,Vanity_Fair_1847
the old Baronet,DC,0,8,Vanity_Fair_1847
the old Baronet,DN,0,8,Vanity_Fair_1847
the old Chevalier de Talonrouge,N,0,8,Vanity_Fair_1847
the old Chevalier de Talonrouge,C,0,8,Vanity_Fair_1847
the old Chevalier de Talonrouge,I,0,8,Vanity_Fair_1847
the old Chevalier de Talonrouge,A,0,8,Vanity_Fair_1847
the old Chevalier de Talonrouge,DC,0,8,Vanity_Fair_1847
the old Chevalier de Talonrouge,DN,0,8,Vanity_Fair_1847
young Blackball,N,0,8,Vanity_Fair_1847
young Blackball,C,0,8,Vanity_Fair_1847
young Blackball,I,0,8,Vanity_Fair_1847
young Blackball,A,0,8,Vanity_Fair_1847
young Blackball,DC,0,8,Vanity_Fair_1847
young Blackball,DN,0,8,Vanity_Fair_1847
young Lord Dovedale,N,0,8,Vanity_Fair_1847
young Lord Dovedale,C,0,8,Vanity_Fair_1847
young Lord Dovedale,I,0,8,Vanity_Fair_1847
young Lord Dovedale,A,0,8,Vanity_Fair_1847
young Lord Dovedale,DC,0,8,Vanity_Fair_1847
young Lord Dovedale,DN,0,8,Vanity_Fair_1847
Achilles,N,3,9,Vanity_Fair_1847
Achilles,C,0,9,Vanity_Fair_1847
Achilles,I,0,9,Vanity_Fair_1847
Achilles,A,0,9,Vanity_Fair_1847
Achilles,DC,1,9,Vanity_Fair_1847
Achilles,DN,0,9,Vanity_Fair_1847
Aegisthus,N,3,9,Vanity_Fair_1847
Aegisthus,C,0,9,Vanity_Fair_1847
Aegisthus,I,0,9,Vanity_Fair_1847
Aegisthus,A,1,9,Vanity_Fair_1847
Aegisthus,DC,0,9,Vanity_Fair_1847
Aegisthus,DN,0,9,Vanity_Fair_1847
Amelia,N,131,9,Vanity_Fair_1847
Amelia,C,25,9,Vanity_Fair_1847
Amelia,I,81,9,Vanity_Fair_1847
Amelia,A,143,9,Vanity_Fair_1847
Amelia,DC,24,9,Vanity_Fair_1847
Amelia,DN,25,9,Vanity_Fair_1847
Arabella,N,1,9,Vanity_Fair_1847
Arabella,C,0,9,Vanity_Fair_1847
Arabella,I,0,9,Vanity_Fair_1847
Arabella,A,0,9,Vanity_Fair_1847
Arabella,DC,0,9,Vanity_Fair_1847
Arabella,DN,0,9,Vanity_Fair_1847
Barbara,N,1,9,Vanity_Fair_1847
Barbara,C,0,9,Vanity_Fair_1847
Barbara,I,0,9,Vanity_Fair_1847
Barbara,A,0,9,Vanity_Fair_1847
Barbara,DC,0,9,Vanity_Fair_1847
Barbara,DN,0,9,Vanity_Fair_1847
Bart,N,0,9,Vanity_Fair_1847
Bart,C,0,9,Vanity_Fair_1847
Bart,I,0,9,Vanity_Fair_1847
Bart,A,0,9,Vanity_Fair_1847
Bart,DC,0,9,Vanity_Fair_1847
Bart,DN,0,9,Vanity_Fair_1847
Beauty,N,0,9,Vanity_Fair_1847
Beauty,C,0,9,Vanity_Fair_1847
Beauty,I,0,9,Vanity_Fair_1847
Beauty,A,0,9,Vanity_Fair_1847
Beauty,DC,0,9,Vanity_Fair_1847
Beauty,DN,0,9,Vanity_Fair_1847
Becky,N,200,9,Vanity_Fair_1847
Becky,C,65,9,Vanity_Fair_1847
Becky,I,69,9,Vanity_Fair_1847
Becky,A,196,9,Vanity_Fair_1847
Becky,DC,13,9,Vanity_Fair_1847
Becky,DN,33,9,Vanity_Fair_1847
Bedwin,N,5,9,Vanity_Fair_1847
Bedwin,C,0,9,Vanity_Fair_1847
Bedwin,I,1,9,Vanity_Fair_1847
Bedwin,A,3,9,Vanity_Fair_1847
Bedwin,DC,0,9,Vanity_Fair_1847
Bedwin,DN,2,9,Vanity_Fair_1847
Bessy,N,2,9,Vanity_Fair_1847
Bessy,C,0,9,Vanity_Fair_1847
Bessy,I,0,9,Vanity_Fair_1847
Bessy,A,0,9,Vanity_Fair_1847
Bessy,DC,0,9,Vanity_Fair_1847
Bessy,DN,1,9,Vanity_Fair_1847
Betty,N,1,9,Vanity_Fair_1847
Betty,C,0,9,Vanity_Fair_1847
Betty,I,0,9,Vanity_Fair_1847
Betty,A,0,9,Vanity_Fair_1847
Betty,DC,0,9,Vanity_Fair_1847
Betty,DN,0,9,Vanity_Fair_1847
Betty Flanagan,N,0,9,Vanity_Fair_1847
Betty Flanagan,C,0,9,Vanity_Fair_1847
Betty Flanagan,I,0,9,Vanity_Fair_1847
Betty Flanagan,A,0,9,Vanity_Fair_1847
Betty Flanagan,DC,0,9,Vanity_Fair_1847
Betty Flanagan,DN,0,9,Vanity_Fair_1847
Black Sambo,N,0,9,Vanity_Fair_1847
Black Sambo,C,0,9,Vanity_Fair_1847
Black Sambo,I,0,9,Vanity_Fair_1847
Black Sambo,A,0,9,Vanity_Fair_1847
Black Sambo,DC,0,9,Vanity_Fair_1847
Black Sambo,DN,0,9,Vanity_Fair_1847
Boggley Wollah,N,0,9,Vanity_Fair_1847
Boggley Wollah,C,0,9,Vanity_Fair_1847
Boggley Wollah,I,0,9,Vanity_Fair_1847
Boggley Wollah,A,0,9,Vanity_Fair_1847
Boggley Wollah,DC,0,9,Vanity_Fair_1847
Boggley Wollah,DN,0,9,Vanity_Fair_1847
Boney,N,0,9,Vanity_Fair_1847
Boney,C,0,9,Vanity_Fair_1847
Boney,I,0,9,Vanity_Fair_1847
Boney,A,0,9,Vanity_Fair_1847
Boney,DC,0,9,Vanity_Fair_1847
Boney,DN,0,9,Vanity_Fair_1847
Briefless,N,0,9,Vanity_Fair_1847
Briefless,C,0,9,Vanity_Fair_1847
Briefless,I,0,9,Vanity_Fair_1847
Briefless,A,0,9,Vanity_Fair_1847
Briefless,DC,0,9,Vanity_Fair_1847
Briefless,DN,0,9,Vanity_Fair_1847
Briggs,N,26,9,Vanity_Fair_1847
Briggs,C,0,9,Vanity_Fair_1847
Briggs,I,2,9,Vanity_Fair_1847
Briggs,A,8,9,Vanity_Fair_1847
Briggs,DC,7,9,Vanity_Fair_1847
Briggs,DN,3,9,Vanity_Fair_1847
Britons,N,0,9,Vanity_Fair_1847
Britons,C,0,9,Vanity_Fair_1847
Britons,I,0,9,Vanity_Fair_1847
Britons,A,0,9,Vanity_Fair_1847
Britons,DC,0,9,Vanity_Fair_1847
Britons,DN,0,9,Vanity_Fair_1847
Bullfinch,N,0,9,Vanity_Fair_1847
Bullfinch,C,0,9,Vanity_Fair_1847
Bullfinch,I,0,9,Vanity_Fair_1847
Bullfinch,A,0,9,Vanity_Fair_1847
Bullfinch,DC,0,9,Vanity_Fair_1847
Bullfinch,DN,0,9,Vanity_Fair_1847
Bute Crawleys,N,0,9,Vanity_Fair_1847
Bute Crawleys,C,0,9,Vanity_Fair_1847
Bute Crawleys,I,0,9,Vanity_Fair_1847
Bute Crawleys,A,0,9,Vanity_Fair_1847
Bute Crawleys,DC,0,9,Vanity_Fair_1847
Bute Crawleys,DN,0,9,Vanity_Fair_1847
Buty,N,0,9,Vanity_Fair_1847
Buty,C,0,9,Vanity_Fair_1847
Buty,I,0,9,Vanity_Fair_1847
Buty,A,0,9,Vanity_Fair_1847
Buty,DC,0,9,Vanity_Fair_1847
Buty,DN,0,9,Vanity_Fair_1847
Cackle,N,0,9,Vanity_Fair_1847
Cackle,C,0,9,Vanity_Fair_1847
Cackle,I,0,9,Vanity_Fair_1847
Cackle,A,0,9,Vanity_Fair_1847
Cackle,DC,0,9,Vanity_Fair_1847
Cackle,DN,0,9,Vanity_Fair_1847
Caliban,N,1,9,Vanity_Fair_1847
Caliban,C,0,9,Vanity_Fair_1847
Caliban,I,0,9,Vanity_Fair_1847
Caliban,A,3,9,Vanity_Fair_1847
Caliban,DC,1,9,Vanity_Fair_1847
Caliban,DN,0,9,Vanity_Fair_1847
Captain Bragg,N,7,9,Vanity_Fair_1847
Captain Bragg,C,2,9,Vanity_Fair_1847
Captain Bragg,I,3,9,Vanity_Fair_1847
Captain Bragg,A,2,9,Vanity_Fair_1847
Captain Bragg,DC,0,9,Vanity_Fair_1847
Captain Bragg,DN,0,9,Vanity_Fair_1847
Captain Dobbin Proceeds,N,0,9,Vanity_Fair_1847
Captain Dobbin Proceeds,C,0,9,Vanity_Fair_1847
Captain Dobbin Proceeds,I,0,9,Vanity_Fair_1847
Captain Dobbin Proceeds,A,0,9,Vanity_Fair_1847
Captain Dobbin Proceeds,DC,0,9,Vanity_Fair_1847
Captain Dobbin Proceeds,DN,0,9,Vanity_Fair_1847
Captain Macmurdo,N,25,9,Vanity_Fair_1847
Captain Macmurdo,C,9,9,Vanity_Fair_1847
Captain Macmurdo,I,6,9,Vanity_Fair_1847
Captain Macmurdo,A,20,9,Vanity_Fair_1847
Captain Macmurdo,DC,6,9,Vanity_Fair_1847
Captain Macmurdo,DN,4,9,Vanity_Fair_1847
Captain Marker,N,1,9,Vanity_Fair_1847
Captain Marker,C,0,9,Vanity_Fair_1847
Captain Marker,I,0,9,Vanity_Fair_1847
Captain Marker,A,0,9,Vanity_Fair_1847
Captain Marker,DC,0,9,Vanity_Fair_1847
Captain Marker,DN,0,9,Vanity_Fair_1847
Clement William,N,0,9,Vanity_Fair_1847
Clement William,C,0,9,Vanity_Fair_1847
Clement William,I,0,9,Vanity_Fair_1847
Clement William,A,0,9,Vanity_Fair_1847
Clement William,DC,0,9,Vanity_Fair_1847
Clement William,DN,0,9,Vanity_Fair_1847
Clytemnestra,N,4,9,Vanity_Fair_1847
Clytemnestra,C,0,9,Vanity_Fair_1847
Clytemnestra,I,0,9,Vanity_Fair_1847
Clytemnestra,A,1,9,Vanity_Fair_1847
Clytemnestra,DC,1,9,Vanity_Fair_1847
Clytemnestra,DN,0,9,Vanity_Fair_1847
Colonel Dobbin,N,2,9,Vanity_Fair_1847
Colonel Dobbin,C,0,9,Vanity_Fair_1847
Colonel Dobbin,I,0,9,Vanity_Fair_1847
Colonel Dobbin,A,0,9,Vanity_Fair_1847
Colonel Dobbin,DC,0,9,Vanity_Fair_1847
Colonel Dobbin,DN,0,9,Vanity_Fair_1847
Crawleys,N,0,9,Vanity_Fair_1847
Crawleys,C,0,9,Vanity_Fair_1847
Crawleys,I,0,9,Vanity_Fair_1847
Crawleys,A,0,9,Vanity_Fair_1847
Crawleys,DC,0,9,Vanity_Fair_1847
Crawleys,DN,0,9,Vanity_Fair_1847
Cuff,N,0,9,Vanity_Fair_1847
Cuff,C,0,9,Vanity_Fair_1847
Cuff,I,0,9,Vanity_Fair_1847
Cuff,A,0,9,Vanity_Fair_1847
Cuff,DC,0,9,Vanity_Fair_1847
Cuff,DN,0,9,Vanity_Fair_1847
Cupid,N,0,9,Vanity_Fair_1847
Cupid,C,0,9,Vanity_Fair_1847
Cupid,I,0,9,Vanity_Fair_1847
Cupid,A,0,9,Vanity_Fair_1847
Cupid,DC,0,9,Vanity_Fair_1847
Cupid,DN,0,9,Vanity_Fair_1847
"DEAR MAMA,--I",N,0,9,Vanity_Fair_1847
"DEAR MAMA,--I",C,0,9,Vanity_Fair_1847
"DEAR MAMA,--I",I,0,9,Vanity_Fair_1847
"DEAR MAMA,--I",A,0,9,Vanity_Fair_1847
"DEAR MAMA,--I",DC,0,9,Vanity_Fair_1847
"DEAR MAMA,--I",DN,0,9,Vanity_Fair_1847
Dammy,N,3,9,Vanity_Fair_1847
Dammy,C,0,9,Vanity_Fair_1847
Dammy,I,0,9,Vanity_Fair_1847
Dammy,A,1,9,Vanity_Fair_1847
Dammy,DC,1,9,Vanity_Fair_1847
Dammy,DN,0,9,Vanity_Fair_1847
Dear Miss Osborne,N,0,9,Vanity_Fair_1847
Dear Miss Osborne,C,0,9,Vanity_Fair_1847
Dear Miss Osborne,I,0,9,Vanity_Fair_1847
Dear Miss Osborne,A,0,9,Vanity_Fair_1847
Dear Miss Osborne,DC,0,9,Vanity_Fair_1847
Dear Miss Osborne,DN,0,9,Vanity_Fair_1847
Dives,N,1,9,Vanity_Fair_1847
Dives,C,1,9,Vanity_Fair_1847
Dives,I,0,9,Vanity_Fair_1847
Dives,A,1,9,Vanity_Fair_1847
Dives,DC,0,9,Vanity_Fair_1847
Dives,DN,0,9,Vanity_Fair_1847
Dob,N,7,9,Vanity_Fair_1847
Dob,C,1,9,Vanity_Fair_1847
Dob,I,2,9,Vanity_Fair_1847
Dob,A,0,9,Vanity_Fair_1847
Dob,DC,3,9,Vanity_Fair_1847
Dob,DN,0,9,Vanity_Fair_1847
Dobbin,N,114,9,Vanity_Fair_1847
Dobbin,C,32,9,Vanity_Fair_1847
Dobbin,I,55,9,Vanity_Fair_1847
Dobbin,A,91,9,Vanity_Fair_1847
Dobbin,DC,23,9,Vanity_Fair_1847
Dobbin,DN,24,9,Vanity_Fair_1847
Doctor Johnson,N,6,9,Vanity_Fair_1847
Doctor Johnson,C,0,9,Vanity_Fair_1847
Doctor Johnson,I,1,9,Vanity_Fair_1847
Doctor Johnson,A,0,9,Vanity_Fair_1847
Doctor Johnson,DC,0,9,Vanity_Fair_1847
Doctor Johnson,DN,0,9,Vanity_Fair_1847
Doctor von Glauber,N,1,9,Vanity_Fair_1847
Doctor von Glauber,C,2,9,Vanity_Fair_1847
Doctor von Glauber,I,0,9,Vanity_Fair_1847
Doctor von Glauber,A,1,9,Vanity_Fair_1847
Doctor von Glauber,DC,0,9,Vanity_Fair_1847
Doctor von Glauber,DN,0,9,Vanity_Fair_1847
Don Juan,N,3,9,Vanity_Fair_1847
Don Juan,C,0,9,Vanity_Fair_1847
Don Juan,I,0,9,Vanity_Fair_1847
Don Juan,A,0,9,Vanity_Fair_1847
Don Juan,DC,1,9,Vanity_Fair_1847
Don Juan,DN,0,9,Vanity_Fair_1847
Dr. Squills,N,0,9,Vanity_Fair_1847
Dr. Squills,C,0,9,Vanity_Fair_1847
Dr. Squills,I,0,9,Vanity_Fair_1847
Dr. Squills,A,0,9,Vanity_Fair_1847
Dr. Squills,DC,0,9,Vanity_Fair_1847
Dr. Squills,DN,0,9,Vanity_Fair_1847
Dr. Swishtail,N,0,9,Vanity_Fair_1847
Dr. Swishtail,C,0,9,Vanity_Fair_1847
Dr. Swishtail,I,0,9,Vanity_Fair_1847
Dr. Swishtail,A,0,9,Vanity_Fair_1847
Dr. Swishtail,DC,0,9,Vanity_Fair_1847
Dr. Swishtail,DN,0,9,Vanity_Fair_1847
Edward Dale,N,0,9,Vanity_Fair_1847
Edward Dale,C,0,9,Vanity_Fair_1847
Edward Dale,I,0,9,Vanity_Fair_1847
Edward Dale,A,0,9,Vanity_Fair_1847
Edward Dale,DC,0,9,Vanity_Fair_1847
Edward Dale,DN,0,9,Vanity_Fair_1847
Emmy,N,55,9,Vanity_Fair_1847
Emmy,C,15,9,Vanity_Fair_1847
Emmy,I,38,9,Vanity_Fair_1847
Emmy,A,62,9,Vanity_Fair_1847
Emmy,DC,2,9,Vanity_Fair_1847
Emmy,DN,13,9,Vanity_Fair_1847
Ensign Stubble,N,0,9,Vanity_Fair_1847
Ensign Stubble,C,0,9,Vanity_Fair_1847
Ensign Stubble,I,0,9,Vanity_Fair_1847
Ensign Stubble,A,0,9,Vanity_Fair_1847
Ensign Stubble,DC,0,9,Vanity_Fair_1847
Ensign Stubble,DN,0,9,Vanity_Fair_1847
Fanny Magenis,N,0,9,Vanity_Fair_1847
Fanny Magenis,C,0,9,Vanity_Fair_1847
Fanny Magenis,I,0,9,Vanity_Fair_1847
Fanny Magenis,A,0,9,Vanity_Fair_1847
Fanny Magenis,DC,0,9,Vanity_Fair_1847
Fanny Magenis,DN,0,9,Vanity_Fair_1847
Father Mole,N,4,9,Vanity_Fair_1847
Father Mole,C,0,9,Vanity_Fair_1847
Father Mole,I,0,9,Vanity_Fair_1847
Father Mole,A,0,9,Vanity_Fair_1847
Father Mole,DC,0,9,Vanity_Fair_1847
Father Mole,DN,1,9,Vanity_Fair_1847
Fidelio,N,2,9,Vanity_Fair_1847
Fidelio,C,1,9,Vanity_Fair_1847
Fidelio,I,0,9,Vanity_Fair_1847
Fidelio,A,2,9,Vanity_Fair_1847
Fidelio,DC,0,9,Vanity_Fair_1847
Fidelio,DN,0,9,Vanity_Fair_1847
Figs,N,0,9,Vanity_Fair_1847
Figs,C,0,9,Vanity_Fair_1847
Figs,I,0,9,Vanity_Fair_1847
Figs,A,0,9,Vanity_Fair_1847
Figs,DC,0,9,Vanity_Fair_1847
Figs,DN,0,9,Vanity_Fair_1847
Firkin,N,0,9,Vanity_Fair_1847
Firkin,C,0,9,Vanity_Fair_1847
Firkin,I,0,9,Vanity_Fair_1847
Firkin,A,0,9,Vanity_Fair_1847
Firkin,DC,0,9,Vanity_Fair_1847
Firkin,DN,0,9,Vanity_Fair_1847
Fitz - Willis,N,4,9,Vanity_Fair_1847
Fitz - Willis,C,0,9,Vanity_Fair_1847
Fitz - Willis,I,0,9,Vanity_Fair_1847
Fitz - Willis,A,0,9,Vanity_Fair_1847
Fitz - Willis,DC,1,9,Vanity_Fair_1847
Fitz - Willis,DN,2,9,Vanity_Fair_1847
Francis,N,0,9,Vanity_Fair_1847
Francis,C,0,9,Vanity_Fair_1847
Francis,I,0,9,Vanity_Fair_1847
Francis,A,0,9,Vanity_Fair_1847
Francis,DC,0,9,Vanity_Fair_1847
Francis,DN,0,9,Vanity_Fair_1847
Fred,N,1,9,Vanity_Fair_1847
Fred,C,0,9,Vanity_Fair_1847
Fred,I,0,9,Vanity_Fair_1847
Fred,A,0,9,Vanity_Fair_1847
Fred,DC,0,9,Vanity_Fair_1847
Fred,DN,1,9,Vanity_Fair_1847
"Frederick Bullock , Esq .",N,0,9,Vanity_Fair_1847
"Frederick Bullock , Esq .",C,0,9,Vanity_Fair_1847
"Frederick Bullock , Esq .",I,0,9,Vanity_Fair_1847
"Frederick Bullock , Esq .",A,0,9,Vanity_Fair_1847
"Frederick Bullock , Esq .",DC,0,9,Vanity_Fair_1847
"Frederick Bullock , Esq .",DN,0,9,Vanity_Fair_1847
Fritz,N,0,9,Vanity_Fair_1847
Fritz,C,0,9,Vanity_Fair_1847
Fritz,I,0,9,Vanity_Fair_1847
Fritz,A,0,9,Vanity_Fair_1847
Fritz,DC,0,9,Vanity_Fair_1847
Fritz,DN,0,9,Vanity_Fair_1847
Gad,N,1,9,Vanity_Fair_1847
Gad,C,0,9,Vanity_Fair_1847
Gad,I,0,9,Vanity_Fair_1847
Gad,A,0,9,Vanity_Fair_1847
Gad,DC,0,9,Vanity_Fair_1847
Gad,DN,0,9,Vanity_Fair_1847
General Tufto,N,0,9,Vanity_Fair_1847
General Tufto,C,0,9,Vanity_Fair_1847
General Tufto,I,0,9,Vanity_Fair_1847
General Tufto,A,0,9,Vanity_Fair_1847
General Tufto,DC,0,9,Vanity_Fair_1847
General Tufto,DN,0,9,Vanity_Fair_1847
George,N,192,9,Vanity_Fair_1847
George,C,14,9,Vanity_Fair_1847
George,I,34,9,Vanity_Fair_1847
George,A,84,9,Vanity_Fair_1847
George,DC,28,9,Vanity_Fair_1847
George,DN,14,9,Vanity_Fair_1847
Georgy,N,84,9,Vanity_Fair_1847
Georgy,C,14,9,Vanity_Fair_1847
Georgy,I,19,9,Vanity_Fair_1847
Georgy,A,55,9,Vanity_Fair_1847
Georgy,DC,9,9,Vanity_Fair_1847
Georgy,DN,10,9,Vanity_Fair_1847
Glorvina,N,3,9,Vanity_Fair_1847
Glorvina,C,0,9,Vanity_Fair_1847
Glorvina,I,1,9,Vanity_Fair_1847
Glorvina,A,3,9,Vanity_Fair_1847
Glorvina,DC,1,9,Vanity_Fair_1847
Glorvina,DN,0,9,Vanity_Fair_1847
God,N,14,9,Vanity_Fair_1847
God,C,0,9,Vanity_Fair_1847
God,I,0,9,Vanity_Fair_1847
God,A,1,9,Vanity_Fair_1847
God,DC,5,9,Vanity_Fair_1847
God,DN,0,9,Vanity_Fair_1847
Grandpapa,N,6,9,Vanity_Fair_1847
Grandpapa,C,0,9,Vanity_Fair_1847
Grandpapa,I,0,9,Vanity_Fair_1847
Grandpapa,A,1,9,Vanity_Fair_1847
Grandpapa,DC,3,9,Vanity_Fair_1847
Grandpapa,DN,0,9,Vanity_Fair_1847
Gulielmo Dobbin,N,0,9,Vanity_Fair_1847
Gulielmo Dobbin,C,0,9,Vanity_Fair_1847
Gulielmo Dobbin,I,0,9,Vanity_Fair_1847
Gulielmo Dobbin,A,0,9,Vanity_Fair_1847
Gulielmo Dobbin,DC,0,9,Vanity_Fair_1847
Gulielmo Dobbin,DN,0,9,Vanity_Fair_1847
H. E.,N,4,9,Vanity_Fair_1847
H. E.,C,0,9,Vanity_Fair_1847
H. E.,I,1,9,Vanity_Fair_1847
H. E.,A,1,9,Vanity_Fair_1847
H. E.,DC,1,9,Vanity_Fair_1847
H. E.,DN,0,9,Vanity_Fair_1847
Heaven,N,4,9,Vanity_Fair_1847
Heaven,C,0,9,Vanity_Fair_1847
Heaven,I,0,9,Vanity_Fair_1847
Heaven,A,2,9,Vanity_Fair_1847
Heaven,DC,0,9,Vanity_Fair_1847
Heaven,DN,0,9,Vanity_Fair_1847
Heavytop,N,0,9,Vanity_Fair_1847
Heavytop,C,0,9,Vanity_Fair_1847
Heavytop,I,0,9,Vanity_Fair_1847
Heavytop,A,0,9,Vanity_Fair_1847
Heavytop,DC,0,9,Vanity_Fair_1847
Heavytop,DN,0,9,Vanity_Fair_1847
Hester,N,0,9,Vanity_Fair_1847
Hester,C,0,9,Vanity_Fair_1847
Hester,I,0,9,Vanity_Fair_1847
Hester,A,0,9,Vanity_Fair_1847
Hester,DC,0,9,Vanity_Fair_1847
Hester,DN,0,9,Vanity_Fair_1847
Hulker,N,0,9,Vanity_Fair_1847
Hulker,C,0,9,Vanity_Fair_1847
Hulker,I,0,9,Vanity_Fair_1847
Hulker,A,0,9,Vanity_Fair_1847
Hulker,DC,0,9,Vanity_Fair_1847
Hulker,DN,0,9,Vanity_Fair_1847
Isidor,N,0,9,Vanity_Fair_1847
Isidor,C,0,9,Vanity_Fair_1847
Isidor,I,0,9,Vanity_Fair_1847
Isidor,A,0,9,Vanity_Fair_1847
Isidor,DC,0,9,Vanity_Fair_1847
Isidor,DN,0,9,Vanity_Fair_1847
Jack,N,0,9,Vanity_Fair_1847
Jack,C,0,9,Vanity_Fair_1847
Jack,I,0,9,Vanity_Fair_1847
Jack,A,0,9,Vanity_Fair_1847
Jack,DC,0,9,Vanity_Fair_1847
Jack,DN,0,9,Vanity_Fair_1847
James,N,5,9,Vanity_Fair_1847
James,C,1,9,Vanity_Fair_1847
James,I,1,9,Vanity_Fair_1847
James,A,3,9,Vanity_Fair_1847
James,DC,0,9,Vanity_Fair_1847
James,DN,0,9,Vanity_Fair_1847
Jenkins,N,0,9,Vanity_Fair_1847
Jenkins,C,0,9,Vanity_Fair_1847
Jenkins,I,0,9,Vanity_Fair_1847
Jenkins,A,0,9,Vanity_Fair_1847
Jenkins,DC,0,9,Vanity_Fair_1847
Jenkins,DN,0,9,Vanity_Fair_1847
Jim,N,3,9,Vanity_Fair_1847
Jim,C,0,9,Vanity_Fair_1847
Jim,I,0,9,Vanity_Fair_1847
Jim,A,2,9,Vanity_Fair_1847
Jim,DC,0,9,Vanity_Fair_1847
Jim,DN,0,9,Vanity_Fair_1847
John,N,0,9,Vanity_Fair_1847
John,C,0,9,Vanity_Fair_1847
John,I,0,9,Vanity_Fair_1847
John,A,0,9,Vanity_Fair_1847
John,DC,0,9,Vanity_Fair_1847
John,DN,0,9,Vanity_Fair_1847
John Osborne,N,0,9,Vanity_Fair_1847
John Osborne,C,0,9,Vanity_Fair_1847
John Osborne,I,0,9,Vanity_Fair_1847
John Osborne,A,0,9,Vanity_Fair_1847
John Osborne,DC,0,9,Vanity_Fair_1847
John Osborne,DN,0,9,Vanity_Fair_1847
John Sedley,N,17,9,Vanity_Fair_1847
John Sedley,C,5,9,Vanity_Fair_1847
John Sedley,I,4,9,Vanity_Fair_1847
John Sedley,A,4,9,Vanity_Fair_1847
John Sedley,DC,3,9,Vanity_Fair_1847
John Sedley,DN,1,9,Vanity_Fair_1847
John of Gaunt,N,2,9,Vanity_Fair_1847
John of Gaunt,C,0,9,Vanity_Fair_1847
John of Gaunt,I,0,9,Vanity_Fair_1847
John of Gaunt,A,2,9,Vanity_Fair_1847
John of Gaunt,DC,1,9,Vanity_Fair_1847
John of Gaunt,DN,0,9,Vanity_Fair_1847
Jones,N,5,9,Vanity_Fair_1847
Jones,C,1,9,Vanity_Fair_1847
Jones,I,3,9,Vanity_Fair_1847
Jones,A,4,9,Vanity_Fair_1847
Jones,DC,0,9,Vanity_Fair_1847
Jones,DN,2,9,Vanity_Fair_1847
Jos,N,168,9,Vanity_Fair_1847
Jos,C,17,9,Vanity_Fair_1847
Jos,I,32,9,Vanity_Fair_1847
Jos,A,88,9,Vanity_Fair_1847
Jos,DC,7,9,Vanity_Fair_1847
Jos,DN,20,9,Vanity_Fair_1847
Jove,N,3,9,Vanity_Fair_1847
Jove,C,0,9,Vanity_Fair_1847
Jove,I,0,9,Vanity_Fair_1847
Jove,A,0,9,Vanity_Fair_1847
Jove,DC,2,9,Vanity_Fair_1847
Jove,DN,0,9,Vanity_Fair_1847
Kirsch,N,16,9,Vanity_Fair_1847
Kirsch,C,2,9,Vanity_Fair_1847
Kirsch,I,0,9,Vanity_Fair_1847
Kirsch,A,10,9,Vanity_Fair_1847
Kirsch,DC,3,9,Vanity_Fair_1847
Kirsch,DN,4,9,Vanity_Fair_1847
Lady Bareacres,N,16,9,Vanity_Fair_1847
Lady Bareacres,C,0,9,Vanity_Fair_1847
Lady Bareacres,I,1,9,Vanity_Fair_1847
Lady Bareacres,A,5,9,Vanity_Fair_1847
Lady Bareacres,DC,2,9,Vanity_Fair_1847
Lady Bareacres,DN,1,9,Vanity_Fair_1847
Lady Blanche,N,3,9,Vanity_Fair_1847
Lady Blanche,C,0,9,Vanity_Fair_1847
Lady Blanche,I,0,9,Vanity_Fair_1847
Lady Blanche,A,3,9,Vanity_Fair_1847
Lady Blanche,DC,1,9,Vanity_Fair_1847
Lady Blanche,DN,2,9,Vanity_Fair_1847
Lady Crackenbury,N,5,9,Vanity_Fair_1847
Lady Crackenbury,C,0,9,Vanity_Fair_1847
Lady Crackenbury,I,1,9,Vanity_Fair_1847
Lady Crackenbury,A,0,9,Vanity_Fair_1847
Lady Crackenbury,DC,2,9,Vanity_Fair_1847
Lady Crackenbury,DN,0,9,Vanity_Fair_1847
Lady Crawley,N,0,9,Vanity_Fair_1847
Lady Crawley,C,0,9,Vanity_Fair_1847
Lady Crawley,I,0,9,Vanity_Fair_1847
Lady Crawley,A,0,9,Vanity_Fair_1847
Lady Crawley,DC,0,9,Vanity_Fair_1847
Lady Crawley,DN,0,9,Vanity_Fair_1847
Lady Dobbin,N,1,9,Vanity_Fair_1847
Lady Dobbin,C,0,9,Vanity_Fair_1847
Lady Dobbin,I,0,9,Vanity_Fair_1847
Lady Dobbin,A,1,9,Vanity_Fair_1847
Lady Dobbin,DC,0,9,Vanity_Fair_1847
Lady Dobbin,DN,1,9,Vanity_Fair_1847
Lady Fuddleston,N,0,9,Vanity_Fair_1847
Lady Fuddleston,C,0,9,Vanity_Fair_1847
Lady Fuddleston,I,0,9,Vanity_Fair_1847
Lady Fuddleston,A,0,9,Vanity_Fair_1847
Lady Fuddleston,DC,0,9,Vanity_Fair_1847
Lady Fuddleston,DN,0,9,Vanity_Fair_1847
Lady Gaunt,N,15,9,Vanity_Fair_1847
Lady Gaunt,C,5,9,Vanity_Fair_1847
Lady Gaunt,I,2,9,Vanity_Fair_1847
Lady Gaunt,A,6,9,Vanity_Fair_1847
Lady Gaunt,DC,5,9,Vanity_Fair_1847
Lady Gaunt,DN,0,9,Vanity_Fair_1847
Lady Jane,N,54,9,Vanity_Fair_1847
Lady Jane,C,11,9,Vanity_Fair_1847
Lady Jane,I,15,9,Vanity_Fair_1847
Lady Jane,A,23,9,Vanity_Fair_1847
Lady Jane,DC,7,9,Vanity_Fair_1847
Lady Jane,DN,9,9,Vanity_Fair_1847
Lady Macbeth,N,6,9,Vanity_Fair_1847
Lady Macbeth,C,1,9,Vanity_Fair_1847
Lady Macbeth,I,2,9,Vanity_Fair_1847
Lady Macbeth,A,3,9,Vanity_Fair_1847
Lady Macbeth,DC,1,9,Vanity_Fair_1847
Lady Macbeth,DN,2,9,Vanity_Fair_1847
Lady Mary Caerlyon,N,2,9,Vanity_Fair_1847
Lady Mary Caerlyon,C,0,9,Vanity_Fair_1847
Lady Mary Caerlyon,I,0,9,Vanity_Fair_1847
Lady Mary Caerlyon,A,2,9,Vanity_Fair_1847
Lady Mary Caerlyon,DC,0,9,Vanity_Fair_1847
Lady Mary Caerlyon,DN,0,9,Vanity_Fair_1847
Lady O'Dowd,N,0,9,Vanity_Fair_1847
Lady O'Dowd,C,0,9,Vanity_Fair_1847
Lady O'Dowd,I,0,9,Vanity_Fair_1847
Lady O'Dowd,A,0,9,Vanity_Fair_1847
Lady O'Dowd,DC,0,9,Vanity_Fair_1847
Lady O'Dowd,DN,0,9,Vanity_Fair_1847
Lady Partlet,N,0,9,Vanity_Fair_1847
Lady Partlet,C,0,9,Vanity_Fair_1847
Lady Partlet,I,0,9,Vanity_Fair_1847
Lady Partlet,A,0,9,Vanity_Fair_1847
Lady Partlet,DC,0,9,Vanity_Fair_1847
Lady Partlet,DN,0,9,Vanity_Fair_1847
Lady Slingstone,N,1,9,Vanity_Fair_1847
Lady Slingstone,C,2,9,Vanity_Fair_1847
Lady Slingstone,I,1,9,Vanity_Fair_1847
Lady Slingstone,A,0,9,Vanity_Fair_1847
Lady Slingstone,DC,0,9,Vanity_Fair_1847
Lady Slingstone,DN,0,9,Vanity_Fair_1847
Lady Southdown,N,5,9,Vanity_Fair_1847
Lady Southdown,C,0,9,Vanity_Fair_1847
Lady Southdown,I,1,9,Vanity_Fair_1847
Lady Southdown,A,1,9,Vanity_Fair_1847
Lady Southdown,DC,0,9,Vanity_Fair_1847
Lady Southdown,DN,0,9,Vanity_Fair_1847
Lady Squeams,N,2,9,Vanity_Fair_1847
Lady Squeams,C,0,9,Vanity_Fair_1847
Lady Squeams,I,0,9,Vanity_Fair_1847
Lady Squeams,A,1,9,Vanity_Fair_1847
Lady Squeams,DC,0,9,Vanity_Fair_1847
Lady Squeams,DN,0,9,Vanity_Fair_1847
Lady Steyne,N,23,9,Vanity_Fair_1847
Lady Steyne,C,2,9,Vanity_Fair_1847
Lady Steyne,I,8,9,Vanity_Fair_1847
Lady Steyne,A,6,9,Vanity_Fair_1847
Lady Steyne,DC,4,9,Vanity_Fair_1847
Lady Steyne,DN,2,9,Vanity_Fair_1847
Laura Martin,N,0,9,Vanity_Fair_1847
Laura Martin,C,0,9,Vanity_Fair_1847
Laura Martin,I,0,9,Vanity_Fair_1847
Laura Martin,A,0,9,Vanity_Fair_1847
Laura Martin,DC,0,9,Vanity_Fair_1847
Laura Martin,DN,0,9,Vanity_Fair_1847
Lazarus,N,4,9,Vanity_Fair_1847
Lazarus,C,0,9,Vanity_Fair_1847
Lazarus,I,0,9,Vanity_Fair_1847
Lazarus,A,1,9,Vanity_Fair_1847
Lazarus,DC,0,9,Vanity_Fair_1847
Lazarus,DN,0,9,Vanity_Fair_1847
Little Bob Suckling,N,0,9,Vanity_Fair_1847
Little Bob Suckling,C,0,9,Vanity_Fair_1847
Little Bob Suckling,I,0,9,Vanity_Fair_1847
Little Bob Suckling,A,0,9,Vanity_Fair_1847
Little Bob Suckling,DC,0,9,Vanity_Fair_1847
Little Bob Suckling,DN,0,9,Vanity_Fair_1847
Little Rawdon,N,3,9,Vanity_Fair_1847
Little Rawdon,C,0,9,Vanity_Fair_1847
Little Rawdon,I,3,9,Vanity_Fair_1847
Little Rawdon,A,4,9,Vanity_Fair_1847
Little Rawdon,DC,0,9,Vanity_Fair_1847
Little Rawdon,DN,1,9,Vanity_Fair_1847
Loll Jewab,N,2,9,Vanity_Fair_1847
Loll Jewab,C,0,9,Vanity_Fair_1847
Loll Jewab,I,1,9,Vanity_Fair_1847
Loll Jewab,A,2,9,Vanity_Fair_1847
Loll Jewab,DC,0,9,Vanity_Fair_1847
Loll Jewab,DN,0,9,Vanity_Fair_1847
Lord Bareacres,N,3,9,Vanity_Fair_1847
Lord Bareacres,C,0,9,Vanity_Fair_1847
Lord Bareacres,I,0,9,Vanity_Fair_1847
Lord Bareacres,A,0,9,Vanity_Fair_1847
Lord Bareacres,DC,0,9,Vanity_Fair_1847
Lord Bareacres,DN,0,9,Vanity_Fair_1847
Lord Binkie,N,1,9,Vanity_Fair_1847
Lord Binkie,C,0,9,Vanity_Fair_1847
Lord Binkie,I,0,9,Vanity_Fair_1847
Lord Binkie,A,0,9,Vanity_Fair_1847
Lord Binkie,DC,0,9,Vanity_Fair_1847
Lord Binkie,DN,0,9,Vanity_Fair_1847
Lord Gaunt,N,14,9,Vanity_Fair_1847
Lord Gaunt,C,0,9,Vanity_Fair_1847
Lord Gaunt,I,2,9,Vanity_Fair_1847
Lord Gaunt,A,6,9,Vanity_Fair_1847
Lord Gaunt,DC,1,9,Vanity_Fair_1847
Lord Gaunt,DN,4,9,Vanity_Fair_1847
Lord Southdown,N,9,9,Vanity_Fair_1847
Lord Southdown,C,0,9,Vanity_Fair_1847
Lord Southdown,I,1,9,Vanity_Fair_1847
Lord Southdown,A,1,9,Vanity_Fair_1847
Lord Southdown,DC,0,9,Vanity_Fair_1847
Lord Southdown,DN,0,9,Vanity_Fair_1847
Lord Steyne,N,131,9,Vanity_Fair_1847
Lord Steyne,C,24,9,Vanity_Fair_1847
Lord Steyne,I,24,9,Vanity_Fair_1847
Lord Steyne,A,60,9,Vanity_Fair_1847
Lord Steyne,DC,28,9,Vanity_Fair_1847
Lord Steyne,DN,13,9,Vanity_Fair_1847
Lord Steyne's,N,0,9,Vanity_Fair_1847
Lord Steyne's,C,0,9,Vanity_Fair_1847
Lord Steyne's,I,0,9,Vanity_Fair_1847
Lord Steyne's,A,0,9,Vanity_Fair_1847
Lord Steyne's,DC,0,9,Vanity_Fair_1847
Lord Steyne's,DN,0,9,Vanity_Fair_1847
Love,N,1,9,Vanity_Fair_1847
Love,C,0,9,Vanity_Fair_1847
Love,I,0,9,Vanity_Fair_1847
Love,A,0,9,Vanity_Fair_1847
Love,DC,0,9,Vanity_Fair_1847
Love,DN,0,9,Vanity_Fair_1847
Ma tante,N,1,9,Vanity_Fair_1847
Ma tante,C,1,9,Vanity_Fair_1847
Ma tante,I,1,9,Vanity_Fair_1847
Ma tante,A,0,9,Vanity_Fair_1847
Ma tante,DC,0,9,Vanity_Fair_1847
Ma tante,DN,0,9,Vanity_Fair_1847
Ma'am,N,0,9,Vanity_Fair_1847
Ma'am,C,0,9,Vanity_Fair_1847
Ma'am,I,0,9,Vanity_Fair_1847
Ma'am,A,0,9,Vanity_Fair_1847
Ma'am,DC,0,9,Vanity_Fair_1847
Ma'am,DN,0,9,Vanity_Fair_1847
Mac,N,15,9,Vanity_Fair_1847
Mac,C,0,9,Vanity_Fair_1847
Mac,I,2,9,Vanity_Fair_1847
Mac,A,8,9,Vanity_Fair_1847
Mac,DC,4,9,Vanity_Fair_1847
Mac,DN,4,9,Vanity_Fair_1847
Macmurdo,N,9,9,Vanity_Fair_1847
Macmurdo,C,6,9,Vanity_Fair_1847
Macmurdo,I,3,9,Vanity_Fair_1847
Macmurdo,A,5,9,Vanity_Fair_1847
Macmurdo,DC,1,9,Vanity_Fair_1847
Macmurdo,DN,4,9,Vanity_Fair_1847
Madame,N,0,9,Vanity_Fair_1847
Madame,C,0,9,Vanity_Fair_1847
Madame,I,0,9,Vanity_Fair_1847
Madame,A,0,9,Vanity_Fair_1847
Madame,DC,0,9,Vanity_Fair_1847
Madame,DN,0,9,Vanity_Fair_1847
Madame Crawley,N,1,9,Vanity_Fair_1847
Madame Crawley,C,0,9,Vanity_Fair_1847
Madame Crawley,I,0,9,Vanity_Fair_1847
Madame Crawley,A,0,9,Vanity_Fair_1847
Madame Crawley,DC,0,9,Vanity_Fair_1847
Madame Crawley,DN,1,9,Vanity_Fair_1847
Madame Lederlung,N,2,9,Vanity_Fair_1847
Madame Lederlung,C,0,9,Vanity_Fair_1847
Madame Lederlung,I,1,9,Vanity_Fair_1847
Madame Lederlung,A,3,9,Vanity_Fair_1847
Madame Lederlung,DC,0,9,Vanity_Fair_1847
Madame Lederlung,DN,1,9,Vanity_Fair_1847
Madame Strumpff,N,2,9,Vanity_Fair_1847
Madame Strumpff,C,0,9,Vanity_Fair_1847
Madame Strumpff,I,0,9,Vanity_Fair_1847
Madame Strumpff,A,0,9,Vanity_Fair_1847
Madame Strumpff,DC,0,9,Vanity_Fair_1847
Madame Strumpff,DN,1,9,Vanity_Fair_1847
Madame de Belladonna,N,0,9,Vanity_Fair_1847
Madame de Belladonna,C,0,9,Vanity_Fair_1847
Madame de Belladonna,I,0,9,Vanity_Fair_1847
Madame de Belladonna,A,0,9,Vanity_Fair_1847
Madame de Belladonna,DC,0,9,Vanity_Fair_1847
Madame de Belladonna,DN,0,9,Vanity_Fair_1847
Madame de Borodino,N,0,9,Vanity_Fair_1847
Madame de Borodino,C,0,9,Vanity_Fair_1847
Madame de Borodino,I,0,9,Vanity_Fair_1847
Madame de Borodino,A,0,9,Vanity_Fair_1847
Madame de Borodino,DC,0,9,Vanity_Fair_1847
Madame de Borodino,DN,0,9,Vanity_Fair_1847
Mademoiselle Fifine,N,5,9,Vanity_Fair_1847
Mademoiselle Fifine,C,0,9,Vanity_Fair_1847
Mademoiselle Fifine,I,1,9,Vanity_Fair_1847
Mademoiselle Fifine,A,10,9,Vanity_Fair_1847
Mademoiselle Fifine,DC,0,9,Vanity_Fair_1847
Mademoiselle Fifine,DN,1,9,Vanity_Fair_1847
Major Loder,N,0,9,Vanity_Fair_1847
Major Loder,C,0,9,Vanity_Fair_1847
Major Loder,I,0,9,Vanity_Fair_1847
Major Loder,A,0,9,Vanity_Fair_1847
Major Loder,DC,0,9,Vanity_Fair_1847
Major Loder,DN,0,9,Vanity_Fair_1847
Major Sugarplums,N,2,9,Vanity_Fair_1847
Major Sugarplums,C,0,9,Vanity_Fair_1847
Major Sugarplums,I,0,9,Vanity_Fair_1847
Major Sugarplums,A,0,9,Vanity_Fair_1847
Major Sugarplums,DC,0,9,Vanity_Fair_1847
Major Sugarplums,DN,0,9,Vanity_Fair_1847
Mamma,N,11,9,Vanity_Fair_1847
Mamma,C,1,9,Vanity_Fair_1847
Mamma,I,1,9,Vanity_Fair_1847
Mamma,A,1,9,Vanity_Fair_1847
Mamma,DC,5,9,Vanity_Fair_1847
Mamma,DN,0,9,Vanity_Fair_1847
Maria,N,0,9,Vanity_Fair_1847
Maria,C,0,9,Vanity_Fair_1847
Maria,I,0,9,Vanity_Fair_1847
Maria,A,0,9,Vanity_Fair_1847
Maria,DC,0,9,Vanity_Fair_1847
Maria,DN,0,9,Vanity_Fair_1847
Master Alderney,N,0,9,Vanity_Fair_1847
Master Alderney,C,0,9,Vanity_Fair_1847
Master Alderney,I,0,9,Vanity_Fair_1847
Master Alderney,A,0,9,Vanity_Fair_1847
Master Alderney,DC,0,9,Vanity_Fair_1847
Master Alderney,DN,0,9,Vanity_Fair_1847
Matilda,N,2,9,Vanity_Fair_1847
Matilda,C,0,9,Vanity_Fair_1847
Matilda,I,1,9,Vanity_Fair_1847
Matilda,A,0,9,Vanity_Fair_1847
Matilda,DC,0,9,Vanity_Fair_1847
Matilda,DN,1,9,Vanity_Fair_1847
Max,N,0,9,Vanity_Fair_1847
Max,C,0,9,Vanity_Fair_1847
Max,I,0,9,Vanity_Fair_1847
Max,A,0,9,Vanity_Fair_1847
Max,DC,0,9,Vanity_Fair_1847
Max,DN,0,9,Vanity_Fair_1847
Mesrour,N,3,9,Vanity_Fair_1847
Mesrour,C,0,9,Vanity_Fair_1847
Mesrour,I,0,9,Vanity_Fair_1847
Mesrour,A,4,9,Vanity_Fair_1847
Mesrour,DC,0,9,Vanity_Fair_1847
Mesrour,DN,0,9,Vanity_Fair_1847
Messrs. Jones,N,4,9,Vanity_Fair_1847
Messrs. Jones,C,0,9,Vanity_Fair_1847
Messrs. Jones,I,0,9,Vanity_Fair_1847
Messrs. Jones,A,1,9,Vanity_Fair_1847
Messrs. Jones,DC,0,9,Vanity_Fair_1847
Messrs. Jones,DN,0,9,Vanity_Fair_1847
Mick,N,0,9,Vanity_Fair_1847
Mick,C,0,9,Vanity_Fair_1847
Mick,I,0,9,Vanity_Fair_1847
Mick,A,0,9,Vanity_Fair_1847
Mick,DC,0,9,Vanity_Fair_1847
Mick,DN,0,9,Vanity_Fair_1847
Milor,N,3,9,Vanity_Fair_1847
Milor,C,0,9,Vanity_Fair_1847
Milor,I,5,9,Vanity_Fair_1847
Milor,A,9,9,Vanity_Fair_1847
Milor,DC,0,9,Vanity_Fair_1847
Milor,DN,3,9,Vanity_Fair_1847
Minerva,N,0,9,Vanity_Fair_1847
Minerva,C,0,9,Vanity_Fair_1847
Minerva,I,0,9,Vanity_Fair_1847
Minerva,A,0,9,Vanity_Fair_1847
Minerva,DC,0,9,Vanity_Fair_1847
Minerva,DN,0,9,Vanity_Fair_1847
Miss,N,0,9,Vanity_Fair_1847
Miss,C,0,9,Vanity_Fair_1847
Miss,I,0,9,Vanity_Fair_1847
Miss,A,0,9,Vanity_Fair_1847
Miss,DC,0,9,Vanity_Fair_1847
Miss,DN,0,9,Vanity_Fair_1847
Miss Ann,N,7,9,Vanity_Fair_1847
Miss Ann,C,0,9,Vanity_Fair_1847
Miss Ann,I,7,9,Vanity_Fair_1847
Miss Ann,A,2,9,Vanity_Fair_1847
Miss Ann,DC,0,9,Vanity_Fair_1847
Miss Ann,DN,2,9,Vanity_Fair_1847
Miss B.,N,2,9,Vanity_Fair_1847
Miss B.,C,0,9,Vanity_Fair_1847
Miss B.,I,0,9,Vanity_Fair_1847
Miss B.,A,0,9,Vanity_Fair_1847
Miss B.,DC,1,9,Vanity_Fair_1847
Miss B.,DN,0,9,Vanity_Fair_1847
Miss Brown,N,0,9,Vanity_Fair_1847
Miss Brown,C,0,9,Vanity_Fair_1847
Miss Brown,I,0,9,Vanity_Fair_1847
Miss Brown,A,0,9,Vanity_Fair_1847
Miss Brown,DC,0,9,Vanity_Fair_1847
Miss Brown,DN,0,9,Vanity_Fair_1847
Miss Clapp,N,29,9,Vanity_Fair_1847
Miss Clapp,C,6,9,Vanity_Fair_1847
Miss Clapp,I,8,9,Vanity_Fair_1847
Miss Clapp,A,16,9,Vanity_Fair_1847
Miss Clapp,DC,0,9,Vanity_Fair_1847
Miss Clapp,DN,10,9,Vanity_Fair_1847
Miss Crawley,N,27,9,Vanity_Fair_1847
Miss Crawley,C,0,9,Vanity_Fair_1847
Miss Crawley,I,2,9,Vanity_Fair_1847
Miss Crawley,A,10,9,Vanity_Fair_1847
Miss Crawley,DC,4,9,Vanity_Fair_1847
Miss Crawley,DN,6,9,Vanity_Fair_1847
Miss Hawky,N,0,9,Vanity_Fair_1847
Miss Hawky,C,0,9,Vanity_Fair_1847
Miss Hawky,I,0,9,Vanity_Fair_1847
Miss Hawky,A,0,9,Vanity_Fair_1847
Miss Hawky,DC,0,9,Vanity_Fair_1847
Miss Hawky,DN,0,9,Vanity_Fair_1847
Miss Horrocks,N,2,9,Vanity_Fair_1847
Miss Horrocks,C,0,9,Vanity_Fair_1847
Miss Horrocks,I,0,9,Vanity_Fair_1847
Miss Horrocks,A,1,9,Vanity_Fair_1847
Miss Horrocks,DC,0,9,Vanity_Fair_1847
Miss Horrocks,DN,0,9,Vanity_Fair_1847
Miss MacWhirter,N,0,9,Vanity_Fair_1847
Miss MacWhirter,C,0,9,Vanity_Fair_1847
Miss MacWhirter,I,0,9,Vanity_Fair_1847
Miss MacWhirter,A,0,9,Vanity_Fair_1847
Miss MacWhirter,DC,0,9,Vanity_Fair_1847
Miss MacWhirter,DN,0,9,Vanity_Fair_1847
Miss Malony,N,0,9,Vanity_Fair_1847
Miss Malony,C,0,9,Vanity_Fair_1847
Miss Malony,I,0,9,Vanity_Fair_1847
Miss Malony,A,0,9,Vanity_Fair_1847
Miss Malony,DC,0,9,Vanity_Fair_1847
Miss Malony,DN,0,9,Vanity_Fair_1847
Miss Moss,N,4,9,Vanity_Fair_1847
Miss Moss,C,0,9,Vanity_Fair_1847
Miss Moss,I,0,9,Vanity_Fair_1847
Miss Moss,A,4,9,Vanity_Fair_1847
Miss Moss,DC,0,9,Vanity_Fair_1847
Miss Moss,DN,0,9,Vanity_Fair_1847
Miss O.,N,7,9,Vanity_Fair_1847
Miss O.,C,0,9,Vanity_Fair_1847
Miss O.,I,1,9,Vanity_Fair_1847
Miss O.,A,2,9,Vanity_Fair_1847
Miss O.,DC,2,9,Vanity_Fair_1847
Miss O.,DN,1,9,Vanity_Fair_1847
Miss Osborne,N,26,9,Vanity_Fair_1847
Miss Osborne,C,4,9,Vanity_Fair_1847
Miss Osborne,I,5,9,Vanity_Fair_1847
Miss Osborne,A,17,9,Vanity_Fair_1847
Miss Osborne,DC,0,9,Vanity_Fair_1847
Miss Osborne,DN,3,9,Vanity_Fair_1847
Miss Pinkerton,N,1,9,Vanity_Fair_1847
Miss Pinkerton,C,0,9,Vanity_Fair_1847
Miss Pinkerton,I,0,9,Vanity_Fair_1847
Miss Pinkerton,A,0,9,Vanity_Fair_1847
Miss Pinkerton,DC,0,9,Vanity_Fair_1847
Miss Pinkerton,DN,0,9,Vanity_Fair_1847
Miss Polly,N,7,9,Vanity_Fair_1847
Miss Polly,C,0,9,Vanity_Fair_1847
Miss Polly,I,4,9,Vanity_Fair_1847
Miss Polly,A,4,9,Vanity_Fair_1847
Miss Polly,DC,0,9,Vanity_Fair_1847
Miss Polly,DN,1,9,Vanity_Fair_1847
Miss Saltire,N,0,9,Vanity_Fair_1847
Miss Saltire,C,0,9,Vanity_Fair_1847
Miss Saltire,I,0,9,Vanity_Fair_1847
Miss Saltire,A,0,9,Vanity_Fair_1847
Miss Saltire,DC,0,9,Vanity_Fair_1847
Miss Saltire,DN,0,9,Vanity_Fair_1847
Miss Swartz,N,2,9,Vanity_Fair_1847
Miss Swartz,C,0,9,Vanity_Fair_1847
Miss Swartz,I,2,9,Vanity_Fair_1847
Miss Swartz,A,0,9,Vanity_Fair_1847
Miss Swartz,DC,0,9,Vanity_Fair_1847
Miss Swartz,DN,0,9,Vanity_Fair_1847
Miss Toady,N,0,9,Vanity_Fair_1847
Miss Toady,C,0,9,Vanity_Fair_1847
Miss Toady,I,0,9,Vanity_Fair_1847
Miss Toady,A,0,9,Vanity_Fair_1847
Miss Toady,DC,0,9,Vanity_Fair_1847
Miss Toady,DN,0,9,Vanity_Fair_1847
Miss Violet,N,0,9,Vanity_Fair_1847
Miss Violet,C,0,9,Vanity_Fair_1847
Miss Violet,I,0,9,Vanity_Fair_1847
Miss Violet,A,0,9,Vanity_Fair_1847
Miss Violet,DC,0,9,Vanity_Fair_1847
Miss Violet,DN,0,9,Vanity_Fair_1847
Miss Wirt,N,0,9,Vanity_Fair_1847
Miss Wirt,C,0,9,Vanity_Fair_1847
Miss Wirt,I,0,9,Vanity_Fair_1847
Miss Wirt,A,0,9,Vanity_Fair_1847
Miss Wirt,DC,0,9,Vanity_Fair_1847
Miss Wirt,DN,0,9,Vanity_Fair_1847
Molly,N,2,9,Vanity_Fair_1847
Molly,C,0,9,Vanity_Fair_1847
Molly,I,0,9,Vanity_Fair_1847
Molly,A,1,9,Vanity_Fair_1847
Molly,DC,0,9,Vanity_Fair_1847
Molly,DN,0,9,Vanity_Fair_1847
Monseigneur,N,1,9,Vanity_Fair_1847
Monseigneur,C,0,9,Vanity_Fair_1847
Monseigneur,I,0,9,Vanity_Fair_1847
Monseigneur,A,0,9,Vanity_Fair_1847
Monseigneur,DC,1,9,Vanity_Fair_1847
Monseigneur,DN,0,9,Vanity_Fair_1847
Monsieur Fiche,N,2,9,Vanity_Fair_1847
Monsieur Fiche,C,0,9,Vanity_Fair_1847
Monsieur Fiche,I,0,9,Vanity_Fair_1847
Monsieur Fiche,A,0,9,Vanity_Fair_1847
Monsieur Fiche,DC,0,9,Vanity_Fair_1847
Monsieur Fiche,DN,0,9,Vanity_Fair_1847
Mother,N,3,9,Vanity_Fair_1847
Mother,C,0,9,Vanity_Fair_1847
Mother,I,1,9,Vanity_Fair_1847
Mother,A,0,9,Vanity_Fair_1847
Mother,DC,2,9,Vanity_Fair_1847
Mother,DN,1,9,Vanity_Fair_1847
Mr. Binny,N,2,9,Vanity_Fair_1847
Mr. Binny,C,0,9,Vanity_Fair_1847
Mr. Binny,I,0,9,Vanity_Fair_1847
Mr. Binny,A,1,9,Vanity_Fair_1847
Mr. Binny,DC,1,9,Vanity_Fair_1847
Mr. Binny,DN,0,9,Vanity_Fair_1847
Mr. Bowls,N,0,9,Vanity_Fair_1847
Mr. Bowls,C,0,9,Vanity_Fair_1847
Mr. Bowls,I,0,9,Vanity_Fair_1847
Mr. Bowls,A,0,9,Vanity_Fair_1847
Mr. Bowls,DC,0,9,Vanity_Fair_1847
Mr. Bowls,DN,0,9,Vanity_Fair_1847
Mr. Brown,N,5,9,Vanity_Fair_1847
Mr. Brown,C,4,9,Vanity_Fair_1847
Mr. Brown,I,0,9,Vanity_Fair_1847
Mr. Brown,A,1,9,Vanity_Fair_1847
Mr. Brown,DC,1,9,Vanity_Fair_1847
Mr. Brown,DN,0,9,Vanity_Fair_1847
Mr. Bullock,N,2,9,Vanity_Fair_1847
Mr. Bullock,C,0,9,Vanity_Fair_1847
Mr. Bullock,I,1,9,Vanity_Fair_1847
Mr. Bullock,A,1,9,Vanity_Fair_1847
Mr. Bullock,DC,0,9,Vanity_Fair_1847
Mr. Bullock,DN,0,9,Vanity_Fair_1847
Mr. Chopper,N,0,9,Vanity_Fair_1847
Mr. Chopper,C,0,9,Vanity_Fair_1847
Mr. Chopper,I,0,9,Vanity_Fair_1847
Mr. Chopper,A,0,9,Vanity_Fair_1847
Mr. Chopper,DC,0,9,Vanity_Fair_1847
Mr. Chopper,DN,0,9,Vanity_Fair_1847
Mr. Clapp,N,6,9,Vanity_Fair_1847
Mr. Clapp,C,3,9,Vanity_Fair_1847
Mr. Clapp,I,3,9,Vanity_Fair_1847
Mr. Clapp,A,9,9,Vanity_Fair_1847
Mr. Clapp,DC,0,9,Vanity_Fair_1847
Mr. Clapp,DN,1,9,Vanity_Fair_1847
Mr. Clump,N,0,9,Vanity_Fair_1847
Mr. Clump,C,0,9,Vanity_Fair_1847
Mr. Clump,I,0,9,Vanity_Fair_1847
Mr. Clump,A,0,9,Vanity_Fair_1847
Mr. Clump,DC,0,9,Vanity_Fair_1847
Mr. Clump,DN,0,9,Vanity_Fair_1847
Mr. Crawley,N,5,9,Vanity_Fair_1847
Mr. Crawley,C,1,9,Vanity_Fair_1847
Mr. Crawley,I,1,9,Vanity_Fair_1847
Mr. Crawley,A,0,9,Vanity_Fair_1847
Mr. Crawley,DC,0,9,Vanity_Fair_1847
Mr. Crawley,DN,0,9,Vanity_Fair_1847
Mr. Creamer,N,0,9,Vanity_Fair_1847
Mr. Creamer,C,0,9,Vanity_Fair_1847
Mr. Creamer,I,0,9,Vanity_Fair_1847
Mr. Creamer,A,0,9,Vanity_Fair_1847
Mr. Creamer,DC,0,9,Vanity_Fair_1847
Mr. Creamer,DN,0,9,Vanity_Fair_1847
Mr. Crisp,N,0,9,Vanity_Fair_1847
Mr. Crisp,C,0,9,Vanity_Fair_1847
Mr. Crisp,I,0,9,Vanity_Fair_1847
Mr. Crisp,A,0,9,Vanity_Fair_1847
Mr. Crisp,DC,0,9,Vanity_Fair_1847
Mr. Crisp,DN,0,9,Vanity_Fair_1847
Mr. Eagles,N,0,9,Vanity_Fair_1847
Mr. Eagles,C,0,9,Vanity_Fair_1847
Mr. Eagles,I,0,9,Vanity_Fair_1847
Mr. Eagles,A,0,9,Vanity_Fair_1847
Mr. Eagles,DC,0,9,Vanity_Fair_1847
Mr. Eagles,DN,0,9,Vanity_Fair_1847
Mr. Eaves,N,3,9,Vanity_Fair_1847
Mr. Eaves,C,2,9,Vanity_Fair_1847
Mr. Eaves,I,0,9,Vanity_Fair_1847
Mr. Eaves,A,0,9,Vanity_Fair_1847
Mr. Eaves,DC,0,9,Vanity_Fair_1847
Mr. Eaves,DN,0,9,Vanity_Fair_1847
Mr. Fiche,N,1,9,Vanity_Fair_1847
Mr. Fiche,C,0,9,Vanity_Fair_1847
Mr. Fiche,I,1,9,Vanity_Fair_1847
Mr. Fiche,A,0,9,Vanity_Fair_1847
Mr. Fiche,DC,0,9,Vanity_Fair_1847
Mr. Fiche,DN,0,9,Vanity_Fair_1847
Mr. Fox,N,1,9,Vanity_Fair_1847
Mr. Fox,C,0,9,Vanity_Fair_1847
Mr. Fox,I,0,9,Vanity_Fair_1847
Mr. Fox,A,0,9,Vanity_Fair_1847
Mr. Fox,DC,0,9,Vanity_Fair_1847
Mr. Fox,DN,0,9,Vanity_Fair_1847
Mr. Hammerdown,N,0,9,Vanity_Fair_1847
Mr. Hammerdown,C,0,9,Vanity_Fair_1847
Mr. Hammerdown,I,0,9,Vanity_Fair_1847
Mr. Hammerdown,A,0,9,Vanity_Fair_1847
Mr. Hammerdown,DC,0,9,Vanity_Fair_1847
Mr. Hammerdown,DN,0,9,Vanity_Fair_1847
Mr. Higgs,N,0,9,Vanity_Fair_1847
Mr. Higgs,C,0,9,Vanity_Fair_1847
Mr. Higgs,I,0,9,Vanity_Fair_1847
Mr. Higgs,A,0,9,Vanity_Fair_1847
Mr. Higgs,DC,0,9,Vanity_Fair_1847
Mr. Higgs,DN,0,9,Vanity_Fair_1847
Mr. Hodson,N,0,9,Vanity_Fair_1847
Mr. Hodson,C,0,9,Vanity_Fair_1847
Mr. Hodson,I,0,9,Vanity_Fair_1847
Mr. Hodson,A,0,9,Vanity_Fair_1847
Mr. Hodson,DC,0,9,Vanity_Fair_1847
Mr. Hodson,DN,0,9,Vanity_Fair_1847
Mr. Horrocks,N,0,9,Vanity_Fair_1847
Mr. Horrocks,C,0,9,Vanity_Fair_1847
Mr. Horrocks,I,0,9,Vanity_Fair_1847
Mr. Horrocks,A,0,9,Vanity_Fair_1847
Mr. Horrocks,DC,0,9,Vanity_Fair_1847
Mr. Horrocks,DN,0,9,Vanity_Fair_1847
Mr. Humphrey Clinker,N,0,9,Vanity_Fair_1847
Mr. Humphrey Clinker,C,0,9,Vanity_Fair_1847
Mr. Humphrey Clinker,I,0,9,Vanity_Fair_1847
Mr. Humphrey Clinker,A,0,9,Vanity_Fair_1847
Mr. Humphrey Clinker,DC,0,9,Vanity_Fair_1847
Mr. Humphrey Clinker,DN,0,9,Vanity_Fair_1847
Mr. John Thomas Dawson,N,2,9,Vanity_Fair_1847
Mr. John Thomas Dawson,C,0,9,Vanity_Fair_1847
Mr. John Thomas Dawson,I,0,9,Vanity_Fair_1847
Mr. John Thomas Dawson,A,1,9,Vanity_Fair_1847
Mr. John Thomas Dawson,DC,0,9,Vanity_Fair_1847
Mr. John Thomas Dawson,DN,0,9,Vanity_Fair_1847
Mr. Lewis,N,0,9,Vanity_Fair_1847
Mr. Lewis,C,0,9,Vanity_Fair_1847
Mr. Lewis,I,0,9,Vanity_Fair_1847
Mr. Lewis,A,0,9,Vanity_Fair_1847
Mr. Lewis,DC,0,9,Vanity_Fair_1847
Mr. Lewis,DN,0,9,Vanity_Fair_1847
Mr. Moss,N,13,9,Vanity_Fair_1847
Mr. Moss,C,2,9,Vanity_Fair_1847
Mr. Moss,I,2,9,Vanity_Fair_1847
Mr. Moss,A,6,9,Vanity_Fair_1847
Mr. Moss,DC,0,9,Vanity_Fair_1847
Mr. Moss,DN,1,9,Vanity_Fair_1847
Mr. Osborne,N,13,9,Vanity_Fair_1847
Mr. Osborne,C,0,9,Vanity_Fair_1847
Mr. Osborne,I,1,9,Vanity_Fair_1847
Mr. Osborne,A,1,9,Vanity_Fair_1847
Mr. Osborne,DC,0,9,Vanity_Fair_1847
Mr. Osborne,DN,2,9,Vanity_Fair_1847
Mr. Pestler,N,0,9,Vanity_Fair_1847
Mr. Pestler,C,0,9,Vanity_Fair_1847
Mr. Pestler,I,0,9,Vanity_Fair_1847
Mr. Pestler,A,0,9,Vanity_Fair_1847
Mr. Pestler,DC,0,9,Vanity_Fair_1847
Mr. Pestler,DN,0,9,Vanity_Fair_1847
Mr. Poe,N,1,9,Vanity_Fair_1847
Mr. Poe,C,0,9,Vanity_Fair_1847
Mr. Poe,I,0,9,Vanity_Fair_1847
Mr. Poe,A,1,9,Vanity_Fair_1847
Mr. Poe,DC,0,9,Vanity_Fair_1847
Mr. Poe,DN,0,9,Vanity_Fair_1847
Mr. Rowson,N,5,9,Vanity_Fair_1847
Mr. Rowson,C,0,9,Vanity_Fair_1847
Mr. Rowson,I,0,9,Vanity_Fair_1847
Mr. Rowson,A,2,9,Vanity_Fair_1847
Mr. Rowson,DC,0,9,Vanity_Fair_1847
Mr. Rowson,DN,0,9,Vanity_Fair_1847
Mr. S.,N,0,9,Vanity_Fair_1847
Mr. S.,C,0,9,Vanity_Fair_1847
Mr. S.,I,0,9,Vanity_Fair_1847
Mr. S.,A,0,9,Vanity_Fair_1847
Mr. S.,DC,0,9,Vanity_Fair_1847
Mr. S.,DN,0,9,Vanity_Fair_1847
Mr. Smee,N,1,9,Vanity_Fair_1847
Mr. Smee,C,0,9,Vanity_Fair_1847
Mr. Smee,I,0,9,Vanity_Fair_1847
Mr. Smee,A,0,9,Vanity_Fair_1847
Mr. Smee,DC,0,9,Vanity_Fair_1847
Mr. Smee,DN,0,9,Vanity_Fair_1847
Mr. Stubble,N,0,9,Vanity_Fair_1847
Mr. Stubble,C,0,9,Vanity_Fair_1847
Mr. Stubble,I,0,9,Vanity_Fair_1847
Mr. Stubble,A,0,9,Vanity_Fair_1847
Mr. Stubble,DC,0,9,Vanity_Fair_1847
Mr. Stubble,DN,0,9,Vanity_Fair_1847
Mr. Trotter,N,5,9,Vanity_Fair_1847
Mr. Trotter,C,3,9,Vanity_Fair_1847
Mr. Trotter,I,2,9,Vanity_Fair_1847
Mr. Trotter,A,4,9,Vanity_Fair_1847
Mr. Trotter,DC,1,9,Vanity_Fair_1847
Mr. Trotter,DN,0,9,Vanity_Fair_1847
Mr. Veal,N,8,9,Vanity_Fair_1847
Mr. Veal,C,2,9,Vanity_Fair_1847
Mr. Veal,I,4,9,Vanity_Fair_1847
Mr. Veal,A,4,9,Vanity_Fair_1847
Mr. Veal,DC,2,9,Vanity_Fair_1847
Mr. Veal,DN,0,9,Vanity_Fair_1847
Mr. Wagg,N,11,9,Vanity_Fair_1847
Mr. Wagg,C,0,9,Vanity_Fair_1847
Mr. Wagg,I,3,9,Vanity_Fair_1847
Mr. Wagg,A,7,9,Vanity_Fair_1847
Mr. Wagg,DC,0,9,Vanity_Fair_1847
Mr. Wagg,DN,1,9,Vanity_Fair_1847
Mr. Wenham,N,34,9,Vanity_Fair_1847
Mr. Wenham,C,17,9,Vanity_Fair_1847
Mr. Wenham,I,18,9,Vanity_Fair_1847
Mr. Wenham,A,31,9,Vanity_Fair_1847
Mr. Wenham,DC,5,9,Vanity_Fair_1847
Mr. Wenham,DN,4,9,Vanity_Fair_1847
Mr. Wilberforce,N,1,9,Vanity_Fair_1847
Mr. Wilberforce,C,0,9,Vanity_Fair_1847
Mr. Wilberforce,I,0,9,Vanity_Fair_1847
Mr. Wilberforce,A,1,9,Vanity_Fair_1847
Mr. Wilberforce,DC,0,9,Vanity_Fair_1847
Mr. Wilberforce,DN,0,9,Vanity_Fair_1847
Mrs.,N,0,9,Vanity_Fair_1847
Mrs.,C,0,9,Vanity_Fair_1847
Mrs.,I,0,9,Vanity_Fair_1847
Mrs.,A,0,9,Vanity_Fair_1847
Mrs.,DC,0,9,Vanity_Fair_1847
Mrs.,DN,0,9,Vanity_Fair_1847
Mrs. Blenkinsop,N,0,9,Vanity_Fair_1847
Mrs. Blenkinsop,C,0,9,Vanity_Fair_1847
Mrs. Blenkinsop,I,0,9,Vanity_Fair_1847
Mrs. Blenkinsop,A,0,9,Vanity_Fair_1847
Mrs. Blenkinsop,DC,0,9,Vanity_Fair_1847
Mrs. Blenkinsop,DN,0,9,Vanity_Fair_1847
Mrs. Bowls,N,0,9,Vanity_Fair_1847
Mrs. Bowls,C,0,9,Vanity_Fair_1847
Mrs. Bowls,I,0,9,Vanity_Fair_1847
Mrs. Bowls,A,0,9,Vanity_Fair_1847
Mrs. Bowls,DC,0,9,Vanity_Fair_1847
Mrs. Bowls,DN,0,9,Vanity_Fair_1847
Mrs. Brown,N,1,9,Vanity_Fair_1847
Mrs. Brown,C,0,9,Vanity_Fair_1847
Mrs. Brown,I,0,9,Vanity_Fair_1847
Mrs. Brown,A,0,9,Vanity_Fair_1847
Mrs. Brown,DC,0,9,Vanity_Fair_1847
Mrs. Brown,DN,0,9,Vanity_Fair_1847
Mrs. Burjoice,N,0,9,Vanity_Fair_1847
Mrs. Burjoice,C,0,9,Vanity_Fair_1847
Mrs. Burjoice,I,0,9,Vanity_Fair_1847
Mrs. Burjoice,A,0,9,Vanity_Fair_1847
Mrs. Burjoice,DC,0,9,Vanity_Fair_1847
Mrs. Burjoice,DN,0,9,Vanity_Fair_1847
Mrs. Bute,N,5,9,Vanity_Fair_1847
Mrs. Bute,C,2,9,Vanity_Fair_1847
Mrs. Bute,I,1,9,Vanity_Fair_1847
Mrs. Bute,A,1,9,Vanity_Fair_1847
Mrs. Bute,DC,0,9,Vanity_Fair_1847
Mrs. Bute,DN,0,9,Vanity_Fair_1847
Mrs. Captain Osborne,N,0,9,Vanity_Fair_1847
Mrs. Captain Osborne,C,0,9,Vanity_Fair_1847
Mrs. Captain Osborne,I,0,9,Vanity_Fair_1847
Mrs. Captain Osborne,A,0,9,Vanity_Fair_1847
Mrs. Captain Osborne,DC,0,9,Vanity_Fair_1847
Mrs. Captain Osborne,DN,0,9,Vanity_Fair_1847
Mrs. Clapp,N,11,9,Vanity_Fair_1847
Mrs. Clapp,C,1,9,Vanity_Fair_1847
Mrs. Clapp,I,1,9,Vanity_Fair_1847
Mrs. Clapp,A,4,9,Vanity_Fair_1847
Mrs. Clapp,DC,2,9,Vanity_Fair_1847
Mrs. Clapp,DN,1,9,Vanity_Fair_1847
Mrs. Cook,N,1,9,Vanity_Fair_1847
Mrs. Cook,C,2,9,Vanity_Fair_1847
Mrs. Cook,I,1,9,Vanity_Fair_1847
Mrs. Cook,A,5,9,Vanity_Fair_1847
Mrs. Cook,DC,0,9,Vanity_Fair_1847
Mrs. Cook,DN,0,9,Vanity_Fair_1847
Mrs. Dobbin,N,5,9,Vanity_Fair_1847
Mrs. Dobbin,C,0,9,Vanity_Fair_1847
Mrs. Dobbin,I,0,9,Vanity_Fair_1847
Mrs. Dobbin,A,2,9,Vanity_Fair_1847
Mrs. Dobbin,DC,1,9,Vanity_Fair_1847
Mrs. Dobbin,DN,1,9,Vanity_Fair_1847
Mrs. Eagles,N,0,9,Vanity_Fair_1847
Mrs. Eagles,C,0,9,Vanity_Fair_1847
Mrs. Eagles,I,0,9,Vanity_Fair_1847
Mrs. Eagles,A,0,9,Vanity_Fair_1847
Mrs. Eagles,DC,0,9,Vanity_Fair_1847
Mrs. Eagles,DN,0,9,Vanity_Fair_1847
Mrs. Frederick Bullock,N,15,9,Vanity_Fair_1847
Mrs. Frederick Bullock,C,8,9,Vanity_Fair_1847
Mrs. Frederick Bullock,I,2,9,Vanity_Fair_1847
Mrs. Frederick Bullock,A,5,9,Vanity_Fair_1847
Mrs. Frederick Bullock,DC,0,9,Vanity_Fair_1847
Mrs. Frederick Bullock,DN,1,9,Vanity_Fair_1847
Mrs. Glowry,N,2,9,Vanity_Fair_1847
Mrs. Glowry,C,2,9,Vanity_Fair_1847
Mrs. Glowry,I,1,9,Vanity_Fair_1847
Mrs. Glowry,A,1,9,Vanity_Fair_1847
Mrs. Glowry,DC,0,9,Vanity_Fair_1847
Mrs. Glowry,DN,0,9,Vanity_Fair_1847
Mrs. Haggistoun,N,0,9,Vanity_Fair_1847
Mrs. Haggistoun,C,0,9,Vanity_Fair_1847
Mrs. Haggistoun,I,0,9,Vanity_Fair_1847
Mrs. Haggistoun,A,0,9,Vanity_Fair_1847
Mrs. Haggistoun,DC,0,9,Vanity_Fair_1847
Mrs. Haggistoun,DN,0,9,Vanity_Fair_1847
Mrs. Kirk,N,2,9,Vanity_Fair_1847
Mrs. Kirk,C,0,9,Vanity_Fair_1847
Mrs. Kirk,I,2,9,Vanity_Fair_1847
Mrs. Kirk,A,1,9,Vanity_Fair_1847
Mrs. Kirk,DC,0,9,Vanity_Fair_1847
Mrs. Kirk,DN,1,9,Vanity_Fair_1847
Mrs. Magenis,N,0,9,Vanity_Fair_1847
Mrs. Magenis,C,0,9,Vanity_Fair_1847
Mrs. Magenis,I,0,9,Vanity_Fair_1847
Mrs. Magenis,A,0,9,Vanity_Fair_1847
Mrs. Magenis,DC,0,9,Vanity_Fair_1847
Mrs. Magenis,DN,0,9,Vanity_Fair_1847
Mrs. O'Dowd,N,0,9,Vanity_Fair_1847
Mrs. O'Dowd,C,0,9,Vanity_Fair_1847
Mrs. O'Dowd,I,0,9,Vanity_Fair_1847
Mrs. O'Dowd,A,0,9,Vanity_Fair_1847
Mrs. O'Dowd,DC,0,9,Vanity_Fair_1847
Mrs. O'Dowd,DN,0,9,Vanity_Fair_1847
Mrs. O.,N,3,9,Vanity_Fair_1847
Mrs. O.,C,0,9,Vanity_Fair_1847
Mrs. O.,I,0,9,Vanity_Fair_1847
Mrs. O.,A,4,9,Vanity_Fair_1847
Mrs. O.,DC,0,9,Vanity_Fair_1847
Mrs. O.,DN,0,9,Vanity_Fair_1847
Mrs. Pilkington,N,3,9,Vanity_Fair_1847
Mrs. Pilkington,C,0,9,Vanity_Fair_1847
Mrs. Pilkington,I,1,9,Vanity_Fair_1847
Mrs. Pilkington,A,2,9,Vanity_Fair_1847
Mrs. Pilkington,DC,0,9,Vanity_Fair_1847
Mrs. Pilkington,DN,1,9,Vanity_Fair_1847
Mrs. Raggles,N,9,9,Vanity_Fair_1847
Mrs. Raggles,C,0,9,Vanity_Fair_1847
Mrs. Raggles,I,0,9,Vanity_Fair_1847
Mrs. Raggles,A,3,9,Vanity_Fair_1847
Mrs. Raggles,DC,4,9,Vanity_Fair_1847
Mrs. Raggles,DN,0,9,Vanity_Fair_1847
Mrs. Sedley,N,0,9,Vanity_Fair_1847
Mrs. Sedley,C,0,9,Vanity_Fair_1847
Mrs. Sedley,I,0,9,Vanity_Fair_1847
Mrs. Sedley,A,0,9,Vanity_Fair_1847
Mrs. Sedley,DC,0,9,Vanity_Fair_1847
Mrs. Sedley,DN,0,9,Vanity_Fair_1847
Mrs. Stokes,N,0,9,Vanity_Fair_1847
Mrs. Stokes,C,0,9,Vanity_Fair_1847
Mrs. Stokes,I,0,9,Vanity_Fair_1847
Mrs. Stokes,A,0,9,Vanity_Fair_1847
Mrs. Stokes,DC,0,9,Vanity_Fair_1847
Mrs. Stokes,DN,0,9,Vanity_Fair_1847
Mrs. Todd,N,4,9,Vanity_Fair_1847
Mrs. Todd,C,3,9,Vanity_Fair_1847
Mrs. Todd,I,0,9,Vanity_Fair_1847
Mrs. Todd,A,1,9,Vanity_Fair_1847
Mrs. Todd,DC,0,9,Vanity_Fair_1847
Mrs. Todd,DN,0,9,Vanity_Fair_1847
Mrs. Veal,N,8,9,Vanity_Fair_1847
Mrs. Veal,C,1,9,Vanity_Fair_1847
Mrs. Veal,I,0,9,Vanity_Fair_1847
Mrs. Veal,A,0,9,Vanity_Fair_1847
Mrs. Veal,DC,0,9,Vanity_Fair_1847
Mrs. Veal,DN,0,9,Vanity_Fair_1847
Mrs. Washington White,N,4,9,Vanity_Fair_1847
Mrs. Washington White,C,0,9,Vanity_Fair_1847
Mrs. Washington White,I,1,9,Vanity_Fair_1847
Mrs. Washington White,A,0,9,Vanity_Fair_1847
Mrs. Washington White,DC,1,9,Vanity_Fair_1847
Mrs. Washington White,DN,0,9,Vanity_Fair_1847
Mrs. Wenham,N,4,9,Vanity_Fair_1847
Mrs. Wenham,C,0,9,Vanity_Fair_1847
Mrs. Wenham,I,2,9,Vanity_Fair_1847
Mrs. Wenham,A,1,9,Vanity_Fair_1847
Mrs. Wenham,DC,3,9,Vanity_Fair_1847
Mrs. Wenham,DN,0,9,Vanity_Fair_1847
Mrs. Winkworth,N,3,9,Vanity_Fair_1847
Mrs. Winkworth,C,0,9,Vanity_Fair_1847
Mrs. Winkworth,I,3,9,Vanity_Fair_1847
Mrs. Winkworth,A,4,9,Vanity_Fair_1847
Mrs. Winkworth,DC,0,9,Vanity_Fair_1847
Mrs. Winkworth,DN,3,9,Vanity_Fair_1847
Mum,N,1,9,Vanity_Fair_1847
Mum,C,0,9,Vanity_Fair_1847
Mum,I,0,9,Vanity_Fair_1847
Mum,A,0,9,Vanity_Fair_1847
Mum,DC,1,9,Vanity_Fair_1847
Mum,DN,0,9,Vanity_Fair_1847
Napoleon,N,5,9,Vanity_Fair_1847
Napoleon,C,0,9,Vanity_Fair_1847
Napoleon,I,0,9,Vanity_Fair_1847
Napoleon,A,2,9,Vanity_Fair_1847
Napoleon,DC,0,9,Vanity_Fair_1847
Napoleon,DN,0,9,Vanity_Fair_1847
Nathan,N,3,9,Vanity_Fair_1847
Nathan,C,1,9,Vanity_Fair_1847
Nathan,I,0,9,Vanity_Fair_1847
Nathan,A,1,9,Vanity_Fair_1847
Nathan,DC,0,9,Vanity_Fair_1847
Nathan,DN,0,9,Vanity_Fair_1847
Ney,N,0,9,Vanity_Fair_1847
Ney,C,0,9,Vanity_Fair_1847
Ney,I,0,9,Vanity_Fair_1847
Ney,A,0,9,Vanity_Fair_1847
Ney,DC,0,9,Vanity_Fair_1847
Ney,DN,0,9,Vanity_Fair_1847
Old Osborne,N,2,9,Vanity_Fair_1847
Old Osborne,C,2,9,Vanity_Fair_1847
Old Osborne,I,2,9,Vanity_Fair_1847
Old Osborne,A,4,9,Vanity_Fair_1847
Old Osborne,DC,0,9,Vanity_Fair_1847
Old Osborne,DN,0,9,Vanity_Fair_1847
Old Sedley,N,6,9,Vanity_Fair_1847
Old Sedley,C,0,9,Vanity_Fair_1847
Old Sedley,I,1,9,Vanity_Fair_1847
Old Sedley,A,3,9,Vanity_Fair_1847
Old Sedley,DC,0,9,Vanity_Fair_1847
Old Sedley,DN,0,9,Vanity_Fair_1847
Osborne,N,0,9,Vanity_Fair_1847
Osborne,C,0,9,Vanity_Fair_1847
Osborne,I,0,9,Vanity_Fair_1847
Osborne,A,0,9,Vanity_Fair_1847
Osborne,DC,0,9,Vanity_Fair_1847
Osborne,DN,0,9,Vanity_Fair_1847
Pa,N,1,9,Vanity_Fair_1847
Pa,C,3,9,Vanity_Fair_1847
Pa,I,0,9,Vanity_Fair_1847
Pa,A,2,9,Vanity_Fair_1847
Pa,DC,0,9,Vanity_Fair_1847
Pa,DN,0,9,Vanity_Fair_1847
Papa,N,6,9,Vanity_Fair_1847
Papa,C,0,9,Vanity_Fair_1847
Papa,I,0,9,Vanity_Fair_1847
Papa,A,2,9,Vanity_Fair_1847
Papa,DC,6,9,Vanity_Fair_1847
Papa,DN,0,9,Vanity_Fair_1847
Pauline,N,0,9,Vanity_Fair_1847
Pauline,C,0,9,Vanity_Fair_1847
Pauline,I,0,9,Vanity_Fair_1847
Pauline,A,0,9,Vanity_Fair_1847
Pauline,DC,0,9,Vanity_Fair_1847
Pauline,DN,0,9,Vanity_Fair_1847
Payne,N,0,9,Vanity_Fair_1847
Payne,C,0,9,Vanity_Fair_1847
Payne,I,0,9,Vanity_Fair_1847
Payne,A,0,9,Vanity_Fair_1847
Payne,DC,0,9,Vanity_Fair_1847
Payne,DN,0,9,Vanity_Fair_1847
Peggy,N,0,9,Vanity_Fair_1847
Peggy,C,0,9,Vanity_Fair_1847
Peggy,I,0,9,Vanity_Fair_1847
Peggy,A,0,9,Vanity_Fair_1847
Peggy,DC,0,9,Vanity_Fair_1847
Peggy,DN,0,9,Vanity_Fair_1847
Pinner,N,0,9,Vanity_Fair_1847
Pinner,C,0,9,Vanity_Fair_1847
Pinner,I,0,9,Vanity_Fair_1847
Pinner,A,0,9,Vanity_Fair_1847
Pinner,DC,0,9,Vanity_Fair_1847
Pinner,DN,0,9,Vanity_Fair_1847
Pitt,N,0,9,Vanity_Fair_1847
Pitt,C,0,9,Vanity_Fair_1847
Pitt,I,0,9,Vanity_Fair_1847
Pitt,A,0,9,Vanity_Fair_1847
Pitt,DC,0,9,Vanity_Fair_1847
Pitt,DN,0,9,Vanity_Fair_1847
Pitt Binkie,N,4,9,Vanity_Fair_1847
Pitt Binkie,C,0,9,Vanity_Fair_1847
Pitt Binkie,I,1,9,Vanity_Fair_1847
Pitt Binkie,A,0,9,Vanity_Fair_1847
Pitt Binkie,DC,0,9,Vanity_Fair_1847
Pitt Binkie,DN,1,9,Vanity_Fair_1847
Poor Jim,N,0,9,Vanity_Fair_1847
Poor Jim,C,0,9,Vanity_Fair_1847
Poor Jim,I,0,9,Vanity_Fair_1847
Poor Jim,A,0,9,Vanity_Fair_1847
Poor Jim,DC,0,9,Vanity_Fair_1847
Poor Jim,DN,0,9,Vanity_Fair_1847
Queen,N,4,9,Vanity_Fair_1847
Queen,C,0,9,Vanity_Fair_1847
Queen,I,1,9,Vanity_Fair_1847
Queen,A,0,9,Vanity_Fair_1847
Queen,DC,1,9,Vanity_Fair_1847
Queen,DN,1,9,Vanity_Fair_1847
Raggles,N,11,9,Vanity_Fair_1847
Raggles,C,2,9,Vanity_Fair_1847
Raggles,I,5,9,Vanity_Fair_1847
Raggles,A,6,9,Vanity_Fair_1847
Raggles,DC,6,9,Vanity_Fair_1847
Raggles,DN,0,9,Vanity_Fair_1847
Rawdon,N,287,9,Vanity_Fair_1847
Rawdon,C,73,9,Vanity_Fair_1847
Rawdon,I,79,9,Vanity_Fair_1847
Rawdon,A,160,9,Vanity_Fair_1847
Rawdon,DC,45,9,Vanity_Fair_1847
Rawdon,DN,21,9,Vanity_Fair_1847
"Rawdon Crawley , Esquire",N,0,9,Vanity_Fair_1847
"Rawdon Crawley , Esquire",C,0,9,Vanity_Fair_1847
"Rawdon Crawley , Esquire",I,0,9,Vanity_Fair_1847
"Rawdon Crawley , Esquire",A,0,9,Vanity_Fair_1847
"Rawdon Crawley , Esquire",DC,0,9,Vanity_Fair_1847
"Rawdon Crawley , Esquire",DN,0,9,Vanity_Fair_1847
Rebecca,N,15,9,Vanity_Fair_1847
Rebecca,C,10,9,Vanity_Fair_1847
Rebecca,I,6,9,Vanity_Fair_1847
Rebecca,A,20,9,Vanity_Fair_1847
Rebecca,DC,12,9,Vanity_Fair_1847
Rebecca,DN,2,9,Vanity_Fair_1847
Regulus,N,0,9,Vanity_Fair_1847
Regulus,C,0,9,Vanity_Fair_1847
Regulus,I,0,9,Vanity_Fair_1847
Regulus,A,0,9,Vanity_Fair_1847
Regulus,DC,0,9,Vanity_Fair_1847
Regulus,DN,0,9,Vanity_Fair_1847
Rhoda,N,0,9,Vanity_Fair_1847
Rhoda,C,0,9,Vanity_Fair_1847
Rhoda,I,0,9,Vanity_Fair_1847
Rhoda,A,0,9,Vanity_Fair_1847
Rhoda,DC,0,9,Vanity_Fair_1847
Rhoda,DN,0,9,Vanity_Fair_1847
Robinson,N,5,9,Vanity_Fair_1847
Robinson,C,0,9,Vanity_Fair_1847
Robinson,I,0,9,Vanity_Fair_1847
Robinson,A,2,9,Vanity_Fair_1847
Robinson,DC,0,9,Vanity_Fair_1847
Robinson,DN,0,9,Vanity_Fair_1847
Rosa,N,4,9,Vanity_Fair_1847
Rosa,C,0,9,Vanity_Fair_1847
Rosa,I,0,9,Vanity_Fair_1847
Rosa,A,1,9,Vanity_Fair_1847
Rosa,DC,3,9,Vanity_Fair_1847
Rosa,DN,0,9,Vanity_Fair_1847
Rose,N,0,9,Vanity_Fair_1847
Rose,C,0,9,Vanity_Fair_1847
Rose,I,0,9,Vanity_Fair_1847
Rose,A,0,9,Vanity_Fair_1847
Rose,DC,0,9,Vanity_Fair_1847
Rose,DN,0,9,Vanity_Fair_1847
SWEETEST AMELIA,N,0,9,Vanity_Fair_1847
SWEETEST AMELIA,C,0,9,Vanity_Fair_1847
SWEETEST AMELIA,I,0,9,Vanity_Fair_1847
SWEETEST AMELIA,A,0,9,Vanity_Fair_1847
SWEETEST AMELIA,DC,0,9,Vanity_Fair_1847
SWEETEST AMELIA,DN,0,9,Vanity_Fair_1847
Sambo,N,0,9,Vanity_Fair_1847
Sambo,C,0,9,Vanity_Fair_1847
Sambo,I,0,9,Vanity_Fair_1847
Sambo,A,0,9,Vanity_Fair_1847
Sambo,DC,0,9,Vanity_Fair_1847
Sambo,DN,0,9,Vanity_Fair_1847
Simpson,N,4,9,Vanity_Fair_1847
Simpson,C,1,9,Vanity_Fair_1847
Simpson,I,2,9,Vanity_Fair_1847
Simpson,A,3,9,Vanity_Fair_1847
Simpson,DC,3,9,Vanity_Fair_1847
Simpson,DN,0,9,Vanity_Fair_1847
Sir Giles Wapshot,N,0,9,Vanity_Fair_1847
Sir Giles Wapshot,C,0,9,Vanity_Fair_1847
Sir Giles Wapshot,I,0,9,Vanity_Fair_1847
Sir Giles Wapshot,A,0,9,Vanity_Fair_1847
Sir Giles Wapshot,DC,0,9,Vanity_Fair_1847
Sir Giles Wapshot,DN,0,9,Vanity_Fair_1847
Sir Huddleston Fuddleston,N,0,9,Vanity_Fair_1847
Sir Huddleston Fuddleston,C,0,9,Vanity_Fair_1847
Sir Huddleston Fuddleston,I,0,9,Vanity_Fair_1847
Sir Huddleston Fuddleston,A,0,9,Vanity_Fair_1847
Sir Huddleston Fuddleston,DC,0,9,Vanity_Fair_1847
Sir Huddleston Fuddleston,DN,0,9,Vanity_Fair_1847
Sir Huddlestone,N,9,9,Vanity_Fair_1847
Sir Huddlestone,C,0,9,Vanity_Fair_1847
Sir Huddlestone,I,0,9,Vanity_Fair_1847
Sir Huddlestone,A,8,9,Vanity_Fair_1847
Sir Huddlestone,DC,0,9,Vanity_Fair_1847
Sir Huddlestone,DN,0,9,Vanity_Fair_1847
Sir John,N,3,9,Vanity_Fair_1847
Sir John,C,0,9,Vanity_Fair_1847
Sir John,I,0,9,Vanity_Fair_1847
Sir John,A,0,9,Vanity_Fair_1847
Sir John,DC,0,9,Vanity_Fair_1847
Sir John,DN,0,9,Vanity_Fair_1847
Sir Michael O'Dowd,N,3,9,Vanity_Fair_1847
Sir Michael O'Dowd,C,0,9,Vanity_Fair_1847
Sir Michael O'Dowd,I,0,9,Vanity_Fair_1847
Sir Michael O'Dowd,A,1,9,Vanity_Fair_1847
Sir Michael O'Dowd,DC,1,9,Vanity_Fair_1847
Sir Michael O'Dowd,DN,0,9,Vanity_Fair_1847
Sir Pitt,N,132,9,Vanity_Fair_1847
Sir Pitt,C,22,9,Vanity_Fair_1847
Sir Pitt,I,58,9,Vanity_Fair_1847
Sir Pitt,A,90,9,Vanity_Fair_1847
Sir Pitt,DC,19,9,Vanity_Fair_1847
Sir Pitt,DN,24,9,Vanity_Fair_1847
Sir Rawdon,N,0,9,Vanity_Fair_1847
Sir Rawdon,C,0,9,Vanity_Fair_1847
Sir Rawdon,I,0,9,Vanity_Fair_1847
Sir Rawdon,A,0,9,Vanity_Fair_1847
Sir Rawdon,DC,0,9,Vanity_Fair_1847
Sir Rawdon,DN,0,9,Vanity_Fair_1847
Smith,N,10,9,Vanity_Fair_1847
Smith,C,7,9,Vanity_Fair_1847
Smith,I,1,9,Vanity_Fair_1847
Smith,A,2,9,Vanity_Fair_1847
Smith,DC,1,9,Vanity_Fair_1847
Smith,DN,2,9,Vanity_Fair_1847
Smollett,N,0,9,Vanity_Fair_1847
Smollett,C,0,9,Vanity_Fair_1847
Smollett,I,0,9,Vanity_Fair_1847
Smollett,A,0,9,Vanity_Fair_1847
Smollett,DC,0,9,Vanity_Fair_1847
Smollett,DN,0,9,Vanity_Fair_1847
Stubble,N,0,9,Vanity_Fair_1847
Stubble,C,0,9,Vanity_Fair_1847
Stubble,I,0,9,Vanity_Fair_1847
Stubble,A,0,9,Vanity_Fair_1847
Stubble,DC,0,9,Vanity_Fair_1847
Stubble,DN,0,9,Vanity_Fair_1847
Stumpy,N,6,9,Vanity_Fair_1847
Stumpy,C,0,9,Vanity_Fair_1847
Stumpy,I,0,9,Vanity_Fair_1847
Stumpy,A,0,9,Vanity_Fair_1847
Stumpy,DC,1,9,Vanity_Fair_1847
Stumpy,DN,0,9,Vanity_Fair_1847
Tapeworm,N,10,9,Vanity_Fair_1847
Tapeworm,C,2,9,Vanity_Fair_1847
Tapeworm,I,3,9,Vanity_Fair_1847
Tapeworm,A,7,9,Vanity_Fair_1847
Tapeworm,DC,2,9,Vanity_Fair_1847
Tapeworm,DN,1,9,Vanity_Fair_1847
Tapeworm Castle,N,2,9,Vanity_Fair_1847
Tapeworm Castle,C,0,9,Vanity_Fair_1847
Tapeworm Castle,I,0,9,Vanity_Fair_1847
Tapeworm Castle,A,3,9,Vanity_Fair_1847
Tapeworm Castle,DC,0,9,Vanity_Fair_1847
Tapeworm Castle,DN,0,9,Vanity_Fair_1847
The Capting,N,3,9,Vanity_Fair_1847
The Capting,C,0,9,Vanity_Fair_1847
The Capting,I,1,9,Vanity_Fair_1847
The Capting,A,0,9,Vanity_Fair_1847
The Capting,DC,0,9,Vanity_Fair_1847
The Capting,DN,0,9,Vanity_Fair_1847
The Duke of Wellington,N,0,9,Vanity_Fair_1847
The Duke of Wellington,C,0,9,Vanity_Fair_1847
The Duke of Wellington,I,0,9,Vanity_Fair_1847
The Duke of Wellington,A,0,9,Vanity_Fair_1847
The Duke of Wellington,DC,0,9,Vanity_Fair_1847
The Duke of Wellington,DN,0,9,Vanity_Fair_1847
Thriftless,N,1,9,Vanity_Fair_1847
Thriftless,C,0,9,Vanity_Fair_1847
Thriftless,I,1,9,Vanity_Fair_1847
Thriftless,A,1,9,Vanity_Fair_1847
Thriftless,DC,0,9,Vanity_Fair_1847
Thriftless,DN,0,9,Vanity_Fair_1847
Tinker,N,0,9,Vanity_Fair_1847
Tinker,C,0,9,Vanity_Fair_1847
Tinker,I,0,9,Vanity_Fair_1847
Tinker,A,0,9,Vanity_Fair_1847
Tinker,DC,0,9,Vanity_Fair_1847
Tinker,DN,0,9,Vanity_Fair_1847
Tom Eaves,N,9,9,Vanity_Fair_1847
Tom Eaves,C,6,9,Vanity_Fair_1847
Tom Eaves,I,3,9,Vanity_Fair_1847
Tom Eaves,A,10,9,Vanity_Fair_1847
Tom Eaves,DC,0,9,Vanity_Fair_1847
Tom Eaves,DN,1,9,Vanity_Fair_1847
Tom Fool,N,0,9,Vanity_Fair_1847
Tom Fool,C,0,9,Vanity_Fair_1847
Tom Fool,I,0,9,Vanity_Fair_1847
Tom Fool,A,0,9,Vanity_Fair_1847
Tom Fool,DC,0,9,Vanity_Fair_1847
Tom Fool,DN,0,9,Vanity_Fair_1847
Tom Moody,N,9,9,Vanity_Fair_1847
Tom Moody,C,0,9,Vanity_Fair_1847
Tom Moody,I,3,9,Vanity_Fair_1847
Tom Moody,A,3,9,Vanity_Fair_1847
Tom Moody,DC,0,9,Vanity_Fair_1847
Tom Moody,DN,0,9,Vanity_Fair_1847
Trotter,N,3,9,Vanity_Fair_1847
Trotter,C,2,9,Vanity_Fair_1847
Trotter,I,0,9,Vanity_Fair_1847
Trotter,A,1,9,Vanity_Fair_1847
Trotter,DC,2,9,Vanity_Fair_1847
Trotter,DN,0,9,Vanity_Fair_1847
Truffigny,N,3,9,Vanity_Fair_1847
Truffigny,C,0,9,Vanity_Fair_1847
Truffigny,I,0,9,Vanity_Fair_1847
Truffigny,A,5,9,Vanity_Fair_1847
Truffigny,DC,0,9,Vanity_Fair_1847
Truffigny,DN,1,9,Vanity_Fair_1847
Vanity Fair,N,2,9,Vanity_Fair_1847
Vanity Fair,C,0,9,Vanity_Fair_1847
Vanity Fair,I,0,9,Vanity_Fair_1847
Vanity Fair,A,1,9,Vanity_Fair_1847
Vanity Fair,DC,0,9,Vanity_Fair_1847
Vanity Fair,DN,1,9,Vanity_Fair_1847
Victor Aurelius XIV,N,2,9,Vanity_Fair_1847
Victor Aurelius XIV,C,0,9,Vanity_Fair_1847
Victor Aurelius XIV,I,0,9,Vanity_Fair_1847
Victor Aurelius XIV,A,2,9,Vanity_Fair_1847
Victor Aurelius XIV,DC,0,9,Vanity_Fair_1847
Victor Aurelius XIV,DN,0,9,Vanity_Fair_1847
Walpole Crawley,N,1,9,Vanity_Fair_1847
Walpole Crawley,C,0,9,Vanity_Fair_1847
Walpole Crawley,I,0,9,Vanity_Fair_1847
Walpole Crawley,A,0,9,Vanity_Fair_1847
Walpole Crawley,DC,0,9,Vanity_Fair_1847
Walpole Crawley,DN,0,9,Vanity_Fair_1847
Waterloo,N,6,9,Vanity_Fair_1847
Waterloo,C,2,9,Vanity_Fair_1847
Waterloo,I,3,9,Vanity_Fair_1847
Waterloo,A,9,9,Vanity_Fair_1847
Waterloo,DC,0,9,Vanity_Fair_1847
Waterloo,DN,3,9,Vanity_Fair_1847
Waxy,N,0,9,Vanity_Fair_1847
Waxy,C,0,9,Vanity_Fair_1847
Waxy,I,0,9,Vanity_Fair_1847
Waxy,A,0,9,Vanity_Fair_1847
Waxy,DC,0,9,Vanity_Fair_1847
Waxy,DN,0,9,Vanity_Fair_1847
Young Stubble,N,0,9,Vanity_Fair_1847
Young Stubble,C,0,9,Vanity_Fair_1847
Young Stubble,I,0,9,Vanity_Fair_1847
Young Stubble,A,0,9,Vanity_Fair_1847
Young Stubble,DC,0,9,Vanity_Fair_1847
Young Stubble,DN,0,9,Vanity_Fair_1847
Young Tandyman,N,3,9,Vanity_Fair_1847
Young Tandyman,C,0,9,Vanity_Fair_1847
Young Tandyman,I,1,9,Vanity_Fair_1847
Young Tandyman,A,4,9,Vanity_Fair_1847
Young Tandyman,DC,0,9,Vanity_Fair_1847
Young Tandyman,DN,0,9,Vanity_Fair_1847
little Emmy's,N,0,9,Vanity_Fair_1847
little Emmy's,C,0,9,Vanity_Fair_1847
little Emmy's,I,0,9,Vanity_Fair_1847
little Emmy's,A,0,9,Vanity_Fair_1847
little Emmy's,DC,0,9,Vanity_Fair_1847
little Emmy's,DN,0,9,Vanity_Fair_1847
little Fipps,N,2,9,Vanity_Fair_1847
little Fipps,C,3,9,Vanity_Fair_1847
little Fipps,I,0,9,Vanity_Fair_1847
little Fipps,A,1,9,Vanity_Fair_1847
little Fipps,DC,0,9,Vanity_Fair_1847
little Fipps,DN,0,9,Vanity_Fair_1847
old Sergeant Toffy,N,2,9,Vanity_Fair_1847
old Sergeant Toffy,C,0,9,Vanity_Fair_1847
old Sergeant Toffy,I,0,9,Vanity_Fair_1847
old Sergeant Toffy,A,1,9,Vanity_Fair_1847
old Sergeant Toffy,DC,0,9,Vanity_Fair_1847
old Sergeant Toffy,DN,0,9,Vanity_Fair_1847
"poor dear General Glanders , who was dying under the hands of that ignorant man",N,0,9,Vanity_Fair_1847
"poor dear General Glanders , who was dying under the hands of that ignorant man",C,0,9,Vanity_Fair_1847
"poor dear General Glanders , who was dying under the hands of that ignorant man",I,0,9,Vanity_Fair_1847
"poor dear General Glanders , who was dying under the hands of that ignorant man",A,0,9,Vanity_Fair_1847
"poor dear General Glanders , who was dying under the hands of that ignorant man",DC,0,9,Vanity_Fair_1847
"poor dear General Glanders , who was dying under the hands of that ignorant man",DN,0,9,Vanity_Fair_1847
the Crawleys,N,7,9,Vanity_Fair_1847
the Crawleys,C,0,9,Vanity_Fair_1847
the Crawleys,I,0,9,Vanity_Fair_1847
the Crawleys,A,4,9,Vanity_Fair_1847
the Crawleys,DC,0,9,Vanity_Fair_1847
the Crawleys,DN,0,9,Vanity_Fair_1847
the English,N,1,9,Vanity_Fair_1847
the English,C,0,9,Vanity_Fair_1847
the English,I,0,9,Vanity_Fair_1847
the English,A,0,9,Vanity_Fair_1847
the English,DC,0,9,Vanity_Fair_1847
the English,DN,0,9,Vanity_Fair_1847
the French,N,1,9,Vanity_Fair_1847
the French,C,0,9,Vanity_Fair_1847
the French,I,0,9,Vanity_Fair_1847
the French,A,0,9,Vanity_Fair_1847
the French,DC,0,9,Vanity_Fair_1847
the French,DN,0,9,Vanity_Fair_1847
the Grafinn Fanny de Butterbrod,N,2,9,Vanity_Fair_1847
the Grafinn Fanny de Butterbrod,C,0,9,Vanity_Fair_1847
the Grafinn Fanny de Butterbrod,I,0,9,Vanity_Fair_1847
the Grafinn Fanny de Butterbrod,A,0,9,Vanity_Fair_1847
the Grafinn Fanny de Butterbrod,DC,0,9,Vanity_Fair_1847
the Grafinn Fanny de Butterbrod,DN,0,9,Vanity_Fair_1847
the Hammersmith Semiramis,N,0,9,Vanity_Fair_1847
the Hammersmith Semiramis,C,0,9,Vanity_Fair_1847
the Hammersmith Semiramis,I,0,9,Vanity_Fair_1847
the Hammersmith Semiramis,A,0,9,Vanity_Fair_1847
the Hammersmith Semiramis,DC,0,9,Vanity_Fair_1847
the Hammersmith Semiramis,DN,0,9,Vanity_Fair_1847
the Honourable Mrs. Tufto,N,0,9,Vanity_Fair_1847
the Honourable Mrs. Tufto,C,0,9,Vanity_Fair_1847
the Honourable Mrs. Tufto,I,0,9,Vanity_Fair_1847
the Honourable Mrs. Tufto,A,0,9,Vanity_Fair_1847
the Honourable Mrs. Tufto,DC,0,9,Vanity_Fair_1847
the Honourable Mrs. Tufto,DN,0,9,Vanity_Fair_1847
the Kislar Aga,N,5,9,Vanity_Fair_1847
the Kislar Aga,C,0,9,Vanity_Fair_1847
the Kislar Aga,I,0,9,Vanity_Fair_1847
the Kislar Aga,A,3,9,Vanity_Fair_1847
the Kislar Aga,DC,0,9,Vanity_Fair_1847
the Kislar Aga,DN,0,9,Vanity_Fair_1847
the Marquis of Steyne,N,9,9,Vanity_Fair_1847
the Marquis of Steyne,C,0,9,Vanity_Fair_1847
the Marquis of Steyne,I,0,9,Vanity_Fair_1847
the Marquis of Steyne,A,1,9,Vanity_Fair_1847
the Marquis of Steyne,DC,1,9,Vanity_Fair_1847
the Marquis of Steyne,DN,2,9,Vanity_Fair_1847
the Misses Dobbin,N,1,9,Vanity_Fair_1847
the Misses Dobbin,C,0,9,Vanity_Fair_1847
the Misses Dobbin,I,0,9,Vanity_Fair_1847
the Misses Dobbin,A,0,9,Vanity_Fair_1847
the Misses Dobbin,DC,0,9,Vanity_Fair_1847
the Misses Dobbin,DN,0,9,Vanity_Fair_1847
the Misses Osborne,N,0,9,Vanity_Fair_1847
the Misses Osborne,C,0,9,Vanity_Fair_1847
the Misses Osborne,I,0,9,Vanity_Fair_1847
the Misses Osborne,A,0,9,Vanity_Fair_1847
the Misses Osborne,DC,0,9,Vanity_Fair_1847
the Misses Osborne,DN,0,9,Vanity_Fair_1847
the Osbornes,N,0,9,Vanity_Fair_1847
the Osbornes,C,0,9,Vanity_Fair_1847
the Osbornes,I,0,9,Vanity_Fair_1847
the Osbornes,A,0,9,Vanity_Fair_1847
the Osbornes,DC,0,9,Vanity_Fair_1847
the Osbornes,DN,0,9,Vanity_Fair_1847
the Reverend Bute Crawley,N,1,9,Vanity_Fair_1847
the Reverend Bute Crawley,C,0,9,Vanity_Fair_1847
the Reverend Bute Crawley,I,0,9,Vanity_Fair_1847
the Reverend Bute Crawley,A,1,9,Vanity_Fair_1847
the Reverend Bute Crawley,DC,0,9,Vanity_Fair_1847
the Reverend Bute Crawley,DN,0,9,Vanity_Fair_1847
the Ribbons,N,0,9,Vanity_Fair_1847
the Ribbons,C,0,9,Vanity_Fair_1847
the Ribbons,I,0,9,Vanity_Fair_1847
the Ribbons,A,0,9,Vanity_Fair_1847
the Ribbons,DC,0,9,Vanity_Fair_1847
the Ribbons,DN,0,9,Vanity_Fair_1847
the Russians,N,0,9,Vanity_Fair_1847
the Russians,C,0,9,Vanity_Fair_1847
the Russians,I,0,9,Vanity_Fair_1847
the Russians,A,0,9,Vanity_Fair_1847
the Russians,DC,0,9,Vanity_Fair_1847
the Russians,DN,0,9,Vanity_Fair_1847
the Sedleys,N,2,9,Vanity_Fair_1847
the Sedleys,C,0,9,Vanity_Fair_1847
the Sedleys,I,1,9,Vanity_Fair_1847
the Sedleys,A,2,9,Vanity_Fair_1847
the Sedleys,DC,0,9,Vanity_Fair_1847
the Sedleys,DN,0,9,Vanity_Fair_1847
the old Baronet,N,0,9,Vanity_Fair_1847
the old Baronet,C,0,9,Vanity_Fair_1847
the old Baronet,I,0,9,Vanity_Fair_1847
the old Baronet,A,0,9,Vanity_Fair_1847
the old Baronet,DC,0,9,Vanity_Fair_1847
the old Baronet,DN,0,9,Vanity_Fair_1847
the old Chevalier de Talonrouge,N,0,9,Vanity_Fair_1847
the old Chevalier de Talonrouge,C,0,9,Vanity_Fair_1847
the old Chevalier de Talonrouge,I,0,9,Vanity_Fair_1847
the old Chevalier de Talonrouge,A,0,9,Vanity_Fair_1847
the old Chevalier de Talonrouge,DC,0,9,Vanity_Fair_1847
the old Chevalier de Talonrouge,DN,0,9,Vanity_Fair_1847
young Blackball,N,4,9,Vanity_Fair_1847
young Blackball,C,0,9,Vanity_Fair_1847
young Blackball,I,1,9,Vanity_Fair_1847
young Blackball,A,1,9,Vanity_Fair_1847
young Blackball,DC,0,9,Vanity_Fair_1847
young Blackball,DN,0,9,Vanity_Fair_1847
young Lord Dovedale,N,0,9,Vanity_Fair_1847
young Lord Dovedale,C,0,9,Vanity_Fair_1847
young Lord Dovedale,I,0,9,Vanity_Fair_1847
young Lord Dovedale,A,0,9,Vanity_Fair_1847
young Lord Dovedale,DC,0,9,Vanity_Fair_1847
young Lord Dovedale,DN,0,9,Vanity_Fair_1847
Achilles,N,0,10,Vanity_Fair_1847
Achilles,C,0,10,Vanity_Fair_1847
Achilles,I,0,10,Vanity_Fair_1847
Achilles,A,0,10,Vanity_Fair_1847
Achilles,DC,0,10,Vanity_Fair_1847
Achilles,DN,0,10,Vanity_Fair_1847
Aegisthus,N,0,10,Vanity_Fair_1847
Aegisthus,C,0,10,Vanity_Fair_1847
Aegisthus,I,0,10,Vanity_Fair_1847
Aegisthus,A,0,10,Vanity_Fair_1847
Aegisthus,DC,0,10,Vanity_Fair_1847
Aegisthus,DN,0,10,Vanity_Fair_1847
Amelia,N,61,10,Vanity_Fair_1847
Amelia,C,23,10,Vanity_Fair_1847
Amelia,I,22,10,Vanity_Fair_1847
Amelia,A,40,10,Vanity_Fair_1847
Amelia,DC,49,10,Vanity_Fair_1847
Amelia,DN,4,10,Vanity_Fair_1847
Arabella,N,0,10,Vanity_Fair_1847
Arabella,C,0,10,Vanity_Fair_1847
Arabella,I,0,10,Vanity_Fair_1847
Arabella,A,0,10,Vanity_Fair_1847
Arabella,DC,0,10,Vanity_Fair_1847
Arabella,DN,0,10,Vanity_Fair_1847
Barbara,N,0,10,Vanity_Fair_1847
Barbara,C,0,10,Vanity_Fair_1847
Barbara,I,0,10,Vanity_Fair_1847
Barbara,A,0,10,Vanity_Fair_1847
Barbara,DC,0,10,Vanity_Fair_1847
Barbara,DN,0,10,Vanity_Fair_1847
Bart,N,0,10,Vanity_Fair_1847
Bart,C,0,10,Vanity_Fair_1847
Bart,I,0,10,Vanity_Fair_1847
Bart,A,0,10,Vanity_Fair_1847
Bart,DC,0,10,Vanity_Fair_1847
Bart,DN,0,10,Vanity_Fair_1847
Beauty,N,0,10,Vanity_Fair_1847
Beauty,C,0,10,Vanity_Fair_1847
Beauty,I,0,10,Vanity_Fair_1847
Beauty,A,0,10,Vanity_Fair_1847
Beauty,DC,0,10,Vanity_Fair_1847
Beauty,DN,0,10,Vanity_Fair_1847
Becky,N,160,10,Vanity_Fair_1847
Becky,C,71,10,Vanity_Fair_1847
Becky,I,87,10,Vanity_Fair_1847
Becky,A,196,10,Vanity_Fair_1847
Becky,DC,31,10,Vanity_Fair_1847
Becky,DN,40,10,Vanity_Fair_1847
Bedwin,N,0,10,Vanity_Fair_1847
Bedwin,C,0,10,Vanity_Fair_1847
Bedwin,I,0,10,Vanity_Fair_1847
Bedwin,A,0,10,Vanity_Fair_1847
Bedwin,DC,0,10,Vanity_Fair_1847
Bedwin,DN,0,10,Vanity_Fair_1847
Bessy,N,0,10,Vanity_Fair_1847
Bessy,C,0,10,Vanity_Fair_1847
Bessy,I,0,10,Vanity_Fair_1847
Bessy,A,0,10,Vanity_Fair_1847
Bessy,DC,0,10,Vanity_Fair_1847
Bessy,DN,0,10,Vanity_Fair_1847
Betty,N,0,10,Vanity_Fair_1847
Betty,C,0,10,Vanity_Fair_1847
Betty,I,0,10,Vanity_Fair_1847
Betty,A,0,10,Vanity_Fair_1847
Betty,DC,0,10,Vanity_Fair_1847
Betty,DN,0,10,Vanity_Fair_1847
Betty Flanagan,N,0,10,Vanity_Fair_1847
Betty Flanagan,C,0,10,Vanity_Fair_1847
Betty Flanagan,I,0,10,Vanity_Fair_1847
Betty Flanagan,A,0,10,Vanity_Fair_1847
Betty Flanagan,DC,0,10,Vanity_Fair_1847
Betty Flanagan,DN,0,10,Vanity_Fair_1847
Black Sambo,N,0,10,Vanity_Fair_1847
Black Sambo,C,0,10,Vanity_Fair_1847
Black Sambo,I,0,10,Vanity_Fair_1847
Black Sambo,A,0,10,Vanity_Fair_1847
Black Sambo,DC,0,10,Vanity_Fair_1847
Black Sambo,DN,0,10,Vanity_Fair_1847
Boggley Wollah,N,0,10,Vanity_Fair_1847
Boggley Wollah,C,0,10,Vanity_Fair_1847
Boggley Wollah,I,0,10,Vanity_Fair_1847
Boggley Wollah,A,0,10,Vanity_Fair_1847
Boggley Wollah,DC,0,10,Vanity_Fair_1847
Boggley Wollah,DN,0,10,Vanity_Fair_1847
Boney,N,0,10,Vanity_Fair_1847
Boney,C,0,10,Vanity_Fair_1847
Boney,I,0,10,Vanity_Fair_1847
Boney,A,0,10,Vanity_Fair_1847
Boney,DC,0,10,Vanity_Fair_1847
Boney,DN,0,10,Vanity_Fair_1847
Briefless,N,0,10,Vanity_Fair_1847
Briefless,C,0,10,Vanity_Fair_1847
Briefless,I,0,10,Vanity_Fair_1847
Briefless,A,0,10,Vanity_Fair_1847
Briefless,DC,0,10,Vanity_Fair_1847
Briefless,DN,0,10,Vanity_Fair_1847
Briggs,N,0,10,Vanity_Fair_1847
Briggs,C,0,10,Vanity_Fair_1847
Briggs,I,0,10,Vanity_Fair_1847
Briggs,A,0,10,Vanity_Fair_1847
Briggs,DC,0,10,Vanity_Fair_1847
Briggs,DN,0,10,Vanity_Fair_1847
Britons,N,0,10,Vanity_Fair_1847
Britons,C,0,10,Vanity_Fair_1847
Britons,I,0,10,Vanity_Fair_1847
Britons,A,0,10,Vanity_Fair_1847
Britons,DC,0,10,Vanity_Fair_1847
Britons,DN,0,10,Vanity_Fair_1847
Bullfinch,N,0,10,Vanity_Fair_1847
Bullfinch,C,0,10,Vanity_Fair_1847
Bullfinch,I,0,10,Vanity_Fair_1847
Bullfinch,A,0,10,Vanity_Fair_1847
Bullfinch,DC,0,10,Vanity_Fair_1847
Bullfinch,DN,0,10,Vanity_Fair_1847
Bute Crawleys,N,0,10,Vanity_Fair_1847
Bute Crawleys,C,0,10,Vanity_Fair_1847
Bute Crawleys,I,0,10,Vanity_Fair_1847
Bute Crawleys,A,0,10,Vanity_Fair_1847
Bute Crawleys,DC,0,10,Vanity_Fair_1847
Bute Crawleys,DN,0,10,Vanity_Fair_1847
Buty,N,0,10,Vanity_Fair_1847
Buty,C,0,10,Vanity_Fair_1847
Buty,I,0,10,Vanity_Fair_1847
Buty,A,0,10,Vanity_Fair_1847
Buty,DC,0,10,Vanity_Fair_1847
Buty,DN,0,10,Vanity_Fair_1847
Cackle,N,0,10,Vanity_Fair_1847
Cackle,C,0,10,Vanity_Fair_1847
Cackle,I,0,10,Vanity_Fair_1847
Cackle,A,0,10,Vanity_Fair_1847
Cackle,DC,0,10,Vanity_Fair_1847
Cackle,DN,0,10,Vanity_Fair_1847
Caliban,N,0,10,Vanity_Fair_1847
Caliban,C,0,10,Vanity_Fair_1847
Caliban,I,0,10,Vanity_Fair_1847
Caliban,A,0,10,Vanity_Fair_1847
Caliban,DC,0,10,Vanity_Fair_1847
Caliban,DN,0,10,Vanity_Fair_1847
Captain Bragg,N,0,10,Vanity_Fair_1847
Captain Bragg,C,0,10,Vanity_Fair_1847
Captain Bragg,I,0,10,Vanity_Fair_1847
Captain Bragg,A,0,10,Vanity_Fair_1847
Captain Bragg,DC,0,10,Vanity_Fair_1847
Captain Bragg,DN,0,10,Vanity_Fair_1847
Captain Dobbin Proceeds,N,0,10,Vanity_Fair_1847
Captain Dobbin Proceeds,C,0,10,Vanity_Fair_1847
Captain Dobbin Proceeds,I,0,10,Vanity_Fair_1847
Captain Dobbin Proceeds,A,0,10,Vanity_Fair_1847
Captain Dobbin Proceeds,DC,0,10,Vanity_Fair_1847
Captain Dobbin Proceeds,DN,0,10,Vanity_Fair_1847
Captain Macmurdo,N,0,10,Vanity_Fair_1847
Captain Macmurdo,C,0,10,Vanity_Fair_1847
Captain Macmurdo,I,0,10,Vanity_Fair_1847
Captain Macmurdo,A,0,10,Vanity_Fair_1847
Captain Macmurdo,DC,0,10,Vanity_Fair_1847
Captain Macmurdo,DN,0,10,Vanity_Fair_1847
Captain Marker,N,0,10,Vanity_Fair_1847
Captain Marker,C,0,10,Vanity_Fair_1847
Captain Marker,I,0,10,Vanity_Fair_1847
Captain Marker,A,0,10,Vanity_Fair_1847
Captain Marker,DC,0,10,Vanity_Fair_1847
Captain Marker,DN,0,10,Vanity_Fair_1847
Clement William,N,0,10,Vanity_Fair_1847
Clement William,C,0,10,Vanity_Fair_1847
Clement William,I,0,10,Vanity_Fair_1847
Clement William,A,0,10,Vanity_Fair_1847
Clement William,DC,0,10,Vanity_Fair_1847
Clement William,DN,0,10,Vanity_Fair_1847
Clytemnestra,N,0,10,Vanity_Fair_1847
Clytemnestra,C,0,10,Vanity_Fair_1847
Clytemnestra,I,0,10,Vanity_Fair_1847
Clytemnestra,A,0,10,Vanity_Fair_1847
Clytemnestra,DC,0,10,Vanity_Fair_1847
Clytemnestra,DN,0,10,Vanity_Fair_1847
Colonel Dobbin,N,4,10,Vanity_Fair_1847
Colonel Dobbin,C,0,10,Vanity_Fair_1847
Colonel Dobbin,I,0,10,Vanity_Fair_1847
Colonel Dobbin,A,6,10,Vanity_Fair_1847
Colonel Dobbin,DC,0,10,Vanity_Fair_1847
Colonel Dobbin,DN,1,10,Vanity_Fair_1847
Crawleys,N,0,10,Vanity_Fair_1847
Crawleys,C,0,10,Vanity_Fair_1847
Crawleys,I,0,10,Vanity_Fair_1847
Crawleys,A,0,10,Vanity_Fair_1847
Crawleys,DC,0,10,Vanity_Fair_1847
Crawleys,DN,0,10,Vanity_Fair_1847
Cuff,N,0,10,Vanity_Fair_1847
Cuff,C,0,10,Vanity_Fair_1847
Cuff,I,0,10,Vanity_Fair_1847
Cuff,A,0,10,Vanity_Fair_1847
Cuff,DC,0,10,Vanity_Fair_1847
Cuff,DN,0,10,Vanity_Fair_1847
Cupid,N,0,10,Vanity_Fair_1847
Cupid,C,0,10,Vanity_Fair_1847
Cupid,I,0,10,Vanity_Fair_1847
Cupid,A,0,10,Vanity_Fair_1847
Cupid,DC,0,10,Vanity_Fair_1847
Cupid,DN,0,10,Vanity_Fair_1847
"DEAR MAMA,--I",N,0,10,Vanity_Fair_1847
"DEAR MAMA,--I",C,0,10,Vanity_Fair_1847
"DEAR MAMA,--I",I,0,10,Vanity_Fair_1847
"DEAR MAMA,--I",A,0,10,Vanity_Fair_1847
"DEAR MAMA,--I",DC,0,10,Vanity_Fair_1847
"DEAR MAMA,--I",DN,0,10,Vanity_Fair_1847
Dammy,N,0,10,Vanity_Fair_1847
Dammy,C,0,10,Vanity_Fair_1847
Dammy,I,0,10,Vanity_Fair_1847
Dammy,A,0,10,Vanity_Fair_1847
Dammy,DC,0,10,Vanity_Fair_1847
Dammy,DN,0,10,Vanity_Fair_1847
Dear Miss Osborne,N,0,10,Vanity_Fair_1847
Dear Miss Osborne,C,0,10,Vanity_Fair_1847
Dear Miss Osborne,I,0,10,Vanity_Fair_1847
Dear Miss Osborne,A,0,10,Vanity_Fair_1847
Dear Miss Osborne,DC,0,10,Vanity_Fair_1847
Dear Miss Osborne,DN,0,10,Vanity_Fair_1847
Dives,N,0,10,Vanity_Fair_1847
Dives,C,0,10,Vanity_Fair_1847
Dives,I,0,10,Vanity_Fair_1847
Dives,A,0,10,Vanity_Fair_1847
Dives,DC,0,10,Vanity_Fair_1847
Dives,DN,0,10,Vanity_Fair_1847
Dob,N,0,10,Vanity_Fair_1847
Dob,C,0,10,Vanity_Fair_1847
Dob,I,0,10,Vanity_Fair_1847
Dob,A,0,10,Vanity_Fair_1847
Dob,DC,0,10,Vanity_Fair_1847
Dob,DN,0,10,Vanity_Fair_1847
Dobbin,N,87,10,Vanity_Fair_1847
Dobbin,C,29,10,Vanity_Fair_1847
Dobbin,I,39,10,Vanity_Fair_1847
Dobbin,A,68,10,Vanity_Fair_1847
Dobbin,DC,19,10,Vanity_Fair_1847
Dobbin,DN,5,10,Vanity_Fair_1847
Doctor Johnson,N,0,10,Vanity_Fair_1847
Doctor Johnson,C,0,10,Vanity_Fair_1847
Doctor Johnson,I,0,10,Vanity_Fair_1847
Doctor Johnson,A,0,10,Vanity_Fair_1847
Doctor Johnson,DC,0,10,Vanity_Fair_1847
Doctor Johnson,DN,0,10,Vanity_Fair_1847
Doctor von Glauber,N,1,10,Vanity_Fair_1847
Doctor von Glauber,C,0,10,Vanity_Fair_1847
Doctor von Glauber,I,0,10,Vanity_Fair_1847
Doctor von Glauber,A,0,10,Vanity_Fair_1847
Doctor von Glauber,DC,0,10,Vanity_Fair_1847
Doctor von Glauber,DN,0,10,Vanity_Fair_1847
Don Juan,N,0,10,Vanity_Fair_1847
Don Juan,C,0,10,Vanity_Fair_1847
Don Juan,I,0,10,Vanity_Fair_1847
Don Juan,A,0,10,Vanity_Fair_1847
Don Juan,DC,0,10,Vanity_Fair_1847
Don Juan,DN,0,10,Vanity_Fair_1847
Dr. Squills,N,0,10,Vanity_Fair_1847
Dr. Squills,C,0,10,Vanity_Fair_1847
Dr. Squills,I,0,10,Vanity_Fair_1847
Dr. Squills,A,0,10,Vanity_Fair_1847
Dr. Squills,DC,0,10,Vanity_Fair_1847
Dr. Squills,DN,0,10,Vanity_Fair_1847
Dr. Swishtail,N,1,10,Vanity_Fair_1847
Dr. Swishtail,C,0,10,Vanity_Fair_1847
Dr. Swishtail,I,0,10,Vanity_Fair_1847
Dr. Swishtail,A,0,10,Vanity_Fair_1847
Dr. Swishtail,DC,1,10,Vanity_Fair_1847
Dr. Swishtail,DN,0,10,Vanity_Fair_1847
Edward Dale,N,0,10,Vanity_Fair_1847
Edward Dale,C,0,10,Vanity_Fair_1847
Edward Dale,I,0,10,Vanity_Fair_1847
Edward Dale,A,0,10,Vanity_Fair_1847
Edward Dale,DC,0,10,Vanity_Fair_1847
Edward Dale,DN,0,10,Vanity_Fair_1847
Emmy,N,71,10,Vanity_Fair_1847
Emmy,C,35,10,Vanity_Fair_1847
Emmy,I,34,10,Vanity_Fair_1847
Emmy,A,50,10,Vanity_Fair_1847
Emmy,DC,10,10,Vanity_Fair_1847
Emmy,DN,8,10,Vanity_Fair_1847
Ensign Stubble,N,0,10,Vanity_Fair_1847
Ensign Stubble,C,0,10,Vanity_Fair_1847
Ensign Stubble,I,0,10,Vanity_Fair_1847
Ensign Stubble,A,0,10,Vanity_Fair_1847
Ensign Stubble,DC,0,10,Vanity_Fair_1847
Ensign Stubble,DN,0,10,Vanity_Fair_1847
Fanny Magenis,N,0,10,Vanity_Fair_1847
Fanny Magenis,C,0,10,Vanity_Fair_1847
Fanny Magenis,I,0,10,Vanity_Fair_1847
Fanny Magenis,A,0,10,Vanity_Fair_1847
Fanny Magenis,DC,0,10,Vanity_Fair_1847
Fanny Magenis,DN,0,10,Vanity_Fair_1847
Father Mole,N,0,10,Vanity_Fair_1847
Father Mole,C,0,10,Vanity_Fair_1847
Father Mole,I,0,10,Vanity_Fair_1847
Father Mole,A,0,10,Vanity_Fair_1847
Father Mole,DC,0,10,Vanity_Fair_1847
Father Mole,DN,0,10,Vanity_Fair_1847
Fidelio,N,0,10,Vanity_Fair_1847
Fidelio,C,0,10,Vanity_Fair_1847
Fidelio,I,0,10,Vanity_Fair_1847
Fidelio,A,0,10,Vanity_Fair_1847
Fidelio,DC,0,10,Vanity_Fair_1847
Fidelio,DN,0,10,Vanity_Fair_1847
Figs,N,0,10,Vanity_Fair_1847
Figs,C,0,10,Vanity_Fair_1847
Figs,I,0,10,Vanity_Fair_1847
Figs,A,0,10,Vanity_Fair_1847
Figs,DC,0,10,Vanity_Fair_1847
Figs,DN,0,10,Vanity_Fair_1847
Firkin,N,0,10,Vanity_Fair_1847
Firkin,C,0,10,Vanity_Fair_1847
Firkin,I,0,10,Vanity_Fair_1847
Firkin,A,0,10,Vanity_Fair_1847
Firkin,DC,0,10,Vanity_Fair_1847
Firkin,DN,0,10,Vanity_Fair_1847
Fitz - Willis,N,0,10,Vanity_Fair_1847
Fitz - Willis,C,0,10,Vanity_Fair_1847
Fitz - Willis,I,0,10,Vanity_Fair_1847
Fitz - Willis,A,0,10,Vanity_Fair_1847
Fitz - Willis,DC,0,10,Vanity_Fair_1847
Fitz - Willis,DN,0,10,Vanity_Fair_1847
Francis,N,8,10,Vanity_Fair_1847
Francis,C,0,10,Vanity_Fair_1847
Francis,I,1,10,Vanity_Fair_1847
Francis,A,4,10,Vanity_Fair_1847
Francis,DC,2,10,Vanity_Fair_1847
Francis,DN,0,10,Vanity_Fair_1847
Fred,N,0,10,Vanity_Fair_1847
Fred,C,0,10,Vanity_Fair_1847
Fred,I,0,10,Vanity_Fair_1847
Fred,A,0,10,Vanity_Fair_1847
Fred,DC,0,10,Vanity_Fair_1847
Fred,DN,0,10,Vanity_Fair_1847
"Frederick Bullock , Esq .",N,0,10,Vanity_Fair_1847
"Frederick Bullock , Esq .",C,0,10,Vanity_Fair_1847
"Frederick Bullock , Esq .",I,0,10,Vanity_Fair_1847
"Frederick Bullock , Esq .",A,0,10,Vanity_Fair_1847
"Frederick Bullock , Esq .",DC,0,10,Vanity_Fair_1847
"Frederick Bullock , Esq .",DN,0,10,Vanity_Fair_1847
Fritz,N,7,10,Vanity_Fair_1847
Fritz,C,6,10,Vanity_Fair_1847
Fritz,I,3,10,Vanity_Fair_1847
Fritz,A,0,10,Vanity_Fair_1847
Fritz,DC,0,10,Vanity_Fair_1847
Fritz,DN,0,10,Vanity_Fair_1847
Gad,N,1,10,Vanity_Fair_1847
Gad,C,0,10,Vanity_Fair_1847
Gad,I,0,10,Vanity_Fair_1847
Gad,A,0,10,Vanity_Fair_1847
Gad,DC,0,10,Vanity_Fair_1847
Gad,DN,0,10,Vanity_Fair_1847
General Tufto,N,0,10,Vanity_Fair_1847
General Tufto,C,0,10,Vanity_Fair_1847
General Tufto,I,0,10,Vanity_Fair_1847
General Tufto,A,0,10,Vanity_Fair_1847
General Tufto,DC,0,10,Vanity_Fair_1847
General Tufto,DN,0,10,Vanity_Fair_1847
George,N,47,10,Vanity_Fair_1847
George,C,4,10,Vanity_Fair_1847
George,I,6,10,Vanity_Fair_1847
George,A,15,10,Vanity_Fair_1847
George,DC,6,10,Vanity_Fair_1847
George,DN,6,10,Vanity_Fair_1847
Georgy,N,30,10,Vanity_Fair_1847
Georgy,C,15,10,Vanity_Fair_1847
Georgy,I,3,10,Vanity_Fair_1847
Georgy,A,23,10,Vanity_Fair_1847
Georgy,DC,3,10,Vanity_Fair_1847
Georgy,DN,1,10,Vanity_Fair_1847
Glorvina,N,5,10,Vanity_Fair_1847
Glorvina,C,0,10,Vanity_Fair_1847
Glorvina,I,0,10,Vanity_Fair_1847
Glorvina,A,1,10,Vanity_Fair_1847
Glorvina,DC,1,10,Vanity_Fair_1847
Glorvina,DN,0,10,Vanity_Fair_1847
God,N,2,10,Vanity_Fair_1847
God,C,0,10,Vanity_Fair_1847
God,I,0,10,Vanity_Fair_1847
God,A,0,10,Vanity_Fair_1847
God,DC,1,10,Vanity_Fair_1847
God,DN,0,10,Vanity_Fair_1847
Grandpapa,N,0,10,Vanity_Fair_1847
Grandpapa,C,0,10,Vanity_Fair_1847
Grandpapa,I,0,10,Vanity_Fair_1847
Grandpapa,A,0,10,Vanity_Fair_1847
Grandpapa,DC,0,10,Vanity_Fair_1847
Grandpapa,DN,0,10,Vanity_Fair_1847
Gulielmo Dobbin,N,0,10,Vanity_Fair_1847
Gulielmo Dobbin,C,0,10,Vanity_Fair_1847
Gulielmo Dobbin,I,0,10,Vanity_Fair_1847
Gulielmo Dobbin,A,0,10,Vanity_Fair_1847
Gulielmo Dobbin,DC,0,10,Vanity_Fair_1847
Gulielmo Dobbin,DN,0,10,Vanity_Fair_1847
H. E.,N,0,10,Vanity_Fair_1847
H. E.,C,0,10,Vanity_Fair_1847
H. E.,I,0,10,Vanity_Fair_1847
H. E.,A,0,10,Vanity_Fair_1847
H. E.,DC,0,10,Vanity_Fair_1847
H. E.,DN,0,10,Vanity_Fair_1847
Heaven,N,2,10,Vanity_Fair_1847
Heaven,C,0,10,Vanity_Fair_1847
Heaven,I,0,10,Vanity_Fair_1847
Heaven,A,0,10,Vanity_Fair_1847
Heaven,DC,1,10,Vanity_Fair_1847
Heaven,DN,0,10,Vanity_Fair_1847
Heavytop,N,0,10,Vanity_Fair_1847
Heavytop,C,0,10,Vanity_Fair_1847
Heavytop,I,0,10,Vanity_Fair_1847
Heavytop,A,0,10,Vanity_Fair_1847
Heavytop,DC,0,10,Vanity_Fair_1847
Heavytop,DN,0,10,Vanity_Fair_1847
Hester,N,0,10,Vanity_Fair_1847
Hester,C,0,10,Vanity_Fair_1847
Hester,I,0,10,Vanity_Fair_1847
Hester,A,0,10,Vanity_Fair_1847
Hester,DC,0,10,Vanity_Fair_1847
Hester,DN,0,10,Vanity_Fair_1847
Hulker,N,0,10,Vanity_Fair_1847
Hulker,C,0,10,Vanity_Fair_1847
Hulker,I,0,10,Vanity_Fair_1847
Hulker,A,0,10,Vanity_Fair_1847
Hulker,DC,0,10,Vanity_Fair_1847
Hulker,DN,0,10,Vanity_Fair_1847
Isidor,N,0,10,Vanity_Fair_1847
Isidor,C,0,10,Vanity_Fair_1847
Isidor,I,0,10,Vanity_Fair_1847
Isidor,A,0,10,Vanity_Fair_1847
Isidor,DC,0,10,Vanity_Fair_1847
Isidor,DN,0,10,Vanity_Fair_1847
Jack,N,0,10,Vanity_Fair_1847
Jack,C,0,10,Vanity_Fair_1847
Jack,I,0,10,Vanity_Fair_1847
Jack,A,0,10,Vanity_Fair_1847
Jack,DC,0,10,Vanity_Fair_1847
Jack,DN,0,10,Vanity_Fair_1847
James,N,0,10,Vanity_Fair_1847
James,C,0,10,Vanity_Fair_1847
James,I,0,10,Vanity_Fair_1847
James,A,0,10,Vanity_Fair_1847
James,DC,0,10,Vanity_Fair_1847
James,DN,0,10,Vanity_Fair_1847
Jenkins,N,0,10,Vanity_Fair_1847
Jenkins,C,0,10,Vanity_Fair_1847
Jenkins,I,0,10,Vanity_Fair_1847
Jenkins,A,0,10,Vanity_Fair_1847
Jenkins,DC,0,10,Vanity_Fair_1847
Jenkins,DN,0,10,Vanity_Fair_1847
Jim,N,0,10,Vanity_Fair_1847
Jim,C,0,10,Vanity_Fair_1847
Jim,I,0,10,Vanity_Fair_1847
Jim,A,0,10,Vanity_Fair_1847
Jim,DC,0,10,Vanity_Fair_1847
Jim,DN,0,10,Vanity_Fair_1847
John,N,0,10,Vanity_Fair_1847
John,C,0,10,Vanity_Fair_1847
John,I,0,10,Vanity_Fair_1847
John,A,0,10,Vanity_Fair_1847
John,DC,0,10,Vanity_Fair_1847
John,DN,0,10,Vanity_Fair_1847
John Osborne,N,0,10,Vanity_Fair_1847
John Osborne,C,0,10,Vanity_Fair_1847
John Osborne,I,0,10,Vanity_Fair_1847
John Osborne,A,0,10,Vanity_Fair_1847
John Osborne,DC,0,10,Vanity_Fair_1847
John Osborne,DN,0,10,Vanity_Fair_1847
John Sedley,N,0,10,Vanity_Fair_1847
John Sedley,C,0,10,Vanity_Fair_1847
John Sedley,I,0,10,Vanity_Fair_1847
John Sedley,A,0,10,Vanity_Fair_1847
John Sedley,DC,0,10,Vanity_Fair_1847
John Sedley,DN,0,10,Vanity_Fair_1847
John of Gaunt,N,0,10,Vanity_Fair_1847
John of Gaunt,C,0,10,Vanity_Fair_1847
John of Gaunt,I,0,10,Vanity_Fair_1847
John of Gaunt,A,0,10,Vanity_Fair_1847
John of Gaunt,DC,0,10,Vanity_Fair_1847
John of Gaunt,DN,0,10,Vanity_Fair_1847
Jones,N,1,10,Vanity_Fair_1847
Jones,C,0,10,Vanity_Fair_1847
Jones,I,0,10,Vanity_Fair_1847
Jones,A,0,10,Vanity_Fair_1847
Jones,DC,0,10,Vanity_Fair_1847
Jones,DN,0,10,Vanity_Fair_1847
Jos,N,91,10,Vanity_Fair_1847
Jos,C,33,10,Vanity_Fair_1847
Jos,I,25,10,Vanity_Fair_1847
Jos,A,46,10,Vanity_Fair_1847
Jos,DC,14,10,Vanity_Fair_1847
Jos,DN,10,10,Vanity_Fair_1847
Jove,N,1,10,Vanity_Fair_1847
Jove,C,0,10,Vanity_Fair_1847
Jove,I,0,10,Vanity_Fair_1847
Jove,A,0,10,Vanity_Fair_1847
Jove,DC,1,10,Vanity_Fair_1847
Jove,DN,0,10,Vanity_Fair_1847
Kirsch,N,2,10,Vanity_Fair_1847
Kirsch,C,0,10,Vanity_Fair_1847
Kirsch,I,0,10,Vanity_Fair_1847
Kirsch,A,0,10,Vanity_Fair_1847
Kirsch,DC,0,10,Vanity_Fair_1847
Kirsch,DN,0,10,Vanity_Fair_1847
Lady Bareacres,N,0,10,Vanity_Fair_1847
Lady Bareacres,C,0,10,Vanity_Fair_1847
Lady Bareacres,I,0,10,Vanity_Fair_1847
Lady Bareacres,A,0,10,Vanity_Fair_1847
Lady Bareacres,DC,0,10,Vanity_Fair_1847
Lady Bareacres,DN,0,10,Vanity_Fair_1847
Lady Blanche,N,0,10,Vanity_Fair_1847
Lady Blanche,C,0,10,Vanity_Fair_1847
Lady Blanche,I,0,10,Vanity_Fair_1847
Lady Blanche,A,0,10,Vanity_Fair_1847
Lady Blanche,DC,0,10,Vanity_Fair_1847
Lady Blanche,DN,0,10,Vanity_Fair_1847
Lady Crackenbury,N,0,10,Vanity_Fair_1847
Lady Crackenbury,C,0,10,Vanity_Fair_1847
Lady Crackenbury,I,0,10,Vanity_Fair_1847
Lady Crackenbury,A,0,10,Vanity_Fair_1847
Lady Crackenbury,DC,0,10,Vanity_Fair_1847
Lady Crackenbury,DN,0,10,Vanity_Fair_1847
Lady Crawley,N,0,10,Vanity_Fair_1847
Lady Crawley,C,0,10,Vanity_Fair_1847
Lady Crawley,I,0,10,Vanity_Fair_1847
Lady Crawley,A,0,10,Vanity_Fair_1847
Lady Crawley,DC,0,10,Vanity_Fair_1847
Lady Crawley,DN,0,10,Vanity_Fair_1847
Lady Dobbin,N,0,10,Vanity_Fair_1847
Lady Dobbin,C,0,10,Vanity_Fair_1847
Lady Dobbin,I,0,10,Vanity_Fair_1847
Lady Dobbin,A,0,10,Vanity_Fair_1847
Lady Dobbin,DC,0,10,Vanity_Fair_1847
Lady Dobbin,DN,0,10,Vanity_Fair_1847
Lady Fuddleston,N,0,10,Vanity_Fair_1847
Lady Fuddleston,C,0,10,Vanity_Fair_1847
Lady Fuddleston,I,0,10,Vanity_Fair_1847
Lady Fuddleston,A,0,10,Vanity_Fair_1847
Lady Fuddleston,DC,0,10,Vanity_Fair_1847
Lady Fuddleston,DN,0,10,Vanity_Fair_1847
Lady Gaunt,N,1,10,Vanity_Fair_1847
Lady Gaunt,C,0,10,Vanity_Fair_1847
Lady Gaunt,I,0,10,Vanity_Fair_1847
Lady Gaunt,A,0,10,Vanity_Fair_1847
Lady Gaunt,DC,0,10,Vanity_Fair_1847
Lady Gaunt,DN,0,10,Vanity_Fair_1847
Lady Jane,N,7,10,Vanity_Fair_1847
Lady Jane,C,0,10,Vanity_Fair_1847
Lady Jane,I,1,10,Vanity_Fair_1847
Lady Jane,A,3,10,Vanity_Fair_1847
Lady Jane,DC,0,10,Vanity_Fair_1847
Lady Jane,DN,0,10,Vanity_Fair_1847
Lady Macbeth,N,1,10,Vanity_Fair_1847
Lady Macbeth,C,0,10,Vanity_Fair_1847
Lady Macbeth,I,0,10,Vanity_Fair_1847
Lady Macbeth,A,1,10,Vanity_Fair_1847
Lady Macbeth,DC,0,10,Vanity_Fair_1847
Lady Macbeth,DN,0,10,Vanity_Fair_1847
Lady Mary Caerlyon,N,0,10,Vanity_Fair_1847
Lady Mary Caerlyon,C,0,10,Vanity_Fair_1847
Lady Mary Caerlyon,I,0,10,Vanity_Fair_1847
Lady Mary Caerlyon,A,0,10,Vanity_Fair_1847
Lady Mary Caerlyon,DC,0,10,Vanity_Fair_1847
Lady Mary Caerlyon,DN,0,10,Vanity_Fair_1847
Lady O'Dowd,N,5,10,Vanity_Fair_1847
Lady O'Dowd,C,0,10,Vanity_Fair_1847
Lady O'Dowd,I,0,10,Vanity_Fair_1847
Lady O'Dowd,A,2,10,Vanity_Fair_1847
Lady O'Dowd,DC,0,10,Vanity_Fair_1847
Lady O'Dowd,DN,1,10,Vanity_Fair_1847
Lady Partlet,N,2,10,Vanity_Fair_1847
Lady Partlet,C,1,10,Vanity_Fair_1847
Lady Partlet,I,0,10,Vanity_Fair_1847
Lady Partlet,A,1,10,Vanity_Fair_1847
Lady Partlet,DC,0,10,Vanity_Fair_1847
Lady Partlet,DN,0,10,Vanity_Fair_1847
Lady Slingstone,N,1,10,Vanity_Fair_1847
Lady Slingstone,C,0,10,Vanity_Fair_1847
Lady Slingstone,I,1,10,Vanity_Fair_1847
Lady Slingstone,A,2,10,Vanity_Fair_1847
Lady Slingstone,DC,0,10,Vanity_Fair_1847
Lady Slingstone,DN,0,10,Vanity_Fair_1847
Lady Southdown,N,0,10,Vanity_Fair_1847
Lady Southdown,C,0,10,Vanity_Fair_1847
Lady Southdown,I,0,10,Vanity_Fair_1847
Lady Southdown,A,0,10,Vanity_Fair_1847
Lady Southdown,DC,0,10,Vanity_Fair_1847
Lady Southdown,DN,0,10,Vanity_Fair_1847
Lady Squeams,N,0,10,Vanity_Fair_1847
Lady Squeams,C,0,10,Vanity_Fair_1847
Lady Squeams,I,0,10,Vanity_Fair_1847
Lady Squeams,A,0,10,Vanity_Fair_1847
Lady Squeams,DC,0,10,Vanity_Fair_1847
Lady Squeams,DN,0,10,Vanity_Fair_1847
Lady Steyne,N,0,10,Vanity_Fair_1847
Lady Steyne,C,0,10,Vanity_Fair_1847
Lady Steyne,I,0,10,Vanity_Fair_1847
Lady Steyne,A,0,10,Vanity_Fair_1847
Lady Steyne,DC,0,10,Vanity_Fair_1847
Lady Steyne,DN,0,10,Vanity_Fair_1847
Laura Martin,N,0,10,Vanity_Fair_1847
Laura Martin,C,0,10,Vanity_Fair_1847
Laura Martin,I,0,10,Vanity_Fair_1847
Laura Martin,A,0,10,Vanity_Fair_1847
Laura Martin,DC,0,10,Vanity_Fair_1847
Laura Martin,DN,0,10,Vanity_Fair_1847
Lazarus,N,0,10,Vanity_Fair_1847
Lazarus,C,0,10,Vanity_Fair_1847
Lazarus,I,0,10,Vanity_Fair_1847
Lazarus,A,0,10,Vanity_Fair_1847
Lazarus,DC,0,10,Vanity_Fair_1847
Lazarus,DN,0,10,Vanity_Fair_1847
Little Bob Suckling,N,3,10,Vanity_Fair_1847
Little Bob Suckling,C,0,10,Vanity_Fair_1847
Little Bob Suckling,I,0,10,Vanity_Fair_1847
Little Bob Suckling,A,2,10,Vanity_Fair_1847
Little Bob Suckling,DC,2,10,Vanity_Fair_1847
Little Bob Suckling,DN,1,10,Vanity_Fair_1847
Little Rawdon,N,0,10,Vanity_Fair_1847
Little Rawdon,C,0,10,Vanity_Fair_1847
Little Rawdon,I,0,10,Vanity_Fair_1847
Little Rawdon,A,0,10,Vanity_Fair_1847
Little Rawdon,DC,0,10,Vanity_Fair_1847
Little Rawdon,DN,0,10,Vanity_Fair_1847
Loll Jewab,N,0,10,Vanity_Fair_1847
Loll Jewab,C,0,10,Vanity_Fair_1847
Loll Jewab,I,0,10,Vanity_Fair_1847
Loll Jewab,A,0,10,Vanity_Fair_1847
Loll Jewab,DC,0,10,Vanity_Fair_1847
Loll Jewab,DN,0,10,Vanity_Fair_1847
Lord Bareacres,N,0,10,Vanity_Fair_1847
Lord Bareacres,C,0,10,Vanity_Fair_1847
Lord Bareacres,I,0,10,Vanity_Fair_1847
Lord Bareacres,A,0,10,Vanity_Fair_1847
Lord Bareacres,DC,0,10,Vanity_Fair_1847
Lord Bareacres,DN,0,10,Vanity_Fair_1847
Lord Binkie,N,0,10,Vanity_Fair_1847
Lord Binkie,C,0,10,Vanity_Fair_1847
Lord Binkie,I,0,10,Vanity_Fair_1847
Lord Binkie,A,0,10,Vanity_Fair_1847
Lord Binkie,DC,0,10,Vanity_Fair_1847
Lord Binkie,DN,0,10,Vanity_Fair_1847
Lord Gaunt,N,0,10,Vanity_Fair_1847
Lord Gaunt,C,0,10,Vanity_Fair_1847
Lord Gaunt,I,0,10,Vanity_Fair_1847
Lord Gaunt,A,0,10,Vanity_Fair_1847
Lord Gaunt,DC,0,10,Vanity_Fair_1847
Lord Gaunt,DN,0,10,Vanity_Fair_1847
Lord Southdown,N,0,10,Vanity_Fair_1847
Lord Southdown,C,0,10,Vanity_Fair_1847
Lord Southdown,I,0,10,Vanity_Fair_1847
Lord Southdown,A,0,10,Vanity_Fair_1847
Lord Southdown,DC,0,10,Vanity_Fair_1847
Lord Southdown,DN,0,10,Vanity_Fair_1847
Lord Steyne,N,12,10,Vanity_Fair_1847
Lord Steyne,C,0,10,Vanity_Fair_1847
Lord Steyne,I,1,10,Vanity_Fair_1847
Lord Steyne,A,4,10,Vanity_Fair_1847
Lord Steyne,DC,2,10,Vanity_Fair_1847
Lord Steyne,DN,2,10,Vanity_Fair_1847
Lord Steyne's,N,1,10,Vanity_Fair_1847
Lord Steyne's,C,0,10,Vanity_Fair_1847
Lord Steyne's,I,0,10,Vanity_Fair_1847
Lord Steyne's,A,2,10,Vanity_Fair_1847
Lord Steyne's,DC,0,10,Vanity_Fair_1847
Lord Steyne's,DN,1,10,Vanity_Fair_1847
Love,N,0,10,Vanity_Fair_1847
Love,C,0,10,Vanity_Fair_1847
Love,I,0,10,Vanity_Fair_1847
Love,A,0,10,Vanity_Fair_1847
Love,DC,0,10,Vanity_Fair_1847
Love,DN,0,10,Vanity_Fair_1847
Ma tante,N,0,10,Vanity_Fair_1847
Ma tante,C,0,10,Vanity_Fair_1847
Ma tante,I,0,10,Vanity_Fair_1847
Ma tante,A,0,10,Vanity_Fair_1847
Ma tante,DC,0,10,Vanity_Fair_1847
Ma tante,DN,0,10,Vanity_Fair_1847
Ma'am,N,0,10,Vanity_Fair_1847
Ma'am,C,0,10,Vanity_Fair_1847
Ma'am,I,0,10,Vanity_Fair_1847
Ma'am,A,0,10,Vanity_Fair_1847
Ma'am,DC,0,10,Vanity_Fair_1847
Ma'am,DN,0,10,Vanity_Fair_1847
Mac,N,0,10,Vanity_Fair_1847
Mac,C,0,10,Vanity_Fair_1847
Mac,I,0,10,Vanity_Fair_1847
Mac,A,0,10,Vanity_Fair_1847
Mac,DC,0,10,Vanity_Fair_1847
Mac,DN,0,10,Vanity_Fair_1847
Macmurdo,N,0,10,Vanity_Fair_1847
Macmurdo,C,0,10,Vanity_Fair_1847
Macmurdo,I,0,10,Vanity_Fair_1847
Macmurdo,A,0,10,Vanity_Fair_1847
Macmurdo,DC,0,10,Vanity_Fair_1847
Macmurdo,DN,0,10,Vanity_Fair_1847
Madame,N,4,10,Vanity_Fair_1847
Madame,C,0,10,Vanity_Fair_1847
Madame,I,2,10,Vanity_Fair_1847
Madame,A,6,10,Vanity_Fair_1847
Madame,DC,3,10,Vanity_Fair_1847
Madame,DN,2,10,Vanity_Fair_1847
Madame Crawley,N,4,10,Vanity_Fair_1847
Madame Crawley,C,0,10,Vanity_Fair_1847
Madame Crawley,I,3,10,Vanity_Fair_1847
Madame Crawley,A,2,10,Vanity_Fair_1847
Madame Crawley,DC,7,10,Vanity_Fair_1847
Madame Crawley,DN,2,10,Vanity_Fair_1847
Madame Lederlung,N,0,10,Vanity_Fair_1847
Madame Lederlung,C,0,10,Vanity_Fair_1847
Madame Lederlung,I,0,10,Vanity_Fair_1847
Madame Lederlung,A,0,10,Vanity_Fair_1847
Madame Lederlung,DC,0,10,Vanity_Fair_1847
Madame Lederlung,DN,0,10,Vanity_Fair_1847
Madame Strumpff,N,2,10,Vanity_Fair_1847
Madame Strumpff,C,0,10,Vanity_Fair_1847
Madame Strumpff,I,0,10,Vanity_Fair_1847
Madame Strumpff,A,0,10,Vanity_Fair_1847
Madame Strumpff,DC,0,10,Vanity_Fair_1847
Madame Strumpff,DN,0,10,Vanity_Fair_1847
Madame de Belladonna,N,5,10,Vanity_Fair_1847
Madame de Belladonna,C,0,10,Vanity_Fair_1847
Madame de Belladonna,I,0,10,Vanity_Fair_1847
Madame de Belladonna,A,2,10,Vanity_Fair_1847
Madame de Belladonna,DC,3,10,Vanity_Fair_1847
Madame de Belladonna,DN,0,10,Vanity_Fair_1847
Madame de Borodino,N,6,10,Vanity_Fair_1847
Madame de Borodino,C,0,10,Vanity_Fair_1847
Madame de Borodino,I,0,10,Vanity_Fair_1847
Madame de Borodino,A,0,10,Vanity_Fair_1847
Madame de Borodino,DC,0,10,Vanity_Fair_1847
Madame de Borodino,DN,0,10,Vanity_Fair_1847
Mademoiselle Fifine,N,0,10,Vanity_Fair_1847
Mademoiselle Fifine,C,0,10,Vanity_Fair_1847
Mademoiselle Fifine,I,0,10,Vanity_Fair_1847
Mademoiselle Fifine,A,0,10,Vanity_Fair_1847
Mademoiselle Fifine,DC,0,10,Vanity_Fair_1847
Mademoiselle Fifine,DN,0,10,Vanity_Fair_1847
Major Loder,N,13,10,Vanity_Fair_1847
Major Loder,C,0,10,Vanity_Fair_1847
Major Loder,I,2,10,Vanity_Fair_1847
Major Loder,A,3,10,Vanity_Fair_1847
Major Loder,DC,6,10,Vanity_Fair_1847
Major Loder,DN,1,10,Vanity_Fair_1847
Major Sugarplums,N,0,10,Vanity_Fair_1847
Major Sugarplums,C,0,10,Vanity_Fair_1847
Major Sugarplums,I,0,10,Vanity_Fair_1847
Major Sugarplums,A,0,10,Vanity_Fair_1847
Major Sugarplums,DC,0,10,Vanity_Fair_1847
Major Sugarplums,DN,0,10,Vanity_Fair_1847
Mamma,N,3,10,Vanity_Fair_1847
Mamma,C,0,10,Vanity_Fair_1847
Mamma,I,1,10,Vanity_Fair_1847
Mamma,A,0,10,Vanity_Fair_1847
Mamma,DC,2,10,Vanity_Fair_1847
Mamma,DN,0,10,Vanity_Fair_1847
Maria,N,0,10,Vanity_Fair_1847
Maria,C,0,10,Vanity_Fair_1847
Maria,I,0,10,Vanity_Fair_1847
Maria,A,0,10,Vanity_Fair_1847
Maria,DC,0,10,Vanity_Fair_1847
Maria,DN,0,10,Vanity_Fair_1847
Master Alderney,N,1,10,Vanity_Fair_1847
Master Alderney,C,0,10,Vanity_Fair_1847
Master Alderney,I,0,10,Vanity_Fair_1847
Master Alderney,A,3,10,Vanity_Fair_1847
Master Alderney,DC,0,10,Vanity_Fair_1847
Master Alderney,DN,2,10,Vanity_Fair_1847
Matilda,N,0,10,Vanity_Fair_1847
Matilda,C,0,10,Vanity_Fair_1847
Matilda,I,0,10,Vanity_Fair_1847
Matilda,A,0,10,Vanity_Fair_1847
Matilda,DC,0,10,Vanity_Fair_1847
Matilda,DN,0,10,Vanity_Fair_1847
Max,N,5,10,Vanity_Fair_1847
Max,C,1,10,Vanity_Fair_1847
Max,I,0,10,Vanity_Fair_1847
Max,A,2,10,Vanity_Fair_1847
Max,DC,1,10,Vanity_Fair_1847
Max,DN,1,10,Vanity_Fair_1847
Mesrour,N,0,10,Vanity_Fair_1847
Mesrour,C,0,10,Vanity_Fair_1847
Mesrour,I,0,10,Vanity_Fair_1847
Mesrour,A,0,10,Vanity_Fair_1847
Mesrour,DC,0,10,Vanity_Fair_1847
Mesrour,DN,0,10,Vanity_Fair_1847
Messrs. Jones,N,0,10,Vanity_Fair_1847
Messrs. Jones,C,0,10,Vanity_Fair_1847
Messrs. Jones,I,0,10,Vanity_Fair_1847
Messrs. Jones,A,0,10,Vanity_Fair_1847
Messrs. Jones,DC,0,10,Vanity_Fair_1847
Messrs. Jones,DN,0,10,Vanity_Fair_1847
Mick,N,0,10,Vanity_Fair_1847
Mick,C,0,10,Vanity_Fair_1847
Mick,I,0,10,Vanity_Fair_1847
Mick,A,0,10,Vanity_Fair_1847
Mick,DC,0,10,Vanity_Fair_1847
Mick,DN,0,10,Vanity_Fair_1847
Milor,N,0,10,Vanity_Fair_1847
Milor,C,0,10,Vanity_Fair_1847
Milor,I,0,10,Vanity_Fair_1847
Milor,A,0,10,Vanity_Fair_1847
Milor,DC,0,10,Vanity_Fair_1847
Milor,DN,0,10,Vanity_Fair_1847
Minerva,N,0,10,Vanity_Fair_1847
Minerva,C,0,10,Vanity_Fair_1847
Minerva,I,0,10,Vanity_Fair_1847
Minerva,A,0,10,Vanity_Fair_1847
Minerva,DC,0,10,Vanity_Fair_1847
Minerva,DN,0,10,Vanity_Fair_1847
Miss,N,0,10,Vanity_Fair_1847
Miss,C,0,10,Vanity_Fair_1847
Miss,I,0,10,Vanity_Fair_1847
Miss,A,0,10,Vanity_Fair_1847
Miss,DC,0,10,Vanity_Fair_1847
Miss,DN,0,10,Vanity_Fair_1847
Miss Ann,N,0,10,Vanity_Fair_1847
Miss Ann,C,0,10,Vanity_Fair_1847
Miss Ann,I,0,10,Vanity_Fair_1847
Miss Ann,A,0,10,Vanity_Fair_1847
Miss Ann,DC,0,10,Vanity_Fair_1847
Miss Ann,DN,0,10,Vanity_Fair_1847
Miss B.,N,0,10,Vanity_Fair_1847
Miss B.,C,0,10,Vanity_Fair_1847
Miss B.,I,0,10,Vanity_Fair_1847
Miss B.,A,0,10,Vanity_Fair_1847
Miss B.,DC,0,10,Vanity_Fair_1847
Miss B.,DN,0,10,Vanity_Fair_1847
Miss Brown,N,0,10,Vanity_Fair_1847
Miss Brown,C,0,10,Vanity_Fair_1847
Miss Brown,I,0,10,Vanity_Fair_1847
Miss Brown,A,0,10,Vanity_Fair_1847
Miss Brown,DC,0,10,Vanity_Fair_1847
Miss Brown,DN,0,10,Vanity_Fair_1847
Miss Clapp,N,0,10,Vanity_Fair_1847
Miss Clapp,C,0,10,Vanity_Fair_1847
Miss Clapp,I,0,10,Vanity_Fair_1847
Miss Clapp,A,0,10,Vanity_Fair_1847
Miss Clapp,DC,0,10,Vanity_Fair_1847
Miss Clapp,DN,0,10,Vanity_Fair_1847
Miss Crawley,N,1,10,Vanity_Fair_1847
Miss Crawley,C,0,10,Vanity_Fair_1847
Miss Crawley,I,0,10,Vanity_Fair_1847
Miss Crawley,A,1,10,Vanity_Fair_1847
Miss Crawley,DC,0,10,Vanity_Fair_1847
Miss Crawley,DN,0,10,Vanity_Fair_1847
Miss Hawky,N,0,10,Vanity_Fair_1847
Miss Hawky,C,0,10,Vanity_Fair_1847
Miss Hawky,I,0,10,Vanity_Fair_1847
Miss Hawky,A,0,10,Vanity_Fair_1847
Miss Hawky,DC,0,10,Vanity_Fair_1847
Miss Hawky,DN,0,10,Vanity_Fair_1847
Miss Horrocks,N,0,10,Vanity_Fair_1847
Miss Horrocks,C,0,10,Vanity_Fair_1847
Miss Horrocks,I,0,10,Vanity_Fair_1847
Miss Horrocks,A,0,10,Vanity_Fair_1847
Miss Horrocks,DC,0,10,Vanity_Fair_1847
Miss Horrocks,DN,0,10,Vanity_Fair_1847
Miss MacWhirter,N,0,10,Vanity_Fair_1847
Miss MacWhirter,C,0,10,Vanity_Fair_1847
Miss MacWhirter,I,0,10,Vanity_Fair_1847
Miss MacWhirter,A,0,10,Vanity_Fair_1847
Miss MacWhirter,DC,0,10,Vanity_Fair_1847
Miss MacWhirter,DN,0,10,Vanity_Fair_1847
Miss Malony,N,0,10,Vanity_Fair_1847
Miss Malony,C,0,10,Vanity_Fair_1847
Miss Malony,I,0,10,Vanity_Fair_1847
Miss Malony,A,0,10,Vanity_Fair_1847
Miss Malony,DC,0,10,Vanity_Fair_1847
Miss Malony,DN,0,10,Vanity_Fair_1847
Miss Moss,N,0,10,Vanity_Fair_1847
Miss Moss,C,0,10,Vanity_Fair_1847
Miss Moss,I,0,10,Vanity_Fair_1847
Miss Moss,A,0,10,Vanity_Fair_1847
Miss Moss,DC,0,10,Vanity_Fair_1847
Miss Moss,DN,0,10,Vanity_Fair_1847
Miss O.,N,0,10,Vanity_Fair_1847
Miss O.,C,0,10,Vanity_Fair_1847
Miss O.,I,0,10,Vanity_Fair_1847
Miss O.,A,0,10,Vanity_Fair_1847
Miss O.,DC,0,10,Vanity_Fair_1847
Miss O.,DN,0,10,Vanity_Fair_1847
Miss Osborne,N,0,10,Vanity_Fair_1847
Miss Osborne,C,0,10,Vanity_Fair_1847
Miss Osborne,I,0,10,Vanity_Fair_1847
Miss Osborne,A,0,10,Vanity_Fair_1847
Miss Osborne,DC,0,10,Vanity_Fair_1847
Miss Osborne,DN,0,10,Vanity_Fair_1847
Miss Pinkerton,N,0,10,Vanity_Fair_1847
Miss Pinkerton,C,0,10,Vanity_Fair_1847
Miss Pinkerton,I,0,10,Vanity_Fair_1847
Miss Pinkerton,A,0,10,Vanity_Fair_1847
Miss Pinkerton,DC,0,10,Vanity_Fair_1847
Miss Pinkerton,DN,0,10,Vanity_Fair_1847
Miss Polly,N,0,10,Vanity_Fair_1847
Miss Polly,C,0,10,Vanity_Fair_1847
Miss Polly,I,0,10,Vanity_Fair_1847
Miss Polly,A,0,10,Vanity_Fair_1847
Miss Polly,DC,0,10,Vanity_Fair_1847
Miss Polly,DN,0,10,Vanity_Fair_1847
Miss Saltire,N,0,10,Vanity_Fair_1847
Miss Saltire,C,0,10,Vanity_Fair_1847
Miss Saltire,I,0,10,Vanity_Fair_1847
Miss Saltire,A,0,10,Vanity_Fair_1847
Miss Saltire,DC,0,10,Vanity_Fair_1847
Miss Saltire,DN,0,10,Vanity_Fair_1847
Miss Swartz,N,0,10,Vanity_Fair_1847
Miss Swartz,C,0,10,Vanity_Fair_1847
Miss Swartz,I,0,10,Vanity_Fair_1847
Miss Swartz,A,0,10,Vanity_Fair_1847
Miss Swartz,DC,0,10,Vanity_Fair_1847
Miss Swartz,DN,0,10,Vanity_Fair_1847
Miss Toady,N,0,10,Vanity_Fair_1847
Miss Toady,C,0,10,Vanity_Fair_1847
Miss Toady,I,0,10,Vanity_Fair_1847
Miss Toady,A,0,10,Vanity_Fair_1847
Miss Toady,DC,0,10,Vanity_Fair_1847
Miss Toady,DN,0,10,Vanity_Fair_1847
Miss Violet,N,0,10,Vanity_Fair_1847
Miss Violet,C,0,10,Vanity_Fair_1847
Miss Violet,I,0,10,Vanity_Fair_1847
Miss Violet,A,0,10,Vanity_Fair_1847
Miss Violet,DC,0,10,Vanity_Fair_1847
Miss Violet,DN,0,10,Vanity_Fair_1847
Miss Wirt,N,0,10,Vanity_Fair_1847
Miss Wirt,C,0,10,Vanity_Fair_1847
Miss Wirt,I,0,10,Vanity_Fair_1847
Miss Wirt,A,0,10,Vanity_Fair_1847
Miss Wirt,DC,0,10,Vanity_Fair_1847
Miss Wirt,DN,0,10,Vanity_Fair_1847
Molly,N,0,10,Vanity_Fair_1847
Molly,C,0,10,Vanity_Fair_1847
Molly,I,0,10,Vanity_Fair_1847
Molly,A,0,10,Vanity_Fair_1847
Molly,DC,0,10,Vanity_Fair_1847
Molly,DN,0,10,Vanity_Fair_1847
Monseigneur,N,3,10,Vanity_Fair_1847
Monseigneur,C,0,10,Vanity_Fair_1847
Monseigneur,I,0,10,Vanity_Fair_1847
Monseigneur,A,2,10,Vanity_Fair_1847
Monseigneur,DC,4,10,Vanity_Fair_1847
Monseigneur,DN,0,10,Vanity_Fair_1847
Monsieur Fiche,N,5,10,Vanity_Fair_1847
Monsieur Fiche,C,3,10,Vanity_Fair_1847
Monsieur Fiche,I,1,10,Vanity_Fair_1847
Monsieur Fiche,A,0,10,Vanity_Fair_1847
Monsieur Fiche,DC,0,10,Vanity_Fair_1847
Monsieur Fiche,DN,0,10,Vanity_Fair_1847
Mother,N,1,10,Vanity_Fair_1847
Mother,C,0,10,Vanity_Fair_1847
Mother,I,0,10,Vanity_Fair_1847
Mother,A,0,10,Vanity_Fair_1847
Mother,DC,0,10,Vanity_Fair_1847
Mother,DN,0,10,Vanity_Fair_1847
Mr. Binny,N,0,10,Vanity_Fair_1847
Mr. Binny,C,0,10,Vanity_Fair_1847
Mr. Binny,I,0,10,Vanity_Fair_1847
Mr. Binny,A,0,10,Vanity_Fair_1847
Mr. Binny,DC,0,10,Vanity_Fair_1847
Mr. Binny,DN,0,10,Vanity_Fair_1847
Mr. Bowls,N,0,10,Vanity_Fair_1847
Mr. Bowls,C,0,10,Vanity_Fair_1847
Mr. Bowls,I,0,10,Vanity_Fair_1847
Mr. Bowls,A,0,10,Vanity_Fair_1847
Mr. Bowls,DC,0,10,Vanity_Fair_1847
Mr. Bowls,DN,0,10,Vanity_Fair_1847
Mr. Brown,N,0,10,Vanity_Fair_1847
Mr. Brown,C,0,10,Vanity_Fair_1847
Mr. Brown,I,0,10,Vanity_Fair_1847
Mr. Brown,A,0,10,Vanity_Fair_1847
Mr. Brown,DC,0,10,Vanity_Fair_1847
Mr. Brown,DN,0,10,Vanity_Fair_1847
Mr. Bullock,N,0,10,Vanity_Fair_1847
Mr. Bullock,C,0,10,Vanity_Fair_1847
Mr. Bullock,I,0,10,Vanity_Fair_1847
Mr. Bullock,A,0,10,Vanity_Fair_1847
Mr. Bullock,DC,0,10,Vanity_Fair_1847
Mr. Bullock,DN,0,10,Vanity_Fair_1847
Mr. Chopper,N,0,10,Vanity_Fair_1847
Mr. Chopper,C,0,10,Vanity_Fair_1847
Mr. Chopper,I,0,10,Vanity_Fair_1847
Mr. Chopper,A,0,10,Vanity_Fair_1847
Mr. Chopper,DC,0,10,Vanity_Fair_1847
Mr. Chopper,DN,0,10,Vanity_Fair_1847
Mr. Clapp,N,0,10,Vanity_Fair_1847
Mr. Clapp,C,0,10,Vanity_Fair_1847
Mr. Clapp,I,0,10,Vanity_Fair_1847
Mr. Clapp,A,0,10,Vanity_Fair_1847
Mr. Clapp,DC,0,10,Vanity_Fair_1847
Mr. Clapp,DN,0,10,Vanity_Fair_1847
Mr. Clump,N,0,10,Vanity_Fair_1847
Mr. Clump,C,0,10,Vanity_Fair_1847
Mr. Clump,I,0,10,Vanity_Fair_1847
Mr. Clump,A,0,10,Vanity_Fair_1847
Mr. Clump,DC,0,10,Vanity_Fair_1847
Mr. Clump,DN,0,10,Vanity_Fair_1847
Mr. Crawley,N,0,10,Vanity_Fair_1847
Mr. Crawley,C,0,10,Vanity_Fair_1847
Mr. Crawley,I,0,10,Vanity_Fair_1847
Mr. Crawley,A,0,10,Vanity_Fair_1847
Mr. Crawley,DC,0,10,Vanity_Fair_1847
Mr. Crawley,DN,0,10,Vanity_Fair_1847
Mr. Creamer,N,0,10,Vanity_Fair_1847
Mr. Creamer,C,0,10,Vanity_Fair_1847
Mr. Creamer,I,0,10,Vanity_Fair_1847
Mr. Creamer,A,0,10,Vanity_Fair_1847
Mr. Creamer,DC,0,10,Vanity_Fair_1847
Mr. Creamer,DN,0,10,Vanity_Fair_1847
Mr. Crisp,N,0,10,Vanity_Fair_1847
Mr. Crisp,C,0,10,Vanity_Fair_1847
Mr. Crisp,I,0,10,Vanity_Fair_1847
Mr. Crisp,A,0,10,Vanity_Fair_1847
Mr. Crisp,DC,0,10,Vanity_Fair_1847
Mr. Crisp,DN,0,10,Vanity_Fair_1847
Mr. Eagles,N,3,10,Vanity_Fair_1847
Mr. Eagles,C,0,10,Vanity_Fair_1847
Mr. Eagles,I,0,10,Vanity_Fair_1847
Mr. Eagles,A,1,10,Vanity_Fair_1847
Mr. Eagles,DC,1,10,Vanity_Fair_1847
Mr. Eagles,DN,1,10,Vanity_Fair_1847
Mr. Eaves,N,2,10,Vanity_Fair_1847
Mr. Eaves,C,0,10,Vanity_Fair_1847
Mr. Eaves,I,0,10,Vanity_Fair_1847
Mr. Eaves,A,0,10,Vanity_Fair_1847
Mr. Eaves,DC,0,10,Vanity_Fair_1847
Mr. Eaves,DN,1,10,Vanity_Fair_1847
Mr. Fiche,N,1,10,Vanity_Fair_1847
Mr. Fiche,C,2,10,Vanity_Fair_1847
Mr. Fiche,I,1,10,Vanity_Fair_1847
Mr. Fiche,A,2,10,Vanity_Fair_1847
Mr. Fiche,DC,0,10,Vanity_Fair_1847
Mr. Fiche,DN,0,10,Vanity_Fair_1847
Mr. Fox,N,0,10,Vanity_Fair_1847
Mr. Fox,C,0,10,Vanity_Fair_1847
Mr. Fox,I,0,10,Vanity_Fair_1847
Mr. Fox,A,0,10,Vanity_Fair_1847
Mr. Fox,DC,0,10,Vanity_Fair_1847
Mr. Fox,DN,0,10,Vanity_Fair_1847
Mr. Hammerdown,N,0,10,Vanity_Fair_1847
Mr. Hammerdown,C,0,10,Vanity_Fair_1847
Mr. Hammerdown,I,0,10,Vanity_Fair_1847
Mr. Hammerdown,A,0,10,Vanity_Fair_1847
Mr. Hammerdown,DC,0,10,Vanity_Fair_1847
Mr. Hammerdown,DN,0,10,Vanity_Fair_1847
Mr. Higgs,N,0,10,Vanity_Fair_1847
Mr. Higgs,C,0,10,Vanity_Fair_1847
Mr. Higgs,I,0,10,Vanity_Fair_1847
Mr. Higgs,A,0,10,Vanity_Fair_1847
Mr. Higgs,DC,0,10,Vanity_Fair_1847
Mr. Higgs,DN,0,10,Vanity_Fair_1847
Mr. Hodson,N,0,10,Vanity_Fair_1847
Mr. Hodson,C,0,10,Vanity_Fair_1847
Mr. Hodson,I,0,10,Vanity_Fair_1847
Mr. Hodson,A,0,10,Vanity_Fair_1847
Mr. Hodson,DC,0,10,Vanity_Fair_1847
Mr. Hodson,DN,0,10,Vanity_Fair_1847
Mr. Horrocks,N,0,10,Vanity_Fair_1847
Mr. Horrocks,C,0,10,Vanity_Fair_1847
Mr. Horrocks,I,0,10,Vanity_Fair_1847
Mr. Horrocks,A,0,10,Vanity_Fair_1847
Mr. Horrocks,DC,0,10,Vanity_Fair_1847
Mr. Horrocks,DN,0,10,Vanity_Fair_1847
Mr. Humphrey Clinker,N,0,10,Vanity_Fair_1847
Mr. Humphrey Clinker,C,0,10,Vanity_Fair_1847
Mr. Humphrey Clinker,I,0,10,Vanity_Fair_1847
Mr. Humphrey Clinker,A,0,10,Vanity_Fair_1847
Mr. Humphrey Clinker,DC,0,10,Vanity_Fair_1847
Mr. Humphrey Clinker,DN,0,10,Vanity_Fair_1847
Mr. John Thomas Dawson,N,0,10,Vanity_Fair_1847
Mr. John Thomas Dawson,C,0,10,Vanity_Fair_1847
Mr. John Thomas Dawson,I,0,10,Vanity_Fair_1847
Mr. John Thomas Dawson,A,0,10,Vanity_Fair_1847
Mr. John Thomas Dawson,DC,0,10,Vanity_Fair_1847
Mr. John Thomas Dawson,DN,0,10,Vanity_Fair_1847
Mr. Lewis,N,0,10,Vanity_Fair_1847
Mr. Lewis,C,0,10,Vanity_Fair_1847
Mr. Lewis,I,0,10,Vanity_Fair_1847
Mr. Lewis,A,0,10,Vanity_Fair_1847
Mr. Lewis,DC,0,10,Vanity_Fair_1847
Mr. Lewis,DN,0,10,Vanity_Fair_1847
Mr. Moss,N,0,10,Vanity_Fair_1847
Mr. Moss,C,0,10,Vanity_Fair_1847
Mr. Moss,I,0,10,Vanity_Fair_1847
Mr. Moss,A,0,10,Vanity_Fair_1847
Mr. Moss,DC,0,10,Vanity_Fair_1847
Mr. Moss,DN,0,10,Vanity_Fair_1847
Mr. Osborne,N,0,10,Vanity_Fair_1847
Mr. Osborne,C,0,10,Vanity_Fair_1847
Mr. Osborne,I,0,10,Vanity_Fair_1847
Mr. Osborne,A,0,10,Vanity_Fair_1847
Mr. Osborne,DC,0,10,Vanity_Fair_1847
Mr. Osborne,DN,0,10,Vanity_Fair_1847
Mr. Pestler,N,0,10,Vanity_Fair_1847
Mr. Pestler,C,0,10,Vanity_Fair_1847
Mr. Pestler,I,0,10,Vanity_Fair_1847
Mr. Pestler,A,0,10,Vanity_Fair_1847
Mr. Pestler,DC,0,10,Vanity_Fair_1847
Mr. Pestler,DN,0,10,Vanity_Fair_1847
Mr. Poe,N,0,10,Vanity_Fair_1847
Mr. Poe,C,0,10,Vanity_Fair_1847
Mr. Poe,I,0,10,Vanity_Fair_1847
Mr. Poe,A,0,10,Vanity_Fair_1847
Mr. Poe,DC,0,10,Vanity_Fair_1847
Mr. Poe,DN,0,10,Vanity_Fair_1847
Mr. Rowson,N,0,10,Vanity_Fair_1847
Mr. Rowson,C,0,10,Vanity_Fair_1847
Mr. Rowson,I,0,10,Vanity_Fair_1847
Mr. Rowson,A,0,10,Vanity_Fair_1847
Mr. Rowson,DC,0,10,Vanity_Fair_1847
Mr. Rowson,DN,0,10,Vanity_Fair_1847
Mr. S.,N,0,10,Vanity_Fair_1847
Mr. S.,C,0,10,Vanity_Fair_1847
Mr. S.,I,0,10,Vanity_Fair_1847
Mr. S.,A,0,10,Vanity_Fair_1847
Mr. S.,DC,0,10,Vanity_Fair_1847
Mr. S.,DN,0,10,Vanity_Fair_1847
Mr. Smee,N,0,10,Vanity_Fair_1847
Mr. Smee,C,0,10,Vanity_Fair_1847
Mr. Smee,I,0,10,Vanity_Fair_1847
Mr. Smee,A,0,10,Vanity_Fair_1847
Mr. Smee,DC,0,10,Vanity_Fair_1847
Mr. Smee,DN,0,10,Vanity_Fair_1847
Mr. Stubble,N,0,10,Vanity_Fair_1847
Mr. Stubble,C,0,10,Vanity_Fair_1847
Mr. Stubble,I,0,10,Vanity_Fair_1847
Mr. Stubble,A,0,10,Vanity_Fair_1847
Mr. Stubble,DC,0,10,Vanity_Fair_1847
Mr. Stubble,DN,0,10,Vanity_Fair_1847
Mr. Trotter,N,0,10,Vanity_Fair_1847
Mr. Trotter,C,0,10,Vanity_Fair_1847
Mr. Trotter,I,0,10,Vanity_Fair_1847
Mr. Trotter,A,0,10,Vanity_Fair_1847
Mr. Trotter,DC,0,10,Vanity_Fair_1847
Mr. Trotter,DN,0,10,Vanity_Fair_1847
Mr. Veal,N,0,10,Vanity_Fair_1847
Mr. Veal,C,0,10,Vanity_Fair_1847
Mr. Veal,I,0,10,Vanity_Fair_1847
Mr. Veal,A,0,10,Vanity_Fair_1847
Mr. Veal,DC,0,10,Vanity_Fair_1847
Mr. Veal,DN,0,10,Vanity_Fair_1847
Mr. Wagg,N,1,10,Vanity_Fair_1847
Mr. Wagg,C,3,10,Vanity_Fair_1847
Mr. Wagg,I,0,10,Vanity_Fair_1847
Mr. Wagg,A,0,10,Vanity_Fair_1847
Mr. Wagg,DC,0,10,Vanity_Fair_1847
Mr. Wagg,DN,0,10,Vanity_Fair_1847
Mr. Wenham,N,5,10,Vanity_Fair_1847
Mr. Wenham,C,0,10,Vanity_Fair_1847
Mr. Wenham,I,0,10,Vanity_Fair_1847
Mr. Wenham,A,0,10,Vanity_Fair_1847
Mr. Wenham,DC,0,10,Vanity_Fair_1847
Mr. Wenham,DN,1,10,Vanity_Fair_1847
Mr. Wilberforce,N,0,10,Vanity_Fair_1847
Mr. Wilberforce,C,0,10,Vanity_Fair_1847
Mr. Wilberforce,I,0,10,Vanity_Fair_1847
Mr. Wilberforce,A,0,10,Vanity_Fair_1847
Mr. Wilberforce,DC,0,10,Vanity_Fair_1847
Mr. Wilberforce,DN,0,10,Vanity_Fair_1847
Mrs.,N,1,10,Vanity_Fair_1847
Mrs.,C,1,10,Vanity_Fair_1847
Mrs.,I,0,10,Vanity_Fair_1847
Mrs.,A,1,10,Vanity_Fair_1847
Mrs.,DC,0,10,Vanity_Fair_1847
Mrs.,DN,1,10,Vanity_Fair_1847
Mrs. Blenkinsop,N,0,10,Vanity_Fair_1847
Mrs. Blenkinsop,C,0,10,Vanity_Fair_1847
Mrs. Blenkinsop,I,0,10,Vanity_Fair_1847
Mrs. Blenkinsop,A,0,10,Vanity_Fair_1847
Mrs. Blenkinsop,DC,0,10,Vanity_Fair_1847
Mrs. Blenkinsop,DN,0,10,Vanity_Fair_1847
Mrs. Bowls,N,0,10,Vanity_Fair_1847
Mrs. Bowls,C,0,10,Vanity_Fair_1847
Mrs. Bowls,I,0,10,Vanity_Fair_1847
Mrs. Bowls,A,0,10,Vanity_Fair_1847
Mrs. Bowls,DC,0,10,Vanity_Fair_1847
Mrs. Bowls,DN,0,10,Vanity_Fair_1847
Mrs. Brown,N,0,10,Vanity_Fair_1847
Mrs. Brown,C,0,10,Vanity_Fair_1847
Mrs. Brown,I,0,10,Vanity_Fair_1847
Mrs. Brown,A,0,10,Vanity_Fair_1847
Mrs. Brown,DC,0,10,Vanity_Fair_1847
Mrs. Brown,DN,0,10,Vanity_Fair_1847
Mrs. Burjoice,N,1,10,Vanity_Fair_1847
Mrs. Burjoice,C,0,10,Vanity_Fair_1847
Mrs. Burjoice,I,0,10,Vanity_Fair_1847
Mrs. Burjoice,A,1,10,Vanity_Fair_1847
Mrs. Burjoice,DC,0,10,Vanity_Fair_1847
Mrs. Burjoice,DN,0,10,Vanity_Fair_1847
Mrs. Bute,N,0,10,Vanity_Fair_1847
Mrs. Bute,C,0,10,Vanity_Fair_1847
Mrs. Bute,I,0,10,Vanity_Fair_1847
Mrs. Bute,A,0,10,Vanity_Fair_1847
Mrs. Bute,DC,0,10,Vanity_Fair_1847
Mrs. Bute,DN,0,10,Vanity_Fair_1847
Mrs. Captain Osborne,N,0,10,Vanity_Fair_1847
Mrs. Captain Osborne,C,0,10,Vanity_Fair_1847
Mrs. Captain Osborne,I,0,10,Vanity_Fair_1847
Mrs. Captain Osborne,A,0,10,Vanity_Fair_1847
Mrs. Captain Osborne,DC,0,10,Vanity_Fair_1847
Mrs. Captain Osborne,DN,0,10,Vanity_Fair_1847
Mrs. Clapp,N,0,10,Vanity_Fair_1847
Mrs. Clapp,C,0,10,Vanity_Fair_1847
Mrs. Clapp,I,0,10,Vanity_Fair_1847
Mrs. Clapp,A,0,10,Vanity_Fair_1847
Mrs. Clapp,DC,0,10,Vanity_Fair_1847
Mrs. Clapp,DN,0,10,Vanity_Fair_1847
Mrs. Cook,N,0,10,Vanity_Fair_1847
Mrs. Cook,C,0,10,Vanity_Fair_1847
Mrs. Cook,I,0,10,Vanity_Fair_1847
Mrs. Cook,A,0,10,Vanity_Fair_1847
Mrs. Cook,DC,0,10,Vanity_Fair_1847
Mrs. Cook,DN,0,10,Vanity_Fair_1847
Mrs. Dobbin,N,2,10,Vanity_Fair_1847
Mrs. Dobbin,C,0,10,Vanity_Fair_1847
Mrs. Dobbin,I,0,10,Vanity_Fair_1847
Mrs. Dobbin,A,0,10,Vanity_Fair_1847
Mrs. Dobbin,DC,0,10,Vanity_Fair_1847
Mrs. Dobbin,DN,0,10,Vanity_Fair_1847
Mrs. Eagles,N,4,10,Vanity_Fair_1847
Mrs. Eagles,C,1,10,Vanity_Fair_1847
Mrs. Eagles,I,3,10,Vanity_Fair_1847
Mrs. Eagles,A,0,10,Vanity_Fair_1847
Mrs. Eagles,DC,0,10,Vanity_Fair_1847
Mrs. Eagles,DN,0,10,Vanity_Fair_1847
Mrs. Frederick Bullock,N,0,10,Vanity_Fair_1847
Mrs. Frederick Bullock,C,0,10,Vanity_Fair_1847
Mrs. Frederick Bullock,I,0,10,Vanity_Fair_1847
Mrs. Frederick Bullock,A,0,10,Vanity_Fair_1847
Mrs. Frederick Bullock,DC,0,10,Vanity_Fair_1847
Mrs. Frederick Bullock,DN,0,10,Vanity_Fair_1847
Mrs. Glowry,N,0,10,Vanity_Fair_1847
Mrs. Glowry,C,0,10,Vanity_Fair_1847
Mrs. Glowry,I,0,10,Vanity_Fair_1847
Mrs. Glowry,A,0,10,Vanity_Fair_1847
Mrs. Glowry,DC,0,10,Vanity_Fair_1847
Mrs. Glowry,DN,0,10,Vanity_Fair_1847
Mrs. Haggistoun,N,0,10,Vanity_Fair_1847
Mrs. Haggistoun,C,0,10,Vanity_Fair_1847
Mrs. Haggistoun,I,0,10,Vanity_Fair_1847
Mrs. Haggistoun,A,0,10,Vanity_Fair_1847
Mrs. Haggistoun,DC,0,10,Vanity_Fair_1847
Mrs. Haggistoun,DN,0,10,Vanity_Fair_1847
Mrs. Kirk,N,0,10,Vanity_Fair_1847
Mrs. Kirk,C,0,10,Vanity_Fair_1847
Mrs. Kirk,I,0,10,Vanity_Fair_1847
Mrs. Kirk,A,0,10,Vanity_Fair_1847
Mrs. Kirk,DC,0,10,Vanity_Fair_1847
Mrs. Kirk,DN,0,10,Vanity_Fair_1847
Mrs. Magenis,N,0,10,Vanity_Fair_1847
Mrs. Magenis,C,0,10,Vanity_Fair_1847
Mrs. Magenis,I,0,10,Vanity_Fair_1847
Mrs. Magenis,A,0,10,Vanity_Fair_1847
Mrs. Magenis,DC,0,10,Vanity_Fair_1847
Mrs. Magenis,DN,0,10,Vanity_Fair_1847
Mrs. O'Dowd,N,0,10,Vanity_Fair_1847
Mrs. O'Dowd,C,0,10,Vanity_Fair_1847
Mrs. O'Dowd,I,0,10,Vanity_Fair_1847
Mrs. O'Dowd,A,0,10,Vanity_Fair_1847
Mrs. O'Dowd,DC,0,10,Vanity_Fair_1847
Mrs. O'Dowd,DN,0,10,Vanity_Fair_1847
Mrs. O.,N,0,10,Vanity_Fair_1847
Mrs. O.,C,0,10,Vanity_Fair_1847
Mrs. O.,I,0,10,Vanity_Fair_1847
Mrs. O.,A,0,10,Vanity_Fair_1847
Mrs. O.,DC,0,10,Vanity_Fair_1847
Mrs. O.,DN,0,10,Vanity_Fair_1847
Mrs. Pilkington,N,0,10,Vanity_Fair_1847
Mrs. Pilkington,C,0,10,Vanity_Fair_1847
Mrs. Pilkington,I,0,10,Vanity_Fair_1847
Mrs. Pilkington,A,0,10,Vanity_Fair_1847
Mrs. Pilkington,DC,0,10,Vanity_Fair_1847
Mrs. Pilkington,DN,0,10,Vanity_Fair_1847
Mrs. Raggles,N,0,10,Vanity_Fair_1847
Mrs. Raggles,C,0,10,Vanity_Fair_1847
Mrs. Raggles,I,0,10,Vanity_Fair_1847
Mrs. Raggles,A,0,10,Vanity_Fair_1847
Mrs. Raggles,DC,0,10,Vanity_Fair_1847
Mrs. Raggles,DN,0,10,Vanity_Fair_1847
Mrs. Sedley,N,0,10,Vanity_Fair_1847
Mrs. Sedley,C,0,10,Vanity_Fair_1847
Mrs. Sedley,I,0,10,Vanity_Fair_1847
Mrs. Sedley,A,0,10,Vanity_Fair_1847
Mrs. Sedley,DC,0,10,Vanity_Fair_1847
Mrs. Sedley,DN,0,10,Vanity_Fair_1847
Mrs. Stokes,N,0,10,Vanity_Fair_1847
Mrs. Stokes,C,0,10,Vanity_Fair_1847
Mrs. Stokes,I,0,10,Vanity_Fair_1847
Mrs. Stokes,A,0,10,Vanity_Fair_1847
Mrs. Stokes,DC,0,10,Vanity_Fair_1847
Mrs. Stokes,DN,0,10,Vanity_Fair_1847
Mrs. Todd,N,0,10,Vanity_Fair_1847
Mrs. Todd,C,0,10,Vanity_Fair_1847
Mrs. Todd,I,0,10,Vanity_Fair_1847
Mrs. Todd,A,0,10,Vanity_Fair_1847
Mrs. Todd,DC,0,10,Vanity_Fair_1847
Mrs. Todd,DN,0,10,Vanity_Fair_1847
Mrs. Veal,N,0,10,Vanity_Fair_1847
Mrs. Veal,C,0,10,Vanity_Fair_1847
Mrs. Veal,I,0,10,Vanity_Fair_1847
Mrs. Veal,A,0,10,Vanity_Fair_1847
Mrs. Veal,DC,0,10,Vanity_Fair_1847
Mrs. Veal,DN,0,10,Vanity_Fair_1847
Mrs. Washington White,N,2,10,Vanity_Fair_1847
Mrs. Washington White,C,0,10,Vanity_Fair_1847
Mrs. Washington White,I,0,10,Vanity_Fair_1847
Mrs. Washington White,A,0,10,Vanity_Fair_1847
Mrs. Washington White,DC,0,10,Vanity_Fair_1847
Mrs. Washington White,DN,0,10,Vanity_Fair_1847
Mrs. Wenham,N,0,10,Vanity_Fair_1847
Mrs. Wenham,C,0,10,Vanity_Fair_1847
Mrs. Wenham,I,0,10,Vanity_Fair_1847
Mrs. Wenham,A,0,10,Vanity_Fair_1847
Mrs. Wenham,DC,0,10,Vanity_Fair_1847
Mrs. Wenham,DN,0,10,Vanity_Fair_1847
Mrs. Winkworth,N,0,10,Vanity_Fair_1847
Mrs. Winkworth,C,0,10,Vanity_Fair_1847
Mrs. Winkworth,I,0,10,Vanity_Fair_1847
Mrs. Winkworth,A,0,10,Vanity_Fair_1847
Mrs. Winkworth,DC,0,10,Vanity_Fair_1847
Mrs. Winkworth,DN,0,10,Vanity_Fair_1847
Mum,N,0,10,Vanity_Fair_1847
Mum,C,0,10,Vanity_Fair_1847
Mum,I,0,10,Vanity_Fair_1847
Mum,A,0,10,Vanity_Fair_1847
Mum,DC,0,10,Vanity_Fair_1847
Mum,DN,0,10,Vanity_Fair_1847
Napoleon,N,1,10,Vanity_Fair_1847
Napoleon,C,0,10,Vanity_Fair_1847
Napoleon,I,0,10,Vanity_Fair_1847
Napoleon,A,0,10,Vanity_Fair_1847
Napoleon,DC,0,10,Vanity_Fair_1847
Napoleon,DN,0,10,Vanity_Fair_1847
Nathan,N,0,10,Vanity_Fair_1847
Nathan,C,0,10,Vanity_Fair_1847
Nathan,I,0,10,Vanity_Fair_1847
Nathan,A,0,10,Vanity_Fair_1847
Nathan,DC,0,10,Vanity_Fair_1847
Nathan,DN,0,10,Vanity_Fair_1847
Ney,N,0,10,Vanity_Fair_1847
Ney,C,0,10,Vanity_Fair_1847
Ney,I,0,10,Vanity_Fair_1847
Ney,A,0,10,Vanity_Fair_1847
Ney,DC,0,10,Vanity_Fair_1847
Ney,DN,0,10,Vanity_Fair_1847
Old Osborne,N,0,10,Vanity_Fair_1847
Old Osborne,C,0,10,Vanity_Fair_1847
Old Osborne,I,0,10,Vanity_Fair_1847
Old Osborne,A,0,10,Vanity_Fair_1847
Old Osborne,DC,0,10,Vanity_Fair_1847
Old Osborne,DN,0,10,Vanity_Fair_1847
Old Sedley,N,0,10,Vanity_Fair_1847
Old Sedley,C,0,10,Vanity_Fair_1847
Old Sedley,I,0,10,Vanity_Fair_1847
Old Sedley,A,0,10,Vanity_Fair_1847
Old Sedley,DC,0,10,Vanity_Fair_1847
Old Sedley,DN,0,10,Vanity_Fair_1847
Osborne,N,0,10,Vanity_Fair_1847
Osborne,C,0,10,Vanity_Fair_1847
Osborne,I,0,10,Vanity_Fair_1847
Osborne,A,0,10,Vanity_Fair_1847
Osborne,DC,0,10,Vanity_Fair_1847
Osborne,DN,0,10,Vanity_Fair_1847
Pa,N,0,10,Vanity_Fair_1847
Pa,C,0,10,Vanity_Fair_1847
Pa,I,0,10,Vanity_Fair_1847
Pa,A,0,10,Vanity_Fair_1847
Pa,DC,0,10,Vanity_Fair_1847
Pa,DN,0,10,Vanity_Fair_1847
Papa,N,1,10,Vanity_Fair_1847
Papa,C,0,10,Vanity_Fair_1847
Papa,I,0,10,Vanity_Fair_1847
Papa,A,0,10,Vanity_Fair_1847
Papa,DC,1,10,Vanity_Fair_1847
Papa,DN,0,10,Vanity_Fair_1847
Pauline,N,0,10,Vanity_Fair_1847
Pauline,C,0,10,Vanity_Fair_1847
Pauline,I,0,10,Vanity_Fair_1847
Pauline,A,0,10,Vanity_Fair_1847
Pauline,DC,0,10,Vanity_Fair_1847
Pauline,DN,0,10,Vanity_Fair_1847
Payne,N,4,10,Vanity_Fair_1847
Payne,C,2,10,Vanity_Fair_1847
Payne,I,1,10,Vanity_Fair_1847
Payne,A,4,10,Vanity_Fair_1847
Payne,DC,2,10,Vanity_Fair_1847
Payne,DN,1,10,Vanity_Fair_1847
Peggy,N,1,10,Vanity_Fair_1847
Peggy,C,0,10,Vanity_Fair_1847
Peggy,I,1,10,Vanity_Fair_1847
Peggy,A,0,10,Vanity_Fair_1847
Peggy,DC,1,10,Vanity_Fair_1847
Peggy,DN,0,10,Vanity_Fair_1847
Pinner,N,0,10,Vanity_Fair_1847
Pinner,C,0,10,Vanity_Fair_1847
Pinner,I,0,10,Vanity_Fair_1847
Pinner,A,0,10,Vanity_Fair_1847
Pinner,DC,0,10,Vanity_Fair_1847
Pinner,DN,0,10,Vanity_Fair_1847
Pitt,N,0,10,Vanity_Fair_1847
Pitt,C,0,10,Vanity_Fair_1847
Pitt,I,0,10,Vanity_Fair_1847
Pitt,A,0,10,Vanity_Fair_1847
Pitt,DC,0,10,Vanity_Fair_1847
Pitt,DN,0,10,Vanity_Fair_1847
Pitt Binkie,N,0,10,Vanity_Fair_1847
Pitt Binkie,C,0,10,Vanity_Fair_1847
Pitt Binkie,I,0,10,Vanity_Fair_1847
Pitt Binkie,A,0,10,Vanity_Fair_1847
Pitt Binkie,DC,0,10,Vanity_Fair_1847
Pitt Binkie,DN,0,10,Vanity_Fair_1847
Poor Jim,N,0,10,Vanity_Fair_1847
Poor Jim,C,0,10,Vanity_Fair_1847
Poor Jim,I,0,10,Vanity_Fair_1847
Poor Jim,A,0,10,Vanity_Fair_1847
Poor Jim,DC,0,10,Vanity_Fair_1847
Poor Jim,DN,0,10,Vanity_Fair_1847
Queen,N,2,10,Vanity_Fair_1847
Queen,C,0,10,Vanity_Fair_1847
Queen,I,0,10,Vanity_Fair_1847
Queen,A,0,10,Vanity_Fair_1847
Queen,DC,1,10,Vanity_Fair_1847
Queen,DN,0,10,Vanity_Fair_1847
Raggles,N,0,10,Vanity_Fair_1847
Raggles,C,0,10,Vanity_Fair_1847
Raggles,I,0,10,Vanity_Fair_1847
Raggles,A,0,10,Vanity_Fair_1847
Raggles,DC,0,10,Vanity_Fair_1847
Raggles,DN,0,10,Vanity_Fair_1847
Rawdon,N,32,10,Vanity_Fair_1847
Rawdon,C,1,10,Vanity_Fair_1847
Rawdon,I,2,10,Vanity_Fair_1847
Rawdon,A,11,10,Vanity_Fair_1847
Rawdon,DC,5,10,Vanity_Fair_1847
Rawdon,DN,3,10,Vanity_Fair_1847
"Rawdon Crawley , Esquire",N,0,10,Vanity_Fair_1847
"Rawdon Crawley , Esquire",C,0,10,Vanity_Fair_1847
"Rawdon Crawley , Esquire",I,0,10,Vanity_Fair_1847
"Rawdon Crawley , Esquire",A,0,10,Vanity_Fair_1847
"Rawdon Crawley , Esquire",DC,0,10,Vanity_Fair_1847
"Rawdon Crawley , Esquire",DN,0,10,Vanity_Fair_1847
Rebecca,N,13,10,Vanity_Fair_1847
Rebecca,C,0,10,Vanity_Fair_1847
Rebecca,I,5,10,Vanity_Fair_1847
Rebecca,A,7,10,Vanity_Fair_1847
Rebecca,DC,1,10,Vanity_Fair_1847
Rebecca,DN,3,10,Vanity_Fair_1847
Regulus,N,0,10,Vanity_Fair_1847
Regulus,C,0,10,Vanity_Fair_1847
Regulus,I,0,10,Vanity_Fair_1847
Regulus,A,0,10,Vanity_Fair_1847
Regulus,DC,0,10,Vanity_Fair_1847
Regulus,DN,0,10,Vanity_Fair_1847
Rhoda,N,0,10,Vanity_Fair_1847
Rhoda,C,0,10,Vanity_Fair_1847
Rhoda,I,0,10,Vanity_Fair_1847
Rhoda,A,0,10,Vanity_Fair_1847
Rhoda,DC,0,10,Vanity_Fair_1847
Rhoda,DN,0,10,Vanity_Fair_1847
Robinson,N,0,10,Vanity_Fair_1847
Robinson,C,0,10,Vanity_Fair_1847
Robinson,I,0,10,Vanity_Fair_1847
Robinson,A,0,10,Vanity_Fair_1847
Robinson,DC,0,10,Vanity_Fair_1847
Robinson,DN,0,10,Vanity_Fair_1847
Rosa,N,0,10,Vanity_Fair_1847
Rosa,C,0,10,Vanity_Fair_1847
Rosa,I,0,10,Vanity_Fair_1847
Rosa,A,0,10,Vanity_Fair_1847
Rosa,DC,0,10,Vanity_Fair_1847
Rosa,DN,0,10,Vanity_Fair_1847
Rose,N,0,10,Vanity_Fair_1847
Rose,C,0,10,Vanity_Fair_1847
Rose,I,0,10,Vanity_Fair_1847
Rose,A,0,10,Vanity_Fair_1847
Rose,DC,0,10,Vanity_Fair_1847
Rose,DN,0,10,Vanity_Fair_1847
SWEETEST AMELIA,N,0,10,Vanity_Fair_1847
SWEETEST AMELIA,C,0,10,Vanity_Fair_1847
SWEETEST AMELIA,I,0,10,Vanity_Fair_1847
SWEETEST AMELIA,A,0,10,Vanity_Fair_1847
SWEETEST AMELIA,DC,0,10,Vanity_Fair_1847
SWEETEST AMELIA,DN,0,10,Vanity_Fair_1847
Sambo,N,0,10,Vanity_Fair_1847
Sambo,C,0,10,Vanity_Fair_1847
Sambo,I,0,10,Vanity_Fair_1847
Sambo,A,0,10,Vanity_Fair_1847
Sambo,DC,0,10,Vanity_Fair_1847
Sambo,DN,0,10,Vanity_Fair_1847
Simpson,N,0,10,Vanity_Fair_1847
Simpson,C,0,10,Vanity_Fair_1847
Simpson,I,0,10,Vanity_Fair_1847
Simpson,A,0,10,Vanity_Fair_1847
Simpson,DC,0,10,Vanity_Fair_1847
Simpson,DN,0,10,Vanity_Fair_1847
Sir Giles Wapshot,N,0,10,Vanity_Fair_1847
Sir Giles Wapshot,C,0,10,Vanity_Fair_1847
Sir Giles Wapshot,I,0,10,Vanity_Fair_1847
Sir Giles Wapshot,A,0,10,Vanity_Fair_1847
Sir Giles Wapshot,DC,0,10,Vanity_Fair_1847
Sir Giles Wapshot,DN,0,10,Vanity_Fair_1847
Sir Huddleston Fuddleston,N,0,10,Vanity_Fair_1847
Sir Huddleston Fuddleston,C,0,10,Vanity_Fair_1847
Sir Huddleston Fuddleston,I,0,10,Vanity_Fair_1847
Sir Huddleston Fuddleston,A,0,10,Vanity_Fair_1847
Sir Huddleston Fuddleston,DC,0,10,Vanity_Fair_1847
Sir Huddleston Fuddleston,DN,0,10,Vanity_Fair_1847
Sir Huddlestone,N,0,10,Vanity_Fair_1847
Sir Huddlestone,C,0,10,Vanity_Fair_1847
Sir Huddlestone,I,0,10,Vanity_Fair_1847
Sir Huddlestone,A,0,10,Vanity_Fair_1847
Sir Huddlestone,DC,0,10,Vanity_Fair_1847
Sir Huddlestone,DN,0,10,Vanity_Fair_1847
Sir John,N,0,10,Vanity_Fair_1847
Sir John,C,0,10,Vanity_Fair_1847
Sir John,I,0,10,Vanity_Fair_1847
Sir John,A,0,10,Vanity_Fair_1847
Sir John,DC,0,10,Vanity_Fair_1847
Sir John,DN,0,10,Vanity_Fair_1847
Sir Michael O'Dowd,N,4,10,Vanity_Fair_1847
Sir Michael O'Dowd,C,0,10,Vanity_Fair_1847
Sir Michael O'Dowd,I,0,10,Vanity_Fair_1847
Sir Michael O'Dowd,A,0,10,Vanity_Fair_1847
Sir Michael O'Dowd,DC,0,10,Vanity_Fair_1847
Sir Michael O'Dowd,DN,1,10,Vanity_Fair_1847
Sir Pitt,N,9,10,Vanity_Fair_1847
Sir Pitt,C,0,10,Vanity_Fair_1847
Sir Pitt,I,0,10,Vanity_Fair_1847
Sir Pitt,A,2,10,Vanity_Fair_1847
Sir Pitt,DC,0,10,Vanity_Fair_1847
Sir Pitt,DN,1,10,Vanity_Fair_1847
Sir Rawdon,N,1,10,Vanity_Fair_1847
Sir Rawdon,C,0,10,Vanity_Fair_1847
Sir Rawdon,I,0,10,Vanity_Fair_1847
Sir Rawdon,A,2,10,Vanity_Fair_1847
Sir Rawdon,DC,0,10,Vanity_Fair_1847
Sir Rawdon,DN,0,10,Vanity_Fair_1847
Smith,N,0,10,Vanity_Fair_1847
Smith,C,0,10,Vanity_Fair_1847
Smith,I,0,10,Vanity_Fair_1847
Smith,A,0,10,Vanity_Fair_1847
Smith,DC,0,10,Vanity_Fair_1847
Smith,DN,0,10,Vanity_Fair_1847
Smollett,N,0,10,Vanity_Fair_1847
Smollett,C,0,10,Vanity_Fair_1847
Smollett,I,0,10,Vanity_Fair_1847
Smollett,A,0,10,Vanity_Fair_1847
Smollett,DC,0,10,Vanity_Fair_1847
Smollett,DN,0,10,Vanity_Fair_1847
Stubble,N,1,10,Vanity_Fair_1847
Stubble,C,0,10,Vanity_Fair_1847
Stubble,I,0,10,Vanity_Fair_1847
Stubble,A,0,10,Vanity_Fair_1847
Stubble,DC,0,10,Vanity_Fair_1847
Stubble,DN,0,10,Vanity_Fair_1847
Stumpy,N,0,10,Vanity_Fair_1847
Stumpy,C,0,10,Vanity_Fair_1847
Stumpy,I,0,10,Vanity_Fair_1847
Stumpy,A,0,10,Vanity_Fair_1847
Stumpy,DC,0,10,Vanity_Fair_1847
Stumpy,DN,0,10,Vanity_Fair_1847
Tapeworm,N,4,10,Vanity_Fair_1847
Tapeworm,C,0,10,Vanity_Fair_1847
Tapeworm,I,0,10,Vanity_Fair_1847
Tapeworm,A,2,10,Vanity_Fair_1847
Tapeworm,DC,0,10,Vanity_Fair_1847
Tapeworm,DN,0,10,Vanity_Fair_1847
Tapeworm Castle,N,0,10,Vanity_Fair_1847
Tapeworm Castle,C,0,10,Vanity_Fair_1847
Tapeworm Castle,I,0,10,Vanity_Fair_1847
Tapeworm Castle,A,0,10,Vanity_Fair_1847
Tapeworm Castle,DC,0,10,Vanity_Fair_1847
Tapeworm Castle,DN,0,10,Vanity_Fair_1847
The Capting,N,0,10,Vanity_Fair_1847
The Capting,C,0,10,Vanity_Fair_1847
The Capting,I,0,10,Vanity_Fair_1847
The Capting,A,0,10,Vanity_Fair_1847
The Capting,DC,0,10,Vanity_Fair_1847
The Capting,DN,0,10,Vanity_Fair_1847
The Duke of Wellington,N,0,10,Vanity_Fair_1847
The Duke of Wellington,C,0,10,Vanity_Fair_1847
The Duke of Wellington,I,0,10,Vanity_Fair_1847
The Duke of Wellington,A,0,10,Vanity_Fair_1847
The Duke of Wellington,DC,0,10,Vanity_Fair_1847
The Duke of Wellington,DN,0,10,Vanity_Fair_1847
Thriftless,N,0,10,Vanity_Fair_1847
Thriftless,C,0,10,Vanity_Fair_1847
Thriftless,I,0,10,Vanity_Fair_1847
Thriftless,A,0,10,Vanity_Fair_1847
Thriftless,DC,0,10,Vanity_Fair_1847
Thriftless,DN,0,10,Vanity_Fair_1847
Tinker,N,0,10,Vanity_Fair_1847
Tinker,C,0,10,Vanity_Fair_1847
Tinker,I,0,10,Vanity_Fair_1847
Tinker,A,0,10,Vanity_Fair_1847
Tinker,DC,0,10,Vanity_Fair_1847
Tinker,DN,0,10,Vanity_Fair_1847
Tom Eaves,N,0,10,Vanity_Fair_1847
Tom Eaves,C,0,10,Vanity_Fair_1847
Tom Eaves,I,0,10,Vanity_Fair_1847
Tom Eaves,A,0,10,Vanity_Fair_1847
Tom Eaves,DC,0,10,Vanity_Fair_1847
Tom Eaves,DN,0,10,Vanity_Fair_1847
Tom Fool,N,0,10,Vanity_Fair_1847
Tom Fool,C,0,10,Vanity_Fair_1847
Tom Fool,I,0,10,Vanity_Fair_1847
Tom Fool,A,0,10,Vanity_Fair_1847
Tom Fool,DC,0,10,Vanity_Fair_1847
Tom Fool,DN,0,10,Vanity_Fair_1847
Tom Moody,N,0,10,Vanity_Fair_1847
Tom Moody,C,0,10,Vanity_Fair_1847
Tom Moody,I,0,10,Vanity_Fair_1847
Tom Moody,A,0,10,Vanity_Fair_1847
Tom Moody,DC,0,10,Vanity_Fair_1847
Tom Moody,DN,0,10,Vanity_Fair_1847
Trotter,N,0,10,Vanity_Fair_1847
Trotter,C,0,10,Vanity_Fair_1847
Trotter,I,0,10,Vanity_Fair_1847
Trotter,A,0,10,Vanity_Fair_1847
Trotter,DC,0,10,Vanity_Fair_1847
Trotter,DN,0,10,Vanity_Fair_1847
Truffigny,N,0,10,Vanity_Fair_1847
Truffigny,C,0,10,Vanity_Fair_1847
Truffigny,I,0,10,Vanity_Fair_1847
Truffigny,A,0,10,Vanity_Fair_1847
Truffigny,DC,0,10,Vanity_Fair_1847
Truffigny,DN,0,10,Vanity_Fair_1847
Vanity Fair,N,0,10,Vanity_Fair_1847
Vanity Fair,C,0,10,Vanity_Fair_1847
Vanity Fair,I,0,10,Vanity_Fair_1847
Vanity Fair,A,0,10,Vanity_Fair_1847
Vanity Fair,DC,0,10,Vanity_Fair_1847
Vanity Fair,DN,0,10,Vanity_Fair_1847
Victor Aurelius XIV,N,0,10,Vanity_Fair_1847
Victor Aurelius XIV,C,0,10,Vanity_Fair_1847
Victor Aurelius XIV,I,0,10,Vanity_Fair_1847
Victor Aurelius XIV,A,0,10,Vanity_Fair_1847
Victor Aurelius XIV,DC,0,10,Vanity_Fair_1847
Victor Aurelius XIV,DN,0,10,Vanity_Fair_1847
Walpole Crawley,N,0,10,Vanity_Fair_1847
Walpole Crawley,C,0,10,Vanity_Fair_1847
Walpole Crawley,I,0,10,Vanity_Fair_1847
Walpole Crawley,A,0,10,Vanity_Fair_1847
Walpole Crawley,DC,0,10,Vanity_Fair_1847
Walpole Crawley,DN,0,10,Vanity_Fair_1847
Waterloo,N,2,10,Vanity_Fair_1847
Waterloo,C,0,10,Vanity_Fair_1847
Waterloo,I,0,10,Vanity_Fair_1847
Waterloo,A,0,10,Vanity_Fair_1847
Waterloo,DC,0,10,Vanity_Fair_1847
Waterloo,DN,0,10,Vanity_Fair_1847
Waxy,N,0,10,Vanity_Fair_1847
Waxy,C,0,10,Vanity_Fair_1847
Waxy,I,0,10,Vanity_Fair_1847
Waxy,A,0,10,Vanity_Fair_1847
Waxy,DC,0,10,Vanity_Fair_1847
Waxy,DN,0,10,Vanity_Fair_1847
Young Stubble,N,0,10,Vanity_Fair_1847
Young Stubble,C,0,10,Vanity_Fair_1847
Young Stubble,I,0,10,Vanity_Fair_1847
Young Stubble,A,0,10,Vanity_Fair_1847
Young Stubble,DC,0,10,Vanity_Fair_1847
Young Stubble,DN,0,10,Vanity_Fair_1847
Young Tandyman,N,0,10,Vanity_Fair_1847
Young Tandyman,C,0,10,Vanity_Fair_1847
Young Tandyman,I,0,10,Vanity_Fair_1847
Young Tandyman,A,0,10,Vanity_Fair_1847
Young Tandyman,DC,0,10,Vanity_Fair_1847
Young Tandyman,DN,0,10,Vanity_Fair_1847
little Emmy's,N,0,10,Vanity_Fair_1847
little Emmy's,C,0,10,Vanity_Fair_1847
little Emmy's,I,0,10,Vanity_Fair_1847
little Emmy's,A,0,10,Vanity_Fair_1847
little Emmy's,DC,0,10,Vanity_Fair_1847
little Emmy's,DN,0,10,Vanity_Fair_1847
little Fipps,N,0,10,Vanity_Fair_1847
little Fipps,C,0,10,Vanity_Fair_1847
little Fipps,I,0,10,Vanity_Fair_1847
little Fipps,A,0,10,Vanity_Fair_1847
little Fipps,DC,0,10,Vanity_Fair_1847
little Fipps,DN,0,10,Vanity_Fair_1847
old Sergeant Toffy,N,0,10,Vanity_Fair_1847
old Sergeant Toffy,C,0,10,Vanity_Fair_1847
old Sergeant Toffy,I,0,10,Vanity_Fair_1847
old Sergeant Toffy,A,0,10,Vanity_Fair_1847
old Sergeant Toffy,DC,0,10,Vanity_Fair_1847
old Sergeant Toffy,DN,0,10,Vanity_Fair_1847
"poor dear General Glanders , who was dying under the hands of that ignorant man",N,0,10,Vanity_Fair_1847
"poor dear General Glanders , who was dying under the hands of that ignorant man",C,0,10,Vanity_Fair_1847
"poor dear General Glanders , who was dying under the hands of that ignorant man",I,0,10,Vanity_Fair_1847
"poor dear General Glanders , who was dying under the hands of that ignorant man",A,0,10,Vanity_Fair_1847
"poor dear General Glanders , who was dying under the hands of that ignorant man",DC,0,10,Vanity_Fair_1847
"poor dear General Glanders , who was dying under the hands of that ignorant man",DN,0,10,Vanity_Fair_1847
the Crawleys,N,0,10,Vanity_Fair_1847
the Crawleys,C,0,10,Vanity_Fair_1847
the Crawleys,I,0,10,Vanity_Fair_1847
the Crawleys,A,0,10,Vanity_Fair_1847
the Crawleys,DC,0,10,Vanity_Fair_1847
the Crawleys,DN,0,10,Vanity_Fair_1847
the English,N,0,10,Vanity_Fair_1847
the English,C,0,10,Vanity_Fair_1847
the English,I,0,10,Vanity_Fair_1847
the English,A,0,10,Vanity_Fair_1847
the English,DC,0,10,Vanity_Fair_1847
the English,DN,0,10,Vanity_Fair_1847
the French,N,0,10,Vanity_Fair_1847
the French,C,0,10,Vanity_Fair_1847
the French,I,0,10,Vanity_Fair_1847
the French,A,0,10,Vanity_Fair_1847
the French,DC,0,10,Vanity_Fair_1847
the French,DN,0,10,Vanity_Fair_1847
the Grafinn Fanny de Butterbrod,N,0,10,Vanity_Fair_1847
the Grafinn Fanny de Butterbrod,C,0,10,Vanity_Fair_1847
the Grafinn Fanny de Butterbrod,I,0,10,Vanity_Fair_1847
the Grafinn Fanny de Butterbrod,A,0,10,Vanity_Fair_1847
the Grafinn Fanny de Butterbrod,DC,0,10,Vanity_Fair_1847
the Grafinn Fanny de Butterbrod,DN,0,10,Vanity_Fair_1847
the Hammersmith Semiramis,N,0,10,Vanity_Fair_1847
the Hammersmith Semiramis,C,0,10,Vanity_Fair_1847
the Hammersmith Semiramis,I,0,10,Vanity_Fair_1847
the Hammersmith Semiramis,A,0,10,Vanity_Fair_1847
the Hammersmith Semiramis,DC,0,10,Vanity_Fair_1847
the Hammersmith Semiramis,DN,0,10,Vanity_Fair_1847
the Honourable Mrs. Tufto,N,0,10,Vanity_Fair_1847
the Honourable Mrs. Tufto,C,0,10,Vanity_Fair_1847
the Honourable Mrs. Tufto,I,0,10,Vanity_Fair_1847
the Honourable Mrs. Tufto,A,0,10,Vanity_Fair_1847
the Honourable Mrs. Tufto,DC,0,10,Vanity_Fair_1847
the Honourable Mrs. Tufto,DN,0,10,Vanity_Fair_1847
the Kislar Aga,N,0,10,Vanity_Fair_1847
the Kislar Aga,C,0,10,Vanity_Fair_1847
the Kislar Aga,I,0,10,Vanity_Fair_1847
the Kislar Aga,A,0,10,Vanity_Fair_1847
the Kislar Aga,DC,0,10,Vanity_Fair_1847
the Kislar Aga,DN,0,10,Vanity_Fair_1847
the Marquis of Steyne,N,0,10,Vanity_Fair_1847
the Marquis of Steyne,C,0,10,Vanity_Fair_1847
the Marquis of Steyne,I,0,10,Vanity_Fair_1847
the Marquis of Steyne,A,0,10,Vanity_Fair_1847
the Marquis of Steyne,DC,0,10,Vanity_Fair_1847
the Marquis of Steyne,DN,0,10,Vanity_Fair_1847
the Misses Dobbin,N,0,10,Vanity_Fair_1847
the Misses Dobbin,C,0,10,Vanity_Fair_1847
the Misses Dobbin,I,0,10,Vanity_Fair_1847
the Misses Dobbin,A,0,10,Vanity_Fair_1847
the Misses Dobbin,DC,0,10,Vanity_Fair_1847
the Misses Dobbin,DN,0,10,Vanity_Fair_1847
the Misses Osborne,N,0,10,Vanity_Fair_1847
the Misses Osborne,C,0,10,Vanity_Fair_1847
the Misses Osborne,I,0,10,Vanity_Fair_1847
the Misses Osborne,A,0,10,Vanity_Fair_1847
the Misses Osborne,DC,0,10,Vanity_Fair_1847
the Misses Osborne,DN,0,10,Vanity_Fair_1847
the Osbornes,N,0,10,Vanity_Fair_1847
the Osbornes,C,0,10,Vanity_Fair_1847
the Osbornes,I,0,10,Vanity_Fair_1847
the Osbornes,A,0,10,Vanity_Fair_1847
the Osbornes,DC,0,10,Vanity_Fair_1847
the Osbornes,DN,0,10,Vanity_Fair_1847
the Reverend Bute Crawley,N,0,10,Vanity_Fair_1847
the Reverend Bute Crawley,C,0,10,Vanity_Fair_1847
the Reverend Bute Crawley,I,0,10,Vanity_Fair_1847
the Reverend Bute Crawley,A,0,10,Vanity_Fair_1847
the Reverend Bute Crawley,DC,0,10,Vanity_Fair_1847
the Reverend Bute Crawley,DN,0,10,Vanity_Fair_1847
the Ribbons,N,0,10,Vanity_Fair_1847
the Ribbons,C,0,10,Vanity_Fair_1847
the Ribbons,I,0,10,Vanity_Fair_1847
the Ribbons,A,0,10,Vanity_Fair_1847
the Ribbons,DC,0,10,Vanity_Fair_1847
the Ribbons,DN,0,10,Vanity_Fair_1847
the Russians,N,0,10,Vanity_Fair_1847
the Russians,C,0,10,Vanity_Fair_1847
the Russians,I,0,10,Vanity_Fair_1847
the Russians,A,0,10,Vanity_Fair_1847
the Russians,DC,0,10,Vanity_Fair_1847
the Russians,DN,0,10,Vanity_Fair_1847
the Sedleys,N,1,10,Vanity_Fair_1847
the Sedleys,C,0,10,Vanity_Fair_1847
the Sedleys,I,0,10,Vanity_Fair_1847
the Sedleys,A,0,10,Vanity_Fair_1847
the Sedleys,DC,0,10,Vanity_Fair_1847
the Sedleys,DN,0,10,Vanity_Fair_1847
the old Baronet,N,1,10,Vanity_Fair_1847
the old Baronet,C,0,10,Vanity_Fair_1847
the old Baronet,I,0,10,Vanity_Fair_1847
the old Baronet,A,0,10,Vanity_Fair_1847
the old Baronet,DC,0,10,Vanity_Fair_1847
the old Baronet,DN,0,10,Vanity_Fair_1847
the old Chevalier de Talonrouge,N,0,10,Vanity_Fair_1847
the old Chevalier de Talonrouge,C,0,10,Vanity_Fair_1847
the old Chevalier de Talonrouge,I,0,10,Vanity_Fair_1847
the old Chevalier de Talonrouge,A,0,10,Vanity_Fair_1847
the old Chevalier de Talonrouge,DC,0,10,Vanity_Fair_1847
the old Chevalier de Talonrouge,DN,0,10,Vanity_Fair_1847
young Blackball,N,0,10,Vanity_Fair_1847
young Blackball,C,0,10,Vanity_Fair_1847
young Blackball,I,0,10,Vanity_Fair_1847
young Blackball,A,0,10,Vanity_Fair_1847
young Blackball,DC,0,10,Vanity_Fair_1847
young Blackball,DN,0,10,Vanity_Fair_1847
young Lord Dovedale,N,0,10,Vanity_Fair_1847
young Lord Dovedale,C,0,10,Vanity_Fair_1847
young Lord Dovedale,I,0,10,Vanity_Fair_1847
young Lord Dovedale,A,0,10,Vanity_Fair_1847
young Lord Dovedale,DC,0,10,Vanity_Fair_1847
young Lord Dovedale,DN,0,10,Vanity_Fair_1847
