chapter,method,character,tag,count
52,span-based,Elizabeth,N,9
52,span-based,Elizabeth,A,4
52,span-based,Elizabeth,C,10
52,span-based,Elizabeth,I,10
52,span-based,Elizabeth,DN,0
52,span-based,Elizabeth,DC,28
52,span-based,Mr. Bennet,N,1
52,span-based,Mr. Bennet,A,0
52,span-based,Mr. Bennet,C,0
52,span-based,Mr. Bennet,I,0
52,span-based,Mr. Bennet,DN,0
52,span-based,Mr. Bennet,DC,5
52,span-based,Mrs. Younge,N,2
52,span-based,Mrs. Younge,A,0
52,span-based,Mrs. Younge,C,0
52,span-based,Mrs. Younge,I,0
52,span-based,Mrs. Younge,DN,1
52,span-based,Mrs. Younge,DC,7
52,span-based,Jane,N,3
52,span-based,Jane,A,0
52,span-based,Jane,C,0
52,span-based,Jane,I,0
52,span-based,Jane,DN,0
52,span-based,Jane,DC,4
52,span-based,Colonel Fitzwilliam,N,0
52,span-based,Colonel Fitzwilliam,A,0
52,span-based,Colonel Fitzwilliam,C,0
52,span-based,Colonel Fitzwilliam,I,0
52,span-based,Colonel Fitzwilliam,DN,0
52,span-based,Colonel Fitzwilliam,DC,1
52,span-based,Mrs. Gardiner,N,1
52,span-based,Mrs. Gardiner,A,0
52,span-based,Mrs. Gardiner,C,0
52,span-based,Mrs. Gardiner,I,2
52,span-based,Mrs. Gardiner,DN,0
52,span-based,Mrs. Gardiner,DC,1
52,span-based,Lydia,N,8
52,span-based,Lydia,A,2
52,span-based,Lydia,C,0
52,span-based,Lydia,I,1
52,span-based,Lydia,DN,1
52,span-based,Lydia,DC,15
52,span-based,Mr. Gardiner,N,2
52,span-based,Mr. Gardiner,A,2
52,span-based,Mr. Gardiner,C,7
52,span-based,Mr. Gardiner,I,0
52,span-based,Mr. Gardiner,DN,0
52,span-based,Mr. Gardiner,DC,2
52,span-based,Mr. Darcy,N,7
52,span-based,Mr. Darcy,A,6
52,span-based,Mr. Darcy,C,0
52,span-based,Mr. Darcy,I,2
52,span-based,Mr. Darcy,DN,1
52,span-based,Mr. Darcy,DC,40
52,span-based,Wickham,N,16
52,span-based,Wickham,A,3
52,span-based,Wickham,C,18
52,span-based,Wickham,I,0
52,span-based,Wickham,DN,1
52,span-based,Wickham,DC,21
52,span-based,Miss Darcy,N,0
52,span-based,Miss Darcy,A,0
52,span-based,Miss Darcy,C,0
52,span-based,Miss Darcy,I,0
52,span-based,Miss Darcy,DN,0
52,span-based,Miss Darcy,DC,9
52,span-based,Mrs. Bennet,N,1
52,span-based,Mrs. Bennet,A,0
52,span-based,Mrs. Bennet,C,0
52,span-based,Mrs. Bennet,I,0
52,span-based,Mrs. Bennet,DN,0
52,span-based,Mrs. Bennet,DC,1
46,span-based,Elizabeth,N,17
46,span-based,Elizabeth,A,9
46,span-based,Elizabeth,C,10
46,span-based,Elizabeth,I,16
46,span-based,Elizabeth,DN,2
46,span-based,Elizabeth,DC,18
46,span-based,Mr. Bennet,N,0
46,span-based,Mr. Bennet,A,0
46,span-based,Mr. Bennet,C,0
46,span-based,Mr. Bennet,I,0
46,span-based,Mr. Bennet,DN,0
46,span-based,Mr. Bennet,DC,7
46,span-based,Jane,N,7
46,span-based,Jane,A,0
46,span-based,Jane,C,4
46,span-based,Jane,I,6
46,span-based,Jane,DN,0
46,span-based,Jane,DC,2
46,span-based,Colonel Fitzwilliam,N,3
46,span-based,Colonel Fitzwilliam,A,0
46,span-based,Colonel Fitzwilliam,C,0
46,span-based,Colonel Fitzwilliam,I,0
46,span-based,Colonel Fitzwilliam,DN,0
46,span-based,Colonel Fitzwilliam,DC,1
46,span-based,Kitty,N,2
46,span-based,Kitty,A,0
46,span-based,Kitty,C,0
46,span-based,Kitty,I,0
46,span-based,Kitty,DN,0
46,span-based,Kitty,DC,2
46,span-based,Mrs. Gardiner,N,4
46,span-based,Mrs. Gardiner,A,1
46,span-based,Mrs. Gardiner,C,4
46,span-based,Mrs. Gardiner,I,0
46,span-based,Mrs. Gardiner,DN,0
46,span-based,Mrs. Gardiner,DC,1
46,span-based,Colonel Forster,N,8
46,span-based,Colonel Forster,A,0
46,span-based,Colonel Forster,C,0
46,span-based,Colonel Forster,I,0
46,span-based,Colonel Forster,DN,0
46,span-based,Colonel Forster,DC,11
46,span-based,Lydia,N,16
46,span-based,Lydia,A,0
46,span-based,Lydia,C,0
46,span-based,Lydia,I,0
46,span-based,Lydia,DN,0
46,span-based,Lydia,DC,17
46,span-based,Mr. Gardiner,N,3
46,span-based,Mr. Gardiner,A,3
46,span-based,Mr. Gardiner,C,0
46,span-based,Mr. Gardiner,I,1
46,span-based,Mr. Gardiner,DN,0
46,span-based,Mr. Gardiner,DC,6
46,span-based,Mr. Darcy,N,2
46,span-based,Mr. Darcy,A,3
46,span-based,Mr. Darcy,C,7
46,span-based,Mr. Darcy,I,3
46,span-based,Mr. Darcy,DN,3
46,span-based,Mr. Darcy,DC,6
46,span-based,Wickham,N,2
46,span-based,Wickham,A,0
46,span-based,Wickham,C,0
46,span-based,Wickham,I,0
46,span-based,Wickham,DN,0
46,span-based,Wickham,DC,16
46,span-based,Miss Darcy,N,1
46,span-based,Miss Darcy,A,0
46,span-based,Miss Darcy,C,0
46,span-based,Miss Darcy,I,0
46,span-based,Miss Darcy,DN,0
46,span-based,Miss Darcy,DC,2
46,span-based,Mrs. Bennet,N,0
46,span-based,Mrs. Bennet,A,0
46,span-based,Mrs. Bennet,C,0
46,span-based,Mrs. Bennet,I,0
46,span-based,Mrs. Bennet,DN,0
46,span-based,Mrs. Bennet,DC,5
47,span-based,Elizabeth,N,20
47,span-based,Elizabeth,A,7
47,span-based,Elizabeth,C,26
47,span-based,Elizabeth,I,7
47,span-based,Elizabeth,DN,2
47,span-based,Elizabeth,DC,12
47,span-based,Lady Lucas,N,1
47,span-based,Lady Lucas,A,2
47,span-based,Lady Lucas,C,0
47,span-based,Lady Lucas,I,0
47,span-based,Lady Lucas,DN,0
47,span-based,Lady Lucas,DC,3
47,span-based,Mr. Bennet,N,3
47,span-based,Mr. Bennet,A,1
47,span-based,Mr. Bennet,C,1
47,span-based,Mr. Bennet,I,0
47,span-based,Mr. Bennet,DN,0
47,span-based,Mr. Bennet,DC,20
47,span-based,Jane,N,16
47,span-based,Jane,A,3
47,span-based,Jane,C,26
47,span-based,Jane,I,1
47,span-based,Jane,DN,2
47,span-based,Jane,DC,13
47,span-based,Colonel Fitzwilliam,N,1
47,span-based,Colonel Fitzwilliam,A,0
47,span-based,Colonel Fitzwilliam,C,0
47,span-based,Colonel Fitzwilliam,I,0
47,span-based,Colonel Fitzwilliam,DN,0
47,span-based,Colonel Fitzwilliam,DC,1
47,span-based,Kitty,N,6
47,span-based,Kitty,A,1
47,span-based,Kitty,C,0
47,span-based,Kitty,I,1
47,span-based,Kitty,DN,0
47,span-based,Kitty,DC,5
47,span-based,Mrs. Philips,N,0
47,span-based,Mrs. Philips,A,1
47,span-based,Mrs. Philips,C,0
47,span-based,Mrs. Philips,I,0
47,span-based,Mrs. Philips,DN,0
47,span-based,Mrs. Philips,DC,1
47,span-based,Mr. Denny,N,0
47,span-based,Mr. Denny,A,0
47,span-based,Mr. Denny,C,0
47,span-based,Mr. Denny,I,0
47,span-based,Mr. Denny,DN,0
47,span-based,Mr. Denny,DC,5
47,span-based,Mrs. Gardiner,N,3
47,span-based,Mrs. Gardiner,A,1
47,span-based,Mrs. Gardiner,C,3
47,span-based,Mrs. Gardiner,I,2
47,span-based,Mrs. Gardiner,DN,0
47,span-based,Mrs. Gardiner,DC,3
47,span-based,Mary,N,6
47,span-based,Mary,A,2
47,span-based,Mary,C,2
47,span-based,Mary,I,2
47,span-based,Mary,DN,0
47,span-based,Mary,DC,3
47,span-based,Colonel Forster,N,8
47,span-based,Colonel Forster,A,0
47,span-based,Colonel Forster,C,0
47,span-based,Colonel Forster,I,0
47,span-based,Colonel Forster,DN,0
47,span-based,Colonel Forster,DC,18
47,span-based,Mrs. Forster,N,1
47,span-based,Mrs. Forster,A,0
47,span-based,Mrs. Forster,C,0
47,span-based,Mrs. Forster,I,0
47,span-based,Mrs. Forster,DN,0
47,span-based,Mrs. Forster,DC,2
47,span-based,Lydia,N,1
47,span-based,Lydia,A,1
47,span-based,Lydia,C,4
47,span-based,Lydia,I,1
47,span-based,Lydia,DN,0
47,span-based,Lydia,DC,36
47,span-based,Mr. Gardiner,N,3
47,span-based,Mr. Gardiner,A,2
47,span-based,Mr. Gardiner,C,8
47,span-based,Mr. Gardiner,I,0
47,span-based,Mr. Gardiner,DN,1
47,span-based,Mr. Gardiner,DC,8
47,span-based,Mr. Darcy,N,2
47,span-based,Mr. Darcy,A,0
47,span-based,Mr. Darcy,C,0
47,span-based,Mr. Darcy,I,0
47,span-based,Mr. Darcy,DN,0
47,span-based,Mr. Darcy,DC,9
47,span-based,Wickham,N,11
47,span-based,Wickham,A,0
47,span-based,Wickham,C,0
47,span-based,Wickham,I,0
47,span-based,Wickham,DN,0
47,span-based,Wickham,DC,43
47,span-based,Mrs. Bennet,N,2
47,span-based,Mrs. Bennet,A,2
47,span-based,Mrs. Bennet,C,4
47,span-based,Mrs. Bennet,I,2
47,span-based,Mrs. Bennet,DN,1
47,span-based,Mrs. Bennet,DC,4
53,span-based,Elizabeth,N,16
53,span-based,Elizabeth,A,6
53,span-based,Elizabeth,C,10
53,span-based,Elizabeth,I,10
53,span-based,Elizabeth,DN,0
53,span-based,Elizabeth,DC,5
53,span-based,Lady Lucas,N,0
53,span-based,Lady Lucas,A,0
53,span-based,Lady Lucas,C,0
53,span-based,Lady Lucas,I,0
53,span-based,Lady Lucas,DN,0
53,span-based,Lady Lucas,DC,0
53,span-based,Mr. Darcy,N,5
53,span-based,Mr. Darcy,A,2
53,span-based,Mr. Darcy,C,0
53,span-based,Mr. Darcy,I,2
53,span-based,Mr. Darcy,DN,1
53,span-based,Mr. Darcy,DC,11
53,span-based,Mr. Bennet,N,2
53,span-based,Mr. Bennet,A,3
53,span-based,Mr. Bennet,C,6
53,span-based,Mr. Bennet,I,1
53,span-based,Mr. Bennet,DN,0
53,span-based,Mr. Bennet,DC,5
53,span-based,Jane,N,13
53,span-based,Jane,A,4
53,span-based,Jane,C,4
53,span-based,Jane,I,3
53,span-based,Jane,DN,1
53,span-based,Jane,DC,6
53,span-based,Kitty,N,2
53,span-based,Kitty,A,3
53,span-based,Kitty,C,5
53,span-based,Kitty,I,2
53,span-based,Kitty,DN,0
53,span-based,Kitty,DC,1
53,span-based,Miss Bingley,N,0
53,span-based,Miss Bingley,A,0
53,span-based,Miss Bingley,C,0
53,span-based,Miss Bingley,I,0
53,span-based,Miss Bingley,DN,0
53,span-based,Miss Bingley,DC,0
53,span-based,Mr. Bingley,N,10
53,span-based,Mr. Bingley,A,2
53,span-based,Mr. Bingley,C,0
53,span-based,Mr. Bingley,I,1
53,span-based,Mr. Bingley,DN,1
53,span-based,Mr. Bingley,DC,37
53,span-based,Mrs. Gardiner,N,2
53,span-based,Mrs. Gardiner,A,0
53,span-based,Mrs. Gardiner,C,0
53,span-based,Mrs. Gardiner,I,0
53,span-based,Mrs. Gardiner,DN,0
53,span-based,Mrs. Gardiner,DC,0
53,span-based,Mrs. Philips,N,1
53,span-based,Mrs. Philips,A,2
53,span-based,Mrs. Philips,C,2
53,span-based,Mrs. Philips,I,0
53,span-based,Mrs. Philips,DN,0
53,span-based,Mrs. Philips,DC,0
53,span-based,Sir William Lucas,N,1
53,span-based,Sir William Lucas,A,0
53,span-based,Sir William Lucas,C,0
53,span-based,Sir William Lucas,I,0
53,span-based,Sir William Lucas,DN,0
53,span-based,Sir William Lucas,DC,1
53,span-based,Colonel Forster,N,0
53,span-based,Colonel Forster,A,0
53,span-based,Colonel Forster,C,0
53,span-based,Colonel Forster,I,0
53,span-based,Colonel Forster,DN,0
53,span-based,Colonel Forster,DC,0
53,span-based,Mrs. Forster,N,0
53,span-based,Mrs. Forster,A,0
53,span-based,Mrs. Forster,C,0
53,span-based,Mrs. Forster,I,0
53,span-based,Mrs. Forster,DN,0
53,span-based,Mrs. Forster,DC,0
53,span-based,Lydia,N,1
53,span-based,Lydia,A,2
53,span-based,Lydia,C,5
53,span-based,Lydia,I,0
53,span-based,Lydia,DN,0
53,span-based,Lydia,DC,4
53,span-based,Mr. Collins,N,0
53,span-based,Mr. Collins,A,0
53,span-based,Mr. Collins,C,0
53,span-based,Mr. Collins,I,0
53,span-based,Mr. Collins,DN,0
53,span-based,Mr. Collins,DC,0
53,span-based,Wickham,N,2
53,span-based,Wickham,A,3
53,span-based,Wickham,C,0
53,span-based,Wickham,I,0
53,span-based,Wickham,DN,1
53,span-based,Wickham,DC,2
53,span-based,Mrs. Bennet,N,9
53,span-based,Mrs. Bennet,A,6
53,span-based,Mrs. Bennet,C,17
53,span-based,Mrs. Bennet,I,6
53,span-based,Mrs. Bennet,DN,1
53,span-based,Mrs. Bennet,DC,5
45,span-based,Elizabeth,N,20
45,span-based,Elizabeth,A,8
45,span-based,Elizabeth,C,0
45,span-based,Elizabeth,I,9
45,span-based,Elizabeth,DN,1
45,span-based,Elizabeth,DC,12
45,span-based,Miss Bingley,N,13
45,span-based,Miss Bingley,A,5
45,span-based,Miss Bingley,C,6
45,span-based,Miss Bingley,I,3
45,span-based,Miss Bingley,DN,4
45,span-based,Miss Bingley,DC,0
45,span-based,Mr. Bingley,N,0
45,span-based,Mr. Bingley,A,0
45,span-based,Mr. Bingley,C,0
45,span-based,Mr. Bingley,I,0
45,span-based,Mr. Bingley,DN,0
45,span-based,Mr. Bingley,DC,1
45,span-based,Wickham,N,2
45,span-based,Wickham,A,0
45,span-based,Wickham,C,0
45,span-based,Wickham,I,0
45,span-based,Wickham,DN,0
45,span-based,Wickham,DC,0
45,span-based,Mr. Gardiner,N,1
45,span-based,Mr. Gardiner,A,1
45,span-based,Mr. Gardiner,C,0
45,span-based,Mr. Gardiner,I,1
45,span-based,Mr. Gardiner,DN,1
45,span-based,Mr. Gardiner,DC,0
45,span-based,Mrs. Annesley,N,2
45,span-based,Mrs. Annesley,A,1
45,span-based,Mrs. Annesley,C,0
45,span-based,Mrs. Annesley,I,1
45,span-based,Mrs. Annesley,DN,1
45,span-based,Mrs. Annesley,DC,0
45,span-based,Mr. Darcy,N,5
45,span-based,Mr. Darcy,A,3
45,span-based,Mr. Darcy,C,2
45,span-based,Mr. Darcy,I,2
45,span-based,Mr. Darcy,DN,4
45,span-based,Mr. Darcy,DC,2
45,span-based,Mrs. Hurst,N,2
45,span-based,Mrs. Hurst,A,1
45,span-based,Mrs. Hurst,C,0
45,span-based,Mrs. Hurst,I,0
45,span-based,Mrs. Hurst,DN,1
45,span-based,Mrs. Hurst,DC,0
45,span-based,Miss Darcy,N,11
45,span-based,Miss Darcy,A,3
45,span-based,Miss Darcy,C,0
45,span-based,Miss Darcy,I,3
45,span-based,Miss Darcy,DN,1
45,span-based,Miss Darcy,DC,0
51,span-based,Elizabeth,N,17
51,span-based,Elizabeth,A,3
51,span-based,Elizabeth,C,10
51,span-based,Elizabeth,I,9
51,span-based,Elizabeth,DN,3
51,span-based,Elizabeth,DC,7
51,span-based,Mr. Bennet,N,1
51,span-based,Mr. Bennet,A,1
51,span-based,Mr. Bennet,C,0
51,span-based,Mr. Bennet,I,3
51,span-based,Mr. Bennet,DN,1
51,span-based,Mr. Bennet,DC,2
51,span-based,Jane,N,7
51,span-based,Jane,A,2
51,span-based,Jane,C,2
51,span-based,Jane,I,2
51,span-based,Jane,DN,1
51,span-based,Jane,DC,1
51,span-based,Kitty,N,0
51,span-based,Kitty,A,0
51,span-based,Kitty,C,0
51,span-based,Kitty,I,1
51,span-based,Kitty,DN,0
51,span-based,Kitty,DC,2
51,span-based,Mrs. Philips,N,1
51,span-based,Mrs. Philips,A,0
51,span-based,Mrs. Philips,C,0
51,span-based,Mrs. Philips,I,0
51,span-based,Mrs. Philips,DN,0
51,span-based,Mrs. Philips,DC,0
51,span-based,Mrs. Gardiner,N,0
51,span-based,Mrs. Gardiner,A,0
51,span-based,Mrs. Gardiner,C,0
51,span-based,Mrs. Gardiner,I,0
51,span-based,Mrs. Gardiner,DN,0
51,span-based,Mrs. Gardiner,DC,4
51,span-based,Lydia,N,16
51,span-based,Lydia,A,15
51,span-based,Lydia,C,18
51,span-based,Lydia,I,3
51,span-based,Lydia,DN,2
51,span-based,Lydia,DC,3
51,span-based,Mr. Gardiner,N,0
51,span-based,Mr. Gardiner,A,0
51,span-based,Mr. Gardiner,C,0
51,span-based,Mr. Gardiner,I,0
51,span-based,Mr. Gardiner,DN,0
51,span-based,Mr. Gardiner,DC,5
51,span-based,Mr. Darcy,N,3
51,span-based,Mr. Darcy,A,0
51,span-based,Mr. Darcy,C,0
51,span-based,Mr. Darcy,I,1
51,span-based,Mr. Darcy,DN,0
51,span-based,Mr. Darcy,DC,4
51,span-based,Wickham,N,1
51,span-based,Wickham,A,0
51,span-based,Wickham,C,0
51,span-based,Wickham,I,2
51,span-based,Wickham,DN,1
51,span-based,Wickham,DC,14
51,span-based,Mrs. Bennet,N,2
51,span-based,Mrs. Bennet,A,4
51,span-based,Mrs. Bennet,C,2
51,span-based,Mrs. Bennet,I,2
51,span-based,Mrs. Bennet,DN,1
51,span-based,Mrs. Bennet,DC,7
50,span-based,Elizabeth,N,3
50,span-based,Elizabeth,A,0
50,span-based,Elizabeth,C,0
50,span-based,Elizabeth,I,10
50,span-based,Elizabeth,DN,5
50,span-based,Elizabeth,DC,1
50,span-based,Mr. Bennet,N,7
50,span-based,Mr. Bennet,A,3
50,span-based,Mr. Bennet,C,1
50,span-based,Mr. Bennet,I,5
50,span-based,Mr. Bennet,DN,3
50,span-based,Mr. Bennet,DC,0
50,span-based,Jane,N,2
50,span-based,Jane,A,0
50,span-based,Jane,C,0
50,span-based,Jane,I,0
50,span-based,Jane,DN,0
50,span-based,Jane,DC,1
50,span-based,Kitty,N,0
50,span-based,Kitty,A,0
50,span-based,Kitty,C,0
50,span-based,Kitty,I,0
50,span-based,Kitty,DN,0
50,span-based,Kitty,DC,0
50,span-based,Colonel Forster,N,1
50,span-based,Colonel Forster,A,0
50,span-based,Colonel Forster,C,0
50,span-based,Colonel Forster,I,0
50,span-based,Colonel Forster,DN,0
50,span-based,Colonel Forster,DC,1
50,span-based,Mrs. Forster,N,1
50,span-based,Mrs. Forster,A,0
50,span-based,Mrs. Forster,C,0
50,span-based,Mrs. Forster,I,0
50,span-based,Mrs. Forster,DN,0
50,span-based,Mrs. Forster,DC,1
50,span-based,Lydia,N,1
50,span-based,Lydia,A,0
50,span-based,Lydia,C,0
50,span-based,Lydia,I,0
50,span-based,Lydia,DN,0
50,span-based,Lydia,DC,3
50,span-based,Mr. Gardiner,N,2
50,span-based,Mr. Gardiner,A,3
50,span-based,Mr. Gardiner,C,3
50,span-based,Mr. Gardiner,I,2
50,span-based,Mr. Gardiner,DN,0
50,span-based,Mr. Gardiner,DC,0
50,span-based,Mr. Darcy,N,2
50,span-based,Mr. Darcy,A,0
50,span-based,Mr. Darcy,C,0
50,span-based,Mr. Darcy,I,0
50,span-based,Mr. Darcy,DN,0
50,span-based,Mr. Darcy,DC,0
50,span-based,Wickham,N,3
50,span-based,Wickham,A,0
50,span-based,Wickham,C,0
50,span-based,Wickham,I,0
50,span-based,Wickham,DN,1
50,span-based,Wickham,DC,3
50,span-based,Miss Darcy,N,0
50,span-based,Miss Darcy,A,0
50,span-based,Miss Darcy,C,0
50,span-based,Miss Darcy,I,0
50,span-based,Miss Darcy,DN,0
50,span-based,Miss Darcy,DC,2
50,span-based,Mrs. Bennet,N,8
50,span-based,Mrs. Bennet,A,3
50,span-based,Mrs. Bennet,C,4
50,span-based,Mrs. Bennet,I,5
50,span-based,Mrs. Bennet,DN,2
50,span-based,Mrs. Bennet,DC,2
44,span-based,Elizabeth,N,15
44,span-based,Elizabeth,A,5
44,span-based,Elizabeth,C,0
44,span-based,Elizabeth,I,16
44,span-based,Elizabeth,DN,0
44,span-based,Elizabeth,DC,1
44,span-based,Jane,N,2
44,span-based,Jane,A,0
44,span-based,Jane,C,0
44,span-based,Jane,I,0
44,span-based,Jane,DN,0
44,span-based,Jane,DC,0
44,span-based,Mr. Bingley,N,0
44,span-based,Mr. Bingley,A,3
44,span-based,Mr. Bingley,C,2
44,span-based,Mr. Bingley,I,1
44,span-based,Mr. Bingley,DN,0
44,span-based,Mr. Bingley,DC,0
44,span-based,Mrs. Gardiner,N,4
44,span-based,Mrs. Gardiner,A,2
44,span-based,Mrs. Gardiner,C,0
44,span-based,Mrs. Gardiner,I,1
44,span-based,Mrs. Gardiner,DN,0
44,span-based,Mrs. Gardiner,DC,0
44,span-based,Mr. Gardiner,N,1
44,span-based,Mr. Gardiner,A,1
44,span-based,Mr. Gardiner,C,0
44,span-based,Mr. Gardiner,I,1
44,span-based,Mr. Gardiner,DN,0
44,span-based,Mr. Gardiner,DC,0
44,span-based,Mr. Darcy,N,9
44,span-based,Mr. Darcy,A,3
44,span-based,Mr. Darcy,C,0
44,span-based,Mr. Darcy,I,2
44,span-based,Mr. Darcy,DN,3
44,span-based,Mr. Darcy,DC,0
44,span-based,Wickham,N,1
44,span-based,Wickham,A,0
44,span-based,Wickham,C,0
44,span-based,Wickham,I,0
44,span-based,Wickham,DN,0
44,span-based,Wickham,DC,0
44,span-based,Miss Darcy,N,7
44,span-based,Miss Darcy,A,1
44,span-based,Miss Darcy,C,0
44,span-based,Miss Darcy,I,0
44,span-based,Miss Darcy,DN,2
44,span-based,Miss Darcy,DC,1
40,span-based,Lady Catherine de Bourgh,N,0
40,span-based,Lady Catherine de Bourgh,A,0
40,span-based,Lady Catherine de Bourgh,C,0
40,span-based,Lady Catherine de Bourgh,I,0
40,span-based,Lady Catherine de Bourgh,DN,0
40,span-based,Lady Catherine de Bourgh,DC,0
40,span-based,Elizabeth,N,12
40,span-based,Elizabeth,A,15
40,span-based,Elizabeth,C,17
40,span-based,Elizabeth,I,6
40,span-based,Elizabeth,DN,0
40,span-based,Elizabeth,DC,11
40,span-based,Mr. Darcy,N,9
40,span-based,Mr. Darcy,A,0
40,span-based,Mr. Darcy,C,0
40,span-based,Mr. Darcy,I,0
40,span-based,Mr. Darcy,DN,1
40,span-based,Mr. Darcy,DC,22
40,span-based,Jane,N,11
40,span-based,Jane,A,9
40,span-based,Jane,C,12
40,span-based,Jane,I,7
40,span-based,Jane,DN,0
40,span-based,Jane,DC,12
40,span-based,Mr. Bingley,N,0
40,span-based,Mr. Bingley,A,0
40,span-based,Mr. Bingley,C,0
40,span-based,Mr. Bingley,I,0
40,span-based,Mr. Bingley,DN,0
40,span-based,Mr. Bingley,DC,11
40,span-based,Mr. Collins,N,0
40,span-based,Mr. Collins,A,0
40,span-based,Mr. Collins,C,0
40,span-based,Mr. Collins,I,0
40,span-based,Mr. Collins,DN,0
40,span-based,Mr. Collins,DC,1
40,span-based,Wickham,N,1
40,span-based,Wickham,A,0
40,span-based,Wickham,C,0
40,span-based,Wickham,I,0
40,span-based,Wickham,DN,0
40,span-based,Wickham,DC,17
40,span-based,Mrs. Bennet,N,1
40,span-based,Mrs. Bennet,A,7
40,span-based,Mrs. Bennet,C,7
40,span-based,Mrs. Bennet,I,2
40,span-based,Mrs. Bennet,DN,0
40,span-based,Mrs. Bennet,DC,0
54,span-based,Elizabeth,N,14
54,span-based,Elizabeth,A,8
54,span-based,Elizabeth,C,13
54,span-based,Elizabeth,I,13
54,span-based,Elizabeth,DN,2
54,span-based,Elizabeth,DC,9
54,span-based,Mrs. Long,N,2
54,span-based,Mrs. Long,A,2
54,span-based,Mrs. Long,C,0
54,span-based,Mrs. Long,I,1
54,span-based,Mrs. Long,DN,0
54,span-based,Mrs. Long,DC,3
54,span-based,Mr. Bennet,N,0
54,span-based,Mr. Bennet,A,0
54,span-based,Mr. Bennet,C,0
54,span-based,Mr. Bennet,I,0
54,span-based,Mr. Bennet,DN,0
54,span-based,Mr. Bennet,DC,0
54,span-based,Jane,N,7
54,span-based,Jane,A,3
54,span-based,Jane,C,7
54,span-based,Jane,I,0
54,span-based,Jane,DN,1
54,span-based,Jane,DC,11
54,span-based,Mr. Bingley,N,0
54,span-based,Mr. Bingley,A,2
54,span-based,Mr. Bingley,C,0
54,span-based,Mr. Bingley,I,1
54,span-based,Mr. Bingley,DN,1
54,span-based,Mr. Bingley,DC,8
54,span-based,Mr. Gardiner,N,0
54,span-based,Mr. Gardiner,A,0
54,span-based,Mr. Gardiner,C,0
54,span-based,Mr. Gardiner,I,0
54,span-based,Mr. Gardiner,DN,0
54,span-based,Mr. Gardiner,DC,1
54,span-based,Mr. Darcy,N,4
54,span-based,Mr. Darcy,A,1
54,span-based,Mr. Darcy,C,3
54,span-based,Mr. Darcy,I,2
54,span-based,Mr. Darcy,DN,4
54,span-based,Mr. Darcy,DC,12
54,span-based,Mrs. Bennet,N,5
54,span-based,Mrs. Bennet,A,3
54,span-based,Mrs. Bennet,C,3
54,span-based,Mrs. Bennet,I,4
54,span-based,Mrs. Bennet,DN,4
54,span-based,Mrs. Bennet,DC,1
55,span-based,Elizabeth,N,23
55,span-based,Elizabeth,A,6
55,span-based,Elizabeth,C,8
55,span-based,Elizabeth,I,7
55,span-based,Elizabeth,DN,0
55,span-based,Elizabeth,DC,9
55,span-based,Mr. Darcy,N,1
55,span-based,Mr. Darcy,A,0
55,span-based,Mr. Darcy,C,0
55,span-based,Mr. Darcy,I,0
55,span-based,Mr. Darcy,DN,0
55,span-based,Mr. Darcy,DC,0
55,span-based,Mr. Bennet,N,4
55,span-based,Mr. Bennet,A,4
55,span-based,Mr. Bennet,C,3
55,span-based,Mr. Bennet,I,1
55,span-based,Mr. Bennet,DN,1
55,span-based,Mr. Bennet,DC,3
55,span-based,Jane,N,21
55,span-based,Jane,A,4
55,span-based,Jane,C,14
55,span-based,Jane,I,4
55,span-based,Jane,DN,1
55,span-based,Jane,DC,16
55,span-based,Kitty,N,10
55,span-based,Kitty,A,2
55,span-based,Kitty,C,1
55,span-based,Kitty,I,1
55,span-based,Kitty,DN,0
55,span-based,Kitty,DC,9
55,span-based,Miss Bingley,N,1
55,span-based,Miss Bingley,A,0
55,span-based,Miss Bingley,C,0
55,span-based,Miss Bingley,I,0
55,span-based,Miss Bingley,DN,0
55,span-based,Miss Bingley,DC,4
55,span-based,Mr. Bingley,N,2
55,span-based,Mr. Bingley,A,7
55,span-based,Mr. Bingley,C,1
55,span-based,Mr. Bingley,I,1
55,span-based,Mr. Bingley,DN,1
55,span-based,Mr. Bingley,DC,19
55,span-based,Mary,N,2
55,span-based,Mary,A,2
55,span-based,Mary,C,0
55,span-based,Mary,I,1
55,span-based,Mary,DN,0
55,span-based,Mary,DC,0
55,span-based,Lydia,N,2
55,span-based,Lydia,A,0
55,span-based,Lydia,C,0
55,span-based,Lydia,I,0
55,span-based,Lydia,DN,0
55,span-based,Lydia,DC,0
55,span-based,Mr. Gardiner,N,0
55,span-based,Mr. Gardiner,A,0
55,span-based,Mr. Gardiner,C,0
55,span-based,Mr. Gardiner,I,0
55,span-based,Mr. Gardiner,DN,0
55,span-based,Mr. Gardiner,DC,0
55,span-based,Mr. Collins,N,1
55,span-based,Mr. Collins,A,0
55,span-based,Mr. Collins,C,0
55,span-based,Mr. Collins,I,0
55,span-based,Mr. Collins,DN,0
55,span-based,Mr. Collins,DC,1
55,span-based,Mrs. Bennet,N,9
55,span-based,Mrs. Bennet,A,7
55,span-based,Mrs. Bennet,C,13
55,span-based,Mrs. Bennet,I,3
55,span-based,Mrs. Bennet,DN,1
55,span-based,Mrs. Bennet,DC,5
41,span-based,Elizabeth,N,12
41,span-based,Elizabeth,A,10
41,span-based,Elizabeth,C,10
41,span-based,Elizabeth,I,9
41,span-based,Elizabeth,DN,2
41,span-based,Elizabeth,DC,8
41,span-based,Mr. Bennet,N,7
41,span-based,Mr. Bennet,A,2
41,span-based,Mr. Bennet,C,4
41,span-based,Mr. Bennet,I,4
41,span-based,Mr. Bennet,DN,2
41,span-based,Mr. Bennet,DC,6
41,span-based,Jane,N,2
41,span-based,Jane,A,1
41,span-based,Jane,C,0
41,span-based,Jane,I,1
41,span-based,Jane,DN,0
41,span-based,Jane,DC,1
41,span-based,Colonel Fitzwilliam,N,1
41,span-based,Colonel Fitzwilliam,A,1
41,span-based,Colonel Fitzwilliam,C,0
41,span-based,Colonel Fitzwilliam,I,1
41,span-based,Colonel Fitzwilliam,DN,1
41,span-based,Colonel Fitzwilliam,DC,1
41,span-based,Kitty,N,6
41,span-based,Kitty,A,2
41,span-based,Kitty,C,3
41,span-based,Kitty,I,3
41,span-based,Kitty,DN,0
41,span-based,Kitty,DC,2
41,span-based,Colonel Forster,N,6
41,span-based,Colonel Forster,A,1
41,span-based,Colonel Forster,C,0
41,span-based,Colonel Forster,I,0
41,span-based,Colonel Forster,DN,0
41,span-based,Colonel Forster,DC,2
41,span-based,Mrs. Forster,N,5
41,span-based,Mrs. Forster,A,1
41,span-based,Mrs. Forster,C,0
41,span-based,Mrs. Forster,I,0
41,span-based,Mrs. Forster,DN,0
41,span-based,Mrs. Forster,DC,3
41,span-based,Lydia,N,21
41,span-based,Lydia,A,5
41,span-based,Lydia,C,6
41,span-based,Lydia,I,3
41,span-based,Lydia,DN,4
41,span-based,Lydia,DC,17
41,span-based,Mr. Darcy,N,4
41,span-based,Mr. Darcy,A,1
41,span-based,Mr. Darcy,C,0
41,span-based,Mr. Darcy,I,0
41,span-based,Mr. Darcy,DN,0
41,span-based,Mr. Darcy,DC,12
41,span-based,Wickham,N,4
41,span-based,Wickham,A,7
41,span-based,Wickham,C,7
41,span-based,Wickham,I,3
41,span-based,Wickham,DN,1
41,span-based,Wickham,DC,0
41,span-based,Mrs. Bennet,N,3
41,span-based,Mrs. Bennet,A,5
41,span-based,Mrs. Bennet,C,2
41,span-based,Mrs. Bennet,I,3
41,span-based,Mrs. Bennet,DN,0
41,span-based,Mrs. Bennet,DC,3
57,span-based,Lady Catherine de Bourgh,N,3
57,span-based,Lady Catherine de Bourgh,A,1
57,span-based,Lady Catherine de Bourgh,C,0
57,span-based,Lady Catherine de Bourgh,I,2
57,span-based,Lady Catherine de Bourgh,DN,1
57,span-based,Lady Catherine de Bourgh,DC,5
57,span-based,Elizabeth,N,17
57,span-based,Elizabeth,A,4
57,span-based,Elizabeth,C,6
57,span-based,Elizabeth,I,15
57,span-based,Elizabeth,DN,3
57,span-based,Elizabeth,DC,17
57,span-based,Lady Lucas,N,0
57,span-based,Lady Lucas,A,0
57,span-based,Lady Lucas,C,0
57,span-based,Lady Lucas,I,0
57,span-based,Lady Lucas,DN,0
57,span-based,Lady Lucas,DC,0
57,span-based,Mr. Darcy,N,4
57,span-based,Mr. Darcy,A,0
57,span-based,Mr. Darcy,C,0
57,span-based,Mr. Darcy,I,1
57,span-based,Mr. Darcy,DN,1
57,span-based,Mr. Darcy,DC,10
57,span-based,Mr. Bennet,N,0
57,span-based,Mr. Bennet,A,2
57,span-based,Mr. Bennet,C,7
57,span-based,Mr. Bennet,I,2
57,span-based,Mr. Bennet,DN,0
57,span-based,Mr. Bennet,DC,0
57,span-based,Jane,N,1
57,span-based,Jane,A,0
57,span-based,Jane,C,0
57,span-based,Jane,I,0
57,span-based,Jane,DN,0
57,span-based,Jane,DC,1
57,span-based,Miss Bingley,N,0
57,span-based,Miss Bingley,A,0
57,span-based,Miss Bingley,C,0
57,span-based,Miss Bingley,I,0
57,span-based,Miss Bingley,DN,0
57,span-based,Miss Bingley,DC,0
57,span-based,Mr. Collins,N,4
57,span-based,Mr. Collins,A,3
57,span-based,Mr. Collins,C,1
57,span-based,Mr. Collins,I,0
57,span-based,Mr. Collins,DN,1
57,span-based,Mr. Collins,DC,13
57,span-based,Mrs. Philips,N,0
57,span-based,Mrs. Philips,A,0
57,span-based,Mrs. Philips,C,0
57,span-based,Mrs. Philips,I,0
57,span-based,Mrs. Philips,DN,0
57,span-based,Mrs. Philips,DC,0
57,span-based,Mrs. Gardiner,N,0
57,span-based,Mrs. Gardiner,A,0
57,span-based,Mrs. Gardiner,C,0
57,span-based,Mrs. Gardiner,I,0
57,span-based,Mrs. Gardiner,DN,0
57,span-based,Mrs. Gardiner,DC,2
57,span-based,Mr. Hurst,N,0
57,span-based,Mr. Hurst,A,0
57,span-based,Mr. Hurst,C,0
57,span-based,Mr. Hurst,I,0
57,span-based,Mr. Hurst,DN,0
57,span-based,Mr. Hurst,DC,0
57,span-based,Sir William Lucas,N,0
57,span-based,Sir William Lucas,A,0
57,span-based,Sir William Lucas,C,0
57,span-based,Sir William Lucas,I,0
57,span-based,Sir William Lucas,DN,0
57,span-based,Sir William Lucas,DC,0
57,span-based,Lydia,N,1
57,span-based,Lydia,A,0
57,span-based,Lydia,C,0
57,span-based,Lydia,I,0
57,span-based,Lydia,DN,0
57,span-based,Lydia,DC,3
57,span-based,Mr. Gardiner,N,0
57,span-based,Mr. Gardiner,A,0
57,span-based,Mr. Gardiner,C,0
57,span-based,Mr. Gardiner,I,0
57,span-based,Mr. Gardiner,DN,0
57,span-based,Mr. Gardiner,DC,0
57,span-based,Charlotte Lucas,N,0
57,span-based,Charlotte Lucas,A,0
57,span-based,Charlotte Lucas,C,0
57,span-based,Charlotte Lucas,I,0
57,span-based,Charlotte Lucas,DN,0
57,span-based,Charlotte Lucas,DC,1
57,span-based,Wickham,N,1
57,span-based,Wickham,A,0
57,span-based,Wickham,C,0
57,span-based,Wickham,I,0
57,span-based,Wickham,DN,0
57,span-based,Wickham,DC,1
57,span-based,Mr. Philips,N,0
57,span-based,Mr. Philips,A,0
57,span-based,Mr. Philips,C,0
57,span-based,Mr. Philips,I,0
57,span-based,Mr. Philips,DN,0
57,span-based,Mr. Philips,DC,0
57,span-based,Mrs. Bennet,N,1
57,span-based,Mrs. Bennet,A,0
57,span-based,Mrs. Bennet,C,0
57,span-based,Mrs. Bennet,I,0
57,span-based,Mrs. Bennet,DN,1
57,span-based,Mrs. Bennet,DC,0
43,span-based,Elizabeth,N,42
43,span-based,Elizabeth,A,19
43,span-based,Elizabeth,C,15
43,span-based,Elizabeth,I,23
43,span-based,Elizabeth,DN,9
43,span-based,Elizabeth,DC,9
43,span-based,Mr. Bennet,N,0
43,span-based,Mr. Bennet,A,0
43,span-based,Mr. Bennet,C,0
43,span-based,Mr. Bennet,I,0
43,span-based,Mr. Bennet,DN,0
43,span-based,Mr. Bennet,DC,0
43,span-based,Mr. Bingley,N,2
43,span-based,Mr. Bingley,A,0
43,span-based,Mr. Bingley,C,0
43,span-based,Mr. Bingley,I,0
43,span-based,Mr. Bingley,DN,0
43,span-based,Mr. Bingley,DC,11
43,span-based,Mrs. Gardiner,N,12
43,span-based,Mrs. Gardiner,A,5
43,span-based,Mrs. Gardiner,C,12
43,span-based,Mrs. Gardiner,I,0
43,span-based,Mrs. Gardiner,DN,2
43,span-based,Mrs. Gardiner,DC,4
43,span-based,Mr. Gardiner,N,6
43,span-based,Mr. Gardiner,A,5
43,span-based,Mr. Gardiner,C,5
43,span-based,Mr. Gardiner,I,0
43,span-based,Mr. Gardiner,DN,2
43,span-based,Mr. Gardiner,DC,5
43,span-based,Mr. Darcy,N,10
43,span-based,Mr. Darcy,A,7
43,span-based,Mr. Darcy,C,6
43,span-based,Mr. Darcy,I,0
43,span-based,Mr. Darcy,DN,5
43,span-based,Mr. Darcy,DC,51
43,span-based,Wickham,N,2
43,span-based,Wickham,A,0
43,span-based,Wickham,C,0
43,span-based,Wickham,I,0
43,span-based,Wickham,DN,0
43,span-based,Wickham,DC,7
43,span-based,Miss Darcy,N,7
43,span-based,Miss Darcy,A,0
43,span-based,Miss Darcy,C,0
43,span-based,Miss Darcy,I,0
43,span-based,Miss Darcy,DN,0
43,span-based,Miss Darcy,DC,9
42,span-based,Elizabeth,N,10
42,span-based,Elizabeth,A,5
42,span-based,Elizabeth,C,4
42,span-based,Elizabeth,I,15
42,span-based,Elizabeth,DN,3
42,span-based,Elizabeth,DC,3
42,span-based,Mr. Bennet,N,1
42,span-based,Mr. Bennet,A,2
42,span-based,Mr. Bennet,C,0
42,span-based,Mr. Bennet,I,5
42,span-based,Mr. Bennet,DN,3
42,span-based,Mr. Bennet,DC,0
42,span-based,Jane,N,2
42,span-based,Jane,A,4
42,span-based,Jane,C,0
42,span-based,Jane,I,0
42,span-based,Jane,DN,1
42,span-based,Jane,DC,1
42,span-based,Kitty,N,5
42,span-based,Kitty,A,1
42,span-based,Kitty,C,0
42,span-based,Kitty,I,1
42,span-based,Kitty,DN,0
42,span-based,Kitty,DC,0
42,span-based,Mrs. Gardiner,N,6
42,span-based,Mrs. Gardiner,A,3
42,span-based,Mrs. Gardiner,C,4
42,span-based,Mrs. Gardiner,I,1
42,span-based,Mrs. Gardiner,DN,2
42,span-based,Mrs. Gardiner,DC,0
42,span-based,Colonel Forster,N,0
42,span-based,Colonel Forster,A,0
42,span-based,Colonel Forster,C,0
42,span-based,Colonel Forster,I,0
42,span-based,Colonel Forster,DN,0
42,span-based,Colonel Forster,DC,0
42,span-based,Lydia,N,1
42,span-based,Lydia,A,1
42,span-based,Lydia,C,0
42,span-based,Lydia,I,0
42,span-based,Lydia,DN,3
42,span-based,Lydia,DC,0
42,span-based,Mr. Gardiner,N,2
42,span-based,Mr. Gardiner,A,2
42,span-based,Mr. Gardiner,C,0
42,span-based,Mr. Gardiner,I,0
42,span-based,Mr. Gardiner,DN,0
42,span-based,Mr. Gardiner,DC,0
42,span-based,Mr. Darcy,N,1
42,span-based,Mr. Darcy,A,0
42,span-based,Mr. Darcy,C,0
42,span-based,Mr. Darcy,I,0
42,span-based,Mr. Darcy,DN,0
42,span-based,Mr. Darcy,DC,1
42,span-based,Wickham,N,2
42,span-based,Wickham,A,0
42,span-based,Wickham,C,0
42,span-based,Wickham,I,0
42,span-based,Wickham,DN,0
42,span-based,Wickham,DC,1
42,span-based,Mrs. Bennet,N,1
42,span-based,Mrs. Bennet,A,1
42,span-based,Mrs. Bennet,C,0
42,span-based,Mrs. Bennet,I,1
42,span-based,Mrs. Bennet,DN,0
42,span-based,Mrs. Bennet,DC,0
56,span-based,Lady Catherine de Bourgh,N,13
56,span-based,Lady Catherine de Bourgh,A,10
56,span-based,Lady Catherine de Bourgh,C,36
56,span-based,Lady Catherine de Bourgh,I,5
56,span-based,Lady Catherine de Bourgh,DN,4
56,span-based,Lady Catherine de Bourgh,DC,26
56,span-based,Elizabeth,N,32
56,span-based,Elizabeth,A,10
56,span-based,Elizabeth,C,24
56,span-based,Elizabeth,I,6
56,span-based,Elizabeth,DN,3
56,span-based,Elizabeth,DC,52
56,span-based,Mr. Darcy,N,6
56,span-based,Mr. Darcy,A,0
56,span-based,Mr. Darcy,C,0
56,span-based,Mr. Darcy,I,0
56,span-based,Mr. Darcy,DN,0
56,span-based,Mr. Darcy,DC,44
56,span-based,Kitty,N,1
56,span-based,Kitty,A,0
56,span-based,Kitty,C,0
56,span-based,Kitty,I,1
56,span-based,Kitty,DN,1
56,span-based,Kitty,DC,2
56,span-based,Mr. Collins,N,0
56,span-based,Mr. Collins,A,0
56,span-based,Mr. Collins,C,0
56,span-based,Mr. Collins,I,0
56,span-based,Mr. Collins,DN,0
56,span-based,Mr. Collins,DC,3
56,span-based,Mr. Bingley,N,2
56,span-based,Mr. Bingley,A,3
56,span-based,Mr. Bingley,C,0
56,span-based,Mr. Bingley,I,0
56,span-based,Mr. Bingley,DN,0
56,span-based,Mr. Bingley,DC,2
56,span-based,Mrs. Gardiner,N,0
56,span-based,Mrs. Gardiner,A,0
56,span-based,Mrs. Gardiner,C,0
56,span-based,Mrs. Gardiner,I,0
56,span-based,Mrs. Gardiner,DN,0
56,span-based,Mrs. Gardiner,DC,0
56,span-based,Miss de Bourgh,N,2
56,span-based,Miss de Bourgh,A,0
56,span-based,Miss de Bourgh,C,0
56,span-based,Miss de Bourgh,I,0
56,span-based,Miss de Bourgh,DN,0
56,span-based,Miss de Bourgh,DC,10
56,span-based,Lydia,N,0
56,span-based,Lydia,A,0
56,span-based,Lydia,C,0
56,span-based,Lydia,I,0
56,span-based,Lydia,DN,0
56,span-based,Lydia,DC,4
56,span-based,Mr. Gardiner,N,0
56,span-based,Mr. Gardiner,A,0
56,span-based,Mr. Gardiner,C,0
56,span-based,Mr. Gardiner,I,0
56,span-based,Mr. Gardiner,DN,0
56,span-based,Mr. Gardiner,DC,1
56,span-based,Charlotte Lucas,N,1
56,span-based,Charlotte Lucas,A,0
56,span-based,Charlotte Lucas,C,0
56,span-based,Charlotte Lucas,I,0
56,span-based,Charlotte Lucas,DN,0
56,span-based,Charlotte Lucas,DC,0
56,span-based,Lady Anne Darcy,N,0
56,span-based,Lady Anne Darcy,A,0
56,span-based,Lady Anne Darcy,C,0
56,span-based,Lady Anne Darcy,I,0
56,span-based,Lady Anne Darcy,DN,0
56,span-based,Lady Anne Darcy,DC,0
56,span-based,Mrs. Bennet,N,6
56,span-based,Mrs. Bennet,A,3
56,span-based,Mrs. Bennet,C,7
56,span-based,Mrs. Bennet,I,2
56,span-based,Mrs. Bennet,DN,3
56,span-based,Mrs. Bennet,DC,1
19,span-based,Lady Catherine de Bourgh,N,2
19,span-based,Lady Catherine de Bourgh,A,0
19,span-based,Lady Catherine de Bourgh,C,0
19,span-based,Lady Catherine de Bourgh,I,0
19,span-based,Lady Catherine de Bourgh,DN,0
19,span-based,Lady Catherine de Bourgh,DC,11
19,span-based,Elizabeth,N,4
19,span-based,Elizabeth,A,4
19,span-based,Elizabeth,C,9
19,span-based,Elizabeth,I,6
19,span-based,Elizabeth,DN,3
19,span-based,Elizabeth,DC,25
19,span-based,Mr. Bennet,N,1
19,span-based,Mr. Bennet,A,0
19,span-based,Mr. Bennet,C,0
19,span-based,Mr. Bennet,I,0
19,span-based,Mr. Bennet,DN,0
19,span-based,Mr. Bennet,DC,2
19,span-based,Mr. Collins,N,12
19,span-based,Mr. Collins,A,3
19,span-based,Mr. Collins,C,11
19,span-based,Mr. Collins,I,1
19,span-based,Mr. Collins,DN,4
19,span-based,Mr. Collins,DC,22
19,span-based,Mrs. Bennet,N,4
19,span-based,Mrs. Bennet,A,3
19,span-based,Mrs. Bennet,C,3
19,span-based,Mrs. Bennet,I,1
19,span-based,Mrs. Bennet,DN,1
19,span-based,Mrs. Bennet,DC,4
31,span-based,Lady Catherine de Bourgh,N,11
31,span-based,Lady Catherine de Bourgh,A,4
31,span-based,Lady Catherine de Bourgh,C,6
31,span-based,Lady Catherine de Bourgh,I,2
31,span-based,Lady Catherine de Bourgh,DN,2
31,span-based,Lady Catherine de Bourgh,DC,2
31,span-based,Elizabeth,N,13
31,span-based,Elizabeth,A,7
31,span-based,Elizabeth,C,8
31,span-based,Elizabeth,I,5
31,span-based,Elizabeth,DN,0
31,span-based,Elizabeth,DC,13
31,span-based,Colonel Fitzwilliam,N,8
31,span-based,Colonel Fitzwilliam,A,7
31,span-based,Colonel Fitzwilliam,C,6
31,span-based,Colonel Fitzwilliam,I,3
31,span-based,Colonel Fitzwilliam,DN,5
31,span-based,Colonel Fitzwilliam,DC,11
31,span-based,Mr. Darcy,N,7
31,span-based,Mr. Darcy,A,3
31,span-based,Mr. Darcy,C,10
31,span-based,Mr. Darcy,I,2
31,span-based,Mr. Darcy,DN,4
31,span-based,Mr. Darcy,DC,14
31,span-based,Miss Darcy,N,6
31,span-based,Miss Darcy,A,0
31,span-based,Miss Darcy,C,0
31,span-based,Miss Darcy,I,0
31,span-based,Miss Darcy,DN,0
31,span-based,Miss Darcy,DC,5
25,span-based,Lady Catherine de Bourgh,N,0
25,span-based,Lady Catherine de Bourgh,A,0
25,span-based,Lady Catherine de Bourgh,C,0
25,span-based,Lady Catherine de Bourgh,I,0
25,span-based,Lady Catherine de Bourgh,DN,0
25,span-based,Lady Catherine de Bourgh,DC,0
25,span-based,Elizabeth,N,9
25,span-based,Elizabeth,A,0
25,span-based,Elizabeth,C,6
25,span-based,Elizabeth,I,2
25,span-based,Elizabeth,DN,0
25,span-based,Elizabeth,DC,9
25,span-based,Lady Lucas,N,1
25,span-based,Lady Lucas,A,0
25,span-based,Lady Lucas,C,0
25,span-based,Lady Lucas,I,0
25,span-based,Lady Lucas,DN,0
25,span-based,Lady Lucas,DC,3
25,span-based,Mr. Darcy,N,5
25,span-based,Mr. Darcy,A,0
25,span-based,Mr. Darcy,C,0
25,span-based,Mr. Darcy,I,0
25,span-based,Mr. Darcy,DN,0
25,span-based,Mr. Darcy,DC,3
25,span-based,Jane,N,9
25,span-based,Jane,A,0
25,span-based,Jane,C,0
25,span-based,Jane,I,0
25,span-based,Jane,DN,0
25,span-based,Jane,DC,15
25,span-based,Miss Bingley,N,0
25,span-based,Miss Bingley,A,0
25,span-based,Miss Bingley,C,0
25,span-based,Miss Bingley,I,0
25,span-based,Miss Bingley,DN,0
25,span-based,Miss Bingley,DC,1
25,span-based,Mr. Collins,N,2
25,span-based,Mr. Collins,A,3
25,span-based,Mr. Collins,C,0
25,span-based,Mr. Collins,I,2
25,span-based,Mr. Collins,DN,0
25,span-based,Mr. Collins,DC,3
25,span-based,Mr. Bingley,N,4
25,span-based,Mr. Bingley,A,0
25,span-based,Mr. Bingley,C,0
25,span-based,Mr. Bingley,I,0
25,span-based,Mr. Bingley,DN,0
25,span-based,Mr. Bingley,DC,12
25,span-based,Mrs. Gardiner,N,7
25,span-based,Mrs. Gardiner,A,3
25,span-based,Mrs. Gardiner,C,6
25,span-based,Mrs. Gardiner,I,2
25,span-based,Mrs. Gardiner,DN,1
25,span-based,Mrs. Gardiner,DC,2
25,span-based,Mr. Gardiner,N,1
25,span-based,Mr. Gardiner,A,0
25,span-based,Mr. Gardiner,C,0
25,span-based,Mr. Gardiner,I,0
25,span-based,Mr. Gardiner,DN,1
25,span-based,Mr. Gardiner,DC,0
25,span-based,Charlotte Lucas,N,0
25,span-based,Charlotte Lucas,A,0
25,span-based,Charlotte Lucas,C,0
25,span-based,Charlotte Lucas,I,0
25,span-based,Charlotte Lucas,DN,0
25,span-based,Charlotte Lucas,DC,0
25,span-based,Wickham,N,1
25,span-based,Wickham,A,0
25,span-based,Wickham,C,0
25,span-based,Wickham,I,2
25,span-based,Wickham,DN,0
25,span-based,Wickham,DC,2
25,span-based,Miss Darcy,N,0
25,span-based,Miss Darcy,A,0
25,span-based,Miss Darcy,C,0
25,span-based,Miss Darcy,I,0
25,span-based,Miss Darcy,DN,0
25,span-based,Miss Darcy,DC,1
25,span-based,Mrs. Bennet,N,4
25,span-based,Mrs. Bennet,A,2
25,span-based,Mrs. Bennet,C,2
25,span-based,Mrs. Bennet,I,2
25,span-based,Mrs. Bennet,DN,0
25,span-based,Mrs. Bennet,DC,0
1,span-based,Elizabeth,N,3
1,span-based,Elizabeth,A,0
1,span-based,Elizabeth,C,0
1,span-based,Elizabeth,I,0
1,span-based,Elizabeth,DN,0
1,span-based,Elizabeth,DC,5
1,span-based,Mrs. Long,N,2
1,span-based,Mrs. Long,A,1
1,span-based,Mrs. Long,C,0
1,span-based,Mrs. Long,I,0
1,span-based,Mrs. Long,DN,0
1,span-based,Mrs. Long,DC,2
1,span-based,Lady Lucas,N,1
1,span-based,Lady Lucas,A,1
1,span-based,Lady Lucas,C,0
1,span-based,Lady Lucas,I,0
1,span-based,Lady Lucas,DN,0
1,span-based,Lady Lucas,DC,1
1,span-based,Mr. Bennet,N,6
1,span-based,Mr. Bennet,A,1
1,span-based,Mr. Bennet,C,17
1,span-based,Mr. Bennet,I,2
1,span-based,Mr. Bennet,DN,1
1,span-based,Mr. Bennet,DC,15
1,span-based,Jane,N,1
1,span-based,Jane,A,0
1,span-based,Jane,C,0
1,span-based,Jane,I,0
1,span-based,Jane,DN,0
1,span-based,Jane,DC,1
1,span-based,Mr. Bingley,N,3
1,span-based,Mr. Bingley,A,1
1,span-based,Mr. Bingley,C,0
1,span-based,Mr. Bingley,I,0
1,span-based,Mr. Bingley,DN,0
1,span-based,Mr. Bingley,DC,8
1,span-based,Sir William Lucas,N,0
1,span-based,Sir William Lucas,A,1
1,span-based,Sir William Lucas,C,0
1,span-based,Sir William Lucas,I,0
1,span-based,Sir William Lucas,DN,0
1,span-based,Sir William Lucas,DC,1
1,span-based,Mr. Morris,N,1
1,span-based,Mr. Morris,A,1
1,span-based,Mr. Morris,C,0
1,span-based,Mr. Morris,I,0
1,span-based,Mr. Morris,DN,0
1,span-based,Mr. Morris,DC,1
1,span-based,Lydia,N,1
1,span-based,Lydia,A,0
1,span-based,Lydia,C,0
1,span-based,Lydia,I,0
1,span-based,Lydia,DN,0
1,span-based,Lydia,DC,1
1,span-based,Mrs. Bennet,N,0
1,span-based,Mrs. Bennet,A,1
1,span-based,Mrs. Bennet,C,15
1,span-based,Mrs. Bennet,I,3
1,span-based,Mrs. Bennet,DN,4
1,span-based,Mrs. Bennet,DC,11
24,span-based,Lady Catherine de Bourgh,N,0
24,span-based,Lady Catherine de Bourgh,A,0
24,span-based,Lady Catherine de Bourgh,C,0
24,span-based,Lady Catherine de Bourgh,I,0
24,span-based,Lady Catherine de Bourgh,DN,0
24,span-based,Lady Catherine de Bourgh,DC,0
24,span-based,Elizabeth,N,14
24,span-based,Elizabeth,A,0
24,span-based,Elizabeth,C,13
24,span-based,Elizabeth,I,9
24,span-based,Elizabeth,DN,2
24,span-based,Elizabeth,DC,14
24,span-based,Mr. Darcy,N,4
24,span-based,Mr. Darcy,A,0
24,span-based,Mr. Darcy,C,0
24,span-based,Mr. Darcy,I,0
24,span-based,Mr. Darcy,DN,0
24,span-based,Mr. Darcy,DC,6
24,span-based,Jane,N,15
24,span-based,Jane,A,5
24,span-based,Jane,C,12
24,span-based,Jane,I,3
24,span-based,Jane,DN,2
24,span-based,Jane,DC,17
24,span-based,Colonel Fitzwilliam,N,0
24,span-based,Colonel Fitzwilliam,A,0
24,span-based,Colonel Fitzwilliam,C,0
24,span-based,Colonel Fitzwilliam,I,0
24,span-based,Colonel Fitzwilliam,DN,0
24,span-based,Colonel Fitzwilliam,DC,0
24,span-based,Miss Bingley,N,3
24,span-based,Miss Bingley,A,2
24,span-based,Miss Bingley,C,1
24,span-based,Miss Bingley,I,2
24,span-based,Miss Bingley,DN,0
24,span-based,Miss Bingley,DC,1
24,span-based,Mr. Bingley,N,3
24,span-based,Mr. Bingley,A,0
24,span-based,Mr. Bingley,C,0
24,span-based,Mr. Bingley,I,0
24,span-based,Mr. Bingley,DN,1
24,span-based,Mr. Bingley,DC,18
24,span-based,Mr. Collins,N,2
24,span-based,Mr. Collins,A,0
24,span-based,Mr. Collins,C,0
24,span-based,Mr. Collins,I,0
24,span-based,Mr. Collins,DN,0
24,span-based,Mr. Collins,DC,5
24,span-based,Mr. Gardiner,N,0
24,span-based,Mr. Gardiner,A,0
24,span-based,Mr. Gardiner,C,0
24,span-based,Mr. Gardiner,I,0
24,span-based,Mr. Gardiner,DN,0
24,span-based,Mr. Gardiner,DC,1
24,span-based,Charlotte Lucas,N,1
24,span-based,Charlotte Lucas,A,0
24,span-based,Charlotte Lucas,C,0
24,span-based,Charlotte Lucas,I,0
24,span-based,Charlotte Lucas,DN,0
24,span-based,Charlotte Lucas,DC,8
24,span-based,Wickham,N,1
24,span-based,Wickham,A,0
24,span-based,Wickham,C,0
24,span-based,Wickham,I,0
24,span-based,Wickham,DN,0
24,span-based,Wickham,DC,3
24,span-based,Miss Darcy,N,3
24,span-based,Miss Darcy,A,0
24,span-based,Miss Darcy,C,0
24,span-based,Miss Darcy,I,0
24,span-based,Miss Darcy,DN,0
24,span-based,Miss Darcy,DC,4
24,span-based,Mrs. Bennet,N,4
24,span-based,Mrs. Bennet,A,1
24,span-based,Mrs. Bennet,C,0
24,span-based,Mrs. Bennet,I,2
24,span-based,Mrs. Bennet,DN,0
24,span-based,Mrs. Bennet,DC,4
30,span-based,Lady Catherine de Bourgh,N,6
30,span-based,Lady Catherine de Bourgh,A,5
30,span-based,Lady Catherine de Bourgh,C,0
30,span-based,Lady Catherine de Bourgh,I,3
30,span-based,Lady Catherine de Bourgh,DN,2
30,span-based,Lady Catherine de Bourgh,DC,0
30,span-based,Elizabeth,N,9
30,span-based,Elizabeth,A,2
30,span-based,Elizabeth,C,1
30,span-based,Elizabeth,I,5
30,span-based,Elizabeth,DN,0
30,span-based,Elizabeth,DC,1
30,span-based,Mr. Darcy,N,4
30,span-based,Mr. Darcy,A,4
30,span-based,Mr. Darcy,C,0
30,span-based,Mr. Darcy,I,2
30,span-based,Mr. Darcy,DN,2
30,span-based,Mr. Darcy,DC,2
30,span-based,Jane,N,1
30,span-based,Jane,A,0
30,span-based,Jane,C,0
30,span-based,Jane,I,0
30,span-based,Jane,DN,0
30,span-based,Jane,DC,2
30,span-based,Colonel Fitzwilliam,N,3
30,span-based,Colonel Fitzwilliam,A,2
30,span-based,Colonel Fitzwilliam,C,0
30,span-based,Colonel Fitzwilliam,I,2
30,span-based,Colonel Fitzwilliam,DN,2
30,span-based,Colonel Fitzwilliam,DC,0
30,span-based,Miss Bingley,N,1
30,span-based,Miss Bingley,A,0
30,span-based,Miss Bingley,C,0
30,span-based,Miss Bingley,I,0
30,span-based,Miss Bingley,DN,0
30,span-based,Miss Bingley,DC,0
30,span-based,Mr. Collins,N,7
30,span-based,Mr. Collins,A,4
30,span-based,Mr. Collins,C,0
30,span-based,Mr. Collins,I,3
30,span-based,Mr. Collins,DN,0
30,span-based,Mr. Collins,DC,0
30,span-based,Sir William Lucas,N,3
30,span-based,Sir William Lucas,A,1
30,span-based,Sir William Lucas,C,0
30,span-based,Sir William Lucas,I,2
30,span-based,Sir William Lucas,DN,0
30,span-based,Sir William Lucas,DC,0
30,span-based,Charlotte Lucas,N,6
30,span-based,Charlotte Lucas,A,2
30,span-based,Charlotte Lucas,C,1
30,span-based,Charlotte Lucas,I,1
30,span-based,Charlotte Lucas,DN,0
30,span-based,Charlotte Lucas,DC,0
18,span-based,Elizabeth,N,30
18,span-based,Elizabeth,A,20
18,span-based,Elizabeth,C,26
18,span-based,Elizabeth,I,23
18,span-based,Elizabeth,DN,4
18,span-based,Elizabeth,DC,23
18,span-based,Lady Lucas,N,6
18,span-based,Lady Lucas,A,2
18,span-based,Lady Lucas,C,0
18,span-based,Lady Lucas,I,0
18,span-based,Lady Lucas,DN,0
18,span-based,Lady Lucas,DC,0
18,span-based,Mr. Darcy,N,32
18,span-based,Mr. Darcy,A,7
18,span-based,Mr. Darcy,C,17
18,span-based,Mr. Darcy,I,4
18,span-based,Mr. Darcy,DN,2
18,span-based,Mr. Darcy,DC,46
18,span-based,Mr. Bennet,N,2
18,span-based,Mr. Bennet,A,3
18,span-based,Mr. Bennet,C,2
18,span-based,Mr. Bennet,I,1
18,span-based,Mr. Bennet,DN,0
18,span-based,Mr. Bennet,DC,0
18,span-based,Jane,N,12
18,span-based,Jane,A,2
18,span-based,Jane,C,6
18,span-based,Jane,I,2
18,span-based,Jane,DN,1
18,span-based,Jane,DC,4
18,span-based,Miss Bingley,N,3
18,span-based,Miss Bingley,A,2
18,span-based,Miss Bingley,C,4
18,span-based,Miss Bingley,I,1
18,span-based,Miss Bingley,DN,1
18,span-based,Miss Bingley,DC,4
18,span-based,Mr. Collins,N,12
18,span-based,Mr. Collins,A,3
18,span-based,Mr. Collins,C,11
18,span-based,Mr. Collins,I,3
18,span-based,Mr. Collins,DN,3
18,span-based,Mr. Collins,DC,1
18,span-based,Mr. Bingley,N,12
18,span-based,Mr. Bingley,A,3
18,span-based,Mr. Bingley,C,1
18,span-based,Mr. Bingley,I,1
18,span-based,Mr. Bingley,DN,1
18,span-based,Mr. Bingley,DC,10
18,span-based,Mr. Denny,N,1
18,span-based,Mr. Denny,A,1
18,span-based,Mr. Denny,C,1
18,span-based,Mr. Denny,I,0
18,span-based,Mr. Denny,DN,1
18,span-based,Mr. Denny,DC,0
18,span-based,Mary,N,7
18,span-based,Mary,A,3
18,span-based,Mary,C,0
18,span-based,Mary,I,2
18,span-based,Mary,DN,1
18,span-based,Mary,DC,1
18,span-based,Sir William Lucas,N,1
18,span-based,Sir William Lucas,A,3
18,span-based,Sir William Lucas,C,1
18,span-based,Sir William Lucas,I,0
18,span-based,Sir William Lucas,DN,1
18,span-based,Sir William Lucas,DC,2
18,span-based,Lydia,N,3
18,span-based,Lydia,A,1
18,span-based,Lydia,C,1
18,span-based,Lydia,I,0
18,span-based,Lydia,DN,1
18,span-based,Lydia,DC,0
18,span-based,Charlotte Lucas,N,2
18,span-based,Charlotte Lucas,A,2
18,span-based,Charlotte Lucas,C,1
18,span-based,Charlotte Lucas,I,0
18,span-based,Charlotte Lucas,DN,1
18,span-based,Charlotte Lucas,DC,1
18,span-based,Wickham,N,3
18,span-based,Wickham,A,0
18,span-based,Wickham,C,0
18,span-based,Wickham,I,0
18,span-based,Wickham,DN,1
18,span-based,Wickham,DC,10
18,span-based,Mrs. Bennet,N,7
18,span-based,Mrs. Bennet,A,4
18,span-based,Mrs. Bennet,C,1
18,span-based,Mrs. Bennet,I,4
18,span-based,Mrs. Bennet,DN,2
18,span-based,Mrs. Bennet,DC,3
26,span-based,Lady Catherine de Bourgh,N,0
26,span-based,Lady Catherine de Bourgh,A,0
26,span-based,Lady Catherine de Bourgh,C,0
26,span-based,Lady Catherine de Bourgh,I,0
26,span-based,Lady Catherine de Bourgh,DN,0
26,span-based,Lady Catherine de Bourgh,DC,0
26,span-based,Jane,N,7
26,span-based,Jane,A,0
26,span-based,Jane,C,5
26,span-based,Jane,I,4
26,span-based,Jane,DN,2
26,span-based,Jane,DC,1
26,span-based,Miss Bingley,N,8
26,span-based,Miss Bingley,A,0
26,span-based,Miss Bingley,C,0
26,span-based,Miss Bingley,I,1
26,span-based,Miss Bingley,DN,0
26,span-based,Miss Bingley,DC,13
26,span-based,Mr. Collins,N,2
26,span-based,Mr. Collins,A,0
26,span-based,Mr. Collins,C,0
26,span-based,Mr. Collins,I,0
26,span-based,Mr. Collins,DN,1
26,span-based,Mr. Collins,DC,1
26,span-based,Mr. Philips,N,0
26,span-based,Mr. Philips,A,0
26,span-based,Mr. Philips,C,0
26,span-based,Mr. Philips,I,0
26,span-based,Mr. Philips,DN,0
26,span-based,Mr. Philips,DC,0
26,span-based,Miss Darcy,N,2
26,span-based,Miss Darcy,A,0
26,span-based,Miss Darcy,C,0
26,span-based,Miss Darcy,I,0
26,span-based,Miss Darcy,DN,0
26,span-based,Miss Darcy,DC,3
26,span-based,Wickham,N,3
26,span-based,Wickham,A,0
26,span-based,Wickham,C,0
26,span-based,Wickham,I,0
26,span-based,Wickham,DN,0
26,span-based,Wickham,DC,3
26,span-based,Mrs. Bennet,N,1
26,span-based,Mrs. Bennet,A,0
26,span-based,Mrs. Bennet,C,1
26,span-based,Mrs. Bennet,I,1
26,span-based,Mrs. Bennet,DN,1
26,span-based,Mrs. Bennet,DC,2
26,span-based,Kitty,N,1
26,span-based,Kitty,A,0
26,span-based,Kitty,C,0
26,span-based,Kitty,I,0
26,span-based,Kitty,DN,0
26,span-based,Kitty,DC,1
26,span-based,Mrs. Gardiner,N,10
26,span-based,Mrs. Gardiner,A,2
26,span-based,Mrs. Gardiner,C,5
26,span-based,Mrs. Gardiner,I,1
26,span-based,Mrs. Gardiner,DN,1
26,span-based,Mrs. Gardiner,DC,4
26,span-based,Mr. Hurst,N,0
26,span-based,Mr. Hurst,A,0
26,span-based,Mr. Hurst,C,0
26,span-based,Mr. Hurst,I,0
26,span-based,Mr. Hurst,DN,0
26,span-based,Mr. Hurst,DC,0
26,span-based,Lydia,N,1
26,span-based,Lydia,A,0
26,span-based,Lydia,C,0
26,span-based,Lydia,I,0
26,span-based,Lydia,DN,0
26,span-based,Lydia,DC,1
26,span-based,Mr. Darcy,N,3
26,span-based,Mr. Darcy,A,0
26,span-based,Mr. Darcy,C,0
26,span-based,Mr. Darcy,I,0
26,span-based,Mr. Darcy,DN,0
26,span-based,Mr. Darcy,DC,9
26,span-based,Elizabeth,N,19
26,span-based,Elizabeth,A,3
26,span-based,Elizabeth,C,6
26,span-based,Elizabeth,I,9
26,span-based,Elizabeth,DN,1
26,span-based,Elizabeth,DC,21
26,span-based,Mr. Bingley,N,1
26,span-based,Mr. Bingley,A,0
26,span-based,Mr. Bingley,C,0
26,span-based,Mr. Bingley,I,0
26,span-based,Mr. Bingley,DN,0
26,span-based,Mr. Bingley,DC,8
26,span-based,Miss King,N,1
26,span-based,Miss King,A,0
26,span-based,Miss King,C,0
26,span-based,Miss King,I,0
26,span-based,Miss King,DN,0
26,span-based,Miss King,DC,3
26,span-based,Sir William Lucas,N,0
26,span-based,Sir William Lucas,A,0
26,span-based,Sir William Lucas,C,0
26,span-based,Sir William Lucas,I,0
26,span-based,Sir William Lucas,DN,0
26,span-based,Sir William Lucas,DC,1
26,span-based,Mrs. Philips,N,0
26,span-based,Mrs. Philips,A,0
26,span-based,Mrs. Philips,C,0
26,span-based,Mrs. Philips,I,0
26,span-based,Mrs. Philips,DN,0
26,span-based,Mrs. Philips,DC,0
26,span-based,Mr. Gardiner,N,0
26,span-based,Mr. Gardiner,A,0
26,span-based,Mr. Gardiner,C,0
26,span-based,Mr. Gardiner,I,0
26,span-based,Mr. Gardiner,DN,0
26,span-based,Mr. Gardiner,DC,1
26,span-based,Charlotte Lucas,N,6
26,span-based,Charlotte Lucas,A,3
26,span-based,Charlotte Lucas,C,7
26,span-based,Charlotte Lucas,I,0
26,span-based,Charlotte Lucas,DN,2
26,span-based,Charlotte Lucas,DC,0
32,span-based,Lady Catherine de Bourgh,N,3
32,span-based,Lady Catherine de Bourgh,A,0
32,span-based,Lady Catherine de Bourgh,C,0
32,span-based,Lady Catherine de Bourgh,I,0
32,span-based,Lady Catherine de Bourgh,DN,0
32,span-based,Lady Catherine de Bourgh,DC,2
32,span-based,Mr. Darcy,N,7
32,span-based,Mr. Darcy,A,6
32,span-based,Mr. Darcy,C,13
32,span-based,Mr. Darcy,I,4
32,span-based,Mr. Darcy,DN,4
32,span-based,Mr. Darcy,DC,5
32,span-based,Jane,N,2
32,span-based,Jane,A,0
32,span-based,Jane,C,0
32,span-based,Jane,I,0
32,span-based,Jane,DN,0
32,span-based,Jane,DC,0
32,span-based,Colonel Fitzwilliam,N,4
32,span-based,Colonel Fitzwilliam,A,2
32,span-based,Colonel Fitzwilliam,C,0
32,span-based,Colonel Fitzwilliam,I,1
32,span-based,Colonel Fitzwilliam,DN,1
32,span-based,Colonel Fitzwilliam,DC,0
32,span-based,Mr. Collins,N,3
32,span-based,Mr. Collins,A,1
32,span-based,Mr. Collins,C,0
32,span-based,Mr. Collins,I,0
32,span-based,Mr. Collins,DN,0
32,span-based,Mr. Collins,DC,4
32,span-based,Mr. Bingley,N,3
32,span-based,Mr. Bingley,A,0
32,span-based,Mr. Bingley,C,0
32,span-based,Mr. Bingley,I,0
32,span-based,Mr. Bingley,DN,0
32,span-based,Mr. Bingley,DC,9
32,span-based,Charlotte Lucas,N,0
32,span-based,Charlotte Lucas,A,2
32,span-based,Charlotte Lucas,C,2
32,span-based,Charlotte Lucas,I,2
32,span-based,Charlotte Lucas,DN,0
32,span-based,Charlotte Lucas,DC,6
32,span-based,Mrs. Bennet,N,5
32,span-based,Mrs. Bennet,A,0
32,span-based,Mrs. Bennet,C,0
32,span-based,Mrs. Bennet,I,0
32,span-based,Mrs. Bennet,DN,0
32,span-based,Mrs. Bennet,DC,0
3,span-based,Elizabeth,N,3
3,span-based,Elizabeth,A,3
3,span-based,Elizabeth,C,0
3,span-based,Elizabeth,I,2
3,span-based,Elizabeth,DN,1
3,span-based,Elizabeth,DC,2
3,span-based,Lady Lucas,N,2
3,span-based,Lady Lucas,A,1
3,span-based,Lady Lucas,C,0
3,span-based,Lady Lucas,I,2
3,span-based,Lady Lucas,DN,0
3,span-based,Lady Lucas,DC,0
3,span-based,Mr. Bennet,N,4
3,span-based,Mr. Bennet,A,3
3,span-based,Mr. Bennet,C,2
3,span-based,Mr. Bennet,I,2
3,span-based,Mr. Bennet,DN,0
3,span-based,Mr. Bennet,DC,3
3,span-based,Jane,N,5
3,span-based,Jane,A,2
3,span-based,Jane,C,0
3,span-based,Jane,I,2
3,span-based,Jane,DN,1
3,span-based,Jane,DC,9
3,span-based,Kitty,N,1
3,span-based,Kitty,A,1
3,span-based,Kitty,C,0
3,span-based,Kitty,I,1
3,span-based,Kitty,DN,0
3,span-based,Kitty,DC,0
3,span-based,Miss Bingley,N,2
3,span-based,Miss Bingley,A,1
3,span-based,Miss Bingley,C,0
3,span-based,Miss Bingley,I,1
3,span-based,Miss Bingley,DN,0
3,span-based,Miss Bingley,DC,2
3,span-based,Mr. Bingley,N,13
3,span-based,Mr. Bingley,A,5
3,span-based,Mr. Bingley,C,6
3,span-based,Mr. Bingley,I,4
3,span-based,Mr. Bingley,DN,3
3,span-based,Mr. Bingley,DC,16
3,span-based,Mr. Hurst,N,1
3,span-based,Mr. Hurst,A,1
3,span-based,Mr. Hurst,C,0
3,span-based,Mr. Hurst,I,0
3,span-based,Mr. Hurst,DN,1
3,span-based,Mr. Hurst,DC,1
3,span-based,Mary,N,2
3,span-based,Mary,A,1
3,span-based,Mary,C,0
3,span-based,Mary,I,1
3,span-based,Mary,DN,0
3,span-based,Mary,DC,0
3,span-based,Sir William Lucas,N,0
3,span-based,Sir William Lucas,A,0
3,span-based,Sir William Lucas,C,0
3,span-based,Sir William Lucas,I,0
3,span-based,Sir William Lucas,DN,0
3,span-based,Sir William Lucas,DC,0
3,span-based,Lydia,N,1
3,span-based,Lydia,A,1
3,span-based,Lydia,C,0
3,span-based,Lydia,I,1
3,span-based,Lydia,DN,0
3,span-based,Lydia,DC,0
3,span-based,Mr. Darcy,N,6
3,span-based,Mr. Darcy,A,3
3,span-based,Mr. Darcy,C,3
3,span-based,Mr. Darcy,I,3
3,span-based,Mr. Darcy,DN,3
3,span-based,Mr. Darcy,DC,11
3,span-based,Maria Lucas,N,2
3,span-based,Maria Lucas,A,1
3,span-based,Maria Lucas,C,0
3,span-based,Maria Lucas,I,0
3,span-based,Maria Lucas,DN,0
3,span-based,Maria Lucas,DC,2
3,span-based,Mrs. Bennet,N,7
3,span-based,Mrs. Bennet,A,4
3,span-based,Mrs. Bennet,C,8
3,span-based,Mrs. Bennet,I,3
3,span-based,Mrs. Bennet,DN,1
3,span-based,Mrs. Bennet,DC,0
2,span-based,Elizabeth,N,3
2,span-based,Elizabeth,A,1
2,span-based,Elizabeth,C,3
2,span-based,Elizabeth,I,2
2,span-based,Elizabeth,DN,0
2,span-based,Elizabeth,DC,3
2,span-based,Mrs. Long,N,4
2,span-based,Mrs. Long,A,0
2,span-based,Mrs. Long,C,0
2,span-based,Mrs. Long,I,1
2,span-based,Mrs. Long,DN,0
2,span-based,Mrs. Long,DC,9
2,span-based,Mr. Bennet,N,6
2,span-based,Mr. Bennet,A,4
2,span-based,Mr. Bennet,C,12
2,span-based,Mr. Bennet,I,4
2,span-based,Mr. Bennet,DN,1
2,span-based,Mr. Bennet,DC,8
2,span-based,Kitty,N,4
2,span-based,Kitty,A,1
2,span-based,Kitty,C,4
2,span-based,Kitty,I,1
2,span-based,Kitty,DN,1
2,span-based,Kitty,DC,5
2,span-based,Mr. Bingley,N,7
2,span-based,Mr. Bingley,A,0
2,span-based,Mr. Bingley,C,0
2,span-based,Mr. Bingley,I,0
2,span-based,Mr. Bingley,DN,0
2,span-based,Mr. Bingley,DC,14
2,span-based,Mary,N,3
2,span-based,Mary,A,0
2,span-based,Mary,C,0
2,span-based,Mary,I,1
2,span-based,Mary,DN,0
2,span-based,Mary,DC,3
2,span-based,Lydia,N,2
2,span-based,Lydia,A,0
2,span-based,Lydia,C,2
2,span-based,Lydia,I,1
2,span-based,Lydia,DN,0
2,span-based,Lydia,DC,1
2,span-based,Mrs. Bennet,N,3
2,span-based,Mrs. Bennet,A,2
2,span-based,Mrs. Bennet,C,11
2,span-based,Mrs. Bennet,I,3
2,span-based,Mrs. Bennet,DN,3
2,span-based,Mrs. Bennet,DC,7
33,span-based,Lady Catherine de Bourgh,N,0
33,span-based,Lady Catherine de Bourgh,A,0
33,span-based,Lady Catherine de Bourgh,C,0
33,span-based,Lady Catherine de Bourgh,I,0
33,span-based,Lady Catherine de Bourgh,DN,0
33,span-based,Lady Catherine de Bourgh,DC,0
33,span-based,Mr. Darcy,N,11
33,span-based,Mr. Darcy,A,2
33,span-based,Mr. Darcy,C,0
33,span-based,Mr. Darcy,I,0
33,span-based,Mr. Darcy,DN,2
33,span-based,Mr. Darcy,DC,34
33,span-based,Mr. Bennet,N,0
33,span-based,Mr. Bennet,A,0
33,span-based,Mr. Bennet,C,0
33,span-based,Mr. Bennet,I,0
33,span-based,Mr. Bennet,DN,0
33,span-based,Mr. Bennet,DC,1
33,span-based,Jane,N,1
33,span-based,Jane,A,0
33,span-based,Jane,C,0
33,span-based,Jane,I,1
33,span-based,Jane,DN,0
33,span-based,Jane,DC,4
33,span-based,Colonel Fitzwilliam,N,5
33,span-based,Colonel Fitzwilliam,A,3
33,span-based,Colonel Fitzwilliam,C,31
33,span-based,Colonel Fitzwilliam,I,0
33,span-based,Colonel Fitzwilliam,DN,2
33,span-based,Colonel Fitzwilliam,DC,3
33,span-based,Miss Bingley,N,2
33,span-based,Miss Bingley,A,0
33,span-based,Miss Bingley,C,0
33,span-based,Miss Bingley,I,0
33,span-based,Miss Bingley,DN,0
33,span-based,Miss Bingley,DC,3
33,span-based,Mr. Bingley,N,3
33,span-based,Mr. Bingley,A,0
33,span-based,Mr. Bingley,C,0
33,span-based,Mr. Bingley,I,0
33,span-based,Mr. Bingley,DN,0
33,span-based,Mr. Bingley,DC,8
33,span-based,Mr. Gardiner,N,0
33,span-based,Mr. Gardiner,A,0
33,span-based,Mr. Gardiner,C,0
33,span-based,Mr. Gardiner,I,0
33,span-based,Mr. Gardiner,DN,0
33,span-based,Mr. Gardiner,DC,0
33,span-based,Mr. Collins,N,0
33,span-based,Mr. Collins,A,0
33,span-based,Mr. Collins,C,0
33,span-based,Mr. Collins,I,1
33,span-based,Mr. Collins,DN,0
33,span-based,Mr. Collins,DC,0
33,span-based,Mrs. Hurst,N,1
33,span-based,Mrs. Hurst,A,0
33,span-based,Mrs. Hurst,C,0
33,span-based,Mrs. Hurst,I,0
33,span-based,Mrs. Hurst,DN,0
33,span-based,Mrs. Hurst,DC,1
33,span-based,Miss Darcy,N,2
33,span-based,Miss Darcy,A,0
33,span-based,Miss Darcy,C,0
33,span-based,Miss Darcy,I,0
33,span-based,Miss Darcy,DN,0
33,span-based,Miss Darcy,DC,5
33,span-based,Mrs. Bennet,N,0
33,span-based,Mrs. Bennet,A,0
33,span-based,Mrs. Bennet,C,0
33,span-based,Mrs. Bennet,I,0
33,span-based,Mrs. Bennet,DN,0
33,span-based,Mrs. Bennet,DC,0
27,span-based,Elizabeth,N,8
27,span-based,Elizabeth,A,3
27,span-based,Elizabeth,C,9
27,span-based,Elizabeth,I,10
27,span-based,Elizabeth,DN,1
27,span-based,Elizabeth,DC,5
27,span-based,Jane,N,4
27,span-based,Jane,A,2
27,span-based,Jane,C,2
27,span-based,Jane,I,1
27,span-based,Jane,DN,1
27,span-based,Jane,DC,0
27,span-based,Miss Bingley,N,1
27,span-based,Miss Bingley,A,0
27,span-based,Miss Bingley,C,0
27,span-based,Miss Bingley,I,1
27,span-based,Miss Bingley,DN,0
27,span-based,Miss Bingley,DC,0
27,span-based,Mrs. Gardiner,N,3
27,span-based,Mrs. Gardiner,A,2
27,span-based,Mrs. Gardiner,C,8
27,span-based,Mrs. Gardiner,I,1
27,span-based,Mrs. Gardiner,DN,0
27,span-based,Mrs. Gardiner,DC,3
27,span-based,Sir William Lucas,N,1
27,span-based,Sir William Lucas,A,1
27,span-based,Sir William Lucas,C,0
27,span-based,Sir William Lucas,I,1
27,span-based,Sir William Lucas,DN,1
27,span-based,Sir William Lucas,DC,0
27,span-based,Wickham,N,1
27,span-based,Wickham,A,1
27,span-based,Wickham,C,0
27,span-based,Wickham,I,1
27,span-based,Wickham,DN,0
27,span-based,Wickham,DC,11
27,span-based,Mr. Gardiner,N,1
27,span-based,Mr. Gardiner,A,0
27,span-based,Mr. Gardiner,C,0
27,span-based,Mr. Gardiner,I,0
27,span-based,Mr. Gardiner,DN,0
27,span-based,Mr. Gardiner,DC,0
27,span-based,Charlotte Lucas,N,0
27,span-based,Charlotte Lucas,A,0
27,span-based,Charlotte Lucas,C,0
27,span-based,Charlotte Lucas,I,0
27,span-based,Charlotte Lucas,DN,0
27,span-based,Charlotte Lucas,DC,0
27,span-based,Maria Lucas,N,0
27,span-based,Maria Lucas,A,0
27,span-based,Maria Lucas,C,0
27,span-based,Maria Lucas,I,0
27,span-based,Maria Lucas,DN,1
27,span-based,Maria Lucas,DC,0
23,span-based,Elizabeth,N,12
23,span-based,Elizabeth,A,5
23,span-based,Elizabeth,C,0
23,span-based,Elizabeth,I,7
23,span-based,Elizabeth,DN,3
23,span-based,Elizabeth,DC,1
23,span-based,Lady Lucas,N,2
23,span-based,Lady Lucas,A,1
23,span-based,Lady Lucas,C,0
23,span-based,Lady Lucas,I,1
23,span-based,Lady Lucas,DN,2
23,span-based,Lady Lucas,DC,0
23,span-based,Mr. Bennet,N,5
23,span-based,Mr. Bennet,A,0
23,span-based,Mr. Bennet,C,4
23,span-based,Mr. Bennet,I,2
23,span-based,Mr. Bennet,DN,2
23,span-based,Mr. Bennet,DC,2
23,span-based,Jane,N,8
23,span-based,Jane,A,0
23,span-based,Jane,C,0
23,span-based,Jane,I,2
23,span-based,Jane,DN,1
23,span-based,Jane,DC,0
23,span-based,Kitty,N,1
23,span-based,Kitty,A,0
23,span-based,Kitty,C,0
23,span-based,Kitty,I,2
23,span-based,Kitty,DN,1
23,span-based,Kitty,DC,0
23,span-based,Mr. Collins,N,9
23,span-based,Mr. Collins,A,4
23,span-based,Mr. Collins,C,0
23,span-based,Mr. Collins,I,2
23,span-based,Mr. Collins,DN,2
23,span-based,Mr. Collins,DC,3
23,span-based,Mr. Bingley,N,1
23,span-based,Mr. Bingley,A,0
23,span-based,Mr. Bingley,C,0
23,span-based,Mr. Bingley,I,0
23,span-based,Mr. Bingley,DN,0
23,span-based,Mr. Bingley,DC,0
23,span-based,Sir William Lucas,N,1
23,span-based,Sir William Lucas,A,3
23,span-based,Sir William Lucas,C,0
23,span-based,Sir William Lucas,I,0
23,span-based,Sir William Lucas,DN,0
23,span-based,Sir William Lucas,DC,2
23,span-based,Lydia,N,2
23,span-based,Lydia,A,1
23,span-based,Lydia,C,1
23,span-based,Lydia,I,1
23,span-based,Lydia,DN,1
23,span-based,Lydia,DC,0
23,span-based,Charlotte Lucas,N,5
23,span-based,Charlotte Lucas,A,0
23,span-based,Charlotte Lucas,C,0
23,span-based,Charlotte Lucas,I,0
23,span-based,Charlotte Lucas,DN,1
23,span-based,Charlotte Lucas,DC,2
23,span-based,Mrs. Bennet,N,9
23,span-based,Mrs. Bennet,A,3
23,span-based,Mrs. Bennet,C,5
23,span-based,Mrs. Bennet,I,16
23,span-based,Mrs. Bennet,DN,10
23,span-based,Mrs. Bennet,DC,3
37,span-based,Lady Catherine de Bourgh,N,10
37,span-based,Lady Catherine de Bourgh,A,7
37,span-based,Lady Catherine de Bourgh,C,7
37,span-based,Lady Catherine de Bourgh,I,0
37,span-based,Lady Catherine de Bourgh,DN,0
37,span-based,Lady Catherine de Bourgh,DC,3
37,span-based,Elizabeth,N,4
37,span-based,Elizabeth,A,6
37,span-based,Elizabeth,C,6
37,span-based,Elizabeth,I,12
37,span-based,Elizabeth,DN,1
37,span-based,Elizabeth,DC,10
37,span-based,Mr. Darcy,N,3
37,span-based,Mr. Darcy,A,2
37,span-based,Mr. Darcy,C,0
37,span-based,Mr. Darcy,I,0
37,span-based,Mr. Darcy,DN,0
37,span-based,Mr. Darcy,DC,4
37,span-based,Mr. Bennet,N,0
37,span-based,Mr. Bennet,A,1
37,span-based,Mr. Bennet,C,0
37,span-based,Mr. Bennet,I,0
37,span-based,Mr. Bennet,DN,0
37,span-based,Mr. Bennet,DC,3
37,span-based,Jane,N,4
37,span-based,Jane,A,2
37,span-based,Jane,C,0
37,span-based,Jane,I,0
37,span-based,Jane,DN,0
37,span-based,Jane,DC,1
37,span-based,Colonel Fitzwilliam,N,1
37,span-based,Colonel Fitzwilliam,A,1
37,span-based,Colonel Fitzwilliam,C,0
37,span-based,Colonel Fitzwilliam,I,1
37,span-based,Colonel Fitzwilliam,DN,0
37,span-based,Colonel Fitzwilliam,DC,1
37,span-based,Kitty,N,9
37,span-based,Kitty,A,0
37,span-based,Kitty,C,0
37,span-based,Kitty,I,0
37,span-based,Kitty,DN,0
37,span-based,Kitty,DC,0
37,span-based,Mr. Bingley,N,0
37,span-based,Mr. Bingley,A,0
37,span-based,Mr. Bingley,C,0
37,span-based,Mr. Bingley,I,0
37,span-based,Mr. Bingley,DN,0
37,span-based,Mr. Bingley,DC,0
37,span-based,Miss de Bourgh,N,1
37,span-based,Miss de Bourgh,A,2
37,span-based,Miss de Bourgh,C,0
37,span-based,Miss de Bourgh,I,0
37,span-based,Miss de Bourgh,DN,1
37,span-based,Miss de Bourgh,DC,0
37,span-based,Lydia,N,3
37,span-based,Lydia,A,0
37,span-based,Lydia,C,0
37,span-based,Lydia,I,0
37,span-based,Lydia,DN,0
37,span-based,Lydia,DC,0
37,span-based,Mr. Collins,N,2
37,span-based,Mr. Collins,A,4
37,span-based,Mr. Collins,C,0
37,span-based,Mr. Collins,I,0
37,span-based,Mr. Collins,DN,1
37,span-based,Mr. Collins,DC,2
37,span-based,Wickham,N,1
37,span-based,Wickham,A,0
37,span-based,Wickham,C,0
37,span-based,Wickham,I,0
37,span-based,Wickham,DN,0
37,span-based,Wickham,DC,0
37,span-based,Mrs. Bennet,N,3
37,span-based,Mrs. Bennet,A,1
37,span-based,Mrs. Bennet,C,0
37,span-based,Mrs. Bennet,I,0
37,span-based,Mrs. Bennet,DN,0
37,span-based,Mrs. Bennet,DC,3
6,span-based,Elizabeth,N,16
6,span-based,Elizabeth,A,6
6,span-based,Elizabeth,C,16
6,span-based,Elizabeth,I,6
6,span-based,Elizabeth,DN,4
6,span-based,Elizabeth,DC,11
6,span-based,Mr. Darcy,N,14
6,span-based,Mr. Darcy,A,6
6,span-based,Mr. Darcy,C,8
6,span-based,Mr. Darcy,I,7
6,span-based,Mr. Darcy,DN,5
6,span-based,Mr. Darcy,DC,20
6,span-based,Jane,N,10
6,span-based,Jane,A,1
6,span-based,Jane,C,0
6,span-based,Jane,I,1
6,span-based,Jane,DN,1
6,span-based,Jane,DC,16
6,span-based,Kitty,N,0
6,span-based,Kitty,A,1
6,span-based,Kitty,C,0
6,span-based,Kitty,I,0
6,span-based,Kitty,DN,0
6,span-based,Kitty,DC,0
6,span-based,Miss Bingley,N,4
6,span-based,Miss Bingley,A,1
6,span-based,Miss Bingley,C,5
6,span-based,Miss Bingley,I,1
6,span-based,Miss Bingley,DN,0
6,span-based,Miss Bingley,DC,3
6,span-based,Mr. Bingley,N,1
6,span-based,Mr. Bingley,A,1
6,span-based,Mr. Bingley,C,0
6,span-based,Mr. Bingley,I,0
6,span-based,Mr. Bingley,DN,0
6,span-based,Mr. Bingley,DC,15
6,span-based,Mary,N,3
6,span-based,Mary,A,3
6,span-based,Mary,C,0
6,span-based,Mary,I,2
6,span-based,Mary,DN,2
6,span-based,Mary,DC,0
6,span-based,Sir William Lucas,N,2
6,span-based,Sir William Lucas,A,3
6,span-based,Sir William Lucas,C,10
6,span-based,Sir William Lucas,I,0
6,span-based,Sir William Lucas,DN,1
6,span-based,Sir William Lucas,DC,2
6,span-based,Colonel Forster,N,2
6,span-based,Colonel Forster,A,1
6,span-based,Colonel Forster,C,0
6,span-based,Colonel Forster,I,0
6,span-based,Colonel Forster,DN,0
6,span-based,Colonel Forster,DC,2
6,span-based,Lydia,N,0
6,span-based,Lydia,A,0
6,span-based,Lydia,C,0
6,span-based,Lydia,I,0
6,span-based,Lydia,DN,0
6,span-based,Lydia,DC,0
6,span-based,Charlotte Lucas,N,8
6,span-based,Charlotte Lucas,A,2
6,span-based,Charlotte Lucas,C,10
6,span-based,Charlotte Lucas,I,1
6,span-based,Charlotte Lucas,DN,0
6,span-based,Charlotte Lucas,DC,1
6,span-based,Mrs. Hurst,N,1
6,span-based,Mrs. Hurst,A,0
6,span-based,Mrs. Hurst,C,0
6,span-based,Mrs. Hurst,I,0
6,span-based,Mrs. Hurst,DN,0
6,span-based,Mrs. Hurst,DC,0
6,span-based,Mrs. Bennet,N,0
6,span-based,Mrs. Bennet,A,0
6,span-based,Mrs. Bennet,C,0
6,span-based,Mrs. Bennet,I,0
6,span-based,Mrs. Bennet,DN,0
6,span-based,Mrs. Bennet,DC,0
7,span-based,Elizabeth,N,17
7,span-based,Elizabeth,A,16
7,span-based,Elizabeth,C,6
7,span-based,Elizabeth,I,4
7,span-based,Elizabeth,DN,3
7,span-based,Elizabeth,DC,7
7,span-based,Mr. Bennet,N,5
7,span-based,Mr. Bennet,A,3
7,span-based,Mr. Bennet,C,9
7,span-based,Mr. Bennet,I,2
7,span-based,Mr. Bennet,DN,1
7,span-based,Mr. Bennet,DC,6
7,span-based,Jane,N,17
7,span-based,Jane,A,3
7,span-based,Jane,C,3
7,span-based,Jane,I,1
7,span-based,Jane,DN,0
7,span-based,Jane,DC,13
7,span-based,Miss Bingley,N,6
7,span-based,Miss Bingley,A,3
7,span-based,Miss Bingley,C,3
7,span-based,Miss Bingley,I,1
7,span-based,Miss Bingley,DN,1
7,span-based,Miss Bingley,DC,1
7,span-based,Mrs. Philips,N,1
7,span-based,Mrs. Philips,A,0
7,span-based,Mrs. Philips,C,0
7,span-based,Mrs. Philips,I,0
7,span-based,Mrs. Philips,DN,0
7,span-based,Mrs. Philips,DC,1
7,span-based,Mr. Bingley,N,3
7,span-based,Mr. Bingley,A,0
7,span-based,Mr. Bingley,C,0
7,span-based,Mr. Bingley,I,1
7,span-based,Mr. Bingley,DN,1
7,span-based,Mr. Bingley,DC,6
7,span-based,Mr. Hurst,N,1
7,span-based,Mr. Hurst,A,0
7,span-based,Mr. Hurst,C,0
7,span-based,Mr. Hurst,I,1
7,span-based,Mr. Hurst,DN,0
7,span-based,Mr. Hurst,DC,1
7,span-based,Mary,N,1
7,span-based,Mary,A,1
7,span-based,Mary,C,2
7,span-based,Mary,I,1
7,span-based,Mary,DN,0
7,span-based,Mary,DC,1
7,span-based,Sir William Lucas,N,1
7,span-based,Sir William Lucas,A,0
7,span-based,Sir William Lucas,C,0
7,span-based,Sir William Lucas,I,0
7,span-based,Sir William Lucas,DN,0
7,span-based,Sir William Lucas,DC,1
7,span-based,Colonel Forster,N,2
7,span-based,Colonel Forster,A,0
7,span-based,Colonel Forster,C,0
7,span-based,Colonel Forster,I,0
7,span-based,Colonel Forster,DN,0
7,span-based,Colonel Forster,DC,2
7,span-based,Lydia,N,6
7,span-based,Lydia,A,3
7,span-based,Lydia,C,6
7,span-based,Lydia,I,1
7,span-based,Lydia,DN,3
7,span-based,Lydia,DC,1
7,span-based,Captain Carter,N,3
7,span-based,Captain Carter,A,0
7,span-based,Captain Carter,C,0
7,span-based,Captain Carter,I,0
7,span-based,Captain Carter,DN,0
7,span-based,Captain Carter,DC,2
7,span-based,Mr. Darcy,N,1
7,span-based,Mr. Darcy,A,1
7,span-based,Mr. Darcy,C,0
7,span-based,Mr. Darcy,I,1
7,span-based,Mr. Darcy,DN,1
7,span-based,Mr. Darcy,DC,0
7,span-based,Mr. Philips,N,2
7,span-based,Mr. Philips,A,0
7,span-based,Mr. Philips,C,0
7,span-based,Mr. Philips,I,0
7,span-based,Mr. Philips,DN,0
7,span-based,Mr. Philips,DC,0
7,span-based,Mrs. Bennet,N,5
7,span-based,Mrs. Bennet,A,4
7,span-based,Mrs. Bennet,C,13
7,span-based,Mrs. Bennet,I,2
7,span-based,Mrs. Bennet,DN,1
7,span-based,Mrs. Bennet,DC,4
36,span-based,Lady Catherine de Bourgh,N,0
36,span-based,Lady Catherine de Bourgh,A,0
36,span-based,Lady Catherine de Bourgh,C,0
36,span-based,Lady Catherine de Bourgh,I,0
36,span-based,Lady Catherine de Bourgh,DN,0
36,span-based,Lady Catherine de Bourgh,DC,0
36,span-based,Jane,N,6
36,span-based,Jane,A,0
36,span-based,Jane,C,0
36,span-based,Jane,I,1
36,span-based,Jane,DN,1
36,span-based,Jane,DC,1
36,span-based,Colonel Fitzwilliam,N,4
36,span-based,Colonel Fitzwilliam,A,2
36,span-based,Colonel Fitzwilliam,C,0
36,span-based,Colonel Fitzwilliam,I,2
36,span-based,Colonel Fitzwilliam,DN,0
36,span-based,Colonel Fitzwilliam,DC,0
36,span-based,Mr. Bingley,N,2
36,span-based,Mr. Bingley,A,0
36,span-based,Mr. Bingley,C,0
36,span-based,Mr. Bingley,I,1
36,span-based,Mr. Bingley,DN,1
36,span-based,Mr. Bingley,DC,1
36,span-based,Mr. Gardiner,N,0
36,span-based,Mr. Gardiner,A,0
36,span-based,Mr. Gardiner,C,0
36,span-based,Mr. Gardiner,I,0
36,span-based,Mr. Gardiner,DN,0
36,span-based,Mr. Gardiner,DC,0
36,span-based,Wickham,N,2
36,span-based,Wickham,A,0
36,span-based,Wickham,C,0
36,span-based,Wickham,I,1
36,span-based,Wickham,DN,0
36,span-based,Wickham,DC,1
36,span-based,Miss Darcy,N,0
36,span-based,Miss Darcy,A,0
36,span-based,Miss Darcy,C,0
36,span-based,Miss Darcy,I,0
36,span-based,Miss Darcy,DN,0
36,span-based,Miss Darcy,DC,0
36,span-based,Mrs. Bennet,N,0
36,span-based,Mrs. Bennet,A,0
36,span-based,Mrs. Bennet,C,0
36,span-based,Mrs. Bennet,I,2
36,span-based,Mrs. Bennet,DN,0
36,span-based,Mrs. Bennet,DC,0
22,span-based,Elizabeth,N,10
22,span-based,Elizabeth,A,1
22,span-based,Elizabeth,C,4
22,span-based,Elizabeth,I,5
22,span-based,Elizabeth,DN,0
22,span-based,Elizabeth,DC,7
22,span-based,Lady Lucas,N,2
22,span-based,Lady Lucas,A,1
22,span-based,Lady Lucas,C,0
22,span-based,Lady Lucas,I,1
22,span-based,Lady Lucas,DN,0
22,span-based,Lady Lucas,DC,0
22,span-based,Mr. Darcy,N,0
22,span-based,Mr. Darcy,A,0
22,span-based,Mr. Darcy,C,0
22,span-based,Mr. Darcy,I,0
22,span-based,Mr. Darcy,DN,0
22,span-based,Mr. Darcy,DC,0
22,span-based,Mr. Bennet,N,2
22,span-based,Mr. Bennet,A,1
22,span-based,Mr. Bennet,C,2
22,span-based,Mr. Bennet,I,2
22,span-based,Mr. Bennet,DN,0
22,span-based,Mr. Bennet,DC,2
22,span-based,Jane,N,0
22,span-based,Jane,A,0
22,span-based,Jane,C,0
22,span-based,Jane,I,0
22,span-based,Jane,DN,0
22,span-based,Jane,DC,0
22,span-based,Kitty,N,0
22,span-based,Kitty,A,0
22,span-based,Kitty,C,0
22,span-based,Kitty,I,0
22,span-based,Kitty,DN,0
22,span-based,Kitty,DC,0
22,span-based,Mr. Collins,N,6
22,span-based,Mr. Collins,A,4
22,span-based,Mr. Collins,C,5
22,span-based,Mr. Collins,I,3
22,span-based,Mr. Collins,DN,2
22,span-based,Mr. Collins,DC,9
22,span-based,Mr. Bingley,N,0
22,span-based,Mr. Bingley,A,0
22,span-based,Mr. Bingley,C,0
22,span-based,Mr. Bingley,I,0
22,span-based,Mr. Bingley,DN,0
22,span-based,Mr. Bingley,DC,0
22,span-based,Mary,N,1
22,span-based,Mary,A,1
22,span-based,Mary,C,0
22,span-based,Mary,I,2
22,span-based,Mary,DN,2
22,span-based,Mary,DC,0
22,span-based,Sir William Lucas,N,0
22,span-based,Sir William Lucas,A,1
22,span-based,Sir William Lucas,C,0
22,span-based,Sir William Lucas,I,1
22,span-based,Sir William Lucas,DN,0
22,span-based,Sir William Lucas,DC,0
22,span-based,Lydia,N,0
22,span-based,Lydia,A,0
22,span-based,Lydia,C,0
22,span-based,Lydia,I,0
22,span-based,Lydia,DN,0
22,span-based,Lydia,DC,0
22,span-based,Mr. Gardiner,N,0
22,span-based,Mr. Gardiner,A,0
22,span-based,Mr. Gardiner,C,0
22,span-based,Mr. Gardiner,I,0
22,span-based,Mr. Gardiner,DN,0
22,span-based,Mr. Gardiner,DC,0
22,span-based,Charlotte Lucas,N,6
22,span-based,Charlotte Lucas,A,3
22,span-based,Charlotte Lucas,C,3
22,span-based,Charlotte Lucas,I,7
22,span-based,Charlotte Lucas,DN,2
22,span-based,Charlotte Lucas,DC,1
22,span-based,Mrs. Bennet,N,2
22,span-based,Mrs. Bennet,A,0
22,span-based,Mrs. Bennet,C,0
22,span-based,Mrs. Bennet,I,0
22,span-based,Mrs. Bennet,DN,0
22,span-based,Mrs. Bennet,DC,1
34,span-based,Elizabeth,N,9
34,span-based,Elizabeth,A,12
34,span-based,Elizabeth,C,13
34,span-based,Elizabeth,I,24
34,span-based,Elizabeth,DN,8
34,span-based,Elizabeth,DC,12
34,span-based,Jane,N,3
34,span-based,Jane,A,0
34,span-based,Jane,C,0
34,span-based,Jane,I,3
34,span-based,Jane,DN,0
34,span-based,Jane,DC,4
34,span-based,Colonel Fitzwilliam,N,2
34,span-based,Colonel Fitzwilliam,A,1
34,span-based,Colonel Fitzwilliam,C,0
34,span-based,Colonel Fitzwilliam,I,2
34,span-based,Colonel Fitzwilliam,DN,1
34,span-based,Colonel Fitzwilliam,DC,0
34,span-based,Mr. Darcy,N,7
34,span-based,Mr. Darcy,A,13
34,span-based,Mr. Darcy,C,10
34,span-based,Mr. Darcy,I,8
34,span-based,Mr. Darcy,DN,8
34,span-based,Mr. Darcy,DC,23
34,span-based,Wickham,N,2
34,span-based,Wickham,A,0
34,span-based,Wickham,C,0
34,span-based,Wickham,I,0
34,span-based,Wickham,DN,0
34,span-based,Wickham,DC,6
20,span-based,Elizabeth,N,11
20,span-based,Elizabeth,A,4
20,span-based,Elizabeth,C,1
20,span-based,Elizabeth,I,2
20,span-based,Elizabeth,DN,3
20,span-based,Elizabeth,DC,34
20,span-based,Mr. Bennet,N,5
20,span-based,Mr. Bennet,A,8
20,span-based,Mr. Bennet,C,11
20,span-based,Mr. Bennet,I,1
20,span-based,Mr. Bennet,DN,2
20,span-based,Mr. Bennet,DC,8
20,span-based,Jane,N,0
20,span-based,Jane,A,2
20,span-based,Jane,C,0
20,span-based,Jane,I,1
20,span-based,Jane,DN,1
20,span-based,Jane,DC,0
20,span-based,Kitty,N,0
20,span-based,Kitty,A,2
20,span-based,Kitty,C,0
20,span-based,Kitty,I,0
20,span-based,Kitty,DN,1
20,span-based,Kitty,DC,1
20,span-based,Mr. Collins,N,16
20,span-based,Mr. Collins,A,2
20,span-based,Mr. Collins,C,8
20,span-based,Mr. Collins,I,3
20,span-based,Mr. Collins,DN,3
20,span-based,Mr. Collins,DC,12
20,span-based,Lydia,N,0
20,span-based,Lydia,A,3
20,span-based,Lydia,C,1
20,span-based,Lydia,I,0
20,span-based,Lydia,DN,1
20,span-based,Lydia,DC,1
20,span-based,Charlotte Lucas,N,3
20,span-based,Charlotte Lucas,A,4
20,span-based,Charlotte Lucas,C,0
20,span-based,Charlotte Lucas,I,0
20,span-based,Charlotte Lucas,DN,1
20,span-based,Charlotte Lucas,DC,3
20,span-based,Mrs. Bennet,N,10
20,span-based,Mrs. Bennet,A,8
20,span-based,Mrs. Bennet,C,12
20,span-based,Mrs. Bennet,I,4
20,span-based,Mrs. Bennet,DN,1
20,span-based,Mrs. Bennet,DC,8
5,span-based,Elizabeth,N,4
5,span-based,Elizabeth,A,0
5,span-based,Elizabeth,C,4
5,span-based,Elizabeth,I,1
5,span-based,Elizabeth,DN,0
5,span-based,Elizabeth,DC,7
5,span-based,Mrs. Long,N,4
5,span-based,Mrs. Long,A,0
5,span-based,Mrs. Long,C,0
5,span-based,Mrs. Long,I,0
5,span-based,Mrs. Long,DN,0
5,span-based,Mrs. Long,DC,5
5,span-based,Lady Lucas,N,1
5,span-based,Lady Lucas,A,0
5,span-based,Lady Lucas,C,0
5,span-based,Lady Lucas,I,1
5,span-based,Lady Lucas,DN,1
5,span-based,Lady Lucas,DC,0
5,span-based,Mr. Darcy,N,3
5,span-based,Mr. Darcy,A,0
5,span-based,Mr. Darcy,C,0
5,span-based,Mr. Darcy,I,1
5,span-based,Mr. Darcy,DN,1
5,span-based,Mr. Darcy,DC,22
5,span-based,Jane,N,3
5,span-based,Jane,A,0
5,span-based,Jane,C,4
5,span-based,Jane,I,0
5,span-based,Jane,DN,0
5,span-based,Jane,DC,5
5,span-based,Kitty,N,0
5,span-based,Kitty,A,0
5,span-based,Kitty,C,0
5,span-based,Kitty,I,0
5,span-based,Kitty,DN,0
5,span-based,Kitty,DC,0
5,span-based,Miss Bingley,N,1
5,span-based,Miss Bingley,A,0
5,span-based,Miss Bingley,C,0
5,span-based,Miss Bingley,I,0
5,span-based,Miss Bingley,DN,0
5,span-based,Miss Bingley,DC,1
5,span-based,Mr. Bingley,N,1
5,span-based,Mr. Bingley,A,0
5,span-based,Mr. Bingley,C,0
5,span-based,Mr. Bingley,I,0
5,span-based,Mr. Bingley,DN,0
5,span-based,Mr. Bingley,DC,8
5,span-based,Mary,N,1
5,span-based,Mary,A,0
5,span-based,Mary,C,1
5,span-based,Mary,I,2
5,span-based,Mary,DN,1
5,span-based,Mary,DC,0
5,span-based,Sir William Lucas,N,1
5,span-based,Sir William Lucas,A,1
5,span-based,Sir William Lucas,C,0
5,span-based,Sir William Lucas,I,1
5,span-based,Sir William Lucas,DN,2
5,span-based,Sir William Lucas,DC,0
5,span-based,Lydia,N,0
5,span-based,Lydia,A,0
5,span-based,Lydia,C,0
5,span-based,Lydia,I,0
5,span-based,Lydia,DN,0
5,span-based,Lydia,DC,0
5,span-based,Mr. Gardiner,N,0
5,span-based,Mr. Gardiner,A,0
5,span-based,Mr. Gardiner,C,0
5,span-based,Mr. Gardiner,I,0
5,span-based,Mr. Gardiner,DN,0
5,span-based,Mr. Gardiner,DC,0
5,span-based,Mr. Robinson,N,3
5,span-based,Mr. Robinson,A,0
5,span-based,Mr. Robinson,C,0
5,span-based,Mr. Robinson,I,0
5,span-based,Mr. Robinson,DN,0
5,span-based,Mr. Robinson,DC,3
5,span-based,Charlotte Lucas,N,6
5,span-based,Charlotte Lucas,A,0
5,span-based,Charlotte Lucas,C,8
5,span-based,Charlotte Lucas,I,0
5,span-based,Charlotte Lucas,DN,1
5,span-based,Charlotte Lucas,DC,1
5,span-based,Mrs. Bennet,N,3
5,span-based,Mrs. Bennet,A,1
5,span-based,Mrs. Bennet,C,10
5,span-based,Mrs. Bennet,I,0
5,span-based,Mrs. Bennet,DN,0
5,span-based,Mrs. Bennet,DC,1
4,span-based,Elizabeth,N,4
4,span-based,Elizabeth,A,1
4,span-based,Elizabeth,C,5
4,span-based,Elizabeth,I,3
4,span-based,Elizabeth,DN,2
4,span-based,Elizabeth,DC,4
4,span-based,Jane,N,1
4,span-based,Jane,A,1
4,span-based,Jane,C,6
4,span-based,Jane,I,2
4,span-based,Jane,DN,0
4,span-based,Jane,DC,8
4,span-based,Miss Bingley,N,2
4,span-based,Miss Bingley,A,2
4,span-based,Miss Bingley,C,0
4,span-based,Miss Bingley,I,1
4,span-based,Miss Bingley,DN,3
4,span-based,Miss Bingley,DC,1
4,span-based,Mr. Bingley,N,4
4,span-based,Mr. Bingley,A,3
4,span-based,Mr. Bingley,C,0
4,span-based,Mr. Bingley,I,3
4,span-based,Mr. Bingley,DN,3
4,span-based,Mr. Bingley,DC,11
4,span-based,Mr. Darcy,N,0
4,span-based,Mr. Darcy,A,0
4,span-based,Mr. Darcy,C,0
4,span-based,Mr. Darcy,I,3
4,span-based,Mr. Darcy,DN,3
4,span-based,Mr. Darcy,DC,2
4,span-based,Mrs. Hurst,N,2
4,span-based,Mrs. Hurst,A,1
4,span-based,Mrs. Hurst,C,0
4,span-based,Mrs. Hurst,I,1
4,span-based,Mrs. Hurst,DN,2
4,span-based,Mrs. Hurst,DC,0
21,span-based,Lady Catherine de Bourgh,N,0
21,span-based,Lady Catherine de Bourgh,A,0
21,span-based,Lady Catherine de Bourgh,C,0
21,span-based,Lady Catherine de Bourgh,I,0
21,span-based,Lady Catherine de Bourgh,DN,0
21,span-based,Lady Catherine de Bourgh,DC,1
21,span-based,Elizabeth,N,10
21,span-based,Elizabeth,A,11
21,span-based,Elizabeth,C,10
21,span-based,Elizabeth,I,6
21,span-based,Elizabeth,DN,0
21,span-based,Elizabeth,DC,11
21,span-based,Mr. Darcy,N,3
21,span-based,Mr. Darcy,A,0
21,span-based,Mr. Darcy,C,0
21,span-based,Mr. Darcy,I,0
21,span-based,Mr. Darcy,DN,0
21,span-based,Mr. Darcy,DC,3
21,span-based,Jane,N,14
21,span-based,Jane,A,6
21,span-based,Jane,C,12
21,span-based,Jane,I,2
21,span-based,Jane,DN,4
21,span-based,Jane,DC,15
21,span-based,Colonel Fitzwilliam,N,0
21,span-based,Colonel Fitzwilliam,A,0
21,span-based,Colonel Fitzwilliam,C,0
21,span-based,Colonel Fitzwilliam,I,0
21,span-based,Colonel Fitzwilliam,DN,0
21,span-based,Colonel Fitzwilliam,DC,0
21,span-based,Miss Bingley,N,7
21,span-based,Miss Bingley,A,0
21,span-based,Miss Bingley,C,2
21,span-based,Miss Bingley,I,0
21,span-based,Miss Bingley,DN,1
21,span-based,Miss Bingley,DC,15
21,span-based,Mr. Bingley,N,5
21,span-based,Mr. Bingley,A,0
21,span-based,Mr. Bingley,C,0
21,span-based,Mr. Bingley,I,0
21,span-based,Mr. Bingley,DN,0
21,span-based,Mr. Bingley,DC,16
21,span-based,Mr. Collins,N,2
21,span-based,Mr. Collins,A,1
21,span-based,Mr. Collins,C,0
21,span-based,Mr. Collins,I,1
21,span-based,Mr. Collins,DN,2
21,span-based,Mr. Collins,DC,0
21,span-based,Mr. Hurst,N,1
21,span-based,Mr. Hurst,A,0
21,span-based,Mr. Hurst,C,0
21,span-based,Mr. Hurst,I,0
21,span-based,Mr. Hurst,DN,0
21,span-based,Mr. Hurst,DC,0
21,span-based,Charlotte Lucas,N,1
21,span-based,Charlotte Lucas,A,0
21,span-based,Charlotte Lucas,C,0
21,span-based,Charlotte Lucas,I,0
21,span-based,Charlotte Lucas,DN,0
21,span-based,Charlotte Lucas,DC,0
21,span-based,Wickham,N,1
21,span-based,Wickham,A,4
21,span-based,Wickham,C,2
21,span-based,Wickham,I,1
21,span-based,Wickham,DN,1
21,span-based,Wickham,DC,0
21,span-based,Miss Darcy,N,1
21,span-based,Miss Darcy,A,0
21,span-based,Miss Darcy,C,0
21,span-based,Miss Darcy,I,0
21,span-based,Miss Darcy,DN,0
21,span-based,Miss Darcy,DC,6
21,span-based,Mrs. Bennet,N,2
21,span-based,Mrs. Bennet,A,2
21,span-based,Mrs. Bennet,C,0
21,span-based,Mrs. Bennet,I,3
21,span-based,Mrs. Bennet,DN,2
21,span-based,Mrs. Bennet,DC,0
35,span-based,Lady Catherine de Bourgh,N,0
35,span-based,Lady Catherine de Bourgh,A,0
35,span-based,Lady Catherine de Bourgh,C,0
35,span-based,Lady Catherine de Bourgh,I,0
35,span-based,Lady Catherine de Bourgh,DN,0
35,span-based,Lady Catherine de Bourgh,DC,0
35,span-based,Elizabeth,N,2
35,span-based,Elizabeth,A,11
35,span-based,Elizabeth,C,0
35,span-based,Elizabeth,I,3
35,span-based,Elizabeth,DN,1
35,span-based,Elizabeth,DC,25
35,span-based,Mr. Bennet,N,0
35,span-based,Mr. Bennet,A,0
35,span-based,Mr. Bennet,C,0
35,span-based,Mr. Bennet,I,0
35,span-based,Mr. Bennet,DN,0
35,span-based,Mr. Bennet,DC,0
35,span-based,Jane,N,9
35,span-based,Jane,A,0
35,span-based,Jane,C,0
35,span-based,Jane,I,0
35,span-based,Jane,DN,0
35,span-based,Jane,DC,15
35,span-based,Colonel Fitzwilliam,N,2
35,span-based,Colonel Fitzwilliam,A,0
35,span-based,Colonel Fitzwilliam,C,0
35,span-based,Colonel Fitzwilliam,I,0
35,span-based,Colonel Fitzwilliam,DN,0
35,span-based,Colonel Fitzwilliam,DC,3
35,span-based,Mr. Bingley,N,1
35,span-based,Mr. Bingley,A,0
35,span-based,Mr. Bingley,C,0
35,span-based,Mr. Bingley,I,0
35,span-based,Mr. Bingley,DN,0
35,span-based,Mr. Bingley,DC,22
35,span-based,Mr. Darcy,N,5
35,span-based,Mr. Darcy,A,4
35,span-based,Mr. Darcy,C,4
35,span-based,Mr. Darcy,I,3
35,span-based,Mr. Darcy,DN,2
35,span-based,Mr. Darcy,DC,1
35,span-based,Wickham,N,11
35,span-based,Wickham,A,0
35,span-based,Wickham,C,0
35,span-based,Wickham,I,0
35,span-based,Wickham,DN,0
35,span-based,Wickham,DC,19
35,span-based,Mrs. Bennet,N,0
35,span-based,Mrs. Bennet,A,0
35,span-based,Mrs. Bennet,C,0
35,span-based,Mrs. Bennet,I,0
35,span-based,Mrs. Bennet,DN,0
35,span-based,Mrs. Bennet,DC,0
38,span-based,Lady Catherine de Bourgh,N,2
38,span-based,Lady Catherine de Bourgh,A,0
38,span-based,Lady Catherine de Bourgh,C,0
38,span-based,Lady Catherine de Bourgh,I,0
38,span-based,Lady Catherine de Bourgh,DN,0
38,span-based,Lady Catherine de Bourgh,DC,4
38,span-based,Elizabeth,N,2
38,span-based,Elizabeth,A,2
38,span-based,Elizabeth,C,1
38,span-based,Elizabeth,I,6
38,span-based,Elizabeth,DN,3
38,span-based,Elizabeth,DC,12
38,span-based,Jane,N,3
38,span-based,Jane,A,0
38,span-based,Jane,C,0
38,span-based,Jane,I,1
38,span-based,Jane,DN,1
38,span-based,Jane,DC,0
38,span-based,Mr. Collins,N,5
38,span-based,Mr. Collins,A,3
38,span-based,Mr. Collins,C,6
38,span-based,Mr. Collins,I,2
38,span-based,Mr. Collins,DN,3
38,span-based,Mr. Collins,DC,0
38,span-based,Mr. Gardiner,N,2
38,span-based,Mr. Gardiner,A,0
38,span-based,Mr. Gardiner,C,0
38,span-based,Mr. Gardiner,I,0
38,span-based,Mr. Gardiner,DN,1
38,span-based,Mr. Gardiner,DC,0
38,span-based,Charlotte Lucas,N,1
38,span-based,Charlotte Lucas,A,0
38,span-based,Charlotte Lucas,C,0
38,span-based,Charlotte Lucas,I,2
38,span-based,Charlotte Lucas,DN,2
38,span-based,Charlotte Lucas,DC,4
38,span-based,Maria Lucas,N,2
38,span-based,Maria Lucas,A,1
38,span-based,Maria Lucas,C,2
38,span-based,Maria Lucas,I,1
38,span-based,Maria Lucas,DN,1
38,span-based,Maria Lucas,DC,1
10,span-based,Elizabeth,N,20
10,span-based,Elizabeth,A,6
10,span-based,Elizabeth,C,11
10,span-based,Elizabeth,I,5
10,span-based,Elizabeth,DN,4
10,span-based,Elizabeth,DC,13
10,span-based,Jane,N,2
10,span-based,Jane,A,0
10,span-based,Jane,C,0
10,span-based,Jane,I,0
10,span-based,Jane,DN,0
10,span-based,Jane,DC,1
10,span-based,Miss Bingley,N,10
10,span-based,Miss Bingley,A,6
10,span-based,Miss Bingley,C,14
10,span-based,Miss Bingley,I,2
10,span-based,Miss Bingley,DN,3
10,span-based,Miss Bingley,DC,2
10,span-based,Mr. Bingley,N,5
10,span-based,Mr. Bingley,A,3
10,span-based,Mr. Bingley,C,11
10,span-based,Mr. Bingley,I,3
10,span-based,Mr. Bingley,DN,1
10,span-based,Mr. Bingley,DC,18
10,span-based,Mr. Hurst,N,1
10,span-based,Mr. Hurst,A,2
10,span-based,Mr. Hurst,C,0
10,span-based,Mr. Hurst,I,0
10,span-based,Mr. Hurst,DN,0
10,span-based,Mr. Hurst,DC,0
10,span-based,Mr. Darcy,N,11
10,span-based,Mr. Darcy,A,5
10,span-based,Mr. Darcy,C,24
10,span-based,Mr. Darcy,I,2
10,span-based,Mr. Darcy,DN,2
10,span-based,Mr. Darcy,DC,25
10,span-based,Mrs. Hurst,N,5
10,span-based,Mrs. Hurst,A,3
10,span-based,Mrs. Hurst,C,2
10,span-based,Mrs. Hurst,I,1
10,span-based,Mrs. Hurst,DN,1
10,span-based,Mrs. Hurst,DC,1
10,span-based,Miss Darcy,N,1
10,span-based,Miss Darcy,A,0
10,span-based,Miss Darcy,C,0
10,span-based,Miss Darcy,I,0
10,span-based,Miss Darcy,DN,0
10,span-based,Miss Darcy,DC,3
10,span-based,Mrs. Bennet,N,1
10,span-based,Mrs. Bennet,A,0
10,span-based,Mrs. Bennet,C,0
10,span-based,Mrs. Bennet,I,0
10,span-based,Mrs. Bennet,DN,0
10,span-based,Mrs. Bennet,DC,2
9,span-based,Elizabeth,N,10
9,span-based,Elizabeth,A,8
9,span-based,Elizabeth,C,10
9,span-based,Elizabeth,I,4
9,span-based,Elizabeth,DN,1
9,span-based,Elizabeth,DC,7
9,span-based,Mr. Darcy,N,3
9,span-based,Mr. Darcy,A,2
9,span-based,Mr. Darcy,C,4
9,span-based,Mr. Darcy,I,2
9,span-based,Mr. Darcy,DN,0
9,span-based,Mr. Darcy,DC,5
9,span-based,Mr. Jones,N,1
9,span-based,Mr. Jones,A,1
9,span-based,Mr. Jones,C,0
9,span-based,Mr. Jones,I,1
9,span-based,Mr. Jones,DN,0
9,span-based,Mr. Jones,DC,1
9,span-based,Jane,N,10
9,span-based,Jane,A,1
9,span-based,Jane,C,0
9,span-based,Jane,I,1
9,span-based,Jane,DN,0
9,span-based,Jane,DC,11
9,span-based,Miss Bingley,N,3
9,span-based,Miss Bingley,A,1
9,span-based,Miss Bingley,C,2
9,span-based,Miss Bingley,I,2
9,span-based,Miss Bingley,DN,0
9,span-based,Miss Bingley,DC,1
9,span-based,Mr. Bingley,N,9
9,span-based,Mr. Bingley,A,3
9,span-based,Mr. Bingley,C,13
9,span-based,Mr. Bingley,I,2
9,span-based,Mr. Bingley,DN,1
9,span-based,Mr. Bingley,DC,13
9,span-based,Sir William Lucas,N,0
9,span-based,Sir William Lucas,A,1
9,span-based,Sir William Lucas,C,0
9,span-based,Sir William Lucas,I,1
9,span-based,Sir William Lucas,DN,0
9,span-based,Sir William Lucas,DC,6
9,span-based,Colonel Forster,N,1
9,span-based,Colonel Forster,A,1
9,span-based,Colonel Forster,C,0
9,span-based,Colonel Forster,I,1
9,span-based,Colonel Forster,DN,0
9,span-based,Colonel Forster,DC,1
9,span-based,Lydia,N,2
9,span-based,Lydia,A,3
9,span-based,Lydia,C,2
9,span-based,Lydia,I,3
9,span-based,Lydia,DN,2
9,span-based,Lydia,DC,2
9,span-based,Charlotte Lucas,N,1
9,span-based,Charlotte Lucas,A,0
9,span-based,Charlotte Lucas,C,0
9,span-based,Charlotte Lucas,I,0
9,span-based,Charlotte Lucas,DN,0
9,span-based,Charlotte Lucas,DC,7
9,span-based,Mrs. Bennet,N,10
9,span-based,Mrs. Bennet,A,5
9,span-based,Mrs. Bennet,C,14
9,span-based,Mrs. Bennet,I,2
9,span-based,Mrs. Bennet,DN,3
9,span-based,Mrs. Bennet,DC,4
8,span-based,Elizabeth,N,4
8,span-based,Elizabeth,A,7
8,span-based,Elizabeth,C,7
8,span-based,Elizabeth,I,9
8,span-based,Elizabeth,DN,3
8,span-based,Elizabeth,DC,16
8,span-based,Mr. Jones,N,2
8,span-based,Mr. Jones,A,1
8,span-based,Mr. Jones,C,0
8,span-based,Mr. Jones,I,1
8,span-based,Mr. Jones,DN,0
8,span-based,Mr. Jones,DC,0
8,span-based,Jane,N,1
8,span-based,Jane,A,0
8,span-based,Jane,C,0
8,span-based,Jane,I,1
8,span-based,Jane,DN,0
8,span-based,Jane,DC,2
8,span-based,Miss Bingley,N,19
8,span-based,Miss Bingley,A,3
8,span-based,Miss Bingley,C,22
8,span-based,Miss Bingley,I,4
8,span-based,Miss Bingley,DN,1
8,span-based,Miss Bingley,DC,3
8,span-based,Mr. Bingley,N,5
8,span-based,Mr. Bingley,A,4
8,span-based,Mr. Bingley,C,14
8,span-based,Mr. Bingley,I,1
8,span-based,Mr. Bingley,DN,1
8,span-based,Mr. Bingley,DC,9
8,span-based,Mr. Hurst,N,3
8,span-based,Mr. Hurst,A,2
8,span-based,Mr. Hurst,C,3
8,span-based,Mr. Hurst,I,1
8,span-based,Mr. Hurst,DN,1
8,span-based,Mr. Hurst,DC,0
8,span-based,Mr. Darcy,N,4
8,span-based,Mr. Darcy,A,0
8,span-based,Mr. Darcy,C,17
8,span-based,Mr. Darcy,I,2
8,span-based,Mr. Darcy,DN,1
8,span-based,Mr. Darcy,DC,13
8,span-based,Mrs. Hurst,N,5
8,span-based,Mrs. Hurst,A,2
8,span-based,Mrs. Hurst,C,4
8,span-based,Mrs. Hurst,I,1
8,span-based,Mrs. Hurst,DN,1
8,span-based,Mrs. Hurst,DC,0
11,span-based,Elizabeth,N,14
11,span-based,Elizabeth,A,6
11,span-based,Elizabeth,C,9
11,span-based,Elizabeth,I,3
11,span-based,Elizabeth,DN,2
11,span-based,Elizabeth,DC,6
11,span-based,Jane,N,1
11,span-based,Jane,A,2
11,span-based,Jane,C,0
11,span-based,Jane,I,0
11,span-based,Jane,DN,0
11,span-based,Jane,DC,0
11,span-based,Miss Bingley,N,11
11,span-based,Miss Bingley,A,6
11,span-based,Miss Bingley,C,17
11,span-based,Miss Bingley,I,8
11,span-based,Miss Bingley,DN,3
11,span-based,Miss Bingley,DC,3
11,span-based,Mr. Bingley,N,0
11,span-based,Mr. Bingley,A,1
11,span-based,Mr. Bingley,C,2
11,span-based,Mr. Bingley,I,1
11,span-based,Mr. Bingley,DN,1
11,span-based,Mr. Bingley,DC,2
11,span-based,Mr. Hurst,N,5
11,span-based,Mr. Hurst,A,3
11,span-based,Mr. Hurst,C,1
11,span-based,Mr. Hurst,I,1
11,span-based,Mr. Hurst,DN,1
11,span-based,Mr. Hurst,DC,1
11,span-based,Mr. Darcy,N,8
11,span-based,Mr. Darcy,A,2
11,span-based,Mr. Darcy,C,11
11,span-based,Mr. Darcy,I,4
11,span-based,Mr. Darcy,DN,2
11,span-based,Mr. Darcy,DC,18
11,span-based,Mrs. Hurst,N,2
11,span-based,Mrs. Hurst,A,2
11,span-based,Mrs. Hurst,C,0
11,span-based,Mrs. Hurst,I,1
11,span-based,Mrs. Hurst,DN,1
11,span-based,Mrs. Hurst,DC,1
11,span-based,Mrs. Bennet,N,0
11,span-based,Mrs. Bennet,A,0
11,span-based,Mrs. Bennet,C,0
11,span-based,Mrs. Bennet,I,0
11,span-based,Mrs. Bennet,DN,0
11,span-based,Mrs. Bennet,DC,0
39,span-based,Elizabeth,N,11
39,span-based,Elizabeth,A,3
39,span-based,Elizabeth,C,5
39,span-based,Elizabeth,I,3
39,span-based,Elizabeth,DN,1
39,span-based,Elizabeth,DC,5
39,span-based,Mr. Bennet,N,2
39,span-based,Mr. Bennet,A,1
39,span-based,Mr. Bennet,C,1
39,span-based,Mr. Bennet,I,1
39,span-based,Mr. Bennet,DN,1
39,span-based,Mr. Bennet,DC,1
39,span-based,Jane,N,5
39,span-based,Jane,A,1
39,span-based,Jane,C,1
39,span-based,Jane,I,1
39,span-based,Jane,DN,1
39,span-based,Jane,DC,3
39,span-based,Kitty,N,7
39,span-based,Kitty,A,2
39,span-based,Kitty,C,0
39,span-based,Kitty,I,0
39,span-based,Kitty,DN,0
39,span-based,Kitty,DC,5
39,span-based,Mrs. Philips,N,0
39,span-based,Mrs. Philips,A,0
39,span-based,Mrs. Philips,C,0
39,span-based,Mrs. Philips,I,0
39,span-based,Mrs. Philips,DN,0
39,span-based,Mrs. Philips,DC,1
39,span-based,Mr. Denny,N,0
39,span-based,Mr. Denny,A,0
39,span-based,Mr. Denny,C,0
39,span-based,Mr. Denny,I,0
39,span-based,Mr. Denny,DN,0
39,span-based,Mr. Denny,DC,1
39,span-based,Mary,N,5
39,span-based,Mary,A,0
39,span-based,Mary,C,2
39,span-based,Mary,I,1
39,span-based,Mary,DN,0
39,span-based,Mary,DC,7
39,span-based,Colonel Forster,N,1
39,span-based,Colonel Forster,A,0
39,span-based,Colonel Forster,C,0
39,span-based,Colonel Forster,I,0
39,span-based,Colonel Forster,DN,0
39,span-based,Colonel Forster,DC,1
39,span-based,Mrs. Forster,N,4
39,span-based,Mrs. Forster,A,0
39,span-based,Mrs. Forster,C,0
39,span-based,Mrs. Forster,I,0
39,span-based,Mrs. Forster,DN,0
39,span-based,Mrs. Forster,DC,4
39,span-based,Lydia,N,11
39,span-based,Lydia,A,9
39,span-based,Lydia,C,14
39,span-based,Lydia,I,3
39,span-based,Lydia,DN,0
39,span-based,Lydia,DC,1
39,span-based,Wickham,N,6
39,span-based,Wickham,A,0
39,span-based,Wickham,C,0
39,span-based,Wickham,I,0
39,span-based,Wickham,DN,0
39,span-based,Wickham,DC,8
39,span-based,Mrs. Bennet,N,2
39,span-based,Mrs. Bennet,A,1
39,span-based,Mrs. Bennet,C,0
39,span-based,Mrs. Bennet,I,1
39,span-based,Mrs. Bennet,DN,0
39,span-based,Mrs. Bennet,DC,3
13,span-based,Lady Catherine de Bourgh,N,2
13,span-based,Lady Catherine de Bourgh,A,0
13,span-based,Lady Catherine de Bourgh,C,0
13,span-based,Lady Catherine de Bourgh,I,0
13,span-based,Lady Catherine de Bourgh,DN,0
13,span-based,Lady Catherine de Bourgh,DC,3
13,span-based,Elizabeth,N,2
13,span-based,Elizabeth,A,0
13,span-based,Elizabeth,C,3
13,span-based,Elizabeth,I,2
13,span-based,Elizabeth,DN,1
13,span-based,Elizabeth,DC,0
13,span-based,Mr. Bennet,N,4
13,span-based,Mr. Bennet,A,1
13,span-based,Mr. Bennet,C,14
13,span-based,Mr. Bennet,I,2
13,span-based,Mr. Bennet,DN,0
13,span-based,Mr. Bennet,DC,8
13,span-based,Jane,N,3
13,span-based,Jane,A,0
13,span-based,Jane,C,0
13,span-based,Jane,I,1
13,span-based,Jane,DN,0
13,span-based,Jane,DC,1
13,span-based,Kitty,N,0
13,span-based,Kitty,A,0
13,span-based,Kitty,C,0
13,span-based,Kitty,I,1
13,span-based,Kitty,DN,0
13,span-based,Kitty,DC,0
13,span-based,Mr. Collins,N,7
13,span-based,Mr. Collins,A,3
13,span-based,Mr. Collins,C,8
13,span-based,Mr. Collins,I,0
13,span-based,Mr. Collins,DN,3
13,span-based,Mr. Collins,DC,26
13,span-based,Lydia,N,2
13,span-based,Lydia,A,0
13,span-based,Lydia,C,0
13,span-based,Lydia,I,1
13,span-based,Lydia,DN,0
13,span-based,Lydia,DC,2
13,span-based,Charlotte Lucas,N,1
13,span-based,Charlotte Lucas,A,0
13,span-based,Charlotte Lucas,C,0
13,span-based,Charlotte Lucas,I,0
13,span-based,Charlotte Lucas,DN,0
13,span-based,Charlotte Lucas,DC,2
13,span-based,Mrs. Bennet,N,11
13,span-based,Mrs. Bennet,A,3
13,span-based,Mrs. Bennet,C,7
13,span-based,Mrs. Bennet,I,3
13,span-based,Mrs. Bennet,DN,1
13,span-based,Mrs. Bennet,DC,8
12,span-based,Elizabeth,N,8
12,span-based,Elizabeth,A,3
12,span-based,Elizabeth,C,0
12,span-based,Elizabeth,I,4
12,span-based,Elizabeth,DN,1
12,span-based,Elizabeth,DC,0
12,span-based,Mr. Bennet,N,0
12,span-based,Mr. Bennet,A,1
12,span-based,Mr. Bennet,C,0
12,span-based,Mr. Bennet,I,2
12,span-based,Mr. Bennet,DN,0
12,span-based,Mr. Bennet,DC,0
12,span-based,Jane,N,7
12,span-based,Jane,A,1
12,span-based,Jane,C,0
12,span-based,Jane,I,1
12,span-based,Jane,DN,1
12,span-based,Jane,DC,0
12,span-based,Kitty,N,1
12,span-based,Kitty,A,1
12,span-based,Kitty,C,0
12,span-based,Kitty,I,1
12,span-based,Kitty,DN,0
12,span-based,Kitty,DC,0
12,span-based,Miss Bingley,N,3
12,span-based,Miss Bingley,A,3
12,span-based,Miss Bingley,C,0
12,span-based,Miss Bingley,I,3
12,span-based,Miss Bingley,DN,3
12,span-based,Miss Bingley,DC,0
12,span-based,Mr. Bingley,N,2
12,span-based,Mr. Bingley,A,0
12,span-based,Mr. Bingley,C,0
12,span-based,Mr. Bingley,I,2
12,span-based,Mr. Bingley,DN,2
12,span-based,Mr. Bingley,DC,0
12,span-based,Mary,N,1
12,span-based,Mary,A,1
12,span-based,Mary,C,0
12,span-based,Mary,I,1
12,span-based,Mary,DN,1
12,span-based,Mary,DC,0
12,span-based,Colonel Forster,N,1
12,span-based,Colonel Forster,A,0
12,span-based,Colonel Forster,C,0
12,span-based,Colonel Forster,I,1
12,span-based,Colonel Forster,DN,1
12,span-based,Colonel Forster,DC,0
12,span-based,Lydia,N,1
12,span-based,Lydia,A,1
12,span-based,Lydia,C,0
12,span-based,Lydia,I,1
12,span-based,Lydia,DN,1
12,span-based,Lydia,DC,0
12,span-based,Mr. Darcy,N,1
12,span-based,Mr. Darcy,A,1
12,span-based,Mr. Darcy,C,0
12,span-based,Mr. Darcy,I,5
12,span-based,Mr. Darcy,DN,0
12,span-based,Mr. Darcy,DC,0
12,span-based,Mrs. Bennet,N,3
12,span-based,Mrs. Bennet,A,1
12,span-based,Mrs. Bennet,C,0
12,span-based,Mrs. Bennet,I,4
12,span-based,Mrs. Bennet,DN,4
12,span-based,Mrs. Bennet,DC,0
16,span-based,Lady Catherine de Bourgh,N,3
16,span-based,Lady Catherine de Bourgh,A,0
16,span-based,Lady Catherine de Bourgh,C,1
16,span-based,Lady Catherine de Bourgh,I,0
16,span-based,Lady Catherine de Bourgh,DN,2
16,span-based,Lady Catherine de Bourgh,DC,9
16,span-based,Jane,N,0
16,span-based,Jane,A,0
16,span-based,Jane,C,0
16,span-based,Jane,I,0
16,span-based,Jane,DN,0
16,span-based,Jane,DC,0
16,span-based,Mr. Denny,N,0
16,span-based,Mr. Denny,A,0
16,span-based,Mr. Denny,C,0
16,span-based,Mr. Denny,I,0
16,span-based,Mr. Denny,DN,0
16,span-based,Mr. Denny,DC,1
16,span-based,Mr. Collins,N,9
16,span-based,Mr. Collins,A,2
16,span-based,Mr. Collins,C,5
16,span-based,Mr. Collins,I,7
16,span-based,Mr. Collins,DN,5
16,span-based,Mr. Collins,DC,4
16,span-based,Wickham,N,11
16,span-based,Wickham,A,8
16,span-based,Wickham,C,35
16,span-based,Wickham,I,6
16,span-based,Wickham,DN,0
16,span-based,Wickham,DC,5
16,span-based,Miss Darcy,N,1
16,span-based,Miss Darcy,A,0
16,span-based,Miss Darcy,C,0
16,span-based,Miss Darcy,I,0
16,span-based,Miss Darcy,DN,0
16,span-based,Miss Darcy,DC,8
16,span-based,Mrs. Bennet,N,1
16,span-based,Mrs. Bennet,A,0
16,span-based,Mrs. Bennet,C,0
16,span-based,Mrs. Bennet,I,0
16,span-based,Mrs. Bennet,DN,0
16,span-based,Mrs. Bennet,DC,0
16,span-based,Kitty,N,0
16,span-based,Kitty,A,0
16,span-based,Kitty,C,0
16,span-based,Kitty,I,0
16,span-based,Kitty,DN,0
16,span-based,Kitty,DC,0
16,span-based,Mrs. Gardiner,N,0
16,span-based,Mrs. Gardiner,A,0
16,span-based,Mrs. Gardiner,C,0
16,span-based,Mrs. Gardiner,I,0
16,span-based,Mrs. Gardiner,DN,0
16,span-based,Mrs. Gardiner,DC,0
16,span-based,Lydia,N,4
16,span-based,Lydia,A,2
16,span-based,Lydia,C,0
16,span-based,Lydia,I,2
16,span-based,Lydia,DN,0
16,span-based,Lydia,DC,0
16,span-based,Mr. Darcy,N,18
16,span-based,Mr. Darcy,A,0
16,span-based,Mr. Darcy,C,0
16,span-based,Mr. Darcy,I,0
16,span-based,Mr. Darcy,DN,0
16,span-based,Mr. Darcy,DC,75
16,span-based,Mrs. Hurst,N,0
16,span-based,Mrs. Hurst,A,0
16,span-based,Mrs. Hurst,C,0
16,span-based,Mrs. Hurst,I,0
16,span-based,Mrs. Hurst,DN,0
16,span-based,Mrs. Hurst,DC,0
16,span-based,Elizabeth,N,20
16,span-based,Elizabeth,A,2
16,span-based,Elizabeth,C,20
16,span-based,Elizabeth,I,10
16,span-based,Elizabeth,DN,0
16,span-based,Elizabeth,DC,7
16,span-based,Mr. Bingley,N,3
16,span-based,Mr. Bingley,A,0
16,span-based,Mr. Bingley,C,0
16,span-based,Mr. Bingley,I,0
16,span-based,Mr. Bingley,DN,0
16,span-based,Mr. Bingley,DC,5
16,span-based,Miss de Bourgh,N,1
16,span-based,Miss de Bourgh,A,0
16,span-based,Miss de Bourgh,C,0
16,span-based,Miss de Bourgh,I,0
16,span-based,Miss de Bourgh,DN,0
16,span-based,Miss de Bourgh,DC,2
16,span-based,Colonel Forster,N,0
16,span-based,Colonel Forster,A,0
16,span-based,Colonel Forster,C,0
16,span-based,Colonel Forster,I,0
16,span-based,Colonel Forster,DN,0
16,span-based,Colonel Forster,DC,0
16,span-based,Lady Anne Darcy,N,1
16,span-based,Lady Anne Darcy,A,0
16,span-based,Lady Anne Darcy,C,0
16,span-based,Lady Anne Darcy,I,0
16,span-based,Lady Anne Darcy,DN,0
16,span-based,Lady Anne Darcy,DC,2
16,span-based,Mr. Bennet,N,0
16,span-based,Mr. Bennet,A,0
16,span-based,Mr. Bennet,C,0
16,span-based,Mr. Bennet,I,0
16,span-based,Mr. Bennet,DN,0
16,span-based,Mr. Bennet,DC,0
16,span-based,Mrs. Philips,N,8
16,span-based,Mrs. Philips,A,1
16,span-based,Mrs. Philips,C,0
16,span-based,Mrs. Philips,I,0
16,span-based,Mrs. Philips,DN,0
16,span-based,Mrs. Philips,DC,1
16,span-based,Mr. Gardiner,N,0
16,span-based,Mr. Gardiner,A,0
16,span-based,Mr. Gardiner,C,0
16,span-based,Mr. Gardiner,I,0
16,span-based,Mr. Gardiner,DN,0
16,span-based,Mr. Gardiner,DC,0
16,span-based,Charlotte Lucas,N,0
16,span-based,Charlotte Lucas,A,0
16,span-based,Charlotte Lucas,C,0
16,span-based,Charlotte Lucas,I,0
16,span-based,Charlotte Lucas,DN,0
16,span-based,Charlotte Lucas,DC,0
17,span-based,Elizabeth,N,10
17,span-based,Elizabeth,A,4
17,span-based,Elizabeth,C,2
17,span-based,Elizabeth,I,6
17,span-based,Elizabeth,DN,4
17,span-based,Elizabeth,DC,2
17,span-based,Mr. Darcy,N,4
17,span-based,Mr. Darcy,A,0
17,span-based,Mr. Darcy,C,0
17,span-based,Mr. Darcy,I,0
17,span-based,Mr. Darcy,DN,0
17,span-based,Mr. Darcy,DC,6
17,span-based,Jane,N,6
17,span-based,Jane,A,2
17,span-based,Jane,C,5
17,span-based,Jane,I,2
17,span-based,Jane,DN,2
17,span-based,Jane,DC,4
17,span-based,Miss Bingley,N,0
17,span-based,Miss Bingley,A,4
17,span-based,Miss Bingley,C,0
17,span-based,Miss Bingley,I,0
17,span-based,Miss Bingley,DN,0
17,span-based,Miss Bingley,DC,0
17,span-based,Mr. Bingley,N,6
17,span-based,Mr. Bingley,A,1
17,span-based,Mr. Bingley,C,0
17,span-based,Mr. Bingley,I,0
17,span-based,Mr. Bingley,DN,0
17,span-based,Mr. Bingley,DC,1
17,span-based,Mary,N,1
17,span-based,Mary,A,1
17,span-based,Mary,C,2
17,span-based,Mary,I,1
17,span-based,Mary,DN,0
17,span-based,Mary,DC,0
17,span-based,Lydia,N,3
17,span-based,Lydia,A,1
17,span-based,Lydia,C,0
17,span-based,Lydia,I,1
17,span-based,Lydia,DN,0
17,span-based,Lydia,DC,0
17,span-based,Mr. Collins,N,4
17,span-based,Mr. Collins,A,2
17,span-based,Mr. Collins,C,2
17,span-based,Mr. Collins,I,2
17,span-based,Mr. Collins,DN,0
17,span-based,Mr. Collins,DC,0
17,span-based,Wickham,N,6
17,span-based,Wickham,A,0
17,span-based,Wickham,C,0
17,span-based,Wickham,I,0
17,span-based,Wickham,DN,0
17,span-based,Wickham,DC,3
17,span-based,Mrs. Bennet,N,3
17,span-based,Mrs. Bennet,A,2
17,span-based,Mrs. Bennet,C,0
17,span-based,Mrs. Bennet,I,1
17,span-based,Mrs. Bennet,DN,0
17,span-based,Mrs. Bennet,DC,0
15,span-based,Lady Catherine de Bourgh,N,1
15,span-based,Lady Catherine de Bourgh,A,0
15,span-based,Lady Catherine de Bourgh,C,0
15,span-based,Lady Catherine de Bourgh,I,0
15,span-based,Lady Catherine de Bourgh,DN,0
15,span-based,Lady Catherine de Bourgh,DC,0
15,span-based,Elizabeth,N,6
15,span-based,Elizabeth,A,2
15,span-based,Elizabeth,C,0
15,span-based,Elizabeth,I,2
15,span-based,Elizabeth,DN,1
15,span-based,Elizabeth,DC,0
15,span-based,Mr. Darcy,N,2
15,span-based,Mr. Darcy,A,2
15,span-based,Mr. Darcy,C,0
15,span-based,Mr. Darcy,I,1
15,span-based,Mr. Darcy,DN,0
15,span-based,Mr. Darcy,DC,0
15,span-based,Mr. Bennet,N,3
15,span-based,Mr. Bennet,A,2
15,span-based,Mr. Bennet,C,0
15,span-based,Mr. Bennet,I,3
15,span-based,Mr. Bennet,DN,0
15,span-based,Mr. Bennet,DC,0
15,span-based,Jane,N,9
15,span-based,Jane,A,2
15,span-based,Jane,C,0
15,span-based,Jane,I,0
15,span-based,Jane,DN,0
15,span-based,Jane,DC,0
15,span-based,Kitty,N,2
15,span-based,Kitty,A,1
15,span-based,Kitty,C,0
15,span-based,Kitty,I,1
15,span-based,Kitty,DN,0
15,span-based,Kitty,DC,0
15,span-based,Mr. Collins,N,9
15,span-based,Mr. Collins,A,6
15,span-based,Mr. Collins,C,0
15,span-based,Mr. Collins,I,3
15,span-based,Mr. Collins,DN,7
15,span-based,Mr. Collins,DC,0
15,span-based,Mr. Bingley,N,1
15,span-based,Mr. Bingley,A,1
15,span-based,Mr. Bingley,C,0
15,span-based,Mr. Bingley,I,0
15,span-based,Mr. Bingley,DN,0
15,span-based,Mr. Bingley,DC,0
15,span-based,Mr. Denny,N,4
15,span-based,Mr. Denny,A,2
15,span-based,Mr. Denny,C,0
15,span-based,Mr. Denny,I,0
15,span-based,Mr. Denny,DN,0
15,span-based,Mr. Denny,DC,0
15,span-based,Mrs. Philips,N,5
15,span-based,Mrs. Philips,A,1
15,span-based,Mrs. Philips,C,1
15,span-based,Mrs. Philips,I,1
15,span-based,Mrs. Philips,DN,1
15,span-based,Mrs. Philips,DC,0
15,span-based,Lydia,N,5
15,span-based,Lydia,A,2
15,span-based,Lydia,C,0
15,span-based,Lydia,I,1
15,span-based,Lydia,DN,1
15,span-based,Lydia,DC,0
15,span-based,Charlotte Lucas,N,0
15,span-based,Charlotte Lucas,A,0
15,span-based,Charlotte Lucas,C,0
15,span-based,Charlotte Lucas,I,0
15,span-based,Charlotte Lucas,DN,0
15,span-based,Charlotte Lucas,DC,0
15,span-based,Wickham,N,5
15,span-based,Wickham,A,3
15,span-based,Wickham,C,0
15,span-based,Wickham,I,0
15,span-based,Wickham,DN,2
15,span-based,Wickham,DC,0
15,span-based,Mrs. Bennet,N,4
15,span-based,Mrs. Bennet,A,2
15,span-based,Mrs. Bennet,C,1
15,span-based,Mrs. Bennet,I,1
15,span-based,Mrs. Bennet,DN,0
15,span-based,Mrs. Bennet,DC,0
29,span-based,Lady Catherine de Bourgh,N,24
29,span-based,Lady Catherine de Bourgh,A,8
29,span-based,Lady Catherine de Bourgh,C,14
29,span-based,Lady Catherine de Bourgh,I,5
29,span-based,Lady Catherine de Bourgh,DN,3
29,span-based,Lady Catherine de Bourgh,DC,11
29,span-based,Elizabeth,N,17
29,span-based,Elizabeth,A,10
29,span-based,Elizabeth,C,12
29,span-based,Elizabeth,I,7
29,span-based,Elizabeth,DN,0
29,span-based,Elizabeth,DC,22
29,span-based,Mr. Darcy,N,0
29,span-based,Mr. Darcy,A,0
29,span-based,Mr. Darcy,C,0
29,span-based,Mr. Darcy,I,0
29,span-based,Mr. Darcy,DN,0
29,span-based,Mr. Darcy,DC,0
29,span-based,Mr. Collins,N,23
29,span-based,Mr. Collins,A,5
29,span-based,Mr. Collins,C,3
29,span-based,Mr. Collins,I,3
29,span-based,Mr. Collins,DN,0
29,span-based,Mr. Collins,DC,3
29,span-based,Miss de Bourgh,N,7
29,span-based,Miss de Bourgh,A,2
29,span-based,Miss de Bourgh,C,0
29,span-based,Miss de Bourgh,I,2
29,span-based,Miss de Bourgh,DN,2
29,span-based,Miss de Bourgh,DC,2
29,span-based,Sir William Lucas,N,7
29,span-based,Sir William Lucas,A,2
29,span-based,Sir William Lucas,C,2
29,span-based,Sir William Lucas,I,1
29,span-based,Sir William Lucas,DN,1
29,span-based,Sir William Lucas,DC,1
29,span-based,Wickham,N,1
29,span-based,Wickham,A,0
29,span-based,Wickham,C,0
29,span-based,Wickham,I,1
29,span-based,Wickham,DN,0
29,span-based,Wickham,DC,0
29,span-based,Charlotte Lucas,N,10
29,span-based,Charlotte Lucas,A,1
29,span-based,Charlotte Lucas,C,0
29,span-based,Charlotte Lucas,I,1
29,span-based,Charlotte Lucas,DN,0
29,span-based,Charlotte Lucas,DC,1
29,span-based,Maria Lucas,N,1
29,span-based,Maria Lucas,A,2
29,span-based,Maria Lucas,C,0
29,span-based,Maria Lucas,I,2
29,span-based,Maria Lucas,DN,2
29,span-based,Maria Lucas,DC,1
29,span-based,Mrs. Jenkinson,N,6
29,span-based,Mrs. Jenkinson,A,3
29,span-based,Mrs. Jenkinson,C,0
29,span-based,Mrs. Jenkinson,I,1
29,span-based,Mrs. Jenkinson,DN,1
29,span-based,Mrs. Jenkinson,DC,1
28,span-based,Lady Catherine de Bourgh,N,7
28,span-based,Lady Catherine de Bourgh,A,0
28,span-based,Lady Catherine de Bourgh,C,0
28,span-based,Lady Catherine de Bourgh,I,0
28,span-based,Lady Catherine de Bourgh,DN,0
28,span-based,Lady Catherine de Bourgh,DC,9
28,span-based,Elizabeth,N,1
28,span-based,Elizabeth,A,5
28,span-based,Elizabeth,C,5
28,span-based,Elizabeth,I,12
28,span-based,Elizabeth,DN,0
28,span-based,Elizabeth,DC,6
28,span-based,Mr. Collins,N,9
28,span-based,Mr. Collins,A,10
28,span-based,Mr. Collins,C,2
28,span-based,Mr. Collins,I,4
28,span-based,Mr. Collins,DN,4
28,span-based,Mr. Collins,DC,2
28,span-based,Miss de Bourgh,N,3
28,span-based,Miss de Bourgh,A,0
28,span-based,Miss de Bourgh,C,0
28,span-based,Miss de Bourgh,I,2
28,span-based,Miss de Bourgh,DN,2
28,span-based,Miss de Bourgh,DC,11
28,span-based,Sir William Lucas,N,2
28,span-based,Sir William Lucas,A,3
28,span-based,Sir William Lucas,C,0
28,span-based,Sir William Lucas,I,1
28,span-based,Sir William Lucas,DN,0
28,span-based,Sir William Lucas,DC,0
28,span-based,Charlotte Lucas,N,15
28,span-based,Charlotte Lucas,A,1
28,span-based,Charlotte Lucas,C,3
28,span-based,Charlotte Lucas,I,3
28,span-based,Charlotte Lucas,DN,3
28,span-based,Charlotte Lucas,DC,4
28,span-based,Maria Lucas,N,1
28,span-based,Maria Lucas,A,3
28,span-based,Maria Lucas,C,3
28,span-based,Maria Lucas,I,1
28,span-based,Maria Lucas,DN,1
28,span-based,Maria Lucas,DC,1
14,span-based,Lady Catherine de Bourgh,N,4
14,span-based,Lady Catherine de Bourgh,A,2
14,span-based,Lady Catherine de Bourgh,C,0
14,span-based,Lady Catherine de Bourgh,I,0
14,span-based,Lady Catherine de Bourgh,DN,5
14,span-based,Lady Catherine de Bourgh,DC,11
14,span-based,Elizabeth,N,1
14,span-based,Elizabeth,A,1
14,span-based,Elizabeth,C,0
14,span-based,Elizabeth,I,0
14,span-based,Elizabeth,DN,0
14,span-based,Elizabeth,DC,1
14,span-based,Mr. Bennet,N,8
14,span-based,Mr. Bennet,A,5
14,span-based,Mr. Bennet,C,2
14,span-based,Mr. Bennet,I,7
14,span-based,Mr. Bennet,DN,3
14,span-based,Mr. Bennet,DC,0
14,span-based,Jane,N,0
14,span-based,Jane,A,0
14,span-based,Jane,C,0
14,span-based,Jane,I,0
14,span-based,Jane,DN,0
14,span-based,Jane,DC,0
14,span-based,Kitty,N,1
14,span-based,Kitty,A,1
14,span-based,Kitty,C,0
14,span-based,Kitty,I,1
14,span-based,Kitty,DN,0
14,span-based,Kitty,DC,0
14,span-based,Mr. Collins,N,4
14,span-based,Mr. Collins,A,5
14,span-based,Mr. Collins,C,8
14,span-based,Mr. Collins,I,5
14,span-based,Mr. Collins,DN,5
14,span-based,Mr. Collins,DC,2
14,span-based,Mr. Denny,N,1
14,span-based,Mr. Denny,A,0
14,span-based,Mr. Denny,C,0
14,span-based,Mr. Denny,I,0
14,span-based,Mr. Denny,DN,0
14,span-based,Mr. Denny,DC,1
14,span-based,Miss de Bourgh,N,1
14,span-based,Miss de Bourgh,A,1
14,span-based,Miss de Bourgh,C,0
14,span-based,Miss de Bourgh,I,0
14,span-based,Miss de Bourgh,DN,1
14,span-based,Miss de Bourgh,DC,10
14,span-based,Colonel Forster,N,1
14,span-based,Colonel Forster,A,0
14,span-based,Colonel Forster,C,0
14,span-based,Colonel Forster,I,0
14,span-based,Colonel Forster,DN,0
14,span-based,Colonel Forster,DC,1
14,span-based,Lydia,N,4
14,span-based,Lydia,A,4
14,span-based,Lydia,C,1
14,span-based,Lydia,I,2
14,span-based,Lydia,DN,1
14,span-based,Lydia,DC,1
14,span-based,Charlotte Lucas,N,0
14,span-based,Charlotte Lucas,A,0
14,span-based,Charlotte Lucas,C,0
14,span-based,Charlotte Lucas,I,0
14,span-based,Charlotte Lucas,DN,0
14,span-based,Charlotte Lucas,DC,0
14,span-based,Mrs. Bennet,N,3
14,span-based,Mrs. Bennet,A,3
14,span-based,Mrs. Bennet,C,5
14,span-based,Mrs. Bennet,I,2
14,span-based,Mrs. Bennet,DN,0
14,span-based,Mrs. Bennet,DC,1
58,span-based,Lady Catherine de Bourgh,N,4
58,span-based,Lady Catherine de Bourgh,A,0
58,span-based,Lady Catherine de Bourgh,C,0
58,span-based,Lady Catherine de Bourgh,I,0
58,span-based,Lady Catherine de Bourgh,DN,0
58,span-based,Lady Catherine de Bourgh,DC,1
58,span-based,Elizabeth,N,14
58,span-based,Elizabeth,A,9
58,span-based,Elizabeth,C,15
58,span-based,Elizabeth,I,6
58,span-based,Elizabeth,DN,2
58,span-based,Elizabeth,DC,41
58,span-based,Jane,N,3
58,span-based,Jane,A,1
58,span-based,Jane,C,0
58,span-based,Jane,I,0
58,span-based,Jane,DN,0
58,span-based,Jane,DC,7
58,span-based,Colonel Fitzwilliam,N,0
58,span-based,Colonel Fitzwilliam,A,0
58,span-based,Colonel Fitzwilliam,C,0
58,span-based,Colonel Fitzwilliam,I,0
58,span-based,Colonel Fitzwilliam,DN,0
58,span-based,Colonel Fitzwilliam,DC,1
58,span-based,Kitty,N,4
58,span-based,Kitty,A,3
58,span-based,Kitty,C,0
58,span-based,Kitty,I,1
58,span-based,Kitty,DN,1
58,span-based,Kitty,DC,0
58,span-based,Mr. Bingley,N,3
58,span-based,Mr. Bingley,A,3
58,span-based,Mr. Bingley,C,0
58,span-based,Mr. Bingley,I,1
58,span-based,Mr. Bingley,DN,2
58,span-based,Mr. Bingley,DC,13
58,span-based,Mrs. Gardiner,N,1
58,span-based,Mrs. Gardiner,A,0
58,span-based,Mrs. Gardiner,C,0
58,span-based,Mrs. Gardiner,I,0
58,span-based,Mrs. Gardiner,DN,0
58,span-based,Mrs. Gardiner,DC,2
58,span-based,Lydia,N,1
58,span-based,Lydia,A,0
58,span-based,Lydia,C,0
58,span-based,Lydia,I,0
58,span-based,Lydia,DN,0
58,span-based,Lydia,DC,3
58,span-based,Mr. Darcy,N,1
58,span-based,Mr. Darcy,A,9
58,span-based,Mr. Darcy,C,31
58,span-based,Mr. Darcy,I,8
58,span-based,Mr. Darcy,DN,0
58,span-based,Mr. Darcy,DC,15
58,span-based,Mrs. Bennet,N,2
58,span-based,Mrs. Bennet,A,2
58,span-based,Mrs. Bennet,C,0
58,span-based,Mrs. Bennet,I,0
58,span-based,Mrs. Bennet,DN,0
58,span-based,Mrs. Bennet,DC,0
59,span-based,Lady Catherine de Bourgh,N,0
59,span-based,Lady Catherine de Bourgh,A,0
59,span-based,Lady Catherine de Bourgh,C,0
59,span-based,Lady Catherine de Bourgh,I,0
59,span-based,Lady Catherine de Bourgh,DN,0
59,span-based,Lady Catherine de Bourgh,DC,1
59,span-based,Elizabeth,N,30
59,span-based,Elizabeth,A,15
59,span-based,Elizabeth,C,10
59,span-based,Elizabeth,I,14
59,span-based,Elizabeth,DN,2
59,span-based,Elizabeth,DC,49
59,span-based,Mr. Darcy,N,12
59,span-based,Mr. Darcy,A,5
59,span-based,Mr. Darcy,C,1
59,span-based,Mr. Darcy,I,4
59,span-based,Mr. Darcy,DN,1
59,span-based,Mr. Darcy,DC,41
59,span-based,Mr. Bennet,N,3
59,span-based,Mr. Bennet,A,7
59,span-based,Mr. Bennet,C,12
59,span-based,Mr. Bennet,I,4
59,span-based,Mr. Bennet,DN,2
59,span-based,Mr. Bennet,DC,1
59,span-based,Jane,N,14
59,span-based,Jane,A,1
59,span-based,Jane,C,10
59,span-based,Jane,I,4
59,span-based,Jane,DN,0
59,span-based,Jane,DC,6
59,span-based,Colonel Fitzwilliam,N,0
59,span-based,Colonel Fitzwilliam,A,0
59,span-based,Colonel Fitzwilliam,C,0
59,span-based,Colonel Fitzwilliam,I,0
59,span-based,Colonel Fitzwilliam,DN,0
59,span-based,Colonel Fitzwilliam,DC,0
59,span-based,Kitty,N,6
59,span-based,Kitty,A,1
59,span-based,Kitty,C,0
59,span-based,Kitty,I,0
59,span-based,Kitty,DN,0
59,span-based,Kitty,DC,5
59,span-based,Miss Bingley,N,0
59,span-based,Miss Bingley,A,0
59,span-based,Miss Bingley,C,0
59,span-based,Miss Bingley,I,0
59,span-based,Miss Bingley,DN,0
59,span-based,Miss Bingley,DC,0
59,span-based,Mr. Bingley,N,1
59,span-based,Mr. Bingley,A,3
59,span-based,Mr. Bingley,C,3
59,span-based,Mr. Bingley,I,1
59,span-based,Mr. Bingley,DN,0
59,span-based,Mr. Bingley,DC,15
59,span-based,Mr. Hurst,N,0
59,span-based,Mr. Hurst,A,0
59,span-based,Mr. Hurst,C,0
59,span-based,Mr. Hurst,I,0
59,span-based,Mr. Hurst,DN,0
59,span-based,Mr. Hurst,DC,0
59,span-based,Mrs. Gardiner,N,0
59,span-based,Mrs. Gardiner,A,0
59,span-based,Mrs. Gardiner,C,0
59,span-based,Mrs. Gardiner,I,0
59,span-based,Mrs. Gardiner,DN,0
59,span-based,Mrs. Gardiner,DC,0
59,span-based,Lydia,N,0
59,span-based,Lydia,A,0
59,span-based,Lydia,C,0
59,span-based,Lydia,I,0
59,span-based,Lydia,DN,0
59,span-based,Lydia,DC,1
59,span-based,Mr. Gardiner,N,0
59,span-based,Mr. Gardiner,A,0
59,span-based,Mr. Gardiner,C,0
59,span-based,Mr. Gardiner,I,0
59,span-based,Mr. Gardiner,DN,0
59,span-based,Mr. Gardiner,DC,1
59,span-based,Mr. Collins,N,0
59,span-based,Mr. Collins,A,0
59,span-based,Mr. Collins,C,0
59,span-based,Mr. Collins,I,0
59,span-based,Mr. Collins,DN,0
59,span-based,Mr. Collins,DC,1
59,span-based,Mrs. Hurst,N,0
59,span-based,Mrs. Hurst,A,0
59,span-based,Mrs. Hurst,C,0
59,span-based,Mrs. Hurst,I,0
59,span-based,Mrs. Hurst,DN,0
59,span-based,Mrs. Hurst,DC,0
59,span-based,Mrs. Bennet,N,12
59,span-based,Mrs. Bennet,A,7
59,span-based,Mrs. Bennet,C,8
59,span-based,Mrs. Bennet,I,2
59,span-based,Mrs. Bennet,DN,1
59,span-based,Mrs. Bennet,DC,1
61,span-based,Lady Catherine de Bourgh,N,1
61,span-based,Lady Catherine de Bourgh,A,3
61,span-based,Lady Catherine de Bourgh,C,0
61,span-based,Lady Catherine de Bourgh,I,2
61,span-based,Lady Catherine de Bourgh,DN,3
61,span-based,Lady Catherine de Bourgh,DC,0
61,span-based,Elizabeth,N,13
61,span-based,Elizabeth,A,2
61,span-based,Elizabeth,C,0
61,span-based,Elizabeth,I,0
61,span-based,Elizabeth,DN,0
61,span-based,Elizabeth,DC,5
61,span-based,Mr. Bennet,N,1
61,span-based,Mr. Bennet,A,2
61,span-based,Mr. Bennet,C,0
61,span-based,Mr. Bennet,I,2
61,span-based,Mr. Bennet,DN,3
61,span-based,Mr. Bennet,DC,0
61,span-based,Jane,N,4
61,span-based,Jane,A,2
61,span-based,Jane,C,0
61,span-based,Jane,I,1
61,span-based,Jane,DN,1
61,span-based,Jane,DC,0
61,span-based,Kitty,N,1
61,span-based,Kitty,A,2
61,span-based,Kitty,C,0
61,span-based,Kitty,I,3
61,span-based,Kitty,DN,4
61,span-based,Kitty,DC,0
61,span-based,Miss Bingley,N,1
61,span-based,Miss Bingley,A,2
61,span-based,Miss Bingley,C,0
61,span-based,Miss Bingley,I,2
61,span-based,Miss Bingley,DN,3
61,span-based,Miss Bingley,DC,0
61,span-based,Mr. Bingley,N,1
61,span-based,Mr. Bingley,A,2
61,span-based,Mr. Bingley,C,0
61,span-based,Mr. Bingley,I,1
61,span-based,Mr. Bingley,DN,0
61,span-based,Mr. Bingley,DC,0
61,span-based,Mrs. Gardiner,N,0
61,span-based,Mrs. Gardiner,A,0
61,span-based,Mrs. Gardiner,C,0
61,span-based,Mrs. Gardiner,I,0
61,span-based,Mrs. Gardiner,DN,0
61,span-based,Mrs. Gardiner,DC,0
61,span-based,Mary,N,2
61,span-based,Mary,A,2
61,span-based,Mary,C,0
61,span-based,Mary,I,2
61,span-based,Mary,DN,2
61,span-based,Mary,DC,0
61,span-based,Lydia,N,7
61,span-based,Lydia,A,1
61,span-based,Lydia,C,3
61,span-based,Lydia,I,2
61,span-based,Lydia,DN,2
61,span-based,Lydia,DC,0
61,span-based,Mr. Gardiner,N,0
61,span-based,Mr. Gardiner,A,0
61,span-based,Mr. Gardiner,C,0
61,span-based,Mr. Gardiner,I,1
61,span-based,Mr. Gardiner,DN,0
61,span-based,Mr. Gardiner,DC,0
61,span-based,Mr. Darcy,N,2
61,span-based,Mr. Darcy,A,2
61,span-based,Mr. Darcy,C,0
61,span-based,Mr. Darcy,I,1
61,span-based,Mr. Darcy,DN,1
61,span-based,Mr. Darcy,DC,2
61,span-based,Wickham,N,4
61,span-based,Wickham,A,2
61,span-based,Wickham,C,0
61,span-based,Wickham,I,1
61,span-based,Wickham,DN,1
61,span-based,Wickham,DC,2
61,span-based,Mrs. Bennet,N,2
61,span-based,Mrs. Bennet,A,4
61,span-based,Mrs. Bennet,C,0
61,span-based,Mrs. Bennet,I,3
61,span-based,Mrs. Bennet,DN,3
61,span-based,Mrs. Bennet,DC,0
49,span-based,Elizabeth,N,14
49,span-based,Elizabeth,A,6
49,span-based,Elizabeth,C,20
49,span-based,Elizabeth,I,6
49,span-based,Elizabeth,DN,1
49,span-based,Elizabeth,DC,15
49,span-based,Mr. Bennet,N,6
49,span-based,Mr. Bennet,A,5
49,span-based,Mr. Bennet,C,17
49,span-based,Mr. Bennet,I,2
49,span-based,Mr. Bennet,DN,2
49,span-based,Mr. Bennet,DC,14
49,span-based,Jane,N,12
49,span-based,Jane,A,5
49,span-based,Jane,C,14
49,span-based,Jane,I,2
49,span-based,Jane,DN,1
49,span-based,Jane,DC,8
49,span-based,Kitty,N,3
49,span-based,Kitty,A,1
49,span-based,Kitty,C,0
49,span-based,Kitty,I,0
49,span-based,Kitty,DN,0
49,span-based,Kitty,DC,3
49,span-based,Mary,N,1
49,span-based,Mary,A,0
49,span-based,Mary,C,0
49,span-based,Mary,I,0
49,span-based,Mary,DN,0
49,span-based,Mary,DC,1
49,span-based,Lydia,N,1
49,span-based,Lydia,A,0
49,span-based,Lydia,C,0
49,span-based,Lydia,I,0
49,span-based,Lydia,DN,0
49,span-based,Lydia,DC,19
49,span-based,Mr. Gardiner,N,11
49,span-based,Mr. Gardiner,A,0
49,span-based,Mr. Gardiner,C,6
49,span-based,Mr. Gardiner,I,0
49,span-based,Mr. Gardiner,DN,0
49,span-based,Mr. Gardiner,DC,20
49,span-based,Wickham,N,2
49,span-based,Wickham,A,0
49,span-based,Wickham,C,0
49,span-based,Wickham,I,0
49,span-based,Wickham,DN,0
49,span-based,Wickham,DC,19
49,span-based,Mrs. Bennet,N,10
49,span-based,Mrs. Bennet,A,5
49,span-based,Mrs. Bennet,C,5
49,span-based,Mrs. Bennet,I,5
49,span-based,Mrs. Bennet,DN,2
49,span-based,Mrs. Bennet,DC,2
48,span-based,Lady Catherine de Bourgh,N,2
48,span-based,Lady Catherine de Bourgh,A,0
48,span-based,Lady Catherine de Bourgh,C,0
48,span-based,Lady Catherine de Bourgh,I,0
48,span-based,Lady Catherine de Bourgh,DN,0
48,span-based,Lady Catherine de Bourgh,DC,0
48,span-based,Lady Lucas,N,0
48,span-based,Lady Lucas,A,0
48,span-based,Lady Lucas,C,0
48,span-based,Lady Lucas,I,0
48,span-based,Lady Lucas,DN,0
48,span-based,Lady Lucas,DC,0
48,span-based,Jane,N,3
48,span-based,Jane,A,0
48,span-based,Jane,C,2
48,span-based,Jane,I,2
48,span-based,Jane,DN,0
48,span-based,Jane,DC,0
48,span-based,Miss Bingley,N,0
48,span-based,Miss Bingley,A,0
48,span-based,Miss Bingley,C,0
48,span-based,Miss Bingley,I,0
48,span-based,Miss Bingley,DN,0
48,span-based,Miss Bingley,DC,0
48,span-based,Mr. Denny,N,0
48,span-based,Mr. Denny,A,0
48,span-based,Mr. Denny,C,0
48,span-based,Mr. Denny,I,0
48,span-based,Mr. Denny,DN,0
48,span-based,Mr. Denny,DC,0
48,span-based,Mr. Collins,N,1
48,span-based,Mr. Collins,A,0
48,span-based,Mr. Collins,C,3
48,span-based,Mr. Collins,I,0
48,span-based,Mr. Collins,DN,2
48,span-based,Mr. Collins,DC,0
48,span-based,Wickham,N,4
48,span-based,Wickham,A,0
48,span-based,Wickham,C,0
48,span-based,Wickham,I,0
48,span-based,Wickham,DN,3
48,span-based,Wickham,DC,3
48,span-based,Miss Darcy,N,0
48,span-based,Miss Darcy,A,0
48,span-based,Miss Darcy,C,0
48,span-based,Miss Darcy,I,0
48,span-based,Miss Darcy,DN,0
48,span-based,Miss Darcy,DC,0
48,span-based,Mrs. Bennet,N,3
48,span-based,Mrs. Bennet,A,1
48,span-based,Mrs. Bennet,C,2
48,span-based,Mrs. Bennet,I,2
48,span-based,Mrs. Bennet,DN,0
48,span-based,Mrs. Bennet,DC,1
48,span-based,Kitty,N,5
48,span-based,Kitty,A,1
48,span-based,Kitty,C,3
48,span-based,Kitty,I,1
48,span-based,Kitty,DN,0
48,span-based,Kitty,DC,8
48,span-based,Mrs. Gardiner,N,4
48,span-based,Mrs. Gardiner,A,4
48,span-based,Mrs. Gardiner,C,0
48,span-based,Mrs. Gardiner,I,3
48,span-based,Mrs. Gardiner,DN,2
48,span-based,Mrs. Gardiner,DC,0
48,span-based,Mr. Hurst,N,0
48,span-based,Mr. Hurst,A,0
48,span-based,Mr. Hurst,C,0
48,span-based,Mr. Hurst,I,0
48,span-based,Mr. Hurst,DN,0
48,span-based,Mr. Hurst,DC,0
48,span-based,Mrs. Forster,N,0
48,span-based,Mrs. Forster,A,0
48,span-based,Mrs. Forster,C,0
48,span-based,Mrs. Forster,I,0
48,span-based,Mrs. Forster,DN,0
48,span-based,Mrs. Forster,DC,0
48,span-based,Lydia,N,5
48,span-based,Lydia,A,0
48,span-based,Lydia,C,0
48,span-based,Lydia,I,0
48,span-based,Lydia,DN,0
48,span-based,Lydia,DC,13
48,span-based,Mr. Darcy,N,0
48,span-based,Mr. Darcy,A,0
48,span-based,Mr. Darcy,C,0
48,span-based,Mr. Darcy,I,0
48,span-based,Mr. Darcy,DN,0
48,span-based,Mr. Darcy,DC,0
48,span-based,Mrs. Hurst,N,0
48,span-based,Mrs. Hurst,A,0
48,span-based,Mrs. Hurst,C,0
48,span-based,Mrs. Hurst,I,0
48,span-based,Mrs. Hurst,DN,0
48,span-based,Mrs. Hurst,DC,0
48,span-based,Elizabeth,N,11
48,span-based,Elizabeth,A,2
48,span-based,Elizabeth,C,2
48,span-based,Elizabeth,I,4
48,span-based,Elizabeth,DN,1
48,span-based,Elizabeth,DC,3
48,span-based,Sir William Lucas,N,0
48,span-based,Sir William Lucas,A,0
48,span-based,Sir William Lucas,C,0
48,span-based,Sir William Lucas,I,0
48,span-based,Sir William Lucas,DN,0
48,span-based,Sir William Lucas,DC,0
48,span-based,Colonel Forster,N,4
48,span-based,Colonel Forster,A,0
48,span-based,Colonel Forster,C,0
48,span-based,Colonel Forster,I,0
48,span-based,Colonel Forster,DN,0
48,span-based,Colonel Forster,DC,2
48,span-based,Mr. Bennet,N,7
48,span-based,Mr. Bennet,A,3
48,span-based,Mr. Bennet,C,11
48,span-based,Mr. Bennet,I,3
48,span-based,Mr. Bennet,DN,2
48,span-based,Mr. Bennet,DC,11
48,span-based,Mrs. Philips,N,0
48,span-based,Mrs. Philips,A,0
48,span-based,Mrs. Philips,C,0
48,span-based,Mrs. Philips,I,0
48,span-based,Mrs. Philips,DN,0
48,span-based,Mrs. Philips,DC,0
48,span-based,Mr. Gardiner,N,7
48,span-based,Mr. Gardiner,A,5
48,span-based,Mr. Gardiner,C,1
48,span-based,Mr. Gardiner,I,2
48,span-based,Mr. Gardiner,DN,2
48,span-based,Mr. Gardiner,DC,0
48,span-based,Charlotte Lucas,N,0
48,span-based,Charlotte Lucas,A,0
48,span-based,Charlotte Lucas,C,0
48,span-based,Charlotte Lucas,I,0
48,span-based,Charlotte Lucas,DN,0
48,span-based,Charlotte Lucas,DC,1
60,span-based,Lady Catherine de Bourgh,N,0
60,span-based,Lady Catherine de Bourgh,A,0
60,span-based,Lady Catherine de Bourgh,C,0
60,span-based,Lady Catherine de Bourgh,I,0
60,span-based,Lady Catherine de Bourgh,DN,0
60,span-based,Lady Catherine de Bourgh,DC,5
60,span-based,Elizabeth,N,7
60,span-based,Elizabeth,A,3
60,span-based,Elizabeth,C,6
60,span-based,Elizabeth,I,7
60,span-based,Elizabeth,DN,0
60,span-based,Elizabeth,DC,18
60,span-based,Mr. Darcy,N,6
60,span-based,Mr. Darcy,A,4
60,span-based,Mr. Darcy,C,15
60,span-based,Mr. Darcy,I,3
60,span-based,Mr. Darcy,DN,1
60,span-based,Mr. Darcy,DC,17
60,span-based,Mr. Bennet,N,1
60,span-based,Mr. Bennet,A,1
60,span-based,Mr. Bennet,C,3
60,span-based,Mr. Bennet,I,1
60,span-based,Mr. Bennet,DN,0
60,span-based,Mr. Bennet,DC,1
60,span-based,Jane,N,1
60,span-based,Jane,A,1
60,span-based,Jane,C,0
60,span-based,Jane,I,1
60,span-based,Jane,DN,0
60,span-based,Jane,DC,5
60,span-based,Miss Bingley,N,1
60,span-based,Miss Bingley,A,1
60,span-based,Miss Bingley,C,0
60,span-based,Miss Bingley,I,1
60,span-based,Miss Bingley,DN,1
60,span-based,Miss Bingley,DC,0
60,span-based,Mr. Collins,N,2
60,span-based,Mr. Collins,A,0
60,span-based,Mr. Collins,C,0
60,span-based,Mr. Collins,I,0
60,span-based,Mr. Collins,DN,0
60,span-based,Mr. Collins,DC,4
60,span-based,Mr. Bingley,N,3
60,span-based,Mr. Bingley,A,0
60,span-based,Mr. Bingley,C,0
60,span-based,Mr. Bingley,I,0
60,span-based,Mr. Bingley,DN,0
60,span-based,Mr. Bingley,DC,2
60,span-based,Mrs. Gardiner,N,1
60,span-based,Mrs. Gardiner,A,0
60,span-based,Mrs. Gardiner,C,0
60,span-based,Mrs. Gardiner,I,0
60,span-based,Mrs. Gardiner,DN,0
60,span-based,Mrs. Gardiner,DC,6
60,span-based,Mrs. Philips,N,2
60,span-based,Mrs. Philips,A,0
60,span-based,Mrs. Philips,C,0
60,span-based,Mrs. Philips,I,1
60,span-based,Mrs. Philips,DN,1
60,span-based,Mrs. Philips,DC,0
60,span-based,Sir William Lucas,N,1
60,span-based,Sir William Lucas,A,1
60,span-based,Sir William Lucas,C,0
60,span-based,Sir William Lucas,I,0
60,span-based,Sir William Lucas,DN,1
60,span-based,Sir William Lucas,DC,0
60,span-based,Lydia,N,1
60,span-based,Lydia,A,0
60,span-based,Lydia,C,0
60,span-based,Lydia,I,0
60,span-based,Lydia,DN,0
60,span-based,Lydia,DC,1
60,span-based,Charlotte Lucas,N,0
60,span-based,Charlotte Lucas,A,0
60,span-based,Charlotte Lucas,C,0
60,span-based,Charlotte Lucas,I,1
60,span-based,Charlotte Lucas,DN,0
60,span-based,Charlotte Lucas,DC,0
60,span-based,Miss Darcy,N,1
60,span-based,Miss Darcy,A,2
60,span-based,Miss Darcy,C,0
60,span-based,Miss Darcy,I,2
60,span-based,Miss Darcy,DN,1
60,span-based,Miss Darcy,DC,1
