chapter,method,character,tag,count
10,chapter_all_gpt-4o-mini_all,Diana Rivers,N,0
10,chapter_all_gpt-4o-mini_all,Diana Rivers,A,0
10,chapter_all_gpt-4o-mini_all,Diana Rivers,C,0
10,chapter_all_gpt-4o-mini_all,Diana Rivers,I,0
10,chapter_all_gpt-4o-mini_all,Diana Rivers,DN,0
10,chapter_all_gpt-4o-mini_all,Diana Rivers,DC,0
10,chapter_all_gpt-4o-mini_all,Bertha Mason,N,0
10,chapter_all_gpt-4o-mini_all,Bertha Mason,A,0
10,chapter_all_gpt-4o-mini_all,Bertha Mason,C,0
10,chapter_all_gpt-4o-mini_all,Bertha Mason,I,0
10,chapter_all_gpt-4o-mini_all,Bertha Mason,DN,0
10,chapter_all_gpt-4o-mini_all,Bertha Mason,DC,0
10,chapter_all_gpt-4o-mini_all,Augusta Brocklehurst,N,0
10,chapter_all_gpt-4o-mini_all,Augusta Brocklehurst,A,0
10,chapter_all_gpt-4o-mini_all,Augusta Brocklehurst,C,0
10,chapter_all_gpt-4o-mini_all,Augusta Brocklehurst,I,0
10,chapter_all_gpt-4o-mini_all,Augusta Brocklehurst,DN,0
10,chapter_all_gpt-4o-mini_all,Augusta Brocklehurst,DC,0
10,chapter_all_gpt-4o-mini_all,Georgiana,N,0
10,chapter_all_gpt-4o-mini_all,Georgiana,A,0
10,chapter_all_gpt-4o-mini_all,Georgiana,C,0
10,chapter_all_gpt-4o-mini_all,Georgiana,I,0
10,chapter_all_gpt-4o-mini_all,Georgiana,DN,0
10,chapter_all_gpt-4o-mini_all,Georgiana,DC,0
10,chapter_all_gpt-4o-mini_all,Mrs. Fairfax,N,0
10,chapter_all_gpt-4o-mini_all,Mrs. Fairfax,A,0
10,chapter_all_gpt-4o-mini_all,Mrs. Fairfax,C,0
10,chapter_all_gpt-4o-mini_all,Mrs. Fairfax,I,0
10,chapter_all_gpt-4o-mini_all,Mrs. Fairfax,DN,0
10,chapter_all_gpt-4o-mini_all,Mrs. Fairfax,DC,0
10,chapter_all_gpt-4o-mini_all,Jane,N,24
10,chapter_all_gpt-4o-mini_all,Jane,A,1
10,chapter_all_gpt-4o-mini_all,Jane,C,3
10,chapter_all_gpt-4o-mini_all,Jane,I,9
10,chapter_all_gpt-4o-mini_all,Jane,DN,6
10,chapter_all_gpt-4o-mini_all,Jane,DC,2
10,chapter_all_gpt-4o-mini_all,Brocklehurst,N,7
10,chapter_all_gpt-4o-mini_all,Brocklehurst,A,5
10,chapter_all_gpt-4o-mini_all,Brocklehurst,C,1
10,chapter_all_gpt-4o-mini_all,Brocklehurst,I,1
10,chapter_all_gpt-4o-mini_all,Brocklehurst,DN,5
10,chapter_all_gpt-4o-mini_all,Brocklehurst,DC,2
10,chapter_all_gpt-4o-mini_all,St. John Rivers,N,0
10,chapter_all_gpt-4o-mini_all,St. John Rivers,A,0
10,chapter_all_gpt-4o-mini_all,St. John Rivers,C,0
10,chapter_all_gpt-4o-mini_all,St. John Rivers,I,0
10,chapter_all_gpt-4o-mini_all,St. John Rivers,DN,0
10,chapter_all_gpt-4o-mini_all,St. John Rivers,DC,0
10,chapter_all_gpt-4o-mini_all,Miss Temple,N,4
10,chapter_all_gpt-4o-mini_all,Miss Temple,A,0
10,chapter_all_gpt-4o-mini_all,Miss Temple,C,0
10,chapter_all_gpt-4o-mini_all,Miss Temple,I,2
10,chapter_all_gpt-4o-mini_all,Miss Temple,DN,3
10,chapter_all_gpt-4o-mini_all,Miss Temple,DC,0
10,chapter_all_gpt-4o-mini_all,Mr. Rochester,N,1
10,chapter_all_gpt-4o-mini_all,Mr. Rochester,A,1
10,chapter_all_gpt-4o-mini_all,Mr. Rochester,C,0
10,chapter_all_gpt-4o-mini_all,Mr. Rochester,I,0
10,chapter_all_gpt-4o-mini_all,Mr. Rochester,DN,0
10,chapter_all_gpt-4o-mini_all,Mr. Rochester,DC,0
10,chapter_all_gpt-4o-mini_all,Adele,N,1
10,chapter_all_gpt-4o-mini_all,Adele,A,0
10,chapter_all_gpt-4o-mini_all,Adele,C,0
10,chapter_all_gpt-4o-mini_all,Adele,I,0
10,chapter_all_gpt-4o-mini_all,Adele,DN,0
10,chapter_all_gpt-4o-mini_all,Adele,DC,0
10,chapter_all_gpt-4o-mini_all,Mrs. Reed,N,4
10,chapter_all_gpt-4o-mini_all,Mrs. Reed,A,0
10,chapter_all_gpt-4o-mini_all,Mrs. Reed,C,0
10,chapter_all_gpt-4o-mini_all,Mrs. Reed,I,3
10,chapter_all_gpt-4o-mini_all,Mrs. Reed,DN,3
10,chapter_all_gpt-4o-mini_all,Mrs. Reed,DC,2
10,chapter_all_gpt-4o-mini_all,Mr. Rivers,N,0
10,chapter_all_gpt-4o-mini_all,Mr. Rivers,A,0
10,chapter_all_gpt-4o-mini_all,Mr. Rivers,C,0
10,chapter_all_gpt-4o-mini_all,Mr. Rivers,I,0
10,chapter_all_gpt-4o-mini_all,Mr. Rivers,DN,0
10,chapter_all_gpt-4o-mini_all,Mr. Rivers,DC,0
10,chapter_all_gpt-4o-mini_all,Abbot,N,0
10,chapter_all_gpt-4o-mini_all,Abbot,A,0
10,chapter_all_gpt-4o-mini_all,Abbot,C,0
10,chapter_all_gpt-4o-mini_all,Abbot,I,0
10,chapter_all_gpt-4o-mini_all,Abbot,DN,0
10,chapter_all_gpt-4o-mini_all,Abbot,DC,0
10,chapter_all_gpt-4o-mini_all,Mary Rivers,N,0
10,chapter_all_gpt-4o-mini_all,Mary Rivers,A,0
10,chapter_all_gpt-4o-mini_all,Mary Rivers,C,0
10,chapter_all_gpt-4o-mini_all,Mary Rivers,I,0
10,chapter_all_gpt-4o-mini_all,Mary Rivers,DN,0
10,chapter_all_gpt-4o-mini_all,Mary Rivers,DC,0
10,chapter_all_gpt-4o-mini_all,Mrs. Brocklehurst,N,0
10,chapter_all_gpt-4o-mini_all,Mrs. Brocklehurst,A,0
10,chapter_all_gpt-4o-mini_all,Mrs. Brocklehurst,C,0
10,chapter_all_gpt-4o-mini_all,Mrs. Brocklehurst,I,0
10,chapter_all_gpt-4o-mini_all,Mrs. Brocklehurst,DN,0
10,chapter_all_gpt-4o-mini_all,Mrs. Brocklehurst,DC,0
10,chapter_all_gpt-4o-mini_all,John Reed,N,0
10,chapter_all_gpt-4o-mini_all,John Reed,A,0
10,chapter_all_gpt-4o-mini_all,John Reed,C,0
10,chapter_all_gpt-4o-mini_all,John Reed,I,0
10,chapter_all_gpt-4o-mini_all,John Reed,DN,0
10,chapter_all_gpt-4o-mini_all,John Reed,DC,0
10,chapter_all_gpt-4o-mini_all,Theodore Brocklehurst,N,0
10,chapter_all_gpt-4o-mini_all,Theodore Brocklehurst,A,0
10,chapter_all_gpt-4o-mini_all,Theodore Brocklehurst,C,0
10,chapter_all_gpt-4o-mini_all,Theodore Brocklehurst,I,0
10,chapter_all_gpt-4o-mini_all,Theodore Brocklehurst,DN,0
10,chapter_all_gpt-4o-mini_all,Theodore Brocklehurst,DC,0
10,chapter_all_gpt-4o-mini_all,Georgiana Reed,N,0
10,chapter_all_gpt-4o-mini_all,Georgiana Reed,A,0
10,chapter_all_gpt-4o-mini_all,Georgiana Reed,C,0
10,chapter_all_gpt-4o-mini_all,Georgiana Reed,I,0
10,chapter_all_gpt-4o-mini_all,Georgiana Reed,DN,0
10,chapter_all_gpt-4o-mini_all,Georgiana Reed,DC,0
10,chapter_all_gpt-4o-mini_all,Mr. Brocklehurst,N,0
10,chapter_all_gpt-4o-mini_all,Mr. Brocklehurst,A,0
10,chapter_all_gpt-4o-mini_all,Mr. Brocklehurst,C,0
10,chapter_all_gpt-4o-mini_all,Mr. Brocklehurst,I,0
10,chapter_all_gpt-4o-mini_all,Mr. Brocklehurst,DN,0
10,chapter_all_gpt-4o-mini_all,Mr. Brocklehurst,DC,0
10,chapter_all_gpt-4o-mini_all,Broughton Brocklehurst,N,0
10,chapter_all_gpt-4o-mini_all,Broughton Brocklehurst,A,0
10,chapter_all_gpt-4o-mini_all,Broughton Brocklehurst,C,0
10,chapter_all_gpt-4o-mini_all,Broughton Brocklehurst,I,0
10,chapter_all_gpt-4o-mini_all,Broughton Brocklehurst,DN,0
10,chapter_all_gpt-4o-mini_all,Broughton Brocklehurst,DC,0
10,chapter_all_gpt-4o-mini_all,Helen Burns,N,0
10,chapter_all_gpt-4o-mini_all,Helen Burns,A,0
10,chapter_all_gpt-4o-mini_all,Helen Burns,C,0
10,chapter_all_gpt-4o-mini_all,Helen Burns,I,0
10,chapter_all_gpt-4o-mini_all,Helen Burns,DN,0
10,chapter_all_gpt-4o-mini_all,Helen Burns,DC,0
10,chapter_all_gpt-4o-mini_all,Bessie,N,3
10,chapter_all_gpt-4o-mini_all,Bessie,A,0
10,chapter_all_gpt-4o-mini_all,Bessie,C,1
10,chapter_all_gpt-4o-mini_all,Bessie,I,0
10,chapter_all_gpt-4o-mini_all,Bessie,DN,2
10,chapter_all_gpt-4o-mini_all,Bessie,DC,0
10,chapter_all_gpt-4o-mini_all,Reed,N,0
10,chapter_all_gpt-4o-mini_all,Reed,A,0
10,chapter_all_gpt-4o-mini_all,Reed,C,0
10,chapter_all_gpt-4o-mini_all,Reed,I,0
10,chapter_all_gpt-4o-mini_all,Reed,DN,0
10,chapter_all_gpt-4o-mini_all,Reed,DC,0
10,chapter_all_gpt-4o-mini_all,Mr. Reed,N,0
10,chapter_all_gpt-4o-mini_all,Mr. Reed,A,0
10,chapter_all_gpt-4o-mini_all,Mr. Reed,C,0
10,chapter_all_gpt-4o-mini_all,Mr. Reed,I,0
10,chapter_all_gpt-4o-mini_all,Mr. Reed,DN,0
10,chapter_all_gpt-4o-mini_all,Mr. Reed,DC,0
38,chapter_all_gpt-4o-mini_all,Mr. Rochester,N,6
38,chapter_all_gpt-4o-mini_all,Mr. Rochester,A,8
38,chapter_all_gpt-4o-mini_all,Mr. Rochester,C,5
38,chapter_all_gpt-4o-mini_all,Mr. Rochester,I,7
38,chapter_all_gpt-4o-mini_all,Mr. Rochester,DN,6
38,chapter_all_gpt-4o-mini_all,Mr. Rochester,DC,2
38,chapter_all_gpt-4o-mini_all,Mr. Wharton,N,2
38,chapter_all_gpt-4o-mini_all,Mr. Wharton,A,0
38,chapter_all_gpt-4o-mini_all,Mr. Wharton,C,0
38,chapter_all_gpt-4o-mini_all,Mr. Wharton,I,0
38,chapter_all_gpt-4o-mini_all,Mr. Wharton,DN,0
38,chapter_all_gpt-4o-mini_all,Mr. Wharton,DC,1
38,chapter_all_gpt-4o-mini_all,St. John Rivers,N,4
38,chapter_all_gpt-4o-mini_all,St. John Rivers,A,1
38,chapter_all_gpt-4o-mini_all,St. John Rivers,C,1
38,chapter_all_gpt-4o-mini_all,St. John Rivers,I,3
38,chapter_all_gpt-4o-mini_all,St. John Rivers,DN,5
38,chapter_all_gpt-4o-mini_all,St. John Rivers,DC,2
38,chapter_all_gpt-4o-mini_all,Diana Rivers,N,3
38,chapter_all_gpt-4o-mini_all,Diana Rivers,A,0
38,chapter_all_gpt-4o-mini_all,Diana Rivers,C,1
38,chapter_all_gpt-4o-mini_all,Diana Rivers,I,0
38,chapter_all_gpt-4o-mini_all,Diana Rivers,DN,2
38,chapter_all_gpt-4o-mini_all,Diana Rivers,DC,0
1,chapter_all_gpt-4o-mini_all,Mr. Reed,N,1
1,chapter_all_gpt-4o-mini_all,Mr. Reed,A,0
1,chapter_all_gpt-4o-mini_all,Mr. Reed,C,0
1,chapter_all_gpt-4o-mini_all,Mr. Reed,I,0
1,chapter_all_gpt-4o-mini_all,Mr. Reed,DN,1
1,chapter_all_gpt-4o-mini_all,Mr. Reed,DC,0
1,chapter_all_gpt-4o-mini_all,Bessie,N,3
1,chapter_all_gpt-4o-mini_all,Bessie,A,0
1,chapter_all_gpt-4o-mini_all,Bessie,C,1
1,chapter_all_gpt-4o-mini_all,Bessie,I,0
1,chapter_all_gpt-4o-mini_all,Bessie,DN,2
1,chapter_all_gpt-4o-mini_all,Bessie,DC,2
1,chapter_all_gpt-4o-mini_all,John Reed,N,10
1,chapter_all_gpt-4o-mini_all,John Reed,A,3
1,chapter_all_gpt-4o-mini_all,John Reed,C,3
1,chapter_all_gpt-4o-mini_all,John Reed,I,2
1,chapter_all_gpt-4o-mini_all,John Reed,DN,2
1,chapter_all_gpt-4o-mini_all,John Reed,DC,4
1,chapter_all_gpt-4o-mini_all,Georgiana,N,4
1,chapter_all_gpt-4o-mini_all,Georgiana,A,0
1,chapter_all_gpt-4o-mini_all,Georgiana,C,0
1,chapter_all_gpt-4o-mini_all,Georgiana,I,0
1,chapter_all_gpt-4o-mini_all,Georgiana,DN,1
1,chapter_all_gpt-4o-mini_all,Georgiana,DC,2
1,chapter_all_gpt-4o-mini_all,Mrs. Reed,N,4
1,chapter_all_gpt-4o-mini_all,Mrs. Reed,A,0
1,chapter_all_gpt-4o-mini_all,Mrs. Reed,C,0
1,chapter_all_gpt-4o-mini_all,Mrs. Reed,I,0
1,chapter_all_gpt-4o-mini_all,Mrs. Reed,DN,2
1,chapter_all_gpt-4o-mini_all,Mrs. Reed,DC,2
1,chapter_all_gpt-4o-mini_all,Reed,N,0
1,chapter_all_gpt-4o-mini_all,Reed,A,0
1,chapter_all_gpt-4o-mini_all,Reed,C,0
1,chapter_all_gpt-4o-mini_all,Reed,I,0
1,chapter_all_gpt-4o-mini_all,Reed,DN,0
1,chapter_all_gpt-4o-mini_all,Reed,DC,0
1,chapter_all_gpt-4o-mini_all,Eliza Reed,N,3
1,chapter_all_gpt-4o-mini_all,Eliza Reed,A,0
1,chapter_all_gpt-4o-mini_all,Eliza Reed,C,1
1,chapter_all_gpt-4o-mini_all,Eliza Reed,I,0
1,chapter_all_gpt-4o-mini_all,Eliza Reed,DN,1
1,chapter_all_gpt-4o-mini_all,Eliza Reed,DC,3
1,chapter_all_gpt-4o-mini_all,Georgiana Reed,N,0
1,chapter_all_gpt-4o-mini_all,Georgiana Reed,A,0
1,chapter_all_gpt-4o-mini_all,Georgiana Reed,C,0
1,chapter_all_gpt-4o-mini_all,Georgiana Reed,I,0
1,chapter_all_gpt-4o-mini_all,Georgiana Reed,DN,0
1,chapter_all_gpt-4o-mini_all,Georgiana Reed,DC,0
1,chapter_all_gpt-4o-mini_all,Abbot,N,0
1,chapter_all_gpt-4o-mini_all,Abbot,A,0
1,chapter_all_gpt-4o-mini_all,Abbot,C,0
1,chapter_all_gpt-4o-mini_all,Abbot,I,0
1,chapter_all_gpt-4o-mini_all,Abbot,DN,0
1,chapter_all_gpt-4o-mini_all,Abbot,DC,0
1,chapter_all_gpt-4o-mini_all,Jane,N,7
1,chapter_all_gpt-4o-mini_all,Jane,A,0
1,chapter_all_gpt-4o-mini_all,Jane,C,3
1,chapter_all_gpt-4o-mini_all,Jane,I,5
1,chapter_all_gpt-4o-mini_all,Jane,DN,3
1,chapter_all_gpt-4o-mini_all,Jane,DC,1
11,chapter_all_gpt-4o-mini_all,Grace Poole,N,1
11,chapter_all_gpt-4o-mini_all,Grace Poole,A,0
11,chapter_all_gpt-4o-mini_all,Grace Poole,C,0
11,chapter_all_gpt-4o-mini_all,Grace Poole,I,0
11,chapter_all_gpt-4o-mini_all,Grace Poole,DN,0
11,chapter_all_gpt-4o-mini_all,Grace Poole,DC,2
11,chapter_all_gpt-4o-mini_all,Celine,N,0
11,chapter_all_gpt-4o-mini_all,Celine,A,0
11,chapter_all_gpt-4o-mini_all,Celine,C,0
11,chapter_all_gpt-4o-mini_all,Celine,I,0
11,chapter_all_gpt-4o-mini_all,Celine,DN,0
11,chapter_all_gpt-4o-mini_all,Celine,DC,0
11,chapter_all_gpt-4o-mini_all,Mr. Rochester,N,6
11,chapter_all_gpt-4o-mini_all,Mr. Rochester,A,0
11,chapter_all_gpt-4o-mini_all,Mr. Rochester,C,1
11,chapter_all_gpt-4o-mini_all,Mr. Rochester,I,0
11,chapter_all_gpt-4o-mini_all,Mr. Rochester,DN,4
11,chapter_all_gpt-4o-mini_all,Mr. Rochester,DC,5
11,chapter_all_gpt-4o-mini_all,Jane,N,12
11,chapter_all_gpt-4o-mini_all,Jane,A,5
11,chapter_all_gpt-4o-mini_all,Jane,C,6
11,chapter_all_gpt-4o-mini_all,Jane,I,8
11,chapter_all_gpt-4o-mini_all,Jane,DN,6
11,chapter_all_gpt-4o-mini_all,Jane,DC,5
11,chapter_all_gpt-4o-mini_all,Celine Varens,N,0
11,chapter_all_gpt-4o-mini_all,Celine Varens,A,0
11,chapter_all_gpt-4o-mini_all,Celine Varens,C,0
11,chapter_all_gpt-4o-mini_all,Celine Varens,I,0
11,chapter_all_gpt-4o-mini_all,Celine Varens,DN,0
11,chapter_all_gpt-4o-mini_all,Celine Varens,DC,0
11,chapter_all_gpt-4o-mini_all,Mrs. Fairfax,N,10
11,chapter_all_gpt-4o-mini_all,Mrs. Fairfax,A,2
11,chapter_all_gpt-4o-mini_all,Mrs. Fairfax,C,4
11,chapter_all_gpt-4o-mini_all,Mrs. Fairfax,I,2
11,chapter_all_gpt-4o-mini_all,Mrs. Fairfax,DN,5
11,chapter_all_gpt-4o-mini_all,Mrs. Fairfax,DC,2
13,chapter_all_gpt-4o-mini_all,Mr. Reed,N,0
13,chapter_all_gpt-4o-mini_all,Mr. Reed,A,0
13,chapter_all_gpt-4o-mini_all,Mr. Reed,C,0
13,chapter_all_gpt-4o-mini_all,Mr. Reed,I,0
13,chapter_all_gpt-4o-mini_all,Mr. Reed,DN,0
13,chapter_all_gpt-4o-mini_all,Mr. Reed,DC,0
13,chapter_all_gpt-4o-mini_all,Brocklehurst,N,0
13,chapter_all_gpt-4o-mini_all,Brocklehurst,A,0
13,chapter_all_gpt-4o-mini_all,Brocklehurst,C,0
13,chapter_all_gpt-4o-mini_all,Brocklehurst,I,0
13,chapter_all_gpt-4o-mini_all,Brocklehurst,DN,0
13,chapter_all_gpt-4o-mini_all,Brocklehurst,DC,0
13,chapter_all_gpt-4o-mini_all,Miss Temple,N,0
13,chapter_all_gpt-4o-mini_all,Miss Temple,A,0
13,chapter_all_gpt-4o-mini_all,Miss Temple,C,0
13,chapter_all_gpt-4o-mini_all,Miss Temple,I,0
13,chapter_all_gpt-4o-mini_all,Miss Temple,DN,0
13,chapter_all_gpt-4o-mini_all,Miss Temple,DC,0
13,chapter_all_gpt-4o-mini_all,Mrs. Fairfax,N,9
13,chapter_all_gpt-4o-mini_all,Mrs. Fairfax,A,1
13,chapter_all_gpt-4o-mini_all,Mrs. Fairfax,C,5
13,chapter_all_gpt-4o-mini_all,Mrs. Fairfax,I,2
13,chapter_all_gpt-4o-mini_all,Mrs. Fairfax,DN,4
13,chapter_all_gpt-4o-mini_all,Mrs. Fairfax,DC,5
13,chapter_all_gpt-4o-mini_all,Mr. Rochester,N,16
13,chapter_all_gpt-4o-mini_all,Mr. Rochester,A,7
13,chapter_all_gpt-4o-mini_all,Mr. Rochester,C,6
13,chapter_all_gpt-4o-mini_all,Mr. Rochester,I,7
13,chapter_all_gpt-4o-mini_all,Mr. Rochester,DN,8
13,chapter_all_gpt-4o-mini_all,Mr. Rochester,DC,6
13,chapter_all_gpt-4o-mini_all,Rowland Rochester,N,0
13,chapter_all_gpt-4o-mini_all,Rowland Rochester,A,0
13,chapter_all_gpt-4o-mini_all,Rowland Rochester,C,0
13,chapter_all_gpt-4o-mini_all,Rowland Rochester,I,0
13,chapter_all_gpt-4o-mini_all,Rowland Rochester,DN,0
13,chapter_all_gpt-4o-mini_all,Rowland Rochester,DC,0
13,chapter_all_gpt-4o-mini_all,Mr. Rowland Rochester,N,0
13,chapter_all_gpt-4o-mini_all,Mr. Rowland Rochester,A,0
13,chapter_all_gpt-4o-mini_all,Mr. Rowland Rochester,C,0
13,chapter_all_gpt-4o-mini_all,Mr. Rowland Rochester,I,0
13,chapter_all_gpt-4o-mini_all,Mr. Rowland Rochester,DN,0
13,chapter_all_gpt-4o-mini_all,Mr. Rowland Rochester,DC,0
13,chapter_all_gpt-4o-mini_all,Reed,N,0
13,chapter_all_gpt-4o-mini_all,Reed,A,0
13,chapter_all_gpt-4o-mini_all,Reed,C,0
13,chapter_all_gpt-4o-mini_all,Reed,I,0
13,chapter_all_gpt-4o-mini_all,Reed,DN,0
13,chapter_all_gpt-4o-mini_all,Reed,DC,0
13,chapter_all_gpt-4o-mini_all,Mr. Brocklehurst,N,4
13,chapter_all_gpt-4o-mini_all,Mr. Brocklehurst,A,0
13,chapter_all_gpt-4o-mini_all,Mr. Brocklehurst,C,1
13,chapter_all_gpt-4o-mini_all,Mr. Brocklehurst,I,1
13,chapter_all_gpt-4o-mini_all,Mr. Brocklehurst,DN,2
13,chapter_all_gpt-4o-mini_all,Mr. Brocklehurst,DC,1
13,chapter_all_gpt-4o-mini_all,Jane,N,14
13,chapter_all_gpt-4o-mini_all,Jane,A,4
13,chapter_all_gpt-4o-mini_all,Jane,C,3
13,chapter_all_gpt-4o-mini_all,Jane,I,10
13,chapter_all_gpt-4o-mini_all,Jane,DN,3
13,chapter_all_gpt-4o-mini_all,Jane,DC,2
2,chapter_all_gpt-4o-mini_all,Mr. Reed,N,0
2,chapter_all_gpt-4o-mini_all,Mr. Reed,A,0
2,chapter_all_gpt-4o-mini_all,Mr. Reed,C,0
2,chapter_all_gpt-4o-mini_all,Mr. Reed,I,0
2,chapter_all_gpt-4o-mini_all,Mr. Reed,DN,0
2,chapter_all_gpt-4o-mini_all,Mr. Reed,DC,0
2,chapter_all_gpt-4o-mini_all,Bessie,N,6
2,chapter_all_gpt-4o-mini_all,Bessie,A,5
2,chapter_all_gpt-4o-mini_all,Bessie,C,2
2,chapter_all_gpt-4o-mini_all,Bessie,I,1
2,chapter_all_gpt-4o-mini_all,Bessie,DN,5
2,chapter_all_gpt-4o-mini_all,Bessie,DC,3
2,chapter_all_gpt-4o-mini_all,John Reed,N,5
2,chapter_all_gpt-4o-mini_all,John Reed,A,3
2,chapter_all_gpt-4o-mini_all,John Reed,C,0
2,chapter_all_gpt-4o-mini_all,John Reed,I,0
2,chapter_all_gpt-4o-mini_all,John Reed,DN,2
2,chapter_all_gpt-4o-mini_all,John Reed,DC,1
2,chapter_all_gpt-4o-mini_all,Georgiana,N,0
2,chapter_all_gpt-4o-mini_all,Georgiana,A,0
2,chapter_all_gpt-4o-mini_all,Georgiana,C,0
2,chapter_all_gpt-4o-mini_all,Georgiana,I,0
2,chapter_all_gpt-4o-mini_all,Georgiana,DN,0
2,chapter_all_gpt-4o-mini_all,Georgiana,DC,0
2,chapter_all_gpt-4o-mini_all,Mrs. Reed,N,5
2,chapter_all_gpt-4o-mini_all,Mrs. Reed,A,0
2,chapter_all_gpt-4o-mini_all,Mrs. Reed,C,3
2,chapter_all_gpt-4o-mini_all,Mrs. Reed,I,2
2,chapter_all_gpt-4o-mini_all,Mrs. Reed,DN,3
2,chapter_all_gpt-4o-mini_all,Mrs. Reed,DC,1
2,chapter_all_gpt-4o-mini_all,Reed,N,0
2,chapter_all_gpt-4o-mini_all,Reed,A,0
2,chapter_all_gpt-4o-mini_all,Reed,C,0
2,chapter_all_gpt-4o-mini_all,Reed,I,0
2,chapter_all_gpt-4o-mini_all,Reed,DN,0
2,chapter_all_gpt-4o-mini_all,Reed,DC,0
2,chapter_all_gpt-4o-mini_all,Georgiana Reed,N,4
2,chapter_all_gpt-4o-mini_all,Georgiana Reed,A,0
2,chapter_all_gpt-4o-mini_all,Georgiana Reed,C,0
2,chapter_all_gpt-4o-mini_all,Georgiana Reed,I,0
2,chapter_all_gpt-4o-mini_all,Georgiana Reed,DN,1
2,chapter_all_gpt-4o-mini_all,Georgiana Reed,DC,0
2,chapter_all_gpt-4o-mini_all,Abbot,N,4
2,chapter_all_gpt-4o-mini_all,Abbot,A,2
2,chapter_all_gpt-4o-mini_all,Abbot,C,1
2,chapter_all_gpt-4o-mini_all,Abbot,I,1
2,chapter_all_gpt-4o-mini_all,Abbot,DN,1
2,chapter_all_gpt-4o-mini_all,Abbot,DC,2
2,chapter_all_gpt-4o-mini_all,Jane,N,8
2,chapter_all_gpt-4o-mini_all,Jane,A,3
2,chapter_all_gpt-4o-mini_all,Jane,C,1
2,chapter_all_gpt-4o-mini_all,Jane,I,4
2,chapter_all_gpt-4o-mini_all,Jane,DN,4
2,chapter_all_gpt-4o-mini_all,Jane,DC,0
3,chapter_all_gpt-4o-mini_all,Mr. Reed,N,0
3,chapter_all_gpt-4o-mini_all,Mr. Reed,A,0
3,chapter_all_gpt-4o-mini_all,Mr. Reed,C,0
3,chapter_all_gpt-4o-mini_all,Mr. Reed,I,0
3,chapter_all_gpt-4o-mini_all,Mr. Reed,DN,0
3,chapter_all_gpt-4o-mini_all,Mr. Reed,DC,0
3,chapter_all_gpt-4o-mini_all,Brocklehurst,N,0
3,chapter_all_gpt-4o-mini_all,Brocklehurst,A,0
3,chapter_all_gpt-4o-mini_all,Brocklehurst,C,0
3,chapter_all_gpt-4o-mini_all,Brocklehurst,I,0
3,chapter_all_gpt-4o-mini_all,Brocklehurst,DN,0
3,chapter_all_gpt-4o-mini_all,Brocklehurst,DC,0
3,chapter_all_gpt-4o-mini_all,Bessie,N,6
3,chapter_all_gpt-4o-mini_all,Bessie,A,5
3,chapter_all_gpt-4o-mini_all,Bessie,C,4
3,chapter_all_gpt-4o-mini_all,Bessie,I,2
3,chapter_all_gpt-4o-mini_all,Bessie,DN,4
3,chapter_all_gpt-4o-mini_all,Bessie,DC,3
3,chapter_all_gpt-4o-mini_all,John Reed,N,3
3,chapter_all_gpt-4o-mini_all,John Reed,A,0
3,chapter_all_gpt-4o-mini_all,John Reed,C,0
3,chapter_all_gpt-4o-mini_all,John Reed,I,0
3,chapter_all_gpt-4o-mini_all,John Reed,DN,1
3,chapter_all_gpt-4o-mini_all,John Reed,DC,2
3,chapter_all_gpt-4o-mini_all,Mrs. Reed,N,3
3,chapter_all_gpt-4o-mini_all,Mrs. Reed,A,0
3,chapter_all_gpt-4o-mini_all,Mrs. Reed,C,1
3,chapter_all_gpt-4o-mini_all,Mrs. Reed,I,3
3,chapter_all_gpt-4o-mini_all,Mrs. Reed,DN,1
3,chapter_all_gpt-4o-mini_all,Mrs. Reed,DC,2
3,chapter_all_gpt-4o-mini_all,Reed,N,0
3,chapter_all_gpt-4o-mini_all,Reed,A,0
3,chapter_all_gpt-4o-mini_all,Reed,C,0
3,chapter_all_gpt-4o-mini_all,Reed,I,0
3,chapter_all_gpt-4o-mini_all,Reed,DN,0
3,chapter_all_gpt-4o-mini_all,Reed,DC,0
3,chapter_all_gpt-4o-mini_all,Mr. Brocklehurst,N,0
3,chapter_all_gpt-4o-mini_all,Mr. Brocklehurst,A,0
3,chapter_all_gpt-4o-mini_all,Mr. Brocklehurst,C,0
3,chapter_all_gpt-4o-mini_all,Mr. Brocklehurst,I,0
3,chapter_all_gpt-4o-mini_all,Mr. Brocklehurst,DN,0
3,chapter_all_gpt-4o-mini_all,Mr. Brocklehurst,DC,0
3,chapter_all_gpt-4o-mini_all,Abbot,N,4
3,chapter_all_gpt-4o-mini_all,Abbot,A,0
3,chapter_all_gpt-4o-mini_all,Abbot,C,1
3,chapter_all_gpt-4o-mini_all,Abbot,I,0
3,chapter_all_gpt-4o-mini_all,Abbot,DN,2
3,chapter_all_gpt-4o-mini_all,Abbot,DC,2
3,chapter_all_gpt-4o-mini_all,Jane,N,11
3,chapter_all_gpt-4o-mini_all,Jane,A,0
3,chapter_all_gpt-4o-mini_all,Jane,C,6
3,chapter_all_gpt-4o-mini_all,Jane,I,9
3,chapter_all_gpt-4o-mini_all,Jane,DN,3
3,chapter_all_gpt-4o-mini_all,Jane,DC,5
12,chapter_all_gpt-4o-mini_all,Mr. Rochester,N,8
12,chapter_all_gpt-4o-mini_all,Mr. Rochester,A,5
12,chapter_all_gpt-4o-mini_all,Mr. Rochester,C,4
12,chapter_all_gpt-4o-mini_all,Mr. Rochester,I,4
12,chapter_all_gpt-4o-mini_all,Mr. Rochester,DN,5
12,chapter_all_gpt-4o-mini_all,Mr. Rochester,DC,6
12,chapter_all_gpt-4o-mini_all,Grace Poole,N,4
12,chapter_all_gpt-4o-mini_all,Grace Poole,A,2
12,chapter_all_gpt-4o-mini_all,Grace Poole,C,2
12,chapter_all_gpt-4o-mini_all,Grace Poole,I,1
12,chapter_all_gpt-4o-mini_all,Grace Poole,DN,3
12,chapter_all_gpt-4o-mini_all,Grace Poole,DC,1
12,chapter_all_gpt-4o-mini_all,Mrs. Fairfax,N,7
12,chapter_all_gpt-4o-mini_all,Mrs. Fairfax,A,3
12,chapter_all_gpt-4o-mini_all,Mrs. Fairfax,C,3
12,chapter_all_gpt-4o-mini_all,Mrs. Fairfax,I,3
12,chapter_all_gpt-4o-mini_all,Mrs. Fairfax,DN,4
12,chapter_all_gpt-4o-mini_all,Mrs. Fairfax,DC,5
12,chapter_all_gpt-4o-mini_all,Pilot (dog),N,0
12,chapter_all_gpt-4o-mini_all,Pilot (dog),A,0
12,chapter_all_gpt-4o-mini_all,Pilot (dog),C,0
12,chapter_all_gpt-4o-mini_all,Pilot (dog),I,0
12,chapter_all_gpt-4o-mini_all,Pilot (dog),DN,0
12,chapter_all_gpt-4o-mini_all,Pilot (dog),DC,0
16,chapter_all_gpt-4o-mini_all,Grace Poole,N,7
16,chapter_all_gpt-4o-mini_all,Grace Poole,A,3
16,chapter_all_gpt-4o-mini_all,Grace Poole,C,3
16,chapter_all_gpt-4o-mini_all,Grace Poole,I,2
16,chapter_all_gpt-4o-mini_all,Grace Poole,DN,6
16,chapter_all_gpt-4o-mini_all,Grace Poole,DC,6
16,chapter_all_gpt-4o-mini_all,Colonel Dent,N,1
16,chapter_all_gpt-4o-mini_all,Colonel Dent,A,0
16,chapter_all_gpt-4o-mini_all,Colonel Dent,C,0
16,chapter_all_gpt-4o-mini_all,Colonel Dent,I,0
16,chapter_all_gpt-4o-mini_all,Colonel Dent,DN,1
16,chapter_all_gpt-4o-mini_all,Colonel Dent,DC,1
16,chapter_all_gpt-4o-mini_all,Celine,N,0
16,chapter_all_gpt-4o-mini_all,Celine,A,0
16,chapter_all_gpt-4o-mini_all,Celine,C,0
16,chapter_all_gpt-4o-mini_all,Celine,I,0
16,chapter_all_gpt-4o-mini_all,Celine,DN,0
16,chapter_all_gpt-4o-mini_all,Celine,DC,0
16,chapter_all_gpt-4o-mini_all,Lord Ingram,N,1
16,chapter_all_gpt-4o-mini_all,Lord Ingram,A,0
16,chapter_all_gpt-4o-mini_all,Lord Ingram,C,0
16,chapter_all_gpt-4o-mini_all,Lord Ingram,I,0
16,chapter_all_gpt-4o-mini_all,Lord Ingram,DN,1
16,chapter_all_gpt-4o-mini_all,Lord Ingram,DC,1
16,chapter_all_gpt-4o-mini_all,Mrs. Eshton,N,1
16,chapter_all_gpt-4o-mini_all,Mrs. Eshton,A,0
16,chapter_all_gpt-4o-mini_all,Mrs. Eshton,C,0
16,chapter_all_gpt-4o-mini_all,Mrs. Eshton,I,0
16,chapter_all_gpt-4o-mini_all,Mrs. Eshton,DN,1
16,chapter_all_gpt-4o-mini_all,Mrs. Eshton,DC,1
16,chapter_all_gpt-4o-mini_all,Mr. Rochester,N,10
16,chapter_all_gpt-4o-mini_all,Mr. Rochester,A,2
16,chapter_all_gpt-4o-mini_all,Mr. Rochester,C,4
16,chapter_all_gpt-4o-mini_all,Mr. Rochester,I,5
16,chapter_all_gpt-4o-mini_all,Mr. Rochester,DN,2
16,chapter_all_gpt-4o-mini_all,Mr. Rochester,DC,7
16,chapter_all_gpt-4o-mini_all,Mary Ingram,N,1
16,chapter_all_gpt-4o-mini_all,Mary Ingram,A,0
16,chapter_all_gpt-4o-mini_all,Mary Ingram,C,0
16,chapter_all_gpt-4o-mini_all,Mary Ingram,I,0
16,chapter_all_gpt-4o-mini_all,Mary Ingram,DN,1
16,chapter_all_gpt-4o-mini_all,Mary Ingram,DC,1
16,chapter_all_gpt-4o-mini_all,Jane,N,0
16,chapter_all_gpt-4o-mini_all,Jane,A,0
16,chapter_all_gpt-4o-mini_all,Jane,C,0
16,chapter_all_gpt-4o-mini_all,Jane,I,0
16,chapter_all_gpt-4o-mini_all,Jane,DN,0
16,chapter_all_gpt-4o-mini_all,Jane,DC,0
16,chapter_all_gpt-4o-mini_all,Sir George Lynn,N,1
16,chapter_all_gpt-4o-mini_all,Sir George Lynn,A,0
16,chapter_all_gpt-4o-mini_all,Sir George Lynn,C,0
16,chapter_all_gpt-4o-mini_all,Sir George Lynn,I,0
16,chapter_all_gpt-4o-mini_all,Sir George Lynn,DN,1
16,chapter_all_gpt-4o-mini_all,Sir George Lynn,DC,1
16,chapter_all_gpt-4o-mini_all,Mr. Eshton,N,0
16,chapter_all_gpt-4o-mini_all,Mr. Eshton,A,0
16,chapter_all_gpt-4o-mini_all,Mr. Eshton,C,0
16,chapter_all_gpt-4o-mini_all,Mr. Eshton,I,0
16,chapter_all_gpt-4o-mini_all,Mr. Eshton,DN,0
16,chapter_all_gpt-4o-mini_all,Mr. Eshton,DC,0
16,chapter_all_gpt-4o-mini_all,Blanche Ingram,N,5
16,chapter_all_gpt-4o-mini_all,Blanche Ingram,A,0
16,chapter_all_gpt-4o-mini_all,Blanche Ingram,C,0
16,chapter_all_gpt-4o-mini_all,Blanche Ingram,I,1
16,chapter_all_gpt-4o-mini_all,Blanche Ingram,DN,4
16,chapter_all_gpt-4o-mini_all,Blanche Ingram,DC,1
16,chapter_all_gpt-4o-mini_all,Celine Varens,N,0
16,chapter_all_gpt-4o-mini_all,Celine Varens,A,0
16,chapter_all_gpt-4o-mini_all,Celine Varens,C,0
16,chapter_all_gpt-4o-mini_all,Celine Varens,I,0
16,chapter_all_gpt-4o-mini_all,Celine Varens,DN,0
16,chapter_all_gpt-4o-mini_all,Celine Varens,DC,0
16,chapter_all_gpt-4o-mini_all,Mrs. Fairfax,N,5
16,chapter_all_gpt-4o-mini_all,Mrs. Fairfax,A,0
16,chapter_all_gpt-4o-mini_all,Mrs. Fairfax,C,5
16,chapter_all_gpt-4o-mini_all,Mrs. Fairfax,I,1
16,chapter_all_gpt-4o-mini_all,Mrs. Fairfax,DN,3
16,chapter_all_gpt-4o-mini_all,Mrs. Fairfax,DC,0
7,chapter_all_gpt-4o-mini_all,Miss Smith,N,3
7,chapter_all_gpt-4o-mini_all,Miss Smith,A,0
7,chapter_all_gpt-4o-mini_all,Miss Smith,C,1
7,chapter_all_gpt-4o-mini_all,Miss Smith,I,0
7,chapter_all_gpt-4o-mini_all,Miss Smith,DN,0
7,chapter_all_gpt-4o-mini_all,Miss Smith,DC,1
7,chapter_all_gpt-4o-mini_all,Brocklehurst,N,14
7,chapter_all_gpt-4o-mini_all,Brocklehurst,A,8
7,chapter_all_gpt-4o-mini_all,Brocklehurst,C,4
7,chapter_all_gpt-4o-mini_all,Brocklehurst,I,5
7,chapter_all_gpt-4o-mini_all,Brocklehurst,DN,8
7,chapter_all_gpt-4o-mini_all,Brocklehurst,DC,4
7,chapter_all_gpt-4o-mini_all,Helen Burns,N,4
7,chapter_all_gpt-4o-mini_all,Helen Burns,A,1
7,chapter_all_gpt-4o-mini_all,Helen Burns,C,1
7,chapter_all_gpt-4o-mini_all,Helen Burns,I,1
7,chapter_all_gpt-4o-mini_all,Helen Burns,DN,1
7,chapter_all_gpt-4o-mini_all,Helen Burns,DC,1
7,chapter_all_gpt-4o-mini_all,Miss Temple,N,8
7,chapter_all_gpt-4o-mini_all,Miss Temple,A,4
7,chapter_all_gpt-4o-mini_all,Miss Temple,C,3
7,chapter_all_gpt-4o-mini_all,Miss Temple,I,2
7,chapter_all_gpt-4o-mini_all,Miss Temple,DN,2
7,chapter_all_gpt-4o-mini_all,Miss Temple,DC,5
7,chapter_all_gpt-4o-mini_all,Broughton Brocklehurst,N,0
7,chapter_all_gpt-4o-mini_all,Broughton Brocklehurst,A,0
7,chapter_all_gpt-4o-mini_all,Broughton Brocklehurst,C,0
7,chapter_all_gpt-4o-mini_all,Broughton Brocklehurst,I,0
7,chapter_all_gpt-4o-mini_all,Broughton Brocklehurst,DN,0
7,chapter_all_gpt-4o-mini_all,Broughton Brocklehurst,DC,0
7,chapter_all_gpt-4o-mini_all,Mrs. Brocklehurst,N,0
7,chapter_all_gpt-4o-mini_all,Mrs. Brocklehurst,A,0
7,chapter_all_gpt-4o-mini_all,Mrs. Brocklehurst,C,0
7,chapter_all_gpt-4o-mini_all,Mrs. Brocklehurst,I,0
7,chapter_all_gpt-4o-mini_all,Mrs. Brocklehurst,DN,0
7,chapter_all_gpt-4o-mini_all,Mrs. Brocklehurst,DC,0
7,chapter_all_gpt-4o-mini_all,Augusta Brocklehurst,N,0
7,chapter_all_gpt-4o-mini_all,Augusta Brocklehurst,A,0
7,chapter_all_gpt-4o-mini_all,Augusta Brocklehurst,C,0
7,chapter_all_gpt-4o-mini_all,Augusta Brocklehurst,I,0
7,chapter_all_gpt-4o-mini_all,Augusta Brocklehurst,DN,0
7,chapter_all_gpt-4o-mini_all,Augusta Brocklehurst,DC,0
7,chapter_all_gpt-4o-mini_all,Agnes Johnstone,N,1
7,chapter_all_gpt-4o-mini_all,Agnes Johnstone,A,0
7,chapter_all_gpt-4o-mini_all,Agnes Johnstone,C,0
7,chapter_all_gpt-4o-mini_all,Agnes Johnstone,I,0
7,chapter_all_gpt-4o-mini_all,Agnes Johnstone,DN,0
7,chapter_all_gpt-4o-mini_all,Agnes Johnstone,DC,1
7,chapter_all_gpt-4o-mini_all,Theodore Brocklehurst,N,0
7,chapter_all_gpt-4o-mini_all,Theodore Brocklehurst,A,0
7,chapter_all_gpt-4o-mini_all,Theodore Brocklehurst,C,0
7,chapter_all_gpt-4o-mini_all,Theodore Brocklehurst,I,0
7,chapter_all_gpt-4o-mini_all,Theodore Brocklehurst,DN,0
7,chapter_all_gpt-4o-mini_all,Theodore Brocklehurst,DC,0
7,chapter_all_gpt-4o-mini_all,Mr. Brocklehurst,N,0
7,chapter_all_gpt-4o-mini_all,Mr. Brocklehurst,A,0
7,chapter_all_gpt-4o-mini_all,Mr. Brocklehurst,C,0
7,chapter_all_gpt-4o-mini_all,Mr. Brocklehurst,I,0
7,chapter_all_gpt-4o-mini_all,Mr. Brocklehurst,DN,0
7,chapter_all_gpt-4o-mini_all,Mr. Brocklehurst,DC,0
7,chapter_all_gpt-4o-mini_all,Catherine Johnstone,N,1
7,chapter_all_gpt-4o-mini_all,Catherine Johnstone,A,0
7,chapter_all_gpt-4o-mini_all,Catherine Johnstone,C,0
7,chapter_all_gpt-4o-mini_all,Catherine Johnstone,I,0
7,chapter_all_gpt-4o-mini_all,Catherine Johnstone,DN,0
7,chapter_all_gpt-4o-mini_all,Catherine Johnstone,DC,1
7,chapter_all_gpt-4o-mini_all,Jane,N,6
7,chapter_all_gpt-4o-mini_all,Jane,A,0
7,chapter_all_gpt-4o-mini_all,Jane,C,1
7,chapter_all_gpt-4o-mini_all,Jane,I,4
7,chapter_all_gpt-4o-mini_all,Jane,DN,5
7,chapter_all_gpt-4o-mini_all,Jane,DC,1
6,chapter_all_gpt-4o-mini_all,Miss Smith,N,4
6,chapter_all_gpt-4o-mini_all,Miss Smith,A,2
6,chapter_all_gpt-4o-mini_all,Miss Smith,C,1
6,chapter_all_gpt-4o-mini_all,Miss Smith,I,2
6,chapter_all_gpt-4o-mini_all,Miss Smith,DN,3
6,chapter_all_gpt-4o-mini_all,Miss Smith,DC,1
6,chapter_all_gpt-4o-mini_all,Brocklehurst,N,0
6,chapter_all_gpt-4o-mini_all,Brocklehurst,A,0
6,chapter_all_gpt-4o-mini_all,Brocklehurst,C,0
6,chapter_all_gpt-4o-mini_all,Brocklehurst,I,0
6,chapter_all_gpt-4o-mini_all,Brocklehurst,DN,0
6,chapter_all_gpt-4o-mini_all,Brocklehurst,DC,0
6,chapter_all_gpt-4o-mini_all,Helen Burns,N,14
6,chapter_all_gpt-4o-mini_all,Helen Burns,A,6
6,chapter_all_gpt-4o-mini_all,Helen Burns,C,4
6,chapter_all_gpt-4o-mini_all,Helen Burns,I,6
6,chapter_all_gpt-4o-mini_all,Helen Burns,DN,7
6,chapter_all_gpt-4o-mini_all,Helen Burns,DC,4
6,chapter_all_gpt-4o-mini_all,Miss Temple,N,0
6,chapter_all_gpt-4o-mini_all,Miss Temple,A,0
6,chapter_all_gpt-4o-mini_all,Miss Temple,C,0
6,chapter_all_gpt-4o-mini_all,Miss Temple,I,0
6,chapter_all_gpt-4o-mini_all,Miss Temple,DN,0
6,chapter_all_gpt-4o-mini_all,Miss Temple,DC,0
6,chapter_all_gpt-4o-mini_all,John Reed,N,0
6,chapter_all_gpt-4o-mini_all,John Reed,A,0
6,chapter_all_gpt-4o-mini_all,John Reed,C,0
6,chapter_all_gpt-4o-mini_all,John Reed,I,0
6,chapter_all_gpt-4o-mini_all,John Reed,DN,0
6,chapter_all_gpt-4o-mini_all,John Reed,DC,0
6,chapter_all_gpt-4o-mini_all,Mrs. Reed,N,0
6,chapter_all_gpt-4o-mini_all,Mrs. Reed,A,0
6,chapter_all_gpt-4o-mini_all,Mrs. Reed,C,0
6,chapter_all_gpt-4o-mini_all,Mrs. Reed,I,0
6,chapter_all_gpt-4o-mini_all,Mrs. Reed,DN,0
6,chapter_all_gpt-4o-mini_all,Mrs. Reed,DC,0
6,chapter_all_gpt-4o-mini_all,Reed,N,0
6,chapter_all_gpt-4o-mini_all,Reed,A,0
6,chapter_all_gpt-4o-mini_all,Reed,C,0
6,chapter_all_gpt-4o-mini_all,Reed,I,0
6,chapter_all_gpt-4o-mini_all,Reed,DN,0
6,chapter_all_gpt-4o-mini_all,Reed,DC,0
6,chapter_all_gpt-4o-mini_all,Mr. Brocklehurst,N,0
6,chapter_all_gpt-4o-mini_all,Mr. Brocklehurst,A,0
6,chapter_all_gpt-4o-mini_all,Mr. Brocklehurst,C,0
6,chapter_all_gpt-4o-mini_all,Mr. Brocklehurst,I,0
6,chapter_all_gpt-4o-mini_all,Mr. Brocklehurst,DN,0
6,chapter_all_gpt-4o-mini_all,Mr. Brocklehurst,DC,0
6,chapter_all_gpt-4o-mini_all,Jane,N,0
6,chapter_all_gpt-4o-mini_all,Jane,A,0
6,chapter_all_gpt-4o-mini_all,Jane,C,0
6,chapter_all_gpt-4o-mini_all,Jane,I,0
6,chapter_all_gpt-4o-mini_all,Jane,DN,0
6,chapter_all_gpt-4o-mini_all,Jane,DC,0
17,chapter_all_gpt-4o-mini_all,Louisa Eshton,N,4
17,chapter_all_gpt-4o-mini_all,Louisa Eshton,A,1
17,chapter_all_gpt-4o-mini_all,Louisa Eshton,C,2
17,chapter_all_gpt-4o-mini_all,Louisa Eshton,I,1
17,chapter_all_gpt-4o-mini_all,Louisa Eshton,DN,2
17,chapter_all_gpt-4o-mini_all,Louisa Eshton,DC,2
17,chapter_all_gpt-4o-mini_all,Grace Poole,N,3
17,chapter_all_gpt-4o-mini_all,Grace Poole,A,2
17,chapter_all_gpt-4o-mini_all,Grace Poole,C,0
17,chapter_all_gpt-4o-mini_all,Grace Poole,I,0
17,chapter_all_gpt-4o-mini_all,Grace Poole,DN,2
17,chapter_all_gpt-4o-mini_all,Grace Poole,DC,2
17,chapter_all_gpt-4o-mini_all,Lady Ingram,N,5
17,chapter_all_gpt-4o-mini_all,Lady Ingram,A,2
17,chapter_all_gpt-4o-mini_all,Lady Ingram,C,4
17,chapter_all_gpt-4o-mini_all,Lady Ingram,I,1
17,chapter_all_gpt-4o-mini_all,Lady Ingram,DN,4
17,chapter_all_gpt-4o-mini_all,Lady Ingram,DC,3
17,chapter_all_gpt-4o-mini_all,Mary Ingram,N,4
17,chapter_all_gpt-4o-mini_all,Mary Ingram,A,1
17,chapter_all_gpt-4o-mini_all,Mary Ingram,C,3
17,chapter_all_gpt-4o-mini_all,Mary Ingram,I,1
17,chapter_all_gpt-4o-mini_all,Mary Ingram,DN,3
17,chapter_all_gpt-4o-mini_all,Mary Ingram,DC,1
17,chapter_all_gpt-4o-mini_all,Bertha Mason,N,0
17,chapter_all_gpt-4o-mini_all,Bertha Mason,A,0
17,chapter_all_gpt-4o-mini_all,Bertha Mason,C,0
17,chapter_all_gpt-4o-mini_all,Bertha Mason,I,0
17,chapter_all_gpt-4o-mini_all,Bertha Mason,DN,0
17,chapter_all_gpt-4o-mini_all,Bertha Mason,DC,0
17,chapter_all_gpt-4o-mini_all,Amy Eshton,N,4
17,chapter_all_gpt-4o-mini_all,Amy Eshton,A,1
17,chapter_all_gpt-4o-mini_all,Amy Eshton,C,1
17,chapter_all_gpt-4o-mini_all,Amy Eshton,I,1
17,chapter_all_gpt-4o-mini_all,Amy Eshton,DN,2
17,chapter_all_gpt-4o-mini_all,Amy Eshton,DC,2
17,chapter_all_gpt-4o-mini_all,Mrs. Fairfax,N,9
17,chapter_all_gpt-4o-mini_all,Mrs. Fairfax,A,5
17,chapter_all_gpt-4o-mini_all,Mrs. Fairfax,C,3
17,chapter_all_gpt-4o-mini_all,Mrs. Fairfax,I,3
17,chapter_all_gpt-4o-mini_all,Mrs. Fairfax,DN,7
17,chapter_all_gpt-4o-mini_all,Mrs. Fairfax,DC,4
17,chapter_all_gpt-4o-mini_all,Colonel Dent,N,3
17,chapter_all_gpt-4o-mini_all,Colonel Dent,A,1
17,chapter_all_gpt-4o-mini_all,Colonel Dent,C,1
17,chapter_all_gpt-4o-mini_all,Colonel Dent,I,0
17,chapter_all_gpt-4o-mini_all,Colonel Dent,DN,1
17,chapter_all_gpt-4o-mini_all,Colonel Dent,DC,2
17,chapter_all_gpt-4o-mini_all,Frederick Lynn,N,3
17,chapter_all_gpt-4o-mini_all,Frederick Lynn,A,1
17,chapter_all_gpt-4o-mini_all,Frederick Lynn,C,0
17,chapter_all_gpt-4o-mini_all,Frederick Lynn,I,0
17,chapter_all_gpt-4o-mini_all,Frederick Lynn,DN,1
17,chapter_all_gpt-4o-mini_all,Frederick Lynn,DC,1
17,chapter_all_gpt-4o-mini_all,Miss Temple,N,0
17,chapter_all_gpt-4o-mini_all,Miss Temple,A,0
17,chapter_all_gpt-4o-mini_all,Miss Temple,C,0
17,chapter_all_gpt-4o-mini_all,Miss Temple,I,0
17,chapter_all_gpt-4o-mini_all,Miss Temple,DN,0
17,chapter_all_gpt-4o-mini_all,Miss Temple,DC,0
17,chapter_all_gpt-4o-mini_all,Mr. Rochester,N,15
17,chapter_all_gpt-4o-mini_all,Mr. Rochester,A,10
17,chapter_all_gpt-4o-mini_all,Mr. Rochester,C,7
17,chapter_all_gpt-4o-mini_all,Mr. Rochester,I,15
17,chapter_all_gpt-4o-mini_all,Mr. Rochester,DN,18
17,chapter_all_gpt-4o-mini_all,Mr. Rochester,DC,6
17,chapter_all_gpt-4o-mini_all,Mr. Eshton,N,1
17,chapter_all_gpt-4o-mini_all,Mr. Eshton,A,0
17,chapter_all_gpt-4o-mini_all,Mr. Eshton,C,0
17,chapter_all_gpt-4o-mini_all,Mr. Eshton,I,0
17,chapter_all_gpt-4o-mini_all,Mr. Eshton,DN,1
17,chapter_all_gpt-4o-mini_all,Mr. Eshton,DC,1
17,chapter_all_gpt-4o-mini_all,Mrs. Eshton,N,2
17,chapter_all_gpt-4o-mini_all,Mrs. Eshton,A,0
17,chapter_all_gpt-4o-mini_all,Mrs. Eshton,C,0
17,chapter_all_gpt-4o-mini_all,Mrs. Eshton,I,0
17,chapter_all_gpt-4o-mini_all,Mrs. Eshton,DN,1
17,chapter_all_gpt-4o-mini_all,Mrs. Eshton,DC,1
17,chapter_all_gpt-4o-mini_all,Lord Ingram,N,0
17,chapter_all_gpt-4o-mini_all,Lord Ingram,A,0
17,chapter_all_gpt-4o-mini_all,Lord Ingram,C,0
17,chapter_all_gpt-4o-mini_all,Lord Ingram,I,0
17,chapter_all_gpt-4o-mini_all,Lord Ingram,DN,0
17,chapter_all_gpt-4o-mini_all,Lord Ingram,DC,0
17,chapter_all_gpt-4o-mini_all,Sir George Lynn,N,0
17,chapter_all_gpt-4o-mini_all,Sir George Lynn,A,0
17,chapter_all_gpt-4o-mini_all,Sir George Lynn,C,0
17,chapter_all_gpt-4o-mini_all,Sir George Lynn,I,0
17,chapter_all_gpt-4o-mini_all,Sir George Lynn,DN,0
17,chapter_all_gpt-4o-mini_all,Sir George Lynn,DC,0
17,chapter_all_gpt-4o-mini_all,Mr. Brocklehurst,N,0
17,chapter_all_gpt-4o-mini_all,Mr. Brocklehurst,A,0
17,chapter_all_gpt-4o-mini_all,Mr. Brocklehurst,C,0
17,chapter_all_gpt-4o-mini_all,Mr. Brocklehurst,I,0
17,chapter_all_gpt-4o-mini_all,Mr. Brocklehurst,DN,0
17,chapter_all_gpt-4o-mini_all,Mr. Brocklehurst,DC,0
17,chapter_all_gpt-4o-mini_all,Celine,N,0
17,chapter_all_gpt-4o-mini_all,Celine,A,0
17,chapter_all_gpt-4o-mini_all,Celine,C,0
17,chapter_all_gpt-4o-mini_all,Celine,I,0
17,chapter_all_gpt-4o-mini_all,Celine,DN,0
17,chapter_all_gpt-4o-mini_all,Celine,DC,0
17,chapter_all_gpt-4o-mini_all,Henry Lynn,N,3
17,chapter_all_gpt-4o-mini_all,Henry Lynn,A,1
17,chapter_all_gpt-4o-mini_all,Henry Lynn,C,1
17,chapter_all_gpt-4o-mini_all,Henry Lynn,I,0
17,chapter_all_gpt-4o-mini_all,Henry Lynn,DN,1
17,chapter_all_gpt-4o-mini_all,Henry Lynn,DC,2
17,chapter_all_gpt-4o-mini_all,Mr. Mason,N,0
17,chapter_all_gpt-4o-mini_all,Mr. Mason,A,0
17,chapter_all_gpt-4o-mini_all,Mr. Mason,C,0
17,chapter_all_gpt-4o-mini_all,Mr. Mason,I,0
17,chapter_all_gpt-4o-mini_all,Mr. Mason,DN,0
17,chapter_all_gpt-4o-mini_all,Mr. Mason,DC,0
17,chapter_all_gpt-4o-mini_all,Brocklehurst,N,0
17,chapter_all_gpt-4o-mini_all,Brocklehurst,A,0
17,chapter_all_gpt-4o-mini_all,Brocklehurst,C,0
17,chapter_all_gpt-4o-mini_all,Brocklehurst,I,0
17,chapter_all_gpt-4o-mini_all,Brocklehurst,DN,0
17,chapter_all_gpt-4o-mini_all,Brocklehurst,DC,0
17,chapter_all_gpt-4o-mini_all,Blanche Ingram,N,4
17,chapter_all_gpt-4o-mini_all,Blanche Ingram,A,1
17,chapter_all_gpt-4o-mini_all,Blanche Ingram,C,2
17,chapter_all_gpt-4o-mini_all,Blanche Ingram,I,1
17,chapter_all_gpt-4o-mini_all,Blanche Ingram,DN,3
17,chapter_all_gpt-4o-mini_all,Blanche Ingram,DC,1
17,chapter_all_gpt-4o-mini_all,Celine Varens,N,0
17,chapter_all_gpt-4o-mini_all,Celine Varens,A,0
17,chapter_all_gpt-4o-mini_all,Celine Varens,C,0
17,chapter_all_gpt-4o-mini_all,Celine Varens,I,0
17,chapter_all_gpt-4o-mini_all,Celine Varens,DN,0
17,chapter_all_gpt-4o-mini_all,Celine Varens,DC,0
29,chapter_all_gpt-4o-mini_all,Hannah,N,9
29,chapter_all_gpt-4o-mini_all,Hannah,A,6
29,chapter_all_gpt-4o-mini_all,Hannah,C,3
29,chapter_all_gpt-4o-mini_all,Hannah,I,2
29,chapter_all_gpt-4o-mini_all,Hannah,DN,4
29,chapter_all_gpt-4o-mini_all,Hannah,DC,4
29,chapter_all_gpt-4o-mini_all,Mr. Reed,N,0
29,chapter_all_gpt-4o-mini_all,Mr. Reed,A,0
29,chapter_all_gpt-4o-mini_all,Mr. Reed,C,0
29,chapter_all_gpt-4o-mini_all,Mr. Reed,I,0
29,chapter_all_gpt-4o-mini_all,Mr. Reed,DN,0
29,chapter_all_gpt-4o-mini_all,Mr. Reed,DC,0
29,chapter_all_gpt-4o-mini_all,Brocklehurst,N,0
29,chapter_all_gpt-4o-mini_all,Brocklehurst,A,0
29,chapter_all_gpt-4o-mini_all,Brocklehurst,C,0
29,chapter_all_gpt-4o-mini_all,Brocklehurst,I,0
29,chapter_all_gpt-4o-mini_all,Brocklehurst,DN,0
29,chapter_all_gpt-4o-mini_all,Brocklehurst,DC,0
29,chapter_all_gpt-4o-mini_all,St. John Rivers,N,0
29,chapter_all_gpt-4o-mini_all,St. John Rivers,A,0
29,chapter_all_gpt-4o-mini_all,St. John Rivers,C,0
29,chapter_all_gpt-4o-mini_all,St. John Rivers,I,0
29,chapter_all_gpt-4o-mini_all,St. John Rivers,DN,0
29,chapter_all_gpt-4o-mini_all,St. John Rivers,DC,0
29,chapter_all_gpt-4o-mini_all,Diana Rivers,N,7
29,chapter_all_gpt-4o-mini_all,Diana Rivers,A,3
29,chapter_all_gpt-4o-mini_all,Diana Rivers,C,5
29,chapter_all_gpt-4o-mini_all,Diana Rivers,I,5
29,chapter_all_gpt-4o-mini_all,Diana Rivers,DN,4
29,chapter_all_gpt-4o-mini_all,Diana Rivers,DC,4
29,chapter_all_gpt-4o-mini_all,Mr. Rochester,N,0
29,chapter_all_gpt-4o-mini_all,Mr. Rochester,A,0
29,chapter_all_gpt-4o-mini_all,Mr. Rochester,C,0
29,chapter_all_gpt-4o-mini_all,Mr. Rochester,I,0
29,chapter_all_gpt-4o-mini_all,Mr. Rochester,DN,0
29,chapter_all_gpt-4o-mini_all,Mr. Rochester,DC,0
29,chapter_all_gpt-4o-mini_all,Mary Rivers,N,7
29,chapter_all_gpt-4o-mini_all,Mary Rivers,A,1
29,chapter_all_gpt-4o-mini_all,Mary Rivers,C,3
29,chapter_all_gpt-4o-mini_all,Mary Rivers,I,3
29,chapter_all_gpt-4o-mini_all,Mary Rivers,DN,3
29,chapter_all_gpt-4o-mini_all,Mary Rivers,DC,3
29,chapter_all_gpt-4o-mini_all,Reed,N,0
29,chapter_all_gpt-4o-mini_all,Reed,A,0
29,chapter_all_gpt-4o-mini_all,Reed,C,0
29,chapter_all_gpt-4o-mini_all,Reed,I,0
29,chapter_all_gpt-4o-mini_all,Reed,DN,0
29,chapter_all_gpt-4o-mini_all,Reed,DC,0
29,chapter_all_gpt-4o-mini_all,Mr. Brocklehurst,N,1
29,chapter_all_gpt-4o-mini_all,Mr. Brocklehurst,A,0
29,chapter_all_gpt-4o-mini_all,Mr. Brocklehurst,C,1
29,chapter_all_gpt-4o-mini_all,Mr. Brocklehurst,I,0
29,chapter_all_gpt-4o-mini_all,Mr. Brocklehurst,DN,1
29,chapter_all_gpt-4o-mini_all,Mr. Brocklehurst,DC,1
29,chapter_all_gpt-4o-mini_all,Jane,N,7
29,chapter_all_gpt-4o-mini_all,Jane,A,7
29,chapter_all_gpt-4o-mini_all,Jane,C,5
29,chapter_all_gpt-4o-mini_all,Jane,I,7
29,chapter_all_gpt-4o-mini_all,Jane,DN,5
29,chapter_all_gpt-4o-mini_all,Jane,DC,4
15,chapter_all_gpt-4o-mini_all,Grace Poole,N,3
15,chapter_all_gpt-4o-mini_all,Grace Poole,A,0
15,chapter_all_gpt-4o-mini_all,Grace Poole,C,2
15,chapter_all_gpt-4o-mini_all,Grace Poole,I,2
15,chapter_all_gpt-4o-mini_all,Grace Poole,DN,2
15,chapter_all_gpt-4o-mini_all,Grace Poole,DC,1
15,chapter_all_gpt-4o-mini_all,Mr. Rochester,N,16
15,chapter_all_gpt-4o-mini_all,Mr. Rochester,A,9
15,chapter_all_gpt-4o-mini_all,Mr. Rochester,C,8
15,chapter_all_gpt-4o-mini_all,Mr. Rochester,I,16
15,chapter_all_gpt-4o-mini_all,Mr. Rochester,DN,13
15,chapter_all_gpt-4o-mini_all,Mr. Rochester,DC,8
15,chapter_all_gpt-4o-mini_all,Mrs. Fairfax,N,0
15,chapter_all_gpt-4o-mini_all,Mrs. Fairfax,A,0
15,chapter_all_gpt-4o-mini_all,Mrs. Fairfax,C,0
15,chapter_all_gpt-4o-mini_all,Mrs. Fairfax,I,0
15,chapter_all_gpt-4o-mini_all,Mrs. Fairfax,DN,0
15,chapter_all_gpt-4o-mini_all,Mrs. Fairfax,DC,0
15,chapter_all_gpt-4o-mini_all,Jane,N,18
15,chapter_all_gpt-4o-mini_all,Jane,A,5
15,chapter_all_gpt-4o-mini_all,Jane,C,6
15,chapter_all_gpt-4o-mini_all,Jane,I,14
15,chapter_all_gpt-4o-mini_all,Jane,DN,8
15,chapter_all_gpt-4o-mini_all,Jane,DC,5
4,chapter_all_gpt-4o-mini_all,Brocklehurst,N,0
4,chapter_all_gpt-4o-mini_all,Brocklehurst,A,0
4,chapter_all_gpt-4o-mini_all,Brocklehurst,C,0
4,chapter_all_gpt-4o-mini_all,Brocklehurst,I,0
4,chapter_all_gpt-4o-mini_all,Brocklehurst,DN,0
4,chapter_all_gpt-4o-mini_all,Brocklehurst,DC,0
4,chapter_all_gpt-4o-mini_all,Miss Temple,N,0
4,chapter_all_gpt-4o-mini_all,Miss Temple,A,0
4,chapter_all_gpt-4o-mini_all,Miss Temple,C,0
4,chapter_all_gpt-4o-mini_all,Miss Temple,I,0
4,chapter_all_gpt-4o-mini_all,Miss Temple,DN,0
4,chapter_all_gpt-4o-mini_all,Miss Temple,DC,0
4,chapter_all_gpt-4o-mini_all,Bessie,N,8
4,chapter_all_gpt-4o-mini_all,Bessie,A,3
4,chapter_all_gpt-4o-mini_all,Bessie,C,2
4,chapter_all_gpt-4o-mini_all,Bessie,I,4
4,chapter_all_gpt-4o-mini_all,Bessie,DN,4
4,chapter_all_gpt-4o-mini_all,Bessie,DC,3
4,chapter_all_gpt-4o-mini_all,John Reed,N,5
4,chapter_all_gpt-4o-mini_all,John Reed,A,2
4,chapter_all_gpt-4o-mini_all,John Reed,C,1
4,chapter_all_gpt-4o-mini_all,John Reed,I,1
4,chapter_all_gpt-4o-mini_all,John Reed,DN,1
4,chapter_all_gpt-4o-mini_all,John Reed,DC,2
4,chapter_all_gpt-4o-mini_all,Georgiana,N,6
4,chapter_all_gpt-4o-mini_all,Georgiana,A,0
4,chapter_all_gpt-4o-mini_all,Georgiana,C,0
4,chapter_all_gpt-4o-mini_all,Georgiana,I,0
4,chapter_all_gpt-4o-mini_all,Georgiana,DN,3
4,chapter_all_gpt-4o-mini_all,Georgiana,DC,1
4,chapter_all_gpt-4o-mini_all,Mrs. Reed,N,15
4,chapter_all_gpt-4o-mini_all,Mrs. Reed,A,4
4,chapter_all_gpt-4o-mini_all,Mrs. Reed,C,5
4,chapter_all_gpt-4o-mini_all,Mrs. Reed,I,6
4,chapter_all_gpt-4o-mini_all,Mrs. Reed,DN,8
4,chapter_all_gpt-4o-mini_all,Mrs. Reed,DC,7
4,chapter_all_gpt-4o-mini_all,Reed,N,0
4,chapter_all_gpt-4o-mini_all,Reed,A,0
4,chapter_all_gpt-4o-mini_all,Reed,C,0
4,chapter_all_gpt-4o-mini_all,Reed,I,0
4,chapter_all_gpt-4o-mini_all,Reed,DN,0
4,chapter_all_gpt-4o-mini_all,Reed,DC,0
4,chapter_all_gpt-4o-mini_all,Eliza Reed,N,0
4,chapter_all_gpt-4o-mini_all,Eliza Reed,A,0
4,chapter_all_gpt-4o-mini_all,Eliza Reed,C,0
4,chapter_all_gpt-4o-mini_all,Eliza Reed,I,0
4,chapter_all_gpt-4o-mini_all,Eliza Reed,DN,0
4,chapter_all_gpt-4o-mini_all,Eliza Reed,DC,0
4,chapter_all_gpt-4o-mini_all,Mr. Brocklehurst,N,7
4,chapter_all_gpt-4o-mini_all,Mr. Brocklehurst,A,0
4,chapter_all_gpt-4o-mini_all,Mr. Brocklehurst,C,4
4,chapter_all_gpt-4o-mini_all,Mr. Brocklehurst,I,0
4,chapter_all_gpt-4o-mini_all,Mr. Brocklehurst,DN,3
4,chapter_all_gpt-4o-mini_all,Mr. Brocklehurst,DC,4
4,chapter_all_gpt-4o-mini_all,Georgiana Reed,N,0
4,chapter_all_gpt-4o-mini_all,Georgiana Reed,A,0
4,chapter_all_gpt-4o-mini_all,Georgiana Reed,C,0
4,chapter_all_gpt-4o-mini_all,Georgiana Reed,I,0
4,chapter_all_gpt-4o-mini_all,Georgiana Reed,DN,0
4,chapter_all_gpt-4o-mini_all,Georgiana Reed,DC,0
4,chapter_all_gpt-4o-mini_all,Mr. Reed,N,0
4,chapter_all_gpt-4o-mini_all,Mr. Reed,A,0
4,chapter_all_gpt-4o-mini_all,Mr. Reed,C,0
4,chapter_all_gpt-4o-mini_all,Mr. Reed,I,0
4,chapter_all_gpt-4o-mini_all,Mr. Reed,DN,0
4,chapter_all_gpt-4o-mini_all,Mr. Reed,DC,0
4,chapter_all_gpt-4o-mini_all,Jane,N,38
4,chapter_all_gpt-4o-mini_all,Jane,A,11
4,chapter_all_gpt-4o-mini_all,Jane,C,6
4,chapter_all_gpt-4o-mini_all,Jane,I,19
4,chapter_all_gpt-4o-mini_all,Jane,DN,7
4,chapter_all_gpt-4o-mini_all,Jane,DC,14
5,chapter_all_gpt-4o-mini_all,Brocklehurst,N,0
5,chapter_all_gpt-4o-mini_all,Brocklehurst,A,0
5,chapter_all_gpt-4o-mini_all,Brocklehurst,C,0
5,chapter_all_gpt-4o-mini_all,Brocklehurst,I,0
5,chapter_all_gpt-4o-mini_all,Brocklehurst,DN,0
5,chapter_all_gpt-4o-mini_all,Brocklehurst,DC,0
5,chapter_all_gpt-4o-mini_all,Helen Burns,N,0
5,chapter_all_gpt-4o-mini_all,Helen Burns,A,0
5,chapter_all_gpt-4o-mini_all,Helen Burns,C,0
5,chapter_all_gpt-4o-mini_all,Helen Burns,I,0
5,chapter_all_gpt-4o-mini_all,Helen Burns,DN,0
5,chapter_all_gpt-4o-mini_all,Helen Burns,DC,0
5,chapter_all_gpt-4o-mini_all,Miss Temple,N,5
5,chapter_all_gpt-4o-mini_all,Miss Temple,A,0
5,chapter_all_gpt-4o-mini_all,Miss Temple,C,1
5,chapter_all_gpt-4o-mini_all,Miss Temple,I,0
5,chapter_all_gpt-4o-mini_all,Miss Temple,DN,1
5,chapter_all_gpt-4o-mini_all,Miss Temple,DC,1
5,chapter_all_gpt-4o-mini_all,Bessie,N,6
5,chapter_all_gpt-4o-mini_all,Bessie,A,4
5,chapter_all_gpt-4o-mini_all,Bessie,C,2
5,chapter_all_gpt-4o-mini_all,Bessie,I,0
5,chapter_all_gpt-4o-mini_all,Bessie,DN,4
5,chapter_all_gpt-4o-mini_all,Bessie,DC,2
5,chapter_all_gpt-4o-mini_all,John Reed,N,0
5,chapter_all_gpt-4o-mini_all,John Reed,A,0
5,chapter_all_gpt-4o-mini_all,John Reed,C,0
5,chapter_all_gpt-4o-mini_all,John Reed,I,0
5,chapter_all_gpt-4o-mini_all,John Reed,DN,0
5,chapter_all_gpt-4o-mini_all,John Reed,DC,0
5,chapter_all_gpt-4o-mini_all,Georgiana,N,0
5,chapter_all_gpt-4o-mini_all,Georgiana,A,0
5,chapter_all_gpt-4o-mini_all,Georgiana,C,0
5,chapter_all_gpt-4o-mini_all,Georgiana,I,0
5,chapter_all_gpt-4o-mini_all,Georgiana,DN,0
5,chapter_all_gpt-4o-mini_all,Georgiana,DC,0
5,chapter_all_gpt-4o-mini_all,Miss Miller,N,6
5,chapter_all_gpt-4o-mini_all,Miss Miller,A,5
5,chapter_all_gpt-4o-mini_all,Miss Miller,C,1
5,chapter_all_gpt-4o-mini_all,Miss Miller,I,0
5,chapter_all_gpt-4o-mini_all,Miss Miller,DN,2
5,chapter_all_gpt-4o-mini_all,Miss Miller,DC,1
5,chapter_all_gpt-4o-mini_all,Mrs. Reed,N,2
5,chapter_all_gpt-4o-mini_all,Mrs. Reed,A,0
5,chapter_all_gpt-4o-mini_all,Mrs. Reed,C,1
5,chapter_all_gpt-4o-mini_all,Mrs. Reed,I,1
5,chapter_all_gpt-4o-mini_all,Mrs. Reed,DN,2
5,chapter_all_gpt-4o-mini_all,Mrs. Reed,DC,1
5,chapter_all_gpt-4o-mini_all,Madame Pierrot,N,0
5,chapter_all_gpt-4o-mini_all,Madame Pierrot,A,0
5,chapter_all_gpt-4o-mini_all,Madame Pierrot,C,0
5,chapter_all_gpt-4o-mini_all,Madame Pierrot,I,0
5,chapter_all_gpt-4o-mini_all,Madame Pierrot,DN,0
5,chapter_all_gpt-4o-mini_all,Madame Pierrot,DC,0
5,chapter_all_gpt-4o-mini_all,Eliza Reed,N,0
5,chapter_all_gpt-4o-mini_all,Eliza Reed,A,0
5,chapter_all_gpt-4o-mini_all,Eliza Reed,C,0
5,chapter_all_gpt-4o-mini_all,Eliza Reed,I,0
5,chapter_all_gpt-4o-mini_all,Eliza Reed,DN,0
5,chapter_all_gpt-4o-mini_all,Eliza Reed,DC,0
5,chapter_all_gpt-4o-mini_all,Reed,N,0
5,chapter_all_gpt-4o-mini_all,Reed,A,0
5,chapter_all_gpt-4o-mini_all,Reed,C,0
5,chapter_all_gpt-4o-mini_all,Reed,I,0
5,chapter_all_gpt-4o-mini_all,Reed,DN,0
5,chapter_all_gpt-4o-mini_all,Reed,DC,0
5,chapter_all_gpt-4o-mini_all,Georgiana Reed,N,0
5,chapter_all_gpt-4o-mini_all,Georgiana Reed,A,0
5,chapter_all_gpt-4o-mini_all,Georgiana Reed,C,0
5,chapter_all_gpt-4o-mini_all,Georgiana Reed,I,0
5,chapter_all_gpt-4o-mini_all,Georgiana Reed,DN,0
5,chapter_all_gpt-4o-mini_all,Georgiana Reed,DC,0
5,chapter_all_gpt-4o-mini_all,Mr. Brocklehurst,N,1
5,chapter_all_gpt-4o-mini_all,Mr. Brocklehurst,A,0
5,chapter_all_gpt-4o-mini_all,Mr. Brocklehurst,C,0
5,chapter_all_gpt-4o-mini_all,Mr. Brocklehurst,I,0
5,chapter_all_gpt-4o-mini_all,Mr. Brocklehurst,DN,0
5,chapter_all_gpt-4o-mini_all,Mr. Brocklehurst,DC,1
5,chapter_all_gpt-4o-mini_all,Jane,N,15
5,chapter_all_gpt-4o-mini_all,Jane,A,3
5,chapter_all_gpt-4o-mini_all,Jane,C,2
5,chapter_all_gpt-4o-mini_all,Jane,I,14
5,chapter_all_gpt-4o-mini_all,Jane,DN,6
5,chapter_all_gpt-4o-mini_all,Jane,DC,2
14,chapter_all_gpt-4o-mini_all,Mr. Rochester,N,20
14,chapter_all_gpt-4o-mini_all,Mr. Rochester,A,14
14,chapter_all_gpt-4o-mini_all,Mr. Rochester,C,8
14,chapter_all_gpt-4o-mini_all,Mr. Rochester,I,18
14,chapter_all_gpt-4o-mini_all,Mr. Rochester,DN,14
14,chapter_all_gpt-4o-mini_all,Mr. Rochester,DC,4
14,chapter_all_gpt-4o-mini_all,Mrs. Fairfax,N,5
14,chapter_all_gpt-4o-mini_all,Mrs. Fairfax,A,0
14,chapter_all_gpt-4o-mini_all,Mrs. Fairfax,C,2
14,chapter_all_gpt-4o-mini_all,Mrs. Fairfax,I,0
14,chapter_all_gpt-4o-mini_all,Mrs. Fairfax,DN,1
14,chapter_all_gpt-4o-mini_all,Mrs. Fairfax,DC,3
28,chapter_all_gpt-4o-mini_all,Hannah,N,0
28,chapter_all_gpt-4o-mini_all,Hannah,A,0
28,chapter_all_gpt-4o-mini_all,Hannah,C,0
28,chapter_all_gpt-4o-mini_all,Hannah,I,0
28,chapter_all_gpt-4o-mini_all,Hannah,DN,0
28,chapter_all_gpt-4o-mini_all,Hannah,DC,0
28,chapter_all_gpt-4o-mini_all,St. John Rivers,N,4
28,chapter_all_gpt-4o-mini_all,St. John Rivers,A,1
28,chapter_all_gpt-4o-mini_all,St. John Rivers,C,1
28,chapter_all_gpt-4o-mini_all,St. John Rivers,I,3
28,chapter_all_gpt-4o-mini_all,St. John Rivers,DN,2
28,chapter_all_gpt-4o-mini_all,St. John Rivers,DC,4
28,chapter_all_gpt-4o-mini_all,Diana Rivers,N,4
28,chapter_all_gpt-4o-mini_all,Diana Rivers,A,1
28,chapter_all_gpt-4o-mini_all,Diana Rivers,C,3
28,chapter_all_gpt-4o-mini_all,Diana Rivers,I,2
28,chapter_all_gpt-4o-mini_all,Diana Rivers,DN,3
28,chapter_all_gpt-4o-mini_all,Diana Rivers,DC,1
28,chapter_all_gpt-4o-mini_all,Mary Rivers,N,3
28,chapter_all_gpt-4o-mini_all,Mary Rivers,A,0
28,chapter_all_gpt-4o-mini_all,Mary Rivers,C,2
28,chapter_all_gpt-4o-mini_all,Mary Rivers,I,1
28,chapter_all_gpt-4o-mini_all,Mary Rivers,DN,2
28,chapter_all_gpt-4o-mini_all,Mary Rivers,DC,1
28,chapter_all_gpt-4o-mini_all,Mr. Rochester,N,8
28,chapter_all_gpt-4o-mini_all,Mr. Rochester,A,6
28,chapter_all_gpt-4o-mini_all,Mr. Rochester,C,2
28,chapter_all_gpt-4o-mini_all,Mr. Rochester,I,6
28,chapter_all_gpt-4o-mini_all,Mr. Rochester,DN,5
28,chapter_all_gpt-4o-mini_all,Mr. Rochester,DC,2
25,chapter_all_gpt-4o-mini_all,Grace Poole,N,6
25,chapter_all_gpt-4o-mini_all,Grace Poole,A,0
25,chapter_all_gpt-4o-mini_all,Grace Poole,C,1
25,chapter_all_gpt-4o-mini_all,Grace Poole,I,0
25,chapter_all_gpt-4o-mini_all,Grace Poole,DN,2
25,chapter_all_gpt-4o-mini_all,Grace Poole,DC,1
25,chapter_all_gpt-4o-mini_all,Mr. Rochester,N,20
25,chapter_all_gpt-4o-mini_all,Mr. Rochester,A,5
25,chapter_all_gpt-4o-mini_all,Mr. Rochester,C,8
25,chapter_all_gpt-4o-mini_all,Mr. Rochester,I,6
25,chapter_all_gpt-4o-mini_all,Mr. Rochester,DN,4
25,chapter_all_gpt-4o-mini_all,Mr. Rochester,DC,6
25,chapter_all_gpt-4o-mini_all,Jane,N,27
25,chapter_all_gpt-4o-mini_all,Jane,A,6
25,chapter_all_gpt-4o-mini_all,Jane,C,10
25,chapter_all_gpt-4o-mini_all,Jane,I,14
25,chapter_all_gpt-4o-mini_all,Jane,DN,4
25,chapter_all_gpt-4o-mini_all,Jane,DC,8
25,chapter_all_gpt-4o-mini_all,Adele,N,3
25,chapter_all_gpt-4o-mini_all,Adele,A,0
25,chapter_all_gpt-4o-mini_all,Adele,C,1
25,chapter_all_gpt-4o-mini_all,Adele,I,0
25,chapter_all_gpt-4o-mini_all,Adele,DN,0
25,chapter_all_gpt-4o-mini_all,Adele,DC,1
25,chapter_all_gpt-4o-mini_all,Mrs. Fairfax,N,3
25,chapter_all_gpt-4o-mini_all,Mrs. Fairfax,A,0
25,chapter_all_gpt-4o-mini_all,Mrs. Fairfax,C,1
25,chapter_all_gpt-4o-mini_all,Mrs. Fairfax,I,0
25,chapter_all_gpt-4o-mini_all,Mrs. Fairfax,DN,0
25,chapter_all_gpt-4o-mini_all,Mrs. Fairfax,DC,2
31,chapter_all_gpt-4o-mini_all,St. John Rivers,N,11
31,chapter_all_gpt-4o-mini_all,St. John Rivers,A,5
31,chapter_all_gpt-4o-mini_all,St. John Rivers,C,7
31,chapter_all_gpt-4o-mini_all,St. John Rivers,I,6
31,chapter_all_gpt-4o-mini_all,St. John Rivers,DN,4
31,chapter_all_gpt-4o-mini_all,St. John Rivers,DC,5
31,chapter_all_gpt-4o-mini_all,Mr. Oliver,N,0
31,chapter_all_gpt-4o-mini_all,Mr. Oliver,A,0
31,chapter_all_gpt-4o-mini_all,Mr. Oliver,C,0
31,chapter_all_gpt-4o-mini_all,Mr. Oliver,I,0
31,chapter_all_gpt-4o-mini_all,Mr. Oliver,DN,0
31,chapter_all_gpt-4o-mini_all,Mr. Oliver,DC,0
31,chapter_all_gpt-4o-mini_all,Diana Rivers,N,0
31,chapter_all_gpt-4o-mini_all,Diana Rivers,A,0
31,chapter_all_gpt-4o-mini_all,Diana Rivers,C,0
31,chapter_all_gpt-4o-mini_all,Diana Rivers,I,0
31,chapter_all_gpt-4o-mini_all,Diana Rivers,DN,0
31,chapter_all_gpt-4o-mini_all,Diana Rivers,DC,0
31,chapter_all_gpt-4o-mini_all,Mr. Rochester,N,7
31,chapter_all_gpt-4o-mini_all,Mr. Rochester,A,0
31,chapter_all_gpt-4o-mini_all,Mr. Rochester,C,2
31,chapter_all_gpt-4o-mini_all,Mr. Rochester,I,3
31,chapter_all_gpt-4o-mini_all,Mr. Rochester,DN,1
31,chapter_all_gpt-4o-mini_all,Mr. Rochester,DC,1
31,chapter_all_gpt-4o-mini_all,Mary Rivers,N,0
31,chapter_all_gpt-4o-mini_all,Mary Rivers,A,0
31,chapter_all_gpt-4o-mini_all,Mary Rivers,C,0
31,chapter_all_gpt-4o-mini_all,Mary Rivers,I,0
31,chapter_all_gpt-4o-mini_all,Mary Rivers,DN,0
31,chapter_all_gpt-4o-mini_all,Mary Rivers,DC,0
31,chapter_all_gpt-4o-mini_all,Miss Oliver,N,4
31,chapter_all_gpt-4o-mini_all,Miss Oliver,A,0
31,chapter_all_gpt-4o-mini_all,Miss Oliver,C,2
31,chapter_all_gpt-4o-mini_all,Miss Oliver,I,1
31,chapter_all_gpt-4o-mini_all,Miss Oliver,DN,1
31,chapter_all_gpt-4o-mini_all,Miss Oliver,DC,2
31,chapter_all_gpt-4o-mini_all,Jane,N,10
31,chapter_all_gpt-4o-mini_all,Jane,A,0
31,chapter_all_gpt-4o-mini_all,Jane,C,4
31,chapter_all_gpt-4o-mini_all,Jane,I,9
31,chapter_all_gpt-4o-mini_all,Jane,DN,6
31,chapter_all_gpt-4o-mini_all,Jane,DC,4
19,chapter_all_gpt-4o-mini_all,Grace Poole,N,2
19,chapter_all_gpt-4o-mini_all,Grace Poole,A,0
19,chapter_all_gpt-4o-mini_all,Grace Poole,C,1
19,chapter_all_gpt-4o-mini_all,Grace Poole,I,1
19,chapter_all_gpt-4o-mini_all,Grace Poole,DN,1
19,chapter_all_gpt-4o-mini_all,Grace Poole,DC,1
19,chapter_all_gpt-4o-mini_all,Mr. Rochester,N,10
19,chapter_all_gpt-4o-mini_all,Mr. Rochester,A,17
19,chapter_all_gpt-4o-mini_all,Mr. Rochester,C,5
19,chapter_all_gpt-4o-mini_all,Mr. Rochester,I,10
19,chapter_all_gpt-4o-mini_all,Mr. Rochester,DN,4
19,chapter_all_gpt-4o-mini_all,Mr. Rochester,DC,8
19,chapter_all_gpt-4o-mini_all,Jane,N,8
19,chapter_all_gpt-4o-mini_all,Jane,A,13
19,chapter_all_gpt-4o-mini_all,Jane,C,6
19,chapter_all_gpt-4o-mini_all,Jane,I,13
19,chapter_all_gpt-4o-mini_all,Jane,DN,5
19,chapter_all_gpt-4o-mini_all,Jane,DC,7
19,chapter_all_gpt-4o-mini_all,Mr. Mason,N,5
19,chapter_all_gpt-4o-mini_all,Mr. Mason,A,0
19,chapter_all_gpt-4o-mini_all,Mr. Mason,C,1
19,chapter_all_gpt-4o-mini_all,Mr. Mason,I,0
19,chapter_all_gpt-4o-mini_all,Mr. Mason,DN,0
19,chapter_all_gpt-4o-mini_all,Mr. Mason,DC,3
19,chapter_all_gpt-4o-mini_all,Mrs. Fairfax,N,0
19,chapter_all_gpt-4o-mini_all,Mrs. Fairfax,A,0
19,chapter_all_gpt-4o-mini_all,Mrs. Fairfax,C,0
19,chapter_all_gpt-4o-mini_all,Mrs. Fairfax,I,0
19,chapter_all_gpt-4o-mini_all,Mrs. Fairfax,DN,0
19,chapter_all_gpt-4o-mini_all,Mrs. Fairfax,DC,0
8,chapter_all_gpt-4o-mini_all,Brocklehurst,N,0
8,chapter_all_gpt-4o-mini_all,Brocklehurst,A,0
8,chapter_all_gpt-4o-mini_all,Brocklehurst,C,0
8,chapter_all_gpt-4o-mini_all,Brocklehurst,I,0
8,chapter_all_gpt-4o-mini_all,Brocklehurst,DN,0
8,chapter_all_gpt-4o-mini_all,Brocklehurst,DC,0
8,chapter_all_gpt-4o-mini_all,Helen Burns,N,9
8,chapter_all_gpt-4o-mini_all,Helen Burns,A,5
8,chapter_all_gpt-4o-mini_all,Helen Burns,C,4
8,chapter_all_gpt-4o-mini_all,Helen Burns,I,9
8,chapter_all_gpt-4o-mini_all,Helen Burns,DN,5
8,chapter_all_gpt-4o-mini_all,Helen Burns,DC,3
8,chapter_all_gpt-4o-mini_all,Miss Temple,N,5
8,chapter_all_gpt-4o-mini_all,Miss Temple,A,1
8,chapter_all_gpt-4o-mini_all,Miss Temple,C,3
8,chapter_all_gpt-4o-mini_all,Miss Temple,I,1
8,chapter_all_gpt-4o-mini_all,Miss Temple,DN,4
8,chapter_all_gpt-4o-mini_all,Miss Temple,DC,4
8,chapter_all_gpt-4o-mini_all,Bessie,N,0
8,chapter_all_gpt-4o-mini_all,Bessie,A,0
8,chapter_all_gpt-4o-mini_all,Bessie,C,0
8,chapter_all_gpt-4o-mini_all,Bessie,I,0
8,chapter_all_gpt-4o-mini_all,Bessie,DN,0
8,chapter_all_gpt-4o-mini_all,Bessie,DC,0
8,chapter_all_gpt-4o-mini_all,John Reed,N,0
8,chapter_all_gpt-4o-mini_all,John Reed,A,0
8,chapter_all_gpt-4o-mini_all,John Reed,C,0
8,chapter_all_gpt-4o-mini_all,John Reed,I,0
8,chapter_all_gpt-4o-mini_all,John Reed,DN,0
8,chapter_all_gpt-4o-mini_all,John Reed,DC,0
8,chapter_all_gpt-4o-mini_all,Mrs. Reed,N,2
8,chapter_all_gpt-4o-mini_all,Mrs. Reed,A,0
8,chapter_all_gpt-4o-mini_all,Mrs. Reed,C,1
8,chapter_all_gpt-4o-mini_all,Mrs. Reed,I,0
8,chapter_all_gpt-4o-mini_all,Mrs. Reed,DN,2
8,chapter_all_gpt-4o-mini_all,Mrs. Reed,DC,2
8,chapter_all_gpt-4o-mini_all,Reed,N,0
8,chapter_all_gpt-4o-mini_all,Reed,A,0
8,chapter_all_gpt-4o-mini_all,Reed,C,0
8,chapter_all_gpt-4o-mini_all,Reed,I,0
8,chapter_all_gpt-4o-mini_all,Reed,DN,0
8,chapter_all_gpt-4o-mini_all,Reed,DC,0
8,chapter_all_gpt-4o-mini_all,Mr. Brocklehurst,N,5
8,chapter_all_gpt-4o-mini_all,Mr. Brocklehurst,A,1
8,chapter_all_gpt-4o-mini_all,Mr. Brocklehurst,C,3
8,chapter_all_gpt-4o-mini_all,Mr. Brocklehurst,I,1
8,chapter_all_gpt-4o-mini_all,Mr. Brocklehurst,DN,3
8,chapter_all_gpt-4o-mini_all,Mr. Brocklehurst,DC,2
8,chapter_all_gpt-4o-mini_all,Jane,N,6
8,chapter_all_gpt-4o-mini_all,Jane,A,4
8,chapter_all_gpt-4o-mini_all,Jane,C,4
8,chapter_all_gpt-4o-mini_all,Jane,I,5
8,chapter_all_gpt-4o-mini_all,Jane,DN,5
8,chapter_all_gpt-4o-mini_all,Jane,DC,5
9,chapter_all_gpt-4o-mini_all,Mary Ann Wilson,N,5
9,chapter_all_gpt-4o-mini_all,Mary Ann Wilson,A,2
9,chapter_all_gpt-4o-mini_all,Mary Ann Wilson,C,1
9,chapter_all_gpt-4o-mini_all,Mary Ann Wilson,I,1
9,chapter_all_gpt-4o-mini_all,Mary Ann Wilson,DN,2
9,chapter_all_gpt-4o-mini_all,Mary Ann Wilson,DC,1
9,chapter_all_gpt-4o-mini_all,Brocklehurst,N,0
9,chapter_all_gpt-4o-mini_all,Brocklehurst,A,0
9,chapter_all_gpt-4o-mini_all,Brocklehurst,C,0
9,chapter_all_gpt-4o-mini_all,Brocklehurst,I,0
9,chapter_all_gpt-4o-mini_all,Brocklehurst,DN,0
9,chapter_all_gpt-4o-mini_all,Brocklehurst,DC,0
9,chapter_all_gpt-4o-mini_all,Helen Burns,N,11
9,chapter_all_gpt-4o-mini_all,Helen Burns,A,0
9,chapter_all_gpt-4o-mini_all,Helen Burns,C,5
9,chapter_all_gpt-4o-mini_all,Helen Burns,I,7
9,chapter_all_gpt-4o-mini_all,Helen Burns,DN,7
9,chapter_all_gpt-4o-mini_all,Helen Burns,DC,3
9,chapter_all_gpt-4o-mini_all,Miss Temple,N,0
9,chapter_all_gpt-4o-mini_all,Miss Temple,A,0
9,chapter_all_gpt-4o-mini_all,Miss Temple,C,0
9,chapter_all_gpt-4o-mini_all,Miss Temple,I,0
9,chapter_all_gpt-4o-mini_all,Miss Temple,DN,0
9,chapter_all_gpt-4o-mini_all,Miss Temple,DC,0
9,chapter_all_gpt-4o-mini_all,Mr. Brocklehurst,N,2
9,chapter_all_gpt-4o-mini_all,Mr. Brocklehurst,A,0
9,chapter_all_gpt-4o-mini_all,Mr. Brocklehurst,C,0
9,chapter_all_gpt-4o-mini_all,Mr. Brocklehurst,I,0
9,chapter_all_gpt-4o-mini_all,Mr. Brocklehurst,DN,1
9,chapter_all_gpt-4o-mini_all,Mr. Brocklehurst,DC,1
9,chapter_all_gpt-4o-mini_all,Jane,N,0
9,chapter_all_gpt-4o-mini_all,Jane,A,0
9,chapter_all_gpt-4o-mini_all,Jane,C,0
9,chapter_all_gpt-4o-mini_all,Jane,I,0
9,chapter_all_gpt-4o-mini_all,Jane,DN,0
9,chapter_all_gpt-4o-mini_all,Jane,DC,0
18,chapter_all_gpt-4o-mini_all,Louisa Eshton,N,4
18,chapter_all_gpt-4o-mini_all,Louisa Eshton,A,1
18,chapter_all_gpt-4o-mini_all,Louisa Eshton,C,2
18,chapter_all_gpt-4o-mini_all,Louisa Eshton,I,0
18,chapter_all_gpt-4o-mini_all,Louisa Eshton,DN,1
18,chapter_all_gpt-4o-mini_all,Louisa Eshton,DC,1
18,chapter_all_gpt-4o-mini_all,Grace Poole,N,0
18,chapter_all_gpt-4o-mini_all,Grace Poole,A,0
18,chapter_all_gpt-4o-mini_all,Grace Poole,C,0
18,chapter_all_gpt-4o-mini_all,Grace Poole,I,0
18,chapter_all_gpt-4o-mini_all,Grace Poole,DN,0
18,chapter_all_gpt-4o-mini_all,Grace Poole,DC,0
18,chapter_all_gpt-4o-mini_all,Lady Ingram,N,6
18,chapter_all_gpt-4o-mini_all,Lady Ingram,A,0
18,chapter_all_gpt-4o-mini_all,Lady Ingram,C,3
18,chapter_all_gpt-4o-mini_all,Lady Ingram,I,2
18,chapter_all_gpt-4o-mini_all,Lady Ingram,DN,3
18,chapter_all_gpt-4o-mini_all,Lady Ingram,DC,6
18,chapter_all_gpt-4o-mini_all,Bertha Mason,N,0
18,chapter_all_gpt-4o-mini_all,Bertha Mason,A,0
18,chapter_all_gpt-4o-mini_all,Bertha Mason,C,0
18,chapter_all_gpt-4o-mini_all,Bertha Mason,I,0
18,chapter_all_gpt-4o-mini_all,Bertha Mason,DN,0
18,chapter_all_gpt-4o-mini_all,Bertha Mason,DC,0
18,chapter_all_gpt-4o-mini_all,Georgiana,N,0
18,chapter_all_gpt-4o-mini_all,Georgiana,A,0
18,chapter_all_gpt-4o-mini_all,Georgiana,C,0
18,chapter_all_gpt-4o-mini_all,Georgiana,I,0
18,chapter_all_gpt-4o-mini_all,Georgiana,DN,0
18,chapter_all_gpt-4o-mini_all,Georgiana,DC,0
18,chapter_all_gpt-4o-mini_all,Amy Eshton,N,0
18,chapter_all_gpt-4o-mini_all,Amy Eshton,A,0
18,chapter_all_gpt-4o-mini_all,Amy Eshton,C,0
18,chapter_all_gpt-4o-mini_all,Amy Eshton,I,0
18,chapter_all_gpt-4o-mini_all,Amy Eshton,DN,0
18,chapter_all_gpt-4o-mini_all,Amy Eshton,DC,0
18,chapter_all_gpt-4o-mini_all,Mrs. Fairfax,N,2
18,chapter_all_gpt-4o-mini_all,Mrs. Fairfax,A,1
18,chapter_all_gpt-4o-mini_all,Mrs. Fairfax,C,1
18,chapter_all_gpt-4o-mini_all,Mrs. Fairfax,I,0
18,chapter_all_gpt-4o-mini_all,Mrs. Fairfax,DN,0
18,chapter_all_gpt-4o-mini_all,Mrs. Fairfax,DC,1
18,chapter_all_gpt-4o-mini_all,Jane,N,0
18,chapter_all_gpt-4o-mini_all,Jane,A,0
18,chapter_all_gpt-4o-mini_all,Jane,C,0
18,chapter_all_gpt-4o-mini_all,Jane,I,0
18,chapter_all_gpt-4o-mini_all,Jane,DN,0
18,chapter_all_gpt-4o-mini_all,Jane,DC,0
18,chapter_all_gpt-4o-mini_all,Colonel Dent,N,4
18,chapter_all_gpt-4o-mini_all,Colonel Dent,A,0
18,chapter_all_gpt-4o-mini_all,Colonel Dent,C,0
18,chapter_all_gpt-4o-mini_all,Colonel Dent,I,0
18,chapter_all_gpt-4o-mini_all,Colonel Dent,DN,0
18,chapter_all_gpt-4o-mini_all,Colonel Dent,DC,3
18,chapter_all_gpt-4o-mini_all,Frederick Lynn,N,3
18,chapter_all_gpt-4o-mini_all,Frederick Lynn,A,0
18,chapter_all_gpt-4o-mini_all,Frederick Lynn,C,0
18,chapter_all_gpt-4o-mini_all,Frederick Lynn,I,0
18,chapter_all_gpt-4o-mini_all,Frederick Lynn,DN,0
18,chapter_all_gpt-4o-mini_all,Frederick Lynn,DC,2
18,chapter_all_gpt-4o-mini_all,Mr. Rochester,N,13
18,chapter_all_gpt-4o-mini_all,Mr. Rochester,A,3
18,chapter_all_gpt-4o-mini_all,Mr. Rochester,C,7
18,chapter_all_gpt-4o-mini_all,Mr. Rochester,I,1
18,chapter_all_gpt-4o-mini_all,Mr. Rochester,DN,2
18,chapter_all_gpt-4o-mini_all,Mr. Rochester,DC,5
18,chapter_all_gpt-4o-mini_all,Mrs. Lynn,N,0
18,chapter_all_gpt-4o-mini_all,Mrs. Lynn,A,0
18,chapter_all_gpt-4o-mini_all,Mrs. Lynn,C,0
18,chapter_all_gpt-4o-mini_all,Mrs. Lynn,I,0
18,chapter_all_gpt-4o-mini_all,Mrs. Lynn,DN,0
18,chapter_all_gpt-4o-mini_all,Mrs. Lynn,DC,0
18,chapter_all_gpt-4o-mini_all,Mr. Eshton,N,0
18,chapter_all_gpt-4o-mini_all,Mr. Eshton,A,0
18,chapter_all_gpt-4o-mini_all,Mr. Eshton,C,0
18,chapter_all_gpt-4o-mini_all,Mr. Eshton,I,0
18,chapter_all_gpt-4o-mini_all,Mr. Eshton,DN,0
18,chapter_all_gpt-4o-mini_all,Mr. Eshton,DC,0
18,chapter_all_gpt-4o-mini_all,Mrs. Eshton,N,3
18,chapter_all_gpt-4o-mini_all,Mrs. Eshton,A,0
18,chapter_all_gpt-4o-mini_all,Mrs. Eshton,C,1
18,chapter_all_gpt-4o-mini_all,Mrs. Eshton,I,0
18,chapter_all_gpt-4o-mini_all,Mrs. Eshton,DN,0
18,chapter_all_gpt-4o-mini_all,Mrs. Eshton,DC,1
18,chapter_all_gpt-4o-mini_all,Lord Ingram,N,0
18,chapter_all_gpt-4o-mini_all,Lord Ingram,A,0
18,chapter_all_gpt-4o-mini_all,Lord Ingram,C,0
18,chapter_all_gpt-4o-mini_all,Lord Ingram,I,0
18,chapter_all_gpt-4o-mini_all,Lord Ingram,DN,0
18,chapter_all_gpt-4o-mini_all,Lord Ingram,DC,0
18,chapter_all_gpt-4o-mini_all,Sir George Lynn,N,0
18,chapter_all_gpt-4o-mini_all,Sir George Lynn,A,0
18,chapter_all_gpt-4o-mini_all,Sir George Lynn,C,0
18,chapter_all_gpt-4o-mini_all,Sir George Lynn,I,0
18,chapter_all_gpt-4o-mini_all,Sir George Lynn,DN,0
18,chapter_all_gpt-4o-mini_all,Sir George Lynn,DC,0
18,chapter_all_gpt-4o-mini_all,Georgiana Reed,N,0
18,chapter_all_gpt-4o-mini_all,Georgiana Reed,A,0
18,chapter_all_gpt-4o-mini_all,Georgiana Reed,C,0
18,chapter_all_gpt-4o-mini_all,Georgiana Reed,I,0
18,chapter_all_gpt-4o-mini_all,Georgiana Reed,DN,0
18,chapter_all_gpt-4o-mini_all,Georgiana Reed,DC,0
18,chapter_all_gpt-4o-mini_all,Mr. Brocklehurst,N,0
18,chapter_all_gpt-4o-mini_all,Mr. Brocklehurst,A,0
18,chapter_all_gpt-4o-mini_all,Mr. Brocklehurst,C,0
18,chapter_all_gpt-4o-mini_all,Mr. Brocklehurst,I,0
18,chapter_all_gpt-4o-mini_all,Mr. Brocklehurst,DN,0
18,chapter_all_gpt-4o-mini_all,Mr. Brocklehurst,DC,0
18,chapter_all_gpt-4o-mini_all,Helen Burns,N,0
18,chapter_all_gpt-4o-mini_all,Helen Burns,A,0
18,chapter_all_gpt-4o-mini_all,Helen Burns,C,0
18,chapter_all_gpt-4o-mini_all,Helen Burns,I,0
18,chapter_all_gpt-4o-mini_all,Helen Burns,DN,0
18,chapter_all_gpt-4o-mini_all,Helen Burns,DC,0
18,chapter_all_gpt-4o-mini_all,Bessie,N,0
18,chapter_all_gpt-4o-mini_all,Bessie,A,0
18,chapter_all_gpt-4o-mini_all,Bessie,C,0
18,chapter_all_gpt-4o-mini_all,Bessie,I,0
18,chapter_all_gpt-4o-mini_all,Bessie,DN,0
18,chapter_all_gpt-4o-mini_all,Bessie,DC,0
18,chapter_all_gpt-4o-mini_all,Henry Lynn,N,3
18,chapter_all_gpt-4o-mini_all,Henry Lynn,A,0
18,chapter_all_gpt-4o-mini_all,Henry Lynn,C,0
18,chapter_all_gpt-4o-mini_all,Henry Lynn,I,0
18,chapter_all_gpt-4o-mini_all,Henry Lynn,DN,0
18,chapter_all_gpt-4o-mini_all,Henry Lynn,DC,2
18,chapter_all_gpt-4o-mini_all,Reed,N,0
18,chapter_all_gpt-4o-mini_all,Reed,A,0
18,chapter_all_gpt-4o-mini_all,Reed,C,0
18,chapter_all_gpt-4o-mini_all,Reed,I,0
18,chapter_all_gpt-4o-mini_all,Reed,DN,0
18,chapter_all_gpt-4o-mini_all,Reed,DC,0
18,chapter_all_gpt-4o-mini_all,Mr. Mason,N,4
18,chapter_all_gpt-4o-mini_all,Mr. Mason,A,1
18,chapter_all_gpt-4o-mini_all,Mr. Mason,C,0
18,chapter_all_gpt-4o-mini_all,Mr. Mason,I,0
18,chapter_all_gpt-4o-mini_all,Mr. Mason,DN,2
18,chapter_all_gpt-4o-mini_all,Mr. Mason,DC,0
18,chapter_all_gpt-4o-mini_all,Brocklehurst,N,0
18,chapter_all_gpt-4o-mini_all,Brocklehurst,A,0
18,chapter_all_gpt-4o-mini_all,Brocklehurst,C,0
18,chapter_all_gpt-4o-mini_all,Brocklehurst,I,0
18,chapter_all_gpt-4o-mini_all,Brocklehurst,DN,0
18,chapter_all_gpt-4o-mini_all,Brocklehurst,DC,0
30,chapter_all_gpt-4o-mini_all,Hannah,N,5
30,chapter_all_gpt-4o-mini_all,Hannah,A,0
30,chapter_all_gpt-4o-mini_all,Hannah,C,0
30,chapter_all_gpt-4o-mini_all,Hannah,I,0
30,chapter_all_gpt-4o-mini_all,Hannah,DN,2
30,chapter_all_gpt-4o-mini_all,Hannah,DC,0
30,chapter_all_gpt-4o-mini_all,St. John Rivers,N,14
30,chapter_all_gpt-4o-mini_all,St. John Rivers,A,4
30,chapter_all_gpt-4o-mini_all,St. John Rivers,C,3
30,chapter_all_gpt-4o-mini_all,St. John Rivers,I,10
30,chapter_all_gpt-4o-mini_all,St. John Rivers,DN,4
30,chapter_all_gpt-4o-mini_all,St. John Rivers,DC,6
30,chapter_all_gpt-4o-mini_all,Diana Rivers,N,10
30,chapter_all_gpt-4o-mini_all,Diana Rivers,A,0
30,chapter_all_gpt-4o-mini_all,Diana Rivers,C,2
30,chapter_all_gpt-4o-mini_all,Diana Rivers,I,1
30,chapter_all_gpt-4o-mini_all,Diana Rivers,DN,4
30,chapter_all_gpt-4o-mini_all,Diana Rivers,DC,2
30,chapter_all_gpt-4o-mini_all,Mr. Oliver,N,0
30,chapter_all_gpt-4o-mini_all,Mr. Oliver,A,0
30,chapter_all_gpt-4o-mini_all,Mr. Oliver,C,0
30,chapter_all_gpt-4o-mini_all,Mr. Oliver,I,0
30,chapter_all_gpt-4o-mini_all,Mr. Oliver,DN,0
30,chapter_all_gpt-4o-mini_all,Mr. Oliver,DC,0
30,chapter_all_gpt-4o-mini_all,Mary Rivers,N,10
30,chapter_all_gpt-4o-mini_all,Mary Rivers,A,0
30,chapter_all_gpt-4o-mini_all,Mary Rivers,C,2
30,chapter_all_gpt-4o-mini_all,Mary Rivers,I,0
30,chapter_all_gpt-4o-mini_all,Mary Rivers,DN,3
30,chapter_all_gpt-4o-mini_all,Mary Rivers,DC,2
30,chapter_all_gpt-4o-mini_all,Mr. Rivers,N,0
30,chapter_all_gpt-4o-mini_all,Mr. Rivers,A,0
30,chapter_all_gpt-4o-mini_all,Mr. Rivers,C,0
30,chapter_all_gpt-4o-mini_all,Mr. Rivers,I,0
30,chapter_all_gpt-4o-mini_all,Mr. Rivers,DN,0
30,chapter_all_gpt-4o-mini_all,Mr. Rivers,DC,0
30,chapter_all_gpt-4o-mini_all,Miss Oliver,N,0
30,chapter_all_gpt-4o-mini_all,Miss Oliver,A,0
30,chapter_all_gpt-4o-mini_all,Miss Oliver,C,0
30,chapter_all_gpt-4o-mini_all,Miss Oliver,I,0
30,chapter_all_gpt-4o-mini_all,Miss Oliver,DN,0
30,chapter_all_gpt-4o-mini_all,Miss Oliver,DC,0
24,chapter_all_gpt-4o-mini_all,Diana Rivers,N,0
24,chapter_all_gpt-4o-mini_all,Diana Rivers,A,0
24,chapter_all_gpt-4o-mini_all,Diana Rivers,C,0
24,chapter_all_gpt-4o-mini_all,Diana Rivers,I,0
24,chapter_all_gpt-4o-mini_all,Diana Rivers,DN,0
24,chapter_all_gpt-4o-mini_all,Diana Rivers,DC,0
24,chapter_all_gpt-4o-mini_all,Bertha Mason,N,0
24,chapter_all_gpt-4o-mini_all,Bertha Mason,A,0
24,chapter_all_gpt-4o-mini_all,Bertha Mason,C,0
24,chapter_all_gpt-4o-mini_all,Bertha Mason,I,0
24,chapter_all_gpt-4o-mini_all,Bertha Mason,DN,0
24,chapter_all_gpt-4o-mini_all,Bertha Mason,DC,0
24,chapter_all_gpt-4o-mini_all,Georgiana,N,0
24,chapter_all_gpt-4o-mini_all,Georgiana,A,0
24,chapter_all_gpt-4o-mini_all,Georgiana,C,0
24,chapter_all_gpt-4o-mini_all,Georgiana,I,0
24,chapter_all_gpt-4o-mini_all,Georgiana,DN,0
24,chapter_all_gpt-4o-mini_all,Georgiana,DC,0
24,chapter_all_gpt-4o-mini_all,Mrs. Fairfax,N,7
24,chapter_all_gpt-4o-mini_all,Mrs. Fairfax,A,2
24,chapter_all_gpt-4o-mini_all,Mrs. Fairfax,C,1
24,chapter_all_gpt-4o-mini_all,Mrs. Fairfax,I,5
24,chapter_all_gpt-4o-mini_all,Mrs. Fairfax,DN,5
24,chapter_all_gpt-4o-mini_all,Mrs. Fairfax,DC,5
24,chapter_all_gpt-4o-mini_all,Jane,N,29
24,chapter_all_gpt-4o-mini_all,Jane,A,9
24,chapter_all_gpt-4o-mini_all,Jane,C,7
24,chapter_all_gpt-4o-mini_all,Jane,I,21
24,chapter_all_gpt-4o-mini_all,Jane,DN,15
24,chapter_all_gpt-4o-mini_all,Jane,DC,7
24,chapter_all_gpt-4o-mini_all,St. John Rivers,N,0
24,chapter_all_gpt-4o-mini_all,St. John Rivers,A,0
24,chapter_all_gpt-4o-mini_all,St. John Rivers,C,0
24,chapter_all_gpt-4o-mini_all,St. John Rivers,I,0
24,chapter_all_gpt-4o-mini_all,St. John Rivers,DN,0
24,chapter_all_gpt-4o-mini_all,St. John Rivers,DC,0
24,chapter_all_gpt-4o-mini_all,Miss Temple,N,0
24,chapter_all_gpt-4o-mini_all,Miss Temple,A,0
24,chapter_all_gpt-4o-mini_all,Miss Temple,C,0
24,chapter_all_gpt-4o-mini_all,Miss Temple,I,0
24,chapter_all_gpt-4o-mini_all,Miss Temple,DN,0
24,chapter_all_gpt-4o-mini_all,Miss Temple,DC,0
24,chapter_all_gpt-4o-mini_all,Mr. Rochester,N,17
24,chapter_all_gpt-4o-mini_all,Mr. Rochester,A,22
24,chapter_all_gpt-4o-mini_all,Mr. Rochester,C,9
24,chapter_all_gpt-4o-mini_all,Mr. Rochester,I,13
24,chapter_all_gpt-4o-mini_all,Mr. Rochester,DN,26
24,chapter_all_gpt-4o-mini_all,Mr. Rochester,DC,7
24,chapter_all_gpt-4o-mini_all,Eliza Reed,N,0
24,chapter_all_gpt-4o-mini_all,Eliza Reed,A,0
24,chapter_all_gpt-4o-mini_all,Eliza Reed,C,0
24,chapter_all_gpt-4o-mini_all,Eliza Reed,I,0
24,chapter_all_gpt-4o-mini_all,Eliza Reed,DN,0
24,chapter_all_gpt-4o-mini_all,Eliza Reed,DC,0
24,chapter_all_gpt-4o-mini_all,Mary Rivers,N,0
24,chapter_all_gpt-4o-mini_all,Mary Rivers,A,0
24,chapter_all_gpt-4o-mini_all,Mary Rivers,C,0
24,chapter_all_gpt-4o-mini_all,Mary Rivers,I,0
24,chapter_all_gpt-4o-mini_all,Mary Rivers,DN,0
24,chapter_all_gpt-4o-mini_all,Mary Rivers,DC,0
24,chapter_all_gpt-4o-mini_all,John Reed,N,0
24,chapter_all_gpt-4o-mini_all,John Reed,A,0
24,chapter_all_gpt-4o-mini_all,John Reed,C,0
24,chapter_all_gpt-4o-mini_all,John Reed,I,0
24,chapter_all_gpt-4o-mini_all,John Reed,DN,0
24,chapter_all_gpt-4o-mini_all,John Reed,DC,0
24,chapter_all_gpt-4o-mini_all,Georgiana Reed,N,0
24,chapter_all_gpt-4o-mini_all,Georgiana Reed,A,0
24,chapter_all_gpt-4o-mini_all,Georgiana Reed,C,0
24,chapter_all_gpt-4o-mini_all,Georgiana Reed,I,0
24,chapter_all_gpt-4o-mini_all,Georgiana Reed,DN,0
24,chapter_all_gpt-4o-mini_all,Georgiana Reed,DC,0
24,chapter_all_gpt-4o-mini_all,Mr. Brocklehurst,N,0
24,chapter_all_gpt-4o-mini_all,Mr. Brocklehurst,A,0
24,chapter_all_gpt-4o-mini_all,Mr. Brocklehurst,C,0
24,chapter_all_gpt-4o-mini_all,Mr. Brocklehurst,I,0
24,chapter_all_gpt-4o-mini_all,Mr. Brocklehurst,DN,0
24,chapter_all_gpt-4o-mini_all,Mr. Brocklehurst,DC,0
24,chapter_all_gpt-4o-mini_all,Celine,N,0
24,chapter_all_gpt-4o-mini_all,Celine,A,0
24,chapter_all_gpt-4o-mini_all,Celine,C,0
24,chapter_all_gpt-4o-mini_all,Celine,I,0
24,chapter_all_gpt-4o-mini_all,Celine,DN,0
24,chapter_all_gpt-4o-mini_all,Celine,DC,0
24,chapter_all_gpt-4o-mini_all,Helen Burns,N,0
24,chapter_all_gpt-4o-mini_all,Helen Burns,A,0
24,chapter_all_gpt-4o-mini_all,Helen Burns,C,0
24,chapter_all_gpt-4o-mini_all,Helen Burns,I,0
24,chapter_all_gpt-4o-mini_all,Helen Burns,DN,0
24,chapter_all_gpt-4o-mini_all,Helen Burns,DC,0
24,chapter_all_gpt-4o-mini_all,Bessie,N,0
24,chapter_all_gpt-4o-mini_all,Bessie,A,0
24,chapter_all_gpt-4o-mini_all,Bessie,C,0
24,chapter_all_gpt-4o-mini_all,Bessie,I,0
24,chapter_all_gpt-4o-mini_all,Bessie,DN,0
24,chapter_all_gpt-4o-mini_all,Bessie,DC,0
24,chapter_all_gpt-4o-mini_all,Reed,N,0
24,chapter_all_gpt-4o-mini_all,Reed,A,0
24,chapter_all_gpt-4o-mini_all,Reed,C,0
24,chapter_all_gpt-4o-mini_all,Reed,I,0
24,chapter_all_gpt-4o-mini_all,Reed,DN,0
24,chapter_all_gpt-4o-mini_all,Reed,DC,0
24,chapter_all_gpt-4o-mini_all,Brocklehurst,N,0
24,chapter_all_gpt-4o-mini_all,Brocklehurst,A,0
24,chapter_all_gpt-4o-mini_all,Brocklehurst,C,0
24,chapter_all_gpt-4o-mini_all,Brocklehurst,I,0
24,chapter_all_gpt-4o-mini_all,Brocklehurst,DN,0
24,chapter_all_gpt-4o-mini_all,Brocklehurst,DC,0
24,chapter_all_gpt-4o-mini_all,Celine Varens,N,0
24,chapter_all_gpt-4o-mini_all,Celine Varens,A,0
24,chapter_all_gpt-4o-mini_all,Celine Varens,C,0
24,chapter_all_gpt-4o-mini_all,Celine Varens,I,0
24,chapter_all_gpt-4o-mini_all,Celine Varens,DN,0
24,chapter_all_gpt-4o-mini_all,Celine Varens,DC,0
32,chapter_all_gpt-4o-mini_all,St. John Rivers,N,10
32,chapter_all_gpt-4o-mini_all,St. John Rivers,A,5
32,chapter_all_gpt-4o-mini_all,St. John Rivers,C,3
32,chapter_all_gpt-4o-mini_all,St. John Rivers,I,22
32,chapter_all_gpt-4o-mini_all,St. John Rivers,DN,6
32,chapter_all_gpt-4o-mini_all,St. John Rivers,DC,6
32,chapter_all_gpt-4o-mini_all,Diana Rivers,N,0
32,chapter_all_gpt-4o-mini_all,Diana Rivers,A,0
32,chapter_all_gpt-4o-mini_all,Diana Rivers,C,0
32,chapter_all_gpt-4o-mini_all,Diana Rivers,I,0
32,chapter_all_gpt-4o-mini_all,Diana Rivers,DN,0
32,chapter_all_gpt-4o-mini_all,Diana Rivers,DC,0
32,chapter_all_gpt-4o-mini_all,Mr. Oliver,N,6
32,chapter_all_gpt-4o-mini_all,Mr. Oliver,A,2
32,chapter_all_gpt-4o-mini_all,Mr. Oliver,C,3
32,chapter_all_gpt-4o-mini_all,Mr. Oliver,I,2
32,chapter_all_gpt-4o-mini_all,Mr. Oliver,DN,1
32,chapter_all_gpt-4o-mini_all,Mr. Oliver,DC,3
32,chapter_all_gpt-4o-mini_all,Mr. Rochester,N,6
32,chapter_all_gpt-4o-mini_all,Mr. Rochester,A,10
32,chapter_all_gpt-4o-mini_all,Mr. Rochester,C,3
32,chapter_all_gpt-4o-mini_all,Mr. Rochester,I,1
32,chapter_all_gpt-4o-mini_all,Mr. Rochester,DN,2
32,chapter_all_gpt-4o-mini_all,Mr. Rochester,DC,1
32,chapter_all_gpt-4o-mini_all,Mary Rivers,N,0
32,chapter_all_gpt-4o-mini_all,Mary Rivers,A,0
32,chapter_all_gpt-4o-mini_all,Mary Rivers,C,0
32,chapter_all_gpt-4o-mini_all,Mary Rivers,I,0
32,chapter_all_gpt-4o-mini_all,Mary Rivers,DN,0
32,chapter_all_gpt-4o-mini_all,Mary Rivers,DC,0
32,chapter_all_gpt-4o-mini_all,Adele,N,0
32,chapter_all_gpt-4o-mini_all,Adele,A,0
32,chapter_all_gpt-4o-mini_all,Adele,C,0
32,chapter_all_gpt-4o-mini_all,Adele,I,0
32,chapter_all_gpt-4o-mini_all,Adele,DN,0
32,chapter_all_gpt-4o-mini_all,Adele,DC,0
26,chapter_all_gpt-4o-mini_all,Grace Poole,N,6
26,chapter_all_gpt-4o-mini_all,Grace Poole,A,3
26,chapter_all_gpt-4o-mini_all,Grace Poole,C,1
26,chapter_all_gpt-4o-mini_all,Grace Poole,I,0
26,chapter_all_gpt-4o-mini_all,Grace Poole,DN,1
26,chapter_all_gpt-4o-mini_all,Grace Poole,DC,2
26,chapter_all_gpt-4o-mini_all,Mr. Rochester,N,22
26,chapter_all_gpt-4o-mini_all,Mr. Rochester,A,10
26,chapter_all_gpt-4o-mini_all,Mr. Rochester,C,6
26,chapter_all_gpt-4o-mini_all,Mr. Rochester,I,12
26,chapter_all_gpt-4o-mini_all,Mr. Rochester,DN,15
26,chapter_all_gpt-4o-mini_all,Mr. Rochester,DC,9
26,chapter_all_gpt-4o-mini_all,Richard Mason,N,6
26,chapter_all_gpt-4o-mini_all,Richard Mason,A,0
26,chapter_all_gpt-4o-mini_all,Richard Mason,C,2
26,chapter_all_gpt-4o-mini_all,Richard Mason,I,1
26,chapter_all_gpt-4o-mini_all,Richard Mason,DN,0
26,chapter_all_gpt-4o-mini_all,Richard Mason,DC,3
26,chapter_all_gpt-4o-mini_all,Bertha Mason,N,5
26,chapter_all_gpt-4o-mini_all,Bertha Mason,A,4
26,chapter_all_gpt-4o-mini_all,Bertha Mason,C,3
26,chapter_all_gpt-4o-mini_all,Bertha Mason,I,0
26,chapter_all_gpt-4o-mini_all,Bertha Mason,DN,1
26,chapter_all_gpt-4o-mini_all,Bertha Mason,DC,0
26,chapter_all_gpt-4o-mini_all,Mr. Wood,N,5
26,chapter_all_gpt-4o-mini_all,Mr. Wood,A,0
26,chapter_all_gpt-4o-mini_all,Mr. Wood,C,0
26,chapter_all_gpt-4o-mini_all,Mr. Wood,I,0
26,chapter_all_gpt-4o-mini_all,Mr. Wood,DN,0
26,chapter_all_gpt-4o-mini_all,Mr. Wood,DC,5
26,chapter_all_gpt-4o-mini_all,Jane,N,13
26,chapter_all_gpt-4o-mini_all,Jane,A,5
26,chapter_all_gpt-4o-mini_all,Jane,C,3
26,chapter_all_gpt-4o-mini_all,Jane,I,22
26,chapter_all_gpt-4o-mini_all,Jane,DN,4
26,chapter_all_gpt-4o-mini_all,Jane,DC,6
26,chapter_all_gpt-4o-mini_all,Mr. Briggs,N,6
26,chapter_all_gpt-4o-mini_all,Mr. Briggs,A,0
26,chapter_all_gpt-4o-mini_all,Mr. Briggs,C,1
26,chapter_all_gpt-4o-mini_all,Mr. Briggs,I,1
26,chapter_all_gpt-4o-mini_all,Mr. Briggs,DN,1
26,chapter_all_gpt-4o-mini_all,Mr. Briggs,DC,2
26,chapter_all_gpt-4o-mini_all,Adele,N,3
26,chapter_all_gpt-4o-mini_all,Adele,A,0
26,chapter_all_gpt-4o-mini_all,Adele,C,0
26,chapter_all_gpt-4o-mini_all,Adele,I,0
26,chapter_all_gpt-4o-mini_all,Adele,DN,0
26,chapter_all_gpt-4o-mini_all,Adele,DC,2
26,chapter_all_gpt-4o-mini_all,Mr. Mason,N,0
26,chapter_all_gpt-4o-mini_all,Mr. Mason,A,0
26,chapter_all_gpt-4o-mini_all,Mr. Mason,C,0
26,chapter_all_gpt-4o-mini_all,Mr. Mason,I,0
26,chapter_all_gpt-4o-mini_all,Mr. Mason,DN,0
26,chapter_all_gpt-4o-mini_all,Mr. Mason,DC,0
26,chapter_all_gpt-4o-mini_all,Mrs. Fairfax,N,3
26,chapter_all_gpt-4o-mini_all,Mrs. Fairfax,A,0
26,chapter_all_gpt-4o-mini_all,Mrs. Fairfax,C,0
26,chapter_all_gpt-4o-mini_all,Mrs. Fairfax,I,0
26,chapter_all_gpt-4o-mini_all,Mrs. Fairfax,DN,0
26,chapter_all_gpt-4o-mini_all,Mrs. Fairfax,DC,2
27,chapter_all_gpt-4o-mini_all,Grace Poole,N,4
27,chapter_all_gpt-4o-mini_all,Grace Poole,A,2
27,chapter_all_gpt-4o-mini_all,Grace Poole,C,1
27,chapter_all_gpt-4o-mini_all,Grace Poole,I,0
27,chapter_all_gpt-4o-mini_all,Grace Poole,DN,2
27,chapter_all_gpt-4o-mini_all,Grace Poole,DC,1
27,chapter_all_gpt-4o-mini_all,Mr. Rochester,N,31
27,chapter_all_gpt-4o-mini_all,Mr. Rochester,A,19
27,chapter_all_gpt-4o-mini_all,Mr. Rochester,C,16
27,chapter_all_gpt-4o-mini_all,Mr. Rochester,I,21
27,chapter_all_gpt-4o-mini_all,Mr. Rochester,DN,15
27,chapter_all_gpt-4o-mini_all,Mr. Rochester,DC,10
27,chapter_all_gpt-4o-mini_all,Bertha Mason,N,7
27,chapter_all_gpt-4o-mini_all,Bertha Mason,A,0
27,chapter_all_gpt-4o-mini_all,Bertha Mason,C,1
27,chapter_all_gpt-4o-mini_all,Bertha Mason,I,6
27,chapter_all_gpt-4o-mini_all,Bertha Mason,DN,5
27,chapter_all_gpt-4o-mini_all,Bertha Mason,DC,3
27,chapter_all_gpt-4o-mini_all,Jane,N,43
27,chapter_all_gpt-4o-mini_all,Jane,A,6
27,chapter_all_gpt-4o-mini_all,Jane,C,9
27,chapter_all_gpt-4o-mini_all,Jane,I,19
27,chapter_all_gpt-4o-mini_all,Jane,DN,8
27,chapter_all_gpt-4o-mini_all,Jane,DC,5
27,chapter_all_gpt-4o-mini_all,Mr. Mason,N,0
27,chapter_all_gpt-4o-mini_all,Mr. Mason,A,0
27,chapter_all_gpt-4o-mini_all,Mr. Mason,C,0
27,chapter_all_gpt-4o-mini_all,Mr. Mason,I,0
27,chapter_all_gpt-4o-mini_all,Mr. Mason,DN,0
27,chapter_all_gpt-4o-mini_all,Mr. Mason,DC,0
27,chapter_all_gpt-4o-mini_all,Mrs. Fairfax,N,2
27,chapter_all_gpt-4o-mini_all,Mrs. Fairfax,A,0
27,chapter_all_gpt-4o-mini_all,Mrs. Fairfax,C,1
27,chapter_all_gpt-4o-mini_all,Mrs. Fairfax,I,0
27,chapter_all_gpt-4o-mini_all,Mrs. Fairfax,DN,1
27,chapter_all_gpt-4o-mini_all,Mrs. Fairfax,DC,0
33,chapter_all_gpt-4o-mini_all,St. John Rivers,N,15
33,chapter_all_gpt-4o-mini_all,St. John Rivers,A,8
33,chapter_all_gpt-4o-mini_all,St. John Rivers,C,12
33,chapter_all_gpt-4o-mini_all,St. John Rivers,I,24
33,chapter_all_gpt-4o-mini_all,St. John Rivers,DN,8
33,chapter_all_gpt-4o-mini_all,St. John Rivers,DC,9
33,chapter_all_gpt-4o-mini_all,Celine,N,0
33,chapter_all_gpt-4o-mini_all,Celine,A,0
33,chapter_all_gpt-4o-mini_all,Celine,C,0
33,chapter_all_gpt-4o-mini_all,Celine,I,0
33,chapter_all_gpt-4o-mini_all,Celine,DN,0
33,chapter_all_gpt-4o-mini_all,Celine,DC,0
33,chapter_all_gpt-4o-mini_all,Mr. Oliver,N,0
33,chapter_all_gpt-4o-mini_all,Mr. Oliver,A,0
33,chapter_all_gpt-4o-mini_all,Mr. Oliver,C,0
33,chapter_all_gpt-4o-mini_all,Mr. Oliver,I,0
33,chapter_all_gpt-4o-mini_all,Mr. Oliver,DN,0
33,chapter_all_gpt-4o-mini_all,Mr. Oliver,DC,0
33,chapter_all_gpt-4o-mini_all,Diana Rivers,N,6
33,chapter_all_gpt-4o-mini_all,Diana Rivers,A,0
33,chapter_all_gpt-4o-mini_all,Diana Rivers,C,1
33,chapter_all_gpt-4o-mini_all,Diana Rivers,I,0
33,chapter_all_gpt-4o-mini_all,Diana Rivers,DN,3
33,chapter_all_gpt-4o-mini_all,Diana Rivers,DC,2
33,chapter_all_gpt-4o-mini_all,Helen Burns,N,0
33,chapter_all_gpt-4o-mini_all,Helen Burns,A,0
33,chapter_all_gpt-4o-mini_all,Helen Burns,C,0
33,chapter_all_gpt-4o-mini_all,Helen Burns,I,0
33,chapter_all_gpt-4o-mini_all,Helen Burns,DN,0
33,chapter_all_gpt-4o-mini_all,Helen Burns,DC,0
33,chapter_all_gpt-4o-mini_all,Mr. Rochester,N,10
33,chapter_all_gpt-4o-mini_all,Mr. Rochester,A,0
33,chapter_all_gpt-4o-mini_all,Mr. Rochester,C,2
33,chapter_all_gpt-4o-mini_all,Mr. Rochester,I,4
33,chapter_all_gpt-4o-mini_all,Mr. Rochester,DN,3
33,chapter_all_gpt-4o-mini_all,Mr. Rochester,DC,5
33,chapter_all_gpt-4o-mini_all,Mary Rivers,N,6
33,chapter_all_gpt-4o-mini_all,Mary Rivers,A,0
33,chapter_all_gpt-4o-mini_all,Mary Rivers,C,1
33,chapter_all_gpt-4o-mini_all,Mary Rivers,I,0
33,chapter_all_gpt-4o-mini_all,Mary Rivers,DN,3
33,chapter_all_gpt-4o-mini_all,Mary Rivers,DC,2
33,chapter_all_gpt-4o-mini_all,Bertha Mason,N,0
33,chapter_all_gpt-4o-mini_all,Bertha Mason,A,0
33,chapter_all_gpt-4o-mini_all,Bertha Mason,C,0
33,chapter_all_gpt-4o-mini_all,Bertha Mason,I,0
33,chapter_all_gpt-4o-mini_all,Bertha Mason,DN,0
33,chapter_all_gpt-4o-mini_all,Bertha Mason,DC,0
33,chapter_all_gpt-4o-mini_all,Mr. Briggs,N,4
33,chapter_all_gpt-4o-mini_all,Mr. Briggs,A,0
33,chapter_all_gpt-4o-mini_all,Mr. Briggs,C,1
33,chapter_all_gpt-4o-mini_all,Mr. Briggs,I,0
33,chapter_all_gpt-4o-mini_all,Mr. Briggs,DN,1
33,chapter_all_gpt-4o-mini_all,Mr. Briggs,DC,2
33,chapter_all_gpt-4o-mini_all,Adele,N,0
33,chapter_all_gpt-4o-mini_all,Adele,A,0
33,chapter_all_gpt-4o-mini_all,Adele,C,0
33,chapter_all_gpt-4o-mini_all,Adele,I,0
33,chapter_all_gpt-4o-mini_all,Adele,DN,0
33,chapter_all_gpt-4o-mini_all,Adele,DC,0
33,chapter_all_gpt-4o-mini_all,Mrs. Reed,N,0
33,chapter_all_gpt-4o-mini_all,Mrs. Reed,A,0
33,chapter_all_gpt-4o-mini_all,Mrs. Reed,C,0
33,chapter_all_gpt-4o-mini_all,Mrs. Reed,I,0
33,chapter_all_gpt-4o-mini_all,Mrs. Reed,DN,0
33,chapter_all_gpt-4o-mini_all,Mrs. Reed,DC,0
33,chapter_all_gpt-4o-mini_all,Reed,N,0
33,chapter_all_gpt-4o-mini_all,Reed,A,0
33,chapter_all_gpt-4o-mini_all,Reed,C,0
33,chapter_all_gpt-4o-mini_all,Reed,I,0
33,chapter_all_gpt-4o-mini_all,Reed,DN,0
33,chapter_all_gpt-4o-mini_all,Reed,DC,0
33,chapter_all_gpt-4o-mini_all,Celine Varens,N,0
33,chapter_all_gpt-4o-mini_all,Celine Varens,A,0
33,chapter_all_gpt-4o-mini_all,Celine Varens,C,0
33,chapter_all_gpt-4o-mini_all,Celine Varens,I,0
33,chapter_all_gpt-4o-mini_all,Celine Varens,DN,0
33,chapter_all_gpt-4o-mini_all,Celine Varens,DC,0
33,chapter_all_gpt-4o-mini_all,Jane,N,13
33,chapter_all_gpt-4o-mini_all,Jane,A,0
33,chapter_all_gpt-4o-mini_all,Jane,C,6
33,chapter_all_gpt-4o-mini_all,Jane,I,25
33,chapter_all_gpt-4o-mini_all,Jane,DN,8
33,chapter_all_gpt-4o-mini_all,Jane,DC,6
37,chapter_all_gpt-4o-mini_all,St. John Rivers,N,7
37,chapter_all_gpt-4o-mini_all,St. John Rivers,A,0
37,chapter_all_gpt-4o-mini_all,St. John Rivers,C,5
37,chapter_all_gpt-4o-mini_all,St. John Rivers,I,0
37,chapter_all_gpt-4o-mini_all,St. John Rivers,DN,3
37,chapter_all_gpt-4o-mini_all,St. John Rivers,DC,4
37,chapter_all_gpt-4o-mini_all,Mr. Rochester,N,20
37,chapter_all_gpt-4o-mini_all,Mr. Rochester,A,22
37,chapter_all_gpt-4o-mini_all,Mr. Rochester,C,11
37,chapter_all_gpt-4o-mini_all,Mr. Rochester,I,37
37,chapter_all_gpt-4o-mini_all,Mr. Rochester,DN,15
37,chapter_all_gpt-4o-mini_all,Mr. Rochester,DC,14
37,chapter_all_gpt-4o-mini_all,Jane,N,22
37,chapter_all_gpt-4o-mini_all,Jane,A,22
37,chapter_all_gpt-4o-mini_all,Jane,C,14
37,chapter_all_gpt-4o-mini_all,Jane,I,28
37,chapter_all_gpt-4o-mini_all,Jane,DN,16
37,chapter_all_gpt-4o-mini_all,Jane,DC,10
37,chapter_all_gpt-4o-mini_all,Adele,N,0
37,chapter_all_gpt-4o-mini_all,Adele,A,0
37,chapter_all_gpt-4o-mini_all,Adele,C,0
37,chapter_all_gpt-4o-mini_all,Adele,I,0
37,chapter_all_gpt-4o-mini_all,Adele,DN,0
37,chapter_all_gpt-4o-mini_all,Adele,DC,0
37,chapter_all_gpt-4o-mini_all,Mrs. Fairfax,N,0
37,chapter_all_gpt-4o-mini_all,Mrs. Fairfax,A,0
37,chapter_all_gpt-4o-mini_all,Mrs. Fairfax,C,0
37,chapter_all_gpt-4o-mini_all,Mrs. Fairfax,I,0
37,chapter_all_gpt-4o-mini_all,Mrs. Fairfax,DN,0
37,chapter_all_gpt-4o-mini_all,Mrs. Fairfax,DC,0
23,chapter_all_gpt-4o-mini_all,Mr. Rochester,N,25
23,chapter_all_gpt-4o-mini_all,Mr. Rochester,A,21
23,chapter_all_gpt-4o-mini_all,Mr. Rochester,C,8
23,chapter_all_gpt-4o-mini_all,Mr. Rochester,I,14
23,chapter_all_gpt-4o-mini_all,Mr. Rochester,DN,11
23,chapter_all_gpt-4o-mini_all,Mr. Rochester,DC,10
23,chapter_all_gpt-4o-mini_all,Bertha Mason,N,0
23,chapter_all_gpt-4o-mini_all,Bertha Mason,A,0
23,chapter_all_gpt-4o-mini_all,Bertha Mason,C,0
23,chapter_all_gpt-4o-mini_all,Bertha Mason,I,0
23,chapter_all_gpt-4o-mini_all,Bertha Mason,DN,0
23,chapter_all_gpt-4o-mini_all,Bertha Mason,DC,0
23,chapter_all_gpt-4o-mini_all,Mrs. Fairfax,N,2
23,chapter_all_gpt-4o-mini_all,Mrs. Fairfax,A,0
23,chapter_all_gpt-4o-mini_all,Mrs. Fairfax,C,1
23,chapter_all_gpt-4o-mini_all,Mrs. Fairfax,I,0
23,chapter_all_gpt-4o-mini_all,Mrs. Fairfax,DN,0
23,chapter_all_gpt-4o-mini_all,Mrs. Fairfax,DC,1
22,chapter_all_gpt-4o-mini_all,Mr. Rochester,N,10
22,chapter_all_gpt-4o-mini_all,Mr. Rochester,A,6
22,chapter_all_gpt-4o-mini_all,Mr. Rochester,C,5
22,chapter_all_gpt-4o-mini_all,Mr. Rochester,I,7
22,chapter_all_gpt-4o-mini_all,Mr. Rochester,DN,3
22,chapter_all_gpt-4o-mini_all,Mr. Rochester,DC,5
22,chapter_all_gpt-4o-mini_all,Mrs. Fairfax,N,5
22,chapter_all_gpt-4o-mini_all,Mrs. Fairfax,A,1
22,chapter_all_gpt-4o-mini_all,Mrs. Fairfax,C,2
22,chapter_all_gpt-4o-mini_all,Mrs. Fairfax,I,1
22,chapter_all_gpt-4o-mini_all,Mrs. Fairfax,DN,1
22,chapter_all_gpt-4o-mini_all,Mrs. Fairfax,DC,2
22,chapter_all_gpt-4o-mini_all,Georgiana,N,5
22,chapter_all_gpt-4o-mini_all,Georgiana,A,2
22,chapter_all_gpt-4o-mini_all,Georgiana,C,3
22,chapter_all_gpt-4o-mini_all,Georgiana,I,1
22,chapter_all_gpt-4o-mini_all,Georgiana,DN,2
22,chapter_all_gpt-4o-mini_all,Georgiana,DC,1
22,chapter_all_gpt-4o-mini_all,Mrs. Reed,N,0
22,chapter_all_gpt-4o-mini_all,Mrs. Reed,A,0
22,chapter_all_gpt-4o-mini_all,Mrs. Reed,C,0
22,chapter_all_gpt-4o-mini_all,Mrs. Reed,I,0
22,chapter_all_gpt-4o-mini_all,Mrs. Reed,DN,0
22,chapter_all_gpt-4o-mini_all,Mrs. Reed,DC,0
22,chapter_all_gpt-4o-mini_all,Reed,N,0
22,chapter_all_gpt-4o-mini_all,Reed,A,0
22,chapter_all_gpt-4o-mini_all,Reed,C,0
22,chapter_all_gpt-4o-mini_all,Reed,I,0
22,chapter_all_gpt-4o-mini_all,Reed,DN,0
22,chapter_all_gpt-4o-mini_all,Reed,DC,0
22,chapter_all_gpt-4o-mini_all,Eliza Reed,N,4
22,chapter_all_gpt-4o-mini_all,Eliza Reed,A,4
22,chapter_all_gpt-4o-mini_all,Eliza Reed,C,2
22,chapter_all_gpt-4o-mini_all,Eliza Reed,I,1
22,chapter_all_gpt-4o-mini_all,Eliza Reed,DN,2
22,chapter_all_gpt-4o-mini_all,Eliza Reed,DC,1
22,chapter_all_gpt-4o-mini_all,Mr. Gibson,N,0
22,chapter_all_gpt-4o-mini_all,Mr. Gibson,A,0
22,chapter_all_gpt-4o-mini_all,Mr. Gibson,C,0
22,chapter_all_gpt-4o-mini_all,Mr. Gibson,I,0
22,chapter_all_gpt-4o-mini_all,Mr. Gibson,DN,0
22,chapter_all_gpt-4o-mini_all,Mr. Gibson,DC,0
22,chapter_all_gpt-4o-mini_all,Georgiana Reed,N,0
22,chapter_all_gpt-4o-mini_all,Georgiana Reed,A,0
22,chapter_all_gpt-4o-mini_all,Georgiana Reed,C,0
22,chapter_all_gpt-4o-mini_all,Georgiana Reed,I,0
22,chapter_all_gpt-4o-mini_all,Georgiana Reed,DN,0
22,chapter_all_gpt-4o-mini_all,Georgiana Reed,DC,0
22,chapter_all_gpt-4o-mini_all,Blanche Ingram,N,1
22,chapter_all_gpt-4o-mini_all,Blanche Ingram,A,0
22,chapter_all_gpt-4o-mini_all,Blanche Ingram,C,1
22,chapter_all_gpt-4o-mini_all,Blanche Ingram,I,1
22,chapter_all_gpt-4o-mini_all,Blanche Ingram,DN,0
22,chapter_all_gpt-4o-mini_all,Blanche Ingram,DC,1
22,chapter_all_gpt-4o-mini_all,Jane,N,7
22,chapter_all_gpt-4o-mini_all,Jane,A,3
22,chapter_all_gpt-4o-mini_all,Jane,C,6
22,chapter_all_gpt-4o-mini_all,Jane,I,10
22,chapter_all_gpt-4o-mini_all,Jane,DN,2
22,chapter_all_gpt-4o-mini_all,Jane,DC,3
36,chapter_all_gpt-4o-mini_all,St. John Rivers,N,5
36,chapter_all_gpt-4o-mini_all,St. John Rivers,A,4
36,chapter_all_gpt-4o-mini_all,St. John Rivers,C,2
36,chapter_all_gpt-4o-mini_all,St. John Rivers,I,3
36,chapter_all_gpt-4o-mini_all,St. John Rivers,DN,1
36,chapter_all_gpt-4o-mini_all,St. John Rivers,DC,1
36,chapter_all_gpt-4o-mini_all,Diana Rivers,N,3
36,chapter_all_gpt-4o-mini_all,Diana Rivers,A,0
36,chapter_all_gpt-4o-mini_all,Diana Rivers,C,1
36,chapter_all_gpt-4o-mini_all,Diana Rivers,I,0
36,chapter_all_gpt-4o-mini_all,Diana Rivers,DN,1
36,chapter_all_gpt-4o-mini_all,Diana Rivers,DC,2
36,chapter_all_gpt-4o-mini_all,Mr. Carter,N,1
36,chapter_all_gpt-4o-mini_all,Mr. Carter,A,0
36,chapter_all_gpt-4o-mini_all,Mr. Carter,C,0
36,chapter_all_gpt-4o-mini_all,Mr. Carter,I,0
36,chapter_all_gpt-4o-mini_all,Mr. Carter,DN,0
36,chapter_all_gpt-4o-mini_all,Mr. Carter,DC,1
36,chapter_all_gpt-4o-mini_all,Mr. Rochester,N,12
36,chapter_all_gpt-4o-mini_all,Mr. Rochester,A,4
36,chapter_all_gpt-4o-mini_all,Mr. Rochester,C,2
36,chapter_all_gpt-4o-mini_all,Mr. Rochester,I,5
36,chapter_all_gpt-4o-mini_all,Mr. Rochester,DN,4
36,chapter_all_gpt-4o-mini_all,Mr. Rochester,DC,5
36,chapter_all_gpt-4o-mini_all,Mary Rivers,N,3
36,chapter_all_gpt-4o-mini_all,Mary Rivers,A,0
36,chapter_all_gpt-4o-mini_all,Mary Rivers,C,1
36,chapter_all_gpt-4o-mini_all,Mary Rivers,I,0
36,chapter_all_gpt-4o-mini_all,Mary Rivers,DN,1
36,chapter_all_gpt-4o-mini_all,Mary Rivers,DC,2
36,chapter_all_gpt-4o-mini_all,Bertha Mason,N,6
36,chapter_all_gpt-4o-mini_all,Bertha Mason,A,2
36,chapter_all_gpt-4o-mini_all,Bertha Mason,C,0
36,chapter_all_gpt-4o-mini_all,Bertha Mason,I,0
36,chapter_all_gpt-4o-mini_all,Bertha Mason,DN,1
36,chapter_all_gpt-4o-mini_all,Bertha Mason,DC,2
36,chapter_all_gpt-4o-mini_all,Adele,N,1
36,chapter_all_gpt-4o-mini_all,Adele,A,0
36,chapter_all_gpt-4o-mini_all,Adele,C,0
36,chapter_all_gpt-4o-mini_all,Adele,I,0
36,chapter_all_gpt-4o-mini_all,Adele,DN,0
36,chapter_all_gpt-4o-mini_all,Adele,DC,1
36,chapter_all_gpt-4o-mini_all,John (servant),N,1
36,chapter_all_gpt-4o-mini_all,John (servant),A,0
36,chapter_all_gpt-4o-mini_all,John (servant),C,0
36,chapter_all_gpt-4o-mini_all,John (servant),I,0
36,chapter_all_gpt-4o-mini_all,John (servant),DN,0
36,chapter_all_gpt-4o-mini_all,John (servant),DC,1
36,chapter_all_gpt-4o-mini_all,Mrs. Fairfax,N,5
36,chapter_all_gpt-4o-mini_all,Mrs. Fairfax,A,1
36,chapter_all_gpt-4o-mini_all,Mrs. Fairfax,C,0
36,chapter_all_gpt-4o-mini_all,Mrs. Fairfax,I,0
36,chapter_all_gpt-4o-mini_all,Mrs. Fairfax,DN,1
36,chapter_all_gpt-4o-mini_all,Mrs. Fairfax,DC,2
20,chapter_all_gpt-4o-mini_all,Grace Poole,N,3
20,chapter_all_gpt-4o-mini_all,Grace Poole,A,0
20,chapter_all_gpt-4o-mini_all,Grace Poole,C,1
20,chapter_all_gpt-4o-mini_all,Grace Poole,I,1
20,chapter_all_gpt-4o-mini_all,Grace Poole,DN,4
20,chapter_all_gpt-4o-mini_all,Grace Poole,DC,1
20,chapter_all_gpt-4o-mini_all,Colonel Dent,N,1
20,chapter_all_gpt-4o-mini_all,Colonel Dent,A,0
20,chapter_all_gpt-4o-mini_all,Colonel Dent,C,1
20,chapter_all_gpt-4o-mini_all,Colonel Dent,I,0
20,chapter_all_gpt-4o-mini_all,Colonel Dent,DN,1
20,chapter_all_gpt-4o-mini_all,Colonel Dent,DC,1
20,chapter_all_gpt-4o-mini_all,Mr. Carter,N,0
20,chapter_all_gpt-4o-mini_all,Mr. Carter,A,0
20,chapter_all_gpt-4o-mini_all,Mr. Carter,C,0
20,chapter_all_gpt-4o-mini_all,Mr. Carter,I,0
20,chapter_all_gpt-4o-mini_all,Mr. Carter,DN,0
20,chapter_all_gpt-4o-mini_all,Mr. Carter,DC,0
20,chapter_all_gpt-4o-mini_all,Mr. Rochester,N,22
20,chapter_all_gpt-4o-mini_all,Mr. Rochester,A,17
20,chapter_all_gpt-4o-mini_all,Mr. Rochester,C,6
20,chapter_all_gpt-4o-mini_all,Mr. Rochester,I,9
20,chapter_all_gpt-4o-mini_all,Mr. Rochester,DN,14
20,chapter_all_gpt-4o-mini_all,Mr. Rochester,DC,9
20,chapter_all_gpt-4o-mini_all,Jane,N,24
20,chapter_all_gpt-4o-mini_all,Jane,A,7
20,chapter_all_gpt-4o-mini_all,Jane,C,5
20,chapter_all_gpt-4o-mini_all,Jane,I,22
20,chapter_all_gpt-4o-mini_all,Jane,DN,16
20,chapter_all_gpt-4o-mini_all,Jane,DC,11
20,chapter_all_gpt-4o-mini_all,Mr. Mason,N,11
20,chapter_all_gpt-4o-mini_all,Mr. Mason,A,4
20,chapter_all_gpt-4o-mini_all,Mr. Mason,C,2
20,chapter_all_gpt-4o-mini_all,Mr. Mason,I,3
20,chapter_all_gpt-4o-mini_all,Mr. Mason,DN,7
20,chapter_all_gpt-4o-mini_all,Mr. Mason,DC,5
20,chapter_all_gpt-4o-mini_all,Mrs. Fairfax,N,0
20,chapter_all_gpt-4o-mini_all,Mrs. Fairfax,A,0
20,chapter_all_gpt-4o-mini_all,Mrs. Fairfax,C,0
20,chapter_all_gpt-4o-mini_all,Mrs. Fairfax,I,0
20,chapter_all_gpt-4o-mini_all,Mrs. Fairfax,DN,0
20,chapter_all_gpt-4o-mini_all,Mrs. Fairfax,DC,0
34,chapter_all_gpt-4o-mini_all,Hannah,N,5
34,chapter_all_gpt-4o-mini_all,Hannah,A,6
34,chapter_all_gpt-4o-mini_all,Hannah,C,2
34,chapter_all_gpt-4o-mini_all,Hannah,I,2
34,chapter_all_gpt-4o-mini_all,Hannah,DN,5
34,chapter_all_gpt-4o-mini_all,Hannah,DC,3
34,chapter_all_gpt-4o-mini_all,Diana Rivers,N,8
34,chapter_all_gpt-4o-mini_all,Diana Rivers,A,0
34,chapter_all_gpt-4o-mini_all,Diana Rivers,C,3
34,chapter_all_gpt-4o-mini_all,Diana Rivers,I,0
34,chapter_all_gpt-4o-mini_all,Diana Rivers,DN,0
34,chapter_all_gpt-4o-mini_all,Diana Rivers,DC,0
34,chapter_all_gpt-4o-mini_all,Mary Rivers,N,6
34,chapter_all_gpt-4o-mini_all,Mary Rivers,A,0
34,chapter_all_gpt-4o-mini_all,Mary Rivers,C,3
34,chapter_all_gpt-4o-mini_all,Mary Rivers,I,0
34,chapter_all_gpt-4o-mini_all,Mary Rivers,DN,0
34,chapter_all_gpt-4o-mini_all,Mary Rivers,DC,0
34,chapter_all_gpt-4o-mini_all,Mr. Briggs,N,0
34,chapter_all_gpt-4o-mini_all,Mr. Briggs,A,0
34,chapter_all_gpt-4o-mini_all,Mr. Briggs,C,0
34,chapter_all_gpt-4o-mini_all,Mr. Briggs,I,0
34,chapter_all_gpt-4o-mini_all,Mr. Briggs,DN,0
34,chapter_all_gpt-4o-mini_all,Mr. Briggs,DC,0
34,chapter_all_gpt-4o-mini_all,Mr. Rivers,N,8
34,chapter_all_gpt-4o-mini_all,Mr. Rivers,A,3
34,chapter_all_gpt-4o-mini_all,Mr. Rivers,C,2
34,chapter_all_gpt-4o-mini_all,Mr. Rivers,I,4
34,chapter_all_gpt-4o-mini_all,Mr. Rivers,DN,3
34,chapter_all_gpt-4o-mini_all,Mr. Rivers,DC,3
34,chapter_all_gpt-4o-mini_all,Mr. Granby,N,0
34,chapter_all_gpt-4o-mini_all,Mr. Granby,A,0
34,chapter_all_gpt-4o-mini_all,Mr. Granby,C,0
34,chapter_all_gpt-4o-mini_all,Mr. Granby,I,0
34,chapter_all_gpt-4o-mini_all,Mr. Granby,DN,0
34,chapter_all_gpt-4o-mini_all,Mr. Granby,DC,0
34,chapter_all_gpt-4o-mini_all,Jane,N,19
34,chapter_all_gpt-4o-mini_all,Jane,A,14
34,chapter_all_gpt-4o-mini_all,Jane,C,12
34,chapter_all_gpt-4o-mini_all,Jane,I,27
34,chapter_all_gpt-4o-mini_all,Jane,DN,5
34,chapter_all_gpt-4o-mini_all,Jane,DC,5
34,chapter_all_gpt-4o-mini_all,Sir Frederic Granby,N,0
34,chapter_all_gpt-4o-mini_all,Sir Frederic Granby,A,0
34,chapter_all_gpt-4o-mini_all,Sir Frederic Granby,C,0
34,chapter_all_gpt-4o-mini_all,Sir Frederic Granby,I,0
34,chapter_all_gpt-4o-mini_all,Sir Frederic Granby,DN,0
34,chapter_all_gpt-4o-mini_all,Sir Frederic Granby,DC,0
35,chapter_all_gpt-4o-mini_all,St. John Rivers,N,14
35,chapter_all_gpt-4o-mini_all,St. John Rivers,A,26
35,chapter_all_gpt-4o-mini_all,St. John Rivers,C,9
35,chapter_all_gpt-4o-mini_all,St. John Rivers,I,29
35,chapter_all_gpt-4o-mini_all,St. John Rivers,DN,18
35,chapter_all_gpt-4o-mini_all,St. John Rivers,DC,11
35,chapter_all_gpt-4o-mini_all,Diana Rivers,N,5
35,chapter_all_gpt-4o-mini_all,Diana Rivers,A,0
35,chapter_all_gpt-4o-mini_all,Diana Rivers,C,2
35,chapter_all_gpt-4o-mini_all,Diana Rivers,I,5
35,chapter_all_gpt-4o-mini_all,Diana Rivers,DN,1
35,chapter_all_gpt-4o-mini_all,Diana Rivers,DC,3
35,chapter_all_gpt-4o-mini_all,Mary Rivers,N,0
35,chapter_all_gpt-4o-mini_all,Mary Rivers,A,0
35,chapter_all_gpt-4o-mini_all,Mary Rivers,C,0
35,chapter_all_gpt-4o-mini_all,Mary Rivers,I,0
35,chapter_all_gpt-4o-mini_all,Mary Rivers,DN,0
35,chapter_all_gpt-4o-mini_all,Mary Rivers,DC,0
35,chapter_all_gpt-4o-mini_all,Mr. Rochester,N,5
35,chapter_all_gpt-4o-mini_all,Mr. Rochester,A,0
35,chapter_all_gpt-4o-mini_all,Mr. Rochester,C,0
35,chapter_all_gpt-4o-mini_all,Mr. Rochester,I,7
35,chapter_all_gpt-4o-mini_all,Mr. Rochester,DN,0
35,chapter_all_gpt-4o-mini_all,Mr. Rochester,DC,2
35,chapter_all_gpt-4o-mini_all,Jane,N,28
35,chapter_all_gpt-4o-mini_all,Jane,A,18
35,chapter_all_gpt-4o-mini_all,Jane,C,9
35,chapter_all_gpt-4o-mini_all,Jane,I,20
35,chapter_all_gpt-4o-mini_all,Jane,DN,11
35,chapter_all_gpt-4o-mini_all,Jane,DC,9
21,chapter_all_gpt-4o-mini_all,St. John Rivers,N,0
21,chapter_all_gpt-4o-mini_all,St. John Rivers,A,0
21,chapter_all_gpt-4o-mini_all,St. John Rivers,C,0
21,chapter_all_gpt-4o-mini_all,St. John Rivers,I,0
21,chapter_all_gpt-4o-mini_all,St. John Rivers,DN,0
21,chapter_all_gpt-4o-mini_all,St. John Rivers,DC,0
21,chapter_all_gpt-4o-mini_all,Diana Rivers,N,0
21,chapter_all_gpt-4o-mini_all,Diana Rivers,A,0
21,chapter_all_gpt-4o-mini_all,Diana Rivers,C,0
21,chapter_all_gpt-4o-mini_all,Diana Rivers,I,0
21,chapter_all_gpt-4o-mini_all,Diana Rivers,DN,0
21,chapter_all_gpt-4o-mini_all,Diana Rivers,DC,0
21,chapter_all_gpt-4o-mini_all,Mr. Rochester,N,6
21,chapter_all_gpt-4o-mini_all,Mr. Rochester,A,3
21,chapter_all_gpt-4o-mini_all,Mr. Rochester,C,2
21,chapter_all_gpt-4o-mini_all,Mr. Rochester,I,2
21,chapter_all_gpt-4o-mini_all,Mr. Rochester,DN,1
21,chapter_all_gpt-4o-mini_all,Mr. Rochester,DC,2
21,chapter_all_gpt-4o-mini_all,Mary Rivers,N,0
21,chapter_all_gpt-4o-mini_all,Mary Rivers,A,0
21,chapter_all_gpt-4o-mini_all,Mary Rivers,C,0
21,chapter_all_gpt-4o-mini_all,Mary Rivers,I,0
21,chapter_all_gpt-4o-mini_all,Mary Rivers,DN,0
21,chapter_all_gpt-4o-mini_all,Mary Rivers,DC,0
21,chapter_all_gpt-4o-mini_all,Bessie,N,6
21,chapter_all_gpt-4o-mini_all,Bessie,A,4
21,chapter_all_gpt-4o-mini_all,Bessie,C,2
21,chapter_all_gpt-4o-mini_all,Bessie,I,2
21,chapter_all_gpt-4o-mini_all,Bessie,DN,5
21,chapter_all_gpt-4o-mini_all,Bessie,DC,2
21,chapter_all_gpt-4o-mini_all,John Reed,N,6
21,chapter_all_gpt-4o-mini_all,John Reed,A,0
21,chapter_all_gpt-4o-mini_all,John Reed,C,1
21,chapter_all_gpt-4o-mini_all,John Reed,I,2
21,chapter_all_gpt-4o-mini_all,John Reed,DN,3
21,chapter_all_gpt-4o-mini_all,John Reed,DC,4
21,chapter_all_gpt-4o-mini_all,Georgiana,N,8
21,chapter_all_gpt-4o-mini_all,Georgiana,A,0
21,chapter_all_gpt-4o-mini_all,Georgiana,C,1
21,chapter_all_gpt-4o-mini_all,Georgiana,I,2
21,chapter_all_gpt-4o-mini_all,Georgiana,DN,2
21,chapter_all_gpt-4o-mini_all,Georgiana,DC,3
21,chapter_all_gpt-4o-mini_all,Adele,N,3
21,chapter_all_gpt-4o-mini_all,Adele,A,0
21,chapter_all_gpt-4o-mini_all,Adele,C,1
21,chapter_all_gpt-4o-mini_all,Adele,I,0
21,chapter_all_gpt-4o-mini_all,Adele,DN,1
21,chapter_all_gpt-4o-mini_all,Adele,DC,1
21,chapter_all_gpt-4o-mini_all,Mrs. Reed,N,12
21,chapter_all_gpt-4o-mini_all,Mrs. Reed,A,0
21,chapter_all_gpt-4o-mini_all,Mrs. Reed,C,1
21,chapter_all_gpt-4o-mini_all,Mrs. Reed,I,10
21,chapter_all_gpt-4o-mini_all,Mrs. Reed,DN,7
21,chapter_all_gpt-4o-mini_all,Mrs. Reed,DC,6
21,chapter_all_gpt-4o-mini_all,Reed,N,0
21,chapter_all_gpt-4o-mini_all,Reed,A,0
21,chapter_all_gpt-4o-mini_all,Reed,C,0
21,chapter_all_gpt-4o-mini_all,Reed,I,0
21,chapter_all_gpt-4o-mini_all,Reed,DN,0
21,chapter_all_gpt-4o-mini_all,Reed,DC,0
21,chapter_all_gpt-4o-mini_all,Eliza Reed,N,0
21,chapter_all_gpt-4o-mini_all,Eliza Reed,A,0
21,chapter_all_gpt-4o-mini_all,Eliza Reed,C,0
21,chapter_all_gpt-4o-mini_all,Eliza Reed,I,0
21,chapter_all_gpt-4o-mini_all,Eliza Reed,DN,0
21,chapter_all_gpt-4o-mini_all,Eliza Reed,DC,0
21,chapter_all_gpt-4o-mini_all,Mr. Mason,N,0
21,chapter_all_gpt-4o-mini_all,Mr. Mason,A,0
21,chapter_all_gpt-4o-mini_all,Mr. Mason,C,0
21,chapter_all_gpt-4o-mini_all,Mr. Mason,I,0
21,chapter_all_gpt-4o-mini_all,Mr. Mason,DN,0
21,chapter_all_gpt-4o-mini_all,Mr. Mason,DC,0
21,chapter_all_gpt-4o-mini_all,Georgiana Reed,N,0
21,chapter_all_gpt-4o-mini_all,Georgiana Reed,A,0
21,chapter_all_gpt-4o-mini_all,Georgiana Reed,C,0
21,chapter_all_gpt-4o-mini_all,Georgiana Reed,I,0
21,chapter_all_gpt-4o-mini_all,Georgiana Reed,DN,0
21,chapter_all_gpt-4o-mini_all,Georgiana Reed,DC,0
21,chapter_all_gpt-4o-mini_all,Mr. Reed,N,0
21,chapter_all_gpt-4o-mini_all,Mr. Reed,A,0
21,chapter_all_gpt-4o-mini_all,Mr. Reed,C,0
21,chapter_all_gpt-4o-mini_all,Mr. Reed,I,0
21,chapter_all_gpt-4o-mini_all,Mr. Reed,DN,0
21,chapter_all_gpt-4o-mini_all,Mr. Reed,DC,0
21,chapter_all_gpt-4o-mini_all,Robert L,N,0
21,chapter_all_gpt-4o-mini_all,Robert L,A,0
21,chapter_all_gpt-4o-mini_all,Robert L,C,0
21,chapter_all_gpt-4o-mini_all,Robert L,I,0
21,chapter_all_gpt-4o-mini_all,Robert L,DN,0
21,chapter_all_gpt-4o-mini_all,Robert L,DC,0
21,chapter_all_gpt-4o-mini_all,Jane,N,38
21,chapter_all_gpt-4o-mini_all,Jane,A,3
21,chapter_all_gpt-4o-mini_all,Jane,C,4
21,chapter_all_gpt-4o-mini_all,Jane,I,18
21,chapter_all_gpt-4o-mini_all,Jane,DN,10
21,chapter_all_gpt-4o-mini_all,Jane,DC,6
