COREF,n_mentions,n_prop,n_pron,n_nom,top_text
0,1662,0,1662,0,I
674,538,0,388,150,our friend
7143,236,0,138,98,the count
1189,235,0,192,43,his
6224,194,0,131,63,he
1985,166,0,100,66,the countess
599,147,0,77,70,men
7199,143,0,90,53,the baron
2375,130,0,89,41,her
6460,116,0,71,45,the company
6209,112,0,76,36,the boy
6283,109,0,71,38,her
1091,108,0,86,22,I
8225,106,0,95,11,he
6217,101,0,62,39,my friend
8298,98,0,74,24,his
6355,95,0,61,34,the other
866,94,0,69,25,her
1278,94,0,42,52,the child
1772,87,0,48,39,the harper
6139,83,0,83,0,you
6358,79,0,48,31,his friend
647,78,0,68,10,I
630,77,0,49,28,a man
589,69,0,41,28,man
684,69,0,41,28,our friends
6638,68,0,40,28,the prince
671,68,0,61,7,I
1751,65,0,50,15,he
6361,62,0,5,57,one
3674,61,0,60,1,I
3861,60,0,60,0,she
575,59,0,33,26,the people
5525,59,0,41,18,the abbé
5851,59,0,55,4,I
7594,57,0,56,1,he
3676,56,0,56,0,her
625,55,0,8,47,others
5834,54,0,54,0,I
719,51,0,49,2,his
567,50,0,3,47,no one
1652,46,0,27,19,all
1581,46,0,25,21,the party
1105,44,0,44,0,he
6454,44,0,17,27,the rest
715,44,0,36,8,her
6469,44,0,44,0,our
1223,42,0,28,14,the actors
658,41,0,10,31,his father
6609,41,0,27,14,these people
551,41,0,0,41,the public
1825,41,0,41,0,I
970,41,0,19,22,the latter
8017,40,0,37,3,him
7812,40,0,39,1,his
670,39,0,28,11,her
660,39,0,34,5,I
5880,39,0,39,0,I
1143,39,0,30,9,her
2231,38,0,16,22,the children
3354,38,0,29,9,the patient
5806,36,0,36,0,I
3690,36,0,36,0,my
6208,34,0,28,6,her
5030,34,0,21,13,her
6825,34,0,20,14,the poet
8126,34,0,32,2,he
800,33,0,18,15,her friend
1169,33,0,33,0,I
1261,32,0,17,15,the landlord
1600,32,0,22,10,the Pedant
818,32,0,28,4,her
3361,32,0,20,12,the surgeon
3859,32,0,32,0,I
533,31,0,13,18,the man
529,31,0,31,0,our
4002,31,0,30,1,they
6465,31,0,15,16,each
6420,31,0,2,29,each other
3854,30,0,30,0,me
6320,30,0,10,20,children
3856,29,0,29,0,I
5329,29,0,29,0,us
1340,29,0,20,9,they
7642,28,0,25,3,you
1219,27,0,25,2,he
7441,27,0,19,8,his
2942,27,0,23,4,their
3422,26,0,25,1,you
6317,26,0,21,5,he
6617,26,0,11,15,the manager
729,26,0,8,18,people
823,25,0,15,10,his
7459,25,0,25,0,we
6877,25,0,15,10,my brother
653,24,0,19,5,I
7482,24,0,9,15,my friends
8325,24,0,22,2,her
709,24,0,24,0,I
718,24,0,21,3,her
649,24,0,21,3,I
6604,24,0,15,9,you
657,24,0,16,8,his mother
1593,24,0,17,7,he
7059,23,0,7,16,the audience
581,23,0,8,15,the hero
750,23,0,9,14,both
1453,23,0,22,1,he
3094,23,0,22,1,his
5496,23,0,22,1,she
526,23,0,11,12,the author
9094,23,0,22,1,her
2321,23,0,20,3,thee
1493,22,0,5,17,women
3866,22,0,21,1,him
8266,22,0,21,1,her
689,22,0,22,0,we
6585,22,0,17,5,him
5869,21,0,21,0,you
3862,21,0,21,0,his
911,21,0,14,7,him
6399,21,0,8,13,the ladies
4861,21,0,19,2,he
3691,20,0,19,1,I
5131,20,0,20,0,we
2208,20,0,14,6,he
7974,20,0,15,5,he
937,20,0,10,10,the player
5705,20,0,20,0,our
6251,20,0,7,13,the spectators
2893,20,0,19,1,you
637,20,0,17,3,your
1362,19,0,15,4,them
6442,19,0,19,0,we
2319,19,0,18,1,he
2190,19,0,0,19,his lordship
1122,19,0,19,0,our
858,19,0,4,15,the Ghost
6637,18,0,14,4,he
7990,18,0,18,0,thou
7064,18,0,15,3,he
1689,18,0,10,8,the clergyman
2248,18,0,15,3,his
1380,18,0,17,1,their
4557,18,0,18,0,their
7144,18,0,9,9,his lady
3627,18,0,18,0,I
7788,18,0,17,1,they
766,18,0,6,12,his friends
3471,18,0,18,0,I
5320,18,0,18,0,he
8434,18,0,18,0,us
7726,17,0,16,1,her
6713,17,0,6,11,his people
6404,17,0,17,0,we
3133,17,0,17,0,our
8448,17,0,17,0,your
922,17,0,12,5,her
6263,17,0,3,14,a friend
6277,17,0,2,15,every one
699,17,0,17,0,my
834,17,0,7,10,his wife
736,16,0,11,5,them
6627,16,0,9,7,sir
3860,16,0,16,0,him
3139,16,0,16,0,they
6219,16,0,9,7,Your father
9275,16,0,16,0,we
6434,16,0,2,14,the two
4793,16,0,15,1,his
6514,16,0,0,16,one another
9238,16,0,16,0,you
6206,16,0,2,14,any one
4412,16,0,14,2,you
7444,16,0,16,0,you
2230,16,0,3,13,the women
7487,16,0,16,0,we
6749,16,0,12,4,his
3891,16,0,11,5,he
1643,15,0,15,0,we
4739,15,0,15,0,we
7951,15,0,15,0,thy
5539,15,0,15,0,we
5918,15,0,15,0,I
1645,15,0,10,5,the girls
3414,15,0,7,8,the huntsman
9019,15,0,14,1,her
2404,15,0,15,0,our
7953,15,0,15,0,our
7430,14,0,12,2,thou
1408,14,0,13,1,they
4687,14,0,13,1,he
5195,14,0,12,2,he
3919,14,0,14,0,our
672,14,0,4,10,the youth
5446,14,0,13,1,I
5490,14,0,13,1,her
5743,14,0,14,0,she
1280,14,0,2,12,a boy
9133,13,0,13,0,we
4999,13,0,12,1,his
3187,13,0,13,0,we
609,13,0,12,1,her
2727,13,0,12,1,he
5650,13,0,13,0,you
5674,13,0,13,0,we
8571,13,0,13,0,we
760,13,0,6,7,his guests
1809,13,0,13,0,our
6968,13,0,13,0,we
7868,13,0,13,0,we
6884,13,0,13,0,her
6205,13,0,0,13,friends
828,13,0,2,11,the family
6227,13,0,13,0,you
6257,13,0,1,12,the King
6201,13,0,0,13,a child
3611,12,0,5,7,his sister
3307,12,0,11,1,their
6949,12,0,11,1,her
7630,12,0,11,1,he
2064,12,0,12,0,their
2081,12,0,11,1,his
7149,12,0,12,0,thou
996,12,0,5,7,the players
654,12,0,12,0,we
1345,12,0,9,3,his
6382,12,0,2,10,actors
6202,12,0,7,5,my darling
5647,12,0,10,2,her
6193,12,0,12,0,we
1452,12,0,10,2,they
4531,12,0,6,6,the doctor
4881,12,0,11,1,he
1160,12,0,12,0,us
586,12,0,4,8,many
2443,12,0,6,6,the men
4572,12,0,12,0,you
8404,12,0,12,0,you
6903,11,0,5,6,the old gentleman
827,11,0,6,5,the lover
4734,11,0,11,0,them
5909,11,0,11,0,I
595,11,0,6,5,every man
3327,11,0,9,2,her
4575,11,0,10,1,he
5783,11,0,10,1,her
1003,11,0,11,0,they
956,11,0,2,9,her father
4740,11,0,10,1,him
8654,11,0,11,0,you
2683,11,0,5,6,the persons
668,11,0,10,1,her
8328,11,0,10,1,he
4028,11,0,10,1,they
1364,11,0,8,3,her
4944,11,0,10,1,she
7981,11,0,11,0,you
2420,11,0,11,0,they
6353,11,0,4,7,my parents
3978,11,0,11,0,us
9276,11,0,11,0,you
6507,11,0,9,2,him
3349,10,0,9,1,he
8876,10,0,10,0,we
8471,10,0,9,1,they
746,10,0,7,3,his
6413,10,0,3,7,the servants
4658,10,0,7,3,he
3203,10,0,10,0,their
3666,10,0,10,0,he
4680,10,0,10,0,we
1792,10,0,9,1,his
8817,10,0,10,0,we
1023,10,0,1,9,a girl
8574,10,0,9,1,his
6464,10,0,5,5,all of them
877,10,0,8,2,his
5579,10,0,9,1,he
7495,10,0,9,1,they
3719,10,0,5,5,both of them
5856,10,0,10,0,you
5862,10,0,10,0,thou
5860,10,0,9,1,I
913,10,0,1,9,the former
3389,10,0,9,1,his
6231,10,0,10,0,us
901,10,0,6,4,her
3662,10,0,10,0,us
3629,10,0,9,1,them
4160,10,0,8,2,they
6714,10,0,10,0,thee
4056,10,0,10,0,our
6606,10,0,10,0,we
8612,10,0,9,1,you
6805,10,0,3,7,the artist
8353,10,0,9,1,he
3606,10,0,6,4,he
3592,10,0,5,5,a lady
769,10,0,2,8,some
8152,10,0,9,1,his
3917,10,0,9,1,her
5310,9,0,8,1,he
5238,9,0,8,1,him
7406,9,0,9,0,our
7393,9,0,7,2,her
6483,9,0,2,7,boys
4725,9,0,8,1,he
7162,9,0,1,8,Master
2999,9,0,6,3,his audience
5740,9,0,9,0,she
3330,9,0,5,4,he
3060,9,0,9,0,they
2225,9,0,3,6,nobody
6791,9,0,9,0,us
6584,9,0,5,4,a young man
2156,9,0,8,1,they
6497,9,0,8,1,her
3747,9,0,8,1,them
6397,9,0,3,6,my sisters
6671,9,0,7,2,he
8853,9,0,9,0,us
7993,9,0,9,0,we
1106,9,0,9,0,her
765,9,0,2,7,his family
8628,9,0,8,1,he
779,9,0,1,8,no man
8710,9,0,9,0,us
1595,9,0,9,0,they
1124,9,0,1,8,our readers
7762,9,0,8,1,their
9066,9,0,9,0,our
5995,8,0,8,0,us
5313,8,0,8,0,I
5822,8,0,8,0,we
6642,8,0,2,6,my husband
1654,8,0,8,0,them
1342,8,0,0,8,the crowd
7210,8,0,3,5,the whole company
7115,8,0,7,1,his
5080,8,0,7,1,her
9000,8,0,7,1,they
4125,8,0,7,1,they
1883,8,0,7,1,him
6646,8,0,0,8,an actor
7895,8,0,8,0,we
756,8,0,0,8,his son
7695,8,0,7,1,herself
2749,8,0,7,1,they
5376,8,0,7,1,her
633,8,0,6,2,they
1676,8,0,6,2,his
1974,8,0,7,1,they
1959,8,0,2,6,father
7024,8,0,3,5,my wife
3425,8,0,8,0,he
8880,8,0,7,1,their
2111,8,0,8,0,their
8632,8,0,8,0,we
1698,8,0,3,5,the rest of the company
1330,8,0,8,0,they
7471,8,0,7,1,they
7454,8,0,7,1,his
5419,8,0,7,1,his
4901,8,0,8,0,our
1607,8,0,3,5,the guests
6499,8,0,5,3,the goddess
5768,8,0,8,0,you
8110,8,0,7,1,they
3671,8,0,8,0,us
9059,8,0,7,1,his
5070,7,0,6,1,their
8364,7,0,6,1,their
6653,7,0,4,3,any man
8830,7,0,6,1,her
643,7,0,4,3,manager
2842,7,0,6,1,their
870,7,0,4,3,the young man
5651,7,0,7,0,she
5543,7,0,6,1,you
6773,7,0,6,1,his
8560,7,0,7,0,you
6832,7,0,4,3,I
5744,7,0,7,0,him
1288,7,0,6,1,them
1232,7,0,3,4,the actresses
540,7,0,6,1,he
5317,7,0,7,0,he
5132,7,0,6,1,he
5826,7,0,7,0,I
5831,7,0,7,0,you
847,7,0,6,1,their
7748,7,0,3,4,these persons
6064,7,0,0,7,all Booksellers
693,7,0,6,1,they
669,7,0,1,6,woman
6957,7,0,4,3,the waiter
5893,7,0,6,1,They
4790,7,0,6,1,her
1170,7,0,7,0,he
7239,7,0,7,0,thy
1125,7,0,6,1,him
9087,7,0,7,0,you
7484,7,0,7,0,them
1469,7,0,3,4,the multitude
1425,7,0,6,1,he
6289,7,0,6,1,he
6481,7,0,6,1,his
2296,7,0,6,1,their
4695,7,0,7,0,our
9157,7,0,6,1,he
9307,7,0,6,1,his
2343,7,0,6,1,they
9213,7,0,7,0,we
3819,7,0,7,0,they
6322,7,0,4,3,the young ones
7335,7,0,3,4,the burgher
3965,7,0,7,0,we
9124,7,0,6,1,she
2379,7,0,5,2,her
6593,7,0,0,7,your friend
607,7,0,6,1,him
7422,7,0,6,1,him
5629,7,0,6,1,them
6612,7,0,7,0,you
1338,7,0,1,6,our company
2462,7,0,5,2,he
3467,7,0,3,4,the parson
8319,7,0,7,0,us
6455,7,0,3,4,a hero
4391,7,0,7,0,us
6562,7,0,6,1,she
1430,7,0,1,6,her friends
9283,7,0,6,1,he
1990,6,0,5,1,their
5694,6,0,6,0,we
6484,6,0,0,6,girls
1996,6,0,6,0,them
6799,6,0,6,0,you
8077,6,0,4,2,the former king
7715,6,0,5,1,he
2305,6,0,2,4,the steward
1269,6,0,5,1,her
8087,6,0,3,3,the spectator
6621,6,0,0,6,a son
6719,6,0,6,0,we
2594,6,0,5,1,their
6085,6,0,0,6,the publisher
614,6,0,6,0,us
6633,6,0,6,0,we
8289,6,0,6,0,thee
6587,6,0,6,0,we
8161,6,0,5,1,his
666,6,0,2,4,our hero
8157,6,0,6,0,thou
628,6,0,2,4,persons
8371,6,0,6,0,our
8153,6,0,6,0,we
8419,6,0,5,1,him
6538,6,0,5,1,he
2159,6,0,3,3,our travellers
6530,6,0,5,1,his
2585,6,0,3,3,our players
7903,6,0,6,0,you
5648,6,0,4,2,you
8341,6,0,6,0,we
7328,6,0,2,4,noblemen
4887,6,0,5,1,his
3873,6,0,4,2,The two children
1033,6,0,6,0,their
1145,6,0,6,0,our
3288,6,0,5,1,him
7347,6,0,4,2,they
1976,6,0,3,3,Most of them
5225,6,0,5,1,his
6935,6,0,3,3,statesmen
7602,6,0,0,6,his uncle
5128,6,0,6,0,we
7058,6,0,5,1,their
5125,6,0,6,0,they
3002,6,0,6,0,he
723,6,0,6,0,She
7238,6,0,5,1,she
9167,6,0,5,1,her
7018,6,0,0,6,child
7092,6,0,5,1,him
5319,6,0,6,0,you
7105,6,0,6,0,us
1254,6,0,5,1,their
954,6,0,5,1,her
6809,6,0,6,0,thee
6817,6,0,1,5,all men
5578,6,0,5,1,him
8600,6,0,6,0,you
5535,6,0,6,0,us
5332,6,0,5,1,he
2697,6,0,6,0,our
9162,6,0,6,0,thou
4018,6,0,6,0,our
7463,6,0,4,2,a great man
3478,6,0,5,1,her
3493,6,0,4,2,they
6871,6,0,6,0,thou
5380,6,0,5,1,he
3209,5,0,3,2,their
2400,5,0,0,5,his Highness
9069,5,0,5,0,you
3884,5,0,5,0,our
3907,5,0,5,0,our
9155,5,0,4,1,him
8154,5,0,4,1,him
5588,5,0,4,1,he
6298,5,0,1,4,a servant
1394,5,0,1,4,the troop
1432,5,0,5,0,they
3360,5,0,5,0,they
2278,5,0,4,1,their
2280,5,0,4,1,I
2283,5,0,2,3,the servant
6378,5,0,2,3,my comrades
1418,5,0,5,0,they
9333,5,0,4,1,its
3554,5,0,5,0,their
6360,5,0,3,2,the young
6356,5,0,1,4,his actors
8196,5,0,4,1,his
9295,5,0,5,0,We
3668,5,0,5,0,them
9226,5,0,4,1,they
3737,5,0,4,1,him
6306,5,0,4,1,themselves
4216,5,0,5,0,our
8973,5,0,4,1,they
8232,5,0,5,0,you
5323,5,0,5,0,we
8405,5,0,4,1,they
5247,5,0,3,2,Our uncle
525,5,0,1,4,the reader
5859,5,0,5,0,her
1221,5,0,4,1,they
8473,5,0,3,2,cultivated men
5296,5,0,5,0,us
5315,5,0,5,0,his
580,5,0,5,0,us
6221,5,0,0,5,mother
5445,5,0,5,0,we
8041,5,0,5,0,thee
8508,5,0,5,0,us
5715,5,0,5,0,they
2694,5,0,1,4,a mother
8599,5,0,4,1,they
558,5,0,1,4,a stranger
8592,5,0,5,0,you
5208,5,0,5,0,we
5896,5,0,4,1,I
5095,5,0,5,0,we
5086,5,0,5,0,we
4365,5,0,4,1,his
8242,5,0,5,0,you
825,5,0,2,3,the fugitives
4415,5,0,5,0,they
4454,5,0,4,1,them
4465,5,0,5,0,we
4467,5,0,5,0,their
8947,5,0,5,0,our
1173,5,0,5,0,their
1174,5,0,0,5,strangers
4754,5,0,4,1,he
5026,5,0,5,0,we
5027,5,0,4,1,her
1318,5,0,5,0,us
8795,5,0,4,1,their
2891,5,0,5,0,our
2539,5,0,3,2,our actors
5472,5,0,5,0,we
3410,5,0,4,1,he
1534,5,0,3,2,their
1548,5,0,4,1,he
6590,5,0,1,4,My son
667,5,0,4,1,their
6505,5,0,4,1,her
7913,5,0,5,0,we
7290,5,0,4,1,he
6715,5,0,3,2,your company
7675,5,0,5,0,thou
1520,5,0,4,1,their
6692,5,0,2,3,mortals
6902,5,0,4,1,them
6711,5,0,4,1,he
7585,5,0,5,0,us
7901,5,0,5,0,thou
6918,5,0,5,0,we
2044,5,0,4,1,you
7101,5,0,5,0,we
1787,5,0,5,0,us
655,5,0,0,5,two lovers
1857,5,0,1,4,the old harper
7174,5,0,5,0,thou
7559,5,0,5,0,us
1591,5,0,3,2,our countrymen
6556,5,0,5,0,you
6698,5,0,4,1,him
1865,5,0,3,2,his
6737,5,0,5,0,us
6754,5,0,5,0,we
8004,5,0,5,0,Thy
2237,5,0,0,5,their friend
1574,5,0,4,1,his
6819,5,0,4,1,they
7415,5,0,1,4,my people
1956,5,0,5,0,our
7019,5,0,4,1,her
1929,5,0,3,2,the _ Stallmeister _
7700,5,0,4,1,she
7978,5,0,3,2,our father
6495,5,0,4,1,her
1703,5,0,2,3,all the party
7768,5,0,0,5,my aunt
2933,4,0,2,2,the youths
4865,4,0,3,1,she
4992,4,0,3,1,These estimable persons
4759,4,0,3,1,she
6993,4,0,4,0,us
1854,4,0,4,0,us
4936,4,0,1,3,our family
4766,4,0,4,0,we
4929,4,0,4,0,they
4812,4,0,1,3,the captain
4833,4,0,0,4,my invisible Friend
4834,4,0,4,0,us
2927,4,0,3,1,their
1849,4,0,2,2,an old acquaintance
4990,4,0,3,1,The noble family
7652,4,0,0,4,my confidant
6973,4,0,3,1,Men who put a great value on gardens
536,4,0,2,2,a translator
6814,4,0,1,3,the Devil
2684,4,0,3,1,their
6823,4,0,3,1,their
8627,4,0,2,2,the hapless creature
1951,4,0,3,1,thee
6824,4,0,2,2,you
5462,4,0,3,1,they
5449,4,0,2,2,This friend
1934,4,0,2,2,his
6869,4,0,3,1,the rich man
1930,4,0,4,0,They
2734,4,0,3,1,they
2745,4,0,2,2,the strangers
5147,4,0,4,0,our
5356,4,0,3,1,they
5348,4,0,1,3,her children
8663,4,0,3,1,him
8693,4,0,4,0,you
7657,4,0,3,1,some nobleman
6900,4,0,3,1,The proprietor
5271,4,0,4,0,our
8910,4,0,4,0,our
2815,4,0,3,1,she
522,4,0,4,0,you
696,4,0,0,4,the lovers
5155,4,0,3,1,These preachers
2966,4,0,4,0,they
801,4,0,1,3,a father
1182,4,0,3,1,"Several men , who came behind him in succession , and saluted him as they passed by to continue their hasty way into the mountains , by steep footpaths"
1047,4,0,2,2,her
7207,4,0,4,0,we
7223,4,0,4,0,we
9149,4,0,4,0,our
1735,4,0,2,2,Every actor
9172,4,0,4,0,you
3833,4,0,3,1,they
3826,4,0,3,1,them
7293,4,0,0,4,youth
1719,4,0,4,0,them
9231,4,0,4,0,we
7310,4,0,3,1,their
7314,4,0,0,4,a prince
7325,4,0,2,2,men of rank
3640,4,0,4,0,our
7360,4,0,4,0,thou
8919,4,0,3,1,The nephew
3312,4,0,0,4,a surgeon
9311,4,0,3,1,they
3607,4,0,4,0,we
3600,4,0,4,0,they
3589,4,0,4,0,Our
3518,4,0,4,0,their
9354,4,0,4,0,They
1686,4,0,0,4,his person
7376,4,0,3,1,they
3472,4,0,4,0,thee
9355,4,0,3,1,him
1678,4,0,0,4,a clergyman
3362,4,0,1,3,his patient
957,4,0,4,0,their
1101,4,0,3,1,them
3200,4,0,3,1,they
3904,4,0,3,1,the other wanderers
3911,4,0,4,0,they
8927,4,0,4,0,our
4690,4,0,3,1,their
7618,4,0,4,0,us
7028,4,0,4,0,our
7048,4,0,0,4,acquaintances
4671,4,0,3,1,two sons of the marshal of the court
6806,4,0,4,0,we
8933,4,0,2,2,the impassioned girl
3030,4,0,4,0,we
4641,4,0,3,1,his
4612,4,0,4,0,us
4603,4,0,3,1,her
1800,4,0,3,1,his
8969,4,0,3,1,her
7081,4,0,4,0,us
4535,4,0,4,0,they
3085,4,0,4,0,them
3131,4,0,3,1,his
4070,4,0,4,0,you
4055,4,0,4,0,we
4047,4,0,3,1,their
9084,4,0,4,0,us
4016,4,0,2,2,both gentlemen
7535,4,0,0,4,lover
3972,4,0,4,0,our
3935,4,0,4,0,our
3186,4,0,4,0,them
1115,4,0,3,1,his
7190,4,0,4,0,we
6808,4,0,2,2,the gods
6917,4,0,3,1,this young gallant
771,4,0,0,4,none
6156,4,0,0,4,the copyright holder
6276,4,0,2,2,our little party
6264,4,0,1,3,this child
2387,4,0,0,4,the gentlemen
1384,4,0,0,4,king
816,4,0,2,2,the mistress of the house
8185,4,0,3,1,he
7896,4,0,4,0,they
6574,4,0,3,1,he
2448,4,0,3,1,his
6603,4,0,2,2,the poor youth
2114,4,0,3,1,their
7729,4,0,0,4,Queen
6614,4,0,0,4,the one
7801,4,0,4,0,We
6626,4,0,2,2,their children
604,4,0,3,1,their
8347,4,0,4,0,You
593,4,0,0,4,players
592,4,0,0,4,the uncle
2079,4,0,2,2,this worthy person
6703,4,0,4,0,we
2037,4,0,3,1,her
6281,4,0,0,4,sisters
6297,4,0,3,1,this young man
7904,4,0,4,0,them
6512,4,0,4,0,our
8043,4,0,3,1,his
6408,4,0,1,3,my companions
6406,4,0,3,1,"this soft , good , amiable creature"
8065,4,0,3,1,the two courtiers
2274,4,0,1,3,Some of them
1449,4,0,2,2,The showman
7975,4,0,1,3,the wife
1424,4,0,4,0,their
7964,4,0,0,4,thy father
1479,4,0,0,4,his brother
6366,4,0,4,0,we
7954,4,0,2,2,our parents
1488,4,0,3,1,his
7952,4,0,2,2,thy sister
2309,4,0,2,2,some officers
8081,4,0,0,4,the Queen
809,4,0,3,1,they
8115,4,0,4,0,we
1399,4,0,3,1,her
7909,4,0,3,1,herself
6302,4,0,1,3,his children
2584,4,0,4,0,our
1339,4,0,3,1,a miner
7445,4,0,4,0,thee
1571,4,0,1,3,our party
1570,4,0,4,0,Our
5742,4,0,4,0,he
6761,4,0,4,0,their
8521,4,0,3,1,"the man that himself as much as possible takes interest in the culture of his fellow - men,--is ready to despair when he sees how lightly mortals will destroy themselves , will blamelessly or blamably expose themselves to be destroyed"
6778,4,0,1,3,the master
5767,4,0,4,0,us
8480,4,0,4,0,us
5779,4,0,4,0,our
7720,4,0,3,1,your poet
6801,4,0,1,3,no woman
6287,3,0,3,0,We
790,3,0,1,2,his beloved
6863,3,0,2,1,the conqueror of the earth
8643,3,0,2,1,his
6865,3,0,0,3,a poet
6541,3,0,2,1,"that class of men whose art it is to draw towards themselves a portion of the money , and materials of enjoyment , which circulate in their appointed courses through the world"
7491,3,0,2,1,Each of us
7201,3,0,2,1,them
3927,3,0,3,0,they
573,3,0,3,0,their
7212,3,0,2,1,"a very pretty young man above , who without doubt would shortly become a first - rate amateur"
6510,3,0,1,2,a youth
3867,3,0,0,3,her mother
6856,3,0,0,3,kings
7244,3,0,2,1,any reasonable man
6314,3,0,1,2,our mother
7246,3,0,1,2,this noble family
7275,3,0,3,0,we
5480,3,0,1,2,her people
7500,3,0,2,1,his
7513,3,0,3,0,you
6278,3,0,1,2,the maid
7566,3,0,3,0,us
4336,3,0,3,0,our
4237,3,0,3,0,we
7139,3,0,0,3,your debtor
4206,3,0,3,0,our
9009,3,0,3,0,you
7141,3,0,3,0,we
4101,3,0,0,3,The stage - manager
7575,3,0,2,1,their
4095,3,0,2,1,they
4090,3,0,3,0,our
3956,3,0,3,0,our
5374,3,0,3,0,our
6557,3,0,2,1,the princes of this world
7557,3,0,1,2,Dear uncle
6553,3,0,3,0,ours
3992,3,0,3,0,our
574,3,0,3,0,its
6550,3,0,2,1,The great ones of the world
6344,3,0,2,1,all the characters
3963,3,0,2,1,some other actors
5484,3,0,2,1,his paternal grandfather
5701,3,0,3,0,our
6503,3,0,1,2,The old lady
6822,3,0,2,1,a _ dilettante _
6383,3,0,0,3,my grandfather
7366,3,0,2,1,the old fool
6780,3,0,3,0,we
747,3,0,3,0,we
3525,3,0,2,1,her
860,3,0,1,2,the lookers - on
3510,3,0,0,3,the little creature
7374,3,0,3,0,us
3499,3,0,2,1,All the actors
8003,3,0,2,1,his
5656,3,0,1,2,the fair one
5653,3,0,3,0,They
646,3,0,0,3,her mistress
6815,3,0,3,0,thou
9358,3,0,2,1,their
7464,3,0,2,1,faithful servants
3460,3,0,3,0,they
8587,3,0,1,2,Lothario 's sister
9363,3,0,2,1,many a woman who distrusts herself
7420,3,0,0,3,patrons
6410,3,0,0,3,a soldier
6414,3,0,0,3,the tailor
983,3,0,2,1,they
9321,3,0,3,0,our
8586,3,0,2,1,she
7135,3,0,0,3,a fool
5681,3,0,3,0,his
3774,3,0,3,0,they
3771,3,0,2,1,his
3762,3,0,3,0,our
9217,3,0,3,0,you
7295,3,0,3,0,her
9219,3,0,2,1,gentlemen
3718,3,0,3,0,They
7931,3,0,0,3,you men
6836,3,0,2,1,his
3688,3,0,1,2,the little girl
9245,3,0,2,1,the miserable being whose smallest necessity is unprovided for
9267,3,0,3,0,Thou
7703,3,0,2,1,even tolerable men
7312,3,0,0,3,a king
6496,3,0,2,1,his
5522,3,0,2,1,these children
3646,3,0,0,3,the whole
5683,3,0,3,0,our
3636,3,0,3,0,our
807,3,0,2,1,he
9300,3,0,3,0,You
3617,3,0,2,1,her
5524,3,0,0,3,our doctor
4355,3,0,3,0,Our
5288,3,0,1,2,young people
4377,3,0,3,0,they
5076,3,0,2,1,certain pious but rigorously orthodox people
5064,3,0,2,1,"some champions of religion , who seem to be animated more by zeal than feeling for it"
5061,3,0,3,0,we
8400,3,0,0,3,a physician
8771,3,0,1,2,the mothers
5042,3,0,2,1,Both of us
7757,3,0,2,1,them
6996,3,0,0,3,actor
6999,3,0,0,3,thousands
5016,3,0,3,0,we
7003,3,0,3,0,us
6899,3,0,1,2,many people
5906,3,0,3,0,her
8834,3,0,3,0,we
8481,3,0,2,1,they
5318,3,0,3,0,my
7005,3,0,1,2,a good child
7006,3,0,1,2,the lady - manager
8845,3,0,2,1,the relatives and future heirs of my protectress
5942,3,0,2,1,their
4872,3,0,3,0,our
8360,3,0,3,0,you
6886,3,0,3,0,you
4862,3,0,2,1,no discreet young woman
7754,3,0,0,3,a people
5868,3,0,3,0,ourselves
4859,3,0,3,0,our
8435,3,0,2,1,the Creator of the world
5274,3,0,0,3,the architect
8709,3,0,3,0,you
5820,3,0,3,0,you
6909,3,0,2,1,her
8009,3,0,3,0,thou
5242,3,0,3,0,us
8705,3,0,3,0,We
5237,3,0,2,1,their
6928,3,0,2,1,the comic poet
5221,3,0,3,0,our
848,3,0,1,2,the parents
5847,3,0,2,1,her
7740,3,0,2,1,your fellows
5200,3,0,1,2,the chaplain
8719,3,0,2,1,your generous friend
5855,3,0,2,1,she
6963,3,0,3,0,we
8739,3,0,3,0,we
6967,3,0,3,0,you
6700,3,0,2,1,Another woman
8450,3,0,2,1,his
5123,3,0,3,0,him
6981,3,0,3,0,we
701,3,0,2,1,me
4844,3,0,3,0,they
5285,3,0,2,1,them
561,3,0,2,1,his
4644,3,0,0,3,his dear
8295,3,0,2,1,any actor
4632,3,0,3,0,they
7878,3,0,1,2,such persons
5771,3,0,3,0,us
8261,3,0,1,2,the master of the house
8243,3,0,2,1,The guests you entertain
7887,3,0,3,0,us
8996,3,0,2,1,those friends of his
4546,3,0,2,1,persons laboring under chronical and partly incurable distempers
4544,3,0,1,2,her new friend
7719,3,0,3,0,You
7089,3,0,1,2,such a man
8207,3,0,2,1,Whoever has the talent
4517,3,0,2,1,persons such as commonly
4486,3,0,2,1,them
8999,3,0,3,0,you
8204,3,0,3,0,us
7582,3,0,3,0,thou
8198,3,0,0,3,other people
6235,3,0,0,3,All of us
7106,3,0,3,0,thou
4409,3,0,1,2,the people of the house
781,3,0,1,2,parents
4678,3,0,2,1,these two boys
4842,3,0,2,1,his
7057,3,0,2,1,the studious writer
7773,3,0,3,0,you
7013,3,0,2,1,our dearest Pedant
6005,3,0,3,0,they
4822,3,0,3,0,them
4794,3,0,2,1,the active housewife
8901,3,0,1,2,my benefactress
7622,3,0,0,3,princes
4772,3,0,2,1,they
6880,3,0,3,0,they
6069,3,0,0,3,A Brave Boy
7015,3,0,3,0,us
6620,3,0,2,1,the one in the arms of the other
8499,3,0,2,1,the happy pair
578,3,0,0,3,the characters
6128,3,0,3,0,they
688,3,0,1,2,its owner
4709,3,0,2,1,his
4705,3,0,3,0,our
7808,3,0,3,0,ourselves
6873,3,0,3,0,us
6162,3,0,1,2,the owner of the Project Gutenberg ™ trademark
6182,3,0,1,2,volunteers
6607,3,0,3,0,him
713,3,0,0,3,another man
5799,3,0,2,1,his
3112,3,0,3,0,our
2747,3,0,2,1,the unlucky favorite
1378,3,0,1,2,Some men
1279,3,0,1,2,the figure
2987,3,0,2,1,A young author
1385,3,0,1,2,the whole troop
3285,3,0,2,1,Our young heroes
1778,3,0,2,1,minstrels
1775,3,0,0,3,the whole party
3297,3,0,0,3,no person
2995,3,0,2,1,both ladies
2748,3,0,3,0,Our
1144,3,0,1,2,the Muses
2153,3,0,2,1,"The baron , who followed shortly afterwards on horseback"
2569,3,0,0,3,spectators
2523,3,0,3,0,them
2008,3,0,1,2,the Germans
1866,3,0,3,0,us
3130,3,0,3,0,They
3049,3,0,3,0,our
3129,3,0,2,1,me
2281,3,0,1,2,the lackey
3127,3,0,2,1,I
1886,3,0,2,1,certain devout people
1565,3,0,1,2,each individual
2709,3,0,2,1,his
3279,3,0,2,1,their
2807,3,0,2,1,their
2959,3,0,3,0,they
1366,3,0,0,3,her attendants
1668,3,0,0,3,characters
1672,3,0,2,1,the skipper
1098,3,0,2,1,our two speculators
2900,3,0,1,2,The officer
2898,3,0,2,1,an officer on horseback
1195,3,0,3,0,they
1306,3,0,2,1,the troop on foot
2468,3,0,3,0,they
1683,3,0,2,1,his
1684,3,0,3,0,they
1801,3,0,3,0,you
2934,3,0,3,0,him
1632,3,0,0,3,The musician
2386,3,0,2,1,The footman
1349,3,0,2,1,the husbandman
1685,3,0,2,1,the reverend gentleman
2377,3,0,3,0,us
2955,3,0,0,3,her confidant
1072,3,0,3,0,they
1359,3,0,3,0,their
1624,3,0,2,1,a man that was waiting in the house
1360,3,0,1,2,the rope - dancers
2364,3,0,2,1,a guest like him
2179,3,0,2,1,Each of the party
3141,3,0,1,2,good men
1889,3,0,2,1,the leader of the meeting
3337,3,0,2,1,them
1531,3,0,2,1,them
1904,3,0,0,3,the lawyer
2589,3,0,2,1,our actresses
2262,3,0,2,1,his
2205,3,0,0,3,servants
3083,3,0,0,3,his company
2258,3,0,1,2,Each of them
3329,3,0,1,2,the group
1736,3,0,2,1,every actress
2611,3,0,2,1,his
3076,3,0,3,0,our
7378,2,0,1,1,this goddess
8491,2,0,1,1,the Deity in nature
4785,2,0,2,0,us
7372,2,0,1,1,men of sentiment
4426,2,0,1,1,The other members of the company
4816,2,0,1,1,the gentlemen that had been there
4796,2,0,2,0,us
4831,2,0,2,0,they
8804,2,0,1,1,Good girl
4782,2,0,0,2,all the company
4820,2,0,1,1,her little flurried daughter
2944,2,0,1,1,its
6405,2,0,2,0,them
4434,2,0,1,1,The majority
2245,2,0,0,2,A groom
6280,2,0,1,1,My brothers and sisters
855,2,0,1,1,An amorphous town - clerk
4735,2,0,0,2,rakes
2352,2,0,1,1,the sagacious lord of the mansion
6295,2,0,1,1,us young ones
8539,2,0,1,1,our young doctor
4750,2,0,1,1,"elderly ladies , who had set themselves to cards"
4755,2,0,0,2,Learned women
6288,2,0,1,1,the contriver and secret director of the spectacle
6443,2,0,1,1,"an old servant of one of our families , who had now become a woodman , with many entreaties that he would get us a few young firs and birches ; which actually arrived more speedily than we had reason to expect"
4447,2,0,2,0,you
2359,2,0,1,1,Some new guests
1691,2,0,2,0,our
4439,2,0,2,0,she
8515,2,0,2,0,thou
737,2,0,0,2,critics
6453,2,0,1,1,the whole corps of heroes
2937,2,0,1,1,several young people of good families and careful education
4839,2,0,0,2,no mortal
626,2,0,1,1,this illustrious foreigner
6458,2,0,1,1,the bold Godfredo
8422,2,0,2,0,thee
8432,2,0,1,1,your sister
4387,2,0,1,1,A third critic
2435,2,0,2,0,Our
4385,2,0,1,1,the actor who had undertaken Hamlet
2917,2,0,1,1,"a guiltless person , whose griefs one"
7427,2,0,1,1,the emperor
2442,2,0,0,2,soldiers
4937,2,0,1,1,The greatest physician
1290,2,0,0,2,One of them
8840,2,0,0,2,My protectress
4941,2,0,1,1,My younger sisters
6213,2,0,1,1,minors and moneyless people
885,2,0,1,1,the crowd collected in front of the _ Amthaus _
4961,2,0,1,1,the very persons who would have advised it
8851,2,0,2,0,you
8403,2,0,0,2,a Fair Saint
8838,2,0,1,1,each enjoy
1201,2,0,1,1,One of the painters employed in the manufactory had formerly worked as an understrapper at the prince 's theatre
7409,2,0,1,1,our ladies
4402,2,0,2,0,them
3100,2,0,0,2,a pedestrian
6259,2,0,0,2,wife
8474,2,0,1,1,that young Englishman at Rome
7224,2,0,1,1,"others , bare of help"
882,2,0,0,2,the _ Actuarius _
8827,2,0,1,1,Certain of my friends
7395,2,0,2,0,them
6255,2,0,1,1,The giant
8461,2,0,2,0,we
4880,2,0,2,0,They
6247,2,0,1,1,sovereign lord
2234,2,0,0,2,none of them
6244,2,0,1,1,the little dapper son of Jesse
4890,2,0,2,0,They
1303,2,0,1,1,a female dancer mounted on a corresponding hack
7353,2,0,2,0,we
4730,2,0,1,1,The people I lived among
7245,2,0,2,0,your
1238,2,0,1,1,his debtors
8727,2,0,1,1,The good old gentleman
6372,2,0,1,1,the new aspirant
2292,2,0,2,0,our
6365,2,0,1,1,my conductor
4636,2,0,1,1,"a charming little angel dressed in white , with golden wings , who warmly courted me , I dwelt upon so long , that my imagination painted out his form almost to visibility"
4637,2,0,0,2,dolls
8733,2,0,1,1,The old man with the gout
2298,2,0,0,2,his fellow
8552,2,0,1,1,the gallant colonel
8638,2,0,1,1,a lady very nearly related to him
8635,2,0,0,2,the priest
1240,2,0,1,1,advocates
3025,2,0,1,1,Unhappy creatures
1713,2,0,2,0,they
1241,2,0,0,2,judges
1255,2,0,0,2,rope - dancers
2288,2,0,0,2,some other person
7268,2,0,2,0,we
8670,2,0,1,1,your lord
7296,2,0,1,1,people of high breeding and exalted rank
1226,2,0,0,2,his bridegroom
2269,2,0,0,2,the rest of the party
4555,2,0,2,0,our
2265,2,0,1,1,a part of the tired wanderers
4536,2,0,2,0,our
7281,2,0,0,2,The confectioner
7287,2,0,2,0,our
1229,2,0,0,2,the whole family
8691,2,0,1,1,one 's servants
6398,2,0,0,2,my heroes
8686,2,0,1,1,a serving - man
4578,2,0,0,2,every person
1727,2,0,1,1,the heroes
4591,2,0,2,0,They
6384,2,0,2,0,their
4666,2,0,1,1,our dancing - master
8734,2,0,1,1,a man so gifted
4667,2,0,1,1,his scholars
7330,2,0,1,1,few famous names
2332,2,0,1,1,Young officers
8591,2,0,1,1,his neighbors
1708,2,0,1,1,their clergyman
1266,2,0,1,1,"A girl with roses and other flowers for sale , coming by"
6422,2,0,2,0,her
6316,2,0,0,2,foes
4476,2,0,1,1,public persons of acknowledged merit
2336,2,0,0,2,the community
8581,2,0,2,0,you
6429,2,0,1,1,the Paynim heroine
8572,2,0,1,1,A judicious man
8763,2,0,2,0,we
1224,2,0,0,2,their masters
8556,2,0,1,1,my dependants
8767,2,0,1,1,men of all shapes and ages
7332,2,0,1,1,the first classes of the nation
6323,2,0,2,0,our
5710,2,0,1,1,a helpless girl
7255,2,0,2,0,Yours
8623,2,0,2,0,we
4673,2,0,0,2,The youngest
7320,2,0,0,2,poor devil
4504,2,0,1,1,the clergyman with whom the harper had been placed to board
8738,2,0,1,1,this woman of women
1215,2,0,1,1,The rude man
7451,2,0,1,1,those persons
3018,2,0,2,0,us
7324,2,0,1,1,our Muses
4684,2,0,1,1,our young acquaintances
6335,2,0,0,2,heroes
2328,2,0,2,0,they
874,2,0,1,1,the officers of law
7329,2,0,1,1,men of high station
1259,2,0,0,2,their wives
7450,2,0,2,0,you
2124,2,0,1,1,the two young girls
8396,2,0,1,1,The same young man
5881,2,0,2,0,She
8010,2,0,0,2,a nobleman
588,2,0,1,1,Few among us
7706,2,0,2,0,you
5455,2,0,2,0,We
587,2,0,1,1,their favorite author
1459,2,0,2,0,you
1471,2,0,1,1,his patronesses
5468,2,0,0,2,the little ones
547,2,0,1,1,"the Germans , whom , by a species of second sight"
7716,2,0,2,0,its
2558,2,0,1,1,the inmates of the castle
796,2,0,0,2,her darling
7958,2,0,0,2,thy mother
1485,2,0,1,1,the tumblers and dancers
5857,2,0,1,1,they
5483,2,0,1,1,My sister 's eldest son
1563,2,0,2,0,you
7936,2,0,1,1,"the beautiful and perfect,--that every one"
5848,2,0,2,0,they
5444,2,0,2,0,she
7704,2,0,2,0,ours
8102,2,0,2,0,You
5439,2,0,0,2,us women
1404,2,0,2,0,They
8085,2,0,2,0,your
5928,2,0,1,1,The fair boy
2733,2,0,0,2,his companions
5923,2,0,2,0,their
8071,2,0,1,1,The viceroy of that country
5400,2,0,2,0,our
8067,2,0,2,0,you
5910,2,0,1,1,the unlucky girl
8057,2,0,1,1,the main figures
5900,2,0,2,0,them
543,2,0,0,2,our brother
1580,2,0,1,1,this old friend
8030,2,0,2,0,thou
1579,2,0,1,1,one class of men
5434,2,0,0,2,ladies
5885,2,0,2,0,their
8020,2,0,0,2,a public person
5438,2,0,2,0,us
1491,2,0,1,1,A row of men
1559,2,0,2,0,us
550,2,0,1,1,Our translators
773,2,0,1,1,these two fathers
5584,2,0,2,0,us
1550,2,0,0,2,a notary
7873,2,0,1,1,One or two princes
7867,2,0,2,0,your
7865,2,0,1,1,not every German traveller
5641,2,0,2,0,Our
5765,2,0,2,0,They
576,2,0,1,1,"the great mass of readers , who read to drive away the tedium of mental vacancy"
2615,2,0,0,2,any woman
5747,2,0,2,0,us
5661,2,0,1,1,the tearful damsel
783,2,0,0,2,his Mariana
7826,2,0,0,2,a good physician
7820,2,0,0,2,few
782,2,0,0,2,relations
5741,2,0,2,0,he
2626,2,0,1,1,This genius
5696,2,0,2,0,they
572,2,0,0,2,its author
7881,2,0,2,0,you
7884,2,0,1,1,booksellers
2679,2,0,0,2,certain actors
774,2,0,2,0,we
5838,2,0,1,1,the lovely women whom he knew or had heard of
7730,2,0,1,1,my faithful friend
7731,2,0,2,0,thou
5510,2,0,1,1,some virtuous burgher maiden
7733,2,0,2,0,us
7736,2,0,1,1,"a person that so little knew , so totally misknew"
5519,2,0,1,1,A singular personage
5828,2,0,2,0,them
5523,2,0,2,0,our
7753,2,0,0,2,my nation
5528,2,0,1,1,these instructors
1511,2,0,2,0,They
5807,2,0,2,0,they
1518,2,0,1,1,her actors
1521,2,0,2,0,we
2590,2,0,0,2,the young officers
557,2,0,0,2,his countrymen
5570,2,0,2,0,Our
8094,2,0,2,0,they
5357,2,0,2,0,you
4983,2,0,1,1,the woman who had valued God above her bridegroom
1341,2,0,1,1,a peasant
7497,2,0,1,1,the composer
5090,2,0,1,1,sick persons who have no medicine
5091,2,0,1,1,all my friends
5092,2,0,1,1,my invisible Leader
8313,2,0,1,1,the gallant
6136,2,0,2,0,she
2480,2,0,1,1,them
7512,2,0,0,2,his author
8299,2,0,1,1,our Ghost
5124,2,0,1,1,the great Physician
829,2,0,2,0,our
1628,2,0,2,0,them
5138,2,0,2,0,they
8273,2,0,1,1,such a creature
2831,2,0,0,2,a peasant - girl
5152,2,0,1,1,a gifted man
7551,2,0,2,0,you
7555,2,0,0,2,your husband
1627,2,0,0,2,no one of them
7496,2,0,1,1,No one there
5084,2,0,1,1,"my faithful , invisible Leader"
7668,2,0,0,2,The more fool
5082,2,0,1,1,my God
2459,2,0,0,2,his hero
620,2,0,1,1,infants
1665,2,0,0,2,a Jew
4995,2,0,0,2,counts
8378,2,0,2,0,your
2907,2,0,1,1,our astonished friend
1315,2,0,1,1,Wilhelm 's fair neighbor
1658,2,0,1,1,the young women
5024,2,0,1,1,All who did not know him
5029,2,0,0,2,canoness
7477,2,0,1,1,a fashionable man of the world
1335,2,0,1,1,some miners
2888,2,0,2,0,our
8329,2,0,2,0,us
7494,2,0,0,2,a character
1636,2,0,0,2,a tailor
1337,2,0,2,0,our
6155,2,0,0,2,an individual Project Gutenberg ™ electronic work
6143,2,0,2,0,we
8255,2,0,0,2,the lady of the house
8252,2,0,2,0,our
8248,2,0,1,1,the stag
5180,2,0,1,1,"an upright , pious gentleman , residing in a distant quarter"
5280,2,0,1,1,our intelligent and gifted landlord
601,2,0,2,0,themselves
6007,2,0,1,1,the true artist
5292,2,0,1,1,the person who invites
2778,2,0,2,0,Our
530,2,0,0,2,the English public
7634,2,0,2,0,"him,--not"
8140,2,0,0,2,The very man
5988,2,0,2,0,our
5987,2,0,1,1,that stranger
1393,2,0,1,1,some members of the troop
1590,2,0,2,0,our
8120,2,0,1,1,the first
2763,2,0,1,1,the black - artist
5326,2,0,1,1,the figures which had joined themselves to my religious ideas would have found in the eyes of my uncle
5975,2,0,1,1,me
2751,2,0,0,2,their protector
1402,2,0,0,2,the little one
5956,2,0,2,0,our
1383,2,0,2,0,she
8160,2,0,1,1,a very meritorious person
8171,2,0,1,1,Brown - complexioned people
605,2,0,2,0,our
5184,2,0,0,2,the brethren
5185,2,0,2,0,our
8239,2,0,1,1,our strange friend
2499,2,0,1,1,this professor
1368,2,0,2,0,theirs
7586,2,0,2,0,Thou
5209,2,0,1,1,a lady who was sick
5210,2,0,1,1,several acquaintances
1375,2,0,1,1,the merry tumblers
2800,2,0,1,1,his well - wishers
6045,2,0,2,0,Our
1377,2,0,1,1,The children in succession
5233,2,0,1,1,well - affected people
819,2,0,0,2,her step - daughter
5241,2,0,1,1,distinguished men
5243,2,0,1,1,persons privileged as they are
8182,2,0,1,1,personages
8176,2,0,1,1,the personages of the one
8355,2,0,2,0,theirs
3020,2,0,2,0,their
6466,2,0,1,1,"one small , grinning urchin"
3255,2,0,1,1,these wonderful companions
9175,2,0,2,0,us
8860,2,0,1,1,some ladies of the neighborhood
917,2,0,2,0,our
1796,2,0,1,1,Each warrior
7065,2,0,0,2,the man of genius
1089,2,0,2,0,they
9166,2,0,1,1,"some lovely , heavenly maiden the most odious of men"
3830,2,0,1,1,men of mediocre talents
3835,2,0,0,2,his comrades
1065,2,0,2,0,them
2080,2,0,1,1,his enemies
3838,2,0,1,1,his first actor
1097,2,0,2,0,us
9151,2,0,2,0,us
7071,2,0,1,1,another man who has wasted the force of his youth
9147,2,0,1,1,the fair Elmira
9141,2,0,1,1,a partner in a large commercial house
6636,2,0,0,2,robbers
6655,2,0,0,2,his neighbor
1798,2,0,2,0,Thy
6660,2,0,0,2,rivals
9186,2,0,2,0,we
6690,2,0,0,2,a statesman
703,2,0,2,0,his
6684,2,0,1,1,The spectators thou regardest as on work - days they regard each other
3746,2,0,1,1,Some pagan soldiers
7033,2,0,1,1,our manager
6681,2,0,2,0,we
1083,2,0,0,2,his new acquaintance
3759,2,0,1,1,a society of persons
704,2,0,2,0,her
3763,2,0,1,1,the Children of Joy
9206,2,0,0,2,dear good Wilhelm
2071,2,0,0,2,a German
6670,2,0,1,1,a worthy man
9197,2,0,2,0,thou
6666,2,0,1,1,the manager obliged
3775,2,0,0,2,the clergy
6664,2,0,0,2,the populace
3240,2,0,1,1,The first comers
9139,2,0,1,1,this lucky fellow
9134,2,0,2,0,they
3938,2,0,2,0,They
3940,2,0,1,1,"Englishmen , who generally , in the distance , were accustomed to see little else than ships and voyages"
6608,2,0,1,1,those lovers who bring nothing but their hearts
3947,2,0,2,0,our
3949,2,0,0,2,the Duchess
7102,2,0,1,1,singers
3954,2,0,1,1,many characters
3178,2,0,0,2,a former lover
1130,2,0,2,0,their
3171,2,0,1,1,a girl of fourteen
3969,2,0,1,1,the actors that were going to leave him
7110,2,0,0,2,the monarch
3976,2,0,2,0,We
7112,2,0,1,1,Old man
6591,2,0,0,2,my dear
3985,2,0,1,1,the guilty man
9047,2,0,0,2,her cousin
9040,2,0,0,2,my mistress
710,2,0,2,0,us
2117,2,0,2,0,their
6632,2,0,1,1,the young Melina
2107,2,0,0,2,the beautiful countess
9126,2,0,2,0,we
1795,2,0,0,2,The singer
3883,2,0,1,1,the persons who frequented his society
9120,2,0,1,1,thy ill - starred friend
9119,2,0,2,0,us
3892,2,0,0,2,the person
3894,2,0,0,2,other men
3899,2,0,1,1,"several of his actors , who reckoned themselves indispensable , were growing more and more arrogant,--or else he must entirely new - model and re - form his company"
3902,2,0,2,0,our
9111,2,0,0,2,The cousin
9110,2,0,2,0,us
6623,2,0,2,0,We
9108,2,0,1,1,A little girl
7093,2,0,2,0,us
662,2,0,2,0,them
9093,2,0,1,1,the little girl who has attached herself so strangely to me
6618,2,0,0,2,his troop
6691,2,0,1,1,men so totally forsaken by all feeling of existence
3736,2,0,2,0,their
904,2,0,1,1,the townsfolk present
6944,2,0,2,0,our
1893,2,0,0,2,his guest
952,2,0,1,1,people of a singularly strict and harsh temper
6921,2,0,2,0,We
6922,2,0,2,0,we
6930,2,0,1,1,his fellow - subjects
6826,2,0,1,1,the rich
3481,2,0,1,1,"the lovely , sympathizing princess"
6816,2,0,1,1,each man who has no gift for producing first - rate works
1031,2,0,1,1,"those tried , sedate persons , with fixed principles and habits"
3733,2,0,2,0,you
1972,2,0,1,1,"the excellent actors whom fortune had offered him , in a style corresponding to their talents and capacities"
3511,2,0,1,1,that beneficent lady
9352,2,0,1,1,Every girl that reads and understands this little book
6813,2,0,1,1,the ancient sibyl
3323,2,0,0,2,some cavaliers
6950,2,0,0,2,a hypocrite
3531,2,0,1,1,the ancient messenger
1979,2,0,0,2,his lord
3453,2,0,1,1,the honorable persons who last night
6914,2,0,1,1,one of our friends
3442,2,0,0,2,several people
1897,2,0,0,2,his master
1920,2,0,2,0,them
3381,2,0,0,2,peasants
3382,2,0,0,2,the wounded youth
992,2,0,1,1,a Dutch painter
6894,2,0,2,0,herself
6896,2,0,2,0,You
3390,2,0,1,1,"The lovely being , whom this garment lately covered"
3391,2,0,0,2,his vanished benefactress
3403,2,0,0,2,the landlady
6878,2,0,1,1,the mountain adventurer
1924,2,0,1,1,all the people round him
6876,2,0,2,0,she
3417,2,0,1,1,the captain of the band
1901,2,0,2,0,they
1935,2,0,0,2,his adversary
1937,2,0,2,0,we
960,2,0,1,1,"a family,--a family which could number even a superintendent among its relatives"
9343,2,0,1,1,the writer who will not occasionally find this work of great convenience and assistance to him
1882,2,0,2,0,We
1872,2,0,0,2,this stranger
1841,2,0,0,2,friend
6733,2,0,1,1,these blockheads
6730,2,0,1,1,the poorest creatures
3286,2,0,1,1,their other comrades
3669,2,0,1,1,I
9251,2,0,1,1,a goddess
9250,2,0,2,0,thou
9248,2,0,1,1,your savage brother - in - law
7008,2,0,0,2,a happy man
1829,2,0,2,0,their
3685,2,0,2,0,we
1824,2,0,0,2,Some persons
3701,2,0,2,0,we
3710,2,0,1,1,these young people
6708,2,0,1,1,other man
7020,2,0,2,0,you
7022,2,0,0,2,this girl
1805,2,0,1,1,his entertainers
3638,2,0,0,2,his trading correspondents
3621,2,0,1,1,the other two
9330,2,0,1,1,the casual reader
1053,2,0,0,2,another
6786,2,0,0,2,your family
3559,2,0,1,1,the amiable countess
6972,2,0,0,2,society
9325,2,0,2,0,thou
6975,2,0,0,2,their brethren
3575,2,0,0,2,some one
3581,2,0,2,0,our
6771,2,0,2,0,we
6770,2,0,1,1,such a person
3598,2,0,0,2,artists
9306,2,0,0,2,the instructor
9304,2,0,2,0,we
6766,2,0,1,1,A rich nobleman
2010,2,0,0,2,a critic
6755,2,0,0,2,we young ones
3612,2,0,1,1,Several people entering
6750,2,0,0,2,a collector
3161,2,0,1,1,a lady of the neighborhood
2638,2,0,1,1,the great French dramatic writers
4072,2,0,0,2,lovers
8914,2,0,1,1,our hunters
7183,2,0,1,1,my patrons
4065,2,0,2,0,they
6516,2,0,0,2,my good friend
4272,2,0,2,0,we
6573,2,0,1,1,every unconcerned spectator
4200,2,0,2,0,You
7132,2,0,1,1,"husbands , who witness this touching scene"
8883,2,0,0,2,a master
2137,2,0,0,2,a courtier
8896,2,0,2,0,we
7163,2,0,2,0,thou
6567,2,0,2,0,you
6536,2,0,2,0,them
8988,2,0,1,1,The different classes
4158,2,0,1,1,the absent Ghost
4157,2,0,1,1,Every individual present
4156,2,0,1,1,the prompter
9011,2,0,1,1,my foes
7209,2,0,0,2,your Excellency
8949,2,0,1,1,his noble sister
6485,2,0,1,1,our society
6500,2,0,0,2,my Muse
4081,2,0,2,0,we
4295,2,0,1,1,the various individuals of the party
6480,2,0,0,2,company
717,2,0,0,2,a miserable creature
1155,2,0,1,1,the busy man
6515,2,0,1,1,our puppets
3158,2,0,2,0,Our
3137,2,0,1,1,each being
2144,2,0,1,1,the most knowing inhabitants of the burgh
1749,2,0,1,1,other two girls
1768,2,0,2,0,they
6488,2,0,1,1,unlucky rivals
7187,2,0,2,0,your
4104,2,0,2,0,their
1184,2,0,1,1,a communicative traveller
4098,2,0,1,1,me
2226,2,0,0,2,the travellers
2223,2,0,1,1,people hired from the village
8871,2,0,1,1,"himself,--a reasonable housewife"
6509,2,0,0,2,the scholar
6543,2,0,2,0,they
6470,2,0,0,2,any person
8891,2,0,1,1,my worthy benefactress
2204,2,0,1,1,several cooks
4163,2,0,0,2,the Spectre
4111,2,0,2,0,us
7200,2,0,2,0,your
6472,2,0,2,0,them
1744,2,0,1,1,the tyrant
2152,2,0,2,0,they
1188,2,0,0,2,a debtor
6486,2,0,1,1,each happy pair
7182,2,0,1,1,"a person that could handle his pen , that understood French , and was not without a little skill in ciphering"
6527,2,0,2,0,she
767,1,0,0,1,any stranger that had the slightest connection with his house
1584,1,0,1,0,them
7189,1,0,0,1,Frenchmen
7670,1,0,0,1,a dancing - girl in his troop
6989,1,0,0,1,a magistrate
7261,1,0,0,1,some pretty children
7673,1,0,0,1,some other women whom he courts
7671,1,0,0,1,an actress with whom he is intimate
7119,1,0,0,1,a singer
7676,1,0,0,1,the arch - fool
6984,1,0,0,1,our vaulters
6980,1,0,0,1,proper actors
7698,1,0,0,1,"children , with the pure , clear vision of innocence"
7697,1,0,0,1,her slave
7696,1,0,0,1,her tyrant
1582,1,0,0,1,an oldish man
7692,1,0,0,1,my own deceiver
1583,1,0,0,1,two young girls
7687,1,0,0,1,the fool
7684,1,0,0,1,One more forsaken woman in the world
7683,1,0,1,0,they
1752,1,0,0,1,the town - guard
7677,1,0,0,1,her faithless swain
7682,1,0,0,1,the happy child
7197,1,0,0,1,A large party
6986,1,0,0,1,one of us
7681,1,0,1,0,they
1756,1,0,0,1,the various members of his party
7263,1,0,0,1,certain of the servants
726,1,0,0,1,the adored
7679,1,0,1,0,us
1759,1,0,1,0,they
6987,1,0,1,0,us
7680,1,0,1,0,they
1847,1,0,0,1,"it,--a man of good appearance , of middle age , and a brisk , contented look"
1852,1,0,0,1,The hostler
6990,1,0,0,1,the useless brat
7631,1,0,0,1,smiling villains
1839,1,0,0,1,the creature
7273,1,0,0,1,The goddess of war
1598,1,0,0,1,many of them
7629,1,0,0,1,the usurper of his crown
1729,1,0,0,1,Each individual of the party
7628,1,0,0,1,A prince by birth
1836,1,0,1,0,them
7627,1,0,0,1,A young hero panting for vengeance
7007,1,0,0,1,the other actors
7626,1,0,1,0,us
7181,1,0,0,1,"some commercial men , who , in extraordinary cases , were enabled to employ a person that could handle his pen , that understood French , and was not without a little skill in ciphering"
7277,1,0,0,1,a warrior
7624,1,0,0,1,the venerable ghost
1599,1,0,0,1,his daughters
7621,1,0,0,1,this son of princes
7620,1,0,0,1,this youth
1604,1,0,0,1,the stranger damsels
7616,1,0,0,1,its parents
7180,1,0,0,1,no constant one
7613,1,0,0,1,the departed
7612,1,0,0,1,his surviving noble - minded parent
1760,1,0,1,0,its
7609,1,0,0,1,"The faithful , tender son"
7280,1,0,0,1,Dearest father
7632,1,0,0,1,O cursed spite
7004,1,0,1,0,them
1840,1,0,0,1,her master
1589,1,0,0,1,"those good - hearted , boisterous old gentlemen , whom the German theatre is never without , and whom , in common life , one also frequently enough falls in with . For as it is the character of our countrymen to do good , and cause it , without pomp or circumstance"
7666,1,0,0,1,the new acquaintance
7664,1,0,0,1,this brat
7267,1,0,0,1,a Minerva
7662,1,0,0,1,a very pretty fellow
6991,1,0,1,0,We
7661,1,0,0,1,the papa
1585,1,0,0,1,a company then playing in his native town
7658,1,0,0,1,a very stately person
1587,1,0,0,1,The daughters
7252,1,0,0,1,critic
6995,1,0,0,1,"the "" Great Devil"
1846,1,0,0,1,A rider
7637,1,0,1,0,us
7650,1,0,1,0,we
6997,1,0,0,1,author
6998,1,0,0,1,man of any class
7648,1,0,0,1,my hard - hearted brother
7272,1,0,0,1,its patron goddess
7645,1,0,0,1,her crazed lover
7644,1,0,0,1,the friendly goddess Opportunity
7001,1,0,0,1,thronging multitudes
1592,1,0,0,1,our actor
7639,1,0,0,1,a few master - strokes
7638,1,0,0,1,"you,--my brother"
6976,1,0,1,0,you
1578,1,0,0,1,"an ill - powdered , but yet very stiff , periwig"
7701,1,0,0,1,the meanest creatures
7742,1,0,0,1,your equals
1546,1,0,0,1,people who enjoyed her acquaintance
6901,1,0,0,1,all human society
1745,1,0,0,1,no living mortal
1547,1,0,0,1,a kind of _ spiritual chameleon
7766,1,0,0,1,an honest young woman
7764,1,0,0,1,men of all ranks
6905,1,0,0,1,"the son of that worthy man to whom I owe so many thanks,--so long have owed money"
7763,1,0,0,1,the young and lively girl
1549,1,0,0,1,some traders
7760,1,0,1,0,us
7208,1,0,0,1,a judge
6906,1,0,0,1,"that worthy man to whom I owe so many thanks,--so long have owed money"
7227,1,0,0,1,her party
6907,1,0,0,1,Your good father
1551,1,0,0,1,purchasers
6908,1,0,0,1,a knave
6910,1,0,0,1,a scholar
7751,1,0,0,1,the young bud
1553,1,0,1,0,our
7229,1,0,0,1,major
6912,1,0,0,1,two fragments of an acting company that made shipwreck here a short while ago . The pleasantness of the place
1741,1,0,1,0,she
7746,1,0,0,1,the people whom you sent to my brother
1748,1,0,0,1,"the landlord , who came running in at the noise , the punch - bowl itself , never after this festivity to be polluted by unholy drink"
7743,1,0,0,1,worthy friend
7774,1,0,0,1,the whisking shopman
7775,1,0,0,1,the conceited merchant
7776,1,0,0,1,the conceited merchant 's son
7215,1,0,0,1,little thing
7217,1,0,1,0,We
7794,1,0,1,0,You
7792,1,0,0,1,the whole nation
7791,1,0,0,1,some actor
6890,1,0,0,1,the whole neighborhood
7790,1,0,0,1,an author whom I valued
7218,1,0,0,1,mankind
1542,1,0,0,1,Melina 's wife
7789,1,0,0,1,fools
1543,1,0,0,1,"a young woman not without culture , but wofully defective in soul and spirit"
7219,1,0,0,1,many worthy men
7787,1,0,0,1,"the young , erring parson"
7777,1,0,0,1,"the polished , calculating man of the world"
1914,1,0,0,1,this half - grown younker
7786,1,0,0,1,"the smirking , vapid courtier"
7785,1,0,0,1,the heavy country - baron
7784,1,0,0,1,"the solemn , heedful man of office"
1743,1,0,0,1,his oppressor
7783,1,0,0,1,"the sleek - fed , gouty canon"
7782,1,0,0,1,"the awkward , humbly proud man of letters"
7781,1,0,0,1,The fantastically dizened student
1909,1,0,1,0,our
7779,1,0,0,1,the impetuous prince
7778,1,0,0,1,the bold soldier
1891,1,0,0,1,another of the flock
7741,1,0,0,1,the first large - born child of the Creation
1868,1,0,1,0,Ye
1557,1,0,0,1,enchanters
7204,1,0,0,1,a great actor
1731,1,0,0,1,their own character
7718,1,0,0,1,one race
7717,1,0,0,1,the author of the one or of the other
6952,1,0,0,1,the great mother of womankind
7248,1,0,0,1,a prince who merits so much veneration
7249,1,0,0,1,our little troop
6953,1,0,0,1,a couple of your close - fisted gentry
1575,1,0,1,0,you
7714,1,0,0,1,no villain
6954,1,0,1,0,your
6955,1,0,0,1,your close - fisted gentry
7711,1,0,0,1,historians
1885,1,0,0,1,"the old man , with the nicest accordance"
7604,1,0,0,1,a private nobleman
7708,1,0,0,1,"some individuals of a nation , which has so many masterpieces to feel proud of"
7707,1,0,1,0,themselves
6961,1,0,0,1,"The waiter , of whom , by a wry mouth or two"
6962,1,0,0,1,a confidant
7705,1,0,0,1,a girl of sixteen
1881,1,0,1,0,she
7202,1,0,0,1,What fellow
1870,1,0,0,1,the hearer
725,1,0,0,1,the loved
7251,1,0,0,1,The amateur
6946,1,0,0,1,my little dear
6945,1,0,0,1,the enigma
7243,1,0,0,1,The poor child
6936,1,0,0,1,state
7206,1,0,0,1,others of us
7737,1,0,0,1,the people he lived with
6923,1,0,0,1,all ranks
1890,1,0,1,0,she
6929,1,0,0,1,a spiteful tax - gatherer
7734,1,0,0,1,our foolish brother
7230,1,0,0,1,the special favorite of the prince
7233,1,0,0,1,the prince 's natural son
6933,1,0,0,1,"some poet , gifted with sufficient humor"
1740,1,0,0,1,the son
1888,1,0,0,1,"each other in a purer , more affecting , and more spiritual manner"
1558,1,0,0,1,priests
7242,1,0,0,1,such practised judges
7727,1,0,0,1,an unskilful nurse
6939,1,0,0,1,a periwig
6940,1,0,0,1,the venerable gentleman
7725,1,0,1,0,we
6943,1,0,0,1,their chief actors
1737,1,0,1,0,"she,--would"
7723,1,0,0,1,this noble - minded girl
7205,1,0,0,1,this fellow
7722,1,0,0,1,the insane maiden
724,1,0,1,0,mine
7240,1,0,0,1,a small circle of friends
7605,1,0,0,1,the servant of every one
7597,1,0,0,1,a king 's son
7603,1,0,0,1,a stranger in the scene which from youth he had looked upon as his inheritance
7428,1,0,1,0,us
7321,1,0,0,1,heirs
7426,1,0,0,1,the inquiring courtier
7424,1,0,0,1,the generous prince
7085,1,0,0,1,a great painter
1677,1,0,1,0,you
7421,1,0,0,1,"men that feel superior to such objections , when the case requires it"
1681,1,0,0,1,a country parson
7419,1,0,0,1,their friends
7418,1,0,0,1,hesitation people
7416,1,0,1,0,us
1682,1,0,0,1,"all,--now"
1794,1,0,0,1,Each lovely dame
1712,1,0,0,1,her young friend
7326,1,0,1,0,their
1771,1,0,0,1,a player on the harp
7405,1,0,0,1,genius
7327,1,0,0,1,a great number of noblemen
7403,1,0,1,0,we
1793,1,0,0,1,each noble knight
7402,1,0,1,0,thou
7400,1,0,0,1,one or two old men
1790,1,0,0,1,souls
740,1,0,0,1,the critical authors
7398,1,0,0,1,so many thousand gallant fellows
7397,1,0,0,1,the cooks
7082,1,0,0,1,good players
1674,1,0,0,1,"a person standing on the shore , who had made a sign to him"
1709,1,0,1,0,them
732,1,0,0,1,"a great actor,--the future founder of that national theatre"
1663,1,0,0,1,a fencing - master
7152,1,0,1,0,We
7150,1,0,0,1,good old man
1714,1,0,1,0,our
7461,1,0,0,1,giver and receiver
7072,1,0,0,1,"very few who can comprehend , and transfer to practice"
1666,1,0,0,1,a Tyrolese
7074,1,0,0,1,an excellent but most expensive schoolmaster
7457,1,0,0,1,their inferiors
7455,1,0,1,0,her
7319,1,0,0,1,these apes
1765,1,0,1,0,our
1767,1,0,0,1,"a livery , younger , and more gifted rival"
7075,1,0,0,1,a human tutor
7449,1,0,1,0,Thou
7078,1,0,0,1,the individual man
7448,1,0,0,1,Strange man
7447,1,0,0,1,my benefactor
7446,1,0,0,1,the earthly judge
1669,1,0,0,1,"a party of total strangers to each other , who had just met on board a merchant - ship"
1671,1,0,0,1,the Jew
7148,1,0,1,0,you
744,1,0,0,1,his otherwise more gifted and valued friend
7080,1,0,0,1,a good player
7433,1,0,0,1,no girl
1773,1,0,0,1,the person it related to at that moment
714,1,0,0,1,the young creature whom he loved
7311,1,0,0,1,"a poet of his talents , whose life and death depended on the looks of a king"
1785,1,0,0,1,Most of the party
7109,1,0,0,1,the henchman
7367,1,0,0,1,all half - men
7126,1,0,0,1,people who have always skill to create opportunities for scattering it faster and faster away
7342,1,0,0,1,all writers
7111,1,0,0,1,that ancient minstrel
1705,1,0,1,0,our
7348,1,0,0,1,natural men
7121,1,0,0,1,some partner in the dialogue
7364,1,0,0,1,thou good little creature
7363,1,0,1,0,us
7362,1,0,0,1,these forlorn beings
1700,1,0,0,1,his comrade
7113,1,0,0,1,The shepherd
1701,1,0,1,0,they
7120,1,0,1,0,them
7349,1,0,1,0,you
1781,1,0,0,1,a Papist
7359,1,0,0,1,"an unknown man , who takes a genuine interest in you"
7116,1,0,0,1,many a player
7357,1,0,0,1,a silly mongrel
7356,1,0,0,1,a wandering ballad - monger
7354,1,0,0,1,such a class of people
7117,1,0,0,1,our starched characters
7118,1,0,0,1,a player
712,1,0,0,1,more attentive hearers
1783,1,0,0,1,the author of the song
7370,1,0,0,1,the present apparition
7095,1,0,0,1,an acquaintance
7341,1,0,0,1,a spirit
1774,1,0,0,1,this singular guest
7392,1,0,1,0,Thou
7137,1,0,0,1,a wife
7096,1,0,0,1,a _ man
739,1,0,0,1,the chosen few
7099,1,0,0,1,no one who hears
7387,1,0,0,1,little cozener
7386,1,0,0,1,never one so fit to wear it
7136,1,0,0,1,the stone man still upon the stone bench
7385,1,0,0,1,my imitator
7134,1,0,0,1,a true clod
7381,1,0,1,0,you
7380,1,0,0,1,a true friend
7100,1,0,0,1,fiddlers
738,1,0,0,1,acknowledged friends
7379,1,0,1,0,We
1789,1,0,0,1,peacemakers
7131,1,0,0,1,thy wife
7375,1,0,0,1,a plain or positively ugly person clothed in a costly and gorgeous fashion
1687,1,0,0,1,an English traveller
7373,1,0,0,1,women of all ranks
7336,1,0,0,1,the noble who can value literature
7129,1,0,0,1,the good people
7104,1,0,0,1,my good old man
7371,1,0,0,1,so many poets
1662,1,0,0,1,a half - pay officer
7466,1,0,0,1,a noble soul
7012,1,0,0,1,Our Pedant
7572,1,0,1,0,us
7173,1,0,0,1,my beloved one
7570,1,0,0,1,the most conscientious of Jews
7567,1,0,0,1,an innocent man
1623,1,0,0,1,this kind creature
7029,1,0,1,0,your
7561,1,0,0,1,stranger people
7171,1,0,0,1,thy child
1626,1,0,1,0,you
7288,1,0,0,1,our fair friend
1728,1,0,0,1,the _ dramatis personæ _
7558,1,0,0,1,the young couple
7291,1,0,0,1,the first whom this delightful manner of proceeding
7037,1,0,0,1,an honest fellow
1723,1,0,0,1,the acting characters
755,1,0,0,1,"an active merchant , whose speculations were commonly favored by fortune"
7548,1,0,0,1,Well - informed people
7547,1,0,0,1,any good friend
7038,1,0,1,0,Thy
7543,1,0,0,1,the poor soul
7541,1,0,1,0,you
7540,1,0,0,1,widower
754,1,0,0,1,"the elder Werner,--a man noted as an active merchant , whose speculations were commonly favored by fortune . But nothing was so much desired by Meister as to confer upon his son those qualities of which himself was destitute , and to leave his children advantages which he reckoned it of the highest importance to possess"
7294,1,0,0,1,boy
7040,1,0,0,1,each without disguise
7539,1,0,0,1,patient
7286,1,0,0,1,his cousin
7026,1,0,0,1,"that old crone , from whose guidance I boded no good"
7537,1,0,0,1,husband
1621,1,0,0,1,his own child
1605,1,0,0,1,"the fair - haired boy who used to attend Philina , stubbornly refusing , on this occasion , to cover the table and bring up dinner"
7177,1,0,1,0,our
1826,1,0,0,1,the patient husband
7014,1,0,0,1,everybody
7175,1,0,0,1,little dear
7601,1,0,0,1,an only son
1609,1,0,0,1,the former company
1821,1,0,1,0,them
7599,1,0,0,1,a subject
1762,1,0,1,0,their
7598,1,0,0,1,a sovereign
7351,1,0,0,1,the thirsting people of my native land
1819,1,0,1,0,we
1612,1,0,1,0,our
7590,1,0,0,1,useless people
7283,1,0,1,0,we
7589,1,0,0,1,"a great lord , to whom with a safe conscience"
7588,1,0,0,1,an old friend
7587,1,0,0,1,my fair - haired boy
7284,1,0,0,1,a few such active and prudent friends
7023,1,0,0,1,my own daughter
1817,1,0,0,1,such unfriendly and ungrateful people
1614,1,0,0,1,this strange old gentleman
1620,1,0,0,1,"a frail , ill - succored mother"
7577,1,0,0,1,"the "" young couple"
7538,1,0,0,1,cuckold
7536,1,0,0,1,bridegroom
7467,1,0,0,1,one exalted above it
7303,1,0,0,1,the most distinguished persons
7307,1,0,0,1,these earthly gods
7308,1,0,0,1,my author
7159,1,0,0,1,a brave lad
7493,1,0,1,0,You
7157,1,0,1,0,You
7492,1,0,0,1,the largest audience
1637,1,0,0,1,sailor
7490,1,0,0,1,school - boys
7066,1,0,0,1,the man possessed of only common capabilities
749,1,0,0,1,"Werner's,--two men of very different modes of thinking , but whose opinions so far coincided , that both regarded commerce as the noblest calling"
1638,1,0,0,1,the boys of the town
7486,1,0,0,1,some proper judge
7485,1,0,0,1,their possessor
1641,1,0,1,0,our
1644,1,0,0,1,a little company
748,1,0,0,1,Wilhelm 's father
7309,1,0,0,1,a nation
7154,1,0,0,1,Who longs in solitude to live
1717,1,0,0,1,this wild girl
7475,1,0,0,1,those that merited to please
7472,1,0,1,0,himself
7069,1,0,0,1,worthy men
7070,1,0,0,1,his masters
7470,1,0,0,1,a hired slave
1660,1,0,0,1,The latter even
7063,1,0,0,1,"every other artist,--nay"
706,1,0,0,1,the lady of his heart
1722,1,0,0,1,The harnessed knights
7160,1,0,0,1,whoever marks upon the other 's coat the first or the most thrusts
7532,1,0,1,0,you
7531,1,0,1,0,we
7530,1,0,0,1,"those who overstepped the limits of the right , the good , and the becoming"
7529,1,0,0,1,a good companion
7526,1,0,0,1,the honorable - minded
7041,1,0,1,0,they
7164,1,0,0,1,"Mignon?""--""Dear little creature"
7518,1,0,0,1,my hero
7517,1,0,0,1,my prototype
7515,1,0,0,1,every one of us
1629,1,0,0,1,the dear little creature
7045,1,0,0,1,a chance passenger
7510,1,0,0,1,"a spectator , whose purpose it is rather to be entertained and moved"
1804,1,0,0,1,a friendly mien to his entertainers
7506,1,0,0,1,no inept fellow
1764,1,0,0,1,"such a person , whose whole manner of proceeding was well known to him"
7505,1,0,0,1,a rope - dancer
7297,1,0,0,1,a poet who has painted so excellently and so truly the circumstances of their lofty station
7298,1,0,0,1,great men
1633,1,0,1,0,our
705,1,0,0,1,the departing warrior
7050,1,0,0,1,every troop of players
7299,1,0,0,1,men of eminent rank
7302,1,0,0,1,a great king
1799,1,0,0,1,Thy boldest knight
7061,1,0,0,1,play - going people
8112,1,0,0,1,society itself
7796,1,0,0,1,a helper
8873,1,0,0,1,her family
8924,1,0,1,0,them
8925,1,0,1,0,We
1176,1,0,0,1,his trading - friends
1164,1,0,1,0,their
8936,1,0,0,1,the person whom he had so long been seeking for
8937,1,0,0,1,"a man for whom I had the greatest value , beside whom , and along with whom , I might expect a full , expanded , free , and profitable employment of my inborn tendency"
8939,1,0,0,1,his grand - uncle
894,1,0,0,1,a person not without value in her own eyes
8940,1,0,0,1,the worthy gentleman
8941,1,0,0,1,a rich wife
8942,1,0,0,1,a man of sense
8943,1,0,0,1,"a household wife , at all events"
8945,1,0,0,1,his noble relative
1162,1,0,0,1,a third person
8959,1,0,0,1,your step - mother
896,1,0,0,1,his assistant
8961,1,0,0,1,the miserablest man alive
8966,1,0,1,0,we
8967,1,0,0,1,some little ones
8921,1,0,0,1,his aunt
892,1,0,0,1,a few respectable citizens
1177,1,0,1,0,we
8897,1,0,0,1,we household people
1193,1,0,0,1,guests
888,1,0,0,1,"The _ Amtmann _ , who had no particular taste for such extraordinary occurrences , being wo nt on these occasions to commit frequent errors , and , with the best intentions"
8888,1,0,1,0,us
8889,1,0,0,1,"a man whom I so highly valued gave the preference , not to my person"
889,1,0,0,1,the higher powers
8890,1,0,1,0,they
8893,1,0,0,1,my dear Theresa
8895,1,0,0,1,household wives
8898,1,0,0,1,household people
8918,1,0,0,1,a clever forester
8899,1,0,0,1,beautiful and lovely women
1187,1,0,0,1,the proprietor of which stood as a debtor in his list
8906,1,0,0,1,an experienced forester
8911,1,0,0,1,our young friends
8912,1,0,0,1,this noble gentleman
8913,1,0,0,1,my men
8915,1,0,0,1,the party on our marches
8916,1,0,0,1,a nephew of the lady
8968,1,0,0,1,future husbands
8971,1,0,0,1,"the man , who , in order to adjust himself to fate , is not required to cast away his whole preceding life"
1147,1,0,0,1,our person
9030,1,0,0,1,"the child , to whom the horses"
9018,1,0,0,1,a farmer
1134,1,0,1,0,her
902,1,0,0,1,her judges
9021,1,0,0,1,The boys
9027,1,0,0,1,a child of probably a year old
9028,1,0,0,1,a female
9029,1,0,0,1,some person tripping down - stairs
903,1,0,0,1,an impudent strumpet
9032,1,0,0,1,"the mother of six children , perhaps of more"
9015,1,0,1,0,they
9034,1,0,1,0,our
9039,1,0,0,1,the person whom I wanted
9041,1,0,0,1,a child behind the hedge
9042,1,0,0,1,her other children
9045,1,0,0,1,the farmer
9046,1,0,0,1,the farmer 's daughter
9049,1,0,0,1,"The child , meanwhile"
905,1,0,0,1,their families
9017,1,0,1,0,You
9014,1,0,0,1,My bodily ailings
8975,1,0,0,1,a moralist
8991,1,0,0,1,a young woman
8976,1,0,0,1,a doctor
8978,1,0,1,0,his
8980,1,0,0,1,"The man to whom the universe does not reveal directly what relation it has to him , whose heart does not tell him what he owes to himself and others"
8983,1,0,0,1,that man
8985,1,0,0,1,my generous friend
8987,1,0,0,1,the one party
899,1,0,0,1,The senior
8990,1,0,0,1,exceptions of the happiest kind
8992,1,0,0,1,a man advanced in life
1137,1,0,0,1,his brothers
8993,1,0,0,1,the son of any honest farmer in the neighborhood
8994,1,0,0,1,any honest farmer in the neighborhood
1146,1,0,0,1,their community
900,1,0,0,1,the pretty criminal
1141,1,0,0,1,"a poet and actor , with spiteful criticisms on every side"
9006,1,0,0,1,some lucky rival
9008,1,0,0,1,his false and artful friends
1138,1,0,0,1,"sisters , which first becomes truly sensible in times of distress and want"
8874,1,0,0,1,every person in it
887,1,0,0,1,a neighbor
780,1,0,1,0,their
8864,1,0,0,1,family drudges
8674,1,0,1,0,they
8676,1,0,0,1,no creature
8677,1,0,0,1,this precious lover
8678,1,0,1,0,we
868,1,0,0,1,the rustic bailiffs
8683,1,0,0,1,my guests
8684,1,0,0,1,a dull companion
8685,1,0,0,1,My cook
8687,1,0,1,0,we
869,1,0,0,1,the tender group
8697,1,0,0,1,that noble gentleman
8698,1,0,0,1,a guiltless instrument
8699,1,0,0,1,a man whom I value more than any one I ever knew before
1228,1,0,0,1,The youngest child
8702,1,0,0,1,this gifted company of men
8704,1,0,0,1,a stranger tongue
8707,1,0,1,0,yours
8708,1,0,1,0,they
871,1,0,0,1,his fair companion
8672,1,0,0,1,a very interesting person
8667,1,0,0,1,a genuine Amazon
8666,1,0,0,1,many a man
864,1,0,0,1,their conductors
1256,1,0,0,1,leapers
862,1,0,0,1,"the poor , misguided creatures , who were sitting upon bundles of straw , looking tenderly at one another , and scarcely seeming to observe the by - standers . Accident had forced their conductors to bring them from the last village in that unseemly style ; the old chaise , which had previously transported the lady , having there broken down . On that occurrence she had begged for permission to sit beside her friend"
8626,1,0,0,1,our old physician
8629,1,0,1,0,they
863,1,0,0,1,"one another , and scarcely seeming to observe the by - standers"
8631,1,0,1,0,You
8636,1,0,1,0,your
8639,1,0,0,1,an unlucky creature
8649,1,0,0,1,one of her most intimate friends
8665,1,0,0,1,a lady such as you will rarely see
8650,1,0,0,1,her most intimate friends
8652,1,0,0,1,our lawyer
1237,1,0,0,1,Many of his debtors
8656,1,0,0,1,a cunning knave
1233,1,0,1,0,our
8661,1,0,1,0,it
8662,1,0,0,1,our equals
1231,1,0,0,1,his own children
1217,1,0,0,1,the man entirely refined
8716,1,0,0,1,some one here and there whom we accord with
1216,1,0,0,1,the man of more refinement
1208,1,0,0,1,a strolling company
8780,1,0,0,1,"every one of whom I knew full well , standing on their scaffold"
8782,1,0,0,1,this baron
8783,1,0,0,1,that secretary
879,1,0,0,1,the _ Amthaus _
8791,1,0,0,1,this housemaid
8792,1,0,0,1,my daughter
8793,1,0,0,1,a person unconnected with me
8794,1,0,1,0,our
881,1,0,0,1,his new friend
8776,1,0,0,1,shepherdesses of every kind
1203,1,0,0,1,an understrapper at the prince
8819,1,0,0,1,a loser
1202,1,0,0,1,the painters employed in the manufactory
8833,1,0,0,1,her steward
8835,1,0,0,1,we women
8844,1,0,0,1,the lady whom I lived with
1196,1,0,0,1,"the head forester , who at length also arrived , entered with a few hunters"
8856,1,0,0,1,a shallow traveller
8778,1,0,1,0,you
8774,1,0,0,1,the leading heroines
872,1,0,0,1,the by - standers
8744,1,0,0,1,a tender father
8721,1,0,0,1,a steward
8725,1,0,0,1,my new neighbor
8731,1,0,0,1,your master
8732,1,0,0,1,my good neighbor
8735,1,0,0,1,him gifted women
8737,1,0,0,1,thy Amazon
8741,1,0,0,1,a German maiden
8743,1,0,0,1,"a wealthy nobleman of this province,--a cheerful , clear - sighted , active , able man"
8745,1,0,0,1,an upright friend
8773,1,0,0,1,an ancient chamber - maid
8746,1,0,0,1,an excellent economist
8747,1,0,0,1,a wife who did not know his worth
8750,1,0,0,1,her only child
8769,1,0,0,1,a pretty girl who had been brought up with me
1213,1,0,1,0,our
8770,1,0,0,1,who promised from the first to be extremely beautiful
1211,1,0,0,1,her guardian
8772,1,0,0,1,the aunts
9057,1,0,0,1,youths
1132,1,0,0,1,the monster
9061,1,0,0,1,"a wife who will everywhere co - operate with him , who will everywhere prepare his way for him ; whose diligence takes up what his must leave ; whose occupation spreads itself on every side , while his must travel forward on its single path"
9063,1,0,0,1,"men,--this clearness of view"
1037,1,0,0,1,the staid and thinking Werner
9323,1,0,0,1,the mother that is gone unworthy of you
9324,1,0,0,1,the lovely child
9328,1,0,0,1,young man
9329,1,0,1,0,Ours
933,1,0,0,1,his bride
9332,1,0,1,0,us
1032,1,0,1,0,we
9334,1,0,0,1,a helper in homes following its directions
9336,1,0,1,0,your
9337,1,0,0,1,every American family
934,1,0,1,0,our
9340,1,0,1,0,they
9341,1,0,0,1,FAMOUS PEOPLE OF ALL AGES
9342,1,0,0,1,many readers
9345,1,0,0,1,HOMELY GIRLS ON HEALTH AND BEAUTY
9346,1,0,1,0,we
9347,1,0,0,1,all who wish to obtain instruction on matters relating to social usage and society
9348,1,0,0,1,those who are not experienced in speech or with pen
932,1,0,0,1,the parents of his bride
9318,1,0,0,1,Ye marvellous sages
1041,1,0,1,0,you
9292,1,0,0,1,a prudent man
9273,1,0,0,1,the most unhappy man on earth
1056,1,0,0,1,men at ease
1054,1,0,0,1,a very worthless lover
9279,1,0,0,1,our people
928,1,0,0,1,the downcast youth
9281,1,0,1,0,They
9284,1,0,0,1,"men whose intercourse , in every sense"
9291,1,0,0,1,The trader
1051,1,0,0,1,a most seductive girl
9310,1,0,0,1,the men who may be trusted
9297,1,0,0,1,a mass of men
930,1,0,0,1,the lady 's parents
1044,1,0,0,1,neither of the two
9302,1,0,0,1,the sick king
9303,1,0,0,1,the sick king 's son
1043,1,0,0,1,both good - hearted men
9309,1,0,0,1,the dregs
931,1,0,0,1,the prisoner
9349,1,0,0,1,the mythological heroes
9350,1,0,0,1,the persons in whom the student and writer would naturally take most interest
9351,1,0,0,1,the student and writer
972,1,0,0,1,a happy rival
958,1,0,0,1,the luckless pair
959,1,0,0,1,a mean vagabond
961,1,0,0,1,its relatives
963,1,0,0,1,Both parents
964,1,0,0,1,"Wilhelm , who pleaded very hard , unwilling that a man whom he contemned should return to the stage , and convinced that he deserved not such a happiness , could not , with all his rhetoric , produce the slenderest impression"
965,1,0,0,1,a man whom he contemned
967,1,0,0,1,his daughter
1007,1,0,1,0,you
973,1,0,0,1,"his young wife , who already manifested no dislike to go and see the world , and be seen of it"
1011,1,0,0,1,the right man
976,1,0,0,1,a child that can for hours delight itself with an echo
977,1,0,0,1,the unseen interlocutor
978,1,0,0,1,a beggar that lived upon her alms
1006,1,0,1,0,_
984,1,0,1,0,their
986,1,0,0,1,a substantial burgher
993,1,0,0,1,the Orientals
1004,1,0,0,1,"the other players , whom , on his first visits"
1010,1,0,1,0,it
955,1,0,0,1,her aunt
9353,1,0,0,1,the dressmaker
9364,1,0,0,1,the worker
1030,1,0,0,1,future brother - in - law
9356,1,0,1,0,us
9357,1,0,0,1,all needle - workers
1024,1,0,0,1,a decent family
9359,1,0,0,1,mothers
9361,1,0,0,1,housewife
9362,1,0,0,1,needle - woman
1018,1,0,0,1,some rival company
1017,1,0,1,0,his
1016,1,0,0,1,their comrades
938,1,0,0,1,his young wife
942,1,0,0,1,the worthy man
943,1,0,1,0,them
946,1,0,1,0,our
948,1,0,1,0,their
949,1,0,0,1,their sisters
951,1,0,0,1,the forsaken family
953,1,0,1,0,we
9272,1,0,1,0,thou
927,1,0,0,1,these new acquaintances
9269,1,0,0,1,the poor man
9150,1,0,0,1,her companion
1111,1,0,0,1,the phantom
9125,1,0,0,1,a good girl
1109,1,0,1,0,it
9132,1,0,1,0,thou
1104,1,0,0,1,his artists
9140,1,0,0,1,a capitalist
9144,1,0,0,1,a pretty niece
9146,1,0,0,1,a made man
1094,1,0,1,0,Our
9118,1,0,0,1,the son of that unhappy and too true and tender - hearted girl
9158,1,0,1,0,thou
1092,1,0,0,1,his guide
9165,1,0,0,1,many a mother
9168,1,0,0,1,some more experienced female
9169,1,0,0,1,her confessor
9171,1,0,1,0,them
1085,1,0,0,1,"the owners of various extensive edifices , then about some police regulations of the town"
9177,1,0,0,1,poor girl
912,1,0,0,1,this audience
9115,1,0,0,1,"noble Amazon , glorious , protecting spirit"
9181,1,0,1,0,our
9075,1,0,0,1,"the lovely child , to whose good fortune there is nothing wanting , but that a tender father"
9064,1,0,1,0,they
1131,1,0,0,1,his confidant
9068,1,0,0,1,the hapless mother
907,1,0,0,1,the two lovers
9070,1,0,0,1,"the child,--a son whom any father might rejoice in , and whom you appear entirely to overlook"
9071,1,0,0,1,any father
9072,1,0,0,1,a parent
9074,1,0,0,1,Aurelia 's son
9078,1,0,0,1,no child
1118,1,0,0,1,"a spirit of midnight , which awakens unutterable terror"
908,1,0,0,1,the wavering _ Amtmann _
9081,1,0,1,0,we
1128,1,0,0,1,the friend that has hastened to deliverance
1123,1,0,1,0,him
1119,1,0,0,1,a child of imagination
9096,1,0,0,1,"the children , who were playing at the door"
9103,1,0,0,1,a mother among many children
9107,1,0,0,1,the fair cousin
9180,1,0,0,1,mein Herr
9183,1,0,0,1,your rival
1057,1,0,0,1,men in love
9241,1,0,0,1,scandalous creature
923,1,0,0,1,her parents
9230,1,0,0,1,Lothario 's son
1061,1,0,0,1,"some unskilful dentist has been seizing a diseased , yet fast - rooted , tooth , and tugging at it harshly to no purpose"
9233,1,0,0,1,the children of our lovers
9234,1,0,0,1,our lovers
1060,1,0,0,1,"a man in whose jaw some unskilful dentist has been seizing a diseased , yet fast - rooted , tooth , and tugging at it harshly to no purpose"
9239,1,0,1,0,them
924,1,0,0,1,intercessor
9242,1,0,0,1,the fairest and the loveliest child in nature
9225,1,0,1,0,thou
9244,1,0,0,1,you gentlemen who know no want
1058,1,0,0,1,witnesses
9246,1,0,0,1,no friend
9247,1,0,0,1,selfish men
9252,1,0,0,1,a sighing lover of me
9254,1,0,0,1,my pretty Mariana
926,1,0,0,1,the _ Amtmann
9260,1,0,0,1,a stranger one
9229,1,0,0,1,a person who invents untruths for her advantage
9224,1,0,0,1,my dear child
9184,1,0,1,0,thou
9204,1,0,0,1,a lover
9185,1,0,0,1,my one beloved friend
9190,1,0,0,1,this lovely girl
9191,1,0,1,0,"me,--with"
9192,1,0,0,1,the man whose cruelty thou hadst not yet experienced
9193,1,0,1,0,we
9195,1,0,1,0,thee
9196,1,0,0,1,my Felix
9203,1,0,0,1,no bridegroom
9205,1,0,1,0,thyself
9222,1,0,0,1,our good Aurelia
9208,1,0,1,0,our
9209,1,0,0,1,the child which I carry under my heart
9210,1,0,0,1,no other man
9211,1,0,1,0,they
9218,1,0,0,1,you gentlemen
1070,1,0,0,1,Each party
1067,1,0,1,0,us
9221,1,0,0,1,"people , who themselves kept silence in regard to works of merit"
8611,1,0,0,1,Poor actors
8610,1,0,1,0,you
8609,1,0,0,1,simpletons
8228,1,0,0,1,a great public
8096,1,0,0,1,"this youth , exasperated even to murder"
8099,1,0,1,0,we
810,1,0,0,1,those luckless creatures they soon hope to see by dozens safely lodged in their nets
8103,1,0,0,1,the great poet
8105,1,0,0,1,the acting figures
8106,1,0,1,0,we
8108,1,0,0,1,these two persons
8109,1,0,0,1,a single man
6889,1,0,1,0,us
8113,1,0,0,1,a pair of them
8114,1,0,0,1,"the single , noble , excellent Horatio"
1401,1,0,0,1,some other children at play
8116,1,0,0,1,Old Boisterous 's eldest daughter
8117,1,0,0,1,a second husband
8118,1,0,0,1,the first immensely
8123,1,0,1,0,their
8124,1,0,0,1,old folk
8128,1,0,0,1,a personage like one of us
813,1,0,1,0,them
1405,1,0,0,1,this being
8083,1,0,1,0,we
1407,1,0,1,0,our
8053,1,0,0,1,few men of any modern nation
804,1,0,0,1,a disagreeable lover
8040,1,0,0,1,the burghers
1434,1,0,0,1,a beautiful dancer
1431,1,0,0,1,both the young men
8044,1,0,0,1,the upper classes of society
8045,1,0,1,0,we
8049,1,0,0,1,Authors
8052,1,0,0,1,the public itself
8064,1,0,0,1,pirates
8079,1,0,0,1,The new sovereign
1429,1,0,0,1,the man of taste
8068,1,0,1,0,we
1417,1,0,0,1,strangers who had come that morning
8070,1,0,0,1,"the Norwegians , lately conquered"
8074,1,0,0,1,an old school - friend of Hamlet 's
8076,1,0,0,1,the new luxurious king
1416,1,0,0,1,a couple of strangers who had come that morning
8078,1,0,1,0,"him,--a"
8131,1,0,0,1,a more perfect artist of his kind
8132,1,0,0,1,No spectator
8135,1,0,1,0,we
8203,1,0,0,1,very few
8180,1,0,0,1,The novel - hero
8181,1,0,0,1,the Vicar of
8184,1,0,1,0,you
8187,1,0,0,1,every educated man
8191,1,0,0,1,freemasons
8193,1,0,0,1,our fellow - laborers
1376,1,0,0,1,the whole assembly
820,1,0,0,1,"a player,--a person who had parted lately from a small strolling company , and had staid in the place , and commenced teaching French"
8205,1,0,0,1,most men
8174,1,0,0,1,your well - fed prince
1373,1,0,0,1,"Some children , whose bodies were made to exhibit the strangest contortions , awakened astonishment or horror"
8208,1,0,0,1,those who have it not
821,1,0,0,1,a small strolling company
8210,1,0,0,1,any one to make pretensions to the spirit of a thing
8214,1,0,1,0,We
8215,1,0,1,0,them
8223,1,0,0,1,"some gallant , useful man , who is dying of a chronical disease"
1371,1,0,0,1,spectators of some quality
1379,1,0,0,1,full - grown women
8173,1,0,0,1,your fat Hamlets
8137,1,0,0,1,many thousands
1391,1,0,0,1,the more cultivated public
8138,1,0,0,1,a charming reader
814,1,0,0,1,His merchant
8143,1,0,0,1,these travelling players
8144,1,0,0,1,"The person who recites the death of Priam with such feeling , in the _ first _ place"
8146,1,0,0,1,the wavering youth
8150,1,0,0,1,his stepfather
8151,1,0,0,1,a rogue and peasant slave
1392,1,0,0,1,A few
1389,1,0,0,1,the gentlemen at Landrinette
8172,1,0,0,1,a dark - haired young man
8155,1,0,0,1,an actor whom we are expecting
8156,1,0,0,1,Strange youth
1382,1,0,0,1,"a hearty knave , of middle stature , with black eyes and a strong head of hair"
8162,1,0,0,1,"This respectable , gray - haired , enduring , time - serving half - knave"
8163,1,0,0,1,our author
8167,1,0,0,1,his Hamlet
8168,1,0,0,1,a Dane
8169,1,0,0,1,a Northman
8039,1,0,0,1,the nobles
8027,1,0,0,1,his equals
8026,1,0,0,1,kinglike figures
7872,1,0,0,1,the ruling powers
7859,1,0,0,1,the young widow
786,1,0,0,1,a cunning thief in
7860,1,0,0,1,his relations
7861,1,0,0,1,his amiable sister
7862,1,0,1,0,ours
7864,1,0,0,1,no fellow
7869,1,0,1,0,them
787,1,0,0,1,short - sighted turnkeys
7874,1,0,0,1,true fathers of their country
7855,1,0,0,1,the motley crowd that squeeze into the wardrobe of a theatre
7877,1,0,0,1,any noted man
1528,1,0,0,1,the lively Laertes
7880,1,0,0,1,a pastoral bar - maid
1525,1,0,0,1,some persons who met them on their journey
7888,1,0,0,1,freshmen and bunglers
7889,1,0,0,1,"no stick , properly so called"
7890,1,0,0,1,"the only person that can never be improved , never bent or guided , whether it be self - conceit , stupidity"
7891,1,0,0,1,the two women who appeared before thee in thy youth
7858,1,0,0,1,any poet
7852,1,0,0,1,active and busy men in so many provinces of art
7899,1,0,0,1,"a restless , disorderly , and disobedient boy"
7828,1,0,0,1,any living creature
1541,1,0,0,1,the merry girl
1539,1,0,0,1,waiter
1533,1,0,1,0,our
7811,1,0,1,0,"me,--a"
1532,1,0,0,1,very worthy people
7815,1,0,0,1,some Frenchmen
7821,1,0,0,1,his many friends
7825,1,0,0,1,my ever - ailing husband
7832,1,0,1,0,you
7850,1,0,0,1,the most distinguished persons of the age
7833,1,0,0,1,a strange creature
7834,1,0,1,0,they
7839,1,0,0,1,"a nation,--foolish"
7841,1,0,0,1,individual men
7842,1,0,1,0,us
7843,1,0,0,1,men of lofty minds
7845,1,0,0,1,a leader
785,1,0,0,1,a conjurer
7897,1,0,0,1,a beginner
1513,1,0,1,0,our
8023,1,0,0,1,any burgher
1454,1,0,0,1,"The lazy , worthless urchin"
1489,1,0,0,1,some sturdy smiths
1481,1,0,1,0,they
1478,1,0,0,1,"the black - bearded , hot Italian"
7965,1,0,0,1,thy grandfather
797,1,0,1,0,we
1475,1,0,1,0,Our
1470,1,0,0,1,some young ladies
1460,1,0,0,1,the raging showman
1451,1,0,0,1,his new assailant
795,1,0,0,1,a present one
8001,1,0,0,1,enviable people
1448,1,0,0,1,the fellow
1445,1,0,0,1,the master of the rope - dancing company
1440,1,0,1,0,our
1438,1,0,0,1,A multitude of people
8011,1,0,1,0,our
8012,1,0,0,1,a simple burgher
1436,1,0,0,1,his two friends
1490,1,0,1,0,they
7946,1,0,0,1,people who on such occasions use to gain any thing
1503,1,0,0,1,"the rope - dancers , not without much parade and bustle"
7915,1,0,1,0,them
1500,1,0,1,0,our
7907,1,0,0,1,"a poor , wretched , lovelorn creature,--lovelorn"
1495,1,0,0,1,"a child , placed on its head , and dressed out in the shape of a ball and weather - vane"
791,1,0,0,1,some watchman
7910,1,0,0,1,all the holy angels
7911,1,0,0,1,a woman giving herself to the man she loves
7912,1,0,0,1,the man she loves
1494,1,0,0,1,"young lads , supported in like manner on the second row"
7918,1,0,1,0,us
794,1,0,0,1,her absent lover
7919,1,0,0,1,"a hapless creature , whom , by the weight of my fidelity , I drew to the bottom like a reed , perhaps even broke in pieces"
7921,1,0,0,1,my beautiful
7922,1,0,0,1,"my noble , friend"
7924,1,0,0,1,so many women
7927,1,0,0,1,one woman
7929,1,0,0,1,one honest man
793,1,0,1,0,"him,--and"
7933,1,0,0,1,a half - crazed being
8226,1,0,0,1,this physician
8230,1,0,0,1,pedlers
8606,1,0,0,1,a man of marvellous originality
8234,1,0,0,1,a well - beloved child
8463,1,0,0,1,a beloved father
1298,1,0,0,1,"a good , solid , thorough - paced German fencing - master"
1297,1,0,0,1,his new competitor
8472,1,0,1,0,we
1294,1,0,1,0,our
8478,1,0,0,1,My dear uncle
8479,1,0,0,1,a worthy man to whom you might be useful
1293,1,0,0,1,"the black - bearded , sturdy contender soon afterwards forsook the place of action"
1291,1,0,0,1,the vaulting company
8484,1,0,1,0,you
8487,1,0,0,1,the many like them
8488,1,0,0,1,the very persons who would never read a book which had been written just as they require it
8489,1,0,1,0,us
849,1,0,0,1,the military
8490,1,0,0,1,Good minds
8492,1,0,0,1,his imitator
8493,1,0,0,1,"those do not act well , who , in a solitary , exclusive manner , follow moral cultivation by itself"
8494,1,0,0,1,whose spirit strives for a development of that kind
8495,1,0,0,1,a person who can understand and value and enjoy what it contains
8462,1,0,0,1,persons who should willingly and gladly bring a favorite lamb to the altar for the health of a beloved father
846,1,0,0,1,the two runaways
8459,1,0,0,1,your bridegroom
8438,1,0,1,0,its
8420,1,0,0,1,a papa
8424,1,0,0,1,an honorable girl
8425,1,0,1,0,us
8428,1,0,0,1,a traveller in the dark
8430,1,0,1,0,Thou
8431,1,0,0,1,gracious Father
8433,1,0,0,1,two people
1305,1,0,0,1,all bedizened with ribbons and spangles
8439,1,0,0,1,its Maker
8457,1,0,0,1,"my friend , whose highest want it was to perfect and unfold your moral nature , had , instead of those bold and noble sacrifices , merely trimmed between your duties to yourself and to your family , your bridegroom , or perhaps your husband"
8441,1,0,0,1,advocates of the wicked Spirit
8442,1,0,0,1,the Divinity
8445,1,0,1,0,them
8447,1,0,0,1,architect
8449,1,0,0,1,my dear niece
845,1,0,0,1,a young man who came up on horseback
1299,1,0,0,1,the party - colored brotherhood
8453,1,0,0,1,"people who have taken up a notion that they must and will erect a tower , and who yet expend on the foundation not more stones and labor than would be sufficient for a hut"
8496,1,0,0,1,every man of wealth and rank
8498,1,0,0,1,"our transitory , youthful friends"
1289,1,0,0,1,the better fencer
1271,1,0,0,1,"a boy with a white jacket , and a barber"
856,1,0,0,1,"the young man Wilhelm had been speaking to ) , on the border of their several districts"
1277,1,0,0,1,a young creature
8573,1,0,0,1,the general whole
1274,1,0,0,1,"the fair one , who returned it with a friendly courtesy"
1273,1,0,0,1,this nimble messenger
8582,1,0,0,1,our guest
8584,1,0,0,1,the unhappy wiseacre
8585,1,0,0,1,the villain who have brought his pretty wife to such a state that she inclines accompanying him
859,1,0,0,1,the conjurer
8549,1,0,0,1,No knight
1263,1,0,0,1,some workmen
8595,1,0,0,1,My prince
8596,1,0,0,1,my only friend
8597,1,0,0,1,benefactor
1258,1,0,0,1,a strong man
1257,1,0,0,1,jugglers
8601,1,0,0,1,the society of gypsies
8603,1,0,0,1,none that has not been upon it
8550,1,0,0,1,"her husband , whom for years she had not lived with"
8548,1,0,1,0,they
850,1,0,0,1,"the loving couple , who had already been seized and detained in a neighboring village"
1283,1,0,0,1,a member of the vaulting and dancing company
8501,1,0,0,1,a gracious God
8504,1,0,0,1,a Lutheran country clergyman
8505,1,0,0,1,a Catholic priest
1284,1,0,0,1,the vaulting and dancing company
8512,1,0,1,0,we
8513,1,0,0,1,that cruel man
8519,1,0,1,0,thyself
8520,1,0,0,1,a cultivated human being
8524,1,0,0,1,the man who does not value it beyond its worth
8547,1,0,0,1,a rival
8525,1,0,1,0,"him,--will"
8529,1,0,0,1,the colonel
8530,1,0,0,1,his enemy
8536,1,0,1,0,We
8538,1,0,1,0,our
8541,1,0,1,0,us
8542,1,0,0,1,your people
8543,1,0,0,1,witness
1308,1,0,0,1,"the young , dark , black - haired figure"
8418,1,0,1,0,our
8417,1,0,0,1,"Ungrateful , inhuman man"
1346,1,0,0,1,a miner in disguise
8284,1,0,0,1,good people
8286,1,0,0,1,my lord
8287,1,0,0,1,ministers of grace
8288,1,0,1,0,us
1352,1,0,0,1,The miner
8290,1,0,0,1,a spirit of health
8293,1,0,0,1,royal Dane
8297,1,0,1,0,you
8305,1,0,1,0,we
1355,1,0,0,1,his instructor
8307,1,0,0,1,thy Felix
8309,1,0,0,1,Unhappy creature
831,1,0,0,1,this frenzied sibyl
8311,1,0,0,1,"a "" king of shreds and patches"
8312,1,0,0,1,"this handsome , young , enviable gallant"
8314,1,0,0,1,"a lady of my friends , who wishes to remain a few days undiscovered . You shall know her history in due season"
8316,1,0,0,1,the beautiful spinster in person
8317,1,0,0,1,your new acquaintance
8280,1,0,1,0,we
8279,1,0,1,0,They
8321,1,0,0,1,this lady in disguise
8258,1,0,0,1,the seaman
8235,1,0,0,1,a pampered child of quality
8237,1,0,0,1,the guard
1365,1,0,0,1,both of her attendants to her own apartments
8245,1,0,0,1,pretty one
8246,1,0,0,1,traffickers
8247,1,0,0,1,tradesmen
8253,1,0,0,1,her cooks
8257,1,0,0,1,the distant vintager
8259,1,0,0,1,the vintner
8277,1,0,1,0,we
826,1,0,0,1,her daughter
1358,1,0,0,1,the miner chiefly that got out of this contention with honor
8265,1,0,0,1,Pretty maids
1357,1,0,0,1,good friends
8267,1,0,1,0,our
1356,1,0,1,0,they
8271,1,0,1,0,their
8275,1,0,0,1,the women you deserve
8318,1,0,0,1,your old friend
8323,1,0,0,1,your Cecilias
8414,1,0,0,1,courtiers
8392,1,0,0,1,no children
8377,1,0,0,1,a rich and noble couple
838,1,0,0,1,"the son of one to whom he had so many obligations to depart without tasting of his hospitality , without remaining at least a night beneath his roof"
8380,1,0,0,1,worthy pastor
8382,1,0,0,1,a certain nobleman
8383,1,0,0,1,some persons of the house
8385,1,0,0,1,a young man in the master
8387,1,0,0,1,this noble and most amiable lady
8390,1,0,0,1,the Hernhuters
840,1,0,0,1,a number of armed men coming through the fields
837,1,0,0,1,the honest man
1314,1,0,0,1,main characters
8401,1,0,1,0,you
131,1,0,1,0,its
1309,1,0,0,1,the crowded multitude
8406,1,0,0,1,meritorious people
8408,1,0,0,1,the person for maintaining that establishment upon your single strength
8409,1,0,0,1,your fellow - actors
8410,1,0,0,1,inferior people
8375,1,0,0,1,our children
8366,1,0,0,1,some children
8326,1,0,0,1,all the women in this world
1329,1,0,0,1,"The boy , out of sulkiness and ill nature more than want of skill"
1336,1,0,0,1,the gathering crowd
8333,1,0,0,1,a spectre
8335,1,0,0,1,no eye
8336,1,0,0,1,this lovely creature
8337,1,0,0,1,no one else
8339,1,0,0,1,a high family
1332,1,0,0,1,every beggar
8346,1,0,0,1,spectator
8348,1,0,0,1,neither manager
1316,1,0,0,1,his new companion
8351,1,0,0,1,Every good society
1328,1,0,0,1,her little servant
8354,1,0,0,1,"genuine , powerful , cordial German"
8356,1,0,0,1,the _ faithless _ of the English
8357,1,0,0,1,a nation that can figure out so many shades of meaning by a single word
1324,1,0,1,0,them
8362,1,0,0,1,a wise physician
8363,1,0,1,0,you
1916,1,0,0,1,her guest
3374,1,0,0,1,the fainting patient
1917,1,0,0,1,who were sitting moderately close together at the time
2953,1,0,0,1,"a serious , often a religious , cast"
2972,1,0,0,1,a bugbear
2968,1,0,0,1,the sceptic
4743,1,0,0,1,a select society of most accomplished men
4748,1,0,0,1,"certain of my friends , elderly ladies , who had set themselves to cards . Narciss , who had jigged it for a while , at last came into the room where I was"
2963,1,0,0,1,that noble - minded woman
4756,1,0,0,1,well - informed women
4757,1,0,0,1,ill - informed men
2962,1,0,0,1,her fair friend
4760,1,0,1,0,their
4764,1,0,0,1,a member of the family
4770,1,0,0,1,"persons of the stupidest , if not the rudest , stamp"
2958,1,0,0,1,her dearest friend
4775,1,0,0,1,every member of the company
4776,1,0,0,1,my next neighbor
4777,1,0,0,1,the lady of a captain
4778,1,0,0,1,a captain
4781,1,0,0,1,"the other , mad with wine and rage and jealousy"
4784,1,0,0,1,his frantic enemy
4789,1,0,0,1,the raving captain
4738,1,0,0,1,the strangers then resident among us
4737,1,0,0,1,these lewd fellows
4736,1,0,0,1,my ancient counsellor
4719,1,0,1,0,us
4703,1,0,0,1,my nymph
4704,1,0,0,1,my honorable heroine
2990,1,0,0,1,some future critic
4706,1,0,0,1,the younger boy
4707,1,0,0,1,both these blooming creatures
2989,1,0,0,1,the noblest men
4713,1,0,1,0,their
4717,1,0,0,1,high company
4721,1,0,0,1,others introduced
2983,1,0,1,0,Our
4723,1,0,0,1,men of
4726,1,0,0,1,women under every circumstance
4727,1,0,0,1,my mentor
4728,1,0,0,1,the Invisible
4729,1,0,0,1,the crowd I lived in
4731,1,0,0,1,German courtiers
4732,1,0,0,1,men at that time altogether destitute of culture
4733,1,0,0,1,"none of these many handsome , rich , and well - dressed men"
2956,1,0,0,1,that gentleman
4806,1,0,1,0,they
4700,1,0,0,1,"this poor boy , who still continued sickly"
2947,1,0,0,1,his lovely friend
4873,1,0,0,1,a bride
4875,1,0,0,1,my old French teacher
4876,1,0,0,1,a bridegroom whom I loved
4878,1,0,0,1,some old acquaintance
4879,1,0,0,1,some faculty
2923,1,0,0,1,actresses
4882,1,0,1,0,our
4886,1,0,0,1,the first who yielded to the vanity of speaking about me and my superiorities
2920,1,0,0,1,some of the young officers
4888,1,0,1,0,our
4897,1,0,1,0,their
4899,1,0,0,1,a virtuous and charming wife
4900,1,0,0,1,"every stranger , whom he valued"
2918,1,0,0,1,the persons concerned in that nocturnal outrage
4903,1,0,0,1,A noble family
4905,1,0,0,1,our physician
4909,1,0,0,1,these worthy persons the most pleasant entertainment for mind and heart
4911,1,0,0,1,this one family
4917,1,0,0,1,a far inferior competitor
2928,1,0,1,0,our
4866,1,0,0,1,a bridegroom who possesses understanding and acquirements
2930,1,0,0,1,some relations of the baron
2938,1,0,0,1,the simpletons
4817,1,0,0,1,"the captain , instantly on striking"
4818,1,0,0,1,the other from behind
4825,1,0,0,1,the friends
4828,1,0,0,1,my debtor
4829,1,0,0,1,the most obliging courtesies
4832,1,0,0,1,a half - prudent girl
2943,1,0,0,1,any one that wore a uniform
2941,1,0,0,1,the stranger officer
4845,1,0,0,1,a man to treat with altogether frankly
4863,1,0,0,1,a housewife
4851,1,0,0,1,aunts
4853,1,0,0,1,my bridegroom
4856,1,0,0,1,the lovers of all honorable maidens
4857,1,0,0,1,all honorable maidens
4858,1,0,0,1,bridegrooms
2936,1,0,0,1,alluring men of all kinds
4860,1,0,0,1,two persons
2935,1,0,0,1,his captain
4701,1,0,0,1,Our French teacher
4698,1,0,0,1,the wished - for lamb
4470,1,0,0,1,Elmira 's sister
4583,1,0,0,1,a very proper Prince
3078,1,0,0,1,this singular attendant of his
4545,1,0,0,1,"persons who , in spite of lingering disorders , had attained a good old age"
4547,1,0,0,1,"an excellent lady of his friends , who was now deceased"
4549,1,0,0,1,the racked and hapless patient
4550,1,0,1,0,our
4553,1,0,0,1,a strict economist
4554,1,0,0,1,his mistresses
3071,1,0,1,0,our
4558,1,0,1,0,our
4560,1,0,0,1,those persons who at present hindered them
4561,1,0,0,1,his brother - in - law
4562,1,0,1,0,our
4570,1,0,0,1,a noble
4571,1,0,0,1,the courtier
3058,1,0,0,1,so many gallant warriors
3056,1,0,0,1,a wider circle
4576,1,0,0,1,the well - bred never
4577,1,0,0,1,a man dressed out in fair and spotless clothes
4580,1,0,0,1,"the well - bred man of rank , in spite of every separation"
3079,1,0,0,1,"a man , who , by chance or destiny , had been led into some weighty crime"
4529,1,0,1,0,our
4526,1,0,0,1,magistrates
4499,1,0,0,1,that ambiguous officer whom he had sent in quest of
4472,1,0,0,1,his doxies
4473,1,0,0,1,the former brother
4480,1,0,0,1,the young and handsome ones
4484,1,0,0,1,every individual
3093,1,0,0,1,his godfather
4492,1,0,1,0,our
4494,1,0,0,1,director
4496,1,0,1,0,them
4500,1,0,0,1,The messenger
4524,1,0,0,1,a multitude of noblemen
4501,1,0,1,0,our
4513,1,0,1,0,Their
4514,1,0,0,1,the insane
4516,1,0,0,1,this intelligent divine
3092,1,0,0,1,"His friend Shakspeare , whom with the greatest joy he acknowledged as his godfather , and rejoiced the more that his name was Wilhelm , had introduced him to a prince , who frolicked for a time among mean , nay , vicious companions , and who , notwithstanding his nobleness of nature , found pleasure in the rudeness , indecency , and coarse intemperance of these altogether sensual knaves . This ideal likeness , which he figured as the type and the excuse of his own actual condition , was most welcome to our friend"
4518,1,0,0,1,"the doctor , with whom it was a custom"
4522,1,0,0,1,"an oldish man , who , though in weak health , had spent many years in the practice of the noblest virtues"
4523,1,0,0,1,all the country clergymen within his reach
4581,1,0,0,1,the people round him
4584,1,0,0,1,the character
4697,1,0,0,1,the younger
4595,1,0,1,0,our
4655,1,0,0,1,his misfashioned son
4657,1,0,0,1,my equals
4659,1,0,0,1,a clever man
4660,1,0,0,1,a vain empiric
4661,1,0,0,1,a dry grammarian
4665,1,0,1,0,our
4668,1,0,0,1,a throng of boys and girls
4672,1,0,0,1,the marshal of the court
4675,1,0,0,1,"children of such beauty , that , according to the universal voice"
4677,1,0,0,1,the other crowd
4679,1,0,0,1,all the rest
3003,1,0,1,0,her
4681,1,0,0,1,the warmest friends
4686,1,0,0,1,a pair of lovers
2996,1,0,0,1,their guests
4688,1,0,0,1,a sick person
4689,1,0,0,1,the sufferer
4691,1,0,0,1,their beloved son
2992,1,0,0,1,Many ladies of the neighborhood
4654,1,0,0,1,a student of anatomy
4651,1,0,0,1,my princesses
4650,1,0,0,1,my princes
4611,1,0,0,1,the traveller
4596,1,0,0,1,our poor Aurelia
4598,1,0,0,1,"a male and a female singer , who , it was intended , should , by their performances in interludes , prepare the public for his future opera"
4599,1,0,1,0,their
4601,1,0,1,0,our
3055,1,0,0,1,the great and of the fair
4604,1,0,0,1,the man who had abridged her life
4605,1,0,0,1,the dying woman
4606,1,0,0,1,her faithless friend
4618,1,0,0,1,a healthy child
4646,1,0,0,1,"the first Christians , decorated with the charms of a romance"
4620,1,0,1,0,its
4626,1,0,1,0,they
4628,1,0,0,1,the Prince of the World
3038,1,0,0,1,brothers
4635,1,0,0,1,the unknown beauty
3037,1,0,0,1,Wilhelm 's parents
4642,1,0,0,1,a lovely youth
3033,1,0,1,0,them
4922,1,0,1,0,us
4923,1,0,0,1,the oftener
4924,1,0,0,1,other people whom I saw quite happy
5228,1,0,0,1,that community
5189,1,0,0,1,the upper pastor
5190,1,0,0,1,all the chosen lambs of his fold
2825,1,0,0,1,the young man she had lost
5198,1,0,0,1,"the favorite saint with all who knew him,--a result at which the chaplain"
5199,1,0,1,0,"him,--a"
2823,1,0,1,0,our
5203,1,0,0,1,a Herrnhuter
5205,1,0,0,1,his old friend
5206,1,0,0,1,the gladder
5207,1,0,0,1,trusty persons
2819,1,0,0,1,several men
5213,1,0,0,1,our gentleman
5214,1,0,0,1,all the body
5218,1,0,0,1,few of them
2818,1,0,0,1,her amiable friend
2813,1,0,1,0,our
5222,1,0,1,0,his
2811,1,0,0,1,the men whom they saw about the castle
5226,1,0,0,1,that stout gain - sayer of the Herrnhut Brethren
5187,1,0,0,1,his ancient friend
5181,1,0,0,1,the spiritual leader
5177,1,0,0,1,my father confessor
5156,1,0,0,1,Philo 's parents
5139,1,0,0,1,an absent lover
5140,1,0,0,1,every human soul at intervals
5141,1,0,0,1,every mortal
5149,1,0,0,1,our pastors
5151,1,0,0,1,Our head court - chaplain
5153,1,0,0,1,his colleagues
5154,1,0,0,1,no higher one
2828,1,0,1,0,their
5160,1,0,1,0,their
5176,1,0,0,1,"the head court - chaplain , whom , as my father confessor , I had much cause to honor , and whose high merits his extreme aversion to the Herrnhut Community did not diminish , in my eyes , even then . Unhappily this worthy person had to suffer many troubles on account of me and others"
5163,1,0,0,1,a leading person in it
5165,1,0,0,1,no empty fantast
5166,1,0,0,1,the people who despise him
5168,1,0,1,0,We
5171,1,0,0,1,"my aged , weakly father"
5172,1,0,0,1,The only mortal whom I saw
5174,1,0,1,0,Its
5175,1,0,0,1,a Herrnhut sister
5227,1,0,0,1,most zealous hearers
5229,1,0,0,1,an accidental member of those hated meetings
4926,1,0,1,0,their
5230,1,0,0,1,our zealous preacher
5278,1,0,0,1,butler
528,1,0,0,1,the mere English reader
5282,1,0,0,1,the fools of the party
5283,1,0,0,1,those that are not such
2790,1,0,0,1,the culprit
2781,1,0,0,1,the rencounter with the _ Stallmeister _
2780,1,0,0,1,the criminal
5294,1,0,0,1,the elder persons
5300,1,0,0,1,so many people
5302,1,0,0,1,a well - formed person
5304,1,0,0,1,a person cultivated in at least one sense
5305,1,0,0,1,"a human dwelling , the spirit of a higher though merely sensual culture"
5308,1,0,0,1,a lover of pictures
531,1,0,1,0,their
2774,1,0,0,1,a vagabond
5311,1,0,1,0,their
2773,1,0,1,0,they
5314,1,0,1,0,we
2771,1,0,0,1,the assaulters of the Pedant
5277,1,0,0,1,our confectioner
5275,1,0,0,1,the school of the confectioner
2796,1,0,0,1,This whimsical gentleman
5250,1,0,0,1,a bridegroom
5234,1,0,0,1,adversaries
5235,1,0,0,1,even friends
2809,1,0,0,1,guardian
2806,1,0,0,1,the returning wanderer
5244,1,0,0,1,a superior man
2804,1,0,0,1,"that strange family , which for some time he had looked on as his own"
5249,1,0,0,1,a young man of rank and fortune
2803,1,0,0,1,"in,--a third person in that strange family , which for some time he had looked on as his own"
5255,1,0,0,1,family
5273,1,0,1,0,you
5257,1,0,1,0,we
5260,1,0,0,1,his Italian architect
5264,1,0,0,1,one man
5265,1,0,0,1,more than one
5268,1,0,1,0,us
527,1,0,0,1,the trustful student of Goethe
5270,1,0,0,1,many young people
2799,1,0,0,1,certain of his well - wishers
5137,1,0,0,1,"man , who died upon the cross"
5136,1,0,0,1,"the Son of man , who died upon the cross"
5135,1,0,0,1,an absent loved one
5134,1,0,0,1,the natural man
4986,1,0,0,1,several counts
4988,1,0,0,1,wanting noblemen who showed a like attention
4989,1,0,0,1,"the inferior classes , sentiments of this kind"
2909,1,0,0,1,a man whom he honored so much
2908,1,0,0,1,the two human beings that had most innocently won his affections so grievously disparaged by a man whom he honored so much
4994,1,0,0,1,the princes
4996,1,0,0,1,lords of the empire
5002,1,0,1,0,us
5006,1,0,1,0,them
5010,1,0,0,1,her near and distant relatives
5011,1,0,0,1,distant relatives
5014,1,0,0,1,an amiable wife
5015,1,0,0,1,a hopeful son
2906,1,0,1,0,our
5018,1,0,0,1,we children
2901,1,0,0,1,his warlike friend
5028,1,0,1,0,them
5031,1,0,0,1,a man who was not suited to her
5035,1,0,0,1,maid of honor
4985,1,0,0,1,the families of several counts and princes
4984,1,0,0,1,her bridegroom
4982,1,0,0,1,many persons
2913,1,0,0,1,the poor Pedant
4928,1,0,0,1,people of that age
4930,1,0,1,0,us
4934,1,0,1,0,thou
4935,1,0,1,0,Our
2915,1,0,1,0,our
4940,1,0,1,0,they
4942,1,0,0,1,the second
4943,1,0,1,0,Our
4945,1,0,0,1,"the only person that observed this transaction close at hand , without in some degree experiencing its influence"
4981,1,0,0,1,people at a distance
4947,1,0,0,1,my beloved bridegroom
4953,1,0,1,0,us
4963,1,0,1,0,our
4965,1,0,0,1,my relations
4967,1,0,0,1,"the wife of a man who must keep house like other people , I should alter my opinions"
4968,1,0,0,1,a man who must keep house like other people
4978,1,0,0,1,my old acquaintances
4979,1,0,0,1,My acquaintances
5037,1,0,0,1,"a lady , his friend , who presided there as governess with great applause"
5039,1,0,0,1,governess
2895,1,0,1,0,they
5121,1,0,0,1,a Damiens
5103,1,0,0,1,a person free alike from the extravagance and emptiness of
5111,1,0,0,1,only a pious education
5113,1,0,0,1,every noble personage with whose exterior I had got acquainted in society
5116,1,0,1,0,their
5117,1,0,0,1,my especial friend
5118,1,0,1,0,us
5119,1,0,0,1,a Girard
5120,1,0,0,1,a Cartouche
5122,1,0,1,0,you
5096,1,0,0,1,the strangers whom I grew acquainted with
2843,1,0,0,1,the graceful sinner
2839,1,0,0,1,the giddy girl
5126,1,0,0,1,a friend of God
2838,1,0,0,1,the honorable lady
5130,1,0,1,0,their
2833,1,0,0,1,a hunter 's boy
2832,1,0,0,1,a page
5133,1,0,0,1,an inhabitant to the depths in which we dwell
5101,1,0,0,1,the friend of the family
2850,1,0,1,0,They
5044,1,0,0,1,young and pious canoness
2863,1,0,0,1,"The count , who had remained motionless standing in the door"
5046,1,0,1,0,them
5050,1,0,0,1,the multitude of persons whom I saw
5051,1,0,0,1,some ladies
5052,1,0,0,1,"patterns of every virtue , of a noble and good demeanor"
5053,1,0,0,1,"the governess , under whom my sister was to have the happiness of being formed"
5056,1,0,1,0,you
2881,1,0,1,0,They
5068,1,0,1,0,us
5075,1,0,0,1,my beloved mother
5093,1,0,0,1,"A man of spirit , heart , and talents"
2861,1,0,1,0,We
5077,1,0,0,1,my dear mother
5078,1,0,0,1,my uncalled teachers
5079,1,0,0,1,so many famous people
2860,1,0,0,1,"the noble , blooming countess , whose arm in a few minutes he would feel upon his neck , whose innocent caresses he was there to answer"
2855,1,0,0,1,the cross husband
5087,1,0,0,1,whom all that deserves the name of life
5089,1,0,0,1,my best teacher
4471,1,0,1,0,you
4469,1,0,0,1,Old Boisterous not understanding jokes of that description
6883,1,0,0,1,the wretched whom necessity has rendered wise
3757,1,0,0,1,Accuser and Turnkey
3278,1,0,1,0,our
3708,1,0,0,1,an audience
3711,1,0,0,1,an interesting man
3276,1,0,1,0,their
3275,1,0,0,1,armed men
3720,1,0,0,1,"that extraordinary man to be confidential , or to speak of any thing connectively"
3722,1,0,0,1,an infant
3724,1,0,0,1,authors even then
3725,1,0,0,1,a little chimney - sweep
3730,1,0,0,1,the children who had followed them
3270,1,0,0,1,the critic in the art of fencing
3740,1,0,0,1,"the friar , whose business it had been to arrange processions"
3741,1,0,0,1,the Christian community
3742,1,0,0,1,a helping angel
3743,1,0,0,1,the pretty girl
3744,1,0,0,1,the Virgin
3266,1,0,0,1,the younger part of them
3748,1,0,0,1,emperors
3753,1,0,0,1,the beggars
3280,1,0,0,1,the robbers
3686,1,0,0,1,"the boy Felix , with whom she could go on in a very dainty manner"
3681,1,0,1,0,they
3293,1,0,0,1,this true - hearted creature
3624,1,0,1,0,our
3300,1,0,1,0,our
3299,1,0,0,1,this strange group
3630,1,0,0,1,the wandering community
3631,1,0,1,0,thither
3632,1,0,0,1,The cunning creature
3295,1,0,1,0,they
3645,1,0,1,0,You
3647,1,0,0,1,an individual
3679,1,0,1,0,our
3650,1,0,1,0,our
3657,1,0,0,1,"the crone , whose face was wrapped in cloth"
3664,1,0,1,0,they
3284,1,0,0,1,the plundering party
3283,1,0,0,1,"Both , encouraged by success"
3673,1,0,1,0,them
3282,1,0,0,1,this artist
3281,1,0,0,1,"a crisp - headed knave , who had got upon the top of the coach , and was cutting the cords of the package"
3756,1,0,0,1,these crowned heads
3761,1,0,0,1,"clever , strong - headed , lively geniuses , who saw well enough that the sum of"
3619,1,0,0,1,"a modest , settled mien"
3264,1,0,0,1,those around him
3821,1,0,1,0,our
3824,1,0,0,1,evil spirits
3825,1,0,0,1,every one of them
3258,1,0,1,0,their
3828,1,0,0,1,a person of slender but correct understanding
3829,1,0,0,1,a perplexed and unpurified genius
3836,1,0,1,0,our
3839,1,0,0,1,the individual in question
3843,1,0,0,1,"some indifferent , actors"
3844,1,0,0,1,the silly Pedant
3845,1,0,0,1,minister
3846,1,0,0,1,villain
3853,1,0,0,1,his helpless comrades
3254,1,0,0,1,a band of gypsies
3253,1,0,0,1,charcoal - men
3252,1,0,0,1,hunters
3245,1,0,1,0,our
3242,1,0,0,1,"the remainder of the party , who by degrees arrived , and with one accord saluted the place , the lovely weather , and still lovelier scene"
3864,1,0,0,1,"all persons who came near her , suffered by her restlessness and singularity , and no one more than little Felix"
3260,1,0,0,1,this little horde
3817,1,0,0,1,the sophist
3816,1,0,0,1,"a man of circumstance , in possession of a distinct reputation , and of a very good , though not entirely secure , employment and rank"
3261,1,0,0,1,his present company
3765,1,0,0,1,a man of ordinary morals
3766,1,0,0,1,no Child of Joy
3767,1,0,0,1,those about him
3768,1,0,0,1,this same bosom - folly
3769,1,0,1,0,she
3770,1,0,0,1,this society
3263,1,0,0,1,the leader of it
3772,1,0,1,0,it
3779,1,0,0,1,the mummeries of the priesthood
3815,1,0,1,0,we
3780,1,0,0,1,the whole society
3784,1,0,0,1,extensive companies of actors
3788,1,0,0,1,these undisguised preachers of morality
3789,1,0,0,1,any player who had represented them with approbation
3804,1,0,0,1,so few players
3805,1,0,0,1,even rude and unfriendly men
3806,1,0,0,1,a general favorite
3813,1,0,0,1,a perfect actor
3620,1,0,0,1,his accomplished troop
3302,1,0,0,1,The rest of the men
3095,1,0,0,1,"mean , nay , vicious companions"
3507,1,0,0,1,a faithful nurse
3444,1,0,0,1,the parson of the place
3449,1,0,0,1,guest
3457,1,0,0,1,the elderly nobleman
3458,1,0,0,1,his niece
3351,1,0,0,1,our wounded hero
3463,1,0,1,0,our
3350,1,0,1,0,our
3469,1,0,0,1,Wilhelm 's wife
3470,1,0,0,1,any other sick - nurse
3348,1,0,0,1,the people in it
3476,1,0,0,1,an ignorant but not unskilful man
3334,1,0,0,1,aught nobler or more lovely
3479,1,0,0,1,the noble
3480,1,0,0,1,"the heroic , Clorinda"
3482,1,0,0,1,the white surtout
3487,1,0,0,1,her stillborn daughter
3331,1,0,0,1,this light - minded Samaritan
3496,1,0,1,0,our
3498,1,0,0,1,That pleasing sinner
3438,1,0,0,1,that fair personage
3437,1,0,1,0,They
3436,1,0,0,1,the head valet
3411,1,0,0,1,his beautiful mistress
3376,1,0,0,1,the fair one with her attendants
3380,1,0,0,1,a number of peasants
3383,1,0,0,1,"a mounted huntsman , whom the noble company had left behind them"
3384,1,0,0,1,the noble company
3373,1,0,0,1,the angel
3401,1,0,1,0,themselves
3404,1,0,0,1,"a young , inexperienced woman"
3371,1,0,0,1,the surtout
3370,1,0,0,1,the stripped and wounded youth
3431,1,0,0,1,a dead child
3416,1,0,1,0,you
3418,1,0,0,1,the band
3419,1,0,1,0,our
3421,1,0,0,1,that helpful angel
3367,1,0,0,1,that noble creature
3352,1,0,1,0,you
3426,1,0,1,0,we
3427,1,0,0,1,a madman
3500,1,0,1,0,our
3508,1,0,0,1,a cheerful companion
3615,1,0,1,0,Our
3326,1,0,0,1,hussars
3562,1,0,0,1,an uncle
3563,1,0,0,1,his benefactress
3569,1,0,0,1,their fancied writer
3571,1,0,0,1,"his dear presiding angel , far from leading our friend"
3572,1,0,1,0,our
3584,1,0,1,0,"himself,--the"
3321,1,0,0,1,"a lady issued from the thickets , riding on a gray courser"
3590,1,0,1,0,our
3320,1,0,0,1,unbidden guests
3594,1,0,0,1,the sister of his friend
3596,1,0,0,1,submissive listeners
3319,1,0,0,1,some company of unbidden guests
3603,1,0,1,0,our
3605,1,0,0,1,that dramatist
3317,1,0,0,1,human creatures
3314,1,0,1,0,our
3609,1,0,0,1,his hearers
3313,1,0,0,1,his benefactor
3613,1,0,0,1,a player without taste for it
3560,1,0,0,1,the noble Amazon
3558,1,0,0,1,twins
3557,1,0,0,1,the elder
3540,1,0,0,1,the wandering troop
3514,1,0,0,1,the luckless company
3515,1,0,0,1,"the commercial friends whom he had letters for , and to transact the business which had been intrusted to him"
3516,1,0,0,1,his beautiful deliverer
3517,1,0,0,1,"the clergyman,--a person well skilled in statistics and geography , and possessing a fine collection of charts and books"
3324,1,0,0,1,grooms
3530,1,0,0,1,the travelling party
3532,1,0,0,1,a Jewish spy
3535,1,0,1,0,our
3541,1,0,0,1,"that noble company , whom they rightly guessed to be provided with store of gold and valuables , and of whose movements they must have had precise intelligence"
3556,1,0,0,1,two sisters
3542,1,0,0,1,some free corps
3543,1,0,0,1,marauders
3545,1,0,0,1,the high and rich company
3546,1,0,0,1,the poor and low
3550,1,0,0,1,a prescient Genius
3551,1,0,0,1,a perfect mortal
3553,1,0,0,1,the beautiful unknown
3322,1,0,0,1,an elderly gentleman
3224,1,0,1,0,our
3221,1,0,0,1,the fair - haired boy
3868,1,0,0,1,the old nurse
4313,1,0,0,1,his predecessor
4222,1,0,1,0,their
4224,1,0,0,1,the royal Dane
4225,1,0,0,1,any one whose aim it was to take away the finest actor of his troop
4231,1,0,0,1,any other
4232,1,0,0,1,the new adventurers
4233,1,0,0,1,the hurry
4236,1,0,0,1,the secret visitant
3119,1,0,0,1,such deserving people
4249,1,0,0,1,the children in the open air
4252,1,0,0,1,"some others , who had hastened to his help"
4253,1,0,1,0,them
4262,1,0,0,1,her comrade
4269,1,0,0,1,"human beings , who had just escaped so great a danger"
4273,1,0,1,0,thy
4277,1,0,0,1,"some one from the house , who was carrying something down into the garden"
4299,1,0,0,1,fresh players
4300,1,0,0,1,the municipal authorities
4303,1,0,0,1,the depressed and terrified spirits of the people
4310,1,0,0,1,"new spectators , invited by the fame of the play"
4221,1,0,1,0,they
4218,1,0,1,0,their
3123,1,0,0,1,men of merit
4176,1,0,0,1,Eatables
4141,1,0,1,0,our
4147,1,0,0,1,some royal family
4150,1,0,1,0,Our
4151,1,0,0,1,"Our two theatric amateurs , who had from the first been present"
4159,1,0,0,1,the painter of it
4164,1,0,0,1,the apparition
4167,1,0,0,1,two large figures in white cloaks and hoods
4171,1,0,0,1,such a hero
4182,1,0,0,1,those who did not know that her reputed father had been named the Great Devil
4214,1,0,0,1,the Spirit
4183,1,0,0,1,her reputed father
4184,1,0,0,1,the Great Devil
4192,1,0,1,0,us
4197,1,0,0,1,"damsels , who sat near each other"
4198,1,0,0,1,some pairs
4199,1,0,0,1,the only one retaining self - possession in the party
3126,1,0,1,0,him
4212,1,0,0,1,the harnessed King
4311,1,0,0,1,the unknown Ghost
4317,1,0,0,1,a consummate judge
3869,1,0,1,0,they
4319,1,0,1,0,Our
4418,1,0,0,1,an active man
4419,1,0,0,1,the runaways
4420,1,0,0,1,a steady person
4421,1,0,0,1,courier and guide to travelling - parties
4428,1,0,0,1,some other players
4432,1,0,1,0,our
4436,1,0,0,1,a few others for the French
4440,1,0,0,1,some bitter sally
4441,1,0,0,1,co - operating men
4444,1,0,0,1,a circle of friends
4446,1,0,0,1,an army
4448,1,0,0,1,the individuals that compose the body
4449,1,0,0,1,new members
4453,1,0,0,1,any German company
3099,1,0,0,1,a traveller
4459,1,0,0,1,a part of them
4460,1,0,0,1,"mere automatons , who could not reach beyond what was attainable without the aid of feeling"
4461,1,0,0,1,reasonable and thinking men
3096,1,0,1,0,our
4413,1,0,1,0,our
3103,1,0,1,0,our
3107,1,0,0,1,"the coy hero,--over whom let his better genius"
4366,1,0,0,1,people in such situations
4333,1,0,0,1,"the harper , whom , since the fire"
4335,1,0,1,0,they
3118,1,0,0,1,these gentry
4342,1,0,0,1,the magistrates
4347,1,0,0,1,a miserable man
3114,1,0,0,1,several distinguished people in the count 's establishment
4360,1,0,0,1,"this unhappy man , who displayed such indubitable symptoms of madness"
4363,1,0,0,1,"a man , who , a short time ago , had suffered under violent attacks of melancholy"
4368,1,0,0,1,the friends of the patient
4405,1,0,1,0,they
4372,1,0,1,0,our
4374,1,0,0,1,the man beside him
3111,1,0,0,1,Some of our actors had seized very neatly whatever was peculiar in the outward manner of several distinguished people in the count 's establishment
4384,1,0,0,1,Another gentleman
3109,1,0,0,1,their late benefactors
4400,1,0,0,1,her visitors
4401,1,0,0,1,the present individual
4403,1,0,1,0,Our
4140,1,0,0,1,scene - painters
4135,1,0,0,1,The box - keeper
4133,1,0,0,1,stepped before the curtain to announce the following play
4131,1,0,0,1,The four princely corpses
3182,1,0,0,1,daughter
3939,1,0,0,1,islanders
3942,1,0,0,1,privateers
3944,1,0,0,1,"a young , thick - set , jolly new - comer"
3946,1,0,0,1,"the Pedant , King"
3951,1,0,0,1,a lady whose foot was celebrated for its beauty
3959,1,0,0,1,the living King
3962,1,0,1,0,they
3964,1,0,0,1,a fitter man
3169,1,0,0,1,a company of actors
3967,1,0,1,0,our
3168,1,0,0,1,a young man of eighteen
3973,1,0,0,1,such of our readers
3166,1,0,0,1,womankind
3981,1,0,1,0,Our
3983,1,0,0,1,the personages
3989,1,0,0,1,no obstacle on this side
3990,1,0,0,1,The whole of the actors
3163,1,0,0,1,a person of some property
3934,1,0,1,0,they
3933,1,0,0,1,"the manager , who would engage to make short work with it"
3932,1,0,0,1,several personages
3905,1,0,0,1,his worthy brother
3872,1,0,0,1,a kindly guardian spirit
3206,1,0,0,1,the spirits of the party
3882,1,0,0,1,a very curious domestic band
3205,1,0,0,1,the marauders and wandering rabble
3889,1,0,0,1,this honest parent
3204,1,0,0,1,regular troops
3897,1,0,0,1,"a man whose clear intellect could form a just and rigorous decision about present things , but who erred , withal , in enunciating these particular decisions with a kind of universal application"
3198,1,0,0,1,most of our friends
3906,1,0,1,0,we
3183,1,0,0,1,the poor fellow
3194,1,0,0,1,any friendly one
3192,1,0,0,1,the contending armies
3913,1,0,0,1,a member of it
3189,1,0,0,1,military volunteers
3184,1,0,0,1,the bravest young man on the surface of the earth
3922,1,0,1,0,they
3925,1,0,0,1,the woman one
3926,1,0,0,1,the writer one
3998,1,0,0,1,The peasants
3999,1,0,1,0,they
4001,1,0,0,1,"the other actors , along with whom two amateurs , frequenters of the wardrobe and the stage"
4088,1,0,0,1,a spiteful looker - on
4071,1,0,0,1,"the fiery , pert young fellow"
4073,1,0,1,0,her
4074,1,0,0,1,"exiles and sad rovers Like mere woe and wailing rings,-- With a heart"
4075,1,0,0,1,maidens
4076,1,0,1,0,its
4078,1,0,1,0,They
4086,1,0,1,0,them
4087,1,0,0,1,the rogue
4089,1,0,0,1,a wicked sprite that watched him
4061,1,0,1,0,our
3140,1,0,0,1,no formal manager
4092,1,0,0,1,The forenoon
4100,1,0,0,1,some strange assistant
4105,1,0,0,1,their court
4106,1,0,0,1,royalty
4110,1,0,0,1,"two men of large stature , in white cloaks and capouches"
4115,1,0,0,1,"the tall , noble figure , the low , inaudible tread , the light movement in the heavy - looking armor"
4123,1,0,0,1,his secret friend
4068,1,0,0,1,the better half
4059,1,0,0,1,the kings
4003,1,0,0,1,frequenters of the wardrobe and the stage
4027,1,0,0,1,majors
4005,1,0,0,1,a lover of the art
4006,1,0,0,1,a good company
4007,1,0,0,1,the successful
4008,1,0,0,1,judges such as every artist wishes in his own department
4009,1,0,1,0,his
3155,1,0,0,1,a writer
4020,1,0,0,1,a tragic actor that took snuff in the rehearsal
4026,1,0,0,1,captains
3150,1,0,1,0,our
3144,1,0,0,1,the little senate
4029,1,0,0,1,these two men
4030,1,0,0,1,a company which had so fortunately come together
4041,1,0,0,1,Our two friends
4044,1,0,0,1,every one in all the nooks of the house
3147,1,0,0,1,their first manager
4048,1,0,0,1,the man who aims at effecting something to admit the primary conditions under which alone
4052,1,0,0,1,the courtiers at the sides
3145,1,0,0,1,the interim manager
2770,1,0,0,1,one of the assaulters of the Pedant
2769,1,0,0,1,a peruke - maker
2768,1,0,0,1,"a boy , who had incurred suspicions of nocturnal housebreaking"
6421,1,0,0,1,my fellows
639,1,0,0,1,a young and wealthy merchant
6390,1,0,0,1,my David
6391,1,0,0,1,"Goliath,--persons whom the regular drama"
6395,1,0,0,1,my stock of actors
2270,1,0,0,1,the little traveller
640,1,0,0,1,an old servant
6400,1,0,0,1,My troop
6401,1,0,1,0,you
6402,1,0,0,1,"children,--they"
2266,1,0,0,1,the tired wanderers
6407,1,0,0,1,a superior actor
6409,1,0,0,1,a hunter
641,1,0,0,1,confidant
6411,1,0,0,1,a knight
6412,1,0,0,1,our militia
2260,1,0,0,1,its owners
2259,1,0,0,1,the persons of its owners
6415,1,0,0,1,the seamstresses of the house
6418,1,0,0,1,a very seemly corps at length
6389,1,0,0,1,gods descending in chariots of cloud
6387,1,0,1,0,their
6386,1,0,0,1,some other pagan hero
2302,1,0,0,1,a few servants
634,1,0,0,1,"the richest , most gifted of living minds"
2322,1,0,0,1,a common man
6345,1,0,0,1,the chief personages
6346,1,0,0,1,the braggart giant
6349,1,0,0,1,his boy
2316,1,0,1,0,Our
2312,1,0,0,1,all the company before him
2306,1,0,0,1,that person
636,1,0,0,1,"her pretty mistress , who had that night , in the afterpiece , been acting the part of a young officer , to the no small delight of the public"
2284,1,0,0,1,the stranger company
2295,1,0,0,1,some frolicsome companions
2294,1,0,0,1,our guests
6369,1,0,0,1,his little boy
6373,1,0,0,1,his Jonathan
6375,1,0,0,1,the modest victor
2289,1,0,0,1,these unfortunate and ill - lodged gentlemen
6379,1,0,0,1,my brothers
6381,1,0,1,0,they
642,1,0,0,1,counsellor
6427,1,0,0,1,the party of the Christians
6336,1,0,0,1,the cook
6428,1,0,0,1,the Christians
6476,1,0,1,0,you
6477,1,0,0,1,males
6478,1,0,0,1,our sisters
648,1,0,0,1,the little female officer
2222,1,0,0,1,the postilions
6482,1,0,0,1,artillery
2218,1,0,0,1,the present count 's father
2217,1,0,0,1,the present count
6487,1,0,0,1,"one another quite ideal persons , when so transformed and decorated"
2213,1,0,1,0,our
6490,1,0,0,1,my regular teachers
6491,1,0,0,1,our neighbor
6493,1,0,0,1,the Muse of tragic art
6494,1,0,1,0,you
2211,1,0,0,1,such guests
2206,1,0,0,1,the worthy pilgrims
6498,1,0,0,1,the child of freedom
6501,1,0,0,1,my predecessors
6502,1,0,0,1,the white pretty near each other
6471,1,0,0,1,my good friends
2227,1,0,0,1,the court
2232,1,0,0,1,some person
2246,1,0,0,1,the well - known _ Stallmeister _ of the castle
2256,1,0,0,1,An ancient footman
6431,1,0,0,1,the besiegers
6432,1,0,0,1,the supposed knight
6433,1,0,1,0,them
2252,1,0,0,1,the countess 's maids
6438,1,0,0,1,a neighboring playmate
6439,1,0,0,1,his venerable aunt
644,1,0,0,1,housekeeper
6444,1,0,0,1,our families
6462,1,0,0,1,Some of my companions
6445,1,0,0,1,a woodman
645,1,0,0,1,the open - handed gallant
6451,1,0,0,1,the maids
2240,1,0,0,1,the pedestrians who had fallen behind the others on the journey
6456,1,0,0,1,the personage into whose world I had transplanted him
6457,1,0,0,1,a third party
6459,1,0,0,1,my spectators
2236,1,0,0,1,charitable souls
6339,1,0,1,0,them
6330,1,0,1,0,their
2764,1,0,0,1,this flood of sprites
6253,1,0,0,1,the Philistine
6215,1,0,0,1,a benefactress
6216,1,0,1,0,thou
2445,1,0,0,1,a person ( about whose form and qualities the poet
2439,1,0,0,1,several country - people round them
2434,1,0,0,1,his fair audience
6229,1,0,0,1,the poor puppets
623,1,0,0,1,"the only three men of genius , that have ever lived"
2422,1,0,0,1,a certain general
2415,1,0,1,0,our
6236,1,0,1,0,his
6239,1,0,0,1,The high - priest
6240,1,0,1,0,their
6242,1,0,0,1,"that heavy - limbed warrior , who had defied him and all his people"
6243,1,0,0,1,all his people
6245,1,0,0,1,shepherd
6246,1,0,0,1,Dread king
6249,1,0,0,1,your Majesty
2402,1,0,0,1,philanthropist personified in the piece
6250,1,0,0,1,this blustering giant
6212,1,0,0,1,"the young , soft - hearted , callow merchant 's son"
6211,1,0,0,1,"the young , soft - hearted , callow merchant"
6210,1,0,1,0,them
6199,1,0,0,1,"the author of "" Meditations among the Tombs"
6181,1,0,0,1,"any volunteers associated with the production , promotion and distribution of Project Gutenberg"
2466,1,0,0,1,"the peasants , who had some very pretty and tender verses to recite"
6183,1,0,0,1,people in all walks of life
6185,1,0,0,1,future generations
2465,1,0,0,1,"the leader of the peasants , who had some very pretty and tender verses to recite"
6196,1,0,0,1,our small staff
6197,1,0,0,1,anyone
6198,1,0,0,1,Most people
6200,1,0,0,1,"a man of "" some genius"
621,1,0,0,1,many of his countrymen ranked at the side of Homer and Shakspeare
2464,1,0,0,1,that violent war - god
6203,1,0,0,1,my pretty child
6204,1,0,0,1,thy kindest of friends
2455,1,0,0,1,the Genius of Dissension and Violence
2454,1,0,0,1,the soldiers
6207,1,0,0,1,No sour faces
2453,1,0,0,1,the leader of the soldiers
2446,1,0,0,1,the general
2401,1,0,0,1,this noble hero
6254,1,0,0,1,the virgins
6326,1,0,0,1,our housekeepers
6256,1,0,0,1,"his little victor , who received the king 's beautiful daughter to wife"
6290,1,0,0,1,a person of great gifts in all sorts of mechanical contrivance
6292,1,0,1,0,their
6293,1,0,0,1,the family of his patron
6294,1,0,0,1,his patron
2354,1,0,0,1,some skilful workmen of the count 's
2346,1,0,0,1,an infuriate host
6300,1,0,0,1,"my father , who granted , out of complaisance to a friend , what he had denied from conviction to his children"
2344,1,0,0,1,some actors
6304,1,0,0,1,some little ones of the neighborhood
2340,1,0,0,1,a few at first
6307,1,0,0,1,the people that managed the deception
6308,1,0,0,1,the enchanters
6309,1,0,0,1,the enchanted
6310,1,0,0,1,a looker - on
6313,1,0,1,0,our
2335,1,0,0,1,police
632,1,0,0,1,the workman
6321,1,0,0,1,any other of the young ones
2331,1,0,0,1,each transgressor
2358,1,0,0,1,visitors
6286,1,0,1,0,they
6282,1,0,0,1,the man that seeks a lost love
6268,1,0,0,1,the honorable company by whom those wonderful effects were brought about
2391,1,0,0,1,a man - milliner
6258,1,0,0,1,the king 's beautiful daughter
6260,1,0,0,1,this lucky prince
6261,1,0,1,0,their
2389,1,0,1,0,our
6265,1,0,0,1,a Goliath
6266,1,0,1,0,them
6267,1,0,1,0,us
627,1,0,0,1,the jury
2368,1,0,0,1,no one present
6271,1,0,0,1,these Moors
6272,1,0,0,1,these shepherds
6273,1,0,0,1,shepherdesses
6274,1,0,0,1,these dwarfs
6275,1,0,0,1,dwarfesses
2376,1,0,0,1,the _ friseur
2374,1,0,0,1,a thousand fooleries
2370,1,0,0,1,a worthy female friend of hers
2197,1,0,1,0,Our
6504,1,0,0,1,a person that would pick up a pin from her path
2192,1,0,0,1,some unexpected guests
1992,1,0,0,1,their company
6741,1,0,0,1,my soundly sleeping parents
6742,1,0,0,1,my beloved
6743,1,0,0,1,"a grandson of the old Meister , who possessed that beautiful collection of pictures and statues"
6744,1,0,0,1,"the old Meister , who possessed that beautiful collection of pictures and statues"
6747,1,0,1,0,them
2013,1,0,0,1,"a subject who had not yet been presented to him , and who now approached,--a lean , shambling figure , with a rusty coat , patched at the elbows , and a woful periwig covering his submissive head"
6751,1,0,0,1,the best masters
2011,1,0,0,1,a patron
6760,1,0,0,1,some neighbor
6767,1,0,0,1,a great amateur
6769,1,0,0,1,a lively boy
6772,1,0,0,1,that king
6775,1,0,0,1,his father 's bride
2003,1,0,0,1,"the countess , who behaved with extreme graciousness and condescension"
1993,1,0,0,1,their manager
6783,1,0,0,1,"the ill - fated man that would consecrate himself to another , when the heart of that other"
6784,1,0,0,1,a lover of art
6785,1,0,0,1,great painters
6787,1,0,1,0,themselves
6740,1,0,0,1,a prisoner that is secretly filing his irons asunder . I bid good - night to my soundly sleeping parents
2014,1,0,0,1,"This person , whom , from the last Book , we know already as Philina 's darling"
6739,1,0,0,1,my love
2046,1,0,0,1,her waiting - maids
2068,1,0,0,1,"a man who viewed the German stage with a most patriotic enthusiasm , to whom every player , and every company of players"
2066,1,0,0,1,all the members
6693,1,0,0,1,active men
6694,1,0,1,0,"thyself,--then"
2063,1,0,0,1,no efficient troop
2062,1,0,0,1,the little party
2054,1,0,0,1,the people of the town
2048,1,0,0,1,her new favorite
6710,1,0,0,1,a thoughtless fool
2015,1,0,1,0,we
2032,1,0,0,1,people of rank
2029,1,0,1,0,our
2020,1,0,0,1,a useful member of the company
2018,1,0,0,1,"poets,--generally undertaking parts in which any cudgelling or ducking was to be endured"
2017,1,0,0,1,tutors
2016,1,0,0,1,pedants
673,1,0,1,0,our
6735,1,0,0,1,men of noble minds
6789,1,0,0,1,a young person
6793,1,0,1,0,its
6506,1,0,0,1,the Muse
6795,1,0,0,1,the god of this lower world
6838,1,0,0,1,the lightly moved and all - conceiving spirit of the poet
1940,1,0,0,1,the duellists
6841,1,0,0,1,a teacher
6842,1,0,0,1,a prophet
6843,1,0,0,1,a friend of gods
6845,1,0,1,0,thou
685,1,0,0,1,The little troop
6854,1,0,0,1,the gifted
1939,1,0,0,1,"the _ Stallmeister_,--a"
6859,1,0,0,1,the nightingale
686,1,0,0,1,each figure
1933,1,0,0,1,the contending parties with the greatest peace of mind
687,1,0,0,1,his own grandmother
1932,1,0,0,1,his tutor
1925,1,0,0,1,the irritated boy
6875,1,0,1,0,thyself
1923,1,0,0,1,his rival
1922,1,0,0,1,the stronger party
6882,1,0,0,1,the poets
1942,1,0,1,0,us
6835,1,0,0,1,all human beings
6833,1,0,0,1,families
6810,1,0,0,1,little fool
1987,1,0,0,1,"the cheat , with a most innocent air , and looks of great humility"
680,1,0,0,1,view a perplexed multitude of span - long puppets
6800,1,0,0,1,some such guide
1983,1,0,0,1,two servants
1980,1,0,0,1,lady
6807,1,0,0,1,the cold spectator
1978,1,0,0,1,a courier riding up
1975,1,0,0,1,the new manager
6812,1,0,0,1,the witch of Endor
1944,1,0,0,1,that mysterious old man
1970,1,0,0,1,"every one,--nay"
1967,1,0,0,1,some members of the town magistracy
1958,1,0,0,1,O father
1954,1,0,0,1,my protector
1952,1,0,1,0,they
1948,1,0,0,1,his child
1946,1,0,1,0,our
683,1,0,1,0,our
6688,1,0,1,0,us
6683,1,0,0,1,a school - boy
2069,1,0,0,1,every player
6678,1,0,0,1,collector
656,1,0,0,1,the happy two
2138,1,0,1,0,they
6563,1,0,0,1,"an invincible , victorious queen"
6566,1,0,0,1,her unwearied servants
6570,1,0,0,1,the relatives
6571,1,0,0,1,the acquaintances
6572,1,0,0,1,the adventurers
2136,1,0,0,1,these characters
6579,1,0,0,1,breathing men
2135,1,0,0,1,"various honest Germans , according to use and wo nt"
6580,1,0,1,0,her
2134,1,0,0,1,chamberlain or the like
2133,1,0,0,1,president
2131,1,0,0,1,the well - known favorite of the count
6588,1,0,0,1,"The shopkeeper in H---- , who owes us somewhat , but is withal a good man , has offered me a horse instead of payment . My son"
6589,1,0,0,1,a good man
659,1,0,0,1,the playhouse
2130,1,0,0,1,a poet or pedant
2129,1,0,0,1,affectionate mothers
2139,1,0,0,1,several actors from different quarters
2140,1,0,0,1,"who , being received without very strict examination , were also retained without very burdensome conditions"
2141,1,0,1,0,our
6523,1,0,0,1,any individual man
6508,1,0,0,1,"another , a more lovely goddess"
2174,1,0,0,1,many of the party
6511,1,0,0,1,the director of our puppet - show
2173,1,0,1,0,his
2171,1,0,0,1,the happiest and merriest mortals in the world
6517,1,0,0,1,army contractors
6518,1,0,0,1,the Venetians
6520,1,0,1,0,our
6528,1,0,0,1,some miserable huckster
2142,1,0,0,1,our new manager
2170,1,0,0,1,the fairies
2162,1,0,0,1,the heartiest of the troop
6531,1,0,0,1,the human mind
6532,1,0,0,1,every prudent master of a house
6537,1,0,0,1,the debtor
2158,1,0,1,0,Our
6540,1,0,1,0,our
6546,1,0,0,1,no man that has a head
6594,1,0,0,1,My poor Wilhelm
6595,1,0,1,0,we
6598,1,0,1,0,they
6658,1,0,0,1,"any creature whose morsel of bread is attended with such vexation , uncertainty , and toil"
6640,1,0,1,0,They
6641,1,0,1,0,us
6645,1,0,0,1,"A pleasing figure , a sonorous voice"
2078,1,0,0,1,"an excellent , virtuous , magnanimous , and at the same time misunderstood and persecuted , man"
6649,1,0,1,0,we
665,1,0,1,0,our
2076,1,0,0,1,a man so important
6656,1,0,0,1,the neighbor
6659,1,0,0,1,the staff
2082,1,0,0,1,the auditors
2074,1,0,0,1,his relative
6661,1,0,0,1,managers
6663,1,0,0,1,dogs of knowledge
6669,1,0,1,0,Ours
2072,1,0,0,1,their native Muses
6675,1,0,0,1,the parents of my bride
6676,1,0,0,1,my bride
6677,1,0,0,1,clerk
6639,1,0,0,1,no criminal
2084,1,0,0,1,a miserable author
2128,1,0,0,1,personating young wives
6619,1,0,0,1,Both lovers
2127,1,0,0,1,chevalier
2126,1,0,0,1,the boisterous old gentleman of the piece
2125,1,0,0,1,the artless and tender loved ones
3375,1,0,0,1,the horsemen and coaches
2122,1,0,0,1,Philina the lady 's maid
6610,1,0,0,1,The unhappy youth
6613,1,0,0,1,that youth
2112,1,0,1,0,our
2100,1,0,1,0,our
6635,1,0,0,1,thieves
2095,1,0,0,1,the latter by and by
6622,1,0,0,1,a rich father
6624,1,0,0,1,cruel men
2094,1,0,0,1,a colleague
2091,1,0,0,1,a dramatic poet
6628,1,0,0,1,your oldest son
6631,1,0,0,1,my step - mother
2089,1,0,1,0,our
6180,1,0,0,1,anyone providing copies of Project Gutenberg
6179,1,0,0,1,employee of the Foundation
6178,1,0,0,1,any agent or employee of the Foundation
5636,1,0,0,1,the fair - haired Friedrich
5577,1,0,0,1,dames whose ancient figures
2677,1,0,0,1,their patron
2675,1,0,0,1,that very eminent hero
2673,1,0,1,0,our
5589,1,0,0,1,Wilhelm 's valet
559,1,0,0,1,"some woe - begone hypochondriac , whose eyes are overflowing with perpetual tears , whose long life has been spent in melting into ecstasy at the sight of waterfalls and clouds , and the moral sublime"
5594,1,0,1,0,them
5598,1,0,0,1,his lovely daughters
5599,1,0,0,1,One of the maidens
560,1,0,1,0,They
5600,1,0,0,1,the maidens
5601,1,0,0,1,the Amazon
5602,1,0,1,0,our
5607,1,0,1,0,them
2671,1,0,0,1,every millinery hawker
5614,1,0,0,1,some of whom he recognized
562,1,0,0,1,a very different person from his English namesake
2668,1,0,0,1,real actors
563,1,0,0,1,his English namesake
5576,1,0,0,1,the knights
5569,1,0,0,1,some people that had business with him
5567,1,0,0,1,An old serving - man
2692,1,0,1,0,we
5509,1,0,0,1,tidy little girls
2699,1,0,0,1,your father 's son
5511,1,0,0,1,such children
5512,1,0,0,1,poor little girls
5513,1,0,0,1,the younger sister
552,1,0,0,1,the representative of a nation that despises him
5520,1,0,0,1,a French clergyman
2695,1,0,0,1,no poor wight
2691,1,0,0,1,writers
556,1,0,0,1,all these people
5527,1,0,0,1,the pupil
5530,1,0,0,1,"the invisible , sole , faithful Friend"
2686,1,0,0,1,an unknown author
5538,1,0,0,1,a monster might be formed and nursed in every human bosom
2685,1,0,0,1,their once much - honored patron
554,1,0,0,1,his boyhood
2681,1,0,0,1,his favorites
555,1,0,0,1,the brother of Virgil and Racine
5634,1,0,0,1,his beautiful attendant
5638,1,0,1,0,These
2605,1,0,1,0,you
564,1,0,0,1,our sagacious translator
5707,1,0,0,1,his Amazon
5708,1,0,0,1,that beloved and honored being
5709,1,0,0,1,a special Providence
2631,1,0,0,1,huntsmen
5737,1,0,0,1,an altogether different woman
5738,1,0,1,0,them
2628,1,0,0,1,the artists
2623,1,0,0,1,his favorite
2621,1,0,1,0,them
2619,1,0,0,1,some of the company
5746,1,0,1,0,they
5760,1,0,1,0,They
5762,1,0,0,1,another person of so interesting a character
5763,1,0,0,1,a handsome hunter - boy
2614,1,0,0,1,some transformed predecessor
2613,1,0,0,1,an enchantress
577,1,0,0,1,their grandfathers
5773,1,0,0,1,two little girls
5776,1,0,0,1,the young and lovely countess
2640,1,0,0,1,some one else
2641,1,0,0,1,their great masters
2645,1,0,0,1,his favorite poet
5659,1,0,0,1,his ancient patron
2665,1,0,0,1,both parties
2660,1,0,0,1,such a multitude of crowding worshippers
565,1,0,0,1,a wild mystic
2659,1,0,0,1,co - operating warriors
2658,1,0,0,1,a princely hero at the head of it
2657,1,0,1,0,its
2656,1,0,1,0,they
5658,1,0,0,1,his attendant
566,1,0,0,1,"a dealer in demonology and osteology , who draws attention by the aid of skeletons and evil spirits , whose excellence it is to be extravagant"
5693,1,0,0,1,"the good , old , little doctor whom we know already , and to whom we were obliged for the communication of the pious manuscript"
5663,1,0,0,1,the young surgeon
5666,1,0,0,1,the ancient surgeon who had dressed his wounds in the green of the forest
2655,1,0,0,1,the great and distinguished
5671,1,0,0,1,his auditor
2651,1,0,0,1,"a traveller who , at but a short distance from the inn he is to rest at"
568,1,0,0,1,a monster
2650,1,0,0,1,a prudent friend
2647,1,0,0,1,some other cavaliers
5507,1,0,0,1,my nephew
5504,1,0,1,0,them
5502,1,0,0,1,quite a little creature
5501,1,0,1,0,you
2735,1,0,0,1,millers
5377,1,0,0,1,our aged father
5378,1,0,1,0,they
5379,1,0,0,1,My married sister
5387,1,0,1,0,our
5389,1,0,1,0,their
5392,1,0,0,1,worthy persons
5397,1,0,0,1,a Genius with two faces
2732,1,0,0,1,some others
5403,1,0,0,1,this new denizen of earth
5409,1,0,0,1,my beloved father
541,1,0,0,1,A genuine seer and speaker
5418,1,0,0,1,a full and fitly organized community
2725,1,0,0,1,a bad - hearted man
542,1,0,0,1,our common mother
5420,1,0,0,1,their bishops
5421,1,0,0,1,a personal disciple of the count
5423,1,0,1,0,we
5424,1,0,0,1,one class
2738,1,0,0,1,his judge
5372,1,0,0,1,persons of a like mind
5367,1,0,0,1,the rest of us to our abodes
5336,1,0,0,1,the inmates
5321,1,0,0,1,those whose look was beautiful or subject striking
5322,1,0,0,1,some unobtrusive figures
5324,1,0,0,1,the man of talents
2760,1,0,1,0,they
2757,1,0,0,1,"some enchanter summoning , by magic formulas , a vast multitude of spiritual shapes"
5330,1,0,1,0,They
5334,1,0,0,1,a naturalist
5335,1,0,0,1,the _ Penates _
534,1,0,0,1,Few English readers
5365,1,0,1,0,their
5341,1,0,0,1,his little child
5350,1,0,0,1,his nephews
5352,1,0,0,1,Most of his guests
5355,1,0,0,1,The livelier
5359,1,0,0,1,the most accomplished human beings
2744,1,0,0,1,pasquinader
5361,1,0,0,1,the Deity
5362,1,0,1,0,they
5425,1,0,0,1,a cutler
5426,1,0,0,1,a native of Moravia
5427,1,0,0,1,the artisan
2711,1,0,0,1,his kinsman
5470,1,0,0,1,these amiable creatures
5471,1,0,0,1,my worthy doctor
2712,1,0,0,1,the writer of the squib
5473,1,0,0,1,our relatives
5476,1,0,0,1,his ancestors
5477,1,0,0,1,his descendants
5478,1,0,0,1,tolerable masters
548,1,0,0,1,"a tumid , dreaming , extravagant , insane race of mortals,--certain it"
5486,1,0,0,1,a brave soldier
5464,1,0,0,1,these fair and hopeful blossoms
2703,1,0,0,1,various persons
5491,1,0,1,0,You
5492,1,0,0,1,a more peaceful spirit
5494,1,0,0,1,the poor
2702,1,0,0,1,No noble rank I in requital
5497,1,0,0,1,a poor man
5498,1,0,0,1,some ragged child
5499,1,0,0,1,Her sister
5467,1,0,0,1,a child of quality
5463,1,0,0,1,So many healthy people
5428,1,0,0,1,a major in the French service
5441,1,0,0,1,another daughter
5429,1,0,0,1,his superiors
5430,1,0,1,0,you
5431,1,0,0,1,the major
5432,1,0,0,1,the major 's wife
5433,1,0,0,1,other women more or less like ladies
5435,1,0,0,1,the bishop
5437,1,0,0,1,a daughter
544,1,0,0,1,"a good , not a bad , man"
2724,1,0,0,1,a pasquinader
2715,1,0,0,1,his Pedant
2723,1,0,0,1,the baron 's friends
2716,1,0,0,1,a very shrewd knave
545,1,0,0,1,TRANSLATOR
5451,1,0,0,1,a kind of half - doctor
5452,1,0,0,1,the first man
5453,1,0,0,1,the Creator
546,1,0,0,1,our ancient aristocracy of intellect
5461,1,0,0,1,a lovely boy
2608,1,0,0,1,the Circe
2601,1,0,0,1,a spirited and lively young man
6177,1,0,0,1,the trademark owner
6082,1,0,0,1,JR .
6047,1,0,0,1,Pioneers
6048,1,0,0,1,"Princess of Thule , A.="
6049,1,0,0,1,Professor
6050,1,0,1,0,Yourself
6051,1,0,1,0,His
6052,1,0,0,1,Romance of a Poor Young Man.=
6053,1,0,0,1,Second Wife
6054,1,0,0,1,Soldiers Three
6058,1,0,0,1,Three Guardsmen.=
6059,1,0,0,1,Two Admirals.=
6060,1,0,0,1,Two Chiefs of Dunboy.=
6062,1,0,1,0,We
6065,1,0,0,1,publisher
2498,1,0,0,1,the count 's private band
2492,1,0,0,1,the celestial virgin
6072,1,0,0,1,THE SLATE - PICKER
6074,1,0,0,1,THE READY
6075,1,0,0,1,THE CASTAWAYS
6076,1,0,0,1,an Adventurous Sailor
6046,1,0,0,1,Pair of Blue Eyes
6041,1,0,0,1,Masterman
6040,1,0,0,1,Master of the Ceremonies
6025,1,0,0,1,Children of
6004,1,0,0,1,a bungler
2503,1,0,0,1,the spectators at the conclusion of the play
6008,1,0,0,1,The true scholar
6011,1,0,0,1,many others whose names he did not know
6021,1,0,0,1,authors of world - wide reputation
6022,1,0,0,1,"Betrothed , The.= By Allessandro Manzoni"
6023,1,0,0,1,Burgomaster 's Wife
6024,1,0,0,1,Children of the Abbey.=
6027,1,0,0,1,an Opium - Eater.=
2500,1,0,1,0,our
6028,1,0,0,1,Daughter of an Empress
6029,1,0,0,1,an Empress
6031,1,0,0,1,Heir of
6032,1,0,1,0,Her
6033,1,0,1,0,Heriot
6036,1,0,0,1,an Idle Fellow.=
6037,1,0,0,1,Gentleman.=
6039,1,0,0,1,"Master of Ballantrae , The.= By R. L. Stevenson"
6077,1,0,0,1,A YOUNG HERO
2490,1,0,0,1,the countess 's tailor
5784,1,0,0,1,a lady whom nature seemed to have expressly made for him
6088,1,0,0,1,authors of acknowledged reputation
6133,1,0,0,1,individuals and household
6138,1,0,0,1,the Foundation
2476,1,0,0,1,"the noble company , who were then at breakfast"
2472,1,0,0,1,an incomparable man
6140,1,0,0,1,people who agree to be bound by the terms of this agreement
6141,1,0,0,1,an individual work
2469,1,0,1,0,our
616,1,0,0,1,"the poor creature,--something which searches into the inmost recesses of the soul"
6161,1,0,0,1,the user
6163,1,0,0,1,a user who notifies you in writing ( or by e - mail ) within 30 days of receipt that s / he does not agree to the terms of the full Project Gutenberg
6164,1,0,1,0,he
6165,1,0,0,1,such a user
6166,1,0,0,1,the manager of the Project Gutenberg ™ trademark
6168,1,0,0,1,Project Gutenberg volunteers
6169,1,0,0,1,employees
6170,1,0,1,0,they
6172,1,0,0,1,the person you received the work from
6173,1,0,0,1,The person or entity that provided you with the defective work
6174,1,0,0,1,the person or entity providing it
6127,1,0,0,1,A Handy Classical and Mythological Dictionary.= For popular use
6126,1,0,1,0,Their
6125,1,0,0,1,those who would speak or write the English language fluently and correctly
6101,1,0,1,0,Their
6089,1,0,0,1,the principal characters
2486,1,0,0,1,the count to call for more and more books
6090,1,0,0,1,all girl readers
6092,1,0,1,0,Our
6094,1,0,1,0,Herself.=
6095,1,0,0,1,Girl Neighbors
6096,1,0,0,1,A New Fashioned Girl.= By L. T. MEADE
6098,1,0,0,1,The Chaplet of Pearls
6102,1,0,0,1,Editors
6122,1,0,0,1,Readers
6103,1,0,0,1,member of New York Bar
6104,1,0,0,1,Dr. Danelson 's Counselor
6107,1,0,1,0,our
6109,1,0,0,1,President of the United States
611,1,0,0,1,any poet since the days of Shakspeare
6113,1,0,0,1,Political Parties
612,1,0,0,1,"The daughter of enthusiasm , rapture , passion , and despair"
6121,1,0,1,0,our
6002,1,0,0,1,a pedant
6001,1,0,0,1,Whoever works with symbols
600,1,0,0,1,an observing reader
2504,1,0,0,1,his confectioner
2574,1,0,0,1,those very people whom Wilhelm
5836,1,0,1,0,our
584,1,0,0,1,those who can not do without heroical sentiments
5840,1,0,0,1,not one of his acquaintances at home
5841,1,0,0,1,his acquaintances
5844,1,0,1,0,they
2571,1,0,0,1,the great assemblage
585,1,0,0,1,readers of a far higher character
2566,1,0,0,1,author of the piece
2565,1,0,0,1,"the prince , who contrived , with the most pleasing and friendly air , to put some question , or make some remark"
2561,1,0,0,1,not a player
2556,1,0,0,1,the most accomplished and attractive courtier
2555,1,0,0,1,armies
5866,1,0,1,0,our
2554,1,0,0,1,the leader of armies
2550,1,0,0,1,a man no less distinguished by his rank
5871,1,0,0,1,the youngest maiden
5872,1,0,0,1,her beloved
5873,1,0,0,1,his darling
2575,1,0,0,1,the best informed and most sensible
583,1,0,0,1,the friends of the sublime
5829,1,0,1,0,Our
1002,1,0,0,1,a second person
5785,1,0,1,0,They
5788,1,0,0,1,"a wife who properly conducted her economy should take no umbrage at such little fancies of her husband , but be always certain that he would return . Erelong Theresa 's mother"
579,1,0,0,1,persons to love or hate
5790,1,0,0,1,Erelong Theresa 's mother
5791,1,0,0,1,"the daughter , whose share of the effects , in consequence"
5793,1,0,0,1,Theresa 's benefactress
5797,1,0,0,1,many of her neighbors
5798,1,0,0,1,her neighbors
2598,1,0,1,0,our
2582,1,0,0,1,"a part of his people , among whom Jarno was especially distinguished"
5801,1,0,0,1,heiress of the greater part of his estates
5803,1,0,1,0,our
5808,1,0,1,0,they
5814,1,0,0,1,its noble owner
2588,1,0,0,1,the ladies of the audience
5821,1,0,1,0,themselves
2586,1,0,0,1,their persons
5824,1,0,1,0,they
5876,1,0,0,1,the beldame
5877,1,0,0,1,the dame
2547,1,0,0,1,suite
5972,1,0,0,1,the astonished looker - on
2516,1,0,0,1,the officers
5944,1,0,0,1,Lothario 's uncle
5946,1,0,1,0,our
2510,1,0,0,1,the peasant girls
5952,1,0,1,0,them
5961,1,0,1,0,they
5962,1,0,0,1,one person
5964,1,0,0,1,the voice
5977,1,0,0,1,the country clergyman that had attended him and his companions on that pleasure - sail of theirs
5939,1,0,1,0,they
5978,1,0,0,1,his companions on that pleasure - sail of theirs
5979,1,0,1,0,theirs
5981,1,0,0,1,a different person
5983,1,0,0,1,this officer
5984,1,0,0,1,"the one who had embraced him in the count 's park , and had caused his taking Jarno for a crimp . How that stranger had come hither , who he was"
2509,1,0,0,1,one of the peasant girls
5990,1,0,0,1,the old king of Denmark
5993,1,0,0,1,his marvelling friend
594,1,0,0,1,many a mind that knows not and heeds not whether they are true or false
5934,1,0,0,1,A portion of the public
5883,1,0,1,0,Our
5905,1,0,1,0,them
5886,1,0,1,0,their
5889,1,0,0,1,his departed father
2546,1,0,0,1,staff - officers
5890,1,0,1,0,them
2545,1,0,0,1,his generals
5894,1,0,0,1,men who had applauded his performance on the stage
2540,1,0,0,1,unwilling servants
5902,1,0,1,0,our
2538,1,0,1,0,our
5933,1,0,1,0,they
2531,1,0,0,1,the transparency
591,1,0,0,1,"men , including various stages of human nature"
5913,1,0,0,1,his supposed first - born
5919,1,0,0,1,a reasonable child
2519,1,0,1,0,"herself,--to"
5927,1,0,1,0,them
2517,1,0,0,1,every person in the house
5931,1,0,0,1,a free and cheerful foster - mother
999,1,0,0,1,the refiner
