character,radius,mentions,degree_centrality,eigenvector,pagerank
Pen,0.1945761032822238,6620,0.5160628844839371,0.3455990655406715,0.08560393050170978
Altamont,0.6622326640774817,429,0.0710868079289132,0.08589796383962146,0.0076266191362668635
Blanche,0.34040123804362943,1503,0.18113465481886537,0.17223866351235,0.027909951795157505
Fanny,0.2892726729090198,760,0.10252904989747096,0.11530723095251115,0.013685418005767683
Foker,0.21843640968537703,1285,0.177717019822283,0.16692082905715458,0.02040181774027569
Huxter,0.2027905306225539,292,0.05741626794258373,0.08773729349443599,0.006738361779723518
Laura,0.1931904862446719,1852,0.1729323308270677,0.17640138184532453,0.029701533701434968
Major Pendennis,0.44164907335044223,2041,0.29460013670539986,0.23206470387188713,0.041738983626595054
Miss Fotheringay,0.42360764714841065,525,0.11004784688995216,0.12568051905499927,0.011608118245721255
Mrs. Haller,0.5213618373045067,43,0.036910457963089546,0.06828547775482248,0.0022145584367767915
Old Pendennis,0.023758073361826733,112,0.025290498974709502,0.05977546360041773,0.001679807461978379
Pendennis of Boniface,0.6959888837521407,11,0.028708133971291867,0.05394501881169913,0.0015795752804828153
the Sylph,0.2837303682455792,2,0.008202323991797676,0.03295192559213323,0.00035843586031158396
Mr. Pendennis,0.21365765718510799,175,0.04237867395762133,0.06093462977824829,0.0033330943214695953
the Druids,0.475301117772526,1,0.002734107997265892,0.009102973409713867,0.00021684864519116282
the Normans,0.4670851788618329,1,0.002734107997265892,0.009102973409713862,0.00021684864519116282
the Pendennises,0.32821673992686384,19,0.021189336978810664,0.051185594731804965,0.001244312058696964
Lady Ribstone,0.840304004941036,9,0.008202323991797676,0.019491545691853674,0.0004962535523038317
Mrs. Pendennis,0.30958315469303166,551,0.16473000683527,0.16569498874078364,0.01933428179227254
Mr. Wakley,0.9083393111085437,1,0.002734107997265892,0.01041003253651106,0.00022750310789868998
young Fluxmore,0.9145462473157641,2,0.002734107997265892,0.010410032536511066,0.00022750310789868998
young Swettenham,0.9149057494969012,2,0.00888585099111415,0.012147296973306427,0.0005394742835336623
little Timmins,0.2911384780177354,2,0.000683526999316473,0.006739136819907263,0.00012325037396046612
Cinderella,0.5653172311931989,3,0.005468215994531784,0.020462360911514977,0.00031148278801277886
Arthur,0.126685743254624,2306,0.29528366370471637,0.2465195638720047,0.042683637707518166
Flora,0.7679937030639814,17,0.02255639097744361,0.04684334348865079,0.001362985773804278
Ponto,0.47576355526941605,12,0.006835269993164731,0.025039394706755154,0.00034978068979683304
Sally Potter,0.5095394154948741,1,0.004784688995215312,0.02005058185091873,0.00026165532389620203
Tom Jones,0.5296873984616925,6,0.0075187969924812035,0.02214408808165853,0.000407150280320731
"His Royal Highness the Commander - in - Chief , who was pleased to be very kind to him",0.6694860372436578,1,0.001367053998632946,0.007694526163800626,0.00014696602132419016
Tom,0.6292915989891545,23,0.02460697197539303,0.04899465217885363,0.0013127378673613531
Helen,0.4800663053397974,144,0.04784688995215312,0.06436138422657045,0.0035001441717959457
Martha,0.3524031521600678,77,0.030075187969924814,0.05728366396743042,0.002526603313604609
Chaucer,0.8464737644913864,1,0.006151742993848257,0.014503411850701448,0.00032894186213918466
Doctor Portman,0.4539734055868843,125,0.0608339029391661,0.09735726805308503,0.005189196603049576
Hakluyt,0.8683151222052607,1,0.006151742993848257,0.01450341185070144,0.00032894186213918466
Hobbes,0.8546527092583717,1,0.006151742993848257,0.014503411850701442,0.00032894186213918466
Inchbald,0.8550267824824405,1,0.006151742993848257,0.01450341185070145,0.00032894186213918466
Minny,0.8714564093358471,2,0.010936431989063569,0.017572033565977647,0.000594402254200297
Mrs. Portman,0.7489765429478371,64,0.023239917976760085,0.04524428952419535,0.0020385841723208347
Myra Portman,0.8204166526776038,10,0.015037593984962407,0.028791791119392566,0.0008588567609023445
Dr. Portman,0.2639416216078596,40,0.02665755297334245,0.05704150249416483,0.0019903598843804757
Mr. Hardhead,0.5424283940869279,1,0.004101161995898838,0.013819495368242606,0.00024079525757522474
Mr. Pen,0.18987534080738064,379,0.11004784688995216,0.13773487694172606,0.010365313729113118
Rebecca,0.45274458314860877,32,0.04101161995898838,0.07109009589191705,0.002604750407030513
Smirke,0.5000598901113764,330,0.061517429938482575,0.08341176175676428,0.0060294748792959095
the Cistercians,0.5210901206683638,1,0.004101161995898838,0.013819495368242606,0.00024079525757522474
Aristophanes,0.8134849649129964,3,0.005468215994531784,0.013525201266900705,0.00033220399836821014
Byron,0.578516427714256,17,0.028708133971291867,0.04774663936786279,0.0016997145554341073
Moore,0.570984830530572,5,0.012303485987696514,0.02877014576201731,0.0007024130949782779
Zuleika,0.48342487232501424,1,0.004101161995898838,0.016528557403434244,0.00023093028242561383
Bishop,0.6459099109779999,3,0.0075187969924812035,0.016479867181482054,0.0004067371285377599
Lalla Rookh,0.6804591631209813,1,0.004784688995215312,0.012853513520344289,0.000280606230275186
Mrs. Hemans,0.6500144171478576,1,0.004784688995215312,0.012853513520344303,0.000280606230275186
Pope,0.5577356399218675,2,0.00888585099111415,0.024643547099193103,0.00043714434232962893
Shakspeare,0.5905969428016444,11,0.021189336978810664,0.04614131540687606,0.0011988429295961018
Madame Caradori,0.37928700566767837,1,0.0034176349965823654,0.012833505118458191,0.00021375403843011898
Mr. Tatham,0.5022688086578188,67,0.021189336978810664,0.042186236519799504,0.0016810404010410942
Saint Bartholomew,0.1148256850361766,3,0.009569377990430623,0.033562471427315374,0.0004607857088888712
Ariadne,0.7810584306193205,5,0.008202323991797676,0.018421734841674208,0.0005171341599033066
Cortez,0.8234984818675143,1,0.006151742993848257,0.014877280732260386,0.000340223691499817
Lord Eyrie,0.8304437253761581,2,0.008202323991797676,0.020147567893521595,0.00044135802700991117
Lord Trehawk,0.8262178193819774,1,0.006151742993848257,0.014877280732260377,0.000340223691499817
Seneca,0.7891327920099362,1,0.006151742993848257,0.01487728073226039,0.000340223691499817
Sir Giles Beanfield,0.801541821586821,1,0.006151742993848257,0.014877280732260384,0.000340223691499817
Mercy,0.9153743418515048,2,0.0034176349965823654,0.009228679389446534,0.0002719195163892634
Madam Pendennis,0.3480394409601383,3,0.001367053998632946,0.007927354173746385,0.00014726330845780445
Alma Venus,0.8223436393945369,1,0.00888585099111415,0.01963026145849762,0.0004209979289316049
Anacreon,0.852745169284496,1,0.00888585099111415,0.01963026145849762,0.0004209979289316049
Andromache,0.8234474350445132,3,0.010936431989063569,0.02326535247660801,0.0005808193044404858
Dryden,0.8320344759808102,1,0.00888585099111415,0.01963026145849761,0.0004209979289316049
Homer,0.837269566190707,4,0.014354066985645933,0.025659573753126035,0.0007067634016413862
Ianthes,0.8427116041482096,1,0.00888585099111415,0.019630261458497607,0.0004209979289316049
Prior,0.8364944322541733,1,0.00888585099111415,0.019630261458497614,0.0004209979289316049
Waller,0.784784626651961,2,0.013670539986329461,0.024141974927465712,0.0006471331872084031
Zuleikas,0.8139985991431858,1,0.00888585099111415,0.01963026145849761,0.0004209979289316049
Clapham,0.6724880136766751,1,0.004784688995215312,0.016685996082600085,0.0002533571483284794
Madame Fribsby,0.5456745599306455,120,0.04101161995898838,0.07600799449950106,0.0033997238266036435
Admiral Boardback,0.8851723363203433,1,0.006151742993848257,0.013184189375933913,0.000359077767093589
Captain Glanders,0.4094795033099165,31,0.04647983595352017,0.07166779081958544,0.002893721316052244
Dolly,0.8815170257824169,2,0.010252904989747095,0.02284614999900798,0.0005203186010448044
Dulcinea,0.8958379414852571,1,0.006151742993848257,0.01318418937593391,0.000359077767093589
St. Mary,0.8848691450182384,2,0.006151742993848257,0.013184189375933911,0.000359077767093589
St. Vincent,0.8733712815020368,1,0.006151742993848257,0.01318418937593392,0.000359077767093589
The Miss Boardbacks,0.8842485509752674,1,0.006151742993848257,0.013184189375933915,0.000359077767093589
Hallo,0.7935926900764839,3,0.006835269993164731,0.022675525668641696,0.00034453727313642506
Dr. Johnson,0.7262470776092559,4,0.009569377990430623,0.018254689451450347,0.0005106656468117815
Miss Rincer,0.602234958921957,4,0.002734107997265892,0.010502760182960187,0.00026474926605447847
Mr.,0.5810094068662502,10,0.021872863978127138,0.050085106234178535,0.0011250273244665326
Mrs. Rincer,0.5302229423893059,3,0.005468215994531784,0.015584024654275632,0.000335414689516971
Miss Brett,0.616917029810262,1,0.002734107997265892,0.010502760182960187,0.00021417451476372603
Lieutenant R. Thistlewood,0.8204878719103368,2,0.004784688995215312,0.012598099250630913,0.0002867567113031593
Mr. Rincer,0.5417076629795796,9,0.008202323991797676,0.030634670079220376,0.000466018445153487
Farmer Gurnett,0.83220825582555,3,0.006151742993848257,0.01606220939206362,0.0003830185665323922
Messrs. Foker,0.8206705527578664,1,0.004784688995215312,0.011661944636974751,0.00031235110850857646
Miss Brown,0.8374084368847295,1,0.004784688995215312,0.011661944636974762,0.00031235110850857646
Mr. F.,0.7617097116245899,2,0.0075187969924812035,0.018430447783380804,0.00042903657449825744
Mr. Lewis,0.8436379974002259,1,0.004784688995215312,0.011661944636974762,0.00031235110850857646
Mrs. Jones,0.7953401520756282,3,0.014354066985645933,0.0277159915758924,0.0007046803625381246
Morgan,0.4091718845640111,722,0.09979494190020506,0.11489175934030113,0.010716130847239396
Bingley,0.5093993615020537,52,0.043745727956254275,0.06098105485109326,0.0029100386323486723
Lady Macbeth,0.7298948850162845,3,0.006835269993164731,0.017000979401092377,0.00037698141136315163
Mrs. Dropsicum,0.6899918750150154,1,0.002734107997265892,0.01151471079562584,0.00020257276474363627
Bows,0.4227753011429699,502,0.07997265892002735,0.10425253822561727,0.009679689730145394
Colonel Swallowtail,0.5506530686397111,4,0.010936431989063569,0.03418218020364115,0.0005764706134324394
Mr. Costigan,0.48375688367934755,78,0.039644565960355434,0.07183716718627048,0.0033052339890192925
Genius,0.6467213709326806,2,0.002734107997265892,0.010176187535477863,0.0002203574863971854
Venus,0.6803635102410425,9,0.0177717019822283,0.030117306947667337,0.001004662587923485
Baron Steinforth,0.6200927678180577,1,0.004784688995215312,0.015942938916336052,0.0002697661743022258
Garbetts)—while,0.605828653076275,1,0.004784688995215312,0.01594293891633605,0.0002697661743022258
Miss Thackthwaite,0.5403825314738995,3,0.006835269993164731,0.02267132360433317,0.00041516895345664165
Rowkins,0.7306528167467798,3,0.006151742993848257,0.014697369138043613,0.00036277306350205967
Watts,0.4196043821247194,1,0.0034176349965823654,0.01829142449957547,0.00020555444753855395
Mr. Spavin,0.6995013292064944,26,0.012987012987012988,0.02997421859018862,0.0009368455704654797
Mr. Foker,0.034911585279346596,121,0.02939166097060834,0.06136256633654013,0.0023371473256971345
Costigan,0.3322367414071416,347,0.08065618591934381,0.09847350016768683,0.00802919937035079
Poverty,0.5141462451668867,1,0.002734107997265892,0.011256734739068507,0.00018600425833699183
Miss Costigan,0.32538407535788516,127,0.04101161995898838,0.07132109242160305,0.0034744303193243293
Miss F,0.20931403925338718,1,0.001367053998632946,0.008129888844142334,0.00014417544501564182
Jack Costigan,0.6236893565707061,49,0.028024606971975397,0.05636544831689293,0.0020904671842637995
Bessie,0.5393148802794938,1,0.004101161995898838,0.012850015169043716,0.0002529864145082549
Captain Shanty Clancy,0.49692787136001954,2,0.004101161995898838,0.012850015169043721,0.00027609088619978705
Curacoa,0.5194100006867969,2,0.004784688995215312,0.015013866760642312,0.0002767348961045927
Lady Agnes Milton,0.49511404393495934,5,0.00888585099111415,0.02281599431999404,0.0005260026239625542
Lord Rosherville,0.6867197372343266,7,0.010936431989063569,0.022370297133615512,0.000542208165159867
Mrs. Creed,0.3185866997521692,25,0.010936431989063569,0.03195696794071746,0.0006629025522054447
Mrs. Dean,0.7800272416211682,7,0.0075187969924812035,0.01528842568815247,0.0005321494179259403
Mr. Awther Pindinnis,0.44790731071332085,1,0.001367053998632946,0.00865935726300074,0.00014422518269743666
Ophalia,0.2905756254733125,2,0.001367053998632946,0.007927354173746385,0.00014726330845780445
Pendennis”—she,0.3190106263188784,1,0.001367053998632946,0.007927354173746385,0.00014726330845780445
Ophelia,0.8392128538111137,27,0.028024606971975397,0.03276930777459556,0.0016526450575514706
Hamlet,0.5398134028816254,9,0.019822282980177717,0.032682115369135,0.001150580191067724
Kotzebue,0.7594175723853842,5,0.00888585099111415,0.016905699238717768,0.0005826322930524928
Miss Thompson,0.6580323885585347,4,0.009569377990430623,0.0214261811772872,0.00045328766177640714
Sand,0.8984603701512123,3,0.010936431989063569,0.01682306258010412,0.0006592201616063906
Deed,0.5103763893099349,1,0.002050580997949419,0.011222801525451112,0.00016436503893229503
Faith,0.586532306813022,5,0.004784688995215312,0.017982849867128517,0.00038013687404271634
Angelo,0.7855317509592198,1,0.004101161995898838,0.013046682650119438,0.00025761570669112065
Pentweazle,0.9399600238538109,5,0.009569377990430623,0.01517524885670291,0.0005538626803678478
Uncle Arthur,0.8163759136665711,2,0.004101161995898838,0.01304668265011943,0.00025761570669112065
Dante,0.7663992915574498,2,0.004784688995215312,0.012391697509853708,0.00028962107921556585
Farquhar,0.7778754453645182,1,0.004784688995215312,0.012391697509853713,0.00028962107921556585
Irene,0.7781396619528691,2,0.004784688995215312,0.01239169750985371,0.00028962107921556585
Pygmalion,0.5191447430690721,1,0.004101161995898838,0.01546604977517285,0.00024122737488537844
Titania,0.4745663107541887,1,0.004101161995898838,0.015466049775172868,0.00024122737488537844
Poor Smirke,0.3981860445686622,6,0.002734107997265892,0.012785808685642788,0.000189661180013038
Madeira,0.5416295966875767,1,0.002050580997949419,0.009751902945288372,0.0001657737649965626
First Love,0.3641801485995161,3,0.002050580997949419,0.01135641516745332,0.00016588290051218515
Euripides,0.5688381757856713,1,0.0034176349965823654,0.012829926167899125,0.0002190956929269769
Richard,0.5947793647658416,4,0.008202323991797676,0.020113520838897118,0.0005044117288552094
Dammy,0.20724611174236848,15,0.021189336978810664,0.046567250391578545,0.001203730886460427
Unlawful,0.09295182911261299,1,0.001367053998632946,0.007647192144723519,0.0001454741517532287
Shakspeare!—but,0.43788177398835665,1,0.002734107997265892,0.012851724668725828,0.00018814513084663653
Laertes,0.5958570157581073,1,0.002050580997949419,0.008015431056794706,0.00017220980047976233
Mr. Hornbull,0.7216647490540359,3,0.006151742993848257,0.015168130071631326,0.00037091379908946745
Spavin,0.21548524495121796,3,0.0034176349965823654,0.014708260845093817,0.00021702824101605433
Mr. Nathan,0.4240896054165857,2,0.002734107997265892,0.012012971156490634,0.00018533781363165542
Black - Eyed Susan,0.8467185523324703,5,0.006151742993848257,0.011441300027844756,0.000411060469035765
Captain Boldweather,0.8306485920717932,1,0.004784688995215312,0.01013960700094495,0.00029697084762445736
Enter Tobias ( Goll,0.8340340478251835,3,0.00888585099111415,0.02089495518088318,0.0005367843316001862
Mr. Garbetts,0.6766053161941064,34,0.019822282980177717,0.03685633168940617,0.0011782317194088505
William,0.8092595067745691,3,0.006151742993848257,0.011441300027844756,0.000411060469035765
Master Ridley Roset,0.7561258319295743,6,0.004101161995898838,0.010449603353939288,0.00030980984114567625
Deans,0.8037396293313047,2,0.005468215994531784,0.012006947412641588,0.00034032778333130767
little Miss Rosa,0.7784046119485492,2,0.0034176349965823654,0.008587460828869927,0.00023541300195910857
Gertrude,0.6449131916334029,1,0.001367053998632946,0.007376433818069064,0.00014709417615524145
The Costigans,0.33715460690577526,6,0.010252904989747095,0.03221069447323261,0.0006084820951896845
the Duke of Kent,0.4821417278524656,1,0.002734107997265892,0.010825317368927207,0.00021093654886249487
the Duke of Wellington,0.483359711346676,2,0.0034176349965823654,0.011643435183492683,0.00024321304195135194
Esther,0.7386778418032836,2,0.006151742993848257,0.01610002703571672,0.00038799535832225395
Mrs. Pen,0.5203989177703484,2,0.004101161995898838,0.013159922629695847,0.00028676111082122374
Queen Vashti,0.5621560296604968,1,0.0034176349965823654,0.011795771377421048,0.00023919817432200538
Montrose,0.36612168705886405,1,0.001367053998632946,0.009970167545497366,0.00014375365685776918
Despair,0.6737581600983314,1,0.006151742993848257,0.01281474622065713,0.0003207741956752123
the Angels,0.7405131978816772,1,0.006151742993848257,0.012814746220657135,0.0003207741956752123
Lord Bagwig,0.6458696301967093,2,0.006835269993164731,0.022841584804588363,0.0003660747897193981
Lord Levant,0.8533242676963232,9,0.010252904989747095,0.02252873451553515,0.0007511068650207594
Gad,0.2554894148810753,33,0.021872863978127138,0.049784645565931845,0.0014093822150635104
General Hobbler,0.33058748727440534,6,0.002050580997949419,0.007863263548360689,0.00022249007701710785
Mrs. Hobbler,0.317785705192201,1,0.002050580997949419,0.007863263548360682,0.0001940077011304979
Mr. Stultz,0.22853838407274082,2,0.000683526999316473,0.006739136819907263,0.00012325037396046612
Admiral Bowser,0.8925292667900325,1,0.004784688995215312,0.012702775621490936,0.00034276816974823583
Debrett,0.8689440202673993,2,0.008202323991797676,0.022953864730169617,0.0005122668685464155
Lady Grampound Bowser,0.9013161190925585,1,0.004784688995215312,0.012702775621490933,0.00034276816974823583
Lady Hobanob,0.8869516775686472,1,0.004784688995215312,0.012702775621490936,0.00034276816974823583
Lord Grampound Bowser,0.8904160749053464,1,0.004784688995215312,0.01270277562149094,0.00034276816974823583
young Mr. Suckling,0.8945465551399968,4,0.004784688995215312,0.012702775621490933,0.00034276816974823583
Barbara,0.6489333265094679,3,0.009569377990430623,0.024795762158322746,0.0004414211250740329
Lady Emily,0.46327664207207,9,0.004784688995215312,0.018682760639042114,0.0003044114478128011
"The Duke of Saint David ’s , whom I have the honour of knowing",0.41559933141657385,2,0.002050580997949419,0.012216614625218739,0.00016712941413792368
the Claverings,0.32674009537455795,22,0.021872863978127138,0.04883346775203675,0.001365696847566257
Miss Rouncy,0.5766558554619402,18,0.015037593984962407,0.036858094921328,0.0009983049518982026
the Columbine,0.7207458788886228,2,0.006835269993164731,0.017185125664546663,0.000363848139877933
Chatteris,0.1867579120723626,21,0.03212576896787423,0.06494180754683236,0.0021003752222296277
Pa,0.5170410178936795,6,0.010936431989063569,0.03212247839661393,0.0005608458435969728
old Mr. Bowser,0.5353896978628848,1,0.002734107997265892,0.010439431459648657,0.00019327038128830518
Miss F.,0.4595121070172392,8,0.012303485987696514,0.03404997197131649,0.0005457439689558474
Sir Derby Oaks,0.47963024219013967,44,0.0177717019822283,0.0459472116047978,0.0015900113433026304
the Baronet,0.6267700124958424,36,0.015037593984962407,0.03725170724511892,0.0008813711365165884
Heaven,0.1086670948996591,27,0.02460697197539303,0.05765821681678987,0.0019105244495861505
Papa,0.6252421249628667,27,0.01572112098427888,0.03685345644997226,0.0011617954064646995
Imogen,0.6152141313516116,1,0.002734107997265892,0.010105585807237721,0.00020730034384920526
Miss Milly.—“Ye,0.5938347223534658,11,0.002734107997265892,0.010105585807237718,0.0002326010173025919
Job,0.16427396108214923,4,0.004784688995215312,0.020264214901446618,0.00028883233209621293
Miss Foth,0.1616501482483587,6,0.006835269993164731,0.024460715270291828,0.00042697725493484346
Mr. Bo,0.19531037642112473,2,0.004101161995898838,0.013709851507710738,0.0002544698252087559
John,0.5511878650479699,42,0.03349282296650718,0.0639394154986889,0.0021190226811801218
Cora,0.8213784030840512,8,0.0075187969924812035,0.019907011965230557,0.0004982892280326877
Rolla,0.8520937403425968,5,0.006835269993164731,0.01770948901572714,0.00043014553446571143
Spaniards,0.8270919048831852,1,0.0034176349965823654,0.013468875758695674,0.00022814605101151764
Elvira,0.7081462962584221,1,0.002050580997949419,0.00954755502035036,0.00016908354394593787
Mrs. Bolton,0.24462616079590324,135,0.05399863294600137,0.08304135212148188,0.0053380189415729055
Meantime,0.19969450151183635,1,0.002050580997949419,0.01395018053945114,0.00016514081358635173
Saint Lucie,0.4039141211023095,1,0.002050580997949419,0.013162822418746868,0.00016474542834016149
Mrs. Pybus,0.696222732265443,36,0.0355434039644566,0.060808353027090964,0.0025830359708260207
the Earl of Rosherville,0.572312028317674,1,0.0034176349965823654,0.014091594312518472,0.00021369581001101404
Artises,0.9406072713143521,1,0.002734107997265892,0.007278259027533704,0.0003048850731682735
Mr. Roberts,0.9425036907007168,1,0.002734107997265892,0.0072782590275337075,0.0003048850731682735
Mr. Stanfield,0.9444282247690343,1,0.002734107997265892,0.007278259027533708,0.0003048850731682735
Tom Smith,0.9318789536142441,6,0.004101161995898838,0.013090959084369445,0.00036125596874282044
Lady Ann,0.6263488949898822,56,0.02939166097060834,0.04889156007924488,0.0021302325522769908
Miss Flather,0.6964187999404624,1,0.0034176349965823654,0.009857677333475852,0.00023370243416010085
Sir Poyntz Clavering,0.7331382392662948,3,0.004784688995215312,0.010381742442487468,0.0003065769968100281
the Misses Finucane,0.6584948453066851,5,0.0075187969924812035,0.017241157156322247,0.0004146402935762597
Lord Pendennis,0.5417110630077013,1,0.002734107997265892,0.011027506123409143,0.00019468129732538072
the Honourable Mrs. Simcoe,0.6498511754188806,10,0.013670539986329461,0.03034857504233837,0.0009147580745495381
Mrs. Barker,0.8107775251628483,2,0.006835269993164731,0.013029389966648753,0.0003559479537568029
Fairoaks,0.3129531896449972,38,0.039644565960355434,0.08465515992045551,0.0024584078276158397
Hobnell Major,0.6337886266475654,2,0.006151742993848257,0.016411363857144683,0.000298694953770951
Mr. Wapshot,0.5245397655448829,8,0.008202323991797676,0.02145338619986686,0.00040931175855912056
Mrs. Wapshot,0.4789062023797819,6,0.01572112098427888,0.039845662262861854,0.0007866446201145607
Master Pen,0.4510805148554732,6,0.0177717019822283,0.04624887219263024,0.0009591583863088797
Thomas Hobnell,0.4620810439674482,1,0.004784688995215312,0.020195546410949543,0.0002547954792107803
Mr. Hobnell,0.7196242203946096,24,0.016404647983595352,0.03532560023448025,0.001072435615030078
CHAPTER XVI . More Storms,0.2593500556494633,1,0.000683526999316473,0.006739136819907263,0.00012325037396046612
Lady Agatha Milton,0.43610591954839867,1,0.004784688995215312,0.01645720476179677,0.0002799981912184735
Lady Runnymede,0.49484383060904147,1,0.004784688995215312,0.016457204761796768,0.0002799981912184735
Lord Magnus Charters,0.33879895745807675,8,0.019138755980861247,0.03721508817491539,0.0011627109518421415
Lord Runnymede,0.4539831634007271,4,0.006835269993164731,0.022891963048786334,0.0004015298315504197
Amaryllis,0.6165336781817555,1,0.0034176349965823654,0.014591031330011689,0.00023612439847859424
Corydon,0.7005286684719528,2,0.004101161995898838,0.014596475406939566,0.0003559055945823805
Alcaics,0.7449878931446187,1,0.002734107997265892,0.00973530926494275,0.00019457199383147116
Latin Sapphics,0.7991221809691966,2,0.0075187969924812035,0.012580915431773601,0.00042900699294903024
Psha,0.2823521051959398,7,0.00888585099111415,0.03392944552102369,0.0005228366278179864
H.P.,0.664588036719086,3,0.017088174982911826,0.03840824405590119,0.0008240381038997072
Mrs. Glanders,0.6065746915708801,7,0.016404647983595352,0.04237122846215979,0.0007372917210522486
Mrs. Speers,0.49431883918340086,5,0.0075187969924812035,0.02235392056068773,0.0004081524742588312
the Dragoons,0.6249312132944063,1,0.006151742993848257,0.02003474050502719,0.000298140579639372
Briseis,0.5564267198109476,2,0.006835269993164731,0.024781480560053776,0.00034166306215537603
Jezebel,0.442436748374992,3,0.012303485987696514,0.024330828887502157,0.0006048563202551748
the Curate;—so,0.5235786030896016,1,0.002734107997265892,0.015036490047282712,0.00018377539884504717
the Curate,0.46898016695419886,1,0.002734107997265892,0.01633069085846557,0.00018483505466069318
Brookes,0.6792337618434722,3,0.012303485987696514,0.02798525658255427,0.0005800833276287312
Hurray!—claret,0.7350385410113195,1,0.004784688995215312,0.015976769824471482,0.0002678825109117503
Jove,0.15654837447576794,55,0.06288448393711552,0.08917238608232159,0.004273344908506189
Old Smirke,0.7215641479131146,3,0.005468215994531784,0.017572178074562603,0.00031211885979694643
Sheridan,0.7681521087499179,3,0.010252904989747095,0.024861850251465933,0.0005142947679523728
Madame Frib,0.5210841473582533,1,0.002734107997265892,0.010158216656689664,0.00021061400196438577
the immortal Gods,0.5010424740243818,1,0.002734107997265892,0.010158216656689662,0.00021061400196438577
Arthur?—say,0.5495205284315325,1,0.001367053998632946,0.008365655323332413,0.00014364452134214663
God,0.39415137432431036,45,0.02665755297334245,0.05828538907148959,0.002137477123324684
Blank,0.39385357981503977,1,0.002734107997265892,0.013257798942386788,0.00018973675304705508
"H. Foker , Esq .",0.879847753500446,3,0.00888585099111415,0.025677623627492926,0.00044301938989936465
Lord Colchicum,0.828566227899744,24,0.018455228981544773,0.03402241583170872,0.0013698130849608807
Lady Agnes,0.8029393397492356,79,0.032809295967190705,0.05068693307407541,0.00235195413873604
the Earls of Rosherville,0.569804246240934,1,0.004784688995215312,0.02173904126890039,0.0002608634233961878
Mr. Buck,0.5968405770823164,23,0.014354066985645933,0.03011082828936272,0.0010774042084154055
Fiddicombe,0.6436464600945165,1,0.002050580997949419,0.01001210623727687,0.000167671566718164
Davis,0.2575520557579355,3,0.002050580997949419,0.01174318123148182,0.00017519289743246773
Mr. Spicer,0.2729071872681342,6,0.005468215994531784,0.024554670208127915,0.00035771762142492504
Doctor Johnson,0.9366180164192469,6,0.008202323991797676,0.015004039049277119,0.0007096392905330678
William the Fourth,0.8818242613669602,1,0.002050580997949419,0.007618870864128163,0.00018780424532432782
Bayard among Majors,0.6769661394592674,2,0.005468215994531784,0.019537757998564834,0.0003148314700097943
Aeschylus,0.8265767823242143,2,0.004784688995215312,0.009643102114370423,0.00031839308914523914
Algebra,0.7514602289308232,3,0.013670539986329461,0.024724810033594804,0.0006690962647411113
Mrs. Binge,0.8233850350238423,1,0.004101161995898838,0.008760561885992897,0.0002644285913389418
Fudson Oxford Street,0.44693153985077116,1,0.002734107997265892,0.013795806257468351,0.0001864867426776104
Moliere,0.19836330986655154,1,0.004101161995898838,0.019064503572470796,0.0002494657187056709
Paul de Kock,0.17523299960137556,2,0.005468215994531784,0.0243938685110419,0.0003192321938766434
Swift,0.34941061799179035,1,0.004101161995898838,0.019064503572470803,0.0002494657187056709
Latham,0.5962086439236283,1,0.002734107997265892,0.011548599247746918,0.00020758791698275578
Messrs. Binney,0.6051145938358956,2,0.002734107997265892,0.011548599247746918,0.00020758791698275578
L.,0.22071739342734845,4,0.006151742993848257,0.025423087410530554,0.0003596880911407867
Messrs. B.,0.24125693874220636,1,0.002050580997949419,0.010674687715545637,0.00017342221952751873
Wilkies,0.4314269354255049,1,0.002734107997265892,0.011802215939546433,0.00019388957529920144
Freshmen,0.28090350697089284,1,0.002050580997949419,0.013996990018386815,0.0001649197900228434
Simon,0.8925807293089827,1,0.002050580997949419,0.011838813055907412,0.00018435887195736972
Dillon Tandy,0.9380705723691982,1,0.006835269993164731,0.012133015406428716,0.00041497463281222295
Finn,0.9345961899529225,1,0.006835269993164731,0.012133015406428723,0.00041497463281222295
Guttlebury,0.9312373663736546,4,0.006835269993164731,0.01213301540642872,0.00041497463281222295
Paddington,0.9316933085593299,2,0.006835269993164731,0.012133015406428723,0.00041497463281222295
Parkton,0.9316533157153368,1,0.006835269993164731,0.012133015406428726,0.00041497463281222295
Raphael - Morgheus,0.9318299714817427,1,0.006835269993164731,0.012133015406428724,0.00041497463281222295
Snaffle,0.9365381763383257,2,0.006835269993164731,0.012133015406428723,0.00041497463281222295
Wormall,0.9323706144476402,1,0.006835269993164731,0.012133015406428721,0.00041497463281222295
Bob Acres,0.848324266765317,2,0.008202323991797676,0.02031619031248831,0.0004131900304102342
Crichton,0.8444115807467258,2,0.0075187969924812035,0.018432697729739465,0.0004130178576713293
Godfrey,0.8347673783979542,1,0.0075187969924812035,0.018432697729739475,0.0003912489839111887
Jones of Jesus,0.8414081800899892,1,0.0075187969924812035,0.018432697729739468,0.0003912489839111887
Roland,0.8461302303909347,1,0.0075187969924812035,0.018432697729739492,0.0003912489839111887
Thompson or Jackson,0.8361000467599561,1,0.0075187969924812035,0.018432697729739465,0.0003912489839111887
the Girondins,0.8403733270620017,1,0.0075187969924812035,0.01843269772973949,0.0003912489839111887
Charles the First,0.8582054523107064,1,0.002734107997265892,0.007815279788834775,0.00023460080708098251
Cromwell,0.9003596524675671,2,0.0075187969924812035,0.010156819117967434,0.0004747491309736212
Louis the Sixteenth,0.8856521515956416,1,0.002734107997265892,0.007815279788834778,0.00023460080708098251
Smith of Trinity,0.62684718969876,1,0.0034176349965823654,0.015163484134793665,0.00020886005088822696
Honest Harry Foker,0.7345748236078922,10,0.005468215994531784,0.01908980191009452,0.0003492498316687849
Alma Mater,0.728126723260531,2,0.004784688995215312,0.016455360982699837,0.0002828240744826989
Purley,0.7321824472001714,1,0.004784688995215312,0.01645536098269986,0.0002828240744826989
young Black Strap,0.7815479991812915,2,0.009569377990430623,0.01917484571823634,0.0005129062426564724
"Pen,—“a",0.7564821536815773,1,0.005468215994531784,0.009696478089753383,0.00032210481023683675
Ringwood,0.8832544712641311,9,0.016404647983595352,0.021906400312713643,0.0009358112367249349
"Tom Spring,—the Black",0.7546873720758118,5,0.006151742993848257,0.012889155743132855,0.0003904509667429739
"Tom,—and",0.7937268609460484,1,0.005468215994531784,0.00969647808975338,0.00032210481023683675
"poor Foker , who went away without any beat of drum , or offer to drive the coach out of Oxbridge",0.788365344388605,2,0.002734107997265892,0.013025329051885933,0.00019534906254261891
Broadbent,0.77264699664576,6,0.004784688995215312,0.013367075669531192,0.0003465114121213576
Mr. Bloundell - Bloundell,0.8232843281622889,2,0.00888585099111415,0.016101664398408662,0.0004911901914702214
Rupert,0.8752561999532332,4,0.009569377990430623,0.015604419306110258,0.0005248631444838916
the sly and witty Harland,0.7271136114229567,2,0.004784688995215312,0.013367075669531193,0.00034651141212135763
young Lord Plinlimmon,0.4604700548709796,5,0.010252904989747095,0.025543616063032487,0.0006381072886024982
Bloundell,0.22069519713424038,55,0.03144224196855776,0.05288749684016817,0.0022992388989396357
Lady Aquila Brownbill,0.3977711566458999,1,0.004101161995898838,0.01252213023564658,0.00024791369946063914
Mr. Broadbent,0.3761353930893734,2,0.005468215994531784,0.013998713210903251,0.0003691356147592678
Bloundell - Bloundell,0.8686398639725313,20,0.009569377990430623,0.013624673073679164,0.0006591518529536264
O Mong Roy,0.6629167182230843,1,0.002734107997265892,0.007544136900443859,0.0002430071773165635
Suffolk Bloundells,0.6377722180999522,1,0.002734107997265892,0.007544136900443869,0.0002430071773165635
Don Juan,0.1849293796707433,4,0.008202323991797676,0.022068750744525023,0.00048308576864116554
Lovelace,0.3375217833871352,9,0.016404647983595352,0.033832766469586245,0.0008481135662645346
Macheath,0.07497593097464196,15,0.006835269993164731,0.02325427318091073,0.000513826931241097
Terence,0.34240318674521125,1,0.002734107997265892,0.011925120228601782,0.00019309421520686054
Robert the Devil,0.15308369634186192,1,0.001367053998632946,0.007770436128285635,0.00014707827258416965
Frascati,0.07760013834389089,1,0.0034176349965823654,0.014769840784987892,0.00021398256751687075
Lord Steyne,0.5887140157339018,47,0.03622693096377307,0.05472949858086796,0.0025690169504542647
Don Giovanni,0.587875681511342,2,0.004101161995898838,0.014253311155810532,0.00024383008611857083
Taglioni,0.5363118693848149,4,0.006151742993848257,0.020874662805656734,0.0003386889295465389
Finch,0.05250681620293678,1,0.002050580997949419,0.012577535554663559,0.0001677265910619729
Frodsham,0.24654499248283693,5,0.004101161995898838,0.015621751660743588,0.0002750420766309315
Joel Miller,0.2145880806427565,1,0.001367053998632946,0.011546236246285178,0.00014389869243826937
Boots,0.7946220534060381,3,0.006835269993164731,0.01848982984570913,0.0003466046057999626
Mr. Harthur,0.6009395567199003,11,0.009569377990430623,0.032147223691382495,0.0005436301140464725
Delcroix,0.10388281321016803,1,0.002050580997949419,0.01240092586137078,0.000165441263757646
Ackermann,0.5188610045435317,1,0.001367053998632946,0.009189890592008901,0.00014427147154504014
Mamma,0.24447724609978266,51,0.018455228981544773,0.04774088115378699,0.0014831148894446451
Old John,0.15676105442008717,20,0.006835269993164731,0.028500280681821286,0.00038187463466243874
Strong,0.536945620439111,751,0.11004784688995216,0.1131313401601804,0.014579024812198025
Goethe,0.5184145353439443,2,0.008202323991797676,0.025257074350189535,0.0004238715597086772
Schiller,0.37998123259646277,1,0.004101161995898838,0.01994692492321127,0.000231862080648989
Laura)—“Well,0.12693883881876133,1,0.002050580997949419,0.014704172355040413,0.00016444090727901268
Brawl,0.38742413367887424,1,0.004101161995898838,0.02143860507622929,0.00023090257581385537
Mirobolant,0.44519034656435486,131,0.02665755297334245,0.047438645532276606,0.0026135975331750567
The Right Reverend Prelate,0.38564967401939154,1,0.002050580997949419,0.010429898481977227,0.00018035366146826995
"the Bishop and Bishopess of Chatteris and the episcopal family , who scowled at him , and drew up in great dignity when he was presented to them , and they heard his name",0.44303552786363115,2,0.0034176349965823654,0.017032427968808467,0.00025867415194906636
Laurar,0.3679527831046006,1,0.0034176349965823654,0.015427927293171634,0.00023533008704837357
Mar,0.3054082452839906,5,0.006151742993848257,0.0216879581655895,0.00036392758836356
Nothink,0.2795706509729772,1,0.0034176349965823654,0.01542792729317164,0.00023533008704837357
Undine,0.2367008642050582,5,0.005468215994531784,0.025928117549666747,0.0002685504650824946
Lord Rockminster,0.5303167833201275,1,0.002734107997265892,0.015806238596678197,0.00018462071464589772
Mr. Pynsent,0.519895835296003,166,0.03212576896787423,0.05651659455092925,0.004016478620829139
Wagg,0.8391468104455885,163,0.05126452494873548,0.06243975938883558,0.004501343883208731
Betsy,0.8009309357935772,14,0.012303485987696514,0.02235601401396036,0.0007354591825432411
Dear Laura,0.1757632906795229,11,0.002734107997265892,0.018344671777030405,0.0002450681555287471
Lady Pontypool,0.8297712597113144,8,0.010252904989747095,0.026915610153983836,0.0005667178477805756
Lady Rockminster,0.2106617253841241,192,0.05673274094326727,0.08828378662321522,0.006472804740109191
Cap’n,0.5795706828940521,1,0.001367053998632946,0.008945183236051877,0.00014476641889570328
Young Mr. Fogey,0.21649133989874647,6,0.002734107997265892,0.016223384533423403,0.00018368006731345614
Captain Broadfoot,0.45150068279188593,13,0.0075187969924812035,0.02616261175549208,0.0007539407407950308
Mr. Poole,0.586252454846764,1,0.002050580997949419,0.008351370587347067,0.0001655082029499868
One,0.5958439432105606,2,0.004784688995215312,0.019879360685881052,0.0002605488854156105
Cornet Perch,0.10828768329051298,9,0.0034176349965823654,0.01944673801866818,0.0003271622367749148
Miss Roundle,0.4782196924842104,14,0.004784688995215312,0.022162951960614814,0.0005784558823696071
Anglaise,0.3030449508900234,1,0.004101161995898838,0.02021862024460103,0.00025938795238576934
Blaise,0.2967264088775024,1,0.004101161995898838,0.020218620244601047,0.00025938795238576934
Pierre,0.3629958829191551,1,0.004101161995898838,0.020218620244601037,0.00025938795238576934
Pendennis?”—Strong,0.553648539173724,1,0.002050580997949419,0.009870230652754077,0.00016973239201151593
Alcides,0.6630361390507924,9,0.004101161995898838,0.015586893780266455,0.00035168792791115497
Mr. Pendennis.—The,0.30198701198261674,1,0.002050580997949419,0.01238498723441207,0.00016439401350130077
Cooky,0.3782107896424665,2,0.002050580997949419,0.011281007059905238,0.00016305777593294862
July,0.6046845222547472,1,0.001367053998632946,0.0076641842366094665,0.00014821634707627875
the Chevalier Mirobolant,0.5944936912509103,2,0.001367053998632946,0.008945183236051877,0.00014476641889570328
Dear Arthur,0.2931229087536676,1,0.001367053998632946,0.010178940818267462,0.00014287796856606358
Brompton,0.7773185613282204,1,0.004101161995898838,0.009389301972916366,0.0002697483145835248
Doolan,0.7827021677183186,30,0.02255639097744361,0.038552788709475344,0.001566000879668527
Sydney Smith,0.982696659466474,3,0.013670539986329461,0.010537887374048736,0.000758603470953231
Tom Campbell,0.7493926681229124,1,0.004101161995898838,0.009389301972916375,0.0002697483145835248
Tom Hood,0.7254375061701984,2,0.006835269993164731,0.01498707449284443,0.0004016032069427282
Pendennis—“Hullo,0.1700566563348806,1,0.002734107997265892,0.015552945063174861,0.0001882062583724735
Blenkinsop”—those,0.8870443615530296,1,0.004784688995215312,0.011670196146058343,0.00030605823965987664
Grandy Tiptoff,0.8850322304659224,1,0.004784688995215312,0.011670196146058338,0.00030605823965987664
Lord Tiptoff,0.8879824611741978,1,0.004784688995215312,0.011670196146058352,0.00030605823965987664
Miss Blenkinsop,0.9129210701983557,8,0.0075187969924812035,0.014917478328574168,0.0005640323372083821
Tiptoff,0.879512569126411,4,0.0075187969924812035,0.013675408707812824,0.0005155359704444355
Mrs. Leary,0.8396204045295901,16,0.010252904989747095,0.026792608935479387,0.0005536469913317417
Hoppus,0.8775021822371901,2,0.004101161995898838,0.008651278270063392,0.0002768224723142544
Sir Harcourt Featherby,0.9029080868441135,1,0.004101161995898838,0.008651278270063395,0.0002768224723142544
Wigsby,0.43396212000449447,8,0.008202323991797676,0.02941029125501726,0.0004043209258117097
Sir Charles Mirabel,0.4566681507198058,51,0.030075187969924814,0.05557195362278524,0.0020595582951956595
"the Court of Pumpernickel , who had taken so active a part in the negotiations before the Congress of Swammerdam , and signed , on behalf of H.B.M. , the Peace of Pultusk",0.5392696148947324,1,0.002050580997949419,0.010273536458433891,0.0001669817095434713
Warrington,0.47056975381983807,1363,0.16473000683527,0.15539819154573745,0.022073658769029624
Counts,0.4923185395120447,1,0.002734107997265892,0.008701276270466256,0.0002165151192755001
Lady Whiston,0.4377262376667754,7,0.013670539986329461,0.03634997730600669,0.0006948437522867514
Turks,0.5421142817451434,1,0.002734107997265892,0.00870127627046626,0.0002165151192755001
Fotheringay—(what,0.824970912807717,1,0.001367053998632946,0.006873162596424654,0.0002144754429033109
the Fotheringill,0.8394720845563595,2,0.001367053998632946,0.0068731625964246566,0.0002144754429033109
Margery Daw,0.13459913650441532,2,0.0075187969924812035,0.02905061474198267,0.0003531559961728043
Stunning Warrington,0.5397092754243998,8,0.002734107997265892,0.011986629153890944,0.0002122015231162381
Mrs. Flanagan,0.34756238216638796,26,0.011619958988380042,0.03751064011237007,0.0011845153355911663
Catullus,0.7550140826478289,1,0.005468215994531784,0.01716952874374673,0.0003089714972805232
Mr. Doomsday,0.7621231705047846,4,0.005468215994531784,0.017169528743746727,0.0003089714972805232
Mr. Grump,0.909117066328305,6,0.012303485987696514,0.01884369913030233,0.0006998117165493584
Paley,0.7114892351501083,56,0.006835269993164731,0.0215095607945001,0.00044034991785453856
Ruin,0.7453105931764576,1,0.005468215994531784,0.017169528743746734,0.0003089714972805232
Lowton,0.8913933238074302,49,0.011619958988380042,0.020075610154823037,0.0010408204935115372
Corkoran,0.8245250334834779,4,0.004784688995215312,0.015517704412449063,0.000318315788654032
Finucane,0.6946472371368333,127,0.04101161995898838,0.060410702448318136,0.002959831089336462
Major - General Sir Hector O’Dowd,0.8009742620242084,1,0.004784688995215312,0.015517704412449065,0.0002701802782787461
Molloy Maloney,0.7632311713315356,9,0.005468215994531784,0.018489989754704218,0.00036178744815887885
Warrington laughed—“Stunning Warrington,0.4112241845353256,11,0.004784688995215312,0.015376781484109467,0.00038513290588639785
the Port St Martin,0.869016584528025,4,0.006835269993164731,0.014454853791862505,0.00042633247797564563
Bill Simes,0.596271190130468,2,0.006151742993848257,0.014164352706853085,0.0003885794395206452
The Miss Notleys,0.47297250958364023,1,0.002050580997949419,0.007315185093697248,0.00020089216171204413
Grisi,0.2685980021235852,1,0.000683526999316473,0.006739136819907263,0.00012325037396046612
the Tutbury Pet,0.6785360031738008,1,0.0034176349965823654,0.01249466680152296,0.00022065566215312364
Cutts,0.5211423166588405,9,0.0075187969924812035,0.01884903923457241,0.0004026380213094445
Mr. Green,0.594559229255,2,0.006151742993848257,0.017537769616532948,0.0003377011524876666
the brave Abercrombie,0.6673324330211793,8,0.0034176349965823654,0.009127291980457667,0.0002340704127983413
Harry Fielding,0.986153286721436,4,0.011619958988380042,0.012010762051838932,0.000649199338164023
Grecious Heavens,0.4554433875998357,2,0.0034176349965823654,0.015311834022856857,0.00023073146764209743
Awthur,0.28223167368150104,1,0.0034176349965823654,0.014997092156638029,0.00020944583778723878
Cos,0.3746313748500148,63,0.027341079972658923,0.05666328652831587,0.001940244691045995
Hoolan,0.8194332527396865,4,0.00888585099111415,0.022109652998642655,0.0004928044062354887
Archer,0.7923710648667672,104,0.028708133971291867,0.04277315742450401,0.0020292058614132416
Governor,0.320324151384465,3,0.0034176349965823654,0.014871647093863025,0.00022068094688389611
Lord B.,0.7196593164839601,3,0.002050580997949419,0.010521155704276006,0.0001664927841499882
Dixi,0.2863451683848986,1,0.000683526999316473,0.006739136819907263,0.00012325037396046612
Hang gallypots,0.5284390040705269,1,0.001367053998632946,0.009769381339679088,0.00014396426690929087
young jackanapes,0.5217090782284504,1,0.001367053998632946,0.009769381339679088,0.00014396426690929087
Aldus,0.8875021856655803,1,0.006835269993164731,0.0149063405384946,0.00036350381159253297
Bacon,0.7990402171249296,81,0.038277511961722493,0.053149724757949664,0.0031999900124002395
Bungay,0.7908113422890561,265,0.07245386192754615,0.08485670618743364,0.006861983951079754
Caroline,0.8949261113946682,3,0.00888585099111415,0.0168091172090937,0.0004699526409693434
Elzevir,0.8896907189491716,1,0.006835269993164731,0.014906340538494612,0.00036350381159253297
curious Mr. Pepys,0.8933615966595106,1,0.006835269993164731,0.01490634053849461,0.00036350381159253297
the Reverend Elias Howle,0.8981351382887651,1,0.006835269993164731,0.01490634053849461,0.00036350381159253297
the Reverend Grimes Wapshot,0.8873093447959436,1,0.006835269993164731,0.014906340538494621,0.00036350381159253297
Lord Pontypool,0.8364858654706521,4,0.010252904989747095,0.02372203255808319,0.000569847391948879
Mr. Hack,0.8435086108983425,15,0.012987012987012988,0.026904248900499927,0.0008252115743685864
Captain Shandon,0.771846723483963,76,0.034859876965140126,0.051127521956422374,0.0025587596827631653
Barney Brallaghan,0.8539765981498308,2,0.010252904989747095,0.02372595741435237,0.0004669593198974394
Doctor Hicks,0.8756026585640907,2,0.00888585099111415,0.017422479425039227,0.00040362048651231583
Looney MacTwolter,0.8682184789985422,1,0.00888585099111415,0.01742247942503923,0.0004036204865123158
Mr. Grindle,0.8548390796376001,2,0.00888585099111415,0.01742247942503924,0.0004036204865123158
Mrs. Bacon,0.8522405559557492,12,0.012303485987696514,0.020575350397694796,0.0007321774288236572
Peachum,0.8590026380595795,1,0.00888585099111415,0.01742247942503924,0.0004036204865123158
Professor Sandiman,0.8732158605178739,1,0.00888585099111415,0.017422479425039238,0.0004036204865123158
Charles,0.7805674757515247,12,0.0075187969924812035,0.02215059416582321,0.0005242991926748755
Irishmen,0.712627325535606,1,0.002734107997265892,0.009304460707579558,0.000192056153149515
Mrs. Shandon,0.8224447409013291,152,0.04647983595352017,0.06065243997191045,0.004540680886102143
Mr. Shandon,0.7482392720966105,24,0.010936431989063569,0.025331298380238003,0.0006570300287868835
Mr. Pennington,0.80359377558322,1,0.0034176349965823654,0.013100747783986,0.00020852713174167564
Dr. Slocum,0.7923678732554615,3,0.006835269993164731,0.01555244226842804,0.0004648629801777574
Captain Sumph,0.8678758977235107,28,0.009569377990430623,0.015448844144655758,0.0006837493806158108
Lord Sumphington,0.8743726210748841,1,0.006151742993848257,0.013507666185361039,0.0003264392973309824
Mr. Bole,0.8793586177140399,1,0.006151742993848257,0.013507666185361035,0.0003264392973309824
Mr. Trotter,0.8929785478019309,6,0.012303485987696514,0.02042671808243483,0.0007133714081507478
poor Shelley,0.8701091567222975,1,0.006151742993848257,0.013507666185361046,0.0003264392973309824
Lord Falconet,0.6804350594088973,7,0.008202323991797676,0.026677512475376867,0.0005738363356134593
Percy Popjoy,0.7245158628342374,25,0.017088174982911826,0.035747391590234164,0.001089829942711195
Nature,0.34282107499749315,4,0.0075187969924812035,0.03255864557477951,0.0003693174464755381
Pop,0.90101293227114,7,0.006835269993164731,0.01770192010637379,0.0004652700831293247
Wenham,0.6496117565406366,111,0.03212576896787423,0.04811414541783647,0.0027197568797873357
the French,0.8575666068304982,7,0.008202323991797676,0.021790233359880277,0.00048456299061297805
Miss Bunion,0.7683248161626973,35,0.010252904989747095,0.024686031408802652,0.0007768246301375986
Passion - Flowers,0.7829351727757372,1,0.002050580997949419,0.008158730797630059,0.0001680059441124931
Popjoy,0.7691817843487192,36,0.01572112098427888,0.0315617988041351,0.0009919952625075158
Penn,0.8079542714194304,1,0.0034176349965823654,0.010569272541432211,0.0002280581931180703
Waither,0.8013877967184915,1,0.0034176349965823654,0.010569272541432221,0.0002280581931180703
Griggs,0.812580713086941,1,0.0034176349965823654,0.012267107019593469,0.00020753061341320764
Bob O’Toole,0.8352016980097724,2,0.008202323991797676,0.01763964951652435,0.00040827816569136995
Desperation,0.84771143719551,1,0.005468215994531784,0.012393525753587336,0.00029743380243040706
poor Buzzard,0.8314706889626788,1,0.005468215994531784,0.012393525753587325,0.00029743380243040706
Mr. Bludyer,0.6501923563277247,17,0.011619958988380042,0.027941405540590034,0.0007515084551403232
Lady Muffborough,0.5902098764442,2,0.005468215994531784,0.021237289640169892,0.00028424536951125013
Lord Muffborough,0.5891850055632492,2,0.0075187969924812035,0.025940117222289207,0.0004431819380299188
the Countess,0.5523421126974706,11,0.00888585099111415,0.026449056627251454,0.0004969376247966697
Herschel,0.5852489051035028,1,0.0034176349965823654,0.013719706032415303,0.00022282012552636782
Macaulay,0.6311628960663228,1,0.0034176349965823654,0.0137197060324153,0.00022282012552636782
young Hopeful,0.05096125408498379,6,0.010252904989747095,0.039992379353685284,0.0004842883275943284
Co.,0.7939416900753936,2,0.004784688995215312,0.012037158013776302,0.0003083967772709366
Mr. Midge,0.7372864384776701,1,0.005468215994531784,0.01650315602981308,0.0002823077019403584
Mr. Plover,0.7329463600637416,1,0.005468215994531784,0.016503156029813077,0.0002823077019403584
Cut uncle Col,0.8535471107990067,1,0.001367053998632946,0.006873162596424661,0.0002144754429033109
Mademoiselle Frangipane,0.8247313768557315,1,0.001367053998632946,0.006873162596424659,0.0002144754429033109
Grace,0.2367481692833617,1,0.004101161995898838,0.020819088286045836,0.00024633992943747977
Grey Friars,0.19898108933024056,1,0.004101161995898838,0.02081908828604583,0.00024633992943747977
Pendennis?—fine,0.19656056444325837,1,0.000683526999316473,0.006739136819907263,0.00012325037396046612
Fate,0.347735657973116,6,0.015037593984962407,0.03747879184242418,0.0007814689951846411
George IV,0.6856053962297615,1,0.006151742993848257,0.013969401789658354,0.000329533346606579
Mr. Canning,0.739868097284973,1,0.006151742993848257,0.01396940178965836,0.000329533346606579
Mr. Joseph Hume,0.6614290427778181,1,0.006151742993848257,0.013969401789658359,0.000329533346606579
Tom Bickerstaff,0.6592860024067713,4,0.006151742993848257,0.013969401789658357,0.000329533346606579
Sir Hugh Trumpington,0.9507942044139281,23,0.005468215994531784,0.014345750453135006,0.0007285812504950169
Jeames,0.5559096520359988,18,0.009569377990430623,0.03234354209113989,0.0007650206425513796
the Major,0.20394405320272424,1,0.000683526999316473,0.006739136819907263,0.00012325037396046612
the Sylphide,0.47595858912031674,18,0.012987012987012988,0.038493821711889746,0.0007805137930467155
Lady Catherine Martingale,0.03869337453768881,1,0.002050580997949419,0.01607146778305815,0.00016546163115121847
Mr. Welbore Welbore,0.47734976324721157,22,0.011619958988380042,0.03959985878031543,0.000686889798360603
Mrs. Welbore Welbore,0.33551394346821917,1,0.002050580997949419,0.013352702804585038,0.0001655040204884289
Each,0.3907849166697832,1,0.0034176349965823654,0.020365848647107568,0.00020766838390146933
Jingo,0.23348764972812724,1,0.000683526999316473,0.006739136819907263,0.00012325037396046612
Signor Twankidillo,0.4090980457644564,1,0.0034176349965823654,0.016789139503170857,0.00021039047043119494
Achilles,0.8858804491777573,1,0.0034176349965823654,0.01061504740259531,0.0002965472618024469
Adam,0.8905610234367848,1,0.0034176349965823654,0.010615047402595312,0.0002965472618024469
Ajax,0.891912272654385,1,0.0034176349965823654,0.010615047402595312,0.0002965472618024469
Lord Nelson,0.8955971481596453,1,0.0034176349965823654,0.010615047402595302,0.0002965472618024469
Betsy Amory,0.6336794240408248,8,0.008202323991797676,0.026223522008501775,0.0004115590066240275
Calverley,0.8326415465511441,18,0.02255639097744361,0.03786402658601437,0.0013796195125695134
the Begum,0.399919860269169,45,0.016404647983595352,0.042577748086045863,0.001071220346794757
the Lady Rosherville,0.5961190902823107,3,0.002050580997949419,0.010947450333562016,0.0001903105292308112
"Miss Amory,—for",0.34666422818746623,1,0.001367053998632946,0.009970167545497366,0.00014375365685776918
Mr. Oriel,0.3902044194302799,2,0.002734107997265892,0.013990418851743886,0.00020839413573939692
Miss Clavering,0.6678375859308676,3,0.004101161995898838,0.01225470673039362,0.0002655416498634528
Walter Lorraine,0.39255563977451047,43,0.013670539986329461,0.03930496537275919,0.0013381080646962754
"Miss Blanche,”—and",0.34917739106298,2,0.001367053998632946,0.010097768352292287,0.00014372497179492212
Mr. Poyntz,0.7604459734505975,19,0.006151742993848257,0.01540022923433618,0.00044058944416206717
Amori,0.33925539662430404,2,0.0034176349965823654,0.015633304512134252,0.0002476418909930835
Leonora,0.44164437020625913,7,0.010936431989063569,0.03131237983638421,0.0006324740807237356
Lady Mirabel,0.4686129919612779,62,0.03212576896787423,0.060742146518476016,0.0018842021375245599
Monsieur Dubois,0.6034984576415892,1,0.0034176349965823654,0.010522886449143154,0.00021348518547988096
Neaera,0.5403116481955397,3,0.0075187969924812035,0.0251067432569467,0.00042645308369964523
Eldorado,0.7712112116453778,1,0.002734107997265892,0.014237343696801626,0.00018550107409893697
Walter Scott,0.6037454458637251,2,0.006835269993164731,0.017573273489948707,0.0003759324884929893
Don Carlos,0.6862592405684147,1,0.008202323991797676,0.025217707608401516,0.00038902847818611194
Filby,0.9237508925655458,6,0.014354066985645933,0.031037861534206974,0.0007033219897990615
Jack Holt,0.7792681868957221,8,0.018455228981544773,0.04297429746906773,0.000916366254419633
Keightley,0.8283673957036932,3,0.012303485987696514,0.02758643312704534,0.0006227440409592345
"Sir Horace Fogey , Bart .",0.49341640361156963,3,0.015037593984962407,0.04012971880339796,0.0006671500267081085
Tom Diver,0.7522256218271633,9,0.008202323991797676,0.025217707608401516,0.00038902847818611194
the Irish,0.691901994735418,1,0.008202323991797676,0.02521770760840151,0.00038902847818611194
Lady Mirabel:—and,0.47867994572193673,1,0.002734107997265892,0.010728768996176665,0.00018692319789262478
Ellis,0.5123873347878768,1,0.001367053998632946,0.009769381339679088,0.00014396426690929087
Long Biggings,0.4094843658080096,1,0.006151742993848257,0.023335248069169763,0.00031696228571911515
Madame Tussaud,0.4164484413019901,1,0.006151742993848257,0.023335248069169767,0.00031696228571911515
Master Francis,0.389033452132391,74,0.028024606971975397,0.04961097084641375,0.002107837216218518
Tuffy,0.419671739228616,1,0.006151742993848257,0.023335248069169753,0.00031696228571911515
Lady Ringdove,0.30925296753083886,2,0.004784688995215312,0.014649148630887517,0.0002682769306203137
Lord,0.60305656380991,6,0.012303485987696514,0.028352474260742742,0.0006924477707270146
Tom Pouter of the Blues,0.49457479557708767,3,0.0075187969924812035,0.023976178421732983,0.00038154066297582337
Drummington,0.7349225341110904,1,0.004784688995215312,0.019963683139113227,0.0002692073511073308
Erith,0.7559855385912653,10,0.010936431989063569,0.02365208715098896,0.000601495588877931
mamma;—and,0.6673314393823536,1,0.004784688995215312,0.019963683139113227,0.0002692073511073308
the Major;—her,0.320321860167291,1,0.0034176349965823654,0.01624531195149075,0.0002095692238445534
the Marquis of Steyne,0.12979108197540878,12,0.012303485987696514,0.03545516424084161,0.0007055582272005788
Mumbo Jumbo,0.3047296744166527,1,0.001367053998632946,0.011264368356680222,0.0001448133126734152
Lady John Turnbull,0.5985052863702707,2,0.002050580997949419,0.010192830133849792,0.00020234376950515817
Mrs. Slack Roper,0.6011052310818232,1,0.002050580997949419,0.010192830133849789,0.00020234376950515817
Mr. Blondel,0.926500423601799,10,0.009569377990430623,0.018965520736253138,0.0006590571928901
Henrico,0.19811700320726044,4,0.002734107997265892,0.01803220142416804,0.00020697238159610268
Fo,0.7894026975191307,6,0.0034176349965823654,0.011999148959560672,0.0002762606206416626
Mum,0.4888304785228827,1,0.002734107997265892,0.013618257045404737,0.00021013949247551884
Peter Crawley,0.4701593979082508,1,0.002734107997265892,0.013618257045404744,0.00021013949247551884
Mr. Bendigo,0.3515418512656521,2,0.002734107997265892,0.015095531601057845,0.00021036018007757236
Mr. Gaunt,0.31582558385355347,1,0.002734107997265892,0.01509553160105785,0.00021036018007757236
bethinking,0.4610174689857428,1,0.002050580997949419,0.013352702804585038,0.0001655040204884289
Clarence Bulbul,0.6386355152687064,6,0.002050580997949419,0.010766361366775225,0.00016464678948024155
Diogenes,0.2792371605029313,1,0.001367053998632946,0.009424949002678184,0.00014357787487340266
Mr. Hodgen,0.4219799421381273,20,0.00888585099111415,0.026394106824047622,0.0005457157755732908
Simpson,0.810277210380873,2,0.005468215994531784,0.017322894327182557,0.00033472524055127336
Mademoiselle Caracoline,0.7267225141415674,5,0.004101161995898838,0.012304609916620484,0.0003232369431867193
Old Lord Colchicum,0.14169839412761348,5,0.005468215994531784,0.017640855464270782,0.0003500900395702841
Mademoiselle Carandine,0.23100297233518338,1,0.0034176349965823654,0.012565595886796246,0.0002460992870495462
Tom Tufthunt,0.19969692388925697,4,0.0034176349965823654,0.01256559588679624,0.00024609928704954625
Clara,0.5327564458338955,2,0.0075187969924812035,0.02146636282255258,0.00042452660382878205
Egmont,0.5646673466699712,1,0.004784688995215312,0.012403476947192712,0.0002827195447219339
Leicester,0.6845127423963564,1,0.004784688995215312,0.01240347694719272,0.0002827195447219339
um,0.11562937623521562,1,0.002050580997949419,0.013257102055897104,0.0001638292441525325
Estrich,0.6685151969706037,2,0.006835269993164731,0.01592255359452661,0.00039345744186376416
Mr. Campion,0.6993590871599583,17,0.010936431989063569,0.022462139512720938,0.0007880343876562451
Tredyddlum,0.7278930578341213,1,0.004784688995215312,0.013246275083566326,0.00027992441378890307
the Polwheedle,0.7700421667063337,1,0.004784688995215312,0.013246275083566314,0.00027992441378890307
Mr. P.,0.2670940175646546,5,0.012303485987696514,0.0414177399241273,0.0006277455544807384
Mrs. Serle,0.5295130574824397,1,0.002734107997265892,0.011198983857660457,0.00018684076336969641
Emly Budd,0.737669254008952,1,0.005468215994531784,0.014076266191557793,0.00029687419693149106
Miss De la Bosky,0.7269239279080579,5,0.005468215994531784,0.014076266191557793,0.000296874196931491
the Washywomen,0.7034499687566084,1,0.005468215994531784,0.014076266191557791,0.00029687419693149106
Latude,0.5308077312547941,3,0.004784688995215312,0.01630524966478496,0.00025904862957030843
Robert Bows,0.5273088446361319,1,0.004784688995215312,0.016305249664784947,0.00025904862957030843
Baden,0.5996799322426675,1,0.006835269993164731,0.018251885665475552,0.0003325924554043094
Messrs. Pendennis,0.5267375682254658,1,0.006835269993164731,0.018251885665475545,0.0003325924554043094
the Earl of Portansherry,0.5281066997591995,1,0.006835269993164731,0.018251885665475545,0.0003325924554043094
the English Miss,0.5447459180475844,3,0.010936431989063569,0.024521726514368184,0.0004992011881278936
Ameliar - Ann,0.5936981047084284,7,0.012987012987012988,0.03051939030863021,0.0007522964495889959
Bessy,0.6973336028157567,3,0.005468215994531784,0.017607492760001602,0.0002830368722205341
Missa Pendennis,0.6230398010556987,2,0.004784688995215312,0.015753204486112945,0.00031633281779935504
Messrs. Finucane,0.7112654708278247,1,0.005468215994531784,0.01781835583544389,0.0002863253236595781
Messrs. Hoolan,0.8085757928585385,2,0.009569377990430623,0.023556022985511526,0.0004591090155425374
"Walter Lorraine,—and",0.7574079463413668,1,0.005468215994531784,0.017818355835443916,0.0002863253236595781
Mr. Bolton,0.30646891415932903,11,0.009569377990430623,0.03502668405634113,0.0004853729843583277
Miss Sophy Huxter,0.6506466752442828,1,0.002734107997265892,0.011171758172112975,0.00018661694908477232
Galen,0.2791949678074895,1,0.000683526999316473,0.006739136819907263,0.00012325037396046612
Marmion,0.779526029160709,1,0.006835269993164731,0.01560242633113645,0.0003169784689991797
Mr. Simcoe,0.7964428492119597,11,0.010252904989747095,0.02351609352597818,0.0006016898965459295
Christian,0.38347454866926256,1,0.002734107997265892,0.01452227342210445,0.00018399131777350818
M.P.,0.6540487630176542,1,0.004784688995215312,0.01785745729941486,0.00027181670458538155
Mr. Rooney,0.7060210028854198,1,0.004784688995215312,0.017857457299414865,0.00027181670458538155
Rafferty,0.7187729393996826,1,0.004784688995215312,0.01785745729941487,0.00027181670458538155
Vauxhall,0.09812655478418553,1,0.002734107997265892,0.015714932692917422,0.00018466503163425195
Claude Melnotte,0.48074131276314147,3,0.010252904989747095,0.030078785218579165,0.0005476300415978153
Ma,0.5021555743919051,10,0.010936431989063569,0.02625420846727846,0.0006919083036203064
Mr. Macready,0.5576022196003227,5,0.004784688995215312,0.017262730225653184,0.0002689646225545654
Pauline,0.49461259661997214,3,0.004784688995215312,0.017262730225653184,0.0002689646225545654
Doctor Goodenough,0.13025365803337824,25,0.011619958988380042,0.038370417907638496,0.0012828140953497886
Stillbrook,0.24530702036592125,1,0.002050580997949419,0.013504742717828566,0.0001668124659660264
Harbottle,0.6177065771350075,3,0.006151742993848257,0.022592406194412593,0.0003206379705475971
Dr. Goodenough,0.756518777840006,21,0.01572112098427888,0.034864656571202565,0.001049157719150441
Mrs. Wheezer,0.1433897773517869,1,0.005468215994531784,0.026831153466154084,0.00027046862239925
Mr. Bangham,0.7524420766747245,3,0.001367053998632946,0.007228302966264653,0.00015078676164069472
Sibwright,0.7317916118911267,41,0.012303485987696514,0.025085610752976547,0.0009078015790731579
Stunner,0.5619359661674483,1,0.001367053998632946,0.009769381339679088,0.00014396426690929087
"Mr. Warrington,—more",0.30001684046406635,1,0.004784688995215312,0.022487598716441327,0.0002599031815604992
Suffolk Warringtons,0.25745823970134585,2,0.004784688995215312,0.022487598716441314,0.0002599031815604992
"by,—Grenier",0.3774703511464362,1,0.002050580997949419,0.013209185338039274,0.00016359186151488836
Fatima,0.37221567173816095,10,0.004101161995898838,0.01901650507131654,0.0002409527595377708
Sultan Pen,0.39926642756943215,2,0.0034176349965823654,0.01681103543870949,0.00021820085459546361
King Ferdinand,0.1403950122994137,1,0.0075187969924812035,0.028576772933264567,0.00034569693069794476
September,0.16811929823500565,1,0.0075187969924812035,0.028576772933264556,0.00034569693069794476
Good Helen,0.16203803677532952,1,0.002734107997265892,0.017025742975414045,0.00018419350579458447
Fairoaks Martha,0.801622505427536,3,0.006835269993164731,0.020811215979336092,0.0003604560643787634
Arther Pendennis,0.10162845903312415,2,0.004101161995898838,0.020014335494247682,0.0002458021219578443
"A. Pendennis , Esquire",0.2835465477343648,2,0.0075187969924812035,0.027782045546449228,0.00039447743343184875
Huxey,0.3011973754415198,6,0.002050580997949419,0.010370223072612664,0.00016415573441169978
Bow,0.30400215327565566,1,0.0034176349965823654,0.01744691874698898,0.00020410358449641974
Absard,0.3322626597768122,1,0.004101161995898838,0.017862193440606702,0.00024325417660804604
"Warrington,—I",0.2649251057434556,1,0.004101161995898838,0.017862193440606716,0.00024325417660804604
Apres,0.22497335446989342,1,0.000683526999316473,0.006739136819907263,0.00012325037396046612
Theseus,0.8103087718312088,1,0.001367053998632946,0.007098358252881551,0.00015252523186719567
Damon,0.6789731887659948,10,0.004784688995215312,0.017461719860830897,0.00028942886897579507
Delia,0.6655872496593054,3,0.004784688995215312,0.01746171986083091,0.00028942886897579507
Madame Pendennis,0.6269089649341018,1,0.004784688995215312,0.017461719860830897,0.00028942886897579507
Mademoiselle Bell,0.6347447425009121,1,0.004784688995215312,0.0174617198608309,0.00028942886897579507
Laura.—Such,0.42523857389127184,1,0.004784688995215312,0.018320317441522852,0.00027250277950434355
Sir Phelim O’Neal,0.4135959588107788,2,0.004784688995215312,0.01832031744152285,0.00027250277950434355
old Lord Lynx,0.4612195633922327,2,0.004784688995215312,0.018320317441522835,0.00027250277950434355
Doctor von Glauber,0.2827558830022996,2,0.0034176349965823654,0.020965447600402334,0.0002056580831251405
Alexander,0.35631533491675277,1,0.0075187969924812035,0.026623691445645675,0.0003721631929261007
Couleur perd,0.37924180607432934,1,0.0075187969924812035,0.02662369144564569,0.0003721631929261007
Egad,0.3889607058057073,1,0.0075187969924812035,0.026623691445645668,0.0003721631929261007
Lord Gaunt,0.4167669059639439,1,0.0075187969924812035,0.026623691445645678,0.0003721631929261007
Obstropski,0.4381950883231643,1,0.0075187969924812035,0.026623691445645675,0.0003721631929261007
the Emperor Paul,0.4099855778530919,1,0.0075187969924812035,0.02662369144564568,0.0003721631929261007
Mr. Shamble,0.2884798304037101,4,0.0034176349965823654,0.018857867703037982,0.0002666512522270125
"Gad,—but",0.3401696018385806,1,0.0034176349965823654,0.01543388112590819,0.0002110660759094457
Dear Fanny,0.1797424324200324,10,0.004784688995215312,0.018839959089665913,0.0002524207770983453
Bluebeard,0.32529817682098267,11,0.018455228981544773,0.0386473771029236,0.0011255695959851745
Monsieur,0.5886445555755828,3,0.004101161995898838,0.017845051481598956,0.0002398561197956725
Captain Crackenbury,0.5366796800822804,8,0.004784688995215312,0.01717234284575324,0.0003571987749170706
"Harry Foker , Esq .",0.8174168702720251,5,0.002050580997949419,0.010061367854674706,0.0002249227896544117
the Lady Elizabeth Firebrace,0.8903214571945633,6,0.011619958988380042,0.027233513735095624,0.0007564412821089797
Cupid,0.8313469049448575,6,0.012303485987696514,0.020943274346809815,0.0007054508721265507
Gretna Green,0.6793549872477732,1,0.004784688995215312,0.016884724429811242,0.0002828404474931684
Psyche,0.726718932580649,1,0.004784688995215312,0.016884724429811232,0.0002828404474931684
Tom Staples,0.7733573813621222,2,0.006151742993848257,0.017747946424540445,0.0003874238817684031
Captain Smith,0.14631435981098054,1,0.002734107997265892,0.016391091943682948,0.00021008724690532672
Miss Jones,0.037282088371638475,1,0.002734107997265892,0.01639109194368296,0.00021008724690532672
Buonaparte,0.15943646233651004,1,0.002734107997265892,0.017042261895231208,0.00018895538030099115
Captain Blackball,0.4140936831700815,1,0.001367053998632946,0.00739887136484248,0.0001509939666159953
Lady Portsea,0.9550905897487352,3,0.002734107997265892,0.0071578693855105496,0.00034508502044559776
Mrs. Bull,0.952486785763501,1,0.002734107997265892,0.007157869385510545,0.00034508502044559776
Tennyson,0.9566228958819207,1,0.002734107997265892,0.007157869385510544,0.00034508502044559776
Wordsworth,0.9539782100045465,1,0.002734107997265892,0.007157869385510548,0.00034508502044559776
Miss A.,0.48853808872246607,4,0.006151742993848257,0.024386736141382433,0.00034810627871505884
Calvin,0.8864554464989056,1,0.004101161995898838,0.011586778870602455,0.0002855897721293805
Dominic,0.9086935782526389,1,0.004101161995898838,0.011586778870602462,0.0002855897721293805
Mahomet,0.8966029317428467,1,0.004101161995898838,0.011586778870602454,0.0002855897721293805
Saint Bernards,0.5389717575509207,1,0.002050580997949419,0.008254414248614192,0.00017276955018481418
Saint Dominies,0.5448463240515229,2,0.0075187969924812035,0.019421664129901373,0.0004083199259007791
Bays,0.18990184321496797,2,0.0034176349965823654,0.017582249848320262,0.00021025573687422718
Mr. Lightfoot,0.6790980123035021,65,0.023239917976760085,0.045914721400626746,0.002073698730802248
Mr. Simeon Knight,0.6131440774501328,1,0.006151742993848257,0.018148964106061805,0.00031696780927459756
Muffin,0.6212118634405422,1,0.006151742993848257,0.018148964106061812,0.00031696780927459756
Polly Rucker,0.5907415841047339,1,0.006151742993848257,0.018148964106061812,0.00031696780927459756
Chatteris)—he,0.2631576350481523,1,0.002734107997265892,0.01653138628209536,0.0001847674376544059
Don Basilio,0.3015339727740625,1,0.000683526999316473,0.006739136819907263,0.00012325037396046612
Lady Violet,0.5786794394893561,8,0.012303485987696514,0.031029305118138766,0.0006004414710638918
Pinkney,0.5150946889785175,1,0.004784688995215312,0.021648127565872997,0.00026277681894876914
Temple,0.49401185556196764,1,0.004784688995215312,0.021648127565873008,0.00026277681894876914
Flint,0.9291975309743583,2,0.006151742993848257,0.015942484353469656,0.0003969384167377762
Louisa Salter,0.928751984183391,1,0.004784688995215312,0.012988322258204439,0.0003473270787923063
Miss S.,0.937116305571941,1,0.004784688995215312,0.012988322258204442,0.0003473270787923063
Miss Stickney,0.933992523180236,1,0.004784688995215312,0.012988322258204428,0.0003473270787923063
Sir John,0.9298992242566594,6,0.010252904989747095,0.01904617104447082,0.0007285521649304905
young Spoony,0.935721468671771,3,0.004784688995215312,0.01298832225820444,0.0003473270787923063
Lady Mirabel’s,0.07575045490329595,1,0.0034176349965823654,0.01852123531493635,0.00020768396657111743
Jenny,0.6535460179903593,1,0.004101161995898838,0.014627582060052371,0.0002558668969098409
Jessamy,0.6451617391757242,1,0.004101161995898838,0.014627582060052368,0.0002558668969098409
Lady Clementina,0.6476952865199755,1,0.004101161995898838,0.014627582060052373,0.0002558668969098409
Monsieur le Misanthrope,0.11373953650970871,1,0.002734107997265892,0.015505578059435862,0.0001836207746115445
Sir Charles Grandison,0.6997852228794116,1,0.002050580997949419,0.011134181070954808,0.00016414200485994246
Mason,0.4282764946724329,1,0.001367053998632946,0.010097768352292287,0.00014372497179492212
Mrs. Bonner,0.612239380713521,84,0.028708133971291867,0.054319176919052733,0.002559616639471724
Captain Stokes,0.7328847100098657,1,0.0034176349965823654,0.015756505684949643,0.00023185692008749178
Miss Stokes,0.7540967988265469,5,0.0034176349965823654,0.015756505684949657,0.00023185692008749178
Mrs. Stokes,0.7834792889497028,9,0.008202323991797676,0.023754806121924064,0.00047713826910740937
Captains Stokes,0.7523778367175671,1,0.006151742993848257,0.019778048752674998,0.00033465755591344216
Hodson,0.7567169877876597,6,0.006151742993848257,0.019778048752675005,0.00033465755591344216
Mr. Stooks,0.7582299275778743,2,0.006151742993848257,0.019778048752675005,0.00033465755591344216
Squire Hobnel,0.7792827675702801,1,0.006151742993848257,0.01977804875267501,0.00033465755591344216
Cogia Hassan,0.4974475530185793,1,0.002050580997949419,0.010381376305741607,0.00019932023707577184
Fortune,0.4675451824136967,1,0.002050580997949419,0.010381376305741609,0.00019932023707577184
Coldstream,0.7569247011601117,2,0.005468215994531784,0.015619203289381578,0.0003433044241019909
"would say , whom I intend to be very fond of ; and who I am sure is very clever and pretty",0.04128222114952105,1,0.002050580997949419,0.014904867778670212,0.0001643732902727254
Grandjean,0.5020754833839542,3,0.008202323991797676,0.025317488709900835,0.0004603706438603465
Hecker,0.3040853786247928,2,0.0034176349965823654,0.01720125033552951,0.00020759827262400792
Caesar,0.7886894337144069,1,0.002050580997949419,0.010507550632026115,0.0001762589247649904
Queen Anne,0.931841860709492,3,0.012987012987012988,0.01685189774260241,0.0007435689059926915
Madame Mere,0.5885657225114725,1,0.002734107997265892,0.012252876123263505,0.0001856763937938337
Mrs. Brixham,0.3073953801576605,50,0.0075187969924812035,0.024741986868014543,0.0006054792581582126
Alphonse,0.8844372503277278,2,0.006151742993848257,0.016699726652718874,0.00035975724084348317
Freedom,0.8761812887108478,1,0.006151742993848257,0.01669972665271885,0.00035975724084348317
Hardman,0.8804711792600237,2,0.006151742993848257,0.01669972665271886,0.00035975724084348317
Havannah,0.8688626197964241,1,0.006151742993848257,0.016699726652718874,0.00035975724084348317
Lightfoot,0.7963841817867167,10,0.009569377990430623,0.025386497570344432,0.0006842394940045107
Max,0.8756835094976538,1,0.006151742993848257,0.016699726652718877,0.00035975724084348317
Wilhelm,0.8812279266290973,1,0.006151742993848257,0.016699726652718863,0.00035975724084348317
Moss,0.8295093055754964,23,0.011619958988380042,0.02307134193901345,0.0008537697839002056
Parlons d’autre,0.8290801903792931,1,0.004101161995898838,0.010854322083989653,0.00031658636291130907
Punch,0.8548478978071706,3,0.004784688995215312,0.010858371952918642,0.0004408867835425057
the Liberal Conservatives,0.8464615770708682,3,0.004101161995898838,0.010854322083989653,0.00031658636291130907
the Whigs,0.8427486299030035,1,0.004101161995898838,0.010854322083989648,0.00031658636291130907
Miss Snell,0.8774945162703522,7,0.0075187969924812035,0.02071175152728025,0.0005422006784329432
Mr. Amory,0.8449725871641606,16,0.0075187969924812035,0.024352573881143078,0.0004606904600187798
Packages,0.3248388571609978,1,0.002734107997265892,0.015307933368580938,0.00018558140342576408
Pen?—very,0.14155098341088093,1,0.000683526999316473,0.006739136819907263,0.00012325037396046612
Harry the Fifth,0.36528058014639825,1,0.002050580997949419,0.010381376305741605,0.00019932023707577184
Harry the Fourth,0.4060407702881679,2,0.002050580997949419,0.010381376305741612,0.00019932023707577184
Mrs. Lightfoot,0.475470953924728,70,0.021189336978810664,0.04660650475510831,0.001647915603068732
the Gent,0.3006564396526438,1,0.002734107997265892,0.013871723989349626,0.0002044524393446246
Bob Blades,0.14832047671139917,2,0.006151742993848257,0.01952323489473392,0.0003604868815707607
Clavering,0.5270340448028693,68,0.03212576896787423,0.046949597707889805,0.0019127890159725226
Jack Linton,0.22344679944569595,2,0.006835269993164731,0.02023686482186915,0.00037089850094498676
Mrs. H.,0.26423464296954985,8,0.004101161995898838,0.015269974999652885,0.0002458423672616072
Alice,0.5698172481921077,4,0.011619958988380042,0.036881481677149795,0.0005287715641877092
Mrs. Planter,0.543504027701844,5,0.0034176349965823654,0.017745885864307236,0.0002291082708118139
Huxter—“and,0.3613889009256239,1,0.002050580997949419,0.011900463172798616,0.00016251382904498477
Fanny.—Where,0.09721197334383472,1,0.001367053998632946,0.008450002629519185,0.00014318092567472925
herself—“Well,0.11418609191212883,1,0.002050580997949419,0.01242741682180622,0.00016266949902507563
Messrs. Linton,0.029378569357537493,9,0.004101161995898838,0.01932608259851358,0.00031223571153652686
Old Huxter,0.1714676080454324,6,0.002734107997265892,0.012152939486968667,0.0002265599014932831
The Countess Dowager of Rockminster,0.13993607565142338,5,0.002734107997265892,0.013494082794946868,0.00020231283894968024
Mrs. O’Leary,0.13590305631837732,3,0.004101161995898838,0.018653265885158612,0.0002796795814271922
Frosch,0.5148288604386397,23,0.010936431989063569,0.031213830634985517,0.0008348523914932449
Herr Frosch,0.17027264737357514,1,0.002734107997265892,0.016707562599176544,0.000183162147522788
Hymen,0.38464572583056456,1,0.004784688995215312,0.02713145454502888,0.0002512304759070296
Begad,0.5484030555599976,17,0.005468215994531784,0.020355772938045545,0.000443092582744196
"I,—Arthur",0.2469917258151557,1,0.001367053998632946,0.011264368356680222,0.0001448133126734152
the old Alacrity and Perseverance,0.6233148386317786,1,0.0034176349965823654,0.013576919347086377,0.00020988539421877087
George,0.25521800149261187,7,0.004784688995215312,0.027326568751846008,0.00034690523780662644
Sir Roger Clavering,0.5498886744821246,1,0.002734107997265892,0.009010794837757071,0.0001889605274491803
Lady Hagnes Foker,0.2512584531857057,1,0.001367053998632946,0.006003661487434518,0.00014377952957618067
Queen Charlotte,0.7397749722834843,1,0.002050580997949419,0.008222369004633192,0.00020214725206387174
Sir Thomas Oaks,0.7599482712539072,1,0.002050580997949419,0.00822236900463319,0.00020214725206387174
the Siddons,0.5287805750211859,2,0.002734107997265892,0.00927670957473231,0.0001908911904074131
Tommy,0.582599633238135,8,0.006835269993164731,0.018825079227215435,0.0003849713460748032
Meejor,0.5315121296531706,17,0.004784688995215312,0.01773129967065788,0.0003120159159573968
Betsy - Jane,0.541355365864299,26,0.019138755980861247,0.0324299255677556,0.001222818665834963
Monsieur le Cury,0.6407838787149661,1,0.002734107997265892,0.0102394602518973,0.0001891850006257557
Saint Boniface,0.9725070728245038,6,0.004101161995898838,0.005186358437606525,0.00041449884385160026
the Roshervilles,0.6183189924748322,1,0.002734107997265892,0.010174750207187418,0.00018715396288636611
Baker,0.6825090742950817,2,0.006835269993164731,0.0175167404197217,0.0003590719782305357
Lady Fogey,0.6473888168887822,4,0.006835269993164731,0.02123063511557042,0.00043441103541752796
Temptation,0.06783567525864058,2,0.001367053998632946,0.008246903424738121,0.00014273492947684336
Father,0.9186308122493969,5,0.009569377990430623,0.018678859459982884,0.0005721808490012334
Laura’s,0.9125862403435347,1,0.001367053998632946,0.0051713347559605195,0.00015558528522540706
Discreet Morgan,0.8997086223146923,3,0.004101161995898838,0.010395850688408268,0.00027840727299000077
Lord Crabs,0.9108761193720791,1,0.004101161995898838,0.010395850688408263,0.00027840727299000077
Mr. Ayliffe,0.9015854676071036,2,0.004101161995898838,0.010395850688408268,0.00027840727299000077
Mr. Deuceace,0.8827404751001564,2,0.008202323991797676,0.013186203146949682,0.0004803060436397271
Honly,0.4377711520475365,1,0.002050580997949419,0.010077718307298084,0.00016582038111268187
Warrington—“glad,0.5747589143931667,1,0.001367053998632946,0.0051069446649902196,0.00016404244372615566
Mrs. Doolan,0.7448979360809607,7,0.00888585099111415,0.018626455384736024,0.0005048114693162963
Quiz,0.7665388821943405,1,0.002050580997949419,0.009492038678003656,0.00016500657641571793
Lady Fanny Fantail,0.7851790228121095,1,0.002050580997949419,0.006226693404100712,0.00016786290502327286
Alderman Benning,0.7654246062158884,1,0.001367053998632946,0.006024666611824873,0.00014546539845143637
Sir Pitt Crawley,0.7849271490221598,1,0.002734107997265892,0.00723292582724303,0.00021587153801412196
poor Rawdon Crawley,0.8069078695261842,1,0.002734107997265892,0.0072329258272430304,0.00021587153801412196
Pegasus,0.6379611483239696,11,0.0034176349965823654,0.009860739450129715,0.000260445582585672
Marobblan,0.8180832440922478,4,0.004101161995898838,0.010033620846937378,0.0003398414457667334
Lor,0.8223824719311059,8,0.009569377990430623,0.022051441242555078,0.0005207833972130427
Bravo,0.35296229446294836,1,0.002734107997265892,0.011935347060579934,0.0001943218102434256
Mr. Foker?—here,0.5194946663456259,1,0.0034176349965823654,0.01689927600919064,0.0002104259779954893
Apollo ’ ‘ Apoller,0.5880145468644242,1,0.002734107997265892,0.010284188237553357,0.00018831152729719967
Mr. H. Foker,0.15616646655358546,9,0.000683526999316473,0.004807099426377917,0.0001231073348712459
Giorgione,0.7697201168132057,1,0.004784688995215312,0.01693668649821826,0.00029396632546200516
Reynolds,0.7434510286768027,1,0.004784688995215312,0.01693668649821826,0.00029396632546200516
Titian,0.7642281228481566,1,0.004784688995215312,0.016936686498218247,0.00029396632546200516
Vandyke,0.7092200804217138,1,0.004784688995215312,0.016936686498218258,0.00029396632546200516
General Wolfe,0.42588299857467193,1,0.002050580997949419,0.007242001518995632,0.00017304297245243334
Mr. Momus,0.5952044056875584,5,0.002734107997265892,0.011647795916188143,0.00020995971842722593
Young Henry,0.5608918609955169,10,0.002734107997265892,0.011647795916188133,0.00020995971842722593
Faust,0.3512676414376143,1,0.004784688995215312,0.01761963372995368,0.000252027654749093
Betsy Rodgers,0.6650986599703022,2,0.004101161995898838,0.011717879000900603,0.0002455133090243985
Miss Minifer,0.7338395632097596,3,0.005468215994531784,0.01200530130601726,0.00035468785683393243
Sir F,0.7165109317721364,1,0.002734107997265892,0.00889042800780369,0.00020188188016449316
Sir F. Clavering,0.6913080247774198,2,0.0034176349965823654,0.011054279599402283,0.0002276008086543491
Care,0.7859974313970169,2,0.004784688995215312,0.01229188137658185,0.00030042691265090457
Pendennis,0.8361413902096039,24,0.0177717019822283,0.033996782611951826,0.0009789824699822972
Stunning Farce,0.7717334423957201,1,0.004784688995215312,0.012291881376581847,0.00027885667016267857
Tom Horseman,0.7268400194255304,3,0.00888585099111415,0.01904764672370211,0.0004571046836288598
Miss Williams,0.9741213323558395,1,0.006151742993848257,0.006413811934147959,0.0004076197169241938
Mr. Goldsmith,0.9750562754958443,1,0.006151742993848257,0.006413811934147964,0.0004076197169241938
Mr. Johnson,0.9719830904923392,2,0.0075187969924812035,0.010747160614650749,0.00045274608303789505
Mr. Newbery,0.9769422499353979,1,0.006151742993848257,0.006413811934147962,0.0004076197169241938
Mr. Spectator,0.9868875099975847,7,0.015037593984962407,0.007477896505275628,0.0008951269939495706
Shakespeare,0.9780708899209807,1,0.006151742993848257,0.006413811934147962,0.0004076197169241938
Sir Roger de Coverley,0.9867767057175278,3,0.015037593984962407,0.0074778965052756255,0.0008951269939495706
dear Oliver Goldsmith,0.9753392782652854,1,0.006151742993848257,0.0064138119341479545,0.0004076197169241938
Fancy,0.954704702296844,2,0.006151742993848257,0.008858335206732678,0.0004715509698180044
Mr. Justice Ermine,0.9623288500498738,1,0.004101161995898838,0.0054905624289796956,0.0003678666103960464
Mr. Kewsy,0.9579969387836924,2,0.00888585099111415,0.009719596076625363,0.000647377824883869
Mr. Toodle,0.9609693554309751,2,0.004101161995898838,0.005490562428979692,0.0003678666103960464
Whither,0.9614935862667101,1,0.004101161995898838,0.0054905624289796956,0.0003678666103960464
young Tiger,0.9594252551352082,1,0.004101161995898838,0.005490562428979695,0.0003678666103960464
Captain Padmore,0.7883058490503533,1,0.005468215994531784,0.010988904764296198,0.00030106071626547794
Croesus,0.8979131214212488,3,0.010936431989063569,0.018328285703456168,0.0005955384304567351
Mesdames Rougemont,0.7226493233308279,2,0.0075187969924812035,0.015371177067708668,0.00037814677186469043
Mother,0.4787703885465564,1,0.002050580997949419,0.009088486363358888,0.00016299243271751282
Emily,0.42774861232057443,6,0.005468215994531784,0.02071668333548092,0.00027064622644492866
R. B.,0.7667450642049183,1,0.002050580997949419,0.007519866627500827,0.00017113568954323416
Mrs. Rouncy,0.7208498391312816,1,0.0034176349965823654,0.01269855289920954,0.000211743418093045
Miss——.,0.4807264088106106,1,0.002050580997949419,0.01236257548292269,0.00016538416653301972
Uncle,0.4430499169695709,1,0.0034176349965823654,0.014247791647283162,0.00020442547690785432
Miss,0.877891078106702,17,0.016404647983595352,0.02331072485958148,0.0009565980217670825
Mr. B.,0.7863322793795637,12,0.012303485987696514,0.020045863961327775,0.0007076058579995816
Mr. Brown,0.8561651731470561,1,0.005468215994531784,0.01134396336081543,0.0003218929421569714
Mr. J.,0.8271420074043414,1,0.005468215994531784,0.011343963360815435,0.0003218929421569714
Mrs. Lamb,0.8311975169404444,2,0.005468215994531784,0.011343963360815433,0.0003218929421569714
Mrs. Lynx,0.8665684084266907,5,0.005468215994531784,0.011343963360815433,0.0003218929421569714
Mr. H.—no,0.47709603171506954,1,0.002050580997949419,0.008674870993639505,0.00016321865954214136
Mes Larmes,0.7155061280159334,2,0.0075187969924812035,0.02190071690383326,0.00039661492762040485
the Megatherium,0.28454938806252983,1,0.000683526999316473,0.004807099426377917,0.0001231073348712459
Beatrice,0.3381945158340734,6,0.002734107997265892,0.010657168355185443,0.00021151398735089086
Mrs. Hawxby,0.3803806013440649,4,0.002734107997265892,0.010657168355185438,0.00021151398735089086
Mary Hann,0.6556248631821956,2,0.006151742993848257,0.018044158420834254,0.0003212217833663436
Miss Rider,0.7122515401071953,2,0.006151742993848257,0.018044158420834247,0.0003212217833663436
Mr. Soppington,0.6828586901332035,5,0.006151742993848257,0.018044158420834233,0.0003212217833663436
Guizot,0.8643654730818515,1,0.001367053998632946,0.004902701467208052,0.0002142322032218028
the Thiers,0.8606211058158306,1,0.001367053998632946,0.004902701467208052,0.0002142322032218028
De Profundis,0.9373324148483649,1,0.002050580997949419,0.0050021832725643985,0.00028608590059019036
Newton,0.9349121623010551,1,0.002050580997949419,0.005002183272564397,0.00028608590059019036
Pascal,0.9382647340619737,1,0.002050580997949419,0.005002183272564395,0.00028608590059019036
Galileo,0.8640517751571999,2,0.001367053998632946,0.004902701467208055,0.0002142322032218028
Socrates,0.8750163867117591,2,0.001367053998632946,0.004902701467208056,0.0002142322032218028
Fabius,0.9485188484918662,2,0.002050580997949419,0.005002183272564396,0.00028608590059019036
Hannibal,0.9477967303013904,1,0.002050580997949419,0.005002183272564398,0.00028608590059019036
Plutarch,0.9462878511850673,1,0.002050580997949419,0.005002183272564397,0.00028608590059019036
Mythuses,0.9454967609398358,1,0.002050580997949419,0.005002183272564398,0.00028608590059019036
Plato,0.9468167497390052,1,0.002050580997949419,0.005002183272564398,0.00028608590059019036
the Sadducee,0.9472027038446469,5,0.002050580997949419,0.005002183272564399,0.00028608590059019036
Miss Bunyan,0.7498680207747,2,0.0034176349965823654,0.009880479817371952,0.00023372418481309803
Sadduceeism,0.040865798710547574,1,0.000683526999316473,0.004807099426377917,0.0001231073348712459
Mr.—well,0.3477503756436223,1,0.001367053998632946,0.00816573095876294,0.0001435819327057019
Evans,0.8442097435639492,1,0.001367053998632946,0.004902701467208056,0.0002142322032218028
Messrs. Bradbury,0.8431573777124699,1,0.001367053998632946,0.004902701467208054,0.0002142322032218028
Lady Diana,0.7414380396974611,4,0.005468215994531784,0.013724119777801275,0.0003191613042620904
Mr. Smith,0.3641489739065323,9,0.002050580997949419,0.011572705324299217,0.0001666694268768062
St. James,0.9343872475948536,2,0.005468215994531784,0.008252043401027026,0.00039007201443233243
Fido,0.37125168422575594,3,0.004101161995898838,0.018276800375361446,0.00023431289248926508
Grief,0.27973330349207154,1,0.001367053998632946,0.008246903424738121,0.00014273492947684336
Lady R.,0.260130724851608,1,0.004784688995215312,0.01860867571049471,0.000268172551004575
answer”—yes,0.33963237867320983,1,0.004784688995215312,0.01860867571049471,0.000268172551004575
Mrs. A. P.,0.5654249307908393,2,0.0034176349965823654,0.012976404233847914,0.0002325965933393912
Alnaschar,0.626027346393272,9,0.006835269993164731,0.022545201268235924,0.0004139466636332199
Dear Blanche,0.516348269448811,3,0.002734107997265892,0.009191891849530346,0.0001964476218874032
Jack Hobnell,0.15694973205903678,2,0.002050580997949419,0.008766441239528595,0.0002034082872365874
Old Bows,0.2830885842062416,2,0.0034176349965823654,0.010069112795807128,0.00021368245003237446
Logwood,0.46516091474735466,1,0.002734107997265892,0.012388072888791095,0.00018957172845841873
Ladyship,0.6901829378747107,1,0.002734107997265892,0.010268692766327888,0.0001902176414061978
Mr. Jones,0.7066356623672726,19,0.006835269993164731,0.015398409753847027,0.0004591416588707937
Arthur—“he,0.33518893380761305,1,0.0034176349965823654,0.012043027847084123,0.00021198846655897616
Clavering Agriculturist,0.563009086117634,1,0.0034176349965823654,0.014872830342324159,0.00021229614367233477
George Pynsent,0.5041708600213917,1,0.004784688995215312,0.017750547759435954,0.0002525470559023227
"Pendennis,—In",0.4320504961710056,6,0.002050580997949419,0.008134961243179433,0.0002380497881815413
the Garbanzos Amontillado,0.418686282995229,1,0.001367053998632946,0.004965730112362738,0.00017367037868652247
John Armstrong,0.8621561079687344,6,0.0075187969924812035,0.012122953843872386,0.0005608652816476562
Jack Alias,0.6529311715605473,8,0.002050580997949419,0.00714392804339136,0.00023970259494189079
E. Strong,0.5901041402742268,1,0.001367053998632946,0.004946405093887956,0.00017402942604279119
Mr. Brummel,0.8670174923806062,3,0.001367053998632946,0.004677791531314146,0.00017126337012904032
the Duke of York,0.8686490456972188,4,0.0034176349965823654,0.00782364165638826,0.0002778602654380161
Glowry,0.7431466591833283,13,0.004101161995898838,0.007477584294444413,0.00038083296136521893
Mrs. Trail,0.7452216499396934,1,0.002050580997949419,0.005362414548194944,0.00018395509871175993
Hay,0.7484081849320472,1,0.001367053998632946,0.004671043457773998,0.0001599832211065463
George the Magnificent,0.7898540877919464,2,0.004101161995898838,0.007825127738243618,0.00032140432241473723
Master Ribstone,0.4697269127971683,3,0.004101161995898838,0.008359345277028746,0.0002533778091712625
Sir Pepin Ribstone,0.8346373421583156,2,0.0075187969924812035,0.012881307653779204,0.0004489781856293855
Mr. Parkins,0.5009847983926137,4,0.002050580997949419,0.006812567800348391,0.00019452565207147768
Arthur Pendennis of Crecy,0.9340284802891043,9,0.006835269993164731,0.009575781914512716,0.0005117535233016202
Little Arthur,0.9031080449830555,2,0.0034176349965823654,0.009118918935655052,0.000250348327659041
Sir Richard Clavering,0.8884875319404991,2,0.0034176349965823654,0.009118918935655054,0.000250348327659041
Bareacres,0.8104614206365797,5,0.009569377990430623,0.01377973936644682,0.000626735806147901
Baroness de Carambole,0.7292329200903857,1,0.004101161995898838,0.010484854135672503,0.00025761251183443925
Miss Hunkle,0.6869982894584963,9,0.004101161995898838,0.0104848541356725,0.00025761251183443925
Miss Pierce,0.6938508531105873,2,0.004784688995215312,0.010496966220641085,0.00034847253698233865
Miss Pybus,0.7246030344277354,5,0.004784688995215312,0.01049696622064108,0.00034847253698233865
Saint Peter,0.7263415969053835,1,0.004101161995898838,0.009734842307110872,0.00026777582028464223
Hope,0.6060417803133101,2,0.002734107997265892,0.008674952307537339,0.00022091305887802273
Hicks,0.8719573648881002,4,0.008202323991797676,0.014570520146636278,0.0004644590062557776
Arthur Prince of Pendennis,0.7515928650733685,2,0.002050580997949419,0.006298822359246394,0.00020129920909987392
Prince Arthur,0.7107974278725514,1,0.002050580997949419,0.006298822359246391,0.00020129920909987392
Sir Richard,0.7744702258032814,3,0.002734107997265892,0.008135186731410324,0.0003219348854467638
Messrs. Tatham,0.4323850516794601,5,0.002734107997265892,0.010997557856473519,0.0001852344247591013
Mr. Skinner,0.7201598122791301,1,0.004784688995215312,0.013771732227718096,0.0002784080384620659
"Mr. Skinner,—crying",0.6838908921569774,1,0.004784688995215312,0.013771732227718098,0.0002784080384620659
the Muses,0.7119452042175864,1,0.004784688995215312,0.013771732227718094,0.0002784080384620659
"Captain Costigan,”—but",0.54746490337114,1,0.001367053998632946,0.0053478576610048794,0.0001474371081830241
Tatham?—very,0.5168874551070762,1,0.002050580997949419,0.008602792113297637,0.0001692161568765309
Beauty,0.8186350386077491,1,0.004101161995898838,0.008501294098110386,0.0002549476954349398
Burgundy,0.7915611172353574,1,0.004101161995898838,0.008501294098110387,0.0002549476954349398
Constantinople,0.8811162214018966,1,0.001367053998632946,0.0046152278800502475,0.0002158667352066569
Mrs. Rougemont,0.8728590787094391,2,0.001367053998632946,0.004615227880050244,0.0002158667352066569
Miss Fribsby,0.6610226941603112,1,0.004101161995898838,0.010607467392914353,0.00023388248530370156
Mr. Dolphin,0.9215766918109193,41,0.02392344497607656,0.02352272708047355,0.0016009541274134803
The Shan Van Voght,0.5109713927249875,1,0.002734107997265892,0.00855493206028811,0.00018766031878772108
Dr. Fell,0.5013450776951826,4,0.0034176349965823654,0.01307891760962769,0.00021164082409836233
Jemima Augusta,0.853756247376562,2,0.004784688995215312,0.010061513899215058,0.0003333078082096292
Samuel Snell,0.8806456610928526,6,0.006151742993848257,0.007472243047358573,0.0004402354188456653
The Kickleburys,0.8762893505417713,1,0.004101161995898838,0.0068688362458355825,0.00028499982759749436
young Peregrine,0.880304158417883,1,0.004101161995898838,0.0068688362458355825,0.00028499982759749436
Mr. Snell,0.7015805584261005,1,0.001367053998632946,0.0054407425845186515,0.0001494172232461008
Lady Rogers,0.888957079781622,1,0.002734107997265892,0.005185005526544672,0.0002409534030636574
Old Sir Jasper Rogers,0.8909510016336828,5,0.0034176349965823654,0.005650794720570161,0.0002736192294673942
Lady Budelight,0.9417370790601624,2,0.005468215994531784,0.007325190533303328,0.00037691617031018634
Madame de Cricri,0.9432206381685065,1,0.005468215994531784,0.007325190533303328,0.00037691617031018634
The Faubourg St. Germain,0.9478954010259898,1,0.005468215994531784,0.007325190533303331,0.00037691617031018634
Viscount Bagwig,0.9457774774039621,1,0.005468215994531784,0.007325190533303327,0.00037691617031018634
the Rev. J. Ramshorn,0.9403640570938974,2,0.005468215994531784,0.007325190533303326,0.00037691617031018634
the virtuous Lady Elderbury,0.9465708005036784,1,0.005468215994531784,0.007325190533303327,0.00037691617031018634
Mivart,0.3745336943385841,1,0.000683526999316473,0.0045252315367729605,0.00012402195510639172
Little Polly,0.8652729274296102,2,0.002734107997265892,0.006281148057976642,0.00026234212667796043
Mrs. Blenkinsop,0.8731566403128633,21,0.006835269993164731,0.010660463863708801,0.0006344035324838702
Smart,0.8457805292430151,7,0.005468215994531784,0.00771934712571182,0.0003999448847812166
"Strong,—I",0.8058326232755253,1,0.002734107997265892,0.00776178173569818,0.00019735369700429558
Baronet:—Monsieur Mirobolant,0.7614093054599589,1,0.002050580997949419,0.005558672341010804,0.00020790483358541269
Cardinal Beccafico,0.8125930852880989,1,0.002050580997949419,0.005558672341010801,0.00020790483358541269
Miss Blandy,0.5643272479186506,2,0.002734107997265892,0.011057316963037994,0.00019022334493529495
Miss Lauwa,0.5355093387064653,1,0.002050580997949419,0.010171081951277763,0.00016516559464722637
Missy,0.8222707785315736,86,0.015037593984962407,0.02130193421847935,0.0011778570762842554
Sparrowgrass,0.5538951833713853,1,0.002734107997265892,0.0105052944314465,0.00019173543370168465
Madame Victorine,0.5597960731963957,1,0.002050580997949419,0.00936600907420444,0.0001651188113850031
Captain Bragg,0.8485415263031636,6,0.0075187969924812035,0.0130886916004082,0.000545555234702131
the Ramchunder,0.8755942397492043,1,0.002050580997949419,0.005184335780746034,0.00018788170573418058
Mrs. Amory,0.8748484637582641,6,0.005468215994531784,0.01212759058864671,0.0003847022489100452
Hackney Ackney,0.8609160108995852,1,0.0034176349965823654,0.007366640710832754,0.0002520332189740938
Mr. Pinckney,0.8593913096735735,1,0.0034176349965823654,0.007366640710832747,0.0002520332189740938
Mrs. Strong,0.45618494329071013,2,0.001367053998632946,0.007883863069157978,0.0001444965529408477
Dearest Blanche,0.5061655190973322,6,0.002734107997265892,0.011598443597331391,0.0002325737830884989
Pincott,0.5475943407656181,33,0.004101161995898838,0.014091198097572345,0.00030036275895659184
Miss Bell—“a Mr. Pendennis,0.5660167035026952,6,0.002734107997265892,0.009365030810434442,0.0002288652320225467
"Dowager Countess of Rockminster , Mr. Pynsent and Miss Bell , Sir Francis Clavering , Bart . , of Clavering Park , Lady Clavering and Miss Amory , Sir Horace Fogey , Bart .",0.648189162084713,1,0.005468215994531784,0.014826885616838531,0.00028854049679115135
"Mrs. Higgs Wagg,—Esq",0.712849331593342,1,0.005468215994531784,0.014826885616838531,0.00028854049679115135
Good Ged,0.9367406130081242,5,0.009569377990430623,0.009807748296999888,0.0007782931183783398
Mr. Hodgeman,0.8616278117813668,1,0.002050580997949419,0.0049793532287807744,0.00020382274606736862
Sir Hokey Walker,0.8880299281491223,3,0.008202323991797676,0.013480698961711573,0.0005660816152299577
"Lady Clavering,—and",0.5022378084533932,1,0.0034176349965823654,0.012798006053376013,0.00020844766817688855
Towler,0.8338217893352691,5,0.0034176349965823654,0.008348369878029156,0.00032493616249821834
Champignon,0.9358383874852265,2,0.002050580997949419,0.004999141656846828,0.00020905413144036182
my Uncle Colchicum,0.9291492648501425,2,0.002734107997265892,0.005337724475209045,0.0002931190219493714
"India,”—Major Pendennis",0.8317711742385692,1,0.002050580997949419,0.0058041151904820835,0.0001721232843619766
the Nawaub,0.6390184435492728,3,0.004784688995215312,0.01500517046523495,0.00029626072971906475
Blackstone,0.450481725261257,1,0.001367053998632946,0.007883863069157978,0.0001444965529408477
the Colonel Sir Francis,0.8619661997418143,1,0.002050580997949419,0.007135154413358512,0.00017847202110688056
Boucher,0.9400030753226684,1,0.004784688995215312,0.005695916534745183,0.0003639187453051481
Great Tom,0.931370271984002,1,0.004784688995215312,0.00569591653474518,0.0003639187453051481
Greuze,0.9402931807396425,1,0.004784688995215312,0.005695916534745188,0.0003639187453051481
Hodge,0.8379603947884492,3,0.016404647983595352,0.018923576765105504,0.0008642038945663344
Lady Hanway Wardour,0.9376178070411401,1,0.004784688995215312,0.005695916534745185,0.0003639187453051481
Lady Harley Quin,0.9295119214828342,1,0.004784688995215312,0.0056959165347451836,0.0003639187453051481
Poor Lady Clavering,0.31990878215758617,7,0.000683526999316473,0.0045252315367729605,0.00012402195510639172
X,0.6426780307715227,31,0.004101161995898838,0.01182577623909368,0.0003544354243696225
Frederica Rougemont,0.8241069618136758,1,0.005468215994531784,0.014076631820298502,0.000299764503462737
Maria Calverley,0.8152862573968438,1,0.005468215994531784,0.0140766318202985,0.000299764503462737
Miss Rougemont,0.8776591779310668,8,0.012987012987012988,0.01791427581454348,0.0008478815101264791
Miss Emery,0.8793838074505873,1,0.001367053998632946,0.004615227880050242,0.0002158667352066569
Miss Whatdyecallem,0.8906022887726858,1,0.001367053998632946,0.004615227880050247,0.0002158667352066569
Hunter,0.7187588489021972,2,0.010252904989747095,0.025331969855929632,0.0005129242191077549
Madame Rigodon,0.765927342818007,1,0.002734107997265892,0.00843868945243651,0.00021969095226443645
Mrs Wolsey,0.7566500130787193,1,0.002734107997265892,0.008438689452436506,0.00021969095226443645
Eales,0.7701964602667793,13,0.004784688995215312,0.011899336259048019,0.00044714469952258695
old Tom Eales,0.7539560542497155,2,0.002734107997265892,0.011370833030546666,0.00020849420254373643
Anatole,0.7637876453457024,16,0.004101161995898838,0.012933918570755933,0.0003649740568492431
Grady,0.6829733359728326,50,0.01572112098427888,0.03274462632098202,0.0013469695775250854
Wallack,0.6697825925675893,1,0.002050580997949419,0.007939080585777882,0.00016862276699160808
Blackland,0.7580215924954765,2,0.002050580997949419,0.006688568689562121,0.0002010601496876304
O Moses,0.7657912934852408,2,0.002050580997949419,0.006688568689562123,0.0002010601496876304
Captain Beak,0.6185683756945783,2,0.002050580997949419,0.008406277073534496,0.00021223986643797074
Viscount Marrowfat,0.4893924546956334,1,0.001367053998632946,0.007883863069157978,0.0001444965529408477
Bob Freeny,0.9022157861113514,2,0.005468215994531784,0.007327923027552576,0.0003840888350728933
Captain Raff,0.8781968773372784,2,0.0075187969924812035,0.010794748187587605,0.00047469153487099397
Hustingson,0.9089073386794191,2,0.004101161995898838,0.005533743205553739,0.0003179400562828096
Mr. Hotspur,0.9057347058196907,6,0.004101161995898838,0.005533743205553735,0.0003179400562828096
the Booterstown Freenys,0.9103173055522094,1,0.004101161995898838,0.005533743205553736,0.0003179400562828096
Mentor,0.7797002099240062,1,0.002050580997949419,0.005601874845256681,0.00020683914070042066
Telemachus,0.7969422868533664,1,0.002050580997949419,0.005601874845256683,0.00020683914070042066
Otto Rose,0.45022168979791616,1,0.000683526999316473,0.0045252315367729605,0.00012402195510639172
Lady Drum,0.6980664026136966,1,0.004101161995898838,0.01009893660132428,0.00025292752881237693
Lady Flamingo,0.8032427819345346,7,0.006151742993848257,0.012592398951183253,0.00035775079814809893
Lady Steyne,0.8567059508895678,1,0.002050580997949419,0.005857009648440455,0.0002042340423394886
Mr. Honeyman,0.8392926227447771,1,0.002050580997949419,0.005857009648440457,0.0002042340423394886
Captain Skewball,0.9423669851458178,1,0.002050580997949419,0.004708876494943325,0.00028833485771359764
Loder,0.9431249492105516,1,0.002050580997949419,0.004708876494943328,0.00028833485771359764
little Moss Abramns,0.9401311318379101,1,0.002050580997949419,0.004708876494943329,0.00028833485771359764
Hullo,0.7046835887706323,2,0.002734107997265892,0.00956607776515975,0.00019475955558287219
Cobden,0.8603797634784274,1,0.0034176349965823654,0.008638881764209272,0.00022438288230518821
the Sticks,0.3293509084898378,1,0.001367053998632946,0.006236097346384876,0.00014395250682065484
Crack,0.5137258723673946,3,0.004101161995898838,0.01056210480767876,0.0003121705047944106
Borax,0.9318121243028572,2,0.002734107997265892,0.004702583621529132,0.0003532766225240834
Lord Harrowhill,0.930642560681911,3,0.001367053998632946,0.004616931305645191,0.00019953844706123642
Mr. Short,0.6453965321684769,1,0.002734107997265892,0.008757902314325834,0.00019086719153995734
Madame Crinoline,0.6639292881426883,2,0.004101161995898838,0.012937777007242302,0.000275188807773765
Messrs. Finer and Gimcrack,0.6916654306968928,1,0.002734107997265892,0.009051659085501186,0.00020329462247389052
Susan Bonner,0.6829082281751018,3,0.002734107997265892,0.00870600588433612,0.0002131701570595748
Mrs. Bonner—“poor,0.45183497690414376,2,0.000683526999316473,0.0045252315367729605,0.00012402195510639172
"Captain Clinker , who was appointed to settle Sir Francis Clavering ’s book for him ( for Lady Clavering by the advice of Major Pendennis",0.6826411261165294,1,0.002050580997949419,0.008406277073534496,0.0001681309107721812
Mr. Marker,0.7240775739943192,1,0.004101161995898838,0.009906152923617476,0.00024649658880022284
Boney,0.6878687972442199,2,0.001367053998632946,0.006200230657389879,0.00014661486583694404
"Jove,—and",0.7013376447099305,4,0.002734107997265892,0.008698875945620702,0.00019960615217263955
Sir James,0.7809813482607812,2,0.002734107997265892,0.007208771565674066,0.00021526373880625228
Lady Hemly Babewood,0.3304194871754479,2,0.001367053998632946,0.006765605897921299,0.00014602110839900294
Lord John,0.7829653251103654,2,0.004784688995215312,0.008947234188995271,0.00032782480854437614
Louy Philup reg’lar,0.8168574736827394,1,0.0034176349965823654,0.00799123493676833,0.0002504702796533167
Prince Metternitch,0.7871890255443778,1,0.0034176349965823654,0.007991234936768322,0.0002504702796533167
Ned,0.8434507077887156,21,0.006835269993164731,0.010697092404134266,0.0004868589526539771
Coxwood,0.5319449660939995,1,0.0034176349965823654,0.011113532128963892,0.00021616923958077769
Mr. Santiago,0.8113033442917419,8,0.002734107997265892,0.007315206734108098,0.0002982845103291538
Havanna,0.8275049348240623,1,0.002050580997949419,0.0068739235326153525,0.00018178010702121192
Windsor,0.2698341491254454,1,0.001367053998632946,0.007965035535133157,0.0001436495497119892
Lady C.,0.5698586615207041,10,0.006151742993848257,0.016361540182637524,0.00035424755845900595
Parliament,0.7441789164389077,1,0.002050580997949419,0.008040654791605198,0.00020160503209822002
old Spell,0.7392519884260313,1,0.002050580997949419,0.008040654791605196,0.00020160503209822002
Lady the Queen,0.7365571241602293,1,0.002734107997265892,0.008844285871987833,0.0001960241618671324
Messrs Morgan,0.6437902497030246,7,0.002734107997265892,0.009866983408444501,0.00021113027990018134
the Gov’nor,0.633619569918353,2,0.005468215994531784,0.015392056389284623,0.00028635061290201115
Morgan Pendennis,0.7690410854900422,13,0.006151742993848257,0.012017889865485309,0.0003617447036320154
Lady Lorraine,0.9484616111122144,3,0.0034176349965823654,0.005200878772981059,0.00033453626334813586
Polly Higson,0.9507928036350789,1,0.0034176349965823654,0.005200878772981056,0.00033453626334813586
Watkins,0.9533913554297456,1,0.0034176349965823654,0.0052008787729810576,0.00033453626334813586
youthful,0.9519285377303137,1,0.0034176349965823654,0.005200878772981054,0.00033453626334813586
the Slavey,0.2869625982858678,1,0.0034176349965823654,0.00898106478738579,0.00021441570013625976
the Clavering Arms,0.6567220638889452,2,0.002734107997265892,0.006974812914978845,0.00021448246727373473
Alcide de Mirobo,0.6440888553416834,1,0.008202323991797676,0.02181648029955658,0.00037681093514697466
"Bows,—on",0.687794284029386,1,0.008202323991797676,0.021816480299556587,0.00037681093514697466
Madame la Comtesse de Montmorenci de Valentinois,0.6829726009925347,3,0.008202323991797676,0.02181648029955658,0.0003768109351469747
Mr. Piper,0.68810548537748,1,0.008202323991797676,0.02181648029955658,0.00037681093514697466
Francis,0.9097499847419802,73,0.006835269993164731,0.007497162898586582,0.0007848255275315133
a Maypole,0.42064407187249275,1,0.000683526999316473,0.0034398039983601944,0.0001220866109990401
Lady Mantrap,0.9422182519766006,1,0.002050580997949419,0.0035793996535791153,0.0002835926606541592
Miss Piminy,0.9389560817204138,1,0.002050580997949419,0.0035793996535791158,0.0002835926606541592
Mrs. Pincher,0.9402426025005272,2,0.002050580997949419,0.0035793996535791158,0.0002835926606541592
Rossini,0.5139441314834493,1,0.000683526999316473,0.0034398039983601944,0.0001220866109990401
the Poker,0.6023286722811717,1,0.002050580997949419,0.007900501772383002,0.00016274101620038112
Laura!—and,0.6187554195352193,1,0.001367053998632946,0.006470048518132016,0.00014280050394786489
Junius,0.8255512710776529,1,0.001367053998632946,0.005094498730214117,0.0001432719595946874
Ruth,0.9175635003316608,2,0.0034176349965823654,0.005262699010051752,0.00025293122162721747
Sacharissa,0.9181233119148733,1,0.0034176349965823654,0.005262699010051754,0.00025293122162721747
the Princess Marie Cunegonde,0.9600469497738134,7,0.0075187969924812035,0.006265345906761412,0.000527518965297566
Fin,0.8026560730972128,9,0.006151742993848257,0.011353195068021639,0.0005341515503299823
Don Quixote,0.7896892068292901,5,0.004784688995215312,0.010315384755523278,0.0003057015424220537
Medora,0.7773623037474308,7,0.002734107997265892,0.004248419091062597,0.00022870180437080243
the Princesse Fleur de Marie ( of Rudolstein and the Mysteres de Paris,0.7865218024624095,3,0.004101161995898838,0.006066721780534079,0.0002961521458170569
Cras,0.7907400350840065,1,0.004784688995215312,0.01126313259932152,0.00025741290783669026
Jack Bludyer,0.6730063675361544,2,0.00888585099111415,0.018038205427050525,0.00043583909807683527
Leopoldo Twankidillo,0.7655568432582026,1,0.002734107997265892,0.007097617278100725,0.00021626327069099196
the King’—sat,0.8004043514504549,1,0.002734107997265892,0.007097617278100726,0.00021626327069099196
Lady Mullingar,0.8018040983076,1,0.004784688995215312,0.008826277177837846,0.0002942750432397015
Miss Kewsey,0.8101397662545019,4,0.004784688995215312,0.00882627717783785,0.0002942750432397015
St. Clement,0.785210301872594,1,0.004784688995215312,0.008826277177837839,0.0002942750432397015
Mrs. Goodenough,0.41649424910965743,1,0.000683526999316473,0.0034398039983601944,0.0001220866109990401
Grindley,0.7704142051693407,1,0.006835269993164731,0.013004142496070861,0.0003394559550138699
Mr. Hobson,0.7317910426294226,1,0.006835269993164731,0.013004142496070853,0.0003394559550138699
"Mrs. Finucane,—a",0.6759866069518754,1,0.004784688995215312,0.013215556469671262,0.0002588766588409074
Diana,0.8288947673932658,2,0.002734107997265892,0.00879905446994083,0.00030795114643588685
Rob Roy Macgregor,0.6146780094659539,1,0.002734107997265892,0.007258488871561512,0.00019206692255906502
Madame de Caramel,0.8532798070380982,2,0.004784688995215312,0.006285415048117843,0.00034568374009649093
Monsieur Rogron,0.8566307570120404,1,0.002734107997265892,0.003995038402343132,0.0002389141313084535
the Chevalier Rogron,0.8649560840977647,1,0.002734107997265892,0.003995038402343133,0.0002389141313084535
Madame Fribsbi,0.887635993837094,7,0.006835269993164731,0.007450493841072243,0.0005534300678517837
Poor Mirobolant,0.7970970513224759,3,0.002734107997265892,0.005814976027844795,0.00022393987454592893
captain Broadwood,0.6458839285727829,1,0.001367053998632946,0.004460697774022805,0.00014311342159478366
keen - sighted Mr. Pen,0.47392230696594584,1,0.000683526999316473,0.003358631532385022,0.00012293361422789864
Volile,0.42624489632039636,1,0.002050580997949419,0.0070206191938543385,0.00017668886885765324
Ben Budgeon,0.8929507619993249,1,0.006151742993848257,0.008759189685480643,0.0003600456594945013
Conkey Sam,0.8830401198849372,2,0.006151742993848257,0.008759189685480645,0.00044071600047767884
Dick the Nailor,0.8758231295564934,4,0.010252904989747095,0.014496148283324267,0.0005254735525907192
Martin Faunce,0.8934796166445023,1,0.006151742993848257,0.008759189685480643,0.0003600456594945013
the North Lancashire Pippin,0.8871224715399099,1,0.006151742993848257,0.00875918968548065,0.0003600456594945013
Lady Clapperton,0.9381347558324001,3,0.002050580997949419,0.0034949330104999715,0.0002856621661816763
Lady Claudia,0.9436592962388393,1,0.002050580997949419,0.003494933010499972,0.0002856621661816763
Lady Lear,0.9392732598648308,1,0.002050580997949419,0.003494933010499975,0.0002856621661816763
Talent,0.6185153184641667,1,0.000683526999316473,0.003358631532385022,0.00012293361422789864
Lady Bullfinch,0.5183066836439502,2,0.001367053998632946,0.00661356598467778,0.00014471266292140543
Merci,0.5735298506218717,1,0.000683526999316473,0.003358631532385022,0.00012293361422789864
Carabas,0.9240558653297657,1,0.0034176349965823654,0.005039699615012686,0.00029659029959105883
John No II,0.9219931128669826,1,0.0034176349965823654,0.005039699615012688,0.00029659029959105883
Marie Antoinette,0.9282203045193541,1,0.0034176349965823654,0.0050396996150126865,0.00029659029959105883
Rowena,0.9255402968168717,1,0.0034176349965823654,0.0050396996150126865,0.00029659029959105883
Miss Delaval,0.7169095838690969,2,0.005468215994531784,0.011981954325761053,0.0002858014086354354
Mary Bonner,0.6722306299057129,1,0.001367053998632946,0.003991010862226683,0.0001459993247936215
Lothario,0.6104636313573062,1,0.0034176349965823654,0.008240746075204879,0.0002161659432903747
Siren,0.5975507926261101,3,0.001367053998632946,0.004326039010120424,0.0001471443612871087
Germans,0.6388007448984668,1,0.0034176349965823654,0.009012086125136307,0.00022924110004852338
Russians,0.6271469904235871,1,0.0034176349965823654,0.009012086125136301,0.00022924110004852338
Armida,0.6096345460470692,1,0.002050580997949419,0.007522386764476365,0.0001662499867617097
Voyons,0.5602317383967983,1,0.000683526999316473,0.003358631532385022,0.00012293361422789864
Old Grump,0.9057640259831496,1,0.001367053998632946,0.0033976942014820556,0.00015453850821605338
King Death,0.7506391309058141,1,0.002734107997265892,0.004887032960791847,0.00022066921695435045
Mr. Warrington?—angcored,0.7577860496835479,1,0.002734107997265892,0.004887032960791843,0.00022066921695435045
Lord Bangbanagher,0.9491573545688292,2,0.002050580997949419,0.0031532192501380683,0.00028622116469778137
Trefoil,0.9494812291008018,1,0.002050580997949419,0.0031532192501380683,0.00028622116469778137
the Day,0.9486964502024638,1,0.002050580997949419,0.0031532192501380688,0.00028622116469778137
Doctor Boyne,0.8093558248456127,1,0.004101161995898838,0.006738865408061935,0.0002573743806643294
Dr. Boyne,0.8005981889731408,1,0.004101161995898838,0.006738865408061941,0.0002573743806643294
Madame Massena,0.9628829283698809,2,0.004784688995215312,0.004094768870379824,0.00042050599751440327
Professor Spineto,0.80070423310342,1,0.002734107997265892,0.005583515538085531,0.00019755803226813984
Bedwin Sands,0.8438181404341866,1,0.0034176349965823654,0.005487572760268517,0.00022301726531887545
Young Lord Dodo,0.8606763451783014,4,0.004101161995898838,0.0060912520632746036,0.00027144345273437474
Capting,0.8263603956263541,3,0.0034176349965823654,0.00783460455713917,0.0002493017082858824
Mr. Cave,0.9735945584204776,1,0.002734107997265892,0.003244704482948473,0.00027911982231494507
Mr. Murray,0.9754882067406648,1,0.002734107997265892,0.0032447044829484713,0.00027911982231494507
Mr. Tattersall,0.9707954394350506,1,0.002734107997265892,0.003244704482948472,0.00027911982231494507
old Samuel Johnson,0.9880675742832864,6,0.012303485987696514,0.00450861123318813,0.0007799433849420244
Jack;—he,0.8716754217953926,1,0.0034176349965823654,0.005494861110483727,0.00023154693441247942
Mary,0.8749339231130221,20,0.009569377990430623,0.011249484311286098,0.000800448349195377
poor Snip,0.8829768767682339,1,0.0034176349965823654,0.005494861110483733,0.00023154693441247942
Mr. Pidgeon,0.8484670144474565,1,0.001367053998632946,0.0034285628651175844,0.00014951501073019052
Mr. D.,0.8363459371774506,2,0.004784688995215312,0.006925616049534472,0.0002647100623393826
Ai Ai,0.8827813465441879,1,0.001367053998632946,0.0030905090440949182,0.00021433379760336441
Prometheus,0.8872433388959496,1,0.001367053998632946,0.0030905090440949182,0.00021433379760336441
Mr. Paxton,0.614814659678388,2,0.001367053998632946,0.005716056702542742,0.00014350041025520393
Goliath,0.6368470234838814,1,0.000683526999316473,0.003030244519771819,0.0001231729093422674
Calypso,0.5341908211064965,1,0.001367053998632946,0.006261275245361923,0.00014367619223957045
Master Shallow,0.600159912376914,1,0.001367053998632946,0.004001038631944906,0.00014666665849204008
Bezonian,0.6049414221668481,1,0.000683526999316473,0.003030244519771819,0.0001231729093422674
Hem,0.6467361431047849,2,0.000683526999316473,0.003030244519771819,0.0001231729093422674
Tuesday,0.6224070498053118,1,0.000683526999316473,0.003030244519771819,0.0001231729093422674
Towzer,0.5462015160034841,1,0.000683526999316473,0.00325493445229276,0.0001242380650869494
Hessians,0.6720440273183931,1,0.0034176349965823654,0.0093254877039795,0.0002153896498153465
Mr. F.—I’ve,0.4532446280180919,1,0.002734107997265892,0.009909628135560141,0.0001857599864266831
Dr. Donne,0.672969239134341,1,0.002734107997265892,0.005444318104728103,0.00021846360570287372
St. George,0.7034704068028378,1,0.002734107997265892,0.005444318104728106,0.00021846360570287372
George Robert,0.7532151222189009,6,0.0034176349965823654,0.005735877700934391,0.00022207230040392355
Ahasuerus,0.8041934161534953,1,0.002734107997265892,0.00461219923146196,0.00023412777779375225
the Lady Ana Milton,0.7906300229861949,1,0.002734107997265892,0.004612199231461959,0.00023412777779375225
Mademoiselle Petitot,0.8765691984058475,1,0.001367053998632946,0.0033196675374251292,0.00021624020406210508
Mademoiselle Redowa,0.8789751211880483,1,0.001367053998632946,0.00331966753742513,0.00021624020406210508
Fortnum,0.7714410879723143,1,0.004784688995215312,0.006212147522779803,0.00029018338704490926
Mr. Fox,0.7845569476498606,2,0.004784688995215312,0.006212147522779803,0.00029018338704490926
Moufflet,0.5528282401696574,2,0.000683526999316473,0.00325493445229276,0.0001242380650869494
"Mr. Foker , Junior",0.7774373335275385,1,0.001367053998632946,0.0035071441818807173,0.00015525343816127294
the Lady Lucy,0.6952818679366115,1,0.001367053998632946,0.004208313513654752,0.00014774012297028095
Clown,0.8830973071111619,1,0.004101161995898838,0.006885251211061434,0.0002667311192694612
Coralie,0.9163449799169193,12,0.006151742993848257,0.007198227856756585,0.0005784717112116573
Antony,0.9707473978775208,1,0.006835269993164731,0.004749464852472948,0.00047037452851485034
Catherine Hayes,0.9695983267954146,1,0.006835269993164731,0.004749464852472954,0.00047037452851485034
Cleopatra,0.969781257625346,1,0.006835269993164731,0.0047494648524729535,0.00047037452851485034
Count Borulawski,0.9694918126482002,1,0.006835269993164731,0.004749464852472952,0.00047037452851485034
George Barnwell,0.9677880840043548,1,0.006835269993164731,0.00474946485247295,0.00047037452851485034
Guinever,0.9675718263684936,1,0.006835269993164731,0.0047494648524729535,0.00047037452851485034
Lancelot,0.9685463172740039,1,0.006835269993164731,0.004749464852472947,0.00047037452851485034
Mrs. Battersby,0.9698096034174583,1,0.006835269993164731,0.004749464852472953,0.00047037452851485034
young Cornet Tozer,0.9688339117777032,3,0.006835269993164731,0.004749464852472958,0.00047037452851485034
Lord Gravesend,0.7056029050291568,1,0.002734107997265892,0.004892686632996302,0.00021644226383173197
Venice,0.5654916484613236,1,0.000683526999316473,0.00325493445229276,0.0001242380650869494
D,0.5782413369823862,1,0.000683526999316473,0.00325493445229276,0.0001242380650869494
the Lovelaces,0.7478167408415639,1,0.004101161995898838,0.007120087741082295,0.00026857239472852907
Italy,0.8315942017898554,1,0.001367053998632946,0.003451129816600218,0.0001879629836946102
Biddy,0.755942400684046,1,0.002050580997949419,0.004792686539695606,0.00019986261245686287
Mahers,0.7708930261566741,1,0.002050580997949419,0.0047926865396956024,0.00019986261245686287
Messrs. Costigan,0.801596683387385,2,0.005468215994531784,0.010574019682905028,0.0003503887926710503
Mr. Podmore,0.8120382190128964,1,0.004101161995898838,0.006767206507838297,0.0002583993402081574
Podmore,0.7790314017741903,3,0.006835269993164731,0.011664050783064931,0.00037290898716629595
T.R.D.L.,0.8010569450397268,1,0.004101161995898838,0.006767206507838294,0.0002583993402081574
Miss M.,0.7638422449620068,1,0.002050580997949419,0.002722516109963396,0.00019001471362969002
Messrs. Tressler,0.6600133655293879,1,0.002734107997265892,0.004569151030557409,0.00020025747948092333
Astley,0.600189533949113,1,0.0034176349965823654,0.006026216009933369,0.00020959219707837807
Fanny?—and,0.48377352512526633,1,0.001367053998632946,0.003867771567261581,0.0001425703410643381
Arthur’s,0.7323176893181821,1,0.002734107997265892,0.004888668996218528,0.0002146465737557046
Mr. Pendennis’s,0.7111123384722545,5,0.002734107997265892,0.0048886689962185275,0.0002146465737557046
Dr. Locock,0.8525087188613513,1,0.002734107997265892,0.003331082125216011,0.00023590345076201298
poppy,0.8468245675148773,1,0.002734107997265892,0.0033310821252160116,0.00023590345076201298
Dr. Sam,0.566875312247251,1,0.001367053998632946,0.003867771567261581,0.0001425703410643381
Mr. Marks,0.614080831851932,2,0.004101161995898838,0.011701948480558822,0.00024926371778959025
Alava,0.964829228238067,1,0.006151742993848257,0.004453188394078846,0.00041664773469549967
Botzaris,0.9621136240117424,1,0.006151742993848257,0.004453188394078841,0.00041664773469549967
Bourmont,0.9595735017155449,1,0.006151742993848257,0.004453188394078841,0.00041664773469549967
Hungarian Uhlans,0.9625897197926813,1,0.006151742993848257,0.004453188394078845,0.00041664773469549967
Pedroites,0.9612227332661121,1,0.006151742993848257,0.004453188394078848,0.00041664773469549967
Skrzynecki,0.9628941104878795,2,0.006151742993848257,0.0044531883940788445,0.00041664773469549967
Zumalacarreguy,0.9646420398394425,1,0.006151742993848257,0.0044531883940788445,0.00041664773469549967
Jupiter,0.7236693775324858,1,0.001367053998632946,0.003131093832846817,0.00014894103444449246
Miss Hamory,0.8283969560607322,4,0.0034176349965823654,0.00531846632044319,0.00026606834594941733
Plush,0.679058502830285,1,0.001367053998632946,0.002836741279429679,0.00015105885375773164
Hollands,0.7414999034983634,1,0.002734107997265892,0.005136281857904104,0.00020001255161275033
Monsieur le Colonel,0.6843046541165305,1,0.001367053998632946,0.00272179957968303,0.00015212246126222525
Hulker and Bullock,0.7342856903586716,1,0.002050580997949419,0.005619895465149542,0.00016857587321389617
Leggat minor,0.9247926351242356,6,0.004101161995898838,0.004270394913243842,0.0003663609272015122
Honest Strong,0.6176766375873227,3,0.000683526999316473,0.002206046416144612,0.0001239750613286798
Major Coddy,0.9516447921056161,1,0.004784688995215312,0.004414939369352166,0.00036962294223719414
Miss Kewsy,0.9563870822780935,1,0.004784688995215312,0.004414939369352163,0.00036962294223719414
Mrs.,0.9534688180522213,1,0.004784688995215312,0.004414939369352165,0.00036962294223719414
Sir Robert,0.9549122250511022,1,0.004784688995215312,0.004414939369352162,0.00036962294223719414
the Misses Hodge,0.9554998910178214,1,0.004784688995215312,0.004414939369352167,0.00036962294223719414
Elba,0.8915472446530854,1,0.0034176349965823654,0.004255604932238466,0.00027043463836410496
Marius,0.8886553012449522,1,0.0034176349965823654,0.004255604932238458,0.00027043463836410496
Napoleon,0.8817396735353413,1,0.0034176349965823654,0.0042556049322384605,0.00027043463836410496
Billy Bluck,0.8155323637233558,2,0.004101161995898838,0.006014224945882184,0.0002570290038193755
Mr. Strong.—I,0.6945554458982133,1,0.000683526999316473,0.002206046416144612,0.0001239750613286798
Mr. M.,0.6836815355693575,1,0.002734107997265892,0.0070167509922884706,0.00019059731320483553
Messieurs Frederic,0.9010650641980283,3,0.002050580997949419,0.003579179696581193,0.00018755796338813802
Kidneys,0.7920140258950275,1,0.002734107997265892,0.0042815334598661796,0.00020087305852701238
Georgy,0.9388559392999287,1,0.002050580997949419,0.002341588234809777,0.00023241185201102225
Mick,0.941672037574592,5,0.004784688995215312,0.002848901451319431,0.0004926273844007195
Patsey,0.9417579726950082,1,0.002050580997949419,0.002341588234809779,0.00023241185201102225
Condy Roony,0.9327676654925853,2,0.0034176349965823654,0.002747016636158224,0.00035944356213949173
the Docthor,0.9342637637575666,4,0.0034176349965823654,0.0027470166361582213,0.00035944356213949173
the Phaynix,0.9422172348686163,1,0.002734107997265892,0.0024030605029473034,0.00025395303217052234
"An old reprobate daddy - longlegs , who has never said his prayers ( except perhaps in public ) these fifty years",0.933324330017256,2,0.004784688995215312,0.0035368888745328435,0.0003426354908912808
Dick,0.9278942944750073,5,0.0075187969924812035,0.007866196543758475,0.00044051097650686644
Lord Hotspur,0.9276452443293752,3,0.004784688995215312,0.0035368888745328435,0.0003426354908912808
old Blushington,0.9363473045783599,7,0.004784688995215312,0.003536888874532841,0.0003426354908912808
Mrs. Smith,0.7860115423523507,1,0.004101161995898838,0.005770325459782609,0.0002529570798491908
Michaelmas,0.8651174919406504,1,0.002734107997265892,0.003909691982796502,0.00021260940291551605
Madam Fribsy,0.8353737577952586,2,0.002050580997949419,0.0025397380637968564,0.00020580338708779444
Bedad,0.6604752690741891,5,0.00888585099111415,0.015295974476672228,0.00041814391813412184
Sir Chorlus,0.592578488677949,1,0.004784688995215312,0.008931019764309668,0.0002586938958953989
Poor Helen,0.38961215264740895,1,0.000683526999316473,0.002240374361148345,0.00012445816968605387
Mrs. Montague,0.38196410066419667,3,0.000683526999316473,0.002240374361148345,0.00012445816968605387
Swindon,0.36716531055242113,1,0.001367053998632946,0.0034059881253128625,0.00014674774839987188
young Lord Cubley,0.6382703931683084,2,0.002050580997949419,0.0029057007853180053,0.00024958591420431205
Lord De la Pole,0.6770479679466165,2,0.002050580997949419,0.002905700785318004,0.0001913419603695144
Mrs. Fribsby,0.8586606869353447,6,0.004784688995215312,0.006171554569572991,0.00028630575568145653
Amory,0.8727563522167547,3,0.004784688995215312,0.004610006785648306,0.0003474219981636838
Johnny Armstrong,0.8750697464369273,15,0.005468215994531784,0.006448179329877639,0.0004432503497219575
the Reverend Jonas Wales,0.8516133832678151,1,0.004101161995898838,0.005987861212556432,0.0002634603463373173
M.R.C.S.,0.8535007793919472,1,0.004784688995215312,0.006306645078995462,0.00028613211087358313
General Pendennis of Blenheim,0.9400429835232922,5,0.0075187969924812035,0.008648893537864568,0.0004934981215328785
Lelys,0.9543842502473794,1,0.004101161995898838,0.0038092491125867375,0.00035072183959448055
Peter Wilkins,0.9528079196617679,1,0.004101161995898838,0.003809249112586737,0.00035072183959448055
Roger Pendennis,0.9501345106526641,1,0.004101161995898838,0.003809249112586738,0.00035072183959448055
Vandykes,0.953411011777631,1,0.004101161995898838,0.0038092491125867353,0.00035072183959448055
Lady Brouncker,0.9664578803814738,1,0.004101161995898838,0.0037117989263344116,0.00039821528248767376
Lady Snapperton,0.9669157815902065,7,0.004101161995898838,0.003711798926334411,0.00039821528248767376
Lord Brouncker,0.9697910932655753,3,0.004101161995898838,0.0037117989263344125,0.00039821528248767376
Maria Marire,0.9669627099069273,1,0.004101161995898838,0.003711798926334414,0.00039821528248767376
Tom Wagg,0.9661272500589635,1,0.004101161995898838,0.0037117989263344116,0.00039821528248767376
my Lady Poldoody of Oystherstown Castle,0.6578143819734615,1,0.0034176349965823654,0.010353553480826026,0.00020855891426045122
Myra,0.7582905645186917,4,0.005468215994531784,0.008434616636953492,0.0003206309707032588
Fwank,0.4491107851309251,1,0.000683526999316473,0.0032310307255901003,0.0001229622992907457
Lord Rochester,0.8723167637718607,1,0.001367053998632946,0.004065101731112661,0.0001517805669336139
Ralph Pendennis,0.7903285585816818,1,0.0034176349965823654,0.0055472783035262815,0.00023762908605448992
Richard II,0.7416910533043681,1,0.0034176349965823654,0.005547278303526286,0.00023762908605448992
"daughter of J. Chesterfield Costigan , Esq . , of Costiganstown",0.7529427607651269,3,0.005468215994531784,0.01009165126613808,0.00033635840572855495
EROS,0.6526733631745633,2,0.002734107997265892,0.005137531521371309,0.00021537597000164383
NEP,0.6940710120803834,2,0.002734107997265892,0.005137531521371312,0.00021537597000164383
young Poldoody,0.7273431173646,8,0.002734107997265892,0.004725931716481076,0.00026086611428541474
So Milly,0.7372285947103108,1,0.002050580997949419,0.003647835541902155,0.00018179765467250396
Mars,0.7624154905014972,2,0.004101161995898838,0.006032758572288139,0.0003093839947959004
Miss O’Neill,0.7945863551631929,1,0.002734107997265892,0.004577880292751369,0.00023108333458492328
Mrs. Jordan,0.7867992318885697,2,0.002734107997265892,0.0045778802927513695,0.00023108333458492328
the old Madara,0.635391246125872,1,0.002050580997949419,0.004738060811217373,0.00017169736062164307
Bob Bows,0.6684452760964538,1,0.001367053998632946,0.003851569187112806,0.00014458699491263707
Miss Hebe,0.6507226750581518,13,0.001367053998632946,0.004483664705543854,0.0001636672487525265
Mrs. G.,0.7255806592714802,1,0.004784688995215312,0.008869294411521804,0.0002773717932459232
Mrs. Garbetts,0.7343713035952799,1,0.004784688995215312,0.008869294411521815,0.0002773717932459232
Principal Tragedian,0.7513792233582766,1,0.004784688995215312,0.00886929441152181,0.0002773717932459232
Suky,0.5843665190988422,1,0.002734107997265892,0.006593054336377505,0.0001880058936813533
Dad,0.5987170610754824,2,0.002050580997949419,0.005475900931309136,0.00016584601258688394
Mr. William Minns,0.8661617853361886,5,0.006151742993848257,0.008094296693062952,0.0003824951546269822
Pizarro,0.8775593967980327,1,0.004784688995215312,0.006126478639805472,0.00029124803483324005
"Dear Wenham,”—he",0.8870512708196413,1,0.006151742993848257,0.00785470087001603,0.00033848379514335995
Georges,0.8797782118952961,1,0.006151742993848257,0.007854700870016024,0.00033848379514335995
Lady Teazle,0.8638601094631497,1,0.006151742993848257,0.007854700870016027,0.00033848379514335995
the Marquess of Steyne,0.9191723658021138,2,0.001367053998632946,0.0029094438901569263,0.00015383185127847967
Solly,0.9710128177884464,6,0.019138755980861247,0.012431457437512285,0.0010135513357232178
the Buccaneers,0.8604881072741436,1,0.002734107997265892,0.005718312734162779,0.00019563694655231063
Count Wintersen,0.907438479964616,2,0.002050580997949419,0.0035372052507428925,0.00018947676583306417
O Emilee,0.4929644840079896,1,0.001367053998632946,0.0034236629576772804,0.00014347765483587322
Amelia - Ann,0.5818258666061907,1,0.001367053998632946,0.0026652902632838815,0.00014561829434642042
Mrs. R.,0.6933723065065156,1,0.002734107997265892,0.0036747044306689306,0.00019781695804367016
Pendennis!—Pendennis,0.7406136531521985,1,0.000683526999316473,0.001674999120616924,0.00012505192712399497
Meurice,0.8971037162772714,1,0.004101161995898838,0.003042563619712755,0.00029164388086176484
the Honourable Deuceace,0.8928062013169807,13,0.006151742993848257,0.005167998773966093,0.0004415283372761049
the Marky,0.9086460376826796,14,0.004784688995215312,0.0051413335786494405,0.00043885813595465295
Damme,0.7133399827033722,2,0.001367053998632946,0.0024014025659133986,0.00017105135419126643
Wheeler,0.9414620628752277,6,0.001367053998632946,0.0016790495002352629,0.0002170365201756264
Jack Rackstraw,0.9008795178827416,1,0.004784688995215312,0.0037183334079217063,0.00032487552343268334
The Tredyddlums,0.9027314167062921,1,0.004784688995215312,0.003718333407921707,0.00032487552343268334
Tom Driver,0.898442233760589,1,0.004784688995215312,0.0037183334079217084,0.00032487552343268334
Tom Fleet,0.9040737005463321,2,0.004784688995215312,0.003718333407921708,0.00032487552343268334
Lord Westport,0.7445431220582648,1,0.000683526999316473,0.001674999120616924,0.00012505192712399497
Richmond,0.7657316815610083,1,0.000683526999316473,0.001674999120616924,0.00012505192712399497
Madame la Baronne de la Cruche - cassee,0.7413158216863114,1,0.001367053998632946,0.0027342160042897923,0.00014617037156311336
vice Upton,0.5301163074806006,1,0.001367053998632946,0.00324156394853474,0.00015227803041039132
Garbetts?—I,0.6029920104255225,1,0.000683526999316473,0.0019202204430934825,0.00012343382513041318
Bullby,0.9237197003227521,1,0.004784688995215312,0.00370199837723171,0.0003095971957269712
Messrs. Bingley,0.9277045697950286,1,0.004784688995215312,0.0037019983772317074,0.0003095971957269712
Mr. Jubber,0.9032087707482459,3,0.006151742993848257,0.005018018781801929,0.00040638046175196443
Leedy Mirabel,0.779125845337248,1,0.002734107997265892,0.004056628533965111,0.00021792216965226875
Mr. Serle,0.8003781230300565,1,0.002734107997265892,0.004056628533965104,0.00021792216965226875
King Lear,0.5987882316888556,1,0.002734107997265892,0.005207911935368818,0.00019001298097115035
Mr. Barker,0.8655337842784504,1,0.002050580997949419,0.0028682030636677483,0.00020196632758615073
Mr. Rolt,0.853867078530586,1,0.002050580997949419,0.002868203063667747,0.00020196632758615073
Livermore,0.7317948602312184,1,0.0034176349965823654,0.005809056571934874,0.00020982835403548386
Mrs. Hobnell,0.8419736284079068,5,0.004101161995898838,0.004277812889274284,0.0003228040666090148
Squire Hobnell,0.8517806787810107,1,0.002050580997949419,0.0024831272136141345,0.000179981561337103
Myra Lucretia,0.8309309777819714,1,0.0034176349965823654,0.0042303183686073055,0.00022468553425224105
Spir,0.6825850578171113,2,0.002050580997949419,0.0037326551512016936,0.00016987228003706022
Mr. Bundy,0.8543674568819781,1,0.000683526999316473,0.001654694731853918,0.0001236443649890899
Maecenas,0.879363625490609,5,0.004101161995898838,0.005662078199084037,0.0002595530182730118
O Marmaduke,0.8314859033769538,1,0.001367053998632946,0.002045586471382474,0.00015095279104443863
Par,0.822090296078253,1,0.0034176349965823654,0.005905502420651332,0.0002089681761221349
Sultan Bungay,0.8764226563951981,1,0.002050580997949419,0.003238626077336952,0.00016771977705118646
Paternoster Row,0.7969224954845623,1,0.002734107997265892,0.0042578220630943835,0.00019617116683140186
Fou - choo - foo,0.9256392644367222,1,0.005468215994531784,0.004095083174993902,0.00035949950515481934
Mrs. Archer,0.9235810215425758,2,0.005468215994531784,0.004095083174993906,0.00035949950515481934
Mrs. Bungay?—one,0.9322085578320772,1,0.005468215994531784,0.004095083174993907,0.00035949950515481934
Munmeer,0.9342065388963433,1,0.005468215994531784,0.0040950831749939015,0.00035949950515481934
Yonder Eldon,0.9803977180693908,4,0.015037593984962407,0.00534303008113004,0.0008473755425411187
the Chinese,0.9262785269665621,1,0.005468215994531784,0.004095083174993905,0.00035949950515481934
Pekin,0.8721227954182296,1,0.002050580997949419,0.0027343158788102205,0.0001862453870568462
St. Boniface,0.8049976366819463,1,0.002734107997265892,0.002488449681594259,0.00023872704862996338
Sterne,0.8017064415055419,1,0.002734107997265892,0.002488449681594257,0.00023872704862996338
Harrington,0.9463973431929139,2,0.005468215994531784,0.0024188216419472604,0.0003882350144485873
Judkin,0.9528123588347732,1,0.005468215994531784,0.0024188216419472625,0.0003882350144485873
Julia,0.944975680852892,4,0.009569377990430623,0.00548849001714899,0.0006103086909091434
Miss Rancy,0.9524090860848484,1,0.005468215994531784,0.0024188216419472634,0.0003882350144485873
Mrs. Bunce,0.9538130432694154,1,0.005468215994531784,0.0024188216419472625,0.0003882350144485873
Potts,0.953507418378143,1,0.005468215994531784,0.002418821641947263,0.0003882350144485873
Mrs. Mee,0.825489454924299,1,0.001367053998632946,0.0024057845392860717,0.00014883001447097146
Caleb Balderstone,0.8038586475457989,2,0.001367053998632946,0.0023196334270847337,0.00014499688734051814
Laura—“I,0.6642150101095194,2,0.000683526999316473,0.001102066241637782,0.00012263882376032764
Brava,0.9342553608176273,2,0.005468215994531784,0.003993159332926246,0.0003511883546031859
Cook,0.9302487425898991,2,0.005468215994531784,0.003993159332926245,0.0003511883546031859
Floridor,0.929496643122845,1,0.005468215994531784,0.0039931593329262495,0.0003511883546031859
Mademoiselle Sauterelle,0.9324899451673516,2,0.005468215994531784,0.00399315933292625,0.0003511883546031859
Mademoiselle de Bondi,0.9254873082605046,2,0.005468215994531784,0.003993159332926253,0.0003511883546031859
Cocknies,0.8475833745546032,1,0.000683526999316473,0.0012175671854469507,0.00012481707997363312
Burton,0.8738806191215044,1,0.001367053998632946,0.0014020781699771376,0.00014779112879460856
H. P.,0.7024743181477653,1,0.0034176349965823654,0.005005070928853027,0.00023233518335190578
Lord Buckley,0.6924191837557098,1,0.000683526999316473,0.0012550386198033133,0.00012645634300062947
Miss Balls,0.9243091437746499,2,0.006835269993164731,0.0032006381699364915,0.0004245799321533186
Bell,0.9285528727252681,21,0.006835269993164731,0.0036595475890705397,0.0006586482056337523
Mrs. Thistlewood,0.9244778537190879,1,0.002050580997949419,0.0014725930229634893,0.00019419162145791375
Mr. Coacher,0.9202759877596767,20,0.0034176349965823654,0.002613784243639959,0.0004784906071657037
"old Lady Pontypool,—one",0.9194562859104671,1,0.001367053998632946,0.0014012323210381952,0.00015681060566868639
Mrs. Bell,0.9319489294894108,6,0.002050580997949419,0.0014725930229634893,0.00019419162145791375
Forgiveness,0.9264225587849587,1,0.002734107997265892,0.002618441351372044,0.00024521470439061024
Lord Chief Justice Hicks,0.9661888793009942,2,0.006151742993848257,0.0030316590297792415,0.0005444658439268572
the Miss Bakers,0.8291967223821249,2,0.002050580997949419,0.0025467417553539217,0.00017779403547971124
Frenchy,0.9100498159424409,1,0.001367053998632946,0.000943444460960557,0.0002218684857873247
Frogs,0.9077821303991432,1,0.001367053998632946,0.000943444460960557,0.0002218684857873247
les Anglaises,0.7852064775127896,1,0.002050580997949419,0.0025205846978356493,0.00019562360667357018
"Fribsbi,”—and",0.8693375912611845,1,0.002050580997949419,0.002552477082433081,0.00018437701169741187
Monsieur Pendennis,0.7180231701593844,6,0.000683526999316473,0.0009250474167022048,0.0001274249895092553
Lord Fiddlestick,0.8573136200027041,1,0.002050580997949419,0.002358154491076132,0.00018588359030075196
Miss C.,0.48560642589578523,1,0.000683526999316473,0.0013907520242350587,0.00012338408744861832
Article XL,0.6646190439404268,1,0.002050580997949419,0.003435500708251845,0.00017047182818414838
old Colonel Gripley,0.8535927987601764,1,0.002050580997949419,0.001864912146800156,0.00021154145244349986
old Hawkshaw,0.8441758054385337,1,0.002050580997949419,0.001864912146800158,0.00021154145244349986
the French Ambassador,0.8587963226440635,1,0.001367053998632946,0.0019012891082230813,0.00015582072384274294
the Lord Chamberlain,0.9848908713284736,4,0.005468215994531784,0.0013556522307072224,0.0005197186898129317
Brian Boru,0.9653897793052528,1,0.004101161995898838,0.0011224835281246632,0.0003640218764028276
Marshal Massena,0.966319040756298,1,0.004101161995898838,0.0011224835281246637,0.0003640218764028276
Russia,0.9657529055661251,1,0.004101161995898838,0.001122483528124664,0.0003640218764028276
Saint Cloud,0.9636530695852819,13,0.004784688995215312,0.002185402610711751,0.0004532125493417051
Indiana,0.9471816449044081,2,0.004784688995215312,0.001299336121694002,0.0003670997512482049
Lamartine,0.9476761991814832,1,0.004784688995215312,0.001299336121694002,0.0003670997512482049
Prince Djalma,0.9499336182915539,1,0.004784688995215312,0.001299336121694003,0.0003670997512482049
Prince Rodolph,0.9496941393821793,1,0.004784688995215312,0.0012993361216940018,0.0003670997512482049
the amiable Trenmor,0.9489013551072113,1,0.004784688995215312,0.001299336121694002,0.0003670997512482049
Law,0.9279928411454701,1,0.002050580997949419,0.0012393531501288574,0.0001930727624579719
Privat,0.9322159554046345,1,0.002050580997949419,0.001059426865724069,0.00022903686571254127
Young Frank Clavering,0.9335302948966814,2,0.002050580997949419,0.0010594268657240693,0.00022903686571254127
Major Stokes,0.8227755132142737,1,0.005468215994531784,0.005553769022661017,0.00031100870065770946
the Rev. J. Simcoe,0.8212691162299044,1,0.005468215994531784,0.00555376902266102,0.00031100870065770946
the Rev. S. Jowls,0.841719583239574,1,0.005468215994531784,0.005553769022661015,0.00031100870065770946
Transactions,0.7348551915031206,1,0.000683526999316473,0.0009155110477456959,0.00012785428453315173
Mr. Quin,0.6904760619285362,1,0.002050580997949419,0.0024039598007920405,0.00018438197226114113
Banquo,0.7803522248981587,1,0.002050580997949419,0.0018728366843309813,0.00018231924776269167
Orthodoxy,0.8176551661023024,1,0.002734107997265892,0.0020970857171443845,0.00019881804352414367
Madame Portman,0.8006184400808728,4,0.000683526999316473,0.0008822577600030177,0.0001238154772298264
Hurray,0.883034633355051,1,0.002050580997949419,0.001279669616887789,0.00019266833242123377
Cardinal Mezzocaldo,0.911678764084274,1,0.0034176349965823654,0.00309173031378276,0.0002638465832632251
Hobhouse,0.9166935094882257,1,0.0034176349965823654,0.0030917303137827624,0.0002638465832632251
Trelawney,0.9085307065270553,1,0.0034176349965823654,0.0030917303137827576,0.0002638465832632251
Cardinal Wolsey,0.6383798900741819,1,0.001367053998632946,0.0026385995764113966,0.00014870381147729077
Lord Martingale,0.8492188451363274,1,0.001367053998632946,0.0012969786609147696,0.0001613606785366631
Lieutenants Rodgers,0.9112353494978782,1,0.001367053998632946,0.001212771523665273,0.00022287326765421943
young Cornet Tidmus,0.9089464843703223,1,0.001367053998632946,0.001212771523665272,0.00022287326765421943
Ella Rosenberg,0.9410462737597765,1,0.0034176349965823654,0.002096549988760607,0.00028624313095441874
Lydia Languish,0.9448326626520307,1,0.0034176349965823654,0.002096549988760606,0.00028624313095441874
Miss Diggle,0.9409458950628462,2,0.0034176349965823654,0.0020965499887606064,0.00028624313095441874
Bashan,0.7289840877854199,1,0.0034176349965823654,0.004179497951590086,0.00022670533290657395
Croker,0.8748343685221011,1,0.002734107997265892,0.002657833100226692,0.0002381614911612798
Graves,0.8721661086819575,1,0.002734107997265892,0.002657833100226693,0.0002381614911612798
Coutts,0.6237181205941427,1,0.000683526999316473,0.0010836458664249963,0.00012516925439187378
Bob Suckling,0.9317807323836373,1,0.006151742993848257,0.001969604545664338,0.0003989800410201946
Boosey,0.9349668705155871,1,0.006151742993848257,0.0019696045456643364,0.0003989800410201946
Lord Cinqbar,0.9413266283407326,3,0.006151742993848257,0.0019696045456643373,0.0003989800410201946
Mr. Trail,0.9330432077354579,2,0.006151742993848257,0.0019696045456643395,0.000453692741690058
Mimoree,0.5717692606575796,6,0.001367053998632946,0.0023654757087788886,0.0001466928484778266
Cutler,0.8105770557352543,1,0.000683526999316473,0.001067218102700523,0.00012700245619987475
George Gaunt,0.9115857887086897,1,0.002050580997949419,0.0021888410591307064,0.00018420881924553244
Herr Garbage,0.9867464724010245,2,0.004784688995215312,0.0005375344161417477,0.0004869420327625571
Monsieur Poumons,0.9861160491507521,1,0.004784688995215312,0.0005375344161417457,0.0004869420327625571
Mr. Rawhead,0.9866951478056164,1,0.004784688995215312,0.0005375344161417472,0.0004869420327625571
Mrs. Cawdor,0.9862114952082239,1,0.004784688995215312,0.0005375344161417477,0.0004869420327625571
The great Hubbard,0.9866678188291329,2,0.004784688995215312,0.000537534416141744,0.0004869420327625571
the celebrated Mr.,0.9861581439524176,2,0.004784688995215312,0.0005375344161417446,0.0004869420327625571
Miss Rolt,0.7545400263210784,2,0.000683526999316473,0.0011857549736185883,0.00012438977680754136
Gammon,0.8626036753824894,1,0.000683526999316473,0.0005844933632360085,0.00012733161886194713
Madame Brack,0.9390028605137218,3,0.002050580997949419,0.0008068410764814806,0.0003370027868970655
Count Punter,0.9713252445737476,1,0.001367053998632946,0.0002853036517268182,0.000301779287328133
Hobananob,0.9711770671003503,5,0.001367053998632946,0.000285303651726819,0.000301779287328133
Leech,0.9695772203755145,5,0.001367053998632946,0.00028530365172681877,0.000301779287328133
Tilbury,0.9700032624061842,1,0.001367053998632946,0.00028530365172681833,0.000301779287328133
Anthony Firebrace,0.9626841101982914,1,0.004101161995898838,0.0013133465936809043,0.0003788232877197032
Hygeia,0.9682007734362469,1,0.004101161995898838,0.0013133465936809013,0.0003788232877197032
King Bladud,0.9661574932496103,1,0.004101161995898838,0.0013133465936809028,0.0003788232877197032
Messrs. Abednego,0.966537090751628,1,0.004101161995898838,0.0013133465936809034,0.0003788232877197032
Mr. Birch,0.9673255601764,1,0.004101161995898838,0.0013133465936809021,0.0003788232877197032
Quel preux Chevalier,0.7006250331283348,1,0.000683526999316473,0.0007506245158148801,0.00012701796542327214
Pleaceman,0.680820102287509,1,0.000683526999316473,0.0006306948632850676,0.00012954280882249445
Mrs. Campion,0.824661719678474,2,0.001367053998632946,0.0006727318138375935,0.00016777539684793412
Gretna,0.9392938372347389,4,0.005468215994531784,0.0018585593092070559,0.0005226084174862664
Milady,0.917329594324824,2,0.002734107997265892,0.0009179491963100703,0.0002550483007927131
Lepage,0.9062327650178038,1,0.000683526999316473,0.0001002553359601735,0.00014914572837107322
Beelzebub,0.8297328737918396,1,0.000683526999316473,0.00023203550909593193,0.0001446776173028246
Maman,0.939615932523085,1,0.001367053998632946,0.00015609780283833458,0.00020114388365336753
Lely,0.9027270517012677,1,0.004784688995215312,0.0025358077713068137,0.00032649072301585517
Theodosia,0.9006515178789788,2,0.004784688995215312,0.0025358077713068146,0.00032649072301585517
Chevalier de Juillet,0.714284026400853,1,0.000683526999316473,0.0003039424010543655,0.00014513630627319325
Fokey,0.8938469380499056,1,0.000683526999316473,0.0003493260479593411,0.00013252590892062486
Alderson,0.9902375177158709,1,0.009569377990430623,0.001350142496930366,0.0005822897846985245
Barnewall,0.9906377270866674,1,0.009569377990430623,0.0013501424969303633,0.0005822897846985245
Byles,0.9903511112710845,1,0.009569377990430623,0.00135014249693036,0.0005822897846985245
Chitty toiled,0.9901000847965065,1,0.009569377990430623,0.0013501424969303594,0.0005822897846985245
Coke,0.9914783741758172,1,0.009569377990430623,0.0013501424969303633,0.0005822897846985245
Dr. Goldsmith,0.9901098603194821,1,0.009569377990430623,0.001350142496930366,0.0005822897846985245
Gustavus,0.9904518095772407,2,0.009569377990430623,0.0013501424969303633,0.0005822897846985245
Littleton,0.9902862979761173,1,0.009569377990430623,0.0013501424969303633,0.0005822897846985245
Notowious old wogue,0.9031100666559183,1,0.000683526999316473,0.00034518513927486624,0.00014203280137238872
Archbishop Bush,0.9728050418116654,1,0.0034176349965823654,0.0004712039111123358,0.0003867381480821737
Henry VIII,0.9748969712224865,1,0.0034176349965823654,0.00047120391111233636,0.0003867381480821737
"Sprott the Poet , of whose fame the college is justly proud — Doctor Blogg , the late master , and friend of Doctor Johnson , who visited him at Saint Boniface",0.9751100848759587,1,0.0034176349965823654,0.0004712039111123368,0.0003867381480821737
Lady Willowbank,0.9221497820478098,4,0.002734107997265892,0.0007743175590509468,0.00031983300887061393
Lord Clodworthy,0.9223035399833305,3,0.002734107997265892,0.0007743175590509469,0.00031983300887061393
Mademoiselle de Sainte Cunegonde,0.9204996790095562,1,0.002734107997265892,0.000774317559050948,0.00031983300887061393
Podasokus,0.9397157546421748,2,0.002050580997949419,0.00020771316098642864,0.0003228457065536532
Lady Ferrybridge,0.9427480181531405,2,0.002734107997265892,0.0009761585870299171,0.00031190414141699384
Lord Ferrybridge,0.9409131565109216,2,0.002734107997265892,0.0009761585870299197,0.00031190414141699384
Miss MacToddy,0.9457056504764143,1,0.002734107997265892,0.0009761585870299186,0.00031190414141699384
Inigo Jones,0.8126165074636765,1,0.000683526999316473,0.00015863508297598805,0.0001571724511005402
Shepherd,0.8830599074864511,1,0.000683526999316473,0.00021173684054290556,0.0001560949690459686
The Stranger,0.835683243455338,1,0.000683526999316473,0.0004074489078536896,0.00013756790373918633
Phyllis,0.7644673233813712,1,0.000683526999316473,0.0002846293716155922,0.00015283234392344698
Actaeon,0.8463958574566258,1,0.000683526999316473,0.00017158041751640438,0.00016786960525258477
